submission_id,problem_id,user_id,date,language,original_language,filename_ext,status,cpu_time,memory,code_size,accuracy
s527322487,p02572,u931489673,1600745984,Python,Python (3.8.2),py,Accepted,116.0,31708.0,283,
s162989911,p02572,u008016261,1600739918,Python,Python (3.8.2),py,Accepted,92.0,31608.0,214,
s008559736,p02572,u632909482,1600739037,C++,C++ (GCC 9.2.1),cpp,Accepted,72.0,5100.0,477,
s455575804,p02572,u765789766,1600734817,C++,C++ (GCC 9.2.1),cpp,Accepted,75.0,4388.0,560,
s169775524,p02572,u013945195,1600729660,C++,C++ (GCC 9.2.1),cpp,Accepted,34.0,5332.0,1061,
s839267749,p02572,u970315942,1600726392,C++,C++ (GCC 9.2.1),cpp,Accepted,78.0,3572.0,310,
s323258246,p02572,u268467094,1600725902,C++,C++ (GCC 9.2.1),cpp,Accepted,72.0,5524.0,449,
s986822138,p02572,u405733072,1600725723,Python,Python (3.8.2),py,Accepted,122.0,31524.0,214,
s746733918,p02572,u653388379,1600724006,C++,C++ (GCC 9.2.1),cpp,Accepted,74.0,6928.0,516,
s367889187,p02572,u808982179,1600722570,C++,C++ (GCC 9.2.1),cpp,Accepted,34.0,2484.0,541,
s767958164,p02572,u829999015,1600721679,Python,Python (3.8.2),py,Accepted,125.0,31380.0,176,
s623402548,p02572,u680609928,1600719884,C++,C++ (Clang 10.0.0),cpp,Accepted,157.0,4696.0,357,
s116706531,p02572,u072717685,1600718858,Python,PyPy3 (7.3.0),py,Accepted,157.0,126284.0,406,
s699138839,p02572,u628570833,1600718059,C++,C++ (GCC 9.2.1),cpp,Accepted,32.0,5168.0,508,
s681234049,p02572,u011062360,1600716755,Python,Python (3.8.2),py,Accepted,158.0,31716.0,201,
s278151021,p02572,u447837274,1600715149,Python,Python (3.8.2),py,Accepted,136.0,31388.0,195,
s301645319,p02572,u447837274,1600714759,Python,Python (3.8.2),py,Accepted,125.0,31552.0,214,
s920998144,p02572,u591824072,1600713688,C++,C++ (GCC 9.2.1),cpp,Accepted,73.0,6708.0,940,
s817468700,p02572,u189326411,1600712177,Python,Python (3.8.2),py,Accepted,153.0,31360.0,168,
s188531301,p02572,u872564235,1600711250,C++,C++ (GCC 9.2.1),cpp,Accepted,68.0,3960.0,459,
s774061391,p02572,u754727115,1600706225,Python,Python (3.8.2),py,Accepted,200.0,31488.0,202,
s352012888,p02572,u816631826,1600701180,C++,C++ (GCC 9.2.1),cpp,Accepted,33.0,6740.0,518,
s245848747,p02572,u687214625,1600701091,C++,C++ (GCC 9.2.1),cpp,Accepted,34.0,3976.0,2142,
s842736920,p02572,u916248496,1600696645,C++,C++ (GCC 9.2.1),cpp,Accepted,36.0,6784.0,1167,
s707538846,p02572,u391390380,1600696488,Python,Python (3.8.2),py,Accepted,124.0,31420.0,174,
s735700379,p02572,u188687538,1600695609,C++,C++ (GCC 9.2.1),cpp,Accepted,77.0,8012.0,1267,
s198509935,p02572,u150664457,1600694683,Python,PyPy3 (7.3.0),py,Accepted,110.0,106760.0,267,
s102273754,p02572,u798086274,1600688172,C++,C++ (GCC 9.2.1),cpp,Accepted,71.0,4056.0,389,
s282269277,p02572,u952130512,1600687992,C++,C++ (GCC 9.2.1),cpp,Accepted,41.0,4844.0,10048,
s862731354,p02572,u134412007,1600687956,C++,C++ (GCC 9.2.1),cpp,Accepted,37.0,3648.0,290,
s347273501,p02572,u921156673,1600687113,Python,PyPy3 (7.3.0),py,Accepted,121.0,94056.0,187,
s688569808,p02572,u345207975,1600686966,C++,C++ (GCC 9.2.1),cpp,Accepted,35.0,6364.0,850,
s333143463,p02572,u700484101,1600686071,C++,C++ (GCC 9.2.1),cpp,Accepted,32.0,3988.0,3190,
s107709337,p02572,u740157634,1600676300,Python,Python (3.8.2),py,Accepted,150.0,30996.0,273,
s401315517,p02572,u630511239,1600669126,Python,Python (3.8.2),py,Accepted,173.0,31528.0,195,
s667212659,p02572,u542249197,1600662983,C++,C++ (GCC 9.2.1),cpp,Accepted,34.0,6376.0,3333,
s999326588,p02572,u542249197,1600661448,C++,C++ (GCC 9.2.1),cpp,Accepted,35.0,6368.0,1628,
s206240786,p02572,u282376189,1600655174,Python,Python (3.8.2),py,Accepted,130.0,31524.0,165,
s458941205,p02572,u591911823,1600652462,C++,C++ (GCC 9.2.1),cpp,Accepted,77.0,6388.0,581,
s521501805,p02572,u981065082,1600646088,C++,C++ (GCC 9.2.1),cpp,Accepted,35.0,6768.0,855,
s806255181,p02572,u851529170,1600646047,C++,C++ (GCC 9.2.1),cpp,Accepted,51.0,6328.0,1777,
s350221317,p02572,u679071799,1600643872,C++,C++ (GCC 9.2.1),cpp,Accepted,75.0,6344.0,1714,
s686855036,p02572,u373908456,1600643754,Python,Python (3.8.2),py,Accepted,145.0,32532.0,2206,
s828016124,p02572,u947115160,1600641132,C++,C++ (GCC 9.2.1),cpp,Accepted,74.0,5988.0,664,
s483603765,p02572,u658223739,1600640129,C++,C++ (GCC 9.2.1),cpp,Accepted,81.0,7976.0,669,
s199615721,p02572,u840560679,1600634711,C++,C++ (GCC 9.2.1),cpp,Accepted,77.0,4824.0,462,
s898217157,p02572,u168484453,1600634667,Python,PyPy3 (7.3.0),py,Accepted,122.0,105312.0,175,
s133382485,p02572,u548272916,1600633892,Python,Python (3.8.2),py,Accepted,131.0,31564.0,197,
s393365330,p02572,u054825571,1600633208,C++,C++ (GCC 9.2.1),cpp,Accepted,70.0,4820.0,391,
s954840661,p02572,u921568052,1600630893,C++,C++ (GCC 9.2.1),cpp,Accepted,38.0,6292.0,1471,
s543961986,p02572,u486209657,1600623740,Python,Python (3.8.2),py,Accepted,153.0,31380.0,191,
s419997308,p02572,u274833929,1600621184,C++,C++ (GCC 9.2.1),cpp,Accepted,34.0,5552.0,17424,
s077209879,p02572,u696886537,1600621175,Python,Python (3.8.2),py,Accepted,129.0,31388.0,198,
s960658893,p02572,u734876600,1600620878,Python,Python (3.8.2),py,Accepted,415.0,49760.0,291,
s886086674,p02572,u264867962,1600620615,Python,Python (3.8.2),py,Accepted,122.0,31416.0,193,
s508612495,p02572,u402492580,1600620116,Python,Python (3.8.2),py,Accepted,151.0,31436.0,161,
s572555432,p02572,u991456366,1600611352,C++,C++ (GCC 9.2.1),cpp,Accepted,31.0,5912.0,570,
s011791188,p02572,u865995836,1600610682,C++,C++ (GCC 9.2.1),cpp,Accepted,31.0,3544.0,2467,
s456322457,p02572,u989611568,1600610483,C++,C++ (GCC 9.2.1),cpp,Accepted,34.0,6704.0,533,
s575021341,p02572,u624613992,1600610440,Python,Python (3.8.2),py,Accepted,142.0,31424.0,164,
s686082727,p02572,u211503916,1600609317,C++,C++ (GCC 9.2.1),cpp,Accepted,73.0,4044.0,365,
s210513203,p02572,u447096097,1600609136,C++,C++ (GCC 9.2.1),cpp,Accepted,73.0,3988.0,557,
s049094138,p02572,u292746386,1600607396,Python,Python (3.8.2),py,Accepted,216.0,31500.0,269,
s625707608,p02572,u945554850,1600604811,C++,C++ (GCC 9.2.1),cpp,Accepted,68.0,4056.0,2112,
s635178645,p02572,u355482510,1600601950,C++,C++ (GCC 9.2.1),cpp,Accepted,71.0,5176.0,439,
s899021264,p02572,u379288456,1600601340,C++,C++ (GCC 9.2.1),cpp,Accepted,41.0,5364.0,480,
s416316017,p02572,u798093965,1600597377,Python,Python (3.8.2),py,Accepted,171.0,31004.0,272,
s510614265,p02572,u223134343,1600596719,C++,C++ (GCC 9.2.1),cpp,Accepted,32.0,6784.0,1839,
s106360110,p02572,u037098269,1600592730,Python,Python (3.8.2),py,Accepted,180.0,31652.0,210,
s057219219,p02572,u624613992,1600592588,Python,PyPy3 (7.3.0),py,Accepted,109.0,105060.0,177,
s757369741,p02572,u365156087,1600589896,Python,Python (3.8.2),py,Accepted,149.0,31624.0,160,
s516186302,p02572,u608329742,1600589786,C++,C++ (GCC 9.2.1),cpp,Accepted,70.0,5152.0,945,
s152966525,p02572,u732854336,1600587838,C++,C++ (GCC 9.2.1),cpp,Accepted,71.0,5636.0,459,
s838693031,p02572,u865383026,1600562975,Python,Python (3.8.2),py,Accepted,138.0,31568.0,152,
s146024294,p02572,u910358825,1600561659,Python,Python (3.8.2),py,Accepted,328.0,49820.0,200,
s054018566,p02572,u452154326,1600560707,C++,C++ (GCC 9.2.1),cpp,Accepted,78.0,6736.0,1555,
s334918602,p02572,u452154326,1600560574,C++,C++ (GCC 9.2.1),cpp,Accepted,72.0,6664.0,1555,
s641571359,p02572,u452154326,1600560478,C++,C++ (GCC 9.2.1),cpp,Accepted,71.0,6744.0,1489,
s335660995,p02572,u139117243,1600560192,C++,C++ (GCC 9.2.1),cpp,Accepted,36.0,6760.0,788,
s196569383,p02572,u023463844,1600558477,C++,C++ (GCC 9.2.1),cpp,Accepted,76.0,5944.0,401,
s693695252,p02572,u068229125,1600550141,C++,C++ (GCC 9.2.1),cpp,Accepted,81.0,5480.0,516,
s906236642,p02572,u197112543,1600548351,C++,C++ (GCC 9.2.1),cpp,Accepted,41.0,6724.0,684,
s562023416,p02572,u647094680,1600543657,C++,C++ (Clang 10.0.0),cpp,Accepted,42.0,4000.0,1035,
s640341281,p02572,u706730549,1600541658,C++,C++ (GCC 9.2.1),cpp,Accepted,34.0,5252.0,732,
s426504253,p02572,u664907598,1600538283,Python,Python (3.8.2),py,Accepted,157.0,31312.0,190,
s713375938,p02572,u171803978,1600536873,C++,C++ (GCC 9.2.1),cpp,Accepted,72.0,5180.0,422,
s087659415,p02572,u038450469,1600534708,Python,Python (3.8.2),py,Accepted,129.0,31672.0,175,
s846649307,p02572,u512428617,1600534360,C++,C++ (GCC 9.2.1),cpp,Accepted,70.0,3620.0,593,
s217936185,p02572,u339430228,1600534053,C++,C++ (GCC 9.2.1),cpp,Accepted,37.0,6300.0,1335,
s192124691,p02572,u636582303,1600533598,Python,Python (3.8.2),py,Accepted,140.0,31544.0,191,
s641037905,p02572,u625729943,1600532773,Python,PyPy3 (7.3.0),py,Accepted,135.0,105980.0,557,
s562776669,p02572,u639539125,1600529342,C++,C++ (GCC 9.2.1),cpp,Accepted,76.0,4796.0,429,
s666532322,p02572,u167647458,1600527755,Python,Python (3.8.2),py,Accepted,117.0,31600.0,297,
s881101324,p02572,u167647458,1600526926,Python,Python (3.8.2),py,Accepted,101.0,31408.0,270,
s123283416,p02572,u537550206,1600526838,Python,Python (3.8.2),py,Accepted,193.0,31592.0,366,
s798455529,p02572,u669551866,1600526782,C++,C++ (GCC 9.2.1),cpp,Accepted,31.0,4752.0,5865,
s963954098,p02572,u751549333,1600526716,Python,Python (3.8.2),py,Accepted,133.0,31496.0,213,
s655346326,p02572,u951552552,1600526657,C++,C++ (GCC 9.2.1),cpp,Accepted,86.0,20416.0,3865,
s472600429,p02572,u557197388,1600526032,C++,C++ (GCC 9.2.1),cpp,Accepted,44.0,6744.0,614,
s176634742,p02572,u836939578,1600523306,Python,PyPy3 (7.3.0),py,Accepted,135.0,94080.0,162,
s674440150,p02572,u836939578,1600523257,Python,PyPy3 (7.3.0),py,Accepted,117.0,105192.0,156,
s694892068,p02572,u836939578,1600522914,Python,PyPy3 (7.3.0),py,Accepted,113.0,105140.0,176,
s421642584,p02572,u515128734,1600522096,Python,Python (3.8.2),py,Accepted,159.0,31572.0,198,
s845815425,p02572,u833882415,1600521741,C++,C++ (GCC 9.2.1),cpp,Accepted,83.0,3992.0,527,
s626171161,p02572,u775681539,1600517872,Python,Python (3.8.2),py,Accepted,148.0,29540.0,436,
s611194712,p02572,u779455925,1600509837,Python,PyPy3 (7.3.0),py,Accepted,117.0,105548.0,180,
s800856487,p02572,u548525760,1600509552,Python,Python (3.8.2),py,Accepted,150.0,31440.0,194,
s964190273,p02572,u568685305,1600508324,Python,PyPy3 (7.3.0),py,Accepted,123.0,109720.0,232,
s443979931,p02572,u728566015,1600505213,Python,Python (3.8.2),py,Accepted,207.0,31524.0,274,
s117215961,p02572,u617998273,1600504622,C++,C++ (GCC 9.2.1),cpp,Accepted,37.0,6676.0,594,
s539420263,p02572,u229189859,1600484500,C++,C++ (GCC 9.2.1),cpp,Accepted,35.0,4760.0,1457,
s309772171,p02572,u995458909,1600477618,C++,C++ (GCC 9.2.1),cpp,Accepted,70.0,4060.0,388,
s076433640,p02572,u135642682,1600475300,Python,Python (3.8.2),py,Accepted,131.0,31580.0,204,
s470585628,p02572,u691896522,1600472701,Python,Python (3.8.2),py,Accepted,160.0,31616.0,216,
s769856718,p02572,u979731592,1600470858,C++,C++ (GCC 9.2.1),cpp,Accepted,74.0,4044.0,1002,
s717974827,p02572,u874312959,1600470311,C++,C++ (GCC 9.2.1),cpp,Accepted,38.0,6372.0,5334,
s779742985,p02572,u746653762,1600470084,C++,C++ (Clang 10.0.0),cpp,Accepted,45.0,6336.0,385,
s417419928,p02572,u562767072,1600468774,Python,Python (3.8.2),py,Accepted,678.0,63748.0,2114,
s498699146,p02572,u423002653,1600465232,C++,C++ (GCC 9.2.1),cpp,Accepted,33.0,5240.0,1032,
s480536191,p02572,u089230684,1600462850,C++,C++ (GCC 9.2.1),cpp,Accepted,69.0,5108.0,645,
s539753030,p02572,u074343545,1600461001,C++,C++ (GCC 9.2.1),cpp,Accepted,32.0,4752.0,637,
s279266150,p02572,u284539389,1600457134,C++,C++ (GCC 9.2.1),cpp,Accepted,42.0,6948.0,1297,
s151847328,p02572,u941645670,1600456982,Python,Python (3.8.2),py,Accepted,228.0,50064.0,222,
s341876104,p02572,u868392556,1600456362,C++,C++ (GCC 9.2.1),cpp,Accepted,72.0,5164.0,637,
s385720651,p02572,u490553751,1600454376,Python,PyPy3 (7.3.0),py,Accepted,121.0,105224.0,224,
s726767325,p02572,u774438048,1600453193,C++,C++ (GCC 9.2.1),cpp,Accepted,76.0,4844.0,3285,
s732407037,p02572,u840061711,1600448924,C++,C++ (GCC 9.2.1),cpp,Accepted,72.0,5128.0,440,
s308646917,p02572,u840061711,1600448803,C++,C++ (GCC 9.2.1),cpp,Accepted,75.0,5140.0,398,
s210013633,p02572,u046187684,1600446850,Python,Python (3.8.2),py,Accepted,122.0,32948.0,220,
s595087057,p02572,u046187684,1600446142,Python,Python (3.8.2),py,Accepted,119.0,33832.0,324,
s923958411,p02572,u144242534,1600444731,C++,C++ (GCC 9.2.1),cpp,Accepted,73.0,3980.0,413,
s274748680,p02572,u047572420,1600442628,C++,C++ (Clang 10.0.0),cpp,Accepted,155.0,3916.0,489,
s555169590,p02572,u960765739,1600440924,C++,C++ (GCC 9.2.1),cpp,Accepted,36.0,6736.0,510,
s368723492,p02572,u900548304,1600439619,Python,Python (3.8.2),py,Accepted,279.0,49668.0,294,
s606180693,p02572,u713542442,1600436687,C++,C++ (GCC 9.2.1),cpp,Accepted,74.0,4856.0,614,
s408019532,p02572,u061537492,1600436658,C++,C++ (GCC 9.2.1),cpp,Accepted,32.0,4360.0,557,
s233195608,p02572,u090091127,1600430401,C++,C++ (GCC 9.2.1),cpp,Accepted,73.0,5108.0,2302,
s804628586,p02572,u623099583,1600424929,C++,C++ (GCC 9.2.1),cpp,Accepted,86.0,20008.0,1963,
s506918628,p02572,u869538549,1600424547,C++,C++ (GCC 9.2.1),cpp,Accepted,70.0,6732.0,800,
s633181170,p02572,u869538549,1600424516,C++,C++ (GCC 9.2.1),cpp,Accepted,72.0,6708.0,730,
s572658134,p02572,u050809439,1600415666,Python,Python (3.8.2),py,Accepted,186.0,31384.0,295,
s284327254,p02572,u729972685,1600408719,Python,PyPy3 (7.3.0),py,Accepted,131.0,108728.0,257,
s881316118,p02572,u918529265,1600405212,C++,C++ (GCC 9.2.1),cpp,Accepted,75.0,4756.0,524,
s752378176,p02572,u918529265,1600402891,C++,C++ (GCC 9.2.1),cpp,Accepted,71.0,4780.0,478,
s580968274,p02572,u934068520,1600401659,Python,Python (3.8.2),py,Accepted,129.0,31404.0,177,
s996779550,p02572,u642591800,1600394450,Python,Python (3.8.2),py,Accepted,141.0,31512.0,157,
s682546592,p02572,u270160278,1600390801,C++,C++ (GCC 9.2.1),cpp,Accepted,77.0,6700.0,639,
s219867680,p02572,u141684774,1600387700,C++,C++ (GCC 9.2.1),cpp,Accepted,36.0,5576.0,1185,
s574976896,p02572,u337018543,1600384008,C++,C++ (GCC 9.2.1),cpp,Accepted,76.0,6744.0,584,
s504440098,p02572,u225702362,1600381878,Python,Python (3.8.2),py,Accepted,137.0,31688.0,178,
s426934205,p02572,u344734893,1600380322,C++,C++ (Clang 10.0.0),cpp,Accepted,160.0,5936.0,985,
s266872206,p02572,u094155508,1600380084,C++,C++ (Clang 10.0.0),cpp,Accepted,158.0,6036.0,477,
s395328525,p02572,u117345342,1600378550,C++,C++ (GCC 9.2.1),cpp,Accepted,74.0,3972.0,808,
s994838739,p02572,u641326074,1600378322,C++,C++ (Clang 10.0.0),cpp,Accepted,157.0,6280.0,1181,
s601805968,p02572,u817523595,1600377416,C++,C++ (GCC 9.2.1),cpp,Accepted,72.0,4760.0,597,
s731446813,p02572,u817523595,1600377116,C++,C++ (GCC 9.2.1),cpp,Accepted,73.0,6356.0,617,
s999542040,p02572,u849559474,1600375978,Python,Python (3.8.2),py,Accepted,249.0,49812.0,195,
s306821922,p02572,u211986891,1600375313,C++,C++ (GCC 9.2.1),cpp,Accepted,35.0,3920.0,1336,
s393036562,p02572,u092946067,1600374258,C++,C++ (GCC 9.2.1),cpp,Accepted,38.0,6344.0,1009,
s401840624,p02572,u775278230,1600372909,Python,Python (3.8.2),py,Accepted,142.0,31400.0,174,
s868714839,p02572,u966647557,1600372340,C++,C++ (Clang 10.0.0),cpp,Accepted,155.0,3648.0,522,
s083345912,p02572,u914954351,1600369297,C++,C++ (GCC 9.2.1),cpp,Accepted,41.0,5172.0,504,
s812629852,p02572,u919740271,1600367233,C++,C++ (GCC 9.2.1),cpp,Accepted,73.0,4060.0,524,
s368253636,p02572,u052247353,1600366690,C++,C++ (GCC 9.2.1),cpp,Accepted,76.0,3632.0,614,
s104827791,p02572,u007332755,1600365731,C++,C++ (GCC 9.2.1),cpp,Accepted,70.0,5192.0,359,
s989569674,p02572,u400296473,1600365555,C++,C++ (GCC 9.2.1),cpp,Accepted,36.0,5308.0,485,
s533754913,p02572,u248547447,1600363160,C++,C++ (GCC 9.2.1),cpp,Accepted,39.0,6756.0,1130,
s227903889,p02572,u188228787,1600362278,C++,C++ (GCC 9.2.1),cpp,Accepted,37.0,6436.0,475,
s446120275,p02572,u775097519,1600360914,Python,Python (3.8.2),py,Accepted,112.0,31564.0,195,
s816022231,p02572,u400296473,1600359406,C++,C++ (GCC 9.2.1),cpp,Accepted,38.0,5308.0,581,
s718386890,p02572,u678480555,1600357269,C++,C++ (GCC 9.2.1),cpp,Accepted,86.0,6404.0,674,
s522860956,p02572,u590427200,1600356229,C++,C++ (GCC 9.2.1),cpp,Accepted,69.0,3592.0,284,
s986754965,p02572,u010767665,1600353233,C++,C++ (GCC 9.2.1),cpp,Accepted,75.0,4808.0,7126,
s663107649,p02572,u915369024,1600352113,C++,C++ (GCC 9.2.1),cpp,Accepted,73.0,4812.0,458,
s745901553,p02572,u888092736,1600351751,Python,Python (3.8.2),py,Accepted,165.0,31724.0,231,
s618672670,p02572,u622403676,1600348670,C++,C++ (GCC 9.2.1),cpp,Accepted,35.0,6740.0,725,
s014138975,p02572,u622403676,1600348616,C++,C++ (GCC 9.2.1),cpp,Accepted,36.0,6712.0,725,
s707852672,p02572,u622403676,1600348609,C++,C++ (GCC 9.2.1),cpp,Accepted,36.0,6788.0,725,
s040281797,p02572,u705226507,1600346903,C++,C++ (GCC 9.2.1),cpp,Accepted,39.0,6708.0,1286,
s915218660,p02572,u255673886,1600345837,Python,PyPy3 (7.3.0),py,Accepted,159.0,102780.0,2601,
s866582572,p02572,u050087249,1600344465,C++,C++ (GCC 9.2.1),cpp,Accepted,72.0,6380.0,956,
s301468904,p02572,u497418592,1600340238,C++,C++ (GCC 9.2.1),cpp,Accepted,74.0,4840.0,492,
s110673427,p02572,u280966279,1600340051,C++,C++ (GCC 9.2.1),cpp,Accepted,72.0,4032.0,363,
s383205715,p02572,u860546679,1600336902,C++,C++ (GCC 9.2.1),cpp,Accepted,71.0,6672.0,781,
s728699439,p02572,u848097937,1600336337,Python,Python (3.8.2),py,Accepted,160.0,25056.0,179,
s136390594,p02572,u637387397,1600335510,Python,Python (3.8.2),py,Accepted,161.0,25176.0,178,
s657861133,p02572,u682820318,1600328036,C++,C++ (GCC 9.2.1),cpp,Accepted,78.0,5616.0,1308,
s269898072,p02572,u906178736,1600326359,C++,C++ (GCC 9.2.1),cpp,Accepted,37.0,5544.0,699,
s597379340,p02572,u590091673,1600325792,Python,Python (3.8.2),py,Accepted,210.0,31608.0,212,
s051371223,p02572,u415325136,1600323387,C++,C++ (GCC 9.2.1),cpp,Accepted,36.0,4776.0,2231,
s557571166,p02572,u184929210,1600322505,C++,C++ (GCC 9.2.1),cpp,Accepted,77.0,4732.0,570,
s231576253,p02572,u596311864,1600322125,C++,C++ (GCC 9.2.1),cpp,Accepted,80.0,6352.0,728,
s619164828,p02572,u186838327,1600322083,Python,PyPy3 (7.3.0),py,Accepted,113.0,105116.0,158,
s405754687,p02572,u067168072,1600322049,C++,C++ (GCC 9.2.1),cpp,Accepted,72.0,5612.0,506,
s266613934,p02572,u670567845,1600322023,Python,Python (3.8.2),py,Accepted,136.0,31508.0,156,
s726810481,p02572,u067168072,1600322013,C++,C++ (GCC 9.2.1),cpp,Accepted,71.0,5576.0,519,
s825042889,p02572,u644907318,1600321959,Python,Python (3.8.2),py,Accepted,161.0,31596.0,384,
s905735111,p02572,u080364835,1600321858,Python,Python (3.8.2),py,Accepted,127.0,31432.0,135,
s960286223,p02572,u241159583,1600321584,Python,Python (3.8.2),py,Accepted,144.0,31428.0,166,
s119083883,p02572,u843175622,1600321572,Python,Python (3.8.2),py,Accepted,481.0,110580.0,431,
s989728977,p02572,u187772564,1600321544,C++,C++ (GCC 9.2.1),cpp,Accepted,75.0,6400.0,382,
s059128944,p02572,u392319141,1600321435,Python,Python (3.8.2),py,Accepted,125.0,31388.0,148,
s874162092,p02572,u137747137,1600321295,C++,C++ (GCC 9.2.1),cpp,Accepted,38.0,4596.0,1105,
s273591242,p02572,u588093355,1600321291,C++,C++ (GCC 9.2.1),cpp,Accepted,37.0,3596.0,5468,
s210220800,p02572,u064505481,1600313781,C++,C++ (GCC 9.2.1),cpp,Accepted,35.0,6064.0,1810,
s037838114,p02572,u050133055,1600313204,Python,Python (3.8.2),py,Accepted,112.0,31604.0,227,
s429999620,p02572,u215350609,1600309915,C++,C++ (GCC 9.2.1),cpp,Accepted,71.0,3476.0,1195,
s851832831,p02572,u099424938,1600297507,C++,C++ (GCC 9.2.1),cpp,Accepted,38.0,6716.0,797,
s214873725,p02572,u851275071,1600297498,C++,C++ (GCC 9.2.1),cpp,Accepted,38.0,5928.0,397,
s663471512,p02572,u623429365,1600295029,C++,C++ (GCC 9.2.1),cpp,Accepted,78.0,5100.0,378,
s875203395,p02572,u423718751,1600294544,C++,C++ (GCC 9.2.1),cpp,Accepted,71.0,5216.0,562,
s550900964,p02572,u978969246,1600292249,C++,C++ (GCC 9.2.1),cpp,Accepted,33.0,4768.0,588,
s535159368,p02572,u154217422,1600290603,C++,C++ (Clang 10.0.0),cpp,Accepted,157.0,4364.0,626,
s753609907,p02572,u329177718,1600287360,C++,C++ (GCC 9.2.1),cpp,Accepted,36.0,6336.0,2128,
s343393042,p02572,u772053861,1600287178,C++,C++ (GCC 9.2.1),cpp,Accepted,41.0,6788.0,394,
s385052628,p02572,u188687538,1600286834,C++,C++ (GCC 9.2.1),cpp,Accepted,75.0,6392.0,842,
s374285891,p02572,u648482468,1600286355,Python,Python (3.8.2),py,Accepted,110.0,31512.0,187,
s270476326,p02572,u729790965,1600286301,Python,Python (3.8.2),py,Accepted,135.0,24900.0,166,
s306286571,p02572,u712918628,1600285103,C++,C++ (GCC 9.2.1),cpp,Accepted,75.0,4064.0,420,
s579687991,p02572,u184031739,1600285020,Python,Python (3.8.2),py,Accepted,163.0,31612.0,206,
s079719779,p02572,u972591645,1600282871,Python,Python (3.8.2),py,Accepted,142.0,31436.0,163,
s132058164,p02572,u762867902,1600282717,C++,C++ (GCC 9.2.1),cpp,Accepted,96.0,5104.0,562,
s470192305,p02572,u712082626,1600282015,Python,PyPy3 (7.3.0),py,Accepted,117.0,105324.0,164,
s717911437,p02572,u762867902,1600279917,C++,C++ (GCC 9.2.1),cpp,Accepted,111.0,5156.0,580,
s812633066,p02572,u707315894,1600279686,C++,C++ (GCC 9.2.1),cpp,Accepted,75.0,6340.0,736,
s253334894,p02572,u037563046,1600278681,C++,C++ (GCC 9.2.1),cpp,Accepted,73.0,6408.0,10479,
s425373885,p02572,u849103915,1600276737,C++,C++ (GCC 9.2.1),cpp,Accepted,33.0,3620.0,1170,
s389535540,p02572,u098223184,1600276459,Python,Python (3.8.2),py,Accepted,183.0,31352.0,215,
s318013322,p02572,u909514237,1600270429,Python,Python (3.8.2),py,Accepted,151.0,31432.0,174,
s059911106,p02572,u597455618,1600268981,Python,Python (3.8.2),py,Accepted,136.0,29120.0,252,
s679227055,p02572,u597455618,1600268942,Python,Python (3.8.2),py,Accepted,149.0,29124.0,258,
s703637569,p02572,u131264627,1600268905,Python,Python (3.8.2),py,Accepted,191.0,31528.0,287,
s137723418,p02572,u809713791,1600265546,C++,C++ (GCC 9.2.1),cpp,Accepted,42.0,6316.0,660,
s223790912,p02572,u759137585,1600264067,C++,C++ (GCC 9.2.1),cpp,Accepted,76.0,6724.0,480,
s886146401,p02572,u534299888,1600263895,C++,C++ (GCC 9.2.1),cpp,Accepted,35.0,4724.0,1364,
s175725233,p02572,u746428948,1600259261,C++,C++ (GCC 9.2.1),cpp,Accepted,71.0,4824.0,556,
s038771586,p02572,u383368383,1600258512,Python,Python (3.8.2),py,Accepted,150.0,31620.0,167,
s076021158,p02572,u017810624,1600255893,Python,PyPy3 (7.3.0),py,Accepted,110.0,105340.0,160,
s425773363,p02572,u147886643,1600253028,C++,C++ (GCC 9.2.1),cpp,Accepted,34.0,4760.0,1645,
s637116695,p02572,u838583502,1600252997,C++,C++ (Clang 10.0.0),cpp,Accepted,154.0,3648.0,518,
s010416543,p02572,u430395207,1600251305,Python,Python (3.8.2),py,Accepted,128.0,31604.0,250,
s828600757,p02572,u093922858,1600249083,C++,C++ (GCC 9.2.1),cpp,Accepted,70.0,5072.0,552,
s331416110,p02572,u541784678,1600243460,C++,C++ (GCC 9.2.1),cpp,Accepted,35.0,5192.0,1119,
s100629457,p02572,u015767468,1600235450,Python,Python (3.8.2),py,Accepted,191.0,31676.0,226,
s054843231,p02572,u843896277,1600218681,C++,C++ (GCC 9.2.1),cpp,Accepted,74.0,4816.0,543,
s594313845,p02572,u164474813,1600216947,C++,C++ (GCC 9.2.1),cpp,Accepted,70.0,3512.0,534,
s505135296,p02572,u511396017,1600215630,C++,C++ (GCC 9.2.1),cpp,Accepted,70.0,6672.0,1311,
s963934077,p02572,u353919145,1600211972,C++,C++ (GCC 9.2.1),cpp,Accepted,72.0,5208.0,867,
s929320753,p02572,u018679195,1600210285,C++,C++ (GCC 9.2.1),cpp,Accepted,34.0,4432.0,715,
s537599772,p02572,u366996583,1600208521,Python,Python (3.8.2),py,Accepted,157.0,31368.0,350,
s844892437,p02572,u630211216,1600208190,Python,Python (3.8.2),py,Accepted,112.0,31580.0,178,
s561945291,p02572,u021026869,1600207554,C++,C++ (GCC 9.2.1),cpp,Accepted,34.0,4744.0,683,
s217900093,p02572,u703460662,1600206644,C++,C++ (GCC 9.2.1),cpp,Accepted,71.0,5960.0,1617,
s256291782,p02572,u365491796,1600206533,Python,Python (3.8.2),py,Accepted,95.0,31692.0,191,
s178064571,p02572,u744038520,1600205391,C++,C++ (GCC 9.2.1),cpp,Accepted,72.0,5920.0,383,
s831340484,p02572,u194542339,1600205309,Python,PyPy3 (7.3.0),py,Accepted,125.0,105284.0,191,
s414560990,p02572,u549758406,1600205167,C++,C++ (GCC 9.2.1),cpp,Accepted,75.0,4028.0,698,
s584299079,p02572,u473433753,1600204294,Python,Python (3.8.2),py,Accepted,136.0,31372.0,141,
s004878243,p02572,u200887663,1600204170,Python,Python (3.8.2),py,Accepted,151.0,31544.0,258,
s472726123,p02572,u338931519,1600203704,C++,C++ (GCC 9.2.1),cpp,Accepted,36.0,5552.0,632,
s507976931,p02572,u051393148,1600203576,C++,C++ (GCC 9.2.1),cpp,Accepted,71.0,6736.0,703,
s092632346,p02572,u566159623,1600202534,Python,PyPy3 (7.3.0),py,Accepted,115.0,105556.0,144,
s860447556,p02572,u085521746,1600201693,C++,C++ (GCC 9.2.1),cpp,Accepted,77.0,4756.0,1355,
s388025151,p02572,u170750497,1600200781,C++,C++ (GCC 9.2.1),cpp,Accepted,78.0,6356.0,768,
s485613328,p02572,u042483626,1600200269,C++,C++ (GCC 9.2.1),cpp,Accepted,74.0,5148.0,1125,
s982234587,p02572,u185463307,1600197477,C++,C++ (GCC 9.2.1),cpp,Accepted,81.0,5172.0,757,
s312027719,p02572,u510582860,1600196496,Python,Python (3.8.2),py,Accepted,175.0,31508.0,154,
s130523088,p02572,u042802884,1600196286,C++,C++ (GCC 9.2.1),cpp,Accepted,79.0,4804.0,4459,
s929368732,p02572,u760802228,1600195290,Python,PyPy3 (7.3.0),py,Accepted,114.0,105264.0,175,
s272203375,p02572,u539105514,1600194940,C++,C++ (GCC 9.2.1),cpp,Accepted,72.0,6644.0,2487,
s490268340,p02572,u105959367,1600194839,C++,C++ (Clang 10.0.0),cpp,Accepted,154.0,3960.0,612,
s271638153,p02572,u420202803,1600190073,C++,C++ (GCC 9.2.1),cpp,Accepted,34.0,6644.0,600,
s845157421,p02572,u901311012,1600187137,C++,C++ (GCC 9.2.1),cpp,Accepted,30.0,6620.0,1411,
s497507103,p02572,u997146378,1600185046,C++,C++ (GCC 9.2.1),cpp,Accepted,35.0,6376.0,831,
s591413226,p02572,u470356849,1600182733,C++,C++ (GCC 9.2.1),cpp,Accepted,75.0,5140.0,437,
s238789069,p02572,u108398205,1600181500,C++,C++ (GCC 9.2.1),cpp,Accepted,35.0,6744.0,1509,
s377876056,p02572,u385192139,1600180695,C++,C++ (GCC 9.2.1),cpp,Accepted,74.0,6732.0,470,
s898832955,p02572,u244154070,1600180601,C++,C++ (GCC 9.2.1),cpp,Accepted,78.0,4828.0,490,
s749595715,p02572,u961358555,1600180541,C++,C++ (GCC 9.2.1),cpp,Accepted,74.0,4784.0,462,
s376870227,p02572,u458895860,1600177879,C++,C++ (GCC 9.2.1),cpp,Accepted,37.0,5208.0,903,
s786351452,p02572,u301970682,1600177540,C++,C++ (GCC 9.2.1),cpp,Accepted,41.0,6756.0,1203,
s009861706,p02572,u956318161,1600177472,Python,Python (3.8.2),py,Accepted,129.0,31684.0,143,
s511668138,p02572,u785578220,1600176701,Python,Python (3.8.2),py,Accepted,135.0,31392.0,154,
s053917082,p02572,u008778526,1600176286,C++,C++ (GCC 9.2.1),cpp,Accepted,33.0,4764.0,447,
s551645216,p02572,u432792839,1600172571,C++,C++ (GCC 9.2.1),cpp,Accepted,35.0,4772.0,462,
s637552088,p02572,u092387689,1600170518,Python,Python (3.8.2),py,Accepted,203.0,31764.0,321,
s385611964,p02572,u637289184,1600168404,Python,PyPy3 (7.3.0),py,Accepted,124.0,94096.0,133,
s589788936,p02572,u046952850,1600164895,C++,C++ (GCC 9.2.1),cpp,Accepted,72.0,5188.0,619,
s130974554,p02572,u448984056,1600163631,C++,C++ (GCC 9.2.1),cpp,Accepted,76.0,5116.0,363,
s050663389,p02572,u813387707,1600163387,Python,Python (3.8.2),py,Accepted,150.0,31524.0,200,
s392251731,p02572,u891161931,1600158393,Python,Python (3.8.2),py,Accepted,168.0,31512.0,259,
s706849304,p02572,u867529352,1600148684,C++,C++ (GCC 9.2.1),cpp,Accepted,36.0,5172.0,4544,
s504557559,p02572,u788068140,1600146445,Python,Python (3.8.2),py,Accepted,117.0,31368.0,292,
s564493405,p02572,u372477743,1600135028,C++,C++ (GCC 9.2.1),cpp,Accepted,76.0,3952.0,607,
s174216375,p02572,u838784169,1600128474,C++,C++ (GCC 9.2.1),cpp,Accepted,87.0,28344.0,2161,
s417418103,p02572,u691045386,1600127911,C++,C++ (GCC 9.2.1),cpp,Accepted,37.0,5216.0,424,
s140411989,p02572,u078816252,1600124837,Python,Python (3.8.2),py,Accepted,445.0,49568.0,297,
s982553651,p02572,u271811784,1600124367,Python,Python (3.8.2),py,Accepted,122.0,31680.0,127,
s313012830,p02572,u541625301,1600122448,C++,C++ (GCC 9.2.1),cpp,Accepted,72.0,5932.0,488,
s982628971,p02572,u892615201,1600122034,C++,C++ (GCC 9.2.1),cpp,Accepted,73.0,4824.0,1115,
s565904014,p02572,u075775814,1600118785,C++,C++ (GCC 9.2.1),cpp,Accepted,72.0,4372.0,615,
s883104983,p02572,u179288227,1600118572,C++,C++ (GCC 9.2.1),cpp,Accepted,36.0,4772.0,1068,
s210583178,p02572,u089230684,1600118099,C++,C++ (GCC 9.2.1),cpp,Accepted,32.0,5172.0,466,
s263488323,p02572,u089230684,1600116422,C++,C++ (GCC 9.2.1),cpp,Accepted,35.0,5188.0,4097,
s190367861,p02572,u876875284,1600116261,C++,C++ (GCC 9.2.1),cpp,Accepted,72.0,3560.0,341,
s100004745,p02572,u863370423,1600116177,C++,C++ (GCC 9.2.1),cpp,Accepted,34.0,4408.0,386,
s863546936,p02572,u018679195,1600115880,C++,C++ (GCC 9.2.1),cpp,Accepted,34.0,4448.0,3574,
s305274025,p02572,u993229809,1600115470,C++,C++ (GCC 9.2.1),cpp,Accepted,75.0,5140.0,502,
s420665632,p02572,u353919145,1600115411,C++,C++ (GCC 9.2.1),cpp,Accepted,41.0,5244.0,349,
s699863589,p02572,u018679195,1600114658,C++,C++ (GCC 9.2.1),cpp,Accepted,42.0,6952.0,1924,
s870254938,p02572,u018679195,1600114572,C++,C++ (GCC 9.2.1),cpp,Accepted,72.0,5144.0,1898,
s048696831,p02572,u460763828,1600114382,Python,Python (3.8.2),py,Accepted,127.0,31404.0,318,
s937767049,p02572,u863370423,1600113898,C++,C++ (GCC 9.2.1),cpp,Accepted,34.0,6648.0,676,
s766619161,p02572,u109879985,1600113492,Python,PyPy3 (7.3.0),py,Accepted,112.0,94288.0,167,
s067065056,p02572,u089230684,1600111774,C++,C++ (GCC 9.2.1),cpp,Accepted,39.0,6784.0,552,
s705806517,p02572,u075775814,1600111759,C++,C++ (GCC 9.2.1),cpp,Accepted,71.0,4840.0,430,
s360882693,p02572,u353919145,1600111608,C++,C++ (GCC 9.2.1),cpp,Accepted,75.0,6648.0,1947,
s526683753,p02572,u669576878,1600111060,C++,C++ (GCC 9.2.1),cpp,Accepted,76.0,6360.0,547,
s112689032,p02572,u863370423,1600110359,C++,C++ (Clang 10.0.0),cpp,Accepted,15.0,4720.0,3142,
s929389466,p02572,u089230684,1600109561,C++,C++ (GCC 9.2.1),cpp,Accepted,77.0,4820.0,510,
s748723567,p02572,u194730134,1600109017,C++,C++ (GCC 9.2.1),cpp,Accepted,70.0,4052.0,543,
s766849447,p02572,u106398850,1600108369,C++,C++ (GCC 9.2.1),cpp,Accepted,69.0,3612.0,268,
s798585842,p02572,u087295942,1600106897,Python,Python (3.8.2),py,Accepted,149.0,31732.0,634,
s104160330,p02572,u375055372,1600105396,C++,C++ (GCC 9.2.1),cpp,Accepted,32.0,6356.0,457,
s504643432,p02572,u715049774,1600103390,C++,C++ (GCC 9.2.1),cpp,Accepted,78.0,5856.0,439,
s732392607,p02572,u129098373,1600102897,C++,C++ (GCC 9.2.1),cpp,Accepted,73.0,6420.0,564,
s574428716,p02572,u243535639,1600098743,Python,PyPy3 (7.3.0),py,Accepted,125.0,111188.0,429,
s686558241,p02572,u316401642,1600098644,Python,Python (3.8.2),py,Accepted,148.0,31404.0,196,
s685597899,p02572,u974402118,1600097360,Python,Python (3.8.2),py,Accepted,148.0,31748.0,179,
s927856944,p02572,u362444129,1600096869,C++,C++ (GCC 9.2.1),cpp,Accepted,76.0,6904.0,456,
s569859293,p02572,u605757515,1600096600,C++,C++ (GCC 9.2.1),cpp,Accepted,78.0,6892.0,546,
s605629606,p02572,u854931881,1600096251,Python,Python (3.8.2),py,Accepted,134.0,31544.0,144,
s930704761,p02572,u104057163,1600095981,C++,C++ (GCC 9.2.1),cpp,Accepted,33.0,3952.0,502,
s357055484,p02572,u102445737,1600095936,Python,PyPy3 (7.3.0),py,Accepted,130.0,104192.0,544,
s068821784,p02572,u444840008,1600094273,C++,C++ (GCC 9.2.1),cpp,Accepted,36.0,6716.0,6139,
s282924389,p02572,u717762991,1600093610,Python,PyPy3 (7.3.0),py,Accepted,116.0,105376.0,198,
s960007710,p02572,u658639678,1600088759,C++,C++ (GCC 9.2.1),cpp,Accepted,70.0,4772.0,505,
s451802484,p02572,u572969416,1600088162,C++,C++ (GCC 9.2.1),cpp,Accepted,75.0,5096.0,424,
s000163630,p02572,u528470578,1600087709,Python,Python (3.8.2),py,Accepted,185.0,31432.0,230,
s265978809,p02572,u336672774,1600087260,C++,C++ (GCC 9.2.1),cpp,Accepted,74.0,3640.0,436,
s590325097,p02572,u318661636,1600083865,C++,C++ (GCC 9.2.1),cpp,Accepted,72.0,6696.0,489,
s609875088,p02572,u389078199,1600082753,C++,C++ (GCC 9.2.1),cpp,Accepted,35.0,5216.0,944,
s065233257,p02572,u322171361,1600080095,Python,Python (3.8.2),py,Accepted,119.0,31596.0,112,
s236698241,p02572,u992375043,1600080080,C++,C++ (GCC 9.2.1),cpp,Accepted,35.0,3936.0,519,
s050144966,p02572,u992375043,1600079986,C++,C++ (GCC 9.2.1),cpp,Accepted,34.0,3992.0,518,
s572140343,p02572,u288335507,1600079501,Python,PyPy3 (7.3.0),py,Accepted,112.0,105016.0,196,
s540205846,p02572,u616468898,1600077728,Python,Python (3.8.2),py,Accepted,209.0,50164.0,220,
s014128826,p02572,u254221913,1600076837,Python,Python (3.8.2),py,Accepted,128.0,31452.0,160,
s050651294,p02572,u557190902,1600073931,Python,PyPy3 (7.3.0),py,Accepted,110.0,104984.0,568,
s991723723,p02572,u095944638,1600073640,C++,C++ (GCC 9.2.1),cpp,Accepted,75.0,4844.0,424,
s067427411,p02572,u773081031,1600070662,C++,C++ (GCC 9.2.1),cpp,Accepted,74.0,6428.0,404,
s054596837,p02572,u934776456,1600062950,C++,C++ (GCC 9.2.1),cpp,Accepted,73.0,4816.0,372,
s038208780,p02572,u796097688,1600043954,C++,C++ (GCC 9.2.1),cpp,Accepted,70.0,6360.0,445,
s024540930,p02572,u671060652,1600036591,Python,PyPy3 (7.3.0),py,Accepted,123.0,105452.0,296,
s902477565,p02572,u884876243,1600035468,C++,C++ (GCC 9.2.1),cpp,Accepted,77.0,4044.0,439,
s243518315,p02572,u094746828,1600034152,C++,C++ (GCC 9.2.1),cpp,Accepted,69.0,6400.0,489,
s690130082,p02572,u736995628,1600033408,C++,C++ (GCC 9.2.1),cpp,Accepted,76.0,4364.0,391,
s766912852,p02572,u096052983,1600033327,C++,C++ (GCC 9.2.1),cpp,Accepted,32.0,4784.0,1117,
s476790819,p02572,u374568103,1600032276,C++,C++ (GCC 9.2.1),cpp,Accepted,74.0,5284.0,470,
s379763051,p02572,u771481806,1600028947,C++,C++ (GCC 9.2.1),cpp,Accepted,77.0,4044.0,340,
s119779647,p02572,u749513798,1600028178,Python,Python (3.8.2),py,Accepted,144.0,32896.0,659,
s513622974,p02572,u991272930,1600027815,C++,C++ (GCC 9.2.1),cpp,Accepted,82.0,6736.0,469,
s626980597,p02572,u951502681,1600026249,Python,Python (3.8.2),py,Accepted,153.0,31624.0,138,
s984002963,p02572,u693694535,1600023583,Python,Python (3.8.2),py,Accepted,168.0,31540.0,187,
s670315706,p02572,u475503988,1600023330,C++,C++ (GCC 9.2.1),cpp,Accepted,35.0,4780.0,1087,
s671673378,p02572,u347184682,1600023188,Python,Python (3.8.2),py,Accepted,213.0,31688.0,253,
s373841902,p02572,u930705402,1600023136,Python,PyPy3 (7.3.0),py,Accepted,144.0,98248.0,413,
s188980581,p02572,u987846648,1600022876,Python,PyPy3 (7.3.0),py,Accepted,115.0,105200.0,678,
s768508115,p02572,u900079975,1600022616,C++,C++ (GCC 9.2.1),cpp,Accepted,37.0,5508.0,857,
s979146422,p02572,u930705402,1600022554,Python,PyPy3 (7.3.0),py,Accepted,116.0,105244.0,225,
s531950110,p02572,u572472538,1600022522,C++,C++ (GCC 9.2.1),cpp,Accepted,42.0,6344.0,3829,
s544901012,p02572,u149914095,1600022480,C++,C++ (GCC 9.2.1),cpp,Accepted,77.0,6708.0,502,
s292730181,p02572,u885722498,1600022344,Python,Python (3.8.2),py,Accepted,150.0,31424.0,353,
s446150342,p02572,u139326919,1600022337,C++,C++ (GCC 9.2.1),cpp,Accepted,35.0,4696.0,1121,
s925107564,p02572,u371149954,1600022182,C++,C++ (GCC 9.2.1),cpp,Accepted,35.0,4808.0,59770,
s806748153,p02572,u187489367,1600021876,C++,C++ (GCC 9.2.1),cpp,Accepted,71.0,4028.0,705,
s292437236,p02572,u497883442,1600021343,Python,Python (3.8.2),py,Accepted,193.0,31536.0,192,
s142747893,p02572,u561615664,1600019759,Python,PyPy3 (7.3.0),py,Accepted,123.0,105452.0,146,
s053261833,p02572,u090250753,1600019408,C++,C++ (GCC 9.2.1),cpp,Accepted,80.0,4840.0,487,
s717828606,p02572,u478719560,1600019310,Python,Python (3.8.2),py,Accepted,148.0,31600.0,1098,
s385037651,p02572,u355607502,1600019193,C++,C++ (GCC 9.2.1),cpp,Accepted,77.0,4380.0,629,
s574331938,p02572,u973991908,1600018997,C++,C++ (GCC 9.2.1),cpp,Accepted,32.0,5156.0,479,
s614202258,p02572,u832943002,1600018405,Python,Python (3.8.2),py,Accepted,158.0,31756.0,251,
s444638730,p02572,u787974755,1600018164,C++,C++ (GCC 9.2.1),cpp,Accepted,39.0,6788.0,801,
s235980950,p02572,u024340351,1600018127,Python,Python (3.8.2),py,Accepted,134.0,31416.0,142,
s916911626,p02572,u024340351,1600018108,Python,PyPy3 (7.3.0),py,Accepted,114.0,105112.0,142,
s617047291,p02572,u954983569,1600017390,C++,C++ (GCC 9.2.1),cpp,Accepted,42.0,3292.0,306,
s972334958,p02572,u719435537,1600017383,C++,C++ (GCC 9.2.1),cpp,Accepted,77.0,6732.0,461,
s670821508,p02572,u147571984,1600017102,C++,C++ (GCC 9.2.1),cpp,Accepted,36.0,4752.0,688,
s030719286,p02572,u147571984,1600017063,C++,C++ (GCC 9.2.1),cpp,Accepted,34.0,4756.0,690,
s324887643,p02572,u086172144,1600017044,Python,Python (3.8.2),py,Accepted,125.0,31544.0,127,
s348981567,p02572,u212831449,1600017029,Python,PyPy3 (7.3.0),py,Accepted,127.0,104856.0,179,
s145815708,p02572,u086172144,1600016837,Python,Python (3.8.2),py,Accepted,132.0,31580.0,157,
s970826450,p02572,u093041722,1600015963,Python,Python (3.8.2),py,Accepted,149.0,31660.0,163,
s105803593,p02572,u368138550,1600015928,C++,C++ (GCC 9.2.1),cpp,Accepted,78.0,4836.0,704,
s645247087,p02572,u066551652,1600015641,Python,Python (3.8.2),py,Accepted,101.0,31424.0,145,
s269732961,p02572,u299843956,1600013972,C++,C++ (Clang 10.0.0),cpp,Accepted,159.0,4440.0,772,
s421433232,p02572,u393084171,1600013716,C++,C++ (GCC 9.2.1),cpp,Accepted,37.0,8724.0,4683,
s443505169,p02572,u829203929,1600012519,Python,Python (3.8.2),py,Accepted,102.0,31444.0,290,
s596122860,p02572,u526708273,1600012318,C++,C++ (GCC 9.2.1),cpp,Accepted,72.0,4060.0,396,
s417079405,p02572,u543700213,1600012127,C++,C++ (GCC 9.2.1),cpp,Accepted,72.0,5132.0,540,
s254081549,p02572,u543700213,1600012048,C++,C++ (GCC 9.2.1),cpp,Accepted,72.0,4068.0,556,
s612455692,p02572,u086043753,1600011983,C++,C++ (GCC 9.2.1),cpp,Accepted,33.0,5184.0,1297,
s879002344,p02572,u688795994,1600011769,C++,C++ (GCC 9.2.1),cpp,Accepted,81.0,4344.0,310,
s868316142,p02572,u815863697,1600011609,C++,C++ (GCC 9.2.1),cpp,Accepted,76.0,6272.0,1594,
s717072331,p02572,u226834541,1600011344,C++,C++ (GCC 9.2.1),cpp,Accepted,71.0,5192.0,265,
s003300038,p02572,u265415328,1600011284,C++,C++ (GCC 9.2.1),cpp,Accepted,75.0,4056.0,418,
s582477524,p02572,u265415328,1600011147,C++,C++ (GCC 9.2.1),cpp,Accepted,71.0,4000.0,557,
s415632329,p02572,u156815136,1600010028,Python,Python (3.8.2),py,Accepted,172.0,32860.0,1160,
s980337091,p02572,u682659695,1600009705,C++,C++ (GCC 9.2.1),cpp,Accepted,31.0,3668.0,815,
s296706131,p02572,u976630987,1600008825,C++,C++ (GCC 9.2.1),cpp,Accepted,37.0,6348.0,1684,
s544299228,p02572,u871934301,1600007176,Python,Python (3.8.2),py,Accepted,132.0,31608.0,466,
s098132892,p02572,u290866833,1600006922,Python,Python (3.8.2),py,Accepted,127.0,31464.0,177,
s371395695,p02572,u441296840,1600006882,C++,C++ (GCC 9.2.1),cpp,Accepted,34.0,4780.0,2505,
s300789162,p02572,u010844073,1600006032,C++,C++ (GCC 9.2.1),cpp,Accepted,36.0,4744.0,623,
s532659442,p02572,u275409294,1600005669,C++,C++ (GCC 9.2.1),cpp,Accepted,78.0,4080.0,774,
s929660857,p02572,u961945062,1600004774,Python,Python (3.8.2),py,Accepted,127.0,31536.0,165,
s846018980,p02572,u553275654,1600004719,C++,C++ (GCC 9.2.1),cpp,Accepted,33.0,3968.0,511,
s470868081,p02572,u841940209,1600003704,C++,C++ (GCC 9.2.1),cpp,Accepted,36.0,3932.0,407,
s555350749,p02572,u430374461,1600002882,C++,C++ (GCC 9.2.1),cpp,Accepted,35.0,3996.0,393,
s882319223,p02572,u674599124,1599999661,C++,C++ (GCC 9.2.1),cpp,Accepted,31.0,4032.0,9494,
s889760054,p02572,u132835432,1599997795,C++,C++ (GCC 9.2.1),cpp,Accepted,77.0,6644.0,386,
s744631429,p02572,u572622695,1599995471,C++,C++ (GCC 9.2.1),cpp,Accepted,79.0,4860.0,3185,
s180586623,p02572,u053360288,1599994029,C++,C++ (GCC 9.2.1),cpp,Accepted,72.0,3992.0,2317,
s592602729,p02572,u792037966,1599993470,C++,C++ (GCC 9.2.1),cpp,Accepted,75.0,5172.0,255,
s555664444,p02572,u336794632,1599993103,Python,Python (3.8.2),py,Accepted,127.0,31600.0,141,
s538729936,p02572,u043589043,1599992568,C++,C++ (GCC 9.2.1),cpp,Accepted,77.0,6352.0,680,
s065008238,p02572,u979852867,1599991709,C++,C++ (GCC 9.2.1),cpp,Accepted,74.0,4816.0,1058,
s476415237,p02572,u225450911,1599991584,C++,C++ (GCC 9.2.1),cpp,Accepted,73.0,5188.0,944,
s502931697,p02572,u959340534,1599986166,Python,Python (3.8.2),py,Accepted,531.0,49820.0,297,
s881913805,p02572,u711816529,1599983323,C++,C++ (Clang 10.0.0),cpp,Accepted,158.0,6084.0,507,
s886591328,p02572,u360515075,1599980986,Python,PyPy3 (7.3.0),py,Accepted,114.0,105248.0,130,
s249654860,p02572,u833150479,1599980694,C++,C++ (GCC 9.2.1),cpp,Accepted,32.0,3960.0,392,
s452093605,p02572,u045289115,1599975964,C++,C++ (GCC 9.2.1),cpp,Accepted,32.0,3972.0,4153,
s734484900,p02572,u273643312,1599969139,C++,C++ (GCC 9.2.1),cpp,Accepted,33.0,4728.0,493,
s584288837,p02572,u787143628,1599961280,C++,C++ (GCC 9.2.1),cpp,Accepted,33.0,5212.0,1321,
s037645379,p02572,u248670337,1599955396,Python,Python (3.8.2),py,Accepted,119.0,31612.0,95,
s976793130,p02572,u735668112,1599954483,C++,C++ (GCC 9.2.1),cpp,Accepted,39.0,6312.0,497,
s366269172,p02572,u862751296,1599952749,Python,PyPy3 (7.3.0),py,Accepted,116.0,94188.0,142,
s327393335,p02572,u246947544,1599951413,C++,C++ (GCC 9.2.1),cpp,Accepted,40.0,5276.0,6286,
s607194979,p02572,u580597604,1599950720,C++,C++ (GCC 9.2.1),cpp,Accepted,37.0,6784.0,508,
s455440078,p02572,u598888192,1599950641,C++,C++ (GCC 9.2.1),cpp,Accepted,74.0,5624.0,430,
s871626912,p02572,u360309211,1599948034,C++,C++ (GCC 9.2.1),cpp,Accepted,36.0,4756.0,606,
s567482422,p02572,u945314846,1599946679,C++,C++ (GCC 9.2.1),cpp,Accepted,44.0,15356.0,2395,
s067622994,p02572,u535171899,1599945181,Python,Python (3.8.2),py,Accepted,123.0,31436.0,162,
s854380845,p02572,u340300791,1599944686,C++,C++ (GCC 9.2.1),cpp,Accepted,33.0,5148.0,448,
s722934695,p02572,u459276984,1599944610,Python,Python (3.8.2),py,Accepted,151.0,31576.0,176,
s442428328,p02572,u807807253,1599941241,C++,C++ (GCC 9.2.1),cpp,Accepted,70.0,4032.0,557,
s317702121,p02572,u133240057,1599941165,Python,PyPy3 (7.3.0),py,Accepted,127.0,94292.0,180,
s136820950,p02572,u241859269,1599941118,C++,C++ (GCC 9.2.1),cpp,Accepted,76.0,5632.0,1401,
s246296591,p02572,u377265926,1599941019,C++,C++ (GCC 9.2.1),cpp,Accepted,75.0,5204.0,1013,
s861320511,p02572,u179181959,1599940058,C++,C++ (GCC 9.2.1),cpp,Accepted,73.0,4364.0,473,
s834800759,p02572,u686581527,1599938966,C++,C++ (GCC 9.2.1),cpp,Accepted,72.0,4756.0,425,
s659073041,p02572,u055115268,1599938712,C++,C++ (GCC 9.2.1),cpp,Accepted,75.0,6744.0,318,
s800707507,p02572,u804999113,1599938432,C++,C++ (GCC 9.2.1),cpp,Accepted,73.0,5188.0,421,
s596704382,p02572,u782785740,1599937112,C++,C++ (GCC 9.2.1),cpp,Accepted,73.0,4052.0,494,
s127212156,p02572,u179593519,1599937010,C++,C++ (GCC 9.2.1),cpp,Accepted,76.0,6708.0,493,
s289809913,p02572,u782785740,1599936989,C++,C++ (GCC 9.2.1),cpp,Accepted,69.0,4036.0,517,
s375439480,p02572,u045289115,1599935638,C++,C++ (GCC 9.2.1),cpp,Accepted,37.0,6348.0,667,
s279853970,p02572,u045289115,1599935602,C++,C++ (GCC 9.2.1),cpp,Accepted,35.0,6336.0,4361,
s993252278,p02572,u234015814,1599935347,C++,C++ (GCC 9.2.1),cpp,Accepted,74.0,4772.0,575,
s042547199,p02572,u495533678,1599935109,Python,PyPy3 (7.3.0),py,Accepted,124.0,105244.0,149,
s452734391,p02572,u069430847,1599934723,C++,C++ (GCC 9.2.1),cpp,Accepted,76.0,6408.0,566,
s509714869,p02572,u045289115,1599932668,C++,C++ (GCC 9.2.1),cpp,Accepted,76.0,6396.0,611,
s886585234,p02572,u670735703,1599930213,C++,C++ (GCC 9.2.1),cpp,Accepted,78.0,5128.0,530,
s507861079,p02572,u390883247,1599928706,Python,Python (3.8.2),py,Accepted,144.0,31452.0,180,
s300019292,p02572,u334792253,1599928021,Python,PyPy3 (7.3.0),py,Accepted,120.0,105376.0,263,
s931310729,p02572,u056461154,1599925807,C++,C++ (GCC 9.2.1),cpp,Accepted,37.0,6300.0,1337,
s013959418,p02572,u484254461,1599925698,C++,C++ (GCC 9.2.1),cpp,Accepted,70.0,4024.0,561,
s770081883,p02572,u939305209,1599924391,C++,C++ (GCC 9.2.1),cpp,Accepted,75.0,5060.0,451,
s677522136,p02572,u588235520,1599922899,Python,PyPy3 (7.3.0),py,Accepted,121.0,107312.0,327,
s702770202,p02572,u724555716,1599922693,C++,C++ (GCC 9.2.1),cpp,Accepted,80.0,6344.0,473,
s112105473,p02572,u837340160,1599922677,Python,Python (3.8.2),py,Accepted,160.0,31612.0,217,
s924111478,p02572,u382378818,1599921812,C++,C++ (GCC 9.2.1),cpp,Accepted,40.0,3968.0,590,
s729183703,p02572,u607096766,1599921374,C++,C++ (GCC 9.2.1),cpp,Accepted,39.0,6344.0,1166,
s610493383,p02572,u820685137,1599921000,Python,Python (3.8.2),py,Accepted,121.0,31708.0,311,
s387423370,p02572,u820685137,1599920947,Python,Python (3.8.2),py,Accepted,129.0,31592.0,325,
s509333971,p02572,u003209874,1599919536,C++,C++ (GCC 9.2.1),cpp,Accepted,38.0,3736.0,543,
s668778952,p02572,u498575211,1599918653,Python,PyPy3 (7.3.0),py,Accepted,124.0,105212.0,153,
s440047873,p02572,u917678406,1599918491,Python,Python (3.8.2),py,Accepted,112.0,31588.0,168,
s789720910,p02572,u313403396,1599917940,C++,C++ (GCC 9.2.1),cpp,Accepted,31.0,6372.0,3765,
s908862327,p02572,u382378818,1599917927,C++,C++ (GCC 9.2.1),cpp,Accepted,33.0,4744.0,629,
s254092232,p02572,u836994287,1599917405,C++,C++ (GCC 9.2.1),cpp,Accepted,34.0,5196.0,593,
s483713220,p02572,u964904181,1599917395,Python,Python (3.8.2),py,Accepted,165.0,31420.0,412,
s607609702,p02572,u298874950,1599917305,C++,C++ (GCC 9.2.1),cpp,Accepted,45.0,6932.0,480,
s795026830,p02572,u080364835,1599917205,Python,Python (3.8.2),py,Accepted,127.0,31520.0,137,
s546093531,p02572,u662613350,1599916634,C++,C++ (GCC 9.2.1),cpp,Accepted,30.0,4772.0,2628,
s053762634,p02572,u805284454,1599914766,C++,C++ (GCC 9.2.1),cpp,Accepted,74.0,6712.0,646,
s443063577,p02572,u282585783,1599914396,C++,C++ (GCC 9.2.1),cpp,Accepted,78.0,6668.0,321,
s722282199,p02572,u538942636,1599913076,C++,C++ (Clang 10.0.0),cpp,Accepted,153.0,4700.0,474,
s153925674,p02572,u538942636,1599912805,C++,C++ (Clang 10.0.0),cpp,Accepted,152.0,4660.0,471,
s243174420,p02572,u045289115,1599911495,C++,C++ (GCC 9.2.1),cpp,Accepted,75.0,5572.0,519,
s881159572,p02572,u458412487,1599910284,Python,Python (3.8.2),py,Accepted,114.0,31400.0,129,
s607794942,p02572,u924227225,1599909610,C++,C++ (GCC 9.2.1),cpp,Accepted,39.0,5392.0,1114,
s717428351,p02572,u876335718,1599905345,C++,C++ (GCC 9.2.1),cpp,Accepted,34.0,5184.0,2106,
s120126440,p02572,u645937929,1599905280,Python,Python (3.8.2),py,Accepted,133.0,31348.0,222,
s070478219,p02572,u064837459,1599901709,C++,C++ (Clang 10.0.0),cpp,Accepted,244.0,4692.0,327,
s888296246,p02572,u526708273,1599901599,C++,C++ (GCC 9.2.1),cpp,Accepted,72.0,3984.0,448,
s727951974,p02572,u707808519,1599900453,Python,Python (3.8.2),py,Accepted,157.0,31516.0,169,
s185991344,p02572,u281053019,1599897592,C++,C++ (GCC 9.2.1),cpp,Accepted,38.0,4764.0,542,
s390725466,p02572,u647134787,1599893987,C++,C++ (GCC 9.2.1),cpp,Accepted,70.0,5148.0,265,
s012382995,p02572,u320211890,1599893214,C++,C++ (GCC 9.2.1),cpp,Accepted,70.0,4824.0,612,
s007159664,p02572,u267486271,1599882096,C++,C++ (GCC 9.2.1),cpp,Accepted,41.0,6952.0,1176,
s546079524,p02572,u828869971,1599881708,C++,C++ (GCC 9.2.1),cpp,Accepted,37.0,5132.0,1253,
s312527339,p02572,u956318161,1599880610,Python,Python (3.8.2),py,Accepted,126.0,31480.0,146,
s436340347,p02572,u193182854,1599880154,C++,C++ (GCC 9.2.1),cpp,Accepted,70.0,6356.0,500,
s866392852,p02572,u893304865,1599879097,C++,C++ (GCC 9.2.1),cpp,Accepted,36.0,5552.0,594,
s202088425,p02572,u917395849,1599877219,C++,C++ (GCC 9.2.1),cpp,Accepted,72.0,6432.0,466,
s092543888,p02572,u861075868,1599876186,Python,PyPy3 (7.3.0),py,Accepted,168.0,108440.0,437,
s531512637,p02572,u861030599,1599875502,C++,C++ (GCC 9.2.1),cpp,Accepted,33.0,5216.0,1447,
s701514140,p02572,u242049402,1599874784,C++,C++ (GCC 9.2.1),cpp,Accepted,37.0,6728.0,1930,
s318731655,p02572,u294397492,1599874271,C++,C++ (GCC 9.2.1),cpp,Accepted,37.0,5984.0,1632,
s302632584,p02572,u413263925,1599874184,C++,C++ (GCC 9.2.1),cpp,Accepted,95.0,29944.0,2994,
s415675224,p02572,u388264930,1599870344,C++,C++ (GCC 9.2.1),cpp,Accepted,75.0,6700.0,866,
s841193345,p02572,u379142263,1599869569,Python,PyPy3 (7.3.0),py,Accepted,175.0,112940.0,522,
s847723663,p02572,u709656392,1599869357,C++,C++ (GCC 9.2.1),cpp,Accepted,74.0,6400.0,613,
s736552113,p02572,u279357286,1599868972,C++,C++ (GCC 9.2.1),cpp,Accepted,73.0,5152.0,478,
s760152844,p02572,u761362252,1599867042,C++,C++ (GCC 9.2.1),cpp,Accepted,76.0,3556.0,306,
s747528772,p02572,u993642190,1599864642,Python,Python (3.8.2),py,Accepted,159.0,31680.0,453,
s230259106,p02572,u865298224,1599861035,C++,C++ (GCC 9.2.1),cpp,Accepted,75.0,4840.0,462,
s365417283,p02572,u549042846,1599860684,C++,C++ (GCC 9.2.1),cpp,Accepted,36.0,3660.0,701,
s740573086,p02572,u522310329,1599860585,C++,C++ (GCC 9.2.1),cpp,Accepted,34.0,5132.0,1802,
s795619121,p02572,u884476319,1599859181,C++,C++ (GCC 9.2.1),cpp,Accepted,35.0,6760.0,1843,
s849682796,p02572,u093922224,1599857864,C++,C++ (GCC 9.2.1),cpp,Accepted,75.0,5108.0,594,
s567444406,p02572,u515019830,1599857111,C++,C++ (GCC 9.2.1),cpp,Accepted,76.0,6720.0,782,
s434667257,p02572,u651913160,1599857109,Python,Python (3.8.2),py,Accepted,127.0,31480.0,148,
s290728372,p02572,u917502362,1599855243,C++,C++ (GCC 9.2.1),cpp,Accepted,70.0,5136.0,1099,
s743066197,p02572,u700138719,1599855048,C++,C++ (GCC 9.2.1),cpp,Accepted,75.0,4724.0,443,
s723789218,p02572,u013408661,1599854950,C++,C++ (GCC 9.2.1),cpp,Accepted,77.0,4032.0,408,
s010018064,p02572,u048370502,1599854875,C++,C++ (GCC 9.2.1),cpp,Accepted,35.0,5200.0,1924,
s727534747,p02572,u280966279,1599853190,C++,C++ (GCC 9.2.1),cpp,Accepted,73.0,4024.0,352,
s030848782,p02572,u933384211,1599853172,C++,C++ (GCC 9.2.1),cpp,Accepted,41.0,6736.0,2832,
s392131825,p02572,u071282706,1599851789,C++,C++ (GCC 9.2.1),cpp,Accepted,37.0,4740.0,735,
s476754522,p02572,u217131455,1599851479,Python,PyPy3 (7.3.0),py,Accepted,117.0,105248.0,309,
s349208981,p02572,u020499417,1599850968,C++,C++ (GCC 9.2.1),cpp,Accepted,36.0,6352.0,1179,
s061111966,p02572,u595716769,1599850101,Python,Python (3.8.2),py,Accepted,142.0,31392.0,157,
s335484176,p02572,u304318875,1599849493,C++,C++ (GCC 9.2.1),cpp,Accepted,80.0,9592.0,29179,
s093811348,p02572,u304318875,1599849469,C++,C++ (GCC 9.2.1),cpp,Accepted,81.0,9568.0,29179,
s921538932,p02572,u524487200,1599848872,C++,C++ (GCC 9.2.1),cpp,Accepted,76.0,6732.0,639,
s747797305,p02572,u450359369,1599848807,C++,C++ (GCC 9.2.1),cpp,Accepted,34.0,5168.0,527,
s621937692,p02572,u910695244,1599847939,C++,C++ (GCC 9.2.1),cpp,Accepted,38.0,6692.0,966,
s151845218,p02572,u526966088,1599847561,Python,Python (3.8.2),py,Accepted,166.0,31396.0,434,
s884321191,p02572,u492496587,1599845795,Python,PyPy3 (7.3.0),py,Accepted,118.0,105260.0,192,
s157215634,p02572,u771461352,1599845730,C++,C++ (GCC 9.2.1),cpp,Accepted,34.0,6348.0,1463,
s943528848,p02572,u027800391,1599845315,Python,Python (3.8.2),py,Accepted,167.0,31552.0,199,
s832519565,p02572,u045953894,1599844033,Python,Python (3.8.2),py,Accepted,131.0,31400.0,147,
s587664571,p02572,u841940209,1599843887,C++,C++ (GCC 9.2.1),cpp,Accepted,36.0,4040.0,407,
s836706793,p02572,u040628883,1599843767,C++,C++ (GCC 9.2.1),cpp,Accepted,38.0,6776.0,922,
s892850006,p02572,u407681026,1599843136,C++,C++ (GCC 9.2.1),cpp,Accepted,79.0,5156.0,497,
s631329639,p02572,u477353073,1599842387,C++,C++ (GCC 9.2.1),cpp,Accepted,73.0,4020.0,543,
s283535041,p02572,u329135971,1599840843,C++,C++ (Clang 10.0.0),cpp,Accepted,156.0,6252.0,351,
s265580503,p02572,u866879589,1599840251,C++,C++ (GCC 9.2.1),cpp,Accepted,42.0,4848.0,1079,
s425619338,p02572,u060463077,1599840180,C++,C++ (GCC 9.2.1),cpp,Accepted,40.0,6740.0,532,
s115797013,p02572,u816631826,1599840166,C++,C++ (GCC 9.2.1),cpp,Accepted,37.0,6768.0,532,
s642466806,p02572,u687667446,1599839379,C++,C++ (GCC 9.2.1),cpp,Accepted,83.0,14300.0,3292,
s200797236,p02572,u117865137,1599839352,C++,C++ (GCC 9.2.1),cpp,Accepted,75.0,6292.0,434,
s194809686,p02572,u199830845,1599838379,Python,Python (3.8.2),py,Accepted,124.0,33020.0,1557,
s201004081,p02572,u776860223,1599838039,Python,PyPy3 (7.3.0),py,Accepted,120.0,105416.0,216,
s193336719,p02572,u133833119,1599836003,Python,Python (3.8.2),py,Accepted,164.0,31440.0,182,
s717756992,p02572,u965602776,1599835517,C++,C++ (GCC 9.2.1),cpp,Accepted,72.0,6380.0,1710,
s457852245,p02572,u190263289,1599833367,C++,C++ (GCC 9.2.1),cpp,Accepted,78.0,6332.0,526,
s972294312,p02572,u661795968,1599832979,C++,C++ (GCC 9.2.1),cpp,Accepted,74.0,6712.0,364,
s267509759,p02572,u540724932,1599832666,C++,C++ (GCC 9.2.1),cpp,Accepted,74.0,4824.0,781,
s828774033,p02572,u540724932,1599832606,C++,C++ (GCC 9.2.1),cpp,Accepted,73.0,6384.0,820,
s639238003,p02572,u822294317,1599831978,Python,Python (3.8.2),py,Accepted,126.0,31564.0,182,
s920556192,p02572,u502405537,1599830473,C++,C++ (GCC 9.2.1),cpp,Accepted,37.0,5944.0,744,
s345005901,p02572,u502405537,1599830422,C++,C++ (GCC 9.2.1),cpp,Accepted,36.0,5996.0,741,
s889867304,p02572,u048320062,1599829726,Python,Python (3.8.2),py,Accepted,129.0,31540.0,153,
s011930616,p02572,u022722097,1599829398,C++,C++ (GCC 9.2.1),cpp,Accepted,75.0,4052.0,543,
s528651657,p02572,u246639932,1599829196,C++,C++ (GCC 9.2.1),cpp,Accepted,78.0,5144.0,727,
s782900998,p02572,u480248658,1599828290,C++,C++ (GCC 9.2.1),cpp,Accepted,76.0,5204.0,410,
s986507831,p02572,u904331908,1599828226,Python,Python (3.8.2),py,Accepted,165.0,31592.0,230,
s803847476,p02572,u480059652,1599824042,C++,C++ (GCC 9.2.1),cpp,Accepted,71.0,4824.0,1022,
s938710580,p02572,u018679195,1599823685,C++,C++ (GCC 9.2.1),cpp,Accepted,38.0,6352.0,584,
s783768785,p02572,u509735158,1599822642,C++,C++ (GCC 9.2.1),cpp,Accepted,75.0,3948.0,535,
s227870494,p02572,u662594753,1599821252,C++,C++ (GCC 9.2.1),cpp,Accepted,71.0,6400.0,567,
s000348124,p02572,u682413606,1599820942,C++,C++ (GCC 9.2.1),cpp,Accepted,72.0,5180.0,413,
s472760451,p02572,u848535504,1599820267,Python,PyPy3 (7.3.0),py,Accepted,117.0,104780.0,322,
s616699398,p02572,u011105034,1599820261,Python,PyPy3 (7.3.0),py,Accepted,116.0,105264.0,239,
s162900370,p02572,u587622858,1599817666,C++,C++ (GCC 9.2.1),cpp,Accepted,78.0,4776.0,402,
s817693456,p02572,u667084803,1599815446,Python,Python (3.8.2),py,Accepted,134.0,31444.0,126,
s664506641,p02572,u188827677,1599814076,Python,Python (3.8.2),py,Accepted,187.0,31368.0,219,
s366687026,p02572,u488207046,1599808978,C++,C++ (GCC 9.2.1),cpp,Accepted,412.0,4036.0,398,
s997603521,p02572,u601899726,1599808803,C++,C++ (GCC 9.2.1),cpp,Accepted,84.0,7460.0,1280,
s204971469,p02572,u939585142,1599801090,Python,Python (3.8.2),py,Accepted,115.0,31680.0,146,
s819867625,p02572,u375231031,1599796999,C++,C++ (GCC 9.2.1),cpp,Accepted,35.0,5136.0,1078,
s723118351,p02572,u975689564,1599796664,C++,C++ (GCC 9.2.1),cpp,Accepted,36.0,3260.0,276,
s647123767,p02572,u821779321,1599789878,C++,C++ (GCC 9.2.1),cpp,Accepted,72.0,6400.0,609,
s129606649,p02572,u821779321,1599789703,C++,C++ (GCC 9.2.1),cpp,Accepted,75.0,6324.0,609,
s999158458,p02572,u301970682,1599785920,C++,C++ (GCC 9.2.1),cpp,Accepted,34.0,6368.0,816,
s562082586,p02572,u502405537,1599780546,C++,C++ (GCC 9.2.1),cpp,Accepted,37.0,5132.0,618,
s024950458,p02572,u502405537,1599780346,C++,C++ (GCC 9.2.1),cpp,Accepted,34.0,5216.0,618,
s126450837,p02572,u355913876,1599779940,C++,C++ (GCC 9.2.1),cpp,Accepted,37.0,6348.0,1401,
s519089097,p02572,u424110125,1599778758,C++,C++ (GCC 9.2.1),cpp,Accepted,33.0,4748.0,3562,
s822768585,p02572,u018679195,1599777800,C++,C++ (GCC 9.2.1),cpp,Accepted,74.0,4048.0,454,
s308999385,p02572,u644171993,1599777512,Python,PyPy3 (7.3.0),py,Accepted,120.0,98736.0,274,
s225932718,p02572,u721438583,1599776499,C++,C++ (GCC 9.2.1),cpp,Accepted,73.0,6372.0,600,
s556958983,p02572,u676786508,1599776374,C++,C++ (Clang 10.0.0),cpp,Accepted,161.0,5964.0,985,
s616601397,p02572,u721438583,1599776272,C++,C++ (GCC 9.2.1),cpp,Accepted,74.0,6320.0,596,
s946665266,p02572,u206133536,1599775630,C++,C++ (GCC 9.2.1),cpp,Accepted,73.0,5156.0,531,
s257390886,p02572,u614143715,1599774508,C++,C++ (GCC 9.2.1),cpp,Accepted,75.0,5168.0,383,
s770623107,p02572,u089230684,1599774059,C++,C++ (GCC 9.2.1),cpp,Accepted,72.0,4344.0,447,
s208053834,p02572,u612034167,1599773964,C++,C++ (GCC 9.2.1),cpp,Accepted,71.0,4348.0,447,
s997323654,p02572,u509654786,1599773543,C++,C++ (GCC 9.2.1),cpp,Accepted,76.0,5060.0,894,
s126146310,p02572,u912766486,1599773252,C++,C++ (GCC 9.2.1),cpp,Accepted,71.0,3560.0,407,
s538899537,p02572,u648257619,1599772987,Python,PyPy3 (7.3.0),py,Accepted,126.0,105148.0,147,
s344549813,p02572,u799477772,1599772959,C++,C++ (GCC 9.2.1),cpp,Accepted,41.0,6436.0,1003,
s453327465,p02572,u119781460,1599772431,C++,C++ (GCC 9.2.1),cpp,Accepted,75.0,5184.0,433,
s945461959,p02572,u760334261,1599771788,C++,C++ (GCC 9.2.1),cpp,Accepted,33.0,5180.0,2179,
s476422441,p02572,u247830763,1599771437,Python,PyPy3 (7.3.0),py,Accepted,116.0,106864.0,131,
s739706342,p02572,u591221447,1599771093,C++,C++ (Clang 10.0.0),cpp,Accepted,155.0,4336.0,719,
s993967877,p02572,u816645498,1599770360,C++,C++ (GCC 9.2.1),cpp,Accepted,72.0,6404.0,1139,
s806930664,p02572,u602140789,1599769276,C++,C++ (GCC 9.2.1),cpp,Accepted,69.0,3632.0,399,
s359693780,p02572,u674702677,1599769095,C++,C++ (GCC 9.2.1),cpp,Accepted,75.0,6740.0,320,
s473760200,p02572,u882607414,1599768507,C++,C++ (GCC 9.2.1),cpp,Accepted,38.0,6364.0,484,
s352612366,p02572,u382309490,1599768487,Python,Python (3.8.2),py,Accepted,131.0,31508.0,168,
s570532324,p02572,u114609922,1599768480,C++,C++ (GCC 9.2.1),cpp,Accepted,73.0,6692.0,319,
s615413747,p02572,u038084150,1599768446,C++,C++ (GCC 9.2.1),cpp,Accepted,34.0,4780.0,3057,
s509393766,p02572,u575566754,1599768106,C++,C++ (GCC 9.2.1),cpp,Accepted,35.0,4384.0,537,
s508998334,p02572,u745514010,1599767569,Python,Python (3.8.2),py,Accepted,125.0,31412.0,149,
s550063178,p02572,u574966420,1599767274,C++,C++ (GCC 9.2.1),cpp,Accepted,76.0,5168.0,350,
s843864582,p02572,u960935381,1599767083,C++,C++ (GCC 9.2.1),cpp,Accepted,38.0,6780.0,530,
s298855294,p02572,u022625690,1599766270,C++,C++ (GCC 9.2.1),cpp,Accepted,43.0,6936.0,13916,
s249114155,p02572,u935691490,1599765689,C++,C++ (GCC 9.2.1),cpp,Accepted,74.0,5592.0,515,
s550601859,p02572,u537125666,1599765483,C++,C++ (GCC 9.2.1),cpp,Accepted,42.0,11144.0,2562,
s931640759,p02572,u492929439,1599765444,Python,Python (3.8.2),py,Accepted,132.0,31544.0,186,
s271646508,p02572,u765643145,1599764895,Python,Python (3.8.2),py,Accepted,134.0,31608.0,136,
s287816967,p02572,u810918506,1599764759,C++,C++ (GCC 9.2.1),cpp,Accepted,35.0,5336.0,683,
s443188442,p02572,u089230684,1599764512,C++,C++ (GCC 9.2.1),cpp,Accepted,79.0,3984.0,482,
s517023402,p02572,u768791468,1599763726,C++,C++ (GCC 9.2.1),cpp,Accepted,78.0,6676.0,606,
s816903712,p02572,u467196332,1599763422,C++,C++ (GCC 9.2.1),cpp,Accepted,79.0,6744.0,606,
s119995803,p02572,u742051248,1599763233,C++,C++ (GCC 9.2.1),cpp,Accepted,75.0,6760.0,459,
s957342996,p02572,u122293411,1599763007,C++,C++ (GCC 9.2.1),cpp,Accepted,71.0,4000.0,519,
s433657929,p02572,u587669944,1599761836,C++,C++ (GCC 9.2.1),cpp,Accepted,72.0,5592.0,450,
s534657839,p02572,u652791385,1599759451,C++,C++ (GCC 9.2.1),cpp,Accepted,81.0,4196.0,1144,
s826078809,p02572,u026145054,1599758321,C++,C++ (GCC 9.2.1),cpp,Accepted,35.0,3984.0,889,
s564978740,p02572,u467196332,1599757949,C++,C++ (GCC 9.2.1),cpp,Accepted,82.0,7884.0,1330,
s221204709,p02572,u026145054,1599757339,C++,C++ (GCC 9.2.1),cpp,Accepted,35.0,3968.0,987,
s650870805,p02572,u781091740,1599756691,C++,C++ (GCC 9.2.1),cpp,Accepted,37.0,3768.0,328,
s085697503,p02572,u069442406,1599756151,C++,C++ (GCC 9.2.1),cpp,Accepted,38.0,6760.0,976,
s536385392,p02572,u830036378,1599756137,Python,Python (3.8.2),py,Accepted,146.0,31600.0,208,
s914226070,p02572,u975689564,1599755252,C++,C++ (GCC 9.2.1),cpp,Accepted,33.0,5212.0,635,
s994737799,p02572,u524945612,1599755096,Python,Python (3.8.2),py,Accepted,165.0,31436.0,211,
s306656788,p02572,u019752654,1599753734,C++,C++ (GCC 9.2.1),cpp,Accepted,41.0,6860.0,735,
s621959308,p02572,u770808794,1599753296,C++,C++ (GCC 9.2.1),cpp,Accepted,73.0,4808.0,533,
s053355659,p02572,u697340709,1599753011,C++,C++ (GCC 9.2.1),cpp,Accepted,75.0,5184.0,505,
s516494626,p02572,u614054255,1599752938,Python,Python (3.8.2),py,Accepted,131.0,31528.0,125,
s782918991,p02572,u105613798,1599752882,C++,C++ (GCC 9.2.1),cpp,Accepted,34.0,5532.0,1844,
s571012505,p02572,u652791385,1599751352,C++,C++ (Clang 10.0.0),cpp,Accepted,162.0,3784.0,1080,
s602685047,p02572,u432385629,1599750701,C++,C++ (GCC 9.2.1),cpp,Accepted,75.0,5068.0,558,
s801191162,p02572,u824237520,1599746684,Python,Python (3.8.2),py,Accepted,158.0,31532.0,211,
s711564247,p02572,u072130035,1599745966,C++,C++ (GCC 9.2.1),cpp,Accepted,69.0,4312.0,550,
s200141188,p02572,u663230781,1599745935,Python,Python (3.8.2),py,Accepted,134.0,31700.0,237,
s224302620,p02572,u506910932,1599745327,Python,Python (3.8.2),py,Accepted,221.0,31712.0,375,
s851277609,p02572,u388134182,1599745183,C++,C++ (GCC 9.2.1),cpp,Accepted,85.0,6408.0,1186,
s293835559,p02572,u077291787,1599743592,Python,Python (3.8.2),py,Accepted,106.0,31780.0,319,
s798852318,p02572,u394340131,1599743525,C++,C++ (GCC 9.2.1),cpp,Accepted,76.0,5032.0,433,
s055863240,p02572,u857605629,1599742521,Python,Python (3.8.2),py,Accepted,142.0,31500.0,131,
s533343188,p02572,u379168673,1599742382,C++,C++ (GCC 9.2.1),cpp,Accepted,71.0,6404.0,485,
s163915920,p02572,u783621526,1599741545,C++,C++ (GCC 9.2.1),cpp,Accepted,33.0,4788.0,1293,
s019637669,p02572,u773440446,1599738065,Python,Python (3.8.2),py,Accepted,141.0,31308.0,160,
s224291068,p02572,u050403507,1599737865,C++,C++ (GCC 9.2.1),cpp,Accepted,36.0,6088.0,579,
s946759395,p02572,u891540210,1599735695,C++,C++ (GCC 9.2.1),cpp,Accepted,72.0,4764.0,450,
s329626592,p02572,u928758473,1599734271,C++,C++ (GCC 9.2.1),cpp,Accepted,74.0,4844.0,552,
s679255326,p02572,u519899937,1599732045,C++,C++ (GCC 9.2.1),cpp,Accepted,74.0,5628.0,471,
s317006925,p02572,u831110117,1599731524,C++,C++ (GCC 9.2.1),cpp,Accepted,72.0,4804.0,389,
s845996094,p02572,u135573741,1599729849,C++,C++ (GCC 9.2.1),cpp,Accepted,74.0,5132.0,422,
s372457643,p02572,u655903555,1599725515,C++,C++ (GCC 9.2.1),cpp,Accepted,36.0,6368.0,1048,
s746512487,p02572,u246401133,1599722590,Python,Python (3.8.2),py,Accepted,228.0,31556.0,267,
s477602857,p02572,u397571120,1599722555,C++,C++ (GCC 9.2.1),cpp,Accepted,37.0,4768.0,526,
s193589064,p02572,u325864493,1599720545,Python,Python (3.8.2),py,Accepted,192.0,31444.0,282,
s397077383,p02572,u201326295,1599709921,C++,C++ (GCC 9.2.1),cpp,Accepted,74.0,3600.0,374,
s690385254,p02572,u776860223,1599709659,Python,PyPy3 (7.3.0),py,Accepted,119.0,105480.0,223,
s315387965,p02572,u617404516,1599709507,C++,C++ (GCC 9.2.1),cpp,Accepted,34.0,3616.0,1618,
s959248037,p02572,u863370423,1599706523,C++,C++ (GCC 9.2.1),cpp,Accepted,32.0,6344.0,581,
s115448740,p02572,u568768953,1599705369,C++,C++ (GCC 9.2.1),cpp,Accepted,73.0,4052.0,408,
s711500848,p02572,u695390721,1599701531,C++,C++ (GCC 9.2.1),cpp,Accepted,36.0,5088.0,918,
s657456969,p02572,u241780149,1599700965,C++,C++ (GCC 9.2.1),cpp,Accepted,33.0,6356.0,1768,
s429168102,p02572,u473116917,1599700411,C++,C++ (GCC 9.2.1),cpp,Accepted,75.0,5372.0,2804,
s241331585,p02572,u773736290,1599696974,C++,C++ (GCC 9.2.1),cpp,Accepted,33.0,4396.0,1185,
s160974087,p02572,u933652811,1599696486,C++,C++ (GCC 9.2.1),cpp,Accepted,37.0,3260.0,378,
s545219368,p02572,u027208253,1599695256,C++,C++ (GCC 9.2.1),cpp,Accepted,77.0,5560.0,556,
s027743182,p02572,u829737781,1599694172,C++,C++ (GCC 9.2.1),cpp,Accepted,45.0,6352.0,5146,
s893629897,p02572,u027208253,1599693654,C++,C++ (GCC 9.2.1),cpp,Accepted,75.0,5612.0,584,
s193854999,p02572,u842459010,1599693296,C++,C++ (GCC 9.2.1),cpp,Accepted,31.0,4768.0,2557,
s686498875,p02572,u587669944,1599691999,C++,C++ (GCC 9.2.1),cpp,Accepted,71.0,5576.0,406,
s560764246,p02572,u829737781,1599691590,C++,C++ (GCC 9.2.1),cpp,Accepted,38.0,4772.0,5014,
s660279732,p02572,u375172966,1599691473,Python,Python (3.8.2),py,Accepted,149.0,31560.0,180,
s926204346,p02572,u829737781,1599691338,C++,C++ (GCC 9.2.1),cpp,Accepted,38.0,3660.0,4979,
s954006149,p02572,u563835377,1599690095,C++,C++ (GCC 9.2.1),cpp,Accepted,43.0,14256.0,6808,
s923465043,p02572,u782700818,1599689288,C++,C++ (GCC 9.2.1),cpp,Accepted,73.0,4780.0,313,
s112152377,p02572,u816631826,1599687642,C++,C++ (GCC 9.2.1),cpp,Accepted,37.0,6316.0,500,
s051574972,p02572,u758394189,1599687090,C++,C++ (GCC 9.2.1),cpp,Accepted,69.0,4820.0,347,
s465334685,p02572,u275786410,1599686004,C++,C++ (GCC 9.2.1),cpp,Accepted,26.0,3640.0,5196,
s665361101,p02572,u275786410,1599685918,C++,C++ (GCC 9.2.1),cpp,Accepted,40.0,15052.0,5630,
s693859715,p02572,u893962649,1599683466,Python,Python (3.8.2),py,Accepted,118.0,31632.0,182,
s480554590,p02572,u893962649,1599683402,Python,Python (3.8.2),py,Accepted,130.0,31560.0,194,
s530747433,p02572,u893962649,1599683329,Python,Python (3.8.2),py,Accepted,130.0,31572.0,180,
s788190747,p02572,u250757552,1599683322,Python,PyPy3 (7.3.0),py,Accepted,117.0,106636.0,272,
s088967612,p02572,u384867668,1599682354,C++,C++ (GCC 9.2.1),cpp,Accepted,73.0,5148.0,350,
s431127928,p02572,u748282871,1599681863,C++,C++ (GCC 9.2.1),cpp,Accepted,38.0,6772.0,655,
s381431217,p02572,u270552891,1599681400,C++,C++ (GCC 9.2.1),cpp,Accepted,71.0,5276.0,2208,
s975852442,p02572,u094402779,1599681161,C++,C++ (GCC 9.2.1),cpp,Accepted,75.0,4048.0,476,
s765875268,p02572,u096883693,1599680009,C++,C++ (GCC 9.2.1),cpp,Accepted,5.0,1688.0,2029,
s308200848,p02572,u096883693,1599679973,C++,C++ (GCC 9.2.1),cpp,Accepted,7.0,1728.0,2029,
s012604110,p02572,u096883693,1599679940,C++,C++ (GCC 9.2.1),cpp,Accepted,10.0,1728.0,2029,
s589540893,p02572,u496578735,1599679934,C++,C++ (GCC 9.2.1),cpp,Accepted,35.0,3992.0,841,
s319012612,p02572,u021034020,1599679323,C++,C++ (GCC 9.2.1),cpp,Accepted,70.0,4828.0,7909,
s958095337,p02572,u804711544,1599678991,Python,Python (3.8.2),py,Accepted,121.0,31464.0,335,
s625386232,p02572,u096883693,1599678916,C++,C++ (GCC 9.2.1),cpp,Accepted,6.0,1824.0,1911,
s312717446,p02572,u096883693,1599678896,C++,C++ (GCC 9.2.1),cpp,Accepted,10.0,1832.0,1911,
s659671730,p02572,u096883693,1599678806,C++,C++ (GCC 9.2.1),cpp,Accepted,9.0,1828.0,1911,
s596449531,p02572,u096883693,1599678788,C++,C++ (GCC 9.2.1),cpp,Accepted,8.0,1828.0,1911,
s893590850,p02572,u746267102,1599678782,C++,C++ (GCC 9.2.1),cpp,Accepted,38.0,5404.0,465,
s882226776,p02572,u096883693,1599678644,C++,C++ (GCC 9.2.1),cpp,Accepted,7.0,1824.0,1911,
s486951208,p02572,u491462774,1599677072,Python,Python (3.8.2),py,Accepted,148.0,31456.0,194,
s042130392,p02572,u454710842,1599676966,C++,C++ (GCC 9.2.1),cpp,Accepted,23.0,3632.0,612,
s477543691,p02572,u898331860,1599675596,C++,C++ (GCC 9.2.1),cpp,Accepted,73.0,4836.0,390,
s881900324,p02572,u649220991,1599674877,C++,C++ (Clang 10.0.0),cpp,Accepted,159.0,5252.0,3991,
s161415641,p02572,u697139873,1599674637,C++,C++ (GCC 9.2.1),cpp,Accepted,37.0,4776.0,1797,
s794785197,p02572,u971421535,1599673686,C++,C++ (GCC 9.2.1),cpp,Accepted,33.0,3984.0,2063,
s493241638,p02572,u581625805,1599673641,C++,C++ (GCC 9.2.1),cpp,Accepted,33.0,6352.0,573,
s609946179,p02572,u052298619,1599672842,C++,C++ (Clang 10.0.0),cpp,Accepted,156.0,4748.0,533,
s142483996,p02572,u591247714,1599672789,C++,C++ (GCC 9.2.1),cpp,Accepted,33.0,4764.0,520,
s412505922,p02572,u575988755,1599672290,C++,C++ (GCC 9.2.1),cpp,Accepted,74.0,6420.0,473,
s630420788,p02572,u353919145,1599669417,C++,C++ (GCC 9.2.1),cpp,Accepted,35.0,3600.0,457,
s368935048,p02572,u421674761,1599668430,Python,Python (3.8.2),py,Accepted,103.0,31724.0,146,
s063216514,p02572,u848312584,1599668426,Python,Python (3.8.2),py,Accepted,149.0,31536.0,178,
s567995467,p02572,u298328318,1599667648,C++,C++ (GCC 9.2.1),cpp,Accepted,38.0,6612.0,479,
s599223514,p02572,u718834599,1599666124,C++,C++ (GCC 9.2.1),cpp,Accepted,78.0,5112.0,545,
s779639483,p02572,u518891382,1599666020,Python,PyPy3 (7.3.0),py,Accepted,123.0,93960.0,170,
s729697435,p02572,u325864493,1599665991,Python,Python (3.8.2),py,Accepted,188.0,31352.0,282,
s024892390,p02572,u500376440,1599665183,Python,Python (3.8.2),py,Accepted,192.0,31504.0,184,
s688685033,p02572,u821816392,1599664601,C++,C++ (GCC 9.2.1),cpp,Accepted,73.0,4828.0,454,
s274756232,p02572,u581328116,1599664141,C++,C++ (GCC 9.2.1),cpp,Accepted,73.0,6756.0,373,
s712144813,p02572,u729119068,1599662613,C++,C++ (GCC 9.2.1),cpp,Accepted,71.0,5196.0,433,
s515926218,p02572,u420345622,1599661658,C++,C++ (GCC 9.2.1),cpp,Accepted,73.0,3636.0,837,
s555609415,p02572,u472039178,1599661430,Python,PyPy3 (7.3.0),py,Accepted,117.0,105112.0,156,
s998450615,p02572,u970114913,1599659544,Python,Python (3.8.2),py,Accepted,222.0,31436.0,194,
s065065960,p02572,u718886666,1599659166,C++,C++ (GCC 9.2.1),cpp,Accepted,73.0,6404.0,1059,
s273682628,p02572,u069125420,1599656767,Python,PyPy3 (7.3.0),py,Accepted,118.0,107136.0,303,
s153126147,p02572,u816631826,1599656142,C++,C++ (GCC 9.2.1),cpp,Accepted,36.0,6728.0,885,
s083511839,p02572,u395427844,1599656095,C++,C++ (GCC 9.2.1),cpp,Accepted,37.0,6716.0,885,
s838707890,p02572,u462329577,1599655711,Python,Python (3.8.2),py,Accepted,152.0,31396.0,280,
s230396899,p02572,u329416427,1599651686,C++,C++ (GCC 9.2.1),cpp,Accepted,39.0,3836.0,644,
s192360552,p02572,u697076802,1599649188,Python,Python (3.8.2),py,Accepted,156.0,31484.0,196,
s849247869,p02572,u658600714,1599649108,Python,PyPy3 (7.3.0),py,Accepted,118.0,105232.0,139,
s788306104,p02572,u890331732,1599648724,C++,C++ (GCC 9.2.1),cpp,Accepted,75.0,6380.0,473,
s349388162,p02572,u870415620,1599648210,C++,C++ (GCC 9.2.1),cpp,Accepted,73.0,4840.0,405,
s077625324,p02572,u180257813,1599644177,C++,C++ (GCC 9.2.1),cpp,Accepted,83.0,6432.0,453,
s515044571,p02572,u195667764,1599643331,C++,C++ (GCC 9.2.1),cpp,Accepted,33.0,5196.0,520,
s267992286,p02572,u514853560,1599643021,C++,C++ (GCC 9.2.1),cpp,Accepted,38.0,3832.0,260,
s810553180,p02572,u934030115,1599642659,C++,C++ (GCC 9.2.1),cpp,Accepted,46.0,6348.0,1023,
s753886900,p02572,u475189661,1599642103,Python,Python (3.8.2),py,Accepted,132.0,31400.0,168,
s260165137,p02572,u526591321,1599640751,C++,C++ (GCC 9.2.1),cpp,Accepted,75.0,6424.0,609,
s455364846,p02572,u506858457,1599634773,Python,Python (3.8.2),py,Accepted,178.0,31500.0,331,
s953643018,p02572,u105935673,1599624940,C++,C++ (GCC 9.2.1),cpp,Accepted,37.0,3984.0,484,
s734769012,p02572,u105935673,1599624612,C++,C++ (GCC 9.2.1),cpp,Accepted,34.0,3960.0,572,
s438241917,p02572,u105935673,1599624308,C++,C++ (GCC 9.2.1),cpp,Accepted,34.0,3936.0,476,
s744837020,p02572,u225830069,1599616163,C++,C++ (GCC 9.2.1),cpp,Accepted,77.0,5152.0,358,
s866694203,p02572,u684235670,1599614124,C++,C++ (GCC 9.2.1),cpp,Accepted,80.0,3600.0,665,
s782784503,p02572,u496449946,1599610321,Python,Python (3.8.2),py,Accepted,157.0,31620.0,281,
s577491762,p02572,u496449946,1599605823,Python,Python (3.8.2),py,Accepted,144.0,31432.0,235,
s293662122,p02572,u750783400,1599604733,Python,Python (3.8.2),py,Accepted,167.0,31756.0,240,
s460883166,p02572,u391812144,1599603748,C++,C++ (GCC 9.2.1),cpp,Accepted,33.0,4756.0,616,
s984538075,p02572,u856160990,1599602447,C++,C++ (GCC 9.2.1),cpp,Accepted,32.0,3648.0,354,
s753382685,p02572,u099918199,1599601440,C++,C++ (GCC 9.2.1),cpp,Accepted,72.0,4788.0,1427,
s791780021,p02572,u855455866,1599601386,C++,C++ (GCC 9.2.1),cpp,Accepted,35.0,4836.0,833,
s059521982,p02572,u323859575,1599601149,Python,Python (3.8.2),py,Accepted,134.0,31612.0,158,
s389823637,p02572,u778328250,1599600853,C++,C++ (Clang 10.0.0),cpp,Accepted,165.0,6284.0,438,
s548231014,p02572,u007637377,1599600074,Python,Python (3.8.2),py,Accepted,157.0,31596.0,180,
s263916887,p02572,u276645684,1599597692,C++,C++ (GCC 9.2.1),cpp,Accepted,74.0,4060.0,543,
s003685674,p02572,u568082675,1599596132,C++,C++ (GCC 9.2.1),cpp,Accepted,76.0,5356.0,2603,
s878109053,p02572,u526055399,1599594748,C++,C++ (Clang 10.0.0),cpp,Accepted,154.0,5944.0,416,
s700326512,p02572,u208394995,1599594541,C++,C++ (GCC 9.2.1),cpp,Accepted,38.0,6712.0,1396,
s110224341,p02572,u199908410,1599594496,C++,C++ (GCC 9.2.1),cpp,Accepted,37.0,3968.0,713,
s838102397,p02572,u282896139,1599592719,C++,C++ (GCC 9.2.1),cpp,Accepted,33.0,6336.0,1067,
s374660460,p02572,u729844615,1599592295,C++,C++ (GCC 9.2.1),cpp,Accepted,35.0,6364.0,2313,
s670820426,p02572,u470356849,1599590877,C++,C++ (GCC 9.2.1),cpp,Accepted,72.0,5204.0,575,
s383946076,p02572,u021034020,1599588221,C++,C++ (GCC 9.2.1),cpp,Accepted,71.0,4860.0,4785,
s906179419,p02572,u227871234,1599587276,C++,C++ (GCC 9.2.1),cpp,Accepted,34.0,4780.0,1774,
s734469334,p02572,u260068288,1599584982,Python,Python (3.8.2),py,Accepted,117.0,31524.0,135,
s580244589,p02572,u126936481,1599584388,C++,C++ (GCC 9.2.1),cpp,Accepted,69.0,3992.0,462,
s326777643,p02572,u723843066,1599583166,C++,C++ (GCC 9.2.1),cpp,Accepted,71.0,6372.0,2630,
s476842149,p02572,u662491785,1599580477,C++,C++ (Clang 10.0.0),cpp,Accepted,156.0,3632.0,557,
s282016969,p02572,u174584859,1599579695,C++,C++ (GCC 9.2.1),cpp,Accepted,72.0,4056.0,548,
s773933212,p02572,u272496669,1599579424,C++,C++ (GCC 9.2.1),cpp,Accepted,39.0,5188.0,1024,
s690170747,p02572,u974417789,1599576154,C++,C++ (GCC 9.2.1),cpp,Accepted,34.0,6688.0,1182,
s658447035,p02572,u017675051,1599573298,C++,C++ (GCC 9.2.1),cpp,Accepted,35.0,4768.0,3810,
s423750135,p02572,u327548663,1599570384,C++,C++ (GCC 9.2.1),cpp,Accepted,32.0,5156.0,530,
s854610141,p02572,u313043608,1599568776,C++,C++ (GCC 9.2.1),cpp,Accepted,84.0,5508.0,657,
s498141917,p02572,u318345739,1599567831,Python,PyPy3 (7.3.0),py,Accepted,142.0,112176.0,276,
s116903067,p02572,u751790772,1599566813,C++,C++ (GCC 9.2.1),cpp,Accepted,77.0,9060.0,2178,
s791585578,p02572,u625007136,1599566727,Python,Python (3.8.2),py,Accepted,111.0,31532.0,322,
s511082351,p02572,u633774875,1599565003,C++,C++ (GCC 9.2.1),cpp,Accepted,74.0,5136.0,1260,
s738781515,p02572,u025287757,1599564111,C++,C++ (GCC 9.2.1),cpp,Accepted,77.0,4816.0,599,
s705218929,p02572,u483721532,1599563119,Python,Python (3.8.2),py,Accepted,348.0,50036.0,249,
s470076102,p02572,u371132735,1599562344,Python,PyPy3 (7.3.0),py,Accepted,119.0,106680.0,203,
s103812390,p02572,u208588434,1599560811,Python,Python (3.8.2),py,Accepted,143.0,31448.0,171,
s383570176,p02572,u025287757,1599559765,Python,Python (3.8.2),py,Accepted,132.0,31448.0,240,
s962340950,p02572,u277956366,1599559652,C++,C++ (GCC 9.2.1),cpp,Accepted,36.0,5576.0,628,
s360318621,p02572,u682820318,1599559507,C++,C++ (GCC 9.2.1),cpp,Accepted,73.0,4024.0,1348,
s379429570,p02572,u682820318,1599559320,C++,C++ (GCC 9.2.1),cpp,Accepted,75.0,4780.0,1322,
s364502078,p02572,u763881112,1599559201,C++,C++ (GCC 9.2.1),cpp,Accepted,31.0,5196.0,59761,
s180021630,p02572,u682820318,1599558980,C++,C++ (GCC 9.2.1),cpp,Accepted,74.0,3996.0,2399,
s071439434,p02572,u010566167,1599558823,Python,Python (3.8.2),py,Accepted,188.0,31516.0,269,
s977763222,p02572,u682820318,1599558714,C++,C++ (GCC 9.2.1),cpp,Accepted,74.0,4048.0,1301,
s182047115,p02572,u236433947,1599555019,C++,C++ (GCC 9.2.1),cpp,Accepted,76.0,6424.0,4181,
s064473133,p02572,u963343620,1599551344,C++,C++ (GCC 9.2.1),cpp,Accepted,74.0,5604.0,422,
s833447700,p02572,u312237545,1599549816,Python,Python (3.8.2),py,Accepted,133.0,31696.0,220,
s310545482,p02572,u312237545,1599549785,Python,Python (3.8.2),py,Accepted,149.0,31488.0,235,
s585267165,p02572,u407119312,1599549520,C++,C++ (GCC 9.2.1),cpp,Accepted,36.0,1736.0,515,
s889669881,p02572,u166057331,1599547259,Python,Python (3.8.2),py,Accepted,139.0,31664.0,163,
s993355670,p02572,u525008368,1599546757,C++,C++ (GCC 9.2.1),cpp,Accepted,69.0,3588.0,2563,
s994714435,p02572,u374395860,1599545341,Python,Python (3.8.2),py,Accepted,129.0,31604.0,178,
s416721698,p02572,u024616993,1599542034,C++,C++ (GCC 9.2.1),cpp,Accepted,34.0,3960.0,659,
s394946231,p02572,u656803083,1599538883,Python,Python (3.8.2),py,Accepted,115.0,31436.0,140,
s398115946,p02572,u557086207,1599535629,C++,C++ (GCC 9.2.1),cpp,Accepted,69.0,5176.0,352,
s547883742,p02572,u312943967,1599534826,C++,C++ (GCC 9.2.1),cpp,Accepted,72.0,4004.0,368,
s059103358,p02572,u349761723,1599533537,C++,C++ (GCC 9.2.1),cpp,Accepted,71.0,5068.0,880,
s838137727,p02572,u444912499,1599529763,C++,C++ (GCC 9.2.1),cpp,Accepted,75.0,4848.0,462,
s112204316,p02572,u516793601,1599525489,C++,C++ (GCC 9.2.1),cpp,Accepted,69.0,4404.0,360,
s835095334,p02572,u692558379,1599525037,C++,C++ (GCC 9.2.1),cpp,Accepted,34.0,5176.0,657,
s855489262,p02572,u129025021,1599521722,C++,C++ (GCC 9.2.1),cpp,Accepted,36.0,6344.0,1877,
s082044332,p02572,u039988638,1599521233,C++,C++ (GCC 9.2.1),cpp,Accepted,35.0,4580.0,6717,
s398529539,p02572,u253551743,1599518768,C++,C++ (GCC 9.2.1),cpp,Accepted,166.0,3548.0,428,
s657399836,p02572,u786243207,1599518581,C++,C++ (GCC 9.2.1),cpp,Accepted,36.0,6340.0,479,
s997014505,p02572,u425758699,1599518146,C++,C++ (GCC 9.2.1),cpp,Accepted,38.0,3624.0,4225,
s800238460,p02572,u112364985,1599517478,C++,C++ (GCC 9.2.1),cpp,Accepted,76.0,6376.0,670,
s415912056,p02572,u663862781,1599517437,C++,C++ (GCC 9.2.1),cpp,Accepted,34.0,6744.0,1015,
s826783617,p02572,u664474710,1599517346,C++,C++ (GCC 9.2.1),cpp,Accepted,34.0,6732.0,550,
s758975719,p02572,u406588655,1599515264,C++,C++ (GCC 9.2.1),cpp,Accepted,68.0,4852.0,410,
s711898178,p02572,u412908746,1599515210,C++,C++ (GCC 9.2.1),cpp,Accepted,74.0,5152.0,828,
s404811905,p02572,u924587805,1599514373,C++,C++ (GCC 9.2.1),cpp,Accepted,79.0,6380.0,672,
s930093421,p02572,u814376598,1599514347,C++,C++ (GCC 9.2.1),cpp,Accepted,35.0,6756.0,501,
s233265622,p02572,u240010800,1599513292,C++,C++ (GCC 9.2.1),cpp,Accepted,43.0,6324.0,1615,
s674855175,p02572,u019836577,1599511293,C++,C++ (GCC 9.2.1),cpp,Accepted,39.0,3940.0,696,
s151964490,p02572,u624484934,1599510781,C++,C++ (GCC 9.2.1),cpp,Accepted,71.0,4028.0,395,
s887206394,p02572,u119148115,1599509745,Python,PyPy3 (7.3.0),py,Accepted,120.0,105316.0,291,
s817235349,p02572,u968404618,1599509216,Python,Python (3.8.2),py,Accepted,125.0,31488.0,166,
s356829596,p02572,u968404618,1599509195,Python,PyPy3 (7.3.0),py,Accepted,117.0,105412.0,166,
s053397240,p02572,u439684909,1599508890,C++,C++ (GCC 9.2.1),cpp,Accepted,36.0,6732.0,474,
s662764170,p02572,u681568668,1599508871,C++,C++ (GCC 9.2.1),cpp,Accepted,73.0,4008.0,370,
s618533381,p02572,u225777148,1599508273,C++,C++ (GCC 9.2.1),cpp,Accepted,76.0,4824.0,396,
s696030345,p02572,u420190011,1599508216,C++,C++ (GCC 9.2.1),cpp,Accepted,75.0,5560.0,608,
s674449570,p02572,u054514819,1599508191,Python,PyPy3 (7.3.0),py,Accepted,124.0,94116.0,310,
s464424926,p02572,u400619080,1599507473,C++,C++ (GCC 9.2.1),cpp,Accepted,34.0,3584.0,784,
s737391990,p02572,u034128150,1599507341,C++,C++ (GCC 9.2.1),cpp,Accepted,75.0,4760.0,610,
s357089633,p02572,u893584578,1599507192,C++,C++ (GCC 9.2.1),cpp,Accepted,75.0,6432.0,539,
s742275960,p02572,u028973125,1599507159,Python,Python (3.8.2),py,Accepted,146.0,31464.0,219,
s495697623,p02572,u084949493,1599507142,C++,C++ (GCC 9.2.1),cpp,Accepted,73.0,6356.0,1076,
s232485883,p02572,u962609087,1599506907,C++,C++ (GCC 9.2.1),cpp,Accepted,35.0,6348.0,2803,
s243919394,p02572,u012298376,1599506852,C++,C++ (GCC 9.2.1),cpp,Accepted,39.0,6400.0,705,
s686299830,p02572,u645250356,1599506740,Python,PyPy3 (7.3.0),py,Accepted,147.0,97440.0,446,
s124061115,p02572,u818349438,1599506737,C++,C++ (GCC 9.2.1),cpp,Accepted,78.0,4828.0,2584,
s361619309,p02572,u246366098,1599506533,C++,C++ (GCC 9.2.1),cpp,Accepted,70.0,3596.0,494,
s193147940,p02572,u967915578,1599506283,C++,C++ (GCC 9.2.1),cpp,Accepted,78.0,6428.0,1176,
s542260429,p02572,u227082700,1599506263,Python,Python (3.8.2),py,Accepted,118.0,31348.0,119,
s947448633,p02572,u616794313,1599506209,C++,C++ (GCC 9.2.1),cpp,Accepted,77.0,5896.0,5229,
s829158703,p02572,u910632349,1599506184,Python,Python (3.8.2),py,Accepted,134.0,31552.0,125,
s136500272,p02572,u530107518,1599506179,C++,C++ (GCC 9.2.1),cpp,Accepted,33.0,6368.0,1974,
s462846209,p02572,u227412361,1599506145,C++,C++ (GCC 9.2.1),cpp,Accepted,33.0,3588.0,503,
s795786840,p02572,u950174376,1599506031,C++,C++ (Clang 10.0.0),cpp,Accepted,165.0,4664.0,1111,
s105979348,p02572,u411923565,1599505913,Python,PyPy3 (7.3.0),py,Accepted,129.0,104992.0,205,
s133605225,p02572,u644907318,1599505906,Python,PyPy3 (7.3.0),py,Accepted,115.0,104296.0,361,
s199621499,p02572,u657208344,1599505859,C++,C++ (GCC 9.2.1),cpp,Accepted,77.0,6404.0,635,
s087832263,p02572,u603234915,1599505818,C++,C++ (GCC 9.2.1),cpp,Accepted,71.0,4808.0,2171,
s162795602,p02572,u033009443,1599505809,C++,C++ (GCC 9.2.1),cpp,Accepted,74.0,6700.0,361,
s569187712,p02572,u682820318,1599505765,C++,C++ (GCC 9.2.1),cpp,Accepted,82.0,6416.0,1353,
s971189996,p02572,u337213865,1599505728,C++,C++ (GCC 9.2.1),cpp,Accepted,73.0,5168.0,427,
s817871475,p02572,u860546679,1599505696,C++,C++ (GCC 9.2.1),cpp,Accepted,72.0,5156.0,796,
s817637928,p02572,u485319545,1599505655,Python,Python (3.8.2),py,Accepted,143.0,31680.0,160,
s854626914,p02572,u740054550,1599505652,C++,C++ (GCC 9.2.1),cpp,Accepted,76.0,4788.0,2662,
s947675007,p02572,u426683236,1599505645,Python,Python (3.8.2),py,Accepted,92.0,31432.0,233,
s703484024,p02572,u988076584,1599505632,C++,C++ (GCC 9.2.1),cpp,Accepted,76.0,6420.0,729,
s021518057,p02572,u491256431,1599505589,C++,C++ (GCC 9.2.1),cpp,Accepted,75.0,6724.0,1894,
s312183419,p02572,u949353021,1599505577,Python,Python (3.8.2),py,Accepted,130.0,31620.0,205,
s556208779,p02572,u415325136,1599505547,C++,C++ (GCC 9.2.1),cpp,Accepted,33.0,3644.0,1492,
s548899302,p02572,u179778090,1599505542,C++,C++ (GCC 9.2.1),cpp,Accepted,82.0,4836.0,2104,
s998882536,p02572,u783675879,1599505522,C++,C++ (GCC 9.2.1),cpp,Accepted,76.0,16480.0,42164,
s584575173,p02572,u119148115,1599505521,Python,PyPy3 (7.3.0),py,Accepted,117.0,104064.0,654,
s651117335,p02572,u888092736,1599505506,Python,Python (3.8.2),py,Accepted,160.0,31268.0,239,
s572921144,p02572,u094191970,1599505503,Python,Python (3.8.2),py,Accepted,150.0,31356.0,252,
s079653924,p02572,u806976856,1599505471,Python,PyPy3 (7.3.0),py,Accepted,110.0,105192.0,123,
s470551579,p02572,u280096880,1599505446,C++,C++ (GCC 9.2.1),cpp,Accepted,76.0,6708.0,934,
s180852184,p02572,u617826263,1599505434,C++,C++ (GCC 9.2.1),cpp,Accepted,75.0,5620.0,1968,
s963825517,p02572,u197457087,1599505423,Python,Python (3.8.2),py,Accepted,138.0,31568.0,187,
s175786848,p02572,u761320129,1599505413,Python,Python (3.8.2),py,Accepted,180.0,31372.0,215,
s726870044,p02572,u223663729,1599505369,Python,PyPy3 (7.3.0),py,Accepted,120.0,104880.0,125,
s001629953,p02572,u792510026,1599505255,Python,Python (3.8.2),py,Accepted,134.0,31588.0,190,
s814655522,p02572,u992135188,1599504598,C++,C++ (GCC 9.2.1),cpp,Accepted,87.0,6720.0,410,
s582214622,p02572,u214406343,1599504084,C++,C++ (GCC 9.2.1),cpp,Accepted,40.0,11888.0,1412,
s931383440,p02572,u183804493,1599502342,C++,C++ (GCC 9.2.1),cpp,Accepted,39.0,3248.0,319,
s966724723,p02572,u497215320,1599501801,C++,C++ (GCC 9.2.1),cpp,Accepted,36.0,5208.0,850,
s089599320,p02572,u662960988,1599500663,C++,C++ (GCC 9.2.1),cpp,Accepted,71.0,4044.0,551,
s963151311,p02572,u989396600,1599500503,C++,C++ (GCC 9.2.1),cpp,Accepted,35.0,4724.0,482,
s532549771,p02572,u235840636,1599500202,C++,C++ (GCC 9.2.1),cpp,Accepted,63.0,6768.0,785,
s448612483,p02572,u330799501,1599498936,Python,Python (3.8.2),py,Accepted,178.0,31648.0,412,
s712329354,p02572,u705418271,1599496307,Python,Python (3.8.2),py,Accepted,110.0,31440.0,148,
s302061174,p02572,u950174376,1599495439,C++,C++ (Clang 10.0.0),cpp,Accepted,157.0,6320.0,995,
s317480239,p02572,u430766779,1599494389,C++,C++ (GCC 9.2.1),cpp,Accepted,74.0,5184.0,383,
s880989079,p02572,u156088569,1599492745,C++,C++ (GCC 9.2.1),cpp,Accepted,30.0,3612.0,460,
s685189471,p02572,u628047647,1599492506,C++,C++ (GCC 9.2.1),cpp,Accepted,34.0,3988.0,5374,
s597137450,p02572,u343242669,1599492352,C++,C++ (GCC 9.2.1),cpp,Accepted,76.0,3988.0,382,
s693369871,p02572,u618263300,1599492329,C++,C++ (GCC 9.2.1),cpp,Accepted,75.0,3992.0,339,
s355528184,p02572,u618263300,1599492256,C++,C++ (GCC 9.2.1),cpp,Accepted,74.0,3972.0,328,
s468911366,p02572,u434872492,1599491196,Python,PyPy3 (7.3.0),py,Accepted,246.0,105236.0,157,
s594788262,p02572,u423827009,1599490796,C++,C++ (Clang 10.0.0),cpp,Accepted,156.0,4396.0,412,
s538351856,p02572,u468643492,1599490500,C++,C++ (GCC 9.2.1),cpp,Accepted,33.0,4780.0,581,
s977777696,p02572,u381416158,1599490344,C++,C++ (GCC 9.2.1),cpp,Accepted,70.0,4792.0,440,
s467258020,p02572,u451122856,1599487999,Python,Python (3.8.2),py,Accepted,171.0,31508.0,184,
s581337691,p02572,u689846277,1599487953,C++,C++ (GCC 9.2.1),cpp,Accepted,36.0,4784.0,2493,
s117553891,p02572,u128142444,1599487416,C++,C++ (GCC 9.2.1),cpp,Accepted,69.0,27612.0,4178,
s103187544,p02572,u708467207,1599486047,Python,PyPy3 (7.3.0),py,Accepted,131.0,123804.0,296,
s014926144,p02572,u137731453,1599485957,C++,C++ (GCC 9.2.1),cpp,Accepted,35.0,6716.0,1134,
s089184805,p02572,u459121100,1599485228,C++,C++ (GCC 9.2.1),cpp,Accepted,33.0,6000.0,1086,
s449766209,p02572,u464374366,1599482741,C++,C++ (GCC 9.2.1),cpp,Accepted,36.0,6376.0,1577,
s864354180,p02572,u280966279,1599482127,C++,C++ (GCC 9.2.1),cpp,Accepted,75.0,4044.0,385,
s626823327,p02572,u858390154,1599481455,C++,C++ (GCC 9.2.1),cpp,Accepted,33.0,5168.0,1283,
s287009187,p02572,u838716336,1599479924,Python,Python (3.8.2),py,Accepted,188.0,25108.0,280,
s274914141,p02572,u917444023,1599479202,Python,Python (3.8.2),py,Accepted,137.0,31432.0,225,
s566003929,p02572,u577806663,1599478585,C++,C++ (GCC 9.2.1),cpp,Accepted,83.0,6720.0,627,
s109974509,p02572,u580273604,1599476506,Python,Python (3.8.2),py,Accepted,138.0,31440.0,126,
s294374862,p02572,u117835308,1599475558,C++,C++ (GCC 9.2.1),cpp,Accepted,74.0,6660.0,626,
s519753321,p02572,u792720861,1599475072,Python,Python (3.8.2),py,Accepted,187.0,31748.0,204,
s964505147,p02572,u021176439,1599474637,Python,Python (3.8.2),py,Accepted,132.0,31500.0,213,
s977781980,p02572,u117835308,1599473854,C++,C++ (GCC 9.2.1),cpp,Accepted,75.0,5100.0,552,
s937161604,p02572,u049979154,1599468164,Python,Python (3.8.2),py,Accepted,126.0,31532.0,182,
s666233653,p02572,u045289115,1599468087,C++,C++ (GCC 9.2.1),cpp,Accepted,73.0,4032.0,316,
s712721940,p02572,u056912761,1599466033,C++,C++ (GCC 9.2.1),cpp,Accepted,75.0,6428.0,359,
s687955903,p02572,u175518035,1599462051,C++,C++ (GCC 9.2.1),cpp,Accepted,41.0,4424.0,926,
s042126699,p02572,u652068981,1599457709,Python,Python (3.8.2),py,Accepted,130.0,31396.0,183,
s547702502,p02572,u912451998,1599457252,C++,C++ (GCC 9.2.1),cpp,Accepted,75.0,5636.0,455,
s437544644,p02572,u912451998,1599457221,C++,C++ (GCC 9.2.1),cpp,Accepted,79.0,5632.0,449,
s448300586,p02572,u902645740,1599454692,C++,C++ (GCC 9.2.1),cpp,Accepted,37.0,4752.0,2641,
s959568910,p02572,u850516963,1599452588,C++,C++ (GCC 9.2.1),cpp,Accepted,73.0,6352.0,4568,
s688015610,p02572,u115345152,1599452507,C++,C++ (GCC 9.2.1),cpp,Accepted,77.0,6408.0,485,
s641882597,p02572,u205299510,1599449173,C++,C++ (Clang 10.0.0),cpp,Accepted,156.0,4492.0,560,
s478054625,p02572,u334999859,1599448278,C++,C++ (Clang 10.0.0),cpp,Accepted,152.0,3632.0,560,
s031747184,p02572,u831053714,1599443707,Python,Python (3.8.2),py,Accepted,129.0,31516.0,151,
s700785333,p02572,u794066762,1599441327,Python,PyPy3 (7.3.0),py,Accepted,108.0,96588.0,203,
s067378647,p02572,u999503965,1599440034,Python,Python (3.8.2),py,Accepted,125.0,31476.0,149,
s087078371,p02572,u866078901,1599438881,C++,C++ (GCC 9.2.1),cpp,Accepted,72.0,4008.0,428,
s092616958,p02572,u169042722,1599436682,Python,Python (3.8.2),py,Accepted,133.0,31600.0,146,
s950262082,p02572,u366204226,1599435793,C++,C++ (GCC 9.2.1),cpp,Accepted,37.0,6752.0,2931,
s584867614,p02572,u959813156,1599433908,C++,C++ (GCC 9.2.1),cpp,Accepted,73.0,6316.0,708,
s489658137,p02572,u835820697,1599432481,C++,C++ (GCC 9.2.1),cpp,Accepted,34.0,4716.0,815,
s057022981,p02572,u573272932,1599432397,Python,Python (3.8.2),py,Accepted,127.0,31540.0,149,
s134140510,p02572,u370283456,1599432267,C++,C++ (GCC 9.2.1),cpp,Accepted,34.0,3964.0,3019,
s790124542,p02572,u634599348,1599431962,C++,C++ (GCC 9.2.1),cpp,Accepted,36.0,5960.0,460,
s723982100,p02572,u370283456,1599431653,C++,C++ (GCC 9.2.1),cpp,Accepted,33.0,5556.0,3049,
s933762291,p02572,u336102890,1599430610,Python,Python (3.8.2),py,Accepted,142.0,31516.0,165,
s232572514,p02572,u442712373,1599430311,C++,C++ (GCC 9.2.1),cpp,Accepted,38.0,3976.0,650,
s670450278,p02572,u473113960,1599430226,Python,Python (3.8.2),py,Accepted,129.0,31352.0,156,
s939728093,p02572,u928758473,1599430175,Python,Python (3.8.2),py,Accepted,111.0,32052.0,635,
s466233788,p02572,u491827431,1599429784,C++,C++ (GCC 9.2.1),cpp,Accepted,71.0,5160.0,585,
s657949812,p02572,u038676814,1599428284,Python,Python (3.8.2),py,Accepted,150.0,31660.0,164,
s679694402,p02572,u055095475,1599427386,C++,C++ (GCC 9.2.1),cpp,Accepted,70.0,4848.0,741,
s701259448,p02572,u248996551,1599427201,Python,PyPy3 (7.3.0),py,Accepted,118.0,107076.0,227,
s703108212,p02572,u624830211,1599426642,C++,C++ (GCC 9.2.1),cpp,Accepted,71.0,3876.0,344,
s068403490,p02572,u030820165,1599425957,C++,C++ (GCC 9.2.1),cpp,Accepted,74.0,3588.0,775,
s358876451,p02572,u257920432,1599424084,C++,C++ (Clang 10.0.0),cpp,Accepted,157.0,4404.0,323,
s129029068,p02572,u673980701,1599423933,C++,C++ (GCC 9.2.1),cpp,Accepted,74.0,5552.0,415,
s141772008,p02572,u635252313,1599423013,Python,Python (3.8.2),py,Accepted,142.0,31480.0,158,
s027881810,p02572,u396589934,1599422964,C++,C++ (GCC 9.2.1),cpp,Accepted,73.0,6732.0,535,
s662275927,p02572,u547760968,1599422724,C++,C++ (GCC 9.2.1),cpp,Accepted,36.0,4764.0,734,
s521293623,p02572,u959524814,1599422650,C++,C++ (GCC 9.2.1),cpp,Accepted,73.0,5184.0,952,
s289850375,p02572,u531456543,1599422569,Python,Python (3.8.2),py,Accepted,129.0,31616.0,222,
s863305347,p02572,u063020782,1599422555,C++,C++ (GCC 9.2.1),cpp,Accepted,74.0,5200.0,541,
s142978439,p02572,u063020782,1599422456,C++,C++ (GCC 9.2.1),cpp,Accepted,70.0,5188.0,560,
s001331645,p02572,u640181671,1599422066,C++,C++ (GCC 9.2.1),cpp,Accepted,33.0,6368.0,1477,
s548734225,p02572,u126823513,1599421773,Python,Python (3.8.2),py,Accepted,121.0,31580.0,189,
s735647328,p02572,u623231048,1599421539,Python,PyPy3 (7.3.0),py,Accepted,120.0,106504.0,229,
s028514496,p02572,u197457087,1599421417,Python,Python (3.8.2),py,Accepted,136.0,31556.0,187,
s134844893,p02572,u716537187,1599421049,C++,C++ (GCC 9.2.1),cpp,Accepted,71.0,4424.0,547,
s047171109,p02572,u273824262,1599420539,C++,C++ (GCC 9.2.1),cpp,Accepted,75.0,6412.0,392,
s217952403,p02572,u716537187,1599420529,C++,C++ (GCC 9.2.1),cpp,Accepted,73.0,4404.0,554,
s787966310,p02572,u477651929,1599420454,C++,C++ (GCC 9.2.1),cpp,Accepted,75.0,6744.0,460,
s713887987,p02572,u716537187,1599420264,C++,C++ (GCC 9.2.1),cpp,Accepted,73.0,4008.0,557,
s908250154,p02572,u743878367,1599419710,Python,Python (3.8.2),py,Accepted,169.0,31736.0,166,
s565757777,p02572,u312943292,1599419428,C++,C++ (GCC 9.2.1),cpp,Accepted,34.0,6716.0,834,
s454894944,p02572,u721848450,1599419175,C++,C++ (GCC 9.2.1),cpp,Accepted,40.0,5356.0,363,
s152035584,p02572,u186959412,1599418634,C++,C++ (GCC 9.2.1),cpp,Accepted,36.0,6376.0,1187,
s043685330,p02572,u350275011,1599418606,C++,C++ (GCC 9.2.1),cpp,Accepted,71.0,6748.0,401,
s018233461,p02572,u656506839,1599418573,C++,C++ (GCC 9.2.1),cpp,Accepted,75.0,4056.0,600,
s219385628,p02572,u901531791,1599418017,C++,C++ (GCC 9.2.1),cpp,Accepted,72.0,6744.0,498,
s519484364,p02572,u893239355,1599417630,C++,C++ (GCC 9.2.1),cpp,Accepted,78.0,3980.0,1547,
s994460437,p02572,u997671524,1599417266,C++,C++ (GCC 9.2.1),cpp,Accepted,75.0,6644.0,320,
s037208881,p02572,u211694760,1599417241,C++,C++ (GCC 9.2.1),cpp,Accepted,78.0,3636.0,246,
s916931791,p02572,u214732904,1599417218,C++,C++ (GCC 9.2.1),cpp,Accepted,79.0,4420.0,530,
s179145028,p02572,u214732904,1599417156,C++,C++ (GCC 9.2.1),cpp,Accepted,73.0,3996.0,491,
s355673148,p02572,u309816168,1599417051,C++,C++ (GCC 9.2.1),cpp,Accepted,75.0,6432.0,528,
s584586344,p02572,u214732904,1599416547,C++,C++ (GCC 9.2.1),cpp,Accepted,73.0,4052.0,543,
s523806116,p02572,u915582296,1599416015,C++,C++ (GCC 9.2.1),cpp,Accepted,74.0,4028.0,625,
s624892871,p02572,u915582296,1599415896,C++,C++ (GCC 9.2.1),cpp,Accepted,74.0,4012.0,629,
s515590764,p02572,u985972698,1599415670,Python,Python (3.8.2),py,Accepted,113.0,31420.0,464,
s634331552,p02572,u273359100,1599414318,C++,C++ (GCC 9.2.1),cpp,Accepted,35.0,6360.0,956,
s889311015,p02572,u819028078,1599414157,C++,C++ (GCC 9.2.1),cpp,Accepted,32.0,6444.0,2056,
s849722208,p02572,u615017370,1599411663,Python,Python (3.8.2),py,Accepted,239.0,31532.0,358,
s969126126,p02572,u056358163,1599410382,Python,Python (3.8.2),py,Accepted,156.0,31528.0,184,
s955845179,p02572,u851035514,1599410275,Python,PyPy3 (7.3.0),py,Accepted,113.0,105304.0,206,
s941473370,p02572,u973240207,1599409756,Python,Python (3.8.2),py,Accepted,176.0,50164.0,600,
s797614610,p02572,u108072608,1599409319,Python,Python (3.8.2),py,Accepted,125.0,31544.0,166,
s149721390,p02572,u497200058,1599409170,Python,Python (3.8.2),py,Accepted,141.0,31656.0,197,
s591559717,p02572,u150022918,1599409043,C++,C++ (GCC 9.2.1),cpp,Accepted,36.0,6724.0,1040,
s877162972,p02572,u071396528,1599408090,C++,C++ (GCC 9.2.1),cpp,Accepted,70.0,7960.0,881,
s781366513,p02572,u004063473,1599408003,C++,C++ (GCC 9.2.1),cpp,Accepted,75.0,4772.0,497,
s102098498,p02572,u947664173,1599407868,Python,PyPy3 (7.3.0),py,Accepted,121.0,105228.0,152,
s927388852,p02572,u945579899,1599407180,C++,C++ (GCC 9.2.1),cpp,Accepted,37.0,3960.0,512,
s771631157,p02572,u240582493,1599406436,C++,C++ (GCC 9.2.1),cpp,Accepted,84.0,6772.0,408,
s682600428,p02572,u240582493,1599406289,C++,C++ (GCC 9.2.1),cpp,Accepted,52.0,2476.0,423,
s577727020,p02572,u861886710,1599405977,Python,Python (3.8.2),py,Accepted,125.0,31664.0,181,
s553074345,p02572,u861886710,1599405923,Python,Python (3.8.2),py,Accepted,131.0,31600.0,172,
s949511595,p02572,u274080981,1599405710,Python,Python (3.8.2),py,Accepted,170.0,31588.0,267,
s584575784,p02572,u195733094,1599404458,C++,C++ (GCC 9.2.1),cpp,Accepted,34.0,3572.0,441,
s971204250,p02572,u873190923,1599403512,Python,PyPy3 (7.3.0),py,Accepted,150.0,112348.0,3210,
s387665681,p02572,u609176437,1599403503,Python,Python (3.8.2),py,Accepted,150.0,31448.0,231,
s441940642,p02572,u043308881,1599403186,C++,C++ (GCC 9.2.1),cpp,Accepted,77.0,6664.0,650,
s582066726,p02572,u293523151,1599403152,C++,C++ (Clang 10.0.0),cpp,Accepted,149.0,3152.0,804,
s826918685,p02572,u190866799,1599403139,C++,C++ (GCC 9.2.1),cpp,Accepted,34.0,6736.0,775,
s357245580,p02572,u089230684,1599403042,C++,C++ (GCC 9.2.1),cpp,Accepted,86.0,6676.0,410,
s950272222,p02572,u393512980,1599402939,Python,PyPy3 (7.3.0),py,Accepted,112.0,105248.0,193,
s331932086,p02572,u426979591,1599402906,C++,C++ (GCC 9.2.1),cpp,Accepted,74.0,5160.0,351,
s909920151,p02572,u867848444,1599402481,C++,C++ (GCC 9.2.1),cpp,Accepted,70.0,4284.0,474,
s059278006,p02572,u489525542,1599401232,C++,C++ (GCC 9.2.1),cpp,Accepted,80.0,6752.0,319,
s596329522,p02572,u323045245,1599401131,Python,Python (3.8.2),py,Accepted,141.0,31548.0,140,
s957498326,p02572,u349870478,1599401112,C++,C++ (GCC 9.2.1),cpp,Accepted,41.0,5392.0,648,
s162273160,p02572,u707614029,1599398395,Python,Python (3.8.2),py,Accepted,165.0,31744.0,331,
s208695424,p02572,u564902833,1599397242,C++,C++ (GCC 9.2.1),cpp,Accepted,79.0,4824.0,7927,
s996064240,p02572,u707614029,1599397089,Python,Python (3.8.2),py,Accepted,162.0,31516.0,305,
s833497517,p02572,u571486316,1599396501,C++,C++ (GCC 9.2.1),cpp,Accepted,71.0,4020.0,485,
s184026018,p02572,u102183888,1599395421,C++,C++ (GCC 9.2.1),cpp,Accepted,72.0,3996.0,473,
s016989076,p02572,u166272617,1599394660,Python,Python (3.8.2),py,Accepted,166.0,31344.0,208,
s539984071,p02572,u853929315,1599391707,C++,C++ (GCC 9.2.1),cpp,Accepted,32.0,5192.0,2162,
s192836689,p02572,u665138123,1599387105,C++,C++ (GCC 9.2.1),cpp,Accepted,36.0,6360.0,788,
s346982429,p02572,u782930273,1599386245,Python,PyPy3 (7.3.0),py,Accepted,167.0,105112.0,267,
s197005165,p02572,u583477773,1599386136,C++,C++ (GCC 9.2.1),cpp,Accepted,78.0,4688.0,698,
s284313331,p02572,u863370423,1599386065,C++,C++ (GCC 9.2.1),cpp,Accepted,75.0,4364.0,300,
s543239059,p02572,u182903625,1599385430,C++,C++ (GCC 9.2.1),cpp,Accepted,74.0,5564.0,468,
s627034129,p02572,u799978560,1599384388,Python,Python (3.8.2),py,Accepted,137.0,31404.0,197,
s198433331,p02572,u344813796,1599384233,Python,Python (3.8.2),py,Accepted,156.0,31196.0,267,
s984645782,p02572,u527105447,1599384192,C++,C++ (GCC 9.2.1),cpp,Accepted,72.0,4768.0,531,
s736190099,p02572,u583477773,1599383101,C++,C++ (GCC 9.2.1),cpp,Accepted,37.0,4816.0,2656,
s058639581,p02572,u486151086,1599382614,C++,C++ (GCC 9.2.1),cpp,Accepted,71.0,4388.0,360,
s113825440,p02572,u583477773,1599382245,C++,C++ (GCC 9.2.1),cpp,Accepted,40.0,4836.0,970,
s579587124,p02572,u693566873,1599378664,Python,Python (3.8.2),py,Accepted,151.0,25200.0,235,
s482147403,p02572,u798665594,1599378121,C++,C++ (GCC 9.2.1),cpp,Accepted,79.0,4764.0,479,
s933601141,p02572,u860295211,1599375847,C++,C++ (GCC 9.2.1),cpp,Accepted,73.0,6320.0,523,
s431612152,p02572,u510618698,1599374854,C++,C++ (GCC 9.2.1),cpp,Accepted,35.0,6748.0,517,
s580943390,p02572,u831294922,1599373809,C++,C++ (GCC 9.2.1),cpp,Accepted,75.0,4788.0,415,
s214275256,p02572,u490127109,1599372821,Python,Python (3.8.2),py,Accepted,132.0,31704.0,197,
s145020764,p02572,u659890802,1599359399,C++,C++ (GCC 9.2.1),cpp,Accepted,76.0,6416.0,1657,
s849484628,p02572,u887670003,1599359250,Python,PyPy3 (7.3.0),py,Accepted,110.0,93892.0,302,
s779168838,p02572,u506464494,1599354882,C++,C++ (GCC 9.2.1),cpp,Accepted,73.0,3984.0,5061,
s483483599,p02572,u714852797,1599353848,Python,Python (3.8.2),py,Accepted,121.0,31640.0,181,
s268881802,p02572,u685892567,1599351684,C++,C++ (GCC 9.2.1),cpp,Accepted,71.0,4828.0,2941,
s918242713,p02572,u714852797,1599351188,Python,Python (3.8.2),py,Accepted,128.0,31376.0,147,
s551356344,p02572,u708870263,1599345431,C++,C++ (Clang 10.0.0),cpp,Accepted,156.0,6272.0,505,
s216023230,p02572,u685189572,1599344577,C++,C++ (GCC 9.2.1),cpp,Accepted,76.0,5632.0,733,
s618156953,p02572,u804173974,1599343675,C++,C++ (GCC 9.2.1),cpp,Accepted,24.0,6876.0,1034,
s843643186,p02572,u273974261,1599343338,C++,C++ (GCC 9.2.1),cpp,Accepted,32.0,4780.0,3070,
s479840707,p02572,u658223739,1599343010,C++,C++ (GCC 9.2.1),cpp,Accepted,75.0,5636.0,403,
s238555398,p02572,u793581296,1599342985,C++,C++ (GCC 9.2.1),cpp,Accepted,71.0,4056.0,671,
s892146939,p02572,u605685616,1599342206,C++,C++ (GCC 9.2.1),cpp,Accepted,73.0,4768.0,442,
s388954692,p02572,u279266699,1599341254,Python,Python (3.8.2),py,Accepted,121.0,31520.0,438,
s534323610,p02572,u912007551,1599341194,C++,C++ (Clang 10.0.0),cpp,Accepted,153.0,3948.0,1400,
s338025234,p02572,u141786930,1599341166,Python,Python (3.8.2),py,Accepted,472.0,50248.0,323,
s144074317,p02572,u945157177,1599341040,Python,PyPy3 (7.3.0),py,Accepted,113.0,105296.0,208,
s966134226,p02572,u878056971,1599340671,C++,C++ (GCC 9.2.1),cpp,Accepted,82.0,6744.0,422,
s148663308,p02572,u141786930,1599340630,Python,Python (3.8.2),py,Accepted,186.0,31392.0,263,
s839863123,p02572,u141786930,1599340140,Python,Python (3.8.2),py,Accepted,143.0,31484.0,172,
s684812806,p02572,u481584122,1599339617,C++,C++ (GCC 9.2.1),cpp,Accepted,73.0,4816.0,516,
s007169164,p02572,u934066963,1599338866,Python,PyPy3 (7.3.0),py,Accepted,132.0,110800.0,696,
s099110689,p02572,u204616996,1599338855,Python,Python (3.8.2),py,Accepted,146.0,31428.0,140,
s004437022,p02572,u644352894,1599338622,C++,C++ (GCC 9.2.1),cpp,Accepted,39.0,6892.0,408,
s626811114,p02572,u593222312,1599338492,C++,C++ (GCC 9.2.1),cpp,Accepted,72.0,4040.0,491,
s162849634,p02572,u904811150,1599338134,Python,Python (3.8.2),py,Accepted,179.0,31492.0,220,
s939860103,p02572,u647999897,1599338133,Python,PyPy3 (7.3.0),py,Accepted,143.0,107196.0,325,
s865556010,p02572,u593222312,1599337988,C++,C++ (GCC 9.2.1),cpp,Accepted,74.0,4044.0,557,
s094877915,p02572,u014386369,1599337715,Python,Python (3.8.2),py,Accepted,197.0,31440.0,204,
s576131019,p02572,u684755787,1599337364,C++,C++ (GCC 9.2.1),cpp,Accepted,73.0,4044.0,645,
s077898918,p02572,u487015778,1599337346,C++,C++ (GCC 9.2.1),cpp,Accepted,74.0,4780.0,362,
s902202585,p02572,u716903426,1599337169,C++,C++ (GCC 9.2.1),cpp,Accepted,75.0,5944.0,336,
s973379420,p02572,u485770546,1599337140,C++,C++ (GCC 9.2.1),cpp,Accepted,37.0,6768.0,470,
s219546194,p02572,u485770546,1599336655,C++,C++ (GCC 9.2.1),cpp,Accepted,34.0,6680.0,1127,
s842720660,p02572,u038404105,1599336630,Python,Python (3.8.2),py,Accepted,101.0,31620.0,207,
s375603729,p02572,u678322047,1599336459,C++,C++ (GCC 9.2.1),cpp,Accepted,34.0,5468.0,1830,
s035439702,p02572,u427427681,1599336378,Python,Python (3.8.2),py,Accepted,128.0,31504.0,143,
s852055953,p02572,u126859973,1599335976,C++,C++ (GCC 9.2.1),cpp,Accepted,35.0,6400.0,1998,
s119485925,p02572,u367794409,1599334938,Python,Python (3.8.2),py,Accepted,187.0,31584.0,215,
s162327741,p02572,u648881683,1599334871,Python,Python (3.8.2),py,Accepted,132.0,32476.0,621,
s593909214,p02572,u956298021,1599334510,C++,C++ (GCC 9.2.1),cpp,Accepted,72.0,5856.0,404,
s640765980,p02572,u541032448,1599334181,C++,C++ (Clang 10.0.0),cpp,Accepted,158.0,5776.0,472,
s306388920,p02572,u689890477,1599333879,Python,Python (3.8.2),py,Accepted,161.0,31580.0,169,
s140790508,p02572,u541032448,1599333845,C++,C++ (Clang 10.0.0),cpp,Accepted,156.0,5824.0,437,
s684485142,p02572,u887152994,1599333111,Python,Python (3.8.2),py,Accepted,191.0,31600.0,223,
s123607669,p02572,u189487046,1599332969,Python,Python (3.8.2),py,Accepted,190.0,31164.0,206,
s134780012,p02572,u960237860,1599332649,Python,Python (3.8.2),py,Accepted,96.0,31416.0,240,
s635716774,p02572,u832708957,1599332593,C++,C++ (GCC 9.2.1),cpp,Accepted,75.0,4820.0,461,
s298600335,p02572,u866325817,1599332185,C++,C++ (GCC 9.2.1),cpp,Accepted,74.0,6740.0,399,
s847989499,p02572,u439239557,1599330292,C++,C++ (GCC 9.2.1),cpp,Accepted,69.0,4036.0,521,
s034995766,p02572,u015580732,1599329591,C++,C++ (GCC 9.2.1),cpp,Accepted,75.0,6716.0,842,
s849949129,p02572,u836589274,1599329510,Python,Python (3.8.2),py,Accepted,148.0,31440.0,205,
s708607627,p02572,u707187541,1599329439,Python,Python (3.8.2),py,Accepted,148.0,31588.0,174,
s609779329,p02572,u474699342,1599329180,C++,C++ (GCC 9.2.1),cpp,Accepted,72.0,6708.0,380,
s510455865,p02572,u482090956,1599329066,C++,C++ (GCC 9.2.1),cpp,Accepted,45.0,5176.0,705,
s741876978,p02572,u240708118,1599328288,C++,C++ (GCC 9.2.1),cpp,Accepted,73.0,5160.0,350,
s329013772,p02572,u161322737,1599328161,Python,Python (3.8.2),py,Accepted,144.0,31520.0,189,
s920651774,p02572,u727432269,1599328096,C++,C++ (GCC 9.2.1),cpp,Accepted,72.0,6416.0,680,
s632950757,p02572,u110756165,1599327508,C++,C++ (GCC 9.2.1),cpp,Accepted,34.0,3620.0,352,
s823164031,p02572,u481676024,1599326521,C++,C++ (GCC 9.2.1),cpp,Accepted,41.0,5340.0,1286,
s090455352,p02572,u181783949,1599325114,C++,C++ (GCC 9.2.1),cpp,Accepted,75.0,5604.0,1798,
s670507252,p02572,u302240043,1599324416,C++,C++ (GCC 9.2.1),cpp,Accepted,69.0,3628.0,287,
s468611072,p02572,u791244465,1599324249,C++,C++ (GCC 9.2.1),cpp,Accepted,74.0,4832.0,953,
s405511505,p02572,u791244465,1599324217,C++,C++ (Clang 10.0.0),cpp,Accepted,156.0,4440.0,953,
s709639659,p02572,u810356688,1599323708,Python,PyPy3 (7.3.0),py,Accepted,124.0,105448.0,305,
s243266277,p02572,u810356688,1599323688,Python,Python (3.8.2),py,Accepted,119.0,31480.0,305,
s830411888,p02572,u865663457,1599323186,C++,C++ (GCC 9.2.1),cpp,Accepted,76.0,5596.0,681,
s519476024,p02572,u807469562,1599322234,C++,C++ (GCC 9.2.1),cpp,Accepted,72.0,4420.0,394,
s277607981,p02572,u207943779,1599321889,C++,C++ (GCC 9.2.1),cpp,Accepted,45.0,6120.0,309,
s836865969,p02572,u703944499,1599321148,C++,C++ (GCC 9.2.1),cpp,Accepted,46.0,6928.0,388,
s254201283,p02572,u057093770,1599320702,C++,C++ (GCC 9.2.1),cpp,Accepted,73.0,5196.0,325,
s749147398,p02572,u392337741,1599320581,C++,C++ (GCC 9.2.1),cpp,Accepted,82.0,5204.0,423,
s491621067,p02572,u016839802,1599320187,C++,C++ (GCC 9.2.1),cpp,Accepted,75.0,5152.0,325,
s128461998,p02572,u124274469,1599319958,C++,C++ (GCC 9.2.1),cpp,Accepted,72.0,5196.0,305,
s684017928,p02572,u162611273,1599319667,C++,C++ (GCC 9.2.1),cpp,Accepted,79.0,5156.0,430,
s258925992,p02572,u266724187,1599319603,C++,C++ (GCC 9.2.1),cpp,Accepted,71.0,5212.0,418,
s701236910,p02572,u668447887,1599319552,C++,C++ (GCC 9.2.1),cpp,Accepted,71.0,6700.0,381,
s738265502,p02572,u876978301,1599319522,C++,C++ (GCC 9.2.1),cpp,Accepted,71.0,4852.0,695,
s287126429,p02572,u992910889,1599319444,C++,C++ (GCC 9.2.1),cpp,Accepted,56.0,18336.0,8930,
s224434126,p02572,u668447887,1599319439,C++,C++ (GCC 9.2.1),cpp,Accepted,75.0,6716.0,394,
s712880621,p02572,u244079585,1599319077,C++,C++ (GCC 9.2.1),cpp,Accepted,78.0,6724.0,317,
s371470057,p02572,u992910889,1599318646,C++,C++ (GCC 9.2.1),cpp,Accepted,56.0,18292.0,8924,
s839567777,p02572,u857355154,1599318552,C++,C++ (GCC 9.2.1),cpp,Accepted,74.0,5180.0,348,
s372908487,p02572,u262869085,1599318538,Python,Python (3.8.2),py,Accepted,138.0,31616.0,226,
s774625351,p02572,u190483025,1599318179,C++,C++ (GCC 9.2.1),cpp,Accepted,41.0,6896.0,357,
s973852136,p02572,u291577597,1599318056,C++,C++ (GCC 9.2.1),cpp,Accepted,75.0,6700.0,295,
s047730770,p02572,u873850803,1599317847,C++,C++ (GCC 9.2.1),cpp,Accepted,42.0,5168.0,479,
s677983326,p02572,u709275480,1599317838,C++,C++ (GCC 9.2.1),cpp,Accepted,74.0,5636.0,1357,
s761203736,p02572,u684944564,1599317696,C++,C++ (GCC 9.2.1),cpp,Accepted,36.0,5092.0,701,
s513345509,p02572,u260232156,1599317389,C++,C++ (GCC 9.2.1),cpp,Accepted,40.0,5372.0,414,
s040353046,p02572,u908295759,1599317247,C++,C++ (GCC 9.2.1),cpp,Accepted,73.0,6720.0,497,
s861478500,p02572,u655790107,1599317229,C++,C++ (GCC 9.2.1),cpp,Accepted,71.0,4832.0,4580,
s305788580,p02572,u799603904,1599317121,C++,C++ (GCC 9.2.1),cpp,Accepted,36.0,6772.0,4654,
s937211316,p02572,u137459869,1599317096,C++,C++ (GCC 9.2.1),cpp,Accepted,40.0,3284.0,382,
s317992704,p02572,u275301123,1599316939,C++,C++ (GCC 9.2.1),cpp,Accepted,74.0,6728.0,405,
s783279158,p02572,u324826464,1599316808,C++,C++ (GCC 9.2.1),cpp,Accepted,72.0,5972.0,362,
s551821379,p02572,u655790107,1599316719,C++,C++ (GCC 9.2.1),cpp,Accepted,71.0,4832.0,475,
s762652451,p02572,u101368892,1599316454,C++,C++ (GCC 9.2.1),cpp,Accepted,33.0,5880.0,419,
s389445759,p02572,u655790107,1599316437,C++,C++ (GCC 9.2.1),cpp,Accepted,71.0,3968.0,543,
s392989659,p02572,u738822621,1599316244,C++,C++ (GCC 9.2.1),cpp,Accepted,37.0,6744.0,424,
s031212392,p02572,u449775273,1599315110,Python,Python (3.8.2),py,Accepted,205.0,31432.0,318,
s880656994,p02572,u602773379,1599314472,Python,Python (3.8.2),py,Accepted,163.0,31536.0,271,
s528891989,p02572,u439912527,1599314401,C++,C++ (GCC 9.2.1),cpp,Accepted,72.0,4008.0,735,
s123251392,p02572,u613959436,1599312735,C++,C++ (GCC 9.2.1),cpp,Accepted,35.0,6344.0,1265,
s610235750,p02572,u759721333,1599312407,C++,C++ (GCC 9.2.1),cpp,Accepted,37.0,4732.0,1149,
s513139495,p02572,u836939578,1599312396,Python,PyPy3 (7.3.0),py,Accepted,129.0,104816.0,176,
s330251978,p02572,u836939578,1599312219,Python,PyPy3 (7.3.0),py,Accepted,115.0,105432.0,164,
s369005517,p02572,u519336948,1599312004,C++,C++ (GCC 9.2.1),cpp,Accepted,33.0,4416.0,1100,
s196887317,p02572,u836939578,1599311704,Python,PyPy3 (7.3.0),py,Accepted,118.0,105204.0,201,
s030039841,p02572,u073082475,1599311111,C++,C++ (GCC 9.2.1),cpp,Accepted,72.0,5196.0,921,
s471128879,p02572,u537740960,1599308996,C++,C++ (GCC 9.2.1),cpp,Accepted,37.0,5180.0,881,
s957254176,p02572,u656731444,1599308110,C++,C++ (GCC 9.2.1),cpp,Accepted,73.0,5156.0,669,
s929803307,p02572,u569871019,1599308007,C++,C++ (GCC 9.2.1),cpp,Accepted,70.0,5156.0,670,
s235005174,p02572,u983563612,1599307810,C++,C++ (GCC 9.2.1),cpp,Accepted,75.0,4844.0,647,
s641776202,p02572,u138879272,1599307712,C++,C++ (GCC 9.2.1),cpp,Accepted,38.0,4604.0,310,
s097035913,p02572,u342801789,1599306879,C++,C++ (GCC 9.2.1),cpp,Accepted,78.0,6432.0,495,
s241999818,p02572,u395083174,1599306346,C++,C++ (GCC 9.2.1),cpp,Accepted,36.0,5516.0,468,
s314836126,p02572,u508688268,1599306130,C++,C++ (GCC 9.2.1),cpp,Accepted,37.0,5572.0,742,
s217147438,p02572,u525065967,1599305352,C++,C++ (GCC 9.2.1),cpp,Accepted,78.0,5572.0,403,
s904728876,p02572,u557086031,1599305309,C++,C++ (GCC 9.2.1),cpp,Accepted,74.0,4824.0,538,
s489274656,p02572,u109489258,1599305174,C++,C++ (GCC 9.2.1),cpp,Accepted,71.0,3988.0,379,
s024585608,p02572,u135360096,1599304845,Python,Python (3.8.2),py,Accepted,165.0,31756.0,187,
s166277140,p02572,u958512431,1599303651,C++,C++ (GCC 9.2.1),cpp,Accepted,73.0,6772.0,513,
s700301045,p02572,u529763349,1599302905,C++,C++ (GCC 9.2.1),cpp,Accepted,36.0,6776.0,1041,
s911324345,p02572,u729981075,1599301509,C++,C++ (GCC 9.2.1),cpp,Accepted,74.0,6740.0,375,
s846731392,p02572,u444348687,1599301393,C++,C++ (GCC 9.2.1),cpp,Accepted,42.0,7120.0,530,
s707541748,p02572,u407778590,1599300133,Python,Python (3.8.2),py,Accepted,191.0,31380.0,293,
s216910007,p02572,u402209208,1599299000,C++,C++ (GCC 9.2.1),cpp,Accepted,69.0,4848.0,360,
s340077061,p02572,u105791541,1599298089,C++,C++ (GCC 9.2.1),cpp,Accepted,71.0,4852.0,2973,
s988309552,p02572,u382988582,1599297916,C++,C++ (GCC 9.2.1),cpp,Accepted,77.0,5204.0,1024,
s080641696,p02572,u855866205,1599296727,Python,PyPy3 (7.3.0),py,Accepted,121.0,105076.0,167,
s884896742,p02572,u964075974,1599295967,C++,C++ (GCC 9.2.1),cpp,Accepted,73.0,8284.0,4116,
s397164934,p02572,u935370883,1599295475,C++,C++ (GCC 9.2.1),cpp,Accepted,32.0,5564.0,981,
s128331630,p02572,u985625318,1599291147,C++,C++ (GCC 9.2.1),cpp,Accepted,76.0,6428.0,455,
s599457652,p02572,u058720266,1599289756,C++,C++ (GCC 9.2.1),cpp,Accepted,36.0,5528.0,581,
s322421217,p02572,u408375121,1599288555,Python,Python (3.8.2),py,Accepted,133.0,31504.0,199,
s321626917,p02572,u347640436,1599287256,Python,Python (3.8.2),py,Accepted,167.0,31524.0,187,
s441554496,p02572,u347640436,1599287174,Python,Python (3.8.2),py,Accepted,138.0,31608.0,159,
s564259605,p02572,u427883675,1599285084,C++,C++ (GCC 9.2.1),cpp,Accepted,71.0,4048.0,558,
s996940476,p02572,u890154002,1599284918,C++,C++ (GCC 9.2.1),cpp,Accepted,74.0,4408.0,665,
s285538947,p02572,u350248178,1599284013,Python,Python (3.8.2),py,Accepted,125.0,31404.0,124,
s504955842,p02572,u816631826,1599282367,C++,C++ (GCC 9.2.1),cpp,Accepted,34.0,6376.0,768,
s979320158,p02572,u953463534,1599280594,C++,C++ (GCC 9.2.1),cpp,Accepted,39.0,4648.0,655,
s181159633,p02572,u921940646,1599274263,C++,C++ (GCC 9.2.1),cpp,Accepted,33.0,3932.0,2374,
s280761994,p02572,u943761541,1599267639,C++,C++ (GCC 9.2.1),cpp,Accepted,42.0,5284.0,575,
s135591914,p02572,u552083508,1599267351,Python,Python (3.8.2),py,Accepted,152.0,31764.0,184,
s366395621,p02572,u516525290,1599265438,C++,C++ (Clang 10.0.0),cpp,Accepted,159.0,6052.0,1285,
s825265441,p02572,u516525290,1599265150,C++,C++ (Clang 10.0.0),cpp,Accepted,160.0,5952.0,1320,
s344766245,p02572,u569871019,1599264094,C++,C++ (GCC 9.2.1),cpp,Accepted,74.0,6708.0,554,
s340254554,p02572,u556032317,1599262977,C++,C++ (GCC 9.2.1),cpp,Accepted,35.0,5204.0,450,
s984740104,p02572,u059795695,1599262406,C++,C++ (GCC 9.2.1),cpp,Accepted,74.0,5260.0,570,
s087213181,p02572,u835480534,1599262140,C++,C++ (GCC 9.2.1),cpp,Accepted,35.0,4772.0,1087,
s702340017,p02572,u071361440,1599255586,C++,C++ (GCC 9.2.1),cpp,Accepted,72.0,4064.0,504,
s409486689,p02572,u636186470,1599255414,C++,C++ (GCC 9.2.1),cpp,Accepted,74.0,4048.0,521,
s890869154,p02572,u887833602,1599255117,Python,Python (3.8.2),py,Accepted,136.0,31752.0,320,
s745795887,p02572,u668191971,1599254154,C++,C++ (GCC 9.2.1),cpp,Accepted,35.0,6340.0,2000,
s888272793,p02572,u626881915,1599253869,Python,Python (3.8.2),py,Accepted,178.0,31524.0,195,
s940438951,p02572,u626035767,1599253728,C++,C++ (GCC 9.2.1),cpp,Accepted,73.0,4056.0,442,
s529348624,p02572,u064289606,1599253623,Python,Python (3.8.2),py,Accepted,159.0,25244.0,162,
s783000473,p02572,u018679195,1599253260,C++,C++ (GCC 9.2.1),cpp,Accepted,79.0,3968.0,521,
s837769571,p02572,u924828749,1599253020,Python,Python (3.8.2),py,Accepted,248.0,31492.0,263,
s148148478,p02572,u216579347,1599252702,C++,C++ (GCC 9.2.1),cpp,Accepted,77.0,6420.0,580,
s347354789,p02572,u290754584,1599252433,Python,Python (3.8.2),py,Accepted,191.0,34480.0,213,
s781744799,p02572,u529196326,1599251685,C++,C++ (GCC 9.2.1),cpp,Accepted,49.0,6728.0,1345,
s269349645,p02572,u529196326,1599251602,C++,C++ (GCC 9.2.1),cpp,Accepted,49.0,6768.0,1345,
s138510837,p02572,u239752355,1599251550,C++,C++ (GCC 9.2.1),cpp,Accepted,39.0,5224.0,773,
s699393816,p02572,u581511366,1599250859,Python,Python (3.8.2),py,Accepted,115.0,31576.0,266,
s572619577,p02572,u134896569,1599250598,C++,C++ (GCC 9.2.1),cpp,Accepted,37.0,4780.0,576,
s350847744,p02572,u732171993,1599250094,C++,C++ (GCC 9.2.1),cpp,Accepted,36.0,4784.0,1380,
s898699316,p02572,u712534097,1599249898,C++,C++ (GCC 9.2.1),cpp,Accepted,77.0,4420.0,351,
s000782498,p02572,u142335552,1599249407,C++,C++ (GCC 9.2.1),cpp,Accepted,40.0,6756.0,930,
s066282235,p02572,u087118202,1599248882,Python,PyPy3 (7.3.0),py,Accepted,124.0,105264.0,128,
s925070629,p02572,u527652459,1599247740,Python,Python (3.8.2),py,Accepted,361.0,31564.0,210,
s411613149,p02572,u588283533,1599247498,C++,C++ (GCC 9.2.1),cpp,Accepted,74.0,4784.0,428,
s029724257,p02572,u877160719,1599246620,C++,C++ (GCC 9.2.1),cpp,Accepted,39.0,6396.0,1742,
s724231089,p02572,u110996038,1599246463,C++,C++ (GCC 9.2.1),cpp,Accepted,76.0,6428.0,1995,
s513768464,p02572,u108509795,1599246006,Python,PyPy3 (7.3.0),py,Accepted,117.0,105320.0,141,
s957619471,p02572,u754440780,1599245568,C++,C++ (GCC 9.2.1),cpp,Accepted,31.0,5164.0,1760,
s814740692,p02572,u829403090,1599245045,C++,C++ (GCC 9.2.1),cpp,Accepted,73.0,4728.0,551,
s220604116,p02572,u243407720,1599244640,C++,C++ (GCC 9.2.1),cpp,Accepted,73.0,6420.0,1766,
s428028263,p02572,u803893892,1599244385,C++,C++ (GCC 9.2.1),cpp,Accepted,70.0,3568.0,1486,
s403514330,p02572,u559204540,1599242199,C++,C++ (GCC 9.2.1),cpp,Accepted,72.0,5180.0,428,
s930978450,p02572,u727473003,1599241606,C++,C++ (GCC 9.2.1),cpp,Accepted,35.0,8380.0,1079,
s946314595,p02572,u141419468,1599240115,Python,Python (3.8.2),py,Accepted,141.0,31416.0,184,
s889812351,p02572,u506422964,1599239311,C++,C++ (GCC 9.2.1),cpp,Accepted,74.0,4816.0,3288,
s478693223,p02572,u714708745,1599238433,C++,C++ (GCC 9.2.1),cpp,Accepted,35.0,6376.0,1346,
s579983353,p02572,u811967730,1599238367,C++,C++ (GCC 9.2.1),cpp,Accepted,74.0,4844.0,862,
s645837031,p02572,u615194706,1599237505,C++,C++ (GCC 9.2.1),cpp,Accepted,77.0,6424.0,511,
s940677371,p02572,u915020369,1599236852,C++,C++ (GCC 9.2.1),cpp,Accepted,40.0,4040.0,2001,
s839399972,p02572,u645855527,1599236625,Python,PyPy3 (7.3.0),py,Accepted,112.0,104972.0,178,
s619735988,p02572,u899046226,1599236613,C++,C++ (GCC 9.2.1),cpp,Accepted,74.0,6672.0,396,
s767915170,p02572,u064527502,1599235951,C++,C++ (GCC 9.2.1),cpp,Accepted,75.0,6768.0,478,
s875474901,p02572,u135346354,1599234869,Python,Python (3.8.2),py,Accepted,316.0,31612.0,252,
s205419243,p02572,u495852949,1599234617,C++,C++ (GCC 9.2.1),cpp,Accepted,73.0,6704.0,692,
s622227922,p02572,u099522829,1599233780,C++,C++ (GCC 9.2.1),cpp,Accepted,78.0,6428.0,2619,
s296473453,p02572,u921532128,1599233101,C++,C++ (GCC 9.2.1),cpp,Accepted,72.0,4848.0,400,
s109952427,p02572,u303711501,1599232992,Python,Python (3.8.2),py,Accepted,128.0,31392.0,188,
s467893766,p02572,u303711501,1599232972,Python,Python (3.8.2),py,Accepted,129.0,31616.0,188,
s803450391,p02572,u499810514,1599231924,C++,C++ (GCC 9.2.1),cpp,Accepted,27.0,5320.0,722,
s519977678,p02572,u506422964,1599231042,C++,C++ (GCC 9.2.1),cpp,Accepted,74.0,4844.0,2810,
s259228672,p02572,u942153032,1599230988,C++,C++ (GCC 9.2.1),cpp,Accepted,39.0,6092.0,646,
s931746337,p02572,u057488446,1599230946,C++,C++ (GCC 9.2.1),cpp,Accepted,32.0,3636.0,2066,
s335173041,p02572,u028516426,1599229506,C++,C++ (GCC 9.2.1),cpp,Accepted,75.0,4736.0,418,
s496629778,p02572,u198530799,1599229163,C++,C++ (GCC 9.2.1),cpp,Accepted,38.0,6336.0,3461,
s298769909,p02572,u574882775,1599228833,C++,C++ (GCC 9.2.1),cpp,Accepted,41.0,5340.0,534,
s522097743,p02572,u574882775,1599228749,C++,C++ (GCC 9.2.1),cpp,Accepted,39.0,5388.0,534,
s347701464,p02572,u896726004,1599228360,Python,Python (3.8.2),py,Accepted,206.0,31504.0,210,
s472273521,p02572,u997648604,1599228129,C++,C++ (GCC 9.2.1),cpp,Accepted,69.0,4792.0,4560,
s776775102,p02572,u531799626,1599228111,C++,C++ (GCC 9.2.1),cpp,Accepted,34.0,4392.0,543,
s625895866,p02572,u773580152,1599227435,C++,C++ (GCC 9.2.1),cpp,Accepted,77.0,6404.0,955,
s111632022,p02572,u211972814,1599227426,C++,C++ (GCC 9.2.1),cpp,Accepted,36.0,6344.0,1080,
s075901897,p02572,u561691391,1599225238,Python,Python (3.8.2),py,Accepted,133.0,31520.0,157,
s665112667,p02572,u113310313,1599225008,Python,Python (3.8.2),py,Accepted,183.0,31424.0,314,
s311251291,p02572,u785697410,1599224463,Python,PyPy3 (7.3.0),py,Accepted,157.0,97852.0,1333,
s501653479,p02572,u863370423,1599223365,Python,Python (3.8.2),py,Accepted,118.0,32888.0,390,
s427157953,p02572,u424661377,1599223019,C++,C++ (GCC 9.2.1),cpp,Accepted,74.0,4848.0,448,
s781025049,p02572,u502247093,1599222787,Python,Python (3.8.2),py,Accepted,186.0,31344.0,419,
s732098984,p02572,u373956679,1599222685,Python,Python (3.8.2),py,Accepted,315.0,31140.0,1698,
s548303983,p02572,u304612256,1599222589,Python,Python (3.8.2),py,Accepted,122.0,31612.0,393,
s471320728,p02572,u461817131,1599221389,C++,C++ (GCC 9.2.1),cpp,Accepted,75.0,6380.0,559,
s442062511,p02572,u461817131,1599221283,C++,C++ (GCC 9.2.1),cpp,Accepted,75.0,6432.0,576,
s716507690,p02572,u230802722,1599220713,C++,C++ (GCC 9.2.1),cpp,Accepted,37.0,6368.0,1106,
s255960418,p02572,u145948129,1599220396,C++,C++ (GCC 9.2.1),cpp,Accepted,36.0,6868.0,825,
s173368002,p02572,u435416250,1599220123,C++,C++ (GCC 9.2.1),cpp,Accepted,35.0,5168.0,1695,
s065731999,p02572,u334703235,1599219295,Python,Python (3.8.2),py,Accepted,144.0,31712.0,178,
s750632016,p02572,u159468591,1599218127,C++,C++ (GCC 9.2.1),cpp,Accepted,36.0,6760.0,1484,
s305807908,p02572,u320181530,1599213093,C++,C++ (GCC 9.2.1),cpp,Accepted,76.0,4060.0,570,
s938033793,p02572,u320181530,1599212894,C++,C++ (GCC 9.2.1),cpp,Accepted,73.0,5548.0,437,
s139132565,p02572,u681787145,1599212841,C++,C++ (GCC 9.2.1),cpp,Accepted,75.0,5164.0,307,
s703951258,p02572,u604978223,1599211583,Python,Python (3.8.2),py,Accepted,112.0,31472.0,161,
s525322941,p02572,u666721654,1599210641,C++,C++ (GCC 9.2.1),cpp,Accepted,75.0,6380.0,14830,
s481947427,p02572,u585276123,1599208486,C++,C++ (GCC 9.2.1),cpp,Accepted,74.0,6744.0,420,
s176460776,p02572,u660313082,1599206960,C++,C++ (GCC 9.2.1),cpp,Accepted,74.0,6756.0,455,
s336983523,p02572,u124498235,1599204579,Python,Python (3.8.2),py,Accepted,172.0,31532.0,213,
s820611446,p02572,u917328801,1599200912,C++,C++ (GCC 9.2.1),cpp,Accepted,39.0,4052.0,8215,
s835129595,p02572,u917328801,1599200665,C++,C++ (GCC 9.2.1),cpp,Accepted,40.0,4064.0,8310,
s639931021,p02572,u548941744,1599196813,C++,C++ (GCC 9.2.1),cpp,Accepted,74.0,4044.0,391,
s458767580,p02572,u181228520,1599188697,C++,C++ (GCC 9.2.1),cpp,Accepted,32.0,3524.0,2301,
s069975295,p02572,u364129544,1599184754,C++,C++ (GCC 9.2.1),cpp,Accepted,32.0,6788.0,1584,
s746102409,p02572,u355649707,1599182900,Python,Python (3.8.2),py,Accepted,119.0,31520.0,319,
s310825808,p02572,u417365712,1599182359,Python,Python (3.8.2),py,Accepted,144.0,31712.0,202,
s545550237,p02572,u247359764,1599181985,C++,C++ (GCC 9.2.1),cpp,Accepted,72.0,3972.0,552,
s263623759,p02572,u353919145,1599180895,C++,C++ (GCC 9.2.1),cpp,Accepted,82.0,7684.0,1530,
s541284694,p02572,u997308904,1599180807,C++,C++ (GCC 9.2.1),cpp,Accepted,37.0,4388.0,537,
s483413281,p02572,u117894653,1599180807,C++,C++ (GCC 9.2.1),cpp,Accepted,33.0,3976.0,561,
s469155637,p02572,u635116981,1599180784,C++,C++ (GCC 9.2.1),cpp,Accepted,40.0,7952.0,837,
s874628103,p02572,u932961244,1599180485,C++,C++ (GCC 9.2.1),cpp,Accepted,37.0,4320.0,858,
s700782093,p02572,u608438818,1599178627,C++,C++ (GCC 9.2.1),cpp,Accepted,35.0,4420.0,560,
s001065561,p02572,u156778176,1599177468,C++,C++ (GCC 9.2.1),cpp,Accepted,75.0,3968.0,848,
s893434132,p02572,u541419167,1599176672,C++,C++ (GCC 9.2.1),cpp,Accepted,37.0,4768.0,2317,
s880589616,p02572,u634650717,1599176504,C++,C++ (GCC 9.2.1),cpp,Accepted,75.0,5604.0,704,
s316144931,p02572,u593962880,1599175388,C++,C++ (GCC 9.2.1),cpp,Accepted,73.0,4364.0,501,
s023642762,p02572,u422430159,1599174539,C++,C++ (GCC 9.2.1),cpp,Accepted,37.0,5556.0,1258,
s743584837,p02572,u422430159,1599174443,C++,C++ (GCC 9.2.1),cpp,Accepted,30.0,5552.0,1258,
s140703503,p02572,u061984624,1599174131,C++,C++ (GCC 9.2.1),cpp,Accepted,35.0,5228.0,5260,
s332538864,p02572,u411537765,1599172972,Python,PyPy3 (7.3.0),py,Accepted,137.0,102304.0,224,
s515902460,p02572,u237380797,1599171499,Python,PyPy3 (7.3.0),py,Accepted,137.0,109660.0,202,
s989923183,p02572,u846302926,1599171256,C++,C++ (GCC 9.2.1),cpp,Accepted,34.0,4760.0,852,
s636623424,p02572,u424621178,1599171030,C++,C++ (Clang 10.0.0),cpp,Accepted,157.0,4404.0,853,
s230699618,p02572,u033532441,1599171030,C++,C++ (GCC 9.2.1),cpp,Accepted,77.0,4036.0,399,
s107458090,p02572,u263392794,1599170274,C++,C++ (GCC 9.2.1),cpp,Accepted,71.0,4356.0,400,
s935479761,p02572,u166218280,1599169883,C++,C++ (GCC 9.2.1),cpp,Accepted,73.0,7980.0,634,
s826807744,p02572,u130651752,1599169857,C++,C++ (GCC 9.2.1),cpp,Accepted,78.0,4840.0,461,
s198462985,p02572,u856193324,1599169372,C++,C++ (GCC 9.2.1),cpp,Accepted,71.0,5592.0,375,
s299499535,p02572,u427613813,1599168842,C++,C++ (GCC 9.2.1),cpp,Accepted,38.0,5208.0,580,
s109537904,p02572,u260907804,1599168594,C++,C++ (GCC 9.2.1),cpp,Accepted,72.0,4800.0,525,
s514191668,p02572,u653286512,1599168472,C++,C++ (GCC 9.2.1),cpp,Accepted,35.0,4328.0,833,
s325836653,p02572,u922299074,1599168469,Python,Python (3.8.2),py,Accepted,140.0,31540.0,167,
s872535180,p02572,u575469260,1599168367,C++,C++ (GCC 9.2.1),cpp,Accepted,71.0,4032.0,967,
s311158285,p02572,u808817704,1599168136,Python,Python (3.8.2),py,Accepted,160.0,31328.0,328,
s338808828,p02572,u575469260,1599168089,C++,C++ (GCC 9.2.1),cpp,Accepted,76.0,5628.0,1004,
s746952730,p02572,u596847957,1599168084,Python,Python (3.8.2),py,Accepted,169.0,31444.0,312,
s234592572,p02572,u808817704,1599168048,Python,PyPy3 (7.3.0),py,Accepted,170.0,104300.0,344,
s893428369,p02572,u469625994,1599167351,C++,C++ (GCC 9.2.1),cpp,Accepted,80.0,5164.0,729,
s719447960,p02572,u460398086,1599167161,C++,C++ (GCC 9.2.1),cpp,Accepted,31.0,3660.0,1671,
s828391477,p02572,u169221932,1599166423,C++,C++ (GCC 9.2.1),cpp,Accepted,72.0,4024.0,483,
s323381829,p02572,u614063956,1599165937,Python,Python (3.8.2),py,Accepted,184.0,31444.0,249,
s088396203,p02572,u008905660,1599165252,C++,C++ (GCC 9.2.1),cpp,Accepted,76.0,5288.0,533,
s033331665,p02572,u226023982,1599165213,C++,C++ (GCC 9.2.1),cpp,Accepted,74.0,6772.0,344,
s877242888,p02572,u796749787,1599164632,C++,C++ (GCC 9.2.1),cpp,Accepted,15.0,4028.0,3049,
s498359876,p02572,u226023982,1599164234,C++,C++ (GCC 9.2.1),cpp,Accepted,72.0,5156.0,398,
s932482881,p02572,u529372794,1599163884,C++,C++ (GCC 9.2.1),cpp,Accepted,40.0,1736.0,272,
s055780454,p02572,u461573913,1599163693,C++,C++ (GCC 9.2.1),cpp,Accepted,73.0,6420.0,496,
s948913891,p02572,u526894223,1599163517,C++,C++ (GCC 9.2.1),cpp,Accepted,31.0,5156.0,3210,
s821937348,p02572,u738622346,1599163387,C++,C++ (GCC 9.2.1),cpp,Accepted,73.0,6356.0,482,
s372927374,p02572,u526894223,1599163234,C++,C++ (GCC 9.2.1),cpp,Accepted,35.0,5216.0,1379,
s926239824,p02572,u124789795,1599163199,C++,C++ (GCC 9.2.1),cpp,Accepted,33.0,5224.0,761,
s125243154,p02572,u849799765,1599162892,C++,C++ (GCC 9.2.1),cpp,Accepted,36.0,6788.0,1436,
s724439764,p02572,u802905102,1599162670,C++,C++ (GCC 9.2.1),cpp,Accepted,73.0,4832.0,679,
s720984439,p02572,u209367350,1599161642,Python,PyPy3 (7.3.0),py,Accepted,129.0,104908.0,165,
s363590313,p02572,u580631296,1599161418,C++,C++ (GCC 9.2.1),cpp,Accepted,70.0,4812.0,1118,
s001603333,p02572,u503263327,1599161329,C++,C++ (GCC 9.2.1),cpp,Accepted,33.0,4724.0,610,
s316675629,p02572,u792608995,1599160638,C++,C++ (GCC 9.2.1),cpp,Accepted,72.0,5168.0,897,
s745971491,p02572,u089885969,1599160466,C++,C++ (GCC 9.2.1),cpp,Accepted,74.0,6420.0,494,
s825609252,p02572,u865343871,1599160077,Python,Python (3.8.2),py,Accepted,138.0,31520.0,184,
s669652848,p02572,u502731482,1599160012,Python,PyPy3 (7.3.0),py,Accepted,127.0,105068.0,180,
s653411119,p02572,u958373662,1599159875,C++,C++ (GCC 9.2.1),cpp,Accepted,74.0,5928.0,987,
s494065024,p02572,u153047519,1599158789,Python,Python (3.8.2),py,Accepted,149.0,31228.0,196,
s625402417,p02572,u870576733,1599158668,C++,C++ (GCC 9.2.1),cpp,Accepted,71.0,4772.0,434,
s671240481,p02572,u342118066,1599158482,C++,C++ (GCC 9.2.1),cpp,Accepted,37.0,5160.0,402,
s463283434,p02572,u937239245,1599158278,C++,C++ (GCC 9.2.1),cpp,Accepted,74.0,4824.0,1703,
s960763779,p02572,u192903163,1599157249,C++,C++ (GCC 9.2.1),cpp,Accepted,33.0,3624.0,1689,
s856917986,p02572,u249840247,1599157238,C++,C++ (GCC 9.2.1),cpp,Accepted,75.0,5160.0,315,
s289690007,p02572,u374004058,1599157185,C++,C++ (GCC 9.2.1),cpp,Accepted,75.0,3576.0,412,
s097032380,p02572,u053609618,1599156962,C++,C++ (GCC 9.2.1),cpp,Accepted,38.0,6376.0,1828,
s105855541,p02572,u023461939,1599156859,C++,C++ (GCC 9.2.1),cpp,Accepted,73.0,4032.0,543,
s450008809,p02572,u827250919,1599156257,C++,C++ (GCC 9.2.1),cpp,Accepted,35.0,5136.0,1874,
s494785738,p02572,u127316349,1599155951,C++,C++ (GCC 9.2.1),cpp,Accepted,37.0,4768.0,982,
s250108471,p02572,u055765743,1599155101,C++,C++ (GCC 9.2.1),cpp,Accepted,42.0,4460.0,336,
s402575923,p02572,u846033449,1599153833,C++,C++ (GCC 9.2.1),cpp,Accepted,125.0,4800.0,1558,
s283490701,p02572,u295600538,1599152809,C++,C++ (GCC 9.2.1),cpp,Accepted,38.0,6688.0,2443,
s990906408,p02572,u193862001,1599152652,C++,C++ (GCC 9.2.1),cpp,Accepted,34.0,5124.0,487,
s041990423,p02572,u805277811,1599151412,C++,C++ (GCC 9.2.1),cpp,Accepted,71.0,6404.0,377,
s035143280,p02572,u632527507,1599151227,C++,C++ (GCC 9.2.1),cpp,Accepted,76.0,5588.0,675,
s909029246,p02572,u842596864,1599150592,C++,C++ (GCC 9.2.1),cpp,Accepted,36.0,5548.0,572,
s601122705,p02572,u184143728,1599150521,C++,C++ (GCC 9.2.1),cpp,Accepted,32.0,5140.0,473,
s294967944,p02572,u777028980,1599150495,Python,Python (3.8.2),py,Accepted,141.0,31532.0,151,
s696009286,p02572,u506422964,1599150270,C++,C++ (GCC 9.2.1),cpp,Accepted,73.0,5596.0,607,
s527383983,p02572,u318021652,1599149546,C++,C++ (GCC 9.2.1),cpp,Accepted,72.0,6828.0,325,
s977161814,p02572,u926971518,1599149100,C++,C++ (GCC 9.2.1),cpp,Accepted,73.0,4764.0,614,
s267909280,p02572,u581946498,1599148929,C++,C++ (GCC 9.2.1),cpp,Accepted,56.0,6892.0,2192,
s926696369,p02572,u506422964,1599147357,C++,C++ (GCC 9.2.1),cpp,Accepted,72.0,4012.0,3509,
s775100675,p02572,u664057322,1599146961,C++,C++ (GCC 9.2.1),cpp,Accepted,37.0,6712.0,3438,
s692414665,p02572,u426777622,1599146857,C++,C++ (GCC 9.2.1),cpp,Accepted,71.0,5140.0,1275,
s092671387,p02572,u578958929,1599146496,Python,PyPy3 (7.3.0),py,Accepted,140.0,126760.0,241,
s776909529,p02572,u472696272,1599146224,Python,Python (3.8.2),py,Accepted,176.0,31404.0,294,
s694432076,p02572,u438053582,1599145773,C++,C++ (GCC 9.2.1),cpp,Accepted,73.0,6428.0,462,
s376762672,p02572,u740260565,1599145312,Python,PyPy3 (7.3.0),py,Accepted,115.0,105212.0,249,
s538827938,p02572,u752129189,1599144834,C++,C++ (GCC 9.2.1),cpp,Accepted,75.0,4060.0,484,
s212487465,p02572,u921044712,1599144146,C++,C++ (GCC 9.2.1),cpp,Accepted,80.0,6360.0,539,
s076470334,p02572,u406237526,1599143187,C++,C++ (GCC 9.2.1),cpp,Accepted,75.0,4796.0,961,
s657263372,p02572,u938335949,1599143160,C++,C++ (GCC 9.2.1),cpp,Accepted,76.0,6432.0,2111,
s101891070,p02572,u991237710,1599142880,Python,PyPy3 (7.3.0),py,Accepted,128.0,105472.0,193,
s947324350,p02572,u081060730,1599142098,Python,Python (3.8.2),py,Accepted,130.0,31732.0,113,
s520768330,p02572,u181719868,1599141189,C++,C++ (GCC 9.2.1),cpp,Accepted,75.0,6440.0,437,
s732369393,p02572,u731913064,1599140927,C++,C++ (GCC 9.2.1),cpp,Accepted,72.0,4424.0,926,
s339696666,p02572,u136342563,1599140910,C++,C++ (GCC 9.2.1),cpp,Accepted,75.0,6280.0,2151,
s927209078,p02572,u264265458,1599140515,C++,C++ (GCC 9.2.1),cpp,Accepted,40.0,7856.0,6453,
s861218052,p02572,u948222358,1599140143,C++,C++ (GCC 9.2.1),cpp,Accepted,76.0,5592.0,612,
s190131425,p02572,u074141555,1599140126,C++,C++ (GCC 9.2.1),cpp,Accepted,72.0,5592.0,753,
s148949720,p02572,u525571359,1599140042,Python,PyPy3 (7.3.0),py,Accepted,178.0,104616.0,1064,
s388940453,p02572,u074141555,1599139836,C++,C++ (GCC 9.2.1),cpp,Accepted,71.0,5624.0,699,
s570934037,p02572,u487486981,1599139469,C++,C++ (GCC 9.2.1),cpp,Accepted,73.0,5164.0,326,
s420480690,p02572,u819969152,1599139133,C++,C++ (GCC 9.2.1),cpp,Accepted,33.0,4748.0,440,
s843533304,p02572,u380187071,1599137442,C++,C++ (Clang 10.0.0),cpp,Accepted,156.0,4920.0,655,
s783950341,p02572,u326609687,1599136674,Python,Python (3.8.2),py,Accepted,95.0,23728.0,18949,
s497196965,p02572,u913650536,1599136063,C++,C++ (GCC 9.2.1),cpp,Accepted,36.0,6772.0,693,
s452377591,p02572,u372299304,1599135913,C++,C++ (GCC 9.2.1),cpp,Accepted,74.0,4848.0,353,
s030473041,p02572,u971811058,1599134865,Python,Python (3.8.2),py,Accepted,176.0,31400.0,207,
s808153937,p02572,u254886300,1599131972,C++,C++ (GCC 9.2.1),cpp,Accepted,34.0,4800.0,799,
s819840274,p02572,u825842302,1599131329,Python,Python (3.8.2),py,Accepted,153.0,31456.0,195,
s477520612,p02572,u971811058,1599130992,C++,C++ (GCC 9.2.1),cpp,Accepted,75.0,4848.0,621,
s045713359,p02572,u971811058,1599130934,C++,C++ (GCC 9.2.1),cpp,Accepted,73.0,4844.0,625,
s385164727,p02572,u971811058,1599130873,C++,C++ (GCC 9.2.1),cpp,Accepted,73.0,4812.0,627,
s242844207,p02572,u074141555,1599130323,C++,C++ (GCC 9.2.1),cpp,Accepted,76.0,5648.0,691,
s456002272,p02572,u162251610,1599129029,C++,C++ (GCC 9.2.1),cpp,Accepted,77.0,6756.0,665,
s927644823,p02572,u750215086,1599127121,C++,C++ (GCC 9.2.1),cpp,Accepted,41.0,5384.0,1926,
s193346920,p02572,u717792745,1599125961,C++,C++ (GCC 9.2.1),cpp,Accepted,37.0,3980.0,583,
s183116903,p02572,u309816168,1599125231,C++,C++ (GCC 9.2.1),cpp,Accepted,77.0,6348.0,464,
s081119100,p02572,u309816168,1599125155,C++,C++ (GCC 9.2.1),cpp,Accepted,77.0,6348.0,541,
s259150117,p02572,u620084012,1599123984,Python,PyPy3 (7.3.0),py,Accepted,125.0,105040.0,219,
s385657835,p02572,u422592877,1599123848,C++,C++ (GCC 9.2.1),cpp,Accepted,76.0,5212.0,1944,
s687569210,p02572,u394853232,1599123371,C++,C++ (GCC 9.2.1),cpp,Accepted,33.0,3644.0,418,
s362672772,p02572,u311671153,1599122735,C++,C++ (GCC 9.2.1),cpp,Accepted,65.0,35996.0,4424,
s290251478,p02572,u128527648,1599120442,C++,C++ (GCC 9.2.1),cpp,Accepted,31.0,4740.0,1326,
s170169993,p02572,u316664957,1599120365,C++,C++ (GCC 9.2.1),cpp,Accepted,32.0,5964.0,1386,
s227753637,p02572,u063863677,1599119805,C++,C++ (GCC 9.2.1),cpp,Accepted,40.0,4608.0,337,
s499947695,p02572,u465881819,1599119557,C++,C++ (GCC 9.2.1),cpp,Accepted,71.0,5980.0,586,
s604993382,p02572,u701063973,1599119233,C++,C++ (GCC 9.2.1),cpp,Accepted,37.0,4724.0,1432,
s955105174,p02572,u934776456,1599114481,C++,C++ (GCC 9.2.1),cpp,Accepted,76.0,4784.0,353,
s552676418,p02572,u620804788,1599114006,C++,C++ (GCC 9.2.1),cpp,Accepted,34.0,5188.0,1142,
s435885732,p02572,u676207825,1599109424,C++,C++ (GCC 9.2.1),cpp,Accepted,36.0,5128.0,1624,
s351205565,p02572,u770308589,1599109161,Python,Python (3.8.2),py,Accepted,115.0,31412.0,155,
s949867264,p02572,u313111801,1599104190,C++,C++ (GCC 9.2.1),cpp,Accepted,72.0,3612.0,225,
s173390826,p02572,u313111801,1599104034,C++,C++ (GCC 9.2.1),cpp,Accepted,71.0,3532.0,230,
s616999598,p02572,u313111801,1599103958,C++,C++ (GCC 9.2.1),cpp,Accepted,71.0,3636.0,243,
s235762393,p02572,u313111801,1599103736,C++,C++ (GCC 9.2.1),cpp,Accepted,78.0,3588.0,269,
s820263847,p02572,u159663513,1599100422,C++,C++ (GCC 9.2.1),cpp,Accepted,34.0,6716.0,1751,
s645585990,p02572,u941197780,1599099318,C++,C++ (GCC 9.2.1),cpp,Accepted,74.0,6728.0,458,
s233864876,p02572,u249159799,1599098562,C++,C++ (GCC 9.2.1),cpp,Accepted,41.0,5308.0,447,
s803574226,p02572,u159663513,1599097475,C++,C++ (GCC 9.2.1),cpp,Accepted,599.0,6740.0,1623,
s639793019,p02572,u954976049,1599096665,C++,C++ (GCC 9.2.1),cpp,Accepted,76.0,6712.0,467,
s039876458,p02572,u279604464,1599096274,C++,C++ (GCC 9.2.1),cpp,Accepted,35.0,5176.0,1153,
s129534507,p02572,u432534339,1599095292,C++,C++ (GCC 9.2.1),cpp,Accepted,83.0,6716.0,448,
s376917121,p02572,u491729244,1599093987,Python,Python (3.8.2),py,Accepted,117.0,31604.0,360,
s665051855,p02572,u199201328,1599093650,C++,C++ (GCC 9.2.1),cpp,Accepted,74.0,7972.0,556,
s273782683,p02572,u023030760,1599093251,C++,C++ (GCC 9.2.1),cpp,Accepted,74.0,4032.0,592,
s046751620,p02572,u821251381,1599093148,Python,Python (3.8.2),py,Accepted,120.0,31648.0,170,
s530112676,p02572,u896691335,1599092762,C++,C++ (Clang 10.0.0),cpp,Accepted,156.0,6248.0,374,
s459740401,p02572,u821251381,1599091325,Python,Python (3.8.2),py,Accepted,175.0,31692.0,223,
s549583477,p02572,u179970156,1599090841,C++,C++ (GCC 9.2.1),cpp,Accepted,36.0,3876.0,3474,
s360501655,p02572,u042058490,1599090559,C++,C++ (GCC 9.2.1),cpp,Accepted,74.0,4380.0,393,
s026287807,p02572,u382114513,1599090466,Python,PyPy3 (7.3.0),py,Accepted,138.0,107184.0,289,
s002922904,p02572,u094191970,1599090184,C++,C++ (GCC 9.2.1),cpp,Accepted,73.0,3972.0,375,
s392737220,p02572,u094191970,1599090124,C++,C++ (GCC 9.2.1),cpp,Accepted,71.0,4016.0,375,
s205076636,p02572,u094191970,1599090038,C++,C++ (GCC 9.2.1),cpp,Accepted,71.0,3984.0,556,
s659542172,p02572,u531219227,1599089560,Python,Python (3.8.2),py,Accepted,93.0,31600.0,126,
s874727174,p02572,u071670228,1599089541,C++,C++ (GCC 9.2.1),cpp,Accepted,37.0,5200.0,601,
s314949684,p02572,u224232591,1599089148,C++,C++ (GCC 9.2.1),cpp,Accepted,32.0,3592.0,694,
s693234317,p02572,u749534943,1599087872,C++,C++ (GCC 9.2.1),cpp,Accepted,76.0,4744.0,280,
s490491874,p02572,u754869388,1599087830,Python,Python (3.8.2),py,Accepted,134.0,31452.0,397,
s245705143,p02572,u754869388,1599087347,Python,Python (3.8.2),py,Accepted,128.0,31636.0,310,
s448193847,p02572,u089230684,1599086937,C++,C++ (GCC 9.2.1),cpp,Accepted,44.0,5372.0,4805,
s434321791,p02572,u148472503,1599086596,Python,Python (3.8.2),py,Accepted,176.0,31692.0,278,
s951441821,p02572,u412177362,1599084958,Python,Python (3.8.2),py,Accepted,149.0,31528.0,140,
s812500982,p02572,u365375535,1599084866,C++,C++ (GCC 9.2.1),cpp,Accepted,71.0,6672.0,482,
s322829218,p02572,u741993529,1599084553,C++,C++ (GCC 9.2.1),cpp,Accepted,76.0,3968.0,420,
s285341761,p02572,u756788762,1599084480,C++,C++ (GCC 9.2.1),cpp,Accepted,44.0,4444.0,720,
s959681656,p02572,u105936490,1599084426,C++,C++ (GCC 9.2.1),cpp,Accepted,35.0,5268.0,2745,
s496146419,p02572,u601283285,1599084213,C++,C++ (GCC 9.2.1),cpp,Accepted,36.0,4748.0,534,
s392370889,p02572,u223172354,1599084038,C++,C++ (GCC 9.2.1),cpp,Accepted,73.0,6432.0,414,
s410150115,p02572,u858282293,1599083795,C++,C++ (GCC 9.2.1),cpp,Accepted,77.0,4048.0,420,
s898360890,p02572,u175476241,1599083636,Python,Python (3.8.2),py,Accepted,128.0,31424.0,157,
s660273563,p02572,u259396003,1599083233,C++,C++ (GCC 9.2.1),cpp,Accepted,41.0,5392.0,598,
s698227810,p02572,u282494591,1599081934,C++,C++ (GCC 9.2.1),cpp,Accepted,72.0,6672.0,833,
s858704352,p02572,u796060038,1599081472,C++,C++ (GCC 9.2.1),cpp,Accepted,75.0,5152.0,410,
s602306116,p02572,u148981246,1599081296,Python,Python (3.8.2),py,Accepted,181.0,31492.0,250,
s780379544,p02572,u496511996,1599080737,C++,C++ (GCC 9.2.1),cpp,Accepted,73.0,3972.0,515,
s603928061,p02572,u899219364,1599080617,C++,C++ (GCC 9.2.1),cpp,Accepted,36.0,3992.0,1021,
s288105130,p02572,u793888873,1599080452,C++,C++ (Clang 10.0.0),cpp,Accepted,158.0,4892.0,604,
s101906421,p02572,u581045837,1599080408,C++,C++ (GCC 9.2.1),cpp,Accepted,208.0,5128.0,1150,
s430938371,p02572,u899219364,1599080216,C++,C++ (GCC 9.2.1),cpp,Accepted,33.0,3988.0,1021,
s801464011,p02572,u420483676,1599080026,C++,C++ (GCC 9.2.1),cpp,Accepted,72.0,6408.0,662,
s288218724,p02572,u750495279,1599079655,C++,C++ (GCC 9.2.1),cpp,Accepted,33.0,4416.0,608,
s956388587,p02572,u360116509,1599079483,Python,Python (3.8.2),py,Accepted,150.0,31564.0,166,
s137341546,p02572,u360116509,1599079444,Python,Python (3.8.2),py,Accepted,154.0,31560.0,203,
s317156706,p02572,u816299751,1599079339,C++,C++ (GCC 9.2.1),cpp,Accepted,40.0,5352.0,453,
s856978673,p02572,u000138965,1599079275,Python,PyPy3 (7.3.0),py,Accepted,122.0,105284.0,386,
s062558909,p02572,u196455939,1599079016,Python,Python (3.8.2),py,Accepted,185.0,31444.0,285,
s356626492,p02572,u957098479,1599078928,Python,Python (3.8.2),py,Accepted,159.0,31676.0,291,
s126912724,p02572,u164112876,1599078877,C++,C++ (GCC 9.2.1),cpp,Accepted,72.0,3632.0,416,
s981033621,p02572,u755310927,1599078841,C++,C++ (GCC 9.2.1),cpp,Accepted,76.0,6432.0,844,
s690788701,p02572,u950909548,1599078354,C++,C++ (GCC 9.2.1),cpp,Accepted,72.0,3608.0,219,
s461876807,p02572,u005569385,1599077817,Python,Python (3.8.2),py,Accepted,139.0,31124.0,200,
s422794155,p02572,u200769489,1599077037,C++,C++ (GCC 9.2.1),cpp,Accepted,38.0,4368.0,604,
s545952675,p02572,u733519632,1599076761,C++,C++ (GCC 9.2.1),cpp,Accepted,36.0,6364.0,1106,
s043563397,p02572,u830842621,1599076459,C++,C++ (GCC 9.2.1),cpp,Accepted,76.0,5928.0,3197,
s794664438,p02572,u207464563,1599076425,Python,Python (3.8.2),py,Accepted,169.0,31556.0,243,
s996934837,p02572,u356069145,1599075343,C++,C++ (GCC 9.2.1),cpp,Accepted,72.0,6428.0,637,
s626207747,p02572,u412863850,1599074833,Python,Python (3.8.2),py,Accepted,166.0,33400.0,1341,
s718439440,p02572,u707316131,1599074609,Python,PyPy3 (7.3.0),py,Accepted,125.0,96792.0,296,
s565114587,p02572,u735528230,1599074463,C++,C++ (GCC 9.2.1),cpp,Accepted,73.0,4840.0,434,
s535968190,p02572,u723394740,1599074354,C++,C++ (GCC 9.2.1),cpp,Accepted,74.0,6428.0,672,
s943480583,p02572,u976983883,1599074299,C++,C++ (GCC 9.2.1),cpp,Accepted,34.0,4784.0,1053,
s624791376,p02572,u094191970,1599073884,Python,Python (3.8.2),py,Accepted,148.0,31416.0,253,
s882899921,p02572,u997325490,1599073021,C++,C++ (GCC 9.2.1),cpp,Accepted,75.0,4828.0,586,
s965380908,p02572,u265359795,1599072105,C++,C++ (GCC 9.2.1),cpp,Accepted,37.0,4756.0,453,
s414347541,p02572,u721009069,1599072101,C++,C++ (GCC 9.2.1),cpp,Accepted,38.0,3816.0,443,
s556677464,p02572,u245375581,1599071577,Python,Python (3.8.2),py,Accepted,202.0,31464.0,278,
s099561894,p02572,u044964932,1599071268,Python,Python (3.8.2),py,Accepted,201.0,49968.0,319,
s188286209,p02572,u360504491,1599071010,C++,C++ (GCC 9.2.1),cpp,Accepted,78.0,5148.0,346,
s282817527,p02572,u413165887,1599070925,Python,Python (3.8.2),py,Accepted,164.0,31432.0,188,
s251499320,p02572,u044964932,1599070600,Python,Python (3.8.2),py,Accepted,367.0,49972.0,346,
s221654697,p02572,u711215859,1599070073,C++,C++ (GCC 9.2.1),cpp,Accepted,38.0,5968.0,631,
s526263099,p02572,u842901156,1599069643,Python,Python (3.8.2),py,Accepted,124.0,31636.0,193,
s006403706,p02572,u244466744,1599069295,Python,Python (3.8.2),py,Accepted,166.0,31552.0,204,
s856444790,p02572,u182509599,1599069094,C++,C++ (GCC 9.2.1),cpp,Accepted,76.0,4740.0,622,
s426599047,p02572,u763881112,1599069089,C++,C++ (GCC 9.2.1),cpp,Accepted,34.0,6788.0,2355,
s106170317,p02572,u366558796,1599068763,Python,PyPy3 (7.3.0),py,Accepted,129.0,105368.0,283,
s766356922,p02572,u625094556,1599067616,Python,Python (3.8.2),py,Accepted,176.0,31484.0,266,
s388830624,p02572,u858932366,1599067165,C++,C++ (GCC 9.2.1),cpp,Accepted,73.0,5112.0,494,
s104673811,p02572,u888582202,1599066428,Python,Python (3.8.2),py,Accepted,134.0,31316.0,233,
s269322692,p02572,u583543886,1599065738,C++,C++ (GCC 9.2.1),cpp,Accepted,79.0,6712.0,314,
s584023797,p02572,u892939553,1599065728,C++,C++ (GCC 9.2.1),cpp,Accepted,73.0,5152.0,765,
s155382573,p02572,u812895620,1599065683,C++,C++ (GCC 9.2.1),cpp,Accepted,74.0,75472.0,2983,
s031873287,p02572,u794274928,1599065505,C++,C++ (GCC 9.2.1),cpp,Accepted,71.0,4760.0,710,
s394124806,p02572,u613912106,1599064390,C++,C++ (GCC 9.2.1),cpp,Accepted,35.0,6372.0,507,
s626127694,p02572,u018679195,1599064105,C++,C++ (GCC 9.2.1),cpp,Accepted,73.0,5200.0,1803,
s434024928,p02572,u956675118,1599063978,C++,C++ (GCC 9.2.1),cpp,Accepted,73.0,6372.0,422,
s990119301,p02572,u725911785,1599063571,C++,C++ (GCC 9.2.1),cpp,Accepted,72.0,5196.0,759,
s351678054,p02572,u334712262,1599063363,Python,PyPy3 (7.3.0),py,Accepted,240.0,116964.0,1467,
s512627696,p02572,u500376440,1599063079,C++,C++ (GCC 9.2.1),cpp,Accepted,36.0,5572.0,618,
s401273013,p02572,u279033107,1599062470,C++,C++ (GCC 9.2.1),cpp,Accepted,69.0,4852.0,494,
s348618116,p02572,u111471511,1599062329,Python,Python (3.8.2),py,Accepted,142.0,31644.0,160,
s453095789,p02572,u682814923,1599061220,C++,C++ (Clang 10.0.0),cpp,Accepted,157.0,4720.0,401,
s435992438,p02572,u001716092,1599060751,C++,C++ (GCC 9.2.1),cpp,Accepted,70.0,4760.0,394,
s223075470,p02572,u508822657,1599060323,C++,C++ (GCC 9.2.1),cpp,Accepted,31.0,3612.0,666,
s212329542,p02572,u381491108,1599059461,C++,C++ (GCC 9.2.1),cpp,Accepted,75.0,4724.0,521,
s001945620,p02572,u018679195,1599055542,C++,C++ (GCC 9.2.1),cpp,Accepted,154.0,17128.0,3063,
s866387155,p02572,u560329660,1599054887,C++,C++ (GCC 9.2.1),cpp,Accepted,41.0,6964.0,463,
s175585842,p02572,u501824433,1599054494,C++,C++ (GCC 9.2.1),cpp,Accepted,37.0,4756.0,608,
s221027515,p02572,u212063753,1599053165,C++,C++ (GCC 9.2.1),cpp,Accepted,77.0,4748.0,342,
s272381667,p02572,u434208140,1599052972,C++,C++ (GCC 9.2.1),cpp,Accepted,33.0,3584.0,3483,
s926219856,p02572,u987805705,1599052798,C++,C++ (GCC 9.2.1),cpp,Accepted,76.0,4804.0,557,
s861811015,p02572,u839953865,1599052676,C++,C++ (GCC 9.2.1),cpp,Accepted,70.0,4744.0,360,
s196077205,p02572,u089230684,1599052494,C++,C++ (GCC 9.2.1),cpp,Accepted,71.0,3628.0,223,
s954227810,p02572,u437215432,1599051575,Python,Python (3.8.2),py,Accepted,155.0,31660.0,222,
s764390949,p02572,u239091426,1599051139,Python,Python (3.8.2),py,Accepted,194.0,31448.0,317,
s916503744,p02572,u437215432,1599051051,Python,Python (3.8.2),py,Accepted,175.0,31556.0,245,
s976611458,p02572,u211109468,1599051015,Python,PyPy3 (7.3.0),py,Accepted,147.0,104444.0,225,
s356151927,p02572,u556355541,1599050469,C++,C++ (GCC 9.2.1),cpp,Accepted,35.0,5224.0,613,
s212848304,p02572,u238084414,1599050250,Python,Python (3.8.2),py,Accepted,107.0,31636.0,134,
s165278272,p02572,u506907236,1599050079,Python,Python (3.8.2),py,Accepted,172.0,31340.0,206,
s379824865,p02572,u491376630,1599049996,C++,C++ (GCC 9.2.1),cpp,Accepted,68.0,5100.0,374,
s427916792,p02572,u922790134,1599049887,C++,C++ (GCC 9.2.1),cpp,Accepted,76.0,4844.0,809,
s166631307,p02572,u679520304,1599049756,Python,PyPy3 (7.3.0),py,Accepted,114.0,105148.0,231,
s889175264,p02572,u855219015,1599049352,Python,Python (3.8.2),py,Accepted,184.0,31364.0,222,
s515085858,p02572,u193880030,1599049155,Python,Python (3.8.2),py,Accepted,141.0,31620.0,160,
s027366238,p02572,u259755734,1599047583,Python,Python (3.8.2),py,Accepted,124.0,31496.0,152,
s654834437,p02572,u688048629,1599047333,C++,C++ (GCC 9.2.1),cpp,Accepted,74.0,4024.0,460,
s881288753,p02572,u193561474,1599046822,C++,C++ (GCC 9.2.1),cpp,Accepted,75.0,3644.0,329,
s518501837,p02572,u970114913,1599046736,Python,Python (3.8.2),py,Accepted,175.0,31536.0,183,
s186766092,p02572,u329565519,1599046125,Python,Python (3.8.2),py,Accepted,135.0,31384.0,166,
s778523546,p02572,u449403739,1599045435,C++,C++ (GCC 9.2.1),cpp,Accepted,37.0,3688.0,2804,
s356118854,p02572,u022488946,1599045393,Python,Python (3.8.2),py,Accepted,148.0,31560.0,172,
s259908108,p02572,u301459301,1599044727,C++,C++ (GCC 9.2.1),cpp,Accepted,38.0,5284.0,447,
s034229115,p02572,u681323954,1599042549,C++,C++ (GCC 9.2.1),cpp,Accepted,74.0,4044.0,452,
s082906292,p02572,u570745178,1599042048,C++,C++ (Clang 10.0.0),cpp,Accepted,155.0,3168.0,217,
s554455225,p02572,u740916051,1599041609,C++,C++ (GCC 9.2.1),cpp,Accepted,76.0,5128.0,385,
s206413071,p02572,u010555125,1599041535,Python,Python (3.8.2),py,Accepted,144.0,31572.0,174,
s985838930,p02572,u587622858,1599041325,C++,C++ (GCC 9.2.1),cpp,Accepted,74.0,3976.0,405,
s133367031,p02572,u587622858,1599041280,C++,C++ (GCC 9.2.1),cpp,Accepted,75.0,4052.0,413,
s761941101,p02572,u168684371,1599040080,C++,C++ (GCC 9.2.1),cpp,Accepted,76.0,4752.0,2187,
s638788577,p02572,u629246993,1599040001,Python,Python (3.8.2),py,Accepted,152.0,31440.0,158,
s466878687,p02572,u241586777,1599038977,C++,C++ (GCC 9.2.1),cpp,Accepted,31.0,5200.0,338,
s952623402,p02572,u101204779,1599038715,C++,C++ (GCC 9.2.1),cpp,Accepted,36.0,7964.0,777,
s805181521,p02572,u509516894,1599038403,C++,C++ (GCC 9.2.1),cpp,Accepted,30.0,3628.0,417,
s797192279,p02572,u923279197,1599034407,Python,Python (3.8.2),py,Accepted,134.0,31628.0,156,
s279327701,p02572,u551351897,1599030222,C++,C++ (GCC 9.2.1),cpp,Accepted,34.0,6284.0,3352,
s118936979,p02572,u474212171,1599030016,Python,Python (3.8.2),py,Accepted,172.0,31664.0,425,
s099943879,p02572,u464308125,1599026683,C++,C++ (GCC 9.2.1),cpp,Accepted,77.0,5092.0,475,
s211505242,p02572,u235518176,1599025237,C++,C++ (GCC 9.2.1),cpp,Accepted,36.0,8368.0,988,
s755412499,p02572,u185690073,1599023050,C++,C++ (GCC 9.2.1),cpp,Accepted,73.0,6364.0,509,
s679573903,p02572,u879309973,1599019679,Python,Python (3.8.2),py,Accepted,99.0,31620.0,167,
s756607537,p02572,u826785572,1599017422,C++,C++ (GCC 9.2.1),cpp,Accepted,75.0,6400.0,729,
s716801631,p02572,u074239602,1599015620,C++,C++ (GCC 9.2.1),cpp,Accepted,38.0,6332.0,928,
s155905550,p02572,u638629468,1599015396,C++,C++ (GCC 9.2.1),cpp,Accepted,77.0,4848.0,1062,
s962639240,p02572,u193690465,1599013839,Python,Python (3.8.2),py,Accepted,116.0,31648.0,174,
s034119294,p02572,u022234678,1599013754,C++,C++ (GCC 9.2.1),cpp,Accepted,71.0,4784.0,330,
s167220864,p02572,u620636191,1599013352,C++,C++ (GCC 9.2.1),cpp,Accepted,34.0,5552.0,1664,
s437462209,p02572,u097792059,1599012869,C++,C++ (GCC 9.2.1),cpp,Accepted,39.0,5320.0,958,
s153054603,p02572,u578753285,1599012213,C++,C++ (GCC 9.2.1),cpp,Accepted,36.0,6772.0,593,
s175303773,p02572,u403086708,1599011558,C++,C++ (GCC 9.2.1),cpp,Accepted,34.0,6352.0,893,
s798708467,p02572,u105935673,1599011056,C++,C++ (GCC 9.2.1),cpp,Accepted,34.0,3948.0,480,
s384902598,p02572,u701558984,1599010989,C++,C++ (GCC 9.2.1),cpp,Accepted,43.0,6912.0,2280,
s746786332,p02572,u018679195,1599010255,C++,C++ (GCC 9.2.1),cpp,Accepted,43.0,4784.0,895,
s330646161,p02572,u556355541,1599010095,C++,C++ (GCC 9.2.1),cpp,Accepted,34.0,5176.0,613,
s694481044,p02572,u363393619,1599008944,Python,PyPy3 (7.3.0),py,Accepted,112.0,105420.0,240,
s223993896,p02572,u059026899,1599008101,C++,C++ (GCC 9.2.1),cpp,Accepted,34.0,4708.0,1607,
s200771224,p02572,u208726465,1599007597,C++,C++ (GCC 9.2.1),cpp,Accepted,34.0,6692.0,3911,
s360326825,p02572,u175695388,1599006687,C++,C++ (GCC 9.2.1),cpp,Accepted,75.0,6712.0,404,
s974304830,p02572,u698170967,1599006500,C++,C++ (GCC 9.2.1),cpp,Accepted,73.0,5136.0,428,
s678977761,p02572,u719873358,1599005894,C++,C++ (GCC 9.2.1),cpp,Accepted,72.0,4756.0,429,
s045803066,p02572,u223355055,1599005540,C++,C++ (GCC 9.2.1),cpp,Accepted,35.0,8296.0,1731,
s036200827,p02572,u168774513,1599005375,C++,C++ (GCC 9.2.1),cpp,Accepted,32.0,3988.0,984,
s995359665,p02572,u305443634,1599005311,C++,C++ (GCC 9.2.1),cpp,Accepted,73.0,5184.0,662,
s682110130,p02572,u402476905,1599004665,C++,C++ (GCC 9.2.1),cpp,Accepted,36.0,5148.0,795,
s474080899,p02572,u728050879,1599004172,Python,Python (3.8.2),py,Accepted,186.0,31692.0,518,
s278664909,p02572,u446371873,1599004142,Python,Python (3.8.2),py,Accepted,132.0,31376.0,154,
s706926377,p02572,u825369110,1599003674,C++,C++ (GCC 9.2.1),cpp,Accepted,35.0,4028.0,6906,
s108226657,p02572,u915277742,1599003583,C++,C++ (GCC 9.2.1),cpp,Accepted,74.0,5172.0,338,
s601467629,p02572,u522945737,1599003444,Python,Python (3.8.2),py,Accepted,204.0,31684.0,259,
s905957325,p02572,u522945737,1599003184,Python,Python (3.8.2),py,Accepted,187.0,31516.0,245,
s463200326,p02572,u770495365,1599003105,C++,C++ (GCC 9.2.1),cpp,Accepted,71.0,5644.0,400,
s138935440,p02572,u536600145,1599002785,Python,PyPy3 (7.3.0),py,Accepted,211.0,104896.0,225,
s147409026,p02572,u654461206,1599002514,C++,C++ (GCC 9.2.1),cpp,Accepted,36.0,6324.0,2714,
s460202410,p02572,u215268883,1599002322,Python,Python (3.8.2),py,Accepted,110.0,31008.0,260,
s690637728,p02572,u415340676,1599002206,C++,C++ (GCC 9.2.1),cpp,Accepted,75.0,5160.0,406,
s960945972,p02572,u740815072,1599002160,C++,C++ (Clang 10.0.0),cpp,Accepted,156.0,4752.0,461,
s802928435,p02572,u416773418,1599001246,C++,C++ (GCC 9.2.1),cpp,Accepted,76.0,6708.0,936,
s536722480,p02572,u001199868,1599001167,Python,PyPy3 (7.3.0),py,Accepted,175.0,104880.0,198,
s176802219,p02572,u854962015,1599000744,Python,Python (3.8.2),py,Accepted,143.0,31416.0,139,
s496148800,p02572,u883040023,1599000586,Python,Python (3.8.2),py,Accepted,130.0,31396.0,160,
s717337277,p02572,u766576603,1598999917,C++,C++ (GCC 9.2.1),cpp,Accepted,74.0,5184.0,3567,
s730049955,p02572,u410055320,1598999166,C++,C++ (GCC 9.2.1),cpp,Accepted,79.0,6320.0,1645,
s726631154,p02572,u508355276,1598999059,C++,C++ (GCC 9.2.1),cpp,Accepted,74.0,4796.0,347,
s219336815,p02572,u171554875,1598998519,C++,C++ (GCC 9.2.1),cpp,Accepted,33.0,6348.0,2549,
s487310880,p02572,u447679353,1598998406,Python,Python (3.8.2),py,Accepted,187.0,31512.0,241,
s034080249,p02572,u353706368,1598997770,C++,C++ (GCC 9.2.1),cpp,Accepted,33.0,5544.0,715,
s163506717,p02572,u911307847,1598997556,C++,C++ (GCC 9.2.1),cpp,Accepted,72.0,5364.0,1774,
s876007327,p02572,u211706121,1598997546,Python,Python (3.8.2),py,Accepted,129.0,31564.0,116,
s049703380,p02572,u729008627,1598997491,Python,Python (3.8.2),py,Accepted,272.0,31616.0,319,
s052186993,p02572,u635325501,1598997482,C++,C++ (GCC 9.2.1),cpp,Accepted,40.0,5516.0,3275,
s731692346,p02572,u565711859,1598997354,Python,PyPy3 (7.3.0),py,Accepted,112.0,105248.0,128,
s547950333,p02572,u641446860,1598996860,Python,Python (3.8.2),py,Accepted,195.0,31604.0,235,
s053954832,p02572,u097353803,1598996648,C++,C++ (GCC 9.2.1),cpp,Accepted,76.0,3964.0,977,
s424600470,p02572,u550374978,1598996436,C++,C++ (GCC 9.2.1),cpp,Accepted,73.0,6912.0,460,
s931994285,p02572,u480938608,1598996424,C++,C++ (GCC 9.2.1),cpp,Accepted,72.0,4848.0,430,
s276090775,p02572,u841111730,1598995519,C++,C++ (GCC 9.2.1),cpp,Accepted,73.0,6748.0,427,
s328552342,p02572,u030425223,1598995486,C++,C++ (GCC 9.2.1),cpp,Accepted,71.0,4828.0,364,
s116497033,p02572,u275995683,1598995255,C++,C++ (GCC 9.2.1),cpp,Accepted,37.0,6352.0,505,
s195470881,p02572,u169683061,1598995207,C++,C++ (GCC 9.2.1),cpp,Accepted,75.0,6364.0,930,
s486314025,p02572,u455067221,1598994681,C++,C++ (GCC 9.2.1),cpp,Accepted,77.0,4824.0,537,
s133988698,p02572,u863370423,1598994669,C++,C++ (GCC 9.2.1),cpp,Accepted,37.0,3824.0,407,
s687535854,p02572,u550374978,1598994280,C++,C++ (GCC 9.2.1),cpp,Accepted,78.0,6908.0,485,
s442214641,p02572,u763377272,1598994015,C++,C++ (GCC 9.2.1),cpp,Accepted,75.0,6424.0,486,
s717022005,p02572,u474212171,1598993835,Python,Python (3.8.2),py,Accepted,267.0,49832.0,380,
s416135053,p02572,u441529750,1598993776,C++,C++ (GCC 9.2.1),cpp,Accepted,37.0,6720.0,858,
s677317558,p02572,u082428829,1598993598,C++,C++ (GCC 9.2.1),cpp,Accepted,72.0,4820.0,393,
s432711457,p02572,u948911484,1598993573,Python,Python (3.8.2),py,Accepted,181.0,31584.0,221,
s517375142,p02572,u175590965,1598993572,Python,Python (3.8.2),py,Accepted,141.0,31528.0,176,
s252711820,p02572,u094425865,1598993129,Python,Python (3.8.2),py,Accepted,188.0,31492.0,191,
s112280654,p02572,u709079466,1598992834,C++,C++ (GCC 9.2.1),cpp,Accepted,75.0,3996.0,438,
s920478186,p02572,u689278405,1598992658,C++,C++ (GCC 9.2.1),cpp,Accepted,71.0,5200.0,2348,
s086760857,p02572,u474212171,1598992551,Python,Python (3.8.2),py,Accepted,181.0,31588.0,361,
s893002933,p02572,u599102815,1598992467,C++,C++ (GCC 9.2.1),cpp,Accepted,72.0,4788.0,442,
s527802071,p02572,u120017604,1598992266,C++,C++ (GCC 9.2.1),cpp,Accepted,72.0,6732.0,644,
s529920031,p02572,u682427554,1598992083,C++,C++ (GCC 9.2.1),cpp,Accepted,35.0,4440.0,1318,
s624294127,p02572,u463893436,1598991867,Python,Python (3.8.2),py,Accepted,152.0,31696.0,207,
s257130488,p02572,u155024797,1598991730,Python,PyPy3 (7.3.0),py,Accepted,117.0,105112.0,361,
s797163616,p02572,u359752656,1598991606,Python,Python (3.8.2),py,Accepted,181.0,31676.0,237,
s928137027,p02572,u670669243,1598991500,C++,C++ (GCC 9.2.1),cpp,Accepted,39.0,6324.0,473,
s425146197,p02572,u374444191,1598990987,C++,C++ (GCC 9.2.1),cpp,Accepted,74.0,4792.0,7918,
s951692260,p02572,u775023902,1598990879,C++,C++ (GCC 9.2.1),cpp,Accepted,73.0,3632.0,299,
s863532059,p02572,u740054550,1598990766,C++,C++ (GCC 9.2.1),cpp,Accepted,73.0,4784.0,2647,
s314722065,p02572,u804768024,1598990605,C++,C++ (GCC 9.2.1),cpp,Accepted,70.0,3980.0,543,
s987110296,p02572,u804768024,1598990375,C++,C++ (GCC 9.2.1),cpp,Accepted,34.0,6756.0,808,
s635351320,p02572,u130900604,1598990340,Python,Python (3.8.2),py,Accepted,92.0,31532.0,114,
s346282154,p02572,u737143458,1598990325,C++,C++ (GCC 9.2.1),cpp,Accepted,74.0,6712.0,1151,
s840450404,p02572,u976045502,1598990159,C++,C++ (GCC 9.2.1),cpp,Accepted,75.0,4792.0,498,
s484417499,p02572,u418892821,1598990063,C++,C++ (GCC 9.2.1),cpp,Accepted,72.0,4824.0,427,
s821330375,p02572,u707030679,1598989786,Python,Python (3.8.2),py,Accepted,176.0,31540.0,208,
s557701466,p02572,u418892821,1598989467,C++,C++ (GCC 9.2.1),cpp,Accepted,75.0,4772.0,424,
s401867863,p02572,u887080361,1598989460,Python,PyPy3 (7.3.0),py,Accepted,113.0,104944.0,125,
s764570410,p02572,u940780117,1598988816,Python,Python (3.8.2),py,Accepted,178.0,31676.0,189,
s558307702,p02572,u390801047,1598988635,C++,C++ (GCC 9.2.1),cpp,Accepted,78.0,6928.0,505,
s336139637,p02572,u111563567,1598988586,C++,C++ (GCC 9.2.1),cpp,Accepted,32.0,5172.0,771,
s995166237,p02572,u111563567,1598988503,C++,C++ (GCC 9.2.1),cpp,Accepted,34.0,5204.0,817,
s195701549,p02572,u987956622,1598988164,C++,C++ (GCC 9.2.1),cpp,Accepted,39.0,13484.0,2061,
s658119575,p02572,u418892821,1598988147,C++,C++ (GCC 9.2.1),cpp,Accepted,72.0,4752.0,427,
s906535032,p02572,u188486233,1598988063,C++,C++ (GCC 9.2.1),cpp,Accepted,73.0,5592.0,487,
s880223115,p02572,u451868485,1598988040,C++,C++ (GCC 9.2.1),cpp,Accepted,35.0,6704.0,583,
s002487215,p02572,u214894954,1598988001,C++,C++ (GCC 9.2.1),cpp,Accepted,37.0,6740.0,487,
s896929765,p02572,u214894954,1598987977,C++,C++ (GCC 9.2.1),cpp,Accepted,32.0,6712.0,495,
s733619990,p02572,u960267905,1598987885,C++,C++ (Clang 10.0.0),cpp,Accepted,42.0,4468.0,2050,
s229631845,p02572,u451868485,1598987877,C++,C++ (GCC 9.2.1),cpp,Accepted,31.0,6728.0,583,
s705631626,p02572,u171217191,1598987798,C++,C++ (GCC 9.2.1),cpp,Accepted,40.0,5352.0,1349,
s062237951,p02572,u511379665,1598987704,C++,C++ (GCC 9.2.1),cpp,Accepted,34.0,6364.0,830,
s157924255,p02572,u451868485,1598987692,C++,C++ (GCC 9.2.1),cpp,Accepted,40.0,6932.0,444,
s887379549,p02572,u511379665,1598987646,C++,C++ (GCC 9.2.1),cpp,Accepted,37.0,6368.0,783,
s175024850,p02572,u418892821,1598987256,C++,C++ (GCC 9.2.1),cpp,Accepted,73.0,4740.0,485,
s908692760,p02572,u418892821,1598987181,C++,C++ (GCC 9.2.1),cpp,Accepted,71.0,4824.0,450,
s926940956,p02572,u816631826,1598986569,C++,C++ (GCC 9.2.1),cpp,Accepted,40.0,6916.0,444,
s140936397,p02572,u863370423,1598986497,C++,C++ (GCC 9.2.1),cpp,Accepted,38.0,5208.0,404,
s095528011,p02572,u908125903,1598986489,C++,C++ (GCC 9.2.1),cpp,Accepted,35.0,6740.0,871,
s306223882,p02572,u863370423,1598986017,C++,C++ (Clang 10.0.0),cpp,Accepted,164.0,3896.0,348,
s898259445,p02572,u190405389,1598985877,Python,PyPy3 (7.3.0),py,Accepted,123.0,92772.0,509,
s766188685,p02572,u018679195,1598985781,C++,C++ (GCC 9.2.1),cpp,Accepted,40.0,6928.0,567,
s752464682,p02572,u245265970,1598985545,C++,C++ (GCC 9.2.1),cpp,Accepted,77.0,6696.0,476,
s164913655,p02572,u630255265,1598985268,C++,C++ (GCC 9.2.1),cpp,Accepted,76.0,4812.0,511,
s692897144,p02572,u870551909,1598985078,C++,C++ (GCC 9.2.1),cpp,Accepted,72.0,4020.0,445,
s591861876,p02572,u436835360,1598985049,C++,C++ (GCC 9.2.1),cpp,Accepted,74.0,5076.0,886,
s594868905,p02572,u699636103,1598984884,Python,Python (3.8.2),py,Accepted,123.0,31316.0,157,
s930157417,p02572,u878615689,1598983471,C++,C++ (GCC 9.2.1),cpp,Accepted,35.0,4784.0,4709,
s688267008,p02572,u411858517,1598982965,Python,Python (3.8.2),py,Accepted,149.0,31608.0,173,
s968751347,p02572,u900688325,1598982867,C++,C++ (GCC 9.2.1),cpp,Accepted,75.0,4844.0,504,
s352635344,p02572,u726823037,1598982386,Python,Python (3.8.2),py,Accepted,145.0,31700.0,314,
s955720790,p02572,u352676541,1598981914,Python,Python (3.8.2),py,Accepted,179.0,39724.0,293,
s149877270,p02572,u210827208,1598981784,Python,PyPy3 (7.3.0),py,Accepted,117.0,105312.0,125,
s266603313,p02572,u798197860,1598981488,C++,C++ (GCC 9.2.1),cpp,Accepted,75.0,6720.0,434,
s698362695,p02572,u097319437,1598981407,Python,Python (3.8.2),py,Accepted,194.0,31564.0,310,
s005200985,p02572,u644164234,1598981241,C++,C++ (GCC 9.2.1),cpp,Accepted,39.0,6384.0,3145,
s188420690,p02572,u196254124,1598981218,C++,C++ (GCC 9.2.1),cpp,Accepted,75.0,6388.0,549,
s983340304,p02572,u196254124,1598981135,C++,C++ (GCC 9.2.1),cpp,Accepted,72.0,6412.0,536,
s561497328,p02572,u196254124,1598981089,C++,C++ (GCC 9.2.1),cpp,Accepted,79.0,6368.0,549,
s699307311,p02572,u441175813,1598980669,Python,PyPy3 (7.3.0),py,Accepted,122.0,105200.0,177,
s932224303,p02572,u228295160,1598979937,C++,C++ (GCC 9.2.1),cpp,Accepted,40.0,4804.0,4842,
s431031485,p02572,u074445770,1598979360,C++,C++ (GCC 9.2.1),cpp,Accepted,33.0,4736.0,1870,
s869957647,p02572,u959300172,1598979318,C++,C++ (GCC 9.2.1),cpp,Accepted,41.0,5176.0,472,
s055197977,p02572,u243810398,1598979091,C++,C++ (GCC 9.2.1),cpp,Accepted,35.0,4752.0,2019,
s215938916,p02572,u541866795,1598978894,C++,C++ (GCC 9.2.1),cpp,Accepted,37.0,4000.0,452,
s732705489,p02572,u274201725,1598978386,C++,C++ (GCC 9.2.1),cpp,Accepted,76.0,4828.0,769,
s775261062,p02572,u758105297,1598978345,C++,C++ (GCC 9.2.1),cpp,Accepted,72.0,5196.0,423,
s939481705,p02572,u729938879,1598978087,Python,Python (3.8.2),py,Accepted,131.0,31352.0,177,
s215399523,p02572,u476590491,1598977886,Python,Python (3.8.2),py,Accepted,143.0,31388.0,326,
s684827594,p02572,u239368018,1598977263,Python,Python (3.8.2),py,Accepted,143.0,25056.0,261,
s413184476,p02572,u687044304,1598977209,C++,C++ (GCC 9.2.1),cpp,Accepted,76.0,6424.0,897,
s194208749,p02572,u570155187,1598977123,Python,Python (3.8.2),py,Accepted,163.0,31740.0,178,
s542094206,p02572,u062736195,1598977100,C++,C++ (GCC 9.2.1),cpp,Accepted,74.0,6404.0,874,
s876147372,p02572,u717762991,1598976936,C++,C++ (GCC 9.2.1),cpp,Accepted,71.0,5624.0,378,
s003461125,p02572,u433375322,1598976567,Python,Python (3.8.2),py,Accepted,132.0,31744.0,123,
s063219648,p02572,u701527888,1598976199,C++,C++ (GCC 9.2.1),cpp,Accepted,100.0,6340.0,938,
s745309239,p02572,u798804458,1598976163,C++,C++ (GCC 9.2.1),cpp,Accepted,40.0,5180.0,1216,
s628979386,p02572,u897734216,1598976087,C++,C++ (GCC 9.2.1),cpp,Accepted,35.0,3640.0,299,
s438941595,p02572,u024576200,1598976028,C++,C++ (GCC 9.2.1),cpp,Accepted,35.0,3996.0,422,
s340205113,p02572,u882821419,1598975968,C++,C++ (GCC 9.2.1),cpp,Accepted,34.0,5168.0,1233,
s727677976,p02572,u897734216,1598975931,C++,C++ (Clang 10.0.0),cpp,Accepted,150.0,3168.0,299,
s449468373,p02572,u897734216,1598975669,C++,C++ (Clang 10.0.0),cpp,Accepted,151.0,4388.0,483,
s921313708,p02572,u945554850,1598975524,C++,C++ (GCC 9.2.1),cpp,Accepted,74.0,4828.0,998,
s627210238,p02572,u878545651,1598975411,Python,Python (3.8.2),py,Accepted,91.0,31564.0,293,
s570317742,p02572,u525065967,1598975336,C++,C++ (GCC 9.2.1),cpp,Accepted,73.0,3604.0,328,
s096486280,p02572,u995439301,1598975046,C++,C++ (GCC 9.2.1),cpp,Accepted,74.0,4056.0,347,
s120559382,p02572,u525065967,1598974951,C++,C++ (GCC 9.2.1),cpp,Accepted,75.0,4048.0,364,
s590829550,p02572,u525065967,1598974404,C++,C++ (GCC 9.2.1),cpp,Accepted,76.0,4036.0,383,
s818001040,p02572,u525065967,1598973832,Python,Python (3.8.2),py,Accepted,109.0,31504.0,122,
s297498019,p02572,u969081133,1598973186,Python,Python (3.8.2),py,Accepted,111.0,31612.0,141,
s163685071,p02572,u585482323,1598973051,Python,PyPy3 (7.3.0),py,Accepted,140.0,115684.0,942,
s018408514,p02572,u295361373,1598972776,Python,PyPy3 (7.3.0),py,Accepted,127.0,105236.0,1262,
s778266396,p02572,u506946227,1598972685,C++,C++ (GCC 9.2.1),cpp,Accepted,37.0,6772.0,1297,
s732380967,p02572,u614381513,1598972229,Python,Python (3.8.2),py,Accepted,168.0,31496.0,318,
s198064215,p02572,u295420596,1598972124,C++,C++ (GCC 9.2.1),cpp,Accepted,33.0,4396.0,740,
s993323738,p02572,u841965230,1598971725,C++,C++ (GCC 9.2.1),cpp,Accepted,34.0,5164.0,986,
s453554267,p02572,u272766135,1598970726,C++,C++ (GCC 9.2.1),cpp,Accepted,79.0,6432.0,1289,
s853530867,p02572,u994313124,1598970448,C++,C++ (GCC 9.2.1),cpp,Accepted,34.0,6376.0,1325,
s500638312,p02572,u475503988,1598970079,Python,Python (3.8.2),py,Accepted,112.0,31532.0,156,
s919044381,p02572,u596311864,1598969993,C++,C++ (GCC 9.2.1),cpp,Accepted,75.0,6380.0,1000,
s706914114,p02572,u614381513,1598969654,Python,Python (3.8.2),py,Accepted,120.0,31376.0,151,
s973503568,p02572,u752163482,1598969616,C++,C++ (GCC 9.2.1),cpp,Accepted,37.0,6748.0,1005,
s571416139,p02572,u684568902,1598969550,C++,C++ (GCC 9.2.1),cpp,Accepted,73.0,5192.0,467,
s692883088,p02572,u995491040,1598969120,C++,C++ (GCC 9.2.1),cpp,Accepted,74.0,5168.0,330,
s289554006,p02572,u694536861,1598969004,Python,Python (3.8.2),py,Accepted,157.0,31540.0,185,
s288362769,p02572,u651109406,1598968257,C++,C++ (GCC 9.2.1),cpp,Accepted,73.0,6716.0,467,
s932532227,p02572,u556069480,1598967892,Python,PyPy3 (7.3.0),py,Accepted,112.0,104456.0,511,
s243658968,p02572,u104605386,1598967458,C++,C++ (GCC 9.2.1),cpp,Accepted,73.0,6416.0,532,
s382850097,p02572,u030848580,1598967457,Python,PyPy3 (7.3.0),py,Accepted,115.0,105344.0,330,
s910947878,p02572,u570506120,1598967357,C++,C++ (GCC 9.2.1),cpp,Accepted,39.0,3752.0,335,
s967252563,p02572,u488614452,1598966963,C++,C++ (GCC 9.2.1),cpp,Accepted,33.0,4728.0,622,
s456049210,p02572,u490489966,1598966901,Python,Python (3.8.2),py,Accepted,157.0,31404.0,272,
s677918576,p02572,u145932906,1598966887,C++,C++ (GCC 9.2.1),cpp,Accepted,75.0,3976.0,407,
s001764970,p02572,u949327459,1598966742,Python,Python (3.8.2),py,Accepted,131.0,31552.0,189,
s376560953,p02572,u433697974,1598966499,Python,Python (3.8.2),py,Accepted,146.0,31552.0,156,
s665609007,p02572,u780100598,1598966198,C++,C++ (GCC 9.2.1),cpp,Accepted,35.0,4728.0,4499,
s654356267,p02572,u060116081,1598966150,C++,C++ (GCC 9.2.1),cpp,Accepted,77.0,6300.0,612,
s236616518,p02572,u971089878,1598965897,C++,C++ (GCC 9.2.1),cpp,Accepted,72.0,5616.0,1973,
s927910347,p02572,u025168293,1598965826,C++,C++ (GCC 9.2.1),cpp,Accepted,72.0,3988.0,456,
s706740743,p02572,u621146716,1598965817,C++,C++ (GCC 9.2.1),cpp,Accepted,38.0,3252.0,327,
s913712117,p02572,u143212659,1598965363,Python,Python (3.8.2),py,Accepted,92.0,31564.0,287,
s240409318,p02572,u488614452,1598965261,C++,C++ (GCC 9.2.1),cpp,Accepted,34.0,6360.0,712,
s259706205,p02572,u488614452,1598964650,C++,C++ (GCC 9.2.1),cpp,Accepted,36.0,6356.0,728,
s214343472,p02572,u060116081,1598963590,C++,C++ (GCC 9.2.1),cpp,Accepted,73.0,6408.0,611,
s713954544,p02572,u618263300,1598963570,C++,C++ (GCC 9.2.1),cpp,Accepted,74.0,4028.0,344,
s112853467,p02572,u736729525,1598963413,Python,Python (3.8.2),py,Accepted,151.0,31432.0,385,
s480908703,p02572,u581579196,1598962868,C++,C++ (GCC 9.2.1),cpp,Accepted,36.0,6352.0,968,
s411919824,p02572,u754279713,1598962796,C++,C++ (GCC 9.2.1),cpp,Accepted,36.0,5196.0,1497,
s045721794,p02572,u083657067,1598962785,C++,C++ (GCC 9.2.1),cpp,Accepted,73.0,6780.0,475,
s745557455,p02572,u994985556,1598961558,C++,C++ (GCC 9.2.1),cpp,Accepted,76.0,3988.0,415,
s739097043,p02572,u033095730,1598961371,Python,PyPy3 (7.3.0),py,Accepted,121.0,104868.0,137,
s391356259,p02572,u098184136,1598961012,C++,C++ (GCC 9.2.1),cpp,Accepted,36.0,6304.0,1366,
s785113742,p02572,u632395989,1598960914,Python,Python (3.8.2),py,Accepted,285.0,49988.0,318,
s980105167,p02572,u385309449,1598960632,C++,C++ (GCC 9.2.1),cpp,Accepted,74.0,5152.0,403,
s540206366,p02572,u833661528,1598960404,C++,C++ (GCC 9.2.1),cpp,Accepted,76.0,5636.0,485,
s126439470,p02572,u868701750,1598960403,Python,Python (3.8.2),py,Accepted,142.0,31384.0,175,
s237210123,p02572,u996150075,1598960280,C++,C++ (GCC 9.2.1),cpp,Accepted,35.0,4784.0,1097,
s755536899,p02572,u171365452,1598959750,C++,C++ (GCC 9.2.1),cpp,Accepted,32.0,6280.0,1037,
s570843921,p02572,u249839975,1598959557,C++,C++ (GCC 9.2.1),cpp,Accepted,74.0,5632.0,495,
s694506448,p02572,u208440216,1598959520,C++,C++ (GCC 9.2.1),cpp,Accepted,72.0,4844.0,376,
s350665532,p02572,u042105122,1598959093,C++,C++ (GCC 9.2.1),cpp,Accepted,37.0,4744.0,635,
s499132631,p02572,u967556612,1598958805,C++,C++ (GCC 9.2.1),cpp,Accepted,71.0,6680.0,371,
s260692802,p02572,u989306199,1598958750,Python,PyPy3 (7.3.0),py,Accepted,131.0,94152.0,220,
s030466564,p02572,u758223800,1598958192,C++,C++ (GCC 9.2.1),cpp,Accepted,77.0,5200.0,878,
s654459089,p02572,u616026869,1598957296,C++,C++ (GCC 9.2.1),cpp,Accepted,69.0,3604.0,341,
s774173102,p02572,u727633198,1598957227,C++,C++ (GCC 9.2.1),cpp,Accepted,77.0,6704.0,433,
s560837112,p02572,u080947893,1598956471,C++,C++ (GCC 9.2.1),cpp,Accepted,77.0,6764.0,1149,
s391269539,p02572,u737670214,1598955840,Python,Python (3.8.2),py,Accepted,210.0,31564.0,337,
s425142334,p02572,u759987571,1598954917,C++,C++ (GCC 9.2.1),cpp,Accepted,78.0,4808.0,1537,
s220993083,p02572,u759987571,1598954862,C++,C++ (GCC 9.2.1),cpp,Accepted,72.0,3648.0,1551,
s818032892,p02572,u061071198,1598954494,C++,C++ (GCC 9.2.1),cpp,Accepted,36.0,6380.0,11644,
s578165091,p02572,u244416763,1598953906,Python,Python (3.8.2),py,Accepted,158.0,31652.0,175,
s404189888,p02572,u790272146,1598953243,C++,C++ (GCC 9.2.1),cpp,Accepted,76.0,4860.0,740,
s075046890,p02572,u351148423,1598953010,C++,C++ (GCC 9.2.1),cpp,Accepted,83.0,5624.0,328,
s431692042,p02572,u790272146,1598952329,C++,C++ (GCC 9.2.1),cpp,Accepted,75.0,4856.0,748,
s567691552,p02572,u658915215,1598951341,Python,Python (3.8.2),py,Accepted,131.0,31684.0,161,
s799951855,p02572,u232429509,1598948660,C++,C++ (GCC 9.2.1),cpp,Accepted,76.0,4848.0,5731,
s929848207,p02572,u409306788,1598948531,Python,Python (3.8.2),py,Accepted,150.0,31292.0,235,
s990410859,p02572,u804042948,1598948511,C++,C++ (GCC 9.2.1),cpp,Accepted,43.0,6904.0,421,
s741249384,p02572,u690781906,1598947676,Python,Python (3.8.2),py,Accepted,159.0,31276.0,239,
s777161036,p02572,u856846513,1598947485,C++,C++ (GCC 9.2.1),cpp,Accepted,21.0,3636.0,465,
s360103361,p02572,u042802884,1598944880,C++,C++ (GCC 9.2.1),cpp,Accepted,74.0,5076.0,567,
s351107162,p02572,u200125245,1598944856,C++,C++ (Clang 10.0.0),cpp,Accepted,40.0,4000.0,376,
s061956405,p02572,u658962759,1598944022,Python,Python (3.8.2),py,Accepted,199.0,31424.0,259,
s967148520,p02572,u859396346,1598943755,C++,C++ (GCC 9.2.1),cpp,Accepted,38.0,6748.0,3481,
s978364210,p02572,u756388720,1598943347,Python,Python (3.8.2),py,Accepted,99.0,31604.0,161,
s431310108,p02572,u695197008,1598942039,Python,Python (3.8.2),py,Accepted,89.0,31556.0,179,
s366794726,p02572,u940533000,1598941522,Python,Python (3.8.2),py,Accepted,144.0,31496.0,184,
s067208811,p02572,u372953141,1598940532,C++,C++ (Clang 10.0.0),cpp,Accepted,165.0,3196.0,1442,
s581557820,p02572,u611090896,1598938288,Python,Python (3.8.2),py,Accepted,114.0,31604.0,137,
s416214681,p02572,u797664206,1598937945,C++,C++ (GCC 9.2.1),cpp,Accepted,33.0,4740.0,1384,
s506742263,p02572,u523451669,1598936686,C++,C++ (GCC 9.2.1),cpp,Accepted,35.0,4748.0,3212,
s553241818,p02572,u196652907,1598932156,C++,C++ (GCC 9.2.1),cpp,Accepted,73.0,3928.0,351,
s657123196,p02572,u774519444,1598930920,Python,Python (3.8.2),py,Accepted,153.0,31584.0,186,
s526692309,p02572,u429355436,1598930370,C++,C++ (GCC 9.2.1),cpp,Accepted,37.0,6372.0,955,
s547993515,p02572,u159974713,1598929660,C++,C++ (GCC 9.2.1),cpp,Accepted,72.0,6748.0,422,
s581865232,p02572,u535396362,1598929491,C++,C++ (GCC 9.2.1),cpp,Accepted,32.0,5204.0,406,
s836813073,p02572,u006684434,1598929452,C++,C++ (GCC 9.2.1),cpp,Accepted,75.0,6436.0,430,
s457376769,p02572,u029568245,1598928796,Python,Python (3.8.2),py,Accepted,128.0,31484.0,165,
s789098173,p02572,u653041893,1598928582,C++,C++ (GCC 9.2.1),cpp,Accepted,41.0,5656.0,386,
s755968348,p02572,u816631826,1598928422,C++,C++ (GCC 9.2.1),cpp,Accepted,69.0,3628.0,4111,
s671599459,p02572,u383025592,1598927478,C++,C++ (GCC 9.2.1),cpp,Accepted,74.0,6752.0,459,
s767500751,p02572,u863370423,1598925496,C++,C++ (GCC 9.2.1),cpp,Accepted,35.0,6368.0,669,
s300323123,p02572,u427061400,1598925466,C++,C++ (GCC 9.2.1),cpp,Accepted,74.0,5200.0,410,
s986285779,p02572,u427061400,1598925361,C++,C++ (GCC 9.2.1),cpp,Accepted,74.0,5164.0,400,
s739852781,p02572,u990320979,1598925341,C++,C++ (GCC 9.2.1),cpp,Accepted,33.0,6744.0,786,
s692766550,p02572,u277032399,1598924496,C++,C++ (GCC 9.2.1),cpp,Accepted,42.0,5372.0,2842,
s975648204,p02572,u018679195,1598924480,C++,C++ (GCC 9.2.1),cpp,Accepted,41.0,5388.0,2842,
s159901606,p02572,u896235092,1598923983,C++,C++ (GCC 9.2.1),cpp,Accepted,72.0,3636.0,530,
s475905744,p02572,u947485517,1598923055,C++,C++ (GCC 9.2.1),cpp,Accepted,75.0,4828.0,450,
s459971503,p02572,u347600233,1598922465,Python,Python (3.8.2),py,Accepted,157.0,31648.0,179,
s392645313,p02572,u790977255,1598922351,C++,C++ (GCC 9.2.1),cpp,Accepted,34.0,5228.0,510,
s636001029,p02572,u347600233,1598922200,Python,Python (3.8.2),py,Accepted,168.0,31580.0,190,
s766574710,p02572,u298620933,1598921575,C++,C++ (GCC 9.2.1),cpp,Accepted,75.0,3988.0,2291,
s240299234,p02572,u835924161,1598921425,C++,C++ (GCC 9.2.1),cpp,Accepted,33.0,4752.0,3338,
s629419809,p02572,u413263925,1598921150,C++,C++ (GCC 9.2.1),cpp,Accepted,79.0,6376.0,1315,
s997061435,p02572,u413263925,1598921045,C++,C++ (GCC 9.2.1),cpp,Accepted,74.0,5196.0,1377,
s826925967,p02572,u355859173,1598921006,C++,C++ (GCC 9.2.1),cpp,Accepted,34.0,4728.0,550,
s759621430,p02572,u413263925,1598920697,C++,C++ (GCC 9.2.1),cpp,Accepted,76.0,6428.0,1357,
s265733019,p02572,u413263925,1598920670,C++,C++ (GCC 9.2.1),cpp,Accepted,76.0,6404.0,1359,
s104545365,p02572,u413263925,1598920465,C++,C++ (GCC 9.2.1),cpp,Accepted,74.0,5204.0,1404,
s707813663,p02572,u413263925,1598920425,C++,C++ (GCC 9.2.1),cpp,Accepted,71.0,5080.0,1402,
s180315892,p02572,u762744215,1598920384,C++,C++ (GCC 9.2.1),cpp,Accepted,71.0,6764.0,947,
s656132858,p02572,u413263925,1598920362,C++,C++ (GCC 9.2.1),cpp,Accepted,73.0,5184.0,1420,
s318965984,p02572,u413263925,1598920304,C++,C++ (GCC 9.2.1),cpp,Accepted,76.0,5196.0,1420,
s713506167,p02572,u413263925,1598920229,C++,C++ (GCC 9.2.1),cpp,Accepted,72.0,5132.0,1420,
s323897926,p02572,u077069700,1598920066,C++,C++ (GCC 9.2.1),cpp,Accepted,36.0,9164.0,4343,
s345483434,p02572,u413263925,1598919807,C++,C++ (GCC 9.2.1),cpp,Accepted,72.0,5156.0,1357,
s604661622,p02572,u413263925,1598919645,C++,C++ (GCC 9.2.1),cpp,Accepted,72.0,5160.0,1260,
s738923319,p02572,u413263925,1598919466,C++,C++ (GCC 9.2.1),cpp,Accepted,72.0,5160.0,1354,
s929637120,p02572,u413263925,1598919432,C++,C++ (GCC 9.2.1),cpp,Accepted,75.0,5212.0,1357,
s471124032,p02572,u094861294,1598918889,C++,C++ (GCC 9.2.1),cpp,Accepted,71.0,5208.0,450,
s506663062,p02572,u210731198,1598918807,C++,C++ (GCC 9.2.1),cpp,Accepted,34.0,4780.0,578,
s778088594,p02572,u376116797,1598918774,C++,C++ (GCC 9.2.1),cpp,Accepted,35.0,3668.0,702,
s655692178,p02572,u031448258,1598918472,C++,C++ (Clang 10.0.0),cpp,Accepted,42.0,4792.0,765,
s262788066,p02572,u710282484,1598917935,Python,PyPy3 (7.3.0),py,Accepted,130.0,106908.0,251,
s355018620,p02572,u596029455,1598917333,C++,C++ (GCC 9.2.1),cpp,Accepted,71.0,5204.0,389,
s854104773,p02572,u413263925,1598917229,C++,C++ (GCC 9.2.1),cpp,Accepted,73.0,6420.0,1278,
s771163613,p02572,u413263925,1598916922,C++,C++ (GCC 9.2.1),cpp,Accepted,74.0,5580.0,1467,
s176454820,p02572,u606090886,1598916278,Python,Python (3.8.2),py,Accepted,171.0,31448.0,208,
s956714727,p02572,u283003543,1598916252,C++,C++ (GCC 9.2.1),cpp,Accepted,72.0,5188.0,435,
s369727356,p02572,u300650514,1598915520,C++,C++ (GCC 9.2.1),cpp,Accepted,36.0,6864.0,3511,
s703724809,p02572,u772661182,1598915475,C++,C++ (GCC 9.2.1),cpp,Accepted,67.0,5200.0,808,
s030747924,p02572,u940569542,1598915434,C++,C++ (GCC 9.2.1),cpp,Accepted,35.0,4744.0,655,
s770729449,p02572,u231640005,1598915322,C++,C++ (GCC 9.2.1),cpp,Accepted,69.0,6576.0,1231,
s376331167,p02572,u565906751,1598915277,C++,C++ (GCC 9.2.1),cpp,Accepted,35.0,4792.0,757,
s423344339,p02572,u229051304,1598914666,C++,C++ (GCC 9.2.1),cpp,Accepted,38.0,3792.0,300,
s368652742,p02572,u202400119,1598913529,Python,Python (3.8.2),py,Accepted,130.0,31672.0,162,
s235762043,p02572,u341007706,1598913390,C++,C++ (GCC 9.2.1),cpp,Accepted,39.0,5340.0,987,
s430367806,p02572,u640049808,1598913390,C++,C++ (GCC 9.2.1),cpp,Accepted,70.0,3560.0,1169,
s683906309,p02572,u676070991,1598913312,C++,C++ (Clang 10.0.0),cpp,Accepted,40.0,4764.0,704,
s245280595,p02572,u840841119,1598913118,Python,Python (3.8.2),py,Accepted,91.0,31436.0,136,
s365939057,p02572,u240630407,1598912567,Python,Python (3.8.2),py,Accepted,290.0,50256.0,1327,
s010024338,p02572,u909224749,1598912349,Python,Python (3.8.2),py,Accepted,168.0,31760.0,259,
s202458128,p02572,u240630407,1598912318,Python,Python (3.8.2),py,Accepted,129.0,31440.0,1326,
s933817120,p02572,u667836050,1598912157,C++,C++ (GCC 9.2.1),cpp,Accepted,36.0,5216.0,1822,
s944461167,p02572,u340293807,1598912112,C++,C++ (GCC 9.2.1),cpp,Accepted,74.0,4044.0,2076,
s475248692,p02572,u230376688,1598912104,C++,C++ (GCC 9.2.1),cpp,Accepted,32.0,5180.0,624,
s348251503,p02572,u200887663,1598911942,Python,Python (3.8.2),py,Accepted,183.0,31716.0,313,
s045381403,p02572,u792371799,1598911822,C++,C++ (GCC 9.2.1),cpp,Accepted,75.0,5348.0,514,
s193501669,p02572,u113255362,1598911766,Python,Python (3.8.2),py,Accepted,188.0,31500.0,266,
s798307918,p02572,u091970605,1598911351,C++,C++ (GCC 9.2.1),cpp,Accepted,36.0,4764.0,907,
s656713855,p02572,u491550356,1598911263,Python,Python (3.8.2),py,Accepted,111.0,31416.0,143,
s781741259,p02572,u659267170,1598910792,C++,C++ (GCC 9.2.1),cpp,Accepted,71.0,4056.0,364,
s990017822,p02572,u460386402,1598910711,Python,Python (3.8.2),py,Accepted,127.0,31672.0,129,
s445824953,p02572,u460386402,1598910591,Python,Python (3.8.2),py,Accepted,156.0,31500.0,160,
s632631038,p02572,u978976567,1598910559,C++,C++ (GCC 9.2.1),cpp,Accepted,37.0,4764.0,1121,
s270736621,p02572,u616723104,1598910544,C++,C++ (GCC 9.2.1),cpp,Accepted,38.0,4820.0,920,
s177710017,p02572,u321168841,1598910311,C++,C++ (GCC 9.2.1),cpp,Accepted,72.0,3640.0,271,
s973043194,p02572,u185929930,1598910206,C++,C++ (GCC 9.2.1),cpp,Accepted,79.0,6432.0,534,
s271747668,p02572,u351174574,1598910108,C++,C++ (Clang 10.0.0),cpp,Accepted,242.0,4720.0,340,
s517572682,p02572,u423737567,1598910087,C++,C++ (GCC 9.2.1),cpp,Accepted,37.0,6764.0,3988,
s481231293,p02572,u357120030,1598910035,Python,Python (3.8.2),py,Accepted,97.0,31432.0,152,
s548918771,p02572,u511954806,1598909816,C++,C++ (GCC 9.2.1),cpp,Accepted,38.0,6344.0,1818,
s240193094,p02572,u937094641,1598909713,C++,C++ (GCC 9.2.1),cpp,Accepted,39.0,6340.0,894,
s634944091,p02572,u003086718,1598909655,C++,C++ (GCC 9.2.1),cpp,Accepted,174.0,6724.0,1296,
s444327114,p02572,u882935040,1598909490,C++,C++ (GCC 9.2.1),cpp,Accepted,35.0,3968.0,401,
s883116425,p02572,u104301765,1598909390,C++,C++ (GCC 9.2.1),cpp,Accepted,37.0,6276.0,1053,
s793294121,p02572,u734397606,1598909361,C++,C++ (GCC 9.2.1),cpp,Accepted,34.0,3684.0,1511,
s647901384,p02572,u610244633,1598909358,C++,C++ (GCC 9.2.1),cpp,Accepted,42.0,6352.0,2105,
s659744254,p02572,u722970551,1598909339,C++,C++ (GCC 9.2.1),cpp,Accepted,38.0,6776.0,898,
s921181071,p02572,u452989281,1598909119,C++,C++ (GCC 9.2.1),cpp,Accepted,37.0,6784.0,894,
s713145021,p02572,u863957421,1598908996,C++,C++ (GCC 9.2.1),cpp,Accepted,70.0,5644.0,486,
s556083858,p02572,u426501657,1598908965,Python,Python (3.8.2),py,Accepted,165.0,31668.0,172,
s685503746,p02572,u566428756,1598908916,Python,Python (3.8.2),py,Accepted,144.0,31172.0,189,
s159327171,p02572,u488352661,1598908904,C++,C++ (GCC 9.2.1),cpp,Accepted,70.0,5976.0,570,
s812416803,p02572,u833436666,1598908892,Python,Python (3.8.2),py,Accepted,186.0,31612.0,253,
s097710864,p02572,u613241969,1598908739,C++,C++ (GCC 9.2.1),cpp,Accepted,39.0,5224.0,1716,
s824966384,p02572,u560301081,1598908708,C++,C++ (GCC 9.2.1),cpp,Accepted,74.0,4044.0,456,
s245346988,p02572,u586080208,1598908284,C++,C++ (GCC 9.2.1),cpp,Accepted,77.0,6428.0,677,
s334526028,p02572,u474212171,1598908254,Python,Python (3.8.2),py,Accepted,179.0,31444.0,229,
s793697017,p02572,u359641414,1598908148,Python,PyPy3 (7.3.0),py,Accepted,115.0,105320.0,292,
s246866411,p02572,u121422050,1598908003,C++,C++ (GCC 9.2.1),cpp,Accepted,74.0,4796.0,671,
s262663859,p02572,u153686508,1598907965,C++,C++ (GCC 9.2.1),cpp,Accepted,79.0,6428.0,674,
s451084708,p02572,u807595844,1598907766,C++,C++ (GCC 9.2.1),cpp,Accepted,35.0,4768.0,1266,
s069515764,p02572,u902786897,1598907673,C++,C++ (GCC 9.2.1),cpp,Accepted,38.0,3840.0,20703,
s577534870,p02572,u006728642,1598907654,Python,Python (3.8.2),py,Accepted,93.0,31468.0,152,
s358108612,p02572,u167908302,1598907310,Python,Python (3.8.2),py,Accepted,126.0,31168.0,253,
s995031443,p02572,u686962993,1598907056,C++,C++ (GCC 9.2.1),cpp,Accepted,35.0,6328.0,491,
s298129176,p02572,u492030100,1598907048,C++,C++ (GCC 9.2.1),cpp,Accepted,78.0,4012.0,2655,
s985681830,p02572,u721652634,1598906978,C++,C++ (GCC 9.2.1),cpp,Accepted,76.0,3520.0,275,
s044309150,p02572,u298706298,1598906942,C++,C++ (GCC 9.2.1),cpp,Accepted,77.0,6760.0,1831,
s800042593,p02572,u231200363,1598906893,C++,C++ (GCC 9.2.1),cpp,Accepted,36.0,6748.0,420,
s560955295,p02572,u535027018,1598906756,C++,C++ (GCC 9.2.1),cpp,Accepted,37.0,6748.0,1168,
s797661457,p02572,u732159058,1598906714,C++,C++ (GCC 9.2.1),cpp,Accepted,37.0,6652.0,414,
s527765882,p02572,u465423770,1598906556,Python,Python (3.8.2),py,Accepted,112.0,31384.0,152,
s332079396,p02572,u738898077,1598906530,Python,Python (3.8.2),py,Accepted,171.0,31568.0,176,
s249694872,p02572,u006728642,1598906441,Python,Python (3.8.2),py,Accepted,92.0,31680.0,143,
s520847109,p02572,u738898077,1598906370,Python,Python (3.8.2),py,Accepted,146.0,31500.0,159,
s408161908,p02572,u798753617,1598906272,C++,C++ (GCC 9.2.1),cpp,Accepted,34.0,6336.0,615,
s188776426,p02572,u721652634,1598906226,C++,C++ (GCC 9.2.1),cpp,Accepted,76.0,5604.0,377,
s809090722,p02572,u635993184,1598905848,C++,C++ (GCC 9.2.1),cpp,Accepted,75.0,4840.0,1786,
s242803244,p02572,u294485299,1598905544,Python,PyPy3 (7.3.0),py,Accepted,199.0,122092.0,288,
s980389882,p02572,u033009443,1598905539,C++,C++ (GCC 9.2.1),cpp,Accepted,81.0,5180.0,341,
s722829260,p02572,u178788771,1598905145,C++,C++ (GCC 9.2.1),cpp,Accepted,40.0,6352.0,1014,
s309582372,p02572,u095453583,1598904889,C++,C++ (GCC 9.2.1),cpp,Accepted,36.0,4760.0,1401,
s349825607,p02572,u075502030,1598904846,C++,C++ (GCC 9.2.1),cpp,Accepted,73.0,6416.0,430,
s421650744,p02572,u095453583,1598904429,C++,C++ (GCC 9.2.1),cpp,Accepted,35.0,4780.0,4992,
s521332231,p02572,u881032151,1598903903,C++,C++ (Clang 10.0.0),cpp,Accepted,40.0,6220.0,556,
s462446395,p02572,u884510802,1598903626,C++,C++ (GCC 9.2.1),cpp,Accepted,74.0,6804.0,332,
s285428981,p02572,u252463862,1598903476,C++,C++ (GCC 9.2.1),cpp,Accepted,78.0,6692.0,666,
s055217990,p02572,u783603027,1598903394,C++,C++ (GCC 9.2.1),cpp,Accepted,74.0,4040.0,712,
s510163109,p02572,u450007962,1598903148,C++,C++ (GCC 9.2.1),cpp,Accepted,90.0,4844.0,1987,
s574729740,p02572,u848007850,1598903035,C++,C++ (GCC 9.2.1),cpp,Accepted,40.0,6780.0,306,
s626338447,p02572,u798445123,1598903017,Python,Python (3.8.2),py,Accepted,129.0,31696.0,511,
s718994156,p02572,u661869380,1598902956,C++,C++ (Clang 10.0.0),cpp,Accepted,156.0,6048.0,450,
s811687340,p02572,u432498296,1598902744,C++,C++ (GCC 9.2.1),cpp,Accepted,33.0,5140.0,1334,
s871070566,p02572,u468007769,1598902411,C++,C++ (GCC 9.2.1),cpp,Accepted,72.0,4736.0,3963,
s661385805,p02572,u696444274,1598902223,Python,PyPy3 (7.3.0),py,Accepted,126.0,105272.0,177,
s601479468,p02572,u914142836,1598901810,C++,C++ (GCC 9.2.1),cpp,Accepted,35.0,5144.0,1625,
s656499274,p02572,u680851063,1598901741,Python,Python (3.8.2),py,Accepted,121.0,31424.0,147,
s823631704,p02572,u994803438,1598901643,C++,C++ (GCC 9.2.1),cpp,Accepted,76.0,4840.0,395,
s858354928,p02572,u216849520,1598901610,C++,C++ (GCC 9.2.1),cpp,Accepted,87.0,16720.0,1624,
s970939148,p02572,u913016812,1598901487,C++,C++ (GCC 9.2.1),cpp,Accepted,70.0,4844.0,949,
s585616747,p02572,u693007703,1598901270,Python,Python (3.8.2),py,Accepted,161.0,31720.0,262,
s895485637,p02572,u999799597,1598901256,Python,Python (3.8.2),py,Accepted,203.0,31576.0,278,
s688599038,p02572,u321333619,1598901223,C++,C++ (GCC 9.2.1),cpp,Accepted,37.0,3640.0,1306,
s889004270,p02572,u332135290,1598900923,Python,Python (3.8.2),py,Accepted,164.0,31628.0,213,
s041999300,p02572,u219001133,1598900845,C++,C++ (GCC 9.2.1),cpp,Accepted,39.0,6388.0,1787,
s072755429,p02572,u753991638,1598900216,C++,C++ (GCC 9.2.1),cpp,Accepted,71.0,3984.0,417,
s464804185,p02572,u187462782,1598900036,Python,Python (3.8.2),py,Accepted,206.0,31620.0,277,
s071096594,p02572,u914142836,1598899850,C++,C++ (GCC 9.2.1),cpp,Accepted,32.0,5124.0,1700,
s393227605,p02572,u653041271,1598899823,Python,Python (3.8.2),py,Accepted,257.0,53540.0,1015,
s822716581,p02572,u883680855,1598899708,C++,C++ (GCC 9.2.1),cpp,Accepted,71.0,4052.0,414,
s157157137,p02572,u630939231,1598899642,C++,C++ (GCC 9.2.1),cpp,Accepted,79.0,6700.0,433,
s072497869,p02572,u163562872,1598899606,C++,C++ (GCC 9.2.1),cpp,Accepted,32.0,5188.0,471,
s163882287,p02572,u822994146,1598899536,C++,C++ (GCC 9.2.1),cpp,Accepted,72.0,6368.0,655,
s052727224,p02572,u499401864,1598899251,C++,C++ (GCC 9.2.1),cpp,Accepted,30.0,4740.0,973,
s742267830,p02572,u482157295,1598899245,Python,Python (3.8.2),py,Accepted,164.0,31416.0,251,
s879588200,p02572,u120176432,1598899213,C++,C++ (GCC 9.2.1),cpp,Accepted,36.0,6376.0,4551,
s107160120,p02572,u368645110,1598899209,C++,C++ (GCC 9.2.1),cpp,Accepted,35.0,5208.0,1732,
s342749477,p02572,u219001133,1598898874,C++,C++ (GCC 9.2.1),cpp,Accepted,40.0,6388.0,1796,
s718081093,p02572,u842462845,1598898605,C++,C++ (GCC 9.2.1),cpp,Accepted,74.0,5212.0,316,
s834988386,p02572,u017121332,1598898351,C++,C++ (GCC 9.2.1),cpp,Accepted,77.0,5880.0,344,
s265324659,p02572,u702996070,1598897496,C++,C++ (GCC 9.2.1),cpp,Accepted,70.0,4840.0,3137,
s513527564,p02572,u221592478,1598896975,C++,C++ (GCC 9.2.1),cpp,Accepted,76.0,5192.0,414,
s947621456,p02572,u687204015,1598896406,C++,C++ (GCC 9.2.1),cpp,Accepted,41.0,4740.0,2001,
s796610624,p02572,u419510160,1598896073,C++,C++ (Clang 10.0.0),cpp,Accepted,164.0,4720.0,420,
s077569734,p02572,u665775163,1598895752,C++,C++ (GCC 9.2.1),cpp,Accepted,34.0,5212.0,549,
s732176279,p02572,u943070732,1598895644,C++,C++ (GCC 9.2.1),cpp,Accepted,38.0,5212.0,776,
s808967468,p02572,u623115612,1598895622,C++,C++ (GCC 9.2.1),cpp,Accepted,74.0,4776.0,422,
s547577804,p02572,u463445762,1598895505,C++,C++ (GCC 9.2.1),cpp,Accepted,75.0,6756.0,353,
s384724849,p02572,u919814960,1598895100,C++,C++ (GCC 9.2.1),cpp,Accepted,36.0,3648.0,2158,
s363201506,p02572,u425950110,1598894196,Python,Python (3.8.2),py,Accepted,183.0,43592.0,342,
s816220858,p02572,u423316892,1598894009,C++,C++ (GCC 9.2.1),cpp,Accepted,75.0,5944.0,423,
s632318463,p02572,u723583932,1598893868,Python,Python (3.8.2),py,Accepted,145.0,31568.0,140,
s104510150,p02572,u323315992,1598893556,Python,Python (3.8.2),py,Accepted,161.0,31380.0,170,
s052299780,p02572,u861274887,1598893442,Python,Python (3.8.2),py,Accepted,160.0,31440.0,193,
s953555124,p02572,u597243424,1598893290,C++,C++ (GCC 9.2.1),cpp,Accepted,69.0,5116.0,495,
s328796231,p02572,u863370423,1598892670,C++,C++ (GCC 9.2.1),cpp,Accepted,72.0,3624.0,1109,
s482891390,p02572,u654756997,1598892589,C++,C++ (GCC 9.2.1),cpp,Accepted,75.0,5116.0,369,
s264065531,p02572,u664297495,1598892246,C++,C++ (GCC 9.2.1),cpp,Accepted,74.0,5120.0,329,
s091095623,p02572,u006721330,1598892215,C++,C++ (GCC 9.2.1),cpp,Accepted,73.0,4740.0,395,
s217003713,p02572,u943004959,1598891742,C++,C++ (GCC 9.2.1),cpp,Accepted,35.0,4712.0,799,
s075708728,p02572,u354862173,1598891657,Python,Python (3.8.2),py,Accepted,234.0,51504.0,1053,
s477892335,p02572,u076932548,1598890891,C++,C++ (GCC 9.2.1),cpp,Accepted,74.0,4728.0,454,
s044305429,p02572,u349449706,1598890581,Python,PyPy3 (7.3.0),py,Accepted,115.0,105396.0,116,
s058462088,p02572,u418826171,1598890467,Python,Python (3.8.2),py,Accepted,167.0,31608.0,214,
s652609199,p02572,u053609618,1598890254,C++,C++ (GCC 9.2.1),cpp,Accepted,37.0,6368.0,1922,
s643383097,p02572,u431038756,1598890209,C++,C++ (GCC 9.2.1),cpp,Accepted,92.0,4872.0,755,
s977295837,p02572,u927740808,1598890195,Python,Python (3.8.2),py,Accepted,189.0,25356.0,198,
s753334651,p02572,u053609618,1598890110,C++,C++ (GCC 9.2.1),cpp,Accepted,38.0,6348.0,1916,
s166659994,p02572,u543657872,1598890009,C++,C++ (GCC 9.2.1),cpp,Accepted,71.0,4828.0,456,
s548312950,p02572,u047979038,1598889744,Python,Python (3.8.2),py,Accepted,143.0,31364.0,155,
s272602399,p02572,u035453792,1598889661,Python,Python (3.8.2),py,Accepted,129.0,31604.0,149,
s234647273,p02572,u750630712,1598889345,C++,C++ (GCC 9.2.1),cpp,Accepted,35.0,3648.0,690,
s565287722,p02572,u423137719,1598889202,Python,PyPy3 (7.3.0),py,Accepted,124.0,105312.0,154,
s474812244,p02572,u267194387,1598889098,C++,C++ (GCC 9.2.1),cpp,Accepted,78.0,5604.0,433,
s426130702,p02572,u293348525,1598889010,C++,C++ (GCC 9.2.1),cpp,Accepted,80.0,6740.0,508,
s167292658,p02572,u753386263,1598888724,Python,PyPy3 (7.3.0),py,Accepted,312.0,104800.0,158,
s441527930,p02572,u748712781,1598888616,C++,C++ (GCC 9.2.1),cpp,Accepted,37.0,6368.0,590,
s405350209,p02572,u805304731,1598888422,C++,C++ (GCC 9.2.1),cpp,Accepted,26.0,6836.0,1025,
s070506523,p02572,u447564882,1598888413,Python,Python (3.8.2),py,Accepted,147.0,31576.0,125,
s323076695,p02572,u639426108,1598888275,C++,C++ (GCC 9.2.1),cpp,Accepted,74.0,4852.0,1177,
s154005206,p02572,u831502700,1598888271,C++,C++ (GCC 9.2.1),cpp,Accepted,40.0,5280.0,516,
s287626647,p02572,u639867596,1598888195,C++,C++ (GCC 9.2.1),cpp,Accepted,72.0,6732.0,520,
s840824793,p02572,u639867596,1598888070,C++,C++ (GCC 9.2.1),cpp,Accepted,74.0,6784.0,514,
s603010007,p02572,u029830949,1598887875,C++,C++ (GCC 9.2.1),cpp,Accepted,79.0,4764.0,1641,
s638632431,p02572,u897042183,1598887865,C++,C++ (GCC 9.2.1),cpp,Accepted,74.0,5180.0,353,
s372869571,p02572,u000217193,1598887646,C++,C++ (GCC 9.2.1),cpp,Accepted,71.0,4784.0,560,
s452329977,p02572,u907865484,1598887288,Python,Python (3.8.2),py,Accepted,143.0,31548.0,189,
s688205823,p02572,u394244719,1598886861,Python,Python (3.8.2),py,Accepted,196.0,31524.0,428,
s835779815,p02572,u374236596,1598886362,C++,C++ (Clang 10.0.0),cpp,Accepted,156.0,6044.0,617,
s347018711,p02572,u505492660,1598885928,C++,C++ (GCC 9.2.1),cpp,Accepted,72.0,5148.0,391,
s627732178,p02572,u418826171,1598885581,Python,Python (3.8.2),py,Accepted,185.0,31760.0,222,
s250734129,p02572,u774695023,1598885546,C++,C++ (GCC 9.2.1),cpp,Accepted,71.0,5596.0,519,
s612347418,p02572,u785727223,1598885508,C++,C++ (GCC 9.2.1),cpp,Accepted,39.0,2508.0,322,
s541997577,p02572,u617752579,1598885466,C++,C++ (GCC 9.2.1),cpp,Accepted,37.0,6712.0,556,
s631464627,p02572,u589969467,1598885407,Python,Python (3.8.2),py,Accepted,156.0,31432.0,260,
s965028019,p02572,u921575118,1598885265,C++,C++ (GCC 9.2.1),cpp,Accepted,37.0,6360.0,1088,
s160241310,p02572,u638220946,1598885192,C++,C++ (GCC 9.2.1),cpp,Accepted,41.0,6852.0,1062,
s415220890,p02572,u396252065,1598885126,Python,Python (3.8.2),py,Accepted,158.0,25184.0,212,
s800969864,p02572,u574888872,1598884926,Python,Python (3.8.2),py,Accepted,113.0,31428.0,277,
s961668170,p02572,u852056164,1598884857,C++,C++ (GCC 9.2.1),cpp,Accepted,75.0,6428.0,440,
s130211225,p02572,u032315435,1598884811,C++,C++ (Clang 10.0.0),cpp,Accepted,39.0,3672.0,418,
s976481667,p02572,u538808095,1598884715,C++,C++ (GCC 9.2.1),cpp,Accepted,76.0,4768.0,694,
s112395758,p02572,u536642030,1598884540,Python,Python (3.8.2),py,Accepted,219.0,31612.0,331,
s473785772,p02572,u972591645,1598884051,Python,Python (3.8.2),py,Accepted,141.0,31536.0,144,
s771327819,p02572,u531631168,1598883869,C++,C++ (GCC 9.2.1),cpp,Accepted,75.0,4820.0,447,
s677653188,p02572,u012638328,1598883800,C++,C++ (GCC 9.2.1),cpp,Accepted,36.0,6712.0,1075,
s171086241,p02572,u459402168,1598883665,C++,C++ (GCC 9.2.1),cpp,Accepted,38.0,6280.0,1079,
s924726717,p02572,u597937638,1598883637,Python,PyPy3 (7.3.0),py,Accepted,125.0,105188.0,174,
s159997933,p02572,u972416449,1598883344,C++,C++ (GCC 9.2.1),cpp,Accepted,33.0,4764.0,674,
s353149354,p02572,u036340997,1598883244,Python,Python (3.8.2),py,Accepted,141.0,31672.0,166,
s449225814,p02572,u956364947,1598883056,C++,C++ (GCC 9.2.1),cpp,Accepted,39.0,4768.0,927,
s624844161,p02572,u002127081,1598883016,C++,C++ (GCC 9.2.1),cpp,Accepted,38.0,6868.0,756,
s487640178,p02572,u159060545,1598882854,C++,C++ (GCC 9.2.1),cpp,Accepted,36.0,5560.0,736,
s838316182,p02572,u282280353,1598882824,C++,C++ (GCC 9.2.1),cpp,Accepted,75.0,3908.0,689,
s174862958,p02572,u377697749,1598882787,C++,C++ (GCC 9.2.1),cpp,Accepted,73.0,6364.0,426,
s739749319,p02572,u760760982,1598882671,Python,Python (3.8.2),py,Accepted,149.0,31592.0,163,
s498730211,p02572,u983967747,1598882621,Python,Python (3.8.2),py,Accepted,126.0,31596.0,168,
s832151364,p02572,u983967747,1598882544,Python,Python (3.8.2),py,Accepted,143.0,31736.0,174,
s453492421,p02572,u891687930,1598882168,Python,Python (3.8.2),py,Accepted,122.0,31632.0,124,
s551811245,p02572,u111555888,1598882157,C++,C++ (GCC 9.2.1),cpp,Accepted,71.0,6660.0,394,
s672925628,p02572,u222602662,1598881712,C++,C++ (GCC 9.2.1),cpp,Accepted,70.0,28248.0,22236,
s646712901,p02572,u756784272,1598881585,C++,C++ (GCC 9.2.1),cpp,Accepted,34.0,6368.0,3446,
s451204957,p02572,u310286716,1598881303,Python,Python (3.8.2),py,Accepted,125.0,31600.0,213,
s217109714,p02572,u037143188,1598881173,C++,C++ (GCC 9.2.1),cpp,Accepted,76.0,4044.0,519,
s091593071,p02572,u723711163,1598881044,Python,PyPy3 (7.3.0),py,Accepted,136.0,107124.0,233,
s282935519,p02572,u368502656,1598880657,C++,C++ (GCC 9.2.1),cpp,Accepted,80.0,6656.0,938,
s571706160,p02572,u903458979,1598880596,C++,C++ (GCC 9.2.1),cpp,Accepted,39.0,6348.0,1762,
s512902999,p02572,u961500618,1598880302,C++,C++ (GCC 9.2.1),cpp,Accepted,37.0,3640.0,500,
s271872213,p02572,u353919145,1598879991,C++,C++ (GCC 9.2.1),cpp,Accepted,34.0,6740.0,786,
s227056724,p02572,u961500618,1598879788,C++,C++ (GCC 9.2.1),cpp,Accepted,32.0,3652.0,481,
s030563218,p02572,u416758623,1598879743,Python,Python (3.8.2),py,Accepted,142.0,31652.0,169,
s361016469,p02572,u415865011,1598879740,C++,C++ (Clang 10.0.0),cpp,Accepted,155.0,3560.0,419,
s317811978,p02572,u519950235,1598879721,C++,C++ (GCC 9.2.1),cpp,Accepted,77.0,5152.0,1672,
s971587371,p02572,u416758623,1598879688,Python,Python (3.8.2),py,Accepted,140.0,31384.0,169,
s402034116,p02572,u735224975,1598879500,C++,C++ (GCC 9.2.1),cpp,Accepted,38.0,10700.0,1548,
s390523711,p02572,u157232135,1598879198,Python,Python (3.8.2),py,Accepted,131.0,31564.0,277,
s348755996,p02572,u359856428,1598879046,C++,C++ (GCC 9.2.1),cpp,Accepted,74.0,4044.0,389,
s539432398,p02572,u303039933,1598878962,Python,Python (3.8.2),py,Accepted,133.0,33464.0,1248,
s003662213,p02572,u111392182,1598878960,Python,Python (3.8.2),py,Accepted,147.0,31600.0,150,
s630147311,p02572,u054473438,1598878764,Python,Python (3.8.2),py,Accepted,163.0,31552.0,201,
s292858646,p02572,u061844012,1598878740,C++,C++ (GCC 9.2.1),cpp,Accepted,33.0,6748.0,1613,
s613254154,p02572,u587252151,1598878454,C++,C++ (GCC 9.2.1),cpp,Accepted,72.0,4052.0,552,
s113093110,p02572,u198693633,1598878431,C++,C++ (GCC 9.2.1),cpp,Accepted,33.0,3648.0,2315,
s519476489,p02572,u705892698,1598878239,C++,C++ (GCC 9.2.1),cpp,Accepted,33.0,4792.0,2380,
s980589260,p02572,u026774865,1598878140,C++,C++ (GCC 9.2.1),cpp,Accepted,77.0,4784.0,524,
s479599080,p02572,u336661848,1598878046,C++,C++ (GCC 9.2.1),cpp,Accepted,78.0,5120.0,599,
s645695527,p02572,u336661848,1598877924,C++,C++ (GCC 9.2.1),cpp,Accepted,36.0,6768.0,639,
s239023302,p02572,u924182136,1598877606,Python,Python (3.8.2),py,Accepted,197.0,31536.0,278,
s637678067,p02572,u496746257,1598877415,Python,Python (3.8.2),py,Accepted,213.0,25348.0,192,
s435138441,p02572,u874333466,1598877238,Python,Python (3.8.2),py,Accepted,170.0,31444.0,284,
s981494158,p02572,u721316601,1598877224,Python,Python (3.8.2),py,Accepted,134.0,31560.0,174,
s646358929,p02572,u121805495,1598877211,C++,C++ (GCC 9.2.1),cpp,Accepted,76.0,6724.0,416,
s520312895,p02572,u353919145,1598877089,C++,C++ (GCC 9.2.1),cpp,Accepted,19.0,1604.0,432,
s507409455,p02572,u397953026,1598876828,Python,Python (3.8.2),py,Accepted,150.0,31556.0,190,
s930990384,p02572,u243223000,1598876618,C++,C++ (GCC 9.2.1),cpp,Accepted,77.0,6744.0,477,
s098895251,p02572,u107915058,1598876053,Python,Python (3.8.2),py,Accepted,128.0,31392.0,144,
s083421895,p02572,u544286869,1598875819,C++,C++ (GCC 9.2.1),cpp,Accepted,72.0,3636.0,324,
s255216957,p02572,u986372742,1598875420,C++,C++ (GCC 9.2.1),cpp,Accepted,40.0,4828.0,394,
s085883491,p02572,u555587832,1598875384,Python,Python (3.8.2),py,Accepted,124.0,31624.0,155,
s642035715,p02572,u960687982,1598875220,C++,C++ (GCC 9.2.1),cpp,Accepted,76.0,4832.0,502,
s868104843,p02572,u370273398,1598874774,C++,C++ (GCC 9.2.1),cpp,Accepted,75.0,5144.0,316,
s699002224,p02572,u672160971,1598874654,C++,C++ (GCC 9.2.1),cpp,Accepted,80.0,4048.0,441,
s025718725,p02572,u804446596,1598874105,C++,C++ (GCC 9.2.1),cpp,Accepted,36.0,5220.0,877,
s241427651,p02572,u167206842,1598874003,C++,C++ (GCC 9.2.1),cpp,Accepted,36.0,3608.0,1352,
s192755010,p02572,u583507988,1598873998,Python,Python (3.8.2),py,Accepted,128.0,31604.0,127,
s659189672,p02572,u759412327,1598873883,Python,Python (3.8.2),py,Accepted,128.0,31504.0,114,
s088871813,p02572,u080529099,1598873823,C++,C++ (GCC 9.2.1),cpp,Accepted,31.0,4748.0,1011,
s310643425,p02572,u065467277,1598873636,C++,C++ (GCC 9.2.1),cpp,Accepted,74.0,5620.0,12343,
s378100279,p02572,u445011609,1598873545,C++,C++ (GCC 9.2.1),cpp,Accepted,75.0,4000.0,474,
s301982092,p02572,u270851941,1598873537,Python,Python (3.8.2),py,Accepted,126.0,32628.0,287,
s507110140,p02572,u804446596,1598873400,C++,C++ (GCC 9.2.1),cpp,Accepted,34.0,5208.0,856,
s581385444,p02572,u804446596,1598872953,C++,C++ (GCC 9.2.1),cpp,Accepted,34.0,5184.0,861,
s095504984,p02572,u972479304,1598872813,Python,Python (3.8.2),py,Accepted,128.0,31408.0,155,
s205797506,p02572,u589539514,1598872751,C++,C++ (GCC 9.2.1),cpp,Accepted,73.0,5192.0,543,
s152538793,p02572,u325116396,1598871326,C++,C++ (GCC 9.2.1),cpp,Accepted,35.0,3692.0,813,
s264234131,p02572,u008349323,1598870964,C++,C++ (GCC 9.2.1),cpp,Accepted,44.0,6924.0,757,
s793663237,p02572,u975300347,1598870724,Python,Python (3.8.2),py,Accepted,141.0,31364.0,151,
s576858605,p02572,u975300347,1598870681,Python,Python (3.8.2),py,Accepted,141.0,31532.0,151,
s168791716,p02572,u768752804,1598870081,Python,Python (3.8.2),py,Accepted,135.0,33440.0,270,
s797001872,p02572,u806999568,1598868737,C++,C++ (GCC 9.2.1),cpp,Accepted,35.0,4708.0,1445,
s043084410,p02572,u857673087,1598868723,Python,Python (3.8.2),py,Accepted,142.0,31616.0,154,
s487412634,p02572,u989345508,1598868564,Python,PyPy3 (7.3.0),py,Accepted,130.0,81976.0,198,
s682477495,p02572,u843292252,1598868202,C++,C++ (GCC 9.2.1),cpp,Accepted,74.0,4844.0,474,
s508360794,p02572,u557207741,1598868137,C++,C++ (GCC 9.2.1),cpp,Accepted,39.0,6360.0,716,
s005213871,p02572,u390698644,1598867184,C++,C++ (GCC 9.2.1),cpp,Accepted,76.0,6764.0,470,
s513375883,p02572,u688587139,1598867069,Python,Python (3.8.2),py,Accepted,133.0,31568.0,181,
s064332272,p02572,u325149030,1598866780,Python,Python (3.8.2),py,Accepted,179.0,31724.0,234,
s091128548,p02572,u765788065,1598866780,C++,C++ (GCC 9.2.1),cpp,Accepted,75.0,5200.0,542,
s728842267,p02572,u528036644,1598866592,C++,C++ (Clang 10.0.0),cpp,Accepted,150.0,4732.0,704,
s184774257,p02572,u279013117,1598866547,C++,C++ (GCC 9.2.1),cpp,Accepted,35.0,3992.0,936,
s522330318,p02572,u465652095,1598866415,Python,Python (3.8.2),py,Accepted,140.0,31412.0,172,
s401334629,p02572,u097320244,1598866207,C++,C++ (GCC 9.2.1),cpp,Accepted,36.0,6764.0,2943,
s909000037,p02572,u436982376,1598865491,Python,Python (3.8.2),py,Accepted,107.0,31584.0,485,
s166097439,p02572,u989247251,1598865306,Python,PyPy3 (7.3.0),py,Accepted,113.0,94336.0,141,
s346292611,p02572,u791593901,1598865084,C++,C++ (GCC 9.2.1),cpp,Accepted,74.0,5168.0,589,
s681873835,p02572,u132620066,1598864901,Python,PyPy3 (7.3.0),py,Accepted,114.0,94260.0,160,
s494055484,p02572,u354648318,1598864877,C++,C++ (GCC 9.2.1),cpp,Accepted,74.0,4796.0,303,
s966951963,p02572,u132620066,1598864681,Python,PyPy3 (7.3.0),py,Accepted,120.0,105008.0,142,
s418712259,p02572,u609922073,1598864116,C++,C++ (GCC 9.2.1),cpp,Accepted,33.0,4756.0,1558,
s138891304,p02572,u194384772,1598864042,C++,C++ (GCC 9.2.1),cpp,Accepted,37.0,5988.0,534,
s192701918,p02572,u764735554,1598864038,C++,C++ (GCC 9.2.1),cpp,Accepted,72.0,4848.0,414,
s397229269,p02572,u593392188,1598864031,C++,C++ (GCC 9.2.1),cpp,Accepted,77.0,4048.0,353,
s668681487,p02572,u588592871,1598863757,Python,Python (3.8.2),py,Accepted,207.0,25204.0,189,
s522984097,p02572,u327564206,1598863680,C++,C++ (GCC 9.2.1),cpp,Accepted,41.0,6956.0,331,
s845249933,p02572,u599547273,1598862776,Python,Python (3.8.2),py,Accepted,147.0,31380.0,219,
s742839122,p02572,u599174207,1598862639,Python,PyPy3 (7.3.0),py,Accepted,123.0,110384.0,464,
s536104222,p02572,u109487406,1598862473,Python,PyPy3 (7.3.0),py,Accepted,128.0,105324.0,174,
s088322440,p02572,u538508087,1598862194,C++,C++ (Clang 10.0.0),cpp,Accepted,154.0,4564.0,2558,
s900322933,p02572,u755096582,1598862062,C++,C++ (GCC 9.2.1),cpp,Accepted,42.0,6172.0,638,
s044185228,p02572,u573154728,1598861999,C++,C++ (GCC 9.2.1),cpp,Accepted,72.0,5632.0,960,
s927052663,p02572,u420190011,1598861940,C++,C++ (GCC 9.2.1),cpp,Accepted,75.0,5612.0,519,
s334288304,p02572,u268402865,1598861524,Python,Python (3.8.2),py,Accepted,156.0,31440.0,184,
s311328666,p02572,u422725381,1598860822,C++,C++ (GCC 9.2.1),cpp,Accepted,411.0,4784.0,984,
s183816103,p02572,u591287669,1598860074,Python,Python (3.8.2),py,Accepted,146.0,31620.0,181,
s947796492,p02572,u634967948,1598859575,C++,C++ (GCC 9.2.1),cpp,Accepted,77.0,6424.0,431,
s179967009,p02572,u538125576,1598859490,C++,C++ (GCC 9.2.1),cpp,Accepted,1196.0,7804.0,992,
s007823910,p02572,u485821416,1598859414,C++,C++ (GCC 9.2.1),cpp,Accepted,78.0,6912.0,487,
s678154444,p02572,u310211339,1598859365,C++,C++ (GCC 9.2.1),cpp,Accepted,40.0,6876.0,1086,
s884485630,p02572,u206541745,1598859150,Python,PyPy3 (7.3.0),py,Accepted,122.0,105372.0,198,
s544244932,p02572,u730807152,1598858997,Python,Python (3.8.2),py,Accepted,102.0,31612.0,167,
s280009003,p02572,u650932312,1598858938,Python,Python (3.8.2),py,Accepted,187.0,31496.0,237,
s994294123,p02572,u265118937,1598858582,Python,Python (3.8.2),py,Accepted,138.0,31648.0,233,
s253046861,p02572,u994307795,1598858149,Python,Python (3.8.2),py,Accepted,117.0,31144.0,193,
s561701855,p02572,u246401133,1598857716,Python,Python (3.8.2),py,Accepted,211.0,31604.0,255,
s829395009,p02572,u749089333,1598857688,C++,C++ (GCC 9.2.1),cpp,Accepted,71.0,5636.0,449,
s275383181,p02572,u246401133,1598857662,Python,Python (3.8.2),py,Accepted,208.0,31568.0,255,
s739675334,p02572,u246401133,1598857597,Python,Python (3.8.2),py,Accepted,210.0,31448.0,257,
s074482372,p02572,u364741711,1598857327,Python,Python (3.8.2),py,Accepted,186.0,31572.0,228,
s352486070,p02572,u448922807,1598857073,Python,Python (3.8.2),py,Accepted,190.0,31620.0,247,
s154384661,p02572,u172147273,1598857015,Python,PyPy3 (7.3.0),py,Accepted,118.0,105016.0,126,
s797347813,p02572,u393879608,1598855155,C++,C++ (GCC 9.2.1),cpp,Accepted,34.0,4748.0,858,
s665431752,p02572,u081275802,1598855132,C++,C++ (GCC 9.2.1),cpp,Accepted,72.0,5188.0,447,
s029815198,p02572,u481919972,1598855122,Python,Python (3.8.2),py,Accepted,199.0,25084.0,212,
s415656176,p02572,u966207392,1598854507,Python,Python (3.8.2),py,Accepted,131.0,31612.0,153,
s148113933,p02572,u122586222,1598853233,C++,C++ (GCC 9.2.1),cpp,Accepted,73.0,5332.0,428,
s384406373,p02572,u349444371,1598852948,Python,PyPy3 (7.3.0),py,Accepted,118.0,105544.0,156,
s172046412,p02572,u748757847,1598851932,Python,Python (3.8.2),py,Accepted,189.0,31696.0,250,
s663995793,p02572,u903005414,1598850454,Python,Python (3.8.2),py,Accepted,129.0,29312.0,266,
s777431873,p02572,u903005414,1598850277,Python,Python (3.8.2),py,Accepted,159.0,29268.0,271,
s256432324,p02572,u826661974,1598847982,C++,C++ (GCC 9.2.1),cpp,Accepted,78.0,4840.0,461,
s716556293,p02572,u907300950,1598847580,C++,C++ (GCC 9.2.1),cpp,Accepted,71.0,6756.0,756,
s520390100,p02572,u504103417,1598845995,C++,C++ (GCC 9.2.1),cpp,Accepted,77.0,6712.0,513,
s983202114,p02572,u803272803,1598845916,C++,C++ (GCC 9.2.1),cpp,Accepted,33.0,6368.0,2989,
s515908278,p02572,u614754422,1598843100,C++,C++ (GCC 9.2.1),cpp,Accepted,76.0,6664.0,612,
s087489511,p02572,u279009319,1598842487,C++,C++ (GCC 9.2.1),cpp,Accepted,74.0,5184.0,431,
s037818598,p02572,u682847501,1598842482,C++,C++ (GCC 9.2.1),cpp,Accepted,35.0,3968.0,673,
s970390632,p02572,u705530215,1598842328,C++,C++ (GCC 9.2.1),cpp,Accepted,35.0,4768.0,404,
s753854757,p02572,u890528279,1598842252,C++,C++ (GCC 9.2.1),cpp,Accepted,75.0,5184.0,412,
s679113763,p02572,u944168616,1598841703,C++,C++ (GCC 9.2.1),cpp,Accepted,33.0,6768.0,515,
s104306004,p02572,u720420025,1598840762,C++,C++ (GCC 9.2.1),cpp,Accepted,35.0,4780.0,4480,
s162576810,p02572,u264406743,1598840640,C++,C++ (GCC 9.2.1),cpp,Accepted,43.0,6328.0,1616,
s427962021,p02572,u347600233,1598840384,Python,Python (3.8.2),py,Accepted,182.0,31420.0,220,
s388580992,p02572,u696290869,1598839826,C++,C++ (GCC 9.2.1),cpp,Accepted,32.0,4748.0,796,
s748308495,p02572,u372102441,1598839070,Python,Python (3.8.2),py,Accepted,232.0,31128.0,489,
s089709148,p02572,u312045164,1598838733,C++,C++ (GCC 9.2.1),cpp,Accepted,37.0,6368.0,1367,
s907171791,p02572,u973032428,1598838328,C++,C++ (GCC 9.2.1),cpp,Accepted,75.0,5160.0,337,
s955106295,p02572,u845907943,1598838313,C++,C++ (GCC 9.2.1),cpp,Accepted,33.0,4760.0,416,
s088837194,p02572,u105935673,1598837885,C++,C++ (GCC 9.2.1),cpp,Accepted,39.0,3996.0,478,
s160287033,p02572,u845907943,1598837177,C++,C++ (GCC 9.2.1),cpp,Accepted,32.0,4780.0,412,
s878225740,p02572,u898682564,1598837137,C++,C++ (GCC 9.2.1),cpp,Accepted,80.0,4276.0,667,
s696609197,p02572,u064505481,1598837132,Python,PyPy3 (7.3.0),py,Accepted,143.0,112632.0,687,
s777571946,p02572,u015568438,1598836650,C++,C++ (GCC 9.2.1),cpp,Accepted,35.0,6740.0,605,
s152310963,p02572,u105935673,1598835990,C++,C++ (GCC 9.2.1),cpp,Accepted,40.0,3984.0,896,
s175466342,p02572,u707975836,1598835939,C++,C++ (GCC 9.2.1),cpp,Accepted,37.0,4744.0,1071,
s432754658,p02572,u093010575,1598835122,Python,Python (3.8.2),py,Accepted,227.0,31436.0,243,
s326885716,p02572,u093010575,1598834336,C++,C++ (GCC 9.2.1),cpp,Accepted,39.0,3272.0,365,
s676268026,p02572,u092850781,1598834065,C++,C++ (GCC 9.2.1),cpp,Accepted,29.0,4388.0,1636,
s620799962,p02572,u653759243,1598834043,C++,C++ (GCC 9.2.1),cpp,Accepted,37.0,6332.0,931,
s321126195,p02572,u105935673,1598833291,C++,C++ (GCC 9.2.1),cpp,Accepted,42.0,5564.0,569,
s875535855,p02572,u105935673,1598833114,C++,C++ (GCC 9.2.1),cpp,Accepted,41.0,5556.0,577,
s808054783,p02572,u251660744,1598833074,C++,C++ (GCC 9.2.1),cpp,Accepted,38.0,6700.0,680,
s132855427,p02572,u464823755,1598832980,Python,Python (3.8.2),py,Accepted,139.0,31560.0,155,
s196222641,p02572,u944458101,1598832529,C++,C++ (GCC 9.2.1),cpp,Accepted,16.0,5320.0,1268,
s907013775,p02572,u453055089,1598832499,Python,PyPy3 (7.3.0),py,Accepted,132.0,105252.0,286,
s954951236,p02572,u213317118,1598832423,C++,C++ (GCC 9.2.1),cpp,Accepted,34.0,4772.0,5729,
s637322407,p02572,u887959172,1598831859,C++,C++ (GCC 9.2.1),cpp,Accepted,72.0,5376.0,478,
s739796862,p02572,u696824876,1598831758,C++,C++ (GCC 9.2.1),cpp,Accepted,36.0,6344.0,695,
s425958306,p02572,u696824876,1598831713,C++,C++ (GCC 9.2.1),cpp,Accepted,35.0,6376.0,697,
s586085048,p02572,u180172332,1598831563,Python,Python (3.8.2),py,Accepted,164.0,31572.0,346,
s522608353,p02572,u855831834,1598831385,Python,Python (3.8.2),py,Accepted,187.0,31540.0,242,
s367337436,p02572,u027685417,1598830712,Python,Python (3.8.2),py,Accepted,189.0,31472.0,258,
s644265359,p02572,u033566567,1598830661,Python,Python (3.8.2),py,Accepted,152.0,30792.0,385,
s432610448,p02572,u623819879,1598830553,Python,PyPy3 (7.3.0),py,Accepted,188.0,116400.0,3315,
s606848583,p02572,u688219499,1598829895,Python,Python (3.8.2),py,Accepted,110.0,31568.0,171,
s065177819,p02572,u026971192,1598829759,C++,C++ (GCC 9.2.1),cpp,Accepted,77.0,5124.0,365,
s439119443,p02572,u979823197,1598829647,Python,PyPy3 (7.3.0),py,Accepted,115.0,105228.0,229,
s268030363,p02572,u466937103,1598829643,C++,C++ (GCC 9.2.1),cpp,Accepted,37.0,6764.0,750,
s948446635,p02572,u476304270,1598829302,C++,C++ (GCC 9.2.1),cpp,Accepted,37.0,6796.0,1261,
s008451264,p02572,u726501606,1598828928,C++,C++ (GCC 9.2.1),cpp,Accepted,76.0,6300.0,881,
s565665245,p02572,u083184626,1598828775,C++,C++ (GCC 9.2.1),cpp,Accepted,76.0,6848.0,459,
s917525290,p02572,u059990487,1598828635,C++,C++ (GCC 9.2.1),cpp,Accepted,76.0,6756.0,417,
s052202296,p02572,u874996917,1598828619,C++,C++ (GCC 9.2.1),cpp,Accepted,73.0,4748.0,2131,
s626828486,p02572,u059990487,1598828610,C++,C++ (GCC 9.2.1),cpp,Accepted,74.0,6716.0,440,
s520889794,p02572,u332906195,1598827814,Python,PyPy3 (7.3.0),py,Accepted,119.0,102176.0,230,
s082515279,p02572,u840107567,1598827584,C++,C++ (GCC 9.2.1),cpp,Accepted,38.0,3972.0,958,
s720419964,p02572,u160224209,1598827570,Python,PyPy3 (7.3.0),py,Accepted,123.0,104076.0,271,
s718382128,p02572,u339558464,1598827432,C++,C++ (GCC 9.2.1),cpp,Accepted,72.0,4852.0,2269,
s245294921,p02572,u452310402,1598827142,C++,C++ (GCC 9.2.1),cpp,Accepted,34.0,6772.0,1018,
s797051026,p02572,u861821657,1598827009,C++,C++ (GCC 9.2.1),cpp,Accepted,37.0,6304.0,2659,
s647453223,p02572,u936985471,1598826851,Python,Python (3.8.2),py,Accepted,145.0,31440.0,221,
s336990730,p02572,u733674824,1598826247,C++,C++ (GCC 9.2.1),cpp,Accepted,74.0,3960.0,557,
s021993128,p02572,u896451538,1598826091,Python,Python (3.8.2),py,Accepted,146.0,31612.0,156,
s006781054,p02572,u624645160,1598825872,C++,C++ (GCC 9.2.1),cpp,Accepted,78.0,6384.0,1794,
s538076982,p02572,u244434589,1598825832,Python,PyPy3 (7.3.0),py,Accepted,118.0,105180.0,118,
s671759822,p02572,u782976395,1598825771,C++,C++ (GCC 9.2.1),cpp,Accepted,40.0,6328.0,1785,
s403308049,p02572,u458229572,1598825521,C++,C++ (GCC 9.2.1),cpp,Accepted,33.0,3632.0,1963,
s778971319,p02572,u099300051,1598825322,Python,Python (3.8.2),py,Accepted,146.0,31628.0,165,
s756896918,p02572,u779618803,1598824941,C++,C++ (GCC 9.2.1),cpp,Accepted,73.0,6408.0,590,
s636254150,p02572,u945065638,1598824910,Python,Python (3.8.2),py,Accepted,141.0,31368.0,180,
s922645849,p02572,u984276646,1598824870,Python,PyPy3 (7.3.0),py,Accepted,136.0,110128.0,224,
s324668836,p02572,u779618803,1598824841,C++,C++ (GCC 9.2.1),cpp,Accepted,77.0,6428.0,600,
s000688670,p02572,u674588203,1598824405,Python,Python (3.8.2),py,Accepted,186.0,31560.0,295,
s018759731,p02572,u477393226,1598824398,C++,C++ (GCC 9.2.1),cpp,Accepted,40.0,6348.0,2106,
s697665828,p02572,u225777148,1598824245,C++,C++ (GCC 9.2.1),cpp,Accepted,76.0,4764.0,395,
s951842502,p02572,u514896542,1598824143,C++,C++ (GCC 9.2.1),cpp,Accepted,75.0,6408.0,422,
s116840517,p02572,u263000123,1598824023,C++,C++ (GCC 9.2.1),cpp,Accepted,72.0,6404.0,1805,
s966739725,p02572,u353548710,1598823615,Python,Python (3.8.2),py,Accepted,124.0,31396.0,132,
s228477527,p02572,u424661377,1598823538,C++,C++ (GCC 9.2.1),cpp,Accepted,77.0,4840.0,453,
s125149297,p02572,u508077444,1598823342,C++,C++ (GCC 9.2.1),cpp,Accepted,74.0,4832.0,630,
s805611768,p02572,u000893497,1598823310,C++,C++ (GCC 9.2.1),cpp,Accepted,71.0,5644.0,532,
s008346537,p02572,u995732479,1598823203,C++,C++ (GCC 9.2.1),cpp,Accepted,74.0,4684.0,385,
s053419177,p02572,u910536093,1598822900,Python,Python (3.8.2),py,Accepted,89.0,31464.0,152,
s591525456,p02572,u230621983,1598822646,Python,Python (3.8.2),py,Accepted,164.0,31568.0,179,
s770658183,p02572,u967822229,1598822387,C++,C++ (Clang 10.0.0),cpp,Accepted,162.0,6292.0,803,
s258821074,p02572,u861658976,1598822283,C++,C++ (GCC 9.2.1),cpp,Accepted,35.0,4784.0,514,
s630957893,p02572,u647802679,1598822226,C++,C++ (GCC 9.2.1),cpp,Accepted,70.0,4056.0,393,
s199896284,p02572,u545938555,1598822165,C++,C++ (GCC 9.2.1),cpp,Accepted,71.0,4832.0,4493,
s506484040,p02572,u208309047,1598822014,Python,Python (3.8.2),py,Accepted,148.0,31576.0,486,
s293302812,p02572,u202699008,1598821888,C++,C++ (GCC 9.2.1),cpp,Accepted,35.0,6376.0,930,
s488979964,p02572,u202560873,1598821670,Python,Python (3.8.2),py,Accepted,159.0,31900.0,218,
s745064687,p02572,u861658976,1598821614,C++,C++ (GCC 9.2.1),cpp,Accepted,32.0,4716.0,549,
s493003941,p02572,u164104616,1598821432,C++,C++ (GCC 9.2.1),cpp,Accepted,69.0,3576.0,230,
s643589882,p02572,u553461888,1598821374,C++,C++ (GCC 9.2.1),cpp,Accepted,74.0,6448.0,10011,
s536773110,p02572,u733207269,1598821316,C++,C++ (GCC 9.2.1),cpp,Accepted,23.0,6700.0,1295,
s038288094,p02572,u595730036,1598821147,C++,C++ (GCC 9.2.1),cpp,Accepted,74.0,6428.0,733,
s543771532,p02572,u247529573,1598821097,Python,Python (3.8.2),py,Accepted,116.0,31424.0,209,
s104742742,p02572,u006949180,1598821091,C++,C++ (GCC 9.2.1),cpp,Accepted,73.0,4804.0,495,
s796697411,p02572,u916338311,1598820931,Python,Python (3.8.2),py,Accepted,128.0,31528.0,154,
s549673086,p02572,u963343620,1598820829,C++,C++ (GCC 9.2.1),cpp,Accepted,76.0,5612.0,519,
s088998211,p02572,u753092134,1598820712,C++,C++ (GCC 9.2.1),cpp,Accepted,36.0,6276.0,1926,
s487372215,p02572,u900267897,1598820710,C++,C++ (Clang 10.0.0),cpp,Accepted,158.0,5200.0,638,
s389082666,p02572,u753092134,1598820676,C++,C++ (GCC 9.2.1),cpp,Accepted,36.0,6332.0,1926,
s538847648,p02572,u226108478,1598820660,Python,Python (3.8.2),py,Accepted,130.0,31300.0,421,
s186219216,p02572,u753092134,1598820646,C++,C++ (GCC 9.2.1),cpp,Accepted,39.0,6372.0,1930,
s143116417,p02572,u753092134,1598820575,C++,C++ (GCC 9.2.1),cpp,Accepted,35.0,6304.0,1932,
s913724908,p02572,u900267897,1598820546,C++,C++ (Clang 10.0.0),cpp,Accepted,155.0,5260.0,519,
s222723522,p02572,u932291797,1598820338,C++,C++ (GCC 9.2.1),cpp,Accepted,77.0,4844.0,428,
s028114651,p02572,u388159167,1598820300,C++,C++ (GCC 9.2.1),cpp,Accepted,37.0,5176.0,929,
s357709235,p02572,u254542617,1598820257,C++,C++ (GCC 9.2.1),cpp,Accepted,75.0,6692.0,344,
s014903663,p02572,u836357110,1598820198,C++,C++ (GCC 9.2.1),cpp,Accepted,77.0,6696.0,958,
s043263359,p02572,u305824645,1598820195,C++,C++ (GCC 9.2.1),cpp,Accepted,75.0,4812.0,3674,
s999486073,p02572,u649840780,1598820069,Python,Python (3.8.2),py,Accepted,156.0,31420.0,268,
s719566053,p02572,u231961655,1598819897,C++,C++ (GCC 9.2.1),cpp,Accepted,76.0,4844.0,401,
s023966128,p02572,u801830239,1598819788,C++,C++ (GCC 9.2.1),cpp,Accepted,74.0,3644.0,904,
s644560221,p02572,u543016260,1598819735,Python,Python (3.8.2),py,Accepted,229.0,31760.0,242,
s350162990,p02572,u058063197,1598819718,C++,C++ (GCC 9.2.1),cpp,Accepted,37.0,6764.0,754,
s196920102,p02572,u251242696,1598819716,C++,C++ (GCC 9.2.1),cpp,Accepted,71.0,5180.0,782,
s762237081,p02572,u897328029,1598819402,Python,Python (3.8.2),py,Accepted,140.0,31548.0,268,
s096926182,p02572,u950501521,1598819396,C++,C++ (GCC 9.2.1),cpp,Accepted,36.0,6736.0,697,
s762170470,p02572,u350491208,1598819245,Python,Python (3.8.2),py,Accepted,125.0,31612.0,135,
s188462845,p02572,u057079894,1598819228,C++,C++ (GCC 9.2.1),cpp,Accepted,76.0,4820.0,1809,
s374476553,p02572,u951145045,1598819169,Python,Python (3.8.2),py,Accepted,147.0,31424.0,179,
s208256558,p02572,u882620594,1598819126,C++,C++ (GCC 9.2.1),cpp,Accepted,76.0,4748.0,3107,
s585291963,p02572,u350491208,1598818994,Python,Python (3.8.2),py,Accepted,126.0,31404.0,167,
s096360182,p02572,u927520692,1598818881,C++,C++ (GCC 9.2.1),cpp,Accepted,74.0,4036.0,891,
s677933624,p02572,u521975232,1598818873,C++,C++ (GCC 9.2.1),cpp,Accepted,74.0,4800.0,342,
s181738096,p02572,u190580703,1598818823,C++,C++ (GCC 9.2.1),cpp,Accepted,38.0,6364.0,3200,
s671349953,p02572,u979163294,1598818801,C++,C++ (GCC 9.2.1),cpp,Accepted,37.0,4752.0,484,
s632895415,p02572,u282616179,1598818714,C++,C++ (GCC 9.2.1),cpp,Accepted,39.0,6776.0,638,
s638012739,p02572,u488884575,1598818617,Python,Python (3.8.2),py,Accepted,136.0,31436.0,144,
s700457928,p02572,u880988263,1598818448,C++,C++ (GCC 9.2.1),cpp,Accepted,77.0,6352.0,720,
s325935719,p02572,u366336193,1598818396,C++,C++ (GCC 9.2.1),cpp,Accepted,78.0,5144.0,292,
s386476514,p02572,u890870565,1598818047,C++,C++ (GCC 9.2.1),cpp,Accepted,81.0,6424.0,4048,
s901352388,p02572,u065599736,1598817924,C++,C++ (GCC 9.2.1),cpp,Accepted,68.0,3592.0,766,
s793853477,p02572,u950501521,1598817899,C++,C++ (GCC 9.2.1),cpp,Accepted,34.0,6740.0,623,
s862009122,p02572,u037156014,1598817893,C++,C++ (GCC 9.2.1),cpp,Accepted,35.0,4752.0,572,
s447962680,p02572,u587622858,1598817855,C++,C++ (GCC 9.2.1),cpp,Accepted,75.0,4840.0,410,
s100394540,p02572,u709155730,1598817829,C++,C++ (GCC 9.2.1),cpp,Accepted,70.0,5196.0,281,
s699310330,p02572,u629350026,1598817781,Python,Python (3.8.2),py,Accepted,169.0,31424.0,192,
s545153514,p02572,u642528832,1598817755,Python,Python (3.8.2),py,Accepted,142.0,31492.0,166,
s300124723,p02572,u228118733,1598817683,C++,C++ (GCC 9.2.1),cpp,Accepted,72.0,5188.0,463,
s605799421,p02572,u664604785,1598817676,C++,C++ (GCC 9.2.1),cpp,Accepted,76.0,4812.0,320,
s638536581,p02572,u347640436,1598817484,Python,Python (3.8.2),py,Accepted,185.0,25040.0,193,
s484219172,p02572,u275414471,1598817419,C++,C++ (GCC 9.2.1),cpp,Accepted,76.0,5848.0,519,
s817084343,p02572,u161168905,1598817321,Python,Python (3.8.2),py,Accepted,221.0,30924.0,435,
s243702082,p02572,u358859892,1598817242,Python,Python (3.8.2),py,Accepted,145.0,31352.0,164,
s560519539,p02572,u037156014,1598817023,Python,PyPy3 (7.3.0),py,Accepted,129.0,105260.0,268,
s105175271,p02572,u968404618,1598816944,Python,Python (3.8.2),py,Accepted,132.0,31592.0,165,
s693859496,p02572,u074488832,1598816897,C++,C++ (GCC 9.2.1),cpp,Accepted,79.0,6424.0,581,
s044208318,p02572,u897135531,1598816675,C++,C++ (GCC 9.2.1),cpp,Accepted,78.0,4652.0,483,
s792570570,p02572,u847727454,1598816467,Python,PyPy3 (7.3.0),py,Accepted,125.0,107056.0,210,
s972656779,p02572,u180384293,1598816441,C++,C++ (GCC 9.2.1),cpp,Accepted,72.0,3928.0,375,
s028285540,p02572,u890870565,1598816246,C++,C++ (GCC 9.2.1),cpp,Accepted,74.0,6428.0,5966,
s936025314,p02572,u667119433,1598816205,Python,Python (3.8.2),py,Accepted,276.0,31836.0,514,
s610712585,p02572,u458229572,1598815983,C++,C++ (GCC 9.2.1),cpp,Accepted,37.0,4752.0,2073,
s190360434,p02572,u607044138,1598815893,Python,PyPy3 (7.3.0),py,Accepted,120.0,105048.0,180,
s831361906,p02572,u106679971,1598815854,C++,C++ (GCC 9.2.1),cpp,Accepted,70.0,6344.0,568,
s357104727,p02572,u459085182,1598815831,C++,C++ (GCC 9.2.1),cpp,Accepted,75.0,6740.0,399,
s166057702,p02572,u016843859,1598815711,Python,Python (3.8.2),py,Accepted,134.0,31440.0,147,
s711278828,p02572,u107639613,1598815327,Python,PyPy3 (7.3.0),py,Accepted,110.0,105336.0,276,
s060378450,p02572,u453476583,1598815159,C++,C++ (GCC 9.2.1),cpp,Accepted,34.0,5228.0,1419,
s670964751,p02572,u107392479,1598814898,C++,C++ (GCC 9.2.1),cpp,Accepted,40.0,5224.0,832,
s056983192,p02572,u970937288,1598814656,Python,PyPy3 (7.3.0),py,Accepted,124.0,105244.0,133,
s506113050,p02572,u882620594,1598814651,C++,C++ (GCC 9.2.1),cpp,Accepted,44.0,6780.0,547,
s270882456,p02572,u929239996,1598814438,C++,C++ (GCC 9.2.1),cpp,Accepted,42.0,6344.0,700,
s149250756,p02572,u458713847,1598814422,C++,C++ (GCC 9.2.1),cpp,Accepted,73.0,5180.0,304,
s708730648,p02572,u345778634,1598814392,Python,Python (3.8.2),py,Accepted,116.0,31740.0,230,
s190574015,p02572,u886696637,1598814382,C++,C++ (GCC 9.2.1),cpp,Accepted,36.0,6784.0,643,
s072068077,p02572,u596952207,1598814360,C++,C++ (GCC 9.2.1),cpp,Accepted,74.0,4024.0,557,
s461846833,p02572,u489172963,1598814167,C++,C++ (GCC 9.2.1),cpp,Accepted,38.0,6752.0,1300,
s825816235,p02572,u949535099,1598813906,C++,C++ (GCC 9.2.1),cpp,Accepted,76.0,5388.0,455,
s522185984,p02572,u614342204,1598813725,Python,Python (3.8.2),py,Accepted,97.0,31556.0,145,
s132524697,p02572,u409500992,1598813679,C++,C++ (GCC 9.2.1),cpp,Accepted,73.0,5308.0,449,
s482352020,p02572,u548303713,1598813580,C++,C++ (GCC 9.2.1),cpp,Accepted,38.0,6336.0,1191,
s272904007,p02572,u366644013,1598813571,C++,C++ (GCC 9.2.1),cpp,Accepted,38.0,6336.0,3806,
s168203417,p02572,u966648240,1598813451,Python,Python (3.8.2),py,Accepted,124.0,31624.0,151,
s723213599,p02572,u986591380,1598813384,C++,C++ (GCC 9.2.1),cpp,Accepted,33.0,4784.0,2097,
s104130121,p02572,u904331908,1598813336,Python,Python (3.8.2),py,Accepted,140.0,31680.0,210,
s940053644,p02572,u649357486,1598813278,C++,C++ (GCC 9.2.1),cpp,Accepted,38.0,6356.0,729,
s489014874,p02572,u991664217,1598813118,C++,C++ (Clang 10.0.0),cpp,Accepted,166.0,5908.0,9970,
s158120646,p02572,u270552891,1598813117,C++,C++ (GCC 9.2.1),cpp,Accepted,74.0,7940.0,1872,
s819542957,p02572,u615620401,1598813044,C++,C++ (GCC 9.2.1),cpp,Accepted,77.0,7216.0,422,
s930017771,p02572,u344383000,1598812988,C++,C++ (GCC 9.2.1),cpp,Accepted,75.0,5532.0,559,
s883919241,p02572,u231640005,1598812975,C++,C++ (GCC 9.2.1),cpp,Accepted,70.0,3480.0,1441,
s767928126,p02572,u626891113,1598812951,Python,PyPy3 (7.3.0),py,Accepted,120.0,104764.0,151,
s329156490,p02572,u534732555,1598812908,C++,C++ (GCC 9.2.1),cpp,Accepted,77.0,6352.0,629,
s856085183,p02572,u674190122,1598812907,Python,Python (3.8.2),py,Accepted,140.0,31420.0,164,
s512176265,p02572,u685006919,1598812855,C++,C++ (GCC 9.2.1),cpp,Accepted,36.0,6700.0,1898,
s285098607,p02572,u846462252,1598812785,C++,C++ (GCC 9.2.1),cpp,Accepted,40.0,6804.0,515,
s364628345,p02572,u095260469,1598812648,C++,C++ (GCC 9.2.1),cpp,Accepted,37.0,4784.0,1311,
s662961697,p02572,u454182729,1598812376,C++,C++ (GCC 9.2.1),cpp,Accepted,37.0,6340.0,728,
s844634778,p02572,u460529791,1598812344,C++,C++ (GCC 9.2.1),cpp,Accepted,33.0,5188.0,1299,
s456648824,p02572,u521156363,1598812332,C++,C++ (GCC 9.2.1),cpp,Accepted,41.0,16072.0,899,
s585605567,p02572,u626891113,1598812266,Python,PyPy3 (7.3.0),py,Accepted,120.0,105412.0,166,
s506036315,p02572,u577868286,1598812237,Python,Python (3.8.2),py,Accepted,180.0,31464.0,294,
s556268653,p02572,u610897920,1598812170,C++,C++ (GCC 9.2.1),cpp,Accepted,76.0,6440.0,5519,
s467223016,p02572,u288944922,1598812117,Python,Python (3.8.2),py,Accepted,202.0,31360.0,246,
s357674877,p02572,u188332959,1598812077,C++,C++ (GCC 9.2.1),cpp,Accepted,34.0,3956.0,570,
s878671200,p02572,u614576698,1598811919,C++,C++ (GCC 9.2.1),cpp,Accepted,75.0,3992.0,438,
s535877529,p02572,u456245233,1598811914,C++,C++ (GCC 9.2.1),cpp,Accepted,38.0,6776.0,603,
s306209117,p02572,u306950978,1598811823,Python,Python (3.8.2),py,Accepted,134.0,31544.0,161,
s764171270,p02572,u314008046,1598811363,C++,C++ (GCC 9.2.1),cpp,Accepted,73.0,5636.0,984,
s505568382,p02572,u922449177,1598811192,C++,C++ (GCC 9.2.1),cpp,Accepted,75.0,5544.0,404,
s043444014,p02572,u543000780,1598810912,Python,Python (3.8.2),py,Accepted,100.0,31544.0,250,
s757724136,p02572,u353403125,1598810904,C++,C++ (GCC 9.2.1),cpp,Accepted,42.0,5148.0,545,
s054896340,p02572,u980181794,1598810874,C++,C++ (GCC 9.2.1),cpp,Accepted,37.0,5544.0,1461,
s053779649,p02572,u225581241,1598810821,C++,C++ (GCC 9.2.1),cpp,Accepted,36.0,4784.0,1993,
s783904607,p02572,u133356919,1598810738,C++,C++ (GCC 9.2.1),cpp,Accepted,37.0,6352.0,6236,
s551625079,p02572,u849341325,1598810675,C++,C++ (GCC 9.2.1),cpp,Accepted,73.0,4828.0,542,
s578618844,p02572,u995062424,1598810652,Python,Python (3.8.2),py,Accepted,190.0,31500.0,257,
s382442106,p02572,u652421746,1598810607,C++,C++ (GCC 9.2.1),cpp,Accepted,35.0,4736.0,1426,
s250934226,p02572,u880956906,1598810485,C++,C++ (GCC 9.2.1),cpp,Accepted,71.0,5956.0,380,
s414261191,p02572,u314188085,1598810463,Python,Python (3.8.2),py,Accepted,175.0,31608.0,188,
s403775139,p02572,u719591066,1598810436,C++,C++ (GCC 9.2.1),cpp,Accepted,73.0,4004.0,500,
s071050439,p02572,u163529815,1598810278,Python,Python (3.8.2),py,Accepted,100.0,31616.0,309,
s173386013,p02572,u079532978,1598810224,C++,C++ (GCC 9.2.1),cpp,Accepted,75.0,5188.0,397,
s310924047,p02572,u004314860,1598810215,C++,C++ (GCC 9.2.1),cpp,Accepted,75.0,4384.0,327,
s412596039,p02572,u025193796,1598810186,C++,C++ (Clang 10.0.0),cpp,Accepted,161.0,6252.0,461,
s547318689,p02572,u349772956,1598810066,C++,C++ (GCC 9.2.1),cpp,Accepted,97.0,6700.0,1627,
s332984267,p02572,u077816564,1598810054,Python,Python (3.8.2),py,Accepted,129.0,31428.0,165,
s484559243,p02572,u665871498,1598810008,C++,C++ (GCC 9.2.1),cpp,Accepted,33.0,3992.0,2501,
s761232022,p02572,u917558625,1598810007,Python,Python (3.8.2),py,Accepted,150.0,31432.0,143,
s970725961,p02572,u795199441,1598809953,C++,C++ (GCC 9.2.1),cpp,Accepted,75.0,6740.0,699,
s447709907,p02572,u707794016,1598809883,C++,C++ (GCC 9.2.1),cpp,Accepted,90.0,14596.0,509,
s563265139,p02572,u350491208,1598809626,Python,Python (3.8.2),py,Accepted,152.0,31660.0,167,
s879822740,p02572,u807998890,1598809482,C++,C++ (GCC 9.2.1),cpp,Accepted,71.0,4016.0,6367,
s759828925,p02572,u446782476,1598809437,Python,Python (3.8.2),py,Accepted,883.0,55244.0,323,
s699286373,p02572,u496009935,1598809393,Python,Python (3.8.2),py,Accepted,176.0,31560.0,200,
s549661975,p02572,u770240184,1598809385,C++,C++ (GCC 9.2.1),cpp,Accepted,35.0,5188.0,1377,
s993520490,p02572,u078505805,1598809262,C++,C++ (GCC 9.2.1),cpp,Accepted,36.0,6776.0,783,
s595419776,p02572,u350491208,1598809060,Python,Python (3.8.2),py,Accepted,125.0,31420.0,159,
s415183826,p02572,u461430472,1598809002,C++,C++ (GCC 9.2.1),cpp,Accepted,77.0,6428.0,459,
s166124946,p02572,u914184439,1598808621,C++,C++ (GCC 9.2.1),cpp,Accepted,37.0,3988.0,891,
s850659200,p02572,u093681822,1598808469,C++,C++ (GCC 9.2.1),cpp,Accepted,29.0,5556.0,1088,
s912233844,p02572,u838152098,1598808352,C++,C++ (GCC 9.2.1),cpp,Accepted,74.0,5136.0,409,
s020541416,p02572,u840922249,1598808314,C++,C++ (GCC 9.2.1),cpp,Accepted,38.0,6744.0,1739,
s618308271,p02572,u582588783,1598807809,C++,C++ (GCC 9.2.1),cpp,Accepted,73.0,3636.0,944,
s078955550,p02572,u465068976,1598807682,C++,C++ (GCC 9.2.1),cpp,Accepted,72.0,5152.0,303,
s779253234,p02572,u924691798,1598807625,Python,Python (3.8.2),py,Accepted,154.0,31368.0,178,
s931789540,p02572,u781095600,1598807571,C++,C++ (GCC 9.2.1),cpp,Accepted,40.0,4036.0,1592,
s220199647,p02572,u621374656,1598807505,C++,C++ (GCC 9.2.1),cpp,Accepted,72.0,3624.0,306,
s005523588,p02572,u940113787,1598807258,C++,C++ (GCC 9.2.1),cpp,Accepted,72.0,5180.0,369,
s298445948,p02572,u117618886,1598807200,C++,C++ (GCC 9.2.1),cpp,Accepted,33.0,3680.0,322,
s193047893,p02572,u864090097,1598807111,Python,Python (3.8.2),py,Accepted,168.0,32848.0,242,
s334138160,p02572,u525630461,1598807010,C++,C++ (GCC 9.2.1),cpp,Accepted,36.0,6752.0,546,
s502204689,p02572,u952708174,1598806948,Python,Python (3.8.2),py,Accepted,140.0,39440.0,293,
s475438671,p02572,u820983821,1598806943,C++,C++ (GCC 9.2.1),cpp,Accepted,78.0,5192.0,750,
s639054975,p02572,u569138744,1598806932,Python,Python (3.8.2),py,Accepted,110.0,31564.0,156,
s160472003,p02572,u821262411,1598806877,Python,Python (3.8.2),py,Accepted,147.0,31512.0,195,
s078765163,p02572,u380785773,1598806721,C++,C++ (GCC 9.2.1),cpp,Accepted,75.0,6716.0,503,
s565366152,p02572,u625007758,1598806714,Python,PyPy3 (7.3.0),py,Accepted,120.0,104632.0,138,
s841536644,p02572,u532096476,1598806708,C++,C++ (GCC 9.2.1),cpp,Accepted,35.0,4784.0,3078,
s410687185,p02572,u739318530,1598806613,C++,C++ (GCC 9.2.1),cpp,Accepted,40.0,6928.0,663,
s425031617,p02572,u625007758,1598806576,Python,PyPy3 (7.3.0),py,Accepted,121.0,107872.0,199,
s306333749,p02572,u994831328,1598806536,C++,C++ (GCC 9.2.1),cpp,Accepted,73.0,3588.0,4418,
s982515891,p02572,u457586786,1598806499,Python,Python (3.8.2),py,Accepted,228.0,25092.0,223,
s146731322,p02572,u864090097,1598806491,Python,Python (3.8.2),py,Accepted,160.0,31612.0,213,
s489916327,p02572,u864090097,1598806428,Python,Python (3.8.2),py,Accepted,177.0,31440.0,219,
s237490912,p02572,u537301941,1598806389,C++,C++ (GCC 9.2.1),cpp,Accepted,36.0,6672.0,4767,
s958590794,p02572,u235369444,1598806347,C++,C++ (GCC 9.2.1),cpp,Accepted,71.0,6716.0,409,
s459267397,p02572,u730536888,1598806157,C++,C++ (GCC 9.2.1),cpp,Accepted,37.0,6364.0,870,
s652254776,p02572,u608926130,1598805950,C++,C++ (GCC 9.2.1),cpp,Accepted,42.0,3272.0,326,
s136264380,p02572,u353919145,1598805884,C++,C++ (GCC 9.2.1),cpp,Accepted,40.0,4468.0,1713,
s203955796,p02572,u993622994,1598805850,Python,Python (3.8.2),py,Accepted,122.0,31504.0,155,
s722978891,p02572,u731362892,1598805800,Python,PyPy3 (7.3.0),py,Accepted,128.0,105372.0,230,
s149515825,p02572,u694937724,1598805614,C++,C++ (GCC 9.2.1),cpp,Accepted,73.0,5864.0,481,
s204572453,p02572,u112723190,1598805606,C++,C++ (Clang 10.0.0),cpp,Accepted,153.0,4468.0,2731,
s955055957,p02572,u314476982,1598805579,C++,C++ (GCC 9.2.1),cpp,Accepted,35.0,5184.0,2063,
s570901906,p02572,u652907854,1598805551,C++,C++ (GCC 9.2.1),cpp,Accepted,39.0,4844.0,6196,
s335819101,p02572,u951952491,1598805543,C++,C++ (GCC 9.2.1),cpp,Accepted,76.0,4752.0,1079,
s585622199,p02572,u423778821,1598805533,C++,C++ (GCC 9.2.1),cpp,Accepted,32.0,3980.0,2182,
s183555095,p02572,u488878376,1598805523,C++,C++ (GCC 9.2.1),cpp,Accepted,73.0,4836.0,1747,
s927868800,p02572,u782224911,1598805512,C++,C++ (GCC 9.2.1),cpp,Accepted,73.0,6760.0,404,
s678604652,p02572,u822044226,1598805460,Python,Python (3.8.2),py,Accepted,164.0,31260.0,205,
s169481952,p02572,u570356667,1598805459,C++,C++ (GCC 9.2.1),cpp,Accepted,36.0,6776.0,468,
s974582334,p02572,u312420936,1598805403,C++,C++ (GCC 9.2.1),cpp,Accepted,37.0,4716.0,739,
s790775005,p02572,u038054933,1598805163,C++,C++ (GCC 9.2.1),cpp,Accepted,41.0,5356.0,561,
s183712710,p02572,u224444552,1598804940,C++,C++ (GCC 9.2.1),cpp,Accepted,51.0,28808.0,6515,
s826413269,p02572,u220197432,1598804790,C++,C++ (GCC 9.2.1),cpp,Accepted,40.0,6752.0,1381,
s130414509,p02572,u553112955,1598804721,C++,C++ (GCC 9.2.1),cpp,Accepted,74.0,3572.0,305,
s376266703,p02572,u412345518,1598804684,C++,C++ (GCC 9.2.1),cpp,Accepted,35.0,4756.0,5832,
s077764512,p02572,u089949184,1598804560,C++,C++ (GCC 9.2.1),cpp,Accepted,72.0,5168.0,472,
s134453729,p02572,u354916249,1598804473,Python,Python (3.8.2),py,Accepted,134.0,31740.0,178,
s703387147,p02572,u594803920,1598804358,Python,PyPy3 (7.3.0),py,Accepted,114.0,104220.0,153,
s446032013,p02572,u952708174,1598804182,Python,Python (3.8.2),py,Accepted,144.0,39644.0,322,
s315120130,p02572,u777368338,1598804121,C++,C++ (GCC 9.2.1),cpp,Accepted,37.0,6376.0,1070,
s060594944,p02572,u775595348,1598804065,C++,C++ (GCC 9.2.1),cpp,Accepted,74.0,6432.0,463,
s783302187,p02572,u485954141,1598803975,C++,C++ (GCC 9.2.1),cpp,Accepted,36.0,4720.0,1511,
s498994665,p02572,u463068683,1598803946,Python,Python (3.8.2),py,Accepted,126.0,31440.0,144,
s386716167,p02572,u492244370,1598803926,C++,C++ (GCC 9.2.1),cpp,Accepted,72.0,6424.0,509,
s777833165,p02572,u371627201,1598803815,C++,C++ (GCC 9.2.1),cpp,Accepted,34.0,6740.0,511,
s159860484,p02572,u077698875,1598803745,C++,C++ (GCC 9.2.1),cpp,Accepted,71.0,6704.0,286,
s095555986,p02572,u702142173,1598803733,C++,C++ (GCC 9.2.1),cpp,Accepted,38.0,6780.0,624,
s647696339,p02572,u282676559,1598803727,Python,PyPy3 (7.3.0),py,Accepted,310.0,117204.0,218,
s068417333,p02572,u639032323,1598803652,C++,C++ (GCC 9.2.1),cpp,Accepted,72.0,5928.0,2044,
s532193680,p02572,u083800325,1598803591,C++,C++ (GCC 9.2.1),cpp,Accepted,36.0,5156.0,387,
s089959339,p02572,u600867188,1598803481,C++,C++ (GCC 9.2.1),cpp,Accepted,40.0,5520.0,949,
s719914449,p02572,u725911785,1598803104,C++,C++ (GCC 9.2.1),cpp,Accepted,75.0,5136.0,759,
s592871000,p02572,u984529214,1598803058,C++,C++ (GCC 9.2.1),cpp,Accepted,37.0,6356.0,1268,
s909309246,p02572,u514969825,1598803028,C++,C++ (GCC 9.2.1),cpp,Accepted,74.0,5636.0,683,
s751692537,p02572,u231615655,1598803024,Python,Python (3.8.2),py,Accepted,157.0,31680.0,188,
s661207238,p02572,u956112889,1598802928,Python,PyPy3 (7.3.0),py,Accepted,748.0,351036.0,202,
s306987972,p02572,u373331656,1598802919,Python,Python (3.8.2),py,Accepted,129.0,31736.0,179,
s618270951,p02572,u081445141,1598802822,C++,C++ (GCC 9.2.1),cpp,Accepted,73.0,4836.0,378,
s733870252,p02572,u185413585,1598802750,C++,C++ (GCC 9.2.1),cpp,Accepted,75.0,4800.0,496,
s184184557,p02572,u651388255,1598802611,C++,C++ (GCC 9.2.1),cpp,Accepted,74.0,3620.0,1033,
s585555439,p02572,u581477875,1598802528,Python,PyPy3 (7.3.0),py,Accepted,119.0,106924.0,179,
s864895067,p02572,u231018111,1598802438,C++,C++ (GCC 9.2.1),cpp,Accepted,38.0,6752.0,492,
s568582102,p02572,u032189172,1598802378,C++,C++ (GCC 9.2.1),cpp,Accepted,71.0,6364.0,500,
s502348687,p02572,u185413585,1598802340,C++,C++ (GCC 9.2.1),cpp,Accepted,71.0,4796.0,1945,
s251186116,p02572,u393077661,1598802229,C++,C++ (GCC 9.2.1),cpp,Accepted,40.0,6744.0,753,
s626659122,p02572,u324783830,1598802205,C++,C++ (GCC 9.2.1),cpp,Accepted,77.0,5936.0,563,
s915476417,p02572,u508192873,1598802205,C++,C++ (GCC 9.2.1),cpp,Accepted,34.0,3648.0,683,
s582373891,p02572,u748348190,1598802167,C++,C++ (GCC 9.2.1),cpp,Accepted,33.0,5176.0,1117,
s266413292,p02572,u259543319,1598802131,Python,Python (3.8.2),py,Accepted,171.0,32196.0,515,
s123671096,p02572,u353895424,1598802128,Python,Python (3.8.2),py,Accepted,116.0,31556.0,145,
s389708798,p02572,u938423990,1598802084,C++,C++ (GCC 9.2.1),cpp,Accepted,75.0,3996.0,375,
s925430179,p02572,u422430159,1598802053,C++,C++ (GCC 9.2.1),cpp,Accepted,36.0,5168.0,866,
s867249221,p02572,u435876834,1598801994,C++,C++ (GCC 9.2.1),cpp,Accepted,39.0,6328.0,661,
s732586602,p02572,u826554803,1598801940,C++,C++ (GCC 9.2.1),cpp,Accepted,73.0,5924.0,403,
s823037691,p02572,u990641144,1598801773,Python,Python (3.8.2),py,Accepted,174.0,31656.0,193,
s389012606,p02572,u440276250,1598801748,C++,C++ (GCC 9.2.1),cpp,Accepted,71.0,5604.0,448,
s191533260,p02572,u454651147,1598801612,C++,C++ (GCC 9.2.1),cpp,Accepted,40.0,5556.0,667,
s494512666,p02572,u846463155,1598801546,Python,Python (3.8.2),py,Accepted,209.0,31520.0,287,
s624860779,p02572,u168805205,1598801509,C++,C++ (GCC 9.2.1),cpp,Accepted,74.0,3984.0,374,
s336676382,p02572,u744271961,1598801380,C++,C++ (GCC 9.2.1),cpp,Accepted,31.0,3620.0,796,
s214047024,p02572,u116756586,1598801339,C++,C++ (GCC 9.2.1),cpp,Accepted,37.0,6308.0,854,
s767563571,p02572,u382940047,1598801178,C++,C++ (GCC 9.2.1),cpp,Accepted,36.0,5140.0,2692,
s501898033,p02572,u065509998,1598801007,C++,C++ (GCC 9.2.1),cpp,Accepted,71.0,4820.0,1250,
s386343878,p02572,u429317459,1598800956,C++,C++ (GCC 9.2.1),cpp,Accepted,72.0,4460.0,644,
s605046143,p02572,u092576233,1598800906,C++,C++ (GCC 9.2.1),cpp,Accepted,73.0,6760.0,623,
s768904136,p02572,u415956569,1598800901,C++,C++ (GCC 9.2.1),cpp,Accepted,34.0,4756.0,587,
s922718149,p02572,u309985845,1598800868,C++,C++ (GCC 9.2.1),cpp,Accepted,38.0,3824.0,374,
s468026688,p02572,u129207750,1598800859,C++,C++ (GCC 9.2.1),cpp,Accepted,72.0,4400.0,335,
s171822033,p02572,u148047956,1598800615,C++,C++ (GCC 9.2.1),cpp,Accepted,37.0,6340.0,1227,
s108025600,p02572,u146847434,1598800580,C++,C++ (GCC 9.2.1),cpp,Accepted,74.0,4848.0,1041,
s862830345,p02572,u368796742,1598800487,Python,Python (3.8.2),py,Accepted,151.0,31424.0,175,
s275550021,p02572,u768225950,1598800479,C++,C++ (GCC 9.2.1),cpp,Accepted,37.0,5176.0,1561,
s563993590,p02572,u589878264,1598800467,C++,C++ (GCC 9.2.1),cpp,Accepted,71.0,5180.0,571,
s899802762,p02572,u810735437,1598800418,Python,Python (3.8.2),py,Accepted,176.0,33508.0,442,
s267043185,p02572,u238883338,1598800415,C++,C++ (GCC 9.2.1),cpp,Accepted,73.0,4796.0,343,
s684716499,p02572,u589878264,1598800375,C++,C++ (GCC 9.2.1),cpp,Accepted,76.0,5184.0,575,
s654073380,p02572,u734154003,1598800369,C++,C++ (GCC 9.2.1),cpp,Accepted,72.0,6716.0,826,
s341485461,p02572,u710877960,1598800311,C++,C++ (GCC 9.2.1),cpp,Accepted,75.0,4788.0,368,
s075726255,p02572,u773223656,1598800231,C++,C++ (GCC 9.2.1),cpp,Accepted,89.0,6428.0,1418,
s825319557,p02572,u163501259,1598800085,Python,Python (3.8.2),py,Accepted,140.0,31280.0,332,
s912076334,p02572,u466143662,1598800058,Python,Python (3.8.2),py,Accepted,348.0,50012.0,316,
s711099156,p02572,u276588887,1598800032,Python,Python (3.8.2),py,Accepted,304.0,49788.0,305,
s262807623,p02572,u466143662,1598799871,Python,Python (3.8.2),py,Accepted,241.0,50192.0,382,
s223777367,p02572,u903285404,1598799758,C++,C++ (GCC 9.2.1),cpp,Accepted,33.0,5212.0,1084,
s273576605,p02572,u170149985,1598799690,C++,C++ (GCC 9.2.1),cpp,Accepted,38.0,6724.0,3779,
s891756727,p02572,u188588273,1598799515,C++,C++ (GCC 9.2.1),cpp,Accepted,73.0,6380.0,407,
s747823809,p02572,u374333266,1598799317,C++,C++ (GCC 9.2.1),cpp,Accepted,36.0,6360.0,1393,
s933196081,p02572,u525379566,1598799241,C++,C++ (GCC 9.2.1),cpp,Accepted,72.0,4368.0,432,
s050424399,p02572,u770265284,1598799132,C++,C++ (GCC 9.2.1),cpp,Accepted,77.0,6764.0,759,
s983197280,p02572,u363020686,1598799114,C++,C++ (GCC 9.2.1),cpp,Accepted,35.0,6732.0,1038,
s874626688,p02572,u449663955,1598799100,C++,C++ (GCC 9.2.1),cpp,Accepted,70.0,4052.0,523,
s567065523,p02572,u918714262,1598798846,C++,C++ (GCC 9.2.1),cpp,Accepted,20.0,5780.0,5852,
s230236634,p02572,u582803594,1598798806,Python,Python (3.8.2),py,Accepted,143.0,31412.0,184,
s235232593,p02572,u020309819,1598798757,Python,Python (3.8.2),py,Accepted,168.0,31752.0,218,
s128771065,p02572,u506689504,1598798587,Python,Python (3.8.2),py,Accepted,145.0,31356.0,177,
s960940149,p02572,u739489568,1598798466,C++,C++ (GCC 9.2.1),cpp,Accepted,78.0,5612.0,355,
s419932850,p02572,u915287802,1598798451,C++,C++ (GCC 9.2.1),cpp,Accepted,38.0,6736.0,666,
s089400485,p02572,u796198629,1598797940,C++,C++ (GCC 9.2.1),cpp,Accepted,34.0,5100.0,866,
s209736777,p02572,u674170698,1598797914,C++,C++ (GCC 9.2.1),cpp,Accepted,65.0,6720.0,711,
s820843553,p02572,u070211042,1598797887,C++,C++ (GCC 9.2.1),cpp,Accepted,36.0,4776.0,487,
s382793909,p02572,u414558682,1598797658,Python,Python (3.8.2),py,Accepted,212.0,35640.0,481,
s850142460,p02572,u201234972,1598797609,Python,Python (3.8.2),py,Accepted,95.0,31440.0,211,
s091975117,p02572,u926099741,1598797601,C++,C++ (GCC 9.2.1),cpp,Accepted,87.0,20400.0,4396,
s387449646,p02572,u123579949,1598797546,Python,PyPy3 (7.3.0),py,Accepted,114.0,106816.0,149,
s793648309,p02572,u644332191,1598797487,C++,C++ (GCC 9.2.1),cpp,Accepted,76.0,6364.0,977,
s643414358,p02572,u151236434,1598797464,C++,C++ (GCC 9.2.1),cpp,Accepted,76.0,6412.0,581,
s582649940,p02572,u004312392,1598797435,Python,PyPy3 (7.3.0),py,Accepted,133.0,94156.0,196,
s477536528,p02572,u469425390,1598797386,C++,C++ (GCC 9.2.1),cpp,Accepted,33.0,6684.0,1692,
s405796387,p02572,u699522269,1598797374,Python,PyPy3 (7.3.0),py,Accepted,131.0,107024.0,245,
s899234187,p02572,u216015528,1598797171,Python,Python (3.8.2),py,Accepted,136.0,31424.0,354,
s814317645,p02572,u107186105,1598797106,C++,C++ (GCC 9.2.1),cpp,Accepted,76.0,6760.0,448,
s881591941,p02572,u681396939,1598797090,C++,C++ (GCC 9.2.1),cpp,Accepted,40.0,7528.0,1153,
s052573649,p02572,u212813350,1598796939,C++,C++ (GCC 9.2.1),cpp,Accepted,34.0,6348.0,1390,
s846879317,p02572,u071269360,1598796932,Python,Python (3.8.2),py,Accepted,124.0,31436.0,163,
s177458954,p02572,u788924545,1598796889,C++,C++ (GCC 9.2.1),cpp,Accepted,63.0,6880.0,801,
s756139622,p02572,u374523333,1598796824,C++,C++ (GCC 9.2.1),cpp,Accepted,73.0,6748.0,348,
s780811253,p02572,u433852402,1598796701,C++,C++ (GCC 9.2.1),cpp,Accepted,73.0,5584.0,456,
s252896613,p02572,u359536015,1598796629,C++,C++ (GCC 9.2.1),cpp,Accepted,36.0,4792.0,765,
s303740604,p02572,u247211039,1598796583,Python,Python (3.8.2),py,Accepted,142.0,31752.0,155,
s336985373,p02572,u065137691,1598796257,Python,PyPy3 (7.3.0),py,Accepted,111.0,105560.0,184,
s719028257,p02572,u983588973,1598796241,C++,C++ (GCC 9.2.1),cpp,Accepted,34.0,5204.0,4379,
s738938359,p02572,u167898817,1598796230,C++,C++ (GCC 9.2.1),cpp,Accepted,32.0,6332.0,630,
s220430113,p02572,u420105436,1598796142,C++,C++ (GCC 9.2.1),cpp,Accepted,36.0,6364.0,2818,
s052287239,p02572,u581441843,1598796057,C++,C++ (GCC 9.2.1),cpp,Accepted,73.0,6756.0,818,
s889111019,p02572,u557389356,1598796030,C++,C++ (GCC 9.2.1),cpp,Accepted,34.0,5212.0,571,
s736718801,p02572,u391725895,1598795981,Python,Python (3.8.2),py,Accepted,91.0,31632.0,222,
s644512977,p02572,u165318982,1598795966,Python,Python (3.8.2),py,Accepted,125.0,31628.0,183,
s397263781,p02572,u206296517,1598795930,C++,C++ (GCC 9.2.1),cpp,Accepted,33.0,6776.0,630,
s072003505,p02572,u624779726,1598795906,C++,C++ (GCC 9.2.1),cpp,Accepted,77.0,6632.0,606,
s961331199,p02572,u504712630,1598795799,C++,C++ (GCC 9.2.1),cpp,Accepted,72.0,5184.0,404,
s377848869,p02572,u165318982,1598795760,Python,Python (3.8.2),py,Accepted,126.0,31616.0,181,
s718741992,p02572,u190142290,1598795634,C++,C++ (GCC 9.2.1),cpp,Accepted,74.0,6748.0,413,
s529532742,p02572,u790710233,1598795613,Python,Python (3.8.2),py,Accepted,150.0,31164.0,226,
s098389602,p02572,u872271866,1598795568,Python,Python (3.8.2),py,Accepted,137.0,30956.0,493,
s333631462,p02572,u038537254,1598795526,C++,C++ (GCC 9.2.1),cpp,Accepted,78.0,4816.0,2292,
s720854432,p02572,u913831587,1598795515,C++,C++ (GCC 9.2.1),cpp,Accepted,43.0,6120.0,435,
s884792632,p02572,u687574784,1598795466,Python,Python (3.8.2),py,Accepted,93.0,31392.0,123,
s479178611,p02572,u790710233,1598795363,Python,Python (3.8.2),py,Accepted,120.0,31448.0,127,
s611522330,p02572,u773638671,1598795362,C++,C++ (GCC 9.2.1),cpp,Accepted,33.0,4792.0,1922,
s518422255,p02572,u686230543,1598795351,Python,Python (3.8.2),py,Accepted,129.0,25144.0,228,
s333029250,p02572,u760514133,1598795297,C++,C++ (GCC 9.2.1),cpp,Accepted,75.0,6428.0,595,
s245979605,p02572,u064997559,1598795267,C++,C++ (GCC 9.2.1),cpp,Accepted,75.0,5904.0,422,
s705298606,p02572,u043125923,1598795251,C++,C++ (Clang 10.0.0),cpp,Accepted,154.0,3636.0,614,
s977392713,p02572,u321379724,1598795224,Python,Python (3.8.2),py,Accepted,148.0,31424.0,170,
s611285190,p02572,u956253216,1598795125,C++,C++ (GCC 9.2.1),cpp,Accepted,35.0,5176.0,1413,
s091178119,p02572,u265506056,1598795101,Python,Python (3.8.2),py,Accepted,148.0,31472.0,145,
s177080330,p02572,u872271866,1598794991,C++,C++ (GCC 9.2.1),cpp,Accepted,70.0,4008.0,457,
s765793985,p02572,u423624748,1598794907,Python,Python (3.8.2),py,Accepted,136.0,31420.0,178,
s569011716,p02572,u117366234,1598794670,C++,C++ (GCC 9.2.1),cpp,Accepted,72.0,3632.0,334,
s588410115,p02572,u944583671,1598794544,C++,C++ (GCC 9.2.1),cpp,Accepted,38.0,6400.0,2013,
s254831510,p02572,u914693053,1598794503,Python,Python (3.8.2),py,Accepted,128.0,31520.0,173,
s013851084,p02572,u405660020,1598794492,Python,Python (3.8.2),py,Accepted,161.0,31564.0,196,
s024713329,p02572,u314350544,1598794460,Python,Python (3.8.2),py,Accepted,123.0,31480.0,166,
s683766102,p02572,u950935344,1598794451,C++,C++ (GCC 9.2.1),cpp,Accepted,75.0,4784.0,914,
s411884112,p02572,u506755091,1598794332,C++,C++ (GCC 9.2.1),cpp,Accepted,78.0,4056.0,400,
s202910977,p02572,u186820109,1598794278,Python,Python (3.8.2),py,Accepted,177.0,31520.0,229,
s772987112,p02572,u971091945,1598794147,Python,Python (3.8.2),py,Accepted,127.0,31520.0,152,
s439644877,p02572,u560858626,1598794108,C++,C++ (GCC 9.2.1),cpp,Accepted,76.0,6696.0,2219,
s385018892,p02572,u872271866,1598794083,C++,C++ (GCC 9.2.1),cpp,Accepted,77.0,4044.0,453,
s499360141,p02572,u067694854,1598794054,Python,Python (3.8.2),py,Accepted,91.0,31580.0,218,
s986354850,p02572,u560858626,1598794039,C++,C++ (GCC 9.2.1),cpp,Accepted,75.0,6764.0,2185,
s452008857,p02572,u679682246,1598794010,C++,C++ (GCC 9.2.1),cpp,Accepted,74.0,9428.0,619,
s417753324,p02572,u195000401,1598794007,C++,C++ (GCC 9.2.1),cpp,Accepted,39.0,5324.0,319,
s670614998,p02572,u432562501,1598793983,C++,C++ (GCC 9.2.1),cpp,Accepted,78.0,6356.0,446,
s574885644,p02572,u244472647,1598793883,C++,C++ (GCC 9.2.1),cpp,Accepted,36.0,5208.0,1119,
s226711258,p02572,u426966697,1598793827,C++,C++ (GCC 9.2.1),cpp,Accepted,70.0,4064.0,810,
s962096115,p02572,u525065967,1598793714,Python,Python (3.8.2),py,Accepted,110.0,24924.0,113,
s863894346,p02572,u362031378,1598793671,Python,Python (3.8.2),py,Accepted,126.0,31444.0,154,
s183313712,p02572,u433380437,1598793601,Python,PyPy3 (7.3.0),py,Accepted,116.0,105368.0,163,
s693452494,p02572,u872271866,1598793584,Python,Python (3.8.2),py,Accepted,133.0,31436.0,431,
s386693192,p02572,u607003364,1598793532,C++,C++ (GCC 9.2.1),cpp,Accepted,73.0,6412.0,539,
s258600029,p02572,u362031378,1598793504,Python,Python (3.8.2),py,Accepted,135.0,31696.0,169,
s287991758,p02572,u525065967,1598793474,C++,C++ (GCC 9.2.1),cpp,Accepted,69.0,3632.0,270,
s078408074,p02572,u003425494,1598793403,C++,C++ (GCC 9.2.1),cpp,Accepted,74.0,3576.0,278,
s397714245,p02572,u044012538,1598793394,C++,C++ (Clang 10.0.0),cpp,Accepted,39.0,6324.0,383,
s777730110,p02572,u796878730,1598793392,Python,Python (3.8.2),py,Accepted,130.0,31396.0,356,
s665846852,p02572,u525065967,1598793289,C++,C++ (GCC 9.2.1),cpp,Accepted,73.0,3640.0,278,
s923354554,p02572,u490890356,1598793271,C++,C++ (GCC 9.2.1),cpp,Accepted,75.0,5168.0,323,
s526162988,p02572,u782012635,1598793242,Python,Python (3.8.2),py,Accepted,112.0,31520.0,129,
s239944544,p02572,u831311378,1598793147,Python,Python (3.8.2),py,Accepted,197.0,31500.0,214,
s671556888,p02572,u833206087,1598793120,C++,C++ (GCC 9.2.1),cpp,Accepted,73.0,5604.0,586,
s359451801,p02572,u525065967,1598793090,C++,C++ (GCC 9.2.1),cpp,Accepted,73.0,3584.0,278,
s756303313,p02572,u163178440,1598793083,C++,C++ (GCC 9.2.1),cpp,Accepted,38.0,5128.0,1382,
s437309557,p02572,u510552354,1598793072,C++,C++ (GCC 9.2.1),cpp,Accepted,54.0,35816.0,820,
s269943377,p02572,u525065967,1598793064,C++,C++ (GCC 9.2.1),cpp,Accepted,71.0,3636.0,292,
s244812597,p02572,u145635628,1598793046,C++,C++ (GCC 9.2.1),cpp,Accepted,77.0,6768.0,395,
s286329177,p02572,u219831209,1598792931,Python,Python (3.8.2),py,Accepted,131.0,31600.0,172,
s842496969,p02572,u086056891,1598792875,Python,Python (3.8.2),py,Accepted,121.0,31576.0,175,
s637569094,p02572,u219831209,1598792864,Python,Python (3.8.2),py,Accepted,140.0,31724.0,131,
s521036204,p02572,u088570819,1598792857,Python,Python (3.8.2),py,Accepted,127.0,31440.0,174,
s134562880,p02572,u714538557,1598792846,C++,C++ (GCC 9.2.1),cpp,Accepted,71.0,3968.0,3320,
s947934536,p02572,u817778491,1598792799,C++,C++ (GCC 9.2.1),cpp,Accepted,78.0,4036.0,337,
s838134705,p02572,u987702000,1598792702,C++,C++ (GCC 9.2.1),cpp,Accepted,71.0,5144.0,445,
s810875858,p02572,u848647227,1598792701,Python,Python (3.8.2),py,Accepted,128.0,31672.0,168,
s741042294,p02572,u406158207,1598792696,C++,C++ (GCC 9.2.1),cpp,Accepted,75.0,6956.0,3084,
s332387411,p02572,u525065967,1598792685,Python,Python (3.8.2),py,Accepted,133.0,25052.0,130,
s849816158,p02572,u688333657,1598792649,C++,C++ (GCC 9.2.1),cpp,Accepted,71.0,4904.0,2593,
s529292555,p02572,u310245677,1598792627,Python,Python (3.8.2),py,Accepted,132.0,31548.0,130,
s270587856,p02572,u158796973,1598792569,Python,Python (3.8.2),py,Accepted,130.0,31760.0,257,
s167214246,p02572,u525065967,1598792568,Python,Python (3.8.2),py,Accepted,135.0,31492.0,144,
s418284671,p02572,u280941196,1598792506,C++,C++ (GCC 9.2.1),cpp,Accepted,38.0,6348.0,661,
s174348260,p02572,u417147392,1598792487,C++,C++ (GCC 9.2.1),cpp,Accepted,73.0,6756.0,345,
s559840492,p02572,u501451051,1598792432,Python,Python (3.8.2),py,Accepted,158.0,31264.0,221,
s276765135,p02572,u137434877,1598792364,C++,C++ (GCC 9.2.1),cpp,Accepted,42.0,5168.0,2079,
s223108859,p02572,u335443432,1598792168,C++,C++ (GCC 9.2.1),cpp,Accepted,73.0,6744.0,539,
s077575319,p02572,u145640287,1598792088,C++,C++ (GCC 9.2.1),cpp,Accepted,80.0,5180.0,405,
s043959762,p02572,u654470292,1598792080,Python,PyPy3 (7.3.0),py,Accepted,145.0,103876.0,582,
s615456971,p02572,u158677249,1598792041,C++,C++ (GCC 9.2.1),cpp,Accepted,75.0,4772.0,685,
s851006377,p02572,u189076681,1598791953,C++,C++ (GCC 9.2.1),cpp,Accepted,36.0,8280.0,1939,
s730417189,p02572,u960146998,1598791927,C++,C++ (GCC 9.2.1),cpp,Accepted,32.0,6644.0,559,
s881798938,p02572,u949028202,1598791892,C++,C++ (GCC 9.2.1),cpp,Accepted,34.0,4672.0,581,
s140516842,p02572,u525065967,1598791841,C++,C++ (GCC 9.2.1),cpp,Accepted,70.0,3976.0,367,
s309053926,p02572,u166553470,1598791830,C++,C++ (GCC 9.2.1),cpp,Accepted,76.0,4820.0,574,
s940458335,p02572,u718758485,1598791819,C++,C++ (GCC 9.2.1),cpp,Accepted,74.0,4800.0,616,
s685397063,p02572,u140107728,1598791709,C++,C++ (GCC 9.2.1),cpp,Accepted,72.0,3580.0,566,
s370567184,p02572,u603234915,1598791702,C++,C++ (GCC 9.2.1),cpp,Accepted,76.0,4768.0,2737,
s623309308,p02572,u525065967,1598791647,C++,C++ (GCC 9.2.1),cpp,Accepted,74.0,4052.0,367,
s100606837,p02572,u765815947,1598791620,C++,C++ (GCC 9.2.1),cpp,Accepted,76.0,6368.0,2323,
s818717377,p02572,u737252485,1598791573,C++,C++ (GCC 9.2.1),cpp,Accepted,72.0,3632.0,857,
s293331872,p02572,u702151817,1598791554,C++,C++ (GCC 9.2.1),cpp,Accepted,36.0,6700.0,982,
s588585601,p02572,u634209474,1598791503,C++,C++ (GCC 9.2.1),cpp,Accepted,76.0,6768.0,476,
s241211719,p02572,u942850310,1598791242,C++,C++ (GCC 9.2.1),cpp,Accepted,79.0,5988.0,1105,
s229465384,p02572,u702151817,1598791211,C++,C++ (GCC 9.2.1),cpp,Accepted,35.0,5228.0,902,
s511647777,p02572,u080116583,1598791171,C++,C++ (GCC 9.2.1),cpp,Accepted,71.0,6336.0,468,
s977261245,p02572,u987637902,1598791053,Python,Python (3.8.2),py,Accepted,134.0,31692.0,226,
s428371425,p02572,u716660050,1598791034,Python,Python (3.8.2),py,Accepted,131.0,31604.0,130,
s821820572,p02572,u976940619,1598790994,C++,C++ (GCC 9.2.1),cpp,Accepted,76.0,7996.0,2172,
s010005393,p02572,u922487073,1598790942,Python,Python (3.8.2),py,Accepted,116.0,31440.0,169,
s880404933,p02572,u656330736,1598790939,C++,C++ (GCC 9.2.1),cpp,Accepted,73.0,5140.0,324,
s298773841,p02572,u725458677,1598790850,C++,C++ (GCC 9.2.1),cpp,Accepted,71.0,4836.0,3764,
s471405028,p02572,u834471595,1598790771,C++,C++ (GCC 9.2.1),cpp,Accepted,72.0,4972.0,408,
s531775259,p02572,u375387318,1598790712,C++,C++ (GCC 9.2.1),cpp,Accepted,72.0,6400.0,580,
s281675603,p02572,u798359674,1598790701,C++,C++ (GCC 9.2.1),cpp,Accepted,36.0,5512.0,866,
s735285150,p02572,u525065967,1598790612,Python,Python (3.8.2),py,Accepted,145.0,31564.0,169,
s172524594,p02572,u527652459,1598790547,C++,C++ (GCC 9.2.1),cpp,Accepted,48.0,28236.0,5824,
s938765343,p02572,u313890617,1598790506,Python,Python (3.8.2),py,Accepted,155.0,31572.0,175,
s659502214,p02572,u525065967,1598790445,Python,Python (3.8.2),py,Accepted,139.0,31404.0,190,
s276904400,p02572,u604839890,1598790396,Python,Python (3.8.2),py,Accepted,140.0,31580.0,144,
s655125332,p02572,u185851743,1598790386,Python,Python (3.8.2),py,Accepted,152.0,31664.0,235,
s505266398,p02572,u347184682,1598790373,Python,Python (3.8.2),py,Accepted,143.0,31560.0,146,
s751307202,p02572,u476488060,1598790364,C++,C++ (GCC 9.2.1),cpp,Accepted,74.0,6412.0,726,
s429463340,p02572,u121708600,1598790274,C++,C++ (GCC 9.2.1),cpp,Accepted,45.0,4772.0,1451,
s279251605,p02572,u883921263,1598790269,C++,C++ (GCC 9.2.1),cpp,Accepted,42.0,6748.0,995,
s474586076,p02572,u619850971,1598790221,Python,Python (3.8.2),py,Accepted,102.0,31560.0,163,
s462031839,p02572,u548778623,1598790209,C++,C++ (GCC 9.2.1),cpp,Accepted,74.0,4844.0,503,
s119321944,p02572,u080424140,1598790153,C++,C++ (GCC 9.2.1),cpp,Accepted,34.0,4668.0,1124,
s671112603,p02572,u144432905,1598790055,C++,C++ (GCC 9.2.1),cpp,Accepted,37.0,3988.0,3755,
s353737898,p02572,u071664531,1598790007,C++,C++ (GCC 9.2.1),cpp,Accepted,76.0,5192.0,339,
s329055069,p02572,u309714506,1598789876,C++,C++ (GCC 9.2.1),cpp,Accepted,37.0,6724.0,2142,
s272445282,p02572,u825601908,1598789808,C++,C++ (GCC 9.2.1),cpp,Accepted,34.0,4792.0,1803,
s030072697,p02572,u451171595,1598789717,C++,C++ (GCC 9.2.1),cpp,Accepted,73.0,4056.0,513,
s899101364,p02572,u807503958,1598789714,Python,Python (3.8.2),py,Accepted,191.0,31392.0,246,
s073210028,p02572,u224168474,1598789709,C++,C++ (GCC 9.2.1),cpp,Accepted,30.0,5220.0,886,
s154639174,p02572,u385617244,1598789651,C++,C++ (GCC 9.2.1),cpp,Accepted,36.0,6268.0,42864,
s813092256,p02572,u108808596,1598789539,C++,C++ (GCC 9.2.1),cpp,Accepted,21.0,6116.0,4499,
s496029318,p02572,u590698391,1598789536,C++,C++ (GCC 9.2.1),cpp,Accepted,69.0,5136.0,1968,
s178420276,p02572,u035811271,1598789508,C++,C++ (GCC 9.2.1),cpp,Accepted,37.0,3980.0,1790,
s207061326,p02572,u848359007,1598789504,C++,C++ (GCC 9.2.1),cpp,Accepted,78.0,6424.0,423,
s743452896,p02572,u185851743,1598789490,Python,Python (3.8.2),py,Accepted,159.0,31592.0,254,
s672425278,p02572,u798894056,1598789447,Python,Python (3.8.2),py,Accepted,146.0,31520.0,283,
s227719048,p02572,u718426899,1598789327,Python,Python (3.8.2),py,Accepted,178.0,31556.0,142,
s329709263,p02572,u429793253,1598789261,C++,C++ (GCC 9.2.1),cpp,Accepted,35.0,6724.0,781,
s713219000,p02572,u661764795,1598789260,Python,PyPy3 (7.3.0),py,Accepted,130.0,94220.0,217,
s774998715,p02572,u236885379,1598789258,Python,Python (3.8.2),py,Accepted,133.0,31368.0,156,
s543444204,p02572,u587202199,1598789236,C++,C++ (GCC 9.2.1),cpp,Accepted,37.0,5124.0,1114,
s463600274,p02572,u124445903,1598789186,Python,Python (3.8.2),py,Accepted,136.0,31408.0,156,
s105154741,p02572,u783299609,1598789134,C++,C++ (GCC 9.2.1),cpp,Accepted,76.0,4760.0,1417,
s861548487,p02572,u564054344,1598789059,C++,C++ (GCC 9.2.1),cpp,Accepted,82.0,6724.0,577,
s138346436,p02572,u659808126,1598789021,C++,C++ (GCC 9.2.1),cpp,Accepted,38.0,6712.0,1021,
s171869224,p02572,u622941671,1598788928,C++,C++ (GCC 9.2.1),cpp,Accepted,40.0,6740.0,1042,
s131942707,p02572,u807503958,1598788907,C++,C++ (GCC 9.2.1),cpp,Accepted,38.0,6740.0,1282,
s567235231,p02572,u958873500,1598788893,C++,C++ (GCC 9.2.1),cpp,Accepted,36.0,6352.0,9251,
s768042840,p02572,u393698851,1598788870,C++,C++ (GCC 9.2.1),cpp,Accepted,73.0,4772.0,2044,
s775468941,p02572,u547520179,1598788795,C++,C++ (GCC 9.2.1),cpp,Accepted,72.0,5108.0,393,
s897648567,p02572,u807503958,1598788734,C++,C++ (GCC 9.2.1),cpp,Accepted,33.0,6688.0,1283,
s788791830,p02572,u257162238,1598788715,Python,Python (3.8.2),py,Accepted,129.0,31704.0,491,
s609455682,p02572,u789199177,1598788651,Python,Python (3.8.2),py,Accepted,158.0,31564.0,176,
s105406578,p02572,u590698391,1598788619,C++,C++ (GCC 9.2.1),cpp,Accepted,74.0,5144.0,2013,
s719120462,p02572,u777216431,1598788613,C++,C++ (GCC 9.2.1),cpp,Accepted,77.0,5172.0,351,
s134447728,p02572,u590698391,1598788538,C++,C++ (GCC 9.2.1),cpp,Accepted,74.0,5104.0,2011,
s159411644,p02572,u398942100,1598788498,C++,C++ (GCC 9.2.1),cpp,Accepted,32.0,3664.0,8047,
s816346607,p02572,u248340295,1598788492,C++,C++ (GCC 9.2.1),cpp,Accepted,33.0,3668.0,1191,
s356324619,p02572,u456283970,1598788448,C++,C++ (GCC 9.2.1),cpp,Accepted,73.0,4836.0,408,
s137271996,p02572,u913893102,1598788269,C++,C++ (GCC 9.2.1),cpp,Accepted,33.0,6684.0,1356,
s047397146,p02572,u279266699,1598788179,Python,PyPy3 (7.3.0),py,Accepted,120.0,107056.0,438,
s747733252,p02572,u600402037,1598788171,C++,C++ (GCC 9.2.1),cpp,Accepted,84.0,3976.0,2384,
s324189700,p02572,u713319703,1598788076,C++,C++ (GCC 9.2.1),cpp,Accepted,74.0,6716.0,983,
s543750884,p02572,u991567869,1598788049,Python,Python (3.8.2),py,Accepted,140.0,31680.0,178,
s431118967,p02572,u394178228,1598787996,C++,C++ (GCC 9.2.1),cpp,Accepted,33.0,7168.0,3163,
s261093769,p02572,u509516894,1598787888,C++,C++ (GCC 9.2.1),cpp,Accepted,35.0,3620.0,7412,
s025395212,p02572,u107269063,1598787809,Python,Python (3.8.2),py,Accepted,105.0,31408.0,162,
s012322465,p02572,u899645116,1598787802,C++,C++ (GCC 9.2.1),cpp,Accepted,34.0,4768.0,5597,
s721199036,p02572,u985929170,1598787706,Python,PyPy3 (7.3.0),py,Accepted,126.0,105340.0,178,
s746712383,p02572,u344276999,1598787587,Python,Python (3.8.2),py,Accepted,283.0,49740.0,431,
s540283623,p02572,u889953704,1598787556,C++,C++ (GCC 9.2.1),cpp,Accepted,72.0,5604.0,515,
s618639696,p02572,u285358283,1598787555,Python,Python (3.8.2),py,Accepted,159.0,31680.0,219,
s775851072,p02572,u344276999,1598787526,Python,Python (3.8.2),py,Accepted,372.0,49800.0,444,
s328808980,p02572,u642497480,1598787363,C++,C++ (GCC 9.2.1),cpp,Accepted,74.0,4852.0,444,
s267292530,p02572,u985929170,1598787297,Python,PyPy3 (7.3.0),py,Accepted,121.0,106912.0,143,
s277271865,p02572,u283088745,1598787237,C++,C++ (GCC 9.2.1),cpp,Accepted,38.0,6896.0,1010,
s589742000,p02572,u834471595,1598787234,Python,Python (3.8.2),py,Accepted,162.0,31708.0,188,
s308115631,p02572,u313288017,1598787158,C++,C++ (GCC 9.2.1),cpp,Accepted,35.0,4412.0,4376,
s861691784,p02572,u612541354,1598787147,C++,C++ (GCC 9.2.1),cpp,Accepted,39.0,6336.0,3868,
s090421515,p02572,u523087093,1598786984,Python,Python (3.8.2),py,Accepted,94.0,31572.0,183,
s067579393,p02572,u344276999,1598786955,Python,Python (3.8.2),py,Accepted,371.0,49840.0,343,
s899997576,p02572,u344276999,1598786908,Python,Python (3.8.2),py,Accepted,378.0,49948.0,317,
s685803743,p02572,u344276999,1598786886,Python,Python (3.8.2),py,Accepted,234.0,49960.0,307,
s173922708,p02572,u216557283,1598786795,C++,C++ (GCC 9.2.1),cpp,Accepted,35.0,6356.0,805,
s837975231,p02572,u140107728,1598786380,C++,C++ (GCC 9.2.1),cpp,Accepted,72.0,3608.0,361,
s151432840,p02572,u913893102,1598786227,C++,C++ (GCC 9.2.1),cpp,Accepted,37.0,6756.0,1579,
s392330936,p02572,u503294750,1598786177,Python,Python (3.8.2),py,Accepted,107.0,31424.0,142,
s192021289,p02572,u810787773,1598786115,Python,Python (3.8.2),py,Accepted,178.0,31588.0,406,
s580843256,p02572,u369907836,1598786088,C++,C++ (GCC 9.2.1),cpp,Accepted,70.0,4752.0,466,
s290853051,p02572,u570601094,1598786053,C++,C++ (GCC 9.2.1),cpp,Accepted,76.0,6408.0,731,
s628380409,p02572,u326111900,1598786049,C++,C++ (Clang 10.0.0),cpp,Accepted,156.0,4464.0,1308,
s783848034,p02572,u008040394,1598785814,C++,C++ (GCC 9.2.1),cpp,Accepted,78.0,6408.0,482,
s597692544,p02572,u151613409,1598785807,C++,C++ (GCC 9.2.1),cpp,Accepted,75.0,6396.0,826,
s123539498,p02572,u613945234,1598785678,C++,C++ (GCC 9.2.1),cpp,Accepted,70.0,4756.0,827,
s210389917,p02572,u847541068,1598785638,C++,C++ (GCC 9.2.1),cpp,Accepted,75.0,4808.0,1118,
s269120411,p02572,u098923136,1598785607,C++,C++ (GCC 9.2.1),cpp,Accepted,73.0,4016.0,424,
s461675307,p02572,u105302073,1598785527,C++,C++ (GCC 9.2.1),cpp,Accepted,74.0,5524.0,663,
s121745036,p02572,u112887319,1598785436,C++,C++ (GCC 9.2.1),cpp,Accepted,81.0,4740.0,567,
s536970787,p02572,u388971072,1598785411,Python,Python (3.8.2),py,Accepted,113.0,31444.0,167,
s644398586,p02572,u407267131,1598785324,Python,PyPy3 (7.3.0),py,Accepted,112.0,105280.0,187,
s565143332,p02572,u840570107,1598785281,Python,Python (3.8.2),py,Accepted,163.0,31584.0,224,
s208952327,p02572,u521389909,1598785275,C++,C++ (GCC 9.2.1),cpp,Accepted,77.0,4824.0,1840,
s239181150,p02572,u684814987,1598785240,Python,Python (3.8.2),py,Accepted,156.0,31908.0,381,
s272110394,p02572,u423624748,1598785215,C++,C++ (GCC 9.2.1),cpp,Accepted,78.0,6404.0,438,
s502538795,p02572,u311062906,1598785204,Python,Python (3.8.2),py,Accepted,134.0,31644.0,163,
s129546161,p02572,u812793098,1598785178,C++,C++ (GCC 9.2.1),cpp,Accepted,73.0,4044.0,885,
s441227277,p02572,u145932906,1598785136,C++,C++ (GCC 9.2.1),cpp,Accepted,72.0,3988.0,462,
s791602685,p02572,u797587229,1598785102,C++,C++ (GCC 9.2.1),cpp,Accepted,41.0,5208.0,523,
s679080728,p02572,u946467231,1598784894,C++,C++ (Clang 10.0.0),cpp,Accepted,158.0,5952.0,699,
s476638225,p02572,u590927341,1598784850,C++,C++ (GCC 9.2.1),cpp,Accepted,74.0,6404.0,699,
s852977570,p02572,u934868410,1598784792,Python,Python (3.8.2),py,Accepted,122.0,31444.0,192,
s136689351,p02572,u944804272,1598784762,C++,C++ (GCC 9.2.1),cpp,Accepted,70.0,4848.0,997,
s275432844,p02572,u707975777,1598784723,C++,C++ (GCC 9.2.1),cpp,Accepted,34.0,3996.0,518,
s094992151,p02572,u144029820,1598784665,C++,C++ (GCC 9.2.1),cpp,Accepted,74.0,4852.0,362,
s304793388,p02572,u784982404,1598784656,Python,Python (3.8.2),py,Accepted,142.0,31584.0,178,
s791560607,p02572,u407267131,1598784622,C++,C++ (GCC 9.2.1),cpp,Accepted,78.0,4820.0,435,
s719484069,p02572,u073000401,1598784609,C++,C++ (GCC 9.2.1),cpp,Accepted,73.0,5208.0,425,
s807417604,p02572,u707975777,1598784587,C++,C++ (GCC 9.2.1),cpp,Accepted,72.0,5164.0,338,
s681926061,p02572,u235369444,1598784566,C++,C++ (GCC 9.2.1),cpp,Accepted,72.0,6760.0,387,
s766657324,p02572,u072694961,1598784513,C++,C++ (GCC 9.2.1),cpp,Accepted,74.0,5152.0,371,
s961901002,p02572,u168017191,1598784448,C++,C++ (GCC 9.2.1),cpp,Accepted,75.0,6744.0,2213,
s688794176,p02572,u692746605,1598784328,Python,Python (3.8.2),py,Accepted,141.0,31544.0,120,
s713001495,p02572,u259053514,1598784222,C++,C++ (GCC 9.2.1),cpp,Accepted,71.0,4812.0,8634,
s008382687,p02572,u171059364,1598784218,C++,C++ (GCC 9.2.1),cpp,Accepted,70.0,5196.0,772,
s159356232,p02572,u098700286,1598784212,C++,C++ (GCC 9.2.1),cpp,Accepted,76.0,3964.0,398,
s070594538,p02572,u785748162,1598784138,C++,C++ (GCC 9.2.1),cpp,Accepted,35.0,6788.0,2698,
s423332304,p02572,u942774736,1598784022,C++,C++ (GCC 9.2.1),cpp,Accepted,70.0,4820.0,294,
s479022904,p02572,u078349616,1598783941,Python,Python (3.8.2),py,Accepted,92.0,31388.0,138,
s896803632,p02572,u806320475,1598783719,C++,C++ (GCC 9.2.1),cpp,Accepted,69.0,6712.0,562,
s286424275,p02572,u580433316,1598783629,C++,C++ (GCC 9.2.1),cpp,Accepted,74.0,4792.0,921,
s844525585,p02572,u546668142,1598783619,C++,C++ (GCC 9.2.1),cpp,Accepted,33.0,3948.0,521,
s125518026,p02572,u642845818,1598783606,C++,C++ (GCC 9.2.1),cpp,Accepted,72.0,6404.0,374,
s630383209,p02572,u113694671,1598783560,Python,Python (3.8.2),py,Accepted,153.0,31596.0,212,
s407166238,p02572,u581187895,1598783554,Python,Python (3.8.2),py,Accepted,92.0,31412.0,309,
s377307668,p02572,u113694671,1598783434,Python,Python (3.8.2),py,Accepted,121.0,31444.0,140,
s983826839,p02572,u806320475,1598783359,C++,C++ (GCC 9.2.1),cpp,Accepted,74.0,6708.0,585,
s548069358,p02572,u327564206,1598783071,C++,C++ (GCC 9.2.1),cpp,Accepted,39.0,6840.0,320,
s632325677,p02572,u869167271,1598783029,C++,C++ (GCC 9.2.1),cpp,Accepted,71.0,6648.0,406,
s292320438,p02572,u998741086,1598782882,Python,Python (3.8.2),py,Accepted,142.0,31608.0,233,
s609472705,p02572,u914365712,1598782880,C++,C++ (GCC 9.2.1),cpp,Accepted,73.0,5136.0,444,
s395498271,p02572,u364761668,1598782875,C++,C++ (GCC 9.2.1),cpp,Accepted,34.0,6312.0,3130,
s308498072,p02572,u716530146,1598782532,Python,PyPy3 (7.3.0),py,Accepted,314.0,103536.0,343,
s358208167,p02572,u521712919,1598782312,C++,C++ (GCC 9.2.1),cpp,Accepted,71.0,4388.0,415,
s527099533,p02572,u352350187,1598782305,C++,C++ (GCC 9.2.1),cpp,Accepted,35.0,6700.0,1002,
s706906052,p02572,u415965614,1598782297,C++,C++ (GCC 9.2.1),cpp,Accepted,73.0,6748.0,708,
s760354561,p02572,u639539125,1598782280,C++,C++ (GCC 9.2.1),cpp,Accepted,71.0,4792.0,537,
s380283647,p02572,u545368057,1598782255,Python,PyPy3 (7.3.0),py,Accepted,113.0,105236.0,188,
s157950679,p02572,u243312682,1598782242,Python,Python (3.8.2),py,Accepted,142.0,31620.0,357,
s501733286,p02572,u625602578,1598782079,C++,C++ (GCC 9.2.1),cpp,Accepted,36.0,5128.0,470,
s322088345,p02572,u809157683,1598782053,C++,C++ (GCC 9.2.1),cpp,Accepted,36.0,4756.0,518,
s664915619,p02572,u570229212,1598782040,C++,C++ (GCC 9.2.1),cpp,Accepted,75.0,7920.0,514,
s448219276,p02572,u622045059,1598781786,C++,C++ (GCC 9.2.1),cpp,Accepted,74.0,6428.0,2761,
s020904051,p02572,u443499243,1598781720,C++,C++ (GCC 9.2.1),cpp,Accepted,37.0,6796.0,949,
s487590823,p02572,u093420168,1598781688,C++,C++ (GCC 9.2.1),cpp,Accepted,18.0,3768.0,518,
s730639038,p02572,u730135368,1598781650,C++,C++ (GCC 9.2.1),cpp,Accepted,78.0,6724.0,1052,
s110789235,p02572,u308012928,1598781583,C++,C++ (Clang 10.0.0),cpp,Accepted,167.0,6048.0,462,
s964091097,p02572,u325492232,1598781564,Python,Python (3.8.2),py,Accepted,118.0,31576.0,277,
s531276938,p02572,u537618496,1598781510,C++,C++ (GCC 9.2.1),cpp,Accepted,74.0,4840.0,485,
s104274732,p02572,u269043576,1598781492,C++,C++ (GCC 9.2.1),cpp,Accepted,37.0,5184.0,617,
s406777327,p02572,u083496316,1598781471,C++,C++ (GCC 9.2.1),cpp,Accepted,39.0,6852.0,440,
s456613180,p02572,u138020235,1598781431,C++,C++ (GCC 9.2.1),cpp,Accepted,36.0,6344.0,513,
s429624856,p02572,u155416173,1598781361,C++,C++ (GCC 9.2.1),cpp,Accepted,35.0,6328.0,1532,
s739709055,p02572,u366974168,1598781162,Python,Python (3.8.2),py,Accepted,131.0,31552.0,129,
s336058696,p02572,u642384509,1598781140,C++,C++ (GCC 9.2.1),cpp,Accepted,73.0,4036.0,381,
s780056545,p02572,u761087127,1598781117,Python,Python (3.8.2),py,Accepted,128.0,31624.0,171,
s848862712,p02572,u619683748,1598780894,C++,C++ (GCC 9.2.1),cpp,Accepted,34.0,4716.0,1629,
s338762158,p02572,u846743049,1598780866,C++,C++ (GCC 9.2.1),cpp,Accepted,35.0,6784.0,776,
s705071923,p02572,u798464303,1598780854,C++,C++ (GCC 9.2.1),cpp,Accepted,33.0,5172.0,891,
s901241228,p02572,u347184682,1598780789,Python,Python (3.8.2),py,Accepted,233.0,31760.0,270,
s877627235,p02572,u746206084,1598780730,C++,C++ (GCC 9.2.1),cpp,Accepted,76.0,4780.0,506,
s508649476,p02572,u775084491,1598780604,C++,C++ (GCC 9.2.1),cpp,Accepted,34.0,5948.0,1268,
s779037616,p02572,u825099493,1598780597,C++,C++ (GCC 9.2.1),cpp,Accepted,76.0,3960.0,451,
s713365799,p02572,u353099601,1598780534,Python,Python (3.8.2),py,Accepted,193.0,31616.0,479,
s867722541,p02572,u653611614,1598780412,C++,C++ (GCC 9.2.1),cpp,Accepted,36.0,5184.0,946,
s131736057,p02572,u128282559,1598780361,Python,Python (3.8.2),py,Accepted,115.0,31624.0,163,
s922529296,p02572,u608726540,1598780242,Python,Python (3.8.2),py,Accepted,117.0,31464.0,129,
s613876362,p02572,u583354994,1598780207,C++,C++ (GCC 9.2.1),cpp,Accepted,76.0,6376.0,663,
s586627478,p02572,u109133010,1598780147,C++,C++ (GCC 9.2.1),cpp,Accepted,36.0,6660.0,2004,
s361544031,p02572,u094213642,1598780054,Python,Python (3.8.2),py,Accepted,104.0,31444.0,786,
s240096684,p02572,u905715926,1598779900,C++,C++ (GCC 9.2.1),cpp,Accepted,36.0,4764.0,747,
s096283885,p02572,u158751716,1598779824,C++,C++ (GCC 9.2.1),cpp,Accepted,71.0,4844.0,779,
s384488749,p02572,u337573893,1598779795,Python,Python (3.8.2),py,Accepted,165.0,31548.0,197,
s990067887,p02572,u324752405,1598779520,C++,C++ (GCC 9.2.1),cpp,Accepted,35.0,6792.0,541,
s042439787,p02572,u040094338,1598779420,C++,C++ (GCC 9.2.1),cpp,Accepted,33.0,3944.0,2269,
s644476800,p02572,u522783907,1598779313,C++,C++ (GCC 9.2.1),cpp,Accepted,72.0,5344.0,2932,
s763634006,p02572,u234762276,1598779163,C++,C++ (GCC 9.2.1),cpp,Accepted,40.0,6416.0,2221,
s646241893,p02572,u242706056,1598779158,C++,C++ (GCC 9.2.1),cpp,Accepted,82.0,6420.0,523,
s920538339,p02572,u016334391,1598779016,C++,C++ (GCC 9.2.1),cpp,Accepted,36.0,4760.0,575,
s120081473,p02572,u858107870,1598779011,C++,C++ (GCC 9.2.1),cpp,Accepted,35.0,4788.0,2642,
s501712624,p02572,u259578308,1598778900,C++,C++ (GCC 9.2.1),cpp,Accepted,72.0,4044.0,389,
s187103915,p02572,u601842281,1598778880,Python,Python (3.8.2),py,Accepted,161.0,31412.0,142,
s900088521,p02572,u665038048,1598778633,C++,C++ (GCC 9.2.1),cpp,Accepted,73.0,6400.0,444,
s461147520,p02572,u541567517,1598778613,C++,C++ (GCC 9.2.1),cpp,Accepted,74.0,4824.0,447,
s629392606,p02572,u831279508,1598778575,C++,C++ (GCC 9.2.1),cpp,Accepted,72.0,4048.0,398,
s020084917,p02572,u439912527,1598778496,C++,C++ (GCC 9.2.1),cpp,Accepted,72.0,4004.0,731,
s521517421,p02572,u465737666,1598778435,C++,C++ (GCC 9.2.1),cpp,Accepted,36.0,4780.0,1144,
s276293204,p02572,u312025627,1598778392,Python,PyPy3 (7.3.0),py,Accepted,120.0,105192.0,263,
s704568048,p02572,u545770260,1598778119,C++,C++ (GCC 9.2.1),cpp,Accepted,75.0,5620.0,508,
s412098975,p02572,u439912527,1598778056,C++,C++ (GCC 9.2.1),cpp,Accepted,74.0,3972.0,731,
s779352913,p02572,u099006712,1598778037,C++,C++ (GCC 9.2.1),cpp,Accepted,73.0,5580.0,434,
s096522898,p02572,u439912527,1598778012,C++,C++ (GCC 9.2.1),cpp,Accepted,72.0,4036.0,738,
s375163351,p02572,u099006712,1598777987,C++,C++ (GCC 9.2.1),cpp,Accepted,73.0,5644.0,519,
s770614328,p02572,u132364782,1598777984,C++,C++ (GCC 9.2.1),cpp,Accepted,77.0,3628.0,404,
s081090331,p02572,u858107870,1598777983,C++,C++ (GCC 9.2.1),cpp,Accepted,53.0,3656.0,1207,
s399161777,p02572,u099006712,1598777944,C++,C++ (GCC 9.2.1),cpp,Accepted,72.0,4000.0,557,
s148274102,p02572,u229950162,1598777935,Python,Python (3.8.2),py,Accepted,146.0,31556.0,273,
s835919249,p02572,u910973909,1598777902,Python,Python (3.8.2),py,Accepted,133.0,31696.0,196,
s492121418,p02572,u858107870,1598777738,C++,C++ (GCC 9.2.1),cpp,Accepted,57.0,3752.0,1152,
s855671696,p02572,u858107870,1598777636,C++,C++ (GCC 9.2.1),cpp,Accepted,57.0,3704.0,1144,
s737304331,p02572,u314543767,1598777578,C++,C++ (GCC 9.2.1),cpp,Accepted,37.0,6372.0,1568,
s597061615,p02572,u965937045,1598777572,Python,Python (3.8.2),py,Accepted,143.0,31508.0,172,
s146314151,p02572,u038107109,1598777569,Python,PyPy3 (7.3.0),py,Accepted,114.0,106660.0,378,
s374495519,p02572,u322172536,1598777568,C++,C++ (GCC 9.2.1),cpp,Accepted,38.0,2512.0,377,
s167735551,p02572,u724012411,1598777452,C++,C++ (GCC 9.2.1),cpp,Accepted,33.0,4764.0,732,
s490403022,p02572,u069951940,1598777427,C++,C++ (GCC 9.2.1),cpp,Accepted,35.0,6376.0,1007,
s652443866,p02572,u480168496,1598777377,C++,C++ (GCC 9.2.1),cpp,Accepted,73.0,4036.0,1645,
s222488742,p02572,u530134209,1598777376,C++,C++ (GCC 9.2.1),cpp,Accepted,74.0,6028.0,621,
s665741878,p02572,u991846372,1598777315,C++,C++ (GCC 9.2.1),cpp,Accepted,74.0,4852.0,472,
s376982452,p02572,u427344224,1598777313,C++,C++ (GCC 9.2.1),cpp,Accepted,38.0,6360.0,3165,
s115321368,p02572,u858107870,1598777276,C++,C++ (GCC 9.2.1),cpp,Accepted,56.0,3732.0,875,
s604036591,p02572,u033033376,1598777262,Python,Python (3.8.2),py,Accepted,128.0,31416.0,230,
s594672985,p02572,u888395513,1598777177,C++,C++ (GCC 9.2.1),cpp,Accepted,77.0,4036.0,401,
s701605426,p02572,u486933494,1598777007,C++,C++ (GCC 9.2.1),cpp,Accepted,75.0,5180.0,409,
s241337156,p02572,u469315559,1598776860,C++,C++ (GCC 9.2.1),cpp,Accepted,71.0,5148.0,476,
s550877353,p02572,u729133443,1598776850,Python,Python (3.8.2),py,Accepted,123.0,25004.0,75,
s487813226,p02572,u785472258,1598776841,C++,C++ (GCC 9.2.1),cpp,Accepted,78.0,4844.0,652,
s707584061,p02572,u704284486,1598776659,Python,Python (3.8.2),py,Accepted,159.0,31416.0,204,
s093617484,p02572,u522783907,1598776573,C++,C++ (GCC 9.2.1),cpp,Accepted,69.0,3604.0,2880,
s448884192,p02572,u556589653,1598776498,Python,Python (3.8.2),py,Accepted,169.0,31452.0,463,
s437755983,p02572,u958103790,1598776479,Python,Python (3.8.2),py,Accepted,121.0,31580.0,200,
s410474884,p02572,u858107870,1598776462,C++,C++ (GCC 9.2.1),cpp,Accepted,35.0,4764.0,2672,
s233639054,p02572,u888395513,1598776411,C++,C++ (GCC 9.2.1),cpp,Accepted,79.0,4016.0,399,
s601841353,p02572,u556589653,1598776371,Python,Python (3.8.2),py,Accepted,172.0,31628.0,219,
s843458444,p02572,u081162298,1598776365,C++,C++ (GCC 9.2.1),cpp,Accepted,76.0,3984.0,303,
s167776162,p02572,u888395513,1598776317,C++,C++ (GCC 9.2.1),cpp,Accepted,73.0,4048.0,416,
s891026948,p02572,u369094007,1598776309,Python,Python (3.8.2),py,Accepted,123.0,31420.0,166,
s876407235,p02572,u492660436,1598776290,C++,C++ (GCC 9.2.1),cpp,Accepted,73.0,6468.0,5368,
s866478075,p02572,u337626942,1598776284,Python,Python (3.8.2),py,Accepted,161.0,31396.0,180,
s820611394,p02572,u337626942,1598776257,Python,PyPy3 (7.3.0),py,Accepted,128.0,94172.0,180,
s556207182,p02572,u731676872,1598776254,C++,C++ (GCC 9.2.1),cpp,Accepted,77.0,6620.0,577,
s849376551,p02572,u780698286,1598776198,Python,Python (3.8.2),py,Accepted,191.0,31712.0,169,
s786305651,p02572,u415965614,1598776162,C++,C++ (GCC 9.2.1),cpp,Accepted,71.0,4400.0,281,
s643234612,p02572,u540627185,1598775999,Python,PyPy3 (7.3.0),py,Accepted,122.0,104944.0,357,
s988665507,p02572,u446088475,1598775877,C++,C++ (GCC 9.2.1),cpp,Accepted,80.0,6732.0,506,
s955514048,p02572,u227117171,1598775800,C++,C++ (GCC 9.2.1),cpp,Accepted,75.0,4768.0,1309,
s809853053,p02572,u660341737,1598775712,C++,C++ (GCC 9.2.1),cpp,Accepted,36.0,5216.0,446,
s133902074,p02572,u020933954,1598775705,C++,C++ (GCC 9.2.1),cpp,Accepted,69.0,4800.0,431,
s310847301,p02572,u200243669,1598775477,Python,Python (3.8.2),py,Accepted,126.0,31552.0,131,
s179205970,p02572,u371149954,1598775470,C++,C++ (GCC 9.2.1),cpp,Accepted,38.0,4764.0,3438,
s140766450,p02572,u704563784,1598775380,Python,Python (3.8.2),py,Accepted,136.0,31624.0,177,
s835431705,p02572,u010666962,1598775367,C++,C++ (GCC 9.2.1),cpp,Accepted,76.0,6344.0,511,
s265311014,p02572,u668172200,1598775324,C++,C++ (GCC 9.2.1),cpp,Accepted,71.0,6356.0,5124,
s062070296,p02572,u844789719,1598775311,Python,Python (3.8.2),py,Accepted,147.0,31192.0,206,
s932264108,p02572,u888933875,1598775306,Python,Python (3.8.2),py,Accepted,123.0,31432.0,138,
s404535527,p02572,u369094007,1598775161,Python,Python (3.8.2),py,Accepted,170.0,31700.0,223,
s563439670,p02572,u035210736,1598775061,Python,Python (3.8.2),py,Accepted,126.0,31576.0,139,
s796010845,p02572,u035210736,1598775006,Python,PyPy3 (7.3.0),py,Accepted,120.0,105332.0,139,
s801269318,p02572,u892797057,1598774887,Python,Python (3.8.2),py,Accepted,175.0,31444.0,273,
s422456081,p02572,u635621124,1598774823,Python,Python (3.8.2),py,Accepted,179.0,31500.0,319,
s758092178,p02572,u371149954,1598774817,C++,C++ (GCC 9.2.1),cpp,Accepted,35.0,4764.0,1216,
s892934537,p02572,u671920479,1598774817,C++,C++ (GCC 9.2.1),cpp,Accepted,71.0,6684.0,336,
s189799768,p02572,u510749912,1598774718,C++,C++ (GCC 9.2.1),cpp,Accepted,75.0,6404.0,907,
s702237652,p02572,u703823201,1598774712,Python,Python (3.8.2),py,Accepted,127.0,31520.0,153,
s337810639,p02572,u227020436,1598774603,Python,Python (3.8.2),py,Accepted,92.0,31672.0,202,
s526964697,p02572,u157994024,1598774491,C++,C++ (GCC 9.2.1),cpp,Accepted,70.0,4828.0,1124,
s640844251,p02572,u778435674,1598774431,C++,C++ (GCC 9.2.1),cpp,Accepted,36.0,6716.0,505,
s399551659,p02572,u364555831,1598774225,Python,Python (3.8.2),py,Accepted,209.0,36244.0,321,
s293367641,p02572,u557792847,1598774169,Python,Python (3.8.2),py,Accepted,246.0,50080.0,571,
s697934976,p02572,u945375934,1598774153,Python,Python (3.8.2),py,Accepted,130.0,31412.0,151,
s387664645,p02572,u976418120,1598774084,C++,C++ (GCC 9.2.1),cpp,Accepted,28.0,6780.0,1075,
s070132585,p02572,u106342872,1598774030,C++,C++ (GCC 9.2.1),cpp,Accepted,78.0,6420.0,488,
s908150016,p02572,u671920479,1598773573,C++,C++ (GCC 9.2.1),cpp,Accepted,76.0,6728.0,505,
s717850439,p02572,u439912527,1598773550,C++,C++ (GCC 9.2.1),cpp,Accepted,77.0,4056.0,763,
s979891981,p02572,u296989351,1598773335,C++,C++ (GCC 9.2.1),cpp,Accepted,77.0,6412.0,607,
s707236879,p02572,u516922881,1598773310,C++,C++ (GCC 9.2.1),cpp,Accepted,73.0,4772.0,590,
s484995519,p02572,u735499035,1598773217,C++,C++ (GCC 9.2.1),cpp,Accepted,75.0,4832.0,433,
s502643779,p02572,u281358651,1598773211,C++,C++ (GCC 9.2.1),cpp,Accepted,35.0,3636.0,327,
s124752563,p02572,u687600654,1598773165,C++,C++ (GCC 9.2.1),cpp,Accepted,72.0,4764.0,1923,
s850297167,p02572,u250734103,1598772886,Python,Python (3.8.2),py,Accepted,140.0,31424.0,184,
s648855843,p02572,u267718666,1598772878,Python,Python (3.8.2),py,Accepted,104.0,31544.0,152,
s018175786,p02572,u465637392,1598772874,C++,C++ (GCC 9.2.1),cpp,Accepted,72.0,6632.0,734,
s111268593,p02572,u633967774,1598772653,C++,C++ (GCC 9.2.1),cpp,Accepted,76.0,4808.0,520,
s994595284,p02572,u395987935,1598772100,C++,C++ (GCC 9.2.1),cpp,Accepted,75.0,6432.0,1718,
s935126270,p02572,u927740808,1598771561,Python,Python (3.8.2),py,Accepted,248.0,25120.0,215,
s711067453,p02572,u681557252,1598771494,C++,C++ (GCC 9.2.1),cpp,Accepted,72.0,5176.0,572,
s036961606,p02572,u512212329,1598771480,Python,Python (3.8.2),py,Accepted,114.0,25032.0,292,
s000534580,p02572,u098012509,1598771279,Python,Python (3.8.2),py,Accepted,144.0,31304.0,432,
s073806517,p02572,u907525511,1598771247,C++,C++ (GCC 9.2.1),cpp,Accepted,76.0,5204.0,450,
s509033029,p02572,u618251217,1598771215,Python,Python (3.8.2),py,Accepted,138.0,31420.0,173,
s234122198,p02572,u512212329,1598771195,Python,Python (3.8.2),py,Accepted,129.0,31716.0,320,
s325386877,p02572,u830742419,1598771115,C++,C++ (GCC 9.2.1),cpp,Accepted,71.0,3944.0,411,
s554987640,p02572,u309168663,1598771047,C++,C++ (GCC 9.2.1),cpp,Accepted,77.0,5144.0,511,
s161807924,p02572,u133601685,1598770745,C++,C++ (GCC 9.2.1),cpp,Accepted,38.0,3288.0,331,
s215189799,p02572,u103557284,1598770692,Python,Python (3.8.2),py,Accepted,132.0,31596.0,139,
s043276624,p02572,u380524497,1598770692,Python,Python (3.8.2),py,Accepted,107.0,31484.0,304,
s343068297,p02572,u110580875,1598770557,Python,Python (3.8.2),py,Accepted,129.0,31604.0,136,
s873453368,p02572,u232934922,1598770517,C++,C++ (GCC 9.2.1),cpp,Accepted,41.0,6928.0,879,
s329705484,p02572,u744783976,1598770473,C++,C++ (GCC 9.2.1),cpp,Accepted,72.0,4816.0,589,
s214134555,p02572,u073139376,1598770359,C++,C++ (GCC 9.2.1),cpp,Accepted,34.0,4756.0,1456,
s534826923,p02572,u434747175,1598770210,C++,C++ (GCC 9.2.1),cpp,Accepted,75.0,3608.0,1010,
s746572111,p02572,u590828596,1598769940,C++,C++ (GCC 9.2.1),cpp,Accepted,75.0,4736.0,695,
s059633173,p02572,u523087093,1598769679,Python,Python (3.8.2),py,Accepted,94.0,31624.0,183,
s305987000,p02572,u707124227,1598769665,Python,PyPy3 (7.3.0),py,Accepted,139.0,110196.0,191,
s884784023,p02572,u872271866,1598769482,C++,C++ (GCC 9.2.1),cpp,Accepted,74.0,4032.0,452,
s533197879,p02572,u773580152,1598769461,Python,PyPy3 (7.3.0),py,Accepted,161.0,111880.0,800,
s487276219,p02572,u212539610,1598769245,Python,Python (3.8.2),py,Accepted,127.0,31380.0,127,
s471061145,p02572,u338824669,1598768778,Python,Python (3.8.2),py,Accepted,167.0,31200.0,234,
s094539497,p02572,u395125142,1598768760,C++,C++ (GCC 9.2.1),cpp,Accepted,73.0,5140.0,1030,
s822643887,p02572,u453366189,1598768548,C++,C++ (GCC 9.2.1),cpp,Accepted,73.0,4832.0,3499,
s479139925,p02572,u682946813,1598768477,C++,C++ (GCC 9.2.1),cpp,Accepted,80.0,6404.0,502,
s209074358,p02572,u682946813,1598768432,C++,C++ (GCC 9.2.1),cpp,Accepted,76.0,6416.0,509,
s788692897,p02572,u319569229,1598768188,C++,C++ (GCC 9.2.1),cpp,Accepted,82.0,5276.0,809,
s414889979,p02572,u622585907,1598768161,C++,C++ (GCC 9.2.1),cpp,Accepted,72.0,6436.0,5290,
s667512425,p02572,u821588465,1598767864,Python,Python (3.8.2),py,Accepted,121.0,31756.0,135,
s267696872,p02572,u520276780,1598767713,Python,PyPy3 (7.3.0),py,Accepted,115.0,105080.0,161,
s231778312,p02572,u821588465,1598767599,Python,Python (3.8.2),py,Accepted,125.0,31620.0,140,
s136056874,p02572,u962966398,1598767554,C++,C++ (GCC 9.2.1),cpp,Accepted,74.0,5136.0,2392,
s093783987,p02572,u651235280,1598767225,C++,C++ (GCC 9.2.1),cpp,Accepted,71.0,6360.0,525,
s295787744,p02572,u184572586,1598767119,C++,C++ (GCC 9.2.1),cpp,Accepted,74.0,6412.0,2116,
s089191574,p02572,u184572586,1598766971,C++,C++ (GCC 9.2.1),cpp,Accepted,79.0,6356.0,2098,
s769179365,p02572,u184572586,1598766944,C++,C++ (GCC 9.2.1),cpp,Accepted,76.0,6360.0,2102,
s889103444,p02572,u132602393,1598766879,C++,C++ (GCC 9.2.1),cpp,Accepted,34.0,4420.0,3448,
s179370576,p02572,u962402213,1598766582,C++,C++ (GCC 9.2.1),cpp,Accepted,82.0,5288.0,514,
s681716858,p02572,u420332509,1598766526,Python,PyPy3 (7.3.0),py,Accepted,116.0,105148.0,346,
s297077861,p02572,u285443936,1598766385,Python,Python (3.8.2),py,Accepted,148.0,31548.0,149,
s275198925,p02572,u605833494,1598766294,C++,C++ (GCC 9.2.1),cpp,Accepted,73.0,6356.0,3280,
s661987423,p02572,u626595726,1598766163,C++,C++ (GCC 9.2.1),cpp,Accepted,37.0,4764.0,1140,
s942950907,p02572,u607816468,1598765976,Python,Python (3.8.2),py,Accepted,117.0,31632.0,150,
s956114805,p02572,u825343780,1598765892,C++,C++ (GCC 9.2.1),cpp,Accepted,73.0,4784.0,1890,
s652809036,p02572,u392319141,1598765712,Python,Python (3.8.2),py,Accepted,137.0,31552.0,161,
s517346538,p02572,u782455492,1598765482,C++,C++ (GCC 9.2.1),cpp,Accepted,39.0,6968.0,2894,
s889674978,p02572,u601573968,1598765293,C++,C++ (Clang 10.0.0),cpp,Accepted,186.0,5260.0,1138,
s062937486,p02572,u802950476,1598764039,C++,C++ (GCC 9.2.1),cpp,Accepted,33.0,3600.0,1390,
s676166966,p02572,u954634891,1598763308,C++,C++ (GCC 9.2.1),cpp,Accepted,35.0,9880.0,1936,
s609596890,p02572,u183422236,1598763247,Python,PyPy3 (7.3.0),py,Accepted,133.0,107256.0,380,
s854309516,p02572,u876442727,1598762465,C++,C++ (GCC 9.2.1),cpp,Accepted,34.0,3984.0,1051,
s876016869,p02572,u749427720,1598761158,C++,C++ (GCC 9.2.1),cpp,Accepted,71.0,6344.0,417,
s730575276,p02572,u345966487,1598761105,C++,C++ (GCC 9.2.1),cpp,Accepted,35.0,6352.0,3906,
s975606903,p02572,u623094203,1598760890,C++,C++ (GCC 9.2.1),cpp,Accepted,30.0,3652.0,542,
s820921918,p02572,u054687301,1598760646,C++,C++ (GCC 9.2.1),cpp,Accepted,73.0,4416.0,556,
s830822160,p02572,u217942651,1598760352,C++,C++ (GCC 9.2.1),cpp,Accepted,39.0,6324.0,902,
s122773246,p02572,u576576379,1598760271,C++,C++ (GCC 9.2.1),cpp,Accepted,35.0,6364.0,900,
s970807418,p02572,u427231601,1598759875,Python,Python (3.8.2),py,Accepted,149.0,31408.0,176,
s269061182,p02572,u579199338,1598759870,C++,C++ (GCC 9.2.1),cpp,Accepted,76.0,6432.0,573,
s666132080,p02572,u111577663,1598759700,C++,C++ (GCC 9.2.1),cpp,Accepted,38.0,6352.0,898,
s119627357,p02572,u757006580,1598759392,C++,C++ (GCC 9.2.1),cpp,Accepted,74.0,5160.0,485,
s778429582,p02572,u745438671,1598759313,C++,C++ (GCC 9.2.1),cpp,Accepted,67.0,4408.0,1536,
s625947524,p02572,u757006580,1598759193,C++,C++ (GCC 9.2.1),cpp,Accepted,80.0,5176.0,485,
s165733789,p02572,u571440314,1598759043,Python,PyPy3 (7.3.0),py,Accepted,120.0,107516.0,3286,
s338180691,p02572,u422216345,1598758862,C++,C++ (GCC 9.2.1),cpp,Accepted,36.0,5172.0,410,
s977921759,p02572,u012004082,1598758634,C++,C++ (GCC 9.2.1),cpp,Accepted,76.0,5176.0,405,
s203261881,p02572,u787576502,1598758624,C++,C++ (GCC 9.2.1),cpp,Accepted,34.0,4832.0,891,
s873447781,p02572,u156006465,1598758453,C++,C++ (GCC 9.2.1),cpp,Accepted,37.0,6740.0,972,
s109455681,p02572,u101513772,1598758369,C++,C++ (GCC 9.2.1),cpp,Accepted,36.0,6364.0,2030,
s187603615,p02572,u068535586,1598758312,C++,C++ (GCC 9.2.1),cpp,Accepted,42.0,20368.0,2162,
s812159887,p02572,u775805582,1598758126,C++,C++ (GCC 9.2.1),cpp,Accepted,33.0,3640.0,915,
s744011079,p02572,u554733732,1598757976,C++,C++ (GCC 9.2.1),cpp,Accepted,36.0,6720.0,509,
s842157224,p02572,u758799884,1598757874,C++,C++ (GCC 9.2.1),cpp,Accepted,75.0,6924.0,13590,
s792353272,p02572,u139602447,1598757792,C++,C++ (GCC 9.2.1),cpp,Accepted,74.0,4044.0,2192,
s792290133,p02572,u494110371,1598757702,C++,C++ (GCC 9.2.1),cpp,Accepted,40.0,4464.0,414,
s551773295,p02572,u954935895,1598757406,C++,C++ (GCC 9.2.1),cpp,Accepted,33.0,3628.0,2507,
s976967340,p02572,u608257553,1598757364,C++,C++ (GCC 9.2.1),cpp,Accepted,32.0,3996.0,5988,
s020179640,p02572,u244460868,1598756570,C++,C++ (GCC 9.2.1),cpp,Accepted,62.0,4784.0,3511,
s205899108,p02572,u811966709,1598756536,C++,C++ (GCC 9.2.1),cpp,Accepted,35.0,5204.0,490,
s030191586,p02572,u729133443,1598756371,Python,PyPy3 (7.3.0),py,Accepted,120.0,93152.0,75,
s467951014,p02572,u006817280,1598756238,Python,PyPy3 (7.3.0),py,Accepted,138.0,104636.0,537,
s332525371,p02572,u036870695,1598756222,C++,C++ (GCC 9.2.1),cpp,Accepted,61.0,4776.0,3496,
s996121329,p02572,u006817280,1598756161,Python,PyPy3 (7.3.0),py,Accepted,147.0,112540.0,586,
s084017544,p02572,u852076590,1598756054,C++,C++ (GCC 9.2.1),cpp,Accepted,70.0,6600.0,535,
s528306549,p02572,u120017604,1598755843,C++,C++ (GCC 9.2.1),cpp,Accepted,76.0,6748.0,641,
s611380704,p02572,u161523623,1598755729,C++,C++ (GCC 9.2.1),cpp,Accepted,43.0,6952.0,449,
s065092187,p02572,u719722152,1598755714,C++,C++ (GCC 9.2.1),cpp,Accepted,35.0,5572.0,1894,
s093423712,p02572,u702037060,1598755570,C++,C++ (GCC 9.2.1),cpp,Accepted,35.0,6752.0,4817,
s384261972,p02572,u534249406,1598755519,C++,C++ (GCC 9.2.1),cpp,Accepted,71.0,4048.0,746,
s739171249,p02572,u632091877,1598755431,C++,C++ (GCC 9.2.1),cpp,Accepted,34.0,4756.0,638,
s590174089,p02572,u923464546,1598755215,C++,C++ (GCC 9.2.1),cpp,Accepted,36.0,6412.0,6285,
s238280828,p02572,u505122009,1598755037,C++,C++ (GCC 9.2.1),cpp,Accepted,75.0,3964.0,6478,
s338580346,p02572,u747248721,1598755013,C++,C++ (GCC 9.2.1),cpp,Accepted,33.0,5224.0,555,
s161564543,p02572,u747248721,1598754990,C++,C++ (GCC 9.2.1),cpp,Accepted,34.0,5216.0,582,
s954393838,p02572,u747248721,1598754938,C++,C++ (GCC 9.2.1),cpp,Accepted,34.0,5168.0,565,
s608413144,p02572,u135957438,1598754620,C++,C++ (GCC 9.2.1),cpp,Accepted,68.0,4840.0,593,
s402349054,p02572,u852076590,1598754612,C++,C++ (GCC 9.2.1),cpp,Accepted,75.0,6652.0,540,
s005993455,p02572,u923368163,1598754599,Python,Python (3.8.2),py,Accepted,183.0,33008.0,255,
s378002768,p02572,u448896585,1598754555,C++,C++ (GCC 9.2.1),cpp,Accepted,33.0,6372.0,3549,
s292176908,p02572,u575140455,1598754353,C++,C++ (GCC 9.2.1),cpp,Accepted,72.0,6736.0,393,
s021007968,p02572,u188234324,1598754226,C++,C++ (GCC 9.2.1),cpp,Accepted,39.0,6884.0,412,
s938693862,p02572,u534249406,1598754175,C++,C++ (GCC 9.2.1),cpp,Accepted,70.0,3988.0,591,
s579666585,p02572,u740800156,1598754168,C++,C++ (GCC 9.2.1),cpp,Accepted,35.0,5220.0,1860,
s392141278,p02572,u703362211,1598754146,C++,C++ (GCC 9.2.1),cpp,Accepted,36.0,6364.0,1639,
s611789929,p02572,u534249406,1598753965,C++,C++ (GCC 9.2.1),cpp,Accepted,74.0,4052.0,614,
s306353863,p02572,u534249406,1598753780,C++,C++ (GCC 9.2.1),cpp,Accepted,73.0,3968.0,560,
s770302344,p02572,u534249406,1598753693,C++,C++ (GCC 9.2.1),cpp,Accepted,70.0,4052.0,555,
s428071898,p02572,u625548433,1598753642,C++,C++ (GCC 9.2.1),cpp,Accepted,38.0,6364.0,1229,
s718451416,p02572,u761739798,1598753604,C++,C++ (GCC 9.2.1),cpp,Accepted,33.0,6760.0,581,
s067341103,p02572,u534249406,1598753598,C++,C++ (GCC 9.2.1),cpp,Accepted,75.0,4024.0,611,
s206048664,p02572,u707145750,1598753588,Python,Python (3.8.2),py,Accepted,207.0,36068.0,306,
s539381030,p02572,u280329066,1598753566,C++,C++ (GCC 9.2.1),cpp,Accepted,38.0,6732.0,947,
s840874066,p02572,u731566764,1598753565,C++,C++ (GCC 9.2.1),cpp,Accepted,36.0,6376.0,592,
s108253011,p02572,u397384480,1598753306,Python,PyPy3 (7.3.0),py,Accepted,110.0,105284.0,193,
s817334697,p02572,u802699920,1598753282,C++,C++ (GCC 9.2.1),cpp,Accepted,38.0,5292.0,1888,
s848636772,p02572,u649735745,1598753084,C++,C++ (GCC 9.2.1),cpp,Accepted,74.0,5188.0,715,
s710346107,p02572,u534249406,1598752995,C++,C++ (GCC 9.2.1),cpp,Accepted,75.0,4784.0,605,
s588105800,p02572,u682622409,1598752932,C++,C++ (GCC 9.2.1),cpp,Accepted,35.0,5216.0,765,
s637028083,p02572,u838245612,1598752699,C++,C++ (GCC 9.2.1),cpp,Accepted,72.0,5152.0,445,
s066861096,p02572,u446371873,1598752578,Python,Python (3.8.2),py,Accepted,131.0,31532.0,153,
s498449243,p02572,u460690268,1598752536,C++,C++ (GCC 9.2.1),cpp,Accepted,37.0,5952.0,1374,
s550913466,p02572,u952483760,1598752469,C++,C++ (GCC 9.2.1),cpp,Accepted,29.0,4440.0,513,
s055340308,p02572,u460690268,1598752198,C++,C++ (GCC 9.2.1),cpp,Accepted,35.0,5988.0,1345,
s898486148,p02572,u084466852,1598752193,C++,C++ (GCC 9.2.1),cpp,Accepted,34.0,6764.0,1950,
s536528529,p02572,u526557443,1598752054,C++,C++ (GCC 9.2.1),cpp,Accepted,40.0,8276.0,1065,
s138904695,p02572,u553691800,1598751942,C++,C++ (GCC 9.2.1),cpp,Accepted,41.0,6772.0,1630,
s598815318,p02572,u859125915,1598751939,C++,C++ (GCC 9.2.1),cpp,Accepted,74.0,4832.0,940,
s811533344,p02572,u466758503,1598751930,C++,C++ (GCC 9.2.1),cpp,Accepted,37.0,5376.0,1123,
s516805092,p02572,u585787446,1598751856,C++,C++ (GCC 9.2.1),cpp,Accepted,33.0,3608.0,1367,
s771146297,p02572,u585787446,1598751793,C++,C++ (GCC 9.2.1),cpp,Accepted,30.0,3656.0,1369,
s146749648,p02572,u994990507,1598751573,C++,C++ (GCC 9.2.1),cpp,Accepted,40.0,6680.0,757,
s264269589,p02572,u603846802,1598751552,C++,C++ (GCC 9.2.1),cpp,Accepted,36.0,6744.0,1608,
s208237155,p02572,u719790500,1598751527,C++,C++ (GCC 9.2.1),cpp,Accepted,76.0,4056.0,574,
s433487892,p02572,u330343597,1598751441,C++,C++ (GCC 9.2.1),cpp,Accepted,33.0,5300.0,403,
s407252154,p02572,u598701818,1598751396,C++,C++ (GCC 9.2.1),cpp,Accepted,82.0,6656.0,533,
s525902443,p02572,u013617325,1598751154,Python,Python (3.8.2),py,Accepted,161.0,44472.0,820,
s160384047,p02572,u070748981,1598751141,C++,C++ (GCC 9.2.1),cpp,Accepted,76.0,5180.0,344,
s147037609,p02572,u853801469,1598751090,C++,C++ (GCC 9.2.1),cpp,Accepted,76.0,6744.0,406,
s966959901,p02572,u013345230,1598751087,C++,C++ (GCC 9.2.1),cpp,Accepted,76.0,6364.0,402,
s584405139,p02572,u070748981,1598751052,C++,C++ (GCC 9.2.1),cpp,Accepted,71.0,5140.0,383,
s482548896,p02572,u968166680,1598750995,Python,PyPy3 (7.3.0),py,Accepted,120.0,110560.0,460,
s242749899,p02572,u461993794,1598750965,Python,PyPy3 (7.3.0),py,Accepted,128.0,107440.0,223,
s944133662,p02572,u942759153,1598750882,C++,C++ (GCC 9.2.1),cpp,Accepted,39.0,6344.0,2360,
s575812416,p02572,u968166680,1598750814,Python,PyPy3 (7.3.0),py,Accepted,140.0,110556.0,421,
s526905959,p02572,u892166393,1598750802,Python,Python (3.8.2),py,Accepted,133.0,31440.0,155,
s863833189,p02572,u991542950,1598750770,Python,Python (3.8.2),py,Accepted,116.0,31468.0,207,
s127943382,p02572,u070748981,1598750627,C++,C++ (GCC 9.2.1),cpp,Accepted,73.0,5180.0,383,
s430890169,p02572,u070748981,1598750591,C++,C++ (GCC 9.2.1),cpp,Accepted,75.0,5120.0,383,
s958548788,p02572,u060049558,1598750569,C++,C++ (GCC 9.2.1),cpp,Accepted,34.0,6788.0,1089,
s209423532,p02572,u236194858,1598750376,C++,C++ (GCC 9.2.1),cpp,Accepted,35.0,6376.0,3029,
s793650121,p02572,u443514411,1598750336,C++,C++ (GCC 9.2.1),cpp,Accepted,41.0,4780.0,1475,
s758459507,p02572,u456731505,1598750323,C++,C++ (GCC 9.2.1),cpp,Accepted,43.0,5208.0,502,
s230972757,p02572,u597455618,1598750303,Python,Python (3.8.2),py,Accepted,165.0,29316.0,269,
s600116737,p02572,u901144784,1598750248,Python,Python (3.8.2),py,Accepted,199.0,31444.0,221,
s989622807,p02572,u173178698,1598750205,Python,Python (3.8.2),py,Accepted,162.0,31416.0,322,
s875960106,p02572,u991542950,1598750149,Python,PyPy3 (7.3.0),py,Accepted,109.0,105436.0,241,
s376393912,p02572,u884028773,1598750125,C++,C++ (GCC 9.2.1),cpp,Accepted,72.0,4056.0,441,
s732606321,p02572,u107750531,1598750068,C++,C++ (GCC 9.2.1),cpp,Accepted,40.0,5384.0,778,
s374551967,p02572,u033642300,1598750067,Python,Python (3.8.2),py,Accepted,128.0,31644.0,213,
s054705796,p02572,u169212791,1598750060,C++,C++ (GCC 9.2.1),cpp,Accepted,74.0,4800.0,503,
s278700468,p02572,u991542950,1598750003,Python,PyPy3 (7.3.0),py,Accepted,119.0,105292.0,205,
s377224753,p02572,u786638992,1598749997,C++,C++ (GCC 9.2.1),cpp,Accepted,36.0,6372.0,4926,
s754473237,p02572,u884028773,1598749807,C++,C++ (GCC 9.2.1),cpp,Accepted,73.0,4052.0,543,
s266398244,p02572,u116414670,1598749728,C++,C++ (GCC 9.2.1),cpp,Accepted,34.0,5212.0,591,
s291263654,p02572,u174509352,1598749727,C++,C++ (GCC 9.2.1),cpp,Accepted,36.0,5180.0,2700,
s160573968,p02572,u172748267,1598749679,Python,Python (3.8.2),py,Accepted,135.0,31584.0,130,
s354544366,p02572,u672995180,1598749598,C++,C++ (GCC 9.2.1),cpp,Accepted,74.0,4852.0,997,
s133902306,p02572,u132364782,1598749582,C++,C++ (GCC 9.2.1),cpp,Accepted,76.0,4840.0,500,
s637592340,p02572,u132364782,1598749407,C++,C++ (GCC 9.2.1),cpp,Accepted,70.0,4836.0,529,
s790724546,p02572,u558828140,1598749389,C++,C++ (GCC 9.2.1),cpp,Accepted,74.0,5144.0,344,
s899162505,p02572,u024972190,1598749350,C++,C++ (GCC 9.2.1),cpp,Accepted,74.0,6764.0,4035,
s120617777,p02572,u065641642,1598749346,C++,C++ (GCC 9.2.1),cpp,Accepted,34.0,3660.0,362,
s044750855,p02572,u884028773,1598749305,C++,C++ (GCC 9.2.1),cpp,Accepted,75.0,4828.0,551,
s675686337,p02572,u399772009,1598749149,C++,C++ (GCC 9.2.1),cpp,Accepted,36.0,6372.0,717,
s005538935,p02572,u858107870,1598749014,C++,C++ (GCC 9.2.1),cpp,Accepted,51.0,6096.0,4254,
s836411670,p02572,u257974487,1598748972,Python,Python (3.8.2),py,Accepted,153.0,31556.0,168,
s178315194,p02572,u865613237,1598748941,C++,C++ (GCC 9.2.1),cpp,Accepted,35.0,4764.0,1619,
s070828491,p02572,u858107870,1598748935,C++,C++ (GCC 9.2.1),cpp,Accepted,52.0,9012.0,4251,
s783188100,p02572,u055300647,1598748890,C++,C++ (GCC 9.2.1),cpp,Accepted,34.0,3828.0,2197,
s544201292,p02572,u858107870,1598748884,C++,C++ (GCC 9.2.1),cpp,Accepted,53.0,9004.0,4239,
s543152437,p02572,u045289115,1598748796,C++,C++ (GCC 9.2.1),cpp,Accepted,78.0,3576.0,204,
s930962971,p02572,u539692012,1598748753,Python,Python (3.8.2),py,Accepted,115.0,25132.0,75,
s856600391,p02572,u405337522,1598748752,C++,C++ (GCC 9.2.1),cpp,Accepted,36.0,4784.0,2957,
s335171792,p02572,u480527921,1598748719,C++,C++ (GCC 9.2.1),cpp,Accepted,38.0,6776.0,1596,
s422011068,p02572,u145097133,1598748706,C++,C++ (GCC 9.2.1),cpp,Accepted,39.0,4784.0,898,
s572934159,p02572,u712429027,1598748679,C++,C++ (GCC 9.2.1),cpp,Accepted,35.0,4424.0,410,
s198656755,p02572,u260228177,1598748637,C++,C++ (Clang 10.0.0),cpp,Accepted,156.0,3968.0,417,
s591545688,p02572,u852154571,1598748629,Python,PyPy3 (7.3.0),py,Accepted,173.0,111912.0,313,
s238102203,p02572,u858107870,1598748626,C++,C++ (GCC 9.2.1),cpp,Accepted,52.0,9008.0,3912,
s478729947,p02572,u539692012,1598748570,Python,Python (3.8.2),py,Accepted,104.0,25200.0,76,
s198917495,p02572,u260228177,1598748557,C++,C++ (Clang 10.0.0),cpp,Accepted,156.0,4756.0,405,
s613505960,p02572,u224216923,1598748456,C++,C++ (GCC 9.2.1),cpp,Accepted,73.0,5188.0,301,
s537027637,p02572,u309753263,1598748436,C++,C++ (GCC 9.2.1),cpp,Accepted,35.0,3628.0,1208,
s254534622,p02572,u802314661,1598748421,C++,C++ (GCC 9.2.1),cpp,Accepted,71.0,6372.0,487,
s802001142,p02572,u767358239,1598748369,C++,C++ (GCC 9.2.1),cpp,Accepted,37.0,4840.0,953,
s842395447,p02572,u193330108,1598748280,C++,C++ (GCC 9.2.1),cpp,Accepted,80.0,6752.0,1352,
s460704564,p02572,u145097133,1598748274,C++,C++ (GCC 9.2.1),cpp,Accepted,33.0,4788.0,3088,
s393710439,p02572,u429029348,1598748215,Python,Python (3.8.2),py,Accepted,147.0,31500.0,183,
s657866421,p02572,u062680260,1598748140,C++,C++ (GCC 9.2.1),cpp,Accepted,76.0,4776.0,824,
s471943200,p02572,u806692883,1598748128,C++,C++ (GCC 9.2.1),cpp,Accepted,71.0,3996.0,390,
s697137655,p02572,u198422089,1598747992,C++,C++ (GCC 9.2.1),cpp,Accepted,36.0,6372.0,559,
s095242980,p02572,u207582576,1598747923,Python,Python (3.8.2),py,Accepted,125.0,31704.0,158,
s345159890,p02572,u402887661,1598747840,C++,C++ (GCC 9.2.1),cpp,Accepted,74.0,6704.0,613,
s833402122,p02572,u620243078,1598747780,C++,C++ (GCC 9.2.1),cpp,Accepted,74.0,4780.0,1077,
s259137917,p02572,u623391301,1598747749,C++,C++ (GCC 9.2.1),cpp,Accepted,69.0,4780.0,426,
s577668648,p02572,u402887661,1598747639,C++,C++ (GCC 9.2.1),cpp,Accepted,72.0,6696.0,619,
s509526794,p02572,u444398697,1598747430,Python,Python (3.8.2),py,Accepted,163.0,31632.0,264,
s673307728,p02572,u703253520,1598747327,C++,C++ (GCC 9.2.1),cpp,Accepted,36.0,5960.0,803,
s346456793,p02572,u159548042,1598747298,C++,C++ (GCC 9.2.1),cpp,Accepted,35.0,6368.0,664,
s234087259,p02572,u917972976,1598747273,C++,C++ (GCC 9.2.1),cpp,Accepted,43.0,5640.0,5435,
s337262298,p02572,u994990507,1598747239,C++,C++ (GCC 9.2.1),cpp,Accepted,38.0,5224.0,1309,
s010287059,p02572,u295720435,1598747105,C++,C++ (Clang 10.0.0),cpp,Accepted,151.0,4352.0,1128,
s876329620,p02572,u599895318,1598746885,C++,C++ (GCC 9.2.1),cpp,Accepted,76.0,6412.0,2480,
s259262973,p02572,u490218014,1598746780,C++,C++ (GCC 9.2.1),cpp,Accepted,75.0,5208.0,306,
s662535482,p02572,u655630568,1598746738,C++,C++ (GCC 9.2.1),cpp,Accepted,78.0,6420.0,429,
s135931475,p02572,u309120194,1598746692,Python,Python (3.8.2),py,Accepted,198.0,31436.0,359,
s996185253,p02572,u585018056,1598746576,C++,C++ (GCC 9.2.1),cpp,Accepted,75.0,6428.0,452,
s657501861,p02572,u431231854,1598746490,C++,C++ (GCC 9.2.1),cpp,Accepted,34.0,3652.0,826,
s217559033,p02572,u430409062,1598746429,C++,C++ (GCC 9.2.1),cpp,Accepted,37.0,6376.0,669,
s203576930,p02572,u968166680,1598746424,Python,PyPy3 (7.3.0),py,Accepted,148.0,110432.0,461,
s911987075,p02572,u256901785,1598746350,C++,C++ (GCC 9.2.1),cpp,Accepted,33.0,6356.0,2394,
s418089252,p02572,u204010129,1598746232,Python,Python (3.8.2),py,Accepted,184.0,31332.0,417,
s734689166,p02572,u974882644,1598746198,C++,C++ (GCC 9.2.1),cpp,Accepted,78.0,3608.0,404,
s705336802,p02572,u674078161,1598746136,C++,C++ (GCC 9.2.1),cpp,Accepted,38.0,6728.0,828,
s889847362,p02572,u325282913,1598746087,Python,PyPy3 (7.3.0),py,Accepted,131.0,105272.0,240,
s722926839,p02572,u309120194,1598746072,Python,Python (3.8.2),py,Accepted,150.0,31412.0,312,
s286626791,p02572,u974882644,1598746067,C++,C++ (GCC 9.2.1),cpp,Accepted,73.0,3592.0,403,
s085323132,p02572,u011594411,1598746023,C++,C++ (GCC 9.2.1),cpp,Accepted,35.0,3964.0,497,
s027166395,p02572,u380762346,1598746022,C++,C++ (GCC 9.2.1),cpp,Accepted,35.0,6672.0,468,
s660977963,p02572,u325282913,1598745948,Python,PyPy3 (7.3.0),py,Accepted,133.0,105124.0,308,
s046582380,p02572,u309120194,1598745885,Python,Python (3.8.2),py,Accepted,154.0,31644.0,237,
s008285596,p02572,u336501507,1598745882,C++,C++ (GCC 9.2.1),cpp,Accepted,38.0,6420.0,4273,
s782738131,p02572,u517348254,1598745861,Python,Python (3.8.2),py,Accepted,110.0,31568.0,207,
s259736990,p02572,u606045429,1598745858,Python,Python (3.8.2),py,Accepted,85.0,31676.0,133,
s063903862,p02572,u999989620,1598745809,C++,C++ (GCC 9.2.1),cpp,Accepted,78.0,6360.0,482,
s693820384,p02572,u475479459,1598745701,C++,C++ (GCC 9.2.1),cpp,Accepted,33.0,4760.0,732,
s605870078,p02572,u800058906,1598745701,Python,Python (3.8.2),py,Accepted,128.0,31612.0,133,
s136118012,p02572,u490218014,1598745691,C++,C++ (GCC 9.2.1),cpp,Accepted,75.0,5132.0,381,
s596022034,p02572,u248418051,1598745657,Python,PyPy3 (7.3.0),py,Accepted,127.0,105360.0,258,
s346250314,p02572,u575822012,1598745642,C++,C++ (GCC 9.2.1),cpp,Accepted,73.0,5556.0,479,
s200049637,p02572,u724549242,1598745617,Python,Python (3.8.2),py,Accepted,210.0,31408.0,234,
s964202963,p02572,u684743124,1598745583,Python,Python (3.8.2),py,Accepted,105.0,31564.0,147,
s876698398,p02572,u186370466,1598745569,C++,C++ (GCC 9.2.1),cpp,Accepted,35.0,6328.0,934,
s376545213,p02572,u124605948,1598745555,Python,Python (3.8.2),py,Accepted,121.0,31760.0,146,
s290470221,p02572,u171400122,1598745479,C++,C++ (GCC 9.2.1),cpp,Accepted,73.0,3564.0,396,
s780000362,p02572,u805338620,1598745474,C++,C++ (GCC 9.2.1),cpp,Accepted,82.0,3624.0,704,
s494223950,p02572,u191491133,1598745394,Python,Python (3.8.2),py,Accepted,101.0,31532.0,148,
s365524730,p02572,u154574371,1598745344,C++,C++ (GCC 9.2.1),cpp,Accepted,17.0,7056.0,6806,
s126255999,p02572,u064359585,1598745324,C++,C++ (GCC 9.2.1),cpp,Accepted,70.0,4824.0,776,
s436173802,p02572,u000120715,1598745318,C++,C++ (GCC 9.2.1),cpp,Accepted,73.0,3596.0,281,
s143209167,p02572,u810792656,1598745181,C++,C++ (GCC 9.2.1),cpp,Accepted,71.0,5136.0,858,
s696802140,p02572,u566869069,1598745143,C++,C++ (GCC 9.2.1),cpp,Accepted,33.0,4784.0,561,
s345960711,p02572,u553623615,1598745140,C++,C++ (GCC 9.2.1),cpp,Accepted,32.0,3644.0,3221,
s044023890,p02572,u842939260,1598745039,C++,C++ (GCC 9.2.1),cpp,Accepted,36.0,4768.0,4758,
s450198706,p02572,u851965109,1598745022,C++,C++ (GCC 9.2.1),cpp,Accepted,40.0,6156.0,443,
s484376080,p02572,u006728642,1598745013,Python,Python (3.8.2),py,Accepted,95.0,31568.0,131,
s041082230,p02572,u068098242,1598744894,C++,C++ (GCC 9.2.1),cpp,Accepted,34.0,5996.0,758,
s986442056,p02572,u497411707,1598744764,C++,C++ (GCC 9.2.1),cpp,Accepted,34.0,4756.0,673,
s542152634,p02572,u071304940,1598744755,C++,C++ (GCC 9.2.1),cpp,Accepted,76.0,6404.0,540,
s672466548,p02572,u937618939,1598744714,C++,C++ (GCC 9.2.1),cpp,Accepted,76.0,7932.0,922,
s038898141,p02572,u248418051,1598744690,Python,PyPy3 (7.3.0),py,Accepted,104.0,82716.0,386,
s410919542,p02572,u931567479,1598744688,C++,C++ (GCC 9.2.1),cpp,Accepted,38.0,3992.0,500,
s993348613,p02572,u463295948,1598744669,C++,C++ (GCC 9.2.1),cpp,Accepted,34.0,6372.0,24770,
s051241418,p02572,u049652688,1598744668,C++,C++ (GCC 9.2.1),cpp,Accepted,74.0,6440.0,783,
s801003283,p02572,u039734738,1598744658,C++,C++ (GCC 9.2.1),cpp,Accepted,74.0,6404.0,1477,
s036383307,p02572,u648868410,1598744602,Python,Python (3.8.2),py,Accepted,151.0,31356.0,216,
s455721866,p02572,u458224363,1598744555,C++,C++ (GCC 9.2.1),cpp,Accepted,70.0,5204.0,519,
s073299353,p02572,u648868410,1598744423,Python,Python (3.8.2),py,Accepted,1106.0,32936.0,849,
s929614238,p02572,u801926758,1598744387,C++,C++ (GCC 9.2.1),cpp,Accepted,36.0,6364.0,921,
s415809102,p02572,u153696879,1598744159,C++,C++ (GCC 9.2.1),cpp,Accepted,33.0,4772.0,3792,
s882231800,p02572,u497411707,1598744130,C++,C++ (GCC 9.2.1),cpp,Accepted,34.0,4704.0,656,
s453823442,p02572,u521896371,1598744128,C++,C++ (GCC 9.2.1),cpp,Accepted,79.0,7992.0,630,
s821370602,p02572,u915582296,1598744023,C++,C++ (GCC 9.2.1),cpp,Accepted,75.0,4416.0,1102,
s596867200,p02572,u859527025,1598743959,C++,C++ (GCC 9.2.1),cpp,Accepted,73.0,5176.0,408,
s348954154,p02572,u241581706,1598743923,C++,C++ (GCC 9.2.1),cpp,Accepted,80.0,4828.0,470,
s112852722,p02572,u757117214,1598743912,Python,Python (3.8.2),py,Accepted,133.0,31476.0,170,
s096716329,p02572,u781317830,1598743899,C++,C++ (GCC 9.2.1),cpp,Accepted,72.0,3980.0,558,
s401539334,p02572,u196471026,1598743898,C++,C++ (GCC 9.2.1),cpp,Accepted,75.0,5616.0,1083,
s304091568,p02572,u911316809,1598743868,C++,C++ (GCC 9.2.1),cpp,Accepted,34.0,3760.0,453,
s419350456,p02572,u780122303,1598743856,C++,C++ (GCC 9.2.1),cpp,Accepted,69.0,3640.0,1169,
s091846350,p02572,u968580153,1598743852,C++,C++ (GCC 9.2.1),cpp,Accepted,35.0,3636.0,2275,
s885853246,p02572,u302818391,1598743820,C++,C++ (GCC 9.2.1),cpp,Accepted,75.0,3996.0,439,
s947667408,p02572,u961825887,1598743633,C++,C++ (GCC 9.2.1),cpp,Accepted,74.0,5192.0,368,
s153895484,p02572,u517797706,1598743600,Python,Python (3.8.2),py,Accepted,96.0,31560.0,225,
s622631130,p02572,u739833798,1598743590,C++,C++ (GCC 9.2.1),cpp,Accepted,35.0,4688.0,572,
s775943827,p02572,u511397595,1598743508,C++,C++ (GCC 9.2.1),cpp,Accepted,38.0,12700.0,823,
s872296007,p02572,u155086675,1598743456,C++,C++ (GCC 9.2.1),cpp,Accepted,43.0,5224.0,519,
s806285711,p02572,u272632379,1598743434,C++,C++ (GCC 9.2.1),cpp,Accepted,78.0,6416.0,465,
s826948080,p02572,u157433024,1598743421,C++,C++ (GCC 9.2.1),cpp,Accepted,79.0,6416.0,1980,
s568425587,p02572,u344378347,1598743410,C++,C++ (GCC 9.2.1),cpp,Accepted,74.0,5196.0,785,
s887511145,p02572,u840105874,1598743287,C++,C++ (GCC 9.2.1),cpp,Accepted,78.0,6392.0,1028,
s098459483,p02572,u863957421,1598743283,C++,C++ (GCC 9.2.1),cpp,Accepted,79.0,5568.0,491,
s803268493,p02572,u549579601,1598743269,Python,PyPy3 (7.3.0),py,Accepted,128.0,94104.0,205,
s654781263,p02572,u283661333,1598743263,C++,C++ (GCC 9.2.1),cpp,Accepted,33.0,4788.0,6790,
s066421916,p02572,u261103969,1598743241,Python,PyPy3 (7.3.0),py,Accepted,113.0,104920.0,678,
s581367917,p02572,u939790872,1598743152,Python,PyPy3 (7.3.0),py,Accepted,140.0,102244.0,248,
s687544941,p02572,u939790872,1598743106,Python,Python (3.8.2),py,Accepted,180.0,31756.0,248,
s546199585,p02572,u425436575,1598743061,C++,C++ (GCC 9.2.1),cpp,Accepted,34.0,5208.0,769,
s219141028,p02572,u422969030,1598743051,C++,C++ (GCC 9.2.1),cpp,Accepted,34.0,3972.0,2854,
s524445828,p02572,u029399657,1598743022,Python,PyPy3 (7.3.0),py,Accepted,317.0,94076.0,143,
s279172125,p02572,u084949493,1598742832,C++,C++ (GCC 9.2.1),cpp,Accepted,73.0,6388.0,964,
s351921359,p02572,u428805520,1598742766,C++,C++ (GCC 9.2.1),cpp,Accepted,33.0,4772.0,2419,
s786302694,p02572,u612071987,1598742678,C++,C++ (GCC 9.2.1),cpp,Accepted,77.0,4840.0,753,
s732122024,p02572,u520069392,1598742657,C++,C++ (GCC 9.2.1),cpp,Accepted,36.0,4776.0,3103,
s624303733,p02572,u089481820,1598742637,C++,C++ (GCC 9.2.1),cpp,Accepted,72.0,6384.0,1648,
s294359509,p02572,u135626132,1598742608,C++,C++ (GCC 9.2.1),cpp,Accepted,79.0,4732.0,2245,
s111557878,p02572,u756880921,1598742599,C++,C++ (GCC 9.2.1),cpp,Accepted,39.0,4764.0,3478,
s655014586,p02572,u223904637,1598742406,Python,Python (3.8.2),py,Accepted,166.0,31700.0,171,
s413063997,p02572,u091870478,1598742347,C++,C++ (GCC 9.2.1),cpp,Accepted,76.0,5172.0,564,
s087729937,p02572,u367965715,1598742314,Python,Python (3.8.2),py,Accepted,169.0,31124.0,251,
s998735033,p02572,u572073783,1598742257,C++,C++ (GCC 9.2.1),cpp,Accepted,37.0,8712.0,2051,
s778416741,p02572,u724767603,1598742246,C++,C++ (GCC 9.2.1),cpp,Accepted,80.0,5620.0,1052,
s702656411,p02572,u560156780,1598742198,C++,C++ (GCC 9.2.1),cpp,Accepted,40.0,4636.0,430,
s502169556,p02572,u489823438,1598742198,C++,C++ (GCC 9.2.1),cpp,Accepted,71.0,6420.0,1647,
s388187635,p02572,u890894213,1598742187,C++,C++ (GCC 9.2.1),cpp,Accepted,83.0,5188.0,433,
s902073334,p02572,u343235528,1598742178,C++,C++ (GCC 9.2.1),cpp,Accepted,73.0,5160.0,435,
s308083926,p02572,u167993508,1598742164,Python,Python (3.8.2),py,Accepted,171.0,31444.0,199,
s832778205,p02572,u155526063,1598742155,C++,C++ (GCC 9.2.1),cpp,Accepted,35.0,5228.0,498,
s194755608,p02572,u560156780,1598742124,C++,C++ (GCC 9.2.1),cpp,Accepted,38.0,4692.0,433,
s502573721,p02572,u560156780,1598742106,C++,C++ (GCC 9.2.1),cpp,Accepted,39.0,4660.0,433,
s764926227,p02572,u955610038,1598742079,C++,C++ (GCC 9.2.1),cpp,Accepted,74.0,4828.0,1091,
s891817249,p02572,u634046173,1598742038,Python,PyPy3 (7.3.0),py,Accepted,113.0,94404.0,133,
s597872755,p02572,u417587363,1598741970,C++,C++ (GCC 9.2.1),cpp,Accepted,36.0,5192.0,563,
s548229234,p02572,u022314541,1598741942,C++,C++ (GCC 9.2.1),cpp,Accepted,35.0,5160.0,711,
s723630642,p02572,u614496636,1598741931,C++,C++ (GCC 9.2.1),cpp,Accepted,74.0,5116.0,635,
s715465275,p02572,u489823438,1598741861,C++,C++ (GCC 9.2.1),cpp,Accepted,77.0,6300.0,646,
s054368005,p02572,u452364593,1598741856,C++,C++ (GCC 9.2.1),cpp,Accepted,35.0,3992.0,4363,
s910826411,p02572,u939132000,1598741849,Python,Python (3.8.2),py,Accepted,164.0,31352.0,215,
s039756917,p02572,u343235528,1598741815,C++,C++ (GCC 9.2.1),cpp,Accepted,76.0,5136.0,430,
s768764399,p02572,u272525952,1598741740,Python,PyPy3 (7.3.0),py,Accepted,110.0,105224.0,136,
s852320517,p02572,u437824659,1598741737,C++,C++ (GCC 9.2.1),cpp,Accepted,70.0,5332.0,547,
s377836638,p02572,u157363264,1598741726,C++,C++ (GCC 9.2.1),cpp,Accepted,83.0,6408.0,440,
s976453042,p02572,u475358976,1598741711,C++,C++ (GCC 9.2.1),cpp,Accepted,594.0,6756.0,733,
s082378837,p02572,u560156780,1598741593,C++,C++ (GCC 9.2.1),cpp,Accepted,40.0,4676.0,429,
s268855167,p02572,u503080601,1598741582,C++,C++ (GCC 9.2.1),cpp,Accepted,80.0,6368.0,1014,
s388881806,p02572,u559315737,1598741576,Python,Python (3.8.2),py,Accepted,190.0,31588.0,216,
s237633113,p02572,u367131219,1598741505,C++,C++ (GCC 9.2.1),cpp,Accepted,75.0,3964.0,401,
s311200198,p02572,u718536599,1598741482,Python,Python (3.8.2),py,Accepted,141.0,31528.0,197,
s841374305,p02572,u437824659,1598741442,C++,C++ (GCC 9.2.1),cpp,Accepted,75.0,5304.0,553,
s433340582,p02572,u130958693,1598741389,C++,C++ (GCC 9.2.1),cpp,Accepted,32.0,6372.0,1140,
s470362237,p02572,u489418120,1598741349,C++,C++ (GCC 9.2.1),cpp,Accepted,40.0,4764.0,5040,
s660394082,p02572,u651635139,1598741280,Python,Python (3.8.2),py,Accepted,158.0,31584.0,205,
s088637820,p02572,u507926155,1598741278,C++,C++ (GCC 9.2.1),cpp,Accepted,33.0,5332.0,447,
s543306273,p02572,u437824659,1598741266,C++,C++ (GCC 9.2.1),cpp,Accepted,75.0,5324.0,561,
s537060943,p02572,u998287969,1598741256,C++,C++ (GCC 9.2.1),cpp,Accepted,71.0,6404.0,564,
s939503071,p02572,u936579409,1598741233,C++,C++ (GCC 9.2.1),cpp,Accepted,75.0,4048.0,275,
s702451447,p02572,u876754484,1598741182,Python,Python (3.8.2),py,Accepted,169.0,31608.0,387,
s150858897,p02572,u701513230,1598741164,Python,Python (3.8.2),py,Accepted,132.0,31504.0,150,
s941575855,p02572,u325311081,1598741156,C++,C++ (GCC 9.2.1),cpp,Accepted,76.0,3924.0,405,
s358271568,p02572,u896053584,1598741137,C++,C++ (GCC 9.2.1),cpp,Accepted,70.0,5636.0,336,
s365958952,p02572,u562016607,1598741134,Python,Python (3.8.2),py,Accepted,105.0,31560.0,142,
s045214752,p02572,u006684434,1598741073,C++,C++ (GCC 9.2.1),cpp,Accepted,79.0,6424.0,431,
s964862415,p02572,u006785216,1598741072,C++,C++ (GCC 9.2.1),cpp,Accepted,32.0,4772.0,2129,
s281856649,p02572,u787792408,1598741028,Python,PyPy3 (7.3.0),py,Accepted,124.0,105424.0,182,
s809605083,p02572,u313154108,1598741003,C++,C++ (GCC 9.2.1),cpp,Accepted,35.0,3964.0,434,
s406601115,p02572,u735442180,1598740984,C++,C++ (GCC 9.2.1),cpp,Accepted,46.0,12672.0,2254,
s246941069,p02572,u101652057,1598740928,C++,C++ (GCC 9.2.1),cpp,Accepted,79.0,6724.0,2537,
s396012801,p02572,u193531930,1598740893,C++,C++ (GCC 9.2.1),cpp,Accepted,36.0,6320.0,769,
s260605496,p02572,u661923571,1598740883,C++,C++ (GCC 9.2.1),cpp,Accepted,38.0,4392.0,478,
s636411304,p02572,u378192507,1598740874,C++,C++ (GCC 9.2.1),cpp,Accepted,77.0,6388.0,550,
s793413488,p02572,u437633151,1598740864,C++,C++ (GCC 9.2.1),cpp,Accepted,79.0,5576.0,982,
s564142279,p02572,u898651494,1598740829,C++,C++ (GCC 9.2.1),cpp,Accepted,67.0,43596.0,7202,
s918175313,p02572,u790716485,1598740794,C++,C++ (GCC 9.2.1),cpp,Accepted,42.0,5380.0,1210,
s939764048,p02572,u766262621,1598740786,Python,Python (3.8.2),py,Accepted,138.0,31540.0,154,
s828821552,p02572,u807585808,1598740770,C++,C++ (GCC 9.2.1),cpp,Accepted,35.0,3968.0,3585,
s092329085,p02572,u006684434,1598740719,C++,C++ (GCC 9.2.1),cpp,Accepted,73.0,5596.0,519,
s207228467,p02572,u757361295,1598740717,C++,C++ (GCC 9.2.1),cpp,Accepted,74.0,3556.0,2018,
s000659084,p02572,u371350984,1598740597,Python,Python (3.8.2),py,Accepted,143.0,31644.0,149,
s869335951,p02572,u902816236,1598740566,C++,C++ (GCC 9.2.1),cpp,Accepted,74.0,5144.0,575,
s412587612,p02572,u586567203,1598740523,C++,C++ (GCC 9.2.1),cpp,Accepted,35.0,5248.0,990,
s642824852,p02572,u887297287,1598740510,C++,C++ (GCC 9.2.1),cpp,Accepted,35.0,6356.0,2576,
s364488935,p02572,u903396129,1598740452,Python,Python (3.8.2),py,Accepted,177.0,31396.0,190,
s286912751,p02572,u382032245,1598740403,C++,C++ (GCC 9.2.1),cpp,Accepted,43.0,6348.0,577,
s258573847,p02572,u581187895,1598740317,Python,Python (3.8.2),py,Accepted,133.0,31528.0,321,
s068914265,p02572,u969242672,1598740253,C++,C++ (GCC 9.2.1),cpp,Accepted,74.0,5160.0,354,
s850709164,p02572,u521919054,1598740218,Python,Python (3.8.2),py,Accepted,204.0,31444.0,246,
s442470314,p02572,u748712781,1598740210,C++,C++ (GCC 9.2.1),cpp,Accepted,76.0,6396.0,1099,
s060084110,p02572,u827261928,1598740127,Python,PyPy3 (7.3.0),py,Accepted,119.0,105376.0,140,
s079803198,p02572,u883297128,1598740115,C++,C++ (GCC 9.2.1),cpp,Accepted,80.0,6404.0,488,
s276279575,p02572,u812745481,1598740056,C++,C++ (GCC 9.2.1),cpp,Accepted,33.0,5220.0,1420,
s067353262,p02572,u726869566,1598740050,C++,C++ (GCC 9.2.1),cpp,Accepted,34.0,5188.0,1726,
s992806522,p02572,u299377613,1598740024,C++,C++ (GCC 9.2.1),cpp,Accepted,36.0,3992.0,1480,
s573771098,p02572,u638353713,1598740011,Python,Python (3.8.2),py,Accepted,141.0,31576.0,167,
s309435122,p02572,u240258562,1598740009,C++,C++ (GCC 9.2.1),cpp,Accepted,33.0,4792.0,945,
s893642056,p02572,u416759946,1598739989,C++,C++ (GCC 9.2.1),cpp,Accepted,32.0,5172.0,546,
s643834988,p02572,u437831898,1598739983,C++,C++ (GCC 9.2.1),cpp,Accepted,76.0,4780.0,485,
s075081275,p02572,u437831898,1598739971,C++,C++ (GCC 9.2.1),cpp,Accepted,71.0,4832.0,594,
s064431483,p02572,u935984175,1598739965,Python,PyPy3 (7.3.0),py,Accepted,120.0,105344.0,333,
s157317720,p02572,u240258562,1598739922,C++,C++ (GCC 9.2.1),cpp,Accepted,36.0,4780.0,931,
s748308539,p02572,u526630579,1598739920,C++,C++ (GCC 9.2.1),cpp,Accepted,70.0,3640.0,299,
s799093013,p02572,u163320134,1598739897,Python,Python (3.8.2),py,Accepted,126.0,31392.0,214,
s973999071,p02572,u534396363,1598739896,C++,C++ (GCC 9.2.1),cpp,Accepted,35.0,6372.0,2735,
s055031175,p02572,u184060517,1598739868,C++,C++ (GCC 9.2.1),cpp,Accepted,72.0,3632.0,2816,
s550321354,p02572,u240258562,1598739851,C++,C++ (GCC 9.2.1),cpp,Accepted,37.0,4752.0,941,
s844694866,p02572,u945157177,1598739829,Python,PyPy3 (7.3.0),py,Accepted,116.0,105592.0,266,
s890239159,p02572,u145915236,1598739806,Python,PyPy3 (7.3.0),py,Accepted,144.0,105096.0,204,
s418382822,p02572,u467544200,1598739785,Python,PyPy3 (7.3.0),py,Accepted,124.0,92896.0,309,
s397016026,p02572,u961223096,1598739766,C++,C++ (GCC 9.2.1),cpp,Accepted,77.0,5368.0,3971,
s830638465,p02572,u701017915,1598739762,Python,Python (3.8.2),py,Accepted,742.0,32384.0,308,
s364622462,p02572,u240258562,1598739761,C++,C++ (GCC 9.2.1),cpp,Accepted,36.0,4772.0,937,
s021518494,p02572,u723612973,1598739742,C++,C++ (GCC 9.2.1),cpp,Accepted,33.0,5168.0,563,
s727073435,p02572,u998287969,1598739740,C++,C++ (GCC 9.2.1),cpp,Accepted,71.0,4796.0,567,
s315015342,p02572,u678961336,1598739734,C++,C++ (GCC 9.2.1),cpp,Accepted,79.0,6304.0,428,
s999324871,p02572,u006576567,1598739705,C++,C++ (GCC 9.2.1),cpp,Accepted,43.0,6388.0,992,
s578146940,p02572,u987828596,1598739681,C++,C++ (GCC 9.2.1),cpp,Accepted,37.0,4752.0,1551,
s736472850,p02572,u620873817,1598739612,C++,C++ (GCC 9.2.1),cpp,Accepted,35.0,5304.0,1815,
s156629790,p02572,u374929478,1598739604,C++,C++ (GCC 9.2.1),cpp,Accepted,74.0,6368.0,946,
s561553121,p02572,u243907975,1598739583,C++,C++ (GCC 9.2.1),cpp,Accepted,77.0,6720.0,547,
s447593071,p02572,u572138437,1598739571,C++,C++ (GCC 9.2.1),cpp,Accepted,32.0,4784.0,1030,
s640571857,p02572,u494238105,1598739560,C++,C++ (GCC 9.2.1),cpp,Accepted,70.0,5948.0,572,
s329971863,p02572,u299377613,1598739556,C++,C++ (GCC 9.2.1),cpp,Accepted,36.0,3972.0,1444,
s822032302,p02572,u497876712,1598739556,C++,C++ (GCC 9.2.1),cpp,Accepted,35.0,7952.0,1113,
s326152707,p02572,u494238105,1598739544,C++,C++ (Clang 10.0.0),cpp,Accepted,158.0,5492.0,572,
s105558556,p02572,u357751375,1598739536,Python,Python (3.8.2),py,Accepted,143.0,31712.0,159,
s281966568,p02572,u038021590,1598739530,Python,PyPy3 (7.3.0),py,Accepted,122.0,108244.0,330,
s252864767,p02572,u579001504,1598739524,C++,C++ (GCC 9.2.1),cpp,Accepted,72.0,4784.0,737,
s544969261,p02572,u019359540,1598739505,C++,C++ (GCC 9.2.1),cpp,Accepted,79.0,6352.0,476,
s240658143,p02572,u416106853,1598739493,C++,C++ (GCC 9.2.1),cpp,Accepted,79.0,6800.0,2203,
s456687026,p02572,u934052933,1598739488,Python,PyPy3 (7.3.0),py,Accepted,109.0,97072.0,292,
s955767688,p02572,u250944591,1598739477,Python,Python (3.8.2),py,Accepted,148.0,31428.0,144,
s512533246,p02572,u220309500,1598739446,C++,C++ (GCC 9.2.1),cpp,Accepted,74.0,6680.0,610,
s910283305,p02572,u200473040,1598739417,C++,C++ (GCC 9.2.1),cpp,Accepted,75.0,6712.0,4836,
s478948641,p02572,u354174235,1598739415,Python,Python (3.8.2),py,Accepted,124.0,31656.0,779,
s040936004,p02572,u208394180,1598739413,Python,Python (3.8.2),py,Accepted,132.0,31552.0,151,
s680225917,p02572,u191446830,1598739406,C++,C++ (GCC 9.2.1),cpp,Accepted,34.0,3996.0,427,
s414032953,p02572,u534396363,1598739385,C++,C++ (GCC 9.2.1),cpp,Accepted,36.0,4768.0,2699,
s757985891,p02572,u119460590,1598739359,Python,Python (3.8.2),py,Accepted,135.0,31576.0,145,
s615841671,p02572,u552331659,1598739262,C++,C++ (GCC 9.2.1),cpp,Accepted,71.0,4820.0,474,
s607681293,p02572,u166226772,1598739259,C++,C++ (GCC 9.2.1),cpp,Accepted,24.0,6108.0,1283,
s088061656,p02572,u742082223,1598739252,Python,Python (3.8.2),py,Accepted,190.0,31560.0,302,
s806901695,p02572,u132551724,1598739189,C++,C++ (GCC 9.2.1),cpp,Accepted,77.0,5108.0,289,
s013071743,p02572,u734268715,1598739176,C++,C++ (GCC 9.2.1),cpp,Accepted,76.0,4856.0,1314,
s955426913,p02572,u391382440,1598739167,Python,Python (3.8.2),py,Accepted,171.0,31560.0,344,
s041785536,p02572,u581807854,1598739099,C++,C++ (GCC 9.2.1),cpp,Accepted,77.0,4820.0,627,
s347383791,p02572,u306142032,1598739086,C++,C++ (GCC 9.2.1),cpp,Accepted,77.0,6404.0,451,
s568440890,p02572,u311090179,1598739083,C++,C++ (GCC 9.2.1),cpp,Accepted,73.0,3616.0,618,
s686377495,p02572,u846634344,1598739039,C++,C++ (GCC 9.2.1),cpp,Accepted,75.0,4032.0,867,
s913532056,p02572,u828593789,1598739027,C++,C++ (GCC 9.2.1),cpp,Accepted,82.0,5592.0,505,
s774829830,p02572,u412659798,1598738943,C++,C++ (GCC 9.2.1),cpp,Accepted,79.0,4824.0,1980,
s399415846,p02572,u594683434,1598738935,C++,C++ (GCC 9.2.1),cpp,Accepted,36.0,4828.0,10902,
s522393493,p02572,u766565683,1598738918,Python,Python (3.8.2),py,Accepted,152.0,31396.0,240,
s749391042,p02572,u944545272,1598738888,C++,C++ (GCC 9.2.1),cpp,Accepted,36.0,3936.0,755,
s477299287,p02572,u554953477,1598738877,C++,C++ (GCC 9.2.1),cpp,Accepted,73.0,5308.0,909,
s003094868,p02572,u526630579,1598738877,C++,C++ (GCC 9.2.1),cpp,Accepted,74.0,3992.0,311,
s555167687,p02572,u017760727,1598738804,C++,C++ (GCC 9.2.1),cpp,Accepted,36.0,4752.0,2443,
s741098450,p02572,u625782001,1598738790,C++,C++ (GCC 9.2.1),cpp,Accepted,36.0,5144.0,722,
s987158163,p02572,u774202056,1598738737,C++,C++ (GCC 9.2.1),cpp,Accepted,78.0,5192.0,480,
s117230003,p02572,u858806530,1598738733,C++,C++ (GCC 9.2.1),cpp,Accepted,41.0,3296.0,439,
s000088844,p02572,u616382321,1598738671,Python,Python (3.8.2),py,Accepted,163.0,31088.0,208,
s598261279,p02572,u945157177,1598738662,Python,PyPy3 (7.3.0),py,Accepted,120.0,94088.0,256,
s322993928,p02572,u923119491,1598738629,C++,C++ (Clang 10.0.0),cpp,Accepted,165.0,4760.0,584,
s267516693,p02572,u578875666,1598738612,C++,C++ (GCC 9.2.1),cpp,Accepted,41.0,4708.0,416,
s585956893,p02572,u750712894,1598738567,Python,PyPy3 (7.3.0),py,Accepted,123.0,107084.0,196,
s627902455,p02572,u427775932,1598738529,Python,Python (3.8.2),py,Accepted,160.0,31396.0,172,
s392032839,p02572,u532894762,1598738498,C++,C++ (GCC 9.2.1),cpp,Accepted,79.0,6776.0,468,
s666197741,p02572,u492660436,1598738452,C++,C++ (GCC 9.2.1),cpp,Accepted,74.0,5132.0,5392,
s885915460,p02572,u922449550,1598738431,Python,Python (3.8.2),py,Accepted,152.0,31528.0,198,
s545812538,p02572,u201965173,1598738405,C++,C++ (GCC 9.2.1),cpp,Accepted,117.0,76980.0,4476,
s650130513,p02572,u714624983,1598738387,C++,C++ (GCC 9.2.1),cpp,Accepted,76.0,4816.0,399,
s212111537,p02572,u104613587,1598738349,C++,C++ (GCC 9.2.1),cpp,Accepted,39.0,3984.0,545,
s220806843,p02572,u427775932,1598738289,Python,Python (3.8.2),py,Accepted,146.0,31356.0,171,
s956317302,p02572,u165212329,1598738244,C++,C++ (GCC 9.2.1),cpp,Accepted,36.0,4456.0,893,
s776847860,p02572,u936558609,1598738244,C++,C++ (GCC 9.2.1),cpp,Accepted,76.0,6376.0,639,
s295393193,p02572,u104613587,1598738224,C++,C++ (GCC 9.2.1),cpp,Accepted,40.0,4780.0,586,
s502539661,p02572,u972658925,1598738174,Python,Python (3.8.2),py,Accepted,242.0,49740.0,243,
s486409401,p02572,u671889550,1598738168,Python,PyPy3 (7.3.0),py,Accepted,117.0,94196.0,201,
s093829731,p02572,u972658925,1598738148,Python,Python (3.8.2),py,Accepted,276.0,50036.0,251,
s343453517,p02572,u087282201,1598738115,Python,Python (3.8.2),py,Accepted,123.0,31536.0,157,
s121629909,p02572,u657901243,1598738109,C++,C++ (GCC 9.2.1),cpp,Accepted,76.0,4840.0,415,
s769243812,p02572,u677121387,1598738073,Python,Python (3.8.2),py,Accepted,221.0,31412.0,235,
s667181693,p02572,u827261928,1598738044,Python,Python (3.8.2),py,Accepted,141.0,31324.0,139,
s427738116,p02572,u391170527,1598738036,C++,C++ (GCC 9.2.1),cpp,Accepted,75.0,5172.0,560,
s872416094,p02572,u693474326,1598738032,C++,C++ (GCC 9.2.1),cpp,Accepted,69.0,5168.0,400,
s505031042,p02572,u101662185,1598738025,C++,C++ (GCC 9.2.1),cpp,Accepted,39.0,5576.0,1511,
s938507473,p02572,u047573796,1598737983,C++,C++ (GCC 9.2.1),cpp,Accepted,77.0,4028.0,499,
s146278314,p02572,u725680599,1598737983,C++,C++ (GCC 9.2.1),cpp,Accepted,75.0,4780.0,514,
s334734017,p02572,u344048704,1598737966,C++,C++ (GCC 9.2.1),cpp,Accepted,77.0,6684.0,431,
s925449427,p02572,u225388820,1598737940,Python,Python (3.8.2),py,Accepted,210.0,49952.0,143,
s369772330,p02572,u582686131,1598737921,Python,Python (3.8.2),py,Accepted,98.0,31516.0,170,
s291086733,p02572,u874915633,1598737891,C++,C++ (GCC 9.2.1),cpp,Accepted,74.0,4820.0,476,
s850913593,p02572,u474212171,1598737876,Python,Python (3.8.2),py,Accepted,133.0,31444.0,306,
s133732368,p02572,u531461815,1598737841,C++,C++ (GCC 9.2.1),cpp,Accepted,80.0,4816.0,1540,
s675323610,p02572,u816221786,1598737827,C++,C++ (GCC 9.2.1),cpp,Accepted,77.0,5200.0,744,
s307631186,p02572,u658181634,1598737817,Python,PyPy3 (7.3.0),py,Accepted,130.0,93488.0,508,
s546319299,p02572,u359358631,1598737807,Python,PyPy3 (7.3.0),py,Accepted,118.0,94284.0,285,
s033473140,p02572,u834777932,1598737787,C++,C++ (GCC 9.2.1),cpp,Accepted,32.0,5196.0,5418,
s170015639,p02572,u098364943,1598737786,C++,C++ (GCC 9.2.1),cpp,Accepted,36.0,6752.0,551,
s314840997,p02572,u764393353,1598737782,Python,PyPy3 (7.3.0),py,Accepted,130.0,94348.0,304,
s518316779,p02572,u668350270,1598737771,Python,PyPy3 (7.3.0),py,Accepted,133.0,94320.0,239,
s124388395,p02572,u774649089,1598737770,C++,C++ (GCC 9.2.1),cpp,Accepted,37.0,6360.0,2913,
s534134998,p02572,u961136005,1598737722,C++,C++ (GCC 9.2.1),cpp,Accepted,78.0,6348.0,2278,
s630358223,p02572,u907403674,1598737688,Python,PyPy3 (7.3.0),py,Accepted,136.0,94004.0,203,
s496974194,p02572,u764393353,1598737672,Python,PyPy3 (7.3.0),py,Accepted,114.0,94428.0,302,
s005204396,p02572,u913852240,1598737668,C++,C++ (GCC 9.2.1),cpp,Accepted,76.0,6768.0,645,
s063267142,p02572,u048004795,1598737646,Python,Python (3.8.2),py,Accepted,159.0,31460.0,429,
s920334224,p02572,u663842230,1598737611,C++,C++ (GCC 9.2.1),cpp,Accepted,83.0,4824.0,610,
s591260393,p02572,u631342090,1598737575,C++,C++ (GCC 9.2.1),cpp,Accepted,36.0,5112.0,2276,
s927761612,p02572,u736149053,1598737516,C++,C++ (Clang 10.0.0),cpp,Accepted,172.0,4440.0,430,
s078795912,p02572,u734195782,1598737497,Python,Python (3.8.2),py,Accepted,97.0,31436.0,126,
s966728076,p02572,u999327182,1598737491,Python,Python (3.8.2),py,Accepted,127.0,31596.0,176,
s118441449,p02572,u661984933,1598737483,C++,C++ (GCC 9.2.1),cpp,Accepted,74.0,4808.0,516,
s518930095,p02572,u467544200,1598737456,Python,PyPy3 (7.3.0),py,Accepted,124.0,93088.0,309,
s434064784,p02572,u100792685,1598737447,C++,C++ (GCC 9.2.1),cpp,Accepted,74.0,4016.0,405,
s527056500,p02572,u732161519,1598737444,C++,C++ (GCC 9.2.1),cpp,Accepted,33.0,5176.0,878,
s738278775,p02572,u008718882,1598737420,Python,Python (3.8.2),py,Accepted,127.0,31352.0,158,
s021628502,p02572,u456936625,1598737408,Python,PyPy3 (7.3.0),py,Accepted,370.0,108996.0,2326,
s088848824,p02572,u581840755,1598737408,C++,C++ (GCC 9.2.1),cpp,Accepted,78.0,3992.0,566,
s926730078,p02572,u226331159,1598737397,C++,C++ (GCC 9.2.1),cpp,Accepted,44.0,6932.0,447,
s262355873,p02572,u898868742,1598737391,Python,PyPy3 (7.3.0),py,Accepted,108.0,93752.0,249,
s181319096,p02572,u581840755,1598737362,C++,C++ (GCC 9.2.1),cpp,Accepted,72.0,4052.0,557,
s445922869,p02572,u626891113,1598737356,Python,PyPy3 (7.3.0),py,Accepted,124.0,105120.0,173,
s937324891,p02572,u689710606,1598737331,Python,Python (3.8.2),py,Accepted,173.0,31576.0,224,
s905468325,p02572,u626891113,1598737316,Python,PyPy3 (7.3.0),py,Accepted,140.0,103804.0,206,
s133930038,p02572,u671889550,1598737296,Python,Python (3.8.2),py,Accepted,232.0,49684.0,274,
s702683703,p02572,u186506670,1598737295,C++,C++ (GCC 9.2.1),cpp,Accepted,77.0,4020.0,497,
s916300675,p02572,u298976461,1598737291,Python,Python (3.8.2),py,Accepted,163.0,31380.0,355,
s225870258,p02572,u050045886,1598737285,C++,C++ (GCC 9.2.1),cpp,Accepted,73.0,4824.0,597,
s594136435,p02572,u242774620,1598737274,C++,C++ (GCC 9.2.1),cpp,Accepted,76.0,5128.0,380,
s475964720,p02572,u947664173,1598737267,Python,Python (3.8.2),py,Accepted,137.0,31508.0,152,
s478831450,p02572,u983902068,1598737254,C++,C++ (GCC 9.2.1),cpp,Accepted,83.0,4756.0,465,
s857946746,p02572,u298976461,1598737246,Python,Python (3.8.2),py,Accepted,172.0,31436.0,372,
s239724684,p02572,u298976461,1598737222,Python,Python (3.8.2),py,Accepted,148.0,31564.0,366,
s581633913,p02572,u351012095,1598737221,C++,C++ (GCC 9.2.1),cpp,Accepted,35.0,4764.0,1556,
s556547065,p02572,u321144111,1598737200,C++,C++ (GCC 9.2.1),cpp,Accepted,76.0,3964.0,422,
s880337169,p02572,u423624748,1598737199,C++,C++ (GCC 9.2.1),cpp,Accepted,69.0,4796.0,470,
s452686659,p02572,u779293207,1598737190,Python,Python (3.8.2),py,Accepted,139.0,31644.0,131,
s098283797,p02572,u440276250,1598737188,C++,C++ (GCC 9.2.1),cpp,Accepted,80.0,4732.0,464,
s356626558,p02572,u337550605,1598737171,C++,C++ (GCC 9.2.1),cpp,Accepted,31.0,4380.0,448,
s786804879,p02572,u854784579,1598737154,Python,Python (3.8.2),py,Accepted,196.0,31412.0,222,
s229206965,p02572,u423624748,1598737148,C++,C++ (GCC 9.2.1),cpp,Accepted,76.0,6432.0,417,
s073612168,p02572,u818213347,1598737143,Python,Python (3.8.2),py,Accepted,181.0,31356.0,249,
s658927558,p02572,u586336940,1598737103,C++,C++ (GCC 9.2.1),cpp,Accepted,44.0,4020.0,1556,
s392835021,p02572,u065099501,1598737101,Python,Python (3.8.2),py,Accepted,190.0,31224.0,273,
s640480523,p02572,u171046846,1598737100,C++,C++ (GCC 9.2.1),cpp,Accepted,72.0,4824.0,475,
s142105997,p02572,u734423776,1598737099,Python,Python (3.8.2),py,Accepted,170.0,31304.0,214,
s910314038,p02572,u223377124,1598737093,C++,C++ (GCC 9.2.1),cpp,Accepted,34.0,5168.0,612,
s990828892,p02572,u463510901,1598737090,C++,C++ (GCC 9.2.1),cpp,Accepted,66.0,4824.0,490,
s246902665,p02572,u745852541,1598737046,C++,C++ (GCC 9.2.1),cpp,Accepted,73.0,4800.0,2379,
s507655134,p02572,u255898796,1598737019,Python,Python (3.8.2),py,Accepted,213.0,31520.0,273,
s561225350,p02572,u945375934,1598737000,C++,C++ (GCC 9.2.1),cpp,Accepted,78.0,5208.0,1278,
s234762014,p02572,u628633224,1598736976,Python,Python (3.8.2),py,Accepted,137.0,31424.0,159,
s428245735,p02572,u600244905,1598736954,C++,C++ (GCC 9.2.1),cpp,Accepted,39.0,6372.0,3604,
s735696458,p02572,u771167374,1598736952,Python,PyPy3 (7.3.0),py,Accepted,113.0,94276.0,147,
s198545307,p02572,u091698231,1598736941,C++,C++ (GCC 9.2.1),cpp,Accepted,69.0,3620.0,404,
s468097888,p02572,u322187839,1598736925,Python,Python (3.8.2),py,Accepted,135.0,31560.0,164,
s732970125,p02572,u014968288,1598736909,C++,C++ (GCC 9.2.1),cpp,Accepted,74.0,4676.0,377,
s567407884,p02572,u143405027,1598736905,C++,C++ (GCC 9.2.1),cpp,Accepted,39.0,6332.0,774,
s751810941,p02572,u548962258,1598736903,C++,C++ (GCC 9.2.1),cpp,Accepted,76.0,4772.0,528,
s029053784,p02572,u290887281,1598736876,Python,Python (3.8.2),py,Accepted,117.0,31472.0,182,
s491145228,p02572,u457283867,1598736875,C++,C++ (GCC 9.2.1),cpp,Accepted,74.0,4028.0,386,
s708583794,p02572,u955248595,1598736858,Python,Python (3.8.2),py,Accepted,183.0,31412.0,216,
s618696552,p02572,u949115942,1598736818,Python,Python (3.8.2),py,Accepted,200.0,31412.0,322,
s599329791,p02572,u557714191,1598736804,Python,PyPy3 (7.3.0),py,Accepted,106.0,105164.0,271,
s526696269,p02572,u018250459,1598736748,C++,C++ (GCC 9.2.1),cpp,Accepted,75.0,3636.0,1420,
s976592063,p02572,u560381579,1598736725,C++,C++ (GCC 9.2.1),cpp,Accepted,79.0,3620.0,800,
s547079822,p02572,u009341670,1598736692,C++,C++ (GCC 9.2.1),cpp,Accepted,44.0,6840.0,466,
s394009096,p02572,u425758699,1598736691,C++,C++ (GCC 9.2.1),cpp,Accepted,38.0,4764.0,4214,
s741879610,p02572,u843768197,1598736689,Python,Python (3.8.2),py,Accepted,99.0,31560.0,131,
s599239638,p02572,u646051775,1598736689,C++,C++ (GCC 9.2.1),cpp,Accepted,76.0,4836.0,404,
s157101293,p02572,u931624197,1598736687,C++,C++ (GCC 9.2.1),cpp,Accepted,33.0,6716.0,577,
s269417659,p02572,u563914702,1598736677,C++,C++ (GCC 9.2.1),cpp,Accepted,82.0,6428.0,709,
s914818953,p02572,u312666261,1598736620,Python,Python (3.8.2),py,Accepted,264.0,37532.0,253,
s162092043,p02572,u500006160,1598736619,Python,PyPy2 (7.3.0),py,Accepted,230.0,95288.0,491,
s791718822,p02572,u972398652,1598736614,C++,C++ (GCC 9.2.1),cpp,Accepted,43.0,6412.0,636,
s820423244,p02572,u118760114,1598736609,Python,Python (3.8.2),py,Accepted,142.0,31548.0,144,
s644451571,p02572,u735052662,1598736604,C++,C++ (GCC 9.2.1),cpp,Accepted,37.0,6376.0,3183,
s747881467,p02572,u763550415,1598736597,Python,Python (3.8.2),py,Accepted,165.0,31240.0,208,
s122599937,p02572,u395928178,1598736597,C++,C++ (GCC 9.2.1),cpp,Accepted,38.0,3540.0,5443,
s193720154,p02572,u510331904,1598736559,Python,Python (3.8.2),py,Accepted,128.0,31636.0,196,
s298624542,p02572,u996559932,1598736559,C++,C++ (GCC 9.2.1),cpp,Accepted,76.0,6740.0,375,
s096824199,p02572,u711997425,1598736558,C++,C++ (GCC 9.2.1),cpp,Accepted,78.0,4836.0,838,
s782996654,p02572,u028554976,1598736556,Python,Python (3.8.2),py,Accepted,199.0,31568.0,202,
s038450699,p02572,u450028885,1598736549,Python,Python (3.8.2),py,Accepted,155.0,31232.0,207,
s943929069,p02572,u930705402,1598736540,Python,PyPy3 (7.3.0),py,Accepted,120.0,94252.0,151,
s216479326,p02572,u930466865,1598736539,C++,C++ (GCC 9.2.1),cpp,Accepted,76.0,4048.0,364,
s634642188,p02572,u356701928,1598736501,C++,C++ (GCC 9.2.1),cpp,Accepted,81.0,6696.0,429,
s931100418,p02572,u011220523,1598736498,C++,C++ (GCC 9.2.1),cpp,Accepted,33.0,5552.0,5059,
s594081510,p02572,u803403788,1598736486,C++,C++ (GCC 9.2.1),cpp,Accepted,45.0,3828.0,387,
s793976692,p02572,u222668979,1598736468,Python,PyPy3 (7.3.0),py,Accepted,126.0,94208.0,197,
s479069713,p02572,u269767135,1598736456,C++,C++ (GCC 9.2.1),cpp,Accepted,77.0,4788.0,609,
s921481982,p02572,u532233200,1598736419,C++,C++ (GCC 9.2.1),cpp,Accepted,39.0,6760.0,7905,
s795273491,p02572,u183909735,1598736412,C++,C++ (GCC 9.2.1),cpp,Accepted,38.0,4336.0,642,
s718542356,p02572,u545479960,1598736391,Python,Python (3.8.2),py,Accepted,119.0,31384.0,178,
s927991293,p02572,u421797616,1598736359,C++,C++ (GCC 9.2.1),cpp,Accepted,37.0,4788.0,6170,
s111692410,p02572,u605880635,1598736350,Python,Python (3.8.2),py,Accepted,126.0,31616.0,193,
s391396564,p02572,u174471042,1598736335,C++,C++ (GCC 9.2.1),cpp,Accepted,35.0,5212.0,423,
s729798612,p02572,u316355973,1598736333,C++,C++ (GCC 9.2.1),cpp,Accepted,79.0,5352.0,1479,
s478825019,p02572,u021648187,1598736330,C++,C++ (GCC 9.2.1),cpp,Accepted,39.0,6364.0,1670,
s410544008,p02572,u416011173,1598736289,Python,Python (3.8.2),py,Accepted,118.0,30752.0,764,
s550513895,p02572,u394950523,1598736275,Python,PyPy3 (7.3.0),py,Accepted,115.0,94252.0,214,
s310960075,p02572,u278032600,1598736268,C++,C++ (GCC 9.2.1),cpp,Accepted,74.0,3964.0,849,
s201028798,p02572,u285486772,1598736251,C++,C++ (GCC 9.2.1),cpp,Accepted,76.0,4772.0,390,
s353994064,p02572,u214304095,1598736249,C++,C++ (GCC 9.2.1),cpp,Accepted,80.0,6744.0,596,
s106137971,p02572,u644972721,1598736248,Python,PyPy3 (7.3.0),py,Accepted,116.0,94276.0,202,
s283550472,p02572,u677602752,1598736246,C++,C++ (GCC 9.2.1),cpp,Accepted,32.0,5172.0,519,
s839753115,p02572,u830742419,1598736217,C++,C++ (GCC 9.2.1),cpp,Accepted,83.0,6400.0,583,
s616143687,p02572,u510749912,1598736203,Python,Python (3.8.2),py,Accepted,430.0,49544.0,310,
s829742537,p02572,u823885866,1598736194,Python,Python (3.8.2),py,Accepted,135.0,31356.0,222,
s168886220,p02572,u106297876,1598736187,C++,C++ (GCC 9.2.1),cpp,Accepted,37.0,4744.0,2821,
s393037466,p02572,u789673498,1598736141,C++,C++ (GCC 9.2.1),cpp,Accepted,81.0,4820.0,609,
s633119907,p02572,u383805907,1598736138,C++,C++ (GCC 9.2.1),cpp,Accepted,70.0,4052.0,558,
s100050644,p02572,u707567014,1598736113,Python,Python (3.8.2),py,Accepted,169.0,31064.0,233,
s809202599,p02572,u681013601,1598736095,Python,PyPy3 (7.3.0),py,Accepted,122.0,95892.0,2500,
s551080011,p02572,u605880635,1598736059,Python,Python (3.8.2),py,Accepted,136.0,31572.0,238,
s802991781,p02572,u552116325,1598736057,Python,Python (3.8.2),py,Accepted,149.0,31608.0,146,
s480655987,p02572,u933650305,1598736040,Python,Python (3.8.2),py,Accepted,138.0,31276.0,125,
s627158931,p02572,u355305669,1598736018,C++,C++ (GCC 9.2.1),cpp,Accepted,36.0,5196.0,777,
s892860848,p02572,u842028864,1598736012,C++,C++ (GCC 9.2.1),cpp,Accepted,72.0,3628.0,721,
s461898756,p02572,u637616148,1598736010,C++,C++ (GCC 9.2.1),cpp,Accepted,80.0,6696.0,535,
s507696518,p02572,u620269708,1598736009,C++,C++ (GCC 9.2.1),cpp,Accepted,77.0,6388.0,421,
s114752024,p02572,u693474326,1598735993,C++,C++ (GCC 9.2.1),cpp,Accepted,79.0,5192.0,325,
s009722618,p02572,u408634015,1598735977,C++,C++ (GCC 9.2.1),cpp,Accepted,80.0,4752.0,523,
s971123657,p02572,u364386647,1598735957,Python,Python (3.8.2),py,Accepted,101.0,31488.0,256,
s712469104,p02572,u644972721,1598735952,Python,PyPy3 (7.3.0),py,Accepted,127.0,104236.0,156,
s773938065,p02572,u054825571,1598735949,Python,PyPy3 (7.3.0),py,Accepted,121.0,94248.0,129,
s900045768,p02572,u389737182,1598735941,Python,Python (3.8.2),py,Accepted,461.0,49868.0,234,
s276532237,p02572,u966408025,1598735936,Python,Python (3.8.2),py,Accepted,170.0,31644.0,192,
s774015499,p02572,u216392490,1598735932,Python,Python (3.8.2),py,Accepted,125.0,31680.0,139,
s360333850,p02572,u191114518,1598735919,C++,C++ (GCC 9.2.1),cpp,Accepted,78.0,6404.0,422,
s253531493,p02572,u600244905,1598735892,C++,C++ (GCC 9.2.1),cpp,Accepted,34.0,6336.0,2235,
s533040808,p02572,u170913092,1598735890,Python,Python (3.8.2),py,Accepted,195.0,31840.0,304,
s005534990,p02572,u016302627,1598735888,Python,Python (3.8.2),py,Accepted,209.0,31608.0,232,
s294495482,p02572,u611239089,1598735879,C++,C++ (GCC 9.2.1),cpp,Accepted,75.0,5544.0,444,
s667130081,p02572,u289547799,1598735846,Python,PyPy3 (7.3.0),py,Accepted,113.0,94212.0,272,
s845523533,p02572,u383865874,1598735846,C++,C++ (GCC 9.2.1),cpp,Accepted,75.0,4808.0,806,
s601378229,p02572,u966062137,1598735843,C++,C++ (GCC 9.2.1),cpp,Accepted,33.0,4776.0,1374,
s554416103,p02572,u216392490,1598735840,Python,Python (3.8.2),py,Accepted,142.0,31596.0,150,
s192594201,p02572,u025469035,1598735826,C++,C++ (GCC 9.2.1),cpp,Accepted,77.0,4752.0,431,
s705759321,p02572,u308256845,1598735818,C++,C++ (GCC 9.2.1),cpp,Accepted,73.0,5340.0,1990,
s782126009,p02572,u794521826,1598735811,Python,Python (3.8.2),py,Accepted,193.0,31256.0,233,
s743152021,p02572,u277969177,1598735807,C++,C++ (GCC 9.2.1),cpp,Accepted,77.0,5196.0,429,
s456897982,p02572,u837259155,1598735794,C++,C++ (GCC 9.2.1),cpp,Accepted,73.0,5140.0,526,
s955561235,p02572,u560390257,1598735792,C++,C++ (GCC 9.2.1),cpp,Accepted,41.0,6752.0,563,
s007611330,p02572,u185935459,1598735784,C++,C++ (GCC 9.2.1),cpp,Accepted,81.0,4836.0,641,
s237810850,p02572,u475402977,1598735772,Python,Python (3.8.2),py,Accepted,162.0,31628.0,181,
s052145518,p02572,u465276003,1598735763,Python,PyPy3 (7.3.0),py,Accepted,123.0,94104.0,198,
s589914608,p02572,u170913092,1598735739,Python,Python (3.8.2),py,Accepted,216.0,31540.0,337,
s681735303,p02572,u170913092,1598735712,Python,Python (3.8.2),py,Accepted,203.0,31440.0,337,
s348186878,p02572,u922999444,1598735708,C++,C++ (GCC 9.2.1),cpp,Accepted,78.0,5172.0,402,
s286591499,p02572,u714732628,1598735707,C++,C++ (GCC 9.2.1),cpp,Accepted,78.0,6400.0,540,
s722838627,p02572,u736154449,1598735698,Python,PyPy3 (7.3.0),py,Accepted,119.0,104956.0,190,
s876197510,p02572,u922999444,1598735694,C++,C++ (GCC 9.2.1),cpp,Accepted,77.0,5132.0,402,
s799151563,p02572,u025469035,1598735693,C++,C++ (GCC 9.2.1),cpp,Accepted,74.0,4800.0,418,
s160816193,p02572,u788173968,1598735691,C++,C++ (GCC 9.2.1),cpp,Accepted,80.0,4844.0,536,
s608337707,p02572,u841140330,1598735678,C++,C++ (GCC 9.2.1),cpp,Accepted,80.0,6432.0,1106,
s770458278,p02572,u525065967,1598735669,C++,C++ (GCC 9.2.1),cpp,Accepted,77.0,5640.0,401,
s364241152,p02572,u470735879,1598735661,Python,Python (3.8.2),py,Accepted,122.0,31356.0,165,
s336099114,p02572,u218744484,1598735619,C++,C++ (GCC 9.2.1),cpp,Accepted,80.0,6308.0,511,
s918317487,p02572,u243312682,1598735606,Python,Python (3.8.2),py,Accepted,160.0,31596.0,361,
s527893293,p02572,u090116281,1598735598,C++,C++ (GCC 9.2.1),cpp,Accepted,40.0,5184.0,886,
s333558655,p02572,u018872912,1598735597,C++,C++ (GCC 9.2.1),cpp,Accepted,77.0,5188.0,3293,
s811157865,p02572,u359358631,1598735591,Python,PyPy3 (7.3.0),py,Accepted,127.0,94256.0,294,
s003791619,p02572,u350766567,1598735579,C++,C++ (GCC 9.2.1),cpp,Accepted,71.0,6272.0,583,
s999789397,p02572,u951654902,1598735574,C++,C++ (GCC 9.2.1),cpp,Accepted,36.0,5176.0,783,
s395870202,p02572,u387713983,1598735574,C++,C++ (GCC 9.2.1),cpp,Accepted,73.0,5152.0,388,
s028804993,p02572,u025469035,1598735564,C++,C++ (GCC 9.2.1),cpp,Accepted,73.0,4756.0,404,
s962307514,p02572,u556594202,1598735563,Python,Python (3.8.2),py,Accepted,186.0,31676.0,204,
s720442364,p02572,u090116281,1598735563,C++,C++ (GCC 9.2.1),cpp,Accepted,34.0,5032.0,890,
s471009311,p02572,u304815969,1598735558,C++,C++ (GCC 9.2.1),cpp,Accepted,74.0,5180.0,447,
s249794267,p02572,u025469035,1598735539,C++,C++ (GCC 9.2.1),cpp,Accepted,74.0,4840.0,538,
s367013163,p02572,u112887319,1598735537,C++,C++ (GCC 9.2.1),cpp,Accepted,75.0,4812.0,488,
s475994063,p02572,u108648546,1598735533,C++,C++ (GCC 9.2.1),cpp,Accepted,33.0,6352.0,903,
s324247981,p02572,u090116281,1598735522,C++,C++ (GCC 9.2.1),cpp,Accepted,33.0,5164.0,897,
s143924456,p02572,u972991614,1598735521,Python,Python (3.8.2),py,Accepted,172.0,31632.0,203,
s197028011,p02572,u793868662,1598735519,Python,PyPy3 (7.3.0),py,Accepted,116.0,93940.0,368,
s005836927,p02572,u219041750,1598735516,C++,C++ (GCC 9.2.1),cpp,Accepted,45.0,4884.0,571,
s509369895,p02572,u788173968,1598735516,C++,C++ (GCC 9.2.1),cpp,Accepted,77.0,4836.0,530,
s078360890,p02572,u304590784,1598735513,Python,Python (3.8.2),py,Accepted,152.0,31760.0,167,
s932265206,p02572,u106971015,1598735510,Python,Python (3.8.2),py,Accepted,156.0,31224.0,236,
s954197897,p02572,u421797616,1598735499,C++,C++ (GCC 9.2.1),cpp,Accepted,37.0,4756.0,8747,
s587167317,p02572,u502329966,1598735484,C++,C++ (GCC 9.2.1),cpp,Accepted,76.0,6692.0,694,
s471714728,p02572,u154148649,1598735481,C++,C++ (Clang 10.0.0),cpp,Accepted,256.0,3552.0,2531,
s255512211,p02572,u478462004,1598735481,C++,C++ (GCC 9.2.1),cpp,Accepted,88.0,4836.0,1030,
s252679837,p02572,u825343780,1598735479,C++,C++ (GCC 9.2.1),cpp,Accepted,82.0,6416.0,765,
s134187642,p02572,u329730886,1598735478,Python,Python (3.8.2),py,Accepted,187.0,31520.0,233,
s843381860,p02572,u491256431,1598735475,C++,C++ (GCC 9.2.1),cpp,Accepted,78.0,6428.0,1847,
s271708396,p02572,u313727475,1598735469,C++,C++ (GCC 9.2.1),cpp,Accepted,36.0,6332.0,1653,
s933356438,p02572,u917001492,1598735466,C++,C++ (GCC 9.2.1),cpp,Accepted,34.0,4796.0,470,
s656609286,p02572,u838152098,1598735449,C++,C++ (GCC 9.2.1),cpp,Accepted,75.0,5084.0,385,
s368440990,p02572,u825429469,1598735431,Python,PyPy3 (7.3.0),py,Accepted,125.0,94268.0,180,
s897520845,p02572,u735935695,1598735429,C++,C++ (GCC 9.2.1),cpp,Accepted,76.0,6420.0,555,
s801746370,p02572,u127643144,1598735428,C++,C++ (GCC 9.2.1),cpp,Accepted,38.0,6356.0,1028,
s753097417,p02572,u639426108,1598735421,C++,C++ (GCC 9.2.1),cpp,Accepted,75.0,4840.0,1177,
s027617247,p02572,u068765697,1598735411,C++,C++ (GCC 9.2.1),cpp,Accepted,77.0,6348.0,2558,
s716780177,p02572,u314825579,1598735410,Python,Python (3.8.2),py,Accepted,155.0,31476.0,164,
s683008536,p02572,u124605948,1598735406,Python,Python (3.8.2),py,Accepted,178.0,31636.0,212,
s325996161,p02572,u607709109,1598735401,C++,C++ (GCC 9.2.1),cpp,Accepted,79.0,4820.0,556,
s385361564,p02572,u398878985,1598735393,C++,C++ (GCC 9.2.1),cpp,Accepted,78.0,4020.0,557,
s755835282,p02572,u511762916,1598735391,C++,C++ (GCC 9.2.1),cpp,Accepted,37.0,4780.0,888,
s342981546,p02572,u744314647,1598735390,C++,C++ (GCC 9.2.1),cpp,Accepted,38.0,3788.0,791,
s046959403,p02572,u478705580,1598735388,C++,C++ (GCC 9.2.1),cpp,Accepted,72.0,4808.0,503,
s710099591,p02572,u170913092,1598735384,Python,Python (3.8.2),py,Accepted,285.0,31592.0,318,
s689012331,p02572,u540762794,1598735378,Python,Python (3.8.2),py,Accepted,151.0,31532.0,414,
s961758226,p02572,u935558307,1598735351,Python,PyPy3 (7.3.0),py,Accepted,139.0,102132.0,220,
s254971127,p02572,u595353654,1598735350,Python,Python (3.8.2),py,Accepted,244.0,49860.0,2339,
s240655170,p02572,u357698450,1598735332,C++,C++ (GCC 9.2.1),cpp,Accepted,75.0,3980.0,748,
s982400897,p02572,u837286475,1598735308,C++,C++ (Clang 10.0.0),cpp,Accepted,163.0,4464.0,536,
s136321133,p02572,u686891951,1598735304,C++,C++ (GCC 9.2.1),cpp,Accepted,73.0,4404.0,408,
s975671356,p02572,u372940733,1598735302,C++,C++ (GCC 9.2.1),cpp,Accepted,76.0,4752.0,552,
s012760024,p02572,u017875322,1598735298,C++,C++ (GCC 9.2.1),cpp,Accepted,79.0,4032.0,358,
s582684759,p02572,u431907935,1598735278,C++,C++ (GCC 9.2.1),cpp,Accepted,74.0,4032.0,385,
s777228489,p02572,u865613237,1598735274,C++,C++ (GCC 9.2.1),cpp,Accepted,40.0,6724.0,4432,
s632187075,p02572,u231039592,1598735272,C++,C++ (GCC 9.2.1),cpp,Accepted,33.0,5192.0,417,
s512250521,p02572,u090116281,1598735263,C++,C++ (GCC 9.2.1),cpp,Accepted,35.0,5220.0,889,
s777273695,p02572,u634079249,1598735261,Python,Python (3.8.2),py,Accepted,242.0,46176.0,1203,
s615870495,p02572,u696048490,1598735259,C++,C++ (Clang 10.0.0),cpp,Accepted,166.0,6296.0,464,
s027136920,p02572,u459104414,1598735259,Python,Python (3.8.2),py,Accepted,187.0,30840.0,315,
s006999530,p02572,u171400122,1598735251,C++,C++ (GCC 9.2.1),cpp,Accepted,77.0,4804.0,638,
s258759670,p02572,u319589470,1598735232,Python,Python (3.8.2),py,Accepted,139.0,32412.0,1387,
s388196991,p02572,u190167135,1598735230,Python,Python (3.8.2),py,Accepted,121.0,31388.0,152,
s448196660,p02572,u527979509,1598735218,C++,C++ (GCC 9.2.1),cpp,Accepted,79.0,4832.0,464,
s423328862,p02572,u587847493,1598735217,C++,C++ (GCC 9.2.1),cpp,Accepted,82.0,6404.0,483,
s005934535,p02572,u478705580,1598735210,C++,C++ (GCC 9.2.1),cpp,Accepted,73.0,4800.0,501,
s472973942,p02572,u090116281,1598735208,C++,C++ (GCC 9.2.1),cpp,Accepted,37.0,5184.0,894,
s303163509,p02572,u962828383,1598735203,C++,C++ (GCC 9.2.1),cpp,Accepted,40.0,6332.0,950,
s252882837,p02572,u170913092,1598735193,Python,Python (3.8.2),py,Accepted,127.0,31424.0,156,
s989642442,p02572,u486798747,1598735182,C++,C++ (GCC 9.2.1),cpp,Accepted,36.0,5208.0,2348,
s930791523,p02572,u060520259,1598735178,C++,C++ (GCC 9.2.1),cpp,Accepted,74.0,4020.0,473,
s576524930,p02572,u319245933,1598735167,Python,Python (3.8.2),py,Accepted,158.0,31648.0,221,
s278094134,p02572,u780428208,1598735165,C++,C++ (GCC 9.2.1),cpp,Accepted,38.0,6368.0,2368,
s528641234,p02572,u399816236,1598735134,C++,C++ (GCC 9.2.1),cpp,Accepted,80.0,5116.0,453,
s376414503,p02572,u127288756,1598735122,Python,Python (3.8.2),py,Accepted,143.0,31472.0,174,
s269354668,p02572,u163783894,1598735120,Python,PyPy3 (7.3.0),py,Accepted,130.0,92732.0,785,
s134354585,p02572,u683116963,1598735117,Python,Python (3.8.2),py,Accepted,132.0,31612.0,179,
s137341139,p02572,u832995587,1598735109,C++,C++ (GCC 9.2.1),cpp,Accepted,79.0,3624.0,7850,
s083648443,p02572,u208394180,1598735083,Python,Python (3.8.2),py,Accepted,174.0,31364.0,200,
s607795351,p02572,u998732100,1598735072,C++,C++ (GCC 9.2.1),cpp,Accepted,77.0,4812.0,622,
s290915159,p02572,u090116281,1598735066,C++,C++ (GCC 9.2.1),cpp,Accepted,35.0,6760.0,897,
s628581048,p02572,u331365624,1598735061,C++,C++ (GCC 9.2.1),cpp,Accepted,73.0,4812.0,2292,
s721080351,p02572,u864667985,1598735060,C++,C++ (GCC 9.2.1),cpp,Accepted,80.0,6372.0,1045,
s064034686,p02572,u170913092,1598735054,C++,C++ (GCC 9.2.1),cpp,Accepted,82.0,6752.0,477,
s408314464,p02572,u013408661,1598735053,C++,C++ (GCC 9.2.1),cpp,Accepted,81.0,4760.0,660,
s233620152,p02572,u222668979,1598735048,Python,PyPy3 (7.3.0),py,Accepted,137.0,102008.0,226,
s262246920,p02572,u762533651,1598735045,Python,PyPy3 (7.3.0),py,Accepted,122.0,94284.0,182,
s001504825,p02572,u544587633,1598735044,Python,PyPy3 (7.3.0),py,Accepted,128.0,113188.0,795,
s008481614,p02572,u280728543,1598735043,C++,C++ (GCC 9.2.1),cpp,Accepted,73.0,4768.0,595,
s752390451,p02572,u735542540,1598735038,Python,Python (3.8.2),py,Accepted,164.0,31472.0,195,
s886692228,p02572,u318334550,1598735038,C++,C++ (GCC 9.2.1),cpp,Accepted,78.0,6332.0,458,
s774754427,p02572,u673101577,1598735034,Python,Python (3.8.2),py,Accepted,158.0,31412.0,386,
s799011253,p02572,u298976461,1598735028,Python,Python (3.8.2),py,Accepted,155.0,31504.0,298,
s159147123,p02572,u050045886,1598735028,C++,C++ (GCC 9.2.1),cpp,Accepted,74.0,4780.0,703,
s067219465,p02572,u830881690,1598735024,Python,Python (3.8.2),py,Accepted,116.0,31516.0,160,
s939270542,p02572,u643426419,1598735013,Python,Python (3.8.2),py,Accepted,145.0,31408.0,173,
s872811666,p02572,u473781743,1598734984,Python,Python (3.8.2),py,Accepted,184.0,31384.0,171,
s147579636,p02572,u090116281,1598734980,C++,C++ (GCC 9.2.1),cpp,Accepted,34.0,6752.0,893,
s584041407,p02572,u179598856,1598734976,C++,C++ (GCC 9.2.1),cpp,Accepted,80.0,6340.0,1272,
s069147794,p02572,u711238850,1598734960,Python,Python (3.8.2),py,Accepted,158.0,31580.0,763,
s270185006,p02572,u998732100,1598734955,C++,C++ (GCC 9.2.1),cpp,Accepted,79.0,3984.0,747,
s873310053,p02572,u727072969,1598734949,Python,Python (3.8.2),py,Accepted,205.0,31560.0,298,
s181883789,p02572,u298976461,1598734946,Python,Python (3.8.2),py,Accepted,180.0,31492.0,298,
s909317102,p02572,u572425901,1598734938,Python,Python (3.8.2),py,Accepted,187.0,31404.0,196,
s428379112,p02572,u116670634,1598734923,C++,C++ (GCC 9.2.1),cpp,Accepted,50.0,35880.0,5091,
s910566811,p02572,u577027209,1598734921,C++,C++ (GCC 9.2.1),cpp,Accepted,75.0,6736.0,411,
s861348721,p02572,u806976856,1598734911,Python,PyPy3 (7.3.0),py,Accepted,117.0,94268.0,130,
s369129019,p02572,u672866777,1598734906,Python,Python (3.8.2),py,Accepted,192.0,31532.0,269,
s624065075,p02572,u583285098,1598734899,Python,Python (3.8.2),py,Accepted,183.0,31492.0,246,
s382693397,p02572,u441141775,1598734889,C++,C++ (GCC 9.2.1),cpp,Accepted,35.0,5168.0,634,
s341326103,p02572,u483331319,1598734888,Python,Python (3.8.2),py,Accepted,162.0,31376.0,172,
s786173006,p02572,u649769812,1598734882,Python,Python (3.8.2),py,Accepted,97.0,31600.0,141,
s478629084,p02572,u762603420,1598734859,C++,C++ (GCC 9.2.1),cpp,Accepted,78.0,6424.0,473,
s098705464,p02572,u525065967,1598734858,Python,Python (3.8.2),py,Accepted,191.0,31516.0,218,
s706874385,p02572,u446053945,1598734853,C++,C++ (GCC 9.2.1),cpp,Accepted,75.0,4000.0,458,
s713133545,p02572,u368997407,1598734843,C++,C++ (GCC 9.2.1),cpp,Accepted,78.0,6340.0,469,
s840209102,p02572,u212672301,1598734836,Python,Python (3.8.2),py,Accepted,154.0,31536.0,251,
s360179495,p02572,u993868326,1598734806,C++,C++ (GCC 9.2.1),cpp,Accepted,74.0,6436.0,552,
s870507289,p02572,u663796637,1598734803,Python,PyPy3 (7.3.0),py,Accepted,122.0,119496.0,325,
s659547076,p02572,u592547545,1598734801,Python,Python (3.8.2),py,Accepted,176.0,31568.0,1052,
s243055465,p02572,u525065967,1598734798,Python,Python (3.8.2),py,Accepted,183.0,31524.0,228,
s766428562,p02572,u216015528,1598734796,Python,Python (3.8.2),py,Accepted,128.0,31488.0,325,
s928931207,p02572,u095266283,1598734790,Python,Python (3.8.2),py,Accepted,73.0,10844.0,17698,
s067437801,p02572,u485319545,1598734775,Python,Python (3.8.2),py,Accepted,152.0,31476.0,173,
s944985955,p02572,u929768294,1598734763,Python,Python (3.8.2),py,Accepted,186.0,31560.0,222,
s498146393,p02572,u531046456,1598734762,C++,C++ (GCC 9.2.1),cpp,Accepted,76.0,4816.0,417,
s081277186,p02572,u431389521,1598734761,C++,C++ (GCC 9.2.1),cpp,Accepted,74.0,4020.0,401,
s327169450,p02572,u053550236,1598734756,Python,Python (3.8.2),py,Accepted,116.0,31492.0,106,
s472080228,p02572,u802234211,1598734743,Python,Python (3.8.2),py,Accepted,175.0,31400.0,267,
s880023682,p02572,u729337236,1598734725,C++,C++ (GCC 9.2.1),cpp,Accepted,32.0,3520.0,3365,
s021265257,p02572,u160429264,1598734722,C++,C++ (GCC 9.2.1),cpp,Accepted,79.0,7992.0,1468,
s253583681,p02572,u231570044,1598734717,Python,Python (3.8.2),py,Accepted,150.0,31416.0,165,
s934757988,p02572,u579588275,1598734716,C++,C++ (GCC 9.2.1),cpp,Accepted,39.0,6692.0,1826,
s249470986,p02572,u607594286,1598734713,C++,C++ (GCC 9.2.1),cpp,Accepted,74.0,4776.0,3322,
s055085126,p02572,u277969177,1598734711,C++,C++ (GCC 9.2.1),cpp,Accepted,72.0,3920.0,557,
s045362093,p02572,u304058693,1598734704,Python,Python (3.8.2),py,Accepted,109.0,31656.0,341,
s527682912,p02572,u736470924,1598734704,Python,Python (3.8.2),py,Accepted,115.0,31560.0,225,
s453848160,p02572,u347640436,1598734691,Python,Python (3.8.2),py,Accepted,156.0,31716.0,176,
s684589941,p02572,u530107518,1598734681,C++,C++ (GCC 9.2.1),cpp,Accepted,36.0,6316.0,1989,
s438923333,p02572,u750067771,1598734681,C++,C++ (GCC 9.2.1),cpp,Accepted,39.0,6760.0,1134,
s076347348,p02572,u324019481,1598734663,Python,PyPy3 (7.3.0),py,Accepted,125.0,94028.0,430,
s250017029,p02572,u009025108,1598734650,C++,C++ (GCC 9.2.1),cpp,Accepted,36.0,5212.0,457,
s244162179,p02572,u216015528,1598734645,Python,Python (3.8.2),py,Accepted,128.0,31456.0,345,
s713267751,p02572,u837544459,1598734642,C++,C++ (GCC 9.2.1),cpp,Accepted,119.0,6376.0,777,
s067574206,p02572,u779293207,1598734641,Python,Python (3.8.2),py,Accepted,157.0,31552.0,165,
s483516539,p02572,u036411476,1598734640,C++,C++ (GCC 9.2.1),cpp,Accepted,73.0,4756.0,593,
s361193318,p02572,u644911355,1598734640,C++,C++ (GCC 9.2.1),cpp,Accepted,39.0,3268.0,344,
s234242558,p02572,u324019481,1598734637,Python,PyPy3 (7.3.0),py,Accepted,127.0,105444.0,428,
s443699038,p02572,u283341082,1598734625,Python,Python (3.8.2),py,Accepted,514.0,49784.0,377,
s989573180,p02572,u204208382,1598734622,C++,C++ (GCC 9.2.1),cpp,Accepted,77.0,4848.0,667,
s421725628,p02572,u349024904,1598734614,C++,C++ (GCC 9.2.1),cpp,Accepted,39.0,6332.0,1195,
s256821859,p02572,u825186577,1598734596,Python,Python (3.8.2),py,Accepted,100.0,31268.0,131,
s250034407,p02572,u994630752,1598734588,C++,C++ (GCC 9.2.1),cpp,Accepted,78.0,4772.0,2595,
s051713627,p02572,u407891541,1598734588,Python,Python (3.8.2),py,Accepted,532.0,53248.0,277,
s179564805,p02572,u728671859,1598734580,C++,C++ (Clang 10.0.0),cpp,Accepted,24.0,6300.0,889,
s480935176,p02572,u476068053,1598734577,Python,PyPy3 (7.3.0),py,Accepted,127.0,94012.0,752,
s755345035,p02572,u999327182,1598734557,Python,Python (3.8.2),py,Accepted,130.0,31648.0,164,
s973579185,p02572,u713178565,1598734552,C++,C++ (GCC 9.2.1),cpp,Accepted,74.0,5124.0,585,
s881049430,p02572,u642912410,1598734550,C++,C++ (GCC 9.2.1),cpp,Accepted,39.0,1696.0,657,
s224612756,p02572,u501451051,1598734548,Python,Python (3.8.2),py,Accepted,129.0,31456.0,152,
s630948944,p02572,u170913092,1598734548,C++,C++ (GCC 9.2.1),cpp,Accepted,76.0,6728.0,398,
s792485878,p02572,u825343780,1598734548,Python,Python (3.8.2),py,Accepted,140.0,31556.0,210,
s607178590,p02572,u394731058,1598734539,Python,Python (3.8.2),py,Accepted,111.0,31344.0,291,
s822915081,p02572,u025469035,1598734539,C++,C++ (GCC 9.2.1),cpp,Accepted,75.0,4844.0,566,
s550792730,p02572,u840037795,1598734538,Python,PyPy3 (7.3.0),py,Accepted,103.0,92040.0,244,
s882926545,p02572,u513983745,1598734533,C++,C++ (GCC 9.2.1),cpp,Accepted,76.0,6408.0,1164,
s287737689,p02572,u080885857,1598734533,Python,Python (3.8.2),py,Accepted,130.0,31624.0,292,
s068975989,p02572,u757482265,1598734523,C++,C++ (GCC 9.2.1),cpp,Accepted,36.0,11460.0,1363,
s935156380,p02572,u566317458,1598734521,C++,C++ (GCC 9.2.1),cpp,Accepted,70.0,5164.0,462,
s418324160,p02572,u642912410,1598734510,C++,C++ (GCC 9.2.1),cpp,Accepted,35.0,1692.0,836,
s105091517,p02572,u456671315,1598734509,C++,C++ (GCC 9.2.1),cpp,Accepted,40.0,6700.0,1245,
s390374440,p02572,u999900068,1598734508,C++,C++ (GCC 9.2.1),cpp,Accepted,76.0,6336.0,583,
s752021170,p02572,u324019481,1598734505,Python,PyPy3 (7.3.0),py,Accepted,136.0,93912.0,395,
s393763459,p02572,u609922073,1598734487,C++,C++ (GCC 9.2.1),cpp,Accepted,33.0,4764.0,1563,
s764392809,p02572,u845416499,1598734484,Python,PyPy3 (7.3.0),py,Accepted,126.0,93952.0,411,
s393167827,p02572,u506535717,1598734477,C++,C++ (GCC 9.2.1),cpp,Accepted,33.0,4772.0,1951,
s572975615,p02572,u733866054,1598734475,Python,Python (3.8.2),py,Accepted,159.0,31380.0,181,
s489006133,p02572,u615285493,1598734472,C++,C++ (GCC 9.2.1),cpp,Accepted,32.0,3652.0,2789,
s178042031,p02572,u900753971,1598734469,C++,C++ (GCC 9.2.1),cpp,Accepted,75.0,4752.0,375,
s762687124,p02572,u348293370,1598734467,Python,Python (3.8.2),py,Accepted,128.0,31716.0,144,
s559747140,p02572,u574270963,1598734460,C++,C++ (GCC 9.2.1),cpp,Accepted,81.0,6716.0,457,
s091259258,p02572,u679159704,1598734457,C++,C++ (GCC 9.2.1),cpp,Accepted,39.0,6356.0,651,
s235093578,p02572,u137747137,1598734454,C++,C++ (GCC 9.2.1),cpp,Accepted,36.0,6360.0,871,
s591990813,p02572,u571281863,1598734444,Python,Python (3.8.2),py,Accepted,136.0,31396.0,131,
s528442500,p02572,u578894821,1598734443,C++,C++ (GCC 9.2.1),cpp,Accepted,37.0,6780.0,1246,
s748758056,p02572,u572033996,1598734440,C++,C++ (GCC 9.2.1),cpp,Accepted,38.0,6776.0,734,
s755778808,p02572,u713178565,1598734436,C++,C++ (GCC 9.2.1),cpp,Accepted,74.0,4728.0,362,
s605878650,p02572,u032004842,1598734426,C++,C++ (GCC 9.2.1),cpp,Accepted,89.0,6416.0,524,
s231668583,p02572,u224794697,1598734425,C++,C++ (GCC 9.2.1),cpp,Accepted,74.0,6368.0,495,
s541186415,p02572,u879584308,1598734418,Python,PyPy3 (7.3.0),py,Accepted,125.0,94248.0,232,
s570682218,p02572,u531506695,1598734403,C++,C++ (GCC 9.2.1),cpp,Accepted,31.0,6368.0,2595,
s083461318,p02572,u863673790,1598734400,Python,Python (3.8.2),py,Accepted,201.0,31396.0,383,
s316062483,p02572,u825343780,1598734398,Python,Python (3.8.2),py,Accepted,109.0,31660.0,181,
s488782898,p02572,u388879492,1598734383,Python,PyPy3 (7.3.0),py,Accepted,118.0,94292.0,240,
s289130684,p02572,u483331319,1598734379,Python,Python (3.8.2),py,Accepted,144.0,31516.0,160,
s722322559,p02572,u714672567,1598734377,C++,C++ (GCC 9.2.1),cpp,Accepted,35.0,4784.0,4369,
s866012942,p02572,u093185928,1598734360,C++,C++ (GCC 9.2.1),cpp,Accepted,75.0,4844.0,417,
s671932813,p02572,u499009346,1598734355,C++,C++ (GCC 9.2.1),cpp,Accepted,73.0,5116.0,848,
s989685782,p02572,u849341325,1598734351,C++,C++ (GCC 9.2.1),cpp,Accepted,73.0,4048.0,557,
s211920529,p02572,u750822433,1598734344,Python,PyPy3 (7.3.0),py,Accepted,132.0,94136.0,213,
s504563522,p02572,u876953939,1598734335,C++,C++ (GCC 9.2.1),cpp,Accepted,38.0,6356.0,2118,
s758677204,p02572,u714732628,1598734331,Python,Python (3.8.2),py,Accepted,184.0,31468.0,222,
s579257802,p02572,u762533651,1598734325,Python,PyPy3 (7.3.0),py,Accepted,123.0,94180.0,155,
s927912674,p02572,u671889550,1598734325,Python,Python (3.8.2),py,Accepted,137.0,31584.0,173,
s252316601,p02572,u337054478,1598734320,C++,C++ (GCC 9.2.1),cpp,Accepted,76.0,6408.0,1582,
s404964795,p02572,u557792847,1598734319,Python,Python (3.8.2),py,Accepted,137.0,31608.0,345,
s330473250,p02572,u552143188,1598734315,Python,Python (3.8.2),py,Accepted,237.0,30740.0,380,
s472015159,p02572,u807028974,1598734310,Python,Python (3.8.2),py,Accepted,151.0,31548.0,846,
s168107158,p02572,u985335994,1598734302,C++,C++ (GCC 9.2.1),cpp,Accepted,36.0,6324.0,649,
s719697013,p02572,u608654778,1598734301,C++,C++ (GCC 9.2.1),cpp,Accepted,76.0,4772.0,1355,
s874198020,p02572,u752233836,1598734301,Python,PyPy3 (7.3.0),py,Accepted,124.0,102288.0,215,
s363001664,p02572,u620626180,1598734291,C++,C++ (GCC 9.2.1),cpp,Accepted,70.0,4036.0,2208,
s435949226,p02572,u835051230,1598734288,C++,C++ (GCC 9.2.1),cpp,Accepted,78.0,6724.0,496,
s284053274,p02572,u402381480,1598734284,C++,C++ (GCC 9.2.1),cpp,Accepted,36.0,6344.0,1378,
s607851013,p02572,u155659281,1598734281,Python,Python (3.8.2),py,Accepted,132.0,31408.0,201,
s327511522,p02572,u411478442,1598734280,Python,Python (3.8.2),py,Accepted,139.0,31436.0,159,
s275712217,p02572,u809514327,1598734267,C++,C++ (GCC 9.2.1),cpp,Accepted,75.0,3588.0,468,
s579751634,p02572,u701700449,1598734261,C++,C++ (GCC 9.2.1),cpp,Accepted,76.0,4772.0,1177,
s448582895,p02572,u521652313,1598734257,C++,C++ (GCC 9.2.1),cpp,Accepted,76.0,6368.0,554,
s977354159,p02572,u273339216,1598734254,Python,Python (3.8.2),py,Accepted,152.0,31468.0,235,
s545864475,p02572,u630237503,1598734254,Python,Python (3.8.2),py,Accepted,182.0,30928.0,663,
s440492762,p02572,u919519672,1598734253,Python,Python (3.8.2),py,Accepted,129.0,31504.0,341,
s331435668,p02572,u835534008,1598734246,C++,C++ (GCC 9.2.1),cpp,Accepted,74.0,6412.0,412,
s589637895,p02572,u576641570,1598734246,C++,C++ (GCC 9.2.1),cpp,Accepted,31.0,3620.0,1690,
s026198349,p02572,u868055170,1598734245,Python,Python (3.8.2),py,Accepted,129.0,31352.0,224,
s555607610,p02572,u823083725,1598734243,C++,C++ (GCC 9.2.1),cpp,Accepted,76.0,4740.0,1116,
s665140376,p02572,u152741807,1598734233,Python,Python (3.8.2),py,Accepted,184.0,31568.0,253,
s633069967,p02572,u375695365,1598734232,Python,PyPy3 (7.3.0),py,Accepted,124.0,94228.0,158,
s077587727,p02572,u498677593,1598734220,Python,PyPy3 (7.3.0),py,Accepted,125.0,94156.0,138,
s316115877,p02572,u689844566,1598734216,C++,C++ (GCC 9.2.1),cpp,Accepted,74.0,6408.0,3056,
s494508882,p02572,u340040203,1598734211,C++,C++ (GCC 9.2.1),cpp,Accepted,81.0,6372.0,512,
s409999340,p02572,u823186531,1598734209,C++,C++ (GCC 9.2.1),cpp,Accepted,75.0,4836.0,584,
s327550275,p02572,u000582888,1598734199,C++,C++ (GCC 9.2.1),cpp,Accepted,76.0,6820.0,478,
s556920300,p02572,u402381480,1598734195,C++,C++ (GCC 9.2.1),cpp,Accepted,38.0,5544.0,1306,
s915709686,p02572,u277060039,1598734192,C++,C++ (GCC 9.2.1),cpp,Accepted,81.0,5096.0,725,
s147738490,p02572,u078349616,1598734191,Python,Python (3.8.2),py,Accepted,160.0,30992.0,302,
s373198150,p02572,u529781102,1598734183,C++,C++ (GCC 9.2.1),cpp,Accepted,76.0,5108.0,916,
s962143690,p02572,u229213815,1598734179,C++,C++ (GCC 9.2.1),cpp,Accepted,69.0,4832.0,783,
s266788734,p02572,u210545407,1598734171,Python,Python (3.8.2),py,Accepted,147.0,31676.0,187,
s725452386,p02572,u876953939,1598734170,C++,C++ (GCC 9.2.1),cpp,Accepted,37.0,6316.0,2097,
s301779191,p02572,u928679486,1598734169,C++,C++ (GCC 9.2.1),cpp,Accepted,38.0,4760.0,602,
s228615805,p02572,u503629869,1598734164,C++,C++ (GCC 9.2.1),cpp,Accepted,34.0,6340.0,1759,
s329906658,p02572,u157857824,1598734154,Python,PyPy3 (7.3.0),py,Accepted,117.0,94180.0,161,
s803945375,p02572,u238722003,1598734149,C++,C++ (GCC 9.2.1),cpp,Accepted,76.0,6736.0,2124,
s416665692,p02572,u542670845,1598734143,C++,C++ (GCC 9.2.1),cpp,Accepted,83.0,4780.0,854,
s330967139,p02572,u600244905,1598734132,C++,C++ (GCC 9.2.1),cpp,Accepted,33.0,4680.0,2204,
s861426353,p02572,u469430461,1598734131,C++,C++ (Clang 10.0.0),cpp,Accepted,156.0,6280.0,744,
s527683443,p02572,u149561059,1598734128,C++,C++ (GCC 9.2.1),cpp,Accepted,74.0,5160.0,375,
s619398398,p02572,u655048024,1598734126,Python,Python (3.8.2),py,Accepted,141.0,31608.0,149,
s555747105,p02572,u474377871,1598734113,C++,C++ (GCC 9.2.1),cpp,Accepted,73.0,3608.0,231,
s269091685,p02572,u571152872,1598734108,C++,C++ (GCC 9.2.1),cpp,Accepted,38.0,2508.0,359,
s059692230,p02572,u380791283,1598734104,Python,Python (3.8.2),py,Accepted,186.0,31396.0,233,
s162833956,p02572,u161537170,1598734103,Python,Python (3.8.2),py,Accepted,131.0,31372.0,170,
s734058611,p02572,u700161499,1598734099,C++,C++ (GCC 9.2.1),cpp,Accepted,41.0,5264.0,1818,
s125203221,p02572,u303884911,1598734097,C++,C++ (GCC 9.2.1),cpp,Accepted,38.0,6364.0,1161,
s217041398,p02572,u488219351,1598734093,C++,C++ (GCC 9.2.1),cpp,Accepted,79.0,6428.0,1528,
s070586957,p02572,u497805118,1598734092,Python,PyPy3 (7.3.0),py,Accepted,134.0,105804.0,280,
s773290794,p02572,u714732628,1598734092,C++,C++ (GCC 9.2.1),cpp,Accepted,76.0,6392.0,545,
s537578797,p02572,u651314218,1598734090,C++,C++ (GCC 9.2.1),cpp,Accepted,78.0,4760.0,743,
s161173583,p02572,u222613738,1598734088,C++,C++ (GCC 9.2.1),cpp,Accepted,78.0,5160.0,345,
s873009783,p02572,u053550236,1598734088,Python,Python (3.8.2),py,Accepted,126.0,31452.0,442,
s643723498,p02572,u546853743,1598734084,Python,Python (3.8.2),py,Accepted,118.0,31548.0,175,
s740061843,p02572,u591143370,1598734076,Python,Python (3.8.2),py,Accepted,144.0,32468.0,251,
s419849243,p02572,u101204895,1598734075,C++,C++ (GCC 9.2.1),cpp,Accepted,23.0,6804.0,1283,
s972442060,p02572,u814419162,1598734074,Python,PyPy3 (7.3.0),py,Accepted,126.0,94028.0,202,
s190021214,p02572,u085746830,1598734074,C++,C++ (GCC 9.2.1),cpp,Accepted,82.0,4400.0,431,
s047077591,p02572,u017167684,1598734058,C++,C++ (GCC 9.2.1),cpp,Accepted,77.0,6368.0,443,
s373377237,p02572,u293989573,1598734054,C++,C++ (GCC 9.2.1),cpp,Accepted,74.0,5232.0,344,
s945548080,p02572,u305141544,1598734050,C++,C++ (GCC 9.2.1),cpp,Accepted,79.0,5128.0,1247,
s036993637,p02572,u945771376,1598734049,C++,C++ (GCC 9.2.1),cpp,Accepted,76.0,6344.0,513,
s441617774,p02572,u059727354,1598734044,C++,C++ (GCC 9.2.1),cpp,Accepted,35.0,3664.0,2443,
s883349962,p02572,u947485517,1598734036,C++,C++ (GCC 9.2.1),cpp,Accepted,75.0,4816.0,434,
s014856307,p02572,u827741718,1598734031,C++,C++ (GCC 9.2.1),cpp,Accepted,75.0,6680.0,1103,
s559639981,p02572,u039734738,1598734024,C++,C++ (GCC 9.2.1),cpp,Accepted,79.0,4856.0,905,
s313375431,p02572,u019685451,1598734021,Python,Python (3.8.2),py,Accepted,152.0,31552.0,199,
s509848294,p02572,u480168496,1598734008,C++,C++ (GCC 9.2.1),cpp,Accepted,77.0,4044.0,501,
s077483888,p02572,u725137652,1598734002,C++,C++ (GCC 9.2.1),cpp,Accepted,41.0,6304.0,3105,
s396851798,p02572,u282807996,1598734001,C++,C++ (GCC 9.2.1),cpp,Accepted,76.0,6404.0,422,
s782146002,p02572,u766565683,1598733998,Python,Python (3.8.2),py,Accepted,156.0,31404.0,251,
s612735965,p02572,u787972656,1598733992,C++,C++ (GCC 9.2.1),cpp,Accepted,78.0,5840.0,402,
s623585255,p02572,u525302207,1598733990,Python,Python (3.8.2),py,Accepted,143.0,31492.0,195,
s846588392,p02572,u768636516,1598733977,Python,Python (3.8.2),py,Accepted,129.0,31556.0,169,
s414950327,p02572,u143310096,1598733976,C++,C++ (GCC 9.2.1),cpp,Accepted,79.0,6664.0,2115,
s586008243,p02572,u884244819,1598733968,Python,PyPy3 (7.3.0),py,Accepted,115.0,91948.0,354,
s583203085,p02572,u154617791,1598733957,C++,C++ (GCC 9.2.1),cpp,Accepted,80.0,6700.0,599,
s443537721,p02572,u373956679,1598733932,C++,C++ (GCC 9.2.1),cpp,Accepted,77.0,6408.0,2018,
s261225927,p02572,u328530240,1598733928,C++,C++ (GCC 9.2.1),cpp,Accepted,78.0,4804.0,444,
s543522324,p02572,u923051067,1598733907,C++,C++ (GCC 9.2.1),cpp,Accepted,79.0,4728.0,445,
s855082536,p02572,u055286569,1598733906,C++,C++ (GCC 9.2.1),cpp,Accepted,77.0,4812.0,1641,
s271575303,p02572,u279266699,1598733906,Python,Python (3.8.2),py,Accepted,122.0,31436.0,438,
s472308720,p02572,u444660909,1598733889,Python,Python (3.8.2),py,Accepted,187.0,31548.0,194,
s921174449,p02572,u292485227,1598733885,C++,C++ (GCC 9.2.1),cpp,Accepted,71.0,6752.0,888,
s571859067,p02572,u609561564,1598733881,Python,Python (3.8.2),py,Accepted,192.0,31364.0,223,
s071460661,p02572,u745134826,1598733859,C++,C++ (Clang 10.0.0),cpp,Accepted,164.0,4404.0,604,
s943322288,p02572,u304593245,1598733850,Python,Python (3.8.2),py,Accepted,139.0,32216.0,188,
s577360075,p02572,u432136604,1598733846,C++,C++ (GCC 9.2.1),cpp,Accepted,39.0,6720.0,1240,
s375381949,p02572,u143118232,1598733845,Python,Python (3.8.2),py,Accepted,150.0,31484.0,539,
s365224133,p02572,u628707847,1598733844,Python,Python (3.8.2),py,Accepted,132.0,31388.0,154,
s655901643,p02572,u951672025,1598733839,C++,C++ (GCC 9.2.1),cpp,Accepted,36.0,6736.0,782,
s517631448,p02572,u119148115,1598733837,Python,PyPy3 (7.3.0),py,Accepted,120.0,94276.0,285,
s566117420,p02572,u261700262,1598733837,Python,Python (3.8.2),py,Accepted,132.0,31428.0,218,
s836570469,p02572,u649811088,1598733820,C++,C++ (GCC 9.2.1),cpp,Accepted,78.0,6724.0,909,
s587105049,p02572,u908484929,1598733815,C++,C++ (GCC 9.2.1),cpp,Accepted,81.0,6432.0,2562,
s347150406,p02572,u761475553,1598733801,C++,C++ (GCC 9.2.1),cpp,Accepted,37.0,6856.0,1141,
s772846174,p02572,u440566786,1598733801,Python,PyPy3 (7.3.0),py,Accepted,118.0,94200.0,315,
s540299054,p02572,u852321751,1598733800,C++,C++ (GCC 9.2.1),cpp,Accepted,36.0,3616.0,4926,
s254200804,p02572,u875570028,1598733798,C++,C++ (Clang 10.0.0),cpp,Accepted,168.0,4340.0,405,
s913413663,p02572,u942388574,1598733792,Python,Python (3.8.2),py,Accepted,157.0,31452.0,323,
s864570180,p02572,u075304271,1598733790,Python,Python (3.8.2),py,Accepted,156.0,32848.0,435,
s240218228,p02572,u324918230,1598733761,Python,PyPy3 (7.3.0),py,Accepted,434.0,94036.0,152,
s710638952,p02572,u915622184,1598733754,C++,C++ (GCC 9.2.1),cpp,Accepted,76.0,5164.0,452,
s792580326,p02572,u823083725,1598733751,C++,C++ (GCC 9.2.1),cpp,Accepted,69.0,4816.0,512,
s440745203,p02572,u041513069,1598733741,C++,C++ (GCC 9.2.1),cpp,Accepted,77.0,6424.0,1390,
s186407369,p02572,u760416403,1598733723,C++,C++ (GCC 9.2.1),cpp,Accepted,80.0,4056.0,557,
s356615368,p02572,u128666468,1598733707,C++,C++ (GCC 9.2.1),cpp,Accepted,36.0,6884.0,1232,
s737681788,p02572,u432021948,1598733672,C++,C++ (GCC 9.2.1),cpp,Accepted,79.0,6336.0,632,
s994928039,p02572,u702906718,1598733664,C++,C++ (GCC 9.2.1),cpp,Accepted,37.0,6340.0,1098,
s774053743,p02572,u119487091,1598733661,C++,C++ (GCC 9.2.1),cpp,Accepted,38.0,6760.0,1499,
s404660067,p02572,u607155447,1598733659,Python,Python (3.8.2),py,Accepted,178.0,31548.0,258,
s715688420,p02572,u745566958,1598733644,C++,C++ (GCC 9.2.1),cpp,Accepted,39.0,6888.0,1232,
s158063759,p02572,u866845891,1598733637,C++,C++ (GCC 9.2.1),cpp,Accepted,39.0,5104.0,756,
s153543102,p02572,u011182375,1598733631,C++,C++ (GCC 9.2.1),cpp,Accepted,36.0,4756.0,1367,
s071080472,p02572,u936602931,1598733630,C++,C++ (GCC 9.2.1),cpp,Accepted,32.0,5184.0,735,
s344115141,p02572,u246401133,1598733623,Python,Python (3.8.2),py,Accepted,181.0,31448.0,243,
s873617699,p02572,u843559831,1598733603,C++,C++ (GCC 9.2.1),cpp,Accepted,38.0,6884.0,1232,
s167765044,p02572,u663842230,1598733593,C++,C++ (GCC 9.2.1),cpp,Accepted,85.0,6400.0,881,
s197999793,p02572,u101829354,1598733582,C++,C++ (GCC 9.2.1),cpp,Accepted,34.0,5200.0,809,
s148667071,p02572,u687416863,1598733582,Python,Python (3.8.2),py,Accepted,174.0,31564.0,254,
s039329178,p02572,u962609087,1598733580,C++,C++ (GCC 9.2.1),cpp,Accepted,36.0,6364.0,2755,
s690618999,p02572,u866663151,1598733573,C++,C++ (GCC 9.2.1),cpp,Accepted,40.0,6340.0,837,
s257135260,p02572,u619653948,1598733567,C++,C++ (GCC 9.2.1),cpp,Accepted,82.0,4820.0,355,
s222826214,p02572,u619716199,1598733561,C++,C++ (GCC 9.2.1),cpp,Accepted,37.0,5288.0,912,
s631457442,p02572,u671246196,1598733552,C++,C++ (GCC 9.2.1),cpp,Accepted,85.0,8276.0,1071,
s364610220,p02572,u449491657,1598733552,C++,C++ (GCC 9.2.1),cpp,Accepted,31.0,4364.0,749,
s803542961,p02572,u591734860,1598733548,Python,Python (3.8.2),py,Accepted,146.0,31388.0,531,
s684658144,p02572,u036914910,1598733547,Python,Python (3.8.2),py,Accepted,176.0,31488.0,271,
s087753859,p02572,u788461451,1598733534,C++,C++ (GCC 9.2.1),cpp,Accepted,74.0,4016.0,770,
s538538573,p02572,u932758529,1598733531,Python,PyPy3 (7.3.0),py,Accepted,110.0,105256.0,300,
s022393708,p02572,u556371693,1598733527,Python,Python (3.8.2),py,Accepted,184.0,31596.0,241,
s407008188,p02572,u562212298,1598733523,C++,C++ (GCC 9.2.1),cpp,Accepted,76.0,3620.0,323,
s362753508,p02572,u346395915,1598733522,Python,Python (3.8.2),py,Accepted,259.0,31532.0,311,
s121560322,p02572,u009885900,1598733519,Python,Python (3.8.2),py,Accepted,142.0,31652.0,182,
s660401035,p02572,u762603420,1598733517,C++,C++ (GCC 9.2.1),cpp,Accepted,79.0,3624.0,726,
s627841540,p02572,u288584566,1598733516,C++,C++ (GCC 9.2.1),cpp,Accepted,77.0,5208.0,463,
s322524543,p02572,u631342090,1598733515,C++,C++ (GCC 9.2.1),cpp,Accepted,33.0,5172.0,2162,
s072809759,p02572,u246713170,1598733514,C++,C++ (GCC 9.2.1),cpp,Accepted,78.0,4792.0,560,
s698862993,p02572,u052656528,1598733514,C++,C++ (GCC 9.2.1),cpp,Accepted,72.0,4020.0,351,
s666422489,p02572,u594983000,1598733505,C++,C++ (GCC 9.2.1),cpp,Accepted,76.0,4848.0,591,
s427120470,p02572,u279439669,1598733504,Python,Python (3.8.2),py,Accepted,110.0,31576.0,326,
s343829438,p02572,u489247698,1598733500,Python,PyPy3 (7.3.0),py,Accepted,130.0,93620.0,310,
s698426385,p02572,u459277607,1598733495,C++,C++ (GCC 9.2.1),cpp,Accepted,37.0,6620.0,857,
s086363843,p02572,u555767343,1598733493,Python,Python (3.8.2),py,Accepted,518.0,39524.0,301,
s706647791,p02572,u731807761,1598733490,Python,Python (3.8.2),py,Accepted,277.0,49652.0,384,
s796749233,p02572,u887006551,1598733482,C++,C++ (GCC 9.2.1),cpp,Accepted,70.0,5144.0,2126,
s934522471,p02572,u804026375,1598733471,C++,C++ (GCC 9.2.1),cpp,Accepted,35.0,6692.0,2112,
s294555614,p02572,u472334519,1598733468,Python,Python (3.8.2),py,Accepted,177.0,31320.0,185,
s509379050,p02572,u308616113,1598733458,C++,C++ (GCC 9.2.1),cpp,Accepted,35.0,5188.0,573,
s630972584,p02572,u358894498,1598733455,C++,C++ (GCC 9.2.1),cpp,Accepted,78.0,5896.0,581,
s051352380,p02572,u621817856,1598733455,C++,C++ (GCC 9.2.1),cpp,Accepted,74.0,4808.0,572,
s507194786,p02572,u054181271,1598733444,C++,C++ (GCC 9.2.1),cpp,Accepted,76.0,6696.0,423,
s776759005,p02572,u463068683,1598733441,Python,Python (3.8.2),py,Accepted,215.0,31384.0,227,
s921006678,p02572,u418583622,1598733436,C++,C++ (GCC 9.2.1),cpp,Accepted,72.0,4824.0,501,
s532767502,p02572,u884958557,1598733436,C++,C++ (GCC 9.2.1),cpp,Accepted,78.0,5180.0,1204,
s999324268,p02572,u510386684,1598733419,C++,C++ (GCC 9.2.1),cpp,Accepted,75.0,5164.0,571,
s769820580,p02572,u004736366,1598733416,C++,C++ (GCC 9.2.1),cpp,Accepted,40.0,5216.0,718,
s182003021,p02572,u965970707,1598733414,Python,Python (3.8.2),py,Accepted,121.0,31604.0,433,
s064268051,p02572,u297439372,1598733414,C++,C++ (GCC 9.2.1),cpp,Accepted,74.0,6424.0,518,
s958295366,p02572,u500942659,1598733406,Python,Python (3.8.2),py,Accepted,196.0,31504.0,219,
s282895814,p02572,u928347588,1598733403,Python,Python (3.8.2),py,Accepted,158.0,31412.0,196,
s248598693,p02572,u460386402,1598733399,Python,PyPy3 (7.3.0),py,Accepted,137.0,94272.0,160,
s399524086,p02572,u244897331,1598733392,C++,C++ (GCC 9.2.1),cpp,Accepted,81.0,6404.0,601,
s890694229,p02572,u714732628,1598733392,Python,Python (3.8.2),py,Accepted,174.0,31424.0,187,
s414398747,p02572,u007815330,1598733387,Python,PyPy3 (7.3.0),py,Accepted,135.0,94296.0,236,
s572392251,p02572,u176621115,1598733379,C++,C++ (GCC 9.2.1),cpp,Accepted,85.0,9188.0,1535,
s184207065,p02572,u769569814,1598733366,C++,C++ (GCC 9.2.1),cpp,Accepted,79.0,6672.0,623,
s720526657,p02572,u935184383,1598733364,C++,C++ (GCC 9.2.1),cpp,Accepted,77.0,4844.0,360,
s989677815,p02572,u996365012,1598733361,C++,C++ (GCC 9.2.1),cpp,Accepted,76.0,5148.0,417,
s861505180,p02572,u756195685,1598733360,Python,Python (3.8.2),py,Accepted,141.0,25272.0,156,
s114661936,p02572,u658801777,1598733354,Python,PyPy3 (7.3.0),py,Accepted,127.0,94096.0,169,
s193256854,p02572,u092576233,1598733354,C++,C++ (GCC 9.2.1),cpp,Accepted,75.0,6760.0,360,
s460112209,p02572,u951112139,1598733348,C++,C++ (GCC 9.2.1),cpp,Accepted,77.0,3980.0,2055,
s128858780,p02572,u715329136,1598733348,Python,PyPy3 (7.3.0),py,Accepted,126.0,94092.0,326,
s216053954,p02572,u168621426,1598733344,C++,C++ (GCC 9.2.1),cpp,Accepted,75.0,7212.0,4100,
s569287522,p02572,u127370080,1598733344,C++,C++ (GCC 9.2.1),cpp,Accepted,77.0,6356.0,449,
s950607780,p02572,u585963734,1598733322,Python,Python (3.8.2),py,Accepted,173.0,31184.0,218,
s012219331,p02572,u842779196,1598733319,C++,C++ (GCC 9.2.1),cpp,Accepted,80.0,6660.0,554,
s053683481,p02572,u470735879,1598733317,Python,Python (3.8.2),py,Accepted,209.0,31156.0,513,
s735538784,p02572,u659159398,1598733311,Python,PyPy3 (7.3.0),py,Accepted,122.0,94240.0,286,
s844178995,p02572,u684002488,1598733306,C++,C++ (GCC 9.2.1),cpp,Accepted,76.0,4728.0,511,
s852432223,p02572,u650331402,1598733302,Python,Python (3.8.2),py,Accepted,112.0,31372.0,430,
s970725844,p02572,u374116442,1598733297,C++,C++ (GCC 9.2.1),cpp,Accepted,78.0,4832.0,729,
s197598850,p02572,u268822556,1598733296,C++,C++ (GCC 9.2.1),cpp,Accepted,72.0,4044.0,582,
s146824080,p02572,u231954178,1598733296,Python,Python (3.8.2),py,Accepted,134.0,31656.0,188,
s459303420,p02572,u127882207,1598733292,C++,C++ (GCC 9.2.1),cpp,Accepted,76.0,5172.0,1542,
s292214100,p02572,u970006601,1598733288,C++,C++ (GCC 9.2.1),cpp,Accepted,37.0,4760.0,1400,
s116864434,p02572,u906060038,1598733287,C++,C++ (GCC 9.2.1),cpp,Accepted,72.0,3608.0,800,
s865842686,p02572,u433375322,1598733284,Python,Python (3.8.2),py,Accepted,142.0,31516.0,126,
s113592114,p02572,u792677846,1598733277,C++,C++ (GCC 9.2.1),cpp,Accepted,81.0,6404.0,453,
s311252395,p02572,u564037510,1598733272,C++,C++ (GCC 9.2.1),cpp,Accepted,37.0,6328.0,2803,
s416223540,p02572,u055556309,1598733267,C++,C++ (GCC 9.2.1),cpp,Accepted,76.0,5168.0,535,
s863407977,p02572,u056677140,1598733263,C++,C++ (GCC 9.2.1),cpp,Accepted,74.0,5164.0,343,
s463665333,p02572,u460009487,1598733254,Python,PyPy3 (7.3.0),py,Accepted,123.0,94160.0,153,
s530281788,p02572,u732332220,1598733253,C++,C++ (GCC 9.2.1),cpp,Accepted,75.0,6432.0,541,
s401821303,p02572,u681869152,1598733247,C++,C++ (GCC 9.2.1),cpp,Accepted,37.0,6652.0,1496,
s989380814,p02572,u818755983,1598733242,C++,C++ (GCC 9.2.1),cpp,Accepted,71.0,4832.0,516,
s028582271,p02572,u075502030,1598733239,C++,C++ (GCC 9.2.1),cpp,Accepted,82.0,6396.0,451,
s669921371,p02572,u911619829,1598733238,Python,PyPy3 (7.3.0),py,Accepted,131.0,102144.0,204,
s310440555,p02572,u716923470,1598733238,C++,C++ (GCC 9.2.1),cpp,Accepted,40.0,6776.0,1321,
s312731244,p02572,u829614104,1598733237,C++,C++ (GCC 9.2.1),cpp,Accepted,28.0,6708.0,558,
s240365437,p02572,u825924332,1598733232,C++,C++ (GCC 9.2.1),cpp,Accepted,40.0,5356.0,468,
s813483739,p02572,u237536401,1598733225,C++,C++ (GCC 9.2.1),cpp,Accepted,78.0,5148.0,335,
s742527146,p02572,u062484507,1598733222,Python,Python (3.8.2),py,Accepted,345.0,45968.0,387,
s375684150,p02572,u130560508,1598733221,C++,C++ (GCC 9.2.1),cpp,Accepted,40.0,3720.0,3628,
s063735294,p02572,u443569925,1598733217,C++,C++ (GCC 9.2.1),cpp,Accepted,78.0,5172.0,419,
s440115493,p02572,u033407970,1598733216,C++,C++ (GCC 9.2.1),cpp,Accepted,81.0,5272.0,2002,
s821372993,p02572,u977576071,1598733208,C++,C++ (GCC 9.2.1),cpp,Accepted,74.0,6336.0,470,
s126329481,p02572,u623814058,1598733203,Python,Python (3.8.2),py,Accepted,166.0,31500.0,160,
s006139692,p02572,u157232135,1598733201,Python,Python (3.8.2),py,Accepted,145.0,31124.0,281,
s625652828,p02572,u545376686,1598733194,C++,C++ (GCC 9.2.1),cpp,Accepted,69.0,3596.0,595,
s064427981,p02572,u133884710,1598733186,C++,C++ (GCC 9.2.1),cpp,Accepted,77.0,6408.0,631,
s870613437,p02572,u985384813,1598733182,C++,C++ (GCC 9.2.1),cpp,Accepted,42.0,5172.0,972,
s338683144,p02572,u882098164,1598733178,C++,C++ (GCC 9.2.1),cpp,Accepted,79.0,3644.0,407,
s591075083,p02572,u369436268,1598733176,C++,C++ (GCC 9.2.1),cpp,Accepted,78.0,5100.0,631,
s572136892,p02572,u854931881,1598733175,Python,Python (3.8.2),py,Accepted,163.0,31436.0,153,
s612256460,p02572,u349470793,1598733174,C++,C++ (GCC 9.2.1),cpp,Accepted,45.0,6744.0,582,
s455545998,p02572,u295811270,1598733169,C++,C++ (GCC 9.2.1),cpp,Accepted,39.0,6340.0,1549,
s627287048,p02572,u872862919,1598733169,C++,C++ (GCC 9.2.1),cpp,Accepted,36.0,5964.0,518,
s355685160,p02572,u821322673,1598733166,Python,PyPy3 (7.3.0),py,Accepted,121.0,94128.0,250,
s494317398,p02572,u878860128,1598733165,C++,C++ (GCC 9.2.1),cpp,Accepted,75.0,4840.0,547,
s433385328,p02572,u703461138,1598733156,C++,C++ (GCC 9.2.1),cpp,Accepted,32.0,4776.0,872,
s980000815,p02572,u696198557,1598733149,C++,C++ (GCC 9.2.1),cpp,Accepted,76.0,6436.0,547,
s791628091,p02572,u943057856,1598733148,Python,PyPy3 (7.3.0),py,Accepted,123.0,102020.0,247,
s144480242,p02572,u558904608,1598733136,C++,C++ (Clang 10.0.0),cpp,Accepted,163.0,6280.0,508,
s578932443,p02572,u546835970,1598733135,C++,C++ (GCC 9.2.1),cpp,Accepted,71.0,4824.0,384,
s385254818,p02572,u376616698,1598733134,C++,C++ (GCC 9.2.1),cpp,Accepted,78.0,5208.0,594,
s672972021,p02572,u460745860,1598733125,Python,Python (3.8.2),py,Accepted,125.0,31312.0,217,
s174597148,p02572,u949979613,1598733121,C++,C++ (GCC 9.2.1),cpp,Accepted,82.0,6744.0,701,
s209853368,p02572,u554784585,1598733118,Python,Python (3.8.2),py,Accepted,140.0,31352.0,147,
s144115289,p02572,u359641414,1598733111,Python,PyPy3 (7.3.0),py,Accepted,120.0,94272.0,262,
s274731138,p02572,u569776981,1598733108,Python,Python (3.8.2),py,Accepted,119.0,31484.0,177,
s274327495,p02572,u455902508,1598733092,C++,C++ (GCC 9.2.1),cpp,Accepted,82.0,6716.0,2187,
s078230175,p02572,u378344240,1598733089,C++,C++ (GCC 9.2.1),cpp,Accepted,72.0,4764.0,793,
s435959221,p02572,u386309166,1598733086,C++,C++ (GCC 9.2.1),cpp,Accepted,34.0,6692.0,1286,
s405888295,p02572,u142082749,1598733085,C++,C++ (GCC 9.2.1),cpp,Accepted,77.0,6416.0,865,
s094094642,p02572,u697843548,1598733083,C++,C++ (GCC 9.2.1),cpp,Accepted,35.0,5204.0,449,
s796385832,p02572,u485435834,1598733082,Python,PyPy3 (7.3.0),py,Accepted,146.0,104724.0,269,
s032644936,p02572,u039304781,1598733081,Python,Python (3.8.2),py,Accepted,139.0,31500.0,167,
s222078244,p02572,u995665992,1598733081,C++,C++ (GCC 9.2.1),cpp,Accepted,34.0,5564.0,609,
s903553566,p02572,u548624367,1598733070,C++,C++ (GCC 9.2.1),cpp,Accepted,70.0,3628.0,593,
s354946707,p02572,u940652437,1598733067,Python,Python (3.8.2),py,Accepted,135.0,31520.0,205,
s703664556,p02572,u540383382,1598733066,C++,C++ (GCC 9.2.1),cpp,Accepted,37.0,5168.0,621,
s007038506,p02572,u870576013,1598733058,Python,PyPy3 (7.3.0),py,Accepted,533.0,94056.0,162,
s375641185,p02572,u103136263,1598733036,Python,Python (3.8.2),py,Accepted,951.0,59856.0,5597,
s288949906,p02572,u335458021,1598733035,C++,C++ (GCC 9.2.1),cpp,Accepted,38.0,5188.0,941,
s482409680,p02572,u303884911,1598733034,C++,C++ (GCC 9.2.1),cpp,Accepted,52.0,6376.0,1232,
s782845569,p02572,u966542724,1598733032,Python,Python (3.8.2),py,Accepted,166.0,31628.0,231,
s822569540,p02572,u452725238,1598733027,C++,C++ (GCC 9.2.1),cpp,Accepted,36.0,3612.0,863,
s362729892,p02572,u736097195,1598733022,C++,C++ (GCC 9.2.1),cpp,Accepted,38.0,5180.0,1777,
s747186900,p02572,u234321837,1598733021,C++,C++ (GCC 9.2.1),cpp,Accepted,78.0,6744.0,367,
s882893637,p02572,u548631643,1598733014,C++,C++ (GCC 9.2.1),cpp,Accepted,43.0,6932.0,617,
s633818628,p02572,u414980766,1598733010,Python,Python (3.8.2),py,Accepted,208.0,31572.0,213,
s742274639,p02572,u545608903,1598733003,C++,C++ (GCC 9.2.1),cpp,Accepted,73.0,4832.0,414,
s068438500,p02572,u592547545,1598732992,Python,Python (3.8.2),py,Accepted,136.0,32160.0,803,
s438226299,p02572,u803826130,1598732987,C++,C++ (GCC 9.2.1),cpp,Accepted,37.0,6696.0,410,
s556418473,p02572,u563453679,1598732985,Python,Python (3.8.2),py,Accepted,150.0,33828.0,3025,
s422798923,p02572,u136060188,1598732982,C++,C++ (GCC 9.2.1),cpp,Accepted,35.0,7480.0,2450,
s663042822,p02572,u921332245,1598732980,C++,C++ (GCC 9.2.1),cpp,Accepted,75.0,4052.0,403,
s924821460,p02572,u452839807,1598732977,C++,C++ (GCC 9.2.1),cpp,Accepted,39.0,6792.0,4299,
s700316378,p02572,u123745130,1598732966,Python,Python (3.8.2),py,Accepted,150.0,31320.0,313,
s225290120,p02572,u883297128,1598732965,C++,C++ (GCC 9.2.1),cpp,Accepted,77.0,4776.0,475,
s212894708,p02572,u535117304,1598732965,Python,Python (3.8.2),py,Accepted,160.0,31424.0,195,
s126440731,p02572,u186062174,1598732962,C++,C++ (GCC 9.2.1),cpp,Accepted,75.0,5084.0,659,
s774016078,p02572,u122347588,1598732949,C++,C++ (GCC 9.2.1),cpp,Accepted,80.0,6344.0,965,
s440362056,p02572,u553459461,1598732949,Python,Python (3.8.2),py,Accepted,93.0,31524.0,135,
s808228945,p02572,u692691097,1598732949,C++,C++ (GCC 9.2.1),cpp,Accepted,75.0,5160.0,1615,
s935438825,p02572,u550886284,1598732945,C++,C++ (GCC 9.2.1),cpp,Accepted,76.0,6736.0,574,
s733499443,p02572,u502076807,1598732939,C++,C++ (GCC 9.2.1),cpp,Accepted,82.0,9864.0,687,
s096601947,p02572,u853843618,1598732930,C++,C++ (GCC 9.2.1),cpp,Accepted,37.0,5164.0,1220,
s869606128,p02572,u018538342,1598732926,Python,Python (3.8.2),py,Accepted,129.0,31576.0,147,
s456130247,p02572,u823186531,1598732922,C++,C++ (GCC 9.2.1),cpp,Accepted,79.0,6380.0,779,
s187093270,p02572,u991713464,1598732902,C++,C++ (GCC 9.2.1),cpp,Accepted,35.0,6708.0,2798,
s002133532,p02572,u813993459,1598732900,Python,Python (3.8.2),py,Accepted,331.0,49532.0,230,
s084729263,p02572,u910056155,1598732890,C++,C++ (GCC 9.2.1),cpp,Accepted,78.0,3632.0,355,
s729980069,p02572,u171400122,1598732887,C++,C++ (GCC 9.2.1),cpp,Accepted,85.0,4812.0,663,
s005084245,p02572,u293764826,1598732882,C++,C++ (GCC 9.2.1),cpp,Accepted,37.0,4376.0,2658,
s242716201,p02572,u137038354,1598732874,Python,Python (3.8.2),py,Accepted,170.0,31440.0,222,
s551683083,p02572,u570236974,1598732874,Python,PyPy3 (7.3.0),py,Accepted,132.0,94236.0,159,
s516645407,p02572,u583507988,1598732874,Python,Python (3.8.2),py,Accepted,137.0,31424.0,129,
s953476542,p02572,u174820223,1598732866,C++,C++ (GCC 9.2.1),cpp,Accepted,75.0,4840.0,501,
s644213038,p02572,u880400515,1598732865,Python,PyPy3 (7.3.0),py,Accepted,125.0,105304.0,172,
s877816706,p02572,u913480647,1598732858,C++,C++ (GCC 9.2.1),cpp,Accepted,74.0,4780.0,666,
s898109654,p02572,u749062112,1598732845,C++,C++ (GCC 9.2.1),cpp,Accepted,76.0,6688.0,510,
s338175540,p02572,u352513183,1598732842,Python,PyPy3 (7.3.0),py,Accepted,133.0,94052.0,284,
s735961919,p02572,u344014102,1598732840,C++,C++ (GCC 9.2.1),cpp,Accepted,78.0,7944.0,1347,
s243211873,p02572,u024609780,1598732840,C++,C++ (GCC 9.2.1),cpp,Accepted,75.0,5184.0,363,
s661534130,p02572,u216752093,1598732833,Python,Python (3.8.2),py,Accepted,156.0,31544.0,140,
s001013106,p02572,u069125420,1598732831,Python,PyPy3 (7.3.0),py,Accepted,115.0,105348.0,280,
s234884860,p02572,u315727317,1598732828,C++,C++ (GCC 9.2.1),cpp,Accepted,80.0,4848.0,450,
s934410196,p02572,u475318902,1598732826,C++,C++ (GCC 9.2.1),cpp,Accepted,77.0,5204.0,380,
s155160846,p02572,u014655172,1598732823,C++,C++ (GCC 9.2.1),cpp,Accepted,81.0,5360.0,888,
s188026769,p02572,u197237612,1598732814,Python,Python (3.8.2),py,Accepted,149.0,31596.0,182,
s143403431,p02572,u042170587,1598732814,C++,C++ (GCC 9.2.1),cpp,Accepted,70.0,3628.0,478,
s832370301,p02572,u094161982,1598732803,C++,C++ (Clang 10.0.0),cpp,Accepted,160.0,5992.0,583,
s193274177,p02572,u316152477,1598732800,Python,Python (3.8.2),py,Accepted,136.0,31728.0,193,
s386269060,p02572,u149966539,1598732797,Python,Python (3.8.2),py,Accepted,155.0,31668.0,199,
s759315291,p02572,u288881685,1598732789,Python,Python (3.8.2),py,Accepted,132.0,31632.0,167,
s786431281,p02572,u002627851,1598732789,C++,C++ (GCC 9.2.1),cpp,Accepted,34.0,4436.0,1315,
s334135867,p02572,u516410464,1598732781,C++,C++ (GCC 9.2.1),cpp,Accepted,35.0,6736.0,902,
s415844744,p02572,u074405647,1598732774,C++,C++ (GCC 9.2.1),cpp,Accepted,74.0,4772.0,611,
s884862635,p02572,u490218014,1598732771,Python,PyPy3 (7.3.0),py,Accepted,132.0,95148.0,156,
s112565958,p02572,u217732870,1598732769,Python,Python (3.8.2),py,Accepted,166.0,31572.0,162,
s413461828,p02572,u519892303,1598732766,C++,C++ (GCC 9.2.1),cpp,Accepted,81.0,6432.0,623,
s157453944,p02572,u198336369,1598732763,Python,Python (3.8.2),py,Accepted,146.0,31496.0,167,
s984803433,p02572,u571113944,1598732752,C++,C++ (GCC 9.2.1),cpp,Accepted,87.0,5108.0,398,
s557877088,p02572,u623759422,1598732743,C++,C++ (GCC 9.2.1),cpp,Accepted,72.0,6412.0,384,
s437479618,p02572,u231624032,1598732742,C++,C++ (GCC 9.2.1),cpp,Accepted,70.0,5180.0,398,
s306864128,p02572,u882276885,1598732742,C++,C++ (GCC 9.2.1),cpp,Accepted,90.0,6712.0,678,
s851954162,p02572,u880730787,1598732728,Python,Python (3.8.2),py,Accepted,139.0,31528.0,156,
s118725083,p02572,u273507800,1598732713,Python,Python (3.8.2),py,Accepted,146.0,31520.0,199,
s568670633,p02572,u009348313,1598732713,Python,PyPy3 (7.3.0),py,Accepted,116.0,104888.0,348,
s866844446,p02572,u774827549,1598732702,C++,C++ (GCC 9.2.1),cpp,Accepted,76.0,4768.0,737,
s809422634,p02572,u747675535,1598732698,C++,C++ (Clang 10.0.0),cpp,Accepted,161.0,4960.0,672,
s166995818,p02572,u326278153,1598732686,Python,Python (3.8.2),py,Accepted,149.0,31592.0,212,
s823164401,p02572,u149959558,1598732682,C++,C++ (GCC 9.2.1),cpp,Accepted,76.0,5304.0,4494,
s240419909,p02572,u535833744,1598732675,Python,Python (3.8.2),py,Accepted,163.0,31624.0,253,
s335697429,p02572,u198404065,1598732653,C++,C++ (GCC 9.2.1),cpp,Accepted,79.0,4828.0,520,
s658774606,p02572,u753874108,1598732650,C++,C++ (GCC 9.2.1),cpp,Accepted,73.0,5176.0,437,
s552583395,p02572,u252828980,1598732644,Python,PyPy3 (7.3.0),py,Accepted,124.0,101784.0,153,
s734880729,p02572,u837784642,1598732635,C++,C++ (GCC 9.2.1),cpp,Accepted,73.0,4052.0,463,
s104864819,p02572,u912163420,1598732630,C++,C++ (Clang 10.0.0),cpp,Accepted,164.0,6268.0,370,
s641726188,p02572,u058106405,1598732630,C++,C++ (GCC 9.2.1),cpp,Accepted,78.0,6424.0,637,
s888092351,p02572,u907658364,1598732626,C++,C++ (GCC 9.2.1),cpp,Accepted,42.0,4040.0,610,
s817781373,p02572,u912163420,1598732620,C++,C++ (Clang 10.0.0),cpp,Accepted,165.0,6232.0,370,
s961974093,p02572,u321035578,1598732620,Python,Python (3.8.2),py,Accepted,142.0,31276.0,359,
s518730610,p02572,u858071779,1598732615,C++,C++ (GCC 9.2.1),cpp,Accepted,42.0,6336.0,637,
s834596556,p02572,u305774325,1598732612,C++,C++ (GCC 9.2.1),cpp,Accepted,39.0,11420.0,1113,
s592686257,p02572,u330314953,1598732611,C++,C++ (GCC 9.2.1),cpp,Accepted,76.0,3968.0,593,
s929819702,p02572,u100252451,1598732605,C++,C++ (GCC 9.2.1),cpp,Accepted,82.0,8304.0,603,
s299449138,p02572,u061140245,1598732593,Python,Python (3.8.2),py,Accepted,143.0,31388.0,202,
s233657994,p02572,u638217437,1598732593,Python,Python (3.8.2),py,Accepted,182.0,31432.0,293,
s745368201,p02572,u102229361,1598732591,C++,C++ (GCC 9.2.1),cpp,Accepted,42.0,6588.0,739,
s133089233,p02572,u881675205,1598732590,Python,PyPy3 (7.3.0),py,Accepted,116.0,94276.0,157,
s754608722,p02572,u314693739,1598732586,C++,C++ (GCC 9.2.1),cpp,Accepted,79.0,6684.0,387,
s204820436,p02572,u002771327,1598732582,C++,C++ (GCC 9.2.1),cpp,Accepted,74.0,3552.0,448,
s658379392,p02572,u346308892,1598732578,Python,Python (3.8.2),py,Accepted,420.0,49388.0,876,
s258463932,p02572,u493526716,1598732576,C++,C++ (GCC 9.2.1),cpp,Accepted,73.0,4756.0,315,
s326197212,p02572,u366005944,1598732566,C++,C++ (GCC 9.2.1),cpp,Accepted,76.0,4772.0,549,
s764156126,p02572,u068208242,1598732561,C++,C++ (GCC 9.2.1),cpp,Accepted,74.0,6336.0,478,
s732988176,p02572,u626891113,1598732557,Python,PyPy3 (7.3.0),py,Accepted,415.0,117584.0,252,
s779911524,p02572,u542396737,1598732549,C++,C++ (GCC 9.2.1),cpp,Accepted,43.0,6876.0,1172,
s603642453,p02572,u468298477,1598732547,C++,C++ (GCC 9.2.1),cpp,Accepted,80.0,6744.0,504,
s752337877,p02572,u105358118,1598732542,C++,C++ (GCC 9.2.1),cpp,Accepted,79.0,4840.0,694,
s193166680,p02572,u926006934,1598732531,C++,C++ (GCC 9.2.1),cpp,Accepted,105.0,15684.0,2920,
s405672222,p02572,u637874199,1598732526,Python,Python (3.8.2),py,Accepted,173.0,31588.0,221,
s259968822,p02572,u812204667,1598732517,C++,C++ (GCC 9.2.1),cpp,Accepted,77.0,5156.0,1545,
s888662075,p02572,u097320244,1598732515,C++,C++ (GCC 9.2.1),cpp,Accepted,34.0,5220.0,4206,
s390140260,p02572,u873762144,1598732512,C++,C++ (GCC 9.2.1),cpp,Accepted,76.0,6716.0,366,
s476778947,p02572,u387720785,1598732511,C++,C++ (GCC 9.2.1),cpp,Accepted,82.0,6736.0,1154,
s332752747,p02572,u161537170,1598732506,Python,Python (3.8.2),py,Accepted,132.0,31612.0,170,
s920352662,p02572,u825541307,1598732496,Python,Python (3.8.2),py,Accepted,192.0,31600.0,185,
s728581864,p02572,u763291354,1598732492,Python,Python (3.8.2),py,Accepted,135.0,31384.0,167,
s056640615,p02572,u292692992,1598732485,C++,C++ (GCC 9.2.1),cpp,Accepted,38.0,4768.0,615,
s544414309,p02572,u523718440,1598732478,C++,C++ (GCC 9.2.1),cpp,Accepted,81.0,6644.0,699,
s211995203,p02572,u660304501,1598732478,C++,C++ (GCC 9.2.1),cpp,Accepted,82.0,6428.0,463,
s495109138,p02572,u124383174,1598732467,C++,C++ (GCC 9.2.1),cpp,Accepted,41.0,4792.0,490,
s547162588,p02572,u330919736,1598732467,C++,C++ (GCC 9.2.1),cpp,Accepted,75.0,4836.0,568,
s946910176,p02572,u068943315,1598732462,C++,C++ (GCC 9.2.1),cpp,Accepted,71.0,4824.0,2479,
s341714996,p02572,u060880503,1598732459,C++,C++ (GCC 9.2.1),cpp,Accepted,74.0,6740.0,587,
s251996842,p02572,u057419323,1598732457,C++,C++ (GCC 9.2.1),cpp,Accepted,75.0,5136.0,316,
s822131780,p02572,u760569096,1598732455,Python,PyPy3 (7.3.0),py,Accepted,188.0,94212.0,162,
s743119300,p02572,u126936481,1598732454,C++,C++ (GCC 9.2.1),cpp,Accepted,79.0,4016.0,593,
s520301393,p02572,u094932051,1598732452,C++,C++ (GCC 9.2.1),cpp,Accepted,34.0,5212.0,494,
s491238689,p02572,u012484950,1598732450,Python,Python (3.8.2),py,Accepted,198.0,31564.0,347,
s923860745,p02572,u198660978,1598732449,Python,PyPy3 (7.3.0),py,Accepted,118.0,108680.0,557,
s078128999,p02572,u198979194,1598732433,C++,C++ (GCC 9.2.1),cpp,Accepted,72.0,5152.0,346,
s962900269,p02572,u467463073,1598732432,Python,PyPy3 (7.3.0),py,Accepted,214.0,94064.0,338,
s400053493,p02572,u840920983,1598732429,Python,PyPy3 (7.3.0),py,Accepted,154.0,117116.0,532,
s643971867,p02572,u912556688,1598732424,Python,PyPy3 (7.3.0),py,Accepted,144.0,94184.0,138,
s212347684,p02572,u835426975,1598732424,C++,C++ (GCC 9.2.1),cpp,Accepted,79.0,9584.0,2402,
s796393382,p02572,u314062912,1598732419,C++,C++ (GCC 9.2.1),cpp,Accepted,77.0,6332.0,923,
s582295060,p02572,u445807804,1598732415,Python,Python (3.8.2),py,Accepted,119.0,31564.0,157,
s959205368,p02572,u261427665,1598732413,Python,Python (3.8.2),py,Accepted,173.0,31436.0,188,
s967011059,p02572,u124142430,1598732412,C++,C++ (GCC 9.2.1),cpp,Accepted,78.0,4788.0,664,
s549035621,p02572,u893661063,1598732411,Python,Python (3.8.2),py,Accepted,167.0,31388.0,207,
s149439402,p02572,u493928141,1598732409,C++,C++ (GCC 9.2.1),cpp,Accepted,77.0,4784.0,437,
s581701068,p02572,u846516787,1598732409,C++,C++ (GCC 9.2.1),cpp,Accepted,77.0,7892.0,996,
s531924124,p02572,u411923565,1598732405,Python,Python (3.8.2),py,Accepted,167.0,31436.0,194,
s075150371,p02572,u401152875,1598732404,C++,C++ (GCC 9.2.1),cpp,Accepted,80.0,6392.0,521,
s212609597,p02572,u422813672,1598732402,C++,C++ (GCC 9.2.1),cpp,Accepted,37.0,6340.0,538,
s846083557,p02572,u355900970,1598732398,Python,Python (3.8.2),py,Accepted,121.0,25092.0,220,
s906943625,p02572,u965536329,1598732397,C++,C++ (GCC 9.2.1),cpp,Accepted,33.0,5188.0,593,
s465991009,p02572,u732421371,1598732393,C++,C++ (GCC 9.2.1),cpp,Accepted,77.0,4764.0,515,
s952197737,p02572,u222877601,1598732392,C++,C++ (GCC 9.2.1),cpp,Accepted,35.0,3580.0,476,
s106949366,p02572,u217235264,1598732392,C++,C++ (GCC 9.2.1),cpp,Accepted,77.0,5188.0,608,
s646169169,p02572,u375884314,1598732390,C++,C++ (GCC 9.2.1),cpp,Accepted,80.0,6408.0,1308,
s353267308,p02572,u512623857,1598732387,Python,Python (3.8.2),py,Accepted,136.0,31520.0,169,
s779166739,p02572,u757598068,1598732386,C++,C++ (GCC 9.2.1),cpp,Accepted,33.0,6772.0,1291,
s664096953,p02572,u284511928,1598732382,C++,C++ (GCC 9.2.1),cpp,Accepted,42.0,6148.0,4502,
s882858726,p02572,u950329604,1598732380,C++,C++ (GCC 9.2.1),cpp,Accepted,91.0,9632.0,729,
s020019064,p02572,u512212329,1598732378,Python,Python (3.8.2),py,Accepted,142.0,31476.0,367,
s149503559,p02572,u957843607,1598732377,Python,Python (3.8.2),py,Accepted,154.0,31544.0,190,
s867130568,p02572,u919867411,1598732375,C++,C++ (GCC 9.2.1),cpp,Accepted,78.0,4732.0,1356,
s009057837,p02572,u123745130,1598732373,Python,PyPy3 (7.3.0),py,Accepted,131.0,101936.0,312,
s477676034,p02572,u153896623,1598732371,C++,C++ (GCC 9.2.1),cpp,Accepted,74.0,6668.0,1530,
s545714306,p02572,u420780655,1598732359,Python,Python (3.8.2),py,Accepted,108.0,31336.0,349,
s461241743,p02572,u526278960,1598732358,C++,C++ (GCC 9.2.1),cpp,Accepted,82.0,6764.0,457,
s798119009,p02572,u382745002,1598732353,C++,C++ (GCC 9.2.1),cpp,Accepted,81.0,6696.0,682,
s171042996,p02572,u607155447,1598732351,Python,PyPy3 (7.3.0),py,Accepted,118.0,94284.0,258,
s708154112,p02572,u957843607,1598732350,Python,PyPy3 (7.3.0),py,Accepted,125.0,105360.0,190,
s166584955,p02572,u857547702,1598732349,Python,PyPy3 (7.3.0),py,Accepted,156.0,103364.0,244,
s179299122,p02572,u598924163,1598732349,Python,Python (3.8.2),py,Accepted,131.0,31260.0,265,
s679087109,p02572,u505830998,1598732346,Python,PyPy3 (7.3.0),py,Accepted,128.0,104204.0,952,
s784531650,p02572,u675066860,1598732345,C++,C++ (GCC 9.2.1),cpp,Accepted,78.0,4840.0,725,
s928602218,p02572,u457699673,1598732340,C++,C++ (GCC 9.2.1),cpp,Accepted,89.0,6720.0,555,
s860176602,p02572,u090289166,1598732336,C++,C++ (GCC 9.2.1),cpp,Accepted,36.0,6740.0,678,
s345821124,p02572,u624076058,1598732335,C++,C++ (GCC 9.2.1),cpp,Accepted,80.0,6640.0,779,
s664556086,p02572,u401481862,1598732333,Python,Python (3.8.2),py,Accepted,128.0,31576.0,179,
s579469854,p02572,u110044127,1598732332,Python,Python (3.8.2),py,Accepted,159.0,31536.0,176,
s229971005,p02572,u089376182,1598732329,Python,Python (3.8.2),py,Accepted,183.0,31768.0,246,
s183373363,p02572,u303297838,1598732328,C++,C++ (GCC 9.2.1),cpp,Accepted,79.0,4852.0,6483,
s693207735,p02572,u864785784,1598732324,C++,C++ (GCC 9.2.1),cpp,Accepted,71.0,4760.0,728,
s994281694,p02572,u127643144,1598732324,C++,C++ (GCC 9.2.1),cpp,Accepted,40.0,6344.0,1028,
s013930229,p02572,u965093879,1598732321,C++,C++ (GCC 9.2.1),cpp,Accepted,81.0,6416.0,562,
s280416042,p02572,u343198724,1598732320,C++,C++ (GCC 9.2.1),cpp,Accepted,88.0,5364.0,486,
s846969029,p02572,u935620673,1598732316,C++,C++ (GCC 9.2.1),cpp,Accepted,78.0,4364.0,489,
s597466200,p02572,u796933854,1598732315,C++,C++ (GCC 9.2.1),cpp,Accepted,35.0,4740.0,739,
s691330674,p02572,u675042710,1598732314,C++,C++ (GCC 9.2.1),cpp,Accepted,76.0,4744.0,519,
s285321182,p02572,u218757284,1598732309,Python,Python (3.8.2),py,Accepted,182.0,31408.0,243,
s826501700,p02572,u600333907,1598732305,C++,C++ (GCC 9.2.1),cpp,Accepted,80.0,6676.0,578,
s233938446,p02572,u708625735,1598732301,C++,C++ (GCC 9.2.1),cpp,Accepted,82.0,6420.0,659,
s478641763,p02572,u475471747,1598732298,C++,C++ (GCC 9.2.1),cpp,Accepted,79.0,4812.0,639,
s055445344,p02572,u961923471,1598732296,C++,C++ (GCC 9.2.1),cpp,Accepted,81.0,5624.0,556,
s294079440,p02572,u255034231,1598732292,C++,C++ (GCC 9.2.1),cpp,Accepted,80.0,6728.0,421,
s041056418,p02572,u741278343,1598732291,Python,PyPy3 (7.3.0),py,Accepted,117.0,94192.0,558,
s370416596,p02572,u043015097,1598732282,C++,C++ (GCC 9.2.1),cpp,Accepted,78.0,6900.0,537,
s957919716,p02572,u147974615,1598732277,C++,C++ (GCC 9.2.1),cpp,Accepted,79.0,4040.0,437,
s690500539,p02572,u517348254,1598732277,C++,C++ (GCC 9.2.1),cpp,Accepted,40.0,6336.0,981,
s393431338,p02572,u972591645,1598732270,Python,PyPy3 (7.3.0),py,Accepted,289.0,104932.0,165,
s905866171,p02572,u824956430,1598732264,C++,C++ (Clang 10.0.0),cpp,Accepted,157.0,4344.0,656,
s965344782,p02572,u508822261,1598732258,C++,C++ (GCC 9.2.1),cpp,Accepted,83.0,7992.0,616,
s227096565,p02572,u597170959,1598732256,C++,C++ (GCC 9.2.1),cpp,Accepted,74.0,3636.0,294,
s952285128,p02572,u968431218,1598732242,Python,Python (3.8.2),py,Accepted,138.0,31500.0,108,
s968332377,p02572,u266113953,1598732242,Python,Python (3.8.2),py,Accepted,173.0,31660.0,194,
s989329031,p02572,u537976628,1598732242,Python,Python (3.8.2),py,Accepted,138.0,31412.0,134,
s331915759,p02572,u918039777,1598732237,C++,C++ (GCC 9.2.1),cpp,Accepted,74.0,4788.0,969,
s922654889,p02572,u871934301,1598732235,Python,Python (3.8.2),py,Accepted,121.0,31592.0,412,
s765251144,p02572,u981760053,1598732227,Python,Python (3.8.2),py,Accepted,137.0,31732.0,156,
s094546434,p02572,u227887205,1598732221,C++,C++ (GCC 9.2.1),cpp,Accepted,79.0,6400.0,1660,
s931902580,p02572,u307317373,1598732221,C++,C++ (Clang 10.0.0),cpp,Accepted,165.0,6052.0,730,
s746211325,p02572,u724113247,1598732216,C++,C++ (GCC 9.2.1),cpp,Accepted,37.0,6752.0,997,
s350096899,p02572,u243907975,1598732214,C++,C++ (GCC 9.2.1),cpp,Accepted,78.0,6664.0,445,
s748549842,p02572,u911158452,1598732211,C++,C++ (GCC 9.2.1),cpp,Accepted,76.0,6768.0,512,
s006161139,p02572,u913729017,1598732205,C++,C++ (GCC 9.2.1),cpp,Accepted,77.0,5120.0,381,
s580145921,p02572,u654017130,1598732203,C++,C++ (GCC 9.2.1),cpp,Accepted,33.0,5208.0,933,
s122049286,p02572,u010686961,1598732202,C++,C++ (GCC 9.2.1),cpp,Accepted,41.0,6432.0,1054,
s489991136,p02572,u956112889,1598732202,Python,Python (3.8.2),py,Accepted,187.0,31548.0,202,
s364962791,p02572,u551374420,1598732198,C++,C++ (GCC 9.2.1),cpp,Accepted,44.0,6936.0,1476,
s666888407,p02572,u055884688,1598732197,C++,C++ (GCC 9.2.1),cpp,Accepted,78.0,4784.0,579,
s281069082,p02572,u243061947,1598732197,Python,Python (3.8.2),py,Accepted,136.0,31304.0,171,
s234611446,p02572,u261947526,1598732196,C++,C++ (GCC 9.2.1),cpp,Accepted,78.0,6404.0,345,
s660286797,p02572,u969748076,1598732196,C++,C++ (GCC 9.2.1),cpp,Accepted,77.0,3552.0,356,
s613451333,p02572,u198930868,1598732192,Python,Python (3.8.2),py,Accepted,134.0,31048.0,191,
s429403658,p02572,u485576979,1598732191,C++,C++ (GCC 9.2.1),cpp,Accepted,83.0,6720.0,579,
s776428270,p02572,u947549244,1598732190,C++,C++ (GCC 9.2.1),cpp,Accepted,76.0,5136.0,393,
s240875685,p02572,u751843916,1598732189,Python,Python (3.8.2),py,Accepted,130.0,31436.0,108,
s788383838,p02572,u422413213,1598732189,C++,C++ (GCC 9.2.1),cpp,Accepted,76.0,4812.0,424,
s766100784,p02572,u340559213,1598732183,C++,C++ (Clang 10.0.0),cpp,Accepted,154.0,6288.0,2231,
s872817238,p02572,u761062383,1598732165,Python,Python (3.8.2),py,Accepted,154.0,31384.0,323,
s502882283,p02572,u572032237,1598732158,Python,Python (3.8.2),py,Accepted,142.0,31660.0,192,
s411173185,p02572,u096146539,1598732157,Python,Python (3.8.2),py,Accepted,197.0,31372.0,238,
s441523049,p02572,u257634433,1598732154,C++,C++ (GCC 9.2.1),cpp,Accepted,79.0,5124.0,453,
s893475995,p02572,u515441812,1598732143,C++,C++ (GCC 9.2.1),cpp,Accepted,75.0,4848.0,867,
s146960538,p02572,u770871067,1598732135,C++,C++ (GCC 9.2.1),cpp,Accepted,79.0,4040.0,481,
s693744268,p02572,u625417564,1598732135,C++,C++ (GCC 9.2.1),cpp,Accepted,76.0,3548.0,547,
s508280448,p02572,u529168072,1598732133,Python,Python (3.8.2),py,Accepted,190.0,31608.0,259,
s356149452,p02572,u117882493,1598732124,C++,C++ (GCC 9.2.1),cpp,Accepted,33.0,5212.0,846,
s951061803,p02572,u915401678,1598732121,C++,C++ (GCC 9.2.1),cpp,Accepted,77.0,6756.0,718,
s687764124,p02572,u060633673,1598732121,Python,Python (3.8.2),py,Accepted,159.0,31384.0,256,
s106104204,p02572,u125205981,1598732119,Python,Python (3.8.2),py,Accepted,561.0,58544.0,1783,
s038291344,p02572,u356567743,1598732118,C++,C++ (GCC 9.2.1),cpp,Accepted,77.0,5196.0,1095,
s043304220,p02572,u464804957,1598732110,C++,C++ (GCC 9.2.1),cpp,Accepted,77.0,3580.0,1288,
s276241213,p02572,u240632797,1598732107,C++,C++ (GCC 9.2.1),cpp,Accepted,101.0,5148.0,624,
s329283882,p02572,u298285376,1598732106,C++,C++ (GCC 9.2.1),cpp,Accepted,89.0,4816.0,308,
s756333092,p02572,u013681632,1598732094,C++,C++ (GCC 9.2.1),cpp,Accepted,74.0,4776.0,579,
s263519019,p02572,u931071094,1598732091,C++,C++ (GCC 9.2.1),cpp,Accepted,71.0,6348.0,745,
s227691032,p02572,u028655291,1598732087,C++,C++ (GCC 9.2.1),cpp,Accepted,76.0,4024.0,1404,
s034366365,p02572,u293708179,1598732087,Python,PyPy3 (7.3.0),py,Accepted,126.0,94256.0,189,
s300933576,p02572,u100792505,1598732082,Python,Python (3.8.2),py,Accepted,420.0,37828.0,272,
s085204262,p02572,u986555878,1598732081,C++,C++ (GCC 9.2.1),cpp,Accepted,75.0,6428.0,595,
s667509616,p02572,u364774090,1598732081,Python,Python (3.8.2),py,Accepted,158.0,31356.0,176,
s034629167,p02572,u637277921,1598732076,C++,C++ (GCC 9.2.1),cpp,Accepted,73.0,5188.0,557,
s357498725,p02572,u316829626,1598732074,C++,C++ (GCC 9.2.1),cpp,Accepted,38.0,3968.0,692,
s731456313,p02572,u472796082,1598732069,C++,C++ (GCC 9.2.1),cpp,Accepted,40.0,6352.0,716,
s981649638,p02572,u961223096,1598732069,Python,PyPy3 (7.3.0),py,Accepted,180.0,95360.0,540,
s806314524,p02572,u327498205,1598732069,Python,Python (3.8.2),py,Accepted,168.0,31624.0,249,
s631288020,p02572,u125365353,1598732065,Python,PyPy3 (7.3.0),py,Accepted,125.0,104748.0,187,
s257494607,p02572,u625682411,1598732063,C++,C++ (GCC 9.2.1),cpp,Accepted,43.0,6876.0,416,
s534287550,p02572,u111600809,1598732058,C++,C++ (GCC 9.2.1),cpp,Accepted,74.0,4824.0,983,
s707761656,p02572,u831207037,1598732053,C++,C++ (GCC 9.2.1),cpp,Accepted,73.0,4836.0,507,
s763647924,p02572,u236008944,1598732051,C++,C++ (GCC 9.2.1),cpp,Accepted,78.0,5640.0,423,
s440429818,p02572,u531220228,1598732048,Python,Python (3.8.2),py,Accepted,169.0,31548.0,201,
s994523204,p02572,u701053210,1598732046,C++,C++ (GCC 9.2.1),cpp,Accepted,39.0,6772.0,715,
s054301576,p02572,u617636202,1598732041,C++,C++ (GCC 9.2.1),cpp,Accepted,77.0,6372.0,537,
s767322782,p02572,u674480472,1598732033,C++,C++ (GCC 9.2.1),cpp,Accepted,74.0,3596.0,410,
s967345067,p02572,u407213771,1598732025,C++,C++ (GCC 9.2.1),cpp,Accepted,78.0,6432.0,1163,
s243953987,p02572,u647953759,1598732023,C++,C++ (GCC 9.2.1),cpp,Accepted,78.0,6428.0,652,
s621965817,p02572,u768223559,1598732020,C++,C++ (GCC 9.2.1),cpp,Accepted,36.0,6656.0,1061,
s312325361,p02572,u646203242,1598732020,Python,Python (3.8.2),py,Accepted,184.0,31420.0,174,
s053340721,p02572,u979501743,1598732009,Python,Python (3.8.2),py,Accepted,133.0,31416.0,136,
s334481429,p02572,u279460160,1598732005,C++,C++ (GCC 9.2.1),cpp,Accepted,84.0,6796.0,504,
s566959070,p02572,u858107870,1598732005,C++,C++ (GCC 9.2.1),cpp,Accepted,42.0,6340.0,3191,
s814737831,p02572,u133936772,1598732001,Python,Python (3.8.2),py,Accepted,119.0,31732.0,89,
s814829110,p02572,u127727773,1598731999,C++,C++ (GCC 9.2.1),cpp,Accepted,45.0,6376.0,594,
s940702371,p02572,u174931884,1598731996,C++,C++ (GCC 9.2.1),cpp,Accepted,77.0,5188.0,616,
s418073722,p02572,u534249406,1598731996,C++,C++ (Clang 10.0.0),cpp,Accepted,165.0,4332.0,611,
s170906177,p02572,u132692018,1598731994,C++,C++ (GCC 9.2.1),cpp,Accepted,81.0,6420.0,434,
s173853038,p02572,u705918648,1598731993,C++,C++ (GCC 9.2.1),cpp,Accepted,40.0,4780.0,879,
s605046767,p02572,u384768892,1598731986,C++,C++ (GCC 9.2.1),cpp,Accepted,72.0,4820.0,436,
s890265853,p02572,u412863850,1598731973,Python,Python (3.8.2),py,Accepted,159.0,33276.0,1437,
s477112936,p02572,u406438112,1598731968,C++,C++ (GCC 9.2.1),cpp,Accepted,50.0,6868.0,1045,
s255870502,p02572,u214287715,1598731967,C++,C++ (GCC 9.2.1),cpp,Accepted,41.0,7944.0,1105,
s006213784,p02572,u949315872,1598731964,Python,Python (3.8.2),py,Accepted,263.0,49924.0,262,
s847670814,p02572,u127643144,1598731963,Python,Python (3.8.2),py,Accepted,151.0,31520.0,307,
s193910675,p02572,u987412812,1598731962,C++,C++ (GCC 9.2.1),cpp,Accepted,75.0,3948.0,603,
s206268994,p02572,u500348300,1598731956,C++,C++ (GCC 9.2.1),cpp,Accepted,76.0,5192.0,778,
s683266844,p02572,u595446852,1598731954,C++,C++ (GCC 9.2.1),cpp,Accepted,80.0,4840.0,2772,
s480506527,p02572,u239023686,1598731953,C++,C++ (Clang 10.0.0),cpp,Accepted,159.0,4368.0,1611,
s094986682,p02572,u098576215,1598731952,C++,C++ (GCC 9.2.1),cpp,Accepted,75.0,4800.0,429,
s208749144,p02572,u835705414,1598731938,C++,C++ (GCC 9.2.1),cpp,Accepted,34.0,6760.0,1034,
s199481068,p02572,u504467586,1598731936,C++,C++ (GCC 9.2.1),cpp,Accepted,76.0,5192.0,455,
s707955586,p02572,u004844484,1598731935,C++,C++ (GCC 9.2.1),cpp,Accepted,79.0,5140.0,698,
s460230794,p02572,u613217947,1598731934,Python,Python (3.8.2),py,Accepted,134.0,31656.0,167,
s264949398,p02572,u328838382,1598731932,C++,C++ (GCC 9.2.1),cpp,Accepted,78.0,4792.0,574,
s080506840,p02572,u392441504,1598731930,Python,Python (3.8.2),py,Accepted,211.0,31580.0,241,
s061654681,p02572,u567906952,1598731928,C++,C++ (GCC 9.2.1),cpp,Accepted,78.0,4844.0,899,
s776667605,p02572,u376911006,1598731924,C++,C++ (GCC 9.2.1),cpp,Accepted,33.0,6728.0,1556,
s504922790,p02572,u159548042,1598731924,C++,C++ (GCC 9.2.1),cpp,Accepted,36.0,6376.0,656,
s344340359,p02572,u887945860,1598731922,Python,Python (3.8.2),py,Accepted,207.0,31452.0,220,
s662330125,p02572,u878518432,1598731921,Python,PyPy3 (7.3.0),py,Accepted,123.0,94312.0,212,
s896972072,p02572,u322162884,1598731920,C++,C++ (GCC 9.2.1),cpp,Accepted,75.0,6408.0,1166,
s268391840,p02572,u515740713,1598731919,Python,PyPy3 (7.3.0),py,Accepted,119.0,92932.0,349,
s421130048,p02572,u537371817,1598731918,C++,C++ (GCC 9.2.1),cpp,Accepted,78.0,5232.0,594,
s122356005,p02572,u515074753,1598731914,C++,C++ (GCC 9.2.1),cpp,Accepted,82.0,7984.0,699,
s844607773,p02572,u080986047,1598731912,Python,PyPy3 (7.3.0),py,Accepted,130.0,105216.0,174,
s251734907,p02572,u849714816,1598731900,C++,C++ (GCC 9.2.1),cpp,Accepted,38.0,4784.0,2231,
s064254885,p02572,u412435828,1598731900,Python,Python (3.8.2),py,Accepted,140.0,31432.0,287,
s098178620,p02572,u412946543,1598731890,C++,C++ (GCC 9.2.1),cpp,Accepted,74.0,4836.0,862,
s724672592,p02572,u942725266,1598731888,C++,C++ (GCC 9.2.1),cpp,Accepted,45.0,6776.0,962,
s385018450,p02572,u548778623,1598731883,Python,Python (3.8.2),py,Accepted,146.0,31380.0,190,
s570448633,p02572,u429584686,1598731883,Python,Python (3.8.2),py,Accepted,160.0,31432.0,298,
s207502897,p02572,u432795166,1598731866,C++,C++ (GCC 9.2.1),cpp,Accepted,74.0,4832.0,786,
s697855348,p02572,u055044516,1598731864,Python,Python (3.8.2),py,Accepted,147.0,31488.0,212,
s734804504,p02572,u953020348,1598731859,Python,Python (3.8.2),py,Accepted,135.0,32744.0,151,
s570695182,p02572,u972666601,1598731855,C++,C++ (GCC 9.2.1),cpp,Accepted,80.0,5548.0,424,
s905807525,p02572,u991542950,1598731853,Python,PyPy3 (7.3.0),py,Accepted,117.0,92012.0,194,
s052797283,p02572,u957788056,1598731853,C++,C++ (GCC 9.2.1),cpp,Accepted,41.0,6772.0,480,
s203541715,p02572,u901446572,1598731851,C++,C++ (GCC 9.2.1),cpp,Accepted,78.0,6368.0,693,
s776516577,p02572,u885464304,1598731850,C++,C++ (GCC 9.2.1),cpp,Accepted,38.0,5200.0,567,
s092551517,p02572,u771369554,1598731848,C++,C++ (GCC 9.2.1),cpp,Accepted,71.0,4788.0,456,
s382528982,p02572,u132894387,1598731834,C++,C++ (GCC 9.2.1),cpp,Accepted,79.0,4772.0,396,
s645400212,p02572,u314643350,1598731833,C++,C++ (GCC 9.2.1),cpp,Accepted,75.0,6720.0,428,
s246974965,p02572,u663360123,1598731827,C++,C++ (GCC 9.2.1),cpp,Accepted,77.0,5200.0,633,
s120096786,p02572,u473172054,1598731827,Python,Python (3.8.2),py,Accepted,152.0,31580.0,308,
s968736695,p02572,u209275335,1598731824,Python,PyPy3 (7.3.0),py,Accepted,134.0,94096.0,318,
s730397766,p02572,u366996583,1598731823,Python,Python (3.8.2),py,Accepted,165.0,31496.0,174,
s365015211,p02572,u624379665,1598731822,C++,C++ (GCC 9.2.1),cpp,Accepted,35.0,4752.0,436,
s528461023,p02572,u900229905,1598731822,C++,C++ (GCC 9.2.1),cpp,Accepted,42.0,6360.0,897,
s776850091,p02572,u528258842,1598731813,C++,C++ (GCC 9.2.1),cpp,Accepted,77.0,6420.0,432,
s242688818,p02572,u280966279,1598731804,C++,C++ (GCC 9.2.1),cpp,Accepted,79.0,3964.0,383,
s807445889,p02572,u477156071,1598731803,C++,C++ (GCC 9.2.1),cpp,Accepted,76.0,6420.0,598,
s317537906,p02572,u106925272,1598731803,C++,C++ (GCC 9.2.1),cpp,Accepted,77.0,6444.0,823,
s200553846,p02572,u311379832,1598731796,Python,PyPy3 (7.3.0),py,Accepted,134.0,93920.0,245,
s213486547,p02572,u108650331,1598731795,Python,Python (3.8.2),py,Accepted,148.0,32384.0,310,
s920883356,p02572,u822498899,1598731793,C++,C++ (GCC 9.2.1),cpp,Accepted,80.0,7892.0,792,
s128909494,p02572,u176425046,1598731790,C++,C++ (GCC 9.2.1),cpp,Accepted,38.0,6780.0,1574,
s518879033,p02572,u361433095,1598731784,C++,C++ (GCC 9.2.1),cpp,Accepted,72.0,6408.0,617,
s671422873,p02572,u141957321,1598731784,C++,C++ (GCC 9.2.1),cpp,Accepted,78.0,5196.0,534,
s670224776,p02572,u738636621,1598731778,C++,C++ (GCC 9.2.1),cpp,Accepted,35.0,5208.0,3607,
s398870399,p02572,u398511319,1598731775,Python,Python (3.8.2),py,Accepted,198.0,31592.0,272,
s979434278,p02572,u900958593,1598731773,C++,C++ (GCC 9.2.1),cpp,Accepted,79.0,5972.0,546,
s507014491,p02572,u442714890,1598731772,C++,C++ (GCC 9.2.1),cpp,Accepted,81.0,3984.0,483,
s841514980,p02572,u786728888,1598731772,Python,PyPy3 (7.3.0),py,Accepted,130.0,94092.0,245,
s059254011,p02572,u627927445,1598731771,C++,C++ (GCC 9.2.1),cpp,Accepted,76.0,4844.0,455,
s820975598,p02572,u561862393,1598731770,Python,Python (3.8.2),py,Accepted,247.0,50000.0,223,
s728638187,p02572,u906048571,1598731770,C++,C++ (GCC 9.2.1),cpp,Accepted,36.0,6300.0,1278,
s588132918,p02572,u543489264,1598731768,Python,PyPy3 (7.3.0),py,Accepted,381.0,93824.0,230,
s890398176,p02572,u549860430,1598731767,C++,C++ (GCC 9.2.1),cpp,Accepted,43.0,6736.0,777,
s902888239,p02572,u006113774,1598731765,C++,C++ (GCC 9.2.1),cpp,Accepted,74.0,6660.0,511,
s408348414,p02572,u282813849,1598731760,Python,Python (3.8.2),py,Accepted,126.0,31356.0,477,
s725787450,p02572,u418586218,1598731756,C++,C++ (GCC 9.2.1),cpp,Accepted,72.0,6400.0,526,
s067547530,p02572,u901555384,1598731751,C++,C++ (GCC 9.2.1),cpp,Accepted,36.0,6364.0,1155,
s675194076,p02572,u106118504,1598731746,Python,Python (3.8.2),py,Accepted,149.0,31424.0,151,
s977179504,p02572,u264629567,1598731745,C++,C++ (GCC 9.2.1),cpp,Accepted,38.0,6348.0,1297,
s514707489,p02572,u623468376,1598731744,C++,C++ (GCC 9.2.1),cpp,Accepted,36.0,6736.0,1376,
s346666985,p02572,u726397961,1598731743,C++,C++ (GCC 9.2.1),cpp,Accepted,75.0,4836.0,1085,
s555943087,p02572,u987412812,1598731743,C++,C++ (GCC 9.2.1),cpp,Accepted,79.0,5572.0,515,
s287461471,p02572,u740301715,1598731737,C++,C++ (GCC 9.2.1),cpp,Accepted,74.0,3624.0,372,
s194902768,p02572,u508198434,1598731735,C++,C++ (GCC 9.2.1),cpp,Accepted,74.0,4816.0,768,
s618521589,p02572,u356983865,1598731730,Python,Python (3.8.2),py,Accepted,159.0,31592.0,247,
s904440918,p02572,u615662061,1598731727,C++,C++ (GCC 9.2.1),cpp,Accepted,74.0,4852.0,591,
s514646674,p02572,u249335194,1598731727,Python,Python (3.8.2),py,Accepted,127.0,31360.0,134,
s862981736,p02572,u625431756,1598731723,C++,C++ (GCC 9.2.1),cpp,Accepted,44.0,5184.0,1669,
s592779166,p02572,u874555693,1598731721,C++,C++ (GCC 9.2.1),cpp,Accepted,79.0,6368.0,553,
s894877520,p02572,u402887661,1598731710,C++,C++ (GCC 9.2.1),cpp,Accepted,78.0,6756.0,625,
s792082198,p02572,u337359136,1598731701,C++,C++ (GCC 9.2.1),cpp,Accepted,77.0,4040.0,400,
s835670680,p02572,u486790570,1598731695,C++,C++ (GCC 9.2.1),cpp,Accepted,73.0,3992.0,470,
s437788014,p02572,u350308906,1598731695,C++,C++ (GCC 9.2.1),cpp,Accepted,79.0,4828.0,543,
s243377619,p02572,u040094338,1598731687,C++,C++ (GCC 9.2.1),cpp,Accepted,45.0,4744.0,2311,
s278038229,p02572,u419655514,1598731679,Python,PyPy3 (7.3.0),py,Accepted,125.0,94148.0,255,
s177836567,p02572,u233437178,1598731677,C++,C++ (GCC 9.2.1),cpp,Accepted,75.0,7964.0,561,
s139892453,p02572,u777602533,1598731674,C++,C++ (GCC 9.2.1),cpp,Accepted,76.0,4840.0,1195,
s591321704,p02572,u531062941,1598731664,C++,C++ (GCC 9.2.1),cpp,Accepted,77.0,6424.0,676,
s751862892,p02572,u058268297,1598731664,Python,PyPy3 (7.3.0),py,Accepted,117.0,96792.0,821,
s707606673,p02572,u362615656,1598731662,C++,C++ (GCC 9.2.1),cpp,Accepted,38.0,5176.0,652,
s762982148,p02572,u801983383,1598731660,C++,C++ (GCC 9.2.1),cpp,Accepted,35.0,5116.0,746,
s812523819,p02572,u326552320,1598731655,Python,Python (3.8.2),py,Accepted,205.0,49580.0,434,
s837923385,p02572,u680646173,1598731649,C++,C++ (GCC 9.2.1),cpp,Accepted,76.0,4772.0,395,
s451927411,p02572,u912208257,1598731647,Python,Python (3.8.2),py,Accepted,144.0,31428.0,191,
s546210756,p02572,u217830224,1598731644,C++,C++ (GCC 9.2.1),cpp,Accepted,75.0,5184.0,250,
s703482135,p02572,u018984506,1598731635,C++,C++ (GCC 9.2.1),cpp,Accepted,72.0,6364.0,835,
s658102396,p02572,u766646838,1598731625,Python,Python (3.8.2),py,Accepted,149.0,31740.0,215,
s149618107,p02572,u505493564,1598731619,Python,Python (3.8.2),py,Accepted,136.0,31408.0,303,
s239241639,p02572,u730499268,1598731613,C++,C++ (GCC 9.2.1),cpp,Accepted,72.0,6412.0,578,
s830942180,p02572,u998732100,1598731612,Python,Python (3.8.2),py,Accepted,182.0,31396.0,225,
s572393577,p02572,u296904220,1598731610,C++,C++ (GCC 9.2.1),cpp,Accepted,80.0,5208.0,999,
s310691725,p02572,u418892821,1598731610,C++,C++ (GCC 9.2.1),cpp,Accepted,71.0,4780.0,427,
s158391482,p02572,u389737182,1598731609,Python,Python (3.8.2),py,Accepted,457.0,49920.0,235,
s586464986,p02572,u021849122,1598731603,C++,C++ (GCC 9.2.1),cpp,Accepted,76.0,5156.0,572,
s401699909,p02572,u950567701,1598731596,Python,Python (3.8.2),py,Accepted,155.0,31564.0,231,
s950460922,p02572,u401810884,1598731591,Python,Python (3.8.2),py,Accepted,240.0,32144.0,582,
s179466114,p02572,u012782172,1598731588,C++,C++ (GCC 9.2.1),cpp,Accepted,81.0,6380.0,521,
s720901877,p02572,u428138851,1598731580,C++,C++ (GCC 9.2.1),cpp,Accepted,77.0,4836.0,1755,
s737950772,p02572,u944396627,1598731577,Python,Python (3.8.2),py,Accepted,162.0,31464.0,277,
s578378799,p02572,u978640776,1598731576,C++,C++ (GCC 9.2.1),cpp,Accepted,79.0,6420.0,1489,
s309223611,p02572,u555627824,1598731572,C++,C++ (GCC 9.2.1),cpp,Accepted,71.0,6360.0,1185,
s404135225,p02572,u460229551,1598731569,Python,Python (3.8.2),py,Accepted,213.0,31520.0,215,
s923389964,p02572,u224435863,1598731568,C++,C++ (GCC 9.2.1),cpp,Accepted,43.0,6860.0,1102,
s839317568,p02572,u463598239,1598731566,C++,C++ (GCC 9.2.1),cpp,Accepted,78.0,6724.0,510,
s812864441,p02572,u448406471,1598731565,Python,Python (3.8.2),py,Accepted,183.0,31608.0,312,
s271025505,p02572,u785618718,1598731561,Python,Python (3.8.2),py,Accepted,138.0,31500.0,156,
s850105570,p02572,u556983878,1598731559,C++,C++ (GCC 9.2.1),cpp,Accepted,69.0,4760.0,1232,
s583941314,p02572,u533643630,1598731555,C++,C++ (GCC 9.2.1),cpp,Accepted,79.0,6756.0,396,
s247896573,p02572,u553222165,1598731555,C++,C++ (GCC 9.2.1),cpp,Accepted,38.0,6784.0,774,
s228336746,p02572,u865119809,1598731552,Python,Python (3.8.2),py,Accepted,192.0,30824.0,290,
s826131805,p02572,u099300051,1598731551,Python,Python (3.8.2),py,Accepted,229.0,31536.0,324,
s663107264,p02572,u098220020,1598731543,C++,C++ (GCC 9.2.1),cpp,Accepted,79.0,6432.0,568,
s605581328,p02572,u175233565,1598731543,C++,C++ (GCC 9.2.1),cpp,Accepted,73.0,4032.0,434,
s894135726,p02572,u862765132,1598731541,C++,C++ (GCC 9.2.1),cpp,Accepted,111.0,5132.0,639,
s873118213,p02572,u644224332,1598731539,C++,C++ (GCC 9.2.1),cpp,Accepted,37.0,6352.0,2845,
s678051979,p02572,u850139915,1598731537,C++,C++ (GCC 9.2.1),cpp,Accepted,75.0,6420.0,517,
s314097505,p02572,u838276016,1598731530,C++,C++ (GCC 9.2.1),cpp,Accepted,77.0,4836.0,637,
s856423215,p02572,u107798522,1598731518,Python,PyPy3 (7.3.0),py,Accepted,127.0,94164.0,226,
s907203383,p02572,u987412812,1598731517,C++,C++ (GCC 9.2.1),cpp,Accepted,78.0,4016.0,464,
s057950961,p02572,u703417608,1598731515,C++,C++ (GCC 9.2.1),cpp,Accepted,39.0,6680.0,2279,
s374463619,p02572,u780289386,1598731514,C++,C++ (GCC 9.2.1),cpp,Accepted,73.0,3584.0,1006,
s628580618,p02572,u210951007,1598731513,Python,Python (3.8.2),py,Accepted,189.0,25036.0,193,
s990982419,p02572,u423585790,1598731509,Python,PyPy3 (7.3.0),py,Accepted,158.0,110928.0,1229,
s204990235,p02572,u824880220,1598731506,C++,C++ (GCC 9.2.1),cpp,Accepted,40.0,6328.0,1682,
s964456822,p02572,u921662366,1598731505,C++,C++ (GCC 9.2.1),cpp,Accepted,80.0,6396.0,705,
s047100327,p02572,u799164835,1598731504,C++,C++ (GCC 9.2.1),cpp,Accepted,73.0,4840.0,468,
s620403569,p02572,u079952022,1598731502,C++,C++ (GCC 9.2.1),cpp,Accepted,68.0,3640.0,870,
s356798957,p02572,u050622763,1598731498,C++,C++ (GCC 9.2.1),cpp,Accepted,75.0,5964.0,698,
s712235709,p02572,u575710063,1598731497,C++,C++ (GCC 9.2.1),cpp,Accepted,81.0,6336.0,2785,
s667459334,p02572,u413179018,1598731493,C++,C++ (GCC 9.2.1),cpp,Accepted,83.0,6428.0,1115,
s327856115,p02572,u152061705,1598731490,Python,PyPy3 (7.3.0),py,Accepted,123.0,94324.0,257,
s699369778,p02572,u309120194,1598731489,Python,Python (3.8.2),py,Accepted,188.0,31540.0,326,
s039743488,p02572,u586639900,1598731487,Python,Python (3.8.2),py,Accepted,131.0,31400.0,404,
s180945173,p02572,u018890850,1598731484,C++,C++ (GCC 9.2.1),cpp,Accepted,79.0,4776.0,412,
s760668283,p02572,u798136015,1598731478,Python,PyPy3 (7.3.0),py,Accepted,120.0,94120.0,480,
s640279829,p02572,u548362016,1598731464,C++,C++ (GCC 9.2.1),cpp,Accepted,82.0,6724.0,547,
s441071917,p02572,u945078804,1598731463,C++,C++ (GCC 9.2.1),cpp,Accepted,38.0,6328.0,852,
s866488133,p02572,u204163177,1598731462,C++,C++ (GCC 9.2.1),cpp,Accepted,86.0,5372.0,600,
s477994691,p02572,u164471280,1598731457,Python,Python (3.8.2),py,Accepted,123.0,30952.0,396,
s403941929,p02572,u445973687,1598731455,C++,C++ (Clang 10.0.0),cpp,Accepted,164.0,6316.0,574,
s378630738,p02572,u992910889,1598731452,C++,C++ (GCC 9.2.1),cpp,Accepted,34.0,6308.0,8922,
s950013391,p02572,u687574784,1598731449,Python,Python (3.8.2),py,Accepted,159.0,31636.0,238,
s125670451,p02572,u130574011,1598731446,C++,C++ (GCC 9.2.1),cpp,Accepted,73.0,5168.0,709,
s447848384,p02572,u656325289,1598731445,C++,C++ (GCC 9.2.1),cpp,Accepted,75.0,4844.0,441,
s145039074,p02572,u156815136,1598731445,Python,Python (3.8.2),py,Accepted,183.0,34372.0,1340,
s745112238,p02572,u191423660,1598731444,Python,Python (3.8.2),py,Accepted,110.0,31744.0,288,
s045518979,p02572,u195396655,1598731442,Python,Python (3.8.2),py,Accepted,171.0,31548.0,334,
s327279243,p02572,u426649993,1598731434,Python,Python (3.8.2),py,Accepted,165.0,31400.0,390,
s463649891,p02572,u568877271,1598731432,C++,C++ (GCC 9.2.1),cpp,Accepted,77.0,6636.0,461,
s570793458,p02572,u270552891,1598731429,C++,C++ (GCC 9.2.1),cpp,Accepted,75.0,5312.0,1849,
s639732169,p02572,u355078864,1598731419,Python,PyPy3 (7.3.0),py,Accepted,118.0,94184.0,366,
s428750517,p02572,u602081607,1598731417,Python,Python (3.8.2),py,Accepted,101.0,31468.0,524,
s871399284,p02572,u531391334,1598731415,Python,PyPy3 (7.3.0),py,Accepted,111.0,93960.0,310,
s579376473,p02572,u020498040,1598731415,C++,C++ (GCC 9.2.1),cpp,Accepted,84.0,4784.0,522,
s441304000,p02572,u402474565,1598731415,C++,C++ (GCC 9.2.1),cpp,Accepted,35.0,5940.0,2427,
s208078175,p02572,u267983787,1598731412,C++,C++ (GCC 9.2.1),cpp,Accepted,30.0,4748.0,1042,
s895591360,p02572,u114366889,1598731410,Python,PyPy3 (7.3.0),py,Accepted,133.0,94140.0,243,
s598349382,p02572,u104613587,1598731401,C++,C++ (GCC 9.2.1),cpp,Accepted,37.0,4776.0,344,
s502000643,p02572,u163700211,1598731400,C++,C++ (GCC 9.2.1),cpp,Accepted,38.0,6732.0,459,
s961692560,p02572,u971823266,1598731400,C++,C++ (GCC 9.2.1),cpp,Accepted,34.0,5216.0,1040,
s721918963,p02572,u281714739,1598731400,C++,C++ (GCC 9.2.1),cpp,Accepted,75.0,6428.0,2152,
s373924181,p02572,u028862479,1598731399,Python,Python (3.8.2),py,Accepted,133.0,31508.0,204,
s489522671,p02572,u805925900,1598731393,C++,C++ (GCC 9.2.1),cpp,Accepted,72.0,5192.0,296,
s569711809,p02572,u342003594,1598731392,C++,C++ (GCC 9.2.1),cpp,Accepted,37.0,5176.0,4388,
s444140645,p02572,u504403442,1598731390,C++,C++ (GCC 9.2.1),cpp,Accepted,73.0,6756.0,2926,
s275674631,p02572,u724092141,1598731383,C++,C++ (GCC 9.2.1),cpp,Accepted,79.0,6712.0,797,
s962351494,p02572,u477734611,1598731382,Python,Python (3.8.2),py,Accepted,190.0,25064.0,200,
s239247504,p02572,u522548464,1598731381,C++,C++ (GCC 9.2.1),cpp,Accepted,40.0,5580.0,2185,
s430749276,p02572,u361777955,1598731377,C++,C++ (GCC 9.2.1),cpp,Accepted,78.0,6736.0,376,
s941651485,p02572,u381502675,1598731365,C++,C++ (GCC 9.2.1),cpp,Accepted,73.0,6680.0,414,
s196498451,p02572,u671630822,1598731365,C++,C++ (GCC 9.2.1),cpp,Accepted,44.0,4768.0,883,
s074309163,p02572,u545469214,1598731364,C++,C++ (GCC 9.2.1),cpp,Accepted,37.0,6732.0,1043,
s192399941,p02572,u598618255,1598731357,C++,C++ (GCC 9.2.1),cpp,Accepted,38.0,5108.0,1140,
s792535643,p02572,u786325650,1598731356,Python,Python (3.8.2),py,Accepted,129.0,31428.0,207,
s302353990,p02572,u835598924,1598731354,C++,C++ (GCC 9.2.1),cpp,Accepted,76.0,6396.0,332,
s078516487,p02572,u933268816,1598731353,C++,C++ (GCC 9.2.1),cpp,Accepted,70.0,4816.0,340,
s401325283,p02572,u817026203,1598731349,C++,C++ (GCC 9.2.1),cpp,Accepted,36.0,3660.0,4270,
s096231463,p02572,u247698877,1598731347,C++,C++ (GCC 9.2.1),cpp,Accepted,79.0,6344.0,382,
s382299205,p02572,u092102925,1598731346,C++,C++ (GCC 9.2.1),cpp,Accepted,36.0,5176.0,2187,
s878107860,p02572,u932125395,1598731344,Python,PyPy3 (7.3.0),py,Accepted,165.0,105168.0,248,
s492046500,p02572,u393487335,1598731339,C++,C++ (GCC 9.2.1),cpp,Accepted,75.0,4812.0,520,
s388044370,p02572,u511501183,1598731335,Python,PyPy3 (7.3.0),py,Accepted,125.0,94168.0,309,
s089647593,p02572,u139573956,1598731335,C++,C++ (GCC 9.2.1),cpp,Accepted,36.0,4784.0,1109,
s899818420,p02572,u630554891,1598731333,Python,Python (3.8.2),py,Accepted,166.0,31460.0,183,
s126155107,p02572,u499924004,1598731322,C++,C++ (GCC 9.2.1),cpp,Accepted,42.0,6780.0,332,
s221764100,p02572,u915582296,1598731321,C++,C++ (GCC 9.2.1),cpp,Accepted,75.0,5116.0,1127,
s999038176,p02572,u380927579,1598731320,C++,C++ (GCC 9.2.1),cpp,Accepted,77.0,5152.0,1398,
s954365746,p02572,u214519986,1598731313,C++,C++ (GCC 9.2.1),cpp,Accepted,76.0,3588.0,313,
s906650823,p02572,u360902389,1598731312,C++,C++ (GCC 9.2.1),cpp,Accepted,80.0,4836.0,1430,
s447598810,p02572,u765492825,1598731311,C++,C++ (GCC 9.2.1),cpp,Accepted,39.0,6792.0,1169,
s666885268,p02572,u648315264,1598731305,Python,Python (3.8.2),py,Accepted,113.0,32540.0,849,
s394518547,p02572,u401718361,1598731305,C++,C++ (Clang 10.0.0),cpp,Accepted,161.0,4424.0,867,
s901020000,p02572,u200916944,1598731301,Python,PyPy3 (7.3.0),py,Accepted,147.0,104292.0,190,
s784228294,p02572,u272682534,1598731297,Python,Python (3.8.2),py,Accepted,160.0,31620.0,167,
s386550560,p02572,u878096794,1598731295,C++,C++ (GCC 9.2.1),cpp,Accepted,75.0,5172.0,487,
s155042431,p02572,u828178614,1598731290,C++,C++ (GCC 9.2.1),cpp,Accepted,44.0,5312.0,450,
s168289355,p02572,u471214054,1598731285,Python,PyPy3 (7.3.0),py,Accepted,315.0,112764.0,273,
s773909632,p02572,u201382544,1598731285,Python,Python (3.8.2),py,Accepted,141.0,31436.0,174,
s597421579,p02572,u303344598,1598731284,Python,Python (3.8.2),py,Accepted,140.0,31540.0,155,
s158324807,p02572,u575309064,1598731281,Python,Python (3.8.2),py,Accepted,209.0,31204.0,381,
s746776219,p02572,u499840183,1598731281,C++,C++ (GCC 9.2.1),cpp,Accepted,77.0,4820.0,366,
s396730923,p02572,u423316892,1598731281,C++,C++ (GCC 9.2.1),cpp,Accepted,76.0,6740.0,413,
s404139665,p02572,u282403093,1598731279,Python,Python (3.8.2),py,Accepted,140.0,31756.0,164,
s286520011,p02572,u833295869,1598731278,C++,C++ (GCC 9.2.1),cpp,Accepted,74.0,5172.0,887,
s710383411,p02572,u816340589,1598731274,C++,C++ (GCC 9.2.1),cpp,Accepted,24.0,6716.0,679,
s428320861,p02572,u919970507,1598731271,C++,C++ (GCC 9.2.1),cpp,Accepted,79.0,3616.0,2296,
s410888396,p02572,u799751074,1598731269,C++,C++ (GCC 9.2.1),cpp,Accepted,82.0,6252.0,1111,
s664050134,p02572,u346375263,1598731267,Python,PyPy3 (7.3.0),py,Accepted,131.0,93992.0,183,
s539379424,p02572,u477946982,1598731264,Python,PyPy3 (7.3.0),py,Accepted,138.0,109040.0,220,
s190853759,p02572,u453306058,1598731263,Python,Python (3.8.2),py,Accepted,141.0,31608.0,244,
s324169440,p02572,u654427816,1598731259,C++,C++ (GCC 9.2.1),cpp,Accepted,78.0,6416.0,999,
s176414010,p02572,u070498598,1598731259,C++,C++ (GCC 9.2.1),cpp,Accepted,37.0,5180.0,860,
s748316120,p02572,u626618167,1598731256,C++,C++ (GCC 9.2.1),cpp,Accepted,38.0,6776.0,2270,
s550154860,p02572,u832280547,1598731255,C++,C++ (GCC 9.2.1),cpp,Accepted,39.0,2492.0,356,
s114124565,p02572,u572969416,1598731252,C++,C++ (GCC 9.2.1),cpp,Accepted,80.0,6904.0,456,
s082221633,p02572,u217859995,1598731252,C++,C++ (GCC 9.2.1),cpp,Accepted,82.0,6764.0,456,
s172548953,p02572,u624995773,1598731250,C++,C++ (GCC 9.2.1),cpp,Accepted,76.0,5184.0,859,
s637828441,p02572,u822133553,1598731247,C++,C++ (GCC 9.2.1),cpp,Accepted,74.0,6768.0,2195,
s757757847,p02572,u257332942,1598731246,Python,Python (3.8.2),py,Accepted,171.0,31368.0,284,
s807751525,p02572,u713767919,1598731244,Python,Python (3.8.2),py,Accepted,163.0,31620.0,314,
s327043702,p02572,u805392425,1598731244,C++,C++ (GCC 9.2.1),cpp,Accepted,89.0,6668.0,545,
s458075843,p02572,u345693891,1598731242,C++,C++ (GCC 9.2.1),cpp,Accepted,37.0,4740.0,4824,
s184449458,p02572,u484010851,1598731234,C++,C++ (Clang 10.0.0),cpp,Accepted,153.0,6284.0,1017,
s428989559,p02572,u447899880,1598731233,C++,C++ (GCC 9.2.1),cpp,Accepted,70.0,4044.0,418,
s905340752,p02572,u033575126,1598731227,C++,C++ (GCC 9.2.1),cpp,Accepted,70.0,4812.0,564,
s637101154,p02572,u285265363,1598731225,Python,Python (3.8.2),py,Accepted,208.0,31588.0,229,
s253063364,p02572,u230813268,1598731221,C++,C++ (GCC 9.2.1),cpp,Accepted,38.0,4712.0,1772,
s543170369,p02572,u107571441,1598731218,C++,C++ (GCC 9.2.1),cpp,Accepted,36.0,6688.0,1127,
s701973952,p02572,u755852290,1598731218,C++,C++ (GCC 9.2.1),cpp,Accepted,36.0,3612.0,1697,
s672949294,p02572,u381502675,1598731216,C++,C++ (GCC 9.2.1),cpp,Accepted,80.0,6740.0,450,
s083267214,p02572,u830366840,1598731214,C++,C++ (Clang 10.0.0),cpp,Accepted,128.0,11208.0,3889,
s998949766,p02572,u402458231,1598731213,C++,C++ (GCC 9.2.1),cpp,Accepted,73.0,5196.0,474,
s403662800,p02572,u777975056,1598731213,C++,C++ (Clang 10.0.0),cpp,Accepted,156.0,6312.0,848,
s644484207,p02572,u377326895,1598731210,C++,C++ (GCC 9.2.1),cpp,Accepted,40.0,6724.0,682,
s466637708,p02572,u563914702,1598731205,C++,C++ (GCC 9.2.1),cpp,Accepted,86.0,6420.0,708,
s449775673,p02572,u250757552,1598731204,C++,C++ (GCC 9.2.1),cpp,Accepted,35.0,6364.0,2148,
s040493482,p02572,u955454747,1598731201,C++,C++ (GCC 9.2.1),cpp,Accepted,38.0,6352.0,1196,
s261810902,p02572,u173494138,1598731196,Python,PyPy3 (7.3.0),py,Accepted,115.0,104220.0,637,
s962197390,p02572,u042329722,1598731196,C++,C++ (GCC 9.2.1),cpp,Accepted,74.0,4368.0,2018,
s276979256,p02572,u319569229,1598731192,C++,C++ (GCC 9.2.1),cpp,Accepted,75.0,5364.0,2684,
s864385969,p02572,u969226579,1598731189,Python,Python (3.8.2),py,Accepted,127.0,31448.0,211,
s344907445,p02572,u381502675,1598731188,C++,C++ (GCC 9.2.1),cpp,Accepted,73.0,6764.0,450,
s026855022,p02572,u999989620,1598731184,C++,C++ (GCC 9.2.1),cpp,Accepted,76.0,6408.0,1554,
s259497367,p02572,u005517181,1598731180,C++,C++ (GCC 9.2.1),cpp,Accepted,76.0,5172.0,296,
s822292082,p02572,u262646906,1598731168,Python,Python (3.8.2),py,Accepted,193.0,31304.0,238,
s055767152,p02572,u270298981,1598731167,C++,C++ (Clang 10.0.0),cpp,Accepted,156.0,6200.0,555,
s158500249,p02572,u444026747,1598731167,C++,C++ (GCC 9.2.1),cpp,Accepted,78.0,6584.0,532,
s701286194,p02572,u924003610,1598731160,C++,C++ (GCC 9.2.1),cpp,Accepted,79.0,4832.0,5332,
s761990009,p02572,u360748099,1598731157,Python,Python (3.8.2),py,Accepted,146.0,31628.0,167,
s607350382,p02572,u823855263,1598731156,C++,C++ (GCC 9.2.1),cpp,Accepted,78.0,4844.0,616,
s600199008,p02572,u551437236,1598731152,Python,Python (3.8.2),py,Accepted,100.0,31604.0,149,
s949639061,p02572,u988566857,1598731152,C++,C++ (GCC 9.2.1),cpp,Accepted,31.0,4816.0,1847,
s450793062,p02572,u893424256,1598731151,C++,C++ (GCC 9.2.1),cpp,Accepted,25.0,9836.0,635,
s480141008,p02572,u025469035,1598731151,C++,C++ (GCC 9.2.1),cpp,Accepted,78.0,4796.0,538,
s903120521,p02572,u745861782,1598731150,Python,Python (3.8.2),py,Accepted,151.0,31224.0,169,
s787951416,p02572,u285497176,1598731149,Python,Python (3.8.2),py,Accepted,123.0,31488.0,236,
s212554562,p02572,u138715738,1598731149,C++,C++ (GCC 9.2.1),cpp,Accepted,71.0,5968.0,402,
s952757523,p02572,u087774712,1598731145,C++,C++ (GCC 9.2.1),cpp,Accepted,39.0,6300.0,2549,
s240223087,p02572,u003107737,1598731140,C++,C++ (Clang 10.0.0),cpp,Accepted,164.0,6320.0,451,
s188865264,p02572,u458925609,1598731138,Python,Python (3.8.2),py,Accepted,156.0,31612.0,497,
s580553632,p02572,u315343268,1598731137,C++,C++ (GCC 9.2.1),cpp,Accepted,36.0,4788.0,2252,
s394827777,p02572,u240801102,1598731137,C++,C++ (GCC 9.2.1),cpp,Accepted,77.0,5560.0,836,
s517909989,p02572,u312078744,1598731136,Python,Python (3.8.2),py,Accepted,547.0,113252.0,1011,
s769619949,p02572,u351480677,1598731135,Python,Python (3.8.2),py,Accepted,150.0,31384.0,164,
s805027939,p02572,u535010493,1598731132,C++,C++ (GCC 9.2.1),cpp,Accepted,76.0,6356.0,1909,
s690139117,p02572,u743561048,1598731130,C++,C++ (GCC 9.2.1),cpp,Accepted,65.0,15912.0,5113,
s699753609,p02572,u707960254,1598731128,Python,Python (3.8.2),py,Accepted,162.0,31644.0,203,
s210838837,p02572,u409231490,1598731128,C++,C++ (GCC 9.2.1),cpp,Accepted,44.0,6940.0,711,
s087792993,p02572,u942551458,1598731125,C++,C++ (GCC 9.2.1),cpp,Accepted,76.0,4848.0,850,
s299916420,p02572,u483277935,1598731122,C++,C++ (GCC 9.2.1),cpp,Accepted,36.0,3744.0,933,
s458410199,p02572,u864090097,1598731122,Python,Python (3.8.2),py,Accepted,168.0,31436.0,219,
s439208295,p02572,u368324062,1598731117,C++,C++ (GCC 9.2.1),cpp,Accepted,83.0,6392.0,1738,
s307716522,p02572,u766531474,1598731116,C++,C++ (GCC 9.2.1),cpp,Accepted,39.0,5940.0,514,
s650631306,p02572,u956910277,1598731109,Python,Python (3.8.2),py,Accepted,116.0,31744.0,131,
s924698658,p02572,u805925900,1598731103,Python,Python (3.8.2),py,Accepted,155.0,31620.0,150,
s171245954,p02572,u375941094,1598731097,Python,PyPy3 (7.3.0),py,Accepted,121.0,94288.0,285,
s116384015,p02572,u338791285,1598731097,C++,C++ (GCC 9.2.1),cpp,Accepted,79.0,6424.0,1055,
s256993799,p02572,u965849635,1598731093,C++,C++ (GCC 9.2.1),cpp,Accepted,39.0,6328.0,937,
s939299967,p02572,u334242570,1598731090,Python,Python (3.8.2),py,Accepted,137.0,31472.0,215,
s029136634,p02572,u651909676,1598731088,C++,C++ (GCC 9.2.1),cpp,Accepted,41.0,6640.0,1052,
s955423289,p02572,u028072025,1598731083,Python,Python (3.8.2),py,Accepted,172.0,31504.0,325,
s868343421,p02572,u848474926,1598731081,C++,C++ (GCC 9.2.1),cpp,Accepted,74.0,6400.0,1367,
s981009659,p02572,u725651909,1598731080,Python,Python (3.8.2),py,Accepted,161.0,31576.0,150,
s366339599,p02572,u016522599,1598731080,C++,C++ (GCC 9.2.1),cpp,Accepted,42.0,6884.0,555,
s740092612,p02572,u514072741,1598731078,C++,C++ (GCC 9.2.1),cpp,Accepted,83.0,6420.0,1648,
s579941796,p02572,u141304883,1598731073,Python,PyPy3 (7.3.0),py,Accepted,129.0,94248.0,194,
s974663213,p02572,u253952966,1598731073,C++,C++ (GCC 9.2.1),cpp,Accepted,84.0,6744.0,515,
s608815140,p02572,u806988802,1598731072,Python,Python (3.8.2),py,Accepted,149.0,31404.0,236,
s164992858,p02572,u534800382,1598731072,C++,C++ (GCC 9.2.1),cpp,Accepted,79.0,6416.0,2131,
s106029824,p02572,u062324064,1598731070,C++,C++ (GCC 9.2.1),cpp,Accepted,37.0,6360.0,2243,
s016330031,p02572,u503227287,1598731069,Python,PyPy3 (7.3.0),py,Accepted,119.0,94076.0,712,
s526340547,p02572,u953655640,1598731067,Python,Python (3.8.2),py,Accepted,193.0,31440.0,248,
s044603981,p02572,u439899860,1598731065,Python,Python (3.8.2),py,Accepted,139.0,31660.0,154,
s444589326,p02572,u257265865,1598731063,Python,Python (3.8.2),py,Accepted,145.0,31628.0,120,
s808402373,p02572,u915689660,1598731063,C++,C++ (GCC 9.2.1),cpp,Accepted,93.0,22004.0,1794,
s036061128,p02572,u404842368,1598731061,Python,Python (3.8.2),py,Accepted,127.0,31436.0,160,
s895381663,p02572,u743504636,1598731055,Python,Python (3.8.2),py,Accepted,162.0,31440.0,234,
s298053135,p02572,u462640044,1598731055,C++,C++ (Clang 10.0.0),cpp,Accepted,169.0,6052.0,599,
s558321222,p02572,u452512115,1598731053,Python,Python (3.8.2),py,Accepted,165.0,31252.0,219,
s463836313,p02572,u617040773,1598731052,Python,PyPy3 (7.3.0),py,Accepted,123.0,94276.0,257,
s968443891,p02572,u580633471,1598731049,C++,C++ (GCC 9.2.1),cpp,Accepted,44.0,6364.0,782,
s789109254,p02572,u518386853,1598731048,Python,PyPy3 (7.3.0),py,Accepted,120.0,94232.0,166,
s409902911,p02572,u908039151,1598731044,C++,C++ (GCC 9.2.1),cpp,Accepted,75.0,4828.0,428,
s991191429,p02572,u365152996,1598731043,C++,C++ (GCC 9.2.1),cpp,Accepted,79.0,5184.0,872,
s307176772,p02572,u891945807,1598731040,C++,C++ (GCC 9.2.1),cpp,Accepted,77.0,6732.0,445,
s374622549,p02572,u412624159,1598731039,C++,C++ (GCC 9.2.1),cpp,Accepted,76.0,4760.0,401,
s671503877,p02572,u736189571,1598731036,C++,C++ (GCC 9.2.1),cpp,Accepted,34.0,4396.0,1454,
s547618368,p02572,u063596417,1598731032,Python,Python (3.8.2),py,Accepted,137.0,31608.0,317,
s399654216,p02572,u293518505,1598731023,C++,C++ (GCC 9.2.1),cpp,Accepted,37.0,7912.0,825,
s983277821,p02572,u989110852,1598731020,C++,C++ (GCC 9.2.1),cpp,Accepted,79.0,5368.0,560,
s598966057,p02572,u584658281,1598731020,Python,Python (3.8.2),py,Accepted,164.0,31640.0,221,
s982389486,p02572,u938005055,1598731017,Python,Python (3.8.2),py,Accepted,153.0,32820.0,255,
s084202173,p02572,u029675143,1598731009,C++,C++ (GCC 9.2.1),cpp,Accepted,78.0,5128.0,479,
s479703486,p02572,u217125116,1598731008,C++,C++ (GCC 9.2.1),cpp,Accepted,38.0,5980.0,717,
s580431937,p02572,u660466744,1598731003,Python,Python (3.8.2),py,Accepted,238.0,31372.0,234,
s990975181,p02572,u909997428,1598731002,C++,C++ (GCC 9.2.1),cpp,Accepted,75.0,6420.0,526,
s040749875,p02572,u078982327,1598730998,Python,Python (3.8.2),py,Accepted,211.0,31848.0,478,
s570013772,p02572,u923507896,1598730995,Python,PyPy3 (7.3.0),py,Accepted,138.0,94304.0,210,
s992824531,p02572,u928914528,1598730994,C++,C++ (GCC 9.2.1),cpp,Accepted,46.0,6944.0,461,
s708336888,p02572,u929977034,1598730993,C++,C++ (GCC 9.2.1),cpp,Accepted,79.0,3980.0,3803,
s216731751,p02572,u871977501,1598730991,C++,C++ (GCC 9.2.1),cpp,Accepted,79.0,6720.0,455,
s925372340,p02572,u236996569,1598730989,Python,PyPy3 (7.3.0),py,Accepted,122.0,105220.0,177,
s957621502,p02572,u697394692,1598730988,C++,C++ (GCC 9.2.1),cpp,Accepted,35.0,6760.0,1303,
s845141284,p02572,u331105860,1598730986,Python,Python (3.8.2),py,Accepted,480.0,113648.0,329,
s399666615,p02572,u114417109,1598730985,C++,C++ (GCC 9.2.1),cpp,Accepted,77.0,4824.0,346,
s333545883,p02572,u924227017,1598730985,C++,C++ (GCC 9.2.1),cpp,Accepted,86.0,5312.0,488,
s782412631,p02572,u824890101,1598730985,C++,C++ (GCC 9.2.1),cpp,Accepted,37.0,6708.0,1205,
s652624582,p02572,u764682612,1598730983,C++,C++ (GCC 9.2.1),cpp,Accepted,78.0,4828.0,947,
s691697472,p02572,u304829684,1598730982,C++,C++ (GCC 9.2.1),cpp,Accepted,74.0,4836.0,475,
s540417622,p02572,u303711980,1598730970,C++,C++ (GCC 9.2.1),cpp,Accepted,72.0,4784.0,388,
s303949847,p02572,u778605027,1598730967,C++,C++ (GCC 9.2.1),cpp,Accepted,77.0,4828.0,608,
s463436887,p02572,u641305644,1598730963,C++,C++ (GCC 9.2.1),cpp,Accepted,76.0,6712.0,668,
s638433478,p02572,u507638984,1598730961,C++,C++ (GCC 9.2.1),cpp,Accepted,79.0,6344.0,1890,
s697928394,p02572,u721403425,1598730959,Python,Python (3.8.2),py,Accepted,139.0,31564.0,171,
s302824901,p02572,u267246157,1598730955,C++,C++ (GCC 9.2.1),cpp,Accepted,80.0,5836.0,515,
s659968227,p02572,u152811626,1598730947,C++,C++ (GCC 9.2.1),cpp,Accepted,72.0,5144.0,613,
s391113478,p02572,u232476314,1598730943,C++,C++ (GCC 9.2.1),cpp,Accepted,35.0,6348.0,809,
s964275835,p02572,u454037451,1598730940,C++,C++ (GCC 9.2.1),cpp,Accepted,77.0,4844.0,505,
s705415371,p02572,u882323840,1598730940,Python,PyPy3 (7.3.0),py,Accepted,139.0,104904.0,313,
s922586951,p02572,u520069392,1598730939,C++,C++ (GCC 9.2.1),cpp,Accepted,37.0,6360.0,3235,
s572894551,p02572,u886613668,1598730938,C++,C++ (GCC 9.2.1),cpp,Accepted,78.0,6428.0,503,
s543926679,p02572,u745685739,1598730938,Python,Python (3.8.2),py,Accepted,139.0,31652.0,262,
s586909957,p02572,u949597290,1598730938,C++,C++ (GCC 9.2.1),cpp,Accepted,36.0,6768.0,520,
s525138966,p02572,u146066372,1598730936,Python,PyPy3 (7.3.0),py,Accepted,130.0,94240.0,162,
s647769257,p02572,u584959434,1598730936,C++,C++ (GCC 9.2.1),cpp,Accepted,80.0,6700.0,1993,
s924164020,p02572,u851745087,1598730933,C++,C++ (GCC 9.2.1),cpp,Accepted,77.0,5200.0,475,
s434016005,p02572,u724549242,1598730932,Python,Python (3.8.2),py,Accepted,160.0,31492.0,283,
s201352370,p02572,u234435881,1598730932,C++,C++ (GCC 9.2.1),cpp,Accepted,78.0,6372.0,403,
s436095879,p02572,u942356554,1598730927,Python,Python (3.8.2),py,Accepted,125.0,31696.0,151,
s327045907,p02572,u455354923,1598730926,Python,Python (3.8.2),py,Accepted,127.0,31672.0,159,
s212300327,p02572,u618251217,1598730924,Python,Python (3.8.2),py,Accepted,143.0,31432.0,174,
s507610379,p02572,u325660636,1598730920,Python,Python (3.8.2),py,Accepted,136.0,31404.0,177,
s107909149,p02572,u927286612,1598730920,C++,C++ (GCC 9.2.1),cpp,Accepted,25.0,5080.0,628,
s767577646,p02572,u550294762,1598730914,Python,Python (3.8.2),py,Accepted,153.0,31520.0,458,
s191060829,p02572,u710951953,1598730909,C++,C++ (GCC 9.2.1),cpp,Accepted,77.0,6720.0,376,
s398343109,p02572,u051376899,1598730908,Python,Python (3.8.2),py,Accepted,170.0,31716.0,377,
s001944382,p02572,u598714528,1598730908,C++,C++ (Clang 10.0.0),cpp,Accepted,160.0,5980.0,881,
s079794215,p02572,u861340374,1598730907,Python,Python (3.8.2),py,Accepted,166.0,31620.0,389,
s641523707,p02572,u784120136,1598730906,C++,C++ (GCC 9.2.1),cpp,Accepted,34.0,5216.0,2536,
s066735211,p02572,u449514925,1598730905,C++,C++ (GCC 9.2.1),cpp,Accepted,78.0,4780.0,746,
s059558865,p02572,u272150741,1598730905,C++,C++ (GCC 9.2.1),cpp,Accepted,79.0,5196.0,811,
s422205789,p02572,u124098062,1598730904,C++,C++ (GCC 9.2.1),cpp,Accepted,44.0,5204.0,1779,
s496549028,p02572,u538839836,1598730900,C++,C++ (GCC 9.2.1),cpp,Accepted,36.0,6772.0,1297,
s127921971,p02572,u912162189,1598730897,C++,C++ (Clang 10.0.0),cpp,Accepted,161.0,5984.0,2086,
s249185890,p02572,u749491107,1598730896,Python,Python (3.8.2),py,Accepted,149.0,31720.0,177,
s099456144,p02572,u013186063,1598730894,C++,C++ (GCC 9.2.1),cpp,Accepted,81.0,6320.0,441,
s828338115,p02572,u703886980,1598730891,C++,C++ (GCC 9.2.1),cpp,Accepted,73.0,4760.0,373,
s510113236,p02572,u143441425,1598730884,Python,Python (3.8.2),py,Accepted,208.0,39236.0,382,
s847268104,p02572,u544149677,1598730884,C++,C++ (GCC 9.2.1),cpp,Accepted,122.0,84576.0,2245,
s077512762,p02572,u361175542,1598730881,C++,C++ (GCC 9.2.1),cpp,Accepted,74.0,4812.0,571,
s408132451,p02572,u496480873,1598730877,C++,C++ (GCC 9.2.1),cpp,Accepted,83.0,6760.0,570,
s080470612,p02572,u014670038,1598730877,C++,C++ (GCC 9.2.1),cpp,Accepted,44.0,6336.0,683,
s224437314,p02572,u459447880,1598730870,C++,C++ (Clang 10.0.0),cpp,Accepted,158.0,4360.0,663,
s110720607,p02572,u137434877,1598730862,C++,C++ (GCC 9.2.1),cpp,Accepted,50.0,5236.0,2997,
s047665064,p02572,u201952262,1598730860,C++,C++ (GCC 9.2.1),cpp,Accepted,41.0,6760.0,2943,
s725920394,p02572,u320211890,1598730860,C++,C++ (GCC 9.2.1),cpp,Accepted,79.0,4836.0,656,
s024745044,p02572,u023613311,1598730859,C++,C++ (GCC 9.2.1),cpp,Accepted,79.0,6704.0,510,
s941639992,p02572,u370574289,1598730855,C++,C++ (GCC 9.2.1),cpp,Accepted,78.0,4836.0,312,
s977231406,p02572,u513805646,1598730853,C++,C++ (GCC 9.2.1),cpp,Accepted,78.0,4828.0,513,
s684202866,p02572,u076506345,1598730852,C++,C++ (GCC 9.2.1),cpp,Accepted,34.0,4748.0,1344,
s787524302,p02572,u132364782,1598730851,C++,C++ (GCC 9.2.1),cpp,Accepted,75.0,6392.0,553,
s113780961,p02572,u123896133,1598730848,C++,C++ (GCC 9.2.1),cpp,Accepted,44.0,6344.0,532,
s299280551,p02572,u495461806,1598730847,C++,C++ (GCC 9.2.1),cpp,Accepted,75.0,6428.0,590,
s867305789,p02572,u551894030,1598730841,C++,C++ (GCC 9.2.1),cpp,Accepted,35.0,6356.0,763,
s830556501,p02572,u589878264,1598730841,C++,C++ (GCC 9.2.1),cpp,Accepted,73.0,5188.0,1347,
s738348303,p02572,u074253680,1598730840,Python,Python (3.8.2),py,Accepted,160.0,31580.0,213,
s415659512,p02572,u410558877,1598730839,Python,Python (3.8.2),py,Accepted,158.0,31748.0,411,
s585462317,p02572,u318064010,1598730839,C++,C++ (GCC 9.2.1),cpp,Accepted,36.0,9864.0,492,
s300748432,p02572,u528925384,1598730837,C++,C++ (GCC 9.2.1),cpp,Accepted,80.0,6396.0,1006,
s409908865,p02572,u484462687,1598730835,C++,C++ (GCC 9.2.1),cpp,Accepted,73.0,4840.0,417,
s920242124,p02572,u175034939,1598730833,Python,Python (3.8.2),py,Accepted,154.0,31296.0,206,
s278871729,p02572,u973840289,1598730833,C++,C++ (GCC 9.2.1),cpp,Accepted,78.0,6724.0,654,
s949290712,p02572,u991385879,1598730830,C++,C++ (GCC 9.2.1),cpp,Accepted,31.0,6336.0,699,
s928561227,p02572,u377061679,1598730830,C++,C++ (GCC 9.2.1),cpp,Accepted,79.0,6212.0,514,
s181132437,p02572,u669812251,1598730828,Python,PyPy3 (7.3.0),py,Accepted,379.0,94128.0,404,
s678813711,p02572,u462632314,1598730824,C++,C++ (GCC 9.2.1),cpp,Accepted,79.0,6416.0,333,
s504503857,p02572,u106309438,1598730819,C++,C++ (GCC 9.2.1),cpp,Accepted,39.0,5992.0,561,
s745357311,p02572,u008325558,1598730816,C++,C++ (GCC 9.2.1),cpp,Accepted,77.0,5928.0,421,
s420808472,p02572,u326609687,1598730811,Python,Python (3.8.2),py,Accepted,142.0,31548.0,148,
s160041891,p02572,u711997425,1598730811,C++,C++ (GCC 9.2.1),cpp,Accepted,72.0,4832.0,847,
s141390282,p02572,u708794223,1598730810,C++,C++ (GCC 9.2.1),cpp,Accepted,34.0,6756.0,1631,
s272177248,p02572,u230066794,1598730808,C++,C++ (GCC 9.2.1),cpp,Accepted,77.0,6420.0,428,
s695176171,p02572,u643429918,1598730805,C++,C++ (GCC 9.2.1),cpp,Accepted,71.0,5192.0,533,
s229503934,p02572,u010178026,1598730802,Python,Python (3.8.2),py,Accepted,152.0,31604.0,156,
s412599804,p02572,u680926371,1598730801,C++,C++ (GCC 9.2.1),cpp,Accepted,37.0,6360.0,860,
s558488552,p02572,u722401766,1598730801,C++,C++ (GCC 9.2.1),cpp,Accepted,34.0,6780.0,554,
s022878406,p02572,u713574885,1598730800,C++,C++ (GCC 9.2.1),cpp,Accepted,77.0,4828.0,421,
s517854141,p02572,u770187842,1598730796,C++,C++ (GCC 9.2.1),cpp,Accepted,76.0,5076.0,477,
s839022374,p02572,u363421241,1598730790,Python,Python (3.8.2),py,Accepted,189.0,31656.0,227,
s990959376,p02572,u810400482,1598730786,C++,C++ (GCC 9.2.1),cpp,Accepted,69.0,4804.0,384,
s195259657,p02572,u044537249,1598730783,C++,C++ (GCC 9.2.1),cpp,Accepted,37.0,6340.0,2836,
s744086386,p02572,u962467124,1598730779,C++,C++ (GCC 9.2.1),cpp,Accepted,36.0,6732.0,395,
s975257621,p02572,u124735330,1598730771,Python,Python (3.8.2),py,Accepted,151.0,31560.0,307,
s758047658,p02572,u521866787,1598730771,Python,PyPy3 (7.3.0),py,Accepted,129.0,104872.0,196,
s245156683,p02572,u501316317,1598730770,C++,C++ (GCC 9.2.1),cpp,Accepted,46.0,5144.0,875,
s142221852,p02572,u176592193,1598730770,C++,C++ (GCC 9.2.1),cpp,Accepted,37.0,6820.0,376,
s163561847,p02572,u852790844,1598730768,Python,Python (3.8.2),py,Accepted,184.0,52772.0,270,
s011688918,p02572,u813026550,1598730767,C++,C++ (Clang 10.0.0),cpp,Accepted,44.0,6316.0,755,
s047861520,p02572,u691440068,1598730766,C++,C++ (GCC 9.2.1),cpp,Accepted,40.0,5212.0,552,
s905933854,p02572,u727051308,1598730765,Python,Python (3.8.2),py,Accepted,147.0,25140.0,169,
s512612435,p02572,u842170774,1598730764,Python,Python (3.8.2),py,Accepted,131.0,31536.0,142,
s080246030,p02572,u852839243,1598730757,C++,C++ (GCC 9.2.1),cpp,Accepted,40.0,6316.0,3823,
s106074253,p02572,u646083276,1598730756,Python,Python (3.8.2),py,Accepted,135.0,31544.0,186,
s839629174,p02572,u773711732,1598730756,Python,PyPy3 (7.3.0),py,Accepted,128.0,94056.0,167,
s058699280,p02572,u055956970,1598730753,C++,C++ (GCC 9.2.1),cpp,Accepted,84.0,3628.0,360,
s197552513,p02572,u762182313,1598730749,C++,C++ (GCC 9.2.1),cpp,Accepted,78.0,4836.0,467,
s291349189,p02572,u554650951,1598730748,C++,C++ (GCC 9.2.1),cpp,Accepted,34.0,3640.0,1234,
s278127476,p02572,u608257553,1598730745,C++,C++ (GCC 9.2.1),cpp,Accepted,51.0,4792.0,1911,
s806531547,p02572,u462644071,1598730745,C++,C++ (GCC 9.2.1),cpp,Accepted,33.0,6736.0,1327,
s679816238,p02572,u964628845,1598730745,C++,C++ (GCC 9.2.1),cpp,Accepted,36.0,5208.0,2882,
s515303897,p02572,u051181337,1598730740,Python,PyPy3 (7.3.0),py,Accepted,131.0,103276.0,220,
s694215127,p02572,u906649005,1598730738,C++,C++ (GCC 9.2.1),cpp,Accepted,79.0,6356.0,1047,
s735092882,p02572,u820009766,1598730738,C++,C++ (GCC 9.2.1),cpp,Accepted,37.0,6328.0,706,
s874853784,p02572,u960071235,1598730734,C++,C++ (GCC 9.2.1),cpp,Accepted,35.0,6340.0,2268,
s671408500,p02572,u104074027,1598730732,C++,C++ (GCC 9.2.1),cpp,Accepted,35.0,4776.0,866,
s760351227,p02572,u809918012,1598730731,C++,C++ (GCC 9.2.1),cpp,Accepted,79.0,4764.0,632,
s510874095,p02572,u239654629,1598730729,C++,C++ (GCC 9.2.1),cpp,Accepted,86.0,4832.0,460,
s826373611,p02572,u195177386,1598730726,Python,Python (3.8.2),py,Accepted,173.0,31488.0,213,
s737662183,p02572,u740002394,1598730724,C++,C++ (GCC 9.2.1),cpp,Accepted,78.0,6356.0,364,
s186118881,p02572,u561083515,1598730722,Python,PyPy3 (7.3.0),py,Accepted,139.0,94120.0,236,
s957389533,p02572,u978839223,1598730721,C++,C++ (GCC 9.2.1),cpp,Accepted,42.0,5548.0,1640,
s086997675,p02572,u606684615,1598730720,C++,C++ (GCC 9.2.1),cpp,Accepted,33.0,5188.0,412,
s914538695,p02572,u381621050,1598730719,C++,C++ (GCC 9.2.1),cpp,Accepted,78.0,5284.0,913,
s359464664,p02572,u879391720,1598730718,C++,C++ (GCC 9.2.1),cpp,Accepted,74.0,4832.0,395,
s497008979,p02572,u138379734,1598730718,C++,C++ (GCC 9.2.1),cpp,Accepted,69.0,3628.0,367,
s354034524,p02572,u412197640,1598730715,C++,C++ (GCC 9.2.1),cpp,Accepted,80.0,6736.0,648,
s270953019,p02572,u606290975,1598730715,C++,C++ (GCC 9.2.1),cpp,Accepted,43.0,6660.0,492,
s115523932,p02572,u356991267,1598730712,C++,C++ (GCC 9.2.1),cpp,Accepted,45.0,4848.0,515,
s340380341,p02572,u837259155,1598730711,C++,C++ (GCC 9.2.1),cpp,Accepted,77.0,6724.0,700,
s573866251,p02572,u926389420,1598730709,C++,C++ (GCC 9.2.1),cpp,Accepted,45.0,6832.0,349,
s142610413,p02572,u552176911,1598730707,Python,Python (3.8.2),py,Accepted,181.0,33020.0,281,
s332357151,p02572,u574626823,1598730706,C++,C++ (GCC 9.2.1),cpp,Accepted,76.0,4844.0,499,
s565590906,p02572,u988701188,1598730704,C++,C++ (GCC 9.2.1),cpp,Accepted,42.0,11456.0,1151,
s588508340,p02572,u593856240,1598730702,C++,C++ (GCC 9.2.1),cpp,Accepted,43.0,6732.0,688,
s234538855,p02572,u109191542,1598730686,C++,C++ (GCC 9.2.1),cpp,Accepted,81.0,4820.0,735,
s418441161,p02572,u536910788,1598730682,C++,C++ (GCC 9.2.1),cpp,Accepted,76.0,6764.0,389,
s218889641,p02572,u995323427,1598730680,Python,Python (3.8.2),py,Accepted,286.0,50052.0,244,
s624004255,p02572,u039687667,1598730677,C++,C++ (GCC 9.2.1),cpp,Accepted,37.0,6288.0,604,
s094037399,p02572,u506417357,1598730673,C++,C++ (GCC 9.2.1),cpp,Accepted,78.0,4660.0,2541,
s215632302,p02572,u975768774,1598730672,C++,C++ (GCC 9.2.1),cpp,Accepted,74.0,4784.0,577,
s171312381,p02572,u209457657,1598730672,C++,C++ (GCC 9.2.1),cpp,Accepted,77.0,4772.0,619,
s057160692,p02572,u825115925,1598730671,Python,Python (3.8.2),py,Accepted,150.0,31152.0,196,
s547003493,p02572,u283131518,1598730668,C++,C++ (GCC 9.2.1),cpp,Accepted,182.0,4044.0,924,
s893149689,p02572,u802237789,1598730667,C++,C++ (GCC 9.2.1),cpp,Accepted,37.0,4772.0,4816,
s317723015,p02572,u859284339,1598730664,C++,C++ (GCC 9.2.1),cpp,Accepted,79.0,5924.0,431,
s458657782,p02572,u790949059,1598730658,C++,C++ (GCC 9.2.1),cpp,Accepted,38.0,6368.0,2493,
s801282779,p02572,u391366254,1598730657,C++,C++ (GCC 9.2.1),cpp,Accepted,35.0,5156.0,4608,
s938219882,p02572,u257920432,1598730655,C++,C++ (Clang 10.0.0),cpp,Accepted,158.0,4428.0,344,
s882610914,p02572,u645961531,1598730655,C++,C++ (GCC 9.2.1),cpp,Accepted,41.0,6356.0,1309,
s600685807,p02572,u091362087,1598730652,C++,C++ (GCC 9.2.1),cpp,Accepted,36.0,4776.0,2499,
s782548925,p02572,u953488539,1598730651,C++,C++ (GCC 9.2.1),cpp,Accepted,81.0,6776.0,405,
s321766972,p02572,u321275521,1598730650,C++,C++ (GCC 9.2.1),cpp,Accepted,74.0,5200.0,637,
s612942037,p02572,u560153852,1598730647,C++,C++ (GCC 9.2.1),cpp,Accepted,40.0,6760.0,1737,
s590879966,p02572,u694711153,1598730646,C++,C++ (GCC 9.2.1),cpp,Accepted,34.0,6320.0,3408,
s729386650,p02572,u299510043,1598730645,C++,C++ (GCC 9.2.1),cpp,Accepted,76.0,5364.0,401,
s480675937,p02572,u684448032,1598730643,C++,C++ (GCC 9.2.1),cpp,Accepted,45.0,5336.0,492,
s566083606,p02572,u743164083,1598730643,Python,PyPy3 (7.3.0),py,Accepted,123.0,94180.0,221,
s505553556,p02572,u702914680,1598730641,C++,C++ (GCC 9.2.1),cpp,Accepted,78.0,4780.0,676,
s856042701,p02572,u411353821,1598730638,Python,PyPy3 (7.3.0),py,Accepted,128.0,102044.0,610,
s213830955,p02572,u554906051,1598730637,C++,C++ (GCC 9.2.1),cpp,Accepted,84.0,9872.0,558,
s274870830,p02572,u591808161,1598730635,Python,PyPy3 (7.3.0),py,Accepted,145.0,95252.0,886,
s689408227,p02572,u760802228,1598730634,Python,PyPy3 (7.3.0),py,Accepted,130.0,94368.0,175,
s702483542,p02572,u112249856,1598730631,C++,C++ (GCC 9.2.1),cpp,Accepted,79.0,4032.0,365,
s246588706,p02572,u710515311,1598730630,Python,PyPy3 (7.3.0),py,Accepted,123.0,94360.0,250,
s002940912,p02572,u335599768,1598730625,Python,Python (3.8.2),py,Accepted,210.0,31744.0,225,
s393269817,p02572,u349323029,1598730622,C++,C++ (GCC 9.2.1),cpp,Accepted,37.0,5176.0,714,
s547762467,p02572,u022413826,1598730621,C++,C++ (GCC 9.2.1),cpp,Accepted,76.0,4824.0,990,
s367247105,p02572,u221149873,1598730616,Python,Python (3.8.2),py,Accepted,124.0,31484.0,124,
s909498004,p02572,u832564194,1598730615,C++,C++ (GCC 9.2.1),cpp,Accepted,48.0,6716.0,2041,
s281202077,p02572,u213868052,1598730611,C++,C++ (GCC 9.2.1),cpp,Accepted,77.0,6356.0,2866,
s033885037,p02572,u418043861,1598730611,C++,C++ (GCC 9.2.1),cpp,Accepted,39.0,3296.0,408,
s500331030,p02572,u407241528,1598730608,C++,C++ (GCC 9.2.1),cpp,Accepted,81.0,5628.0,445,
s591140332,p02572,u731362892,1598730607,Python,PyPy3 (7.3.0),py,Accepted,118.0,105304.0,166,
s695654150,p02572,u587589241,1598730606,Python,PyPy3 (7.3.0),py,Accepted,132.0,106652.0,186,
s577608193,p02572,u264721671,1598730605,C++,C++ (GCC 9.2.1),cpp,Accepted,37.0,4784.0,576,
s946842163,p02572,u526179183,1598730604,C++,C++ (GCC 9.2.1),cpp,Accepted,81.0,4832.0,405,
s190022308,p02572,u158107532,1598730604,C++,C++ (GCC 9.2.1),cpp,Accepted,84.0,6708.0,462,
s102082136,p02572,u011438316,1598730603,C++,C++ (GCC 9.2.1),cpp,Accepted,79.0,4768.0,1700,
s016931771,p02572,u110383054,1598730600,C++,C++ (GCC 9.2.1),cpp,Accepted,75.0,6756.0,676,
s079559510,p02572,u360574092,1598730599,Python,PyPy3 (7.3.0),py,Accepted,110.0,94128.0,278,
s792905802,p02572,u318064010,1598730592,C++,C++ (GCC 9.2.1),cpp,Accepted,39.0,9900.0,510,
s581954518,p02572,u276322776,1598730592,C++,C++ (GCC 9.2.1),cpp,Accepted,79.0,6356.0,438,
s345381684,p02572,u783459736,1598730591,C++,C++ (GCC 9.2.1),cpp,Accepted,75.0,6436.0,526,
s856373114,p02572,u456316963,1598730590,C++,C++ (GCC 9.2.1),cpp,Accepted,85.0,6740.0,410,
s260960753,p02572,u072717685,1598730589,Python,PyPy3 (7.3.0),py,Accepted,148.0,108744.0,378,
s005551461,p02572,u921617614,1598730586,Python,Python (3.8.2),py,Accepted,152.0,31604.0,162,
s172391300,p02572,u272596102,1598730582,C++,C++ (GCC 9.2.1),cpp,Accepted,36.0,6772.0,2696,
s890579786,p02572,u418879326,1598730579,C++,C++ (GCC 9.2.1),cpp,Accepted,77.0,4820.0,446,
s904749633,p02572,u858440663,1598730578,C++,C++ (GCC 9.2.1),cpp,Accepted,75.0,5200.0,369,
s035059117,p02572,u188305619,1598730578,Python,Python (3.8.2),py,Accepted,138.0,31612.0,177,
s108240304,p02572,u277318398,1598730577,C++,C++ (GCC 9.2.1),cpp,Accepted,74.0,4824.0,430,
s812746639,p02572,u305125957,1598730576,Python,PyPy3 (7.3.0),py,Accepted,116.0,94128.0,195,
s281118153,p02572,u557936545,1598730576,C++,C++ (GCC 9.2.1),cpp,Accepted,80.0,7912.0,572,
s744208885,p02572,u502343396,1598730570,C++,C++ (GCC 9.2.1),cpp,Accepted,34.0,4412.0,1444,
s581312370,p02572,u588369531,1598730569,C++,C++ (GCC 9.2.1),cpp,Accepted,36.0,6268.0,8311,
s207987826,p02572,u233437481,1598730568,Python,Python (3.8.2),py,Accepted,166.0,31452.0,291,
s566012306,p02572,u261245192,1598730568,C++,C++ (GCC 9.2.1),cpp,Accepted,79.0,5172.0,861,
s481960109,p02572,u430536466,1598730568,C++,C++ (GCC 9.2.1),cpp,Accepted,76.0,6412.0,416,
s315153623,p02572,u446371873,1598730566,Python,Python (3.8.2),py,Accepted,234.0,31628.0,249,
s113535953,p02572,u014854522,1598730566,C++,C++ (GCC 9.2.1),cpp,Accepted,77.0,6376.0,744,
s615339186,p02572,u550814027,1598730565,Python,PyPy3 (7.3.0),py,Accepted,425.0,96396.0,1602,
s571324936,p02572,u132033278,1598730561,C++,C++ (GCC 9.2.1),cpp,Accepted,41.0,6376.0,1080,
s846440806,p02572,u098679988,1598730561,Python,Python (3.8.2),py,Accepted,132.0,31352.0,174,
s158391417,p02572,u686036872,1598730559,Python,Python (3.8.2),py,Accepted,184.0,31756.0,247,
s467330066,p02572,u071868698,1598730554,C++,C++ (GCC 9.2.1),cpp,Accepted,73.0,4820.0,507,
s945807029,p02572,u731232402,1598730553,C++,C++ (GCC 9.2.1),cpp,Accepted,36.0,5152.0,3152,
s615390137,p02572,u800390133,1598730552,C++,C++ (GCC 9.2.1),cpp,Accepted,81.0,6760.0,422,
s162834628,p02572,u918032464,1598730552,C++,C++ (GCC 9.2.1),cpp,Accepted,71.0,5208.0,465,
s612422083,p02572,u425019904,1598730551,C++,C++ (GCC 9.2.1),cpp,Accepted,39.0,6328.0,1001,
s591601878,p02572,u785213188,1598730550,Python,PyPy3 (7.3.0),py,Accepted,126.0,94236.0,260,
s777764517,p02572,u932275750,1598730549,C++,C++ (GCC 9.2.1),cpp,Accepted,76.0,5168.0,1314,
s645342257,p02572,u303453927,1598730548,C++,C++ (GCC 9.2.1),cpp,Accepted,81.0,7876.0,546,
s058110534,p02572,u327421986,1598730547,Python,Python (3.8.2),py,Accepted,169.0,31444.0,220,
s739882669,p02572,u172754547,1598730543,C++,C++ (GCC 9.2.1),cpp,Accepted,35.0,3932.0,657,
s323934144,p02572,u801083963,1598730541,C++,C++ (GCC 9.2.1),cpp,Accepted,40.0,4820.0,2003,
s486434886,p02572,u756311765,1598730538,Python,Python (3.8.2),py,Accepted,135.0,31756.0,155,
s664907747,p02572,u996793648,1598730536,C++,C++ (GCC 9.2.1),cpp,Accepted,42.0,8380.0,1469,
s524452617,p02572,u790012205,1598730535,Python,Python (3.8.2),py,Accepted,204.0,31612.0,264,
s164847628,p02572,u608277538,1598730534,C++,C++ (GCC 9.2.1),cpp,Accepted,38.0,6348.0,1199,
s437762359,p02572,u125409835,1598730533,Python,PyPy3 (7.3.0),py,Accepted,125.0,94352.0,172,
s984281476,p02572,u502849140,1598730533,C++,C++ (GCC 9.2.1),cpp,Accepted,34.0,5172.0,1296,
s640871811,p02572,u037675241,1598730532,C++,C++ (GCC 9.2.1),cpp,Accepted,75.0,6708.0,861,
s530228909,p02572,u700970062,1598730530,C++,C++ (GCC 9.2.1),cpp,Accepted,79.0,4744.0,431,
s630401428,p02572,u614683555,1598730524,C++,C++ (GCC 9.2.1),cpp,Accepted,36.0,4776.0,367,
s605623705,p02572,u877833033,1598730519,C++,C++ (GCC 9.2.1),cpp,Accepted,33.0,6760.0,535,
s179035156,p02572,u556120601,1598730518,C++,C++ (GCC 9.2.1),cpp,Accepted,41.0,4732.0,2172,
s569435759,p02572,u435815072,1598730516,C++,C++ (GCC 9.2.1),cpp,Accepted,37.0,6716.0,622,
s004265647,p02572,u844101455,1598730514,C++,C++ (GCC 9.2.1),cpp,Accepted,76.0,5284.0,5108,
s887191772,p02572,u105724567,1598730511,C++,C++ (GCC 9.2.1),cpp,Accepted,73.0,5196.0,390,
s077435780,p02572,u434005602,1598730508,C++,C++ (GCC 9.2.1),cpp,Accepted,71.0,6760.0,1459,
s879492862,p02572,u692425446,1598730506,C++,C++ (GCC 9.2.1),cpp,Accepted,35.0,6696.0,660,
s575162739,p02572,u392331162,1598730504,Python,Python (3.8.2),py,Accepted,111.0,33012.0,722,
s209432753,p02572,u974918235,1598730500,Python,Python (3.8.2),py,Accepted,189.0,31576.0,208,
s753427302,p02572,u927680443,1598730500,C++,C++ (GCC 9.2.1),cpp,Accepted,35.0,6732.0,911,
s343543052,p02572,u252211543,1598730498,C++,C++ (GCC 9.2.1),cpp,Accepted,80.0,6432.0,468,
s618028665,p02572,u366581326,1598730498,C++,C++ (GCC 9.2.1),cpp,Accepted,78.0,4844.0,1535,
s058682102,p02572,u765590009,1598730496,Python,Python (3.8.2),py,Accepted,144.0,31516.0,193,
s235734810,p02572,u497927632,1598730494,C++,C++ (GCC 9.2.1),cpp,Accepted,80.0,6360.0,1293,
s906152990,p02572,u531631168,1598730492,Python,Python (3.8.2),py,Accepted,417.0,30872.0,331,
s222642171,p02572,u863093690,1598730492,Python,Python (3.8.2),py,Accepted,170.0,31576.0,177,
s350441972,p02572,u741541584,1598730492,C++,C++ (GCC 9.2.1),cpp,Accepted,36.0,6744.0,1817,
s182588857,p02572,u912930787,1598730492,C++,C++ (GCC 9.2.1),cpp,Accepted,35.0,6368.0,3675,
s359534418,p02572,u511724424,1598730489,C++,C++ (GCC 9.2.1),cpp,Accepted,38.0,6364.0,682,
s269593871,p02572,u776221083,1598730488,C++,C++ (GCC 9.2.1),cpp,Accepted,76.0,6852.0,535,
s792890631,p02572,u242580186,1598730485,Python,Python (3.8.2),py,Accepted,156.0,33404.0,584,
s881985090,p02572,u234454594,1598730484,Python,Python (3.8.2),py,Accepted,113.0,31340.0,137,
s521129114,p02572,u666964944,1598730482,Python,Python (3.8.2),py,Accepted,154.0,31416.0,160,
s083410002,p02572,u767797498,1598730477,Python,Python (3.8.2),py,Accepted,148.0,31428.0,161,
s039816102,p02572,u928286416,1598730476,C++,C++ (GCC 9.2.1),cpp,Accepted,81.0,3948.0,459,
s203947031,p02572,u130492706,1598730474,C++,C++ (GCC 9.2.1),cpp,Accepted,77.0,6364.0,513,
s538371982,p02572,u722397179,1598730466,C++,C++ (GCC 9.2.1),cpp,Accepted,77.0,6376.0,697,
s841645312,p02572,u607563136,1598730464,Python,Python (3.8.2),py,Accepted,243.0,50056.0,194,
s161887885,p02572,u446088475,1598730462,C++,C++ (GCC 9.2.1),cpp,Accepted,73.0,6744.0,621,
s590391592,p02572,u249759025,1598730454,Python,Python (3.8.2),py,Accepted,141.0,31524.0,320,
s219312104,p02572,u364490560,1598730453,C++,C++ (GCC 9.2.1),cpp,Accepted,35.0,4000.0,9180,
s974052057,p02572,u023031440,1598730451,C++,C++ (GCC 9.2.1),cpp,Accepted,74.0,4040.0,518,
s497185282,p02572,u120414291,1598730448,C++,C++ (GCC 9.2.1),cpp,Accepted,37.0,6692.0,852,
s770890259,p02572,u488278417,1598730447,C++,C++ (GCC 9.2.1),cpp,Accepted,35.0,5216.0,1026,
s058927983,p02572,u753390277,1598730446,Python,Python (3.8.2),py,Accepted,179.0,31680.0,278,
s194198044,p02572,u578930448,1598730444,Python,Python (3.8.2),py,Accepted,137.0,31608.0,227,
s815045233,p02572,u468728029,1598730444,C++,C++ (GCC 9.2.1),cpp,Accepted,37.0,6344.0,1330,
s436536472,p02572,u274587613,1598730442,C++,C++ (GCC 9.2.1),cpp,Accepted,38.0,6768.0,1094,
s051913422,p02572,u188827677,1598730440,Python,Python (3.8.2),py,Accepted,199.0,31592.0,233,
s944087635,p02572,u972547684,1598730436,C++,C++ (GCC 9.2.1),cpp,Accepted,36.0,4680.0,1751,
s998081107,p02572,u634046173,1598730434,Python,PyPy3 (7.3.0),py,Accepted,129.0,94208.0,154,
s376063708,p02572,u326350779,1598730434,C++,C++ (GCC 9.2.1),cpp,Accepted,78.0,6324.0,476,
s071998135,p02572,u652009496,1598730429,C++,C++ (GCC 9.2.1),cpp,Accepted,82.0,4752.0,4144,
s721186654,p02572,u162893096,1598730429,C++,C++ (GCC 9.2.1),cpp,Accepted,44.0,6436.0,2766,
s061694041,p02572,u533749093,1598730425,C++,C++ (GCC 9.2.1),cpp,Accepted,74.0,4020.0,3217,
s509815018,p02572,u417309772,1598730423,Python,Python (3.8.2),py,Accepted,150.0,31412.0,295,
s304418819,p02572,u197042325,1598730423,C++,C++ (GCC 9.2.1),cpp,Accepted,42.0,6692.0,669,
s589606074,p02572,u002663801,1598730421,Python,PyPy3 (7.3.0),py,Accepted,131.0,96676.0,242,
s507224384,p02572,u547608423,1598730421,Python,Python (3.8.2),py,Accepted,142.0,31544.0,153,
s965641595,p02572,u651197500,1598730420,C++,C++ (GCC 9.2.1),cpp,Accepted,80.0,6412.0,535,
s153501343,p02572,u028438021,1598730420,C++,C++ (GCC 9.2.1),cpp,Accepted,35.0,6304.0,724,
s698649736,p02572,u070779615,1598730419,C++,C++ (GCC 9.2.1),cpp,Accepted,71.0,4792.0,416,
s254837083,p02572,u454656015,1598730415,Python,Python (3.8.2),py,Accepted,149.0,31436.0,145,
s049409145,p02572,u016334391,1598730413,C++,C++ (GCC 9.2.1),cpp,Accepted,77.0,4840.0,768,
s924935567,p02572,u929996201,1598730413,Python,Python (3.8.2),py,Accepted,184.0,42624.0,225,
s583908550,p02572,u625549378,1598730413,Python,Python (3.8.2),py,Accepted,136.0,31548.0,170,
s796817812,p02572,u318431908,1598730410,Python,Python (3.8.2),py,Accepted,134.0,31600.0,157,
s026239608,p02572,u711180190,1598730409,C++,C++ (GCC 9.2.1),cpp,Accepted,34.0,5564.0,1487,
s285600142,p02572,u457460736,1598730407,Python,Python (3.8.2),py,Accepted,161.0,32324.0,336,
s909739639,p02572,u059331921,1598730407,C++,C++ (GCC 9.2.1),cpp,Accepted,35.0,5144.0,542,
s712265779,p02572,u408388202,1598730406,C++,C++ (GCC 9.2.1),cpp,Accepted,73.0,3536.0,708,
s995570751,p02572,u014078178,1598730406,C++,C++ (GCC 9.2.1),cpp,Accepted,30.0,4428.0,366,
s376142875,p02572,u003721865,1598730403,C++,C++ (GCC 9.2.1),cpp,Accepted,38.0,3656.0,339,
s694318739,p02572,u344888046,1598730399,Python,Python (3.8.2),py,Accepted,128.0,31484.0,162,
s818480151,p02572,u727028481,1598730399,C++,C++ (GCC 9.2.1),cpp,Accepted,37.0,6688.0,1094,
s846352643,p02572,u092301301,1598730398,Python,Python (3.8.2),py,Accepted,160.0,31600.0,161,
s443176714,p02572,u073967933,1598730397,C++,C++ (GCC 9.2.1),cpp,Accepted,40.0,11912.0,2807,
s760487135,p02572,u602740328,1598730397,Python,Python (3.8.2),py,Accepted,144.0,31560.0,166,
s622852261,p02572,u854617136,1598730395,C++,C++ (GCC 9.2.1),cpp,Accepted,75.0,4836.0,380,
s024511114,p02572,u150155436,1598730394,C++,C++ (GCC 9.2.1),cpp,Accepted,74.0,6324.0,511,
s639788956,p02572,u216392490,1598730394,Python,Python (3.8.2),py,Accepted,172.0,31612.0,162,
s626518985,p02572,u211263387,1598730394,C++,C++ (GCC 9.2.1),cpp,Accepted,73.0,6308.0,742,
s159466704,p02572,u347502437,1598730391,Python,Python (3.8.2),py,Accepted,132.0,32588.0,206,
s564192604,p02572,u618002097,1598730391,Python,PyPy3 (7.3.0),py,Accepted,132.0,94156.0,215,
s106608813,p02572,u654811336,1598730390,C++,C++ (GCC 9.2.1),cpp,Accepted,34.0,5212.0,549,
s674129747,p02572,u244839008,1598730390,C++,C++ (GCC 9.2.1),cpp,Accepted,76.0,4832.0,492,
s248917819,p02572,u413064852,1598730389,C++,C++ (GCC 9.2.1),cpp,Accepted,77.0,4832.0,510,
s780893790,p02572,u461513098,1598730387,Python,Python (3.8.2),py,Accepted,192.0,31612.0,282,
s628417079,p02572,u367319568,1598730385,Python,Python (3.8.2),py,Accepted,182.0,31452.0,241,
s771970689,p02572,u556918886,1598730380,C++,C++ (GCC 9.2.1),cpp,Accepted,78.0,6424.0,503,
s238180678,p02572,u909514237,1598730376,Python,Python (3.8.2),py,Accepted,172.0,31612.0,191,
s929932095,p02572,u623283955,1598730374,Python,Python (3.8.2),py,Accepted,154.0,31516.0,135,
s551144934,p02572,u881071954,1598730373,C++,C++ (GCC 9.2.1),cpp,Accepted,73.0,5180.0,554,
s772720791,p02572,u499062271,1598730373,C++,C++ (GCC 9.2.1),cpp,Accepted,76.0,5168.0,455,
s119417661,p02572,u621271566,1598730372,C++,C++ (GCC 9.2.1),cpp,Accepted,74.0,5176.0,407,
s140832764,p02572,u432518223,1598730370,Python,PyPy3 (7.3.0),py,Accepted,134.0,105064.0,216,
s416530534,p02572,u529225055,1598730368,C++,C++ (GCC 9.2.1),cpp,Accepted,41.0,4736.0,1914,
s831794080,p02572,u532549251,1598730367,Python,Python (3.8.2),py,Accepted,135.0,31432.0,475,
s863719770,p02572,u944583671,1598730366,C++,C++ (GCC 9.2.1),cpp,Accepted,34.0,3952.0,2878,
s822974708,p02572,u729703601,1598730365,C++,C++ (GCC 9.2.1),cpp,Accepted,80.0,4844.0,391,
s696861325,p02572,u534661831,1598730361,C++,C++ (GCC 9.2.1),cpp,Accepted,47.0,14292.0,868,
s615174912,p02572,u829403090,1598730360,C++,C++ (GCC 9.2.1),cpp,Accepted,83.0,4820.0,551,
s203465330,p02572,u218375549,1598730360,Python,PyPy3 (7.3.0),py,Accepted,128.0,94288.0,170,
s110448508,p02572,u405534002,1598730359,Python,Python (3.8.2),py,Accepted,185.0,31616.0,229,
s947130135,p02572,u759159388,1598730358,C++,C++ (GCC 9.2.1),cpp,Accepted,74.0,4832.0,426,
s133420309,p02572,u450147945,1598730357,Python,Python (3.8.2),py,Accepted,129.0,31660.0,163,
s990389200,p02572,u007808656,1598730357,Python,PyPy3 (7.3.0),py,Accepted,122.0,93924.0,423,
s542116251,p02572,u105290050,1598730357,Python,Python (3.8.2),py,Accepted,239.0,34428.0,165,
s986203602,p02572,u224993839,1598730354,Python,PyPy3 (7.3.0),py,Accepted,117.0,94104.0,155,
s479670641,p02572,u030611628,1598730354,C++,C++ (GCC 9.2.1),cpp,Accepted,72.0,6292.0,571,
s829561989,p02572,u032484849,1598730354,Python,Python (3.8.2),py,Accepted,117.0,31612.0,117,
s865489744,p02572,u994865749,1598730354,Python,Python (3.8.2),py,Accepted,128.0,31612.0,108,
s734319436,p02572,u529343690,1598730353,C++,C++ (GCC 9.2.1),cpp,Accepted,36.0,4772.0,6571,
s730733563,p02572,u613350811,1598730353,Python,Python (3.8.2),py,Accepted,210.0,39836.0,246,
s545237736,p02572,u298768617,1598730345,C++,C++ (GCC 9.2.1),cpp,Accepted,81.0,5116.0,718,
s766644191,p02572,u892119183,1598730343,C++,C++ (GCC 9.2.1),cpp,Accepted,43.0,6752.0,1102,
s741413548,p02572,u097161601,1598730343,C++,C++ (GCC 9.2.1),cpp,Accepted,76.0,4776.0,428,
s858133705,p02572,u446185258,1598730343,Python,Python (3.8.2),py,Accepted,142.0,31696.0,180,
s741047554,p02572,u343571251,1598730342,C++,C++ (GCC 9.2.1),cpp,Accepted,36.0,3652.0,737,
s453652079,p02572,u013864607,1598730341,Python,Python (3.8.2),py,Accepted,131.0,31388.0,187,
s514935044,p02572,u070600790,1598730340,C++,C++ (GCC 9.2.1),cpp,Accepted,38.0,4428.0,4041,
s772426242,p02572,u145145077,1598730336,Python,Python (3.8.2),py,Accepted,195.0,31412.0,204,
s940700233,p02572,u698089327,1598730331,C++,C++ (GCC 9.2.1),cpp,Accepted,83.0,6660.0,419,
s934105839,p02572,u706659319,1598730330,Python,PyPy3 (7.3.0),py,Accepted,127.0,94248.0,187,
s873723067,p02572,u980532447,1598730330,C++,C++ (GCC 9.2.1),cpp,Accepted,38.0,6360.0,1312,
s482094364,p02572,u101906085,1598730328,C++,C++ (GCC 9.2.1),cpp,Accepted,78.0,6364.0,532,
s033524963,p02572,u668934914,1598730326,C++,C++ (GCC 9.2.1),cpp,Accepted,52.0,4852.0,414,
s161938838,p02572,u337626942,1598730326,Python,PyPy3 (7.3.0),py,Accepted,128.0,94276.0,164,
s473668124,p02572,u811321379,1598730322,C++,C++ (GCC 9.2.1),cpp,Accepted,34.0,5188.0,1375,
s748654835,p02572,u494558143,1598730321,C++,C++ (GCC 9.2.1),cpp,Accepted,75.0,4412.0,392,
s217552213,p02572,u621509924,1598730321,Python,Python (3.8.2),py,Accepted,146.0,31296.0,168,
s228576448,p02572,u555458045,1598730317,Python,Python (3.8.2),py,Accepted,163.0,31560.0,302,
s454346782,p02572,u515638999,1598730315,C++,C++ (GCC 9.2.1),cpp,Accepted,35.0,6372.0,1407,
s357334844,p02572,u349449706,1598730313,Python,PyPy3 (7.3.0),py,Accepted,113.0,94116.0,160,
s294537152,p02572,u927053131,1598730313,C++,C++ (GCC 9.2.1),cpp,Accepted,81.0,4828.0,549,
s463606914,p02572,u595127464,1598730310,Python,Python (3.8.2),py,Accepted,137.0,31440.0,183,
s811513668,p02572,u871841829,1598730309,C++,C++ (GCC 9.2.1),cpp,Accepted,76.0,6372.0,767,
s289971043,p02572,u506755091,1598730306,C++,C++ (GCC 9.2.1),cpp,Accepted,71.0,6424.0,471,
s463651586,p02572,u734549230,1598730306,C++,C++ (GCC 9.2.1),cpp,Accepted,53.0,2508.0,296,
s940782417,p02572,u074687136,1598730305,Python,Python (3.8.2),py,Accepted,150.0,31536.0,196,
s925529058,p02572,u098704227,1598730303,C++,C++ (GCC 9.2.1),cpp,Accepted,35.0,4772.0,1770,
s970737829,p02572,u323300820,1598730302,C++,C++ (GCC 9.2.1),cpp,Accepted,79.0,6648.0,444,
s526473643,p02572,u829796346,1598730302,Python,Python (3.8.2),py,Accepted,205.0,33588.0,1278,
s998504906,p02572,u312245175,1598730302,C++,C++ (GCC 9.2.1),cpp,Accepted,79.0,5140.0,1008,
s363999172,p02572,u361670826,1598730300,C++,C++ (GCC 9.2.1),cpp,Accepted,37.0,6304.0,847,
s789701340,p02572,u667220810,1598730300,C++,C++ (GCC 9.2.1),cpp,Accepted,80.0,6424.0,500,
s049688546,p02572,u369133448,1598730297,Python,Python (3.8.2),py,Accepted,142.0,31616.0,136,
s204309459,p02572,u525558854,1598730296,C++,C++ (GCC 9.2.1),cpp,Accepted,37.0,6344.0,1853,
s386692968,p02572,u722928342,1598730296,C++,C++ (GCC 9.2.1),cpp,Accepted,35.0,6712.0,471,
s472631588,p02572,u564655959,1598730295,Python,Python (3.8.2),py,Accepted,138.0,31380.0,187,
s996934888,p02572,u927359939,1598730291,C++,C++ (Clang 10.0.0),cpp,Accepted,329.0,6272.0,3197,
s283090773,p02572,u242757684,1598730290,Python,PyPy3 (7.3.0),py,Accepted,112.0,94236.0,231,
s413767227,p02572,u222643068,1598730288,Python,Python (3.8.2),py,Accepted,136.0,31604.0,175,
s067004760,p02572,u355853184,1598730286,Python,Python (3.8.2),py,Accepted,150.0,31440.0,321,
s343972836,p02572,u414506320,1598730285,C++,C++ (GCC 9.2.1),cpp,Accepted,85.0,6912.0,588,
s059738603,p02572,u288181134,1598730280,C++,C++ (GCC 9.2.1),cpp,Accepted,74.0,6736.0,329,
s469443368,p02572,u006472158,1598730280,C++,C++ (GCC 9.2.1),cpp,Accepted,77.0,4828.0,310,
s136058904,p02572,u282835662,1598730277,C++,C++ (GCC 9.2.1),cpp,Accepted,79.0,4840.0,1120,
s226179457,p02572,u000557170,1598730277,Python,PyPy3 (7.3.0),py,Accepted,514.0,97564.0,1139,
s608946628,p02572,u027795838,1598730276,C++,C++ (GCC 9.2.1),cpp,Accepted,74.0,3600.0,288,
s100569041,p02572,u486251525,1598730274,Python,PyPy3 (7.3.0),py,Accepted,127.0,94188.0,174,
s597529373,p02572,u432621419,1598730270,Python,Python (3.8.2),py,Accepted,152.0,30960.0,472,
s608840413,p02572,u265175938,1598730269,C++,C++ (GCC 9.2.1),cpp,Accepted,79.0,6400.0,979,
s743111491,p02572,u595905528,1598730269,Python,PyPy3 (7.3.0),py,Accepted,499.0,97224.0,733,
s912998552,p02572,u046027207,1598730262,C++,C++ (GCC 9.2.1),cpp,Accepted,37.0,6356.0,405,
s892596203,p02572,u194844944,1598730261,C++,C++ (GCC 9.2.1),cpp,Accepted,39.0,6780.0,882,
s313998797,p02572,u196176785,1598730260,C++,C++ (GCC 9.2.1),cpp,Accepted,74.0,5308.0,352,
s223178344,p02572,u193115923,1598730259,C++,C++ (Clang 10.0.0),cpp,Accepted,164.0,6212.0,2249,
s155890352,p02572,u745812846,1598730259,Python,Python (3.8.2),py,Accepted,196.0,31432.0,219,
s113874020,p02572,u941644149,1598730258,Python,PyPy3 (7.3.0),py,Accepted,125.0,105148.0,313,
s533135782,p02572,u842919100,1598730254,C++,C++ (GCC 9.2.1),cpp,Accepted,72.0,5640.0,437,
s500252909,p02572,u136451021,1598730253,C++,C++ (GCC 9.2.1),cpp,Accepted,73.0,4764.0,480,
s224684303,p02572,u698901270,1598730251,Python,Python (3.8.2),py,Accepted,271.0,31644.0,291,
s368090268,p02572,u590995678,1598730250,C++,C++ (GCC 9.2.1),cpp,Accepted,72.0,4760.0,408,
s498748595,p02572,u872968518,1598730249,C++,C++ (GCC 9.2.1),cpp,Accepted,72.0,6724.0,504,
s867173237,p02572,u864069774,1598730248,Python,Python (3.8.2),py,Accepted,151.0,31256.0,185,
s418300339,p02572,u405638031,1598730247,C++,C++ (GCC 9.2.1),cpp,Accepted,35.0,6808.0,1843,
s260092910,p02572,u631558039,1598730247,C++,C++ (GCC 9.2.1),cpp,Accepted,78.0,6424.0,1463,
s046107313,p02572,u247123590,1598730247,C++,C++ (GCC 9.2.1),cpp,Accepted,75.0,4844.0,317,
s888276049,p02572,u949884588,1598730247,C++,C++ (GCC 9.2.1),cpp,Accepted,80.0,6776.0,877,
s328403025,p02572,u385738751,1598730247,C++,C++ (GCC 9.2.1),cpp,Accepted,77.0,6764.0,344,
s986647097,p02572,u325279090,1598730245,Python,Python (3.8.2),py,Accepted,167.0,31452.0,169,
s785705968,p02572,u790812284,1598730243,Python,Python (3.8.2),py,Accepted,218.0,31608.0,275,
s596506929,p02572,u235796850,1598730241,C++,C++ (GCC 9.2.1),cpp,Accepted,80.0,7984.0,683,
s065614433,p02572,u657786757,1598730239,Python,Python (3.8.2),py,Accepted,320.0,49768.0,835,
s902304095,p02572,u197206619,1598730235,C++,C++ (GCC 9.2.1),cpp,Accepted,75.0,4836.0,349,
s413418483,p02572,u913402229,1598730233,C++,C++ (GCC 9.2.1),cpp,Accepted,76.0,6752.0,566,
s971382438,p02572,u136901661,1598730233,C++,C++ (Clang 10.0.0),cpp,Accepted,167.0,4408.0,898,
s817624151,p02572,u595949581,1598730232,C++,C++ (GCC 9.2.1),cpp,Accepted,81.0,6428.0,1148,
s725970565,p02572,u413960612,1598730230,Python,Python (3.8.2),py,Accepted,199.0,31432.0,213,
s207470754,p02572,u680192268,1598730230,C++,C++ (Clang 10.0.0),cpp,Accepted,163.0,4348.0,736,
s599648278,p02572,u618620314,1598730229,C++,C++ (GCC 9.2.1),cpp,Accepted,74.0,5180.0,1366,
s885381484,p02572,u843155592,1598730229,C++,C++ (GCC 9.2.1),cpp,Accepted,79.0,6756.0,359,
s902665209,p02572,u089173009,1598730228,C++,C++ (GCC 9.2.1),cpp,Accepted,36.0,5188.0,452,
s771974502,p02572,u524923663,1598730226,C++,C++ (GCC 9.2.1),cpp,Accepted,33.0,6824.0,3281,
s120353231,p02572,u756694734,1598730224,C++,C++ (GCC 9.2.1),cpp,Accepted,39.0,6364.0,919,
s584651454,p02572,u040298438,1598730221,Python,Python (3.8.2),py,Accepted,125.0,31368.0,174,
s286504573,p02572,u435593586,1598730219,Python,Python (3.8.2),py,Accepted,143.0,31668.0,187,
s234960695,p02572,u155086675,1598730218,C++,C++ (GCC 9.2.1),cpp,Accepted,44.0,6812.0,702,
s545444263,p02572,u869306730,1598730218,C++,C++ (GCC 9.2.1),cpp,Accepted,35.0,3968.0,5208,
s743485371,p02572,u344119694,1598730212,C++,C++ (GCC 9.2.1),cpp,Accepted,78.0,6756.0,2249,
s643355025,p02572,u650939551,1598730208,Python,Python (3.8.2),py,Accepted,134.0,31616.0,533,
s983395386,p02572,u038529392,1598730204,C++,C++ (GCC 9.2.1),cpp,Accepted,72.0,4836.0,700,
s062463836,p02572,u987039629,1598730198,C++,C++ (GCC 9.2.1),cpp,Accepted,71.0,6344.0,471,
s432087660,p02572,u475844288,1598730194,C++,C++ (GCC 9.2.1),cpp,Accepted,85.0,6348.0,921,
s811474275,p02572,u874258711,1598730193,C++,C++ (GCC 9.2.1),cpp,Accepted,85.0,6708.0,326,
s812193746,p02572,u472106847,1598730191,C++,C++ (GCC 9.2.1),cpp,Accepted,38.0,6772.0,1444,
s385536073,p02572,u408425853,1598730189,C++,C++ (GCC 9.2.1),cpp,Accepted,79.0,52084.0,1768,
s051504516,p02572,u171328579,1598730189,Python,Python (3.8.2),py,Accepted,166.0,31748.0,225,
s072248515,p02572,u099345980,1598730188,C++,C++ (GCC 9.2.1),cpp,Accepted,85.0,6380.0,632,
s216544287,p02572,u619748051,1598730186,Python,Python (3.8.2),py,Accepted,197.0,31664.0,204,
s108141128,p02572,u882950355,1598730181,Python,PyPy3 (7.3.0),py,Accepted,129.0,94144.0,238,
s391731978,p02572,u002320488,1598730180,C++,C++ (GCC 9.2.1),cpp,Accepted,38.0,5360.0,671,
s142752644,p02572,u926266624,1598730173,Python,Python (3.8.2),py,Accepted,174.0,31612.0,216,
s573537969,p02572,u872982453,1598730172,C++,C++ (GCC 9.2.1),cpp,Accepted,76.0,4836.0,491,
s119920516,p02572,u892462226,1598730169,C++,C++ (GCC 9.2.1),cpp,Accepted,41.0,6716.0,571,
s958719093,p02572,u557656621,1598730169,C++,C++ (GCC 9.2.1),cpp,Accepted,79.0,6728.0,1006,
s522507506,p02572,u835924161,1598730168,C++,C++ (GCC 9.2.1),cpp,Accepted,36.0,4732.0,3479,
s243140717,p02572,u606146341,1598730164,Python,Python (3.8.2),py,Accepted,207.0,31484.0,296,
s008866134,p02572,u874150354,1598730164,C++,C++ (GCC 9.2.1),cpp,Accepted,71.0,6692.0,589,
s113939860,p02572,u232459625,1598730155,C++,C++ (GCC 9.2.1),cpp,Accepted,36.0,6340.0,1830,
s539156048,p02572,u015564739,1598730153,C++,C++ (GCC 9.2.1),cpp,Accepted,78.0,6364.0,508,
s387685504,p02572,u699089116,1598730150,Python,Python (3.8.2),py,Accepted,192.0,31268.0,248,
s136090124,p02572,u851704997,1598730150,Python,Python (3.8.2),py,Accepted,141.0,31420.0,179,
s640963641,p02572,u033095619,1598730149,C++,C++ (GCC 9.2.1),cpp,Accepted,77.0,6700.0,546,
s182770746,p02572,u258907785,1598730149,C++,C++ (GCC 9.2.1),cpp,Accepted,80.0,6896.0,848,
s465544593,p02572,u888717396,1598730148,C++,C++ (GCC 9.2.1),cpp,Accepted,78.0,4816.0,1038,
s656435431,p02572,u117366234,1598730146,C++,C++ (GCC 9.2.1),cpp,Accepted,35.0,5136.0,7193,
s066735889,p02572,u965095643,1598730146,C++,C++ (GCC 9.2.1),cpp,Accepted,78.0,6416.0,582,
s566172018,p02572,u916695530,1598730144,C++,C++ (GCC 9.2.1),cpp,Accepted,76.0,5148.0,716,
s883232275,p02572,u534396363,1598730142,C++,C++ (GCC 9.2.1),cpp,Accepted,35.0,6372.0,2723,
s777652798,p02572,u794638770,1598730140,C++,C++ (GCC 9.2.1),cpp,Accepted,37.0,6664.0,492,
s893657700,p02572,u725518274,1598730139,Python,Python (3.8.2),py,Accepted,227.0,31556.0,193,
s902473983,p02572,u869790980,1598730138,Python,PyPy2 (7.3.0),py,Accepted,199.0,94928.0,203,
s689630409,p02572,u743438759,1598730137,C++,C++ (GCC 9.2.1),cpp,Accepted,72.0,4832.0,749,
s309765739,p02572,u771590706,1598730137,C++,C++ (GCC 9.2.1),cpp,Accepted,39.0,6328.0,2122,
s728279225,p02572,u960611411,1598730133,Python,Python (3.8.2),py,Accepted,132.0,31540.0,241,
s446638261,p02572,u583173465,1598730133,C++,C++ (GCC 9.2.1),cpp,Accepted,76.0,6272.0,3550,
s789045542,p02572,u476674874,1598730129,Python,Python (3.8.2),py,Accepted,664.0,49988.0,399,
s280769527,p02572,u217360243,1598730126,C++,C++ (GCC 9.2.1),cpp,Accepted,79.0,4848.0,3064,
s413749129,p02572,u395816772,1598730124,Python,Python (3.8.2),py,Accepted,160.0,31564.0,163,
s998703043,p02572,u831954260,1598730121,C++,C++ (GCC 9.2.1),cpp,Accepted,81.0,6360.0,721,
s565276290,p02572,u430707737,1598730121,C++,C++ (GCC 9.2.1),cpp,Accepted,35.0,4760.0,3769,
s885840995,p02572,u487530783,1598730119,C++,C++ (GCC 9.2.1),cpp,Accepted,73.0,4828.0,429,
s024090137,p02572,u390411253,1598730117,C++,C++ (GCC 9.2.1),cpp,Accepted,75.0,6356.0,724,
s176393886,p02572,u171046846,1598730114,C++,C++ (GCC 9.2.1),cpp,Accepted,79.0,6420.0,449,
s631218873,p02572,u973573416,1598730113,C++,C++ (GCC 9.2.1),cpp,Accepted,76.0,6428.0,680,
s848808042,p02572,u844640682,1598730111,C++,C++ (GCC 9.2.1),cpp,Accepted,76.0,6416.0,786,
s215238108,p02572,u751717561,1598730110,Python,Python (3.8.2),py,Accepted,128.0,31620.0,191,
s199798361,p02572,u067937922,1598730107,C++,C++ (GCC 9.2.1),cpp,Accepted,37.0,4764.0,1563,
s053174750,p02572,u054416810,1598730107,C++,C++ (GCC 9.2.1),cpp,Accepted,78.0,4784.0,444,
s746002066,p02572,u442315525,1598730106,C++,C++ (GCC 9.2.1),cpp,Accepted,37.0,6748.0,522,
s823272587,p02572,u896588506,1598730105,Python,PyPy3 (7.3.0),py,Accepted,202.0,96744.0,525,
s784043422,p02572,u699020966,1598730103,C++,C++ (GCC 9.2.1),cpp,Accepted,80.0,6700.0,776,
s426469447,p02572,u728200259,1598730103,Python,Python (3.8.2),py,Accepted,140.0,31624.0,258,
s046856975,p02572,u918571932,1598730102,C++,C++ (GCC 9.2.1),cpp,Accepted,72.0,6384.0,878,
s036583393,p02572,u652490854,1598730101,C++,C++ (GCC 9.2.1),cpp,Accepted,77.0,6424.0,1909,
s894479822,p02572,u169165784,1598730101,Python,Python (3.8.2),py,Accepted,136.0,31600.0,198,
s086374702,p02572,u143883714,1598730096,C++,C++ (GCC 9.2.1),cpp,Accepted,77.0,6420.0,439,
s412301957,p02572,u091698231,1598730094,C++,C++ (GCC 9.2.1),cpp,Accepted,77.0,6364.0,814,
s834398705,p02572,u182354006,1598730093,C++,C++ (GCC 9.2.1),cpp,Accepted,37.0,4380.0,1581,
s310102689,p02572,u218758168,1598730091,C++,C++ (GCC 9.2.1),cpp,Accepted,38.0,6780.0,1607,
s876920266,p02572,u301961138,1598730091,C++,C++ (GCC 9.2.1),cpp,Accepted,44.0,5388.0,383,
s174758050,p02572,u907525511,1598730089,C++,C++ (GCC 9.2.1),cpp,Accepted,75.0,5148.0,439,
s243663979,p02572,u721094090,1598730088,C++,C++ (GCC 9.2.1),cpp,Accepted,80.0,4840.0,565,
s980308328,p02572,u719852909,1598730088,C++,C++ (GCC 9.2.1),cpp,Accepted,37.0,6760.0,640,
s992203913,p02572,u878493765,1598730081,Python,Python (3.8.2),py,Accepted,143.0,31572.0,199,
s013367779,p02572,u934536665,1598730080,Python,PyPy3 (7.3.0),py,Accepted,124.0,105304.0,255,
s845072336,p02572,u612479258,1598730079,C++,C++ (GCC 9.2.1),cpp,Accepted,37.0,6360.0,525,
s097232859,p02572,u566373876,1598730079,C++,C++ (GCC 9.2.1),cpp,Accepted,36.0,4752.0,1666,
s659774442,p02572,u224469387,1598730078,C++,C++ (GCC 9.2.1),cpp,Accepted,75.0,4752.0,452,
s804693122,p02572,u014113253,1598730076,C++,C++ (GCC 9.2.1),cpp,Accepted,80.0,6712.0,405,
s555081576,p02572,u241267954,1598730076,C++,C++ (GCC 9.2.1),cpp,Accepted,46.0,6364.0,2118,
s948877916,p02572,u320023439,1598730076,C++,C++ (GCC 9.2.1),cpp,Accepted,40.0,6296.0,1323,
s401386491,p02572,u048396831,1598730073,C++,C++ (GCC 9.2.1),cpp,Accepted,79.0,6756.0,989,
s852989870,p02572,u879081367,1598730072,C++,C++ (GCC 9.2.1),cpp,Accepted,76.0,4776.0,668,
s755227913,p02572,u974792613,1598730071,Python,PyPy3 (7.3.0),py,Accepted,135.0,93800.0,286,
s928011092,p02572,u173170855,1598730071,C++,C++ (GCC 9.2.1),cpp,Accepted,78.0,6748.0,413,
s660770384,p02572,u399191024,1598730070,C++,C++ (GCC 9.2.1),cpp,Accepted,74.0,6692.0,469,
s373998886,p02572,u185042816,1598730070,Python,Python (3.8.2),py,Accepted,140.0,31748.0,173,
s719971978,p02572,u519398162,1598730069,C++,C++ (GCC 9.2.1),cpp,Accepted,41.0,11432.0,2638,
s557960294,p02572,u981966125,1598730069,C++,C++ (GCC 9.2.1),cpp,Accepted,36.0,3764.0,483,
s700576051,p02572,u247821772,1598730067,C++,C++ (GCC 9.2.1),cpp,Accepted,75.0,4828.0,633,
s136160123,p02572,u926046014,1598730067,C++,C++ (GCC 9.2.1),cpp,Accepted,75.0,4844.0,763,
s719435788,p02572,u336661848,1598730066,C++,C++ (GCC 9.2.1),cpp,Accepted,79.0,5228.0,534,
s395935799,p02572,u830745382,1598730066,C++,C++ (GCC 9.2.1),cpp,Accepted,75.0,4744.0,401,
s090916368,p02572,u177370876,1598730066,Python,PyPy3 (7.3.0),py,Accepted,133.0,94116.0,215,
s273412552,p02572,u972466338,1598730064,C++,C++ (GCC 9.2.1),cpp,Accepted,78.0,6684.0,593,
s520864559,p02572,u773619800,1598730064,C++,C++ (GCC 9.2.1),cpp,Accepted,21.0,5300.0,623,
s797504572,p02572,u344383000,1598730064,C++,C++ (GCC 9.2.1),cpp,Accepted,76.0,6740.0,542,
s390125001,p02572,u125891990,1598730063,C++,C++ (GCC 9.2.1),cpp,Accepted,73.0,4020.0,489,
s021178361,p02572,u989074104,1598730062,Python,Python (3.8.2),py,Accepted,138.0,31752.0,172,
s809840118,p02572,u445580781,1598730062,C++,C++ (GCC 9.2.1),cpp,Accepted,76.0,5168.0,770,
s426926039,p02572,u761631522,1598730061,C++,C++ (GCC 9.2.1),cpp,Accepted,76.0,6768.0,443,
s571928510,p02572,u274567872,1598730060,C++,C++ (Clang 10.0.0),cpp,Accepted,252.0,4460.0,392,
s441040075,p02572,u911354424,1598730059,C++,C++ (Clang 10.0.0),cpp,Accepted,40.0,6376.0,423,
s640121276,p02572,u137226361,1598730057,Python,Python (3.8.2),py,Accepted,123.0,31320.0,325,
s885133806,p02572,u427471348,1598730056,C++,C++ (GCC 9.2.1),cpp,Accepted,35.0,5152.0,1388,
s750149146,p02572,u731032776,1598730055,C++,C++ (GCC 9.2.1),cpp,Accepted,79.0,3896.0,438,
s965841762,p02572,u106797249,1598730050,Python,PyPy3 (7.3.0),py,Accepted,119.0,94356.0,302,
s723264752,p02572,u660053141,1598730048,C++,C++ (GCC 9.2.1),cpp,Accepted,39.0,13780.0,2002,
s539541731,p02572,u732963817,1598730048,Python,Python (3.8.2),py,Accepted,133.0,31640.0,140,
s510670970,p02572,u003926785,1598730046,Python,PyPy3 (7.3.0),py,Accepted,122.0,105268.0,213,
s823122806,p02572,u194585018,1598730045,Python,Python (3.8.2),py,Accepted,169.0,31624.0,190,
s938325260,p02572,u508571192,1598730040,C++,C++ (GCC 9.2.1),cpp,Accepted,34.0,4744.0,1791,
s831553275,p02572,u832806457,1598730040,C++,C++ (GCC 9.2.1),cpp,Accepted,35.0,5192.0,725,
s444363156,p02572,u696824876,1598730038,Python,PyPy3 (7.3.0),py,Accepted,131.0,98612.0,166,
s391318784,p02572,u723345499,1598730036,Python,Python (3.8.2),py,Accepted,156.0,31616.0,180,
s683299830,p02572,u269804060,1598730036,C++,C++ (GCC 9.2.1),cpp,Accepted,76.0,4820.0,551,
s695649706,p02572,u970109776,1598730036,Python,Python (3.8.2),py,Accepted,151.0,31400.0,181,
s016744114,p02572,u386987737,1598730035,Python,Python (3.8.2),py,Accepted,235.0,49532.0,204,
s694156219,p02572,u466849625,1598730034,C++,C++ (GCC 9.2.1),cpp,Accepted,33.0,5196.0,1380,
s707133750,p02572,u141362914,1598730034,C++,C++ (GCC 9.2.1),cpp,Accepted,80.0,4844.0,1228,
s339002676,p02572,u310667933,1598730033,C++,C++ (GCC 9.2.1),cpp,Accepted,38.0,5176.0,705,
s170783148,p02572,u706330549,1598730033,Python,Python (3.8.2),py,Accepted,124.0,27880.0,269,
s947885219,p02572,u922864365,1598730032,C++,C++ (GCC 9.2.1),cpp,Accepted,77.0,4840.0,472,
s261827107,p02572,u216823816,1598730032,C++,C++ (GCC 9.2.1),cpp,Accepted,79.0,5160.0,651,
s682788261,p02572,u440129511,1598730031,Python,Python (3.8.2),py,Accepted,164.0,31596.0,226,
s368389810,p02572,u374332655,1598730030,C++,C++ (GCC 9.2.1),cpp,Accepted,35.0,6772.0,2988,
s040726581,p02572,u864745007,1598730029,C++,C++ (GCC 9.2.1),cpp,Accepted,37.0,6768.0,1396,
s906015407,p02572,u760542644,1598730026,C++,C++ (GCC 9.2.1),cpp,Accepted,69.0,6688.0,429,
s274506812,p02572,u581022379,1598730025,Python,Python (3.8.2),py,Accepted,286.0,49908.0,193,
s723527398,p02572,u683078179,1598730024,C++,C++ (GCC 9.2.1),cpp,Accepted,86.0,23000.0,1418,
s926603928,p02572,u992465933,1598730024,Python,PyPy3 (7.3.0),py,Accepted,120.0,93604.0,379,
s136718831,p02572,u790710233,1598730024,Python,Python (3.8.2),py,Accepted,167.0,31252.0,229,
s319428231,p02572,u554133763,1598730023,Python,PyPy3 (7.3.0),py,Accepted,127.0,105172.0,217,
s235255424,p02572,u813096099,1598730023,C++,C++ (GCC 9.2.1),cpp,Accepted,38.0,6768.0,1486,
s159905600,p02572,u570991163,1598730022,Python,Python (3.8.2),py,Accepted,99.0,31596.0,125,
s688140485,p02572,u292260747,1598730021,Python,Python (3.8.2),py,Accepted,144.0,31540.0,143,
s264415715,p02572,u938785734,1598730021,Python,Python (3.8.2),py,Accepted,131.0,31096.0,168,
s220441095,p02572,u814419162,1598730020,Python,PyPy3 (7.3.0),py,Accepted,120.0,94228.0,284,
s581828172,p02572,u617515020,1598730018,Python,Python (3.8.2),py,Accepted,156.0,31380.0,204,
s355769425,p02572,u974600902,1598730015,C++,C++ (GCC 9.2.1),cpp,Accepted,37.0,5116.0,1428,
s255220786,p02572,u622045059,1598730014,C++,C++ (GCC 9.2.1),cpp,Accepted,82.0,6408.0,2760,
s631087248,p02572,u835283937,1598730014,Python,Python (3.8.2),py,Accepted,154.0,31316.0,368,
s494110475,p02572,u574922408,1598730011,Python,PyPy3 (7.3.0),py,Accepted,133.0,104580.0,604,
s849271593,p02572,u408472929,1598730011,C++,C++ (GCC 9.2.1),cpp,Accepted,39.0,6936.0,420,
s943462935,p02572,u923662841,1598730010,Python,Python (3.8.2),py,Accepted,150.0,31120.0,182,
s778068816,p02572,u593934357,1598730009,C++,C++ (GCC 9.2.1),cpp,Accepted,75.0,7952.0,1468,
s943970330,p02572,u882798492,1598730008,C++,C++ (GCC 9.2.1),cpp,Accepted,73.0,5124.0,362,
s538051678,p02572,u203383537,1598730006,Python,PyPy3 (7.3.0),py,Accepted,153.0,94792.0,224,
s241973623,p02572,u926372900,1598730006,C++,C++ (GCC 9.2.1),cpp,Accepted,39.0,6372.0,468,
s516425396,p02572,u411203878,1598730006,Python,PyPy3 (7.3.0),py,Accepted,127.0,94292.0,172,
s006213388,p02572,u376603629,1598730001,C++,C++ (GCC 9.2.1),cpp,Accepted,73.0,5188.0,372,
s114419986,p02572,u252663009,1598729999,Python,PyPy3 (7.3.0),py,Accepted,110.0,94216.0,176,
s881939791,p02572,u506422964,1598729999,C++,C++ (GCC 9.2.1),cpp,Accepted,76.0,6412.0,686,
s436545990,p02572,u836287089,1598729998,C++,C++ (GCC 9.2.1),cpp,Accepted,36.0,5184.0,2233,
s392186715,p02572,u363542490,1598729997,C++,C++ (GCC 9.2.1),cpp,Accepted,43.0,6760.0,404,
s856471385,p02572,u487927681,1598729995,C++,C++ (GCC 9.2.1),cpp,Accepted,75.0,3576.0,300,
s628294181,p02572,u675314298,1598729994,C++,C++ (GCC 9.2.1),cpp,Accepted,74.0,5192.0,553,
s892173299,p02572,u501728140,1598729992,C++,C++ (GCC 9.2.1),cpp,Accepted,36.0,6736.0,490,
s167698938,p02572,u601508807,1598729989,Python,Python (3.8.2),py,Accepted,131.0,31436.0,148,
s588291807,p02572,u216823816,1598729987,C++,C++ (GCC 9.2.1),cpp,Accepted,79.0,5160.0,649,
s807934225,p02572,u290784570,1598729987,Python,Python (3.8.2),py,Accepted,161.0,31344.0,235,
s768025917,p02572,u287386386,1598729984,Python,Python (3.8.2),py,Accepted,113.0,33316.0,3140,
s348526561,p02572,u046590522,1598729984,C++,C++ (GCC 9.2.1),cpp,Accepted,76.0,4744.0,2247,
s231039127,p02572,u917013605,1598729983,Python,PyPy3 (7.3.0),py,Accepted,531.0,105072.0,520,
s323740752,p02572,u516811325,1598729983,C++,C++ (GCC 9.2.1),cpp,Accepted,76.0,6928.0,840,
s588849867,p02572,u689442090,1598729981,C++,C++ (GCC 9.2.1),cpp,Accepted,74.0,5160.0,365,
s737363612,p02572,u457554982,1598729981,Python,Python (3.8.2),py,Accepted,139.0,31608.0,185,
s079033048,p02572,u486885312,1598729979,Python,Python (3.8.2),py,Accepted,168.0,33520.0,1586,
s245248727,p02572,u333389032,1598729979,C++,C++ (GCC 9.2.1),cpp,Accepted,76.0,5204.0,1710,
s442595016,p02572,u214717421,1598729978,Python,Python (3.8.2),py,Accepted,136.0,31544.0,172,
s158868472,p02572,u118647609,1598729976,C++,C++ (GCC 9.2.1),cpp,Accepted,75.0,6344.0,889,
s223001410,p02572,u509739538,1598729972,Python,PyPy3 (7.3.0),py,Accepted,131.0,105772.0,507,
s104259463,p02572,u166366686,1598729971,Python,PyPy3 (7.3.0),py,Accepted,548.0,93672.0,670,
s174161194,p02572,u936176493,1598729970,C++,C++ (GCC 9.2.1),cpp,Accepted,79.0,6348.0,814,
s172501302,p02572,u661476013,1598729969,C++,C++ (GCC 9.2.1),cpp,Accepted,38.0,4836.0,4017,
s170554936,p02572,u945609187,1598729968,C++,C++ (GCC 9.2.1),cpp,Accepted,34.0,5220.0,2387,
s182255796,p02572,u097404786,1598729965,C++,C++ (GCC 9.2.1),cpp,Accepted,74.0,4792.0,564,
s519032774,p02572,u550209786,1598729965,C++,C++ (GCC 9.2.1),cpp,Accepted,38.0,3652.0,1403,
s701660747,p02572,u254897271,1598729965,C++,C++ (GCC 9.2.1),cpp,Accepted,40.0,6436.0,1154,
s143496559,p02572,u727717182,1598729964,Python,PyPy3 (7.3.0),py,Accepted,130.0,92004.0,358,
s839755322,p02572,u832094008,1598729962,C++,C++ (GCC 9.2.1),cpp,Accepted,76.0,4852.0,1436,
s693908453,p02572,u199449887,1598729960,C++,C++ (GCC 9.2.1),cpp,Accepted,35.0,4016.0,4330,
s543758123,p02572,u134181243,1598729960,C++,C++ (GCC 9.2.1),cpp,Accepted,73.0,6420.0,684,
s153174514,p02572,u604000852,1598729959,C++,C++ (GCC 9.2.1),cpp,Accepted,38.0,5232.0,1243,
s218985356,p02572,u484228964,1598729958,C++,C++ (GCC 9.2.1),cpp,Accepted,36.0,4792.0,3647,
s426020057,p02572,u867200256,1598729955,Python,Python (3.8.2),py,Accepted,133.0,32484.0,697,
s303105581,p02572,u929217794,1598729954,Python,Python (3.8.2),py,Accepted,134.0,31580.0,183,
s633889009,p02572,u823885866,1598729952,Python,PyPy3 (7.3.0),py,Accepted,129.0,92068.0,222,
s676676929,p02572,u731565354,1598729952,C++,C++ (GCC 9.2.1),cpp,Accepted,34.0,5960.0,714,
s330028073,p02572,u290102584,1598729951,C++,C++ (GCC 9.2.1),cpp,Accepted,36.0,5216.0,563,
s303841723,p02572,u730197271,1598729951,C++,C++ (GCC 9.2.1),cpp,Accepted,35.0,5192.0,568,
s627642399,p02572,u942336630,1598729950,C++,C++ (GCC 9.2.1),cpp,Accepted,39.0,6344.0,1812,
s345095076,p02572,u363703956,1598729948,C++,C++ (GCC 9.2.1),cpp,Accepted,77.0,6412.0,493,
s592233679,p02572,u525065967,1598729944,Python,Python (3.8.2),py,Accepted,193.0,31388.0,451,
s256394408,p02572,u157933935,1598729942,C++,C++ (GCC 9.2.1),cpp,Accepted,78.0,6344.0,539,
s922338588,p02572,u042605975,1598729939,C++,C++ (GCC 9.2.1),cpp,Accepted,73.0,5268.0,947,
s383646689,p02572,u497265355,1598729937,C++,C++ (GCC 9.2.1),cpp,Accepted,74.0,6596.0,835,
s844585507,p02572,u671852061,1598729932,C++,C++ (GCC 9.2.1),cpp,Accepted,82.0,6424.0,468,
s410157959,p02572,u847675043,1598729932,C++,C++ (GCC 9.2.1),cpp,Accepted,40.0,11140.0,1361,
s968911463,p02572,u551500493,1598729927,C++,C++ (GCC 9.2.1),cpp,Accepted,76.0,6932.0,473,
s381018329,p02572,u491296898,1598729925,Python,Python (3.8.2),py,Accepted,191.0,31620.0,253,
s485416367,p02572,u551636762,1598729925,C++,C++ (GCC 9.2.1),cpp,Accepted,78.0,4844.0,1358,
s827153105,p02572,u697199105,1598729925,C++,C++ (GCC 9.2.1),cpp,Accepted,49.0,6740.0,476,
s183451075,p02572,u446005885,1598729924,C++,C++ (GCC 9.2.1),cpp,Accepted,41.0,6932.0,640,
s317427076,p02572,u354787736,1598729924,C++,C++ (GCC 9.2.1),cpp,Accepted,37.0,6360.0,530,
s469603593,p02572,u159603950,1598729922,C++,C++ (GCC 9.2.1),cpp,Accepted,27.0,6784.0,787,
s170117538,p02572,u528181687,1598729922,Python,Python (3.8.2),py,Accepted,129.0,31564.0,234,
s490911213,p02572,u941284420,1598729921,Python,Python (3.8.2),py,Accepted,432.0,50000.0,270,
s748959401,p02572,u183407347,1598729921,C++,C++ (GCC 9.2.1),cpp,Accepted,77.0,4836.0,442,
s677941800,p02572,u704011915,1598729916,C++,C++ (GCC 9.2.1),cpp,Accepted,85.0,6740.0,399,
s565769167,p02572,u665598835,1598729914,C++,C++ (GCC 9.2.1),cpp,Accepted,77.0,6436.0,673,
s837030516,p02572,u396211450,1598729913,Python,Python (3.8.2),py,Accepted,111.0,31348.0,152,
s625402241,p02572,u430494842,1598729911,C++,C++ (GCC 9.2.1),cpp,Accepted,39.0,7884.0,7039,
s939973427,p02572,u317177661,1598729907,C++,C++ (GCC 9.2.1),cpp,Accepted,41.0,6380.0,11305,
s418560831,p02572,u481250941,1598729903,Python,Python (3.8.2),py,Accepted,149.0,39392.0,954,
s235744933,p02572,u462451018,1598729902,C++,C++ (GCC 9.2.1),cpp,Accepted,75.0,4832.0,3100,
s499143667,p02572,u148593865,1598729902,C++,C++ (GCC 9.2.1),cpp,Accepted,37.0,5216.0,1140,
s869606589,p02572,u551056021,1598729902,Python,PyPy3 (7.3.0),py,Accepted,133.0,104836.0,262,
s135408042,p02572,u541462549,1598729902,C++,C++ (GCC 9.2.1),cpp,Accepted,39.0,6672.0,1170,
s408108220,p02572,u150788544,1598729899,Python,Python (3.8.2),py,Accepted,260.0,49884.0,223,
s682569743,p02572,u544865362,1598729899,Python,Python (3.8.2),py,Accepted,119.0,31524.0,600,
s699909453,p02572,u710877960,1598729899,C++,C++ (GCC 9.2.1),cpp,Accepted,78.0,4756.0,475,
s654687785,p02572,u087683057,1598729897,C++,C++ (GCC 9.2.1),cpp,Accepted,34.0,3648.0,391,
s754771391,p02572,u213497190,1598729896,Python,Python (3.8.2),py,Accepted,145.0,31388.0,169,
s305917284,p02572,u616090453,1598729892,C++,C++ (GCC 9.2.1),cpp,Accepted,79.0,6420.0,1172,
s315278642,p02572,u060054991,1598729892,C++,C++ (GCC 9.2.1),cpp,Accepted,77.0,4788.0,522,
s382554893,p02572,u544817736,1598729891,C++,C++ (GCC 9.2.1),cpp,Accepted,35.0,3620.0,1431,
s875140438,p02572,u179169725,1598729886,Python,PyPy3 (7.3.0),py,Accepted,116.0,91740.0,1881,
s702956786,p02572,u678361473,1598729886,C++,C++ (GCC 9.2.1),cpp,Accepted,79.0,5304.0,516,
s640000785,p02572,u355424600,1598729885,C++,C++ (GCC 9.2.1),cpp,Accepted,74.0,3588.0,4098,
s193101866,p02572,u471212175,1598729885,C++,C++ (GCC 9.2.1),cpp,Accepted,74.0,6380.0,867,
s816077918,p02572,u127981515,1598729884,Python,PyPy3 (7.3.0),py,Accepted,123.0,94352.0,168,
s099499358,p02572,u366029725,1598729884,C++,C++ (GCC 9.2.1),cpp,Accepted,86.0,5184.0,579,
s168827066,p02572,u237054088,1598729882,C++,C++ (GCC 9.2.1),cpp,Accepted,34.0,4828.0,882,
s523345580,p02572,u728261986,1598729878,C++,C++ (GCC 9.2.1),cpp,Accepted,80.0,5604.0,426,
s033142823,p02572,u563697328,1598729876,Python,Python (3.8.2),py,Accepted,127.0,31552.0,176,
s202011853,p02572,u970069205,1598729875,C++,C++ (GCC 9.2.1),cpp,Accepted,40.0,4852.0,442,
s428586416,p02572,u290208722,1598729875,C++,C++ (GCC 9.2.1),cpp,Accepted,83.0,8976.0,1458,
s074742511,p02572,u408028331,1598729875,C++,C++ (GCC 9.2.1),cpp,Accepted,39.0,6740.0,896,
s577486415,p02572,u460597319,1598729874,C++,C++ (GCC 9.2.1),cpp,Accepted,79.0,5920.0,366,
s112185978,p02572,u523992689,1598729873,C++,C++ (GCC 9.2.1),cpp,Accepted,36.0,6776.0,1014,
s815942157,p02572,u267222408,1598729873,C++,C++ (GCC 9.2.1),cpp,Accepted,75.0,5104.0,447,
s442689477,p02572,u096128910,1598729871,Python,PyPy3 (7.3.0),py,Accepted,183.0,133660.0,676,
s860453788,p02572,u511096055,1598729868,C++,C++ (GCC 9.2.1),cpp,Accepted,80.0,6736.0,824,
s825859507,p02572,u906769651,1598729868,Python,Python (3.8.2),py,Accepted,140.0,31760.0,320,
s098328059,p02572,u266433281,1598729865,C++,C++ (GCC 9.2.1),cpp,Accepted,37.0,6348.0,1558,
s402109150,p02572,u800396927,1598729863,Python,PyPy3 (7.3.0),py,Accepted,158.0,94128.0,160,
s517983339,p02572,u909359131,1598729860,Python,Python (3.8.2),py,Accepted,159.0,31436.0,178,
s564916192,p02572,u934015186,1598729859,C++,C++ (GCC 9.2.1),cpp,Accepted,80.0,4828.0,268,
s161174720,p02572,u670975923,1598729857,C++,C++ (GCC 9.2.1),cpp,Accepted,78.0,4248.0,543,
s390214490,p02572,u701231431,1598729854,C++,C++ (GCC 9.2.1),cpp,Accepted,77.0,3968.0,398,
s545872527,p02572,u950825280,1598729854,Python,Python (3.8.2),py,Accepted,170.0,31444.0,262,
s045053832,p02572,u816265237,1598729852,Python,Python (3.8.2),py,Accepted,168.0,31760.0,196,
s879833405,p02572,u276682785,1598729851,C++,C++ (GCC 9.2.1),cpp,Accepted,70.0,4812.0,2172,
s910204292,p02572,u188138642,1598729850,Python,Python (3.8.2),py,Accepted,157.0,31620.0,175,
s820693208,p02572,u901282405,1598729847,C++,C++ (GCC 9.2.1),cpp,Accepted,79.0,5140.0,9242,
s503270551,p02572,u848737670,1598729845,C++,C++ (GCC 9.2.1),cpp,Accepted,78.0,4844.0,576,
s520116341,p02572,u119737518,1598729843,C++,C++ (GCC 9.2.1),cpp,Accepted,76.0,6424.0,509,
s553801786,p02572,u057381804,1598729842,C++,C++ (GCC 9.2.1),cpp,Accepted,77.0,6688.0,443,
s197411357,p02572,u084872091,1598729842,C++,C++ (GCC 9.2.1),cpp,Accepted,75.0,3600.0,297,
s578767006,p02572,u402046742,1598729840,C++,C++ (GCC 9.2.1),cpp,Accepted,39.0,3256.0,384,
s195467966,p02572,u443153845,1598729839,C++,C++ (GCC 9.2.1),cpp,Accepted,44.0,6360.0,2176,
s994343237,p02572,u042209706,1598729839,Python,Python (3.8.2),py,Accepted,139.0,31432.0,191,
s133040147,p02572,u251686228,1598729838,C++,C++ (GCC 9.2.1),cpp,Accepted,69.0,6352.0,785,
s832968844,p02572,u995163736,1598729835,Python,Python (3.8.2),py,Accepted,175.0,31528.0,211,
s315154017,p02572,u182012703,1598729835,C++,C++ (GCC 9.2.1),cpp,Accepted,78.0,6420.0,2616,
s382551908,p02572,u456496437,1598729834,C++,C++ (GCC 9.2.1),cpp,Accepted,75.0,5288.0,742,
s098899208,p02572,u699882868,1598729833,Python,PyPy3 (7.3.0),py,Accepted,113.0,94252.0,146,
s810674462,p02572,u979659215,1598729833,C++,C++ (GCC 9.2.1),cpp,Accepted,35.0,5184.0,1919,
s336213521,p02572,u730583021,1598729833,C++,C++ (GCC 9.2.1),cpp,Accepted,75.0,6712.0,440,
s129991304,p02572,u018168283,1598729831,Python,Python (3.8.2),py,Accepted,173.0,31556.0,241,
s101577474,p02572,u625405085,1598729830,C++,C++ (GCC 9.2.1),cpp,Accepted,41.0,3772.0,316,
s923850401,p02572,u737370221,1598729828,C++,C++ (GCC 9.2.1),cpp,Accepted,75.0,4032.0,437,
s003228413,p02572,u962718741,1598729824,Python,Python (3.8.2),py,Accepted,178.0,31544.0,387,
s903136322,p02572,u344869639,1598729824,C++,C++ (GCC 9.2.1),cpp,Accepted,75.0,4776.0,522,
s555942006,p02572,u992230971,1598729824,C++,C++ (GCC 9.2.1),cpp,Accepted,79.0,4832.0,693,
s193331562,p02572,u012136182,1598729822,C++,C++ (GCC 9.2.1),cpp,Accepted,45.0,9816.0,4054,
s598295067,p02572,u504836288,1598729819,C++,C++ (GCC 9.2.1),cpp,Accepted,72.0,6392.0,423,
s482679798,p02572,u715288765,1598729819,C++,C++ (GCC 9.2.1),cpp,Accepted,36.0,6364.0,873,
s670586633,p02572,u692657167,1598729819,Python,PyPy3 (7.3.0),py,Accepted,119.0,94060.0,166,
s881260720,p02572,u361464773,1598729813,Python,Python (3.8.2),py,Accepted,1227.0,24964.0,434,
s038068928,p02572,u685233906,1598729811,C++,C++ (GCC 9.2.1),cpp,Accepted,78.0,4836.0,353,
s883359086,p02572,u978308810,1598729810,C++,C++ (GCC 9.2.1),cpp,Accepted,87.0,6312.0,990,
s035807033,p02572,u892340697,1598729805,Python,Python (3.8.2),py,Accepted,209.0,31560.0,201,
s298719196,p02572,u865051170,1598729805,C++,C++ (GCC 9.2.1),cpp,Accepted,74.0,4044.0,900,
s912847217,p02572,u464205401,1598729804,Python,Python (3.8.2),py,Accepted,154.0,31752.0,163,
s746716168,p02572,u311371298,1598729803,C++,C++ (GCC 9.2.1),cpp,Accepted,77.0,4788.0,527,
s020855123,p02572,u127565873,1598729803,C++,C++ (GCC 9.2.1),cpp,Accepted,79.0,6744.0,520,
s476863188,p02572,u218036413,1598729801,C++,C++ (GCC 9.2.1),cpp,Accepted,74.0,4836.0,910,
s299033987,p02572,u537852947,1598729801,C++,C++ (GCC 9.2.1),cpp,Accepted,83.0,6724.0,529,
s806794768,p02572,u506368070,1598729799,C++,C++ (GCC 9.2.1),cpp,Accepted,38.0,6388.0,1538,
s331624827,p02572,u161190523,1598729799,C++,C++ (GCC 9.2.1),cpp,Accepted,37.0,4780.0,1802,
s552286367,p02572,u343744945,1598729797,C++,C++ (Clang 10.0.0),cpp,Accepted,167.0,6264.0,861,
s887276873,p02572,u487044452,1598729797,Python,Python (3.8.2),py,Accepted,135.0,31612.0,169,
s591444699,p02572,u439465393,1598729795,C++,C++ (GCC 9.2.1),cpp,Accepted,37.0,5172.0,579,
s014063316,p02572,u284120954,1598729794,Python,Python (3.8.2),py,Accepted,154.0,31632.0,205,
s487386739,p02572,u892166393,1598729794,Python,Python (3.8.2),py,Accepted,126.0,31560.0,130,
s971935954,p02572,u519803791,1598729790,C++,C++ (GCC 9.2.1),cpp,Accepted,75.0,4840.0,989,
s138989400,p02572,u820341516,1598729789,C++,C++ (GCC 9.2.1),cpp,Accepted,77.0,4780.0,995,
s633075998,p02572,u138083942,1598729787,Python,PyPy3 (7.3.0),py,Accepted,101.0,82468.0,319,
s281991471,p02572,u741275170,1598729787,C++,C++ (GCC 9.2.1),cpp,Accepted,35.0,6712.0,1065,
s724394911,p02572,u049931175,1598729787,C++,C++ (GCC 9.2.1),cpp,Accepted,76.0,6712.0,320,
s144697232,p02572,u347064383,1598729786,Python,Python (3.8.2),py,Accepted,136.0,31320.0,257,
s915051056,p02572,u936966028,1598729786,C++,C++ (GCC 9.2.1),cpp,Accepted,77.0,6348.0,512,
s366216754,p02572,u685978216,1598729784,Python,Python (3.8.2),py,Accepted,152.0,32624.0,704,
s915653597,p02572,u794448346,1598729783,Python,PyPy3 (7.3.0),py,Accepted,119.0,94256.0,226,
s695191878,p02572,u919017918,1598729783,Python,Python (3.8.2),py,Accepted,129.0,31720.0,391,
s077736435,p02572,u344655022,1598729782,Python,PyPy3 (7.3.0),py,Accepted,126.0,101864.0,269,
s634843131,p02572,u581579603,1598729781,Python,Python (3.8.2),py,Accepted,149.0,31744.0,190,
s709744577,p02572,u111840562,1598729779,C++,C++ (GCC 9.2.1),cpp,Accepted,78.0,3580.0,517,
s647141678,p02572,u835805357,1598729779,C++,C++ (GCC 9.2.1),cpp,Accepted,74.0,6372.0,786,
s862545277,p02572,u183746880,1598729778,C++,C++ (GCC 9.2.1),cpp,Accepted,79.0,4776.0,540,
s933041109,p02572,u514096386,1598729776,C++,C++ (GCC 9.2.1),cpp,Accepted,36.0,5208.0,1353,
s049299757,p02572,u870518235,1598729776,Python,Python (3.8.2),py,Accepted,158.0,31428.0,178,
s071541262,p02572,u069521477,1598729770,C++,C++ (GCC 9.2.1),cpp,Accepted,43.0,12700.0,8678,
s125929957,p02572,u732870425,1598729768,Python,Python (3.8.2),py,Accepted,204.0,31416.0,258,
s965091848,p02572,u733306099,1598729766,C++,C++ (GCC 9.2.1),cpp,Accepted,76.0,6424.0,533,
s905913143,p02572,u814198610,1598729765,C++,C++ (GCC 9.2.1),cpp,Accepted,74.0,4404.0,523,
s417704963,p02572,u417096287,1598729765,Python,PyPy3 (7.3.0),py,Accepted,128.0,105364.0,294,
s091620522,p02572,u245206381,1598729764,C++,C++ (GCC 9.2.1),cpp,Accepted,32.0,6744.0,1711,
s936262013,p02572,u267058418,1598729764,C++,C++ (GCC 9.2.1),cpp,Accepted,100.0,4984.0,421,
s534508872,p02572,u087414215,1598729763,Python,PyPy3 (7.3.0),py,Accepted,133.0,94220.0,227,
s481999559,p02572,u111652094,1598729762,Python,Python (3.8.2),py,Accepted,128.0,31608.0,164,
s606673473,p02572,u418810472,1598729762,C++,C++ (GCC 9.2.1),cpp,Accepted,36.0,6352.0,1040,
s094449429,p02572,u983563612,1598729762,C++,C++ (GCC 9.2.1),cpp,Accepted,77.0,4784.0,651,
s934959238,p02572,u212948109,1598729757,C++,C++ (GCC 9.2.1),cpp,Accepted,86.0,16380.0,1242,
s074392441,p02572,u555311916,1598729757,Python,PyPy3 (7.3.0),py,Accepted,110.0,94308.0,268,
s414319200,p02572,u723812958,1598729756,C++,C++ (GCC 9.2.1),cpp,Accepted,51.0,6704.0,609,
s490137993,p02572,u845746741,1598729756,C++,C++ (GCC 9.2.1),cpp,Accepted,43.0,6748.0,1861,
s770532616,p02572,u090068671,1598729756,Python,Python (3.8.2),py,Accepted,112.0,31552.0,179,
s893367026,p02572,u118718964,1598729756,C++,C++ (GCC 9.2.1),cpp,Accepted,75.0,6748.0,537,
s136013785,p02572,u953351773,1598729755,C++,C++ (GCC 9.2.1),cpp,Accepted,35.0,6780.0,13787,
s509436856,p02572,u077051605,1598729755,C++,C++ (GCC 9.2.1),cpp,Accepted,79.0,5188.0,544,
s460626064,p02572,u042481711,1598729754,C++,C++ (GCC 9.2.1),cpp,Accepted,75.0,6696.0,586,
s277482955,p02572,u261538386,1598729753,C++,C++ (GCC 9.2.1),cpp,Accepted,39.0,6360.0,1748,
s343662339,p02572,u430394202,1598729753,C++,C++ (GCC 9.2.1),cpp,Accepted,77.0,6356.0,564,
s258373013,p02572,u502792283,1598729751,C++,C++ (GCC 9.2.1),cpp,Accepted,36.0,6732.0,995,
s647985076,p02572,u436982376,1598729751,Python,Python (3.8.2),py,Accepted,113.0,31548.0,485,
s261876292,p02572,u305826668,1598729750,Python,PyPy3 (7.3.0),py,Accepted,119.0,94220.0,311,
s379464053,p02572,u135389999,1598729749,Python,PyPy3 (7.3.0),py,Accepted,128.0,104708.0,172,
s136116172,p02572,u589783652,1598729747,Python,PyPy3 (7.3.0),py,Accepted,114.0,94120.0,294,
s037350660,p02572,u335406314,1598729745,Python,Python (3.8.2),py,Accepted,121.0,31684.0,108,
s794122088,p02572,u602500004,1598729744,Python,Python (3.8.2),py,Accepted,278.0,49772.0,647,
s547151175,p02572,u512448262,1598729743,C++,C++ (GCC 9.2.1),cpp,Accepted,81.0,6924.0,453,
s834572812,p02572,u081141316,1598729741,Python,Python (3.8.2),py,Accepted,140.0,31680.0,218,
s707513801,p02572,u141574039,1598729741,Python,Python (3.8.2),py,Accepted,158.0,31692.0,187,
s221902351,p02572,u612541354,1598729741,C++,C++ (GCC 9.2.1),cpp,Accepted,34.0,4768.0,3581,
s308185484,p02572,u591503175,1598729740,Python,Python (3.8.2),py,Accepted,130.0,31568.0,311,
s570333130,p02572,u912997017,1598729739,C++,C++ (GCC 9.2.1),cpp,Accepted,36.0,6704.0,506,
s131107093,p02572,u480300350,1598729737,Python,Python (3.8.2),py,Accepted,165.0,32588.0,4352,
s682841154,p02572,u323583032,1598729735,C++,C++ (GCC 9.2.1),cpp,Accepted,38.0,6732.0,722,
s191479522,p02572,u783408650,1598729734,C++,C++ (GCC 9.2.1),cpp,Accepted,88.0,6416.0,1133,
s704146853,p02572,u620269708,1598729732,C++,C++ (GCC 9.2.1),cpp,Accepted,90.0,15732.0,516,
s933251974,p02572,u297089927,1598729731,Python,Python (3.8.2),py,Accepted,137.0,31532.0,139,
s370686828,p02572,u927463074,1598729730,C++,C++ (GCC 9.2.1),cpp,Accepted,74.0,4748.0,498,
s090690883,p02572,u934119021,1598729728,Python,Python (3.8.2),py,Accepted,133.0,31476.0,169,
s824864070,p02572,u278601006,1598729728,Python,Python (3.8.2),py,Accepted,249.0,50032.0,418,
s019389114,p02572,u581403769,1598729727,Python,Python (3.8.2),py,Accepted,138.0,31440.0,178,
s215366709,p02572,u511875629,1598729727,C++,C++ (GCC 9.2.1),cpp,Accepted,35.0,3636.0,1285,
s807344378,p02572,u366245083,1598729727,C++,C++ (GCC 9.2.1),cpp,Accepted,81.0,5068.0,376,
s033064025,p02572,u108648546,1598729724,C++,C++ (GCC 9.2.1),cpp,Accepted,39.0,6364.0,919,
s102388616,p02572,u769530239,1598729724,C++,C++ (GCC 9.2.1),cpp,Accepted,74.0,4796.0,404,
s119413615,p02572,u555147026,1598729722,C++,C++ (GCC 9.2.1),cpp,Accepted,41.0,6908.0,473,
s404336362,p02572,u609093494,1598729721,Python,Python (3.8.2),py,Accepted,146.0,31432.0,164,
s219531943,p02572,u596385287,1598729721,C++,C++ (GCC 9.2.1),cpp,Accepted,33.0,6360.0,501,
s987092848,p02572,u714887242,1598729720,Python,PyPy3 (7.3.0),py,Accepted,116.0,94260.0,254,
s657604789,p02572,u470481460,1598729720,C++,C++ (GCC 9.2.1),cpp,Accepted,38.0,3216.0,481,
s738173585,p02572,u904537833,1598729719,Python,Python (3.8.2),py,Accepted,109.0,31304.0,331,
s815789795,p02572,u737838293,1598729719,C++,C++ (GCC 9.2.1),cpp,Accepted,77.0,5272.0,387,
s444876146,p02572,u304517780,1598729718,C++,C++ (GCC 9.2.1),cpp,Accepted,76.0,4836.0,1789,
s756565373,p02572,u492296177,1598729718,C++,C++ (GCC 9.2.1),cpp,Accepted,79.0,6764.0,965,
s674491131,p02572,u556774846,1598729716,C++,C++ (GCC 9.2.1),cpp,Accepted,75.0,3628.0,983,
s175069723,p02572,u259190728,1598729715,Python,Python (3.8.2),py,Accepted,112.0,32392.0,1731,
s064559710,p02572,u181412342,1598729715,Python,PyPy3 (7.3.0),py,Accepted,723.0,98352.0,1683,
s808495954,p02572,u153798346,1598729713,C++,C++ (GCC 9.2.1),cpp,Accepted,34.0,4812.0,3813,
s966355818,p02572,u079585214,1598729712,C++,C++ (GCC 9.2.1),cpp,Accepted,78.0,6752.0,407,
s727238941,p02572,u756273400,1598729711,C++,C++ (GCC 9.2.1),cpp,Accepted,79.0,6340.0,417,
s288196264,p02572,u116038906,1598729711,Python,Python (3.8.2),py,Accepted,145.0,31376.0,268,
s686590553,p02572,u123536078,1598729709,C++,C++ (GCC 9.2.1),cpp,Accepted,34.0,4432.0,685,
s768859686,p02572,u280097533,1598729708,C++,C++ (GCC 9.2.1),cpp,Accepted,81.0,4836.0,626,
s825366502,p02572,u045628053,1598729708,Python,PyPy3 (7.3.0),py,Accepted,129.0,94280.0,197,
s047118117,p02572,u453623947,1598729707,Python,Python (3.8.2),py,Accepted,139.0,31604.0,152,
s857210224,p02572,u630511239,1598729707,Python,Python (3.8.2),py,Accepted,126.0,31752.0,179,
s323829763,p02572,u218114244,1598729707,C++,C++ (GCC 9.2.1),cpp,Accepted,80.0,3984.0,472,
s892716979,p02572,u202796595,1598729707,C++,C++ (GCC 9.2.1),cpp,Accepted,35.0,3644.0,2121,
s787733744,p02572,u700041121,1598729700,C++,C++ (GCC 9.2.1),cpp,Accepted,79.0,6368.0,1369,
s050960244,p02572,u955591889,1598729698,C++,C++ (GCC 9.2.1),cpp,Accepted,70.0,4392.0,406,
s890892583,p02572,u167869723,1598729697,C++,C++ (GCC 9.2.1),cpp,Accepted,36.0,5216.0,1101,
s933244933,p02572,u537926697,1598729697,Python,PyPy2 (7.3.0),py,Accepted,122.0,95388.0,219,
s022541338,p02572,u525958446,1598729697,C++,C++ (GCC 9.2.1),cpp,Accepted,37.0,4788.0,728,
s425952607,p02572,u572042625,1598729696,Python,Python (3.8.2),py,Accepted,162.0,31620.0,241,
s873347292,p02572,u103417026,1598729696,C++,C++ (GCC 9.2.1),cpp,Accepted,35.0,6760.0,691,
s927331798,p02572,u492968387,1598729694,C++,C++ (GCC 9.2.1),cpp,Accepted,79.0,4792.0,623,
s412159083,p02572,u135454978,1598729692,Python,Python (3.8.2),py,Accepted,134.0,32948.0,236,
s451453923,p02572,u224346910,1598729692,Python,PyPy3 (7.3.0),py,Accepted,121.0,102048.0,173,
s917136850,p02572,u545972721,1598729691,C++,C++ (GCC 9.2.1),cpp,Accepted,37.0,6360.0,1809,
s733660084,p02572,u383894162,1598729690,C++,C++ (GCC 9.2.1),cpp,Accepted,77.0,5224.0,642,
s501095463,p02572,u684435505,1598729690,Python,PyPy3 (7.3.0),py,Accepted,118.0,94108.0,252,
s754323124,p02572,u958720400,1598729688,C++,C++ (GCC 9.2.1),cpp,Accepted,84.0,6736.0,391,
s750385374,p02572,u718751084,1598729687,C++,C++ (GCC 9.2.1),cpp,Accepted,78.0,4840.0,532,
s246000359,p02572,u530383736,1598729687,Python,Python (3.8.2),py,Accepted,145.0,31368.0,479,
s894708370,p02572,u867826040,1598729686,Python,Python (3.8.2),py,Accepted,179.0,31612.0,202,
s267181196,p02572,u099546506,1598729682,C++,C++ (GCC 9.2.1),cpp,Accepted,83.0,9608.0,448,
s550646444,p02572,u827202523,1598729681,Python,PyPy3 (7.3.0),py,Accepted,349.0,102456.0,3693,
s220928652,p02572,u630355552,1598729678,C++,C++ (GCC 9.2.1),cpp,Accepted,77.0,4820.0,594,
s727598401,p02572,u438923915,1598729678,C++,C++ (GCC 9.2.1),cpp,Accepted,36.0,6724.0,1188,
s023893432,p02572,u242100728,1598729678,C++,C++ (GCC 9.2.1),cpp,Accepted,77.0,6764.0,1652,
s247816720,p02572,u829416877,1598729676,Python,Python (3.8.2),py,Accepted,123.0,31396.0,139,
s290641649,p02572,u690389742,1598729672,C++,C++ (GCC 9.2.1),cpp,Accepted,77.0,6424.0,432,
s365676358,p02572,u127000591,1598729671,C++,C++ (GCC 9.2.1),cpp,Accepted,35.0,6712.0,1239,
s305847832,p02572,u909936978,1598729669,C++,C++ (GCC 9.2.1),cpp,Accepted,87.0,4700.0,434,
s916185681,p02572,u532894762,1598729668,C++,C++ (GCC 9.2.1),cpp,Accepted,77.0,6696.0,3634,
s513926322,p02572,u998262711,1598729668,Python,PyPy3 (7.3.0),py,Accepted,129.0,101888.0,216,
s734851265,p02572,u397994221,1598729667,C++,C++ (GCC 9.2.1),cpp,Accepted,40.0,5988.0,1152,
s489223469,p02572,u475402977,1598729665,Python,Python (3.8.2),py,Accepted,130.0,31672.0,143,
s014342840,p02572,u822913627,1598729665,C++,C++ (GCC 9.2.1),cpp,Accepted,42.0,4704.0,1406,
s456929241,p02572,u018457407,1598729657,C++,C++ (GCC 9.2.1),cpp,Accepted,47.0,3644.0,4230,
s477672904,p02572,u396153737,1598729655,Python,PyPy3 (7.3.0),py,Accepted,122.0,94240.0,169,
s002968416,p02572,u231667262,1598729655,C++,C++ (GCC 9.2.1),cpp,Accepted,75.0,6428.0,550,
s678367504,p02572,u380854465,1598729654,Python,PyPy3 (7.3.0),py,Accepted,132.0,94056.0,244,
s801474972,p02572,u217148004,1598729654,C++,C++ (GCC 9.2.1),cpp,Accepted,43.0,3648.0,442,
s250975097,p02572,u412255932,1598729653,Python,PyPy3 (7.3.0),py,Accepted,115.0,94268.0,184,
s006413010,p02572,u072606168,1598729652,Python,Python (3.8.2),py,Accepted,128.0,31608.0,117,
s157431612,p02572,u349724238,1598729651,Python,PyPy3 (7.3.0),py,Accepted,131.0,93980.0,254,
s338487580,p02572,u465284486,1598729650,Python,PyPy3 (7.3.0),py,Accepted,107.0,94516.0,330,
s463449397,p02572,u615259563,1598729648,C++,C++ (GCC 9.2.1),cpp,Accepted,39.0,6768.0,1051,
s340569890,p02572,u448096745,1598729648,C++,C++ (GCC 9.2.1),cpp,Accepted,34.0,7912.0,1335,
s573906970,p02572,u573512968,1598729647,Python,Python (3.8.2),py,Accepted,109.0,31620.0,689,
s779289372,p02572,u194913468,1598729646,Python,Python (3.8.2),py,Accepted,194.0,31544.0,261,
s371428902,p02572,u377834804,1598729646,Python,Python (3.8.2),py,Accepted,132.0,31432.0,163,
s571238894,p02572,u563397131,1598729646,C++,C++ (GCC 9.2.1),cpp,Accepted,81.0,6412.0,514,
s864672120,p02572,u731638048,1598729645,C++,C++ (GCC 9.2.1),cpp,Accepted,85.0,5132.0,720,
s819723237,p02572,u672316981,1598729644,Python,Python (3.8.2),py,Accepted,183.0,31636.0,325,
s830228835,p02572,u653818123,1598729642,C++,C++ (GCC 9.2.1),cpp,Accepted,35.0,4780.0,463,
s716582466,p02572,u306697932,1598729640,C++,C++ (GCC 9.2.1),cpp,Accepted,33.0,4776.0,2610,
s776315993,p02572,u017829818,1598729639,C++,C++ (GCC 9.2.1),cpp,Accepted,41.0,6336.0,717,
s418038643,p02572,u041777697,1598729639,C++,C++ (GCC 9.2.1),cpp,Accepted,36.0,6352.0,1153,
s560642778,p02572,u894521144,1598729639,Python,Python (3.8.2),py,Accepted,122.0,31624.0,280,
s673087638,p02572,u909373588,1598729638,C++,C++ (GCC 9.2.1),cpp,Accepted,73.0,4804.0,661,
s784206417,p02572,u639484864,1598729637,C++,C++ (GCC 9.2.1),cpp,Accepted,32.0,5172.0,3263,
s021738587,p02572,u246907970,1598729635,Python,Python (3.8.2),py,Accepted,160.0,32988.0,266,
s386533585,p02572,u247203357,1598729634,C++,C++ (GCC 9.2.1),cpp,Accepted,78.0,4836.0,716,
s693287596,p02572,u380412651,1598729634,C++,C++ (GCC 9.2.1),cpp,Accepted,77.0,6372.0,513,
s048332065,p02572,u036459805,1598729632,C++,C++ (GCC 9.2.1),cpp,Accepted,33.0,4772.0,882,
s206254822,p02572,u803754262,1598729631,C++,C++ (GCC 9.2.1),cpp,Accepted,34.0,6364.0,4951,
s817790277,p02572,u066005387,1598729631,C++,C++ (GCC 9.2.1),cpp,Accepted,83.0,6340.0,779,
s433150330,p02572,u359767101,1598729630,C++,C++ (GCC 9.2.1),cpp,Accepted,76.0,6420.0,422,
s256692199,p02572,u514390882,1598729630,Python,Python (3.8.2),py,Accepted,180.0,31552.0,266,
s239996306,p02572,u958873500,1598729629,C++,C++ (GCC 9.2.1),cpp,Accepted,36.0,6360.0,13003,
s923481417,p02572,u418381221,1598729627,Python,Python (3.8.2),py,Accepted,176.0,31612.0,187,
s044587816,p02572,u787059958,1598729626,Python,Python (3.8.2),py,Accepted,161.0,31524.0,334,
s430163463,p02572,u827646026,1598729625,Python,Python (3.8.2),py,Accepted,120.0,31300.0,286,
s517764140,p02572,u530742953,1598729624,C++,C++ (GCC 9.2.1),cpp,Accepted,37.0,6776.0,2110,
s409914804,p02572,u470154820,1598729620,C++,C++ (GCC 9.2.1),cpp,Accepted,64.0,6760.0,1653,
s917998304,p02572,u584529578,1598729619,C++,C++ (GCC 9.2.1),cpp,Accepted,43.0,6340.0,989,
s700954644,p02572,u322266296,1598729619,C++,C++ (GCC 9.2.1),cpp,Accepted,115.0,6692.0,595,
s218721915,p02572,u988076584,1598729618,C++,C++ (GCC 9.2.1),cpp,Accepted,78.0,6424.0,796,
s575157166,p02572,u375405838,1598729617,C++,C++ (GCC 9.2.1),cpp,Accepted,79.0,6416.0,2199,
s682743573,p02572,u066478371,1598729614,C++,C++ (GCC 9.2.1),cpp,Accepted,35.0,6356.0,2868,
s634697425,p02572,u442523045,1598729612,C++,C++ (GCC 9.2.1),cpp,Accepted,72.0,4776.0,631,
s403568397,p02572,u178536051,1598729612,C++,C++ (GCC 9.2.1),cpp,Accepted,76.0,6368.0,683,
s097979047,p02572,u641851773,1598729610,Python,PyPy3 (7.3.0),py,Accepted,112.0,93064.0,781,
s756474838,p02572,u904776939,1598729607,C++,C++ (GCC 9.2.1),cpp,Accepted,39.0,6760.0,1245,
s392589330,p02572,u025394570,1598729607,C++,C++ (GCC 9.2.1),cpp,Accepted,34.0,4420.0,872,
s223487364,p02572,u589099084,1598729606,C++,C++ (GCC 9.2.1),cpp,Accepted,37.0,6776.0,3059,
s466870490,p02572,u308463793,1598729606,C++,C++ (GCC 9.2.1),cpp,Accepted,76.0,4744.0,898,
s121602612,p02572,u635850681,1598729606,C++,C++ (GCC 9.2.1),cpp,Accepted,32.0,4356.0,508,
s462392429,p02572,u207137484,1598729605,Python,PyPy3 (7.3.0),py,Accepted,116.0,94136.0,234,
s884020738,p02572,u663404111,1598729605,Python,PyPy3 (7.3.0),py,Accepted,119.0,94168.0,212,
s563655930,p02572,u255325666,1598729604,C++,C++ (GCC 9.2.1),cpp,Accepted,76.0,4848.0,694,
s377943527,p02572,u455695507,1598729603,C++,C++ (GCC 9.2.1),cpp,Accepted,34.0,6732.0,926,
s747547304,p02572,u198469037,1598729600,C++,C++ (GCC 9.2.1),cpp,Accepted,79.0,6420.0,544,
s262429679,p02572,u067986264,1598729600,Python,Python (3.8.2),py,Accepted,149.0,31744.0,171,
s979306334,p02572,u509924582,1598729599,C++,C++ (GCC 9.2.1),cpp,Accepted,42.0,6760.0,1594,
s079525439,p02572,u196786099,1598729598,C++,C++ (GCC 9.2.1),cpp,Accepted,36.0,6344.0,1206,
s857537448,p02572,u448435268,1598729597,C++,C++ (GCC 9.2.1),cpp,Accepted,77.0,6704.0,3108,
s710714358,p02572,u446053530,1598729595,C++,C++ (GCC 9.2.1),cpp,Accepted,40.0,6760.0,777,
s126353425,p02572,u324019481,1598729594,Python,PyPy3 (7.3.0),py,Accepted,147.0,94116.0,300,
s034159805,p02572,u146057001,1598729594,Python,Python (3.8.2),py,Accepted,130.0,31532.0,164,
s591246529,p02572,u935511247,1598729592,Python,Python (3.8.2),py,Accepted,172.0,31560.0,230,
s510236210,p02572,u118225776,1598729592,C++,C++ (GCC 9.2.1),cpp,Accepted,77.0,4844.0,1185,
s181224495,p02572,u665369939,1598729592,Python,Python (3.8.2),py,Accepted,132.0,31332.0,153,
s473108052,p02572,u406647332,1598729592,C++,C++ (GCC 9.2.1),cpp,Accepted,84.0,8004.0,726,
s307516211,p02572,u773782989,1598729591,C++,C++ (GCC 9.2.1),cpp,Accepted,37.0,4788.0,470,
s562037175,p02572,u149757670,1598729588,C++,C++ (GCC 9.2.1),cpp,Accepted,78.0,6348.0,859,
s195912016,p02572,u059210959,1598729587,Python,Python (3.8.2),py,Accepted,166.0,34864.0,708,
s116802442,p02572,u503111914,1598729583,Python,Python (3.8.2),py,Accepted,134.0,31580.0,172,
s331826329,p02572,u833212816,1598729583,C++,C++ (GCC 9.2.1),cpp,Accepted,35.0,6344.0,838,
s315142765,p02572,u745561510,1598729581,Python,Python (3.8.2),py,Accepted,156.0,31624.0,189,
s915932317,p02572,u408262366,1598729581,Python,PyPy3 (7.3.0),py,Accepted,136.0,101708.0,166,
s718548577,p02572,u579428033,1598729581,C++,C++ (GCC 9.2.1),cpp,Accepted,76.0,5296.0,1140,
s292193468,p02572,u234582237,1598729580,Python,PyPy3 (7.3.0),py,Accepted,122.0,94200.0,144,
s070999482,p02572,u118875091,1598729579,C++,C++ (GCC 9.2.1),cpp,Accepted,72.0,4832.0,1143,
s180212436,p02572,u400281904,1598729579,C++,C++ (GCC 9.2.1),cpp,Accepted,88.0,6756.0,1651,
s387391274,p02572,u631360583,1598729578,C++,C++ (GCC 9.2.1),cpp,Accepted,38.0,4772.0,3213,
s434233991,p02572,u587480689,1598729578,C++,C++ (GCC 9.2.1),cpp,Accepted,81.0,14748.0,4615,
s467844882,p02572,u202379883,1598729578,C++,C++ (GCC 9.2.1),cpp,Accepted,40.0,6720.0,1533,
s164736554,p02572,u535555850,1598729577,C++,C++ (GCC 9.2.1),cpp,Accepted,42.0,4852.0,3369,
s845643444,p02572,u509516894,1598729575,Python,PyPy3 (7.3.0),py,Accepted,120.0,94064.0,151,
s903219029,p02572,u697407589,1598729573,C++,C++ (GCC 9.2.1),cpp,Accepted,39.0,11840.0,3065,
s318156838,p02572,u073140354,1598729570,C++,C++ (GCC 9.2.1),cpp,Accepted,34.0,4748.0,485,
s589369213,p02572,u185413585,1598729570,C++,C++ (GCC 9.2.1),cpp,Accepted,79.0,6424.0,640,
s505234330,p02572,u764177390,1598729569,C++,C++ (GCC 9.2.1),cpp,Accepted,35.0,6892.0,2531,
s592903765,p02572,u648636329,1598729568,C++,C++ (GCC 9.2.1),cpp,Accepted,79.0,5092.0,425,
s348453264,p02572,u844426556,1598729567,Python,Python (3.8.2),py,Accepted,166.0,31576.0,224,
s452934167,p02572,u334070979,1598729566,C++,C++ (Clang 10.0.0),cpp,Accepted,50.0,6360.0,446,
s887878281,p02572,u815269021,1598729565,Python,Python (3.8.2),py,Accepted,97.0,31608.0,225,
s041368082,p02572,u625258197,1598729562,C++,C++ (GCC 9.2.1),cpp,Accepted,79.0,4844.0,1145,
s065681840,p02572,u903082918,1598729561,Python,Python (3.8.2),py,Accepted,131.0,32740.0,719,
s806805156,p02572,u163935555,1598729560,C++,C++ (GCC 9.2.1),cpp,Accepted,41.0,6740.0,1406,
s105858922,p02572,u642229303,1598729559,C++,C++ (GCC 9.2.1),cpp,Accepted,36.0,8340.0,476,
s908245041,p02572,u714566687,1598729559,C++,C++ (GCC 9.2.1),cpp,Accepted,38.0,6352.0,515,
s943072020,p02572,u793868662,1598729558,Python,PyPy3 (7.3.0),py,Accepted,112.0,105168.0,222,
s982188091,p02572,u324549016,1598729558,C++,C++ (GCC 9.2.1),cpp,Accepted,78.0,6744.0,598,
s052164287,p02572,u849151695,1598729558,C++,C++ (GCC 9.2.1),cpp,Accepted,77.0,4832.0,2197,
s991434316,p02572,u261639007,1598729555,C++,C++ (GCC 9.2.1),cpp,Accepted,39.0,6760.0,718,
s425108847,p02572,u645487439,1598729555,Python,Python (3.8.2),py,Accepted,163.0,31552.0,199,
s740994370,p02572,u469315559,1598729554,C++,C++ (GCC 9.2.1),cpp,Accepted,94.0,9944.0,718,
s125863383,p02572,u317423698,1598729553,Python,Python (3.8.2),py,Accepted,112.0,28156.0,349,
s976600466,p02572,u243714267,1598729552,Python,Python (3.8.2),py,Accepted,146.0,31756.0,248,
s498967675,p02572,u901582103,1598729551,Python,Python (3.8.2),py,Accepted,171.0,31752.0,146,
s212305963,p02572,u788061153,1598729551,Python,Python (3.8.2),py,Accepted,228.0,31560.0,274,
s407747130,p02572,u388164885,1598729550,Python,Python (3.8.2),py,Accepted,208.0,31440.0,240,
s119836142,p02572,u697149593,1598729550,C++,C++ (GCC 9.2.1),cpp,Accepted,81.0,5360.0,328,
s234328463,p02572,u670898337,1598729550,C++,C++ (GCC 9.2.1),cpp,Accepted,76.0,4844.0,1284,
s002455243,p02572,u527652459,1598729549,C++,C++ (GCC 9.2.1),cpp,Accepted,50.0,29860.0,4061,
s434769868,p02572,u587370992,1598729546,Python,Python (3.8.2),py,Accepted,137.0,31496.0,284,
s645934727,p02572,u489603283,1598729545,C++,C++ (GCC 9.2.1),cpp,Accepted,74.0,5632.0,479,
s362553882,p02572,u456451085,1598729544,C++,C++ (GCC 9.2.1),cpp,Accepted,75.0,5156.0,451,
s313742403,p02572,u218707541,1598729544,C++,C++ (GCC 9.2.1),cpp,Accepted,86.0,6972.0,1590,
s711965248,p02572,u347823256,1598729543,C++,C++ (GCC 9.2.1),cpp,Accepted,78.0,6416.0,485,
s474155006,p02572,u270658530,1598729543,Python,Python (3.8.2),py,Accepted,117.0,31612.0,172,
s221274278,p02572,u426556969,1598729541,C++,C++ (GCC 9.2.1),cpp,Accepted,75.0,4840.0,717,
s762276654,p02572,u795058347,1598729539,C++,C++ (GCC 9.2.1),cpp,Accepted,36.0,5312.0,3700,
s635836385,p02572,u472009936,1598729538,C++,C++ (GCC 9.2.1),cpp,Accepted,46.0,5296.0,564,
s834838094,p02572,u068421025,1598729537,C++,C++ (GCC 9.2.1),cpp,Accepted,38.0,6708.0,669,
s389162961,p02572,u582588783,1598729537,C++,C++ (GCC 9.2.1),cpp,Accepted,81.0,6380.0,1313,
s665848605,p02572,u902428263,1598729535,C++,C++ (GCC 9.2.1),cpp,Accepted,80.0,6748.0,544,
s224869576,p02572,u557997496,1598729533,Python,Python (3.8.2),py,Accepted,145.0,31576.0,205,
s350496208,p02572,u455809703,1598729532,Python,Python (3.8.2),py,Accepted,150.0,31428.0,174,
s085528261,p02572,u755116850,1598729532,Python,Python (3.8.2),py,Accepted,194.0,31432.0,305,
s244951112,p02572,u128142352,1598729531,C++,C++ (GCC 9.2.1),cpp,Accepted,72.0,3628.0,339,
s813055919,p02572,u838717651,1598729531,C++,C++ (GCC 9.2.1),cpp,Accepted,75.0,4840.0,457,
s833110137,p02572,u281829807,1598729529,C++,C++ (GCC 9.2.1),cpp,Accepted,71.0,4816.0,449,
s201692125,p02572,u496612088,1598729528,C++,C++ (GCC 9.2.1),cpp,Accepted,39.0,6764.0,4980,
s225731708,p02572,u194903580,1598729528,C++,C++ (GCC 9.2.1),cpp,Accepted,77.0,5152.0,437,
s114126680,p02572,u169190252,1598729528,C++,C++ (GCC 9.2.1),cpp,Accepted,75.0,6420.0,673,
s349293504,p02572,u264510298,1598729525,C++,C++ (GCC 9.2.1),cpp,Accepted,42.0,6356.0,526,
s451648927,p02572,u514162443,1598729525,C++,C++ (Clang 10.0.0),cpp,Accepted,165.0,3188.0,468,
s349980358,p02572,u469176773,1598729524,C++,C++ (GCC 9.2.1),cpp,Accepted,81.0,7956.0,638,
s045278428,p02572,u222319464,1598729524,C++,C++ (Clang 10.0.0),cpp,Accepted,159.0,4344.0,404,
s752884991,p02572,u653026173,1598729522,Python,Python (3.8.2),py,Accepted,159.0,31400.0,248,
s808834188,p02572,u043536340,1598729520,C++,C++ (GCC 9.2.1),cpp,Accepted,38.0,6716.0,600,
s130846496,p02572,u386197387,1598729519,Python,PyPy3 (7.3.0),py,Accepted,128.0,105288.0,186,
s304432287,p02572,u634131849,1598729517,C++,C++ (GCC 9.2.1),cpp,Accepted,75.0,5176.0,461,
s459137889,p02572,u262685169,1598729517,C++,C++ (GCC 9.2.1),cpp,Accepted,26.0,6828.0,1442,
s301905819,p02572,u291043757,1598729514,Python,Python (3.8.2),py,Accepted,133.0,31524.0,131,
s454888619,p02572,u478372289,1598729513,C++,C++ (GCC 9.2.1),cpp,Accepted,75.0,6364.0,544,
s659980000,p02572,u022984517,1598729512,C++,C++ (GCC 9.2.1),cpp,Accepted,75.0,5160.0,385,
s715378882,p02572,u251075661,1598729512,Python,Python (3.8.2),py,Accepted,166.0,31576.0,177,
s256261980,p02572,u665452497,1598729511,Python,PyPy3 (7.3.0),py,Accepted,117.0,94152.0,123,
s668094706,p02572,u809589926,1598729511,C++,C++ (GCC 9.2.1),cpp,Accepted,78.0,6412.0,2580,
s962601657,p02572,u184661160,1598729510,Python,Python (3.8.2),py,Accepted,155.0,33056.0,3318,
s637114497,p02572,u369067792,1598729510,C++,C++ (Clang 10.0.0),cpp,Accepted,161.0,3568.0,618,
s425617129,p02572,u677475623,1598729509,C++,C++ (GCC 9.2.1),cpp,Accepted,81.0,6360.0,2285,
s016420758,p02572,u855642922,1598729508,C++,C++ (GCC 9.2.1),cpp,Accepted,37.0,5176.0,937,
s963145938,p02572,u450528460,1598729508,C++,C++ (GCC 9.2.1),cpp,Accepted,38.0,6388.0,1080,
s401953096,p02572,u145429281,1598729506,C++,C++ (GCC 9.2.1),cpp,Accepted,44.0,5392.0,1456,
s292896150,p02572,u065600990,1598729506,C++,C++ (GCC 9.2.1),cpp,Accepted,82.0,6416.0,1162,
s482235292,p02572,u578913064,1598729504,C++,C++ (GCC 9.2.1),cpp,Accepted,77.0,6724.0,956,
s014998891,p02572,u685998974,1598729503,Python,PyPy3 (7.3.0),py,Accepted,131.0,94184.0,186,
s024870488,p02572,u024768467,1598729503,Python,Python (3.8.2),py,Accepted,133.0,31428.0,200,
s296338076,p02572,u728483880,1598729502,C++,C++ (GCC 9.2.1),cpp,Accepted,84.0,6756.0,548,
s231433620,p02572,u719260857,1598729502,Python,Python (3.8.2),py,Accepted,201.0,31428.0,267,
s730287855,p02572,u222866518,1598729502,C++,C++ (GCC 9.2.1),cpp,Accepted,81.0,6316.0,743,
s699025864,p02572,u743682467,1598729501,Python,Python (3.8.2),py,Accepted,134.0,31416.0,135,
s257637320,p02572,u876742094,1598729498,Python,PyPy3 (7.3.0),py,Accepted,110.0,94168.0,196,
s996069824,p02572,u692054751,1598729498,Python,PyPy3 (7.3.0),py,Accepted,131.0,104916.0,194,
s956676567,p02572,u207118440,1598729495,C++,C++ (GCC 9.2.1),cpp,Accepted,33.0,4776.0,2851,
s117086828,p02572,u567815593,1598729495,C++,C++ (GCC 9.2.1),cpp,Accepted,34.0,3948.0,424,
s368544387,p02572,u488670118,1598729494,Python,PyPy3 (7.3.0),py,Accepted,205.0,106988.0,391,
s887645850,p02572,u075303794,1598729492,Python,Python (3.8.2),py,Accepted,134.0,31744.0,146,
s453149523,p02572,u638306848,1598729491,C++,C++ (GCC 9.2.1),cpp,Accepted,35.0,4776.0,2354,
s628944564,p02572,u232284139,1598729491,C++,C++ (GCC 9.2.1),cpp,Accepted,35.0,6684.0,2105,
s288224620,p02572,u782144261,1598729491,C++,C++ (GCC 9.2.1),cpp,Accepted,78.0,6424.0,2130,
s050804996,p02572,u629548179,1598729487,C++,C++ (GCC 9.2.1),cpp,Accepted,76.0,4048.0,600,
s717348722,p02572,u616516236,1598729484,C++,C++ (GCC 9.2.1),cpp,Accepted,36.0,5208.0,1293,
s141593693,p02572,u148049084,1598729484,C++,C++ (GCC 9.2.1),cpp,Accepted,34.0,6752.0,859,
s173080552,p02572,u629528095,1598729482,C++,C++ (GCC 9.2.1),cpp,Accepted,75.0,3628.0,629,
s928032392,p02572,u514118270,1598729481,Python,PyPy3 (7.3.0),py,Accepted,356.0,96636.0,575,
s710168281,p02572,u856636328,1598729481,Python,Python (3.8.2),py,Accepted,147.0,31588.0,151,
s294398327,p02572,u896379188,1598729481,C++,C++ (GCC 9.2.1),cpp,Accepted,33.0,8272.0,1183,
s869875263,p02572,u909752632,1598729473,C++,C++ (GCC 9.2.1),cpp,Accepted,72.0,5168.0,346,
s658444862,p02572,u983681697,1598729473,C++,C++ (GCC 9.2.1),cpp,Accepted,79.0,6712.0,438,
s108494777,p02572,u642823003,1598729473,Python,Python (3.8.2),py,Accepted,149.0,31604.0,186,
s645976536,p02572,u699296734,1598729473,Python,Python (3.8.2),py,Accepted,177.0,31756.0,227,
s527239323,p02572,u136029702,1598729472,C++,C++ (GCC 9.2.1),cpp,Accepted,76.0,4836.0,502,
s763914760,p02572,u947517859,1598729472,C++,C++ (GCC 9.2.1),cpp,Accepted,79.0,5364.0,2180,
s594636450,p02572,u606107557,1598729471,C++,C++ (GCC 9.2.1),cpp,Accepted,80.0,5184.0,1048,
s329815402,p02572,u514316530,1598729471,C++,C++ (GCC 9.2.1),cpp,Accepted,34.0,6744.0,1797,
s340506315,p02572,u695261159,1598729470,Python,PyPy3 (7.3.0),py,Accepted,135.0,94068.0,282,
s764803826,p02572,u703294404,1598729469,C++,C++ (GCC 9.2.1),cpp,Accepted,39.0,7936.0,2132,
s414812675,p02572,u282891549,1598729469,C++,C++ (GCC 9.2.1),cpp,Accepted,36.0,5168.0,1388,
s071794243,p02572,u185948224,1598729467,Python,Python (3.8.2),py,Accepted,221.0,31668.0,253,
s947340369,p02572,u631858281,1598729467,C++,C++ (GCC 9.2.1),cpp,Accepted,87.0,5192.0,1253,
s618245958,p02572,u002765126,1598729464,Python,PyPy3 (7.3.0),py,Accepted,124.0,100308.0,353,
s994200477,p02572,u460727588,1598729463,C++,C++ (GCC 9.2.1),cpp,Accepted,35.0,6704.0,491,
s127250370,p02572,u107597318,1598729462,C++,C++ (GCC 9.2.1),cpp,Accepted,36.0,6352.0,1133,
s237315138,p02572,u246366098,1598729462,C++,C++ (GCC 9.2.1),cpp,Accepted,78.0,4772.0,497,
s906606726,p02572,u496428172,1598729462,C++,C++ (GCC 9.2.1),cpp,Accepted,39.0,6780.0,1379,
s662718091,p02572,u935642171,1598729461,Python,PyPy3 (7.3.0),py,Accepted,129.0,94156.0,198,
s058581642,p02572,u813181671,1598729461,C++,C++ (GCC 9.2.1),cpp,Accepted,78.0,5112.0,410,
s951085891,p02572,u397944802,1598729460,C++,C++ (GCC 9.2.1),cpp,Accepted,36.0,5204.0,1842,
s256000904,p02572,u391763659,1598729460,Python,Python (3.8.2),py,Accepted,137.0,31436.0,201,
s725888434,p02572,u497883442,1598729460,C++,C++ (GCC 9.2.1),cpp,Accepted,79.0,6356.0,468,
s450112027,p02572,u086056891,1598729460,Python,Python (3.8.2),py,Accepted,173.0,31368.0,219,
s287295707,p02572,u159144188,1598729457,Python,Python (3.8.2),py,Accepted,141.0,31480.0,164,
s055447553,p02572,u121734488,1598729455,C++,C++ (GCC 9.2.1),cpp,Accepted,74.0,4828.0,1753,
s700766142,p02572,u562132933,1598729455,C++,C++ (GCC 9.2.1),cpp,Accepted,84.0,4836.0,380,
s101501721,p02572,u195822478,1598729453,C++,C++ (GCC 9.2.1),cpp,Accepted,77.0,4772.0,1173,
s805509151,p02572,u239087789,1598729452,C++,C++ (GCC 9.2.1),cpp,Accepted,73.0,6352.0,496,
s186367978,p02572,u758831502,1598729450,Python,PyPy3 (7.3.0),py,Accepted,117.0,94360.0,141,
s741464967,p02572,u291798164,1598729450,C++,C++ (GCC 9.2.1),cpp,Accepted,80.0,6700.0,462,
s187507239,p02572,u259046272,1598729448,C++,C++ (Clang 10.0.0),cpp,Accepted,155.0,5892.0,760,
s629247635,p02572,u719840207,1598729448,Python,Python (3.8.2),py,Accepted,132.0,31432.0,120,
s112204350,p02572,u923105140,1598729447,C++,C++ (GCC 9.2.1),cpp,Accepted,74.0,6376.0,2285,
s436346470,p02572,u097049097,1598729446,C++,C++ (GCC 9.2.1),cpp,Accepted,73.0,6740.0,5916,
s729948495,p02572,u554129261,1598729445,Python,PyPy3 (7.3.0),py,Accepted,118.0,94212.0,171,
s735958603,p02572,u652583512,1598729443,Python,PyPy3 (7.3.0),py,Accepted,119.0,94248.0,283,
s744712200,p02572,u465638326,1598729442,C++,C++ (GCC 9.2.1),cpp,Accepted,71.0,5144.0,386,
s832334989,p02572,u316603606,1598729441,Python,Python (3.8.2),py,Accepted,167.0,31544.0,178,
s454808965,p02572,u572271833,1598729440,Python,Python (3.8.2),py,Accepted,101.0,31748.0,153,
s233745228,p02572,u380352571,1598729436,C++,C++ (GCC 9.2.1),cpp,Accepted,40.0,11468.0,4651,
s862787005,p02572,u024794089,1598729436,C++,C++ (GCC 9.2.1),cpp,Accepted,42.0,6760.0,594,
s740938753,p02572,u145078501,1598729436,C++,C++ (GCC 9.2.1),cpp,Accepted,79.0,6936.0,705,
s254838801,p02572,u754435899,1598729435,C++,C++ (GCC 9.2.1),cpp,Accepted,74.0,4776.0,576,
s796100010,p02572,u392433498,1598729435,C++,C++ (GCC 9.2.1),cpp,Accepted,39.0,4780.0,1323,
s351267284,p02572,u459419927,1598729434,Python,Python (3.8.2),py,Accepted,131.0,31612.0,168,
s209712404,p02572,u106311097,1598729433,Python,Python (3.8.2),py,Accepted,178.0,33384.0,692,
s934647768,p02572,u966584145,1598729433,Python,PyPy3 (7.3.0),py,Accepted,125.0,104920.0,185,
s852547812,p02572,u565761178,1598729433,Python,Python (3.8.2),py,Accepted,136.0,31436.0,145,
s361336745,p02572,u024383312,1598729433,Python,Python (3.8.2),py,Accepted,108.0,32632.0,328,
s369340361,p02572,u393253137,1598729432,Python,Python (3.8.2),py,Accepted,174.0,31600.0,200,
s160614885,p02572,u038216098,1598729431,Python,Python (3.8.2),py,Accepted,134.0,31616.0,133,
s199511857,p02572,u741579801,1598729430,Python,Python (3.8.2),py,Accepted,133.0,31756.0,307,
s806836417,p02572,u330518333,1598729429,C++,C++ (GCC 9.2.1),cpp,Accepted,78.0,6420.0,1140,
s122168554,p02572,u089668660,1598729427,C++,C++ (GCC 9.2.1),cpp,Accepted,127.0,96816.0,22480,
s634612387,p02572,u432453907,1598729423,Python,Python (3.8.2),py,Accepted,153.0,31416.0,172,
s231133960,p02572,u321875637,1598729420,C++,C++ (GCC 9.2.1),cpp,Accepted,38.0,4424.0,2057,
s387229649,p02572,u086138398,1598729420,Python,Python (3.8.2),py,Accepted,104.0,31604.0,152,
s134339476,p02572,u063871883,1598729418,C++,C++ (GCC 9.2.1),cpp,Accepted,81.0,6716.0,372,
s605463164,p02572,u439885331,1598729417,C++,C++ (GCC 9.2.1),cpp,Accepted,38.0,6372.0,1912,
s458294859,p02572,u884587339,1598729416,C++,C++ (GCC 9.2.1),cpp,Accepted,36.0,5204.0,830,
s911816123,p02572,u057362336,1598729416,Python,Python (3.8.2),py,Accepted,144.0,31556.0,170,
s108996565,p02572,u167931717,1598729414,C++,C++ (GCC 9.2.1),cpp,Accepted,38.0,5332.0,6433,
s231138405,p02572,u162246443,1598729414,C++,C++ (GCC 9.2.1),cpp,Accepted,78.0,5156.0,340,
s679325916,p02572,u435019079,1598729413,C++,C++ (GCC 9.2.1),cpp,Accepted,71.0,5624.0,545,
s414101805,p02572,u161164709,1598729411,Python,Python (3.8.2),py,Accepted,179.0,31680.0,262,
s562787048,p02572,u405612058,1598729411,C++,C++ (GCC 9.2.1),cpp,Accepted,75.0,4832.0,679,
s427871645,p02572,u001769145,1598729408,Python,PyPy3 (7.3.0),py,Accepted,130.0,93568.0,389,
s869200491,p02572,u020239256,1598729404,C++,C++ (GCC 9.2.1),cpp,Accepted,82.0,4772.0,509,
s916533382,p02572,u422158754,1598729400,C++,C++ (GCC 9.2.1),cpp,Accepted,83.0,6416.0,1244,
s985316294,p02572,u814715203,1598729400,C++,C++ (GCC 9.2.1),cpp,Accepted,81.0,6416.0,2484,
s135691678,p02572,u115574535,1598729399,C++,C++ (GCC 9.2.1),cpp,Accepted,37.0,5176.0,2461,
s070235981,p02572,u605901675,1598729398,C++,C++ (GCC 9.2.1),cpp,Accepted,83.0,6428.0,764,
s702417424,p02572,u435480265,1598729398,Python,Python (3.8.2),py,Accepted,176.0,31564.0,188,
s321159631,p02572,u928817789,1598729397,C++,C++ (GCC 9.2.1),cpp,Accepted,40.0,6332.0,1311,
s769242804,p02572,u960080897,1598729397,Python,Python (3.8.2),py,Accepted,132.0,33036.0,1253,
s468376519,p02572,u161970340,1598729395,C++,C++ (GCC 9.2.1),cpp,Accepted,76.0,6756.0,673,
s782714964,p02572,u423966555,1598729395,Python,Python (3.8.2),py,Accepted,155.0,31620.0,194,
s285151783,p02572,u171336585,1598729394,C++,C++ (GCC 9.2.1),cpp,Accepted,77.0,4048.0,530,
s238717134,p02572,u452341072,1598729394,C++,C++ (GCC 9.2.1),cpp,Accepted,76.0,4420.0,459,
s296790769,p02572,u886771373,1598729392,C++,C++ (GCC 9.2.1),cpp,Accepted,72.0,5928.0,780,
s185905719,p02572,u325956328,1598729391,Python,Python (3.8.2),py,Accepted,163.0,30956.0,412,
s268374669,p02572,u852862907,1598729391,C++,C++ (GCC 9.2.1),cpp,Accepted,90.0,6416.0,1759,
s958273134,p02572,u247442310,1598729391,Python,PyPy3 (7.3.0),py,Accepted,129.0,103404.0,224,
s934230876,p02572,u925478083,1598729391,C++,C++ (GCC 9.2.1),cpp,Accepted,77.0,4900.0,2555,
s673056850,p02572,u181648639,1598729390,C++,C++ (GCC 9.2.1),cpp,Accepted,37.0,4748.0,543,
s892510332,p02572,u299720910,1598729390,C++,C++ (GCC 9.2.1),cpp,Accepted,34.0,6756.0,595,
s011855489,p02572,u977422582,1598729390,Python,Python (3.8.2),py,Accepted,128.0,31748.0,132,
s909992125,p02572,u300866293,1598729389,C++,C++ (GCC 9.2.1),cpp,Accepted,75.0,6416.0,1312,
s858572606,p02572,u579054306,1598729389,C++,C++ (GCC 9.2.1),cpp,Accepted,74.0,4800.0,685,
s612068146,p02572,u524328258,1598729388,C++,C++ (GCC 9.2.1),cpp,Accepted,73.0,5184.0,462,
s485926030,p02572,u202581681,1598729387,C++,C++ (GCC 9.2.1),cpp,Accepted,75.0,5124.0,1741,
s672811273,p02572,u298620933,1598729386,C++,C++ (GCC 9.2.1),cpp,Accepted,83.0,4788.0,959,
s360715372,p02572,u902387200,1598729386,C++,C++ (GCC 9.2.1),cpp,Accepted,80.0,6420.0,547,
s124359752,p02572,u903567675,1598729386,C++,C++ (GCC 9.2.1),cpp,Accepted,83.0,5232.0,592,
s937912634,p02572,u524981247,1598729385,C++,C++ (GCC 9.2.1),cpp,Accepted,44.0,4776.0,1192,
s311574053,p02572,u637220270,1598729385,C++,C++ (GCC 9.2.1),cpp,Accepted,77.0,6408.0,676,
s486415128,p02572,u771089154,1598729385,C++,C++ (GCC 9.2.1),cpp,Accepted,63.0,6736.0,2731,
s143499155,p02572,u154027824,1598729384,C++,C++ (GCC 9.2.1),cpp,Accepted,74.0,5160.0,1106,
s895410194,p02572,u599568485,1598729384,C++,C++ (GCC 9.2.1),cpp,Accepted,79.0,4784.0,382,
s034058433,p02572,u670567845,1598729383,Python,Python (3.8.2),py,Accepted,152.0,31608.0,157,
s949449758,p02572,u128215015,1598729382,C++,C++ (GCC 9.2.1),cpp,Accepted,75.0,5188.0,613,
s895217571,p02572,u003157425,1598729382,C++,C++ (GCC 9.2.1),cpp,Accepted,37.0,6776.0,5058,
s193686483,p02572,u917382715,1598729382,C++,C++ (GCC 9.2.1),cpp,Accepted,74.0,4796.0,588,
s628012859,p02572,u716314620,1598729380,C++,C++ (GCC 9.2.1),cpp,Accepted,80.0,6764.0,1025,
s791809315,p02572,u629764303,1598729378,C++,C++ (GCC 9.2.1),cpp,Accepted,34.0,6360.0,632,
s095145586,p02572,u608178601,1598729378,Python,PyPy3 (7.3.0),py,Accepted,137.0,94260.0,153,
s965708935,p02572,u833944274,1598729377,C++,C++ (GCC 9.2.1),cpp,Accepted,75.0,4040.0,429,
s234528724,p02572,u386318784,1598729377,C++,C++ (GCC 9.2.1),cpp,Accepted,76.0,6700.0,391,
s505652791,p02572,u912725081,1598729376,C++,C++ (GCC 9.2.1),cpp,Accepted,37.0,4756.0,1284,
s081752326,p02572,u290886932,1598729375,Python,Python (3.8.2),py,Accepted,196.0,31572.0,213,
s778389789,p02572,u115966466,1598729374,C++,C++ (GCC 9.2.1),cpp,Accepted,38.0,6356.0,961,
s579274907,p02572,u675040086,1598729373,C++,C++ (GCC 9.2.1),cpp,Accepted,35.0,6360.0,839,
s968644397,p02572,u859341552,1598729373,C++,C++ (GCC 9.2.1),cpp,Accepted,80.0,6720.0,306,
s201219159,p02572,u136968995,1598729372,C++,C++ (GCC 9.2.1),cpp,Accepted,76.0,4780.0,792,
s038134092,p02572,u588800877,1598729371,C++,C++ (GCC 9.2.1),cpp,Accepted,36.0,5152.0,500,
s878722857,p02572,u675509234,1598729369,C++,C++ (GCC 9.2.1),cpp,Accepted,75.0,6764.0,484,
s081254990,p02572,u179778090,1598729368,C++,C++ (GCC 9.2.1),cpp,Accepted,86.0,6424.0,1943,
s811961814,p02572,u127755497,1598729367,C++,C++ (GCC 9.2.1),cpp,Accepted,75.0,6388.0,1312,
s818246039,p02572,u238288222,1598729367,C++,C++ (GCC 9.2.1),cpp,Accepted,35.0,4780.0,506,
s467585026,p02572,u883167571,1598729367,Python,PyPy3 (7.3.0),py,Accepted,137.0,95184.0,192,
s368954706,p02572,u481484055,1598729363,C++,C++ (GCC 9.2.1),cpp,Accepted,76.0,6356.0,421,
s105531956,p02572,u874786170,1598729363,C++,C++ (GCC 9.2.1),cpp,Accepted,72.0,5172.0,973,
s609697669,p02572,u323748756,1598729362,C++,C++ (GCC 9.2.1),cpp,Accepted,80.0,6416.0,2541,
s287969998,p02572,u994147425,1598729360,Python,Python (3.8.2),py,Accepted,211.0,31664.0,288,
s210358523,p02572,u613081015,1598729359,C++,C++ (GCC 9.2.1),cpp,Accepted,111.0,5188.0,1405,
s708717008,p02572,u459534977,1598729359,C++,C++ (GCC 9.2.1),cpp,Accepted,35.0,6776.0,817,
s653591572,p02572,u107091170,1598729359,C++,C++ (GCC 9.2.1),cpp,Accepted,77.0,6392.0,443,
s226744933,p02572,u568112499,1598729357,C++,C++ (GCC 9.2.1),cpp,Accepted,34.0,6696.0,5115,
s472869675,p02572,u272466449,1598729355,C++,C++ (GCC 9.2.1),cpp,Accepted,72.0,5192.0,332,
s957739468,p02572,u134607752,1598729355,C++,C++ (GCC 9.2.1),cpp,Accepted,27.0,3940.0,539,
s579560584,p02572,u934953801,1598729353,Python,Python (3.8.2),py,Accepted,138.0,31604.0,269,
s726118313,p02572,u221666951,1598729352,C++,C++ (GCC 9.2.1),cpp,Accepted,78.0,6712.0,386,
s935119884,p02572,u798361174,1598729352,C++,C++ (GCC 9.2.1),cpp,Accepted,79.0,5180.0,634,
s056177609,p02572,u598296382,1598729352,Python,PyPy3 (7.3.0),py,Accepted,129.0,105316.0,220,
s275747014,p02572,u321475483,1598729347,C++,C++ (GCC 9.2.1),cpp,Accepted,74.0,3628.0,388,
s525505955,p02572,u902151549,1598729347,Python,PyPy3 (7.3.0),py,Accepted,823.0,104580.0,8728,
s624428008,p02572,u257402864,1598729347,C++,C++ (GCC 9.2.1),cpp,Accepted,81.0,6428.0,688,
s649230738,p02572,u013513417,1598729346,Python,PyPy3 (7.3.0),py,Accepted,129.0,105212.0,257,
s130909751,p02572,u204897303,1598729346,C++,C++ (GCC 9.2.1),cpp,Accepted,75.0,3620.0,453,
s527545392,p02572,u226849101,1598729346,Python,Python (3.8.2),py,Accepted,212.0,31676.0,274,
s994694712,p02572,u341368129,1598729345,C++,C++ (GCC 9.2.1),cpp,Accepted,37.0,5260.0,3673,
s463914646,p02572,u770567389,1598729341,C++,C++ (GCC 9.2.1),cpp,Accepted,75.0,3620.0,702,
s023372249,p02572,u541032448,1598729340,C++,C++ (Clang 10.0.0),cpp,Accepted,168.0,4772.0,431,
s609397261,p02572,u045175539,1598729339,C++,C++ (GCC 9.2.1),cpp,Accepted,37.0,5356.0,1459,
s417019814,p02572,u032627078,1598729339,C++,C++ (GCC 9.2.1),cpp,Accepted,36.0,6360.0,3493,
s356435672,p02572,u699363791,1598729339,C++,C++ (GCC 9.2.1),cpp,Accepted,37.0,4772.0,2270,
s119991894,p02572,u127873832,1598729339,Python,Python (3.8.2),py,Accepted,176.0,31260.0,231,
s433763130,p02572,u414943482,1598729339,C++,C++ (GCC 9.2.1),cpp,Accepted,33.0,5548.0,522,
s289686079,p02572,u452374373,1598729337,C++,C++ (GCC 9.2.1),cpp,Accepted,79.0,6720.0,949,
s992756771,p02572,u000351359,1598729337,C++,C++ (GCC 9.2.1),cpp,Accepted,44.0,5396.0,1914,
s805574914,p02572,u626217906,1598729336,Python,PyPy3 (7.3.0),py,Accepted,131.0,96920.0,297,
s622745408,p02572,u884939188,1598729335,C++,C++ (GCC 9.2.1),cpp,Accepted,42.0,6736.0,819,
s516634787,p02572,u561297507,1598729335,C++,C++ (GCC 9.2.1),cpp,Accepted,36.0,6740.0,818,
s113395983,p02572,u279940417,1598729335,C++,C++ (GCC 9.2.1),cpp,Accepted,47.0,4712.0,930,
s959970104,p02572,u558926332,1598729334,C++,C++ (GCC 9.2.1),cpp,Accepted,79.0,4784.0,783,
s066115986,p02572,u547099897,1598729333,C++,C++ (GCC 9.2.1),cpp,Accepted,75.0,4748.0,784,
s554621132,p02572,u649769812,1598729333,Python,Python (3.8.2),py,Accepted,175.0,31748.0,253,
s648868176,p02572,u077013956,1598729332,Python,Python (3.8.2),py,Accepted,153.0,31436.0,187,
s816247157,p02572,u970348538,1598729332,Python,Python (3.8.2),py,Accepted,240.0,34356.0,223,
s119432216,p02572,u683769494,1598729330,C++,C++ (GCC 9.2.1),cpp,Accepted,35.0,6352.0,1233,
s576684877,p02572,u519761526,1598729329,C++,C++ (GCC 9.2.1),cpp,Accepted,80.0,4832.0,1134,
s332348358,p02572,u702635077,1598729329,C++,C++ (GCC 9.2.1),cpp,Accepted,35.0,5212.0,742,
s512523197,p02572,u228232845,1598729328,Python,Python (3.8.2),py,Accepted,143.0,30960.0,486,
s839458477,p02572,u216015528,1598729328,Python,PyPy3 (7.3.0),py,Accepted,137.0,102140.0,335,
s664652858,p02572,u620312182,1598729326,C++,C++ (GCC 9.2.1),cpp,Accepted,78.0,4800.0,827,
s983597060,p02572,u176464463,1598729326,C++,C++ (GCC 9.2.1),cpp,Accepted,38.0,4784.0,2540,
s923075276,p02572,u825161822,1598729325,Python,Python (3.8.2),py,Accepted,144.0,31600.0,140,
s966248248,p02572,u920977317,1598729324,Python,PyPy3 (7.3.0),py,Accepted,137.0,94104.0,287,
s629021465,p02572,u627211091,1598729324,Python,PyPy3 (7.3.0),py,Accepted,116.0,104336.0,562,
s660124366,p02572,u492447501,1598729324,C++,C++ (Clang 10.0.0),cpp,Accepted,167.0,6052.0,2272,
s459899825,p02572,u054825571,1598729324,Python,PyPy3 (7.3.0),py,Accepted,136.0,94332.0,152,
s861144776,p02572,u858929490,1598729322,C++,C++ (GCC 9.2.1),cpp,Accepted,36.0,6280.0,1576,
s615483034,p02572,u458652149,1598729321,C++,C++ (GCC 9.2.1),cpp,Accepted,33.0,5152.0,854,
s299520252,p02572,u635172477,1598729320,C++,C++ (GCC 9.2.1),cpp,Accepted,37.0,4756.0,1157,
s429037432,p02572,u482982799,1598729315,C++,C++ (GCC 9.2.1),cpp,Accepted,74.0,4840.0,389,
s280223539,p02572,u036065030,1598729315,Python,Python (3.8.2),py,Accepted,162.0,31516.0,337,
s194449293,p02572,u900937596,1598729314,C++,C++ (GCC 9.2.1),cpp,Accepted,35.0,5208.0,713,
s045763624,p02572,u973972117,1598729314,Python,Python (3.8.2),py,Accepted,166.0,31552.0,217,
s088202983,p02572,u257571179,1598729313,C++,C++ (GCC 9.2.1),cpp,Accepted,45.0,5212.0,694,
s055000196,p02572,u185405877,1598729313,Python,Python (3.8.2),py,Accepted,120.0,31452.0,152,
s101976451,p02572,u141378465,1598729313,C++,C++ (GCC 9.2.1),cpp,Accepted,35.0,4428.0,3251,
s279463222,p02572,u250025421,1598729313,C++,C++ (GCC 9.2.1),cpp,Accepted,37.0,6656.0,2924,
s759265283,p02572,u277104886,1598729312,Python,PyPy3 (7.3.0),py,Accepted,141.0,102016.0,207,
s923341639,p02572,u576204689,1598729312,Python,Python (3.8.2),py,Accepted,202.0,31540.0,205,
s948472661,p02572,u251779460,1598729311,C++,C++ (GCC 9.2.1),cpp,Accepted,72.0,4800.0,1560,
s317894530,p02572,u309562711,1598729311,Python,Python (3.8.2),py,Accepted,126.0,31440.0,141,
s921412648,p02572,u423214530,1598729310,C++,C++ (GCC 9.2.1),cpp,Accepted,39.0,5212.0,504,
s117041411,p02572,u896791216,1598729309,Python,Python (3.8.2),py,Accepted,177.0,31440.0,290,
s706320770,p02572,u018808362,1598729308,Python,Python (3.8.2),py,Accepted,137.0,31440.0,131,
s315805736,p02572,u414376763,1598729307,Python,PyPy3 (7.3.0),py,Accepted,111.0,105208.0,272,
s939884844,p02572,u607106336,1598729307,C++,C++ (GCC 9.2.1),cpp,Accepted,38.0,4780.0,991,
s175242969,p02572,u909117373,1598729306,C++,C++ (GCC 9.2.1),cpp,Accepted,37.0,5220.0,2373,
s810642131,p02572,u988466682,1598729304,Python,Python (3.8.2),py,Accepted,154.0,31440.0,225,
s200711820,p02572,u608773191,1598729304,C++,C++ (GCC 9.2.1),cpp,Accepted,74.0,4900.0,2660,
s014995834,p02572,u130076114,1598729303,Python,Python (3.8.2),py,Accepted,164.0,31564.0,141,
s951934684,p02572,u521602455,1598729301,Python,Python (3.8.2),py,Accepted,188.0,31436.0,223,
s920671373,p02572,u409500992,1598729300,C++,C++ (GCC 9.2.1),cpp,Accepted,33.0,6724.0,1750,
s241929294,p02572,u913662443,1598729298,Python,Python (3.8.2),py,Accepted,149.0,31744.0,199,
s209877524,p02572,u692550512,1598729296,C++,C++ (GCC 9.2.1),cpp,Accepted,78.0,6388.0,430,
s147057834,p02572,u432853936,1598729295,Python,Python (3.8.2),py,Accepted,117.0,31536.0,161,
s679871269,p02572,u125468789,1598729295,C++,C++ (GCC 9.2.1),cpp,Accepted,78.0,5184.0,645,
s533706023,p02572,u332164023,1598729294,C++,C++ (GCC 9.2.1),cpp,Accepted,37.0,5212.0,926,
s592975717,p02572,u518085378,1598729294,Python,Python (3.8.2),py,Accepted,136.0,31380.0,181,
s082816863,p02572,u034797454,1598729294,C++,C++ (GCC 9.2.1),cpp,Accepted,39.0,6360.0,1020,
s995968638,p02572,u970242759,1598729293,C++,C++ (GCC 9.2.1),cpp,Accepted,43.0,6704.0,921,
s121379631,p02572,u132602393,1598729293,C++,C++ (GCC 9.2.1),cpp,Accepted,35.0,4444.0,3456,
s803302584,p02572,u565711859,1598729293,Python,PyPy3 (7.3.0),py,Accepted,125.0,93976.0,242,
s883213546,p02572,u502312544,1598729293,C++,C++ (GCC 9.2.1),cpp,Accepted,36.0,6360.0,3709,
s891297707,p02572,u614648826,1598729290,C++,C++ (GCC 9.2.1),cpp,Accepted,79.0,4840.0,478,
s848578093,p02572,u085927574,1598729289,C++,C++ (GCC 9.2.1),cpp,Accepted,77.0,4824.0,689,
s422291024,p02572,u414518538,1598729289,C++,C++ (GCC 9.2.1),cpp,Accepted,76.0,6748.0,588,
s615972552,p02572,u263078486,1598729289,C++,C++ (GCC 9.2.1),cpp,Accepted,80.0,6756.0,357,
s645986697,p02572,u446877391,1598729289,C++,C++ (GCC 9.2.1),cpp,Accepted,46.0,6764.0,1176,
s897495193,p02572,u834714395,1598729288,C++,C++ (GCC 9.2.1),cpp,Accepted,73.0,4812.0,548,
s151275659,p02572,u102842945,1598729285,C++,C++ (GCC 9.2.1),cpp,Accepted,34.0,5212.0,634,
s506882744,p02572,u704411633,1598729284,C++,C++ (GCC 9.2.1),cpp,Accepted,78.0,6368.0,851,
s696898224,p02572,u870575557,1598729284,Python,Python (3.8.2),py,Accepted,164.0,31496.0,198,
s253261066,p02572,u437083392,1598729283,C++,C++ (GCC 9.2.1),cpp,Accepted,82.0,5176.0,428,
s064307020,p02572,u595289165,1598729282,Python,Python (3.8.2),py,Accepted,226.0,31516.0,227,
s078245094,p02572,u556274100,1598729281,C++,C++ (GCC 9.2.1),cpp,Accepted,36.0,4764.0,1223,
s096696270,p02572,u059940903,1598729280,Python,PyPy3 (7.3.0),py,Accepted,130.0,94208.0,177,
s576171141,p02572,u257062721,1598729280,C++,C++ (GCC 9.2.1),cpp,Accepted,39.0,6756.0,1038,
s565344403,p02572,u563681808,1598729279,Python,Python (3.8.2),py,Accepted,189.0,33912.0,820,
s743485783,p02572,u059082716,1598729279,C++,C++ (GCC 9.2.1),cpp,Accepted,38.0,4776.0,809,
s333437159,p02572,u432956306,1598729279,C++,C++ (GCC 9.2.1),cpp,Accepted,79.0,6424.0,525,
s785494304,p02572,u239653493,1598729279,Python,Python (3.8.2),py,Accepted,208.0,31568.0,250,
s946568729,p02572,u526630579,1598729278,C++,C++ (GCC 9.2.1),cpp,Accepted,77.0,4056.0,415,
s200718461,p02572,u058149584,1598729278,C++,C++ (Clang 10.0.0),cpp,Accepted,165.0,5940.0,953,
s968930093,p02572,u807394250,1598729276,C++,C++ (GCC 9.2.1),cpp,Accepted,80.0,6412.0,537,
s720359748,p02572,u578464015,1598729275,Python,PyPy3 (7.3.0),py,Accepted,149.0,100116.0,458,
s703899505,p02572,u727178041,1598729275,C++,C++ (GCC 9.2.1),cpp,Accepted,33.0,5148.0,963,
s239411101,p02572,u660918420,1598729274,C++,C++ (GCC 9.2.1),cpp,Accepted,73.0,3588.0,635,
s691994781,p02572,u906832993,1598729273,C++,C++ (GCC 9.2.1),cpp,Accepted,74.0,6724.0,644,
s899925669,p02572,u997641430,1598729273,Python,Python (3.8.2),py,Accepted,136.0,31480.0,184,
s182275398,p02572,u060336210,1598729273,C++,C++ (GCC 9.2.1),cpp,Accepted,79.0,5160.0,359,
s484740204,p02572,u385309449,1598729272,Python,PyPy3 (7.3.0),py,Accepted,134.0,94156.0,148,
s260573359,p02572,u264395947,1598729271,Python,Python (3.8.2),py,Accepted,181.0,31488.0,230,
s908445672,p02572,u933341648,1598729271,Python,Python (3.8.2),py,Accepted,138.0,31440.0,303,
s741910414,p02572,u139235669,1598729268,C++,C++ (GCC 9.2.1),cpp,Accepted,82.0,6348.0,5020,
s855271971,p02572,u214245159,1598729268,C++,C++ (Clang 10.0.0),cpp,Accepted,189.0,4364.0,1444,
s984873298,p02572,u066174722,1598729267,C++,C++ (GCC 9.2.1),cpp,Accepted,36.0,6692.0,379,
s042041463,p02572,u678505520,1598729267,Python,Python (3.8.2),py,Accepted,136.0,31608.0,158,
s185712268,p02572,u224254958,1598729265,C++,C++ (Clang 10.0.0),cpp,Accepted,40.0,6348.0,446,
s564778578,p02572,u345621867,1598729265,Python,Python (3.8.2),py,Accepted,124.0,31560.0,145,
s708241619,p02572,u311808702,1598729265,C++,C++ (GCC 9.2.1),cpp,Accepted,42.0,6664.0,1407,
s102341316,p02572,u967442619,1598729265,Python,PyPy3 (7.3.0),py,Accepted,112.0,94200.0,575,
s527219877,p02572,u408071652,1598729264,Python,PyPy3 (7.3.0),py,Accepted,119.0,94180.0,351,
s421891580,p02572,u216365880,1598729264,C++,C++ (GCC 9.2.1),cpp,Accepted,68.0,3632.0,519,
s101507227,p02572,u630415528,1598729260,C++,C++ (GCC 9.2.1),cpp,Accepted,79.0,6412.0,514,
s117411341,p02572,u058007948,1598729258,Python,Python (3.8.2),py,Accepted,120.0,31440.0,206,
s900371948,p02572,u399527088,1598729256,C++,C++ (GCC 9.2.1),cpp,Accepted,35.0,3656.0,3116,
s283276473,p02572,u032955959,1598729256,Python,Python (3.8.2),py,Accepted,181.0,31580.0,254,
s999457671,p02572,u652660628,1598729255,C++,C++ (GCC 9.2.1),cpp,Accepted,77.0,6420.0,1448,
s232961915,p02572,u497952650,1598729254,Python,Python (3.8.2),py,Accepted,241.0,31660.0,216,
s500184150,p02572,u539639881,1598729254,Python,PyPy3 (7.3.0),py,Accepted,115.0,105240.0,296,
s850627479,p02572,u873759634,1598729253,C++,C++ (GCC 9.2.1),cpp,Accepted,43.0,6820.0,566,
s985483863,p02572,u095974914,1598729253,C++,C++ (GCC 9.2.1),cpp,Accepted,35.0,5192.0,981,
s974861066,p02572,u987194126,1598729253,C++,C++ (GCC 9.2.1),cpp,Accepted,79.0,3632.0,548,
s860983174,p02572,u915879510,1598729252,Python,Python (3.8.2),py,Accepted,249.0,51400.0,782,
s457783536,p02572,u710223201,1598729251,C++,C++ (GCC 9.2.1),cpp,Accepted,81.0,6696.0,372,
s570201382,p02572,u075314116,1598729251,C++,C++ (GCC 9.2.1),cpp,Accepted,39.0,5204.0,779,
s240174131,p02572,u458354118,1598729250,C++,C++ (GCC 9.2.1),cpp,Accepted,38.0,4760.0,1579,
s548942767,p02572,u545602989,1598729249,C++,C++ (GCC 9.2.1),cpp,Accepted,81.0,6668.0,479,
s366887257,p02572,u867539710,1598729248,Python,Python (3.8.2),py,Accepted,155.0,31620.0,216,
s714704507,p02572,u816116805,1598729245,Python,PyPy3 (7.3.0),py,Accepted,130.0,106096.0,601,
s153307874,p02572,u422726351,1598729244,C++,C++ (GCC 9.2.1),cpp,Accepted,84.0,20796.0,576,
s963896390,p02572,u787876548,1598729244,C++,C++ (GCC 9.2.1),cpp,Accepted,87.0,5620.0,1686,
s140111099,p02572,u842917248,1598729243,C++,C++ (GCC 9.2.1),cpp,Accepted,40.0,6320.0,4622,
s407308242,p02572,u559250296,1598729243,Python,Python (3.8.2),py,Accepted,134.0,31468.0,170,
s361754877,p02572,u657994700,1598729241,Python,Python (3.8.2),py,Accepted,184.0,31576.0,311,
s885136110,p02572,u539969758,1598729240,Python,Python (3.8.2),py,Accepted,172.0,31608.0,264,
s337364532,p02572,u910632349,1598729239,Python,Python (3.8.2),py,Accepted,144.0,31752.0,127,
s621203385,p02572,u098364943,1598729237,Python,Python (3.8.2),py,Accepted,165.0,31532.0,207,
s401979831,p02572,u872581897,1598729237,C++,C++ (GCC 9.2.1),cpp,Accepted,75.0,6752.0,517,
s403984168,p02572,u342809635,1598729236,C++,C++ (GCC 9.2.1),cpp,Accepted,54.0,6344.0,1317,
s440922442,p02572,u189023301,1598729236,Python,Python (3.8.2),py,Accepted,181.0,31756.0,241,
s674590293,p02572,u221061152,1598729235,Python,Python (3.8.2),py,Accepted,158.0,31436.0,198,
s635913470,p02572,u483858028,1598729235,Python,PyPy3 (7.3.0),py,Accepted,130.0,94160.0,244,
s217329739,p02572,u929453447,1598729234,C++,C++ (GCC 9.2.1),cpp,Accepted,46.0,6884.0,393,
s939030455,p02572,u014321021,1598729234,C++,C++ (GCC 9.2.1),cpp,Accepted,80.0,5180.0,357,
s235340495,p02572,u050087249,1598729233,C++,C++ (GCC 9.2.1),cpp,Accepted,81.0,6368.0,999,
s212156132,p02572,u661308718,1598729233,C++,C++ (GCC 9.2.1),cpp,Accepted,74.0,4776.0,325,
s588099879,p02572,u271618660,1598729232,C++,C++ (GCC 9.2.1),cpp,Accepted,36.0,6928.0,1630,
s253170486,p02572,u301260880,1598729232,C++,C++ (GCC 9.2.1),cpp,Accepted,52.0,6896.0,495,
s620871476,p02572,u221780420,1598729231,C++,C++ (GCC 9.2.1),cpp,Accepted,77.0,6328.0,851,
s075432149,p02572,u743383679,1598729231,Python,Python (3.8.2),py,Accepted,127.0,31716.0,193,
s380713172,p02572,u961059809,1598729230,Python,Python (3.8.2),py,Accepted,172.0,31440.0,180,
s348497938,p02572,u403552126,1598729230,C++,C++ (GCC 9.2.1),cpp,Accepted,44.0,6736.0,1345,
s025172498,p02572,u307516601,1598729230,Python,Python (3.8.2),py,Accepted,173.0,31608.0,490,
s212837548,p02572,u674347990,1598729230,C++,C++ (GCC 9.2.1),cpp,Accepted,77.0,5356.0,611,
s609260853,p02572,u347579043,1598729229,C++,C++ (GCC 9.2.1),cpp,Accepted,77.0,5636.0,504,
s074270349,p02572,u190616335,1598729229,Python,Python (3.8.2),py,Accepted,212.0,31744.0,396,
s050528706,p02572,u419963262,1598729229,Python,PyPy3 (7.3.0),py,Accepted,117.0,94260.0,165,
s493694332,p02572,u049095189,1598729228,C++,C++ (GCC 9.2.1),cpp,Accepted,40.0,3716.0,2964,
s672416242,p02572,u058186113,1598729228,C++,C++ (GCC 9.2.1),cpp,Accepted,74.0,3628.0,457,
s807579360,p02572,u895408600,1598729227,Python,Python (3.8.2),py,Accepted,148.0,31552.0,177,
s039343512,p02572,u704629282,1598729227,C++,C++ (GCC 9.2.1),cpp,Accepted,74.0,4796.0,561,
s408085859,p02572,u846922835,1598729227,Python,Python (3.8.2),py,Accepted,180.0,31548.0,256,
s808132596,p02572,u250061066,1598729226,Python,Python (3.8.2),py,Accepted,137.0,31400.0,179,
s254543764,p02572,u188226132,1598729226,Python,Python (3.8.2),py,Accepted,192.0,31540.0,252,
s946040938,p02572,u238930677,1598729224,C++,C++ (GCC 9.2.1),cpp,Accepted,41.0,6724.0,449,
s164026880,p02572,u363005934,1598729224,C++,C++ (GCC 9.2.1),cpp,Accepted,77.0,4796.0,2597,
s865644610,p02572,u220781834,1598729222,C++,C++ (GCC 9.2.1),cpp,Accepted,75.0,4832.0,477,
s669701503,p02572,u690583951,1598729221,C++,C++ (GCC 9.2.1),cpp,Accepted,37.0,6776.0,982,
s400601294,p02572,u277394423,1598729221,C++,C++ (GCC 9.2.1),cpp,Accepted,37.0,5172.0,2369,
s837179638,p02572,u153615137,1598729220,C++,C++ (GCC 9.2.1),cpp,Accepted,75.0,6692.0,504,
s427640016,p02572,u805332733,1598729220,Python,PyPy3 (7.3.0),py,Accepted,122.0,98704.0,459,
s893470980,p02572,u127364468,1598729220,C++,C++ (GCC 9.2.1),cpp,Accepted,75.0,5196.0,617,
s481000752,p02572,u874842623,1598729219,C++,C++ (GCC 9.2.1),cpp,Accepted,38.0,3640.0,861,
s771064014,p02572,u133719418,1598729218,C++,C++ (GCC 9.2.1),cpp,Accepted,210.0,239208.0,1539,
s410037133,p02572,u780236795,1598729215,C++,C++ (GCC 9.2.1),cpp,Accepted,34.0,4788.0,803,
s392002946,p02572,u657703667,1598729213,C++,C++ (GCC 9.2.1),cpp,Accepted,34.0,4728.0,640,
s090224182,p02572,u283869437,1598729213,C++,C++ (GCC 9.2.1),cpp,Accepted,34.0,3700.0,12552,
s565423587,p02572,u654720856,1598729212,Python,PyPy3 (7.3.0),py,Accepted,122.0,94092.0,176,
s941686447,p02572,u233690053,1598729211,C++,C++ (GCC 9.2.1),cpp,Accepted,37.0,6756.0,588,
s371795076,p02572,u927078824,1598729210,Python,PyPy3 (7.3.0),py,Accepted,106.0,91876.0,360,
s446824667,p02572,u714014714,1598729210,C++,C++ (GCC 9.2.1),cpp,Accepted,79.0,5136.0,486,
s031082721,p02572,u726258156,1598729209,C++,C++ (GCC 9.2.1),cpp,Accepted,75.0,6736.0,636,
s405865342,p02572,u402717316,1598729209,C++,C++ (GCC 9.2.1),cpp,Accepted,83.0,6424.0,661,
s907860533,p02572,u029056424,1598729208,Python,PyPy3 (7.3.0),py,Accepted,124.0,101568.0,374,
s936431004,p02572,u161693347,1598729208,Python,Python (3.8.2),py,Accepted,160.0,32668.0,1029,
s110870866,p02572,u829260400,1598729207,C++,C++ (GCC 9.2.1),cpp,Accepted,72.0,6348.0,2020,
s097577082,p02572,u907414670,1598729206,Python,PyPy3 (7.3.0),py,Accepted,122.0,94184.0,158,
s327328036,p02572,u961059809,1598729206,Python,Python (3.8.2),py,Accepted,170.0,31680.0,180,
s161875436,p02572,u732061897,1598729206,Python,Python (3.8.2),py,Accepted,193.0,31552.0,283,
s399763825,p02572,u406492455,1598729205,Python,Python (3.8.2),py,Accepted,183.0,31308.0,261,
s697286493,p02572,u477837488,1598729204,Python,Python (3.8.2),py,Accepted,136.0,31388.0,184,
s827864189,p02572,u379947938,1598729203,C++,C++ (GCC 9.2.1),cpp,Accepted,37.0,7928.0,4717,
s738103585,p02572,u552058878,1598729203,C++,C++ (GCC 9.2.1),cpp,Accepted,78.0,6372.0,624,
s823559689,p02572,u709598198,1598729202,C++,C++ (GCC 9.2.1),cpp,Accepted,84.0,4772.0,619,
s680212053,p02572,u142032032,1598729201,C++,C++ (GCC 9.2.1),cpp,Accepted,77.0,4844.0,1056,
s042560545,p02572,u123825046,1598729201,C++,C++ (GCC 9.2.1),cpp,Accepted,76.0,5152.0,390,
s162779649,p02572,u663059718,1598729200,C++,C++ (GCC 9.2.1),cpp,Accepted,36.0,6760.0,1566,
s914152453,p02572,u799939777,1598729199,C++,C++ (GCC 9.2.1),cpp,Accepted,79.0,4764.0,1711,
s503407252,p02572,u756464404,1598729199,Python,Python (3.8.2),py,Accepted,103.0,31568.0,208,
s051333803,p02572,u495881622,1598729197,C++,C++ (GCC 9.2.1),cpp,Accepted,91.0,7988.0,2021,
s118093902,p02572,u769053979,1598729197,C++,C++ (GCC 9.2.1),cpp,Accepted,36.0,5120.0,1321,
s286233488,p02572,u902619368,1598729196,C++,C++ (GCC 9.2.1),cpp,Accepted,78.0,4776.0,763,
s378459942,p02572,u627803856,1598729196,Python,PyPy3 (7.3.0),py,Accepted,120.0,94140.0,180,
s257492409,p02572,u544587633,1598729196,Python,PyPy3 (7.3.0),py,Accepted,150.0,108560.0,801,
s829655279,p02572,u465101448,1598729195,Python,Python (3.8.2),py,Accepted,231.0,31436.0,306,
s743636362,p02572,u524355841,1598729194,C++,C++ (GCC 9.2.1),cpp,Accepted,39.0,5172.0,1103,
s996437428,p02572,u306033313,1598729194,Python,Python (3.8.2),py,Accepted,190.0,31560.0,187,
s879945178,p02572,u313994303,1598729193,C++,C++ (GCC 9.2.1),cpp,Accepted,37.0,6356.0,1373,
s436947759,p02572,u473023730,1598729190,C++,C++ (GCC 9.2.1),cpp,Accepted,82.0,6424.0,1915,
s514073619,p02572,u553159739,1598729189,C++,C++ (GCC 9.2.1),cpp,Accepted,73.0,3980.0,331,
s615327363,p02572,u576335153,1598729187,Python,Python (3.8.2),py,Accepted,159.0,31608.0,173,
s622434167,p02572,u771538568,1598729186,Python,Python (3.8.2),py,Accepted,196.0,31540.0,188,
s300125031,p02572,u006292466,1598729186,C++,C++ (GCC 9.2.1),cpp,Accepted,38.0,6308.0,756,
s027091168,p02572,u319965179,1598729186,C++,C++ (GCC 9.2.1),cpp,Accepted,75.0,4836.0,325,
s452735747,p02572,u987474395,1598729185,C++,C++ (GCC 9.2.1),cpp,Accepted,42.0,5352.0,911,
s985375584,p02572,u060999774,1598729185,C++,C++ (GCC 9.2.1),cpp,Accepted,40.0,6712.0,911,
s279268800,p02572,u266059249,1598729185,C++,C++ (GCC 9.2.1),cpp,Accepted,38.0,4752.0,1738,
s115421463,p02572,u695079172,1598729184,Python,Python (3.8.2),py,Accepted,146.0,31576.0,598,
s440424090,p02572,u456070059,1598729182,C++,C++ (GCC 9.2.1),cpp,Accepted,77.0,4048.0,474,
s756418122,p02572,u801916231,1598729181,C++,C++ (GCC 9.2.1),cpp,Accepted,73.0,6420.0,425,
s136252799,p02572,u446774692,1598729180,C++,C++ (GCC 9.2.1),cpp,Accepted,72.0,6368.0,574,
s791248723,p02572,u826986938,1598729178,C++,C++ (GCC 9.2.1),cpp,Accepted,80.0,5144.0,469,
s701918538,p02572,u805869577,1598729176,C++,C++ (GCC 9.2.1),cpp,Accepted,33.0,4784.0,1020,
s195857963,p02572,u515328251,1598729175,C++,C++ (GCC 9.2.1),cpp,Accepted,43.0,6360.0,2275,
s915321494,p02572,u064544517,1598729175,C++,C++ (GCC 9.2.1),cpp,Accepted,36.0,6772.0,1268,
s696741033,p02572,u386944085,1598729175,Python,Python (3.8.2),py,Accepted,150.0,31744.0,136,
s749313626,p02572,u116523315,1598729175,C++,C++ (GCC 9.2.1),cpp,Accepted,81.0,6416.0,710,
s037979437,p02572,u830588156,1598729174,Python,Python (3.8.2),py,Accepted,162.0,31916.0,330,
s639912006,p02572,u260525363,1598729173,C++,C++ (GCC 9.2.1),cpp,Accepted,81.0,5632.0,503,
s255747332,p02572,u071360860,1598729172,Python,Python (3.8.2),py,Accepted,144.0,31440.0,176,
s355642736,p02572,u047452604,1598729172,C++,C++ (GCC 9.2.1),cpp,Accepted,82.0,6424.0,515,
s352643912,p02572,u002847662,1598729172,C++,C++ (GCC 9.2.1),cpp,Accepted,84.0,6748.0,512,
s782767962,p02572,u135572611,1598729172,C++,C++ (GCC 9.2.1),cpp,Accepted,36.0,6364.0,4955,
s905486900,p02572,u966207392,1598729171,Python,Python (3.8.2),py,Accepted,138.0,31548.0,148,
s092903691,p02572,u536017058,1598729171,Python,PyPy3 (7.3.0),py,Accepted,129.0,94208.0,199,
s028437147,p02572,u742729271,1598729171,Python,Python (3.8.2),py,Accepted,134.0,31640.0,152,
s581278928,p02572,u222643545,1598729170,C++,C++ (GCC 9.2.1),cpp,Accepted,71.0,5132.0,1451,
s907595061,p02572,u094534261,1598729170,Python,PyPy3 (7.3.0),py,Accepted,118.0,105204.0,168,
s701582207,p02572,u395252999,1598729169,Python,PyPy3 (7.3.0),py,Accepted,120.0,94116.0,394,
s987917182,p02572,u750651325,1598729169,Python,Python (3.8.2),py,Accepted,153.0,32684.0,707,
s467097472,p02572,u038408819,1598729168,Python,Python (3.8.2),py,Accepted,159.0,31620.0,240,
s998164875,p02572,u490601354,1598729168,C++,C++ (GCC 9.2.1),cpp,Accepted,84.0,9836.0,551,
s674107233,p02572,u888040648,1598729167,C++,C++ (GCC 9.2.1),cpp,Accepted,31.0,6292.0,774,
s337563345,p02572,u519821292,1598729167,C++,C++ (GCC 9.2.1),cpp,Accepted,81.0,5192.0,1090,
s359260620,p02572,u744034042,1598729166,Python,PyPy3 (7.3.0),py,Accepted,110.0,93960.0,251,
s217185145,p02572,u440613652,1598729166,Python,Python (3.8.2),py,Accepted,174.0,32076.0,896,
s264016325,p02572,u902546797,1598729165,C++,C++ (GCC 9.2.1),cpp,Accepted,36.0,6756.0,627,
s681686017,p02572,u855388824,1598729164,C++,C++ (GCC 9.2.1),cpp,Accepted,75.0,6428.0,465,
s293136724,p02572,u179482705,1598729161,C++,C++ (Clang 10.0.0),cpp,Accepted,44.0,6352.0,621,
s581217378,p02572,u071868443,1598729160,Python,Python (3.8.2),py,Accepted,143.0,31436.0,170,
s148499166,p02572,u751395707,1598729157,C++,C++ (GCC 9.2.1),cpp,Accepted,78.0,5188.0,348,
s810903958,p02572,u397731446,1598729157,C++,C++ (GCC 9.2.1),cpp,Accepted,83.0,4840.0,523,
s828163855,p02572,u374051158,1598729156,C++,C++ (GCC 9.2.1),cpp,Accepted,37.0,6328.0,572,
s554737010,p02572,u841786065,1598729156,C++,C++ (GCC 9.2.1),cpp,Accepted,72.0,6412.0,588,
s631805021,p02572,u146803137,1598729156,Python,Python (3.8.2),py,Accepted,202.0,32068.0,1003,
s943624838,p02572,u372601756,1598729155,C++,C++ (GCC 9.2.1),cpp,Accepted,38.0,6372.0,1420,
s097866120,p02572,u133864042,1598729154,Python,Python (3.8.2),py,Accepted,141.0,31656.0,610,
s307982177,p02572,u765758367,1598729154,Python,Python (3.8.2),py,Accepted,154.0,31408.0,207,
s402093240,p02572,u682467216,1598729154,Python,Python (3.8.2),py,Accepted,250.0,46128.0,1467,
s667785019,p02572,u119996667,1598729154,C++,C++ (GCC 9.2.1),cpp,Accepted,37.0,6776.0,613,
s123838643,p02572,u974544467,1598729153,Python,PyPy3 (7.3.0),py,Accepted,111.0,94300.0,183,
s103749549,p02572,u665873062,1598729153,Python,Python (3.8.2),py,Accepted,131.0,31700.0,153,
s150588075,p02572,u701017915,1598729152,Python,PyPy3 (7.3.0),py,Accepted,690.0,95668.0,307,
s452377157,p02572,u127473726,1598729151,C++,C++ (GCC 9.2.1),cpp,Accepted,45.0,4852.0,679,
s468199042,p02572,u413369061,1598729151,Python,Python (3.8.2),py,Accepted,149.0,31432.0,158,
s178131340,p02572,u735460540,1598729151,Python,PyPy3 (7.3.0),py,Accepted,114.0,105204.0,202,
s152119994,p02572,u960997735,1598729147,C++,C++ (GCC 9.2.1),cpp,Accepted,74.0,5164.0,376,
s218983872,p02572,u170324846,1598729146,Python,PyPy3 (7.3.0),py,Accepted,115.0,94252.0,209,
s289449642,p02572,u392283934,1598729146,C++,C++ (GCC 9.2.1),cpp,Accepted,34.0,6308.0,3834,
s039897390,p02572,u618033734,1598729144,C++,C++ (GCC 9.2.1),cpp,Accepted,41.0,6760.0,521,
s855547165,p02572,u118340517,1598729143,C++,C++ (Clang 10.0.0),cpp,Accepted,232.0,5936.0,669,
s044334185,p02572,u369922103,1598729143,C++,C++ (GCC 9.2.1),cpp,Accepted,78.0,5148.0,916,
s714179899,p02572,u896918492,1598729142,C++,C++ (GCC 9.2.1),cpp,Accepted,35.0,6880.0,1686,
s057029130,p02572,u025150541,1598729141,C++,C++ (GCC 9.2.1),cpp,Accepted,43.0,7952.0,1110,
s237475192,p02572,u811817592,1598729140,Python,Python (3.8.2),py,Accepted,140.0,31428.0,241,
s108802860,p02572,u008586830,1598729140,Python,Python (3.8.2),py,Accepted,120.0,32412.0,1162,
s938047237,p02572,u131349711,1598729139,C++,C++ (GCC 9.2.1),cpp,Accepted,45.0,14260.0,1508,
s056786601,p02572,u568715100,1598729138,C++,C++ (GCC 9.2.1),cpp,Accepted,42.0,6344.0,2145,
s523240768,p02572,u958869885,1598729136,Python,PyPy3 (7.3.0),py,Accepted,116.0,94348.0,379,
s345893244,p02572,u696241422,1598729136,C++,C++ (GCC 9.2.1),cpp,Accepted,83.0,3672.0,2092,
s449406334,p02572,u678349090,1598729134,C++,C++ (GCC 9.2.1),cpp,Accepted,36.0,5176.0,1305,
s814553621,p02572,u760748346,1598729134,C++,C++ (GCC 9.2.1),cpp,Accepted,80.0,6776.0,516,
s762401984,p02572,u252160635,1598729132,Python,Python (3.8.2),py,Accepted,173.0,31532.0,189,
s420663399,p02572,u216374186,1598729131,C++,C++ (GCC 9.2.1),cpp,Accepted,78.0,5160.0,573,
s809833432,p02572,u308237681,1598729131,Python,Python (3.8.2),py,Accepted,163.0,31572.0,209,
s401194801,p02572,u517672978,1598729130,Python,Python (3.8.2),py,Accepted,203.0,31600.0,288,
s804272173,p02572,u414408848,1598729130,C++,C++ (GCC 9.2.1),cpp,Accepted,76.0,6748.0,344,
s453778475,p02572,u849445992,1598729129,C++,C++ (GCC 9.2.1),cpp,Accepted,76.0,3616.0,649,
s295913125,p02572,u288395092,1598729128,C++,C++ (GCC 9.2.1),cpp,Accepted,75.0,6284.0,718,
s362225368,p02572,u005517181,1598729128,Python,Python (3.8.2),py,Accepted,155.0,31556.0,152,
s977631829,p02572,u764956288,1598729125,Python,Python (3.8.2),py,Accepted,151.0,31716.0,639,
s039931477,p02572,u588271875,1598729124,C++,C++ (GCC 9.2.1),cpp,Accepted,39.0,5212.0,2382,
s959107403,p02572,u030246664,1598729124,C++,C++ (GCC 9.2.1),cpp,Accepted,76.0,4840.0,421,
s053621808,p02572,u047864518,1598729124,C++,C++ (GCC 9.2.1),cpp,Accepted,32.0,5168.0,703,
s880044163,p02572,u102380284,1598729124,C++,C++ (GCC 9.2.1),cpp,Accepted,45.0,6880.0,875,
s340326165,p02572,u607884285,1598729124,Python,Python (3.8.2),py,Accepted,153.0,31616.0,149,
s241725408,p02572,u893031188,1598729123,C++,C++ (GCC 9.2.1),cpp,Accepted,39.0,6888.0,523,
s787907812,p02572,u591663963,1598729122,C++,C++ (GCC 9.2.1),cpp,Accepted,36.0,6764.0,552,
s803794009,p02572,u864551836,1598729120,Python,PyPy3 (7.3.0),py,Accepted,116.0,102088.0,230,
s189078803,p02572,u613257416,1598729120,C++,C++ (GCC 9.2.1),cpp,Accepted,76.0,5552.0,3423,
s666207523,p02572,u343977188,1598729119,Python,Python (3.8.2),py,Accepted,141.0,31512.0,137,
s996480983,p02572,u048904090,1598729118,C++,C++ (GCC 9.2.1),cpp,Accepted,80.0,3992.0,1454,
s741456485,p02572,u193264896,1598729118,Python,Python (3.8.2),py,Accepted,145.0,28408.0,445,
s900255968,p02572,u671211357,1598729117,Python,PyPy3 (7.3.0),py,Accepted,185.0,101540.0,242,
s819182860,p02572,u557934154,1598729117,C++,C++ (GCC 9.2.1),cpp,Accepted,82.0,6424.0,592,
s025094080,p02572,u628285938,1598729117,Python,Python (3.8.2),py,Accepted,165.0,31684.0,300,
s833580118,p02572,u621904504,1598729117,C++,C++ (GCC 9.2.1),cpp,Accepted,74.0,3632.0,290,
s671132025,p02572,u081848943,1598729117,C++,C++ (GCC 9.2.1),cpp,Accepted,29.0,3628.0,860,
s998636643,p02572,u270144704,1598729115,Python,PyPy3 (7.3.0),py,Accepted,138.0,103528.0,213,
s870570817,p02572,u182178426,1598729115,Python,Python (3.8.2),py,Accepted,181.0,31768.0,257,
s011368899,p02572,u423665486,1598729114,C++,C++ (GCC 9.2.1),cpp,Accepted,77.0,6432.0,696,
s319171166,p02572,u180133008,1598729113,C++,C++ (GCC 9.2.1),cpp,Accepted,38.0,6360.0,462,
s934029790,p02572,u675313477,1598729113,C++,C++ (GCC 9.2.1),cpp,Accepted,38.0,5124.0,1231,
s334030319,p02572,u413871328,1598729110,C++,C++ (Clang 10.0.0),cpp,Accepted,162.0,4836.0,2266,
s880507470,p02572,u869567753,1598729110,Python,Python (3.8.2),py,Accepted,157.0,31464.0,222,
s804215332,p02572,u666665275,1598729107,C++,C++ (GCC 9.2.1),cpp,Accepted,74.0,6352.0,854,
s728260191,p02572,u060896757,1598729104,Python,PyPy3 (7.3.0),py,Accepted,636.0,102004.0,1466,
s320173326,p02572,u929156598,1598729104,C++,C++ (GCC 9.2.1),cpp,Accepted,37.0,5572.0,500,
s568662844,p02572,u117541450,1598729102,Python,Python (3.8.2),py,Accepted,163.0,31748.0,185,
s286878813,p02572,u431896429,1598729101,C++,C++ (GCC 9.2.1),cpp,Accepted,33.0,3656.0,419,
s737414919,p02572,u614233094,1598729100,C++,C++ (GCC 9.2.1),cpp,Accepted,37.0,8316.0,5314,
s412761644,p02572,u774144672,1598729098,C++,C++ (GCC 9.2.1),cpp,Accepted,99.0,5172.0,1967,
s534835631,p02572,u498093915,1598729097,C++,C++ (GCC 9.2.1),cpp,Accepted,78.0,4840.0,2419,
s997896848,p02572,u238205921,1598729097,C++,C++ (GCC 9.2.1),cpp,Accepted,36.0,6780.0,1657,
s412539476,p02572,u484797636,1598729097,C++,C++ (GCC 9.2.1),cpp,Accepted,41.0,3236.0,467,
s684422445,p02572,u149969145,1598729096,C++,C++ (GCC 9.2.1),cpp,Accepted,72.0,3620.0,549,
s846620857,p02572,u621120516,1598729096,C++,C++ (GCC 9.2.1),cpp,Accepted,75.0,6416.0,627,
s009007322,p02572,u070630744,1598729096,Python,PyPy3 (7.3.0),py,Accepted,130.0,101924.0,322,
s362177071,p02572,u756607246,1598729094,Python,Python (3.8.2),py,Accepted,122.0,31616.0,257,
s673576685,p02572,u235964550,1598729093,C++,C++ (GCC 9.2.1),cpp,Accepted,37.0,4776.0,2234,
s773960229,p02572,u700337493,1598729093,C++,C++ (GCC 9.2.1),cpp,Accepted,38.0,4780.0,781,
s557935368,p02572,u944871006,1598729091,C++,C++ (GCC 9.2.1),cpp,Accepted,73.0,6352.0,665,
s316487493,p02572,u466503296,1598729091,C++,C++ (GCC 9.2.1),cpp,Accepted,39.0,4852.0,429,
s945142349,p02572,u501278784,1598729090,Python,Python (3.8.2),py,Accepted,136.0,31436.0,129,
s611016967,p02572,u395478557,1598729090,C++,C++ (GCC 9.2.1),cpp,Accepted,38.0,5208.0,1537,
s031358214,p02572,u383450070,1598729090,Python,Python (3.8.2),py,Accepted,163.0,31436.0,183,
s901658439,p02572,u405497807,1598729090,C++,C++ (GCC 9.2.1),cpp,Accepted,35.0,6296.0,440,
s097731859,p02572,u709642503,1598729089,C++,C++ (GCC 9.2.1),cpp,Accepted,44.0,8496.0,378,
s926210330,p02572,u312695001,1598729089,Python,Python (3.8.2),py,Accepted,171.0,31436.0,261,
s386798541,p02572,u488777116,1598729089,C++,C++ (GCC 9.2.1),cpp,Accepted,38.0,6424.0,649,
s104026020,p02572,u976323857,1598729088,C++,C++ (GCC 9.2.1),cpp,Accepted,73.0,6760.0,390,
s725460599,p02572,u332657092,1598729087,Python,PyPy3 (7.3.0),py,Accepted,112.0,93932.0,671,
s584578571,p02572,u621935300,1598729087,Python,PyPy2 (7.3.0),py,Accepted,101.0,99992.0,254,
s719006127,p02572,u538239871,1598729087,C++,C++ (GCC 9.2.1),cpp,Accepted,74.0,4844.0,14745,
s300377881,p02572,u487676806,1598729087,C++,C++ (GCC 9.2.1),cpp,Accepted,76.0,4836.0,643,
s992560106,p02572,u554897099,1598729087,C++,C++ (GCC 9.2.1),cpp,Accepted,42.0,6360.0,2036,
s386535733,p02572,u490965711,1598729086,C++,C++ (GCC 9.2.1),cpp,Accepted,76.0,6772.0,523,
s636909362,p02572,u878292572,1598729086,C++,C++ (GCC 9.2.1),cpp,Accepted,80.0,4840.0,1060,
s664345881,p02572,u281861735,1598729086,Python,Python (3.8.2),py,Accepted,169.0,32084.0,377,
s164812372,p02572,u239240712,1598729085,C++,C++ (GCC 9.2.1),cpp,Accepted,72.0,6424.0,753,
s834858848,p02572,u965787387,1598729084,C++,C++ (GCC 9.2.1),cpp,Accepted,75.0,3628.0,361,
s530792307,p02572,u331470848,1598729082,C++,C++ (GCC 9.2.1),cpp,Accepted,36.0,6348.0,928,
s250699942,p02572,u017603316,1598729081,Python,PyPy3 (7.3.0),py,Accepted,117.0,94268.0,152,
s680102119,p02572,u915235255,1598729081,C++,C++ (GCC 9.2.1),cpp,Accepted,38.0,6780.0,2371,
s097273607,p02572,u110006361,1598729080,C++,C++ (GCC 9.2.1),cpp,Accepted,75.0,5180.0,645,
s167451773,p02572,u445978065,1598729079,C++,C++ (GCC 9.2.1),cpp,Accepted,42.0,3752.0,4323,
s861751864,p02572,u416011173,1598729078,Python,Python (3.8.2),py,Accepted,137.0,31508.0,248,
s452655835,p02572,u915716225,1598729077,Python,PyPy2 (7.3.0),py,Accepted,95.0,87180.0,201,
s297141596,p02572,u636648779,1598729075,Python,Python (3.8.2),py,Accepted,141.0,31616.0,403,
s553194195,p02572,u011220523,1598729073,C++,C++ (GCC 9.2.1),cpp,Accepted,30.0,5532.0,5059,
s997787595,p02572,u801950866,1598729073,C++,C++ (GCC 9.2.1),cpp,Accepted,36.0,5176.0,2805,
s610033374,p02572,u267549387,1598729072,Python,Python (3.8.2),py,Accepted,132.0,31720.0,503,
s057124356,p02572,u894812250,1598729071,C++,C++ (GCC 9.2.1),cpp,Accepted,37.0,6368.0,1494,
s229444655,p02572,u714269187,1598729071,C++,C++ (GCC 9.2.1),cpp,Accepted,36.0,6364.0,1361,
s549415530,p02572,u257226830,1598729071,Python,Python (3.8.2),py,Accepted,193.0,31572.0,255,
s653463606,p02572,u618148222,1598729070,C++,C++ (GCC 9.2.1),cpp,Accepted,76.0,4844.0,614,
s781898746,p02572,u701606538,1598729069,C++,C++ (GCC 9.2.1),cpp,Accepted,35.0,6324.0,5942,
s386256663,p02572,u065509998,1598729069,C++,C++ (GCC 9.2.1),cpp,Accepted,83.0,4836.0,1259,
s201236011,p02572,u131881594,1598729068,Python,Python (3.8.2),py,Accepted,184.0,31544.0,214,
s922711878,p02572,u711155818,1598729068,C++,C++ (Clang 10.0.0),cpp,Accepted,42.0,5548.0,354,
s346818488,p02572,u713575610,1598729067,C++,C++ (GCC 9.2.1),cpp,Accepted,41.0,4760.0,643,
s837411636,p02572,u010725318,1598729066,C++,C++ (Clang 10.0.0),cpp,Accepted,170.0,3676.0,1136,
s134517130,p02572,u825116851,1598729064,Python,Python (3.8.2),py,Accepted,110.0,31432.0,331,
s805066017,p02572,u897611339,1598729064,C++,C++ (GCC 9.2.1),cpp,Accepted,72.0,6760.0,467,
s215317390,p02572,u250472137,1598729062,C++,C++ (GCC 9.2.1),cpp,Accepted,43.0,5320.0,412,
s531628200,p02572,u568426505,1598729060,C++,C++ (Clang 10.0.0),cpp,Accepted,243.0,6264.0,1018,
s576715125,p02572,u077411073,1598729059,C++,C++ (GCC 9.2.1),cpp,Accepted,35.0,6340.0,4711,
s481467615,p02572,u091927254,1598729059,C++,C++ (GCC 9.2.1),cpp,Accepted,38.0,7956.0,833,
s514333285,p02572,u055367538,1598729058,C++,C++ (GCC 9.2.1),cpp,Accepted,77.0,6424.0,2214,
s181360874,p02572,u891847179,1598729058,C++,C++ (GCC 9.2.1),cpp,Accepted,39.0,4748.0,1422,
s347781526,p02572,u205546423,1598729058,C++,C++ (GCC 9.2.1),cpp,Accepted,1051.0,6764.0,3324,
s450485826,p02572,u522293645,1598729058,Python,Python (3.8.2),py,Accepted,163.0,31260.0,652,
s771146993,p02572,u698919163,1598729057,Python,Python (3.8.2),py,Accepted,234.0,36280.0,314,
s026904862,p02572,u394526356,1598729056,C++,C++ (GCC 9.2.1),cpp,Accepted,37.0,4772.0,4254,
s852440702,p02572,u736496921,1598729056,C++,C++ (GCC 9.2.1),cpp,Accepted,33.0,5192.0,1026,
s865921665,p02572,u974478348,1598729055,C++,C++ (GCC 9.2.1),cpp,Accepted,43.0,6364.0,1696,
s022724459,p02572,u646221000,1598729055,C++,C++ (GCC 9.2.1),cpp,Accepted,75.0,6720.0,840,
s245763987,p02572,u120198153,1598729054,C++,C++ (GCC 9.2.1),cpp,Accepted,33.0,5176.0,1894,
s876848283,p02572,u956908227,1598729053,C++,C++ (GCC 9.2.1),cpp,Accepted,76.0,6436.0,326,
s201113768,p02572,u953499988,1598729053,C++,C++ (GCC 9.2.1),cpp,Accepted,79.0,6360.0,3441,
s710455134,p02572,u281745878,1598729053,Python,Python (3.8.2),py,Accepted,150.0,31588.0,199,
s215078094,p02572,u534542874,1598729052,C++,C++ (GCC 9.2.1),cpp,Accepted,76.0,6712.0,520,
s446045290,p02572,u657208344,1598729051,C++,C++ (GCC 9.2.1),cpp,Accepted,80.0,6340.0,621,
s894494062,p02572,u158808096,1598729051,C++,C++ (GCC 9.2.1),cpp,Accepted,36.0,6312.0,2074,
s127793621,p02572,u799511105,1598729051,C++,C++ (GCC 9.2.1),cpp,Accepted,73.0,4828.0,447,
s988187224,p02572,u170129909,1598729050,C++,C++ (GCC 9.2.1),cpp,Accepted,38.0,6972.0,6299,
s593874672,p02572,u769473324,1598729050,C++,C++ (GCC 9.2.1),cpp,Accepted,33.0,4772.0,2549,
s030622685,p02572,u862704043,1598729049,C++,C++ (GCC 9.2.1),cpp,Accepted,33.0,6340.0,876,
s673589326,p02572,u610479919,1598729049,C++,C++ (Clang 10.0.0),cpp,Accepted,167.0,6052.0,544,
s678720397,p02572,u545385408,1598729047,C++,C++ (GCC 9.2.1),cpp,Accepted,29.0,4764.0,1606,
s178392164,p02572,u920233203,1598729046,C++,C++ (GCC 9.2.1),cpp,Accepted,42.0,4776.0,1144,
s269313667,p02572,u248069860,1598729046,C++,C++ (GCC 9.2.1),cpp,Accepted,74.0,6424.0,1265,
s046312350,p02572,u999788719,1598729042,C++,C++ (GCC 9.2.1),cpp,Accepted,34.0,4772.0,2518,
s976605922,p02572,u970002663,1598729041,Python,Python (3.8.2),py,Accepted,150.0,31556.0,177,
s937872952,p02572,u603356062,1598729041,C++,C++ (GCC 9.2.1),cpp,Accepted,84.0,6420.0,882,
s139422630,p02572,u953379577,1598729041,Python,Python (3.8.2),py,Accepted,152.0,31544.0,153,
s809859785,p02572,u329177718,1598729040,C++,C++ (GCC 9.2.1),cpp,Accepted,39.0,6308.0,1775,
s616110679,p02572,u449922162,1598729040,C++,C++ (GCC 9.2.1),cpp,Accepted,82.0,6340.0,537,
s340887224,p02572,u790272146,1598729039,C++,C++ (GCC 9.2.1),cpp,Accepted,80.0,6744.0,489,
s687354417,p02572,u344030307,1598729038,Python,Python (3.8.2),py,Accepted,163.0,31408.0,171,
s571278816,p02572,u364497081,1598729037,C++,C++ (GCC 9.2.1),cpp,Accepted,78.0,6416.0,1175,
s816342084,p02572,u025464133,1598729036,C++,C++ (GCC 9.2.1),cpp,Accepted,76.0,6428.0,410,
s721816513,p02572,u611571299,1598729036,C++,C++ (GCC 9.2.1),cpp,Accepted,77.0,4832.0,397,
s800246456,p02572,u277312083,1598729036,Python,Python (3.8.2),py,Accepted,155.0,31608.0,190,
s374891015,p02572,u431510270,1598729036,C++,C++ (GCC 9.2.1),cpp,Accepted,33.0,5540.0,1099,
s517022926,p02572,u689377278,1598729035,C++,C++ (GCC 9.2.1),cpp,Accepted,43.0,5380.0,1122,
s634819658,p02572,u675446599,1598729035,C++,C++ (GCC 9.2.1),cpp,Accepted,63.0,6772.0,2598,
s831158658,p02572,u039976558,1598729034,C++,C++ (GCC 9.2.1),cpp,Accepted,72.0,4428.0,366,
s881801377,p02572,u625864724,1598729033,Python,Python (3.8.2),py,Accepted,154.0,31604.0,239,
s978253080,p02572,u835937527,1598729033,C++,C++ (GCC 9.2.1),cpp,Accepted,85.0,12036.0,1111,
s670018995,p02572,u971113766,1598729033,C++,C++ (GCC 9.2.1),cpp,Accepted,80.0,4768.0,1615,
s710636658,p02572,u047513110,1598729033,C++,C++ (GCC 9.2.1),cpp,Accepted,47.0,6772.0,2949,
s315160646,p02572,u280325247,1598729033,Python,Python (3.8.2),py,Accepted,152.0,44480.0,284,
s206950677,p02572,u903422330,1598729032,Python,Python (3.8.2),py,Accepted,185.0,31432.0,254,
s423730441,p02572,u112007848,1598729031,Python,Python (3.8.2),py,Accepted,110.0,31256.0,177,
s666016942,p02572,u287500079,1598729031,Python,PyPy3 (7.3.0),py,Accepted,290.0,110244.0,1258,
s141729631,p02572,u573537453,1598729031,C++,C++ (GCC 9.2.1),cpp,Accepted,76.0,4836.0,746,
s515115108,p02572,u811550231,1598729030,Python,Python (3.8.2),py,Accepted,161.0,31408.0,158,
s017732589,p02572,u536866787,1598729030,Python,Python (3.8.2),py,Accepted,149.0,31588.0,212,
s413640822,p02572,u170934761,1598729029,C++,C++ (GCC 9.2.1),cpp,Accepted,35.0,5300.0,732,
s128770514,p02572,u560936174,1598729029,C++,C++ (GCC 9.2.1),cpp,Accepted,82.0,8480.0,548,
s710331028,p02572,u398221039,1598729028,C++,C++ (GCC 9.2.1),cpp,Accepted,82.0,6644.0,636,
s210670885,p02572,u445624660,1598729028,Python,Python (3.8.2),py,Accepted,150.0,31612.0,185,
s963323184,p02572,u768334187,1598729027,C++,C++ (GCC 9.2.1),cpp,Accepted,36.0,8436.0,2299,
s537518684,p02572,u332946309,1598729027,C++,C++ (GCC 9.2.1),cpp,Accepted,78.0,5632.0,494,
s911712021,p02572,u362771726,1598729025,Python,Python (3.8.2),py,Accepted,141.0,39576.0,977,
s233295813,p02572,u620638195,1598729024,C++,C++ (GCC 9.2.1),cpp,Accepted,40.0,5212.0,1070,
s162562273,p02572,u789436713,1598729023,Python,Python (3.8.2),py,Accepted,119.0,31680.0,153,
s935987565,p02572,u703327737,1598729023,C++,C++ (GCC 9.2.1),cpp,Accepted,37.0,5200.0,1684,
s242982939,p02572,u697696097,1598729022,Python,Python (3.8.2),py,Accepted,198.0,39408.0,713,
s961613613,p02572,u924909009,1598729022,C++,C++ (GCC 9.2.1),cpp,Accepted,43.0,6860.0,515,
s913109815,p02572,u983460293,1598729021,C++,C++ (GCC 9.2.1),cpp,Accepted,75.0,6744.0,498,
s711370615,p02572,u891516200,1598729020,Python,Python (3.8.2),py,Accepted,181.0,31252.0,251,
s354281606,p02572,u861899479,1598729019,Python,Python (3.8.2),py,Accepted,142.0,31604.0,186,
s076093910,p02572,u158111417,1598729019,C++,C++ (GCC 9.2.1),cpp,Accepted,42.0,6772.0,645,
s208862843,p02572,u530935768,1598729019,C++,C++ (Clang 10.0.0),cpp,Accepted,162.0,3188.0,622,
s632472189,p02572,u917872021,1598729017,Python,Python (3.8.2),py,Accepted,172.0,31552.0,206,
s208025538,p02572,u811730649,1598729014,C++,C++ (GCC 9.2.1),cpp,Accepted,35.0,6744.0,515,
s854881442,p02572,u986591380,1598729013,C++,C++ (GCC 9.2.1),cpp,Accepted,38.0,4784.0,1534,
s416905178,p02572,u872703130,1598729013,C++,C++ (GCC 9.2.1),cpp,Accepted,39.0,5200.0,4571,
s609804149,p02572,u260370057,1598729012,Python,Python (3.8.2),py,Accepted,130.0,31536.0,147,
s822779272,p02572,u715543161,1598729012,C++,C++ (GCC 9.2.1),cpp,Accepted,37.0,6768.0,2422,
s868078113,p02572,u511701539,1598729012,C++,C++ (GCC 9.2.1),cpp,Accepted,33.0,6772.0,967,
s776701463,p02572,u397979696,1598729012,C++,C++ (GCC 9.2.1),cpp,Accepted,80.0,5156.0,351,
s296272030,p02572,u830224075,1598729011,C++,C++ (GCC 9.2.1),cpp,Accepted,37.0,5204.0,1499,
s636590283,p02572,u880850253,1598729010,Python,Python (3.8.2),py,Accepted,178.0,31620.0,219,
s513547813,p02572,u507456172,1598729010,Python,Python (3.8.2),py,Accepted,132.0,31608.0,143,
s992675716,p02572,u426156439,1598729009,C++,C++ (GCC 9.2.1),cpp,Accepted,41.0,6768.0,582,
s922559453,p02572,u247581979,1598729009,Python,Python (3.8.2),py,Accepted,163.0,31604.0,294,
s282337414,p02572,u365977277,1598729007,C++,C++ (GCC 9.2.1),cpp,Accepted,35.0,6776.0,1107,
s577909097,p02572,u427807693,1598729007,C++,C++ (GCC 9.2.1),cpp,Accepted,72.0,4832.0,454,
s399551387,p02572,u884028773,1598729007,C++,C++ (GCC 9.2.1),cpp,Accepted,80.0,5640.0,523,
s976428065,p02572,u881141729,1598729005,C++,C++ (GCC 9.2.1),cpp,Accepted,80.0,3628.0,273,
s273860185,p02572,u994935583,1598729004,Python,Python (3.8.2),py,Accepted,169.0,31432.0,279,
s047088692,p02572,u876438858,1598729004,Python,PyPy3 (7.3.0),py,Accepted,110.0,91992.0,397,
s391920182,p02572,u991713078,1598729002,C++,C++ (GCC 9.2.1),cpp,Accepted,80.0,4904.0,5415,
s938886432,p02572,u471217476,1598729002,Python,Python (3.8.2),py,Accepted,161.0,33356.0,411,
s510410297,p02572,u158380546,1598729002,Python,Python (3.8.2),py,Accepted,217.0,31432.0,262,
s223289175,p02572,u774037701,1598729002,C++,C++ (GCC 9.2.1),cpp,Accepted,71.0,3632.0,449,
s446467865,p02572,u074220993,1598729002,Python,Python (3.8.2),py,Accepted,107.0,31436.0,130,
s095043607,p02572,u559912548,1598729001,C++,C++ (GCC 9.2.1),cpp,Accepted,40.0,6824.0,615,
s982800446,p02572,u806038030,1598729000,C++,C++ (GCC 9.2.1),cpp,Accepted,37.0,6360.0,1722,
s611568333,p02572,u997340502,1598728999,C++,C++ (GCC 9.2.1),cpp,Accepted,37.0,6748.0,5495,
s255128711,p02572,u155604571,1598728999,Python,Python (3.8.2),py,Accepted,131.0,31420.0,156,
s404763898,p02572,u359358631,1598728999,Python,PyPy3 (7.3.0),py,Accepted,142.0,102000.0,398,
s158884734,p02572,u001036287,1598728997,C++,C++ (GCC 9.2.1),cpp,Accepted,34.0,6604.0,1230,
s588716152,p02572,u080758260,1598728997,C++,C++ (GCC 9.2.1),cpp,Accepted,38.0,6356.0,773,
s643818886,p02572,u809038097,1598728994,C++,C++ (GCC 9.2.1),cpp,Accepted,75.0,4864.0,2088,
s298307653,p02572,u434874161,1598728994,C++,C++ (GCC 9.2.1),cpp,Accepted,437.0,5256.0,8191,
s460989059,p02572,u424277585,1598728991,C++,C++ (GCC 9.2.1),cpp,Accepted,75.0,6724.0,672,
s893888818,p02572,u116002573,1598728991,Python,PyPy3 (7.3.0),py,Accepted,118.0,94224.0,446,
s519092328,p02572,u833873591,1598728990,C++,C++ (GCC 9.2.1),cpp,Accepted,35.0,6328.0,459,
s692162663,p02572,u066910956,1598728989,C++,C++ (GCC 9.2.1),cpp,Accepted,38.0,4384.0,980,
s657184406,p02572,u032722750,1598728987,C++,C++ (Clang 10.0.0),cpp,Accepted,167.0,4468.0,1346,
s663838713,p02572,u966582222,1598728987,C++,C++ (GCC 9.2.1),cpp,Accepted,79.0,5176.0,512,
s158963695,p02572,u041753795,1598728987,C++,C++ (GCC 9.2.1),cpp,Accepted,34.0,3984.0,1289,
s680989943,p02572,u375212600,1598728986,C++,C++ (GCC 9.2.1),cpp,Accepted,34.0,5156.0,580,
s294476603,p02572,u853526951,1598728983,C++,C++ (GCC 9.2.1),cpp,Accepted,41.0,6776.0,532,
s091855319,p02572,u809690311,1598728982,C++,C++ (GCC 9.2.1),cpp,Accepted,79.0,6420.0,683,
s312247314,p02572,u635510709,1598728982,C++,C++ (GCC 9.2.1),cpp,Accepted,71.0,3960.0,367,
s301401561,p02572,u191135919,1598728981,C++,C++ (GCC 9.2.1),cpp,Accepted,39.0,6872.0,305,
s555543653,p02572,u817291344,1598728981,C++,C++ (GCC 9.2.1),cpp,Accepted,78.0,6744.0,339,
s861901166,p02572,u633451629,1598728980,C++,C++ (GCC 9.2.1),cpp,Accepted,35.0,4768.0,2185,
s418687061,p02572,u335365831,1598728980,C++,C++ (Clang 10.0.0),cpp,Accepted,165.0,6292.0,1801,
s307476206,p02572,u947263228,1598728980,C++,C++ (GCC 9.2.1),cpp,Accepted,36.0,5160.0,470,
s039513121,p02572,u541419167,1598728979,C++,C++ (GCC 9.2.1),cpp,Accepted,35.0,4780.0,1085,
s288128693,p02572,u551813187,1598728979,C++,C++ (GCC 9.2.1),cpp,Accepted,73.0,6336.0,464,
s263176999,p02572,u506273906,1598728979,C++,C++ (GCC 9.2.1),cpp,Accepted,42.0,6356.0,510,
s872981517,p02572,u370721525,1598728979,Python,PyPy3 (7.3.0),py,Accepted,135.0,94076.0,267,
s089493558,p02572,u005505508,1598728978,C++,C++ (GCC 9.2.1),cpp,Accepted,33.0,4780.0,1884,
s510951704,p02572,u139132412,1598728978,Python,PyPy3 (7.3.0),py,Accepted,112.0,94144.0,167,
s653035246,p02572,u857262719,1598728978,C++,C++ (GCC 9.2.1),cpp,Accepted,32.0,5176.0,424,
s656426696,p02572,u197541395,1598728977,C++,C++ (GCC 9.2.1),cpp,Accepted,37.0,6396.0,2488,
s840284486,p02572,u883521673,1598728977,C++,C++ (GCC 9.2.1),cpp,Accepted,38.0,6772.0,872,
s578057428,p02572,u956259660,1598728977,C++,C++ (GCC 9.2.1),cpp,Accepted,35.0,4788.0,2782,
s104089049,p02572,u015114004,1598728977,C++,C++ (GCC 9.2.1),cpp,Accepted,37.0,6760.0,722,
s169903490,p02572,u643081547,1598728977,Python,Python (3.8.2),py,Accepted,149.0,31612.0,165,
s240184521,p02572,u940622864,1598728976,Python,Python (3.8.2),py,Accepted,259.0,34236.0,240,
s898681897,p02572,u975628651,1598728975,C++,C++ (GCC 9.2.1),cpp,Accepted,72.0,5192.0,1076,
s796683604,p02572,u347397127,1598728975,Python,PyPy3 (7.3.0),py,Accepted,118.0,94124.0,176,
s872162056,p02572,u014442925,1598728974,C++,C++ (GCC 9.2.1),cpp,Accepted,80.0,6360.0,1764,
s813874538,p02572,u500084009,1598728974,C++,C++ (GCC 9.2.1),cpp,Accepted,37.0,5212.0,398,
s007622824,p02572,u474561976,1598728974,Python,PyPy3 (7.3.0),py,Accepted,129.0,105152.0,218,
s326632281,p02572,u508486691,1598728974,Python,PyPy3 (7.3.0),py,Accepted,116.0,106104.0,718,
s548235662,p02572,u123756661,1598728973,Python,PyPy3 (7.3.0),py,Accepted,130.0,94188.0,305,
s648978423,p02572,u480304423,1598728971,C++,C++ (GCC 9.2.1),cpp,Accepted,80.0,4348.0,405,
s280304133,p02572,u103208639,1598728971,Python,Python (3.8.2),py,Accepted,192.0,31512.0,210,
s400375965,p02572,u070335689,1598728970,C++,C++ (GCC 9.2.1),cpp,Accepted,36.0,6360.0,662,
s822200000,p02572,u137839202,1598728969,C++,C++ (GCC 9.2.1),cpp,Accepted,82.0,4840.0,1745,
s089287782,p02572,u521679253,1598728969,C++,C++ (GCC 9.2.1),cpp,Accepted,77.0,4828.0,428,
s528597237,p02572,u526104791,1598728968,C++,C++ (GCC 9.2.1),cpp,Accepted,81.0,6756.0,325,
s880662997,p02572,u620775604,1598728968,C++,C++ (GCC 9.2.1),cpp,Accepted,48.0,9796.0,2017,
s065803247,p02572,u410714465,1598728967,C++,C++ (GCC 9.2.1),cpp,Accepted,79.0,4840.0,1450,
s495667115,p02572,u313403396,1598728966,C++,C++ (GCC 9.2.1),cpp,Accepted,41.0,6368.0,3531,
s621500031,p02572,u820180033,1598728965,Python,Python (3.8.2),py,Accepted,111.0,31608.0,176,
s367970252,p02572,u631299617,1598728964,Python,Python (3.8.2),py,Accepted,284.0,31624.0,211,
s452180700,p02572,u689854580,1598728963,C++,C++ (Clang 10.0.0),cpp,Accepted,164.0,3672.0,2554,
s475228108,p02572,u850390157,1598728962,Python,Python (3.8.2),py,Accepted,146.0,31424.0,189,
s937733318,p02572,u733581231,1598728962,Python,PyPy3 (7.3.0),py,Accepted,120.0,95868.0,650,
s253460991,p02572,u535113145,1598728962,C++,C++ (GCC 9.2.1),cpp,Accepted,37.0,6652.0,1754,
s301982051,p02572,u284854859,1598728961,Python,PyPy3 (7.3.0),py,Accepted,125.0,92884.0,190,
s705620688,p02572,u834987206,1598728961,C++,C++ (GCC 9.2.1),cpp,Accepted,73.0,4844.0,882,
s086738938,p02572,u618273699,1598728961,C++,C++ (GCC 9.2.1),cpp,Accepted,52.0,4760.0,1581,
s612303756,p02572,u692311686,1598728960,Python,Python (3.8.2),py,Accepted,179.0,31364.0,193,
s892336914,p02572,u994074033,1598728960,C++,C++ (GCC 9.2.1),cpp,Accepted,79.0,4824.0,485,
s671078142,p02572,u550146922,1598728960,Python,Python (3.8.2),py,Accepted,159.0,31528.0,207,
s938510408,p02572,u770040456,1598728960,C++,C++ (GCC 9.2.1),cpp,Accepted,37.0,5232.0,551,
s569146992,p02572,u324139341,1598728959,C++,C++ (GCC 9.2.1),cpp,Accepted,75.0,4840.0,1044,
s436041688,p02572,u094102716,1598728959,Python,Python (3.8.2),py,Accepted,134.0,31740.0,148,
s043782374,p02572,u662686937,1598728959,C++,C++ (GCC 9.2.1),cpp,Accepted,78.0,5360.0,431,
s553196755,p02572,u927525869,1598728959,Python,PyPy3 (7.3.0),py,Accepted,133.0,105244.0,272,
s499132369,p02572,u866949333,1598728958,Python,Python (3.8.2),py,Accepted,131.0,31688.0,340,
s753435053,p02572,u056277698,1598728958,Python,Python (3.8.2),py,Accepted,150.0,31616.0,236,
s377965832,p02572,u739162129,1598728958,C++,C++ (GCC 9.2.1),cpp,Accepted,41.0,6736.0,4301,
s980612544,p02572,u854161810,1598728958,C++,C++ (GCC 9.2.1),cpp,Accepted,76.0,4828.0,417,
s497107179,p02572,u201304522,1598728958,C++,C++ (GCC 9.2.1),cpp,Accepted,76.0,6348.0,989,
s326865310,p02572,u702462808,1598728958,C++,C++ (GCC 9.2.1),cpp,Accepted,36.0,6364.0,699,
s844298012,p02572,u394341711,1598728957,C++,C++ (GCC 9.2.1),cpp,Accepted,36.0,6736.0,915,
s530355982,p02572,u933148961,1598728957,C++,C++ (GCC 9.2.1),cpp,Accepted,84.0,6424.0,702,
s026950455,p02572,u067694718,1598728957,Python,PyPy3 (7.3.0),py,Accepted,137.0,107484.0,235,
s500175819,p02572,u894858952,1598728956,Python,Python (3.8.2),py,Accepted,139.0,31504.0,170,
s212096540,p02572,u120386220,1598728956,C++,C++ (GCC 9.2.1),cpp,Accepted,33.0,4424.0,758,
s114689393,p02572,u983853152,1598728955,Python,PyPy3 (7.3.0),py,Accepted,132.0,94196.0,213,
s864856363,p02572,u882037708,1598728954,C++,C++ (GCC 9.2.1),cpp,Accepted,78.0,4836.0,1887,
s904704069,p02572,u878389297,1598728954,Python,PyPy3 (7.3.0),py,Accepted,133.0,94352.0,142,
s907021848,p02572,u038323046,1598728953,C++,C++ (GCC 9.2.1),cpp,Accepted,39.0,6784.0,2422,
s968032751,p02572,u655663334,1598728952,Python,Python (3.8.2),py,Accepted,155.0,31432.0,216,
s004161544,p02572,u314018838,1598728952,C++,C++ (GCC 9.2.1),cpp,Accepted,38.0,5212.0,804,
s233661178,p02572,u073074801,1598728951,C++,C++ (GCC 9.2.1),cpp,Accepted,84.0,5188.0,510,
s203844992,p02572,u682191329,1598728951,C++,C++ (GCC 9.2.1),cpp,Accepted,33.0,4780.0,1261,
s472421009,p02572,u550279454,1598728950,Python,Python (3.8.2),py,Accepted,442.0,49796.0,529,
s125590680,p02572,u124187388,1598728950,C++,C++ (GCC 9.2.1),cpp,Accepted,70.0,4840.0,637,
s017927267,p02572,u654240084,1598728949,C++,C++ (GCC 9.2.1),cpp,Accepted,72.0,4772.0,481,
s266586501,p02572,u266874640,1598728948,C++,C++ (GCC 9.2.1),cpp,Accepted,77.0,4844.0,3070,
s513871999,p02572,u264116128,1598728948,C++,C++ (GCC 9.2.1),cpp,Accepted,34.0,6728.0,642,
s973016166,p02572,u207250646,1598728948,C++,C++ (GCC 9.2.1),cpp,Accepted,36.0,5152.0,1417,
s444072579,p02572,u835575472,1598728948,C++,C++ (GCC 9.2.1),cpp,Accepted,77.0,6760.0,1112,
s407422106,p02572,u235006699,1598728948,Python,PyPy3 (7.3.0),py,Accepted,142.0,102088.0,260,
s515546089,p02572,u739843002,1598728947,Python,Python (3.8.2),py,Accepted,141.0,31620.0,253,
s008067362,p02572,u268674269,1598728946,C++,C++ (GCC 9.2.1),cpp,Accepted,74.0,3592.0,1607,
s343491529,p02572,u534610124,1598728945,Python,Python (3.8.2),py,Accepted,128.0,31560.0,153,
s142635224,p02572,u592944963,1598728945,Python,Python (3.8.2),py,Accepted,201.0,31436.0,287,
s318517672,p02572,u235321041,1598728945,C++,C++ (GCC 9.2.1),cpp,Accepted,82.0,4036.0,381,
s742454693,p02572,u037182465,1598728945,C++,C++ (GCC 9.2.1),cpp,Accepted,77.0,6340.0,3168,
s632277339,p02572,u868759631,1598728944,C++,C++ (GCC 9.2.1),cpp,Accepted,38.0,5224.0,1031,
s209990236,p02572,u540664396,1598728944,C++,C++ (GCC 9.2.1),cpp,Accepted,23.0,3616.0,1313,
s371982512,p02572,u693134887,1598728944,Python,Python (3.8.2),py,Accepted,117.0,31428.0,396,
s510226985,p02572,u114685272,1598728944,C++,C++ (GCC 9.2.1),cpp,Accepted,76.0,6724.0,517,
s045714640,p02572,u902089124,1598728944,C++,C++ (Clang 10.0.0),cpp,Accepted,170.0,6284.0,505,
s896022077,p02572,u908505915,1598728944,C++,C++ (GCC 9.2.1),cpp,Accepted,47.0,6776.0,1047,
s531279353,p02572,u552764605,1598728943,C++,C++ (GCC 9.2.1),cpp,Accepted,77.0,4056.0,406,
s174642151,p02572,u286660541,1598728943,C++,C++ (GCC 9.2.1),cpp,Accepted,73.0,6700.0,424,
s301215598,p02572,u885151856,1598728942,C++,C++ (GCC 9.2.1),cpp,Accepted,76.0,5152.0,321,
s505425773,p02572,u748944064,1598728941,C++,C++ (GCC 9.2.1),cpp,Accepted,75.0,4848.0,390,
s574026314,p02572,u958984779,1598728940,C++,C++ (GCC 9.2.1),cpp,Accepted,76.0,5200.0,4634,
s884379374,p02572,u191484928,1598728940,C++,C++ (GCC 9.2.1),cpp,Accepted,34.0,4772.0,600,
s835657591,p02572,u988261213,1598728938,C++,C++ (GCC 9.2.1),cpp,Accepted,34.0,5200.0,2360,
s639495041,p02572,u828593789,1598728938,C++,C++ (GCC 9.2.1),cpp,Accepted,77.0,4044.0,618,
s724250222,p02572,u173720816,1598728938,Python,Python (3.8.2),py,Accepted,133.0,31736.0,202,
s225305304,p02572,u195389311,1598728938,C++,C++ (GCC 9.2.1),cpp,Accepted,33.0,6728.0,1275,
s119577745,p02572,u288087195,1598728938,C++,C++ (GCC 9.2.1),cpp,Accepted,40.0,6772.0,737,
s744526887,p02572,u293791520,1598728937,C++,C++ (GCC 9.2.1),cpp,Accepted,33.0,4764.0,809,
s374298452,p02572,u207948013,1598728937,C++,C++ (GCC 9.2.1),cpp,Accepted,72.0,4844.0,1378,
s118924370,p02572,u136342563,1598728936,C++,C++ (GCC 9.2.1),cpp,Accepted,80.0,6380.0,1105,
s590454639,p02572,u809578009,1598728934,C++,C++ (GCC 9.2.1),cpp,Accepted,38.0,6360.0,428,
s051025563,p02572,u872538555,1598728934,Python,Python (3.8.2),py,Accepted,240.0,31612.0,318,
s878097784,p02572,u694281996,1598728934,C++,C++ (GCC 9.2.1),cpp,Accepted,74.0,6364.0,816,
s277260467,p02572,u830255267,1598728933,C++,C++ (GCC 9.2.1),cpp,Accepted,79.0,3624.0,344,
s572656158,p02572,u933929042,1598728932,Python,Python (3.8.2),py,Accepted,121.0,31764.0,191,
s872176866,p02572,u241159583,1598728932,Python,Python (3.8.2),py,Accepted,150.0,31744.0,166,
s295301209,p02572,u595952233,1598728930,Python,Python (3.8.2),py,Accepted,153.0,31444.0,200,
s086205566,p02572,u469281291,1598728930,Python,Python (3.8.2),py,Accepted,153.0,33292.0,233,
s260737903,p02572,u296160120,1598728930,C++,C++ (GCC 9.2.1),cpp,Accepted,81.0,4764.0,1306,
s754416892,p02572,u434398296,1598728930,C++,C++ (GCC 9.2.1),cpp,Accepted,75.0,6428.0,1815,
s246096276,p02572,u331498629,1598728929,C++,C++ (GCC 9.2.1),cpp,Accepted,75.0,4040.0,400,
s706966041,p02572,u082801599,1598728929,C++,C++ (GCC 9.2.1),cpp,Accepted,74.0,4776.0,393,
s086429267,p02572,u537859408,1598728929,C++,C++ (GCC 9.2.1),cpp,Accepted,31.0,3652.0,5381,
s005843770,p02572,u804800128,1598728928,Python,Python (3.8.2),py,Accepted,136.0,31608.0,352,
s479362700,p02572,u914846209,1598728927,C++,C++ (GCC 9.2.1),cpp,Accepted,37.0,6364.0,1887,
s493166488,p02572,u811542492,1598728927,C++,C++ (GCC 9.2.1),cpp,Accepted,76.0,5628.0,639,
s649708019,p02572,u055231161,1598728926,C++,C++ (GCC 9.2.1),cpp,Accepted,75.0,4756.0,510,
s058125491,p02572,u079095930,1598728926,C++,C++ (GCC 9.2.1),cpp,Accepted,47.0,6352.0,1832,
s899249090,p02572,u731886385,1598728926,C++,C++ (GCC 9.2.1),cpp,Accepted,78.0,6420.0,803,
s559386124,p02572,u590241855,1598728926,C++,C++ (Clang 10.0.0),cpp,Accepted,163.0,3664.0,518,
s767102005,p02572,u221391729,1598728925,C++,C++ (GCC 9.2.1),cpp,Accepted,77.0,6424.0,524,
s843638650,p02572,u723732030,1598728925,C++,C++ (GCC 9.2.1),cpp,Accepted,77.0,5140.0,406,
s543561905,p02572,u114920558,1598728924,Python,PyPy3 (7.3.0),py,Accepted,117.0,104788.0,203,
s326330191,p02572,u465168853,1598728924,C++,C++ (GCC 9.2.1),cpp,Accepted,34.0,5196.0,766,
s941945796,p02572,u012601829,1598728923,C++,C++ (GCC 9.2.1),cpp,Accepted,81.0,6548.0,547,
s219422261,p02572,u756659922,1598728923,C++,C++ (GCC 9.2.1),cpp,Accepted,79.0,6420.0,462,
s306994438,p02572,u735891571,1598728923,Python,PyPy3 (7.3.0),py,Accepted,142.0,102140.0,241,
s953901359,p02572,u443996531,1598728922,Python,Python (3.8.2),py,Accepted,171.0,31676.0,242,
s856888433,p02572,u437351386,1598728922,Python,PyPy3 (7.3.0),py,Accepted,129.0,95132.0,230,
s485418317,p02572,u777258731,1598728921,C++,C++ (GCC 9.2.1),cpp,Accepted,77.0,6304.0,567,
s790516926,p02572,u457777106,1598728921,C++,C++ (GCC 9.2.1),cpp,Accepted,38.0,6740.0,487,
s948781567,p02572,u542220989,1598728921,C++,C++ (GCC 9.2.1),cpp,Accepted,42.0,6884.0,684,
s603758960,p02572,u515131769,1598728921,C++,C++ (GCC 9.2.1),cpp,Accepted,38.0,6356.0,620,
s317365901,p02572,u668785999,1598728921,C++,C++ (GCC 9.2.1),cpp,Accepted,75.0,6364.0,1643,
s752619319,p02572,u391250239,1598728920,C++,C++ (GCC 9.2.1),cpp,Accepted,79.0,4824.0,861,
s742494519,p02572,u274175583,1598728919,C++,C++ (GCC 9.2.1),cpp,Accepted,79.0,3972.0,2687,
s203810846,p02572,u554953113,1598728919,C++,C++ (GCC 9.2.1),cpp,Accepted,44.0,6344.0,2069,
s232608251,p02572,u571999153,1598728918,Python,Python (3.8.2),py,Accepted,170.0,31608.0,195,
s464107259,p02572,u894258749,1598728918,Python,PyPy3 (7.3.0),py,Accepted,117.0,105008.0,207,
s645505411,p02572,u406138190,1598728916,Python,PyPy3 (7.3.0),py,Accepted,134.0,105360.0,201,
s810984551,p02572,u815878613,1598728916,Python,Python (3.8.2),py,Accepted,161.0,31440.0,181,
s479881921,p02572,u817769480,1598728915,C++,C++ (GCC 9.2.1),cpp,Accepted,73.0,4848.0,570,
s702393650,p02572,u894720776,1598728914,C++,C++ (GCC 9.2.1),cpp,Accepted,37.0,6772.0,774,
s243206889,p02572,u085522156,1598728913,C++,C++ (GCC 9.2.1),cpp,Accepted,36.0,5220.0,1993,
s775461061,p02572,u478918022,1598728912,C++,C++ (GCC 9.2.1),cpp,Accepted,78.0,3960.0,435,
s911697940,p02572,u507850687,1598728912,C++,C++ (GCC 9.2.1),cpp,Accepted,81.0,6756.0,365,
s768056166,p02572,u783764752,1598728912,C++,C++ (GCC 9.2.1),cpp,Accepted,42.0,6944.0,6099,
s015024117,p02572,u954153335,1598728911,Python,Python (3.8.2),py,Accepted,162.0,31752.0,208,
s553508441,p02572,u579355226,1598728910,C++,C++ (GCC 9.2.1),cpp,Accepted,76.0,4900.0,1590,
s818760414,p02572,u356157756,1598728909,Python,PyPy3 (7.3.0),py,Accepted,127.0,94040.0,274,
s801245964,p02572,u968803007,1598728909,Python,Python (3.8.2),py,Accepted,91.0,31504.0,174,
s663893104,p02572,u900601630,1598728907,C++,C++ (GCC 9.2.1),cpp,Accepted,78.0,6408.0,1904,
s143487177,p02572,u648547956,1598728906,C++,C++ (GCC 9.2.1),cpp,Accepted,45.0,4784.0,610,
s028813990,p02572,u024550857,1598728906,Python,Python (3.8.2),py,Accepted,149.0,31428.0,335,
s975686467,p02572,u405117950,1598728906,C++,C++ (GCC 9.2.1),cpp,Accepted,78.0,6420.0,926,
s762331802,p02572,u457901067,1598728905,Python,Python (3.8.2),py,Accepted,158.0,31572.0,204,
s802397413,p02572,u645588943,1598728905,C++,C++ (GCC 9.2.1),cpp,Accepted,41.0,5996.0,737,
s281704374,p02572,u606062295,1598728903,C++,C++ (GCC 9.2.1),cpp,Accepted,76.0,3624.0,847,
s809218802,p02572,u309039873,1598728903,Python,PyPy3 (7.3.0),py,Accepted,134.0,109516.0,331,
s839707890,p02572,u577059859,1598728903,C++,C++ (GCC 9.2.1),cpp,Accepted,38.0,5216.0,723,
s646723305,p02572,u013281968,1598728902,C++,C++ (GCC 9.2.1),cpp,Accepted,78.0,6408.0,769,
s518772426,p02572,u065578867,1598728902,Python,Python (3.8.2),py,Accepted,139.0,31612.0,282,
s455368427,p02572,u552145906,1598728902,Python,Python (3.8.2),py,Accepted,158.0,31296.0,202,
s243530648,p02572,u465597982,1598728902,Python,Python (3.8.2),py,Accepted,116.0,31628.0,183,
s850494669,p02572,u288484144,1598728902,C++,C++ (GCC 9.2.1),cpp,Accepted,39.0,5224.0,4399,
s213214516,p02572,u272628953,1598728901,C++,C++ (GCC 9.2.1),cpp,Accepted,81.0,6424.0,1121,
s598527709,p02572,u397496203,1598728900,Python,PyPy3 (7.3.0),py,Accepted,150.0,104232.0,597,
s001247672,p02572,u143051858,1598728900,Python,Python (3.8.2),py,Accepted,150.0,33024.0,260,
s912754275,p02572,u685684561,1598728900,Python,Python (3.8.2),py,Accepted,203.0,31444.0,198,
s045100749,p02572,u255943004,1598728898,Python,Python (3.8.2),py,Accepted,180.0,31436.0,209,
s280221521,p02572,u872548253,1598728897,Python,Python (3.8.2),py,Accepted,132.0,31388.0,282,
s874302149,p02572,u132823561,1598728896,C++,C++ (GCC 9.2.1),cpp,Accepted,33.0,4772.0,892,
s227229043,p02572,u730257868,1598728895,Python,PyPy3 (7.3.0),py,Accepted,130.0,94280.0,170,
s300165097,p02572,u608130730,1598728895,C++,C++ (GCC 9.2.1),cpp,Accepted,73.0,5164.0,878,
s094753169,p02572,u837133095,1598728894,C++,C++ (GCC 9.2.1),cpp,Accepted,75.0,4752.0,1431,
s963780672,p02572,u955248595,1598728894,Python,Python (3.8.2),py,Accepted,182.0,31564.0,254,
s654218416,p02572,u817760251,1598728894,C++,C++ (GCC 9.2.1),cpp,Accepted,39.0,3652.0,8997,
s195826990,p02572,u930561195,1598728894,C++,C++ (GCC 9.2.1),cpp,Accepted,81.0,6424.0,453,
s279866175,p02572,u408148811,1598728893,C++,C++ (GCC 9.2.1),cpp,Accepted,79.0,11172.0,1578,
s027047871,p02572,u692453235,1598728893,Python,Python (3.8.2),py,Accepted,193.0,31748.0,223,
s967189234,p02572,u358210788,1598728892,C++,C++ (GCC 9.2.1),cpp,Accepted,38.0,6368.0,2955,
s238873643,p02572,u469936642,1598728891,Python,Python (3.8.2),py,Accepted,201.0,31384.0,242,
s119432714,p02572,u015593272,1598728891,Python,Python (3.8.2),py,Accepted,466.0,49716.0,529,
s190086975,p02572,u033937898,1598728890,C++,C++ (GCC 9.2.1),cpp,Accepted,80.0,6424.0,558,
s770582886,p02572,u803248534,1598728890,C++,C++ (GCC 9.2.1),cpp,Accepted,40.0,6768.0,1444,
s796122532,p02572,u987164499,1598728890,Python,Python (3.8.2),py,Accepted,158.0,31560.0,360,
s217479586,p02572,u232917796,1598728890,C++,C++ (GCC 9.2.1),cpp,Accepted,33.0,5204.0,4254,
s028764889,p02572,u324176610,1598728889,C++,C++ (GCC 9.2.1),cpp,Accepted,40.0,5940.0,545,
s248540654,p02572,u961753201,1598728889,C++,C++ (GCC 9.2.1),cpp,Accepted,35.0,5200.0,3741,
s224607596,p02572,u204514518,1598728889,C++,C++ (GCC 9.2.1),cpp,Accepted,86.0,6336.0,1316,
s206011918,p02572,u255137505,1598728889,C++,C++ (GCC 9.2.1),cpp,Accepted,80.0,6420.0,369,
s509835711,p02572,u325282913,1598728889,Python,PyPy3 (7.3.0),py,Accepted,123.0,94128.0,225,
s147913047,p02572,u877787247,1598728888,C++,C++ (GCC 9.2.1),cpp,Accepted,76.0,5148.0,1803,
s812111779,p02572,u824327013,1598728887,C++,C++ (GCC 9.2.1),cpp,Accepted,79.0,6936.0,1437,
s388991219,p02572,u464819941,1598728887,Python,PyPy3 (7.3.0),py,Accepted,127.0,105204.0,184,
s408507192,p02572,u537676206,1598728887,C++,C++ (GCC 9.2.1),cpp,Accepted,75.0,4752.0,804,
s691788581,p02572,u718048349,1598728886,C++,C++ (GCC 9.2.1),cpp,Accepted,75.0,3632.0,3007,
s606254232,p02572,u146283961,1598728885,C++,C++ (GCC 9.2.1),cpp,Accepted,38.0,5204.0,656,
s029508603,p02572,u740232619,1598728885,C++,C++ (GCC 9.2.1),cpp,Accepted,82.0,5360.0,1315,
s753671015,p02572,u047756993,1598728885,C++,C++ (GCC 9.2.1),cpp,Accepted,34.0,6712.0,1054,
s243124844,p02572,u368645110,1598728884,C++,C++ (GCC 9.2.1),cpp,Accepted,38.0,6384.0,1869,
s423265303,p02572,u660641716,1598728883,C++,C++ (GCC 9.2.1),cpp,Accepted,35.0,5216.0,975,
s489569834,p02572,u738166971,1598728882,C++,C++ (GCC 9.2.1),cpp,Accepted,79.0,4836.0,304,
s160225966,p02572,u232401988,1598728881,C++,C++ (GCC 9.2.1),cpp,Accepted,74.0,6408.0,537,
s366903310,p02572,u456008041,1598728881,C++,C++ (GCC 9.2.1),cpp,Accepted,49.0,6928.0,747,
s807865698,p02572,u225845681,1598728879,Python,PyPy3 (7.3.0),py,Accepted,124.0,94232.0,156,
s317134283,p02572,u979823197,1598728879,Python,Python (3.8.2),py,Accepted,146.0,31544.0,236,
s973124010,p02572,u149991748,1598728878,Python,Python (3.8.2),py,Accepted,154.0,31440.0,190,
s274224020,p02572,u447351908,1598728878,C++,C++ (GCC 9.2.1),cpp,Accepted,78.0,6424.0,898,
s564305300,p02572,u970197315,1598728878,Python,PyPy3 (7.3.0),py,Accepted,125.0,94124.0,209,
s176371805,p02572,u202641516,1598728877,Python,PyPy3 (7.3.0),py,Accepted,107.0,104224.0,441,
s106386747,p02572,u684822781,1598728875,C++,C++ (GCC 9.2.1),cpp,Accepted,80.0,5148.0,1203,
s929730585,p02572,u020173959,1598728875,C++,C++ (GCC 9.2.1),cpp,Accepted,80.0,4840.0,766,
s828206468,p02572,u323491962,1598728875,C++,C++ (GCC 9.2.1),cpp,Accepted,32.0,6776.0,2359,
s339563292,p02572,u196953553,1598728874,C++,C++ (GCC 9.2.1),cpp,Accepted,76.0,6336.0,1739,
s481930858,p02572,u594140026,1598728874,C++,C++ (GCC 9.2.1),cpp,Accepted,81.0,6756.0,742,
s204371747,p02572,u329134383,1598728873,C++,C++ (GCC 9.2.1),cpp,Accepted,38.0,6372.0,1693,
s597934695,p02572,u527398664,1598728872,C++,C++ (GCC 9.2.1),cpp,Accepted,75.0,6732.0,435,
s539371155,p02572,u340969800,1598728872,C++,C++ (GCC 9.2.1),cpp,Accepted,43.0,5344.0,330,
s937531931,p02572,u594933155,1598728872,C++,C++ (GCC 9.2.1),cpp,Accepted,77.0,4788.0,367,
s928569110,p02572,u970267139,1598728871,Python,Python (3.8.2),py,Accepted,153.0,31484.0,174,
s093581972,p02572,u766512448,1598728871,C++,C++ (GCC 9.2.1),cpp,Accepted,35.0,5320.0,1429,
s774786222,p02572,u092175388,1598728870,C++,C++ (GCC 9.2.1),cpp,Accepted,83.0,7532.0,417,
s200389862,p02572,u972123419,1598728870,C++,C++ (GCC 9.2.1),cpp,Accepted,39.0,6780.0,1427,
s657248473,p02572,u579001504,1598728870,C++,C++ (GCC 9.2.1),cpp,Accepted,82.0,4840.0,471,
s343488831,p02572,u791972813,1598728869,C++,C++ (Clang 10.0.0),cpp,Accepted,163.0,4468.0,5588,
s837571775,p02572,u401830498,1598728868,Python,Python (3.8.2),py,Accepted,202.0,31576.0,236,
s531693870,p02572,u777535758,1598728867,C++,C++ (Clang 10.0.0),cpp,Accepted,163.0,4460.0,756,
s739565772,p02572,u535659144,1598728867,Python,PyPy3 (7.3.0),py,Accepted,121.0,94224.0,198,
s915760288,p02572,u368822626,1598728867,C++,C++ (GCC 9.2.1),cpp,Accepted,38.0,6624.0,2535,
s831001424,p02572,u092646083,1598728865,Python,Python (3.8.2),py,Accepted,134.0,31620.0,162,
s841314414,p02572,u264270798,1598728865,C++,C++ (GCC 9.2.1),cpp,Accepted,34.0,3656.0,6600,
s240211297,p02572,u834041870,1598728865,C++,C++ (GCC 9.2.1),cpp,Accepted,39.0,5160.0,465,
s908107012,p02572,u414050834,1598728865,Python,Python (3.8.2),py,Accepted,166.0,31616.0,160,
s909850819,p02572,u933129390,1598728864,Python,Python (3.8.2),py,Accepted,221.0,31436.0,266,
s856233460,p02572,u497752835,1598728864,C++,C++ (GCC 9.2.1),cpp,Accepted,41.0,6272.0,1851,
s336701447,p02572,u299835664,1598728863,C++,C++ (GCC 9.2.1),cpp,Accepted,37.0,6784.0,1099,
s794642285,p02572,u203197031,1598728863,C++,C++ (GCC 9.2.1),cpp,Accepted,40.0,6360.0,1552,
s701758125,p02572,u530786533,1598728862,Python,Python (3.8.2),py,Accepted,153.0,31612.0,177,
s420063673,p02572,u709170895,1598728862,C++,C++ (GCC 9.2.1),cpp,Accepted,35.0,3648.0,938,
s228747179,p02572,u444081235,1598728862,C++,C++ (GCC 9.2.1),cpp,Accepted,73.0,5184.0,518,
s681376315,p02572,u899592602,1598728862,C++,C++ (GCC 9.2.1),cpp,Accepted,77.0,4848.0,1905,
s455412220,p02572,u232111869,1598728861,Python,Python (3.8.2),py,Accepted,181.0,31760.0,204,
s093510731,p02572,u046826851,1598728861,Python,Python (3.8.2),py,Accepted,157.0,31612.0,169,
s317763378,p02572,u962330718,1598728859,Python,Python (3.8.2),py,Accepted,140.0,31436.0,140,
s345198412,p02572,u285402032,1598728859,Python,PyPy3 (7.3.0),py,Accepted,129.0,94036.0,255,
s683886726,p02572,u487875527,1598728857,C++,C++ (GCC 9.2.1),cpp,Accepted,71.0,4836.0,1638,
s157975891,p02572,u802963389,1598728857,Python,Python (3.8.2),py,Accepted,143.0,31436.0,219,
s824272462,p02572,u135957438,1598728856,C++,C++ (GCC 9.2.1),cpp,Accepted,1223.0,4840.0,462,
s331805763,p02572,u212786022,1598728856,Python,Python (3.8.2),py,Accepted,172.0,31752.0,249,
s797909357,p02572,u768944351,1598728856,Python,PyPy3 (7.3.0),py,Accepted,113.0,94200.0,401,
s613406951,p02572,u920204936,1598728855,Python,PyPy3 (7.3.0),py,Accepted,129.0,94092.0,155,
s164794277,p02572,u726536681,1598728855,C++,C++ (GCC 9.2.1),cpp,Accepted,37.0,7136.0,755,
s656825088,p02572,u330661451,1598728855,C++,C++ (GCC 9.2.1),cpp,Accepted,34.0,3980.0,1294,
s811089402,p02572,u395117343,1598728855,Python,PyPy3 (7.3.0),py,Accepted,214.0,97592.0,667,
s692409963,p02572,u399155892,1598728854,Python,Python (3.8.2),py,Accepted,131.0,31436.0,325,
s023494427,p02572,u698868214,1598728853,Python,Python (3.8.2),py,Accepted,156.0,31444.0,202,
s035500163,p02572,u384793271,1598728852,Python,Python (3.8.2),py,Accepted,190.0,31696.0,281,
s470528003,p02572,u747868137,1598728852,C++,C++ (GCC 9.2.1),cpp,Accepted,76.0,6688.0,905,
s272350234,p02572,u147665268,1598728852,C++,C++ (GCC 9.2.1),cpp,Accepted,44.0,5624.0,512,
s081549062,p02572,u290187182,1598728852,Python,Python (3.8.2),py,Accepted,159.0,31432.0,260,
s441774160,p02572,u511899838,1598728851,Python,Python (3.8.2),py,Accepted,140.0,32080.0,358,
s056963451,p02572,u055548671,1598728851,C++,C++ (GCC 9.2.1),cpp,Accepted,39.0,6772.0,753,
s391772639,p02572,u995109095,1598728850,Python,PyPy3 (7.3.0),py,Accepted,138.0,94184.0,218,
s726261503,p02572,u378972178,1598728850,C++,C++ (GCC 9.2.1),cpp,Accepted,74.0,5192.0,400,
s684451709,p02572,u638313467,1598728849,C++,C++ (GCC 9.2.1),cpp,Accepted,34.0,5168.0,717,
s336861223,p02572,u778814286,1598728849,C++,C++ (GCC 9.2.1),cpp,Accepted,44.0,6408.0,3397,
s795286624,p02572,u833492079,1598728848,Python,Python (3.8.2),py,Accepted,187.0,31572.0,375,
s536099129,p02572,u626337957,1598728848,Python,PyPy3 (7.3.0),py,Accepted,137.0,101912.0,291,
s515350135,p02572,u812354010,1598728847,Python,PyPy3 (7.3.0),py,Accepted,126.0,101984.0,157,
s126895046,p02572,u503077877,1598728847,C++,C++ (GCC 9.2.1),cpp,Accepted,34.0,4776.0,2572,
s258749299,p02572,u829521436,1598728846,C++,C++ (GCC 9.2.1),cpp,Accepted,37.0,6772.0,894,
s468700789,p02572,u771330306,1598728846,C++,C++ (GCC 9.2.1),cpp,Accepted,35.0,6364.0,914,
s544937763,p02572,u558720836,1598728845,C++,C++ (GCC 9.2.1),cpp,Accepted,77.0,5176.0,867,
s182679393,p02572,u045505231,1598728845,C++,C++ (GCC 9.2.1),cpp,Accepted,31.0,3656.0,899,
s689060444,p02572,u887982593,1598728844,C++,C++ (GCC 9.2.1),cpp,Accepted,40.0,5176.0,1831,
s993715604,p02572,u859671712,1598728843,C++,C++ (GCC 9.2.1),cpp,Accepted,37.0,6364.0,1016,
s030311057,p02572,u813174766,1598728842,C++,C++ (GCC 9.2.1),cpp,Accepted,74.0,4836.0,662,
s402560977,p02572,u406669772,1598728842,C++,C++ (GCC 9.2.1),cpp,Accepted,38.0,3272.0,553,
s045582692,p02572,u720447689,1598728840,C++,C++ (GCC 9.2.1),cpp,Accepted,72.0,3996.0,2196,
s724393179,p02572,u289288647,1598728839,Python,Python (3.8.2),py,Accepted,161.0,31744.0,181,
s590164270,p02572,u371385198,1598728839,Python,Python (3.8.2),py,Accepted,125.0,31652.0,514,
s611793287,p02572,u330728443,1598728838,Python,PyPy3 (7.3.0),py,Accepted,135.0,102156.0,209,
s708203165,p02572,u100641536,1598728838,Python,PyPy3 (7.3.0),py,Accepted,135.0,94168.0,155,
s042053987,p02572,u908480366,1598728838,C++,C++ (GCC 9.2.1),cpp,Accepted,36.0,6820.0,2586,
s236810090,p02572,u115454768,1598728837,C++,C++ (GCC 9.2.1),cpp,Accepted,38.0,6316.0,2791,
s476993512,p02572,u477902449,1598728837,C++,C++ (GCC 9.2.1),cpp,Accepted,39.0,6336.0,1759,
s171379847,p02572,u553844257,1598728835,C++,C++ (GCC 9.2.1),cpp,Accepted,74.0,6424.0,553,
s777257049,p02572,u055578584,1598728834,C++,C++ (GCC 9.2.1),cpp,Accepted,35.0,4812.0,7698,
s928318277,p02572,u291028869,1598728833,Python,Python (3.8.2),py,Accepted,136.0,31528.0,153,
s723434941,p02572,u258676780,1598728833,C++,C++ (GCC 9.2.1),cpp,Accepted,37.0,4776.0,650,
s247694093,p02572,u257234489,1598728831,Python,Python (3.8.2),py,Accepted,173.0,31596.0,211,
s891967523,p02572,u989364230,1598728831,Python,Python (3.8.2),py,Accepted,114.0,31580.0,693,
s448062816,p02572,u766486294,1598728831,Python,Python (3.8.2),py,Accepted,138.0,31548.0,163,
s220357743,p02572,u873904588,1598728830,Python,PyPy3 (7.3.0),py,Accepted,126.0,94228.0,185,
s213719379,p02572,u134762645,1598728830,C++,C++ (GCC 9.2.1),cpp,Accepted,36.0,6740.0,1074,
s332397587,p02572,u693048766,1598728829,Python,Python (3.8.2),py,Accepted,131.0,31752.0,118,
s919711264,p02572,u845824949,1598728829,C++,C++ (GCC 9.2.1),cpp,Accepted,78.0,6692.0,484,
s241851857,p02572,u725317004,1598728828,C++,C++ (GCC 9.2.1),cpp,Accepted,35.0,6336.0,1368,
s421219195,p02572,u114137758,1598728828,C++,C++ (GCC 9.2.1),cpp,Accepted,39.0,6356.0,4143,
s314354163,p02572,u485319545,1598728828,Python,Python (3.8.2),py,Accepted,1645.0,42456.0,283,
s038626902,p02572,u831209131,1598728827,C++,C++ (GCC 9.2.1),cpp,Accepted,77.0,6684.0,699,
s917126865,p02572,u259277220,1598728827,C++,C++ (GCC 9.2.1),cpp,Accepted,38.0,3988.0,832,
s373129897,p02572,u792273212,1598728827,C++,C++ (GCC 9.2.1),cpp,Accepted,43.0,4844.0,2278,
s898475622,p02572,u393224521,1598728827,Python,PyPy3 (7.3.0),py,Accepted,733.0,350868.0,264,
s007665657,p02572,u170513117,1598728826,C++,C++ (GCC 9.2.1),cpp,Accepted,77.0,6416.0,730,
s792500383,p02572,u587857074,1598728826,C++,C++ (GCC 9.2.1),cpp,Accepted,78.0,6360.0,1134,
s548814168,p02572,u062691227,1598728825,Python,PyPy3 (7.3.0),py,Accepted,119.0,94188.0,186,
s890271376,p02572,u378972178,1598728824,C++,C++ (GCC 9.2.1),cpp,Accepted,77.0,5156.0,400,
s017647748,p02572,u541873852,1598728824,C++,C++ (GCC 9.2.1),cpp,Accepted,35.0,6772.0,478,
s252101466,p02572,u164291877,1598728823,C++,C++ (GCC 9.2.1),cpp,Accepted,80.0,4832.0,890,
s859627808,p02572,u176778371,1598728823,C++,C++ (GCC 9.2.1),cpp,Accepted,33.0,4384.0,1056,
s120669168,p02572,u659481093,1598728822,Python,Python (3.8.2),py,Accepted,162.0,31428.0,178,
s831383689,p02572,u916682527,1598728822,C++,C++ (GCC 9.2.1),cpp,Accepted,41.0,6888.0,588,
s940062770,p02572,u294700660,1598728821,C++,C++ (GCC 9.2.1),cpp,Accepted,79.0,6420.0,3762,
s501984930,p02572,u452379143,1598728821,C++,C++ (GCC 9.2.1),cpp,Accepted,80.0,5184.0,511,
s973561656,p02572,u897654947,1598728820,C++,C++ (GCC 9.2.1),cpp,Accepted,38.0,6704.0,864,
s363053165,p02572,u458824538,1598728820,C++,C++ (Clang 10.0.0),cpp,Accepted,162.0,6044.0,2120,
s161845707,p02572,u998769995,1598728820,Python,PyPy3 (7.3.0),py,Accepted,151.0,105216.0,983,
s031228248,p02572,u450288159,1598728819,Python,Python (3.8.2),py,Accepted,113.0,31260.0,354,
s326557878,p02572,u332258971,1598728819,C++,C++ (GCC 9.2.1),cpp,Accepted,76.0,6672.0,951,
s559327381,p02572,u690904689,1598728819,C++,C++ (GCC 9.2.1),cpp,Accepted,81.0,6416.0,1490,
s416900464,p02572,u185896732,1598728818,Python,Python (3.8.2),py,Accepted,197.0,31388.0,288,
s903518454,p02572,u741487428,1598728818,C++,C++ (GCC 9.2.1),cpp,Accepted,38.0,6320.0,1144,
s129435898,p02572,u263824932,1598728818,Python,PyPy3 (7.3.0),py,Accepted,132.0,101572.0,292,
s571517732,p02572,u705561278,1598728818,C++,C++ (GCC 9.2.1),cpp,Accepted,74.0,4808.0,1022,
s563543053,p02572,u021083776,1598728817,C++,C++ (GCC 9.2.1),cpp,Accepted,76.0,6752.0,413,
s892179170,p02572,u815026012,1598728817,C++,C++ (GCC 9.2.1),cpp,Accepted,77.0,6420.0,501,
s736583941,p02572,u886459614,1598728817,Python,Python (3.8.2),py,Accepted,146.0,31436.0,142,
s075624053,p02572,u843954136,1598728817,C++,C++ (GCC 9.2.1),cpp,Accepted,46.0,4852.0,792,
s538715185,p02572,u666935662,1598728817,C++,C++ (GCC 9.2.1),cpp,Accepted,40.0,6920.0,491,
s439026020,p02572,u846796522,1598728816,C++,C++ (GCC 9.2.1),cpp,Accepted,75.0,6420.0,3605,
s420532303,p02572,u363369454,1598728816,C++,C++ (GCC 9.2.1),cpp,Accepted,80.0,8316.0,589,
s235176476,p02572,u846634344,1598728815,C++,C++ (GCC 9.2.1),cpp,Accepted,75.0,4048.0,940,
s328059276,p02572,u146209432,1598728815,C++,C++ (GCC 9.2.1),cpp,Accepted,77.0,6692.0,909,
s930384176,p02572,u888092736,1598728815,Python,Python (3.8.2),py,Accepted,175.0,31764.0,230,
s322861155,p02572,u659209756,1598728815,C++,C++ (GCC 9.2.1),cpp,Accepted,35.0,4776.0,558,
s633031683,p02572,u169936115,1598728814,C++,C++ (GCC 9.2.1),cpp,Accepted,42.0,6308.0,1112,
s997180093,p02572,u080475902,1598728814,Python,Python (3.8.2),py,Accepted,166.0,29572.0,527,
s607879299,p02572,u509661905,1598728814,Python,Python (3.8.2),py,Accepted,180.0,31984.0,506,
s921206455,p02572,u269522788,1598728813,C++,C++ (GCC 9.2.1),cpp,Accepted,41.0,6744.0,1246,
s023290035,p02572,u410717168,1598728813,C++,C++ (GCC 9.2.1),cpp,Accepted,39.0,6908.0,1379,
s419750863,p02572,u269920578,1598728812,C++,C++ (GCC 9.2.1),cpp,Accepted,76.0,5976.0,346,
s715474320,p02572,u265929942,1598728812,C++,C++ (GCC 9.2.1),cpp,Accepted,72.0,6720.0,4399,
s478645072,p02572,u020344863,1598728811,C++,C++ (GCC 9.2.1),cpp,Accepted,58.0,27864.0,603,
s149404331,p02572,u348805958,1598728811,Python,PyPy3 (7.3.0),py,Accepted,124.0,110560.0,390,
s295120955,p02572,u039041830,1598728810,C++,C++ (GCC 9.2.1),cpp,Accepted,74.0,4836.0,561,
s513485585,p02572,u085717502,1598728810,Python,Python (3.8.2),py,Accepted,165.0,36668.0,340,
s729898606,p02572,u480243789,1598728810,C++,C++ (GCC 9.2.1),cpp,Accepted,37.0,5216.0,1522,
s128049139,p02572,u451087055,1598728809,Python,Python (3.8.2),py,Accepted,165.0,31616.0,183,
s968223633,p02572,u971091945,1598728809,Python,Python (3.8.2),py,Accepted,148.0,31428.0,162,
s298406327,p02572,u714564133,1598728809,C++,C++ (GCC 9.2.1),cpp,Accepted,35.0,6372.0,840,
s614948338,p02572,u667686550,1598728809,C++,C++ (GCC 9.2.1),cpp,Accepted,36.0,4780.0,2009,
s259687758,p02572,u865858945,1598728807,C++,C++ (Clang 10.0.0),cpp,Accepted,39.0,4456.0,712,
s093805804,p02572,u661202303,1598728806,C++,C++ (GCC 9.2.1),cpp,Accepted,36.0,3988.0,452,
s335374450,p02572,u332591228,1598728806,C++,C++ (Clang 10.0.0),cpp,Accepted,202.0,36216.0,4021,
s395690612,p02572,u121698457,1598728806,Python,Python (3.8.2),py,Accepted,164.0,31388.0,219,
s338486792,p02572,u153896700,1598728805,C++,C++ (GCC 9.2.1),cpp,Accepted,41.0,6760.0,875,
s807111643,p02572,u491331810,1598728805,C++,C++ (GCC 9.2.1),cpp,Accepted,34.0,4780.0,1214,
s457619266,p02572,u484726830,1598728805,C++,C++ (GCC 9.2.1),cpp,Accepted,40.0,6364.0,4485,
s952857937,p02572,u909017535,1598728804,C++,C++ (GCC 9.2.1),cpp,Accepted,77.0,6360.0,462,
s886118318,p02572,u139795871,1598728803,C++,C++ (GCC 9.2.1),cpp,Accepted,75.0,6704.0,796,
s313924554,p02572,u594939705,1598728803,C++,C++ (GCC 9.2.1),cpp,Accepted,74.0,6752.0,459,
s858194475,p02572,u973476274,1598728803,C++,C++ (GCC 9.2.1),cpp,Accepted,32.0,3652.0,838,
s617254085,p02572,u178814165,1598728802,C++,C++ (GCC 9.2.1),cpp,Accepted,42.0,6424.0,1943,
s515744567,p02572,u000113982,1598728801,C++,C++ (GCC 9.2.1),cpp,Accepted,80.0,4828.0,2623,
s854354971,p02572,u926412290,1598728800,Python,PyPy3 (7.3.0),py,Accepted,142.0,102016.0,330,
s477050224,p02572,u001327021,1598728800,C++,C++ (GCC 9.2.1),cpp,Accepted,83.0,6420.0,1097,
s505714971,p02572,u275488634,1598728800,C++,C++ (GCC 9.2.1),cpp,Accepted,78.0,6420.0,935,
s257658474,p02572,u575802441,1598728800,C++,C++ (GCC 9.2.1),cpp,Accepted,38.0,4728.0,1421,
s511366172,p02572,u609231324,1598728799,C++,C++ (GCC 9.2.1),cpp,Accepted,34.0,6760.0,1189,
s908513493,p02572,u932868243,1598728799,Python,Python (3.8.2),py,Accepted,187.0,31824.0,198,
s214936039,p02572,u417058506,1598728799,C++,C++ (GCC 9.2.1),cpp,Accepted,82.0,5180.0,430,
s517858969,p02572,u213375012,1598728798,C++,C++ (GCC 9.2.1),cpp,Accepted,76.0,4828.0,517,
s176753948,p02572,u539145601,1598728798,C++,C++ (GCC 9.2.1),cpp,Accepted,77.0,6404.0,1105,
s337511879,p02572,u167053449,1598728798,C++,C++ (GCC 9.2.1),cpp,Accepted,37.0,5180.0,606,
s491408785,p02572,u771306245,1598728797,C++,C++ (GCC 9.2.1),cpp,Accepted,78.0,6428.0,1171,
s052366569,p02572,u935678852,1598728797,C++,C++ (GCC 9.2.1),cpp,Accepted,37.0,4828.0,463,
s140740011,p02572,u770176789,1598728796,C++,C++ (GCC 9.2.1),cpp,Accepted,39.0,6724.0,1977,
s800342332,p02572,u415916075,1598728796,C++,C++ (GCC 9.2.1),cpp,Accepted,37.0,5200.0,821,
s686224821,p02572,u340011366,1598728796,C++,C++ (GCC 9.2.1),cpp,Accepted,75.0,6408.0,2664,
s898579259,p02572,u600261652,1598728796,Python,Python (3.8.2),py,Accepted,110.0,31436.0,254,
s751822629,p02572,u956866447,1598728796,C++,C++ (GCC 9.2.1),cpp,Accepted,42.0,4740.0,2076,
s329633125,p02572,u942051624,1598728796,Python,PyPy3 (7.3.0),py,Accepted,136.0,94120.0,230,
s829834874,p02572,u959682820,1598728793,C++,C++ (GCC 9.2.1),cpp,Accepted,34.0,6308.0,747,
s287279034,p02572,u080976675,1598728793,C++,C++ (GCC 9.2.1),cpp,Accepted,44.0,6764.0,696,
s316008341,p02572,u554064385,1598728793,Python,PyPy3 (7.3.0),py,Accepted,112.0,94124.0,430,
s057654190,p02572,u119102086,1598728792,C++,C++ (GCC 9.2.1),cpp,Accepted,40.0,5168.0,951,
s866933181,p02572,u556589653,1598728792,Python,Python (3.8.2),py,Accepted,193.0,31668.0,239,
s822368053,p02572,u526952186,1598728792,C++,C++ (GCC 9.2.1),cpp,Accepted,81.0,12712.0,6260,
s169969012,p02572,u092805606,1598728791,C++,C++ (GCC 9.2.1),cpp,Accepted,37.0,6824.0,6572,
s943138912,p02572,u370785250,1598728791,C++,C++ (GCC 9.2.1),cpp,Accepted,74.0,6360.0,1552,
s558895650,p02572,u025539431,1598728791,C++,C++ (GCC 9.2.1),cpp,Accepted,75.0,5160.0,326,
s145807327,p02572,u141580535,1598728790,C++,C++ (GCC 9.2.1),cpp,Accepted,36.0,6368.0,3026,
s256545088,p02572,u589698880,1598728790,C++,C++ (GCC 9.2.1),cpp,Accepted,75.0,4824.0,417,
s854213933,p02572,u144432905,1598728790,C++,C++ (GCC 9.2.1),cpp,Accepted,34.0,4776.0,2575,
s890689625,p02572,u521973174,1598728789,C++,C++ (GCC 9.2.1),cpp,Accepted,83.0,9456.0,591,
s338819373,p02572,u503534642,1598728788,C++,C++ (GCC 9.2.1),cpp,Accepted,33.0,3584.0,1411,
s945708573,p02572,u021019433,1598728787,Python,Python (3.8.2),py,Accepted,96.0,31736.0,104,
s908617067,p02572,u089142196,1598728787,Python,Python (3.8.2),py,Accepted,188.0,31620.0,220,
s412757422,p02572,u572142121,1598728786,Python,Python (3.8.2),py,Accepted,154.0,31596.0,150,
s733886307,p02572,u221389972,1598728785,C++,C++ (GCC 9.2.1),cpp,Accepted,40.0,4776.0,494,
s493185668,p02572,u545385207,1598728784,C++,C++ (GCC 9.2.1),cpp,Accepted,38.0,4776.0,1166,
s755512482,p02572,u746131250,1598728784,C++,C++ (GCC 9.2.1),cpp,Accepted,38.0,6396.0,7565,
s416288723,p02572,u476358780,1598728784,C++,C++ (GCC 9.2.1),cpp,Accepted,40.0,6328.0,973,
s093059220,p02572,u732440992,1598728784,C++,C++ (GCC 9.2.1),cpp,Accepted,73.0,4368.0,339,
s808424133,p02572,u852113235,1598728783,C++,C++ (GCC 9.2.1),cpp,Accepted,33.0,3612.0,3152,
s103909975,p02572,u877494916,1598728783,C++,C++ (GCC 9.2.1),cpp,Accepted,77.0,6680.0,616,
s491017231,p02572,u121933767,1598728782,C++,C++ (GCC 9.2.1),cpp,Accepted,34.0,5144.0,492,
s014871690,p02572,u541414113,1598728782,C++,C++ (GCC 9.2.1),cpp,Accepted,35.0,3652.0,1129,
s027115024,p02572,u899084195,1598728781,C++,C++ (GCC 9.2.1),cpp,Accepted,80.0,5152.0,501,
s658082614,p02572,u191444581,1598728781,Python,Python (3.8.2),py,Accepted,145.0,31432.0,198,
s766947330,p02572,u779728630,1598728781,Python,Python (3.8.2),py,Accepted,145.0,31432.0,247,
s149227926,p02572,u314917898,1598728781,C++,C++ (GCC 9.2.1),cpp,Accepted,79.0,4836.0,443,
s598233241,p02572,u874320250,1598728780,Python,PyPy3 (7.3.0),py,Accepted,121.0,94264.0,198,
s477509364,p02572,u071936511,1598728779,C++,C++ (GCC 9.2.1),cpp,Accepted,34.0,4776.0,1241,
s201135577,p02572,u404816356,1598728779,C++,C++ (GCC 9.2.1),cpp,Accepted,37.0,6360.0,1166,
s389568129,p02572,u752949890,1598728778,Python,Python (3.8.2),py,Accepted,190.0,31764.0,240,
s879359941,p02572,u663438907,1598728778,Python,Python (3.8.2),py,Accepted,138.0,31612.0,163,
s220212958,p02572,u381877079,1598728775,C++,C++ (GCC 9.2.1),cpp,Accepted,39.0,6776.0,440,
s150159934,p02572,u197137992,1598728775,C++,C++ (GCC 9.2.1),cpp,Accepted,35.0,3620.0,801,
s187115981,p02572,u005006157,1598728774,C++,C++ (GCC 9.2.1),cpp,Accepted,81.0,6392.0,1777,
s563156040,p02572,u747987925,1598728774,C++,C++ (GCC 9.2.1),cpp,Accepted,74.0,3620.0,594,
s102383878,p02572,u572782845,1598728774,C++,C++ (GCC 9.2.1),cpp,Accepted,35.0,6360.0,1138,
s206233510,p02572,u268427584,1598728774,C++,C++ (GCC 9.2.1),cpp,Accepted,37.0,6784.0,666,
s239189648,p02572,u606600497,1598728773,C++,C++ (GCC 9.2.1),cpp,Accepted,38.0,5320.0,829,
s242479664,p02572,u464190313,1598728773,C++,C++ (Clang 10.0.0),cpp,Accepted,156.0,6320.0,426,
s298063026,p02572,u684901760,1598728773,C++,C++ (GCC 9.2.1),cpp,Accepted,80.0,6412.0,5689,
s631367496,p02572,u358369103,1598728772,C++,C++ (GCC 9.2.1),cpp,Accepted,36.0,4732.0,2406,
s108053834,p02572,u525796732,1598728772,Python,Python (3.8.2),py,Accepted,164.0,33120.0,443,
s559022231,p02572,u296610335,1598728772,C++,C++ (GCC 9.2.1),cpp,Accepted,39.0,2492.0,398,
s935802201,p02572,u877283726,1598728772,Python,Python (3.8.2),py,Accepted,200.0,31552.0,234,
s184442644,p02572,u338639949,1598728771,C++,C++ (GCC 9.2.1),cpp,Accepted,71.0,4052.0,474,
s496994358,p02572,u348641375,1598728771,C++,C++ (GCC 9.2.1),cpp,Accepted,37.0,5172.0,493,
s411965383,p02572,u321954370,1598728770,C++,C++ (GCC 9.2.1),cpp,Accepted,82.0,4840.0,850,
s352197741,p02572,u291332466,1598728770,C++,C++ (GCC 9.2.1),cpp,Accepted,81.0,4760.0,481,
s771427390,p02572,u700805562,1598728769,Python,Python (3.8.2),py,Accepted,185.0,31596.0,203,
s750791544,p02572,u870559097,1598728769,Python,PyPy3 (7.3.0),py,Accepted,134.0,93960.0,169,
s175431162,p02572,u630452895,1598728768,C++,C++ (GCC 9.2.1),cpp,Accepted,45.0,5932.0,5079,
s642714255,p02572,u075003737,1598728768,C++,C++ (GCC 9.2.1),cpp,Accepted,37.0,4784.0,907,
s209176829,p02572,u821989875,1598728768,Python,Python (3.8.2),py,Accepted,181.0,31608.0,232,
s131422825,p02572,u884402046,1598728767,Python,Python (3.8.2),py,Accepted,125.0,31608.0,142,
s580569438,p02572,u444318984,1598728767,C++,C++ (GCC 9.2.1),cpp,Accepted,35.0,4752.0,3572,
s773240640,p02572,u135358384,1598728767,C++,C++ (GCC 9.2.1),cpp,Accepted,134.0,176908.0,6605,
s060332462,p02572,u512086298,1598728767,C++,C++ (GCC 9.2.1),cpp,Accepted,36.0,5212.0,598,
s545173881,p02572,u467285925,1598728766,C++,C++ (GCC 9.2.1),cpp,Accepted,73.0,5928.0,564,
s350603193,p02572,u373958718,1598728766,C++,C++ (GCC 9.2.1),cpp,Accepted,38.0,4776.0,5739,
s281085012,p02572,u982755883,1598728766,C++,C++ (GCC 9.2.1),cpp,Accepted,75.0,6704.0,1415,
s108033370,p02572,u958323734,1598728765,C++,C++ (GCC 9.2.1),cpp,Accepted,37.0,6768.0,602,
s331535284,p02572,u111653921,1598728765,C++,C++ (GCC 9.2.1),cpp,Accepted,36.0,6268.0,780,
s563060347,p02572,u852770206,1598728765,C++,C++ (GCC 9.2.1),cpp,Accepted,76.0,4796.0,790,
s361191612,p02572,u877847737,1598728764,C++,C++ (GCC 9.2.1),cpp,Accepted,77.0,6368.0,2943,
s967215438,p02572,u096117579,1598728764,C++,C++ (GCC 9.2.1),cpp,Accepted,35.0,6740.0,931,
s989588657,p02572,u534588811,1598728764,C++,C++ (GCC 9.2.1),cpp,Accepted,73.0,5180.0,1393,
s634893593,p02572,u471593927,1598728764,Python,Python (3.8.2),py,Accepted,313.0,49920.0,767,
s512682350,p02572,u389009751,1598728763,C++,C++ (Clang 10.0.0),cpp,Accepted,167.0,4724.0,798,
s922956987,p02572,u477026604,1598728763,C++,C++ (GCC 9.2.1),cpp,Accepted,31.0,4428.0,642,
s090799593,p02572,u153390822,1598728763,C++,C++ (GCC 9.2.1),cpp,Accepted,76.0,4816.0,6955,
s276141515,p02572,u581489014,1598728763,C++,C++ (GCC 9.2.1),cpp,Accepted,78.0,5180.0,601,
s823610520,p02572,u571794900,1598728762,C++,C++ (GCC 9.2.1),cpp,Accepted,77.0,5176.0,512,
s809538467,p02572,u876295560,1598728762,Python,PyPy3 (7.3.0),py,Accepted,118.0,94212.0,168,
s162873895,p02572,u383713431,1598728762,Python,PyPy3 (7.3.0),py,Accepted,131.0,94016.0,262,
s009398566,p02572,u083499110,1598728761,C++,C++ (GCC 9.2.1),cpp,Accepted,31.0,6792.0,1229,
s735823890,p02572,u660341491,1598728761,C++,C++ (GCC 9.2.1),cpp,Accepted,75.0,5184.0,446,
s732974149,p02572,u576559024,1598728759,C++,C++ (GCC 9.2.1),cpp,Accepted,40.0,6364.0,2212,
s590369512,p02572,u991692050,1598728759,C++,C++ (GCC 9.2.1),cpp,Accepted,81.0,6420.0,669,
s677187161,p02572,u640323045,1598728758,C++,C++ (GCC 9.2.1),cpp,Accepted,74.0,6364.0,1006,
s544891726,p02572,u060752882,1598728758,Python,Python (3.8.2),py,Accepted,190.0,31500.0,197,
s204061065,p02572,u318127926,1598728758,Python,Python (3.8.2),py,Accepted,216.0,31436.0,231,
s421822135,p02572,u131739558,1598728758,C++,C++ (GCC 9.2.1),cpp,Accepted,38.0,5196.0,2273,
s406418405,p02572,u927396071,1598728757,C++,C++ (GCC 9.2.1),cpp,Accepted,37.0,6360.0,3711,
s675277966,p02572,u212502386,1598728756,Python,Python (3.8.2),py,Accepted,197.0,31612.0,210,
s320443013,p02572,u912131582,1598728754,C++,C++ (GCC 9.2.1),cpp,Accepted,34.0,6772.0,1031,
s461597842,p02572,u327245973,1598728754,C++,C++ (GCC 9.2.1),cpp,Accepted,37.0,6728.0,701,
s234914354,p02572,u051972992,1598728754,C++,C++ (GCC 9.2.1),cpp,Accepted,42.0,6376.0,2953,
s328859232,p02572,u115838990,1598728752,C++,C++ (GCC 9.2.1),cpp,Accepted,80.0,4816.0,2852,
s919895473,p02572,u233973474,1598728752,C++,C++ (GCC 9.2.1),cpp,Accepted,37.0,6336.0,950,
s905000904,p02572,u775616316,1598728751,C++,C++ (GCC 9.2.1),cpp,Accepted,43.0,6928.0,361,
s169479134,p02572,u391157755,1598728751,Python,Python (3.8.2),py,Accepted,300.0,30992.0,327,
s579468441,p02572,u792210748,1598728750,C++,C++ (GCC 9.2.1),cpp,Accepted,33.0,6764.0,943,
s955337919,p02572,u808006670,1598728750,C++,C++ (GCC 9.2.1),cpp,Accepted,44.0,6372.0,1036,
s155861186,p02572,u158758556,1598728750,C++,C++ (GCC 9.2.1),cpp,Accepted,71.0,4820.0,479,
s762958721,p02572,u665871498,1598728749,C++,C++ (GCC 9.2.1),cpp,Accepted,42.0,6332.0,2350,
s167651710,p02572,u032082316,1598728749,C++,C++ (GCC 9.2.1),cpp,Accepted,77.0,3968.0,432,
s842407016,p02572,u391819434,1598728749,Python,Python (3.8.2),py,Accepted,187.0,31624.0,201,
s758220431,p02572,u094186324,1598728748,C++,C++ (GCC 9.2.1),cpp,Accepted,36.0,4368.0,2117,
s782114429,p02572,u476027087,1598728748,C++,C++ (GCC 9.2.1),cpp,Accepted,76.0,4840.0,571,
s028794876,p02572,u229122754,1598728747,C++,C++ (GCC 9.2.1),cpp,Accepted,37.0,6788.0,1682,
s071389411,p02572,u058742919,1598728747,C++,C++ (GCC 9.2.1),cpp,Accepted,78.0,4836.0,544,
s976566076,p02572,u484849790,1598728745,C++,C++ (GCC 9.2.1),cpp,Accepted,37.0,5320.0,572,
s024701958,p02572,u197041530,1598728745,C++,C++ (GCC 9.2.1),cpp,Accepted,48.0,6756.0,508,
s609599579,p02572,u751468134,1598728744,C++,C++ (GCC 9.2.1),cpp,Accepted,36.0,4776.0,4702,
s906123581,p02572,u869820398,1598728744,Python,Python (3.8.2),py,Accepted,125.0,31436.0,173,
s618537306,p02572,u030337534,1598728744,C++,C++ (GCC 9.2.1),cpp,Accepted,36.0,6608.0,3414,
s642576979,p02572,u795263927,1598728744,C++,C++ (GCC 9.2.1),cpp,Accepted,73.0,5184.0,1374,
s901056175,p02572,u193927973,1598728744,Python,Python (3.8.2),py,Accepted,153.0,31432.0,135,
s999523844,p02572,u625745764,1598728744,C++,C++ (GCC 9.2.1),cpp,Accepted,75.0,4824.0,793,
s902464075,p02572,u208059640,1598728743,C++,C++ (GCC 9.2.1),cpp,Accepted,77.0,6356.0,2026,
s351273200,p02572,u443975466,1598728743,C++,C++ (GCC 9.2.1),cpp,Accepted,77.0,4772.0,1479,
s276506314,p02572,u478417863,1598728743,Python,PyPy3 (7.3.0),py,Accepted,123.0,94260.0,180,
s854130882,p02572,u880966143,1598728743,C++,C++ (GCC 9.2.1),cpp,Accepted,72.0,5192.0,546,
s642367460,p02572,u593336026,1598728742,C++,C++ (GCC 9.2.1),cpp,Accepted,39.0,6360.0,2150,
s011270752,p02572,u562577097,1598728742,Python,PyPy3 (7.3.0),py,Accepted,147.0,105196.0,538,
s887482900,p02572,u785470389,1598728741,C++,C++ (GCC 9.2.1),cpp,Accepted,80.0,6424.0,476,
s671828113,p02572,u441724078,1598728741,C++,C++ (GCC 9.2.1),cpp,Accepted,39.0,6360.0,1155,
s323010928,p02572,u742437982,1598728741,C++,C++ (GCC 9.2.1),cpp,Accepted,78.0,6408.0,478,
s542107354,p02572,u315542000,1598728740,C++,C++ (GCC 9.2.1),cpp,Accepted,79.0,6660.0,432,
s097139070,p02572,u363527821,1598728738,C++,C++ (GCC 9.2.1),cpp,Accepted,38.0,4752.0,440,
s643325185,p02572,u236940456,1598728738,C++,C++ (GCC 9.2.1),cpp,Accepted,43.0,6956.0,1122,
s196030340,p02572,u059106112,1598728738,C++,C++ (GCC 9.2.1),cpp,Accepted,37.0,6780.0,2045,
s023865205,p02572,u159723084,1598728737,Python,Python (3.8.2),py,Accepted,183.0,31616.0,229,
s624303076,p02572,u607065535,1598728736,C++,C++ (GCC 9.2.1),cpp,Accepted,36.0,6360.0,1140,
s053058409,p02572,u607229598,1598728736,C++,C++ (GCC 9.2.1),cpp,Accepted,83.0,6424.0,6565,
s404768542,p02572,u875769753,1598728735,Python,Python (3.8.2),py,Accepted,161.0,31568.0,197,
s786592796,p02572,u597553490,1598728735,C++,C++ (GCC 9.2.1),cpp,Accepted,77.0,4412.0,901,
s143640631,p02572,u180353729,1598728733,C++,C++ (GCC 9.2.1),cpp,Accepted,40.0,4844.0,486,
s032444383,p02572,u576432509,1598728732,Python,PyPy3 (7.3.0),py,Accepted,111.0,94008.0,204,
s570610470,p02572,u483811944,1598728729,C++,C++ (GCC 9.2.1),cpp,Accepted,37.0,6716.0,635,
s084021080,p02572,u489302942,1598728728,C++,C++ (GCC 9.2.1),cpp,Accepted,77.0,5580.0,1530,
s315313505,p02572,u990726146,1598728726,Python,Python (3.8.2),py,Accepted,147.0,31748.0,235,
s004738526,p02572,u023539472,1598728725,C++,C++ (GCC 9.2.1),cpp,Accepted,38.0,6772.0,774,
s371123243,p02572,u288741419,1598728725,C++,C++ (GCC 9.2.1),cpp,Accepted,36.0,3988.0,1755,
s687482584,p02572,u252405453,1598728725,Python,Python (3.8.2),py,Accepted,135.0,31432.0,313,
s634363788,p02572,u069799734,1598728724,C++,C++ (GCC 9.2.1),cpp,Accepted,42.0,4452.0,1051,
s110366355,p02572,u735224397,1598728724,C++,C++ (GCC 9.2.1),cpp,Accepted,42.0,6316.0,1087,
s709440864,p02572,u915691740,1598728723,C++,C++ (GCC 9.2.1),cpp,Accepted,75.0,6424.0,957,
s513083496,p02572,u706950394,1598728723,C++,C++ (GCC 9.2.1),cpp,Accepted,34.0,6768.0,973,
s756347150,p02572,u932405721,1598728722,C++,C++ (GCC 9.2.1),cpp,Accepted,34.0,4776.0,760,
s340920311,p02572,u945359338,1598728722,C++,C++ (GCC 9.2.1),cpp,Accepted,72.0,4808.0,1769,
s348359678,p02572,u284269175,1598728722,C++,C++ (GCC 9.2.1),cpp,Accepted,37.0,7948.0,1493,
s914324014,p02572,u281000623,1598728722,C++,C++ (GCC 9.2.1),cpp,Accepted,83.0,6756.0,360,
s396411378,p02572,u648316001,1598728721,C++,C++ (GCC 9.2.1),cpp,Accepted,42.0,4016.0,5596,
s311042649,p02572,u873776333,1598728720,Python,PyPy3 (7.3.0),py,Accepted,113.0,94328.0,355,
s665725474,p02572,u990210936,1598728720,C++,C++ (GCC 9.2.1),cpp,Accepted,74.0,3616.0,652,
s887613656,p02572,u675901950,1598728720,C++,C++ (GCC 9.2.1),cpp,Accepted,34.0,4780.0,2213,
s392567920,p02572,u169138653,1598728719,Python,Python (3.8.2),py,Accepted,165.0,31680.0,158,
s212969607,p02572,u314089899,1598728719,Python,Python (3.8.2),py,Accepted,166.0,31760.0,327,
s703619335,p02572,u561976793,1598728719,C++,C++ (GCC 9.2.1),cpp,Accepted,80.0,4832.0,5265,
s198896456,p02572,u239725287,1598728719,Python,Python (3.8.2),py,Accepted,122.0,31232.0,399,
s621783773,p02572,u131946248,1598728716,C++,C++ (GCC 9.2.1),cpp,Accepted,81.0,6424.0,3626,
s130696449,p02572,u000623733,1598728716,Python,PyPy3 (7.3.0),py,Accepted,114.0,105040.0,230,
s546797690,p02572,u513519822,1598728715,Python,PyPy3 (7.3.0),py,Accepted,130.0,94204.0,305,
s254322934,p02572,u046595819,1598728715,C++,C++ (GCC 9.2.1),cpp,Accepted,80.0,5632.0,446,
s720603574,p02572,u106342872,1598728715,C++,C++ (GCC 9.2.1),cpp,Accepted,78.0,6424.0,508,
s750277912,p02572,u981931040,1598728714,Python,Python (3.8.2),py,Accepted,194.0,31904.0,361,
s194314424,p02572,u547433112,1598728713,C++,C++ (GCC 9.2.1),cpp,Accepted,35.0,6376.0,1806,
s481010034,p02572,u511509170,1598728713,C++,C++ (GCC 9.2.1),cpp,Accepted,39.0,5172.0,1243,
s675838734,p02572,u977182183,1598728713,C++,C++ (GCC 9.2.1),cpp,Accepted,42.0,5192.0,1807,
s685844870,p02572,u804885206,1598728712,C++,C++ (GCC 9.2.1),cpp,Accepted,78.0,6356.0,535,
s664716392,p02572,u706414019,1598728712,Python,Python (3.8.2),py,Accepted,171.0,32636.0,298,
s738960142,p02572,u699193595,1598728712,C++,C++ (GCC 9.2.1),cpp,Accepted,36.0,6364.0,709,
s745016532,p02572,u028221335,1598728712,C++,C++ (GCC 9.2.1),cpp,Accepted,40.0,6728.0,713,
s665109506,p02572,u086503932,1598728711,Python,Python (3.8.2),py,Accepted,258.0,32512.0,567,
s346068757,p02572,u685006919,1598728711,C++,C++ (GCC 9.2.1),cpp,Accepted,35.0,6776.0,1917,
s618988627,p02572,u371627201,1598728711,C++,C++ (GCC 9.2.1),cpp,Accepted,37.0,6364.0,703,
s314228272,p02572,u032361316,1598728711,C++,C++ (GCC 9.2.1),cpp,Accepted,24.0,4540.0,2288,
s751947881,p02572,u562608561,1598728709,C++,C++ (GCC 9.2.1),cpp,Accepted,43.0,3820.0,2500,
s709671170,p02572,u016444909,1598728709,C++,C++ (GCC 9.2.1),cpp,Accepted,76.0,6400.0,855,
s817768701,p02572,u444446678,1598728709,C++,C++ (GCC 9.2.1),cpp,Accepted,39.0,6348.0,1285,
s824782573,p02572,u162099603,1598728708,C++,C++ (GCC 9.2.1),cpp,Accepted,74.0,6372.0,1746,
s489319997,p02572,u295585689,1598728708,Python,Python (3.8.2),py,Accepted,145.0,31408.0,177,
s489454475,p02572,u711985352,1598728707,C++,C++ (GCC 9.2.1),cpp,Accepted,82.0,6400.0,5181,
s581589886,p02572,u109975030,1598728706,C++,C++ (GCC 9.2.1),cpp,Accepted,34.0,5172.0,444,
s189841427,p02572,u115927976,1598728705,C++,C++ (GCC 9.2.1),cpp,Accepted,77.0,6416.0,1322,
s724739604,p02572,u765365817,1598728705,C++,C++ (GCC 9.2.1),cpp,Accepted,23.0,5304.0,785,
s173941019,p02572,u895393304,1598728705,C++,C++ (GCC 9.2.1),cpp,Accepted,79.0,6716.0,1003,
s676745175,p02572,u313105642,1598728705,C++,C++ (GCC 9.2.1),cpp,Accepted,78.0,6756.0,1160,
s609242981,p02572,u998741086,1598728704,Python,Python (3.8.2),py,Accepted,166.0,31600.0,207,
s312834483,p02572,u116107171,1598728704,Python,Python (3.8.2),py,Accepted,173.0,31436.0,214,
s020031437,p02572,u757369138,1598728702,C++,C++ (GCC 9.2.1),cpp,Accepted,35.0,6260.0,2092,
s651912568,p02572,u195486867,1598728701,C++,C++ (GCC 9.2.1),cpp,Accepted,35.0,5196.0,853,
s731738913,p02572,u899765129,1598728700,C++,C++ (GCC 9.2.1),cpp,Accepted,39.0,6320.0,3196,
s992880160,p02572,u512551187,1598728697,Python,PyPy3 (7.3.0),py,Accepted,112.0,94192.0,140,
s302901826,p02572,u642085002,1598728697,Python,Python (3.8.2),py,Accepted,155.0,31540.0,210,
s276527948,p02572,u447297324,1598728696,C++,C++ (GCC 9.2.1),cpp,Accepted,73.0,4048.0,494,
s629138331,p02572,u888094685,1598728696,C++,C++ (GCC 9.2.1),cpp,Accepted,79.0,4844.0,1125,
s193345151,p02572,u247164875,1598728696,C++,C++ (GCC 9.2.1),cpp,Accepted,43.0,6876.0,363,
s172919010,p02572,u013625197,1598728695,C++,C++ (GCC 9.2.1),cpp,Accepted,32.0,5208.0,940,
s719709958,p02572,u969570048,1598728695,C++,C++ (GCC 9.2.1),cpp,Accepted,74.0,4296.0,636,
s670813869,p02572,u340010271,1598728695,C++,C++ (GCC 9.2.1),cpp,Accepted,39.0,6232.0,3372,
s641666598,p02572,u552357043,1598728694,C++,C++ (GCC 9.2.1),cpp,Accepted,74.0,4844.0,1019,
s094153693,p02572,u408910484,1598728694,C++,C++ (Clang 10.0.0),cpp,Accepted,165.0,5952.0,4568,
s309992139,p02572,u381959472,1598728694,Python,Python (3.8.2),py,Accepted,132.0,31604.0,205,
s397621637,p02572,u053638061,1598728693,C++,C++ (GCC 9.2.1),cpp,Accepted,79.0,6428.0,737,
s386172583,p02572,u148016149,1598728693,C++,C++ (GCC 9.2.1),cpp,Accepted,33.0,4740.0,798,
s134087354,p02572,u014800961,1598728692,Python,Python (3.8.2),py,Accepted,168.0,31528.0,202,
s482417517,p02572,u104889348,1598728692,C++,C++ (GCC 9.2.1),cpp,Accepted,77.0,3632.0,445,
s261635015,p02572,u650243369,1598728692,C++,C++ (GCC 9.2.1),cpp,Accepted,89.0,6756.0,760,
s174856924,p02572,u934469795,1598728692,C++,C++ (GCC 9.2.1),cpp,Accepted,79.0,8004.0,1450,
s538168807,p02572,u796198629,1598728691,C++,C++ (GCC 9.2.1),cpp,Accepted,42.0,4780.0,1529,
s426192475,p02572,u509420256,1598728690,C++,C++ (GCC 9.2.1),cpp,Accepted,76.0,4804.0,1028,
s512178974,p02572,u815148971,1598728690,C++,C++ (GCC 9.2.1),cpp,Accepted,80.0,4840.0,367,
s431569783,p02572,u896004073,1598728690,Python,Python (3.8.2),py,Accepted,169.0,50096.0,289,
s039954832,p02572,u383178926,1598728689,C++,C++ (GCC 9.2.1),cpp,Accepted,74.0,6676.0,2223,
s945842519,p02572,u141511165,1598728689,C++,C++ (GCC 9.2.1),cpp,Accepted,77.0,4840.0,330,
s811201189,p02572,u507746301,1598728689,C++,C++ (Clang 10.0.0),cpp,Accepted,259.0,4716.0,448,
s118584418,p02572,u297590902,1598728688,C++,C++ (GCC 9.2.1),cpp,Accepted,43.0,6356.0,2970,
s905281100,p02572,u022001221,1598728688,C++,C++ (GCC 9.2.1),cpp,Accepted,41.0,2504.0,387,
s959194595,p02572,u963215078,1598728688,C++,C++ (GCC 9.2.1),cpp,Accepted,76.0,4392.0,4092,
s363411095,p02572,u952467214,1598728687,Python,PyPy3 (7.3.0),py,Accepted,111.0,92124.0,293,
s045128584,p02572,u138273120,1598728686,C++,C++ (GCC 9.2.1),cpp,Accepted,75.0,4844.0,688,
s642853681,p02572,u105533331,1598728686,C++,C++ (GCC 9.2.1),cpp,Accepted,76.0,4768.0,381,
s875211310,p02572,u389007679,1598728686,C++,C++ (GCC 9.2.1),cpp,Accepted,41.0,6360.0,1458,
s022852634,p02572,u375879613,1598728686,C++,C++ (Clang 10.0.0),cpp,Accepted,163.0,4364.0,426,
s074014675,p02572,u672716690,1598728686,C++,C++ (GCC 9.2.1),cpp,Accepted,36.0,6308.0,1478,
s636386263,p02572,u494070244,1598728686,C++,C++ (GCC 9.2.1),cpp,Accepted,32.0,4780.0,1193,
s813593143,p02572,u959006778,1598728686,C++,C++ (GCC 9.2.1),cpp,Accepted,32.0,3640.0,885,
s996603424,p02572,u196726502,1598728685,C++,C++ (GCC 9.2.1),cpp,Accepted,75.0,6708.0,2591,
s455825983,p02572,u088553842,1598728685,Python,Python (3.8.2),py,Accepted,158.0,31288.0,234,
s767614405,p02572,u364916333,1598728685,C++,C++ (GCC 9.2.1),cpp,Accepted,78.0,6740.0,628,
s130277051,p02572,u548791035,1598728685,C++,C++ (GCC 9.2.1),cpp,Accepted,37.0,6368.0,1140,
s715368877,p02572,u004411048,1598728684,C++,C++ (GCC 9.2.1),cpp,Accepted,77.0,4776.0,2447,
s238421501,p02572,u613865539,1598728684,C++,C++ (GCC 9.2.1),cpp,Accepted,36.0,3804.0,2320,
s299792342,p02572,u223504018,1598728684,C++,C++ (GCC 9.2.1),cpp,Accepted,78.0,6424.0,488,
s498816520,p02572,u251432619,1598728684,C++,C++ (GCC 9.2.1),cpp,Accepted,38.0,5224.0,3155,
s568509193,p02572,u556847633,1598728683,C++,C++ (GCC 9.2.1),cpp,Accepted,39.0,6364.0,4310,
s258519099,p02572,u912336435,1598728682,C++,C++ (GCC 9.2.1),cpp,Accepted,38.0,4740.0,499,
s255661444,p02572,u860657719,1598728682,Python,PyPy3 (7.3.0),py,Accepted,110.0,93892.0,280,
s813415160,p02572,u931901821,1598728682,C++,C++ (GCC 9.2.1),cpp,Accepted,77.0,6420.0,1216,
s788640316,p02572,u967915578,1598728681,C++,C++ (GCC 9.2.1),cpp,Accepted,75.0,6416.0,487,
s330870073,p02572,u431573188,1598728681,Python,PyPy3 (7.3.0),py,Accepted,127.0,94328.0,172,
s721147544,p02572,u517182615,1598728681,C++,C++ (GCC 9.2.1),cpp,Accepted,39.0,6368.0,4194,
s437403529,p02572,u358748139,1598728681,C++,C++ (GCC 9.2.1),cpp,Accepted,78.0,6932.0,1737,
s237133591,p02572,u539953365,1598728680,Python,Python (3.8.2),py,Accepted,159.0,31676.0,702,
s241364686,p02572,u201986772,1598728680,Python,PyPy3 (7.3.0),py,Accepted,127.0,94120.0,155,
s269802192,p02572,u811436126,1598728680,Python,Python (3.8.2),py,Accepted,184.0,31432.0,260,
s314087069,p02572,u687600654,1598728680,C++,C++ (GCC 9.2.1),cpp,Accepted,73.0,4844.0,1971,
s717677652,p02572,u153607901,1598728679,C++,C++ (GCC 9.2.1),cpp,Accepted,71.0,6428.0,2689,
s188431110,p02572,u108540384,1598728679,C++,C++ (GCC 9.2.1),cpp,Accepted,74.0,3996.0,1489,
s242038940,p02572,u003392923,1598728679,C++,C++ (GCC 9.2.1),cpp,Accepted,37.0,3964.0,11409,
s572715674,p02572,u090528429,1598728678,C++,C++ (GCC 9.2.1),cpp,Accepted,79.0,6424.0,434,
s219859898,p02572,u368138550,1598728678,C++,C++ (GCC 9.2.1),cpp,Accepted,89.0,4836.0,689,
s604035235,p02572,u422709620,1598728678,C++,C++ (GCC 9.2.1),cpp,Accepted,79.0,6424.0,4117,
s502720656,p02572,u364862909,1598728676,Python,PyPy3 (7.3.0),py,Accepted,123.0,102080.0,261,
s027321049,p02572,u481559486,1598728676,Python,PyPy3 (7.3.0),py,Accepted,121.0,94204.0,270,
s147204772,p02572,u552846576,1598728676,C++,C++ (GCC 9.2.1),cpp,Accepted,37.0,6364.0,1661,
s570181268,p02572,u800932077,1598728676,C++,C++ (GCC 9.2.1),cpp,Accepted,34.0,4748.0,585,
s307481145,p02572,u590057656,1598728676,C++,C++ (GCC 9.2.1),cpp,Accepted,35.0,6344.0,2534,
s313166011,p02572,u314355819,1598728676,C++,C++ (GCC 9.2.1),cpp,Accepted,37.0,5220.0,2980,
s477830437,p02572,u752324944,1598728675,C++,C++ (GCC 9.2.1),cpp,Accepted,81.0,4836.0,1275,
s420086840,p02572,u591143370,1598728675,Python,PyPy3 (7.3.0),py,Accepted,132.0,96836.0,251,
s372326988,p02572,u323051878,1598728675,C++,C++ (GCC 9.2.1),cpp,Accepted,76.0,4828.0,473,
s989290119,p02572,u779386690,1598728675,C++,C++ (GCC 9.2.1),cpp,Accepted,79.0,4840.0,630,
s797902369,p02572,u125545880,1598728674,Python,Python (3.8.2),py,Accepted,180.0,31428.0,426,
s591459316,p02572,u549438788,1598728674,C++,C++ (GCC 9.2.1),cpp,Accepted,79.0,4832.0,455,
s645856859,p02572,u961500618,1598728674,C++,C++ (GCC 9.2.1),cpp,Accepted,40.0,6756.0,649,
s924511552,p02572,u915103890,1598728674,C++,C++ (GCC 9.2.1),cpp,Accepted,79.0,5172.0,342,
s472744462,p02572,u798743259,1598728673,Python,Python (3.8.2),py,Accepted,129.0,31432.0,167,
s083155897,p02572,u042375758,1598728673,C++,C++ (GCC 9.2.1),cpp,Accepted,37.0,6364.0,634,
s647092496,p02572,u391331433,1598728672,C++,C++ (GCC 9.2.1),cpp,Accepted,36.0,6336.0,1884,
s968580368,p02572,u827599348,1598728672,Python,Python (3.8.2),py,Accepted,224.0,44908.0,354,
s994299178,p02572,u184335045,1598728671,C++,C++ (GCC 9.2.1),cpp,Accepted,76.0,6424.0,1159,
s402919762,p02572,u225596320,1598728670,Python,PyPy3 (7.3.0),py,Accepted,130.0,102676.0,236,
s450704923,p02572,u395313349,1598728670,C++,C++ (GCC 9.2.1),cpp,Accepted,44.0,6932.0,476,
s659136169,p02572,u388636486,1598728669,Python,Python (3.8.2),py,Accepted,185.0,31428.0,234,
s269834188,p02572,u651109406,1598728668,Python,Python (3.8.2),py,Accepted,194.0,31564.0,248,
s038519748,p02572,u097644066,1598728668,C++,C++ (GCC 9.2.1),cpp,Accepted,46.0,6796.0,723,
s749051686,p02572,u167245594,1598728668,C++,C++ (GCC 9.2.1),cpp,Accepted,80.0,6752.0,602,
s934704715,p02572,u173714895,1598728667,C++,C++ (GCC 9.2.1),cpp,Accepted,38.0,6740.0,708,
s860243737,p02572,u239409893,1598728666,C++,C++ (GCC 9.2.1),cpp,Accepted,71.0,4060.0,1522,
s570831211,p02572,u389490462,1598728666,C++,C++ (GCC 9.2.1),cpp,Accepted,33.0,5180.0,3350,
s458960021,p02572,u522485503,1598728666,C++,C++ (GCC 9.2.1),cpp,Accepted,34.0,5184.0,5450,
s590708441,p02572,u822197137,1598728665,C++,C++ (GCC 9.2.1),cpp,Accepted,42.0,4780.0,888,
s506906544,p02572,u403918769,1598728664,C++,C++ (GCC 9.2.1),cpp,Accepted,37.0,4780.0,2426,
s779892252,p02572,u518301597,1598728663,C++,C++ (GCC 9.2.1),cpp,Accepted,38.0,4840.0,8113,
s549999702,p02572,u285891772,1598728663,Python,Python (3.8.2),py,Accepted,227.0,34344.0,1178,
s164563548,p02572,u722217673,1598728663,Python,Python (3.8.2),py,Accepted,127.0,31616.0,190,
s488743032,p02572,u800567220,1598728662,C++,C++ (GCC 9.2.1),cpp,Accepted,72.0,6716.0,443,
s221570756,p02572,u081502813,1598728662,C++,C++ (GCC 9.2.1),cpp,Accepted,37.0,6740.0,1754,
s493346751,p02572,u943501414,1598728661,C++,C++ (Clang 10.0.0),cpp,Accepted,249.0,5536.0,547,
s889214544,p02572,u132452589,1598728660,C++,C++ (GCC 9.2.1),cpp,Accepted,71.0,5304.0,613,
s650466909,p02572,u088989565,1598728659,Python,Python (3.8.2),py,Accepted,172.0,31444.0,207,
s091655368,p02572,u726872801,1598728659,Python,Python (3.8.2),py,Accepted,148.0,31984.0,453,
s671950890,p02572,u013955897,1598728659,C++,C++ (GCC 9.2.1),cpp,Accepted,36.0,6784.0,7345,
s253928207,p02572,u755770829,1598728657,C++,C++ (GCC 9.2.1),cpp,Accepted,40.0,6408.0,3155,
s164468304,p02572,u141425617,1598728657,C++,C++ (GCC 9.2.1),cpp,Accepted,77.0,6724.0,1923,
s800933092,p02572,u577590674,1598728657,C++,C++ (Clang 10.0.0),cpp,Accepted,163.0,6284.0,423,
s950686430,p02572,u775013393,1598728657,C++,C++ (GCC 9.2.1),cpp,Accepted,39.0,4776.0,1577,
s165102289,p02572,u881705752,1598728656,C++,C++ (GCC 9.2.1),cpp,Accepted,75.0,5300.0,500,
s361803427,p02572,u761168538,1598728655,Python,Python (3.8.2),py,Accepted,118.0,31436.0,217,
s018837698,p02572,u356640380,1598728655,C++,C++ (GCC 9.2.1),cpp,Accepted,77.0,4832.0,482,
s154889622,p02572,u787597250,1598728655,C++,C++ (GCC 9.2.1),cpp,Accepted,80.0,6736.0,451,
s554253695,p02572,u023751250,1598728654,C++,C++ (GCC 9.2.1),cpp,Accepted,73.0,3632.0,2072,
s099724117,p02572,u763410402,1598728653,C++,C++ (GCC 9.2.1),cpp,Accepted,76.0,5188.0,1015,
s458115363,p02572,u572026348,1598728653,Python,Python (3.8.2),py,Accepted,145.0,31444.0,332,
s767053923,p02572,u706984643,1598728653,C++,C++ (GCC 9.2.1),cpp,Accepted,36.0,6360.0,2807,
s153311324,p02572,u602267597,1598728653,C++,C++ (GCC 9.2.1),cpp,Accepted,72.0,4048.0,1450,
s387933956,p02572,u796408111,1598728652,C++,C++ (GCC 9.2.1),cpp,Accepted,36.0,4772.0,1843,
s726513368,p02572,u197588574,1598728652,C++,C++ (GCC 9.2.1),cpp,Accepted,78.0,6372.0,573,
s676608279,p02572,u705430699,1598728652,C++,C++ (GCC 9.2.1),cpp,Accepted,38.0,6948.0,571,
s734055102,p02572,u722843549,1598728651,C++,C++ (GCC 9.2.1),cpp,Accepted,42.0,6888.0,462,
s343490805,p02572,u185821641,1598728651,C++,C++ (GCC 9.2.1),cpp,Accepted,77.0,6424.0,502,
s268571730,p02572,u600653369,1598728650,C++,C++ (GCC 9.2.1),cpp,Accepted,78.0,6748.0,576,
s206069577,p02572,u560988566,1598728648,Python,Python (3.8.2),py,Accepted,213.0,31624.0,288,
s112311078,p02572,u463864151,1598728647,Python,Python (3.8.2),py,Accepted,143.0,31424.0,335,
s732000517,p02572,u028554976,1598728647,C++,C++ (GCC 9.2.1),cpp,Accepted,36.0,4780.0,3093,
s814171220,p02572,u326743019,1598728647,C++,C++ (GCC 9.2.1),cpp,Accepted,36.0,6372.0,1755,
s653206226,p02572,u237390401,1598728646,C++,C++ (GCC 9.2.1),cpp,Accepted,87.0,4776.0,546,
s498650663,p02572,u906501980,1598728644,Python,Python (3.8.2),py,Accepted,161.0,31608.0,355,
s291899145,p02572,u531599639,1598728644,Python,Python (3.8.2),py,Accepted,181.0,31624.0,181,
s901193395,p02572,u203471891,1598728643,C++,C++ (GCC 9.2.1),cpp,Accepted,34.0,6328.0,1127,
s872069733,p02572,u591816127,1598728643,C++,C++ (GCC 9.2.1),cpp,Accepted,42.0,5168.0,2300,
s093597446,p02572,u429713254,1598728642,C++,C++ (GCC 9.2.1),cpp,Accepted,114.0,6744.0,388,
s283109047,p02572,u093973314,1598728641,C++,C++ (GCC 9.2.1),cpp,Accepted,38.0,5204.0,704,
s845295533,p02572,u930997891,1598728640,C++,C++ (GCC 9.2.1),cpp,Accepted,72.0,6420.0,1697,
s996064018,p02572,u304121198,1598728640,C++,C++ (GCC 9.2.1),cpp,Accepted,35.0,4796.0,15273,
s224738110,p02572,u973475508,1598728640,Python,PyPy3 (7.3.0),py,Accepted,126.0,102096.0,193,
s541186445,p02572,u410216325,1598728639,C++,C++ (GCC 9.2.1),cpp,Accepted,35.0,6364.0,1124,
s089417066,p02572,u535110685,1598728639,Python,PyPy3 (7.3.0),py,Accepted,133.0,100160.0,270,
s972018430,p02572,u798675549,1598728639,Python,PyPy3 (7.3.0),py,Accepted,108.0,94184.0,173,
s492716427,p02572,u802094864,1598728637,C++,C++ (GCC 9.2.1),cpp,Accepted,37.0,3824.0,780,
s523422146,p02572,u451699824,1598728636,C++,C++ (GCC 9.2.1),cpp,Accepted,77.0,5172.0,512,
s556710421,p02572,u214685595,1598728636,C++,C++ (GCC 9.2.1),cpp,Accepted,79.0,4844.0,2143,
s958143059,p02572,u115110170,1598728635,Python,Python (3.8.2),py,Accepted,185.0,31548.0,208,
s432495070,p02572,u907206514,1598728635,C++,C++ (GCC 9.2.1),cpp,Accepted,34.0,4780.0,974,
s057122970,p02572,u480400448,1598728634,C++,C++ (GCC 9.2.1),cpp,Accepted,41.0,6448.0,765,
s819779809,p02572,u151785909,1598728634,Python,Python (3.8.2),py,Accepted,298.0,30996.0,276,
s430515261,p02572,u771007149,1598728634,Python,Python (3.8.2),py,Accepted,148.0,31128.0,220,
s534346093,p02572,u364027015,1598728633,Python,Python (3.8.2),py,Accepted,168.0,31428.0,182,
s922563799,p02572,u307996432,1598728633,C++,C++ (GCC 9.2.1),cpp,Accepted,35.0,5212.0,1418,
s150623645,p02572,u260204064,1598728632,Python,Python (3.8.2),py,Accepted,129.0,31432.0,164,
s875425068,p02572,u638902622,1598728631,Python,Python (3.8.2),py,Accepted,137.0,33180.0,529,
s387739932,p02572,u023228586,1598728631,C++,C++ (GCC 9.2.1),cpp,Accepted,38.0,6768.0,598,
s129709534,p02572,u750466050,1598728631,C++,C++ (GCC 9.2.1),cpp,Accepted,77.0,4052.0,511,
s904176874,p02572,u766053633,1598728630,C++,C++ (GCC 9.2.1),cpp,Accepted,46.0,6100.0,344,
s522917742,p02572,u504800764,1598728630,C++,C++ (GCC 9.2.1),cpp,Accepted,76.0,5632.0,1034,
s513627289,p02572,u452103000,1598728630,C++,C++ (GCC 9.2.1),cpp,Accepted,37.0,6360.0,935,
s704111756,p02572,u367819370,1598728630,C++,C++ (GCC 9.2.1),cpp,Accepted,40.0,6312.0,3072,
s052030273,p02572,u376366206,1598728630,C++,C++ (GCC 9.2.1),cpp,Accepted,75.0,6424.0,901,
s352753539,p02572,u153499445,1598728630,Python,Python (3.8.2),py,Accepted,152.0,31684.0,147,
s945658697,p02572,u367022498,1598728629,C++,C++ (GCC 9.2.1),cpp,Accepted,78.0,6328.0,505,
s617269238,p02572,u075012704,1598728629,Python,Python (3.8.2),py,Accepted,173.0,31180.0,250,
s762143513,p02572,u078505805,1598728629,C++,C++ (GCC 9.2.1),cpp,Accepted,40.0,6768.0,782,
s343064449,p02572,u395943957,1598728629,C++,C++ (GCC 9.2.1),cpp,Accepted,39.0,6816.0,1094,
s593711249,p02572,u655048024,1598728628,Python,Python (3.8.2),py,Accepted,135.0,31544.0,144,
s713295713,p02572,u706904941,1598728627,C++,C++ (GCC 9.2.1),cpp,Accepted,80.0,6424.0,763,
s282474213,p02572,u697421413,1598728627,C++,C++ (GCC 9.2.1),cpp,Accepted,80.0,6360.0,5215,
s559092836,p02572,u925284228,1598728626,C++,C++ (GCC 9.2.1),cpp,Accepted,78.0,4832.0,418,
s557606434,p02572,u834223340,1598728626,C++,C++ (GCC 9.2.1),cpp,Accepted,40.0,7948.0,1145,
s962610355,p02572,u209713918,1598728626,C++,C++ (GCC 9.2.1),cpp,Accepted,42.0,4360.0,1422,
s007871832,p02572,u102070373,1598728625,C++,C++ (GCC 9.2.1),cpp,Accepted,80.0,5232.0,481,
s881456015,p02572,u400251600,1598728625,C++,C++ (GCC 9.2.1),cpp,Accepted,80.0,6740.0,1138,
s965898977,p02572,u957398141,1598728624,C++,C++ (GCC 9.2.1),cpp,Accepted,80.0,3992.0,619,
s241203681,p02572,u262801165,1598728623,Python,Python (3.8.2),py,Accepted,286.0,49504.0,500,
s481723931,p02572,u816334697,1598728623,C++,C++ (GCC 9.2.1),cpp,Accepted,21.0,5252.0,516,
s580369704,p02572,u595084562,1598728623,C++,C++ (GCC 9.2.1),cpp,Accepted,81.0,4780.0,647,
s572555109,p02572,u601256797,1598728622,C++,C++ (GCC 9.2.1),cpp,Accepted,83.0,6416.0,2162,
s848282403,p02572,u331020950,1598728622,C++,C++ (GCC 9.2.1),cpp,Accepted,40.0,6776.0,3017,
s936101625,p02572,u136086822,1598728622,C++,C++ (GCC 9.2.1),cpp,Accepted,75.0,6420.0,546,
s394114627,p02572,u114407770,1598728622,C++,C++ (GCC 9.2.1),cpp,Accepted,80.0,6416.0,316,
s751841964,p02572,u621912640,1598728621,C++,C++ (GCC 9.2.1),cpp,Accepted,75.0,5160.0,846,
s900542947,p02572,u524596155,1598728621,C++,C++ (GCC 9.2.1),cpp,Accepted,40.0,5208.0,643,
s162674638,p02572,u026155812,1598728621,Python,Python (3.8.2),py,Accepted,199.0,32704.0,635,
s481846207,p02572,u231615655,1598728620,C++,C++ (GCC 9.2.1),cpp,Accepted,80.0,4396.0,2061,
s800156790,p02572,u580402951,1598728619,C++,C++ (GCC 9.2.1),cpp,Accepted,42.0,4836.0,620,
s024781897,p02572,u021022333,1598728619,C++,C++ (GCC 9.2.1),cpp,Accepted,79.0,3628.0,1771,
s860849690,p02572,u149915253,1598728619,C++,C++ (GCC 9.2.1),cpp,Accepted,41.0,6784.0,561,
s860344727,p02572,u123775069,1598728619,C++,C++ (GCC 9.2.1),cpp,Accepted,39.0,6348.0,999,
s497431919,p02572,u518623219,1598728618,C++,C++ (GCC 9.2.1),cpp,Accepted,33.0,6348.0,532,
s610889010,p02572,u497753511,1598728618,C++,C++ (GCC 9.2.1),cpp,Accepted,36.0,6332.0,3582,
s557257250,p02572,u422506696,1598728618,C++,C++ (GCC 9.2.1),cpp,Accepted,74.0,5616.0,1538,
s407878737,p02572,u354616525,1598728617,C++,C++ (GCC 9.2.1),cpp,Accepted,78.0,5152.0,1613,
s889739743,p02572,u383408159,1598728617,C++,C++ (GCC 9.2.1),cpp,Accepted,37.0,5204.0,377,
s341925249,p02572,u017415492,1598728617,Python,Python (3.8.2),py,Accepted,152.0,31336.0,167,
s610903795,p02572,u724392439,1598728617,C++,C++ (GCC 9.2.1),cpp,Accepted,39.0,6740.0,715,
s022592767,p02572,u942697937,1598728617,Python,Python (3.8.2),py,Accepted,215.0,31504.0,328,
s167108713,p02572,u567366779,1598728616,C++,C++ (GCC 9.2.1),cpp,Accepted,84.0,6752.0,662,
s182869847,p02572,u292011786,1598728615,C++,C++ (GCC 9.2.1),cpp,Accepted,83.0,3632.0,665,
s099413160,p02572,u883134470,1598728615,Python,Python (3.8.2),py,Accepted,262.0,31544.0,329,
s114291647,p02572,u372124866,1598728615,C++,C++ (GCC 9.2.1),cpp,Accepted,36.0,6760.0,893,
s347926083,p02572,u732219153,1598728614,C++,C++ (GCC 9.2.1),cpp,Accepted,81.0,6724.0,275,
s385417849,p02572,u214864255,1598728614,C++,C++ (GCC 9.2.1),cpp,Accepted,76.0,5072.0,799,
s698912946,p02572,u796800483,1598728614,C++,C++ (GCC 9.2.1),cpp,Accepted,78.0,5176.0,355,
s876408525,p02572,u107406081,1598728614,C++,C++ (GCC 9.2.1),cpp,Accepted,74.0,5176.0,865,
s967038846,p02572,u362195835,1598728614,C++,C++ (GCC 9.2.1),cpp,Accepted,42.0,6348.0,3122,
s560745249,p02572,u198257719,1598728613,Python,Python (3.8.2),py,Accepted,142.0,31712.0,154,
s925046907,p02572,u157379742,1598728613,Python,PyPy3 (7.3.0),py,Accepted,128.0,96800.0,1979,
s682833847,p02572,u779170803,1598728612,Python,Python (3.8.2),py,Accepted,150.0,31292.0,511,
s888764576,p02572,u633066470,1598728612,C++,C++ (GCC 9.2.1),cpp,Accepted,35.0,6364.0,1241,
s814643461,p02572,u748819456,1598728612,C++,C++ (GCC 9.2.1),cpp,Accepted,79.0,4792.0,1410,
s176915452,p02572,u236127431,1598728612,C++,C++ (GCC 9.2.1),cpp,Accepted,37.0,5220.0,3291,
s026389311,p02572,u523969266,1598728612,C++,C++ (GCC 9.2.1),cpp,Accepted,85.0,4764.0,1956,
s189001174,p02572,u788260274,1598728610,Python,PyPy3 (7.3.0),py,Accepted,495.0,109564.0,783,
s331479221,p02572,u365513379,1598728610,C++,C++ (GCC 9.2.1),cpp,Accepted,37.0,6708.0,1358,
s341903027,p02572,u029912106,1598728609,C++,C++ (GCC 9.2.1),cpp,Accepted,34.0,5176.0,1556,
s290587855,p02572,u255861041,1598728609,C++,C++ (GCC 9.2.1),cpp,Accepted,36.0,5196.0,1401,
s300966681,p02572,u065898443,1598728609,C++,C++ (GCC 9.2.1),cpp,Accepted,81.0,6424.0,646,
s800263040,p02572,u868089307,1598728608,C++,C++ (GCC 9.2.1),cpp,Accepted,78.0,6424.0,2805,
s148461385,p02572,u688108715,1598728608,C++,C++ (GCC 9.2.1),cpp,Accepted,38.0,4748.0,1138,
s195911085,p02572,u373699015,1598728608,C++,C++ (GCC 9.2.1),cpp,Accepted,75.0,6420.0,468,
s968521728,p02572,u412164358,1598728606,C++,C++ (GCC 9.2.1),cpp,Accepted,44.0,6756.0,11010,
s887736154,p02572,u446766335,1598728606,C++,C++ (GCC 9.2.1),cpp,Accepted,77.0,6396.0,635,
s823058260,p02572,u801177665,1598728606,C++,C++ (GCC 9.2.1),cpp,Accepted,78.0,5628.0,540,
s637307842,p02572,u028973125,1598728606,Python,Python (3.8.2),py,Accepted,188.0,31468.0,309,
s264150073,p02572,u606075891,1598728605,C++,C++ (GCC 9.2.1),cpp,Accepted,25.0,6768.0,1118,
s728386959,p02572,u517375850,1598728605,C++,C++ (GCC 9.2.1),cpp,Accepted,70.0,6772.0,416,
s838662653,p02572,u004676431,1598728605,C++,C++ (GCC 9.2.1),cpp,Accepted,74.0,4836.0,352,
s618192836,p02572,u418548056,1598728605,C++,C++ (GCC 9.2.1),cpp,Accepted,37.0,6776.0,736,
s439059432,p02572,u346214077,1598728605,C++,C++ (GCC 9.2.1),cpp,Accepted,79.0,6336.0,528,
s505886712,p02572,u670961163,1598728604,Python,Python (3.8.2),py,Accepted,113.0,31540.0,311,
s583816242,p02572,u348231925,1598728604,C++,C++ (GCC 9.2.1),cpp,Accepted,76.0,4840.0,1435,
s648606956,p02572,u943589074,1598728604,C++,C++ (GCC 9.2.1),cpp,Accepted,37.0,6360.0,1698,
s357342881,p02572,u823920817,1598728603,C++,C++ (GCC 9.2.1),cpp,Accepted,38.0,4776.0,568,
s503269315,p02572,u970369332,1598728602,Python,PyPy3 (7.3.0),py,Accepted,193.0,96860.0,2680,
s582305939,p02572,u869519920,1598728602,Python,Python (3.8.2),py,Accepted,170.0,31612.0,181,
s981457409,p02572,u074782075,1598728601,C++,C++ (GCC 9.2.1),cpp,Accepted,38.0,6780.0,9347,
s593818399,p02572,u216990956,1598728601,C++,C++ (GCC 9.2.1),cpp,Accepted,37.0,6740.0,1192,
s269200498,p02572,u011387432,1598728601,C++,C++ (GCC 9.2.1),cpp,Accepted,36.0,6364.0,1053,
s192634868,p02572,u828738107,1598728600,Python,Python (3.8.2),py,Accepted,157.0,31436.0,442,
s247020193,p02572,u559424030,1598728600,C++,C++ (GCC 9.2.1),cpp,Accepted,78.0,3624.0,709,
s771500836,p02572,u822570165,1598728600,C++,C++ (GCC 9.2.1),cpp,Accepted,77.0,6748.0,464,
s410544312,p02572,u492448945,1598728600,C++,C++ (GCC 9.2.1),cpp,Accepted,77.0,5156.0,1561,
s781746438,p02572,u450089835,1598728599,C++,C++ (GCC 9.2.1),cpp,Accepted,77.0,4780.0,553,
s756718262,p02572,u137542041,1598728599,Python,Python (3.8.2),py,Accepted,210.0,31616.0,251,
s638090423,p02572,u862412671,1598728599,C++,C++ (GCC 9.2.1),cpp,Accepted,78.0,6424.0,1634,
s006112979,p02572,u102655885,1598728598,Python,Python (3.8.2),py,Accepted,132.0,31680.0,279,
s505821869,p02572,u550995059,1598728598,C++,C++ (GCC 9.2.1),cpp,Accepted,34.0,4780.0,2292,
s965282886,p02572,u870178975,1598728598,Python,PyPy3 (7.3.0),py,Accepted,130.0,94264.0,216,
s331140338,p02572,u221959447,1598728597,C++,C++ (GCC 9.2.1),cpp,Accepted,34.0,5212.0,2244,
s690640678,p02572,u147305315,1598728596,C++,C++ (GCC 9.2.1),cpp,Accepted,33.0,6336.0,1890,
s837033898,p02572,u685140127,1598728596,C++,C++ (GCC 9.2.1),cpp,Accepted,34.0,3644.0,400,
s090087730,p02572,u762160119,1598728596,C++,C++ (GCC 9.2.1),cpp,Accepted,88.0,19608.0,1726,
s472965568,p02572,u554990639,1598728596,C++,C++ (Clang 10.0.0),cpp,Accepted,164.0,4368.0,3148,
s223610535,p02572,u632134809,1598728596,C++,C++ (GCC 9.2.1),cpp,Accepted,34.0,6364.0,526,
s819108909,p02572,u620480037,1598728594,Python,Python (3.8.2),py,Accepted,168.0,31564.0,207,
s555971711,p02572,u406379114,1598728594,Python,Python (3.8.2),py,Accepted,156.0,31616.0,171,
s101768344,p02572,u699008198,1598728594,Python,Python (3.8.2),py,Accepted,118.0,31560.0,171,
s427148785,p02572,u736524428,1598728594,Python,Python (3.8.2),py,Accepted,104.0,31660.0,164,
s348528271,p02572,u663733313,1598728594,C++,C++ (GCC 9.2.1),cpp,Accepted,34.0,3644.0,1173,
s475480734,p02572,u313033295,1598728594,C++,C++ (GCC 9.2.1),cpp,Accepted,33.0,5148.0,2794,
s325868453,p02572,u863397945,1598728594,Python,Python (3.8.2),py,Accepted,133.0,31544.0,134,
s896631167,p02572,u464439644,1598728594,C++,C++ (GCC 9.2.1),cpp,Accepted,38.0,6356.0,1527,
s441022314,p02572,u311488536,1598728593,Python,Python (3.8.2),py,Accepted,137.0,31428.0,146,
s393925698,p02572,u488758942,1598728593,C++,C++ (GCC 9.2.1),cpp,Accepted,44.0,4864.0,3183,
s327909030,p02572,u364693468,1598728592,Python,PyPy3 (7.3.0),py,Accepted,250.0,100752.0,642,
s282965482,p02572,u120564432,1598728590,C++,C++ (GCC 9.2.1),cpp,Accepted,80.0,6368.0,583,
s944596820,p02572,u465699806,1598728589,C++,C++ (GCC 9.2.1),cpp,Accepted,33.0,6332.0,12132,
s920771274,p02572,u332570575,1598728589,C++,C++ (GCC 9.2.1),cpp,Accepted,81.0,5632.0,1789,
s954021422,p02572,u338418253,1598728587,C++,C++ (GCC 9.2.1),cpp,Accepted,79.0,4840.0,1237,
s945823978,p02572,u558908966,1598728586,C++,C++ (GCC 9.2.1),cpp,Accepted,34.0,4760.0,3489,
s058597538,p02572,u301410695,1598728585,C++,C++ (GCC 9.2.1),cpp,Accepted,76.0,6748.0,464,
s687758524,p02572,u629406468,1598728585,C++,C++ (Clang 10.0.0),cpp,Accepted,258.0,4744.0,610,
s600634222,p02572,u299658942,1598728585,C++,C++ (GCC 9.2.1),cpp,Accepted,44.0,6760.0,1388,
s295961990,p02572,u309716323,1598728585,Python,PyPy3 (7.3.0),py,Accepted,108.0,92952.0,386,
s459488994,p02572,u251058942,1598728585,C++,C++ (GCC 9.2.1),cpp,Accepted,79.0,6864.0,555,
s195371433,p02572,u056489112,1598728584,C++,C++ (GCC 9.2.1),cpp,Accepted,37.0,5180.0,1354,
s240620691,p02572,u118642796,1598728584,Python,Python (3.8.2),py,Accepted,103.0,31424.0,241,
s700517084,p02572,u491100219,1598728584,C++,C++ (GCC 9.2.1),cpp,Accepted,72.0,3632.0,485,
s825035686,p02572,u898967808,1598728584,Python,Python (3.8.2),py,Accepted,126.0,31608.0,181,
s881260091,p02572,u399556431,1598728584,Python,Python (3.8.2),py,Accepted,167.0,31512.0,414,
s059831664,p02572,u809495242,1598728583,Python,Python (3.8.2),py,Accepted,163.0,31540.0,170,
s725742158,p02572,u132365288,1598728582,C++,C++ (GCC 9.2.1),cpp,Accepted,38.0,4748.0,1278,
s413313045,p02572,u972911059,1598728581,C++,C++ (GCC 9.2.1),cpp,Accepted,37.0,6360.0,703,
s193252395,p02572,u057651285,1598728581,C++,C++ (GCC 9.2.1),cpp,Accepted,42.0,6348.0,9781,
s998125385,p02572,u785282328,1598728580,C++,C++ (GCC 9.2.1),cpp,Accepted,37.0,6792.0,3392,
s521749958,p02572,u095794158,1598728580,C++,C++ (GCC 9.2.1),cpp,Accepted,42.0,3752.0,1390,
s667407746,p02572,u909716307,1598728580,Python,Python (3.8.2),py,Accepted,130.0,31620.0,136,
s388054908,p02572,u242773895,1598728580,C++,C++ (GCC 9.2.1),cpp,Accepted,33.0,4768.0,2776,
s571760186,p02572,u588341295,1598728579,Python,Python (3.8.2),py,Accepted,214.0,31980.0,855,
s771438523,p02572,u652057333,1598728579,Python,PyPy3 (7.3.0),py,Accepted,112.0,93720.0,787,
s582459195,p02572,u389498936,1598728578,C++,C++ (GCC 9.2.1),cpp,Accepted,38.0,4828.0,2025,
s354745269,p02572,u132576106,1598728578,C++,C++ (GCC 9.2.1),cpp,Accepted,48.0,6336.0,559,
s232332526,p02572,u283907492,1598728577,C++,C++ (GCC 9.2.1),cpp,Accepted,37.0,3976.0,1881,
s117851943,p02572,u839962817,1598728577,C++,C++ (GCC 9.2.1),cpp,Accepted,76.0,5140.0,784,
s994257438,p02572,u559765551,1598728576,C++,C++ (GCC 9.2.1),cpp,Accepted,73.0,6356.0,475,
s828957500,p02572,u123872895,1598728576,Python,Python (3.8.2),py,Accepted,154.0,31408.0,238,
s143969006,p02572,u299017142,1598728576,C++,C++ (GCC 9.2.1),cpp,Accepted,36.0,4768.0,915,
s331264637,p02572,u403247170,1598728576,C++,C++ (GCC 9.2.1),cpp,Accepted,34.0,4768.0,1945,
s992876505,p02572,u970899068,1598728575,Python,PyPy3 (7.3.0),py,Accepted,119.0,94056.0,215,
s743681980,p02572,u942033906,1598728574,Python,Python (3.8.2),py,Accepted,102.0,31288.0,224,
s989232248,p02572,u586759271,1598728574,Python,PyPy3 (7.3.0),py,Accepted,116.0,94140.0,230,
s660827704,p02572,u676699191,1598728574,C++,C++ (GCC 9.2.1),cpp,Accepted,79.0,6368.0,715,
s886921048,p02572,u207493540,1598728574,C++,C++ (GCC 9.2.1),cpp,Accepted,36.0,6360.0,2681,
s395293232,p02572,u459930111,1598728574,C++,C++ (GCC 9.2.1),cpp,Accepted,81.0,4836.0,540,
s298232135,p02572,u185967517,1598728573,C++,C++ (GCC 9.2.1),cpp,Accepted,77.0,5632.0,2254,
s055785357,p02572,u312845409,1598728572,C++,C++ (GCC 9.2.1),cpp,Accepted,35.0,6780.0,2516,
s369823352,p02572,u238560506,1598728572,C++,C++ (GCC 9.2.1),cpp,Accepted,79.0,3996.0,364,
s370136809,p02572,u599618806,1598728572,C++,C++ (GCC 9.2.1),cpp,Accepted,27.0,3636.0,838,
s888751873,p02572,u191874006,1598728571,Python,PyPy3 (7.3.0),py,Accepted,132.0,92052.0,664,
s605556515,p02572,u367569703,1598728570,C++,C++ (GCC 9.2.1),cpp,Accepted,74.0,5180.0,316,
s352156195,p02572,u901561754,1598728570,C++,C++ (GCC 9.2.1),cpp,Accepted,76.0,5172.0,1046,
s900880445,p02572,u518206537,1598728569,C++,C++ (GCC 9.2.1),cpp,Accepted,76.0,6420.0,450,
s667031421,p02572,u028572059,1598728568,C++,C++ (GCC 9.2.1),cpp,Accepted,80.0,4796.0,533,
s774221657,p02572,u380491044,1598728568,C++,C++ (GCC 9.2.1),cpp,Accepted,75.0,4772.0,326,
s390742712,p02572,u914802579,1598728567,Python,Python (3.8.2),py,Accepted,181.0,31672.0,195,
s371671349,p02572,u446797786,1598728567,C++,C++ (GCC 9.2.1),cpp,Accepted,81.0,4836.0,970,
s208927032,p02572,u215692812,1598728567,C++,C++ (GCC 9.2.1),cpp,Accepted,38.0,6360.0,3553,
s569942811,p02572,u178432859,1598728566,Python,PyPy3 (7.3.0),py,Accepted,134.0,94332.0,182,
s407379472,p02572,u616017354,1598728566,C++,C++ (GCC 9.2.1),cpp,Accepted,74.0,6756.0,561,
s686198491,p02572,u024764559,1598728566,C++,C++ (GCC 9.2.1),cpp,Accepted,76.0,3968.0,475,
s731417838,p02572,u536230475,1598728565,Python,PyPy3 (7.3.0),py,Accepted,568.0,111556.0,459,
s735961577,p02572,u563743611,1598728565,C++,C++ (GCC 9.2.1),cpp,Accepted,78.0,3632.0,1073,
s472427072,p02572,u198710980,1598728565,C++,C++ (GCC 9.2.1),cpp,Accepted,73.0,4840.0,466,
s056911634,p02572,u653096128,1598728565,C++,C++ (GCC 9.2.1),cpp,Accepted,42.0,6880.0,599,
s418524406,p02572,u423690156,1598728565,C++,C++ (GCC 9.2.1),cpp,Accepted,46.0,6876.0,555,
s059344195,p02572,u160347785,1598728565,C++,C++ (GCC 9.2.1),cpp,Accepted,74.0,6420.0,691,
s296551197,p02572,u304102443,1598728564,Python,PyPy3 (7.3.0),py,Accepted,139.0,96292.0,2412,
s201576241,p02572,u734929864,1598728562,C++,C++ (GCC 9.2.1),cpp,Accepted,40.0,6740.0,2947,
s751998852,p02572,u330912904,1598728562,C++,C++ (GCC 9.2.1),cpp,Accepted,40.0,4780.0,2891,
s450237093,p02572,u729302119,1598728561,C++,C++ (GCC 9.2.1),cpp,Accepted,35.0,6736.0,1539,
s911734711,p02572,u349091349,1598728561,Python,PyPy3 (7.3.0),py,Accepted,135.0,102196.0,188,
s420186883,p02572,u219476246,1598728560,C++,C++ (GCC 9.2.1),cpp,Accepted,36.0,6780.0,1511,
s018243918,p02572,u558505664,1598728560,C++,C++ (GCC 9.2.1),cpp,Accepted,34.0,6760.0,1069,
s033690848,p02572,u288905450,1598728559,C++,C++ (GCC 9.2.1),cpp,Accepted,73.0,4760.0,1771,
s882770397,p02572,u618101737,1598728559,Python,PyPy2 (7.3.0),py,Accepted,239.0,96080.0,600,
s107829140,p02572,u894265012,1598728559,Python,PyPy3 (7.3.0),py,Accepted,128.0,94264.0,183,
s890381171,p02572,u466335531,1598728558,C++,C++ (GCC 9.2.1),cpp,Accepted,39.0,4784.0,2312,
s114247727,p02572,u465233477,1598728558,C++,C++ (GCC 9.2.1),cpp,Accepted,86.0,6424.0,3210,
s126923686,p02572,u760961723,1598728558,Python,Python (3.8.2),py,Accepted,138.0,33168.0,618,
s690768167,p02572,u274479035,1598728558,C++,C++ (GCC 9.2.1),cpp,Accepted,37.0,6756.0,420,
s955269260,p02572,u672177558,1598728557,C++,C++ (GCC 9.2.1),cpp,Accepted,75.0,6716.0,1039,
s932938097,p02572,u437779154,1598728557,C++,C++ (GCC 9.2.1),cpp,Accepted,71.0,4836.0,1966,
s968198663,p02572,u577654787,1598728557,C++,C++ (GCC 9.2.1),cpp,Accepted,71.0,5196.0,658,
s255756340,p02572,u077220960,1598728556,C++,C++ (GCC 9.2.1),cpp,Accepted,39.0,6768.0,712,
s956019093,p02572,u636683284,1598728556,Python,PyPy3 (7.3.0),py,Accepted,112.0,94136.0,172,
s978072119,p02572,u781638903,1598728556,C++,C++ (GCC 9.2.1),cpp,Accepted,35.0,4772.0,1879,
s144304243,p02572,u571867512,1598728555,Python,Python (3.8.2),py,Accepted,143.0,31540.0,197,
s058595816,p02572,u211259428,1598728555,C++,C++ (GCC 9.2.1),cpp,Accepted,39.0,6344.0,986,
s076254912,p02572,u654517927,1598728555,Python,Python (3.8.2),py,Accepted,155.0,31668.0,192,
s769257114,p02572,u725792883,1598728555,C++,C++ (GCC 9.2.1),cpp,Accepted,34.0,6768.0,4913,
s179100271,p02572,u286585977,1598728555,C++,C++ (GCC 9.2.1),cpp,Accepted,37.0,6776.0,2824,
s063283353,p02572,u060505687,1598728555,C++,C++ (GCC 9.2.1),cpp,Accepted,80.0,6716.0,1893,
s406038439,p02572,u152638361,1598728555,Python,Python (3.8.2),py,Accepted,148.0,31624.0,165,
s183618520,p02572,u777282225,1598728554,C++,C++ (GCC 9.2.1),cpp,Accepted,31.0,4780.0,947,
s950921495,p02572,u505564549,1598728553,Python,Python (3.8.2),py,Accepted,143.0,31400.0,216,
s544445794,p02572,u519339498,1598728553,Python,Python (3.8.2),py,Accepted,118.0,31640.0,356,
s929716147,p02572,u467847183,1598728552,C++,C++ (GCC 9.2.1),cpp,Accepted,36.0,3648.0,883,
s202856886,p02572,u019485078,1598728552,C++,C++ (GCC 9.2.1),cpp,Accepted,78.0,4840.0,424,
s513972088,p02572,u926305390,1598728551,C++,C++ (Clang 10.0.0),cpp,Accepted,176.0,6056.0,3527,
s458326971,p02572,u716191775,1598728551,C++,C++ (GCC 9.2.1),cpp,Accepted,36.0,6364.0,1620,
s246825314,p02572,u563170985,1598728551,C++,C++ (GCC 9.2.1),cpp,Accepted,79.0,4824.0,1788,
s053852433,p02572,u628332144,1598728549,C++,C++ (GCC 9.2.1),cpp,Accepted,74.0,6372.0,811,
s876231511,p02572,u259053514,1598728549,C++,C++ (GCC 9.2.1),cpp,Accepted,73.0,4840.0,8693,
s207690504,p02572,u588794534,1598728548,Python,PyPy3 (7.3.0),py,Accepted,125.0,94268.0,210,
s648219837,p02572,u803684095,1598728548,C++,C++ (GCC 9.2.1),cpp,Accepted,77.0,6488.0,1549,
s691184965,p02572,u659712937,1598728548,Python,PyPy3 (7.3.0),py,Accepted,132.0,94184.0,210,
s851587594,p02572,u436624291,1598728548,C++,C++ (GCC 9.2.1),cpp,Accepted,36.0,4780.0,1583,
s546033647,p02572,u801242982,1598728547,C++,C++ (GCC 9.2.1),cpp,Accepted,38.0,6732.0,668,
s323251026,p02572,u215860196,1598728547,C++,C++ (GCC 9.2.1),cpp,Accepted,36.0,3660.0,506,
s837698097,p02572,u101874550,1598728546,C++,C++ (GCC 9.2.1),cpp,Accepted,33.0,4780.0,4236,
s193896337,p02572,u933962236,1598728546,C++,C++ (GCC 9.2.1),cpp,Accepted,77.0,6748.0,435,
s239752583,p02572,u728513189,1598728545,C++,C++ (GCC 9.2.1),cpp,Accepted,77.0,6716.0,629,
s538748881,p02572,u417515621,1598728545,C++,C++ (GCC 9.2.1),cpp,Accepted,24.0,5248.0,1185,
s107640166,p02572,u364880574,1598728545,C++,C++ (GCC 9.2.1),cpp,Accepted,29.0,6752.0,558,
s204180786,p02572,u395652671,1598728545,C++,C++ (GCC 9.2.1),cpp,Accepted,39.0,6364.0,1229,
s750007970,p02572,u551606197,1598728544,C++,C++ (GCC 9.2.1),cpp,Accepted,36.0,6732.0,681,
s116108761,p02572,u755121033,1598728543,C++,C++ (GCC 9.2.1),cpp,Accepted,76.0,6424.0,666,
s466088013,p02572,u748311048,1598728543,Python,Python (3.8.2),py,Accepted,138.0,31420.0,151,
s213570933,p02572,u220196570,1598728542,C++,C++ (GCC 9.2.1),cpp,Accepted,77.0,6752.0,530,
s537825237,p02572,u630713695,1598728541,C++,C++ (GCC 9.2.1),cpp,Accepted,31.0,3652.0,371,
s763949831,p02572,u792720861,1598728541,C++,C++ (GCC 9.2.1),cpp,Accepted,76.0,4840.0,396,
s293122971,p02572,u426764965,1598728540,Python,Python (3.8.2),py,Accepted,188.0,31608.0,226,
s019798054,p02572,u571785964,1598728540,C++,C++ (GCC 9.2.1),cpp,Accepted,41.0,6360.0,1940,
s357914889,p02572,u597456301,1598728540,C++,C++ (GCC 9.2.1),cpp,Accepted,43.0,3636.0,487,
s987599792,p02572,u512624048,1598728539,C++,C++ (GCC 9.2.1),cpp,Accepted,80.0,5628.0,621,
s383368793,p02572,u374935093,1598728539,Python,PyPy3 (7.3.0),py,Accepted,132.0,101884.0,230,
s361545754,p02572,u438662618,1598728539,C++,C++ (GCC 9.2.1),cpp,Accepted,79.0,6424.0,914,
s627773071,p02572,u477320129,1598728539,Python,Python (3.8.2),py,Accepted,178.0,43760.0,780,
s817949991,p02572,u693173434,1598728538,Python,Python (3.8.2),py,Accepted,173.0,31760.0,206,
s104725570,p02572,u053856575,1598728538,Python,Python (3.8.2),py,Accepted,161.0,31684.0,533,
s502377255,p02572,u162722858,1598728537,C++,C++ (Clang 10.0.0),cpp,Accepted,167.0,4960.0,2672,
s950809225,p02572,u371051907,1598728537,C++,C++ (GCC 9.2.1),cpp,Accepted,79.0,4780.0,1223,
s656331402,p02572,u920808914,1598728536,C++,C++ (GCC 9.2.1),cpp,Accepted,46.0,7948.0,907,
s012832517,p02572,u412408615,1598728535,C++,C++ (GCC 9.2.1),cpp,Accepted,72.0,4044.0,2630,
s350213569,p02572,u811612390,1598728535,Python,PyPy3 (7.3.0),py,Accepted,143.0,105640.0,352,
s364150232,p02572,u764066313,1598728535,Python,Python (3.8.2),py,Accepted,110.0,31440.0,444,
s846500637,p02572,u799238092,1598728535,C++,C++ (GCC 9.2.1),cpp,Accepted,37.0,6740.0,2657,
s888941089,p02572,u317379170,1598728535,C++,C++ (GCC 9.2.1),cpp,Accepted,74.0,5184.0,721,
s426199920,p02572,u449624205,1598728534,C++,C++ (GCC 9.2.1),cpp,Accepted,33.0,3652.0,1394,
s887380814,p02572,u366169644,1598728533,C++,C++ (GCC 9.2.1),cpp,Accepted,72.0,5176.0,414,
s191705860,p02572,u917870105,1598728533,C++,C++ (GCC 9.2.1),cpp,Accepted,37.0,6296.0,729,
s714875603,p02572,u959519702,1598728533,C++,C++ (GCC 9.2.1),cpp,Accepted,80.0,4784.0,3119,
s956080826,p02572,u685977797,1598728533,C++,C++ (GCC 9.2.1),cpp,Accepted,34.0,6344.0,603,
s893718902,p02572,u608007704,1598728532,Python,PyPy3 (7.3.0),py,Accepted,132.0,107004.0,194,
s799243907,p02572,u605168157,1598728532,C++,C++ (GCC 9.2.1),cpp,Accepted,76.0,6712.0,891,
s739783446,p02572,u365955948,1598728532,C++,C++ (GCC 9.2.1),cpp,Accepted,38.0,6740.0,1035,
s485808352,p02572,u229156891,1598728532,Python,Python (3.8.2),py,Accepted,120.0,31504.0,349,
s382526173,p02572,u866535689,1598728531,C++,C++ (GCC 9.2.1),cpp,Accepted,38.0,6364.0,1876,
s532243385,p02572,u188745744,1598728531,Python,Python (3.8.2),py,Accepted,158.0,31620.0,167,
s349326341,p02572,u145962641,1598728530,C++,C++ (GCC 9.2.1),cpp,Accepted,45.0,4776.0,623,
s571745412,p02572,u521057121,1598728530,C++,C++ (GCC 9.2.1),cpp,Accepted,77.0,5140.0,383,
s585281521,p02572,u382423941,1598728530,C++,C++ (GCC 9.2.1),cpp,Accepted,36.0,6368.0,1929,
s828053026,p02572,u926025622,1598728530,C++,C++ (GCC 9.2.1),cpp,Accepted,76.0,5632.0,850,
s337883186,p02572,u845620905,1598728529,Python,Python (3.8.2),py,Accepted,186.0,31536.0,244,
s315287513,p02572,u035009844,1598728529,C++,C++ (GCC 9.2.1),cpp,Accepted,32.0,4780.0,829,
s592452154,p02572,u424316992,1598728528,C++,C++ (GCC 9.2.1),cpp,Accepted,74.0,5156.0,1203,
s605084973,p02572,u158995862,1598728528,Python,PyPy3 (7.3.0),py,Accepted,115.0,94012.0,253,
s057221418,p02572,u419800506,1598728528,C++,C++ (GCC 9.2.1),cpp,Accepted,35.0,3640.0,1028,
s289293000,p02572,u225660136,1598728528,C++,C++ (GCC 9.2.1),cpp,Accepted,40.0,4776.0,2564,
s333472853,p02572,u378945900,1598728528,C++,C++ (GCC 9.2.1),cpp,Accepted,78.0,4804.0,7489,
s136359216,p02572,u500494303,1598728527,C++,C++ (GCC 9.2.1),cpp,Accepted,37.0,5204.0,1682,
s259284107,p02572,u377370946,1598728527,Python,PyPy3 (7.3.0),py,Accepted,111.0,104932.0,194,
s864724321,p02572,u235210692,1598728526,Python,Python (3.8.2),py,Accepted,159.0,31476.0,207,
s847800936,p02572,u116856225,1598728526,C++,C++ (GCC 9.2.1),cpp,Accepted,38.0,6364.0,2752,
s522587158,p02572,u545368057,1598728526,Python,Python (3.8.2),py,Accepted,246.0,31560.0,190,
s974753261,p02572,u340494803,1598728526,C++,C++ (GCC 9.2.1),cpp,Accepted,82.0,3708.0,407,
s494047759,p02572,u815763296,1598728526,Python,Python (3.8.2),py,Accepted,156.0,31444.0,206,
s152002951,p02572,u453764945,1598728525,C++,C++ (Clang 10.0.0),cpp,Accepted,162.0,4384.0,586,
s870883021,p02572,u328510800,1598728525,Python,Python (3.8.2),py,Accepted,171.0,31328.0,226,
s741329475,p02572,u259703270,1598728524,Python,PyPy3 (7.3.0),py,Accepted,115.0,91976.0,253,
s364050272,p02572,u124178639,1598728524,C++,C++ (GCC 9.2.1),cpp,Accepted,74.0,6744.0,765,
s647082469,p02572,u596505843,1598728524,Python,PyPy3 (7.3.0),py,Accepted,163.0,105424.0,675,
s876234178,p02572,u484608911,1598728523,C++,C++ (GCC 9.2.1),cpp,Accepted,32.0,4772.0,927,
s523752228,p02572,u660237354,1598728523,C++,C++ (GCC 9.2.1),cpp,Accepted,39.0,5176.0,1097,
s896261915,p02572,u452364593,1598728523,C++,C++ (GCC 9.2.1),cpp,Accepted,34.0,4760.0,4574,
s855947631,p02572,u708019102,1598728523,Python,Python (3.8.2),py,Accepted,291.0,31432.0,243,
s120433921,p02572,u045408189,1598728523,C++,C++ (GCC 9.2.1),cpp,Accepted,76.0,6424.0,2507,
s934553629,p02572,u604522449,1598728523,Python,Python (3.8.2),py,Accepted,205.0,33740.0,574,
s585898758,p02572,u736788838,1598728523,C++,C++ (GCC 9.2.1),cpp,Accepted,41.0,5572.0,2950,
s015061206,p02572,u087802159,1598728522,C++,C++ (GCC 9.2.1),cpp,Accepted,40.0,6336.0,1176,
s316987366,p02572,u297574184,1598728522,Python,Python (3.8.2),py,Accepted,160.0,30996.0,354,
s084764101,p02572,u813104775,1598728522,C++,C++ (GCC 9.2.1),cpp,Accepted,37.0,6764.0,870,
s244597324,p02572,u920463220,1598728521,Python,Python (3.8.2),py,Accepted,150.0,31432.0,243,
s972201336,p02572,u938988866,1598728521,C++,C++ (GCC 9.2.1),cpp,Accepted,76.0,6420.0,445,
s147749769,p02572,u103799157,1598728521,C++,C++ (GCC 9.2.1),cpp,Accepted,38.0,6360.0,1523,
s568665650,p02572,u701136990,1598728520,C++,C++ (GCC 9.2.1),cpp,Accepted,77.0,5176.0,901,
s611936803,p02572,u234762276,1598728520,C++,C++ (GCC 9.2.1),cpp,Accepted,42.0,6384.0,2215,
s157432262,p02572,u472279714,1598728520,C++,C++ (GCC 9.2.1),cpp,Accepted,76.0,6716.0,1550,
s730163558,p02572,u470560351,1598728519,Python,Python (3.8.2),py,Accepted,191.0,31552.0,232,
s716326840,p02572,u852978989,1598728519,C++,C++ (GCC 9.2.1),cpp,Accepted,39.0,6748.0,859,
s746262202,p02572,u906839513,1598728519,C++,C++ (GCC 9.2.1),cpp,Accepted,78.0,6424.0,1466,
s531944522,p02572,u815140247,1598728519,C++,C++ (GCC 9.2.1),cpp,Accepted,43.0,6888.0,551,
s964005369,p02572,u894339989,1598728519,C++,C++ (GCC 9.2.1),cpp,Accepted,38.0,4728.0,690,
s535326969,p02572,u679906187,1598728518,C++,C++ (GCC 9.2.1),cpp,Accepted,82.0,4788.0,2016,
s082898544,p02572,u268554510,1598728518,Python,PyPy3 (7.3.0),py,Accepted,118.0,94044.0,248,
s518753723,p02572,u822717668,1598728517,C++,C++ (GCC 9.2.1),cpp,Accepted,75.0,6752.0,498,
s841015763,p02572,u759509597,1598728517,C++,C++ (GCC 9.2.1),cpp,Accepted,81.0,5196.0,345,
s918041038,p02572,u258184297,1598728517,Python,Python (3.8.2),py,Accepted,117.0,31608.0,426,
s551816563,p02572,u090933742,1598728515,C++,C++ (GCC 9.2.1),cpp,Accepted,34.0,5196.0,834,
s524005009,p02572,u534030822,1598728515,C++,C++ (GCC 9.2.1),cpp,Accepted,56.0,6300.0,1191,
s763380178,p02572,u237022500,1598728515,C++,C++ (GCC 9.2.1),cpp,Accepted,71.0,6424.0,520,
s991283261,p02572,u981076121,1598728515,C++,C++ (GCC 9.2.1),cpp,Accepted,34.0,6776.0,758,
s111756257,p02572,u511824539,1598728514,Python,PyPy3 (7.3.0),py,Accepted,133.0,102160.0,235,
s756005627,p02572,u952491523,1598728514,Python,PyPy3 (7.3.0),py,Accepted,127.0,94332.0,239,
s386522050,p02572,u138886316,1598728514,C++,C++ (GCC 9.2.1),cpp,Accepted,80.0,6420.0,798,
s446231170,p02572,u105100688,1598728513,C++,C++ (GCC 9.2.1),cpp,Accepted,76.0,6424.0,552,
s754672941,p02572,u839188633,1598728513,Python,PyPy3 (7.3.0),py,Accepted,120.0,105140.0,236,
s344010950,p02572,u366963613,1598728513,Python,PyPy3 (7.3.0),py,Accepted,119.0,94160.0,1041,
s178025295,p02572,u351419640,1598728512,C++,C++ (GCC 9.2.1),cpp,Accepted,43.0,6932.0,450,
s545313712,p02572,u521323621,1598728511,Python,Python (3.8.2),py,Accepted,159.0,31668.0,157,
s549841334,p02572,u319329587,1598728511,C++,C++ (GCC 9.2.1),cpp,Accepted,37.0,6360.0,1782,
s263217122,p02572,u129611452,1598728511,C++,C++ (GCC 9.2.1),cpp,Accepted,76.0,6404.0,543,
s483702513,p02572,u968846084,1598728510,Python,Python (3.8.2),py,Accepted,143.0,31752.0,140,
s848566674,p02572,u271454647,1598728510,C++,C++ (GCC 9.2.1),cpp,Accepted,30.0,3952.0,6786,
s732449162,p02572,u238504302,1598728509,Python,Python (3.8.2),py,Accepted,124.0,31592.0,156,
s643796129,p02572,u761529120,1598728509,Python,PyPy3 (7.3.0),py,Accepted,137.0,103840.0,312,
s937150607,p02572,u902500155,1598728509,C++,C++ (GCC 9.2.1),cpp,Accepted,73.0,4836.0,3498,
s830868893,p02572,u176843436,1598728508,C++,C++ (GCC 9.2.1),cpp,Accepted,70.0,5196.0,370,
s259583026,p02572,u685066025,1598728507,C++,C++ (GCC 9.2.1),cpp,Accepted,74.0,4836.0,450,
s347213806,p02572,u631728946,1598728507,C++,C++ (GCC 9.2.1),cpp,Accepted,75.0,4044.0,840,
s374603451,p02572,u619557935,1598728507,Python,PyPy3 (7.3.0),py,Accepted,138.0,95296.0,303,
s962014440,p02572,u769965655,1598728507,C++,C++ (GCC 9.2.1),cpp,Accepted,40.0,6948.0,2506,
s650141213,p02572,u988402778,1598728506,Python,PyPy3 (7.3.0),py,Accepted,514.0,111768.0,22898,
s189270033,p02572,u197955752,1598728506,Python,Python (3.8.2),py,Accepted,184.0,31548.0,247,
s468552825,p02572,u531151228,1598728506,C++,C++ (GCC 9.2.1),cpp,Accepted,33.0,6776.0,3534,
s046190879,p02572,u551627081,1598728505,C++,C++ (GCC 9.2.1),cpp,Accepted,37.0,4780.0,514,
s675031328,p02572,u028061225,1598728505,C++,C++ (GCC 9.2.1),cpp,Accepted,80.0,6424.0,723,
s809387443,p02572,u228223940,1598728504,Python,PyPy3 (7.3.0),py,Accepted,132.0,94168.0,279,
s833310460,p02572,u893239355,1598728504,C++,C++ (GCC 9.2.1),cpp,Accepted,76.0,4808.0,532,
s528256639,p02572,u359421636,1598728504,C++,C++ (GCC 9.2.1),cpp,Accepted,42.0,5220.0,2650,
s607258875,p02572,u429063220,1598728504,C++,C++ (GCC 9.2.1),cpp,Accepted,75.0,4348.0,1394,
s962352377,p02572,u149053772,1598728504,C++,C++ (GCC 9.2.1),cpp,Accepted,82.0,6724.0,1265,
s056701919,p02572,u456516890,1598728503,C++,C++ (GCC 9.2.1),cpp,Accepted,45.0,4780.0,860,
s598472748,p02572,u358815527,1598728502,C++,C++ (GCC 9.2.1),cpp,Accepted,36.0,5516.0,931,
s018637789,p02572,u517197973,1598728501,C++,C++ (GCC 9.2.1),cpp,Accepted,78.0,4828.0,694,
s483051806,p02572,u787432793,1598728501,C++,C++ (GCC 9.2.1),cpp,Accepted,40.0,6360.0,521,
s836726617,p02572,u072293789,1598728500,C++,C++ (GCC 9.2.1),cpp,Accepted,81.0,4772.0,379,
s908864902,p02572,u408943305,1598728500,C++,C++ (GCC 9.2.1),cpp,Accepted,37.0,3988.0,1142,
s471645480,p02572,u484915405,1598728500,C++,C++ (GCC 9.2.1),cpp,Accepted,74.0,3952.0,1844,
s709159528,p02572,u748241164,1598728500,Python,Python (3.8.2),py,Accepted,162.0,31436.0,200,
s379237969,p02572,u494609869,1598728500,C++,C++ (GCC 9.2.1),cpp,Accepted,84.0,6420.0,514,
s227744251,p02572,u840300092,1598728499,C++,C++ (GCC 9.2.1),cpp,Accepted,35.0,4772.0,1176,
s929567749,p02572,u849073847,1598728499,C++,C++ (GCC 9.2.1),cpp,Accepted,74.0,4828.0,517,
s063926444,p02572,u899432638,1598728499,C++,C++ (GCC 9.2.1),cpp,Accepted,40.0,4072.0,372,
s958498710,p02572,u080204969,1598728499,C++,C++ (GCC 9.2.1),cpp,Accepted,37.0,6888.0,1707,
s506294298,p02572,u010930844,1598728498,C++,C++ (GCC 9.2.1),cpp,Accepted,41.0,5208.0,799,
s097873309,p02572,u909051929,1598728497,C++,C++ (GCC 9.2.1),cpp,Accepted,38.0,6732.0,1473,
s224261834,p02572,u615034089,1598728496,Python,Python (3.8.2),py,Accepted,169.0,31436.0,184,
s080414202,p02572,u941438707,1598728496,Python,Python (3.8.2),py,Accepted,131.0,31672.0,113,
s501277034,p02572,u145179061,1598728496,C++,C++ (GCC 9.2.1),cpp,Accepted,39.0,6360.0,2183,
s208727591,p02572,u698760125,1598728496,C++,C++ (GCC 9.2.1),cpp,Accepted,76.0,6416.0,465,
s561713767,p02572,u419854316,1598728496,C++,C++ (GCC 9.2.1),cpp,Accepted,38.0,6736.0,883,
s594595743,p02572,u176456563,1598728495,C++,C++ (Clang 10.0.0),cpp,Accepted,40.0,4000.0,361,
s514316617,p02572,u421664751,1598728495,C++,C++ (GCC 9.2.1),cpp,Accepted,45.0,6428.0,771,
s307727893,p02572,u302358383,1598728494,C++,C++ (GCC 9.2.1),cpp,Accepted,42.0,6356.0,1047,
s539305186,p02572,u190580703,1598728493,C++,C++ (GCC 9.2.1),cpp,Accepted,37.0,6332.0,4938,
s662790109,p02572,u432851909,1598728493,C++,C++ (GCC 9.2.1),cpp,Accepted,47.0,13796.0,2096,
s808292377,p02572,u455371217,1598728493,C++,C++ (GCC 9.2.1),cpp,Accepted,36.0,6332.0,888,
s688419762,p02572,u569200313,1598728492,C++,C++ (GCC 9.2.1),cpp,Accepted,37.0,3664.0,1140,
s745201638,p02572,u087436629,1598728492,C++,C++ (GCC 9.2.1),cpp,Accepted,37.0,6732.0,807,
s983524400,p02572,u543702253,1598728492,C++,C++ (GCC 9.2.1),cpp,Accepted,77.0,6744.0,417,
s814881669,p02572,u117615163,1598728492,C++,C++ (GCC 9.2.1),cpp,Accepted,35.0,6348.0,887,
s046787703,p02572,u260358224,1598728491,C++,C++ (GCC 9.2.1),cpp,Accepted,36.0,4776.0,683,
s870302246,p02572,u177388368,1598728491,Python,Python (3.8.2),py,Accepted,126.0,31612.0,270,
s489289652,p02572,u545706088,1598728491,C++,C++ (GCC 9.2.1),cpp,Accepted,23.0,6816.0,788,
s618765836,p02572,u451256159,1598728490,C++,C++ (GCC 9.2.1),cpp,Accepted,78.0,6424.0,356,
s359246102,p02572,u026788530,1598728490,Python,Python (3.8.2),py,Accepted,202.0,31756.0,244,
s888262453,p02572,u775900747,1598728490,C++,C++ (GCC 9.2.1),cpp,Accepted,39.0,4780.0,636,
s540036161,p02572,u319625425,1598728489,C++,C++ (GCC 9.2.1),cpp,Accepted,38.0,4708.0,565,
s716030808,p02572,u347305031,1598728489,Python,PyPy3 (7.3.0),py,Accepted,132.0,105016.0,232,
s675771676,p02572,u760505850,1598728489,C++,C++ (GCC 9.2.1),cpp,Accepted,74.0,6756.0,376,
s117025969,p02572,u851470173,1598728488,C++,C++ (GCC 9.2.1),cpp,Accepted,40.0,6364.0,1964,
s877588455,p02572,u972751299,1598728488,C++,C++ (GCC 9.2.1),cpp,Accepted,39.0,5204.0,647,
s676614428,p02572,u406311259,1598728488,C++,C++ (GCC 9.2.1),cpp,Accepted,76.0,4844.0,465,
s503646743,p02572,u821802586,1598728488,C++,C++ (Clang 10.0.0),cpp,Accepted,165.0,4508.0,5216,
s336972085,p02572,u027221514,1598728486,C++,C++ (GCC 9.2.1),cpp,Accepted,84.0,6716.0,358,
s630461269,p02572,u951296792,1598728485,C++,C++ (GCC 9.2.1),cpp,Accepted,26.0,6716.0,680,
s965365485,p02572,u981309686,1598728485,Python,Python (3.8.2),py,Accepted,135.0,31544.0,137,
s255961735,p02572,u347057617,1598728483,C++,C++ (GCC 9.2.1),cpp,Accepted,33.0,4756.0,6926,
s563679756,p02572,u860829879,1598728483,Python,PyPy3 (7.3.0),py,Accepted,136.0,111568.0,111,
s804692520,p02572,u905592208,1598728482,C++,C++ (Clang 10.0.0),cpp,Accepted,240.0,6324.0,2242,
s097731407,p02572,u777549027,1598728482,C++,C++ (GCC 9.2.1),cpp,Accepted,40.0,4848.0,1411,
s311300234,p02572,u518064858,1598728481,Python,Python (3.8.2),py,Accepted,179.0,31720.0,186,
s259309884,p02572,u941407962,1598728481,Python,PyPy3 (7.3.0),py,Accepted,111.0,94040.0,839,
s349093459,p02572,u749485984,1598728481,C++,C++ (GCC 9.2.1),cpp,Accepted,74.0,6684.0,676,
s291309480,p02572,u914892155,1598728481,C++,C++ (GCC 9.2.1),cpp,Accepted,37.0,5992.0,627,
s819923113,p02572,u197956883,1598728481,Python,PyPy3 (7.3.0),py,Accepted,535.0,108968.0,1315,
s692296395,p02572,u362739937,1598728480,C++,C++ (GCC 9.2.1),cpp,Accepted,76.0,6420.0,2808,
s964464648,p02572,u521389909,1598728480,C++,C++ (GCC 9.2.1),cpp,Accepted,80.0,6420.0,1896,
s132316080,p02572,u247830763,1598728480,Python,PyPy3 (7.3.0),py,Accepted,130.0,105356.0,217,
s075478492,p02572,u638801031,1598728480,Python,PyPy3 (7.3.0),py,Accepted,557.0,156000.0,1405,
s826026793,p02572,u624800360,1598728478,C++,C++ (Clang 10.0.0),cpp,Accepted,166.0,4752.0,2173,
s880953092,p02572,u513623897,1598728478,C++,C++ (GCC 9.2.1),cpp,Accepted,72.0,6712.0,1896,
s527979814,p02572,u610075132,1598728478,C++,C++ (Clang 10.0.0),cpp,Accepted,163.0,6292.0,478,
s074165762,p02572,u330653669,1598728477,C++,C++ (GCC 9.2.1),cpp,Accepted,21.0,6860.0,788,
s573716769,p02572,u814271993,1598728476,Python,Python (3.8.2),py,Accepted,164.0,31572.0,159,
s198815068,p02572,u174434198,1598728475,C++,C++ (GCC 9.2.1),cpp,Accepted,81.0,6424.0,615,
s541095984,p02572,u684833327,1598728475,C++,C++ (GCC 9.2.1),cpp,Accepted,33.0,6348.0,4517,
s556237973,p02572,u472742542,1598728474,C++,C++ (GCC 9.2.1),cpp,Accepted,31.0,4748.0,899,
s774474518,p02572,u705313695,1598728474,C++,C++ (GCC 9.2.1),cpp,Accepted,38.0,5176.0,620,
s667261811,p02572,u326092257,1598728473,C++,C++ (GCC 9.2.1),cpp,Accepted,79.0,4824.0,307,
s350130092,p02572,u007291572,1598728473,C++,C++ (GCC 9.2.1),cpp,Accepted,34.0,6336.0,1944,
s645607375,p02572,u892305365,1598728473,Python,PyPy3 (7.3.0),py,Accepted,108.0,94172.0,202,
s972811719,p02572,u589502773,1598728473,C++,C++ (GCC 9.2.1),cpp,Accepted,35.0,5216.0,990,
s249447216,p02572,u836004075,1598728472,Python,Python (3.8.2),py,Accepted,187.0,31620.0,265,
s013412192,p02572,u787679173,1598728472,C++,C++ (GCC 9.2.1),cpp,Accepted,77.0,4840.0,1626,
s794712031,p02572,u054274920,1598728472,Python,PyPy3 (7.3.0),py,Accepted,136.0,102000.0,209,
s859475889,p02572,u727064118,1598728472,C++,C++ (GCC 9.2.1),cpp,Accepted,34.0,4752.0,1378,
s313866111,p02572,u860002137,1598728472,Python,Python (3.8.2),py,Accepted,148.0,31616.0,181,
s684605571,p02572,u224353074,1598728472,Python,PyPy3 (7.3.0),py,Accepted,114.0,94264.0,157,
s808278774,p02572,u769688868,1598728472,C++,C++ (GCC 9.2.1),cpp,Accepted,37.0,6724.0,2885,
s388842477,p02572,u088893297,1598728471,C++,C++ (GCC 9.2.1),cpp,Accepted,77.0,6420.0,617,
s668125014,p02572,u017126737,1598728471,C++,C++ (GCC 9.2.1),cpp,Accepted,33.0,4784.0,2663,
s143253854,p02572,u723358154,1598728471,C++,C++ (GCC 9.2.1),cpp,Accepted,37.0,5212.0,911,
s085163922,p02572,u294739674,1598728471,C++,C++ (GCC 9.2.1),cpp,Accepted,80.0,6760.0,415,
s017675015,p02572,u231189826,1598728470,Python,PyPy3 (7.3.0),py,Accepted,118.0,94292.0,226,
s063449060,p02572,u920624488,1598728470,C++,C++ (GCC 9.2.1),cpp,Accepted,35.0,6344.0,1030,
s619791434,p02572,u490295622,1598728470,C++,C++ (GCC 9.2.1),cpp,Accepted,70.0,3628.0,257,
s873789402,p02572,u596372590,1598728469,C++,C++ (GCC 9.2.1),cpp,Accepted,43.0,5372.0,1121,
s233384227,p02572,u286502140,1598728469,C++,C++ (GCC 9.2.1),cpp,Accepted,39.0,5324.0,1464,
s988512260,p02572,u708258059,1598728469,C++,C++ (GCC 9.2.1),cpp,Accepted,69.0,5200.0,401,
s924530682,p02572,u638726871,1598728469,C++,C++ (GCC 9.2.1),cpp,Accepted,37.0,6324.0,4481,
s577381254,p02572,u297203024,1598728468,C++,C++ (GCC 9.2.1),cpp,Accepted,81.0,6756.0,484,
s767093340,p02572,u054471580,1598728468,Python,Python (3.8.2),py,Accepted,184.0,31604.0,239,
s452680693,p02572,u006717664,1598728468,C++,C++ (GCC 9.2.1),cpp,Accepted,78.0,5200.0,3494,
s600189497,p02572,u505758484,1598728467,C++,C++ (GCC 9.2.1),cpp,Accepted,38.0,5240.0,1038,
s466933993,p02572,u014617387,1598728467,C++,C++ (GCC 9.2.1),cpp,Accepted,35.0,6360.0,1272,
s050914666,p02572,u746113754,1598728467,C++,C++ (GCC 9.2.1),cpp,Accepted,34.0,5208.0,969,
s860229786,p02572,u583628727,1598728466,C++,C++ (GCC 9.2.1),cpp,Accepted,37.0,4780.0,717,
s729201323,p02572,u850087201,1598728464,Python,Python (3.8.2),py,Accepted,154.0,31540.0,192,
s408117711,p02572,u168293447,1598728464,C++,C++ (GCC 9.2.1),cpp,Accepted,79.0,6748.0,370,
s349907552,p02572,u078092861,1598728464,C++,C++ (GCC 9.2.1),cpp,Accepted,83.0,4820.0,413,
s997686440,p02572,u407614884,1598728464,C++,C++ (GCC 9.2.1),cpp,Accepted,78.0,4040.0,1705,
s949069339,p02572,u806391100,1598728464,C++,C++ (GCC 9.2.1),cpp,Accepted,43.0,6908.0,432,
s929433516,p02572,u365686942,1598728463,C++,C++ (GCC 9.2.1),cpp,Accepted,35.0,6360.0,1049,
s720618696,p02572,u501880286,1598728463,C++,C++ (GCC 9.2.1),cpp,Accepted,77.0,8308.0,579,
s051749104,p02572,u021814034,1598728463,Python,PyPy3 (7.3.0),py,Accepted,677.0,102836.0,2608,
s949007320,p02572,u447336786,1598728463,C++,C++ (GCC 9.2.1),cpp,Accepted,38.0,5216.0,2187,
s279936261,p02572,u495692658,1598728462,C++,C++ (GCC 9.2.1),cpp,Accepted,76.0,3628.0,641,
s232503165,p02572,u045289115,1598728462,C++,C++ (GCC 9.2.1),cpp,Accepted,81.0,6420.0,469,
s257825804,p02572,u245366924,1598728462,C++,C++ (GCC 9.2.1),cpp,Accepted,40.0,6896.0,6319,
s052167514,p02572,u708255304,1598728462,Python,PyPy3 (7.3.0),py,Accepted,121.0,103604.0,293,
s508395333,p02572,u631171220,1598728462,C++,C++ (GCC 9.2.1),cpp,Accepted,34.0,6776.0,928,
s429829692,p02572,u397020326,1598728461,Python,Python (3.8.2),py,Accepted,197.0,31476.0,251,
s918413975,p02572,u087356957,1598728461,C++,C++ (GCC 9.2.1),cpp,Accepted,84.0,6424.0,721,
s659551210,p02572,u963087856,1598728461,C++,C++ (GCC 9.2.1),cpp,Accepted,77.0,6424.0,637,
s363807701,p02572,u726927868,1598728461,Python,Python (3.8.2),py,Accepted,117.0,31568.0,164,
s709874293,p02572,u225388820,1598728460,Python,PyPy3 (7.3.0),py,Accepted,133.0,105412.0,173,
s881658965,p02572,u388862071,1598728460,C++,C++ (GCC 9.2.1),cpp,Accepted,73.0,6716.0,424,
s204575743,p02572,u935723832,1598728460,C++,C++ (GCC 9.2.1),cpp,Accepted,71.0,6744.0,370,
s252061769,p02572,u213485233,1598728460,Python,PyPy3 (7.3.0),py,Accepted,117.0,94328.0,163,
s663107430,p02572,u629650917,1598728459,C++,C++ (GCC 9.2.1),cpp,Accepted,35.0,5184.0,968,
s036695025,p02572,u331081465,1598728459,C++,C++ (GCC 9.2.1),cpp,Accepted,38.0,4776.0,1078,
s853425111,p02572,u484460274,1598728459,C++,C++ (GCC 9.2.1),cpp,Accepted,82.0,5196.0,885,
s063834557,p02572,u752907799,1598728458,Python,Python (3.8.2),py,Accepted,101.0,31636.0,341,
s017603366,p02572,u098810927,1598728458,C++,C++ (GCC 9.2.1),cpp,Accepted,35.0,6364.0,850,
s182492419,p02572,u916002037,1598728458,C++,C++ (GCC 9.2.1),cpp,Accepted,39.0,6912.0,477,
s204403324,p02572,u761972262,1598728458,C++,C++ (GCC 9.2.1),cpp,Accepted,46.0,16396.0,2621,
s965723718,p02572,u603678740,1598728457,C++,C++ (GCC 9.2.1),cpp,Accepted,37.0,6732.0,958,
s253816044,p02572,u366482170,1598728456,Python,PyPy3 (7.3.0),py,Accepted,344.0,98124.0,2324,
s031905895,p02572,u889117196,1598728456,C++,C++ (GCC 9.2.1),cpp,Accepted,37.0,6772.0,1406,
s805004884,p02572,u297738015,1598728456,C++,C++ (GCC 9.2.1),cpp,Accepted,35.0,4784.0,4248,
s469970404,p02572,u255655806,1598728456,C++,C++ (GCC 9.2.1),cpp,Accepted,35.0,3988.0,537,
s589326463,p02572,u716242664,1598728456,C++,C++ (GCC 9.2.1),cpp,Accepted,36.0,6736.0,1296,
s699667247,p02572,u702817341,1598728455,C++,C++ (GCC 9.2.1),cpp,Accepted,38.0,6760.0,3326,
s585812156,p02572,u639562612,1598728455,C++,C++ (GCC 9.2.1),cpp,Accepted,35.0,6352.0,986,
s075758800,p02572,u514687406,1598728455,Python,Python (3.8.2),py,Accepted,172.0,32704.0,322,
s428383229,p02572,u552847961,1598728455,C++,C++ (GCC 9.2.1),cpp,Accepted,76.0,6344.0,955,
s886979635,p02572,u766779796,1598728455,C++,C++ (GCC 9.2.1),cpp,Accepted,73.0,4832.0,1648,
s002264964,p02572,u457565123,1598728455,C++,C++ (GCC 9.2.1),cpp,Accepted,38.0,5380.0,3001,
s483430607,p02572,u340834372,1598728454,C++,C++ (GCC 9.2.1),cpp,Accepted,34.0,6364.0,1279,
s734269033,p02572,u462389149,1598728454,C++,C++ (GCC 9.2.1),cpp,Accepted,73.0,5208.0,546,
s815366152,p02572,u658401995,1598728454,C++,C++ (GCC 9.2.1),cpp,Accepted,81.0,6432.0,538,
s932925868,p02572,u979944294,1598728453,C++,C++ (GCC 9.2.1),cpp,Accepted,37.0,6776.0,516,
s982995110,p02572,u564589929,1598728453,Python,Python (3.8.2),py,Accepted,118.0,32532.0,1274,
s990556464,p02572,u396266329,1598728453,C++,C++ (GCC 9.2.1),cpp,Accepted,81.0,6344.0,1208,
s968411806,p02572,u880196202,1598728453,C++,C++ (GCC 9.2.1),cpp,Accepted,36.0,6780.0,1576,
s875855672,p02572,u541963880,1598728452,C++,C++ (GCC 9.2.1),cpp,Accepted,77.0,6420.0,489,
s318173537,p02572,u034281560,1598728452,C++,C++ (GCC 9.2.1),cpp,Accepted,37.0,6776.0,1852,
s985764286,p02572,u565795452,1598728450,C++,C++ (GCC 9.2.1),cpp,Accepted,36.0,4780.0,2768,
s852287669,p02572,u811897616,1598728450,C++,C++ (GCC 9.2.1),cpp,Accepted,84.0,6736.0,951,
s128507209,p02572,u804049891,1598728449,C++,C++ (GCC 9.2.1),cpp,Accepted,77.0,6420.0,1587,
s911999510,p02572,u007662478,1598728448,C++,C++ (GCC 9.2.1),cpp,Accepted,40.0,5296.0,456,
s619486427,p02572,u786336375,1598728448,C++,C++ (GCC 9.2.1),cpp,Accepted,34.0,6736.0,431,
s854375967,p02572,u934442292,1598728447,C++,C++ (GCC 9.2.1),cpp,Accepted,78.0,6424.0,469,
s632738810,p02572,u272525952,1598728446,Python,PyPy3 (7.3.0),py,Accepted,129.0,94136.0,153,
s438100265,p02572,u339199690,1598728446,Python,Python (3.8.2),py,Accepted,166.0,31288.0,210,
s705038730,p02572,u345093192,1598728446,C++,C++ (GCC 9.2.1),cpp,Accepted,74.0,4776.0,1531,
s221452064,p02572,u815836761,1598728446,C++,C++ (GCC 9.2.1),cpp,Accepted,82.0,5196.0,1497,
s560506433,p02572,u041775325,1598728446,C++,C++ (GCC 9.2.1),cpp,Accepted,77.0,6420.0,459,
s119913172,p02572,u638199428,1598728446,C++,C++ (GCC 9.2.1),cpp,Accepted,41.0,6404.0,3025,
s876179766,p02572,u601264495,1598728446,Python,Python (3.8.2),py,Accepted,352.0,31280.0,379,
s861780333,p02572,u179376941,1598728446,Python,PyPy3 (7.3.0),py,Accepted,115.0,94176.0,252,
s079563664,p02572,u457483230,1598728446,C++,C++ (GCC 9.2.1),cpp,Accepted,73.0,6764.0,495,
s138322735,p02572,u209767598,1598728445,C++,C++ (GCC 9.2.1),cpp,Accepted,76.0,6424.0,1746,
s558203894,p02572,u286623856,1598728445,C++,C++ (GCC 9.2.1),cpp,Accepted,74.0,4768.0,975,
s237396725,p02572,u177955607,1598728445,C++,C++ (GCC 9.2.1),cpp,Accepted,36.0,4740.0,3088,
s552056239,p02572,u624463308,1598728444,C++,C++ (GCC 9.2.1),cpp,Accepted,35.0,4780.0,794,
s944831959,p02572,u638661457,1598728444,C++,C++ (GCC 9.2.1),cpp,Accepted,41.0,6780.0,1851,
s957104482,p02572,u734834944,1598728444,C++,C++ (Clang 10.0.0),cpp,Accepted,168.0,3188.0,5426,
s664612600,p02572,u042802884,1598728444,C++,C++ (GCC 9.2.1),cpp,Accepted,77.0,4836.0,4120,
s890350148,p02572,u232462132,1598728443,C++,C++ (GCC 9.2.1),cpp,Accepted,37.0,6360.0,2502,
s769480997,p02572,u153898107,1598728443,C++,C++ (GCC 9.2.1),cpp,Accepted,41.0,6948.0,532,
s707050521,p02572,u006576567,1598728443,C++,C++ (GCC 9.2.1),cpp,Accepted,44.0,6392.0,1027,
s467194825,p02572,u898058223,1598728441,Python,Python (3.8.2),py,Accepted,175.0,31440.0,153,
s823921853,p02572,u099619676,1598728441,C++,C++ (GCC 9.2.1),cpp,Accepted,44.0,5332.0,571,
s788874999,p02572,u401686269,1598728441,Python,Python (3.8.2),py,Accepted,187.0,31752.0,204,
s368168737,p02572,u908391630,1598728441,Python,PyPy3 (7.3.0),py,Accepted,251.0,93088.0,910,
s003408794,p02572,u415593867,1598728439,C++,C++ (GCC 9.2.1),cpp,Accepted,49.0,5212.0,587,
s597003016,p02572,u829147556,1598728439,C++,C++ (GCC 9.2.1),cpp,Accepted,36.0,6364.0,1647,
s935519677,p02572,u738898077,1598728439,Python,Python (3.8.2),py,Accepted,126.0,31752.0,197,
s535244824,p02572,u534691124,1598728439,C++,C++ (GCC 9.2.1),cpp,Accepted,147.0,67360.0,3009,
s490548564,p02572,u112563445,1598728439,C++,C++ (GCC 9.2.1),cpp,Accepted,40.0,3820.0,809,
s916546480,p02572,u356249942,1598728438,C++,C++ (GCC 9.2.1),cpp,Accepted,82.0,6756.0,802,
s968704463,p02572,u945228737,1598728438,Python,Python (3.8.2),py,Accepted,153.0,31608.0,680,
s268107643,p02572,u519923151,1598728438,Python,Python (3.8.2),py,Accepted,171.0,31436.0,243,
s539439612,p02572,u769694158,1598728438,Python,PyPy3 (7.3.0),py,Accepted,124.0,105164.0,144,
s015696468,p02572,u096616343,1598728438,C++,C++ (GCC 9.2.1),cpp,Accepted,78.0,3632.0,579,
s240708060,p02572,u385617244,1598728437,C++,C++ (GCC 9.2.1),cpp,Accepted,33.0,6396.0,41765,
s997052677,p02572,u570588407,1598728437,C++,C++ (GCC 9.2.1),cpp,Accepted,78.0,6744.0,860,
s366512287,p02572,u168860135,1598728436,C++,C++ (GCC 9.2.1),cpp,Accepted,77.0,4032.0,661,
s407234169,p02572,u723726300,1598728436,C++,C++ (GCC 9.2.1),cpp,Accepted,39.0,6360.0,1273,
s975655387,p02572,u658243311,1598728436,C++,C++ (GCC 9.2.1),cpp,Accepted,43.0,6412.0,14876,
s061786085,p02572,u467785978,1598728435,C++,C++ (GCC 9.2.1),cpp,Accepted,41.0,6772.0,662,
s595105011,p02572,u643948106,1598728435,C++,C++ (GCC 9.2.1),cpp,Accepted,37.0,6920.0,1310,
s495185704,p02572,u984971909,1598728435,C++,C++ (GCC 9.2.1),cpp,Accepted,43.0,6844.0,805,
s548701242,p02572,u908773206,1598728434,C++,C++ (GCC 9.2.1),cpp,Accepted,79.0,6732.0,600,
s752284753,p02572,u916743460,1598728434,C++,C++ (GCC 9.2.1),cpp,Accepted,33.0,6356.0,1896,
s617416679,p02572,u083960235,1598728434,Python,Python (3.8.2),py,Accepted,119.0,33368.0,883,
s322211231,p02572,u279460955,1598728434,Python,PyPy3 (7.3.0),py,Accepted,125.0,101008.0,261,
s089269869,p02572,u488401358,1598728433,Python,PyPy3 (7.3.0),py,Accepted,118.0,94152.0,265,
s584469548,p02572,u901295506,1598728433,C++,C++ (GCC 9.2.1),cpp,Accepted,75.0,3640.0,365,
s360775371,p02572,u315475695,1598728433,C++,C++ (GCC 9.2.1),cpp,Accepted,35.0,6916.0,2153,
s219935565,p02572,u486906248,1598728432,C++,C++ (GCC 9.2.1),cpp,Accepted,39.0,6760.0,812,
s665080301,p02572,u196291054,1598728432,Python,Python (3.8.2),py,Accepted,173.0,31612.0,191,
s862948355,p02572,u652067047,1598728432,C++,C++ (GCC 9.2.1),cpp,Accepted,37.0,6356.0,3277,
s603803217,p02572,u732157382,1598728431,C++,C++ (GCC 9.2.1),cpp,Accepted,37.0,6736.0,950,
s423503023,p02572,u677121387,1598728431,Python,Python (3.8.2),py,Accepted,220.0,31464.0,227,
s952728096,p02572,u436916500,1598728430,C++,C++ (GCC 9.2.1),cpp,Accepted,35.0,4780.0,2262,
s305145953,p02572,u674056432,1598728430,C++,C++ (GCC 9.2.1),cpp,Accepted,31.0,3652.0,708,
s366205621,p02572,u273848160,1598728430,C++,C++ (GCC 9.2.1),cpp,Accepted,34.0,5208.0,3151,
s539100888,p02572,u243608224,1598728430,Python,PyPy3 (7.3.0),py,Accepted,115.0,102236.0,243,
s836247384,p02572,u054759548,1598728430,C++,C++ (GCC 9.2.1),cpp,Accepted,37.0,4776.0,854,
s490091229,p02572,u667375816,1598728430,C++,C++ (GCC 9.2.1),cpp,Accepted,34.0,6360.0,799,
s304804812,p02572,u047102107,1598728430,Python,PyPy3 (7.3.0),py,Accepted,139.0,104832.0,570,
s587619708,p02572,u096102452,1598728429,C++,C++ (GCC 9.2.1),cpp,Accepted,74.0,4844.0,630,
s017309315,p02572,u318042557,1598728429,C++,C++ (GCC 9.2.1),cpp,Accepted,38.0,4744.0,706,
s436326944,p02572,u168966134,1598728429,C++,C++ (GCC 9.2.1),cpp,Accepted,43.0,5248.0,459,
s445597725,p02572,u919591011,1598728429,C++,C++ (GCC 9.2.1),cpp,Accepted,38.0,5836.0,2010,
s482423333,p02572,u626468554,1598728429,Python,PyPy3 (7.3.0),py,Accepted,122.0,105180.0,230,
s741993771,p02572,u868600519,1598728428,Python,PyPy3 (7.3.0),py,Accepted,117.0,94248.0,112,
s421177175,p02572,u401171259,1598728428,C++,C++ (GCC 9.2.1),cpp,Accepted,43.0,4496.0,363,
s395463421,p02572,u790460842,1598728428,C++,C++ (GCC 9.2.1),cpp,Accepted,39.0,6728.0,1437,
s180113182,p02572,u593567568,1598728428,Python,Python (3.8.2),py,Accepted,184.0,30992.0,569,
s057313005,p02572,u669173971,1598728427,Python,Python (3.8.2),py,Accepted,138.0,31744.0,138,
s897702654,p02572,u266014018,1598728427,C++,C++ (GCC 9.2.1),cpp,Accepted,76.0,4788.0,1586,
s281632484,p02572,u956363574,1598728427,C++,C++ (GCC 9.2.1),cpp,Accepted,78.0,4908.0,4731,
s319142924,p02572,u257900169,1598728427,C++,C++ (GCC 9.2.1),cpp,Accepted,75.0,6368.0,647,
s807597507,p02572,u627600101,1598728427,Python,PyPy3 (7.3.0),py,Accepted,115.0,94188.0,205,
s434921230,p02572,u752498851,1598728426,C++,C++ (GCC 9.2.1),cpp,Accepted,37.0,6344.0,1907,
s870214230,p02572,u517411077,1598728426,C++,C++ (GCC 9.2.1),cpp,Accepted,79.0,4832.0,1244,
s931190607,p02572,u189806337,1598728425,Python,Python (3.8.2),py,Accepted,148.0,31432.0,172,
s931889312,p02572,u374104967,1598728425,C++,C++ (GCC 9.2.1),cpp,Accepted,35.0,6780.0,1089,
s722589896,p02572,u537962130,1598728425,Python,PyPy3 (7.3.0),py,Accepted,124.0,101840.0,110,
s801922413,p02572,u393253746,1598728424,Python,PyPy3 (7.3.0),py,Accepted,121.0,101880.0,319,
s707514447,p02572,u859566721,1598728424,C++,C++ (GCC 9.2.1),cpp,Accepted,80.0,6408.0,575,
s946681912,p02572,u284703644,1598728423,C++,C++ (GCC 9.2.1),cpp,Accepted,48.0,6360.0,508,
s959936293,p02572,u058509804,1598728423,C++,C++ (GCC 9.2.1),cpp,Accepted,38.0,3612.0,520,
s545498538,p02572,u508627936,1598728422,C++,C++ (GCC 9.2.1),cpp,Accepted,42.0,6780.0,624,
s063940828,p02572,u067105756,1598728422,Python,PyPy3 (7.3.0),py,Accepted,133.0,94224.0,197,
s318173767,p02572,u776627819,1598728422,C++,C++ (GCC 9.2.1),cpp,Accepted,42.0,6780.0,1125,
s308372483,p02572,u543167400,1598728421,C++,C++ (GCC 9.2.1),cpp,Accepted,38.0,4736.0,4704,
s475898881,p02572,u403764487,1598728421,C++,C++ (GCC 9.2.1),cpp,Accepted,33.0,6772.0,930,
s305202072,p02572,u866107333,1598728420,C++,C++ (GCC 9.2.1),cpp,Accepted,41.0,6360.0,1922,
s105313672,p02572,u093744128,1598728420,C++,C++ (GCC 9.2.1),cpp,Accepted,34.0,4768.0,2162,
s864985016,p02572,u914960498,1598728420,C++,C++ (GCC 9.2.1),cpp,Accepted,37.0,5184.0,1936,
s032530552,p02572,u384398403,1598728419,C++,C++ (GCC 9.2.1),cpp,Accepted,40.0,5220.0,2839,
s005867819,p02572,u535236942,1598728419,Python,Python (3.8.2),py,Accepted,143.0,31488.0,157,
s939358204,p02572,u237338836,1598728419,C++,C++ (GCC 9.2.1),cpp,Accepted,39.0,6784.0,875,
s115792749,p02572,u656299685,1598728419,C++,C++ (GCC 9.2.1),cpp,Accepted,35.0,5156.0,1467,
s408007702,p02572,u647638648,1598728419,C++,C++ (GCC 9.2.1),cpp,Accepted,38.0,6776.0,1846,
s426821087,p02572,u027239949,1598728418,C++,C++ (GCC 9.2.1),cpp,Accepted,75.0,6420.0,994,
s434854811,p02572,u688286816,1598728418,C++,C++ (GCC 9.2.1),cpp,Accepted,75.0,4844.0,500,
s621252773,p02572,u908763441,1598728418,Python,PyPy3 (7.3.0),py,Accepted,118.0,104976.0,145,
s233944317,p02572,u396427589,1598728417,C++,C++ (GCC 9.2.1),cpp,Accepted,82.0,5152.0,475,
s068107652,p02572,u950603962,1598728417,C++,C++ (GCC 9.2.1),cpp,Accepted,76.0,6420.0,4373,
s156648949,p02572,u081193942,1598728417,Python,Python (3.8.2),py,Accepted,106.0,31540.0,242,
s176091516,p02572,u426572476,1598728417,C++,C++ (GCC 9.2.1),cpp,Accepted,76.0,6420.0,906,
s530841970,p02572,u351606099,1598728416,C++,C++ (GCC 9.2.1),cpp,Accepted,44.0,7948.0,825,
s885069017,p02572,u869994253,1598728416,C++,C++ (GCC 9.2.1),cpp,Accepted,78.0,6760.0,553,
s127032200,p02572,u783137029,1598728416,C++,C++ (GCC 9.2.1),cpp,Accepted,79.0,5976.0,363,
s186810223,p02572,u977731484,1598728416,C++,C++ (GCC 9.2.1),cpp,Accepted,78.0,5964.0,972,
s000464996,p02572,u724687935,1598728416,Python,PyPy3 (7.3.0),py,Accepted,136.0,93940.0,261,
s851602161,p02572,u476994169,1598728414,C++,C++ (GCC 9.2.1),cpp,Accepted,35.0,5220.0,502,
s747589587,p02572,u027057023,1598728414,C++,C++ (GCC 9.2.1),cpp,Accepted,76.0,5168.0,392,
s566730262,p02572,u301893320,1598728414,Python,PyPy3 (7.3.0),py,Accepted,114.0,94252.0,189,
s921692666,p02572,u298297089,1598728414,Python,Python (3.8.2),py,Accepted,131.0,31640.0,308,
s928441450,p02572,u823742593,1598728413,C++,C++ (GCC 9.2.1),cpp,Accepted,73.0,4836.0,663,
s104054145,p02572,u107995903,1598728412,C++,C++ (GCC 9.2.1),cpp,Accepted,74.0,6940.0,12048,
s488435643,p02572,u408325839,1598728412,Python,Python (3.8.2),py,Accepted,140.0,31624.0,178,
s018646772,p02572,u252003255,1598728412,C++,C++ (GCC 9.2.1),cpp,Accepted,80.0,6360.0,469,
s435628705,p02572,u486302165,1598728412,C++,C++ (GCC 9.2.1),cpp,Accepted,36.0,6764.0,537,
s162263726,p02572,u712665012,1598728412,C++,C++ (GCC 9.2.1),cpp,Accepted,37.0,6328.0,1339,
s182458747,p02572,u698902360,1598728412,Python,PyPy3 (7.3.0),py,Accepted,133.0,105296.0,321,
s325622431,p02572,u955282280,1598728412,C++,C++ (GCC 9.2.1),cpp,Accepted,83.0,6688.0,423,
s111903937,p02572,u719852318,1598728412,C++,C++ (GCC 9.2.1),cpp,Accepted,39.0,4840.0,1024,
s591416605,p02572,u599792103,1598728412,C++,C++ (GCC 9.2.1),cpp,Accepted,39.0,5204.0,426,
s926907476,p02572,u910403557,1598728411,C++,C++ (GCC 9.2.1),cpp,Accepted,43.0,6152.0,444,
s586438898,p02572,u227188449,1598728411,C++,C++ (GCC 9.2.1),cpp,Accepted,36.0,6324.0,536,
s324283817,p02572,u233586402,1598728410,C++,C++ (GCC 9.2.1),cpp,Accepted,78.0,6424.0,3709,
s432263258,p02572,u796102246,1598728410,Python,Python (3.8.2),py,Accepted,133.0,31600.0,156,
s942219707,p02572,u779216084,1598728409,C++,C++ (GCC 9.2.1),cpp,Accepted,79.0,6416.0,2846,
s463163009,p02572,u435652995,1598728409,C++,C++ (GCC 9.2.1),cpp,Accepted,76.0,6708.0,1118,
s630779683,p02572,u405276711,1598728409,Python,PyPy3 (7.3.0),py,Accepted,111.0,94140.0,275,
s130817044,p02572,u619273584,1598728409,C++,C++ (GCC 9.2.1),cpp,Accepted,75.0,6360.0,525,
s857027436,p02572,u345188429,1598728408,C++,C++ (GCC 9.2.1),cpp,Accepted,78.0,4836.0,2825,
s829401440,p02572,u636565374,1598728408,C++,C++ (GCC 9.2.1),cpp,Accepted,76.0,4772.0,3699,
s936170090,p02572,u163803051,1598728407,C++,C++ (GCC 9.2.1),cpp,Accepted,71.0,4836.0,435,
s341541508,p02572,u623274442,1598728407,C++,C++ (GCC 9.2.1),cpp,Accepted,36.0,4764.0,3123,
s737894871,p02572,u981177212,1598728407,C++,C++ (GCC 9.2.1),cpp,Accepted,34.0,3984.0,3269,
s758903232,p02572,u307592354,1598728406,Python,PyPy3 (7.3.0),py,Accepted,121.0,105292.0,310,
s388986309,p02572,u486097563,1598728406,C++,C++ (GCC 9.2.1),cpp,Accepted,74.0,3620.0,421,
s001492164,p02572,u562535957,1598728406,C++,C++ (Clang 10.0.0),cpp,Accepted,39.0,4808.0,2699,
s027424808,p02572,u915797797,1598728406,C++,C++ (GCC 9.2.1),cpp,Accepted,79.0,6424.0,1863,
s266690759,p02572,u384112748,1598728405,C++,C++ (GCC 9.2.1),cpp,Accepted,42.0,9864.0,634,
s472925902,p02572,u386769326,1598728404,C++,C++ (GCC 9.2.1),cpp,Accepted,38.0,5212.0,786,
s370324985,p02572,u963797436,1598728404,C++,C++ (GCC 9.2.1),cpp,Accepted,27.0,6860.0,1996,
s962045309,p02572,u492910842,1598728403,Python,PyPy3 (7.3.0),py,Accepted,118.0,94228.0,130,
s550766660,p02572,u054514819,1598728403,Python,PyPy3 (7.3.0),py,Accepted,120.0,94020.0,313,
s837430089,p02572,u143381003,1598728402,C++,C++ (GCC 9.2.1),cpp,Accepted,38.0,6740.0,1904,
s425408508,p02572,u841131859,1598728401,C++,C++ (GCC 9.2.1),cpp,Accepted,75.0,5148.0,1051,
s776691657,p02572,u608258653,1598728401,C++,C++ (GCC 9.2.1),cpp,Accepted,36.0,4756.0,779,
s246877297,p02572,u616159561,1598728400,C++,C++ (GCC 9.2.1),cpp,Accepted,33.0,5200.0,448,
s974758811,p02572,u992471673,1598728399,C++,C++ (GCC 9.2.1),cpp,Accepted,68.0,3604.0,470,
s886322240,p02572,u883725898,1598728399,C++,C++ (GCC 9.2.1),cpp,Accepted,76.0,6420.0,432,
s429155260,p02572,u375616706,1598728399,Python,PyPy3 (7.3.0),py,Accepted,138.0,102148.0,201,
s844326238,p02572,u596867772,1598728399,C++,C++ (GCC 9.2.1),cpp,Accepted,82.0,5160.0,336,
s910258183,p02572,u976313180,1598728399,C++,C++ (GCC 9.2.1),cpp,Accepted,79.0,5188.0,549,
s176686848,p02572,u222188267,1598728399,C++,C++ (GCC 9.2.1),cpp,Accepted,74.0,6428.0,1268,
s641166403,p02572,u814094996,1598728399,C++,C++ (GCC 9.2.1),cpp,Accepted,43.0,6336.0,1517,
s040938169,p02572,u054652697,1598728397,C++,C++ (GCC 9.2.1),cpp,Accepted,43.0,6428.0,2697,
s622426865,p02572,u022890424,1598728397,C++,C++ (GCC 9.2.1),cpp,Accepted,73.0,4040.0,728,
s361724093,p02572,u734326066,1598728396,C++,C++ (GCC 9.2.1),cpp,Accepted,39.0,5204.0,627,
s387520242,p02572,u414689295,1598728396,C++,C++ (GCC 9.2.1),cpp,Accepted,80.0,6424.0,780,
s742590386,p02572,u586598623,1598728396,C++,C++ (GCC 9.2.1),cpp,Accepted,32.0,3636.0,614,
s327241568,p02572,u580023465,1598728396,C++,C++ (GCC 9.2.1),cpp,Accepted,37.0,6348.0,2572,
s599482921,p02572,u539517139,1598728396,Python,Python (3.8.2),py,Accepted,190.0,31544.0,180,
s272713346,p02572,u798643234,1598728394,C++,C++ (GCC 9.2.1),cpp,Accepted,78.0,6716.0,1184,
s939765676,p02572,u814739557,1598728394,C++,C++ (GCC 9.2.1),cpp,Accepted,82.0,6736.0,866,
s611944515,p02572,u616794313,1598728394,C++,C++ (GCC 9.2.1),cpp,Accepted,75.0,5952.0,4325,
s627150094,p02572,u546338822,1598728394,Python,Python (3.8.2),py,Accepted,107.0,31428.0,234,
s255917440,p02572,u900768135,1598728393,Python,Python (3.8.2),py,Accepted,184.0,31440.0,228,
s056336277,p02572,u533350485,1598728393,Python,Python (3.8.2),py,Accepted,145.0,31392.0,171,
s627789989,p02572,u888337853,1598728393,Python,PyPy3 (7.3.0),py,Accepted,462.0,109520.0,841,
s690263704,p02572,u628335443,1598728393,Python,Python (3.8.2),py,Accepted,166.0,31600.0,215,
s574507613,p02572,u835746959,1598728393,C++,C++ (GCC 9.2.1),cpp,Accepted,73.0,6744.0,414,
s680996279,p02572,u017078415,1598728392,C++,C++ (GCC 9.2.1),cpp,Accepted,35.0,4788.0,1395,
s937955702,p02572,u961023410,1598728391,C++,C++ (GCC 9.2.1),cpp,Accepted,38.0,6740.0,1979,
s364481109,p02572,u759987571,1598728391,C++,C++ (GCC 9.2.1),cpp,Accepted,68.0,3632.0,490,
s347724871,p02572,u867981187,1598728390,C++,C++ (GCC 9.2.1),cpp,Accepted,32.0,5128.0,824,
s913913904,p02572,u852690916,1598728390,Python,PyPy3 (7.3.0),py,Accepted,129.0,97620.0,2347,
s519488994,p02572,u660665181,1598728390,C++,C++ (GCC 9.2.1),cpp,Accepted,45.0,4776.0,487,
s433582320,p02572,u102602414,1598728389,C++,C++ (GCC 9.2.1),cpp,Accepted,72.0,5568.0,3756,
s679151396,p02572,u350135473,1598728389,Python,PyPy3 (7.3.0),py,Accepted,140.0,94148.0,252,
s397070970,p02572,u913973971,1598728389,C++,C++ (GCC 9.2.1),cpp,Accepted,34.0,6788.0,1400,
s016148552,p02572,u544879354,1598728389,C++,C++ (GCC 9.2.1),cpp,Accepted,77.0,6424.0,1285,
s212844230,p02572,u165403340,1598728389,C++,C++ (GCC 9.2.1),cpp,Accepted,36.0,4772.0,1424,
s804808000,p02572,u632423548,1598728389,Python,PyPy3 (7.3.0),py,Accepted,120.0,105076.0,148,
s724153179,p02572,u943205580,1598728389,C++,C++ (GCC 9.2.1),cpp,Accepted,36.0,6360.0,659,
s588544586,p02572,u528720841,1598728389,C++,C++ (GCC 9.2.1),cpp,Accepted,73.0,4044.0,3110,
s856835392,p02572,u784022244,1598728388,Python,PyPy3 (7.3.0),py,Accepted,112.0,105392.0,225,
s944788119,p02572,u895052567,1598728388,C++,C++ (GCC 9.2.1),cpp,Accepted,35.0,4380.0,1678,
s127695938,p02572,u387371565,1598728388,C++,C++ (GCC 9.2.1),cpp,Accepted,77.0,6428.0,561,
s771501789,p02572,u246127272,1598728387,C++,C++ (GCC 9.2.1),cpp,Accepted,40.0,4780.0,1074,
s140130035,p02572,u671455949,1598728387,Python,Python (3.8.2),py,Accepted,211.0,31432.0,271,
s842793612,p02572,u491314298,1598728387,C++,C++ (GCC 9.2.1),cpp,Accepted,73.0,4840.0,3244,
s067755277,p02572,u711923246,1598728386,C++,C++ (GCC 9.2.1),cpp,Accepted,39.0,6768.0,879,
s561572864,p02572,u970449052,1598728386,Python,Python (3.8.2),py,Accepted,172.0,31436.0,169,
s067692253,p02572,u419245463,1598728386,C++,C++ (GCC 9.2.1),cpp,Accepted,37.0,3768.0,481,
s909441569,p02572,u052303665,1598728386,C++,C++ (GCC 9.2.1),cpp,Accepted,37.0,6732.0,937,
s512894834,p02572,u970809473,1598728385,Python,Python (3.8.2),py,Accepted,169.0,31128.0,172,
s829305000,p02572,u041226148,1598728385,C++,C++ (GCC 9.2.1),cpp,Accepted,38.0,5176.0,828,
s889583379,p02572,u649373315,1598728385,C++,C++ (GCC 9.2.1),cpp,Accepted,80.0,4412.0,319,
s645627291,p02572,u846952042,1598728384,C++,C++ (GCC 9.2.1),cpp,Accepted,39.0,6760.0,762,
s169447288,p02572,u145231176,1598728384,Python,PyPy3 (7.3.0),py,Accepted,816.0,104724.0,1499,
s256780089,p02572,u780962115,1598728384,Python,Python (3.8.2),py,Accepted,145.0,31604.0,133,
s134315940,p02572,u356539385,1598728383,C++,C++ (GCC 9.2.1),cpp,Accepted,82.0,4836.0,1327,
s593374088,p02572,u031448582,1598728382,C++,C++ (GCC 9.2.1),cpp,Accepted,76.0,6368.0,909,
s726531733,p02572,u942484036,1598728382,C++,C++ (GCC 9.2.1),cpp,Accepted,43.0,4604.0,672,
s078495103,p02572,u602509796,1598728382,C++,C++ (GCC 9.2.1),cpp,Accepted,40.0,4804.0,489,
s295062618,p02572,u540315049,1598728382,C++,C++ (GCC 9.2.1),cpp,Accepted,76.0,5180.0,620,
s799097394,p02572,u760794812,1598728382,Python,Python (3.8.2),py,Accepted,137.0,31668.0,173,
s419811785,p02572,u447932338,1598728380,C++,C++ (GCC 9.2.1),cpp,Accepted,78.0,4400.0,377,
s344333279,p02572,u612175324,1598728380,C++,C++ (GCC 9.2.1),cpp,Accepted,81.0,6336.0,1428,
s174917563,p02572,u976833038,1598728380,C++,C++ (GCC 9.2.1),cpp,Accepted,78.0,4836.0,885,
s400707029,p02572,u374099594,1598728380,Python,Python (3.8.2),py,Accepted,109.0,31428.0,121,
s386761062,p02572,u330326085,1598728380,C++,C++ (Clang 10.0.0),cpp,Accepted,163.0,5956.0,805,
s956117779,p02572,u406881148,1598728380,C++,C++ (GCC 9.2.1),cpp,Accepted,34.0,6348.0,3327,
s493345047,p02572,u009937643,1598728380,C++,C++ (GCC 9.2.1),cpp,Accepted,36.0,6364.0,708,
s638882852,p02572,u812051090,1598728379,C++,C++ (GCC 9.2.1),cpp,Accepted,35.0,6364.0,2235,
s626280934,p02572,u089047774,1598728378,C++,C++ (GCC 9.2.1),cpp,Accepted,39.0,6744.0,4137,
s648115658,p02572,u820224016,1598728378,C++,C++ (GCC 9.2.1),cpp,Accepted,71.0,3636.0,439,
s621613271,p02572,u731057141,1598728377,C++,C++ (GCC 9.2.1),cpp,Accepted,33.0,6304.0,1333,
s716822892,p02572,u190735555,1598728377,Python,Python (3.8.2),py,Accepted,141.0,31600.0,139,
s240151681,p02572,u803893892,1598728377,C++,C++ (GCC 9.2.1),cpp,Accepted,72.0,5552.0,1499,
s209826487,p02572,u859299768,1598728377,C++,C++ (GCC 9.2.1),cpp,Accepted,38.0,6348.0,565,
s010357840,p02572,u216928054,1598728377,Python,PyPy3 (7.3.0),py,Accepted,105.0,100720.0,1341,
s820199974,p02572,u146691965,1598728377,C++,C++ (GCC 9.2.1),cpp,Accepted,82.0,6412.0,457,
s102742662,p02572,u413396046,1598728377,C++,C++ (GCC 9.2.1),cpp,Accepted,78.0,4764.0,444,
s479846242,p02572,u280175105,1598728376,C++,C++ (GCC 9.2.1),cpp,Accepted,79.0,6348.0,1620,
s697091987,p02572,u943379296,1598728375,C++,C++ (GCC 9.2.1),cpp,Accepted,71.0,5208.0,1215,
s665470236,p02572,u331327289,1598728375,Python,Python (3.8.2),py,Accepted,114.0,29276.0,287,
s024986822,p02572,u996828818,1598728375,C++,C++ (GCC 9.2.1),cpp,Accepted,36.0,5148.0,1304,
s093944450,p02572,u394961950,1598728375,C++,C++ (GCC 9.2.1),cpp,Accepted,37.0,4768.0,1803,
s231383633,p02572,u781026366,1598728375,C++,C++ (GCC 9.2.1),cpp,Accepted,38.0,6764.0,650,
s793926032,p02572,u754114382,1598728375,C++,C++ (GCC 9.2.1),cpp,Accepted,74.0,3992.0,1870,
s588579171,p02572,u356524441,1598728373,C++,C++ (GCC 9.2.1),cpp,Accepted,36.0,5200.0,530,
s216500226,p02572,u650709896,1598728373,Python,PyPy3 (7.3.0),py,Accepted,138.0,94064.0,375,
s343117734,p02572,u412388056,1598728373,C++,C++ (GCC 9.2.1),cpp,Accepted,37.0,6360.0,3025,
s529219575,p02572,u523741095,1598728372,C++,C++ (GCC 9.2.1),cpp,Accepted,26.0,5180.0,1243,
s780910619,p02572,u521723672,1598728372,C++,C++ (GCC 9.2.1),cpp,Accepted,43.0,11116.0,4599,
s271717473,p02572,u762990754,1598728372,C++,C++ (GCC 9.2.1),cpp,Accepted,37.0,5328.0,2313,
s573070446,p02572,u279317023,1598728372,Python,PyPy3 (7.3.0),py,Accepted,113.0,105248.0,286,
s893463396,p02572,u316865134,1598728371,C++,C++ (GCC 9.2.1),cpp,Accepted,80.0,8280.0,505,
s736376537,p02572,u478530879,1598728371,C++,C++ (GCC 9.2.1),cpp,Accepted,38.0,4776.0,1061,
s975514286,p02572,u540631540,1598728371,Python,PyPy3 (7.3.0),py,Accepted,128.0,105132.0,175,
s948143524,p02572,u305824645,1598728370,C++,C++ (GCC 9.2.1),cpp,Accepted,77.0,4752.0,2904,
s822181501,p02572,u532535081,1598728370,C++,C++ (GCC 9.2.1),cpp,Accepted,39.0,6364.0,1280,
s975623763,p02572,u285681431,1598728370,Python,PyPy3 (7.3.0),py,Accepted,136.0,102296.0,266,
s480309852,p02572,u861891199,1598728369,C++,C++ (GCC 9.2.1),cpp,Accepted,33.0,6760.0,531,
s553945021,p02572,u197120096,1598728369,C++,C++ (GCC 9.2.1),cpp,Accepted,37.0,5304.0,4391,
s847279408,p02572,u204225269,1598728369,C++,C++ (GCC 9.2.1),cpp,Accepted,37.0,5360.0,664,
s703504722,p02572,u607075479,1598728369,Python,Python (3.8.2),py,Accepted,146.0,32516.0,537,
s782705256,p02572,u016536293,1598728369,C++,C++ (GCC 9.2.1),cpp,Accepted,73.0,6744.0,653,
s419999170,p02572,u536916602,1598728369,C++,C++ (GCC 9.2.1),cpp,Accepted,75.0,4836.0,412,
s815870510,p02572,u579165340,1598728369,C++,C++ (GCC 9.2.1),cpp,Accepted,79.0,6436.0,4838,
s918805217,p02572,u419126561,1598728369,C++,C++ (GCC 9.2.1),cpp,Accepted,35.0,6368.0,1740,
s801657635,p02572,u887675488,1598728368,C++,C++ (GCC 9.2.1),cpp,Accepted,79.0,4840.0,1138,
s478427769,p02572,u681436739,1598728368,C++,C++ (GCC 9.2.1),cpp,Accepted,34.0,5204.0,380,
s351933843,p02572,u550061714,1598728368,Python,Python (3.8.2),py,Accepted,192.0,31940.0,247,
s632515882,p02572,u375253797,1598728368,Python,Python (3.8.2),py,Accepted,156.0,31508.0,170,
s126743981,p02572,u597807601,1598728368,C++,C++ (GCC 9.2.1),cpp,Accepted,80.0,6420.0,559,
s090947903,p02572,u637142716,1598728368,C++,C++ (GCC 9.2.1),cpp,Accepted,41.0,5112.0,1306,
s530333727,p02572,u226233437,1598728367,C++,C++ (GCC 9.2.1),cpp,Accepted,77.0,4844.0,573,
s794176895,p02572,u929585607,1598728367,C++,C++ (GCC 9.2.1),cpp,Accepted,44.0,6952.0,364,
s473088347,p02572,u733246687,1598728367,C++,C++ (GCC 9.2.1),cpp,Accepted,38.0,6364.0,594,
s661567894,p02572,u004707990,1598728366,C++,C++ (GCC 9.2.1),cpp,Accepted,39.0,4844.0,481,
s032681604,p02572,u426143712,1598728366,C++,C++ (GCC 9.2.1),cpp,Accepted,70.0,4840.0,577,
s714509057,p02572,u714573045,1598728366,C++,C++ (GCC 9.2.1),cpp,Accepted,81.0,6740.0,588,
s522714032,p02572,u126793530,1598728366,C++,C++ (GCC 9.2.1),cpp,Accepted,40.0,4780.0,1855,
s662129415,p02572,u752817763,1598728366,C++,C++ (GCC 9.2.1),cpp,Accepted,38.0,5316.0,1690,
s250011472,p02572,u967620300,1598728366,C++,C++ (GCC 9.2.1),cpp,Accepted,81.0,6424.0,8250,
s308325241,p02572,u525008368,1598728365,C++,C++ (GCC 9.2.1),cpp,Accepted,79.0,6420.0,2693,
s156985429,p02572,u034128150,1598728365,Python,Python (3.8.2),py,Accepted,103.0,31432.0,189,
s320232013,p02572,u285991898,1598728365,C++,C++ (GCC 9.2.1),cpp,Accepted,37.0,4780.0,2832,
s820148817,p02572,u350093546,1598728364,Python,PyPy3 (7.3.0),py,Accepted,115.0,94084.0,134,
s473797194,p02572,u657901243,1598728364,C++,C++ (GCC 9.2.1),cpp,Accepted,78.0,4832.0,462,
s983068142,p02572,u922603181,1598728364,C++,C++ (GCC 9.2.1),cpp,Accepted,36.0,3644.0,953,
s875499995,p02572,u877324783,1598728364,C++,C++ (GCC 9.2.1),cpp,Accepted,40.0,3292.0,386,
s077610631,p02572,u412232733,1598728363,C++,C++ (GCC 9.2.1),cpp,Accepted,39.0,6404.0,6458,
s705741985,p02572,u227412361,1598728363,C++,C++ (GCC 9.2.1),cpp,Accepted,37.0,5172.0,522,
s489711330,p02572,u919730120,1598728363,Python,Python (3.8.2),py,Accepted,189.0,31760.0,217,
s452839287,p02572,u584976442,1598728362,C++,C++ (GCC 9.2.1),cpp,Accepted,38.0,5328.0,388,
s585773920,p02572,u354326404,1598728362,C++,C++ (GCC 9.2.1),cpp,Accepted,78.0,5152.0,587,
s198656185,p02572,u502285205,1598728362,C++,C++ (GCC 9.2.1),cpp,Accepted,38.0,5204.0,2169,
s309564854,p02572,u390830889,1598728361,C++,C++ (GCC 9.2.1),cpp,Accepted,79.0,6752.0,526,
s370775899,p02572,u010379708,1598728361,Python,PyPy3 (7.3.0),py,Accepted,126.0,105268.0,138,
s243968433,p02572,u863717702,1598728360,C++,C++ (GCC 9.2.1),cpp,Accepted,75.0,6424.0,1460,
s195027559,p02572,u775378453,1598728360,C++,C++ (GCC 9.2.1),cpp,Accepted,36.0,6736.0,1500,
s516263593,p02572,u320027541,1598728360,C++,C++ (GCC 9.2.1),cpp,Accepted,78.0,3952.0,561,
s781371546,p02572,u205309198,1598728360,C++,C++ (Clang 10.0.0),cpp,Accepted,158.0,4752.0,489,
s460923679,p02572,u460185449,1598728359,Python,PyPy3 (7.3.0),py,Accepted,129.0,106884.0,235,
s675612368,p02572,u288430479,1598728358,Python,Python (3.8.2),py,Accepted,200.0,31528.0,221,
s656373004,p02572,u395620499,1598728358,C++,C++ (GCC 9.2.1),cpp,Accepted,76.0,6424.0,3026,
s106476085,p02572,u644516473,1598728358,Python,PyPy3 (7.3.0),py,Accepted,128.0,94248.0,163,
s337654102,p02572,u079330987,1598728358,C++,C++ (GCC 9.2.1),cpp,Accepted,16.0,6724.0,5117,
s549802671,p02572,u441744624,1598728357,C++,C++ (GCC 9.2.1),cpp,Accepted,36.0,5176.0,1989,
s262990056,p02572,u339233484,1598728357,C++,C++ (GCC 9.2.1),cpp,Accepted,35.0,4780.0,506,
s222587617,p02572,u404629709,1598728357,Python,Python (3.8.2),py,Accepted,149.0,31608.0,153,
s483846791,p02572,u625460396,1598728356,C++,C++ (GCC 9.2.1),cpp,Accepted,41.0,11784.0,5334,
s645483729,p02572,u424010864,1598728356,C++,C++ (GCC 9.2.1),cpp,Accepted,36.0,5172.0,2003,
s215378317,p02572,u299869545,1598728356,Python,Python (3.8.2),py,Accepted,98.0,31616.0,132,
s925520518,p02572,u671257784,1598728355,C++,C++ (GCC 9.2.1),cpp,Accepted,49.0,6360.0,7288,
s502550621,p02572,u199184624,1598728355,C++,C++ (GCC 9.2.1),cpp,Accepted,73.0,4840.0,626,
s006701763,p02572,u843135954,1598728354,Python,PyPy3 (7.3.0),py,Accepted,123.0,91964.0,400,
s604267939,p02572,u394289391,1598728354,C++,C++ (GCC 9.2.1),cpp,Accepted,34.0,4776.0,2802,
s449089171,p02572,u029251499,1598728354,Python,PyPy3 (7.3.0),py,Accepted,120.0,93972.0,201,
s352581040,p02572,u368735320,1598728354,C++,C++ (GCC 9.2.1),cpp,Accepted,76.0,16020.0,12117,
s416402986,p02572,u822223892,1598728354,C++,C++ (GCC 9.2.1),cpp,Accepted,74.0,6744.0,405,
s948093698,p02572,u188093234,1598728353,Python,Python (3.8.2),py,Accepted,140.0,31424.0,181,
s421569589,p02572,u887771535,1598728352,C++,C++ (GCC 9.2.1),cpp,Accepted,45.0,5388.0,592,
s593276854,p02572,u186282495,1598728352,C++,C++ (GCC 9.2.1),cpp,Accepted,36.0,6360.0,5651,
s787649744,p02572,u146368231,1598728352,C++,C++ (GCC 9.2.1),cpp,Accepted,74.0,6716.0,496,
s025065237,p02572,u676474080,1598728351,C++,C++ (GCC 9.2.1),cpp,Accepted,36.0,3564.0,2087,
s164763173,p02572,u556544227,1598728351,C++,C++ (GCC 9.2.1),cpp,Accepted,79.0,4748.0,555,
s954998728,p02572,u863091189,1598728351,C++,C++ (GCC 9.2.1),cpp,Accepted,36.0,6368.0,3738,
s732249955,p02572,u880337594,1598728351,C++,C++ (GCC 9.2.1),cpp,Accepted,38.0,6364.0,542,
s255270469,p02572,u268750247,1598728351,C++,C++ (GCC 9.2.1),cpp,Accepted,43.0,6728.0,1514,
s608272187,p02572,u633020228,1598728351,C++,C++ (GCC 9.2.1),cpp,Accepted,42.0,6364.0,4871,
s961218802,p02572,u574610297,1598728350,Python,Python (3.8.2),py,Accepted,195.0,31436.0,264,
s142991548,p02572,u123525541,1598728350,Python,PyPy3 (7.3.0),py,Accepted,119.0,104668.0,262,
s582106608,p02572,u173041855,1598728350,C++,C++ (GCC 9.2.1),cpp,Accepted,37.0,4780.0,805,
s544965717,p02572,u682820318,1598728350,C++,C++ (GCC 9.2.1),cpp,Accepted,75.0,5556.0,1329,
s417864211,p02572,u593074754,1598728349,C++,C++ (GCC 9.2.1),cpp,Accepted,26.0,6100.0,1429,
s694929758,p02572,u644907318,1598728349,Python,PyPy3 (7.3.0),py,Accepted,108.0,105384.0,350,
s301384051,p02572,u122034453,1598728349,C++,C++ (GCC 9.2.1),cpp,Accepted,89.0,4784.0,477,
s278301976,p02572,u857644621,1598728349,C++,C++ (GCC 9.2.1),cpp,Accepted,40.0,4856.0,713,
s303481480,p02572,u656463312,1598728348,C++,C++ (GCC 9.2.1),cpp,Accepted,42.0,6368.0,3338,
s522278313,p02572,u695338671,1598728348,C++,C++ (GCC 9.2.1),cpp,Accepted,37.0,4764.0,1673,
s555824212,p02572,u998733244,1598728348,Python,PyPy3 (7.3.0),py,Accepted,125.0,105280.0,197,
s939152345,p02572,u377985294,1598728348,C++,C++ (GCC 9.2.1),cpp,Accepted,39.0,3652.0,1625,
s571146238,p02572,u946082956,1598728348,C++,C++ (GCC 9.2.1),cpp,Accepted,80.0,6424.0,3892,
s106058135,p02572,u713480827,1598728348,C++,C++ (GCC 9.2.1),cpp,Accepted,39.0,5328.0,364,
s578246904,p02572,u845608451,1598728348,C++,C++ (GCC 9.2.1),cpp,Accepted,72.0,3628.0,780,
s270791974,p02572,u040787907,1598728347,C++,C++ (GCC 9.2.1),cpp,Accepted,34.0,4728.0,601,
s199852687,p02572,u030992242,1598728347,C++,C++ (GCC 9.2.1),cpp,Accepted,41.0,6764.0,669,
s140867403,p02572,u195355592,1598728346,Python,Python (3.8.2),py,Accepted,153.0,31560.0,188,
s665367952,p02572,u548842391,1598728346,C++,C++ (GCC 9.2.1),cpp,Accepted,40.0,6364.0,1518,
s788630277,p02572,u009785119,1598728346,C++,C++ (GCC 9.2.1),cpp,Accepted,34.0,5204.0,616,
s761941243,p02572,u616908644,1598728346,C++,C++ (GCC 9.2.1),cpp,Accepted,37.0,5172.0,635,
s977634816,p02572,u543466827,1598728345,C++,C++ (GCC 9.2.1),cpp,Accepted,76.0,6420.0,441,
s978023664,p02572,u381571147,1598728345,C++,C++ (GCC 9.2.1),cpp,Accepted,38.0,4776.0,671,
s105790811,p02572,u046180871,1598728345,C++,C++ (GCC 9.2.1),cpp,Accepted,38.0,6368.0,1691,
s379681653,p02572,u726285999,1598728345,Python,Python (3.8.2),py,Accepted,123.0,31528.0,319,
s887963352,p02572,u702097733,1598728345,C++,C++ (GCC 9.2.1),cpp,Accepted,76.0,6740.0,369,
s244628419,p02572,u629454253,1598728344,Python,PyPy3 (7.3.0),py,Accepted,122.0,105216.0,145,
s374796557,p02572,u503228842,1598728344,Python,Python (3.8.2),py,Accepted,202.0,31620.0,247,
s146231968,p02572,u166378830,1598728344,C++,C++ (GCC 9.2.1),cpp,Accepted,78.0,6760.0,455,
s470414137,p02572,u489959379,1598728342,Python,Python (3.8.2),py,Accepted,146.0,31424.0,405,
s375689494,p02572,u984175692,1598728342,C++,C++ (GCC 9.2.1),cpp,Accepted,44.0,4856.0,356,
s753931388,p02572,u029000441,1598728342,Python,PyPy3 (7.3.0),py,Accepted,117.0,92316.0,1160,
s624366049,p02572,u943070796,1598728341,C++,C++ (GCC 9.2.1),cpp,Accepted,40.0,5196.0,12463,
s343388806,p02572,u043048943,1598728341,Python,PyPy3 (7.3.0),py,Accepted,122.0,94344.0,830,
s255740316,p02572,u562935282,1598728341,Python,Python (3.8.2),py,Accepted,123.0,31612.0,265,
s907647445,p02572,u941047297,1598728341,Python,Python (3.8.2),py,Accepted,599.0,66896.0,1682,
s132991133,p02572,u911449886,1598728340,Python,Python (3.8.2),py,Accepted,193.0,31684.0,244,
s400888286,p02572,u096883693,1598728340,C++,C++ (GCC 9.2.1),cpp,Accepted,38.0,4428.0,1068,
s257011962,p02572,u902666724,1598728340,C++,C++ (GCC 9.2.1),cpp,Accepted,37.0,4776.0,1368,
s672545093,p02572,u361381049,1598728340,Python,PyPy3 (7.3.0),py,Accepted,111.0,94136.0,179,
s560749147,p02572,u005510193,1598728339,C++,C++ (GCC 9.2.1),cpp,Accepted,40.0,5176.0,778,
s671415213,p02572,u272721762,1598728339,C++,C++ (GCC 9.2.1),cpp,Accepted,36.0,4744.0,2219,
s532053944,p02572,u845356047,1598728339,C++,C++ (GCC 9.2.1),cpp,Accepted,36.0,4768.0,874,
s941199229,p02572,u717723315,1598728339,C++,C++ (GCC 9.2.1),cpp,Accepted,79.0,4836.0,663,
s941421307,p02572,u792078574,1598728338,Python,Python (3.8.2),py,Accepted,219.0,31184.0,318,
s130281986,p02572,u315083770,1598728338,C++,C++ (GCC 9.2.1),cpp,Accepted,34.0,6772.0,3174,
s830382852,p02572,u894580425,1598728337,C++,C++ (GCC 9.2.1),cpp,Accepted,35.0,6364.0,1215,
s917842957,p02572,u066413086,1598728337,Python,Python (3.8.2),py,Accepted,124.0,31568.0,271,
s286249079,p02572,u985556807,1598728337,C++,C++ (GCC 9.2.1),cpp,Accepted,81.0,6704.0,1314,
s465098483,p02572,u354126779,1598728337,Python,PyPy3 (7.3.0),py,Accepted,112.0,104924.0,144,
s277184020,p02572,u845573105,1598728336,Python,PyPy3 (7.3.0),py,Accepted,132.0,110128.0,215,
s918566924,p02572,u418527037,1598728336,Python,Python (3.8.2),py,Accepted,139.0,31616.0,160,
s655155410,p02572,u471759664,1598728335,C++,C++ (GCC 9.2.1),cpp,Accepted,42.0,5208.0,817,
s362623024,p02572,u326495425,1598728334,Python,PyPy3 (7.3.0),py,Accepted,111.0,94028.0,172,
s513216991,p02572,u844181631,1598728334,C++,C++ (GCC 9.2.1),cpp,Accepted,37.0,6740.0,722,
s626698334,p02572,u372177994,1598728333,C++,C++ (GCC 9.2.1),cpp,Accepted,74.0,6724.0,1080,
s937782088,p02572,u537266526,1598728332,C++,C++ (GCC 9.2.1),cpp,Accepted,39.0,6764.0,1329,
s168609427,p02572,u657356363,1598728332,C++,C++ (Clang 10.0.0),cpp,Accepted,161.0,4364.0,863,
s271682490,p02572,u207097826,1598728331,Python,PyPy3 (7.3.0),py,Accepted,114.0,94056.0,250,
s083880326,p02572,u509368316,1598728330,Python,Python (3.8.2),py,Accepted,129.0,31508.0,174,
s822946397,p02572,u666625234,1598728330,C++,C++ (GCC 9.2.1),cpp,Accepted,39.0,6776.0,908,
s652420553,p02572,u910973430,1598728330,C++,C++ (GCC 9.2.1),cpp,Accepted,75.0,3980.0,336,
s229331953,p02572,u762540523,1598728329,Python,Python (3.8.2),py,Accepted,109.0,31612.0,288,
s036445505,p02572,u495203326,1598728329,C++,C++ (GCC 9.2.1),cpp,Accepted,35.0,6392.0,808,
s045125543,p02572,u149999193,1598728329,C++,C++ (GCC 9.2.1),cpp,Accepted,34.0,4776.0,1566,
s047996415,p02572,u690536347,1598728328,Python,Python (3.8.2),py,Accepted,202.0,31752.0,213,
s589764099,p02572,u342563578,1598728328,Python,PyPy3 (7.3.0),py,Accepted,133.0,102060.0,243,
s151609573,p02572,u503221936,1598728328,C++,C++ (GCC 9.2.1),cpp,Accepted,77.0,4840.0,434,
s429761212,p02572,u196579381,1598728327,Python,PyPy3 (7.3.0),py,Accepted,111.0,94312.0,160,
s289559111,p02572,u757628628,1598728327,C++,C++ (GCC 9.2.1),cpp,Accepted,73.0,4840.0,1983,
s545234339,p02572,u220212997,1598728327,C++,C++ (GCC 9.2.1),cpp,Accepted,66.0,53352.0,5768,
s714405937,p02572,u852449189,1598728326,C++,C++ (GCC 9.2.1),cpp,Accepted,44.0,6328.0,1493,
s425310039,p02572,u693198151,1598728326,C++,C++ (GCC 9.2.1),cpp,Accepted,28.0,3632.0,1479,
s791191935,p02572,u743200388,1598728326,C++,C++ (GCC 9.2.1),cpp,Accepted,82.0,5164.0,419,
s986431332,p02572,u771524928,1598728325,C++,C++ (GCC 9.2.1),cpp,Accepted,36.0,6344.0,4851,
s128407650,p02572,u590927341,1598728325,C++,C++ (GCC 9.2.1),cpp,Accepted,41.0,6340.0,1924,
s750640297,p02572,u139149276,1598728325,Python,PyPy3 (7.3.0),py,Accepted,142.0,105764.0,1675,
s798209236,p02572,u869919400,1598728324,Python,PyPy3 (7.3.0),py,Accepted,137.0,94160.0,176,
s256225420,p02572,u221901337,1598728323,C++,C++ (GCC 9.2.1),cpp,Accepted,74.0,6704.0,583,
s674863080,p02572,u622570247,1598728323,Python,Python (3.8.2),py,Accepted,157.0,31616.0,175,
s199749409,p02572,u907172631,1598728323,C++,C++ (GCC 9.2.1),cpp,Accepted,37.0,6364.0,1384,
s808786547,p02572,u386049672,1598728322,C++,C++ (GCC 9.2.1),cpp,Accepted,78.0,6428.0,1470,
s794829444,p02572,u439576126,1598728322,C++,C++ (GCC 9.2.1),cpp,Accepted,42.0,4832.0,605,
s124340927,p02572,u090266528,1598728322,Python,PyPy3 (7.3.0),py,Accepted,134.0,94260.0,171,
s565349092,p02572,u919394785,1598728321,C++,C++ (GCC 9.2.1),cpp,Accepted,81.0,4840.0,934,
s996151204,p02572,u573483192,1598728321,C++,C++ (GCC 9.2.1),cpp,Accepted,39.0,6776.0,1037,
s733579200,p02572,u892922562,1598728321,C++,C++ (GCC 9.2.1),cpp,Accepted,74.0,6424.0,3419,
s309334626,p02572,u992875223,1598728321,C++,C++ (GCC 9.2.1),cpp,Accepted,76.0,5636.0,1831,
s115290927,p02572,u633255271,1598728320,Python,PyPy3 (7.3.0),py,Accepted,117.0,102180.0,239,
s567299201,p02572,u807064686,1598728319,C++,C++ (GCC 9.2.1),cpp,Accepted,37.0,6744.0,358,
s517601026,p02572,u476266543,1598728319,Python,PyPy3 (7.3.0),py,Accepted,131.0,94236.0,152,
s597989340,p02572,u291353306,1598728319,C++,C++ (GCC 9.2.1),cpp,Accepted,34.0,6348.0,888,
s472615191,p02572,u671604373,1598728318,C++,C++ (GCC 9.2.1),cpp,Accepted,42.0,6360.0,1496,
s040737834,p02572,u952094438,1598728318,C++,C++ (GCC 9.2.1),cpp,Accepted,40.0,4736.0,3231,
s128469427,p02572,u496407619,1598728318,Python,PyPy2 (7.3.0),py,Accepted,103.0,91336.0,243,
s270515689,p02572,u132104266,1598728318,C++,C++ (GCC 9.2.1),cpp,Accepted,31.0,5212.0,488,
s211163075,p02572,u711295009,1598728318,Python,Python (3.8.2),py,Accepted,182.0,31608.0,258,
s177313262,p02572,u729315150,1598728317,C++,C++ (GCC 9.2.1),cpp,Accepted,37.0,6356.0,2252,
s159833679,p02572,u341175126,1598728316,Python,PyPy3 (7.3.0),py,Accepted,140.0,95848.0,2459,
s312302134,p02572,u507017575,1598728316,C++,C++ (GCC 9.2.1),cpp,Accepted,34.0,6768.0,566,
s888929705,p02572,u930089439,1598728315,C++,C++ (GCC 9.2.1),cpp,Accepted,32.0,3648.0,1025,
s689655071,p02572,u035413032,1598728314,C++,C++ (GCC 9.2.1),cpp,Accepted,87.0,6424.0,366,
s958362180,p02572,u049951384,1598728314,C++,C++ (GCC 9.2.1),cpp,Accepted,36.0,6772.0,1956,
s242264508,p02572,u489108157,1598728313,C++,C++ (GCC 9.2.1),cpp,Accepted,37.0,6332.0,2476,
s578797261,p02572,u762061569,1598728313,C++,C++ (GCC 9.2.1),cpp,Accepted,37.0,6776.0,563,
s821789773,p02572,u722640678,1598728313,C++,C++ (GCC 9.2.1),cpp,Accepted,78.0,6724.0,5878,
s753688757,p02572,u051928503,1598728313,Python,PyPy3 (7.3.0),py,Accepted,136.0,101892.0,203,
s478573000,p02572,u714178589,1598728312,C++,C++ (GCC 9.2.1),cpp,Accepted,41.0,5372.0,836,
s543556571,p02572,u783675879,1598728312,C++,C++ (GCC 9.2.1),cpp,Accepted,47.0,17356.0,42237,
s100587573,p02572,u388698992,1598728312,C++,C++ (GCC 9.2.1),cpp,Accepted,33.0,3616.0,6947,
s498344954,p02572,u546925116,1598728312,C++,C++ (GCC 9.2.1),cpp,Accepted,44.0,1724.0,270,
s084890797,p02572,u121750310,1598728312,C++,C++ (GCC 9.2.1),cpp,Accepted,74.0,5164.0,1244,
s405184309,p02572,u620932318,1598728311,C++,C++ (GCC 9.2.1),cpp,Accepted,74.0,4844.0,1652,
s838859497,p02572,u425619511,1598728311,C++,C++ (GCC 9.2.1),cpp,Accepted,37.0,4836.0,865,
s733401473,p02572,u033208015,1598728311,C++,C++ (GCC 9.2.1),cpp,Accepted,35.0,5204.0,454,
s203335962,p02572,u616753222,1598728311,C++,C++ (GCC 9.2.1),cpp,Accepted,39.0,7164.0,3247,
s445585700,p02572,u337353034,1598728310,C++,C++ (GCC 9.2.1),cpp,Accepted,36.0,6368.0,3552,
s655747686,p02572,u912862653,1598728310,Python,PyPy3 (7.3.0),py,Accepted,530.0,108988.0,402,
s031743900,p02572,u573529926,1598728310,C++,C++ (GCC 9.2.1),cpp,Accepted,40.0,6744.0,1197,
s420479580,p02572,u755830696,1598728310,C++,C++ (GCC 9.2.1),cpp,Accepted,39.0,4780.0,847,
s844124819,p02572,u068862829,1598728308,Python,Python (3.8.2),py,Accepted,110.0,31752.0,156,
s563314479,p02572,u195935121,1598728308,C++,C++ (GCC 9.2.1),cpp,Accepted,37.0,5220.0,1378,
s722270060,p02572,u875291233,1598728308,Python,Python (3.8.2),py,Accepted,94.0,31212.0,229,
s636443759,p02572,u263830634,1598728307,Python,Python (3.8.2),py,Accepted,204.0,31552.0,255,
s064665153,p02572,u422600158,1598728307,C++,C++ (GCC 9.2.1),cpp,Accepted,34.0,5144.0,1301,
s880472519,p02572,u584242364,1598728306,C++,C++ (GCC 9.2.1),cpp,Accepted,38.0,5172.0,1806,
s309215354,p02572,u784283302,1598728306,C++,C++ (GCC 9.2.1),cpp,Accepted,82.0,3592.0,267,
s157888319,p02572,u749019944,1598728306,C++,C++ (GCC 9.2.1),cpp,Accepted,73.0,6752.0,436,
s857917684,p02572,u730769327,1598728306,Python,PyPy3 (7.3.0),py,Accepted,142.0,93980.0,186,
s239541877,p02572,u814970050,1598728306,C++,C++ (GCC 9.2.1),cpp,Accepted,38.0,5572.0,2232,
s551825702,p02572,u766955437,1598728305,C++,C++ (GCC 9.2.1),cpp,Accepted,35.0,6776.0,497,
s056496739,p02572,u052815054,1598728305,C++,C++ (GCC 9.2.1),cpp,Accepted,82.0,5936.0,419,
s467442689,p02572,u532573979,1598728305,C++,C++ (GCC 9.2.1),cpp,Accepted,36.0,6376.0,3338,
s557510330,p02572,u145950990,1598728304,Python,PyPy3 (7.3.0),py,Accepted,130.0,94148.0,166,
s157680234,p02572,u104896619,1598728304,C++,C++ (GCC 9.2.1),cpp,Accepted,73.0,6744.0,659,
s234879673,p02572,u403301154,1598728304,C++,C++ (GCC 9.2.1),cpp,Accepted,35.0,6364.0,4023,
s593086508,p02572,u289545075,1598728304,C++,C++ (GCC 9.2.1),cpp,Accepted,76.0,7992.0,2227,
s787854160,p02572,u783255320,1598728304,C++,C++ (GCC 9.2.1),cpp,Accepted,74.0,4848.0,1585,
s895610890,p02572,u071282706,1598728304,C++,C++ (GCC 9.2.1),cpp,Accepted,42.0,4776.0,842,
s794065575,p02572,u121974081,1598728303,C++,C++ (GCC 9.2.1),cpp,Accepted,76.0,4836.0,362,
s988375347,p02572,u395676079,1598728303,C++,C++ (GCC 9.2.1),cpp,Accepted,73.0,6372.0,2165,
s120976894,p02572,u999669186,1598728303,C++,C++ (GCC 9.2.1),cpp,Accepted,42.0,6736.0,685,
s759221808,p02572,u287125043,1598728303,C++,C++ (GCC 9.2.1),cpp,Accepted,37.0,5200.0,982,
s011399323,p02572,u786837146,1598728302,C++,C++ (GCC 9.2.1),cpp,Accepted,35.0,6352.0,853,
s675180528,p02572,u201387466,1598728302,Python,Python (3.8.2),py,Accepted,211.0,33124.0,1004,
s956754333,p02572,u328858746,1598728302,Python,PyPy3 (7.3.0),py,Accepted,118.0,94112.0,166,
s451311811,p02572,u989336028,1598728302,C++,C++ (GCC 9.2.1),cpp,Accepted,75.0,4844.0,704,
s708219978,p02572,u208622069,1598728301,C++,C++ (GCC 9.2.1),cpp,Accepted,35.0,5124.0,1024,
s181195499,p02572,u164414906,1598728301,C++,C++ (GCC 9.2.1),cpp,Accepted,31.0,6732.0,1582,
s758359784,p02572,u158422204,1598728301,C++,C++ (GCC 9.2.1),cpp,Accepted,40.0,6772.0,660,
s421610809,p02572,u552024502,1598728301,C++,C++ (GCC 9.2.1),cpp,Accepted,166.0,17188.0,1264,
s017485842,p02572,u941753895,1598728301,Python,Python (3.8.2),py,Accepted,162.0,33324.0,717,
s516860987,p02572,u449175559,1598728301,C++,C++ (GCC 9.2.1),cpp,Accepted,74.0,4844.0,2767,
s787111945,p02572,u362345573,1598728300,C++,C++ (GCC 9.2.1),cpp,Accepted,85.0,15876.0,1526,
s514925798,p02572,u333139319,1598728300,Python,PyPy3 (7.3.0),py,Accepted,132.0,94276.0,228,
s336628362,p02572,u228402731,1598728300,C++,C++ (GCC 9.2.1),cpp,Accepted,76.0,6424.0,519,
s397268234,p02572,u453376770,1598728299,C++,C++ (GCC 9.2.1),cpp,Accepted,73.0,3632.0,216,
s597415031,p02572,u483635716,1598728299,C++,C++ (GCC 9.2.1),cpp,Accepted,36.0,6740.0,895,
s710174523,p02572,u963531537,1598728299,C++,C++ (GCC 9.2.1),cpp,Accepted,24.0,5188.0,3756,
s992492251,p02572,u085634861,1598728299,C++,C++ (GCC 9.2.1),cpp,Accepted,40.0,6368.0,1204,
s219517926,p02572,u044220565,1598728297,Python,Python (3.8.2),py,Accepted,125.0,29196.0,715,
s648632944,p02572,u670128805,1598728297,C++,C++ (GCC 9.2.1),cpp,Accepted,41.0,4776.0,561,
s040048293,p02572,u423389475,1598728296,Python,PyPy3 (7.3.0),py,Accepted,123.0,107080.0,207,
s258253299,p02572,u644497121,1598728296,C++,C++ (GCC 9.2.1),cpp,Accepted,77.0,6752.0,437,
s762154449,p02572,u441575327,1598728296,Python,PyPy3 (7.3.0),py,Accepted,110.0,94236.0,175,
s609745650,p02572,u439009525,1598728296,Python,Python (3.8.2),py,Accepted,135.0,31536.0,155,
s395491361,p02572,u454093752,1598728295,Python,PyPy3 (7.3.0),py,Accepted,134.0,101628.0,254,
s327198111,p02572,u749042636,1598728295,C++,C++ (GCC 9.2.1),cpp,Accepted,37.0,6744.0,1687,
s979635948,p02572,u992106088,1598728293,C++,C++ (GCC 9.2.1),cpp,Accepted,72.0,6424.0,1661,
s536166404,p02572,u272870143,1598728293,C++,C++ (GCC 9.2.1),cpp,Accepted,34.0,5176.0,2040,
s587950681,p02572,u175426149,1598728293,C++,C++ (GCC 9.2.1),cpp,Accepted,34.0,3984.0,1619,
s721456774,p02572,u210112048,1598728292,C++,C++ (GCC 9.2.1),cpp,Accepted,36.0,5212.0,1467,
s106336993,p02572,u186304815,1598728291,C++,C++ (GCC 9.2.1),cpp,Accepted,40.0,5576.0,3176,
s399329829,p02572,u867964643,1598728291,C++,C++ (GCC 9.2.1),cpp,Accepted,38.0,5168.0,1519,
s255378909,p02572,u247679666,1598728291,C++,C++ (GCC 9.2.1),cpp,Accepted,75.0,4788.0,1562,
s936577726,p02572,u270246142,1598728291,C++,C++ (GCC 9.2.1),cpp,Accepted,34.0,6776.0,2249,
s858261712,p02572,u675879758,1598728290,C++,C++ (GCC 9.2.1),cpp,Accepted,37.0,6360.0,12800,
s387233154,p02572,u657353833,1598728290,C++,C++ (GCC 9.2.1),cpp,Accepted,72.0,5156.0,394,
s717789523,p02572,u576789332,1598728290,C++,C++ (GCC 9.2.1),cpp,Accepted,80.0,6712.0,744,
s998053037,p02572,u217508499,1598728290,C++,C++ (GCC 9.2.1),cpp,Accepted,75.0,4848.0,307,
s267998207,p02572,u944325914,1598728289,Python,Python (3.8.2),py,Accepted,160.0,31412.0,163,
s485974860,p02572,u268516119,1598728288,Python,PyPy3 (7.3.0),py,Accepted,112.0,94172.0,279,
s030536645,p02572,u454937339,1598728288,C++,C++ (GCC 9.2.1),cpp,Accepted,36.0,5216.0,2132,
s107801887,p02572,u244646835,1598728287,C++,C++ (GCC 9.2.1),cpp,Accepted,49.0,5140.0,1346,
s482395055,p02572,u477977638,1598728287,Python,Python (3.8.2),py,Accepted,109.0,29148.0,639,
s058633552,p02572,u919168304,1598728286,C++,C++ (GCC 9.2.1),cpp,Accepted,76.0,6716.0,787,
s632217686,p02572,u337697979,1598728286,C++,C++ (GCC 9.2.1),cpp,Accepted,35.0,6364.0,1457,
s221765472,p02572,u263318907,1598728286,C++,C++ (GCC 9.2.1),cpp,Accepted,42.0,6360.0,1364,
s605091788,p02572,u603958124,1598728286,Python,Python (3.8.2),py,Accepted,324.0,32672.0,1001,
s095720399,p02572,u898245351,1598728286,C++,C++ (GCC 9.2.1),cpp,Accepted,35.0,3952.0,413,
s024066933,p02572,u335667012,1598728286,C++,C++ (GCC 9.2.1),cpp,Accepted,70.0,4852.0,3040,
s054996969,p02572,u538361257,1598728285,Python,Python (3.8.2),py,Accepted,135.0,31752.0,175,
s372334081,p02572,u632412714,1598728285,C++,C++ (GCC 9.2.1),cpp,Accepted,41.0,5172.0,687,
s747530201,p02572,u925397194,1598728285,C++,C++ (Clang 10.0.0),cpp,Accepted,169.0,3640.0,1834,
s145226923,p02572,u368383065,1598728285,C++,C++ (GCC 9.2.1),cpp,Accepted,71.0,6744.0,377,
s117606090,p02572,u918601425,1598728285,Python,Python (3.8.2),py,Accepted,157.0,31752.0,158,
s255476549,p02572,u281178641,1598728284,C++,C++ (GCC 9.2.1),cpp,Accepted,77.0,4836.0,587,
s823435311,p02572,u806976856,1598728284,Python,PyPy3 (7.3.0),py,Accepted,116.0,105144.0,125,
s058770556,p02572,u693025087,1598728284,Python,PyPy3 (7.3.0),py,Accepted,118.0,102156.0,360,
s312348410,p02572,u664015993,1598728284,Python,Python (3.8.2),py,Accepted,185.0,31744.0,206,
s280373506,p02572,u242031676,1598728284,Python,Python (3.8.2),py,Accepted,185.0,31752.0,199,
s354404017,p02572,u155847528,1598728284,C++,C++ (GCC 9.2.1),cpp,Accepted,42.0,6880.0,379,
s533862204,p02572,u401487574,1598728284,Python,Python (3.8.2),py,Accepted,162.0,32176.0,439,
s030280011,p02572,u399236408,1598728283,C++,C++ (GCC 9.2.1),cpp,Accepted,33.0,5208.0,8759,
s850928546,p02572,u190018920,1598728283,C++,C++ (GCC 9.2.1),cpp,Accepted,36.0,4792.0,3005,
s560904547,p02572,u991534398,1598728283,C++,C++ (GCC 9.2.1),cpp,Accepted,40.0,4588.0,700,
s827120855,p02572,u999359545,1598728282,C++,C++ (GCC 9.2.1),cpp,Accepted,75.0,5156.0,1517,
s406293714,p02572,u203081684,1598728281,C++,C++ (GCC 9.2.1),cpp,Accepted,38.0,6800.0,1604,
s777707165,p02572,u132371041,1598728281,C++,C++ (GCC 9.2.1),cpp,Accepted,36.0,10304.0,2865,
s576072676,p02572,u481526125,1598728281,C++,C++ (GCC 9.2.1),cpp,Accepted,42.0,5200.0,961,
s515182741,p02572,u412837450,1598728281,C++,C++ (GCC 9.2.1),cpp,Accepted,76.0,4840.0,391,
s229295818,p02572,u621389035,1598728280,C++,C++ (GCC 9.2.1),cpp,Accepted,75.0,6368.0,443,
s297920731,p02572,u259039862,1598728280,C++,C++ (GCC 9.2.1),cpp,Accepted,36.0,6760.0,912,
s119497348,p02572,u756388720,1598728280,C++,C++ (GCC 9.2.1),cpp,Accepted,69.0,4836.0,3421,
s657058649,p02572,u923172145,1598728280,Python,Python (3.8.2),py,Accepted,177.0,31608.0,261,
s331374050,p02572,u612975321,1598728280,Python,Python (3.8.2),py,Accepted,167.0,31548.0,210,
s863309710,p02572,u591589288,1598728280,Python,PyPy3 (7.3.0),py,Accepted,142.0,94132.0,418,
s868941764,p02572,u061141764,1598728280,C++,C++ (GCC 9.2.1),cpp,Accepted,32.0,4816.0,3213,
s403484297,p02572,u618697411,1598728280,C++,C++ (GCC 9.2.1),cpp,Accepted,72.0,6424.0,4737,
s070264343,p02572,u924568685,1598728279,C++,C++ (GCC 9.2.1),cpp,Accepted,77.0,4372.0,259,
s241415338,p02572,u399195724,1598728279,C++,C++ (GCC 9.2.1),cpp,Accepted,37.0,6792.0,4432,
s617381375,p02572,u586747623,1598728279,Python,Python (3.8.2),py,Accepted,185.0,31436.0,332,
s544426988,p02572,u245899742,1598728279,C++,C++ (GCC 9.2.1),cpp,Accepted,38.0,5256.0,481,
s859338478,p02572,u694588776,1598728279,C++,C++ (GCC 9.2.1),cpp,Accepted,77.0,6404.0,1134,
s248736812,p02572,u030504180,1598728279,C++,C++ (GCC 9.2.1),cpp,Accepted,75.0,3984.0,458,
s735971400,p02572,u370963542,1598728278,C++,C++ (GCC 9.2.1),cpp,Accepted,46.0,6932.0,1177,
s379200979,p02572,u017271745,1598728278,C++,C++ (GCC 9.2.1),cpp,Accepted,33.0,4776.0,2464,
s184866434,p02572,u968704621,1598728278,C++,C++ (GCC 9.2.1),cpp,Accepted,36.0,5200.0,1080,
s914085752,p02572,u662615460,1598728276,Python,Python (3.8.2),py,Accepted,116.0,31600.0,132,
s776492985,p02572,u165069834,1598728276,C++,C++ (GCC 9.2.1),cpp,Accepted,34.0,4780.0,720,
s839503047,p02572,u788683948,1598728276,C++,C++ (GCC 9.2.1),cpp,Accepted,36.0,4776.0,3292,
s566782473,p02572,u793821463,1598728275,Python,Python (3.8.2),py,Accepted,153.0,31544.0,159,
s460738923,p02572,u299727087,1598728275,C++,C++ (GCC 9.2.1),cpp,Accepted,40.0,6360.0,1280,
s043020036,p02572,u839397805,1598728274,C++,C++ (GCC 9.2.1),cpp,Accepted,38.0,4780.0,5255,
s567173634,p02572,u883323885,1598728274,C++,C++ (GCC 9.2.1),cpp,Accepted,75.0,5180.0,699,
s665399854,p02572,u614134313,1598728274,C++,C++ (GCC 9.2.1),cpp,Accepted,37.0,5380.0,469,
s047513317,p02572,u268793453,1598728274,C++,C++ (GCC 9.2.1),cpp,Accepted,74.0,4788.0,3765,
s950829704,p02572,u275885859,1598728274,C++,C++ (GCC 9.2.1),cpp,Accepted,39.0,6364.0,694,
s591772470,p02572,u135832955,1598728273,Python,Python (3.8.2),py,Accepted,177.0,31600.0,209,
s548728680,p02572,u837214577,1598728273,C++,C++ (GCC 9.2.1),cpp,Accepted,37.0,4776.0,1222,
s332580006,p02572,u105643643,1598728273,C++,C++ (GCC 9.2.1),cpp,Accepted,35.0,3652.0,542,
s110099257,p02572,u853244528,1598728272,C++,C++ (GCC 9.2.1),cpp,Accepted,37.0,6776.0,2565,
s957305938,p02572,u628871447,1598728272,C++,C++ (GCC 9.2.1),cpp,Accepted,77.0,6748.0,1677,
s355880156,p02572,u178945107,1598728271,C++,C++ (GCC 9.2.1),cpp,Accepted,34.0,6708.0,2156,
s925744520,p02572,u872191059,1598728271,Python,PyPy3 (7.3.0),py,Accepted,126.0,94352.0,187,
s743788912,p02572,u102305348,1598728271,Python,PyPy3 (7.3.0),py,Accepted,130.0,105228.0,168,
s329695303,p02572,u843175622,1598728271,Python,Python (3.8.2),py,Accepted,177.0,31748.0,207,
s614617837,p02572,u164154389,1598728270,C++,C++ (GCC 9.2.1),cpp,Accepted,80.0,6372.0,453,
s919209953,p02572,u309390117,1598728270,C++,C++ (GCC 9.2.1),cpp,Accepted,42.0,5372.0,813,
s152386234,p02572,u201098652,1598728270,C++,C++ (GCC 9.2.1),cpp,Accepted,35.0,3652.0,365,
s953634439,p02572,u847923740,1598728269,Python,PyPy3 (7.3.0),py,Accepted,114.0,104944.0,227,
s593091817,p02572,u024191315,1598728269,C++,C++ (GCC 9.2.1),cpp,Accepted,75.0,4840.0,699,
s382782774,p02572,u791757444,1598728269,C++,C++ (GCC 9.2.1),cpp,Accepted,36.0,3652.0,943,
s598106970,p02572,u172743562,1598728268,C++,C++ (GCC 9.2.1),cpp,Accepted,26.0,4372.0,1704,
s807179158,p02572,u373111370,1598728268,C++,C++ (GCC 9.2.1),cpp,Accepted,38.0,6772.0,1565,
s974418131,p02572,u227082700,1598728268,Python,PyPy3 (7.3.0),py,Accepted,126.0,94300.0,132,
s396464308,p02572,u600402037,1598728268,C++,C++ (GCC 9.2.1),cpp,Accepted,75.0,4840.0,2326,
s122170300,p02572,u766299200,1598728268,C++,C++ (GCC 9.2.1),cpp,Accepted,37.0,4776.0,1812,
s080781371,p02572,u390165589,1598728267,C++,C++ (GCC 9.2.1),cpp,Accepted,78.0,6424.0,579,
s776602581,p02572,u223646582,1598728267,Python,PyPy3 (7.3.0),py,Accepted,127.0,107016.0,215,
s827453419,p02572,u909815117,1598728267,C++,C++ (GCC 9.2.1),cpp,Accepted,37.0,6812.0,1305,
s512794861,p02572,u684049918,1598728267,C++,C++ (GCC 9.2.1),cpp,Accepted,78.0,6740.0,522,
s519428007,p02572,u108934099,1598728267,Python,Python (3.8.2),py,Accepted,148.0,31432.0,167,
s109058579,p02572,u513434790,1598728266,Python,Python (3.8.2),py,Accepted,164.0,31436.0,182,
s290865612,p02572,u023461939,1598728266,C++,C++ (GCC 9.2.1),cpp,Accepted,34.0,6772.0,1153,
s932705017,p02572,u113971909,1598728265,Python,Python (3.8.2),py,Accepted,142.0,30860.0,265,
s812357892,p02572,u371958417,1598728265,C++,C++ (GCC 9.2.1),cpp,Accepted,83.0,6708.0,364,
s044614371,p02572,u554324289,1598728264,C++,C++ (GCC 9.2.1),cpp,Accepted,34.0,3652.0,1379,
s596341841,p02572,u509150616,1598728264,Python,PyPy3 (7.3.0),py,Accepted,110.0,94228.0,159,
s110564400,p02572,u136006798,1598728264,C++,C++ (GCC 9.2.1),cpp,Accepted,38.0,6768.0,955,
s496247281,p02572,u175132119,1598728264,C++,C++ (GCC 9.2.1),cpp,Accepted,79.0,5580.0,545,
s731038280,p02572,u589330060,1598728263,C++,C++ (GCC 9.2.1),cpp,Accepted,38.0,4780.0,3916,
s683663863,p02572,u367701763,1598728263,Python,PyPy3 (7.3.0),py,Accepted,130.0,107360.0,213,
s704666950,p02572,u870092796,1598728262,C++,C++ (GCC 9.2.1),cpp,Accepted,80.0,6424.0,535,
s029507567,p02572,u591523809,1598728262,C++,C++ (GCC 9.2.1),cpp,Accepted,74.0,4044.0,1701,
s002541263,p02572,u356499208,1598728262,C++,C++ (GCC 9.2.1),cpp,Accepted,77.0,4840.0,666,
s488665250,p02572,u038427389,1598728262,C++,C++ (GCC 9.2.1),cpp,Accepted,35.0,6772.0,878,
s195256351,p02572,u043443359,1598728261,C++,C++ (GCC 9.2.1),cpp,Accepted,76.0,4400.0,10637,
s879944110,p02572,u554988565,1598728261,C++,C++ (GCC 9.2.1),cpp,Accepted,77.0,5156.0,2791,
s036793793,p02572,u115888500,1598728260,C++,C++ (GCC 9.2.1),cpp,Accepted,74.0,5280.0,3871,
s230341749,p02572,u772395065,1598728259,C++,C++ (GCC 9.2.1),cpp,Accepted,78.0,3632.0,1724,
s087269848,p02572,u322913626,1598728259,C++,C++ (GCC 9.2.1),cpp,Accepted,35.0,3656.0,2333,
s815655740,p02572,u670919462,1598728258,C++,C++ (GCC 9.2.1),cpp,Accepted,35.0,5164.0,1131,
s252900904,p02572,u223160139,1598728258,C++,C++ (GCC 9.2.1),cpp,Accepted,35.0,6360.0,8379,
s029640956,p02572,u347640436,1598728258,Python,Python (3.8.2),py,Accepted,167.0,31768.0,215,
s564127043,p02572,u512007680,1598728258,Python,PyPy3 (7.3.0),py,Accepted,108.0,94056.0,203,
s601737491,p02572,u644656710,1598728257,C++,C++ (GCC 9.2.1),cpp,Accepted,33.0,4784.0,1000,
s371819400,p02572,u632094970,1598728256,C++,C++ (GCC 9.2.1),cpp,Accepted,75.0,4784.0,2917,
s194579348,p02572,u551909378,1598728256,Python,Python (3.8.2),py,Accepted,148.0,31604.0,182,
s357827347,p02572,u793807327,1598728256,C++,C++ (GCC 9.2.1),cpp,Accepted,70.0,5144.0,1852,
s243791080,p02572,u317715099,1598728256,C++,C++ (GCC 9.2.1),cpp,Accepted,81.0,4784.0,2791,
s618968569,p02572,u497600911,1598728256,C++,C++ (GCC 9.2.1),cpp,Accepted,37.0,5204.0,2235,
s171412283,p02572,u581262359,1598728255,C++,C++ (GCC 9.2.1),cpp,Accepted,37.0,7948.0,7819,
s426728100,p02572,u486795229,1598728255,C++,C++ (GCC 9.2.1),cpp,Accepted,38.0,3292.0,326,
s297040369,p02572,u767569044,1598728255,C++,C++ (GCC 9.2.1),cpp,Accepted,35.0,4780.0,1521,
s484536668,p02572,u190761897,1598728254,C++,C++ (GCC 9.2.1),cpp,Accepted,76.0,6424.0,902,
s611321937,p02572,u278886389,1598728254,Python,PyPy3 (7.3.0),py,Accepted,123.0,94196.0,181,
s750791337,p02572,u243191980,1598728254,C++,C++ (GCC 9.2.1),cpp,Accepted,35.0,3652.0,387,
s973949852,p02572,u533232830,1598728254,Python,Python (3.8.2),py,Accepted,212.0,31608.0,220,
s547893785,p02572,u462257825,1598728253,C++,C++ (GCC 9.2.1),cpp,Accepted,70.0,3584.0,297,
s890265238,p02572,u262597910,1598728253,Python,Python (3.8.2),py,Accepted,145.0,31436.0,152,
s776508470,p02572,u605687528,1598728252,C++,C++ (GCC 9.2.1),cpp,Accepted,33.0,4780.0,1160,
s977005302,p02572,u970690920,1598728252,C++,C++ (GCC 9.2.1),cpp,Accepted,77.0,5196.0,631,
s193111023,p02572,u450922311,1598728252,C++,C++ (GCC 9.2.1),cpp,Accepted,39.0,4740.0,13903,
s712366972,p02572,u699809516,1598728252,C++,C++ (GCC 9.2.1),cpp,Accepted,36.0,6348.0,1966,
s246801635,p02572,u103557284,1598728252,C++,C++ (GCC 9.2.1),cpp,Accepted,35.0,3952.0,2053,
s632397084,p02572,u801120804,1598728252,C++,C++ (GCC 9.2.1),cpp,Accepted,227.0,6744.0,887,
s989643495,p02572,u215674898,1598728251,C++,C++ (GCC 9.2.1),cpp,Accepted,35.0,3644.0,441,
s382216394,p02572,u743889070,1598728251,C++,C++ (GCC 9.2.1),cpp,Accepted,74.0,5192.0,2079,
s741343262,p02572,u391225476,1598728251,C++,C++ (GCC 9.2.1),cpp,Accepted,37.0,6772.0,3179,
s901890015,p02572,u894316868,1598728250,C++,C++ (GCC 9.2.1),cpp,Accepted,37.0,6708.0,498,
s197058074,p02572,u217375380,1598728250,C++,C++ (GCC 9.2.1),cpp,Accepted,80.0,6756.0,967,
s498664289,p02572,u931173291,1598728250,C++,C++ (GCC 9.2.1),cpp,Accepted,34.0,4760.0,693,
s821444698,p02572,u669461113,1598728249,C++,C++ (GCC 9.2.1),cpp,Accepted,35.0,6764.0,912,
s113920800,p02572,u525560003,1598728248,C++,C++ (GCC 9.2.1),cpp,Accepted,75.0,3632.0,613,
s844494055,p02572,u423832505,1598728248,C++,C++ (GCC 9.2.1),cpp,Accepted,78.0,3632.0,371,
s121545566,p02572,u276999104,1598728248,C++,C++ (GCC 9.2.1),cpp,Accepted,33.0,3648.0,363,
s715219169,p02572,u623349537,1598728248,C++,C++ (GCC 9.2.1),cpp,Accepted,79.0,6708.0,757,
s856636387,p02572,u474180590,1598728248,C++,C++ (GCC 9.2.1),cpp,Accepted,84.0,6708.0,927,
s217894917,p02572,u768347697,1598728247,C++,C++ (GCC 9.2.1),cpp,Accepted,75.0,4840.0,970,
s461865257,p02572,u042990418,1598728247,C++,C++ (GCC 9.2.1),cpp,Accepted,37.0,5172.0,1589,
s839049041,p02572,u699609335,1598728246,C++,C++ (GCC 9.2.1),cpp,Accepted,40.0,4780.0,1205,
s291383616,p02572,u934272719,1598728246,C++,C++ (GCC 9.2.1),cpp,Accepted,41.0,6364.0,1523,
s414484645,p02572,u221264296,1598728246,Python,Python (3.8.2),py,Accepted,197.0,31560.0,271,
s262125784,p02572,u172942446,1598728246,C++,C++ (GCC 9.2.1),cpp,Accepted,41.0,6900.0,5886,
s435663257,p02572,u860546679,1598728246,C++,C++ (GCC 9.2.1),cpp,Accepted,76.0,6728.0,814,
s114115961,p02572,u463243362,1598728245,C++,C++ (GCC 9.2.1),cpp,Accepted,32.0,3652.0,813,
s631819335,p02572,u499966353,1598728245,C++,C++ (GCC 9.2.1),cpp,Accepted,35.0,4772.0,886,
s897176444,p02572,u045547337,1598728245,C++,C++ (GCC 9.2.1),cpp,Accepted,80.0,6716.0,443,
s045472853,p02572,u737491054,1598728245,C++,C++ (GCC 9.2.1),cpp,Accepted,73.0,6340.0,3370,
s235446640,p02572,u978469176,1598728244,C++,C++ (GCC 9.2.1),cpp,Accepted,78.0,6756.0,474,
s692246026,p02572,u170839742,1598728244,Python,PyPy3 (7.3.0),py,Accepted,136.0,106932.0,240,
s813724040,p02572,u201553784,1598728244,C++,C++ (GCC 9.2.1),cpp,Accepted,80.0,6764.0,671,
s787704744,p02572,u439063038,1598728244,Python,PyPy3 (7.3.0),py,Accepted,128.0,94188.0,172,
s054624637,p02572,u328025904,1598728243,C++,C++ (GCC 9.2.1),cpp,Accepted,35.0,5200.0,442,
s789942616,p02572,u236658355,1598728243,C++,C++ (GCC 9.2.1),cpp,Accepted,76.0,4048.0,931,
s048666872,p02572,u430726059,1598728243,Python,Python (3.8.2),py,Accepted,155.0,31672.0,221,
s454555325,p02572,u893178798,1598728242,Python,Python (3.8.2),py,Accepted,97.0,31592.0,142,
s797633053,p02572,u758815106,1598728242,Python,Python (3.8.2),py,Accepted,160.0,31608.0,206,
s572816324,p02572,u190480442,1598728242,C++,C++ (GCC 9.2.1),cpp,Accepted,37.0,6332.0,1037,
s392409127,p02572,u955202970,1598728242,C++,C++ (GCC 9.2.1),cpp,Accepted,76.0,6404.0,433,
s468613715,p02572,u403668916,1598728242,C++,C++ (GCC 9.2.1),cpp,Accepted,39.0,4776.0,2878,
s320409030,p02572,u823862638,1598728242,C++,C++ (GCC 9.2.1),cpp,Accepted,71.0,6424.0,1570,
s871346309,p02572,u529560962,1598728242,C++,C++ (GCC 9.2.1),cpp,Accepted,39.0,6728.0,1233,
s643799961,p02572,u581094488,1598728241,C++,C++ (GCC 9.2.1),cpp,Accepted,76.0,6328.0,627,
s930347285,p02572,u779968678,1598728241,C++,C++ (GCC 9.2.1),cpp,Accepted,38.0,6360.0,543,
s716806787,p02572,u649915042,1598728240,C++,C++ (GCC 9.2.1),cpp,Accepted,109.0,36252.0,3284,
s060568766,p02572,u683987726,1598728240,C++,C++ (GCC 9.2.1),cpp,Accepted,35.0,4752.0,1087,
s500733865,p02572,u531436689,1598728239,Python,PyPy3 (7.3.0),py,Accepted,316.0,114608.0,851,
s316739987,p02572,u744589193,1598728239,C++,C++ (GCC 9.2.1),cpp,Accepted,76.0,5160.0,461,
s410312695,p02572,u563502845,1598728239,C++,C++ (GCC 9.2.1),cpp,Accepted,40.0,6784.0,2373,
s927672231,p02572,u599785147,1598728239,C++,C++ (GCC 9.2.1),cpp,Accepted,38.0,5212.0,507,
s309311171,p02572,u535589138,1598728239,C++,C++ (GCC 9.2.1),cpp,Accepted,80.0,5192.0,1030,
s440017651,p02572,u373908456,1598728239,C++,C++ (GCC 9.2.1),cpp,Accepted,71.0,6500.0,20350,
s695425487,p02572,u231095456,1598728238,Python,Python (3.8.2),py,Accepted,96.0,31428.0,121,
s697554527,p02572,u536034761,1598728238,Python,Python (3.8.2),py,Accepted,171.0,31196.0,226,
s422393524,p02572,u216459554,1598728238,C++,C++ (GCC 9.2.1),cpp,Accepted,34.0,4780.0,3522,
s410072526,p02572,u326256389,1598728237,C++,C++ (GCC 9.2.1),cpp,Accepted,28.0,6744.0,1543,
s672238627,p02572,u733814820,1598728237,C++,C++ (GCC 9.2.1),cpp,Accepted,190.0,6344.0,1149,
s488349115,p02572,u321132398,1598728237,C++,C++ (GCC 9.2.1),cpp,Accepted,37.0,5196.0,907,
s644862050,p02572,u131663893,1598728236,C++,C++ (GCC 9.2.1),cpp,Accepted,89.0,4840.0,5222,
s633026100,p02572,u649618744,1598728236,C++,C++ (GCC 9.2.1),cpp,Accepted,39.0,1736.0,417,
s411113561,p02572,u192154323,1598728236,Python,PyPy3 (7.3.0),py,Accepted,114.0,93976.0,284,
s691241479,p02572,u858523345,1598728236,C++,C++ (GCC 9.2.1),cpp,Accepted,37.0,6780.0,753,
s726548556,p02572,u242284703,1598728236,C++,C++ (GCC 9.2.1),cpp,Accepted,37.0,6732.0,543,
s180855880,p02572,u807826857,1598728236,C++,C++ (GCC 9.2.1),cpp,Accepted,44.0,6884.0,908,
s640486191,p02572,u228413842,1598728235,C++,C++ (GCC 9.2.1),cpp,Accepted,76.0,6720.0,994,
s718446283,p02572,u657099893,1598728235,C++,C++ (GCC 9.2.1),cpp,Accepted,40.0,6772.0,492,
s171961146,p02572,u666049605,1598728235,C++,C++ (GCC 9.2.1),cpp,Accepted,81.0,5632.0,1585,
s293168693,p02572,u472402180,1598728235,C++,C++ (GCC 9.2.1),cpp,Accepted,38.0,4780.0,2951,
s990359609,p02572,u371535422,1598728234,C++,C++ (GCC 9.2.1),cpp,Accepted,79.0,6412.0,6058,
s976664702,p02572,u401502397,1598728234,C++,C++ (GCC 9.2.1),cpp,Accepted,35.0,4432.0,7246,
s933003084,p02572,u994521204,1598728234,Python,PyPy3 (7.3.0),py,Accepted,123.0,93920.0,281,
s382391981,p02572,u519968172,1598728234,Python,Python (3.8.2),py,Accepted,138.0,31440.0,136,
s983526740,p02572,u014847113,1598728234,C++,C++ (GCC 9.2.1),cpp,Accepted,75.0,4840.0,1789,
s781388309,p02572,u956758464,1598728234,C++,C++ (GCC 9.2.1),cpp,Accepted,218.0,50508.0,5629,
s374269926,p02572,u789323170,1598728234,C++,C++ (GCC 9.2.1),cpp,Accepted,75.0,6360.0,1635,
s299789187,p02572,u391589398,1598728234,Python,PyPy3 (7.3.0),py,Accepted,146.0,108568.0,226,
s943236217,p02572,u879436400,1598728234,C++,C++ (GCC 9.2.1),cpp,Accepted,71.0,5152.0,2981,
s667809393,p02572,u873047541,1598728233,C++,C++ (GCC 9.2.1),cpp,Accepted,40.0,4776.0,2348,
s041239057,p02572,u682672120,1598728233,Python,PyPy3 (7.3.0),py,Accepted,122.0,94116.0,413,
s251771893,p02572,u788717734,1598728233,C++,C++ (GCC 9.2.1),cpp,Accepted,75.0,4784.0,446,
s310277064,p02572,u500496457,1598728233,C++,C++ (Clang 10.0.0),cpp,Accepted,43.0,6048.0,3179,
s675959321,p02572,u477751546,1598728232,C++,C++ (GCC 9.2.1),cpp,Accepted,34.0,6360.0,1898,
s331783857,p02572,u820803197,1598728232,C++,C++ (GCC 9.2.1),cpp,Accepted,31.0,6732.0,1814,
s889152894,p02572,u895971408,1598728231,C++,C++ (GCC 9.2.1),cpp,Accepted,34.0,4784.0,4203,
s321852138,p02572,u151855078,1598728231,C++,C++ (GCC 9.2.1),cpp,Accepted,36.0,5200.0,523,
s175830350,p02572,u089147470,1598728231,C++,C++ (GCC 9.2.1),cpp,Accepted,82.0,5188.0,370,
s975192471,p02572,u851848924,1598728231,C++,C++ (GCC 9.2.1),cpp,Accepted,34.0,4420.0,1074,
s421744563,p02572,u224392054,1598728231,Python,Python (3.8.2),py,Accepted,167.0,32816.0,412,
s606891943,p02572,u018595419,1598728230,C++,C++ (GCC 9.2.1),cpp,Accepted,44.0,4844.0,3836,
s379604745,p02572,u101359868,1598728230,C++,C++ (GCC 9.2.1),cpp,Accepted,35.0,5212.0,944,
s647331813,p02572,u772211456,1598728230,C++,C++ (GCC 9.2.1),cpp,Accepted,39.0,6768.0,673,
s841750204,p02572,u616998927,1598728230,C++,C++ (GCC 9.2.1),cpp,Accepted,80.0,4840.0,1183,
s881476426,p02572,u070201429,1598728230,Python,PyPy3 (7.3.0),py,Accepted,117.0,94140.0,167,
s872556948,p02572,u599114793,1598728229,Python,PyPy3 (7.3.0),py,Accepted,130.0,94216.0,301,
s153488899,p02572,u840049681,1598728229,C++,C++ (GCC 9.2.1),cpp,Accepted,31.0,3612.0,1288,
s323518779,p02572,u100869561,1598728229,C++,C++ (GCC 9.2.1),cpp,Accepted,31.0,3656.0,1160,
s143535641,p02572,u139300044,1598728229,C++,C++ (GCC 9.2.1),cpp,Accepted,75.0,4840.0,1566,
s739578656,p02572,u102461423,1598728229,Python,Python (3.8.2),py,Accepted,164.0,40252.0,308,
s766393041,p02572,u350836088,1598728229,C++,C++ (GCC 9.2.1),cpp,Accepted,75.0,6424.0,702,
s521880202,p02572,u541884637,1598728228,C++,C++ (GCC 9.2.1),cpp,Accepted,82.0,6424.0,860,
s461779469,p02572,u435842501,1598728228,C++,C++ (GCC 9.2.1),cpp,Accepted,42.0,4540.0,476,
s480704678,p02572,u212904724,1598728228,C++,C++ (Clang 10.0.0),cpp,Accepted,172.0,5936.0,1195,
s629818697,p02572,u050301283,1598728228,C++,C++ (GCC 9.2.1),cpp,Accepted,75.0,5200.0,463,
s170908348,p02572,u845000384,1598728227,C++,C++ (GCC 9.2.1),cpp,Accepted,75.0,4840.0,1884,
s079760494,p02572,u449722246,1598728227,C++,C++ (GCC 9.2.1),cpp,Accepted,40.0,3984.0,563,
s502739140,p02572,u139765231,1598728227,C++,C++ (GCC 9.2.1),cpp,Accepted,40.0,5316.0,1538,
s912507243,p02572,u722036092,1598728227,C++,C++ (GCC 9.2.1),cpp,Accepted,33.0,5172.0,679,
s964162684,p02572,u973867069,1598728227,C++,C++ (GCC 9.2.1),cpp,Accepted,33.0,4756.0,850,
s883257300,p02572,u114047445,1598728226,C++,C++ (GCC 9.2.1),cpp,Accepted,37.0,4776.0,1857,
s976784907,p02572,u307937072,1598728226,C++,C++ (GCC 9.2.1),cpp,Accepted,33.0,3648.0,439,
s911790006,p02572,u764058295,1598728226,C++,C++ (GCC 9.2.1),cpp,Accepted,34.0,5172.0,722,
s568566548,p02572,u826426939,1598728226,C++,C++ (GCC 9.2.1),cpp,Accepted,43.0,6392.0,1203,
s293416077,p02572,u433195318,1598728226,C++,C++ (GCC 9.2.1),cpp,Accepted,40.0,11908.0,19466,
s711779221,p02572,u645250356,1598728226,Python,PyPy3 (7.3.0),py,Accepted,430.0,110352.0,506,
s749065101,p02572,u838841929,1598728225,C++,C++ (GCC 9.2.1),cpp,Accepted,33.0,4776.0,1583,
s119577000,p02572,u091051505,1598728225,Python,Python (3.8.2),py,Accepted,149.0,31432.0,205,
s084613160,p02572,u547372544,1598728225,C++,C++ (GCC 9.2.1),cpp,Accepted,41.0,5216.0,1891,
s744019567,p02572,u972597110,1598728225,C++,C++ (GCC 9.2.1),cpp,Accepted,37.0,6864.0,1822,
s417013881,p02572,u071680334,1598728224,Python,Python (3.8.2),py,Accepted,166.0,31676.0,344,
s313675926,p02572,u261203919,1598728223,C++,C++ (GCC 9.2.1),cpp,Accepted,46.0,5208.0,2490,
s651293416,p02572,u868132236,1598728223,C++,C++ (GCC 9.2.1),cpp,Accepted,73.0,4840.0,1244,
s871770763,p02572,u358254559,1598728223,Python,PyPy3 (7.3.0),py,Accepted,123.0,105196.0,151,
s768075784,p02572,u064087840,1598728223,C++,C++ (GCC 9.2.1),cpp,Accepted,36.0,5212.0,556,
s400160265,p02572,u442810826,1598728222,C++,C++ (GCC 9.2.1),cpp,Accepted,78.0,7976.0,5249,
s427450124,p02572,u385192820,1598728222,C++,C++ (GCC 9.2.1),cpp,Accepted,74.0,4840.0,1458,
s439726860,p02572,u336379728,1598728221,C++,C++ (GCC 9.2.1),cpp,Accepted,34.0,5176.0,512,
s620351695,p02572,u717006190,1598728221,C++,C++ (GCC 9.2.1),cpp,Accepted,37.0,5368.0,5732,
s708182791,p02572,u054016199,1598728220,C++,C++ (GCC 9.2.1),cpp,Accepted,73.0,5196.0,546,
s009869726,p02572,u857446558,1598728220,C++,C++ (GCC 9.2.1),cpp,Accepted,39.0,6772.0,1224,
s752789520,p02572,u459798349,1598728220,Python,Python (3.8.2),py,Accepted,161.0,31608.0,167,
s884141261,p02572,u201808715,1598728219,C++,C++ (GCC 9.2.1),cpp,Accepted,34.0,5220.0,1608,
s292574032,p02572,u003026289,1598728219,C++,C++ (GCC 9.2.1),cpp,Accepted,73.0,5180.0,848,
s344791514,p02572,u432019955,1598728219,C++,C++ (GCC 9.2.1),cpp,Accepted,41.0,5204.0,613,
s557022851,p02572,u024809932,1598728219,C++,C++ (Clang 10.0.0),cpp,Accepted,166.0,5996.0,427,
s243558669,p02572,u802234509,1598728219,C++,C++ (GCC 9.2.1),cpp,Accepted,37.0,5568.0,2499,
s098375147,p02572,u341957179,1598728218,C++,C++ (GCC 9.2.1),cpp,Accepted,81.0,6924.0,586,
s263225236,p02572,u019886980,1598728218,C++,C++ (GCC 9.2.1),cpp,Accepted,80.0,6740.0,352,
s571848964,p02572,u841568901,1598728218,Python,Python (3.8.2),py,Accepted,130.0,31544.0,228,
s947427587,p02572,u959792243,1598728218,C++,C++ (GCC 9.2.1),cpp,Accepted,40.0,6272.0,1356,
s544933836,p02572,u133936772,1598728217,Python,Python (3.8.2),py,Accepted,133.0,31424.0,110,
s770071970,p02572,u332519995,1598728217,C++,C++ (GCC 9.2.1),cpp,Accepted,35.0,4776.0,424,
s855987680,p02572,u587435760,1598728217,C++,C++ (GCC 9.2.1),cpp,Accepted,37.0,5988.0,418,
s394522894,p02572,u431615124,1598728215,C++,C++ (GCC 9.2.1),cpp,Accepted,48.0,6360.0,2144,
s851302401,p02572,u840742045,1598728215,C++,C++ (GCC 9.2.1),cpp,Accepted,39.0,5212.0,1155,
s881294670,p02572,u568501780,1598728215,C++,C++ (GCC 9.2.1),cpp,Accepted,36.0,4780.0,2240,
s121768931,p02572,u945761460,1598728215,Python,Python (3.8.2),py,Accepted,128.0,31428.0,127,
s602696775,p02572,u021108615,1598728213,C++,C++ (GCC 9.2.1),cpp,Accepted,35.0,5204.0,791,
s160514557,p02572,u387079788,1598728213,C++,C++ (GCC 9.2.1),cpp,Accepted,39.0,6360.0,905,
s972207793,p02572,u047816928,1598728213,Python,Python (3.8.2),py,Accepted,136.0,31748.0,186,
s905373181,p02572,u174447355,1598728212,C++,C++ (GCC 9.2.1),cpp,Accepted,43.0,6776.0,473,
s645922756,p02572,u108484707,1598728212,C++,C++ (GCC 9.2.1),cpp,Accepted,77.0,4788.0,651,
s031905148,p02572,u190875453,1598728212,C++,C++ (GCC 9.2.1),cpp,Accepted,73.0,3980.0,2120,
s451063184,p02572,u949939602,1598728211,C++,C++ (GCC 9.2.1),cpp,Accepted,39.0,6940.0,365,
s958661426,p02572,u158758819,1598728211,C++,C++ (GCC 9.2.1),cpp,Accepted,41.0,4776.0,1088,
s851374362,p02572,u618649215,1598728211,C++,C++ (GCC 9.2.1),cpp,Accepted,43.0,18244.0,3214,
s711653021,p02572,u968778920,1598728210,C++,C++ (GCC 9.2.1),cpp,Accepted,32.0,3676.0,1146,
s810496124,p02572,u126146165,1598728210,C++,C++ (GCC 9.2.1),cpp,Accepted,79.0,4840.0,776,
s401530681,p02572,u277114826,1598728210,C++,C++ (GCC 9.2.1),cpp,Accepted,36.0,5200.0,656,
s242517406,p02572,u302000346,1598728210,C++,C++ (Clang 10.0.0),cpp,Accepted,160.0,4712.0,2177,
s866342457,p02572,u905203728,1598728210,Python,PyPy3 (7.3.0),py,Accepted,113.0,94132.0,153,
s301270587,p02572,u688660263,1598728209,C++,C++ (GCC 9.2.1),cpp,Accepted,37.0,5212.0,656,
s796714598,p02572,u623001370,1598728209,C++,C++ (GCC 9.2.1),cpp,Accepted,41.0,6096.0,383,
s981687947,p02572,u427571081,1598728209,C++,C++ (GCC 9.2.1),cpp,Accepted,42.0,6936.0,425,
s923712441,p02572,u072253205,1598728209,C++,C++ (GCC 9.2.1),cpp,Accepted,38.0,6364.0,1426,
s999418404,p02572,u795688372,1598728208,Python,PyPy3 (7.3.0),py,Accepted,111.0,92164.0,293,
s175871406,p02572,u787139585,1598728208,C++,C++ (GCC 9.2.1),cpp,Accepted,78.0,6428.0,2275,
s654307964,p02572,u225053756,1598728207,C++,C++ (GCC 9.2.1),cpp,Accepted,80.0,6420.0,3144,
s827929251,p02572,u045575753,1598728207,C++,C++ (GCC 9.2.1),cpp,Accepted,81.0,6336.0,1097,
s233540970,p02572,u273824262,1598728206,C++,C++ (GCC 9.2.1),cpp,Accepted,38.0,6340.0,670,
s982282540,p02572,u666550725,1598728206,Python,PyPy3 (7.3.0),py,Accepted,124.0,101952.0,316,
s450363503,p02572,u363936720,1598728206,C++,C++ (GCC 9.2.1),cpp,Accepted,76.0,6424.0,1194,
s309247146,p02572,u703528810,1598728206,Python,Python (3.8.2),py,Accepted,183.0,31440.0,191,
s604688882,p02572,u784072785,1598728205,C++,C++ (GCC 9.2.1),cpp,Accepted,76.0,6372.0,2396,
s795572293,p02572,u129134470,1598728205,C++,C++ (GCC 9.2.1),cpp,Accepted,72.0,6760.0,3003,
s262710220,p02572,u090867438,1598728204,C++,C++ (GCC 9.2.1),cpp,Accepted,32.0,3640.0,498,
s555005906,p02572,u107077660,1598728204,C++,C++ (GCC 9.2.1),cpp,Accepted,76.0,3632.0,1730,
s166756750,p02572,u442877951,1598728204,Python,Python (3.8.2),py,Accepted,152.0,31340.0,201,
s809319633,p02572,u230147738,1598728204,C++,C++ (GCC 9.2.1),cpp,Accepted,41.0,6408.0,4181,
s873012517,p02572,u785879034,1598728204,C++,C++ (GCC 9.2.1),cpp,Accepted,78.0,6724.0,431,
s054566695,p02572,u614181788,1598728203,Python,PyPy3 (7.3.0),py,Accepted,125.0,94244.0,171,
s753331247,p02572,u450883456,1598728203,C++,C++ (GCC 9.2.1),cpp,Accepted,81.0,6368.0,791,
s659608283,p02572,u862762005,1598728203,C++,C++ (GCC 9.2.1),cpp,Accepted,36.0,6364.0,1216,
s668799610,p02572,u356738755,1598728203,C++,C++ (GCC 9.2.1),cpp,Accepted,68.0,3596.0,335,
s804441583,p02572,u742342104,1598728203,C++,C++ (GCC 9.2.1),cpp,Accepted,35.0,3984.0,1099,
s694449440,p02572,u828388155,1598728203,C++,C++ (GCC 9.2.1),cpp,Accepted,77.0,6348.0,1154,
s861654473,p02572,u021648187,1598728203,C++,C++ (GCC 9.2.1),cpp,Accepted,35.0,6364.0,1601,
s456651827,p02572,u183617499,1598728203,C++,C++ (GCC 9.2.1),cpp,Accepted,44.0,6448.0,609,
s795426285,p02572,u002457022,1598728202,C++,C++ (GCC 9.2.1),cpp,Accepted,38.0,6780.0,955,
s567047743,p02572,u974620347,1598728202,C++,C++ (GCC 9.2.1),cpp,Accepted,75.0,6928.0,829,
s680460548,p02572,u066029197,1598728202,C++,C++ (GCC 9.2.1),cpp,Accepted,76.0,6712.0,362,
s274022888,p02572,u112111755,1598728202,Python,Python (3.8.2),py,Accepted,155.0,31672.0,198,
s767621663,p02572,u181940646,1598728202,C++,C++ (GCC 9.2.1),cpp,Accepted,37.0,6776.0,1317,
s329647333,p02572,u798858168,1598728202,C++,C++ (GCC 9.2.1),cpp,Accepted,36.0,4780.0,879,
s392389026,p02572,u271210469,1598728201,Python,Python (3.8.2),py,Accepted,162.0,31564.0,151,
s175787810,p02572,u254187258,1598728201,C++,C++ (GCC 9.2.1),cpp,Accepted,37.0,4776.0,1359,
s335838862,p02572,u531791653,1598728200,C++,C++ (GCC 9.2.1),cpp,Accepted,38.0,5172.0,4964,
s746780616,p02572,u244803291,1598728200,C++,C++ (GCC 9.2.1),cpp,Accepted,36.0,6360.0,1411,
s536877420,p02572,u470476666,1598728200,C++,C++ (GCC 9.2.1),cpp,Accepted,37.0,6360.0,4149,
s900644642,p02572,u366381207,1598728200,C++,C++ (GCC 9.2.1),cpp,Accepted,36.0,3988.0,4126,
s758935173,p02572,u919867411,1598728200,C++,C++ (GCC 9.2.1),cpp,Accepted,72.0,4840.0,1195,
s289153842,p02572,u216673135,1598728199,C++,C++ (GCC 9.2.1),cpp,Accepted,45.0,10072.0,2664,
s708211931,p02572,u236193715,1598728199,Python,PyPy3 (7.3.0),py,Accepted,114.0,94236.0,134,
s338229038,p02572,u108617242,1598728199,Python,PyPy3 (7.3.0),py,Accepted,136.0,94132.0,209,
s632804387,p02572,u128572736,1598728198,C++,C++ (GCC 9.2.1),cpp,Accepted,81.0,4840.0,1668,
s584729343,p02572,u095453583,1598728198,C++,C++ (GCC 9.2.1),cpp,Accepted,38.0,4768.0,5106,
s670638840,p02572,u892687772,1598728197,C++,C++ (GCC 9.2.1),cpp,Accepted,34.0,4760.0,2157,
s173098775,p02572,u027108708,1598728197,C++,C++ (GCC 9.2.1),cpp,Accepted,40.0,5180.0,2266,
s731227711,p02572,u906227026,1598728197,C++,C++ (GCC 9.2.1),cpp,Accepted,41.0,4748.0,3631,
s590895443,p02572,u846379833,1598728197,C++,C++ (GCC 9.2.1),cpp,Accepted,38.0,6764.0,445,
s331281869,p02572,u998084545,1598728196,C++,C++ (GCC 9.2.1),cpp,Accepted,37.0,5200.0,960,
s356872808,p02572,u499675841,1598728196,C++,C++ (GCC 9.2.1),cpp,Accepted,38.0,4828.0,2414,
s037631085,p02572,u450179832,1598728196,C++,C++ (GCC 9.2.1),cpp,Accepted,35.0,6364.0,783,
s438022882,p02572,u845799873,1598728196,C++,C++ (GCC 9.2.1),cpp,Accepted,40.0,6776.0,1259,
s045470107,p02572,u877470159,1598728196,Python,PyPy3 (7.3.0),py,Accepted,117.0,91996.0,446,
s362842256,p02572,u569690172,1598728196,C++,C++ (GCC 9.2.1),cpp,Accepted,79.0,5156.0,3297,
s649502351,p02572,u007194916,1598728196,C++,C++ (GCC 9.2.1),cpp,Accepted,43.0,4540.0,2424,
s659806752,p02572,u405653069,1598728196,C++,C++ (GCC 9.2.1),cpp,Accepted,39.0,3652.0,1978,
s693440035,p02572,u158290747,1598728195,C++,C++ (GCC 9.2.1),cpp,Accepted,76.0,3628.0,664,
s411771723,p02572,u675249209,1598728195,C++,C++ (GCC 9.2.1),cpp,Accepted,30.0,3652.0,4445,
s356063807,p02572,u151237342,1598728195,C++,C++ (GCC 9.2.1),cpp,Accepted,33.0,5208.0,1590,
s028109901,p02572,u783395788,1598728195,C++,C++ (GCC 9.2.1),cpp,Accepted,36.0,5216.0,1487,
s478101724,p02572,u316464887,1598728194,Python,PyPy3 (7.3.0),py,Accepted,124.0,105204.0,238,
s864957194,p02572,u242733170,1598728194,C++,C++ (GCC 9.2.1),cpp,Accepted,36.0,5216.0,3479,
s973493027,p02572,u892487306,1598728193,Python,Python (3.8.2),py,Accepted,163.0,31612.0,352,
s982964914,p02572,u802977614,1598728193,Python,PyPy3 (7.3.0),py,Accepted,139.0,94136.0,721,
s904568298,p02572,u260216890,1598728193,Python,PyPy3 (7.3.0),py,Accepted,151.0,113384.0,203,
s716935502,p02572,u551138082,1598728192,Python,PyPy3 (7.3.0),py,Accepted,146.0,100400.0,237,
s391360434,p02572,u242898809,1598728191,C++,C++ (GCC 9.2.1),cpp,Accepted,38.0,6408.0,8869,
s518510490,p02572,u393754572,1598728191,C++,C++ (GCC 9.2.1),cpp,Accepted,73.0,5196.0,1205,
s776076276,p02572,u582847048,1598728191,C++,C++ (GCC 9.2.1),cpp,Accepted,77.0,4840.0,691,
s274847456,p02572,u824905100,1598728191,C++,C++ (GCC 9.2.1),cpp,Accepted,72.0,6356.0,22643,
s832909594,p02572,u170199544,1598728191,C++,C++ (GCC 9.2.1),cpp,Accepted,36.0,6360.0,2919,
s454392344,p02572,u073057072,1598728190,C++,C++ (GCC 9.2.1),cpp,Accepted,35.0,3648.0,1011,
s982520499,p02572,u203843959,1598728190,Python,PyPy3 (7.3.0),py,Accepted,136.0,94068.0,256,
s653882782,p02572,u581707881,1598728189,Python,PyPy3 (7.3.0),py,Accepted,115.0,94216.0,244,
s772349546,p02572,u544021245,1598728189,C++,C++ (GCC 9.2.1),cpp,Accepted,33.0,5176.0,2134,
s831119533,p02572,u131156882,1598728188,C++,C++ (Clang 10.0.0),cpp,Accepted,163.0,4752.0,852,
s418957339,p02572,u329902718,1598728188,C++,C++ (GCC 9.2.1),cpp,Accepted,38.0,6764.0,554,
s676063260,p02572,u519759783,1598728188,C++,C++ (GCC 9.2.1),cpp,Accepted,75.0,6336.0,559,
s967618561,p02572,u896838289,1598728188,C++,C++ (GCC 9.2.1),cpp,Accepted,37.0,6356.0,7192,
s015985698,p02572,u031240034,1598728188,C++,C++ (GCC 9.2.1),cpp,Accepted,75.0,4832.0,429,
s596164010,p02572,u723792785,1598728188,Python,Python (3.8.2),py,Accepted,271.0,31588.0,219,
s069447552,p02572,u592610268,1598728188,C++,C++ (GCC 9.2.1),cpp,Accepted,72.0,4840.0,5151,
s518802789,p02572,u973473008,1598728187,C++,C++ (GCC 9.2.1),cpp,Accepted,40.0,5384.0,448,
s686869270,p02572,u195036695,1598728187,C++,C++ (GCC 9.2.1),cpp,Accepted,43.0,6360.0,2518,
s007461086,p02572,u877415670,1598728187,Python,Python (3.8.2),py,Accepted,168.0,31436.0,222,
s614359734,p02572,u196629968,1598728187,C++,C++ (GCC 9.2.1),cpp,Accepted,76.0,4836.0,719,
s305053657,p02572,u835297884,1598728187,C++,C++ (GCC 9.2.1),cpp,Accepted,80.0,5184.0,427,
s327408250,p02572,u150376070,1598728186,C++,C++ (GCC 9.2.1),cpp,Accepted,40.0,6324.0,4113,
s046515478,p02572,u775826510,1598728186,C++,C++ (GCC 9.2.1),cpp,Accepted,41.0,6360.0,1236,
s673785735,p02572,u483742540,1598728186,C++,C++ (GCC 9.2.1),cpp,Accepted,36.0,5176.0,2376,
s391274050,p02572,u339347910,1598728186,C++,C++ (GCC 9.2.1),cpp,Accepted,34.0,6360.0,743,
s061124442,p02572,u424602097,1598728186,C++,C++ (GCC 9.2.1),cpp,Accepted,36.0,4776.0,964,
s514156933,p02572,u134519179,1598728185,C++,C++ (GCC 9.2.1),cpp,Accepted,38.0,4780.0,3228,
s352270238,p02572,u342869120,1598728185,Python,PyPy3 (7.3.0),py,Accepted,140.0,99516.0,218,
s174404788,p02572,u858670323,1598728185,C++,C++ (GCC 9.2.1),cpp,Accepted,36.0,6364.0,1906,
s647218653,p02572,u572665222,1598728185,C++,C++ (GCC 9.2.1),cpp,Accepted,129.0,30648.0,1696,
s735398830,p02572,u292231976,1598728185,C++,C++ (GCC 9.2.1),cpp,Accepted,42.0,5420.0,660,
s381197191,p02572,u431812145,1598728185,C++,C++ (GCC 9.2.1),cpp,Accepted,33.0,6748.0,1731,
s171677479,p02572,u388817534,1598728185,C++,C++ (GCC 9.2.1),cpp,Accepted,82.0,4788.0,901,
s392007205,p02572,u352969025,1598728184,C++,C++ (GCC 9.2.1),cpp,Accepted,78.0,5188.0,436,
s544129276,p02572,u636478865,1598728184,C++,C++ (GCC 9.2.1),cpp,Accepted,40.0,6328.0,1172,
s473722051,p02572,u136478095,1598728184,C++,C++ (GCC 9.2.1),cpp,Accepted,40.0,6952.0,620,
s905542257,p02572,u318839390,1598728184,C++,C++ (Clang 10.0.0),cpp,Accepted,40.0,3228.0,711,
s484852528,p02572,u193126497,1598728184,C++,C++ (GCC 9.2.1),cpp,Accepted,42.0,6792.0,566,
s660095334,p02572,u153686508,1598728183,C++,C++ (GCC 9.2.1),cpp,Accepted,78.0,4836.0,389,
s660624144,p02572,u651317892,1598728182,C++,C++ (GCC 9.2.1),cpp,Accepted,77.0,3636.0,769,
s314466586,p02572,u802071009,1598728182,C++,C++ (GCC 9.2.1),cpp,Accepted,37.0,6348.0,2447,
s359546169,p02572,u053521119,1598728181,C++,C++ (GCC 9.2.1),cpp,Accepted,34.0,5556.0,1685,
s971672203,p02572,u086878393,1598728181,C++,C++ (GCC 9.2.1),cpp,Accepted,35.0,3808.0,2768,
s827476454,p02572,u741672523,1598728181,C++,C++ (GCC 9.2.1),cpp,Accepted,35.0,6772.0,1345,
s131118054,p02572,u412073904,1598728181,C++,C++ (GCC 9.2.1),cpp,Accepted,77.0,4764.0,862,
s708291680,p02572,u116774833,1598728181,C++,C++ (GCC 9.2.1),cpp,Accepted,74.0,6412.0,632,
s445867851,p02572,u530606147,1598728180,Python,Python (3.8.2),py,Accepted,127.0,31432.0,119,
s447515185,p02572,u783674761,1598728180,C++,C++ (GCC 9.2.1),cpp,Accepted,39.0,4776.0,1811,
s498651945,p02572,u918625790,1598728180,C++,C++ (GCC 9.2.1),cpp,Accepted,75.0,6420.0,2285,
s265857824,p02572,u162612857,1598728179,Python,Python (3.8.2),py,Accepted,128.0,31552.0,233,
s581906491,p02572,u222755066,1598728179,C++,C++ (GCC 9.2.1),cpp,Accepted,44.0,6364.0,1429,
s766495087,p02572,u745250049,1598728179,C++,C++ (GCC 9.2.1),cpp,Accepted,36.0,4776.0,1291,
s366894705,p02572,u827016215,1598728179,C++,C++ (GCC 9.2.1),cpp,Accepted,38.0,6416.0,841,
s032217906,p02572,u265250376,1598728179,C++,C++ (GCC 9.2.1),cpp,Accepted,77.0,6760.0,2979,
s438159186,p02572,u627530854,1598728179,Python,Python (3.8.2),py,Accepted,149.0,31600.0,173,
s646493999,p02572,u048773461,1598728179,C++,C++ (GCC 9.2.1),cpp,Accepted,37.0,4784.0,6482,
s972527112,p02572,u617826263,1598728178,C++,C++ (GCC 9.2.1),cpp,Accepted,77.0,5576.0,1974,
s080394882,p02572,u567989359,1598728178,C++,C++ (GCC 9.2.1),cpp,Accepted,42.0,4856.0,473,
s889970397,p02572,u331681714,1598728178,C++,C++ (GCC 9.2.1),cpp,Accepted,34.0,5156.0,2323,
s889953561,p02572,u372556454,1598728178,C++,C++ (GCC 9.2.1),cpp,Accepted,33.0,6732.0,912,
s118147038,p02572,u005072763,1598728177,C++,C++ (GCC 9.2.1),cpp,Accepted,74.0,4844.0,516,
s824164374,p02572,u217290283,1598728177,C++,C++ (GCC 9.2.1),cpp,Accepted,41.0,4588.0,353,
s365576984,p02572,u300665398,1598728176,C++,C++ (GCC 9.2.1),cpp,Accepted,78.0,4844.0,996,
s179295842,p02572,u261868146,1598728175,C++,C++ (GCC 9.2.1),cpp,Accepted,75.0,6772.0,364,
s255337499,p02572,u313845786,1598728175,C++,C++ (GCC 9.2.1),cpp,Accepted,80.0,6756.0,359,
s120282701,p02572,u033524082,1598728175,Python,PyPy3 (7.3.0),py,Accepted,131.0,94192.0,147,
s881340261,p02572,u930898631,1598728174,C++,C++ (GCC 9.2.1),cpp,Accepted,77.0,3632.0,1297,
s825485540,p02572,u699826748,1598728174,C++,C++ (GCC 9.2.1),cpp,Accepted,38.0,3812.0,262,
s063306633,p02572,u697090185,1598728174,C++,C++ (GCC 9.2.1),cpp,Accepted,72.0,4848.0,1993,
s598740738,p02572,u674732216,1598728174,C++,C++ (GCC 9.2.1),cpp,Accepted,78.0,6700.0,2814,
s327238014,p02572,u003423149,1598728174,C++,C++ (GCC 9.2.1),cpp,Accepted,37.0,4780.0,940,
s612062165,p02572,u222293734,1598728173,C++,C++ (GCC 9.2.1),cpp,Accepted,74.0,5204.0,1592,
s323148012,p02572,u704369296,1598728173,C++,C++ (Clang 10.0.0),cpp,Accepted,158.0,3952.0,1990,
s436954909,p02572,u511965386,1598728173,Python,PyPy3 (7.3.0),py,Accepted,124.0,94864.0,298,
s851908551,p02572,u050865477,1598728172,C++,C++ (GCC 9.2.1),cpp,Accepted,34.0,4780.0,2968,
s226555106,p02572,u054388349,1598728172,C++,C++ (GCC 9.2.1),cpp,Accepted,34.0,5216.0,627,
s397507352,p02572,u608088992,1598728171,Python,Python (3.8.2),py,Accepted,144.0,30972.0,434,
s053069341,p02572,u255154774,1598728171,C++,C++ (GCC 9.2.1),cpp,Accepted,76.0,6752.0,745,
s713444748,p02572,u265187423,1598728171,C++,C++ (GCC 9.2.1),cpp,Accepted,77.0,5252.0,1347,
s818837506,p02572,u134174619,1598728171,C++,C++ (GCC 9.2.1),cpp,Accepted,45.0,6840.0,624,
s104910464,p02572,u806698335,1598728171,Python,Python (3.8.2),py,Accepted,149.0,31616.0,155,
s200926666,p02572,u390193191,1598728171,Python,PyPy3 (7.3.0),py,Accepted,127.0,94472.0,476,
s053062841,p02572,u747602774,1598728171,Python,Python (3.8.2),py,Accepted,276.0,31596.0,356,
s957174157,p02572,u835523614,1598728170,C++,C++ (GCC 9.2.1),cpp,Accepted,76.0,7216.0,2548,
s375811952,p02572,u264349861,1598728170,Python,PyPy3 (7.3.0),py,Accepted,120.0,92048.0,270,
s690477698,p02572,u874651779,1598728170,C++,C++ (GCC 9.2.1),cpp,Accepted,56.0,13032.0,1539,
s401042388,p02572,u930841425,1598728170,C++,C++ (GCC 9.2.1),cpp,Accepted,72.0,4776.0,2316,
s373637957,p02572,u785573018,1598728170,Python,Python (3.8.2),py,Accepted,152.0,31436.0,137,
s884269489,p02572,u035302873,1598728169,C++,C++ (GCC 9.2.1),cpp,Accepted,33.0,4780.0,2578,
s609968122,p02572,u347163009,1598728169,C++,C++ (GCC 9.2.1),cpp,Accepted,74.0,3656.0,3552,
s724144521,p02572,u488087935,1598728169,C++,C++ (GCC 9.2.1),cpp,Accepted,39.0,6768.0,1725,
s822553572,p02572,u889915625,1598728168,C++,C++ (GCC 9.2.1),cpp,Accepted,34.0,4776.0,2707,
s244892649,p02572,u006880673,1598728167,Python,PyPy3 (7.3.0),py,Accepted,110.0,94140.0,165,
s380853635,p02572,u880221923,1598728167,C++,C++ (GCC 9.2.1),cpp,Accepted,71.0,6364.0,852,
s398051812,p02572,u996171421,1598728167,C++,C++ (GCC 9.2.1),cpp,Accepted,38.0,5380.0,682,
s619492225,p02572,u194268736,1598728167,C++,C++ (GCC 9.2.1),cpp,Accepted,76.0,8008.0,1591,
s273803291,p02572,u756036193,1598728167,C++,C++ (GCC 9.2.1),cpp,Accepted,38.0,4780.0,378,
s489598908,p02572,u373047809,1598728166,Python,PyPy3 (7.3.0),py,Accepted,126.0,95596.0,201,
s142155577,p02572,u882039496,1598728166,C++,C++ (GCC 9.2.1),cpp,Accepted,95.0,20416.0,2763,
s438731220,p02572,u244626757,1598728165,C++,C++ (GCC 9.2.1),cpp,Accepted,34.0,4780.0,1112,
s470559709,p02572,u492926158,1598728165,C++,C++ (GCC 9.2.1),cpp,Accepted,80.0,3620.0,314,
s580686743,p02572,u971256474,1598728165,C++,C++ (GCC 9.2.1),cpp,Accepted,74.0,5152.0,3524,
s375886678,p02572,u832039789,1598728165,C++,C++ (GCC 9.2.1),cpp,Accepted,36.0,4948.0,11168,
s074179733,p02572,u236585484,1598728165,C++,C++ (GCC 9.2.1),cpp,Accepted,77.0,4776.0,655,
s835718850,p02572,u712719923,1598728165,Python,Python (3.8.2),py,Accepted,120.0,31748.0,262,
s908548225,p02572,u002638660,1598728164,C++,C++ (GCC 9.2.1),cpp,Accepted,38.0,5212.0,623,
s699058928,p02572,u095094246,1598728164,Python,PyPy3 (7.3.0),py,Accepted,111.0,105324.0,220,
s132331048,p02572,u095158178,1598728164,C++,C++ (GCC 9.2.1),cpp,Accepted,34.0,4396.0,493,
s410032156,p02572,u376082984,1598728163,C++,C++ (GCC 9.2.1),cpp,Accepted,69.0,3984.0,5787,
s102114976,p02572,u447042464,1598728163,C++,C++ (GCC 9.2.1),cpp,Accepted,38.0,6784.0,4986,
s485031596,p02572,u151864636,1598728163,C++,C++ (GCC 9.2.1),cpp,Accepted,38.0,4780.0,1086,
s471640610,p02572,u226065754,1598728163,C++,C++ (GCC 9.2.1),cpp,Accepted,42.0,3652.0,1733,
s850789962,p02572,u087950716,1598728163,C++,C++ (GCC 9.2.1),cpp,Accepted,44.0,8436.0,558,
s923510282,p02572,u781762706,1598728161,C++,C++ (GCC 9.2.1),cpp,Accepted,78.0,3580.0,300,
s716935457,p02572,u836311327,1598728161,Python,Python (3.8.2),py,Accepted,147.0,31256.0,197,
s412247486,p02572,u273928723,1598728161,C++,C++ (GCC 9.2.1),cpp,Accepted,78.0,5192.0,1067,
s819880934,p02572,u531336637,1598728161,C++,C++ (GCC 9.2.1),cpp,Accepted,37.0,4752.0,3124,
s108268129,p02572,u312025627,1598728160,Python,PyPy3 (7.3.0),py,Accepted,135.0,103700.0,313,
s010392803,p02572,u378256086,1598728160,C++,C++ (GCC 9.2.1),cpp,Accepted,78.0,6744.0,533,
s033056751,p02572,u829484206,1598728160,C++,C++ (GCC 9.2.1),cpp,Accepted,33.0,5200.0,2254,
s285185334,p02572,u177497208,1598728160,C++,C++ (GCC 9.2.1),cpp,Accepted,34.0,6796.0,1738,
s246511733,p02572,u733207269,1598728160,C++,C++ (GCC 9.2.1),cpp,Accepted,24.0,6728.0,1295,
s642264608,p02572,u039623862,1598728159,Python,PyPy3 (7.3.0),py,Accepted,126.0,94092.0,166,
s818029115,p02572,u615258936,1598728158,C++,C++ (GCC 9.2.1),cpp,Accepted,37.0,4780.0,2913,
s299150580,p02572,u165867617,1598728158,C++,C++ (GCC 9.2.1),cpp,Accepted,41.0,6760.0,1014,
s969677083,p02572,u947236878,1598728158,C++,C++ (GCC 9.2.1),cpp,Accepted,37.0,5184.0,8929,
s187779002,p02572,u277153875,1598728157,C++,C++ (GCC 9.2.1),cpp,Accepted,80.0,4408.0,1231,
s384269128,p02572,u017050982,1598728157,Python,PyPy3 (7.3.0),py,Accepted,130.0,106244.0,223,
s040464283,p02572,u926065826,1598728156,C++,C++ (GCC 9.2.1),cpp,Accepted,38.0,5320.0,415,
s619242468,p02572,u532668195,1598728156,C++,C++ (GCC 9.2.1),cpp,Accepted,71.0,5620.0,851,
s087401282,p02572,u420803966,1598728156,C++,C++ (GCC 9.2.1),cpp,Accepted,41.0,6868.0,4666,
s423452765,p02572,u168416324,1598728156,Python,Python (3.8.2),py,Accepted,143.0,31436.0,126,
s616988636,p02572,u679806799,1598728156,Python,Python (3.8.2),py,Accepted,129.0,31428.0,373,
s268962602,p02572,u545411641,1598728156,C++,C++ (GCC 9.2.1),cpp,Accepted,36.0,6364.0,3096,
s053783149,p02572,u583276018,1598728155,Python,Python (3.8.2),py,Accepted,133.0,31752.0,175,
s550112078,p02572,u616029737,1598728154,C++,C++ (GCC 9.2.1),cpp,Accepted,34.0,4780.0,6166,
s571522730,p02572,u627057223,1598728154,Python,Python (3.8.2),py,Accepted,127.0,31388.0,160,
s992353565,p02572,u249218427,1598728154,Python,Python (3.8.2),py,Accepted,141.0,31748.0,196,
s768129832,p02572,u995004106,1598728153,Python,PyPy3 (7.3.0),py,Accepted,561.0,98684.0,352,
s723681028,p02572,u570770016,1598728152,C++,C++ (GCC 9.2.1),cpp,Accepted,36.0,5216.0,690,
s493173429,p02572,u629602404,1598728152,C++,C++ (GCC 9.2.1),cpp,Accepted,33.0,4740.0,650,
s230789777,p02572,u888804711,1598728152,Python,Python (3.8.2),py,Accepted,141.0,31396.0,187,
s164542214,p02572,u620059302,1598728151,C++,C++ (GCC 9.2.1),cpp,Accepted,77.0,4840.0,4877,
s370440349,p02572,u329902718,1598728151,C++,C++ (GCC 9.2.1),cpp,Accepted,39.0,6772.0,554,
s229145367,p02572,u240116138,1598728151,C++,C++ (GCC 9.2.1),cpp,Accepted,75.0,6424.0,411,
s800995708,p02572,u729073980,1598728150,C++,C++ (GCC 9.2.1),cpp,Accepted,39.0,5228.0,4376,
s713843447,p02572,u359304169,1598728149,C++,C++ (GCC 9.2.1),cpp,Accepted,49.0,6892.0,493,
s799200695,p02572,u201928947,1598728149,Python,PyPy3 (7.3.0),py,Accepted,111.0,94196.0,168,
s786230675,p02572,u603234915,1598728149,C++,C++ (GCC 9.2.1),cpp,Accepted,74.0,6420.0,2205,
s999210319,p02572,u836743234,1598728149,C++,C++ (GCC 9.2.1),cpp,Accepted,79.0,6420.0,1290,
s472503275,p02572,u864501057,1598728149,C++,C++ (GCC 9.2.1),cpp,Accepted,92.0,35180.0,4066,
s097273718,p02572,u483992368,1598728148,C++,C++ (GCC 9.2.1),cpp,Accepted,81.0,6408.0,576,
s123871423,p02572,u899930066,1598728148,C++,C++ (GCC 9.2.1),cpp,Accepted,36.0,3652.0,637,
s901159422,p02572,u840990750,1598728148,C++,C++ (GCC 9.2.1),cpp,Accepted,111.0,4052.0,2994,
s075367513,p02572,u473171759,1598728148,C++,C++ (GCC 9.2.1),cpp,Accepted,43.0,5320.0,895,
s735604096,p02572,u680190333,1598728148,Python,Python (3.8.2),py,Accepted,133.0,31432.0,189,
s381928750,p02572,u325707797,1598728147,C++,C++ (GCC 9.2.1),cpp,Accepted,36.0,5168.0,889,
s247688501,p02572,u711539583,1598728147,Python,PyPy3 (7.3.0),py,Accepted,120.0,94152.0,615,
s603094337,p02572,u002419600,1598728147,C++,C++ (GCC 9.2.1),cpp,Accepted,37.0,3656.0,1663,
s631120311,p02572,u565725860,1598728147,C++,C++ (GCC 9.2.1),cpp,Accepted,39.0,6736.0,1748,
s871827903,p02572,u106297876,1598728146,C++,C++ (GCC 9.2.1),cpp,Accepted,39.0,4764.0,2835,
s308829264,p02572,u733859316,1598728146,C++,C++ (GCC 9.2.1),cpp,Accepted,40.0,5392.0,812,
s818825454,p02572,u329731898,1598728146,C++,C++ (Clang 10.0.0),cpp,Accepted,155.0,4724.0,722,
s297153801,p02572,u683588090,1598728146,C++,C++ (GCC 9.2.1),cpp,Accepted,77.0,6332.0,841,
s558603659,p02572,u543425160,1598728146,C++,C++ (GCC 9.2.1),cpp,Accepted,40.0,5384.0,872,
s070861429,p02572,u079603018,1598728145,C++,C++ (GCC 9.2.1),cpp,Accepted,34.0,6764.0,1196,
s676390155,p02572,u642012866,1598728145,Python,PyPy3 (7.3.0),py,Accepted,113.0,94100.0,205,
s994930427,p02572,u598050616,1598728144,C++,C++ (GCC 9.2.1),cpp,Accepted,75.0,3616.0,242,
s089955776,p02572,u544325423,1598728143,C++,C++ (GCC 9.2.1),cpp,Accepted,78.0,3628.0,254,
s994263759,p02572,u736529159,1598728143,C++,C++ (GCC 9.2.1),cpp,Accepted,34.0,5200.0,3078,
s860487210,p02572,u294050910,1598728143,C++,C++ (GCC 9.2.1),cpp,Accepted,37.0,4780.0,1905,
s016938706,p02572,u419366696,1598728142,C++,C++ (GCC 9.2.1),cpp,Accepted,37.0,6772.0,775,
s340534665,p02572,u181283747,1598728142,C++,C++ (GCC 9.2.1),cpp,Accepted,76.0,3636.0,335,
s083570881,p02572,u853132965,1598728142,C++,C++ (GCC 9.2.1),cpp,Accepted,37.0,6364.0,1753,
s284114637,p02572,u597661943,1598728141,C++,C++ (GCC 9.2.1),cpp,Accepted,39.0,3684.0,1205,
s718997543,p02572,u371409687,1598728141,Python,Python (3.8.2),py,Accepted,138.0,31672.0,148,
s557231681,p02572,u184929210,1598728141,C++,C++ (GCC 9.2.1),cpp,Accepted,73.0,4748.0,311,
s439394561,p02572,u164181205,1598728141,C++,C++ (GCC 9.2.1),cpp,Accepted,80.0,4852.0,2761,
s042123860,p02572,u095021077,1598728140,Python,Python (3.8.2),py,Accepted,210.0,31424.0,228,
s356785746,p02572,u658960571,1598728140,C++,C++ (GCC 9.2.1),cpp,Accepted,76.0,4752.0,868,
s395043514,p02572,u013597099,1598728140,C++,C++ (GCC 9.2.1),cpp,Accepted,35.0,4780.0,3200,
s377754052,p02572,u269963329,1598728140,C++,C++ (GCC 9.2.1),cpp,Accepted,76.0,3620.0,2182,
s891618843,p02572,u698692480,1598728139,C++,C++ (GCC 9.2.1),cpp,Accepted,38.0,3648.0,731,
s009594132,p02572,u131797876,1598728139,C++,C++ (GCC 9.2.1),cpp,Accepted,36.0,5200.0,862,
s588779081,p02572,u585305322,1598728139,C++,C++ (GCC 9.2.1),cpp,Accepted,82.0,6424.0,653,
s861027539,p02572,u833963136,1598728139,Python,Python (3.8.2),py,Accepted,199.0,31440.0,223,
s061980158,p02572,u165298644,1598728139,C++,C++ (GCC 9.2.1),cpp,Accepted,39.0,5332.0,1363,
s886660013,p02572,u349496321,1598728139,C++,C++ (GCC 9.2.1),cpp,Accepted,38.0,4776.0,1355,
s606473213,p02572,u124659583,1598728138,C++,C++ (GCC 9.2.1),cpp,Accepted,80.0,6372.0,1034,
s998112563,p02572,u542376457,1598728138,C++,C++ (GCC 9.2.1),cpp,Accepted,35.0,6364.0,1300,
s977698699,p02572,u052649041,1598728138,C++,C++ (GCC 9.2.1),cpp,Accepted,35.0,3652.0,1250,
s461829001,p02572,u219873484,1598728137,C++,C++ (GCC 9.2.1),cpp,Accepted,32.0,6744.0,1953,
s307137910,p02572,u751724075,1598728137,Python,Python (3.8.2),py,Accepted,151.0,31488.0,188,
s892104206,p02572,u292043617,1598728136,C++,C++ (GCC 9.2.1),cpp,Accepted,39.0,6336.0,1222,
s355305883,p02572,u881153253,1598728135,C++,C++ (GCC 9.2.1),cpp,Accepted,37.0,4760.0,501,
s033829327,p02572,u422928444,1598728135,C++,C++ (GCC 9.2.1),cpp,Accepted,43.0,5232.0,8162,
s150338244,p02572,u066369439,1598728134,C++,C++ (GCC 9.2.1),cpp,Accepted,15.0,5424.0,5617,
s379103904,p02572,u482789362,1598728134,Python,PyPy3 (7.3.0),py,Accepted,119.0,94228.0,162,
s483823077,p02572,u516353059,1598728134,C++,C++ (GCC 9.2.1),cpp,Accepted,41.0,4780.0,2720,
s298039775,p02572,u021548497,1598728133,Python,Python (3.8.2),py,Accepted,120.0,31300.0,320,
s771298125,p02572,u175295878,1598728133,C++,C++ (GCC 9.2.1),cpp,Accepted,39.0,3760.0,1060,
s935425850,p02572,u833220083,1598728133,C++,C++ (GCC 9.2.1),cpp,Accepted,33.0,3568.0,1503,
s221725847,p02572,u644972721,1598728132,Python,PyPy3 (7.3.0),py,Accepted,136.0,93892.0,230,
s525047035,p02572,u639203570,1598728132,C++,C++ (GCC 9.2.1),cpp,Accepted,80.0,4840.0,1442,
s131169209,p02572,u095426154,1598728131,Python,Python (3.8.2),py,Accepted,181.0,31436.0,242,
s129037516,p02572,u324549724,1598728130,C++,C++ (GCC 9.2.1),cpp,Accepted,38.0,6364.0,3641,
s684394601,p02572,u279493135,1598728130,Python,Python (3.8.2),py,Accepted,151.0,32928.0,914,
s364057731,p02572,u538632589,1598728130,Python,PyPy3 (7.3.0),py,Accepted,131.0,109888.0,246,
s223679252,p02572,u676247559,1598728130,C++,C++ (GCC 9.2.1),cpp,Accepted,37.0,4760.0,2037,
s846589043,p02572,u531837911,1598728129,C++,C++ (GCC 9.2.1),cpp,Accepted,39.0,6904.0,561,
s450025087,p02572,u177907787,1598728129,C++,C++ (GCC 9.2.1),cpp,Accepted,71.0,3636.0,2358,
s135006175,p02572,u999406210,1598728129,C++,C++ (GCC 9.2.1),cpp,Accepted,38.0,6768.0,9812,
s003775550,p02572,u075296067,1598728129,C++,C++ (GCC 9.2.1),cpp,Accepted,76.0,6424.0,623,
s283584318,p02572,u798260206,1598728129,Python,Python (3.8.2),py,Accepted,213.0,31440.0,209,
s515302721,p02572,u657173608,1598728129,Python,Python (3.8.2),py,Accepted,165.0,32168.0,522,
s630127088,p02572,u697968316,1598728129,C++,C++ (GCC 9.2.1),cpp,Accepted,72.0,3992.0,2268,
s229251868,p02572,u850656909,1598728128,C++,C++ (GCC 9.2.1),cpp,Accepted,37.0,3644.0,755,
s159210168,p02572,u768204022,1598728128,C++,C++ (GCC 9.2.1),cpp,Accepted,72.0,5240.0,1943,
s455460433,p02572,u848736574,1598728128,C++,C++ (GCC 9.2.1),cpp,Accepted,78.0,5180.0,1392,
s675169080,p02572,u919641591,1598728127,C++,C++ (GCC 9.2.1),cpp,Accepted,48.0,6364.0,1611,
s793126189,p02572,u841856382,1598728127,C++,C++ (GCC 9.2.1),cpp,Accepted,73.0,3632.0,584,
s301280391,p02572,u818349438,1598728127,C++,C++ (GCC 9.2.1),cpp,Accepted,78.0,6424.0,2014,
s334605437,p02572,u367694521,1598728127,C++,C++ (GCC 9.2.1),cpp,Accepted,36.0,6348.0,621,
s254305808,p02572,u266643907,1598728126,C++,C++ (GCC 9.2.1),cpp,Accepted,36.0,4780.0,1417,
s967838075,p02572,u291901011,1598728126,C++,C++ (GCC 9.2.1),cpp,Accepted,38.0,4536.0,671,
s634810892,p02572,u391731808,1598728126,Python,Python (3.8.2),py,Accepted,109.0,31444.0,182,
s820808659,p02572,u698883164,1598728125,C++,C++ (GCC 9.2.1),cpp,Accepted,33.0,5532.0,2686,
s347944704,p02572,u678146855,1598728124,C++,C++ (GCC 9.2.1),cpp,Accepted,34.0,3988.0,1198,
s423599800,p02572,u482770395,1598728123,C++,C++ (GCC 9.2.1),cpp,Accepted,39.0,4744.0,2478,
s898144503,p02572,u170201762,1598728123,Python,PyPy3 (7.3.0),py,Accepted,113.0,94060.0,242,
s923839924,p02572,u936875047,1598728123,C++,C++ (GCC 9.2.1),cpp,Accepted,40.0,5212.0,1308,
s190408112,p02572,u967843578,1598728122,C++,C++ (GCC 9.2.1),cpp,Accepted,38.0,7932.0,2669,
s446043345,p02572,u337264920,1598728122,Python,PyPy3 (7.3.0),py,Accepted,146.0,114008.0,477,
s953977371,p02572,u468743462,1598728122,C++,C++ (GCC 9.2.1),cpp,Accepted,82.0,6796.0,1217,
s196449305,p02572,u219197917,1598728122,Python,Python (3.8.2),py,Accepted,131.0,31564.0,308,
s606818270,p02572,u714642046,1598728122,C++,C++ (GCC 9.2.1),cpp,Accepted,74.0,4048.0,506,
s659261264,p02572,u847400794,1598728121,C++,C++ (GCC 9.2.1),cpp,Accepted,34.0,4748.0,385,
s117791868,p02572,u592290074,1598728121,C++,C++ (GCC 9.2.1),cpp,Accepted,39.0,4772.0,9664,
s974719010,p02572,u196900920,1598728120,C++,C++ (GCC 9.2.1),cpp,Accepted,33.0,6364.0,561,
s238619085,p02572,u864197622,1598728120,Python,Python (3.8.2),py,Accepted,133.0,31544.0,123,
s149175100,p02572,u121794232,1598728120,C++,C++ (GCC 9.2.1),cpp,Accepted,76.0,4784.0,776,
s053336222,p02572,u490642448,1598728120,Python,PyPy3 (7.3.0),py,Accepted,113.0,94340.0,253,
s331897864,p02572,u293475947,1598728120,C++,C++ (GCC 9.2.1),cpp,Accepted,76.0,3584.0,1243,
s384172565,p02572,u194908943,1598728119,C++,C++ (GCC 9.2.1),cpp,Accepted,40.0,6364.0,1427,
s410935489,p02572,u908432409,1598728119,C++,C++ (GCC 9.2.1),cpp,Accepted,18.0,5040.0,3523,
s578099184,p02572,u533039576,1598728119,Python,Python (3.8.2),py,Accepted,178.0,31464.0,239,
s821267809,p02572,u344122377,1598728119,C++,C++ (GCC 9.2.1),cpp,Accepted,76.0,6420.0,548,
s150293672,p02572,u036104576,1598728117,Python,PyPy3 (7.3.0),py,Accepted,128.0,98240.0,580,
s574999004,p02572,u304602561,1598728117,Python,PyPy3 (7.3.0),py,Accepted,554.0,109292.0,5479,
s715369086,p02572,u363522135,1598728117,C++,C++ (GCC 9.2.1),cpp,Accepted,36.0,6776.0,813,
s294617605,p02572,u274134819,1598728117,C++,C++ (GCC 9.2.1),cpp,Accepted,40.0,6772.0,875,
s633292055,p02572,u116763463,1598728117,Python,Python (3.8.2),py,Accepted,134.0,31424.0,175,
s801390905,p02572,u986568278,1598728117,C++,C++ (GCC 9.2.1),cpp,Accepted,74.0,6748.0,1927,
s616929801,p02572,u187516587,1598728117,Python,Python (3.8.2),py,Accepted,172.0,31608.0,177,
s348893163,p02572,u212804131,1598728116,C++,C++ (GCC 9.2.1),cpp,Accepted,39.0,6348.0,798,
s609021280,p02572,u714203322,1598728116,C++,C++ (GCC 9.2.1),cpp,Accepted,38.0,6708.0,2544,
s642499369,p02572,u047858101,1598728116,C++,C++ (GCC 9.2.1),cpp,Accepted,36.0,6356.0,716,
s467690580,p02572,u987591601,1598728116,C++,C++ (GCC 9.2.1),cpp,Accepted,36.0,4764.0,2075,
s224564773,p02572,u564182781,1598728116,C++,C++ (GCC 9.2.1),cpp,Accepted,78.0,7944.0,3422,
s673837858,p02572,u199278152,1598728115,C++,C++ (GCC 9.2.1),cpp,Accepted,20.0,5156.0,2878,
s776323567,p02572,u229654503,1598728115,C++,C++ (GCC 9.2.1),cpp,Accepted,42.0,5992.0,1615,
s545612127,p02572,u576472666,1598728114,C++,C++ (GCC 9.2.1),cpp,Accepted,41.0,4068.0,2576,
s458981624,p02572,u218358966,1598728114,C++,C++ (GCC 9.2.1),cpp,Accepted,76.0,5316.0,9229,
s589755218,p02572,u077296371,1598728113,Python,Python (3.8.2),py,Accepted,169.0,35284.0,15062,
s504186764,p02572,u963055157,1598728113,C++,C++ (GCC 9.2.1),cpp,Accepted,75.0,4820.0,708,
s203014666,p02572,u289036437,1598728113,Python,PyPy3 (7.3.0),py,Accepted,114.0,105264.0,166,
s534564732,p02572,u276796245,1598728112,C++,C++ (GCC 9.2.1),cpp,Accepted,79.0,4784.0,937,
s346326331,p02572,u170514396,1598728112,C++,C++ (GCC 9.2.1),cpp,Accepted,36.0,4776.0,492,
s484383157,p02572,u054475353,1598728112,C++,C++ (GCC 9.2.1),cpp,Accepted,79.0,5156.0,3113,
s396694430,p02572,u880612813,1598728111,C++,C++ (GCC 9.2.1),cpp,Accepted,33.0,5212.0,440,
s227176091,p02572,u339419997,1598728111,C++,C++ (Clang 10.0.0),cpp,Accepted,172.0,4368.0,2325,
s674461064,p02572,u090355213,1598728111,C++,C++ (GCC 9.2.1),cpp,Accepted,42.0,5204.0,724,
s864223393,p02572,u853817705,1598728111,C++,C++ (Clang 10.0.0),cpp,Accepted,157.0,4724.0,983,
s328334482,p02572,u586336940,1598728111,C++,C++ (GCC 9.2.1),cpp,Accepted,45.0,4848.0,2499,
s605586165,p02572,u243127472,1598728110,C++,C++ (GCC 9.2.1),cpp,Accepted,41.0,5176.0,832,
s223826345,p02572,u570659423,1598728109,C++,C++ (GCC 9.2.1),cpp,Accepted,42.0,5316.0,487,
s975843040,p02572,u881541634,1598728109,C++,C++ (Clang 10.0.0),cpp,Accepted,48.0,4420.0,6503,
s277100287,p02572,u855429581,1598728109,C++,C++ (GCC 9.2.1),cpp,Accepted,73.0,6424.0,610,
s687060058,p02572,u440217234,1598728109,C++,C++ (GCC 9.2.1),cpp,Accepted,36.0,6736.0,572,
s455142703,p02572,u408620326,1598728108,Python,Python (3.8.2),py,Accepted,131.0,31612.0,359,
s389044334,p02572,u966257731,1598728108,C++,C++ (GCC 9.2.1),cpp,Accepted,71.0,3620.0,233,
s819584088,p02572,u296150111,1598728108,Python,Python (3.8.2),py,Accepted,179.0,31536.0,194,
s944591526,p02572,u539011156,1598728107,C++,C++ (GCC 9.2.1),cpp,Accepted,73.0,6372.0,4746,
s021852943,p02572,u377989038,1598728107,Python,Python (3.8.2),py,Accepted,143.0,31428.0,146,
s708508385,p02572,u052435908,1598728107,C++,C++ (GCC 9.2.1),cpp,Accepted,31.0,6716.0,769,
s674009995,p02572,u277556971,1598728107,C++,C++ (GCC 9.2.1),cpp,Accepted,47.0,4776.0,3734,
s214842421,p02572,u915389871,1598728107,C++,C++ (GCC 9.2.1),cpp,Accepted,73.0,5184.0,633,
s857614438,p02572,u397080265,1598728105,Python,Python (3.8.2),py,Accepted,152.0,31544.0,145,
s224054201,p02572,u192058345,1598728105,Python,PyPy3 (7.3.0),py,Accepted,131.0,100096.0,518,
s384376719,p02572,u782098901,1598728105,C++,C++ (GCC 9.2.1),cpp,Accepted,35.0,3968.0,6185,
s276081803,p02572,u821684815,1598728105,Python,PyPy3 (7.3.0),py,Accepted,118.0,95100.0,2146,
s255246915,p02572,u039617770,1598728105,C++,C++ (GCC 9.2.1),cpp,Accepted,74.0,6760.0,1213,
s198206103,p02572,u517949316,1598728105,C++,C++ (GCC 9.2.1),cpp,Accepted,43.0,5372.0,349,
s070615638,p02572,u630211216,1598728105,C++,C++ (GCC 9.2.1),cpp,Accepted,83.0,4760.0,379,
s868508966,p02572,u215847113,1598728105,C++,C++ (GCC 9.2.1),cpp,Accepted,38.0,3648.0,2809,
s254682844,p02572,u047428705,1598728104,C++,C++ (Clang 10.0.0),cpp,Accepted,169.0,3232.0,6340,
s640055112,p02572,u468262978,1598728104,C++,C++ (GCC 9.2.1),cpp,Accepted,36.0,3652.0,4140,
s436639199,p02572,u176645218,1598728104,Python,PyPy3 (7.3.0),py,Accepted,138.0,92036.0,242,
s874552254,p02572,u074414121,1598728104,C++,C++ (GCC 9.2.1),cpp,Accepted,31.0,4756.0,2131,
s286329180,p02572,u399721252,1598728104,C++,C++ (GCC 9.2.1),cpp,Accepted,76.0,6344.0,7391,
s690467816,p02572,u503353376,1598728104,C++,C++ (GCC 9.2.1),cpp,Accepted,34.0,6780.0,4157,
s610733201,p02572,u246217175,1598728103,Python,PyPy3 (7.3.0),py,Accepted,110.0,94112.0,243,
s378213278,p02572,u992619815,1598728102,C++,C++ (GCC 9.2.1),cpp,Accepted,38.0,6364.0,4364,
s769929407,p02572,u882114902,1598728102,C++,C++ (GCC 9.2.1),cpp,Accepted,33.0,3644.0,493,
s816328147,p02572,u372144784,1598728102,Python,PyPy3 (7.3.0),py,Accepted,117.0,100720.0,278,
s285972204,p02572,u814781830,1598728100,Python,Python (3.8.2),py,Accepted,165.0,31760.0,193,
s255302649,p02572,u124375339,1598728100,C++,C++ (GCC 9.2.1),cpp,Accepted,38.0,6776.0,590,
s751235968,p02572,u262907627,1598728099,C++,C++ (GCC 9.2.1),cpp,Accepted,41.0,4072.0,328,
s881843746,p02572,u509304758,1598728099,C++,C++ (GCC 9.2.1),cpp,Accepted,41.0,3804.0,570,
s266611160,p02572,u555412691,1598728099,C++,C++ (GCC 9.2.1),cpp,Accepted,39.0,4540.0,866,
s608229207,p02572,u638170968,1598728099,C++,C++ (GCC 9.2.1),cpp,Accepted,33.0,5204.0,2189,
s280828326,p02572,u896137920,1598728098,C++,C++ (GCC 9.2.1),cpp,Accepted,78.0,4836.0,498,
s890636143,p02572,u205478312,1598728098,C++,C++ (GCC 9.2.1),cpp,Accepted,42.0,6948.0,519,
s289390446,p02572,u462437857,1598728098,C++,C++ (GCC 9.2.1),cpp,Accepted,77.0,3628.0,377,
s788961022,p02572,u888249344,1598728098,C++,C++ (GCC 9.2.1),cpp,Accepted,33.0,4776.0,706,
s095447087,p02572,u074650488,1598728097,C++,C++ (GCC 9.2.1),cpp,Accepted,34.0,5996.0,945,
s111273604,p02572,u235172502,1598728097,Python,PyPy3 (7.3.0),py,Accepted,113.0,94096.0,183,
s862876971,p02572,u154898295,1598728097,C++,C++ (GCC 9.2.1),cpp,Accepted,74.0,5184.0,348,
s103650484,p02572,u120659896,1598728096,C++,C++ (GCC 9.2.1),cpp,Accepted,31.0,5216.0,1878,
s526071017,p02572,u193815565,1598728096,C++,C++ (GCC 9.2.1),cpp,Accepted,33.0,6728.0,847,
s956904873,p02572,u820087133,1598728095,Python,Python (3.8.2),py,Accepted,121.0,31604.0,126,
s806035548,p02572,u143509139,1598728094,Python,PyPy3 (7.3.0),py,Accepted,115.0,94256.0,211,
s219175252,p02572,u324825702,1598728094,C++,C++ (GCC 9.2.1),cpp,Accepted,36.0,6356.0,3975,
s715344889,p02572,u540491484,1598728093,C++,C++ (GCC 9.2.1),cpp,Accepted,36.0,4780.0,1926,
s224685486,p02572,u837070143,1598728093,C++,C++ (GCC 9.2.1),cpp,Accepted,35.0,4764.0,667,
s602289406,p02572,u204536668,1598728093,C++,C++ (GCC 9.2.1),cpp,Accepted,76.0,6424.0,890,
s234715445,p02572,u067237725,1598728093,C++,C++ (GCC 9.2.1),cpp,Accepted,37.0,6368.0,6116,
s842874570,p02572,u712630284,1598728093,C++,C++ (GCC 9.2.1),cpp,Accepted,36.0,4784.0,980,
s189463079,p02572,u011986906,1598728093,C++,C++ (GCC 9.2.1),cpp,Accepted,40.0,6936.0,2847,
s328560028,p02572,u550274258,1598728093,C++,C++ (GCC 9.2.1),cpp,Accepted,40.0,5212.0,2358,
s210198860,p02572,u265392294,1598728093,C++,C++ (GCC 9.2.1),cpp,Accepted,79.0,5976.0,5570,
s329766499,p02572,u035603241,1598728093,Python,PyPy3 (7.3.0),py,Accepted,189.0,100440.0,4171,
s848457832,p02572,u224481909,1598728092,C++,C++ (GCC 9.2.1),cpp,Accepted,40.0,6716.0,1414,
s677459639,p02572,u060970529,1598728092,C++,C++ (GCC 9.2.1),cpp,Accepted,37.0,4012.0,824,
s342081055,p02572,u989345508,1598728092,Python,PyPy3 (7.3.0),py,Accepted,131.0,102008.0,124,
s125142494,p02572,u163783894,1598728092,Python,PyPy3 (7.3.0),py,Accepted,127.0,92728.0,832,
s078301948,p02572,u601816065,1598728092,C++,C++ (GCC 9.2.1),cpp,Accepted,38.0,6780.0,2502,
s018111596,p02572,u785989355,1598728091,Python,PyPy3 (7.3.0),py,Accepted,128.0,105288.0,232,
s081802403,p02572,u476225888,1598728091,Python,PyPy3 (7.3.0),py,Accepted,490.0,99448.0,810,
s920375688,p02572,u997368585,1598728091,C++,C++ (GCC 9.2.1),cpp,Accepted,77.0,4044.0,4136,
s588138004,p02572,u296518383,1598728090,Python,PyPy3 (7.3.0),py,Accepted,137.0,93588.0,798,
s346070056,p02572,u321786655,1598728090,C++,C++ (GCC 9.2.1),cpp,Accepted,40.0,5176.0,594,
s111365462,p02572,u936555566,1598728090,C++,C++ (GCC 9.2.1),cpp,Accepted,89.0,3620.0,2092,
s152653505,p02572,u118868154,1598728090,C++,C++ (GCC 9.2.1),cpp,Accepted,39.0,5572.0,2040,
s387731297,p02572,u831139780,1598728089,C++,C++ (GCC 9.2.1),cpp,Accepted,34.0,6360.0,1427,
s458246844,p02572,u120143737,1598728089,C++,C++ (GCC 9.2.1),cpp,Accepted,35.0,4432.0,2468,
s583818712,p02572,u923152767,1598728089,C++,C++ (GCC 9.2.1),cpp,Accepted,34.0,3644.0,585,
s370443514,p02572,u834771741,1598728087,C++,C++ (GCC 9.2.1),cpp,Accepted,79.0,6368.0,1864,
s206013230,p02572,u719353850,1598728087,C++,C++ (GCC 9.2.1),cpp,Accepted,38.0,4604.0,350,
s293259543,p02572,u033620890,1598728087,C++,C++ (GCC 9.2.1),cpp,Accepted,75.0,4840.0,1064,
s183462655,p02572,u642276346,1598728086,C++,C++ (GCC 9.2.1),cpp,Accepted,35.0,6360.0,517,
s424021732,p02572,u060793972,1598728086,Python,Python (3.8.2),py,Accepted,110.0,31744.0,128,
s960576550,p02572,u550014122,1598728086,C++,C++ (GCC 9.2.1),cpp,Accepted,37.0,4788.0,1680,
s829781436,p02572,u691380397,1598728085,C++,C++ (GCC 9.2.1),cpp,Accepted,72.0,3996.0,2998,
s107770804,p02572,u080318287,1598728085,C++,C++ (GCC 9.2.1),cpp,Accepted,34.0,7948.0,4112,
s519077678,p02572,u041932988,1598728084,C++,C++ (GCC 9.2.1),cpp,Accepted,36.0,4780.0,1042,
s167649645,p02572,u352040995,1598728084,C++,C++ (GCC 9.2.1),cpp,Accepted,42.0,5316.0,305,
s299793245,p02572,u977669331,1598728083,C++,C++ (GCC 9.2.1),cpp,Accepted,32.0,6764.0,1096,
s887130390,p02572,u694665829,1598728083,Python,Python (3.8.2),py,Accepted,110.0,31604.0,133,
s820325134,p02572,u214793658,1598728082,C++,C++ (GCC 9.2.1),cpp,Accepted,41.0,6356.0,554,
s049894075,p02572,u047796752,1598728081,Python,PyPy3 (7.3.0),py,Accepted,122.0,91112.0,245,
s061598592,p02572,u357109507,1598728080,C++,C++ (GCC 9.2.1),cpp,Accepted,36.0,3988.0,1989,
s654396583,p02572,u668264508,1598728080,C++,C++ (GCC 9.2.1),cpp,Accepted,38.0,6736.0,958,
s232982771,p02572,u366398972,1598728080,C++,C++ (GCC 9.2.1),cpp,Accepted,81.0,5196.0,5006,
s664455988,p02572,u016987091,1598728080,C++,C++ (GCC 9.2.1),cpp,Accepted,76.0,5160.0,1376,
s265943110,p02572,u614128939,1598728079,C++,C++ (GCC 9.2.1),cpp,Accepted,38.0,4788.0,16914,
s397477325,p02572,u916974091,1598728079,C++,C++ (GCC 9.2.1),cpp,Accepted,81.0,6424.0,2507,
s113494088,p02572,u381253095,1598728079,C++,C++ (GCC 9.2.1),cpp,Accepted,34.0,3988.0,1771,
s039701767,p02572,u398025421,1598728079,C++,C++ (GCC 9.2.1),cpp,Accepted,33.0,3644.0,506,
s541400716,p02572,u094155508,1598728079,C++,C++ (Clang 10.0.0),cpp,Accepted,155.0,3572.0,873,
s981719386,p02572,u381378028,1598728079,C++,C++ (GCC 9.2.1),cpp,Accepted,36.0,6776.0,1464,
s543956212,p02572,u711824966,1598728078,C++,C++ (GCC 9.2.1),cpp,Accepted,35.0,5160.0,1741,
s797126083,p02572,u152950430,1598728078,C++,C++ (Clang 10.0.0),cpp,Accepted,162.0,6048.0,1897,
s389458187,p02572,u014377276,1598728078,C++,C++ (GCC 9.2.1),cpp,Accepted,36.0,6364.0,1438,
s106141224,p02572,u057109575,1598728077,Python,PyPy3 (7.3.0),py,Accepted,138.0,94084.0,248,
s882102013,p02572,u023958502,1598728077,C++,C++ (GCC 9.2.1),cpp,Accepted,40.0,6360.0,537,
s044644056,p02572,u160429264,1598728077,C++,C++ (GCC 9.2.1),cpp,Accepted,75.0,4772.0,2287,
s885864930,p02572,u548163222,1598728077,C++,C++ (GCC 9.2.1),cpp,Accepted,73.0,5160.0,2075,
s590948826,p02572,u154756110,1598728077,C++,C++ (GCC 9.2.1),cpp,Accepted,76.0,4048.0,1501,
s108234676,p02572,u838261804,1598728076,C++,C++ (GCC 9.2.1),cpp,Accepted,37.0,5224.0,1284,
s385357234,p02572,u165244384,1598728075,C++,C++ (GCC 9.2.1),cpp,Accepted,38.0,5204.0,1579,
s077968129,p02572,u878838754,1598728075,C++,C++ (GCC 9.2.1),cpp,Accepted,77.0,5632.0,490,
s544853014,p02572,u867320886,1598728075,Python,Python (3.8.2),py,Accepted,98.0,31440.0,189,
s681738865,p02572,u353797797,1598728075,Python,Python (3.8.2),py,Accepted,158.0,31124.0,498,
s272955916,p02572,u130985356,1598728075,C++,C++ (GCC 9.2.1),cpp,Accepted,39.0,5352.0,4317,
s801452167,p02572,u150492736,1598728074,C++,C++ (GCC 9.2.1),cpp,Accepted,38.0,4780.0,2155,
s361229308,p02572,u771360615,1598728074,C++,C++ (GCC 9.2.1),cpp,Accepted,44.0,5392.0,2369,
s131880462,p02572,u774855554,1598728074,C++,C++ (GCC 9.2.1),cpp,Accepted,79.0,4900.0,3607,
s282840067,p02572,u052499405,1598728073,Python,PyPy3 (7.3.0),py,Accepted,128.0,92076.0,247,
s856778629,p02572,u591914971,1598728073,C++,C++ (GCC 9.2.1),cpp,Accepted,38.0,4780.0,13726,
s327801080,p02572,u933468003,1598728073,C++,C++ (GCC 9.2.1),cpp,Accepted,38.0,4784.0,632,
s006861281,p02572,u819704561,1598728073,C++,C++ (GCC 9.2.1),cpp,Accepted,39.0,6764.0,1038,
s663161744,p02572,u676323984,1598728073,C++,C++ (GCC 9.2.1),cpp,Accepted,40.0,3764.0,261,
s454883338,p02572,u389388073,1598728073,C++,C++ (GCC 9.2.1),cpp,Accepted,78.0,5120.0,731,
s040797504,p02572,u693027786,1598728072,C++,C++ (GCC 9.2.1),cpp,Accepted,76.0,4852.0,3762,
s831446067,p02572,u523498152,1598728072,C++,C++ (GCC 9.2.1),cpp,Accepted,42.0,6780.0,1294,
s430962649,p02572,u682686221,1598728072,C++,C++ (GCC 9.2.1),cpp,Accepted,38.0,6336.0,2976,
s460404306,p02572,u003873207,1598728072,C++,C++ (Clang 10.0.0),cpp,Accepted,161.0,4460.0,4360,
s466512703,p02572,u779805689,1598728072,Python,PyPy3 (7.3.0),py,Accepted,109.0,94064.0,181,
s202084626,p02572,u587366956,1598728071,C++,C++ (Clang 10.0.0),cpp,Accepted,167.0,4728.0,812,
s412023390,p02572,u968166680,1598728071,Python,PyPy3 (7.3.0),py,Accepted,147.0,104432.0,463,
s763681384,p02572,u670047797,1598728070,C++,C++ (GCC 9.2.1),cpp,Accepted,35.0,4780.0,531,
s106407616,p02572,u020230257,1598728069,C++,C++ (GCC 9.2.1),cpp,Accepted,38.0,5212.0,1621,
s641417530,p02572,u695811449,1598728068,Python,Python (3.8.2),py,Accepted,143.0,31464.0,203,
s289498532,p02572,u736647947,1598728068,C++,C++ (GCC 9.2.1),cpp,Accepted,36.0,3652.0,530,
s043834578,p02572,u043315961,1598728068,C++,C++ (GCC 9.2.1),cpp,Accepted,35.0,5204.0,449,
s613307801,p02572,u241347678,1598728068,C++,C++ (GCC 9.2.1),cpp,Accepted,41.0,4860.0,398,
s526298777,p02572,u755776200,1598728067,C++,C++ (GCC 9.2.1),cpp,Accepted,35.0,5216.0,4299,
s369327627,p02572,u239493918,1598728066,C++,C++ (GCC 9.2.1),cpp,Accepted,41.0,4764.0,8808,
s123872939,p02572,u833393891,1598728065,C++,C++ (GCC 9.2.1),cpp,Accepted,35.0,7188.0,7907,
s609977484,p02572,u897304429,1598728065,C++,C++ (GCC 9.2.1),cpp,Accepted,36.0,6364.0,2468,
s612259378,p02572,u588093355,1598728064,C++,C++ (GCC 9.2.1),cpp,Accepted,42.0,4784.0,5464,
s016471189,p02572,u046158516,1598728063,Python,PyPy3 (7.3.0),py,Accepted,112.0,94160.0,175,
s983403941,p02572,u905710781,1598728063,C++,C++ (GCC 9.2.1),cpp,Accepted,43.0,3828.0,1152,
s681208931,p02572,u624678037,1598728063,C++,C++ (GCC 9.2.1),cpp,Accepted,107.0,35480.0,2310,
s599019016,p02572,u378221363,1598728062,C++,C++ (GCC 9.2.1),cpp,Accepted,41.0,6360.0,1433,
s170279170,p02572,u740054550,1598728062,C++,C++ (GCC 9.2.1),cpp,Accepted,73.0,6424.0,2687,
s943950289,p02572,u619683748,1598728062,C++,C++ (GCC 9.2.1),cpp,Accepted,34.0,4780.0,2611,
s587269710,p02572,u127499732,1598728062,Python,Python (3.8.2),py,Accepted,127.0,31780.0,305,
s595030826,p02572,u361558096,1598728061,C++,C++ (GCC 9.2.1),cpp,Accepted,75.0,4836.0,368,
s195852011,p02572,u980205854,1598728061,Python,PyPy3 (7.3.0),py,Accepted,111.0,94264.0,193,
s957263069,p02572,u189479417,1598728060,Python,Python (3.8.2),py,Accepted,201.0,31608.0,229,
s115898819,p02572,u752774573,1598728060,Python,PyPy3 (7.3.0),py,Accepted,115.0,94240.0,160,
s335821337,p02572,u576630357,1598728059,C++,C++ (GCC 9.2.1),cpp,Accepted,34.0,5172.0,3137,
s783066517,p02572,u203927510,1598728058,C++,C++ (GCC 9.2.1),cpp,Accepted,76.0,6424.0,447,
s903347159,p02572,u306693917,1598728058,C++,C++ (GCC 9.2.1),cpp,Accepted,24.0,5188.0,996,
s376103177,p02572,u840846355,1598728057,C++,C++ (GCC 9.2.1),cpp,Accepted,42.0,6948.0,408,
s518444909,p02572,u475843109,1598728056,C++,C++ (GCC 9.2.1),cpp,Accepted,79.0,5176.0,548,
s682776759,p02572,u993074316,1598728056,C++,C++ (GCC 9.2.1),cpp,Accepted,76.0,4836.0,1385,
s497586426,p02572,u193637378,1598728056,C++,C++ (GCC 9.2.1),cpp,Accepted,40.0,4840.0,840,
s713145853,p02572,u644070128,1598728056,C++,C++ (GCC 9.2.1),cpp,Accepted,79.0,5636.0,3219,
s704514382,p02572,u467423063,1598728056,C++,C++ (GCC 9.2.1),cpp,Accepted,34.0,4780.0,1076,
s117807173,p02572,u501163846,1598728055,C++,C++ (GCC 9.2.1),cpp,Accepted,75.0,6756.0,625,
s983620936,p02572,u067983636,1598728055,Python,PyPy3 (7.3.0),py,Accepted,202.0,93832.0,711,
s523328069,p02572,u834353617,1598728055,C++,C++ (GCC 9.2.1),cpp,Accepted,39.0,6772.0,954,
s002233772,p02572,u114234520,1598728055,C++,C++ (GCC 9.2.1),cpp,Accepted,77.0,6756.0,692,
s917376338,p02572,u608621210,1598728054,C++,C++ (GCC 9.2.1),cpp,Accepted,36.0,5228.0,1111,
s295237396,p02572,u927949305,1598728053,C++,C++ (GCC 9.2.1),cpp,Accepted,30.0,4744.0,3798,
s266339001,p02572,u638795007,1598728053,Python,PyPy3 (7.3.0),py,Accepted,763.0,101448.0,1740,
s514460335,p02572,u505122009,1598728053,C++,C++ (GCC 9.2.1),cpp,Accepted,78.0,6424.0,6516,
s232835094,p02572,u370336124,1598728053,C++,C++ (GCC 9.2.1),cpp,Accepted,37.0,3656.0,2769,
s758232110,p02572,u761857749,1598728053,C++,C++ (GCC 9.2.1),cpp,Accepted,38.0,3652.0,654,
s723521151,p02572,u709171232,1598728053,C++,C++ (GCC 9.2.1),cpp,Accepted,71.0,6768.0,427,
s935327151,p02572,u371586991,1598728053,C++,C++ (GCC 9.2.1),cpp,Accepted,76.0,4412.0,611,
s972266254,p02572,u652925607,1598728052,C++,C++ (GCC 9.2.1),cpp,Accepted,35.0,6368.0,5788,
s216829322,p02572,u744305661,1598728052,C++,C++ (GCC 9.2.1),cpp,Accepted,79.0,6420.0,887,
s635732214,p02572,u537905693,1598728051,Python,Python (3.8.2),py,Accepted,112.0,31528.0,387,
s453799965,p02572,u191091892,1598728051,C++,C++ (Clang 10.0.0),cpp,Accepted,165.0,6328.0,2781,
s956371563,p02572,u619248223,1598728051,C++,C++ (GCC 9.2.1),cpp,Accepted,40.0,1728.0,538,
s469404443,p02572,u754022296,1598728051,Python,Python (3.8.2),py,Accepted,223.0,32076.0,263,
s989406382,p02572,u930865369,1598728051,C++,C++ (GCC 9.2.1),cpp,Accepted,36.0,4752.0,1355,
s246886042,p02572,u649005716,1598728050,C++,C++ (GCC 9.2.1),cpp,Accepted,74.0,4836.0,480,
s098423691,p02572,u240785774,1598728050,C++,C++ (GCC 9.2.1),cpp,Accepted,27.0,6752.0,586,
s617111414,p02572,u980655160,1598728050,C++,C++ (GCC 9.2.1),cpp,Accepted,33.0,3648.0,850,
s246011577,p02572,u667024514,1598728050,Python,PyPy3 (7.3.0),py,Accepted,141.0,102128.0,211,
s362259984,p02572,u424768586,1598728049,Python,PyPy3 (7.3.0),py,Accepted,491.0,110972.0,2974,
s378725781,p02572,u862095327,1598728049,C++,C++ (GCC 9.2.1),cpp,Accepted,35.0,3648.0,1151,
s919071871,p02572,u131020584,1598728048,C++,C++ (GCC 9.2.1),cpp,Accepted,44.0,6764.0,1603,
s755290332,p02572,u092650292,1598728047,Python,Python (3.8.2),py,Accepted,119.0,32468.0,528,
s046304725,p02572,u886451326,1598728047,Python,PyPy3 (7.3.0),py,Accepted,140.0,100424.0,2163,
s414542611,p02572,u987913144,1598728047,C++,C++ (GCC 9.2.1),cpp,Accepted,83.0,22004.0,4094,
s337327656,p02572,u426397594,1598728046,C++,C++ (GCC 9.2.1),cpp,Accepted,42.0,6364.0,3090,
s222667656,p02572,u951480280,1598728046,Python,Python (3.8.2),py,Accepted,140.0,31432.0,157,
s773775724,p02572,u493520238,1598728045,Python,PyPy3 (7.3.0),py,Accepted,127.0,105188.0,185,
s976981728,p02572,u452009494,1598728045,C++,C++ (GCC 9.2.1),cpp,Accepted,83.0,4840.0,525,
s570962467,p02572,u767543103,1598728044,C++,C++ (GCC 9.2.1),cpp,Accepted,33.0,4904.0,68756,
s401470578,p02572,u129643292,1598728044,C++,C++ (GCC 9.2.1),cpp,Accepted,17.0,3620.0,5913,
s856910628,p02572,u571086530,1598728044,C++,C++ (GCC 9.2.1),cpp,Accepted,38.0,4780.0,2056,
s379323483,p02572,u542486952,1598728043,C++,C++ (GCC 9.2.1),cpp,Accepted,34.0,4780.0,669,
s036467087,p02572,u120727594,1598728043,C++,C++ (GCC 9.2.1),cpp,Accepted,41.0,6844.0,565,
s847728211,p02572,u201660334,1598728043,Python,Python (3.8.2),py,Accepted,168.0,31436.0,223,
s661473597,p02572,u056944756,1598728042,C++,C++ (GCC 9.2.1),cpp,Accepted,36.0,6364.0,549,
s565723401,p02572,u951704061,1598728042,C++,C++ (GCC 9.2.1),cpp,Accepted,79.0,4780.0,489,
s333298470,p02572,u419741873,1598728042,C++,C++ (GCC 9.2.1),cpp,Accepted,41.0,6332.0,1175,
s689137544,p02572,u502709453,1598728042,C++,C++ (GCC 9.2.1),cpp,Accepted,33.0,3984.0,4450,
s303197102,p02572,u893584578,1598728042,C++,C++ (GCC 9.2.1),cpp,Accepted,75.0,6424.0,763,
s264375679,p02572,u680121629,1598728042,C++,C++ (GCC 9.2.1),cpp,Accepted,36.0,3996.0,839,
s992698178,p02572,u297651868,1598728042,Python,Python (3.8.2),py,Accepted,150.0,31540.0,156,
s925721800,p02572,u261103969,1598728042,Python,PyPy3 (7.3.0),py,Accepted,109.0,91956.0,373,
s515273052,p02572,u555962250,1598728041,C++,C++ (GCC 9.2.1),cpp,Accepted,80.0,6420.0,405,
s267408797,p02572,u426683236,1598728041,C++,C++ (GCC 9.2.1),cpp,Accepted,36.0,4712.0,6980,
s485027098,p02572,u009073559,1598728041,C++,C++ (GCC 9.2.1),cpp,Accepted,34.0,5328.0,1430,
s551539625,p02572,u693133807,1598728041,C++,C++ (GCC 9.2.1),cpp,Accepted,36.0,5172.0,673,
s725403066,p02572,u145483532,1598728041,C++,C++ (GCC 9.2.1),cpp,Accepted,41.0,4780.0,6468,
s721721765,p02572,u462405902,1598728041,C++,C++ (GCC 9.2.1),cpp,Accepted,31.0,4776.0,1544,
s930588231,p02572,u396272103,1598728040,C++,C++ (GCC 9.2.1),cpp,Accepted,73.0,3632.0,333,
s088076294,p02572,u838867638,1598728040,C++,C++ (GCC 9.2.1),cpp,Accepted,34.0,3948.0,18320,
s665980087,p02572,u592186586,1598728040,C++,C++ (GCC 9.2.1),cpp,Accepted,37.0,4764.0,1185,
s234304378,p02572,u388697579,1598728040,C++,C++ (GCC 9.2.1),cpp,Accepted,35.0,5176.0,804,
s915345461,p02572,u614550445,1598728039,C++,C++ (GCC 9.2.1),cpp,Accepted,35.0,4780.0,3461,
s368290818,p02572,u425758699,1598728039,C++,C++ (GCC 9.2.1),cpp,Accepted,37.0,6364.0,4203,
s216629173,p02572,u436111983,1598728039,C++,C++ (GCC 9.2.1),cpp,Accepted,37.0,4776.0,579,
s677587001,p02572,u602252807,1598728039,C++,C++ (GCC 9.2.1),cpp,Accepted,77.0,6352.0,1610,
s035843975,p02572,u291434263,1598728039,C++,C++ (GCC 9.2.1),cpp,Accepted,38.0,3824.0,511,
s175705755,p02572,u923270446,1598728039,Python,Python (3.8.2),py,Accepted,178.0,31548.0,202,
s331551611,p02572,u561231954,1598728038,C++,C++ (GCC 9.2.1),cpp,Accepted,39.0,4764.0,746,
s661143058,p02572,u503629869,1598728038,C++,C++ (GCC 9.2.1),cpp,Accepted,35.0,4752.0,1038,
s138911983,p02572,u903311413,1598728038,C++,C++ (GCC 9.2.1),cpp,Accepted,112.0,9208.0,8177,
s014127960,p02572,u609061751,1598728036,Python,PyPy3 (7.3.0),py,Accepted,127.0,94240.0,248,
s320588940,p02572,u677523557,1598728036,Python,Python (3.8.2),py,Accepted,142.0,31468.0,236,
s537749151,p02572,u603991349,1598728035,C++,C++ (GCC 9.2.1),cpp,Accepted,39.0,6776.0,1380,
s484858444,p02572,u713698831,1598728035,C++,C++ (GCC 9.2.1),cpp,Accepted,23.0,3632.0,716,
s100464402,p02572,u015514760,1598728035,C++,C++ (GCC 9.2.1),cpp,Accepted,69.0,5108.0,468,
s854346619,p02572,u021844224,1598728035,C++,C++ (GCC 9.2.1),cpp,Accepted,37.0,5212.0,1176,
s222013811,p02572,u623687794,1598728034,Python,Python (3.8.2),py,Accepted,183.0,31440.0,177,
s275369635,p02572,u822662438,1598728034,Python,Python (3.8.2),py,Accepted,244.0,49964.0,189,
s335291940,p02572,u475228270,1598728033,C++,C++ (GCC 9.2.1),cpp,Accepted,38.0,3820.0,427,
s654458378,p02572,u554733732,1598728033,C++,C++ (GCC 9.2.1),cpp,Accepted,37.0,5176.0,724,
s715238588,p02572,u223663729,1598728033,Python,PyPy3 (7.3.0),py,Accepted,124.0,98092.0,131,
s614529063,p02572,u784120390,1598728033,Python,PyPy3 (7.3.0),py,Accepted,138.0,100528.0,2089,
s446481887,p02572,u652420316,1598728032,C++,C++ (GCC 9.2.1),cpp,Accepted,34.0,4780.0,2151,
s785535395,p02572,u922299738,1598728032,C++,C++ (GCC 9.2.1),cpp,Accepted,34.0,4780.0,6065,
s696768516,p02572,u573519353,1598728031,C++,C++ (GCC 9.2.1),cpp,Accepted,36.0,3656.0,1273,
s235603377,p02572,u208713671,1598728031,Python,PyPy3 (7.3.0),py,Accepted,128.0,94176.0,156,
s428117603,p02572,u835779522,1598728030,C++,C++ (GCC 9.2.1),cpp,Accepted,37.0,4780.0,871,
s962105427,p02572,u600091079,1598728029,C++,C++ (GCC 9.2.1),cpp,Accepted,86.0,5196.0,1850,
s186799610,p02572,u495667483,1598728029,Python,Python (3.8.2),py,Accepted,107.0,32000.0,517,
s696324813,p02572,u071019032,1598728029,C++,C++ (GCC 9.2.1),cpp,Accepted,36.0,6364.0,5497,
s264719258,p02572,u210490856,1598728028,C++,C++ (GCC 9.2.1),cpp,Accepted,43.0,6932.0,417,
s588568007,p02572,u814986259,1598728028,Python,Python (3.8.2),py,Accepted,202.0,31752.0,219,
s667102233,p02572,u496993534,1598728027,C++,C++ (GCC 9.2.1),cpp,Accepted,33.0,4780.0,2978,
s275518112,p02572,u036727656,1598728027,C++,C++ (GCC 9.2.1),cpp,Accepted,26.0,4396.0,911,
s499515172,p02572,u211255607,1598728026,C++,C++ (GCC 9.2.1),cpp,Accepted,37.0,3972.0,3577,
s523872234,p02572,u151837207,1598728026,C++,C++ (GCC 9.2.1),cpp,Accepted,35.0,5212.0,1404,
s749937251,p02572,u456065785,1598728026,C++,C++ (GCC 9.2.1),cpp,Accepted,72.0,4784.0,386,
s766192056,p02572,u712993629,1598728026,C++,C++ (GCC 9.2.1),cpp,Accepted,36.0,4748.0,3730,
s055232795,p02572,u096100827,1598728026,C++,C++ (GCC 9.2.1),cpp,Accepted,79.0,5192.0,1328,
s578906461,p02572,u995162685,1598728025,C++,C++ (GCC 9.2.1),cpp,Accepted,24.0,6088.0,657,
s047423884,p02572,u032798323,1598728024,Python,Python (3.8.2),py,Accepted,147.0,31616.0,178,
s083231177,p02572,u276588887,1598728023,C++,C++ (GCC 9.2.1),cpp,Accepted,80.0,4840.0,6246,
s077477051,p02572,u163320134,1598728023,Python,PyPy3 (7.3.0),py,Accepted,129.0,92120.0,239,
s727816125,p02572,u415325136,1598728022,C++,C++ (GCC 9.2.1),cpp,Accepted,37.0,4780.0,1627,
s850019808,p02572,u545907926,1598728022,C++,C++ (GCC 9.2.1),cpp,Accepted,77.0,5180.0,529,
s065698064,p02572,u516540919,1598728020,C++,C++ (GCC 9.2.1),cpp,Accepted,37.0,5172.0,879,
s571265436,p02572,u535803878,1598728019,Python,PyPy3 (7.3.0),py,Accepted,113.0,105528.0,340,
s545734610,p02572,u045939752,1598728018,C++,C++ (GCC 9.2.1),cpp,Accepted,37.0,4840.0,1873,
s905665923,p02572,u645123130,1598728017,C++,C++ (GCC 9.2.1),cpp,Accepted,35.0,5216.0,3196,
s074738011,p02572,u451210070,1598728017,C++,C++ (GCC 9.2.1),cpp,Accepted,41.0,4780.0,349,
s042819346,p02572,u993556792,1598728017,C++,C++ (GCC 9.2.1),cpp,Accepted,42.0,6332.0,1659,
s649724435,p02572,u467736898,1598728017,Python,Python (3.8.2),py,Accepted,90.0,31544.0,137,
s860779310,p02572,u504543992,1598728016,C++,C++ (GCC 9.2.1),cpp,Accepted,41.0,6368.0,1883,
s880256254,p02572,u168578024,1598728016,C++,C++ (GCC 9.2.1),cpp,Accepted,37.0,4776.0,10511,
s094465247,p02572,u874947858,1598728015,C++,C++ (GCC 9.2.1),cpp,Accepted,34.0,3652.0,1609,
s658576322,p02572,u500092662,1598728015,C++,C++ (GCC 9.2.1),cpp,Accepted,34.0,4748.0,2671,
s309494111,p02572,u451748673,1598728015,C++,C++ (GCC 9.2.1),cpp,Accepted,36.0,3664.0,3244,
s230985476,p02572,u807772568,1598728014,Python,PyPy3 (7.3.0),py,Accepted,122.0,92108.0,1393,
s827003639,p02572,u111365362,1598728014,Python,PyPy3 (7.3.0),py,Accepted,112.0,94032.0,266,
s705524377,p02572,u024782094,1598728014,Python,PyPy3 (7.3.0),py,Accepted,537.0,97060.0,455,
s898649456,p02572,u899782392,1598728013,Python,PyPy3 (7.3.0),py,Accepted,108.0,94256.0,170,
s705580024,p02572,u306482197,1598728013,C++,C++ (GCC 9.2.1),cpp,Accepted,72.0,3616.0,267,
s962797509,p02572,u792719666,1598728012,C++,C++ (GCC 9.2.1),cpp,Accepted,37.0,4432.0,1159,
s309854031,p02572,u249648515,1598728012,C++,C++ (GCC 9.2.1),cpp,Accepted,37.0,4740.0,619,
s439107581,p02572,u328811800,1598728012,C++,C++ (GCC 9.2.1),cpp,Accepted,38.0,6348.0,1257,
s114650835,p02572,u186838327,1598728011,Python,PyPy3 (7.3.0),py,Accepted,112.0,94168.0,172,
s351870916,p02572,u340042599,1598728010,C++,C++ (GCC 9.2.1),cpp,Accepted,30.0,5172.0,1990,
s637245466,p02572,u548624367,1598728010,C++,C++ (GCC 9.2.1),cpp,Accepted,72.0,3632.0,644,
s861560773,p02572,u909102981,1598728009,Python,Python (3.8.2),py,Accepted,125.0,31752.0,154,
s824119147,p02572,u117348081,1598728009,C++,C++ (GCC 9.2.1),cpp,Accepted,36.0,4776.0,3721,
s600254242,p02572,u653837719,1598728009,Python,PyPy3 (7.3.0),py,Accepted,137.0,101920.0,213,
s077249192,p02572,u325685340,1598728009,C++,C++ (GCC 9.2.1),cpp,Accepted,36.0,4732.0,2622,
s117385120,p02572,u893063840,1598728009,Python,Python (3.8.2),py,Accepted,150.0,31748.0,170,
s080625418,p02572,u103850114,1598728008,C++,C++ (GCC 9.2.1),cpp,Accepted,82.0,4840.0,1532,
s617819347,p02572,u313676972,1598728008,C++,C++ (GCC 9.2.1),cpp,Accepted,45.0,6916.0,2321,
s399683843,p02572,u073852194,1598728007,Python,PyPy3 (7.3.0),py,Accepted,109.0,94256.0,208,
s155175560,p02572,u417017290,1598728007,C++,C++ (GCC 9.2.1),cpp,Accepted,37.0,8308.0,1149,
s670252417,p02572,u927801748,1598728007,C++,C++ (GCC 9.2.1),cpp,Accepted,73.0,4840.0,2772,
s948471569,p02572,u139112865,1598728006,Python,Python (3.8.2),py,Accepted,121.0,31416.0,172,
s679677844,p02572,u639210885,1598728006,C++,C++ (GCC 9.2.1),cpp,Accepted,36.0,3972.0,394,
s612198857,p02572,u674114383,1598728005,C++,C++ (GCC 9.2.1),cpp,Accepted,35.0,3656.0,492,
s523062476,p02572,u574811687,1598728005,C++,C++ (GCC 9.2.1),cpp,Accepted,43.0,4528.0,504,
s624477470,p02572,u812179198,1598728005,C++,C++ (GCC 9.2.1),cpp,Accepted,41.0,3652.0,552,
s571150493,p02572,u905220966,1598728005,C++,C++ (GCC 9.2.1),cpp,Accepted,34.0,5176.0,1270,
s451602324,p02572,u666712170,1598728005,C++,C++ (GCC 9.2.1),cpp,Accepted,77.0,4840.0,412,
s151757505,p02572,u532966492,1598728004,Python,Python (3.8.2),py,Accepted,140.0,31436.0,238,
s240554991,p02572,u365928829,1598728004,C++,C++ (GCC 9.2.1),cpp,Accepted,35.0,3632.0,662,
s177477787,p02572,u500565141,1598728004,C++,C++ (GCC 9.2.1),cpp,Accepted,35.0,5188.0,1670,
s291695119,p02572,u571162466,1598728003,C++,C++ (GCC 9.2.1),cpp,Accepted,33.0,3656.0,1450,
s086403208,p02572,u374802266,1598728002,Python,Python (3.8.2),py,Accepted,124.0,31712.0,142,
s893237410,p02572,u764522757,1598728001,C++,C++ (GCC 9.2.1),cpp,Accepted,43.0,5216.0,487,
s882695243,p02572,u188208110,1598728001,C++,C++ (GCC 9.2.1),cpp,Accepted,37.0,6776.0,684,
s136776063,p02572,u222030240,1598728001,C++,C++ (GCC 9.2.1),cpp,Accepted,74.0,5184.0,3537,
s004048776,p02572,u217064122,1598728000,C++,C++ (GCC 9.2.1),cpp,Accepted,38.0,5220.0,1962,
s965905533,p02572,u516554284,1598728000,Python,PyPy3 (7.3.0),py,Accepted,132.0,94196.0,158,
s282909443,p02572,u203396615,1598728000,C++,C++ (GCC 9.2.1),cpp,Accepted,79.0,4784.0,3315,
s041224052,p02572,u931304345,1598727999,C++,C++ (GCC 9.2.1),cpp,Accepted,34.0,4780.0,1892,
s784223733,p02572,u965730380,1598727999,C++,C++ (GCC 9.2.1),cpp,Accepted,37.0,6776.0,1049,
s784962323,p02572,u006686215,1598727998,C++,C++ (GCC 9.2.1),cpp,Accepted,31.0,3644.0,1891,
s282434321,p02572,u693666240,1598727998,Python,PyPy3 (7.3.0),py,Accepted,136.0,94252.0,246,
s377634546,p02572,u318393141,1598727998,C++,C++ (GCC 9.2.1),cpp,Accepted,82.0,6408.0,673,
s171101400,p02572,u933068010,1598727996,C++,C++ (GCC 9.2.1),cpp,Accepted,94.0,34216.0,9393,
s604561379,p02572,u897010730,1598727995,C++,C++ (GCC 9.2.1),cpp,Accepted,35.0,5208.0,795,
s724801189,p02572,u946322619,1598727995,C++,C++ (GCC 9.2.1),cpp,Accepted,71.0,4048.0,9149,
s079054163,p02572,u089177147,1598727994,C++,C++ (GCC 9.2.1),cpp,Accepted,34.0,4740.0,2676,
s332016245,p02572,u943966256,1598727994,C++,C++ (GCC 9.2.1),cpp,Accepted,40.0,4848.0,1914,
s848200363,p02572,u982234424,1598727994,C++,C++ (GCC 9.2.1),cpp,Accepted,81.0,6344.0,1072,
s938877332,p02572,u454087021,1598727993,C++,C++ (GCC 9.2.1),cpp,Accepted,75.0,3628.0,431,
s762971343,p02572,u564902833,1598727993,C++,C++ (GCC 9.2.1),cpp,Accepted,84.0,4840.0,5117,
s983445405,p02572,u110383845,1598727992,C++,C++ (GCC 9.2.1),cpp,Accepted,38.0,3984.0,8636,
s782694662,p02572,u714232191,1598727992,C++,C++ (GCC 9.2.1),cpp,Accepted,38.0,4432.0,1302,
s131967362,p02572,u885634168,1598727992,Python,PyPy3 (7.3.0),py,Accepted,136.0,94256.0,189,
s716780006,p02572,u339937125,1598727992,C++,C++ (GCC 9.2.1),cpp,Accepted,69.0,4832.0,993,
s816909544,p02572,u714715695,1598727992,C++,C++ (GCC 9.2.1),cpp,Accepted,77.0,4836.0,977,
s413498306,p02572,u760448331,1598727992,C++,C++ (GCC 9.2.1),cpp,Accepted,75.0,4840.0,13369,
s053822210,p02572,u970937288,1598727992,Python,PyPy3 (7.3.0),py,Accepted,123.0,95040.0,142,
s425757994,p02572,u499381410,1598727992,Python,PyPy3 (7.3.0),py,Accepted,732.0,102528.0,1041,
s541712738,p02572,u467826805,1598727992,C++,C++ (GCC 9.2.1),cpp,Accepted,79.0,4836.0,1024,
s273967049,p02572,u997304292,1598727991,C++,C++ (GCC 9.2.1),cpp,Accepted,33.0,5216.0,730,
s027712253,p02572,u850624593,1598727991,C++,C++ (GCC 9.2.1),cpp,Accepted,22.0,5152.0,870,
s369683115,p02572,u432688695,1598727991,C++,C++ (GCC 9.2.1),cpp,Accepted,30.0,4780.0,5162,
s630142694,p02572,u380579419,1598727991,C++,C++ (GCC 9.2.1),cpp,Accepted,70.0,4400.0,307,
s491042465,p02572,u920271139,1598727991,C++,C++ (GCC 9.2.1),cpp,Accepted,74.0,5160.0,4492,
s383658469,p02572,u450009898,1598727990,C++,C++ (GCC 9.2.1),cpp,Accepted,38.0,6740.0,1425,
s443831901,p02572,u041282550,1598727990,C++,C++ (GCC 9.2.1),cpp,Accepted,153.0,52244.0,2883,
s724145245,p02572,u280096880,1598727989,C++,C++ (GCC 9.2.1),cpp,Accepted,79.0,6708.0,936,
s321814800,p02572,u199624882,1598727989,C++,C++ (GCC 9.2.1),cpp,Accepted,33.0,3696.0,569,
s378233810,p02572,u954010223,1598727989,C++,C++ (GCC 9.2.1),cpp,Accepted,36.0,4764.0,7271,
s651908981,p02572,u986399983,1598727989,C++,C++ (GCC 9.2.1),cpp,Accepted,41.0,6364.0,1090,
s965173869,p02572,u015080147,1598727988,C++,C++ (GCC 9.2.1),cpp,Accepted,37.0,6776.0,870,
s169879979,p02572,u744703717,1598727988,C++,C++ (GCC 9.2.1),cpp,Accepted,20.0,5192.0,478,
s451653696,p02572,u664394831,1598727987,C++,C++ (GCC 9.2.1),cpp,Accepted,39.0,6364.0,6711,
s545168041,p02572,u119148115,1598727987,Python,PyPy3 (7.3.0),py,Accepted,125.0,94088.0,670,
s900058673,p02572,u152417130,1598727987,Python,PyPy3 (7.3.0),py,Accepted,108.0,94088.0,226,
s136213993,p02572,u366886346,1598727986,Python,PyPy3 (7.3.0),py,Accepted,134.0,94176.0,154,
s318146120,p02572,u986437843,1598727986,C++,C++ (GCC 9.2.1),cpp,Accepted,95.0,40820.0,204305,
s104118763,p02572,u053260233,1598727986,C++,C++ (GCC 9.2.1),cpp,Accepted,22.0,3632.0,395,
s839414713,p02572,u174404613,1598727985,C++,C++ (GCC 9.2.1),cpp,Accepted,79.0,4840.0,988,
s490814787,p02572,u592629796,1598727985,C++,C++ (GCC 9.2.1),cpp,Accepted,34.0,5208.0,507,
s780415156,p02572,u811636457,1598727984,C++,C++ (GCC 9.2.1),cpp,Accepted,75.0,3632.0,337,
s603455919,p02572,u969708690,1598727984,Python,Python (3.8.2),py,Accepted,142.0,31752.0,185,
s142205167,p02572,u816419151,1598727984,C++,C++ (GCC 9.2.1),cpp,Accepted,171.0,17172.0,1709,
s487183649,p02572,u621509943,1598727984,C++,C++ (GCC 9.2.1),cpp,Accepted,78.0,5176.0,363,
s827553570,p02572,u800051850,1598727983,C++,C++ (GCC 9.2.1),cpp,Accepted,45.0,6948.0,597,
s879448627,p02572,u538921909,1598727983,C++,C++ (GCC 9.2.1),cpp,Accepted,81.0,6676.0,386,
s285623264,p02572,u640248738,1598727983,C++,C++ (GCC 9.2.1),cpp,Accepted,37.0,4780.0,3904,
s118080462,p02572,u322177979,1598727982,C++,C++ (GCC 9.2.1),cpp,Accepted,77.0,6312.0,10274,
s976274752,p02572,u319282133,1598727982,C++,C++ (GCC 9.2.1),cpp,Accepted,34.0,5200.0,968,
s461909733,p02572,u603921794,1598727981,C++,C++ (GCC 9.2.1),cpp,Accepted,33.0,3636.0,602,
s903585775,p02572,u612695892,1598727981,C++,C++ (GCC 9.2.1),cpp,Accepted,38.0,5204.0,1136,
s034440582,p02572,u325959156,1598727980,C++,C++ (GCC 9.2.1),cpp,Accepted,45.0,4444.0,402,
s122728829,p02572,u128456980,1598727979,C++,C++ (GCC 9.2.1),cpp,Accepted,37.0,4776.0,2497,
s197230053,p02572,u030090262,1598727979,C++,C++ (GCC 9.2.1),cpp,Accepted,36.0,4788.0,4800,
s679300560,p02572,u881116515,1598727978,C++,C++ (GCC 9.2.1),cpp,Accepted,44.0,5372.0,419,
s700112237,p02572,u680707192,1598727978,C++,C++ (GCC 9.2.1),cpp,Accepted,78.0,5200.0,1202,
s919872173,p02572,u448290027,1598727978,C++,C++ (GCC 9.2.1),cpp,Accepted,37.0,6364.0,2853,
s111756717,p02572,u539692012,1598727977,Python,PyPy3 (7.3.0),py,Accepted,110.0,105264.0,200,
s374564959,p02572,u241367243,1598727977,C++,C++ (GCC 9.2.1),cpp,Accepted,37.0,6764.0,1960,
s554690765,p02572,u169350228,1598727977,Python,PyPy3 (7.3.0),py,Accepted,230.0,95360.0,687,
s610704106,p02572,u617380180,1598727976,C++,C++ (GCC 9.2.1),cpp,Accepted,36.0,4780.0,2694,
s936154891,p02572,u023229441,1598727976,Python,PyPy3 (7.3.0),py,Accepted,135.0,101952.0,147,
s065453222,p02572,u516076484,1598727975,C++,C++ (GCC 9.2.1),cpp,Accepted,38.0,5216.0,593,
s979899876,p02572,u314057689,1598727975,C++,C++ (GCC 9.2.1),cpp,Accepted,52.0,4780.0,4387,
s071168433,p02572,u793715260,1598727975,C++,C++ (GCC 9.2.1),cpp,Accepted,38.0,3640.0,615,
s707202643,p02572,u233393801,1598727974,C++,C++ (Clang 10.0.0),cpp,Accepted,156.0,4468.0,839,
s159596394,p02572,u133630059,1598727974,C++,C++ (GCC 9.2.1),cpp,Accepted,39.0,6776.0,1241,
s452590402,p02572,u915913072,1598727974,C++,C++ (GCC 9.2.1),cpp,Accepted,38.0,3760.0,406,
s956519176,p02572,u664259916,1598727973,C++,C++ (GCC 9.2.1),cpp,Accepted,71.0,5152.0,313,
s423055723,p02572,u761320129,1598727973,Python,Python (3.8.2),py,Accepted,174.0,31764.0,215,
s376581928,p02572,u452240501,1598727972,C++,C++ (GCC 9.2.1),cpp,Accepted,36.0,5176.0,3813,
s341014893,p02572,u708550576,1598727972,C++,C++ (GCC 9.2.1),cpp,Accepted,75.0,4840.0,3599,
s113036599,p02572,u085110627,1598727971,C++,C++ (GCC 9.2.1),cpp,Accepted,32.0,4416.0,881,
s765516264,p02572,u006204672,1598727971,C++,C++ (GCC 9.2.1),cpp,Accepted,35.0,5212.0,3214,
s067479754,p02572,u055685044,1598727970,C++,C++ (GCC 9.2.1),cpp,Accepted,79.0,4784.0,746,
s828635464,p02572,u701929021,1598727970,C++,C++ (GCC 9.2.1),cpp,Accepted,37.0,4780.0,975,
s433507707,p02572,u042689916,1598727970,C++,C++ (GCC 9.2.1),cpp,Accepted,39.0,4600.0,560,
s938608465,p02572,u118797367,1598727970,C++,C++ (GCC 9.2.1),cpp,Accepted,82.0,4044.0,642,
s719573010,p02572,u914173586,1598727970,C++,C++ (GCC 9.2.1),cpp,Accepted,37.0,6360.0,969,
s658873112,p02572,u456353530,1598727970,Python,PyPy3 (7.3.0),py,Accepted,137.0,94024.0,222,
s609403887,p02572,u385825353,1598727969,C++,C++ (GCC 9.2.1),cpp,Accepted,40.0,4856.0,4691,
s722411455,p02572,u543584809,1598727969,C++,C++ (GCC 9.2.1),cpp,Accepted,77.0,3952.0,2023,
s842013186,p02572,u145600939,1598727968,Python,Python (3.8.2),py,Accepted,105.0,31588.0,155,
s603007580,p02572,u352248517,1598727968,C++,C++ (GCC 9.2.1),cpp,Accepted,40.0,6364.0,717,
s234550184,p02572,u697658632,1598727968,Python,Python (3.8.2),py,Accepted,156.0,31616.0,239,
s540543731,p02572,u221285045,1598727968,C++,C++ (GCC 9.2.1),cpp,Accepted,37.0,3660.0,3563,
s392673365,p02572,u740284863,1598727967,Python,Python (3.8.2),py,Accepted,157.0,31132.0,213,
s826067440,p02572,u966153286,1598727967,C++,C++ (GCC 9.2.1),cpp,Accepted,74.0,5192.0,394,
s057711028,p02572,u596117821,1598727967,C++,C++ (GCC 9.2.1),cpp,Accepted,37.0,4784.0,4934,
s978527014,p02572,u532629518,1598727967,C++,C++ (GCC 9.2.1),cpp,Accepted,41.0,5200.0,1306,
s832728007,p02572,u033303094,1598727967,C++,C++ (GCC 9.2.1),cpp,Accepted,32.0,3640.0,475,
s600723211,p02572,u783676040,1598727966,C++,C++ (GCC 9.2.1),cpp,Accepted,74.0,4044.0,2058,
s469149254,p02572,u119750178,1598727965,C++,C++ (GCC 9.2.1),cpp,Accepted,42.0,6056.0,405,
s798813744,p02572,u806201407,1598727965,C++,C++ (GCC 9.2.1),cpp,Accepted,42.0,4864.0,5685,
s220262106,p02572,u809967037,1598727965,C++,C++ (GCC 9.2.1),cpp,Accepted,44.0,4736.0,1611,
s867990454,p02572,u049421539,1598727964,C++,C++ (GCC 9.2.1),cpp,Accepted,39.0,6764.0,490,
s846163202,p02572,u970082363,1598727964,Python,Python (3.8.2),py,Accepted,133.0,31364.0,160,
s009940310,p02572,u794807449,1598727963,C++,C++ (GCC 9.2.1),cpp,Accepted,36.0,6708.0,883,
s567319237,p02572,u211544300,1598727963,C++,C++ (GCC 9.2.1),cpp,Accepted,39.0,1732.0,399,
s556619735,p02572,u604329931,1598727963,C++,C++ (GCC 9.2.1),cpp,Accepted,180.0,51776.0,6788,
s728345037,p02572,u379120286,1598727963,C++,C++ (GCC 9.2.1),cpp,Accepted,40.0,5372.0,1013,
s484739168,p02572,u928536113,1598727962,C++,C++ (GCC 9.2.1),cpp,Accepted,39.0,6360.0,646,
s623156248,p02572,u327466606,1598727962,Python,PyPy3 (7.3.0),py,Accepted,119.0,105260.0,127,
s325267038,p02572,u130804410,1598727962,C++,C++ (GCC 9.2.1),cpp,Accepted,35.0,3692.0,9499,
s659395310,p02572,u907194047,1598727962,C++,C++ (GCC 9.2.1),cpp,Accepted,37.0,6772.0,1304,
s644050934,p02572,u568652083,1598727961,C++,C++ (GCC 9.2.1),cpp,Accepted,76.0,4832.0,6542,
s929385503,p02572,u591343832,1598727960,C++,C++ (GCC 9.2.1),cpp,Accepted,39.0,4780.0,10261,
s712738410,p02572,u577774192,1598727960,C++,C++ (GCC 9.2.1),cpp,Accepted,79.0,3724.0,5356,
s624804981,p02572,u342075214,1598727960,C++,C++ (GCC 9.2.1),cpp,Accepted,52.0,16396.0,5758,
s541265011,p02572,u065079240,1598727960,Python,Python (3.8.2),py,Accepted,162.0,31748.0,169,
s054577463,p02572,u368780724,1598727959,Python,PyPy3 (7.3.0),py,Accepted,107.0,91972.0,245,
s015120885,p02572,u601444374,1598727958,C++,C++ (GCC 9.2.1),cpp,Accepted,35.0,5216.0,1263,
s706333486,p02572,u759497274,1598727958,C++,C++ (GCC 9.2.1),cpp,Accepted,38.0,3656.0,1140,
s830201455,p02572,u136930834,1598727957,C++,C++ (GCC 9.2.1),cpp,Accepted,36.0,3612.0,603,
s588933624,p02572,u274698311,1598727957,C++,C++ (GCC 9.2.1),cpp,Accepted,35.0,3648.0,1452,
s608941512,p02572,u454932946,1598727957,C++,C++ (GCC 9.2.1),cpp,Accepted,38.0,1728.0,537,
s357471857,p02572,u331948661,1598727956,C++,C++ (GCC 9.2.1),cpp,Accepted,39.0,3824.0,364,
s492489183,p02572,u408650734,1598727956,C++,C++ (GCC 9.2.1),cpp,Accepted,80.0,4840.0,755,
s020985633,p02572,u632941690,1598727955,C++,C++ (GCC 9.2.1),cpp,Accepted,40.0,6772.0,1017,
s827182109,p02572,u774417629,1598727955,C++,C++ (GCC 9.2.1),cpp,Accepted,34.0,4780.0,671,
s014057447,p02572,u917282863,1598727953,C++,C++ (GCC 9.2.1),cpp,Accepted,72.0,4840.0,3124,
s267403993,p02572,u822169805,1598727953,C++,C++ (GCC 9.2.1),cpp,Accepted,33.0,4716.0,2356,
s722532108,p02572,u416703382,1598727953,C++,C++ (GCC 9.2.1),cpp,Accepted,34.0,3636.0,2589,
s420347764,p02572,u044733828,1598727952,C++,C++ (GCC 9.2.1),cpp,Accepted,34.0,3612.0,338,
s823300693,p02572,u377907412,1598727952,C++,C++ (GCC 9.2.1),cpp,Accepted,37.0,4764.0,3855,
s758478417,p02572,u548834738,1598727951,C++,C++ (GCC 9.2.1),cpp,Accepted,71.0,4840.0,502,
s391827234,p02572,u495704746,1598727950,C++,C++ (GCC 9.2.1),cpp,Accepted,76.0,4840.0,566,
s542572636,p02572,u986280706,1598727949,C++,C++ (GCC 9.2.1),cpp,Accepted,39.0,3824.0,332,
s145233850,p02572,u762921614,1598727948,C++,C++ (GCC 9.2.1),cpp,Accepted,34.0,4748.0,1035,
s458497038,p02572,u643840641,1598727947,C++,C++ (GCC 9.2.1),cpp,Accepted,42.0,5280.0,3513,
s958691738,p02572,u659725815,1598727947,C++,C++ (GCC 9.2.1),cpp,Accepted,34.0,3652.0,328,
s863746676,p02572,u345794450,1598727945,C++,C++ (GCC 9.2.1),cpp,Accepted,33.0,3648.0,1039,
s443734117,p02572,u424655672,1598727945,C++,C++ (GCC 9.2.1),cpp,Accepted,41.0,4856.0,705,
s364595054,p02572,u218843509,1598727944,Python,PyPy3 (7.3.0),py,Accepted,110.0,94156.0,193,
s922672335,p02572,u858742833,1598727944,Python,Python (3.8.2),py,Accepted,116.0,31600.0,207,
s448962277,p02572,u627417051,1598727944,Python,PyPy3 (7.3.0),py,Accepted,121.0,93380.0,454,
s200086397,p02572,u537874719,1598727943,C++,C++ (GCC 9.2.1),cpp,Accepted,77.0,4784.0,2556,
s100268638,p02572,u493130708,1598727942,Python,PyPy3 (7.3.0),py,Accepted,124.0,94192.0,3398,
s007044479,p02572,u812973725,1598727940,C++,C++ (GCC 9.2.1),cpp,Accepted,39.0,6364.0,3356,
s686685144,p02572,u446795710,1598727940,C++,C++ (GCC 9.2.1),cpp,Accepted,76.0,4844.0,777,
s044780055,p02572,u671861352,1598727938,Python,Python (3.8.2),py,Accepted,146.0,31432.0,335,
s766718794,p02572,u569511944,1598727937,Python,PyPy2 (7.3.0),py,Accepted,106.0,95236.0,128,
s478071175,p02572,u702582248,1598727936,Python,PyPy3 (7.3.0),py,Accepted,131.0,94976.0,455,
s756925654,p02572,u818283165,1598727933,Python,Python (3.8.2),py,Accepted,130.0,31604.0,144,
s528081506,p02572,u613920660,1598727933,Python,Python (3.8.2),py,Accepted,147.0,31436.0,150,
s262938986,p02572,u432090061,1598727932,C++,C++ (GCC 9.2.1),cpp,Accepted,36.0,3988.0,1338,
s726369248,p02572,u994988729,1598727932,Python,Python (3.8.2),py,Accepted,166.0,31256.0,240,
s429710249,p02572,u819604704,1598727931,C++,C++ (GCC 9.2.1),cpp,Accepted,36.0,4780.0,1467,
s600971584,p02572,u722535636,1598727931,C++,C++ (GCC 9.2.1),cpp,Accepted,36.0,4780.0,1808,
s444296489,p02572,u340980616,1598727930,C++,C++ (GCC 9.2.1),cpp,Accepted,38.0,5204.0,590,
s592526794,p02572,u412908746,1598727930,C++,C++ (GCC 9.2.1),cpp,Accepted,78.0,4840.0,701,
s933056594,p02572,u340064601,1598727929,Python,Python (3.8.2),py,Accepted,140.0,31608.0,134,
s277506044,p02572,u365058393,1598727929,C++,C++ (GCC 9.2.1),cpp,Accepted,36.0,4256.0,470,
s469381946,p02572,u694731294,1598727928,C++,C++ (GCC 9.2.1),cpp,Accepted,36.0,4780.0,3042,
s738555626,p02572,u888581410,1598727928,C++,C++ (GCC 9.2.1),cpp,Accepted,44.0,4432.0,474,
s252346797,p02572,u801592590,1598727927,C++,C++ (GCC 9.2.1),cpp,Accepted,36.0,5208.0,989,
s562731919,p02572,u097531277,1598727927,Python,PyPy3 (7.3.0),py,Accepted,115.0,94128.0,113,
s018692859,p02572,u173325742,1598727926,C++,C++ (GCC 9.2.1),cpp,Accepted,39.0,6776.0,554,
s585701455,p02572,u275797573,1598727926,C++,C++ (Clang 10.0.0),cpp,Accepted,155.0,6052.0,5413,
s540015379,p02572,u340781749,1598727925,Python,Python (3.8.2),py,Accepted,118.0,27888.0,153,
s247132550,p02572,u242679311,1598727925,C++,C++ (GCC 9.2.1),cpp,Accepted,73.0,4840.0,3118,
s130422266,p02572,u251847465,1598727922,C++,C++ (GCC 9.2.1),cpp,Accepted,75.0,6492.0,3606,
s899431253,p02572,u802434195,1598727922,C++,C++ (GCC 9.2.1),cpp,Accepted,37.0,4436.0,2318,
s215726278,p02572,u820262277,1598727922,C++,C++ (GCC 9.2.1),cpp,Accepted,42.0,5384.0,7732,
s332479609,p02572,u535008646,1598727920,C++,C++ (GCC 9.2.1),cpp,Accepted,35.0,4780.0,453,
s459501149,p02572,u550398291,1598727920,C++,C++ (GCC 9.2.1),cpp,Accepted,40.0,3812.0,4804,
s320775936,p02572,u052700673,1598727920,C++,C++ (GCC 9.2.1),cpp,Accepted,35.0,3656.0,7276,
s521748346,p02572,u102126195,1598727920,Python,PyPy3 (7.3.0),py,Accepted,127.0,105244.0,152,
s614047258,p02572,u567225946,1598727919,Python,PyPy3 (7.3.0),py,Accepted,133.0,94252.0,142,
s254562113,p02572,u506255180,1598727917,C++,C++ (GCC 9.2.1),cpp,Accepted,73.0,4048.0,907,
s876787858,p02572,u769237842,1598727917,C++,C++ (GCC 9.2.1),cpp,Accepted,38.0,6376.0,1309,
s630239765,p02572,u077337864,1598727917,C++,C++ (GCC 9.2.1),cpp,Accepted,37.0,4784.0,3624,
s932863097,p02572,u279196402,1598727914,C++,C++ (GCC 9.2.1),cpp,Accepted,17.0,4756.0,5289,
s235813438,p02572,u998677610,1598727913,C++,C++ (GCC 9.2.1),cpp,Accepted,35.0,5212.0,426,
s522047899,p02572,u093219895,1598727913,C++,C++ (GCC 9.2.1),cpp,Accepted,56.0,15936.0,11792,
s656584208,p02572,u129325320,1598727911,C++,C++ (GCC 9.2.1),cpp,Accepted,38.0,3652.0,322,
s470524372,p02572,u136948974,1598727911,Python,Python (3.8.2),py,Accepted,119.0,31436.0,303,
s183313323,p02572,u141610915,1598727911,Python,PyPy3 (7.3.0),py,Accepted,128.0,92080.0,225,
s189099724,p02572,u222668979,1598727910,Python,PyPy3 (7.3.0),py,Accepted,130.0,101912.0,226,
s700592992,p02572,u083494782,1598727910,C++,C++ (GCC 9.2.1),cpp,Accepted,82.0,6772.0,512,
s407909173,p02572,u281168735,1598727910,C++,C++ (GCC 9.2.1),cpp,Accepted,39.0,6348.0,7662,
s839293889,p02572,u325227960,1598727909,Python,PyPy3 (7.3.0),py,Accepted,125.0,100004.0,257,
s512725505,p02572,u488493347,1598727907,C++,C++ (GCC 9.2.1),cpp,Accepted,35.0,6348.0,2882,
s344574424,p02572,u292617411,1598727906,C++,C++ (GCC 9.2.1),cpp,Accepted,37.0,3652.0,376,
s084548726,p02572,u950757094,1598727905,C++,C++ (GCC 9.2.1),cpp,Accepted,35.0,3636.0,408,
s915407705,p02572,u757626242,1598727905,C++,C++ (GCC 9.2.1),cpp,Accepted,39.0,4028.0,7637,
s769965490,p02572,u441250130,1598727904,C++,C++ (GCC 9.2.1),cpp,Accepted,76.0,4784.0,787,
s016178972,p02572,u410132794,1598727904,C++,C++ (Clang 10.0.0),cpp,Accepted,23.0,4656.0,434,
s682021626,p02572,u521271655,1598727903,Python,Python (3.8.2),py,Accepted,121.0,31536.0,129,
s430695696,p02572,u450832845,1598727902,C++,C++ (GCC 9.2.1),cpp,Accepted,77.0,6420.0,5838,
s587782937,p02572,u022979415,1598727897,Python,Python (3.8.2),py,Accepted,139.0,31784.0,307,
s048266674,p02572,u896034488,1598727897,C++,C++ (GCC 9.2.1),cpp,Accepted,34.0,3640.0,1081,
s967829235,p02572,u714642969,1598727896,Python,PyPy3 (7.3.0),py,Accepted,124.0,93828.0,399,
s284681207,p02572,u757822045,1598727896,C++,C++ (GCC 9.2.1),cpp,Accepted,39.0,6764.0,2450,
s552671196,p02572,u761195179,1598727896,C++,C++ (GCC 9.2.1),cpp,Accepted,37.0,3640.0,512,
s865755046,p02572,u475776984,1598727895,Python,Python (3.8.2),py,Accepted,165.0,31072.0,970,
s471075347,p02572,u377233169,1598727895,C++,C++ (GCC 9.2.1),cpp,Accepted,37.0,4764.0,1150,
s903746419,p02572,u221119670,1598727893,C++,C++ (GCC 9.2.1),cpp,Accepted,77.0,5156.0,526,
s289176258,p02572,u200215998,1598727892,C++,C++ (GCC 9.2.1),cpp,Accepted,33.0,3988.0,6497,
s465885227,p02572,u024367207,1598727892,C++,C++ (GCC 9.2.1),cpp,Accepted,38.0,6328.0,2248,
s643891031,p02572,u338313243,1598727891,C++,C++ (GCC 9.2.1),cpp,Accepted,38.0,4780.0,3490,
s548345708,p02572,u047554023,1598727889,C++,C++ (GCC 9.2.1),cpp,Accepted,32.0,3988.0,2887,
s358416898,p02572,u493750228,1598727889,C++,C++ (GCC 9.2.1),cpp,Accepted,34.0,6336.0,7497,
s376130343,p02572,u233745357,1598727888,C++,C++ (GCC 9.2.1),cpp,Accepted,81.0,3632.0,1338,
s104286692,p02572,u896741788,1598727888,Python,PyPy3 (7.3.0),py,Accepted,111.0,93936.0,145,
s519984612,p02572,u766349042,1598727887,C++,C++ (GCC 9.2.1),cpp,Accepted,24.0,5176.0,819,
s697177185,p02572,u623954643,1598727887,C++,C++ (GCC 9.2.1),cpp,Accepted,38.0,3988.0,1785,
s220637077,p02572,u918753189,1598727887,C++,C++ (GCC 9.2.1),cpp,Accepted,71.0,4372.0,2180,
s421592650,p02572,u484902431,1598727886,Python,PyPy3 (7.3.0),py,Accepted,116.0,94252.0,152,
s728457211,p02572,u304331559,1598727885,C++,C++ (GCC 9.2.1),cpp,Accepted,34.0,4752.0,1293,
s280717306,p02572,u656771711,1598727885,C++,C++ (GCC 9.2.1),cpp,Accepted,17.0,4776.0,8810,
s379064415,p02572,u951370370,1598727885,C++,C++ (GCC 9.2.1),cpp,Accepted,36.0,4028.0,11998,
s535326611,p02572,u147125464,1598727884,C++,C++ (GCC 9.2.1),cpp,Accepted,42.0,3824.0,260,
s291313679,p02572,u226234691,1598727883,C++,C++ (GCC 9.2.1),cpp,Accepted,33.0,5172.0,458,
s252172864,p02572,u144913062,1598727883,Python,PyPy3 (7.3.0),py,Accepted,112.0,105144.0,196,
s512258536,p02572,u653187094,1598727881,C++,C++ (GCC 9.2.1),cpp,Accepted,30.0,4704.0,8622,
s235831882,p02572,u355169629,1598727881,C++,C++ (GCC 9.2.1),cpp,Accepted,20.0,3620.0,552,
s304652684,p02572,u594787118,1598727880,C++,C++ (GCC 9.2.1),cpp,Accepted,76.0,5196.0,487,
s061771272,p02572,u424374375,1598727880,C++,C++ (GCC 9.2.1),cpp,Accepted,71.0,4844.0,698,
s185239099,p02572,u745514010,1598727880,Python,Python (3.8.2),py,Accepted,132.0,31436.0,207,
s946753090,p02572,u513211419,1598727879,C++,C++ (GCC 9.2.1),cpp,Accepted,36.0,4784.0,9772,
s864242961,p02572,u273957331,1598727879,C++,C++ (GCC 9.2.1),cpp,Accepted,33.0,5216.0,2278,
s499567383,p02572,u314396879,1598727879,C++,C++ (GCC 9.2.1),cpp,Accepted,75.0,4836.0,974,
s814510197,p02572,u610441939,1598727877,C++,C++ (GCC 9.2.1),cpp,Accepted,73.0,5192.0,583,
s689310290,p02572,u646339490,1598727877,C++,C++ (GCC 9.2.1),cpp,Accepted,35.0,4780.0,745,
s660223476,p02572,u009414205,1598727876,C++,C++ (GCC 9.2.1),cpp,Accepted,37.0,4840.0,3697,
s131033917,p02572,u179970156,1598727875,C++,C++ (GCC 9.2.1),cpp,Accepted,35.0,4764.0,1556,
s368002402,p02572,u016572066,1598727873,C++,C++ (GCC 9.2.1),cpp,Accepted,40.0,4840.0,1173,
s122781187,p02572,u237010411,1598727872,C++,C++ (GCC 9.2.1),cpp,Accepted,36.0,5220.0,2629,
s731904990,p02572,u216962796,1598727869,C++,C++ (GCC 9.2.1),cpp,Accepted,35.0,4788.0,6061,
s597040628,p02572,u016531517,1598727867,C++,C++ (GCC 9.2.1),cpp,Accepted,78.0,6424.0,2379,
s386580114,p02572,u750157347,1598727867,C++,C++ (GCC 9.2.1),cpp,Accepted,31.0,5192.0,658,
s228348436,p02572,u172873334,1598727866,C++,C++ (GCC 9.2.1),cpp,Accepted,78.0,6424.0,21214,
s023912145,p02572,u680493942,1598727866,C++,C++ (GCC 9.2.1),cpp,Accepted,36.0,5180.0,1272,
s930892965,p02572,u133391510,1598727864,C++,C++ (GCC 9.2.1),cpp,Accepted,32.0,6364.0,892,
s271729699,p02572,u863044225,1598727860,C++,C++ (GCC 9.2.1),cpp,Accepted,34.0,3988.0,4817,
s328369232,p02572,u007610006,1598727859,C++,C++ (Clang 10.0.0),cpp,Accepted,162.0,3188.0,5419,
s524931339,p02572,u592686932,1598727856,C++,C++ (GCC 9.2.1),cpp,Accepted,37.0,4780.0,4841,
s744406673,p02572,u456611841,1598727855,C++,C++ (GCC 9.2.1),cpp,Accepted,80.0,5196.0,2554,
s002773675,p02572,u016187156,1598727850,C++,C++ (GCC 9.2.1),cpp,Accepted,41.0,6936.0,375,
s405804437,p02572,u455757400,1598727849,C++,C++ (GCC 9.2.1),cpp,Accepted,70.0,4844.0,2258,
s493000886,p02572,u536580583,1598727848,C++,C++ (GCC 9.2.1),cpp,Accepted,36.0,3652.0,1312,
s016566696,p02572,u357265888,1598727846,C++,C++ (GCC 9.2.1),cpp,Accepted,36.0,5204.0,2633,
s843320786,p02572,u275786410,1598727845,C++,C++ (GCC 9.2.1),cpp,Accepted,42.0,15016.0,5625,
s837943115,p02572,u855051452,1598727844,C++,C++ (GCC 9.2.1),cpp,Accepted,35.0,3648.0,390,
s060916831,p02572,u826189900,1598727844,C++,C++ (GCC 9.2.1),cpp,Accepted,39.0,4776.0,2191,
s155246183,p02572,u545022164,1598727843,C++,C++ (GCC 9.2.1),cpp,Accepted,40.0,5404.0,27618,
s772385428,p02572,u853721692,1598727841,C++,C++ (GCC 9.2.1),cpp,Accepted,38.0,3980.0,3363,
s569074593,p02572,u898167769,1598727841,C++,C++ (GCC 9.2.1),cpp,Accepted,34.0,4752.0,4361,
s969279690,p02572,u322714721,1598727839,C++,C++ (GCC 9.2.1),cpp,Accepted,73.0,6424.0,1366,
s843639214,p02572,u022832318,1598727837,C++,C++ (GCC 9.2.1),cpp,Accepted,36.0,4752.0,4531,
s044457257,p02572,u675296835,1598727837,C++,C++ (GCC 9.2.1),cpp,Accepted,40.0,4860.0,10547,
s387137232,p02572,u622941671,1598727837,C++,C++ (GCC 9.2.1),cpp,Accepted,71.0,3628.0,420,
s066660172,p02572,u849226974,1598727835,C++,C++ (GCC 9.2.1),cpp,Accepted,76.0,6760.0,988,
s645428883,p02572,u284166727,1598727834,C++,C++ (GCC 9.2.1),cpp,Accepted,34.0,3688.0,1498,
s598523775,p02572,u524343822,1598727832,C++,C++ (GCC 9.2.1),cpp,Accepted,34.0,4776.0,3944,
s253928570,p02572,u651663683,1598727830,Python,PyPy3 (7.3.0),py,Accepted,132.0,94184.0,157,
s048613147,p02572,u997722198,1598727828,C++,C++ (GCC 9.2.1),cpp,Accepted,74.0,5144.0,770,
s709639471,p02572,u927220534,1598727827,Python,PyPy2 (7.3.0),py,Accepted,323.0,99012.0,640,
s200254690,p02572,u051493691,1598727824,C++,C++ (GCC 9.2.1),cpp,Accepted,37.0,4764.0,9991,
s616024691,p02572,u379822620,1598727821,C++,C++ (GCC 9.2.1),cpp,Accepted,80.0,4400.0,5116,
s887816201,p02572,u147049801,1598727815,C++,C++ (GCC 9.2.1),cpp,Accepted,35.0,5208.0,763,
s439177125,p02572,u924339359,1598727814,C++,C++ (GCC 9.2.1),cpp,Accepted,35.0,4780.0,1941,
s862383080,p02572,u942393279,1598727812,C++,C++ (GCC 9.2.1),cpp,Accepted,78.0,5192.0,6068,
s024034545,p02572,u294531924,1598727809,C++,C++ (GCC 9.2.1),cpp,Accepted,43.0,12932.0,2953,
s292726624,p02572,u374512062,1598727806,C++,C++ (GCC 9.2.1),cpp,Accepted,36.0,3652.0,789,
s571555749,p02572,u434231045,1598727804,C++,C++ (GCC 9.2.1),cpp,Accepted,38.0,4764.0,4886,
s842361194,p02572,u873915460,1598727804,Python,PyPy3 (7.3.0),py,Accepted,119.0,94260.0,126,
s943650677,p02572,u119714109,1598727800,Python,PyPy3 (7.3.0),py,Accepted,113.0,92216.0,286,
s009313554,p02572,u468700753,1598727787,C++,C++ (GCC 9.2.1),cpp,Accepted,36.0,4716.0,969,
s247322624,p02572,u058317639,1598727786,C++,C++ (GCC 9.2.1),cpp,Accepted,70.0,5200.0,10552,
s738322587,p02572,u933735545,1598727784,C++,C++ (GCC 9.2.1),cpp,Accepted,37.0,6772.0,1851,
s192615862,p02572,u457283867,1598727779,C++,C++ (GCC 9.2.1),cpp,Accepted,76.0,4056.0,3898,
s248406320,p02572,u952557476,1598727773,C++,C++ (GCC 9.2.1),cpp,Accepted,75.0,6772.0,343,
s109022280,p02572,u372633838,1598727772,C++,C++ (GCC 9.2.1),cpp,Accepted,39.0,4852.0,3572,
s846678922,p02572,u657913472,1598727771,C++,C++ (GCC 9.2.1),cpp,Accepted,74.0,3620.0,192,
s988444815,p02572,u892251744,1598727762,Python,PyPy3 (7.3.0),py,Accepted,111.0,92464.0,347,
s495992730,p02572,u423624748,1598727752,C++,C++ (GCC 9.2.1),cpp,Accepted,74.0,6420.0,1541,
s899378084,p02572,u293954430,1598727737,C++,C++ (GCC 9.2.1),cpp,Accepted,35.0,6772.0,993,
s751011565,p02572,u571969099,1598727731,Python,PyPy3 (7.3.0),py,Accepted,131.0,101880.0,119,
s957570066,p02572,u678167152,1598727730,Python,PyPy3 (7.3.0),py,Accepted,118.0,94208.0,186,
s864216004,p02572,u498487134,1598727725,Python,PyPy3 (7.3.0),py,Accepted,122.0,91988.0,436,
s695348274,p02572,u287015418,1598727723,C++,C++ (GCC 9.2.1),cpp,Accepted,38.0,5200.0,1118,
s199782927,p02572,u688287225,1598727714,C++,C++ (GCC 9.2.1),cpp,Accepted,34.0,5204.0,1861,
s760312210,p02572,u317711717,1598727712,C++,C++ (GCC 9.2.1),cpp,Accepted,37.0,4780.0,2111,
s456564861,p02572,u828766688,1598727692,Python,PyPy3 (7.3.0),py,Accepted,108.0,105212.0,175,
s034855579,p02572,u608965386,1598727685,C++,C++ (GCC 9.2.1),cpp,Accepted,81.0,4836.0,1651,
s027726000,p02572,u676029460,1598727683,C++,C++ (GCC 9.2.1),cpp,Accepted,34.0,5172.0,1180,
s560094104,p02572,u874644572,1598727662,C++,C++ (GCC 9.2.1),cpp,Accepted,43.0,4848.0,12963,
s272036938,p02572,u219786796,1598727660,C++,C++ (GCC 9.2.1),cpp,Accepted,41.0,3976.0,4213,
s617109937,p02572,u579152247,1598727648,C++,C++ (GCC 9.2.1),cpp,Accepted,38.0,4780.0,2454,
