submission_id,problem_id,user_id,date,language,original_language,filename_ext,status,cpu_time,memory,code_size,accuracy
s039778430,p02550,u225581241,1600731700,C++,C++ (GCC 9.2.1),cpp,Accepted,39.0,6644.0,1328,
s662195224,p02550,u425619511,1600730524,C++,C++ (GCC 9.2.1),cpp,Accepted,10.0,4340.0,1441,
s845019589,p02550,u135572611,1600730396,C++,C++ (GCC 9.2.1),cpp,Accepted,131.0,91588.0,2790,
s231016379,p02550,u502076807,1600729938,C++,C++ (GCC 9.2.1),cpp,Accepted,8.0,3816.0,1005,
s973563440,p02550,u235964550,1600728586,C++,C++ (GCC 9.2.1),cpp,Accepted,8.0,3816.0,2280,
s769911771,p02550,u525065967,1600727830,C++,C++ (GCC 9.2.1),cpp,Accepted,7.0,3948.0,528,
s309155257,p02550,u699089116,1600727729,Python,Python (3.8.2),py,Accepted,84.0,13808.0,439,
s567748237,p02550,u823855263,1600727522,C++,C++ (GCC 9.2.1),cpp,Accepted,34.0,6520.0,937,
s449270532,p02550,u525065967,1600727498,C++,C++ (GCC 9.2.1),cpp,Accepted,8.0,3956.0,569,
s393215754,p02550,u604231488,1600727465,C++,C++ (GCC 9.2.1),cpp,Accepted,113.0,82168.0,870,
s638178345,p02550,u412863850,1600727360,Python,Python (3.8.2),py,Accepted,68.0,15240.0,1973,
s811930150,p02550,u803989191,1600726836,Python,Python (3.8.2),py,Accepted,69.0,13568.0,580,
s115947440,p02550,u525065967,1600726798,C++,C++ (GCC 9.2.1),cpp,Accepted,7.0,4016.0,528,
s744748973,p02550,u005006157,1600726599,C++,C++ (GCC 9.2.1),cpp,Accepted,8.0,4060.0,895,
s706549582,p02550,u335365831,1600726437,C++,C++ (Clang 10.0.0),cpp,Accepted,9.0,5872.0,2479,
s910420728,p02550,u525065967,1600726302,Python,Python (3.8.2),py,Accepted,58.0,13712.0,333,
s094606130,p02550,u005006157,1600726235,C++,C++ (GCC 9.2.1),cpp,Accepted,11.0,3984.0,895,
s361902277,p02550,u525065967,1600726131,Python,Python (3.8.2),py,Accepted,56.0,13616.0,335,
s419526789,p02550,u188486233,1600726119,C++,C++ (GCC 9.2.1),cpp,Accepted,53.0,8300.0,921,
s388861093,p02550,u525065967,1600726024,Python,Python (3.8.2),py,Accepted,55.0,13708.0,382,
s909876158,p02550,u525008368,1600725893,C++,C++ (GCC 9.2.1),cpp,Accepted,9.0,4836.0,807,
s408041516,p02550,u942051624,1600725811,Python,Python (3.8.2),py,Accepted,62.0,12092.0,520,
s253954570,p02550,u525065967,1600725786,Python,Python (3.8.2),py,Accepted,56.0,13844.0,434,
s456037077,p02550,u543425160,1600725744,C++,C++ (GCC 9.2.1),cpp,Accepted,7.0,4556.0,1680,
s864059551,p02550,u525008368,1600725720,C++,C++ (GCC 9.2.1),cpp,Accepted,9.0,4840.0,729,
s562905415,p02550,u741541584,1600725664,C++,C++ (GCC 9.2.1),cpp,Accepted,7.0,4392.0,2461,
s945691216,p02550,u005006157,1600725655,C++,C++ (GCC 9.2.1),cpp,Accepted,8.0,3996.0,894,
s428886787,p02550,u993556792,1600725405,C++,C++ (GCC 9.2.1),cpp,Accepted,37.0,6700.0,2345,
s767971153,p02550,u761362252,1600724936,C++,C++ (GCC 9.2.1),cpp,Accepted,8.0,3996.0,727,
s678104335,p02550,u699522269,1600724290,Python,Python (3.8.2),py,Accepted,52.0,13616.0,411,
s777930969,p02550,u525065967,1600724220,Python,Python (3.8.2),py,Accepted,53.0,13568.0,436,
s477321863,p02550,u460745860,1600724036,Python,Python (3.8.2),py,Accepted,64.0,14012.0,555,
s432895826,p02550,u226449576,1600723845,C++,C++ (GCC 9.2.1),cpp,Accepted,9.0,4028.0,1592,
s612686278,p02550,u525065967,1600723843,Python,Python (3.8.2),py,Accepted,56.0,13612.0,436,
s123989199,p02550,u021026869,1600723162,C++,C++ (GCC 9.2.1),cpp,Accepted,8.0,3696.0,1012,
s163151763,p02550,u771330306,1600722896,C++,C++ (GCC 9.2.1),cpp,Accepted,31.0,5856.0,1426,
s081841966,p02550,u199184624,1600722750,C++,C++ (GCC 9.2.1),cpp,Accepted,6.0,4216.0,1070,
s984025530,p02550,u352969025,1600722385,C++,C++ (GCC 9.2.1),cpp,Accepted,11.0,4372.0,1009,
s570827184,p02550,u486919933,1600722373,C++,C++ (GCC 9.2.1),cpp,Accepted,22.0,5276.0,1830,
s768713292,p02550,u120564432,1600721938,C++,C++ (GCC 9.2.1),cpp,Accepted,9.0,4824.0,881,
s226808046,p02550,u224435863,1600721870,C++,C++ (GCC 9.2.1),cpp,Accepted,12.0,4460.0,1337,
s977936026,p02550,u212948109,1600721569,C++,C++ (GCC 9.2.1),cpp,Accepted,23.0,16416.0,762,
s548883156,p02550,u583354994,1600720812,C++,C++ (GCC 9.2.1),cpp,Accepted,9.0,4824.0,880,
s083312103,p02550,u136378781,1600720487,C++,C++ (GCC 9.2.1),cpp,Accepted,54.0,10736.0,3786,
s090245922,p02550,u362345573,1600719366,C++,C++ (GCC 9.2.1),cpp,Accepted,38.0,7384.0,1587,
s962984037,p02550,u997368585,1600719281,C++,C++ (GCC 9.2.1),cpp,Accepted,111.0,105104.0,3233,
s184569724,p02550,u181228520,1600718986,C++,C++ (GCC 9.2.1),cpp,Accepted,10.0,4300.0,3094,
s408552346,p02550,u447679353,1600718972,Python,Python (3.8.2),py,Accepted,93.0,11624.0,1353,
s501630239,p02550,u531436689,1600718741,Python,PyPy3 (7.3.0),py,Accepted,255.0,93516.0,1434,
s713779915,p02550,u240708118,1600717888,C++,C++ (GCC 9.2.1),cpp,Accepted,8.0,5140.0,467,
s234941128,p02550,u431907935,1600717370,C++,C++ (GCC 9.2.1),cpp,Accepted,7.0,3984.0,783,
s001951420,p02550,u359536015,1600717205,C++,C++ (GCC 9.2.1),cpp,Accepted,16.0,7512.0,1207,
s760029484,p02550,u009414205,1600716984,C++,C++ (GCC 9.2.1),cpp,Accepted,78.0,50972.0,1779,
s657621508,p02550,u964075974,1600716962,C++,C++ (GCC 9.2.1),cpp,Accepted,8.0,4048.0,4505,
s758915025,p02550,u488758942,1600716873,C++,C++ (GCC 9.2.1),cpp,Accepted,8.0,4632.0,2226,
s783838549,p02550,u305396672,1600716356,C++,C++ (Clang 10.0.0),cpp,Accepted,22.0,6340.0,891,
s576056721,p02550,u114407770,1600716218,C++,C++ (GCC 9.2.1),cpp,Accepted,34.0,7212.0,529,
s266713811,p02550,u009414205,1600715774,C++,C++ (GCC 9.2.1),cpp,Accepted,9.0,3976.0,1834,
s352795141,p02550,u325956328,1600715420,Python,Python (3.8.2),py,Accepted,57.0,13732.0,690,
s136769592,p02550,u019485078,1600715160,C++,C++ (GCC 9.2.1),cpp,Accepted,6.0,3608.0,881,
s795411243,p02550,u371555975,1600714840,C++,C++ (GCC 9.2.1),cpp,Accepted,43.0,9816.0,976,
s883746425,p02550,u630255265,1600714601,C++,C++ (GCC 9.2.1),cpp,Accepted,12.0,4660.0,1144,
s699640304,p02550,u060049558,1600714370,C++,C++ (GCC 9.2.1),cpp,Accepted,11.0,4568.0,1478,
s842204753,p02550,u630355552,1600714361,C++,C++ (GCC 9.2.1),cpp,Accepted,9.0,3788.0,1095,
s331113098,p02550,u541032448,1600714012,C++,C++ (GCC 9.2.1),cpp,Accepted,8.0,3916.0,884,
s641765294,p02550,u748712781,1600712983,C++,C++ (GCC 9.2.1),cpp,Accepted,7.0,4656.0,1034,
s741161253,p02550,u124498235,1600712870,Python,Python (3.8.2),py,Accepted,65.0,13892.0,426,
s101600185,p02550,u238353279,1600712615,C++,C++ (GCC 9.2.1),cpp,Accepted,9.0,3980.0,991,
s477674448,p02550,u615662061,1600712517,C++,C++ (GCC 9.2.1),cpp,Accepted,7.0,5056.0,1159,
s340294183,p02550,u722640678,1600712418,C++,C++ (GCC 9.2.1),cpp,Accepted,11.0,5084.0,1220,
s815435384,p02550,u615662061,1600712215,C++,C++ (GCC 9.2.1),cpp,Accepted,13.0,4864.0,923,
s140811354,p02550,u722640678,1600712146,C++,C++ (GCC 9.2.1),cpp,Accepted,10.0,5128.0,1219,
s300631829,p02550,u615662061,1600712118,C++,C++ (GCC 9.2.1),cpp,Accepted,9.0,5112.0,923,
s450447483,p02550,u123756661,1600711834,Python,PyPy3 (7.3.0),py,Accepted,104.0,71732.0,414,
s679456194,p02550,u615662061,1600711780,C++,C++ (GCC 9.2.1),cpp,Accepted,10.0,4980.0,1161,
s285493601,p02550,u722640678,1600711766,C++,C++ (GCC 9.2.1),cpp,Accepted,11.0,5000.0,1195,
s334050587,p02550,u521652313,1600711733,C++,C++ (GCC 9.2.1),cpp,Accepted,34.0,5868.0,1112,
s427418824,p02550,u615662061,1600711420,C++,C++ (GCC 9.2.1),cpp,Accepted,11.0,5104.0,1215,
s022846363,p02550,u215674898,1600711357,C++,C++ (GCC 9.2.1),cpp,Accepted,15.0,4360.0,1190,
s170377573,p02550,u880632906,1600710900,C++,C++ (GCC 9.2.1),cpp,Accepted,11.0,3968.0,950,
s749673685,p02550,u432579356,1600710848,C++,C++ (GCC 9.2.1),cpp,Accepted,11.0,4508.0,1477,
s096895852,p02550,u323051878,1600709198,C++,C++ (GCC 9.2.1),cpp,Accepted,6.0,3984.0,967,
s657909736,p02550,u442877951,1600708997,Python,Python (3.8.2),py,Accepted,62.0,13260.0,336,
s696817337,p02550,u624779726,1600707841,C++,C++ (GCC 9.2.1),cpp,Accepted,62.0,82156.0,1077,
s819680007,p02550,u762061569,1600707796,C++,C++ (GCC 9.2.1),cpp,Accepted,38.0,7420.0,1177,
s748214860,p02550,u905203728,1600707491,Python,PyPy3 (7.3.0),py,Accepted,78.0,80992.0,550,
s972466794,p02550,u004063473,1600707365,C++,C++ (GCC 9.2.1),cpp,Accepted,12.0,4676.0,692,
s306835690,p02550,u052071180,1600706878,C++,C++ (GCC 9.2.1),cpp,Accepted,32.0,7092.0,907,
s502132369,p02550,u236433947,1600706737,C++,C++ (GCC 9.2.1),cpp,Accepted,11.0,4856.0,2576,
s714558111,p02550,u849799765,1600706714,C++,C++ (GCC 9.2.1),cpp,Accepted,9.0,4680.0,1654,
s704114403,p02550,u017271745,1600705474,C++,C++ (GCC 9.2.1),cpp,Accepted,27.0,4568.0,1736,
s149865646,p02550,u503227287,1600705365,Python,PyPy3 (7.3.0),py,Accepted,270.0,76892.0,922,
s105919938,p02550,u045939752,1600705365,C++,C++ (GCC 9.2.1),cpp,Accepted,11.0,4864.0,1657,
s208507566,p02550,u797106134,1600705306,Python,Python (3.8.2),py,Accepted,55.0,13140.0,467,
s401291119,p02550,u560858626,1600705272,C++,C++ (GCC 9.2.1),cpp,Accepted,12.0,4988.0,2613,
s695593530,p02550,u902786897,1600704675,C++,C++ (GCC 9.2.1),cpp,Accepted,8.0,4044.0,16864,
s790974589,p02550,u998741086,1600704531,Python,PyPy3 (7.3.0),py,Accepted,763.0,72844.0,535,
s597824362,p02550,u841131859,1600704339,C++,C++ (GCC 9.2.1),cpp,Accepted,35.0,5740.0,1396,
s682882369,p02550,u554194011,1600704192,C++,C++ (GCC 9.2.1),cpp,Accepted,368.0,3860.0,1226,
s239562583,p02550,u103850114,1600703899,C++,C++ (GCC 9.2.1),cpp,Accepted,38.0,5952.0,2203,
s215718346,p02550,u118340517,1600703838,C++,C++ (Clang 10.0.0),cpp,Accepted,14.0,3840.0,949,
s474443356,p02550,u066029197,1600703706,C++,C++ (GCC 9.2.1),cpp,Accepted,52.0,6688.0,688,
s678187507,p02550,u087295942,1600703649,Python,PyPy3 (7.3.0),py,Accepted,1649.0,74508.0,1036,
s564310853,p02550,u066029197,1600703073,C++,C++ (GCC 9.2.1),cpp,Accepted,50.0,6660.0,735,
s797696380,p02550,u225450911,1600703034,C++,C++ (GCC 9.2.1),cpp,Accepted,8.0,4008.0,1874,
s182831374,p02550,u687214625,1600702115,C++,C++ (GCC 9.2.1),cpp,Accepted,67.0,66316.0,991,
s970679250,p02550,u465699806,1600701843,C++,C++ (GCC 9.2.1),cpp,Accepted,10.0,3612.0,27794,
s270533905,p02550,u622622652,1600701338,C++,C++ (GCC 9.2.1),cpp,Accepted,16.0,4220.0,1958,
s930688543,p02550,u430205650,1600701145,C++,C++ (GCC 9.2.1),cpp,Accepted,8.0,5248.0,709,
s200049415,p02550,u430205650,1600701100,C++,C++ (GCC 9.2.1),cpp,Accepted,11.0,5340.0,709,
s697605386,p02550,u430205650,1600701070,C++,C++ (GCC 9.2.1),cpp,Accepted,8.0,5224.0,710,
s020664326,p02550,u622622652,1600700967,C++,C++ (GCC 9.2.1),cpp,Accepted,14.0,4272.0,1961,
s301433189,p02550,u836939578,1600700940,Python,PyPy3 (7.3.0),py,Accepted,67.0,69696.0,727,
s529886608,p02550,u537874719,1600700355,C++,C++ (GCC 9.2.1),cpp,Accepted,8.0,4044.0,3204,
s376778928,p02550,u062736195,1600699782,C++,C++ (GCC 9.2.1),cpp,Accepted,11.0,3972.0,1323,
s038002491,p02550,u525065967,1600698795,C++,C++ (GCC 9.2.1),cpp,Accepted,7.0,4040.0,593,
s548616560,p02550,u504800764,1600698754,C++,C++ (GCC 9.2.1),cpp,Accepted,8.0,5340.0,1580,
s350736001,p02550,u525065967,1600698595,Python,Python (3.8.2),py,Accepted,53.0,13716.0,437,
s560844588,p02550,u525065967,1600698412,Python,Python (3.8.2),py,Accepted,57.0,13648.0,471,
s034161037,p02550,u525065967,1600698014,Python,Python (3.8.2),py,Accepted,52.0,13724.0,458,
s896632150,p02550,u525065967,1600697901,C++,C++ (GCC 9.2.1),cpp,Accepted,8.0,4064.0,668,
s593789358,p02550,u525065967,1600697645,C++,C++ (GCC 9.2.1),cpp,Accepted,9.0,4172.0,706,
s695158501,p02550,u525065967,1600697490,Python,Python (3.8.2),py,Accepted,67.0,19256.0,472,
s414570709,p02550,u585963734,1600697304,Python,Python (3.8.2),py,Accepted,67.0,13876.0,335,
s101139231,p02550,u960237860,1600697217,Python,Python (3.8.2),py,Accepted,73.0,15508.0,474,
s756357432,p02550,u536034761,1600697031,Python,Python (3.8.2),py,Accepted,152.0,16464.0,703,
s575329494,p02550,u774202056,1600697026,C++,C++ (GCC 9.2.1),cpp,Accepted,7.0,5100.0,554,
s846269008,p02550,u130076114,1600696933,Python,PyPy3 (7.3.0),py,Accepted,797.0,68572.0,440,
s448116494,p02550,u369907836,1600696661,C++,C++ (GCC 9.2.1),cpp,Accepted,27.0,6652.0,1256,
s920658005,p02550,u455757400,1600696545,C++,C++ (GCC 9.2.1),cpp,Accepted,81.0,67408.0,1443,
s274508012,p02550,u987039629,1600696478,C++,C++ (GCC 9.2.1),cpp,Accepted,31.0,5896.0,938,
s805857272,p02550,u905203728,1600695629,Python,PyPy3 (7.3.0),py,Accepted,77.0,80844.0,547,
s517671735,p02550,u066413086,1600695139,Python,Python (3.8.2),py,Accepted,47.0,13480.0,2131,
s219620033,p02550,u265506056,1600694831,Python,Python (3.8.2),py,Accepted,55.0,11952.0,454,
s210491764,p02550,u365686942,1600694822,C++,C++ (GCC 9.2.1),cpp,Accepted,51.0,6752.0,1466,
s837012047,p02550,u221391729,1600694595,C++,C++ (GCC 9.2.1),cpp,Accepted,9.0,4592.0,823,
s242300265,p02550,u525065967,1600694450,Python,Python (3.8.2),py,Accepted,65.0,19184.0,496,
s145374045,p02550,u525065967,1600694317,C++,C++ (GCC 9.2.1),cpp,Accepted,8.0,4180.0,730,
s642861264,p02550,u525065967,1600694232,C++,C++ (GCC 9.2.1),cpp,Accepted,10.0,4280.0,714,
s046784215,p02550,u525065967,1600693678,Python,Python (3.8.2),py,Accepted,66.0,19164.0,480,
s506598417,p02550,u443403172,1600693460,C++,C++ (GCC 9.2.1),cpp,Accepted,23.0,7360.0,487,
s822347494,p02550,u016334391,1600693062,C++,C++ (GCC 9.2.1),cpp,Accepted,13.0,4708.0,1119,
s039862609,p02550,u100869561,1600692724,C++,C++ (GCC 9.2.1),cpp,Accepted,25.0,7316.0,1222,
s157086834,p02550,u041282550,1600692659,C++,C++ (GCC 9.2.1),cpp,Accepted,7.0,5100.0,2580,
s495524434,p02550,u576432509,1600692654,Python,PyPy3 (7.3.0),py,Accepted,63.0,65344.0,567,
s481883508,p02550,u576432509,1600692449,Python,PyPy3 (7.3.0),py,Accepted,64.0,65792.0,645,
s275858208,p02550,u499009346,1600692413,C++,C++ (GCC 9.2.1),cpp,Accepted,42.0,6676.0,1402,
s633357618,p02550,u354326404,1600692373,C++,C++ (GCC 9.2.1),cpp,Accepted,8.0,4780.0,819,
s325389882,p02550,u945078804,1600692011,C++,C++ (GCC 9.2.1),cpp,Accepted,12.0,5440.0,58343,
s759580230,p02550,u060079565,1600691705,C++,C++ (GCC 9.2.1),cpp,Accepted,11.0,4156.0,1798,
s453619268,p02550,u525065967,1600691608,Python,Python (3.8.2),py,Accepted,51.0,13400.0,480,
s106876103,p02550,u525065967,1600691407,C++,C++ (GCC 9.2.1),cpp,Accepted,13.0,4060.0,719,
s366264894,p02550,u406647332,1600691321,C++,C++ (GCC 9.2.1),cpp,Accepted,18.0,5416.0,1389,
s393099663,p02550,u639032323,1600691104,C++,C++ (GCC 9.2.1),cpp,Accepted,35.0,5844.0,1243,
s486889450,p02550,u525065967,1600689973,Python,Python (3.8.2),py,Accepted,56.0,13476.0,496,
s905019186,p02550,u603234915,1600689965,C++,C++ (GCC 9.2.1),cpp,Accepted,35.0,7076.0,1373,
s242487404,p02550,u302000346,1600689856,C++,C++ (Clang 10.0.0),cpp,Accepted,8.0,4368.0,2852,
s871386963,p02550,u525065967,1600689706,C++,C++ (GCC 9.2.1),cpp,Accepted,8.0,3992.0,743,
s959873402,p02550,u302000346,1600689618,C++,C++ (Clang 10.0.0),cpp,Accepted,9.0,4336.0,2510,
s999569137,p02550,u718751084,1600689533,C++,C++ (GCC 9.2.1),cpp,Accepted,9.0,4320.0,849,
s645373913,p02550,u774417629,1600689532,C++,C++ (GCC 9.2.1),cpp,Accepted,83.0,10132.0,1235,
s069820489,p02550,u453055089,1600689323,Python,PyPy3 (7.3.0),py,Accepted,66.0,68388.0,426,
s198421851,p02550,u453055089,1600689208,Python,PyPy3 (7.3.0),py,Accepted,72.0,68436.0,506,
s106738672,p02550,u233745357,1600688269,C++,C++ (GCC 9.2.1),cpp,Accepted,14.0,4048.0,731,
s534091037,p02550,u102602414,1600687465,C++,C++ (GCC 9.2.1),cpp,Accepted,28.0,20316.0,2406,
s118337241,p02550,u705892698,1600687233,C++,C++ (GCC 9.2.1),cpp,Accepted,33.0,6268.0,3139,
s556973613,p02550,u576432509,1600687028,Python,PyPy3 (7.3.0),py,Accepted,63.0,67344.0,799,
s449203647,p02550,u102602414,1600686936,C++,C++ (GCC 9.2.1),cpp,Accepted,29.0,10908.0,2489,
s585404471,p02550,u525065967,1600686787,Python,Python (3.8.2),py,Accepted,50.0,13348.0,537,
s434642386,p02550,u576432509,1600686712,Python,PyPy3 (7.3.0),py,Accepted,64.0,67272.0,792,
s997307203,p02550,u525065967,1600686586,C++,C++ (GCC 9.2.1),cpp,Accepted,10.0,3996.0,775,
s622267237,p02550,u005072763,1600686526,C++,C++ (GCC 9.2.1),cpp,Accepted,13.0,3992.0,1943,
s499385827,p02550,u525065967,1600686431,C++,C++ (GCC 9.2.1),cpp,Accepted,10.0,3960.0,781,
s859911586,p02550,u187489367,1600686056,C++,C++ (GCC 9.2.1),cpp,Accepted,12.0,4064.0,1803,
s749184508,p02550,u487476769,1600684886,C++,C++ (GCC 9.2.1),cpp,Accepted,10.0,4548.0,7274,
s484966787,p02550,u038021590,1600684877,Python,PyPy3 (7.3.0),py,Accepted,72.0,76944.0,535,
s599837487,p02550,u576432509,1600684405,Python,PyPy3 (7.3.0),py,Accepted,751.0,68840.0,873,
s061416405,p02550,u576432509,1600683994,Python,PyPy3 (7.3.0),py,Accepted,755.0,69220.0,1044,
s980264497,p02550,u785472258,1600683774,C++,C++ (GCC 9.2.1),cpp,Accepted,8.0,4840.0,1150,
s826814722,p02550,u525065967,1600683426,C++,C++ (GCC 9.2.1),cpp,Accepted,10.0,3712.0,801,
s863687352,p02550,u576432509,1600683184,Python,PyPy3 (7.3.0),py,Accepted,756.0,68132.0,1161,
s477548423,p02550,u051393148,1600683043,C++,C++ (GCC 9.2.1),cpp,Accepted,6.0,3876.0,1225,
s498627782,p02550,u576432509,1600682717,Python,PyPy3 (7.3.0),py,Accepted,757.0,67444.0,1164,
s852214025,p02550,u045289115,1600682682,C++,C++ (GCC 9.2.1),cpp,Accepted,146.0,97172.0,640,
s205960157,p02550,u919214743,1600682562,C++,C++ (Clang 10.0.0),cpp,Accepted,13.0,4364.0,712,
s367017869,p02550,u525065967,1600682519,C++,C++ (GCC 9.2.1),cpp,Accepted,8.0,3736.0,770,
s267628408,p02550,u575653048,1600682484,C++,C++ (GCC 9.2.1),cpp,Accepted,35.0,8016.0,1065,
s070518324,p02550,u846379833,1600682432,C++,C++ (GCC 9.2.1),cpp,Accepted,8.0,4388.0,993,
s809736210,p02550,u525065967,1600682285,Python,Python (3.8.2),py,Accepted,51.0,11924.0,544,
s045974578,p02550,u213868052,1600681348,C++,C++ (GCC 9.2.1),cpp,Accepted,8.0,3964.0,1443,
s849698243,p02550,u412025794,1600681297,C++,C++ (GCC 9.2.1),cpp,Accepted,361.0,3788.0,2757,
s459777516,p02550,u665871498,1600681165,C++,C++ (GCC 9.2.1),cpp,Accepted,7.0,4884.0,1378,
s904298212,p02550,u665871498,1600681059,C++,C++ (GCC 9.2.1),cpp,Accepted,161.0,4752.0,1405,
s514188291,p02550,u525065967,1600680774,Python,Python (3.8.2),py,Accepted,52.0,12096.0,508,
s840079316,p02550,u816587940,1600680710,C++,C++ (GCC 9.2.1),cpp,Accepted,198.0,73488.0,1248,
s976016529,p02550,u364761668,1600680648,C++,C++ (GCC 9.2.1),cpp,Accepted,20.0,5316.0,3366,
s773033491,p02550,u525065967,1600680471,Python,Python (3.8.2),py,Accepted,51.0,12052.0,532,
s339046056,p02550,u525065967,1600680162,Python,Python (3.8.2),py,Accepted,51.0,12188.0,507,
s145908519,p02550,u145145077,1600679750,Python,PyPy3 (7.3.0),py,Accepted,180.0,118184.0,557,
s368001951,p02550,u078092861,1600679608,C++,C++ (GCC 9.2.1),cpp,Accepted,34.0,6712.0,1040,
s129098103,p02550,u954976049,1600679400,C++,C++ (GCC 9.2.1),cpp,Accepted,12.0,4848.0,915,
s900803855,p02550,u665871498,1600679125,C++,C++ (GCC 9.2.1),cpp,Accepted,9.0,3976.0,1394,
s539077447,p02550,u489603283,1600678649,C++,C++ (GCC 9.2.1),cpp,Accepted,7.0,3768.0,1678,
s034859735,p02550,u525065967,1600678289,Python,Python (3.8.2),py,Accepted,51.0,11816.0,515,
s192160316,p02550,u962966398,1600677362,C++,C++ (GCC 9.2.1),cpp,Accepted,29.0,7088.0,2894,
s126005790,p02550,u344048704,1600676999,C++,C++ (GCC 9.2.1),cpp,Accepted,34.0,5936.0,898,
s504517316,p02550,u798260206,1600676765,Python,PyPy3 (7.3.0),py,Accepted,70.0,76628.0,823,
s372182947,p02550,u543000780,1600675812,Python,Python (3.8.2),py,Accepted,58.0,13572.0,452,
s541527603,p02550,u835480534,1600675273,C++,C++ (GCC 9.2.1),cpp,Accepted,11.0,4752.0,1917,
s106656479,p02550,u031448582,1600675218,C++,C++ (GCC 9.2.1),cpp,Accepted,28.0,5948.0,1347,
s880212236,p02550,u846634344,1600674847,C++,C++ (GCC 9.2.1),cpp,Accepted,32.0,5832.0,1868,
s305359141,p02550,u574922408,1600673638,Python,PyPy3 (7.3.0),py,Accepted,138.0,78792.0,906,
s137013791,p02550,u318670446,1600672039,C++,C++ (GCC 9.2.1),cpp,Accepted,15.0,5588.0,977,
s172164464,p02550,u519339498,1600671068,Python,PyPy3 (7.3.0),py,Accepted,750.0,67640.0,370,
s069514255,p02550,u814715203,1600668203,C++,C++ (GCC 9.2.1),cpp,Accepted,8.0,4592.0,1682,
s909623233,p02550,u698598617,1600666954,C++,C++ (GCC 9.2.1),cpp,Accepted,9.0,4836.0,1107,
s212194319,p02550,u698598617,1600666903,C++,C++ (GCC 9.2.1),cpp,Accepted,11.0,4752.0,1122,
s280784334,p02550,u946467231,1600665722,C++,C++ (Clang 10.0.0),cpp,Accepted,12.0,3688.0,1348,
s224326000,p02550,u149757670,1600664045,C++,C++ (GCC 9.2.1),cpp,Accepted,8.0,3668.0,1522,
s547890113,p02550,u626595726,1600661655,C++,C++ (GCC 9.2.1),cpp,Accepted,40.0,5940.0,1798,
s953439490,p02550,u115838990,1600659881,C++,C++ (GCC 9.2.1),cpp,Accepted,9.0,4548.0,996,
s621001339,p02550,u446027224,1600659848,Python,Python (3.8.2),py,Accepted,76.0,16928.0,414,
s219251974,p02550,u724687935,1600659786,Python,Python (3.8.2),py,Accepted,79.0,12956.0,764,
s785799745,p02550,u115838990,1600659734,C++,C++ (GCC 9.2.1),cpp,Accepted,12.0,4288.0,1425,
s643232208,p02550,u345966487,1600659476,C++,C++ (GCC 9.2.1),cpp,Accepted,83.0,56596.0,4739,
s069195425,p02550,u968166680,1600659116,Python,PyPy3 (7.3.0),py,Accepted,165.0,118204.0,647,
s557949775,p02550,u525065967,1600659109,C++,C++ (GCC 9.2.1),cpp,Accepted,30.0,5892.0,800,
s304495888,p02550,u968166680,1600659075,Python,PyPy3 (7.3.0),py,Accepted,172.0,117712.0,763,
s118065081,p02550,u968166680,1600658894,Python,PyPy3 (7.3.0),py,Accepted,178.0,119340.0,812,
s990552427,p02550,u525065967,1600658689,C++,C++ (GCC 9.2.1),cpp,Accepted,30.0,5848.0,800,
s453357234,p02550,u525065967,1600658489,Python,Python (3.8.2),py,Accepted,53.0,12964.0,484,
s619644055,p02550,u477902449,1600657648,C++,C++ (GCC 9.2.1),cpp,Accepted,22.0,5640.0,1921,
s487219159,p02550,u953463534,1600657326,C++,C++ (GCC 9.2.1),cpp,Accepted,34.0,6776.0,843,
s842223483,p02550,u644480413,1600656903,C++,C++ (GCC 9.2.1),cpp,Accepted,6.0,4856.0,981,
s446726312,p02550,u997641430,1600655730,Python,Python (3.8.2),py,Accepted,79.0,13600.0,294,
s289530190,p02550,u601573968,1600655100,C++,C++ (Clang 10.0.0),cpp,Accepted,10.0,3772.0,2020,
s160398607,p02550,u525065967,1600654431,C++,C++ (GCC 9.2.1),cpp,Accepted,34.0,5896.0,805,
s637156766,p02550,u423778821,1600654393,C++,C++ (GCC 9.2.1),cpp,Accepted,9.0,4548.0,3387,
s829942462,p02550,u525065967,1600654367,Python,Python (3.8.2),py,Accepted,53.0,12972.0,490,
s715406912,p02550,u525065967,1600654019,C++,C++ (GCC 9.2.1),cpp,Accepted,32.0,6000.0,852,
s652010553,p02550,u997641430,1600653504,Python,Python (3.8.2),py,Accepted,78.0,13808.0,294,
s351813321,p02550,u997641430,1600653490,Python,Python (3.8.2),py,Accepted,82.0,13644.0,303,
s165270932,p02550,u525065967,1600653428,C++,C++ (GCC 9.2.1),cpp,Accepted,33.0,5928.0,869,
s038564824,p02550,u525065967,1600653289,Python,Python (3.8.2),py,Accepted,53.0,13012.0,532,
s825133701,p02550,u525065967,1600651668,C++,C++ (GCC 9.2.1),cpp,Accepted,33.0,5836.0,899,
s508835047,p02550,u525065967,1600651471,C++,C++ (GCC 9.2.1),cpp,Accepted,27.0,5940.0,882,
s893002925,p02550,u191484928,1600651330,C++,C++ (GCC 9.2.1),cpp,Accepted,97.0,66616.0,855,
s764198368,p02550,u452314016,1600651286,C++,C++ (GCC 9.2.1),cpp,Accepted,6.0,4676.0,989,
s463702524,p02550,u649915042,1600651123,C++,C++ (GCC 9.2.1),cpp,Accepted,31.0,5952.0,1791,
s724021006,p02550,u145915236,1600649459,Python,PyPy3 (7.3.0),py,Accepted,69.0,69416.0,565,
s841977152,p02550,u751468134,1600648747,C++,C++ (GCC 9.2.1),cpp,Accepted,10.0,4764.0,3445,
s241587643,p02550,u377233169,1600648430,C++,C++ (GCC 9.2.1),cpp,Accepted,34.0,7108.0,1292,
s401818094,p02550,u525065967,1600648237,Python,Python (3.8.2),py,Accepted,55.0,13856.0,554,
s069466418,p02550,u525065967,1600648112,Python,Python (3.8.2),py,Accepted,55.0,13764.0,721,
s692687137,p02550,u596385287,1600647647,C++,C++ (GCC 9.2.1),cpp,Accepted,364.0,3832.0,707,
s693243724,p02550,u719852318,1600647277,C++,C++ (GCC 9.2.1),cpp,Accepted,7.0,4040.0,1405,
s980191617,p02550,u596385287,1600647206,C++,C++ (GCC 9.2.1),cpp,Accepted,365.0,3892.0,867,
s981281091,p02550,u596385287,1600646855,C++,C++ (GCC 9.2.1),cpp,Accepted,364.0,3908.0,866,
s492409851,p02550,u399802581,1600646806,C++,C++ (GCC 9.2.1),cpp,Accepted,31.0,5944.0,1683,
s725339707,p02550,u185413585,1600646756,C++,C++ (GCC 9.2.1),cpp,Accepted,107.0,44576.0,1058,
s361318935,p02550,u327245973,1600646509,C++,C++ (GCC 9.2.1),cpp,Accepted,30.0,6704.0,851,
s194943417,p02550,u493520238,1600646482,Python,PyPy3 (7.3.0),py,Accepted,171.0,119760.0,481,
s118586913,p02550,u325282913,1600646362,Python,PyPy3 (7.3.0),py,Accepted,64.0,67040.0,921,
s095001760,p02550,u923172145,1600646340,Python,PyPy3 (7.3.0),py,Accepted,79.0,87388.0,2683,
s286998139,p02550,u618263300,1600646303,C++,C++ (GCC 9.2.1),cpp,Accepted,9.0,3900.0,1012,
s814637147,p02550,u801983383,1600645803,C++,C++ (GCC 9.2.1),cpp,Accepted,19.0,5568.0,1227,
s118688291,p02550,u735224397,1600645112,C++,C++ (GCC 9.2.1),cpp,Accepted,30.0,6624.0,1494,
s835869587,p02550,u591808161,1600644983,Python,PyPy3 (7.3.0),py,Accepted,761.0,74624.0,1453,
s934212051,p02550,u704411633,1600644769,C++,C++ (GCC 9.2.1),cpp,Accepted,8.0,3988.0,1272,
s180506335,p02550,u682450167,1600644637,C++,C++ (GCC 9.2.1),cpp,Accepted,11.0,4716.0,946,
s161478431,p02550,u642229303,1600644268,C++,C++ (GCC 9.2.1),cpp,Accepted,8.0,4432.0,744,
s155629546,p02550,u730065868,1600644000,C++,C++ (GCC 9.2.1),cpp,Accepted,5.0,4516.0,907,
s256139630,p02550,u530107518,1600643240,C++,C++ (GCC 9.2.1),cpp,Accepted,10.0,4620.0,2106,
s463389888,p02550,u801983383,1600642875,C++,C++ (GCC 9.2.1),cpp,Accepted,16.0,5512.0,1245,
s779698688,p02550,u308256845,1600642799,C++,C++ (GCC 9.2.1),cpp,Accepted,54.0,9708.0,2373,
s641915798,p02550,u095944638,1600642721,C++,C++ (GCC 9.2.1),cpp,Accepted,479.0,4148.0,863,
s039556550,p02550,u802237789,1600642290,C++,C++ (GCC 9.2.1),cpp,Accepted,46.0,30452.0,5092,
s922771860,p02550,u618273699,1600642252,C++,C++ (GCC 9.2.1),cpp,Accepted,33.0,6740.0,2291,
s039177725,p02550,u027479217,1600642161,C++,C++ (GCC 9.2.1),cpp,Accepted,34.0,6692.0,688,
s936264862,p02550,u648316001,1600642150,C++,C++ (GCC 9.2.1),cpp,Accepted,9.0,4304.0,1002,
s983326016,p02550,u886613668,1600641703,C++,C++ (GCC 9.2.1),cpp,Accepted,12.0,4836.0,617,
s370536233,p02550,u431510270,1600641651,C++,C++ (GCC 9.2.1),cpp,Accepted,14.0,4224.0,993,
s495106504,p02550,u648316001,1600641606,C++,C++ (GCC 9.2.1),cpp,Accepted,9.0,4620.0,2291,
s091257728,p02550,u213110772,1600641416,C++,C++ (GCC 9.2.1),cpp,Accepted,37.0,6728.0,1514,
s156160518,p02550,u416759946,1600640707,C++,C++ (GCC 9.2.1),cpp,Accepted,34.0,6708.0,740,
s040828126,p02550,u194844944,1600640663,C++,C++ (GCC 9.2.1),cpp,Accepted,31.0,6712.0,1208,
s282106333,p02550,u846952042,1600640615,C++,C++ (GCC 9.2.1),cpp,Accepted,29.0,6156.0,1065,
s535005967,p02550,u223904637,1600640147,Python,Python (3.8.2),py,Accepted,59.0,13528.0,344,
s349409200,p02550,u348293370,1600640015,Python,Python (3.8.2),py,Accepted,59.0,14340.0,432,
s422936250,p02550,u970197315,1600639889,C++,C++ (GCC 9.2.1),cpp,Accepted,37.0,7384.0,4305,
s684661957,p02550,u733665947,1600639835,C++,C++ (GCC 9.2.1),cpp,Accepted,9.0,4900.0,780,
s447205539,p02550,u523451669,1600639832,C++,C++ (GCC 9.2.1),cpp,Accepted,8.0,4524.0,3525,
s680946063,p02550,u089230684,1600639811,C++,C++ (GCC 9.2.1),cpp,Accepted,8.0,5152.0,470,
s127654313,p02550,u396491595,1600639798,C++,C++ (GCC 9.2.1),cpp,Accepted,24.0,6252.0,918,
s484997242,p02550,u728082661,1600639321,C++,C++ (GCC 9.2.1),cpp,Accepted,34.0,6684.0,3448,
s233183424,p02550,u548791035,1600639039,C++,C++ (GCC 9.2.1),cpp,Accepted,6.0,4600.0,1901,
s692483191,p02550,u568314632,1600638935,C++,C++ (GCC 9.2.1),cpp,Accepted,26.0,5944.0,806,
s008405756,p02550,u521323621,1600638694,Python,Python (3.8.2),py,Accepted,69.0,13372.0,415,
s712024501,p02550,u359358631,1600638652,Python,PyPy3 (7.3.0),py,Accepted,67.0,68924.0,992,
s746010344,p02550,u028973125,1600638614,Python,Python (3.8.2),py,Accepted,69.0,13664.0,739,
s053485507,p02550,u997340502,1600638603,C++,C++ (GCC 9.2.1),cpp,Accepted,33.0,6720.0,5757,
s167060399,p02550,u716923470,1600638017,C++,C++ (GCC 9.2.1),cpp,Accepted,57.0,15240.0,1847,
s302547469,p02550,u359358631,1600637937,Python,PyPy3 (7.3.0),py,Accepted,66.0,68780.0,948,
s756985685,p02550,u382378818,1600637858,C++,C++ (GCC 9.2.1),cpp,Accepted,7.0,3944.0,794,
s092536895,p02550,u785697410,1600637683,Python,PyPy3 (7.3.0),py,Accepted,87.0,84364.0,1523,
s853317172,p02550,u825601908,1600637607,C++,C++ (GCC 9.2.1),cpp,Accepted,9.0,4564.0,1932,
s325126109,p02550,u865613237,1600637587,C++,C++ (GCC 9.2.1),cpp,Accepted,8.0,4720.0,2822,
s790822197,p02550,u825601908,1600637579,C++,C++ (GCC 9.2.1),cpp,Accepted,7.0,4616.0,1932,
s352412855,p02550,u696444274,1600637162,Python,Python (3.8.2),py,Accepted,132.0,16024.0,571,
s922372796,p02550,u813940897,1600636954,C++,C++ (GCC 9.2.1),cpp,Accepted,9.0,5744.0,701,
s609649528,p02550,u816645498,1600636675,C++,C++ (GCC 9.2.1),cpp,Accepted,7.0,3960.0,1432,
s800174923,p02550,u942033906,1600636644,Python,Python (3.8.2),py,Accepted,78.0,16488.0,594,
s427252786,p02550,u651314218,1600636476,C++,C++ (GCC 9.2.1),cpp,Accepted,6.0,4760.0,1126,
s089137143,p02550,u736788838,1600636370,C++,C++ (GCC 9.2.1),cpp,Accepted,132.0,99500.0,1356,
s982314088,p02550,u348293370,1600636201,Python,Python (3.8.2),py,Accepted,97.0,15052.0,712,
s055555050,p02550,u726501606,1600635988,C++,C++ (GCC 9.2.1),cpp,Accepted,767.0,4320.0,1810,
s487598964,p02550,u361381049,1600635984,Python,PyPy3 (7.3.0),py,Accepted,71.0,69672.0,435,
s655318221,p02550,u248069860,1600635932,C++,C++ (GCC 9.2.1),cpp,Accepted,366.0,3928.0,1829,
s037144765,p02550,u329134383,1600635898,C++,C++ (GCC 9.2.1),cpp,Accepted,34.0,7436.0,1954,
s711196079,p02550,u164471280,1600635884,Python,Python (3.8.2),py,Accepted,52.0,13448.0,601,
s110140743,p02550,u663842230,1600635822,C++,C++ (GCC 9.2.1),cpp,Accepted,52.0,6620.0,1251,
s185359686,p02550,u329134383,1600635725,C++,C++ (GCC 9.2.1),cpp,Accepted,33.0,7496.0,2049,
s044548421,p02550,u313403396,1600635693,C++,C++ (GCC 9.2.1),cpp,Accepted,37.0,6668.0,3539,
s102237752,p02550,u313403396,1600635669,C++,C++ (GCC 9.2.1),cpp,Accepted,35.0,6752.0,4177,
s881863611,p02550,u534542874,1600635435,C++,C++ (GCC 9.2.1),cpp,Accepted,7.0,4044.0,728,
s394923765,p02550,u800057474,1600635394,C++,C++ (GCC 9.2.1),cpp,Accepted,9.0,4004.0,1504,
s051092290,p02550,u991846372,1600635391,C++,C++ (GCC 9.2.1),cpp,Accepted,13.0,4000.0,976,
s014441359,p02550,u329134383,1600635229,C++,C++ (GCC 9.2.1),cpp,Accepted,37.0,7416.0,2042,
s275075716,p02550,u329134383,1600635187,C++,C++ (GCC 9.2.1),cpp,Accepted,32.0,7548.0,2046,
s682133655,p02550,u012638328,1600635064,C++,C++ (GCC 9.2.1),cpp,Accepted,37.0,6736.0,2136,
s220348142,p02550,u796708160,1600634602,C++,C++ (GCC 9.2.1),cpp,Accepted,45.0,9836.0,1072,
s552077671,p02550,u036411476,1600633961,C++,C++ (GCC 9.2.1),cpp,Accepted,8.0,3736.0,962,
s330147967,p02550,u079659201,1600633026,C++,C++ (GCC 9.2.1),cpp,Accepted,7.0,3992.0,1504,
s132671740,p02550,u630171206,1600632826,Python,Python (3.8.2),py,Accepted,62.0,13316.0,653,
s822799369,p02550,u970449052,1600632516,Python,Python (3.8.2),py,Accepted,80.0,13244.0,362,
s900065392,p02550,u008365786,1600632510,C++,C++ (GCC 9.2.1),cpp,Accepted,35.0,7144.0,3003,
s861724831,p02550,u933955890,1600632443,C++,C++ (GCC 9.2.1),cpp,Accepted,32.0,7120.0,3003,
s702187022,p02550,u842917248,1600632436,C++,C++ (GCC 9.2.1),cpp,Accepted,87.0,58924.0,6382,
s380473336,p02550,u903005414,1600632424,Python,Python (3.8.2),py,Accepted,55.0,13764.0,482,
s675778225,p02550,u312604259,1600632389,C++,C++ (GCC 9.2.1),cpp,Accepted,10.0,5192.0,1149,
s607597732,p02550,u559204540,1600632325,C++,C++ (GCC 9.2.1),cpp,Accepted,10.0,4292.0,576,
s097177412,p02550,u318345739,1600632241,Python,PyPy3 (7.3.0),py,Accepted,66.0,65604.0,1005,
s666612603,p02550,u377907412,1600631915,C++,C++ (GCC 9.2.1),cpp,Accepted,18.0,5496.0,2235,
s646243316,p02550,u433380437,1600631574,Python,PyPy3 (7.3.0),py,Accepted,754.0,68304.0,494,
s763514212,p02550,u136006798,1600631454,C++,C++ (GCC 9.2.1),cpp,Accepted,32.0,7448.0,1357,
s189673719,p02550,u583842859,1600631163,C++,C++ (Clang 10.0.0),cpp,Accepted,6.0,3928.0,828,
s860609251,p02550,u896403827,1600630936,Python,Python (3.8.2),py,Accepted,62.0,14204.0,1248,
s144256384,p02550,u092576233,1600630627,C++,C++ (GCC 9.2.1),cpp,Accepted,7.0,4304.0,861,
s115543245,p02550,u685066025,1600630538,C++,C++ (GCC 9.2.1),cpp,Accepted,7.0,3780.0,800,
s890710436,p02550,u720883633,1600630355,C++,C++ (GCC 9.2.1),cpp,Accepted,12.0,4400.0,927,
s901990535,p02550,u513083943,1600630353,C++,C++ (GCC 9.2.1),cpp,Accepted,20.0,5984.0,1358,
s190552672,p02550,u458824538,1600630320,C++,C++ (Clang 10.0.0),cpp,Accepted,9.0,4380.0,4188,
s044132589,p02550,u770018088,1600630290,Python,Python (3.8.2),py,Accepted,60.0,20136.0,644,
s843364750,p02550,u618263300,1600629885,C++,C++ (GCC 9.2.1),cpp,Accepted,10.0,4048.0,1020,
s896205663,p02550,u903396129,1600629398,Python,Python (3.8.2),py,Accepted,55.0,13112.0,346,
s114156687,p02550,u617826263,1600628950,C++,C++ (GCC 9.2.1),cpp,Accepted,10.0,4248.0,1214,
s244176493,p02550,u936985471,1600628619,Python,Python (3.8.2),py,Accepted,1121.0,23968.0,319,
s830080906,p02550,u308077140,1600628551,C++,C++ (GCC 9.2.1),cpp,Accepted,7.0,4036.0,834,
s090649003,p02550,u761195179,1600627915,C++,C++ (GCC 9.2.1),cpp,Accepted,35.0,7476.0,992,
s305302196,p02550,u494070244,1600627775,C++,C++ (GCC 9.2.1),cpp,Accepted,8.0,4620.0,1486,
s808983077,p02550,u703460662,1600627707,C++,C++ (GCC 9.2.1),cpp,Accepted,30.0,7744.0,2210,
s747124148,p02550,u492968387,1600627594,C++,C++ (GCC 9.2.1),cpp,Accepted,9.0,4308.0,1231,
s666847002,p02550,u618649215,1600627447,C++,C++ (GCC 9.2.1),cpp,Accepted,9.0,4000.0,1704,
s967568533,p02550,u013345230,1600627345,C++,C++ (GCC 9.2.1),cpp,Accepted,11.0,5544.0,1526,
s055195238,p02550,u181719868,1600627171,C++,C++ (GCC 9.2.1),cpp,Accepted,8.0,4636.0,2282,
s360509905,p02550,u189076681,1600626779,C++,C++ (GCC 9.2.1),cpp,Accepted,12.0,5552.0,2544,
s615506351,p02550,u629548179,1600626680,C++,C++ (GCC 9.2.1),cpp,Accepted,8.0,4036.0,886,
s692927861,p02550,u332570575,1600626609,C++,C++ (GCC 9.2.1),cpp,Accepted,61.0,58292.0,881,
s654877771,p02550,u723226109,1600626240,C++,C++ (GCC 9.2.1),cpp,Accepted,8.0,4792.0,880,
s162989923,p02550,u863370423,1600625885,C++,C++ (GCC 9.2.1),cpp,Accepted,98.0,44696.0,563,
s072009910,p02550,u419741873,1600625807,C++,C++ (GCC 9.2.1),cpp,Accepted,34.0,9432.0,1547,
s148790908,p02550,u647999897,1600625435,Python,PyPy3 (7.3.0),py,Accepted,71.0,76864.0,665,
s308840288,p02550,u854228826,1600625330,C++,C++ (GCC 9.2.1),cpp,Accepted,34.0,5952.0,1358,
s285731488,p02550,u686230543,1600625231,Python,Python (3.8.2),py,Accepted,48.0,13336.0,338,
s439782050,p02550,u464823755,1600624490,Python,Python (3.8.2),py,Accepted,85.0,13688.0,545,
s251131404,p02550,u238930677,1600624015,C++,C++ (GCC 9.2.1),cpp,Accepted,54.0,10220.0,845,
s706338565,p02550,u785762524,1600623734,C++,C++ (GCC 9.2.1),cpp,Accepted,34.0,6664.0,824,
s864881975,p02550,u570992262,1600623572,C++,C++ (GCC 9.2.1),cpp,Accepted,28.0,6672.0,1861,
s007482481,p02550,u431231854,1600623436,C++,C++ (GCC 9.2.1),cpp,Accepted,9.0,4932.0,1424,
s485554241,p02550,u536034761,1600623345,Python,Python (3.8.2),py,Accepted,88.0,13624.0,545,
s252368831,p02550,u834714395,1600623204,C++,C++ (GCC 9.2.1),cpp,Accepted,28.0,7124.0,723,
s257475598,p02550,u023885507,1600623148,C++,C++ (GCC 9.2.1),cpp,Accepted,7.0,4408.0,467,
s111965106,p02550,u339419997,1600623141,C++,C++ (Clang 10.0.0),cpp,Accepted,13.0,3180.0,4686,
s313825853,p02550,u882323840,1600622833,Python,PyPy3 (7.3.0),py,Accepted,70.0,77224.0,539,
s277402935,p02550,u347057617,1600622425,C++,C++ (GCC 9.2.1),cpp,Accepted,9.0,5056.0,7684,
s055814341,p02550,u477320129,1600622256,Python,Python (3.8.2),py,Accepted,129.0,9308.0,1855,
s300381834,p02550,u477320129,1600622210,Python,Python (3.8.2),py,Accepted,170.0,17500.0,2384,
s977298463,p02550,u863717702,1600622003,C++,C++ (GCC 9.2.1),cpp,Accepted,30.0,5912.0,2254,
s552252380,p02550,u477320129,1600621979,Python,Python (3.8.2),py,Accepted,122.0,9180.0,2377,
s077661735,p02550,u783675879,1600621885,C++,C++ (GCC 9.2.1),cpp,Accepted,90.0,69080.0,47637,
s758334796,p02550,u350072791,1600621751,C++,C++ (GCC 9.2.1),cpp,Accepted,69.0,57136.0,1229,
s289348138,p02550,u477320129,1600621719,Python,Python (3.8.2),py,Accepted,172.0,17520.0,2376,
s805663891,p02550,u468510107,1600621631,Python,Python (3.8.2),py,Accepted,58.0,13168.0,596,
s627560001,p02550,u152741807,1600621625,Python,Python (3.8.2),py,Accepted,59.0,13448.0,373,
s533208434,p02550,u842917248,1600621597,C++,C++ (GCC 9.2.1),cpp,Accepted,86.0,58936.0,6382,
s700449669,p02550,u748819456,1600621583,C++,C++ (GCC 9.2.1),cpp,Accepted,12.0,5092.0,988,
s105645166,p02550,u724012411,1600621397,C++,C++ (GCC 9.2.1),cpp,Accepted,37.0,6720.0,1155,
s841611336,p02550,u363421241,1600621286,Python,PyPy3 (7.3.0),py,Accepted,760.0,68044.0,389,
s770660175,p02550,u738636621,1600621281,C++,C++ (GCC 9.2.1),cpp,Accepted,36.0,6728.0,4259,
s665719583,p02550,u724687935,1600621124,Python,PyPy3 (7.3.0),py,Accepted,78.0,75852.0,656,
s469411275,p02550,u379288456,1600620877,C++,C++ (GCC 9.2.1),cpp,Accepted,7.0,5368.0,976,
s338767206,p02550,u458824538,1600620597,C++,C++ (Clang 10.0.0),cpp,Accepted,9.0,4404.0,4087,
s982246368,p02550,u861891199,1600620520,C++,C++ (GCC 9.2.1),cpp,Accepted,36.0,7124.0,945,
s521223444,p02550,u297203024,1600620107,C++,C++ (GCC 9.2.1),cpp,Accepted,6.0,3992.0,1521,
s700986352,p02550,u707315894,1600619831,C++,C++ (GCC 9.2.1),cpp,Accepted,6.0,3968.0,992,
s909852224,p02550,u434747175,1600619502,C++,C++ (GCC 9.2.1),cpp,Accepted,107.0,66816.0,1212,
s530438743,p02550,u458824538,1600619496,C++,C++ (Clang 10.0.0),cpp,Accepted,9.0,5228.0,3537,
s758670940,p02550,u209767598,1600619473,C++,C++ (GCC 9.2.1),cpp,Accepted,13.0,4428.0,2113,
s530058566,p02550,u563835377,1600619437,C++,C++ (GCC 9.2.1),cpp,Accepted,19.0,11872.0,7155,
s546101363,p02550,u880966143,1600619368,C++,C++ (GCC 9.2.1),cpp,Accepted,8.0,4748.0,744,
s997493798,p02550,u003026289,1600619244,C++,C++ (GCC 9.2.1),cpp,Accepted,10.0,4664.0,876,
s199392549,p02550,u783675879,1600619217,C++,C++ (GCC 9.2.1),cpp,Accepted,90.0,69056.0,46141,
s634639957,p02550,u967915578,1600619084,C++,C++ (GCC 9.2.1),cpp,Accepted,12.0,4204.0,1422,
s973814755,p02550,u848654988,1600618892,C++,C++ (GCC 9.2.1),cpp,Accepted,10.0,4204.0,967,
s938904777,p02550,u868519121,1600618576,C++,C++ (GCC 9.2.1),cpp,Accepted,9.0,5472.0,543,
s209660161,p02550,u680121629,1600618546,C++,C++ (GCC 9.2.1),cpp,Accepted,7.0,4572.0,1098,
s972850830,p02550,u006717664,1600618508,C++,C++ (GCC 9.2.1),cpp,Accepted,54.0,9748.0,6319,
s340961624,p02550,u620735210,1600618151,C++,C++ (GCC 9.2.1),cpp,Accepted,8.0,4632.0,775,
s645781240,p02550,u345966487,1600618099,C++,C++ (GCC 9.2.1),cpp,Accepted,82.0,56912.0,4242,
s169547357,p02550,u330518333,1600617871,C++,C++ (GCC 9.2.1),cpp,Accepted,48.0,7040.0,1952,
s764885398,p02550,u915369024,1600617868,C++,C++ (GCC 9.2.1),cpp,Accepted,6.0,4064.0,731,
s180148777,p02550,u198469037,1600617817,C++,C++ (GCC 9.2.1),cpp,Accepted,8.0,4636.0,1161,
s059605672,p02550,u139149276,1600617623,Python,PyPy3 (7.3.0),py,Accepted,98.0,88616.0,1981,
s832021079,p02550,u347640436,1600617619,Python,Python (3.8.2),py,Accepted,50.0,12032.0,447,
s472519426,p02550,u209767598,1600617578,C++,C++ (GCC 9.2.1),cpp,Accepted,436.0,4680.0,1272,
s181181990,p02550,u613865539,1600617418,C++,C++ (GCC 9.2.1),cpp,Accepted,10.0,5744.0,2969,
s449540533,p02550,u347640436,1600617335,Python,Python (3.8.2),py,Accepted,51.0,11760.0,491,
s069601374,p02550,u347640436,1600617262,Python,Python (3.8.2),py,Accepted,48.0,12192.0,487,
s475218848,p02550,u246217175,1600617241,Python,PyPy3 (7.3.0),py,Accepted,71.0,70980.0,611,
s549799854,p02550,u790949059,1600617104,C++,C++ (GCC 9.2.1),cpp,Accepted,35.0,6692.0,1421,
s243499003,p02550,u045289115,1600617086,C++,C++ (GCC 9.2.1),cpp,Accepted,8.0,4844.0,463,
s276707906,p02550,u290208722,1600617020,C++,C++ (GCC 9.2.1),cpp,Accepted,50.0,9848.0,1072,
s159623658,p02550,u065079240,1600616937,Python,Python (3.8.2),py,Accepted,69.0,13400.0,659,
s735468029,p02550,u372601756,1600616918,C++,C++ (GCC 9.2.1),cpp,Accepted,12.0,6416.0,1749,
s813024462,p02550,u405638031,1600616735,C++,C++ (GCC 9.2.1),cpp,Accepted,63.0,7004.0,2435,
s525208628,p02550,u331906013,1600616668,Python,Python (3.8.2),py,Accepted,56.0,13600.0,416,
s085087165,p02550,u592547545,1600616411,Python,Python (3.8.2),py,Accepted,45.0,12148.0,835,
s680200575,p02550,u465478140,1600616323,C++,C++ (GCC 9.2.1),cpp,Accepted,7.0,3996.0,1148,
s373765708,p02550,u798415825,1600616259,C++,C++ (GCC 9.2.1),cpp,Accepted,34.0,6712.0,2509,
s148286258,p02550,u133936772,1600616199,Python,Python (3.8.2),py,Accepted,61.0,14052.0,180,
s542417549,p02550,u037182465,1600616048,C++,C++ (GCC 9.2.1),cpp,Accepted,31.0,5936.0,4209,
s825220739,p02550,u215847113,1600615977,C++,C++ (GCC 9.2.1),cpp,Accepted,8.0,4772.0,3001,
s681725121,p02550,u446795710,1600615891,C++,C++ (GCC 9.2.1),cpp,Accepted,11.0,4048.0,947,
s431609327,p02550,u620269708,1600615879,C++,C++ (GCC 9.2.1),cpp,Accepted,88.0,59076.0,578,
s310575096,p02550,u446795710,1600615858,C++,C++ (GCC 9.2.1),cpp,Accepted,13.0,4020.0,1150,
s866281743,p02550,u791757444,1600615769,C++,C++ (GCC 9.2.1),cpp,Accepted,16.0,4624.0,1544,
s466365126,p02550,u446795710,1600615752,C++,C++ (GCC 9.2.1),cpp,Accepted,28.0,4052.0,1117,
s641387359,p02550,u465478140,1600615672,C++,C++ (GCC 9.2.1),cpp,Accepted,32.0,5868.0,1148,
s402596813,p02550,u697384706,1600615537,C++,C++ (GCC 9.2.1),cpp,Accepted,13.0,4612.0,1647,
s968160595,p02550,u623115612,1600615470,C++,C++ (GCC 9.2.1),cpp,Accepted,10.0,5636.0,779,
s845890809,p02550,u698883164,1600615396,C++,C++ (GCC 9.2.1),cpp,Accepted,12.0,5548.0,1612,
s517159394,p02550,u896588506,1600615301,Python,PyPy3 (7.3.0),py,Accepted,104.0,94004.0,915,
s271072028,p02550,u620269708,1600615287,C++,C++ (GCC 9.2.1),cpp,Accepted,89.0,57148.0,684,
s155578486,p02550,u294700660,1600615253,C++,C++ (GCC 9.2.1),cpp,Accepted,34.0,6740.0,5091,
s801194231,p02550,u936985471,1600614991,Python,PyPy3 (7.3.0),py,Accepted,241.0,186352.0,543,
s532799325,p02550,u045289115,1600614854,C++,C++ (GCC 9.2.1),cpp,Accepted,11.0,4836.0,463,
s236694057,p02550,u501163846,1600614822,C++,C++ (GCC 9.2.1),cpp,Accepted,8.0,4032.0,1617,
s779263827,p02550,u936985471,1600614686,Python,PyPy3 (7.3.0),py,Accepted,260.0,151684.0,341,
s657334606,p02550,u936985471,1600614654,Python,Python (3.8.2),py,Accepted,1416.0,27684.0,341,
s993297610,p02550,u755801379,1600614641,Python,PyPy3 (7.3.0),py,Accepted,753.0,68284.0,361,
s176036276,p02550,u893063840,1600614592,Python,Python (3.8.2),py,Accepted,67.0,15692.0,489,
s562892763,p02550,u053980422,1600614439,C++,C++ (GCC 9.2.1),cpp,Accepted,13.0,4848.0,1207,
s390675580,p02550,u936985471,1600614367,Python,PyPy3 (7.3.0),py,Accepted,475.0,233380.0,1318,
s405988998,p02550,u556120601,1600613852,C++,C++ (GCC 9.2.1),cpp,Accepted,12.0,5048.0,2594,
s657430968,p02550,u498487134,1600613728,Python,PyPy3 (7.3.0),py,Accepted,67.0,73852.0,890,
s097126476,p02550,u843175622,1600613639,C++,C++ (GCC 9.2.1),cpp,Accepted,10.0,4552.0,504,
s437076530,p02550,u507456172,1600613214,Python,Python (3.8.2),py,Accepted,54.0,12308.0,341,
s816540685,p02550,u620269708,1600613178,C++,C++ (GCC 9.2.1),cpp,Accepted,90.0,57196.0,669,
s304532186,p02550,u521973174,1600612997,C++,C++ (GCC 9.2.1),cpp,Accepted,8.0,4660.0,1139,
s859449093,p02550,u116670634,1600612816,C++,C++ (GCC 9.2.1),cpp,Accepted,53.0,46712.0,4772,
s260399342,p02550,u054514819,1600612763,Python,PyPy3 (7.3.0),py,Accepted,424.0,198176.0,593,
s301309802,p02550,u809748068,1600612508,C++,C++ (GCC 9.2.1),cpp,Accepted,9.0,5208.0,1538,
s173883813,p02550,u843175622,1600612337,C++,C++ (GCC 9.2.1),cpp,Accepted,10.0,3956.0,1015,
s731876336,p02550,u089147470,1600612056,C++,C++ (GCC 9.2.1),cpp,Accepted,13.0,4704.0,502,
s899284573,p02550,u559449910,1600612032,Python,Python (3.8.2),py,Accepted,71.0,12788.0,610,
s491098872,p02550,u450883456,1600611962,C++,C++ (GCC 9.2.1),cpp,Accepted,36.0,6732.0,1331,
s107281741,p02550,u518378780,1600611911,Python,Python (3.8.2),py,Accepted,69.0,17992.0,666,
s960250415,p02550,u545368057,1600611894,Python,Python (3.8.2),py,Accepted,155.0,14516.0,674,
s354883436,p02550,u518378780,1600611888,Python,Python (3.8.2),py,Accepted,71.0,18040.0,692,
s886731639,p02550,u843175622,1600611790,C++,C++ (GCC 9.2.1),cpp,Accepted,9.0,3900.0,1372,
s262730090,p02550,u698883164,1600611619,C++,C++ (GCC 9.2.1),cpp,Accepted,86.0,58944.0,1662,
s870671983,p02550,u843175622,1600611603,C++,C++ (GCC 9.2.1),cpp,Accepted,24.0,3988.0,1201,
s588177251,p02550,u824459059,1600611506,C++,C++ (GCC 9.2.1),cpp,Accepted,8.0,4020.0,1462,
s504366719,p02550,u762867902,1600611479,C++,C++ (GCC 9.2.1),cpp,Accepted,8.0,4232.0,781,
s378677965,p02550,u783675879,1600611384,C++,C++ (GCC 9.2.1),cpp,Accepted,75.0,69064.0,42557,
s012743204,p02550,u837133095,1600611287,C++,C++ (GCC 9.2.1),cpp,Accepted,10.0,3912.0,777,
s097286230,p02550,u054514819,1600611196,Python,PyPy3 (7.3.0),py,Accepted,85.0,86492.0,607,
s440293924,p02550,u038537254,1600611017,C++,C++ (GCC 9.2.1),cpp,Accepted,5.0,3836.0,2641,
s576893131,p02550,u266643907,1600611016,C++,C++ (GCC 9.2.1),cpp,Accepted,10.0,4284.0,1992,
s511953029,p02550,u843175622,1600611001,C++,C++ (GCC 9.2.1),cpp,Accepted,6.0,3892.0,950,
s523792291,p02550,u603846802,1600610949,C++,C++ (GCC 9.2.1),cpp,Accepted,33.0,5924.0,1765,
s861290330,p02550,u038537254,1600610796,C++,C++ (GCC 9.2.1),cpp,Accepted,7.0,3792.0,2641,
s421770943,p02550,u510552354,1600610791,C++,C++ (GCC 9.2.1),cpp,Accepted,31.0,28008.0,1608,
s451912986,p02550,u288430479,1600610715,Python,Python (3.8.2),py,Accepted,69.0,11396.0,1071,
s697997776,p02550,u045643130,1600610634,C++,C++ (GCC 9.2.1),cpp,Accepted,34.0,6612.0,1615,
s020267610,p02550,u893063840,1600610523,Python,Python (3.8.2),py,Accepted,51.0,15608.0,354,
s932286907,p02550,u554384674,1600610279,C++,C++ (GCC 9.2.1),cpp,Accepted,9.0,5240.0,660,
s455425805,p02550,u843175622,1600610268,C++,C++ (GCC 9.2.1),cpp,Accepted,13.0,3912.0,948,
s423986701,p02550,u318127926,1600610258,Python,PyPy3 (7.3.0),py,Accepted,73.0,76356.0,331,
s590850965,p02550,u836994287,1600610238,C++,C++ (GCC 9.2.1),cpp,Accepted,47.0,6708.0,644,
s492108509,p02550,u843175622,1600610114,C++,C++ (GCC 9.2.1),cpp,Accepted,8.0,3876.0,974,
s574297323,p02550,u189023301,1600609983,Python,PyPy3 (7.3.0),py,Accepted,71.0,76904.0,414,
s466719233,p02550,u424602097,1600609759,C++,C++ (GCC 9.2.1),cpp,Accepted,9.0,4516.0,1590,
s806889217,p02550,u318127926,1600609571,Python,PyPy3 (7.3.0),py,Accepted,65.0,69260.0,359,
s132156608,p02550,u983853152,1600609441,Python,PyPy3 (7.3.0),py,Accepted,67.0,67040.0,621,
s669658217,p02550,u006576567,1600609169,C++,C++ (GCC 9.2.1),cpp,Accepted,19.0,5672.0,1645,
s800680509,p02550,u723792785,1600609159,Python,PyPy3 (7.3.0),py,Accepted,77.0,80616.0,463,
s016659393,p02550,u079609494,1600609122,C++,C++ (GCC 9.2.1),cpp,Accepted,11.0,4456.0,716,
s525925689,p02550,u744314647,1600609066,C++,C++ (GCC 9.2.1),cpp,Accepted,7.0,4752.0,1261,
s868121160,p02550,u556120601,1600609021,C++,C++ (GCC 9.2.1),cpp,Accepted,10.0,5052.0,2594,
s502131324,p02550,u134412007,1600608987,C++,C++ (GCC 9.2.1),cpp,Accepted,7.0,3688.0,639,
s977756792,p02550,u567815593,1600608902,C++,C++ (GCC 9.2.1),cpp,Accepted,32.0,5908.0,979,
s567880735,p02550,u006576567,1600608699,C++,C++ (GCC 9.2.1),cpp,Accepted,24.0,5704.0,1661,
s544612444,p02550,u225649725,1600608681,C++,C++ (GCC 9.2.1),cpp,Accepted,35.0,6760.0,1840,
s181415114,p02550,u651663683,1600608645,Python,PyPy3 (7.3.0),py,Accepted,75.0,84056.0,330,
s944856728,p02550,u618033734,1600608503,C++,C++ (GCC 9.2.1),cpp,Accepted,36.0,6720.0,1025,
s496600656,p02550,u875570028,1600608494,C++,C++ (Clang 10.0.0),cpp,Accepted,43.0,5440.0,845,
s607915967,p02550,u135626132,1600608146,C++,C++ (GCC 9.2.1),cpp,Accepted,8.0,4620.0,1720,
s974834589,p02550,u423585790,1600607980,Python,PyPy3 (7.3.0),py,Accepted,122.0,90484.0,1677,
s434389135,p02550,u516525290,1600607953,C++,C++ (GCC 9.2.1),cpp,Accepted,9.0,4696.0,1657,
s017964733,p02550,u288605393,1600607858,C++,C++ (GCC 9.2.1),cpp,Accepted,31.0,6536.0,1261,
s583104262,p02550,u394961950,1600607820,C++,C++ (GCC 9.2.1),cpp,Accepted,11.0,4636.0,1057,
s436579594,p02550,u045575753,1600607676,C++,C++ (GCC 9.2.1),cpp,Accepted,8.0,4016.0,1223,
s379595263,p02550,u938924220,1600607676,C++,C++ (GCC 9.2.1),cpp,Accepted,12.0,5552.0,3633,
s670911016,p02550,u516525290,1600607657,C++,C++ (GCC 9.2.1),cpp,Accepted,19.0,7540.0,1920,
s529810467,p02550,u309168663,1600607657,C++,C++ (GCC 9.2.1),cpp,Accepted,8.0,3988.0,803,
s184959596,p02550,u059082716,1600607354,C++,C++ (GCC 9.2.1),cpp,Accepted,20.0,6112.0,1284,
s302104791,p02550,u804448625,1600607330,C++,C++ (GCC 9.2.1),cpp,Accepted,8.0,3980.0,1233,
s723199679,p02550,u318127926,1600607328,Python,PyPy3 (7.3.0),py,Accepted,427.0,198376.0,470,
s567977018,p02550,u334121100,1600607210,C++,C++ (GCC 9.2.1),cpp,Accepted,11.0,4124.0,1009,
s654785189,p02550,u045575753,1600607127,C++,C++ (GCC 9.2.1),cpp,Accepted,12.0,4024.0,1463,
s373933752,p02550,u694882399,1600607024,C++,C++ (GCC 9.2.1),cpp,Accepted,37.0,7144.0,1148,
s530970777,p02550,u476488060,1600606910,C++,C++ (GCC 9.2.1),cpp,Accepted,10.0,5032.0,900,
s441921844,p02550,u246366098,1600606881,Python,Python (3.8.2),py,Accepted,65.0,13160.0,408,
s290473943,p02550,u006576567,1600606661,C++,C++ (GCC 9.2.1),cpp,Accepted,24.0,5704.0,1164,
s930188139,p02550,u667375816,1600606447,C++,C++ (GCC 9.2.1),cpp,Accepted,48.0,6448.0,1253,
s654555788,p02550,u404816356,1600606234,C++,C++ (GCC 9.2.1),cpp,Accepted,37.0,9204.0,1882,
s358528547,p02550,u397953026,1600606201,Python,PyPy3 (7.3.0),py,Accepted,755.0,67860.0,480,
s509730949,p02550,u450288159,1600606099,Python,Python (3.8.2),py,Accepted,59.0,15864.0,907,
s737461911,p02550,u397953026,1600605891,Python,PyPy3 (7.3.0),py,Accepted,755.0,68316.0,673,
s492073915,p02550,u085869235,1600605833,C++,C++ (GCC 9.2.1),cpp,Accepted,37.0,7132.0,1240,
s287814662,p02550,u356567743,1600605771,C++,C++ (GCC 9.2.1),cpp,Accepted,13.0,4692.0,1057,
s041827660,p02550,u397953026,1600605748,Python,PyPy3 (7.3.0),py,Accepted,759.0,68360.0,862,
s879479165,p02550,u606600497,1600605484,C++,C++ (GCC 9.2.1),cpp,Accepted,35.0,6808.0,1030,
s296011516,p02550,u397953026,1600605479,Python,PyPy3 (7.3.0),py,Accepted,760.0,68492.0,896,
s191683964,p02550,u666049605,1600605448,C++,C++ (GCC 9.2.1),cpp,Accepted,7.0,4496.0,753,
s422492393,p02550,u046952850,1600605372,C++,C++ (GCC 9.2.1),cpp,Accepted,8.0,4608.0,590,
s867913179,p02550,u475503988,1600605285,Python,PyPy3 (7.3.0),py,Accepted,72.0,71136.0,434,
s553678069,p02550,u475503988,1600605267,Python,Python (3.8.2),py,Accepted,63.0,13320.0,434,
s467722036,p02550,u531506695,1600605163,C++,C++ (GCC 9.2.1),cpp,Accepted,13.0,3916.0,3087,
s923944625,p02550,u666049605,1600605126,C++,C++ (GCC 9.2.1),cpp,Accepted,11.0,4500.0,809,
s785215285,p02550,u414050834,1600605097,Python,Python (3.8.2),py,Accepted,61.0,13644.0,716,
s974152300,p02550,u899645116,1600605029,C++,C++ (GCC 9.2.1),cpp,Accepted,97.0,66668.0,2464,
s533174953,p02550,u137542041,1600604976,Python,Python (3.8.2),py,Accepted,63.0,15728.0,435,
s269529139,p02550,u312943292,1600604720,C++,C++ (GCC 9.2.1),cpp,Accepted,31.0,7140.0,1047,
s624125113,p02550,u136086822,1600604711,C++,C++ (GCC 9.2.1),cpp,Accepted,9.0,4008.0,1227,
s920935355,p02550,u679366464,1600604678,C++,C++ (GCC 9.2.1),cpp,Accepted,10.0,3632.0,992,
s909576646,p02550,u475503988,1600604643,C++,C++ (GCC 9.2.1),cpp,Accepted,6.0,3980.0,1338,
s719293274,p02550,u677523557,1600604262,Python,PyPy3 (7.3.0),py,Accepted,70.0,77848.0,687,
s963173602,p02550,u590241855,1600603974,C++,C++ (Clang 10.0.0),cpp,Accepted,28.0,5712.0,1481,
s133303384,p02550,u787576502,1600603816,C++,C++ (GCC 9.2.1),cpp,Accepted,10.0,4228.0,1627,
s787894982,p02550,u058186113,1600603805,C++,C++ (GCC 9.2.1),cpp,Accepted,7.0,4180.0,832,
s510675343,p02550,u842917248,1600603795,C++,C++ (GCC 9.2.1),cpp,Accepted,10.0,4768.0,5825,
s463825880,p02550,u774649089,1600603509,C++,C++ (GCC 9.2.1),cpp,Accepted,31.0,6712.0,4370,
s014672133,p02550,u091051505,1600603286,Python,PyPy3 (7.3.0),py,Accepted,755.0,68284.0,357,
s750586597,p02550,u535096679,1600603209,C++,C++ (GCC 9.2.1),cpp,Accepted,10.0,3708.0,1082,
s974261814,p02550,u620269708,1600603134,C++,C++ (GCC 9.2.1),cpp,Accepted,26.0,5700.0,725,
s399291525,p02550,u510749912,1600603109,C++,C++ (GCC 9.2.1),cpp,Accepted,9.0,4040.0,1123,
s993439434,p02550,u620269708,1600603045,C++,C++ (GCC 9.2.1),cpp,Accepted,18.0,5616.0,727,
s909727084,p02550,u697149593,1600603027,C++,C++ (GCC 9.2.1),cpp,Accepted,6.0,4700.0,531,
s198698560,p02550,u620269708,1600603006,C++,C++ (GCC 9.2.1),cpp,Accepted,21.0,5628.0,711,
s111301666,p02550,u303658591,1600602963,C++,C++ (GCC 9.2.1),cpp,Accepted,8.0,5184.0,804,
s077392130,p02550,u775900747,1600602834,C++,C++ (GCC 9.2.1),cpp,Accepted,19.0,5316.0,1294,
s656991961,p02550,u113971909,1600602705,Python,Python (3.8.2),py,Accepted,80.0,13116.0,682,
s273046439,p02550,u633066470,1600602692,C++,C++ (GCC 9.2.1),cpp,Accepted,8.0,4520.0,1688,
s766446255,p02550,u113971909,1600602558,Python,Python (3.8.2),py,Accepted,78.0,13312.0,636,
s539046473,p02550,u028655291,1600602294,C++,C++ (GCC 9.2.1),cpp,Accepted,37.0,7476.0,998,
s856778922,p02550,u406138190,1600601875,Python,Python (3.8.2),py,Accepted,61.0,13840.0,556,
s186529276,p02550,u406138190,1600601852,Python,Python (3.8.2),py,Accepted,59.0,13644.0,557,
s456924856,p02550,u227188449,1600601810,C++,C++ (GCC 9.2.1),cpp,Accepted,8.0,4636.0,709,
s033604523,p02550,u972591645,1600601488,Python,PyPy3 (7.3.0),py,Accepted,66.0,69488.0,350,
s060795434,p02550,u740054550,1600601465,C++,C++ (GCC 9.2.1),cpp,Accepted,89.0,82868.0,2981,
s117146919,p02550,u972591645,1600601447,Python,Python (3.8.2),py,Accepted,55.0,11956.0,350,
s080079217,p02550,u430374461,1600601307,C++,C++ (GCC 9.2.1),cpp,Accepted,8.0,3968.0,593,
s099650691,p02550,u237022500,1600601260,C++,C++ (GCC 9.2.1),cpp,Accepted,10.0,3956.0,749,
s298459584,p02550,u045575753,1600601226,C++,C++ (GCC 9.2.1),cpp,Accepted,74.0,65948.0,1007,
s833994577,p02550,u581187895,1600601221,Python,Python (3.8.2),py,Accepted,48.0,12012.0,662,
s628883344,p02550,u420190011,1600601181,C++,C++ (GCC 9.2.1),cpp,Accepted,33.0,5996.0,1588,
s707722739,p02550,u170199544,1600600878,C++,C++ (GCC 9.2.1),cpp,Accepted,6.0,4216.0,1921,
s037777499,p02550,u387371565,1600600868,C++,C++ (GCC 9.2.1),cpp,Accepted,7.0,4616.0,941,
s999934442,p02550,u398025421,1600600818,C++,C++ (GCC 9.2.1),cpp,Accepted,7.0,4384.0,1123,
s778373560,p02550,u931901821,1600600785,C++,C++ (GCC 9.2.1),cpp,Accepted,47.0,9704.0,1615,
s334401138,p02550,u366996583,1600600777,Python,PyPy3 (7.3.0),py,Accepted,756.0,69152.0,698,
s109132426,p02550,u363936720,1600600756,C++,C++ (GCC 9.2.1),cpp,Accepted,137.0,97940.0,1389,
s769101868,p02550,u442810826,1600600737,C++,C++ (GCC 9.2.1),cpp,Accepted,330.0,10260.0,5658,
s848978247,p02550,u523087093,1600600675,Python,Python (3.8.2),py,Accepted,72.0,20608.0,1068,
s449701285,p02550,u754279713,1600600640,C++,C++ (GCC 9.2.1),cpp,Accepted,16.0,5036.0,2028,
s042962315,p02550,u678167152,1600600609,Python,PyPy3 (7.3.0),py,Accepted,200.0,140248.0,475,
s991882544,p02550,u484254461,1600600204,C++,C++ (GCC 9.2.1),cpp,Accepted,9.0,4836.0,1145,
s176185146,p02550,u056358163,1600600063,Python,PyPy3 (7.3.0),py,Accepted,63.0,68564.0,408,
s546406764,p02550,u056358163,1600600037,Python,Python (3.8.2),py,Accepted,61.0,13472.0,408,
s540106691,p02550,u056358163,1600599987,Python,Python (3.8.2),py,Accepted,61.0,13632.0,436,
s653312365,p02550,u056358163,1600599860,Python,Python (3.8.2),py,Accepted,59.0,13604.0,418,
s913098689,p02550,u484254461,1600599565,C++,C++ (GCC 9.2.1),cpp,Accepted,8.0,4560.0,1142,
s682587740,p02550,u889953704,1600599538,C++,C++ (GCC 9.2.1),cpp,Accepted,7.0,4496.0,1676,
s204550132,p02550,u363020686,1600599354,C++,C++ (GCC 9.2.1),cpp,Accepted,11.0,5380.0,1564,
s115056026,p02550,u511875629,1600599323,C++,C++ (GCC 9.2.1),cpp,Accepted,30.0,5936.0,1741,
s944874669,p02550,u084949493,1600599310,C++,C++ (GCC 9.2.1),cpp,Accepted,13.0,4380.0,1675,
s910974275,p02550,u962609087,1600599287,C++,C++ (GCC 9.2.1),cpp,Accepted,141.0,104204.0,1147,
s569385305,p02550,u095266283,1600599260,Python,Python (3.8.2),py,Accepted,60.0,10716.0,6070,
s481869239,p02550,u084949493,1600599199,C++,C++ (GCC 9.2.1),cpp,Accepted,11.0,4504.0,1998,
s305899897,p02550,u693027786,1600599182,C++,C++ (GCC 9.2.1),cpp,Accepted,137.0,99472.0,1425,
s241302018,p02550,u850516963,1600599147,C++,C++ (GCC 9.2.1),cpp,Accepted,8.0,4032.0,3613,
s564258451,p02550,u731750037,1600598867,Python,PyPy3 (7.3.0),py,Accepted,79.0,81068.0,3044,
s611778015,p02550,u944325914,1600598632,Python,Python (3.8.2),py,Accepted,91.0,17324.0,612,
s665832537,p02550,u660341737,1600598597,C++,C++ (GCC 9.2.1),cpp,Accepted,6.0,3972.0,1260,
s528760881,p02550,u308463793,1600598445,C++,C++ (GCC 9.2.1),cpp,Accepted,11.0,4848.0,1664,
s211835851,p02550,u061071198,1600598429,C++,C++ (GCC 9.2.1),cpp,Accepted,84.0,57172.0,8096,
s018194949,p02550,u594983000,1600598426,Python,Python (3.8.2),py,Accepted,78.0,12228.0,1049,
s985525655,p02550,u251660744,1600597937,C++,C++ (GCC 9.2.1),cpp,Accepted,38.0,7780.0,1146,
s690123932,p02550,u388697579,1600597793,C++,C++ (GCC 9.2.1),cpp,Accepted,6.0,4316.0,1252,
s496224960,p02550,u613945234,1600597784,C++,C++ (GCC 9.2.1),cpp,Accepted,52.0,10292.0,1580,
s511344852,p02550,u393698851,1600597740,C++,C++ (GCC 9.2.1),cpp,Accepted,35.0,7196.0,1227,
s872375297,p02550,u308463793,1600597739,C++,C++ (GCC 9.2.1),cpp,Accepted,10.0,4800.0,1405,
s555434912,p02550,u136342563,1600597634,C++,C++ (GCC 9.2.1),cpp,Accepted,89.0,97388.0,1350,
s559725389,p02550,u729133443,1600597618,Python,Python (3.8.2),py,Accepted,86.0,13424.0,270,
s594222415,p02550,u696290869,1600597241,C++,C++ (GCC 9.2.1),cpp,Accepted,9.0,4756.0,1094,
s730268457,p02550,u551351897,1600597018,C++,C++ (GCC 9.2.1),cpp,Accepted,107.0,97892.0,2311,
s999571426,p02550,u782733831,1600596985,C++,C++ (GCC 9.2.1),cpp,Accepted,11.0,5452.0,2377,
s885805537,p02550,u179169725,1600596920,Python,PyPy3 (7.3.0),py,Accepted,84.0,82604.0,2763,
s250372071,p02550,u374051158,1600596732,C++,C++ (GCC 9.2.1),cpp,Accepted,13.0,4664.0,1248,
s178951184,p02550,u467285925,1600596719,C++,C++ (GCC 9.2.1),cpp,Accepted,35.0,6700.0,1189,
s729002786,p02550,u744034042,1600596233,Python,PyPy3 (7.3.0),py,Accepted,761.0,68800.0,601,
s770874204,p02550,u275797573,1600596215,C++,C++ (Clang 10.0.0),cpp,Accepted,246.0,112488.0,4192,
s543552966,p02550,u269963329,1600596178,C++,C++ (GCC 9.2.1),cpp,Accepted,142.0,97908.0,695,
s253048060,p02550,u482544950,1600596141,C++,C++ (GCC 9.2.1),cpp,Accepted,23.0,4756.0,1300,
s929980499,p02550,u370785250,1600596130,C++,C++ (GCC 9.2.1),cpp,Accepted,10.0,4684.0,2146,
s877196877,p02550,u269963329,1600596068,C++,C++ (GCC 9.2.1),cpp,Accepted,141.0,97900.0,718,
s995153470,p02550,u829416877,1600596048,Python,Python (3.8.2),py,Accepted,49.0,12260.0,349,
s799121074,p02550,u276588887,1600595842,C++,C++ (GCC 9.2.1),cpp,Accepted,12.0,3988.0,7101,
s401452758,p02550,u116523315,1600595837,C++,C++ (GCC 9.2.1),cpp,Accepted,31.0,6616.0,1269,
s938340871,p02550,u361175542,1600595609,C++,C++ (GCC 9.2.1),cpp,Accepted,8.0,4056.0,2122,
s712771430,p02550,u520276780,1600595586,Python,PyPy3 (7.3.0),py,Accepted,67.0,69632.0,529,
s087921584,p02550,u070335689,1600595477,C++,C++ (GCC 9.2.1),cpp,Accepted,7.0,4244.0,922,
s586441706,p02550,u046952850,1600595406,C++,C++ (GCC 9.2.1),cpp,Accepted,7.0,3952.0,592,
s134097704,p02550,u707975836,1600595158,C++,C++ (GCC 9.2.1),cpp,Accepted,22.0,6152.0,1477,
s930628022,p02550,u595839806,1600595122,C++,C++ (GCC 9.2.1),cpp,Accepted,362.0,5944.0,1484,
s153646003,p02550,u707975836,1600594962,C++,C++ (GCC 9.2.1),cpp,Accepted,366.0,4252.0,1425,
s220013728,p02550,u595839806,1600594953,C++,C++ (GCC 9.2.1),cpp,Accepted,365.0,6068.0,1493,
s770002231,p02550,u324549724,1600594925,C++,C++ (GCC 9.2.1),cpp,Accepted,10.0,4520.0,3832,
s770682957,p02550,u123579949,1600594920,Python,PyPy3 (7.3.0),py,Accepted,758.0,68524.0,359,
s174224811,p02550,u661764795,1600594865,Python,PyPy3 (7.3.0),py,Accepted,65.0,69920.0,418,
s442924237,p02550,u877847737,1600594778,C++,C++ (GCC 9.2.1),cpp,Accepted,7.0,4796.0,1506,
s410507383,p02550,u259578308,1600594734,C++,C++ (GCC 9.2.1),cpp,Accepted,8.0,3964.0,684,
s760730922,p02550,u537618496,1600594672,C++,C++ (GCC 9.2.1),cpp,Accepted,9.0,4232.0,886,
s233063769,p02550,u682191329,1600594671,C++,C++ (GCC 9.2.1),cpp,Accepted,6.0,4664.0,1555,
s110277575,p02550,u496396808,1600594571,C++,C++ (Clang 10.0.0),cpp,Accepted,8.0,4704.0,1033,
s649045412,p02550,u201098652,1600594395,C++,C++ (GCC 9.2.1),cpp,Accepted,7.0,3748.0,1218,
s954269572,p02550,u059727354,1600594385,C++,C++ (GCC 9.2.1),cpp,Accepted,78.0,50960.0,881,
s999063652,p02550,u447351908,1600594353,C++,C++ (GCC 9.2.1),cpp,Accepted,31.0,5944.0,1289,
s367273209,p02550,u708255304,1600594134,Python,PyPy3 (7.3.0),py,Accepted,71.0,78576.0,651,
s494677496,p02550,u004342119,1600593993,C++,C++ (GCC 9.2.1),cpp,Accepted,8.0,4788.0,1466,
s253830228,p02550,u582847048,1600593975,C++,C++ (GCC 9.2.1),cpp,Accepted,8.0,4700.0,1366,
s945129989,p02550,u298620933,1600593935,C++,C++ (GCC 9.2.1),cpp,Accepted,35.0,6772.0,1289,
s003658572,p02550,u257920432,1600593926,C++,C++ (Clang 10.0.0),cpp,Accepted,11.0,4376.0,611,
s476896954,p02550,u883323885,1600593751,C++,C++ (GCC 9.2.1),cpp,Accepted,29.0,5912.0,1365,
s368815463,p02550,u384112748,1600593606,C++,C++ (GCC 9.2.1),cpp,Accepted,8.0,4736.0,598,
s115241522,p02550,u209767598,1600593515,C++,C++ (GCC 9.2.1),cpp,Accepted,12.0,5624.0,3049,
s834306186,p02550,u045517372,1600593237,C++,C++ (GCC 9.2.1),cpp,Accepted,37.0,7440.0,708,
s594551319,p02550,u605246849,1600592793,C++,C++ (GCC 9.2.1),cpp,Accepted,400.0,3860.0,1471,
s386602475,p02550,u371149954,1600592763,C++,C++ (GCC 9.2.1),cpp,Accepted,82.0,58956.0,4073,
s712761924,p02550,u722535636,1600592595,C++,C++ (GCC 9.2.1),cpp,Accepted,59.0,58288.0,1892,
s036583190,p02550,u236127431,1600592474,C++,C++ (GCC 9.2.1),cpp,Accepted,127.0,79792.0,1863,
s090548829,p02550,u477525609,1600592462,C++,C++ (GCC 9.2.1),cpp,Accepted,34.0,7660.0,1529,
s999614193,p02550,u222668979,1600592368,Python,PyPy3 (7.3.0),py,Accepted,74.0,77344.0,350,
s547155960,p02550,u222668979,1600592286,Python,PyPy3 (7.3.0),py,Accepted,763.0,80444.0,350,
s887480650,p02550,u845000384,1600592269,C++,C++ (GCC 9.2.1),cpp,Accepted,7.0,4048.0,2784,
s563806844,p02550,u222668979,1600592254,Python,PyPy3 (7.3.0),py,Accepted,810.0,77552.0,350,
s589542041,p02550,u356701928,1600592201,C++,C++ (GCC 9.2.1),cpp,Accepted,10.0,4580.0,655,
s109908584,p02550,u347502437,1600592108,Python,Python (3.8.2),py,Accepted,64.0,11516.0,437,
s724126639,p02550,u826189900,1600592048,C++,C++ (GCC 9.2.1),cpp,Accepted,10.0,4640.0,1475,
s057504793,p02550,u735075555,1600591985,C++,C++ (GCC 9.2.1),cpp,Accepted,67.0,61048.0,2283,
s804250822,p02550,u775278230,1600591816,Python,Python (3.8.2),py,Accepted,58.0,12172.0,517,
s819136430,p02550,u487927681,1600591682,C++,C++ (GCC 9.2.1),cpp,Accepted,10.0,3936.0,809,
s088304070,p02550,u378256086,1600591647,C++,C++ (GCC 9.2.1),cpp,Accepted,11.0,4900.0,594,
s181355592,p02550,u543466827,1600591640,C++,C++ (GCC 9.2.1),cpp,Accepted,9.0,4840.0,740,
s127797757,p02550,u633967774,1600591557,C++,C++ (GCC 9.2.1),cpp,Accepted,40.0,14032.0,1102,
s203143805,p02550,u615258936,1600591416,C++,C++ (GCC 9.2.1),cpp,Accepted,9.0,4312.0,794,
s974818448,p02550,u710877960,1600591310,C++,C++ (GCC 9.2.1),cpp,Accepted,13.0,4836.0,1297,
s865802979,p02550,u633967774,1600591255,C++,C++ (GCC 9.2.1),cpp,Accepted,7.0,4836.0,824,
s367284081,p02550,u419366696,1600591162,C++,C++ (GCC 9.2.1),cpp,Accepted,9.0,5176.0,985,
s745482458,p02550,u850087201,1600591118,Python,PyPy3 (7.3.0),py,Accepted,803.0,70312.0,398,
s927262737,p02550,u371149954,1600591108,C++,C++ (GCC 9.2.1),cpp,Accepted,8.0,3972.0,4059,
s583714682,p02550,u557792847,1600590947,Python,Python (3.8.2),py,Accepted,179.0,30620.0,1134,
s125338973,p02550,u422592877,1600590900,C++,C++ (GCC 9.2.1),cpp,Accepted,7.0,5120.0,1117,
s635417394,p02550,u548778623,1600590818,C++,C++ (GCC 9.2.1),cpp,Accepted,33.0,6684.0,823,
s619550360,p02550,u141938981,1600590683,C++,C++ (GCC 9.2.1),cpp,Accepted,8.0,4584.0,1179,
s169823307,p02550,u814781830,1600590496,Python,PyPy3 (7.3.0),py,Accepted,846.0,341488.0,414,
s807174170,p02550,u541784678,1600590464,C++,C++ (GCC 9.2.1),cpp,Accepted,34.0,6680.0,1730,
s890979964,p02550,u042105122,1600590340,C++,C++ (GCC 9.2.1),cpp,Accepted,5.0,3884.0,1436,
s552917572,p02550,u408910484,1600590179,C++,C++ (Clang 10.0.0),cpp,Accepted,33.0,7788.0,4034,
s720652836,p02550,u222668979,1600589955,Python,PyPy3 (7.3.0),py,Accepted,75.0,77388.0,350,
s490221383,p02550,u223134343,1600589840,C++,C++ (GCC 9.2.1),cpp,Accepted,38.0,11972.0,2376,
s379819650,p02550,u849151695,1600589606,C++,C++ (GCC 9.2.1),cpp,Accepted,7.0,3944.0,1634,
s246908602,p02550,u363936720,1600589396,C++,C++ (GCC 9.2.1),cpp,Accepted,35.0,6372.0,1668,
s740641154,p02550,u849151695,1600589375,C++,C++ (GCC 9.2.1),cpp,Accepted,6.0,4048.0,1467,
s276690840,p02550,u666550725,1600589300,C++,C++ (GCC 9.2.1),cpp,Accepted,8.0,4704.0,541,
s178265577,p02550,u419655514,1600589247,Python,PyPy3 (7.3.0),py,Accepted,71.0,77120.0,1177,
s911055798,p02550,u810356688,1600589238,Python,Python (3.8.2),py,Accepted,91.0,13960.0,955,
s246920466,p02550,u322266296,1600589217,C++,C++ (GCC 9.2.1),cpp,Accepted,9.0,4932.0,743,
s931173262,p02550,u810356688,1600589116,Python,PyPy3 (7.3.0),py,Accepted,75.0,65692.0,955,
s580673974,p02550,u702496216,1600589081,C++,C++ (GCC 9.2.1),cpp,Accepted,8.0,4556.0,790,
s217330954,p02550,u603896142,1600588960,C++,C++ (GCC 9.2.1),cpp,Accepted,10.0,4752.0,892,
s387911910,p02550,u538125576,1600588932,C++,C++ (GCC 9.2.1),cpp,Accepted,61.0,8624.0,1502,
s227113475,p02550,u933497430,1600588897,C++,C++ (GCC 9.2.1),cpp,Accepted,315.0,3788.0,1380,
s372445194,p02550,u846743049,1600588801,C++,C++ (GCC 9.2.1),cpp,Accepted,6.0,3980.0,1148,
s988854450,p02550,u147049801,1600588719,C++,C++ (GCC 9.2.1),cpp,Accepted,10.0,4724.0,1085,
s881637221,p02550,u551351897,1600588715,C++,C++ (GCC 9.2.1),cpp,Accepted,173.0,5904.0,2849,
s014321222,p02550,u623429365,1600588269,C++,C++ (GCC 9.2.1),cpp,Accepted,9.0,4576.0,915,
s006287394,p02550,u735075555,1600587649,C++,C++ (GCC 9.2.1),cpp,Accepted,9.0,4600.0,1385,
s862735666,p02550,u392319141,1600587604,Python,Python (3.8.2),py,Accepted,53.0,12432.0,371,
s758733992,p02550,u395313349,1600587066,C++,C++ (GCC 9.2.1),cpp,Accepted,7.0,4896.0,742,
s494315933,p02550,u487927681,1600586624,C++,C++ (GCC 9.2.1),cpp,Accepted,10.0,4012.0,811,
s704541194,p02550,u238205921,1600586421,C++,C++ (GCC 9.2.1),cpp,Accepted,36.0,6684.0,1975,
s248484103,p02550,u071019032,1600586343,C++,C++ (GCC 9.2.1),cpp,Accepted,7.0,4024.0,884,
s545139265,p02550,u184572586,1600585779,C++,C++ (GCC 9.2.1),cpp,Accepted,36.0,7452.0,2413,
s587586469,p02550,u809967037,1600585643,C++,C++ (GCC 9.2.1),cpp,Accepted,87.0,75368.0,908,
s434425701,p02550,u762603420,1600585614,C++,C++ (GCC 9.2.1),cpp,Accepted,28.0,6904.0,1076,
s045482431,p02550,u927801748,1600585614,C++,C++ (GCC 9.2.1),cpp,Accepted,40.0,7088.0,1426,
s755400897,p02550,u176843436,1600585315,C++,C++ (GCC 9.2.1),cpp,Accepted,41.0,12508.0,1196,
s932026935,p02550,u986568278,1600584712,C++,C++ (GCC 9.2.1),cpp,Accepted,92.0,12944.0,2333,
s936138516,p02550,u969144502,1600584476,C++,C++ (GCC 9.2.1),cpp,Accepted,37.0,8280.0,1779,
s492386881,p02550,u174434198,1600584011,C++,C++ (GCC 9.2.1),cpp,Accepted,35.0,7228.0,884,
s878539427,p02550,u735891571,1600583889,Python,PyPy3 (7.3.0),py,Accepted,76.0,77284.0,341,
s493782257,p02550,u935984175,1600583173,Python,PyPy3 (7.3.0),py,Accepted,70.0,77468.0,696,
s382579135,p02550,u267718666,1600582587,Python,Python (3.8.2),py,Accepted,78.0,13216.0,924,
s176474471,p02550,u762603420,1600582495,C++,C++ (GCC 9.2.1),cpp,Accepted,25.0,9296.0,1487,
s453310177,p02550,u762603420,1600582225,C++,C++ (GCC 9.2.1),cpp,Accepted,27.0,7656.0,1425,
s393146809,p02550,u762603420,1600582156,C++,C++ (GCC 9.2.1),cpp,Accepted,27.0,7696.0,1440,
s689982553,p02550,u339199690,1600582021,Python,Python (3.8.2),py,Accepted,73.0,13096.0,725,
s173299862,p02550,u852243545,1600581786,C++,C++ (GCC 9.2.1),cpp,Accepted,9.0,3964.0,1203,
s814419404,p02550,u108808596,1600581695,C++,C++ (GCC 9.2.1),cpp,Accepted,36.0,6784.0,4977,
s556764711,p02550,u266433281,1600581463,C++,C++ (GCC 9.2.1),cpp,Accepted,54.0,6936.0,1760,
s942201057,p02550,u009348313,1600581241,Python,PyPy3 (7.3.0),py,Accepted,73.0,75604.0,279,
s569532141,p02550,u009348313,1600580764,Python,PyPy3 (7.3.0),py,Accepted,75.0,76240.0,355,
s738171763,p02550,u801830239,1600579790,C++,C++ (GCC 9.2.1),cpp,Accepted,10.0,4720.0,2112,
s340747735,p02550,u045289115,1600579491,C++,C++ (GCC 9.2.1),cpp,Accepted,6.0,3884.0,722,
s580150291,p02550,u902786897,1600579331,C++,C++ (GCC 9.2.1),cpp,Accepted,11.0,4868.0,16964,
s552541016,p02550,u045289115,1600579180,C++,C++ (GCC 9.2.1),cpp,Accepted,8.0,3884.0,980,
s253112215,p02550,u880337594,1600578683,C++,C++ (GCC 9.2.1),cpp,Accepted,37.0,5968.0,1362,
s927835206,p02550,u563170985,1600578520,C++,C++ (GCC 9.2.1),cpp,Accepted,9.0,4068.0,763,
s202817961,p02550,u756388720,1600578340,C++,C++ (GCC 9.2.1),cpp,Accepted,29.0,7860.0,754,
s165321081,p02550,u287742786,1600577641,Python,PyPy3 (7.3.0),py,Accepted,1815.0,76024.0,1174,
s761322708,p02550,u031312620,1600576969,C++,C++ (GCC 9.2.1),cpp,Accepted,26.0,6744.0,2057,
s229623265,p02550,u885634168,1600576954,C++,C++ (GCC 9.2.1),cpp,Accepted,35.0,6728.0,3051,
s103685490,p02550,u921940646,1600576481,C++,C++ (GCC 9.2.1),cpp,Accepted,18.0,5660.0,2635,
s077934098,p02550,u369133448,1600576297,Python,Python (3.8.2),py,Accepted,69.0,18784.0,584,
s075558356,p02550,u369133448,1600576178,Python,PyPy3 (7.3.0),py,Accepted,97.0,82800.0,584,
s901889334,p02550,u696333829,1600576120,C++,C++ (GCC 9.2.1),cpp,Accepted,9.0,4508.0,1029,
s163413463,p02550,u735321218,1600576067,C++,C++ (Clang 10.0.0),cpp,Accepted,7.0,3620.0,1162,
s274950047,p02550,u506778082,1600575998,C++,C++ (GCC 9.2.1),cpp,Accepted,20.0,6024.0,1699,
s343279838,p02550,u352230498,1600575981,C++,C++ (GCC 9.2.1),cpp,Accepted,12.0,5584.0,2852,
s151001790,p02550,u344876365,1600574668,C++,C++ (GCC 9.2.1),cpp,Accepted,36.0,6696.0,3238,
s212281804,p02550,u345966487,1600574530,C++,C++ (GCC 9.2.1),cpp,Accepted,82.0,56900.0,4188,
s555653882,p02550,u332657092,1600574144,Python,PyPy3 (7.3.0),py,Accepted,74.0,78108.0,662,
s991911069,p02550,u833220083,1600572102,C++,C++ (GCC 9.2.1),cpp,Accepted,9.0,4788.0,1571,
s469529343,p02550,u476304270,1600571695,C++,C++ (GCC 9.2.1),cpp,Accepted,38.0,16892.0,2779,
s469363949,p02550,u780811667,1600571614,C++,C++ (GCC 9.2.1),cpp,Accepted,32.0,6176.0,1416,
s994616461,p02550,u535773602,1600571507,C++,C++ (GCC 9.2.1),cpp,Accepted,8.0,4732.0,1159,
s673930779,p02550,u105005412,1600571237,C++,C++ (GCC 9.2.1),cpp,Accepted,20.0,5624.0,4554,
s240257548,p02550,u016444909,1600570953,C++,C++ (GCC 9.2.1),cpp,Accepted,6.0,4348.0,1170,
s874960570,p02550,u727473003,1600570926,C++,C++ (GCC 9.2.1),cpp,Accepted,6.0,3964.0,1693,
s057989245,p02550,u016444909,1600570823,C++,C++ (GCC 9.2.1),cpp,Accepted,10.0,4836.0,1467,
s529333361,p02550,u684901760,1600570789,C++,C++ (GCC 9.2.1),cpp,Accepted,108.0,98048.0,3781,
s473360272,p02550,u802950476,1600570781,C++,C++ (GCC 9.2.1),cpp,Accepted,6.0,3868.0,1598,
s070129782,p02550,u382759311,1600570592,C++,C++ (GCC 9.2.1),cpp,Accepted,47.0,6400.0,18506,
s919493512,p02550,u784022244,1600570578,Python,Python (3.8.2),py,Accepted,64.0,12116.0,589,
s501932309,p02550,u497753511,1600570283,C++,C++ (GCC 9.2.1),cpp,Accepted,6.0,4608.0,3945,
s710707721,p02550,u852839243,1600569688,C++,C++ (GCC 9.2.1),cpp,Accepted,33.0,6744.0,5195,
s632335417,p02550,u541419167,1600569679,C++,C++ (GCC 9.2.1),cpp,Accepted,7.0,4656.0,1353,
s547405569,p02550,u500006160,1600568746,Python,PyPy2 (7.3.0),py,Accepted,353.0,85788.0,959,
s924087725,p02550,u204158532,1600568707,C++,C++ (GCC 9.2.1),cpp,Accepted,7.0,4628.0,940,
s708666520,p02550,u107186105,1600568557,C++,C++ (GCC 9.2.1),cpp,Accepted,33.0,7104.0,935,
s865265350,p02550,u241827100,1600568540,C++,C++ (GCC 9.2.1),cpp,Accepted,12.0,5644.0,1744,
s184041824,p02550,u531248814,1600568520,C++,C++ (GCC 9.2.1),cpp,Accepted,10.0,4792.0,1651,
s518448265,p02550,u386344986,1600568502,C++,C++ (GCC 9.2.1),cpp,Accepted,31.0,7156.0,2350,
s565745190,p02550,u005006157,1600568425,C++,C++ (GCC 9.2.1),cpp,Accepted,9.0,4064.0,890,
s019734562,p02550,u590393956,1600568385,C++,C++ (GCC 9.2.1),cpp,Accepted,27.0,5884.0,1811,
s179714047,p02550,u782455492,1600568243,C++,C++ (GCC 9.2.1),cpp,Accepted,31.0,7452.0,3480,
s278082771,p02550,u692336506,1600567988,C++,C++ (GCC 9.2.1),cpp,Accepted,133.0,91596.0,1828,
s634153688,p02550,u217942651,1600567817,C++,C++ (GCC 9.2.1),cpp,Accepted,48.0,6708.0,901,
s208817361,p02550,u917282863,1600567347,C++,C++ (GCC 9.2.1),cpp,Accepted,7.0,4840.0,1294,
s569847506,p02550,u534030822,1600567218,C++,C++ (GCC 9.2.1),cpp,Accepted,51.0,8248.0,1321,
s999828704,p02550,u467785978,1600567180,C++,C++ (GCC 9.2.1),cpp,Accepted,10.0,4500.0,1308,
s335125544,p02550,u353706368,1600566954,C++,C++ (GCC 9.2.1),cpp,Accepted,6.0,3772.0,884,
s147480708,p02550,u514896542,1600566756,C++,C++ (GCC 9.2.1),cpp,Accepted,9.0,4264.0,912,
s032167449,p02550,u999788719,1600566711,C++,C++ (GCC 9.2.1),cpp,Accepted,11.0,5572.0,1657,
s971990200,p02550,u970315942,1600566685,C++,C++ (GCC 9.2.1),cpp,Accepted,8.0,3732.0,922,
s011638571,p02550,u684901760,1600566607,C++,C++ (GCC 9.2.1),cpp,Accepted,88.0,58812.0,6896,
s875022586,p02550,u579492926,1600566459,C++,C++ (GCC 9.2.1),cpp,Accepted,31.0,5824.0,998,
s883451960,p02550,u971421535,1600566216,C++,C++ (GCC 9.2.1),cpp,Accepted,34.0,6732.0,751,
s558547700,p02550,u692336506,1600566047,C++,C++ (GCC 9.2.1),cpp,Accepted,10.0,4720.0,2053,
s346207290,p02550,u692336506,1600565918,C++,C++ (GCC 9.2.1),cpp,Accepted,37.0,7660.0,2069,
s058888094,p02550,u276588887,1600565677,C++,C++ (GCC 9.2.1),cpp,Accepted,121.0,74712.0,7145,
s246732830,p02550,u060752882,1600565663,Python,Python (3.8.2),py,Accepted,59.0,17948.0,319,
s060539791,p02550,u056489112,1600565652,C++,C++ (GCC 9.2.1),cpp,Accepted,34.0,6708.0,1388,
s926913079,p02550,u458229572,1600565505,C++,C++ (GCC 9.2.1),cpp,Accepted,11.0,5308.0,1860,
s946026231,p02550,u051493691,1600565437,C++,C++ (GCC 9.2.1),cpp,Accepted,72.0,67968.0,10194,
s280431490,p02550,u006785216,1600565250,C++,C++ (GCC 9.2.1),cpp,Accepted,6.0,4764.0,2520,
s754015485,p02550,u258032299,1600564971,C++,C++ (GCC 9.2.1),cpp,Accepted,11.0,4632.0,3637,
s320606439,p02550,u936602931,1600564927,C++,C++ (GCC 9.2.1),cpp,Accepted,13.0,4756.0,1157,
s652534662,p02550,u127959355,1600564730,C++,C++ (GCC 9.2.1),cpp,Accepted,35.0,6444.0,2185,
s197966435,p02550,u165374901,1600564139,C++,C++ (GCC 9.2.1),cpp,Accepted,73.0,45020.0,845,
s667761284,p02550,u238786149,1600563939,Python,PyPy3 (7.3.0),py,Accepted,73.0,76748.0,510,
s164812450,p02550,u004403719,1600563648,C++,C++ (GCC 9.2.1),cpp,Accepted,9.0,3688.0,1927,
s155229155,p02550,u201965173,1600563637,C++,C++ (GCC 9.2.1),cpp,Accepted,61.0,74296.0,7252,
s877889519,p02550,u209457657,1600563498,C++,C++ (GCC 9.2.1),cpp,Accepted,8.0,4000.0,891,
s910055050,p02550,u045289115,1600563446,C++,C++ (GCC 9.2.1),cpp,Accepted,10.0,3908.0,705,
s683270904,p02550,u477456501,1600563315,C++,C++ (GCC 9.2.1),cpp,Accepted,34.0,6588.0,763,
s031526214,p02550,u198693633,1600563209,C++,C++ (GCC 9.2.1),cpp,Accepted,9.0,4056.0,653,
s395809412,p02550,u367701763,1600563042,Python,PyPy3 (7.3.0),py,Accepted,75.0,77860.0,1252,
s619354693,p02550,u807394250,1600562717,C++,C++ (GCC 9.2.1),cpp,Accepted,6.0,3852.0,1331,
s224657015,p02550,u363627559,1600562363,C++,C++ (GCC 9.2.1),cpp,Accepted,37.0,6760.0,1262,
s629180492,p02550,u364027015,1600562189,Python,PyPy3 (7.3.0),py,Accepted,78.0,72128.0,488,
s009355510,p02550,u569690172,1600562081,C++,C++ (GCC 9.2.1),cpp,Accepted,8.0,3960.0,1048,
s076212583,p02550,u916743460,1600561823,C++,C++ (GCC 9.2.1),cpp,Accepted,29.0,7128.0,1606,
s224913363,p02550,u350072791,1600561753,C++,C++ (GCC 9.2.1),cpp,Accepted,9.0,4300.0,1121,
s441567105,p02550,u103557284,1600561688,C++,C++ (GCC 9.2.1),cpp,Accepted,39.0,7848.0,1687,
s600014046,p02550,u021358975,1600561585,C++,C++ (GCC 9.2.1),cpp,Accepted,114.0,9652.0,1186,
s296932560,p02550,u910632349,1600561394,Python,PyPy3 (7.3.0),py,Accepted,66.0,70016.0,560,
s296353533,p02550,u128666468,1600560932,C++,C++ (GCC 9.2.1),cpp,Accepted,7.0,4124.0,968,
s972802340,p02550,u175034939,1600560803,Python,Python (3.8.2),py,Accepted,66.0,14024.0,373,
s049707057,p02550,u509739538,1600560792,Python,Python (3.8.2),py,Accepted,112.0,15748.0,807,
s523231059,p02550,u081141316,1600560699,Python,Python (3.8.2),py,Accepted,122.0,13644.0,738,
s757918637,p02550,u509739538,1600560618,Python,Python (3.8.2),py,Accepted,109.0,15576.0,775,
s746671900,p02550,u449624205,1600560536,C++,C++ (GCC 9.2.1),cpp,Accepted,9.0,4092.0,1177,
s903541014,p02550,u635993184,1600560529,C++,C++ (GCC 9.2.1),cpp,Accepted,78.0,9856.0,1352,
s692285210,p02550,u279493135,1600560359,Python,Python (3.8.2),py,Accepted,60.0,13328.0,1167,
s068928133,p02550,u072717685,1600560294,Python,PyPy3 (7.3.0),py,Accepted,79.0,77860.0,756,
s485709453,p02550,u603303736,1600560058,C++,C++ (GCC 9.2.1),cpp,Accepted,178.0,57828.0,5882,
s117666733,p02550,u601444374,1600560052,C++,C++ (GCC 9.2.1),cpp,Accepted,69.0,67672.0,1446,
s094497236,p02550,u095453583,1600559996,C++,C++ (GCC 9.2.1),cpp,Accepted,83.0,9796.0,1323,
s008261954,p02550,u674552629,1600559991,C++,C++ (GCC 9.2.1),cpp,Accepted,6.0,4384.0,1155,
s783309275,p02550,u751468134,1600559919,C++,C++ (GCC 9.2.1),cpp,Accepted,67.0,43448.0,2627,
s728395754,p02550,u094155508,1600559817,C++,C++ (Clang 10.0.0),cpp,Accepted,84.0,58624.0,828,
s925711703,p02550,u571152872,1600559739,C++,C++ (GCC 9.2.1),cpp,Accepted,5.0,2084.0,1063,
s493949569,p02550,u006880673,1600559641,Python,PyPy3 (7.3.0),py,Accepted,65.0,67720.0,916,
s651546465,p02550,u094155508,1600559595,C++,C++ (Clang 10.0.0),cpp,Accepted,84.0,58548.0,805,
s881979718,p02550,u866535689,1600559574,C++,C++ (GCC 9.2.1),cpp,Accepted,9.0,4644.0,947,
s039950200,p02550,u571152872,1600559409,C++,C++ (GCC 9.2.1),cpp,Accepted,7.0,2040.0,1069,
s456509172,p02550,u628597699,1600559403,C++,C++ (GCC 9.2.1),cpp,Accepted,10.0,4052.0,1589,
s411434845,p02550,u539969758,1600559367,Python,Python (3.8.2),py,Accepted,64.0,15828.0,593,
s473363991,p02550,u095453583,1600559250,C++,C++ (GCC 9.2.1),cpp,Accepted,140.0,19196.0,1622,
s985193085,p02550,u006785216,1600559178,C++,C++ (GCC 9.2.1),cpp,Accepted,31.0,7112.0,2526,
s813658169,p02550,u571152872,1600559175,C++,C++ (GCC 9.2.1),cpp,Accepted,9.0,2044.0,1173,
s315758754,p02550,u503221936,1600559158,C++,C++ (GCC 9.2.1),cpp,Accepted,33.0,5908.0,1171,
s306573667,p02550,u347640436,1600559141,Python,Python (3.8.2),py,Accepted,51.0,12056.0,426,
s819659774,p02550,u057079894,1600559104,C++,C++ (GCC 9.2.1),cpp,Accepted,15.0,4048.0,2304,
s724144092,p02550,u590995678,1600559004,C++,C++ (GCC 9.2.1),cpp,Accepted,10.0,4620.0,1120,
s963933527,p02550,u006785216,1600558965,C++,C++ (GCC 9.2.1),cpp,Accepted,16.0,6108.0,2533,
s470106613,p02550,u548962258,1600558854,C++,C++ (GCC 9.2.1),cpp,Accepted,418.0,3900.0,1213,
s292651629,p02550,u347640436,1600558848,Python,Python (3.8.2),py,Accepted,48.0,12060.0,363,
s689949605,p02550,u197588574,1600558694,C++,C++ (GCC 9.2.1),cpp,Accepted,9.0,4232.0,1027,
s586766525,p02550,u246366098,1600558624,C++,C++ (GCC 9.2.1),cpp,Accepted,9.0,4700.0,574,
s557732088,p02550,u590995678,1600558562,C++,C++ (GCC 9.2.1),cpp,Accepted,14.0,4692.0,1077,
s147223310,p02550,u148981246,1600558554,Python,Python (3.8.2),py,Accepted,63.0,17412.0,824,
s106478907,p02550,u869538549,1600558360,C++,C++ (GCC 9.2.1),cpp,Accepted,5.0,3720.0,829,
s470390558,p02550,u562935282,1600558309,C++,C++ (GCC 9.2.1),cpp,Accepted,8.0,4604.0,926,
s945925154,p02550,u714564133,1600558305,C++,C++ (GCC 9.2.1),cpp,Accepted,10.0,4500.0,1118,
s181147097,p02550,u160347785,1600558243,C++,C++ (GCC 9.2.1),cpp,Accepted,8.0,3624.0,1093,
s942207037,p02550,u335406314,1600558155,Python,Python (3.8.2),py,Accepted,59.0,13196.0,468,
s062546527,p02550,u550014122,1600558144,C++,C++ (GCC 9.2.1),cpp,Accepted,6.0,3752.0,1100,
s378814460,p02550,u760961723,1600558057,Python,PyPy3 (7.3.0),py,Accepted,765.0,71576.0,1112,
s543008915,p02550,u189806337,1600558056,Python,Python (3.8.2),py,Accepted,56.0,12268.0,378,
s548613398,p02550,u432453907,1600558020,Python,Python (3.8.2),py,Accepted,58.0,14048.0,405,
s457625241,p02550,u196254124,1600558016,C++,C++ (GCC 9.2.1),cpp,Accepted,47.0,6728.0,808,
s539181438,p02550,u068765697,1600557909,C++,C++ (GCC 9.2.1),cpp,Accepted,19.0,5604.0,836,
s620879617,p02550,u019685451,1600557862,Python,PyPy3 (7.3.0),py,Accepted,67.0,69492.0,664,
s071011962,p02550,u021358975,1600557687,C++,C++ (GCC 9.2.1),cpp,Accepted,108.0,9596.0,1392,
s936696995,p02550,u366381207,1600557593,C++,C++ (GCC 9.2.1),cpp,Accepted,9.0,4792.0,3415,
s637821222,p02550,u226065754,1600557556,C++,C++ (GCC 9.2.1),cpp,Accepted,13.0,3700.0,2211,
s889882302,p02550,u724392439,1600557525,C++,C++ (GCC 9.2.1),cpp,Accepted,1644.0,6380.0,1979,
s150700398,p02550,u366381207,1600557500,C++,C++ (GCC 9.2.1),cpp,Accepted,17.0,4708.0,3415,
s626499136,p02550,u019685451,1600557488,Python,PyPy3 (7.3.0),py,Accepted,66.0,69412.0,601,
s615899586,p02550,u714564133,1600557455,C++,C++ (GCC 9.2.1),cpp,Accepted,34.0,7156.0,1143,
s776139801,p02550,u671257784,1600557429,C++,C++ (GCC 9.2.1),cpp,Accepted,93.0,60380.0,940,
s478600661,p02550,u757628628,1600557412,C++,C++ (GCC 9.2.1),cpp,Accepted,8.0,4808.0,2208,
s383111766,p02550,u671257784,1600557409,C++,C++ (GCC 9.2.1),cpp,Accepted,97.0,60376.0,910,
s360602289,p02550,u917001492,1600557345,C++,C++ (GCC 9.2.1),cpp,Accepted,15.0,6796.0,1118,
s909370409,p02550,u908480366,1600557317,C++,C++ (GCC 9.2.1),cpp,Accepted,38.0,6664.0,3134,
s600991992,p02550,u367701763,1600557264,Python,PyPy3 (7.3.0),py,Accepted,84.0,75052.0,1373,
s240036159,p02550,u603991349,1600557016,C++,C++ (GCC 9.2.1),cpp,Accepted,36.0,10540.0,1661,
s384002804,p02550,u637142716,1600556957,C++,C++ (GCC 9.2.1),cpp,Accepted,49.0,6608.0,2317,
s320327037,p02550,u159723084,1600556733,Python,Python (3.8.2),py,Accepted,55.0,12152.0,415,
s794434020,p02550,u780122303,1600556647,C++,C++ (GCC 9.2.1),cpp,Accepted,14.0,4824.0,1452,
s072099031,p02550,u426649993,1600556625,Python,Python (3.8.2),py,Accepted,59.0,13236.0,898,
s436062354,p02550,u911856499,1600556572,Python,Python (3.8.2),py,Accepted,88.0,17948.0,768,
s480420818,p02550,u019685451,1600556455,Python,PyPy3 (7.3.0),py,Accepted,190.0,129872.0,905,
s831429226,p02550,u362295543,1600556431,C++,C++ (GCC 9.2.1),cpp,Accepted,10.0,4512.0,870,
s132412703,p02550,u531461815,1600556393,C++,C++ (GCC 9.2.1),cpp,Accepted,36.0,6988.0,2007,
s935160342,p02550,u560390257,1600556388,C++,C++ (GCC 9.2.1),cpp,Accepted,33.0,7068.0,784,
s009118331,p02550,u399556431,1600556375,C++,C++ (GCC 9.2.1),cpp,Accepted,10.0,4812.0,1273,
s069815189,p02550,u596505843,1600556319,Python,PyPy3 (7.3.0),py,Accepted,85.0,76120.0,925,
s193266344,p02550,u728513189,1600556314,C++,C++ (GCC 9.2.1),cpp,Accepted,11.0,4428.0,957,
s417892644,p02550,u671257784,1600556211,C++,C++ (GCC 9.2.1),cpp,Accepted,90.0,60400.0,912,
s759581039,p02550,u488493347,1600556164,C++,C++ (GCC 9.2.1),cpp,Accepted,11.0,4716.0,1633,
s706606330,p02550,u408861977,1600556154,C++,C++ (GCC 9.2.1),cpp,Accepted,9.0,3824.0,965,
s319020630,p02550,u202560873,1600556091,Python,Python (3.8.2),py,Accepted,79.0,21304.0,506,
s742978683,p02550,u469254913,1600556062,Python,Python (3.8.2),py,Accepted,1549.0,123328.0,1731,
s573890253,p02550,u849445992,1600556044,C++,C++ (GCC 9.2.1),cpp,Accepted,6.0,4828.0,791,
s936614944,p02550,u514390882,1600555973,Python,PyPy3 (7.3.0),py,Accepted,70.0,69736.0,444,
s338967956,p02550,u651317892,1600555763,C++,C++ (GCC 9.2.1),cpp,Accepted,9.0,4368.0,626,
s999216555,p02550,u416011173,1600555736,Python,Python (3.8.2),py,Accepted,55.0,13216.0,1261,
s664691548,p02550,u488493347,1600555494,C++,C++ (GCC 9.2.1),cpp,Accepted,10.0,4764.0,1630,
s563356100,p02550,u918601425,1600555478,Python,Python (3.8.2),py,Accepted,62.0,14056.0,453,
s081501227,p02550,u465478140,1600555454,C++,C++ (GCC 9.2.1),cpp,Accepted,35.0,5892.0,1078,
s370596038,p02550,u238205921,1600555444,C++,C++ (GCC 9.2.1),cpp,Accepted,37.0,6740.0,1953,
s890902709,p02550,u835534008,1600555379,C++,C++ (GCC 9.2.1),cpp,Accepted,31.0,5996.0,837,
s971348100,p02550,u432688695,1600555353,C++,C++ (GCC 9.2.1),cpp,Accepted,45.0,10348.0,6107,
s249522554,p02550,u543167400,1600555301,C++,C++ (GCC 9.2.1),cpp,Accepted,7.0,3916.0,2753,
s756657052,p02550,u416011173,1600555289,Python,Python (3.8.2),py,Accepted,60.0,13116.0,525,
s222061420,p02550,u432688695,1600555151,C++,C++ (GCC 9.2.1),cpp,Accepted,42.0,10324.0,6057,
s074708794,p02550,u618697411,1600555088,C++,C++ (GCC 9.2.1),cpp,Accepted,12.0,4848.0,670,
s441206175,p02550,u651317892,1600555039,C++,C++ (GCC 9.2.1),cpp,Accepted,10.0,4368.0,609,
s864440639,p02550,u628285938,1600554989,Python,Python (3.8.2),py,Accepted,79.0,21288.0,1645,
s953930637,p02550,u756464404,1600554983,Python,PyPy3 (7.3.0),py,Accepted,70.0,69900.0,493,
s388714509,p02550,u287813289,1600554977,C++,C++ (GCC 9.2.1),cpp,Accepted,6.0,3656.0,1141,
s790662110,p02550,u628285938,1600554972,Python,Python (3.8.2),py,Accepted,75.0,21504.0,1645,
s696304784,p02550,u493750228,1600554968,C++,C++ (GCC 9.2.1),cpp,Accepted,97.0,66624.0,7971,
s654939726,p02550,u075775814,1600554926,C++,C++ (GCC 9.2.1),cpp,Accepted,8.0,4264.0,621,
s532475169,p02550,u138886316,1600554920,C++,C++ (GCC 9.2.1),cpp,Accepted,34.0,5820.0,1425,
s809570213,p02550,u160347785,1600554873,C++,C++ (GCC 9.2.1),cpp,Accepted,13.0,7228.0,1087,
s786140662,p02550,u366398972,1600554866,C++,C++ (GCC 9.2.1),cpp,Accepted,110.0,67632.0,1032,
s178204775,p02550,u169350228,1600554837,Python,PyPy3 (7.3.0),py,Accepted,89.0,72476.0,997,
s761729859,p02550,u606045429,1600554835,Python,Python (3.8.2),py,Accepted,64.0,15704.0,439,
s140770680,p02550,u298768617,1600554818,C++,C++ (GCC 9.2.1),cpp,Accepted,35.0,7536.0,726,
s189783480,p02550,u918753189,1600554793,C++,C++ (GCC 9.2.1),cpp,Accepted,97.0,98944.0,570,
s290167891,p02550,u451748673,1600554773,C++,C++ (GCC 9.2.1),cpp,Accepted,10.0,4744.0,2022,
s916791632,p02550,u298768617,1600554767,C++,C++ (GCC 9.2.1),cpp,Accepted,36.0,7448.0,816,
s635545798,p02550,u858107870,1600554622,C++,C++ (GCC 9.2.1),cpp,Accepted,23.0,6080.0,1007,
s531132741,p02550,u858107870,1600554578,C++,C++ (GCC 9.2.1),cpp,Accepted,44.0,6688.0,997,
s315166870,p02550,u480168496,1600554537,C++,C++ (GCC 9.2.1),cpp,Accepted,10.0,3992.0,773,
s394699755,p02550,u607075479,1600554522,Python,Python (3.8.2),py,Accepted,59.0,16380.0,1110,
s698139726,p02550,u858107870,1600554407,C++,C++ (GCC 9.2.1),cpp,Accepted,39.0,7260.0,1167,
s741550363,p02550,u422506696,1600554403,C++,C++ (GCC 9.2.1),cpp,Accepted,11.0,4652.0,952,
s903768246,p02550,u680192268,1600554338,C++,C++ (Clang 10.0.0),cpp,Accepted,11.0,4464.0,798,
s636375310,p02550,u923105140,1600554319,C++,C++ (GCC 9.2.1),cpp,Accepted,30.0,5920.0,792,
s541408927,p02550,u354862173,1600554274,Python,PyPy3 (7.3.0),py,Accepted,809.0,71276.0,1356,
s400049725,p02550,u581022379,1600554264,Python,Python (3.8.2),py,Accepted,63.0,13328.0,477,
s153422852,p02550,u628285938,1600554255,Python,Python (3.8.2),py,Accepted,73.0,21104.0,899,
s942828930,p02550,u418879326,1600554221,C++,C++ (GCC 9.2.1),cpp,Accepted,34.0,6244.0,1735,
s615267171,p02550,u144913062,1600554166,Python,PyPy3 (7.3.0),py,Accepted,336.0,172260.0,461,
s365520508,p02550,u452364593,1600554166,C++,C++ (GCC 9.2.1),cpp,Accepted,8.0,3588.0,752,
s764597601,p02550,u418879326,1600554129,C++,C++ (GCC 9.2.1),cpp,Accepted,29.0,6268.0,1723,
s795768627,p02550,u628285938,1600554124,Python,Python (3.8.2),py,Accepted,61.0,13940.0,574,
s798497642,p02550,u411203878,1600554114,Python,PyPy3 (7.3.0),py,Accepted,86.0,86068.0,748,
s520190309,p02550,u858107870,1600554074,C++,C++ (GCC 9.2.1),cpp,Accepted,46.0,6728.0,967,
s651834366,p02550,u338791285,1600554055,C++,C++ (GCC 9.2.1),cpp,Accepted,6.0,3844.0,1613,
s636228985,p02550,u452364593,1600554050,C++,C++ (GCC 9.2.1),cpp,Accepted,7.0,3640.0,762,
s134197851,p02550,u075775814,1600553994,C++,C++ (GCC 9.2.1),cpp,Accepted,7.0,3960.0,651,
s311254150,p02550,u628871447,1600553978,C++,C++ (GCC 9.2.1),cpp,Accepted,12.0,5560.0,1312,
s072774357,p02550,u054475353,1600553929,C++,C++ (GCC 9.2.1),cpp,Accepted,6.0,3976.0,847,
s976334927,p02550,u452364593,1600553920,C++,C++ (GCC 9.2.1),cpp,Accepted,5.0,3560.0,800,
s775671595,p02550,u205655980,1600553919,C++,C++ (GCC 9.2.1),cpp,Accepted,245.0,97356.0,732,
s912435477,p02550,u457283867,1600553899,C++,C++ (GCC 9.2.1),cpp,Accepted,9.0,3960.0,652,
s793601013,p02550,u054475353,1600553861,C++,C++ (GCC 9.2.1),cpp,Accepted,7.0,3924.0,902,
s063360594,p02550,u593761424,1600553727,C++,C++ (GCC 9.2.1),cpp,Accepted,39.0,8384.0,1547,
s380955929,p02550,u285681431,1600553677,Python,PyPy3 (7.3.0),py,Accepted,85.0,85652.0,712,
s124731542,p02550,u289545075,1600553614,C++,C++ (GCC 9.2.1),cpp,Accepted,8.0,4516.0,938,
s368677195,p02550,u805332733,1600553584,Python,PyPy3 (7.3.0),py,Accepted,70.0,72300.0,693,
s509138965,p02550,u168684371,1600553584,C++,C++ (GCC 9.2.1),cpp,Accepted,37.0,7164.0,1798,
s915594563,p02550,u052435908,1600553579,C++,C++ (GCC 9.2.1),cpp,Accepted,11.0,4712.0,950,
s145575422,p02550,u446795710,1600553526,C++,C++ (GCC 9.2.1),cpp,Accepted,192.0,57820.0,859,
s598299717,p02550,u635731706,1600553504,C++,C++ (GCC 9.2.1),cpp,Accepted,7.0,4764.0,842,
s753898237,p02550,u411203878,1600553490,Python,PyPy3 (7.3.0),py,Accepted,83.0,90136.0,623,
s080160263,p02550,u952467214,1600553482,Python,PyPy3 (7.3.0),py,Accepted,75.0,76956.0,508,
s717724819,p02550,u299876072,1600553462,C++,C++ (GCC 9.2.1),cpp,Accepted,37.0,6148.0,2340,
s961162647,p02550,u038529392,1600553396,C++,C++ (GCC 9.2.1),cpp,Accepted,15.0,4716.0,1096,
s265979324,p02550,u257900169,1600553382,C++,C++ (GCC 9.2.1),cpp,Accepted,9.0,3604.0,1084,
s477687369,p02550,u651109406,1600553359,Python,PyPy3 (7.3.0),py,Accepted,757.0,67564.0,378,
s045106895,p02550,u820262277,1600553354,C++,C++ (GCC 9.2.1),cpp,Accepted,11.0,5444.0,8066,
s165156763,p02550,u054475353,1600553352,C++,C++ (GCC 9.2.1),cpp,Accepted,7.0,3852.0,1008,
s965550591,p02550,u593761424,1600553339,Python,Python (3.8.2),py,Accepted,68.0,15528.0,857,
s746369307,p02550,u185413585,1600553262,C++,C++ (GCC 9.2.1),cpp,Accepted,29.0,5884.0,1372,
s541023204,p02550,u171336585,1600553220,C++,C++ (GCC 9.2.1),cpp,Accepted,36.0,5944.0,809,
s993922583,p02550,u935511247,1600553208,Python,Python (3.8.2),py,Accepted,59.0,13532.0,688,
s420912509,p02550,u607229598,1600553182,C++,C++ (GCC 9.2.1),cpp,Accepted,9.0,4676.0,77198,
s955734316,p02550,u845356047,1600553174,C++,C++ (GCC 9.2.1),cpp,Accepted,31.0,6680.0,2813,
s410639655,p02550,u306033313,1600553153,Python,Python (3.8.2),py,Accepted,65.0,13680.0,492,
s615106917,p02550,u858107870,1600553133,C++,C++ (GCC 9.2.1),cpp,Accepted,8.0,4716.0,966,
s599112204,p02550,u630554891,1600553096,Python,Python (3.8.2),py,Accepted,54.0,12172.0,387,
s090347086,p02550,u645018082,1600553043,C++,C++ (GCC 9.2.1),cpp,Accepted,11.0,4756.0,1104,
s804553824,p02550,u285681431,1600553033,Python,PyPy3 (7.3.0),py,Accepted,92.0,91324.0,603,
s442259989,p02550,u630554891,1600553020,Python,Python (3.8.2),py,Accepted,60.0,12360.0,421,
s523772658,p02550,u572665222,1600553013,C++,C++ (GCC 9.2.1),cpp,Accepted,47.0,6612.0,1905,
s315290291,p02550,u604266742,1600552969,C++,C++ (Clang 10.0.0),cpp,Accepted,403.0,3380.0,889,
s454836973,p02550,u536017058,1600552955,Python,PyPy3 (7.3.0),py,Accepted,755.0,67820.0,329,
s989388369,p02550,u054475353,1600552924,C++,C++ (GCC 9.2.1),cpp,Accepted,9.0,3932.0,866,
s907897189,p02550,u491100219,1600552923,C++,C++ (GCC 9.2.1),cpp,Accepted,38.0,6632.0,1043,
s675667943,p02550,u143565147,1600552848,Python,Python (3.8.2),py,Accepted,66.0,17456.0,488,
s383484413,p02550,u007194916,1600552780,C++,C++ (GCC 9.2.1),cpp,Accepted,39.0,5920.0,2610,
s890655452,p02550,u858107870,1600552719,C++,C++ (GCC 9.2.1),cpp,Accepted,10.0,4756.0,998,
s697129839,p02550,u882098164,1600552666,C++,C++ (GCC 9.2.1),cpp,Accepted,11.0,4016.0,656,
s340916271,p02550,u261538386,1600552617,C++,C++ (GCC 9.2.1),cpp,Accepted,31.0,5932.0,2541,
s443304168,p02550,u204536668,1600552553,C++,C++ (GCC 9.2.1),cpp,Accepted,160.0,100932.0,908,
s718608750,p02550,u988402778,1600552518,Python,PyPy3 (7.3.0),py,Accepted,1005.0,74432.0,26868,
s715134216,p02550,u633451629,1600552488,C++,C++ (GCC 9.2.1),cpp,Accepted,35.0,6780.0,1182,
s013042536,p02550,u734876600,1600552487,Python,Python (3.8.2),py,Accepted,61.0,12460.0,462,
s460710587,p02550,u688219499,1600552452,Python,PyPy3 (7.3.0),py,Accepted,82.0,73664.0,632,
s853360078,p02550,u997641430,1600552389,Python,Python (3.8.2),py,Accepted,145.0,16448.0,328,
s059999208,p02550,u197955752,1600552364,Python,Python (3.8.2),py,Accepted,67.0,17100.0,738,
s791305839,p02550,u546577843,1600552289,C++,C++ (GCC 9.2.1),cpp,Accepted,35.0,6764.0,740,
s552743853,p02550,u684814987,1600552262,Python,Python (3.8.2),py,Accepted,53.0,13496.0,665,
s536559584,p02550,u925478083,1600552254,C++,C++ (GCC 9.2.1),cpp,Accepted,52.0,6708.0,3205,
s420028433,p02550,u207137484,1600552242,Python,PyPy3 (7.3.0),py,Accepted,78.0,77652.0,527,
s714293481,p02550,u862095327,1600552230,C++,C++ (GCC 9.2.1),cpp,Accepted,9.0,4776.0,1787,
s690625260,p02550,u395620499,1600552161,C++,C++ (GCC 9.2.1),cpp,Accepted,10.0,4008.0,1723,
s227552888,p02550,u809687368,1600552103,C++,C++ (GCC 9.2.1),cpp,Accepted,7.0,4768.0,1302,
s098785191,p02550,u423624748,1600552069,C++,C++ (GCC 9.2.1),cpp,Accepted,43.0,5720.0,629,
s987520203,p02550,u145950990,1600552066,Python,PyPy3 (7.3.0),py,Accepted,810.0,77644.0,310,
s373531473,p02550,u446795710,1600552053,C++,C++ (GCC 9.2.1),cpp,Accepted,244.0,73460.0,855,
s957608772,p02550,u590057656,1600552031,C++,C++ (GCC 9.2.1),cpp,Accepted,36.0,6708.0,1931,
s990461861,p02550,u689854580,1600552024,C++,C++ (GCC 9.2.1),cpp,Accepted,389.0,3748.0,2869,
s588253083,p02550,u590057656,1600551998,C++,C++ (GCC 9.2.1),cpp,Accepted,33.0,6708.0,1931,
s056902283,p02550,u613257416,1600551965,C++,C++ (GCC 9.2.1),cpp,Accepted,754.0,3760.0,1305,
s352222758,p02550,u010004797,1600551930,C++,C++ (GCC 9.2.1),cpp,Accepted,7.0,4772.0,1901,
s484207910,p02550,u326609687,1600551887,Python,Python (3.8.2),py,Accepted,163.0,28260.0,745,
s084156812,p02550,u738898077,1600551878,Python,PyPy3 (7.3.0),py,Accepted,66.0,66676.0,822,
s617538411,p02550,u991567869,1600551860,Python,PyPy3 (7.3.0),py,Accepted,793.0,69196.0,466,
s833597287,p02550,u540877546,1600551824,Python,PyPy3 (7.3.0),py,Accepted,85.0,77956.0,741,
s456303919,p02550,u480938608,1600551731,C++,C++ (GCC 9.2.1),cpp,Accepted,39.0,6744.0,939,
s374763866,p02550,u136342563,1600551663,C++,C++ (GCC 9.2.1),cpp,Accepted,41.0,6580.0,1666,
s676105789,p02550,u903082918,1600551642,Python,Python (3.8.2),py,Accepted,50.0,14592.0,1032,
s043571917,p02550,u539145601,1600551613,C++,C++ (GCC 9.2.1),cpp,Accepted,20.0,6880.0,1841,
s126421930,p02550,u702906718,1600551611,C++,C++ (GCC 9.2.1),cpp,Accepted,13.0,4832.0,981,
s146512559,p02550,u279460955,1600551604,Python,PyPy3 (7.3.0),py,Accepted,80.0,77088.0,399,
s700649895,p02550,u033937898,1600551575,C++,C++ (GCC 9.2.1),cpp,Accepted,6.0,4204.0,1061,
s667279828,p02550,u429488042,1600551534,C++,C++ (GCC 9.2.1),cpp,Accepted,8.0,4112.0,699,
s689136567,p02550,u529089914,1600551519,C++,C++ (GCC 9.2.1),cpp,Accepted,36.0,10820.0,983,
s800049362,p02550,u660341491,1600551511,C++,C++ (GCC 9.2.1),cpp,Accepted,11.0,4284.0,914,
s539213162,p02550,u812973725,1600551466,C++,C++ (GCC 9.2.1),cpp,Accepted,107.0,103232.0,1836,
s405583339,p02550,u568652083,1600551381,C++,C++ (GCC 9.2.1),cpp,Accepted,9.0,4712.0,4992,
s787796402,p02550,u339419997,1600551365,C++,C++ (Clang 10.0.0),cpp,Accepted,9.0,3920.0,5144,
s498157384,p02550,u459798349,1600551364,Python,PyPy3 (7.3.0),py,Accepted,82.0,73692.0,686,
s435291646,p02550,u687044304,1600551342,Python,Python (3.8.2),py,Accepted,89.0,18884.0,1427,
s058458852,p02550,u391589398,1600551312,Python,PyPy3 (7.3.0),py,Accepted,801.0,67788.0,442,
s531744129,p02550,u960080897,1600551311,Python,Python (3.8.2),py,Accepted,46.0,13132.0,1381,
s045407175,p02550,u075296067,1600551305,C++,C++ (GCC 9.2.1),cpp,Accepted,8.0,4228.0,1391,
s642274289,p02550,u962828383,1600551298,C++,C++ (GCC 9.2.1),cpp,Accepted,32.0,5972.0,1062,
s858204470,p02550,u854524560,1600551295,Python,Python (3.8.2),py,Accepted,62.0,13132.0,358,
s616745782,p02550,u145231176,1600551265,Python,PyPy3 (7.3.0),py,Accepted,99.0,82452.0,1397,
s831466044,p02550,u811817592,1600551264,Python,Python (3.8.2),py,Accepted,62.0,12172.0,402,
s137952525,p02550,u121734488,1600551252,C++,C++ (GCC 9.2.1),cpp,Accepted,649.0,3680.0,2320,
s934743670,p02550,u419126561,1600551233,C++,C++ (GCC 9.2.1),cpp,Accepted,36.0,6720.0,1982,
s279406823,p02550,u935558307,1600551224,Python,PyPy3 (7.3.0),py,Accepted,82.0,80000.0,780,
s609193410,p02550,u852862907,1600551221,C++,C++ (GCC 9.2.1),cpp,Accepted,40.0,5964.0,4478,
s533318289,p02550,u570770016,1600551210,C++,C++ (GCC 9.2.1),cpp,Accepted,33.0,5992.0,662,
s524080567,p02550,u481187938,1600551165,Python,Python (3.8.2),py,Accepted,69.0,14508.0,3588,
s095843374,p02550,u616090453,1600551162,C++,C++ (GCC 9.2.1),cpp,Accepted,12.0,4672.0,1582,
s672092982,p02550,u408888328,1600551145,C++,C++ (GCC 9.2.1),cpp,Accepted,11.0,4236.0,661,
s124027890,p02550,u743383679,1600551067,Python,Python (3.8.2),py,Accepted,85.0,12144.0,771,
s519089736,p02550,u944871006,1600551031,C++,C++ (GCC 9.2.1),cpp,Accepted,23.0,5676.0,1090,
s663260207,p02550,u549346094,1600551022,C++,C++ (GCC 9.2.1),cpp,Accepted,45.0,7444.0,1532,
s848242332,p02550,u364693468,1600551017,Python,PyPy3 (7.3.0),py,Accepted,137.0,72164.0,1192,
s013318311,p02550,u607155447,1600550985,Python,Python (3.8.2),py,Accepted,56.0,12172.0,421,
s780825285,p02550,u640323045,1600550971,C++,C++ (GCC 9.2.1),cpp,Accepted,41.0,14872.0,1699,
s894541283,p02550,u780122303,1600550965,C++,C++ (GCC 9.2.1),cpp,Accepted,178.0,58220.0,1396,
s190063321,p02550,u168579419,1600550939,C++,C++ (GCC 9.2.1),cpp,Accepted,44.0,7940.0,920,
s008696017,p02550,u344655022,1600550831,Python,PyPy3 (7.3.0),py,Accepted,795.0,68348.0,612,
s082752032,p02550,u811817592,1600550825,Python,Python (3.8.2),py,Accepted,66.0,12480.0,811,
s918186694,p02550,u913016812,1600550803,C++,C++ (GCC 9.2.1),cpp,Accepted,37.0,8244.0,1327,
s327933568,p02550,u593761424,1600550800,Python,Python (3.8.2),py,Accepted,62.0,16044.0,777,
s441483560,p02550,u508486691,1600550799,Python,PyPy3 (7.3.0),py,Accepted,94.0,75648.0,1642,
s265861809,p02550,u314008046,1600550767,C++,C++ (GCC 9.2.1),cpp,Accepted,7.0,3636.0,1547,
s044473147,p02550,u232401988,1600550717,C++,C++ (GCC 9.2.1),cpp,Accepted,11.0,3604.0,1391,
s300607920,p02550,u759159388,1600550705,C++,C++ (GCC 9.2.1),cpp,Accepted,38.0,6012.0,752,
s578152054,p02550,u645487439,1600550699,Python,Python (3.8.2),py,Accepted,85.0,12184.0,498,
s449039863,p02550,u373958718,1600550694,C++,C++ (GCC 9.2.1),cpp,Accepted,30.0,6656.0,6750,
s500641615,p02550,u722535636,1600550672,C++,C++ (GCC 9.2.1),cpp,Accepted,10.0,3964.0,2017,
s347467973,p02550,u790272146,1600550665,C++,C++ (GCC 9.2.1),cpp,Accepted,23.0,5620.0,852,
s713850808,p02550,u889915625,1600550655,C++,C++ (GCC 9.2.1),cpp,Accepted,52.0,13948.0,3496,
s728536107,p02550,u579152247,1600550653,C++,C++ (GCC 9.2.1),cpp,Accepted,245.0,73412.0,2974,
s511446907,p02550,u644516473,1600550640,Python,PyPy3 (7.3.0),py,Accepted,187.0,119236.0,444,
s454858618,p02550,u512664840,1600550577,C++,C++ (GCC 9.2.1),cpp,Accepted,15.0,4836.0,819,
s905217584,p02550,u944871006,1600550548,C++,C++ (GCC 9.2.1),cpp,Accepted,21.0,5632.0,1223,
s379189614,p02550,u297574184,1600550482,Python,Python (3.8.2),py,Accepted,50.0,13932.0,683,
s683287209,p02550,u505122009,1600550479,C++,C++ (GCC 9.2.1),cpp,Accepted,132.0,69768.0,4526,
s166452748,p02550,u922449550,1600550462,Python,Python (3.8.2),py,Accepted,61.0,13164.0,343,
s594238588,p02550,u423479174,1600550455,C++,C++ (GCC 9.2.1),cpp,Accepted,8.0,3772.0,2257,
s330562902,p02550,u119148115,1600550442,Python,PyPy3 (7.3.0),py,Accepted,73.0,71192.0,568,
s562807574,p02550,u357265888,1600550436,C++,C++ (GCC 9.2.1),cpp,Accepted,8.0,3956.0,58895,
s111591819,p02550,u648881683,1600550423,Python,Python (3.8.2),py,Accepted,100.0,17692.0,1147,
s493196985,p02550,u924909009,1600550411,C++,C++ (GCC 9.2.1),cpp,Accepted,45.0,5332.0,1433,
s453750178,p02550,u723394740,1600550398,C++,C++ (GCC 9.2.1),cpp,Accepted,16.0,5444.0,1219,
s386790174,p02550,u167555569,1600550387,C++,C++ (GCC 9.2.1),cpp,Accepted,31.0,5936.0,4493,
s709097319,p02550,u064434060,1600550380,Python,Python (3.8.2),py,Accepted,88.0,14564.0,724,
s065512059,p02550,u102941345,1600550379,C++,C++ (GCC 9.2.1),cpp,Accepted,13.0,5412.0,922,
s538608123,p02550,u342869120,1600550365,Python,PyPy3 (7.3.0),py,Accepted,66.0,66552.0,481,
s007895587,p02550,u855831834,1600550343,Python,PyPy3 (7.3.0),py,Accepted,67.0,69556.0,522,
s922799968,p02550,u124659583,1600550343,C++,C++ (GCC 9.2.1),cpp,Accepted,42.0,7920.0,2028,
s650984068,p02550,u163320134,1600550284,Python,Python (3.8.2),py,Accepted,50.0,13532.0,504,
s611090154,p02550,u992910889,1600550266,C++,C++ (GCC 9.2.1),cpp,Accepted,9.0,4692.0,5204,
s163659653,p02550,u156815136,1600550252,Python,Python (3.8.2),py,Accepted,68.0,15580.0,1817,
s242393604,p02550,u992619815,1600550211,C++,C++ (GCC 9.2.1),cpp,Accepted,13.0,4276.0,3578,
s219057117,p02550,u222668979,1600550196,Python,PyPy3 (7.3.0),py,Accepted,320.0,80296.0,349,
s546752853,p02550,u982234424,1600550160,C++,C++ (GCC 9.2.1),cpp,Accepted,18.0,6368.0,1576,
s077019886,p02550,u465638326,1600550139,C++,C++ (GCC 9.2.1),cpp,Accepted,9.0,5824.0,903,
s125938137,p02550,u222668979,1600550123,Python,PyPy3 (7.3.0),py,Accepted,71.0,76796.0,378,
s674693227,p02550,u218843509,1600550118,Python,PyPy3 (7.3.0),py,Accepted,76.0,73252.0,551,
s932952800,p02550,u625864724,1600550101,Python,Python (3.8.2),py,Accepted,72.0,13768.0,546,
s399039676,p02550,u531151228,1600550088,C++,C++ (GCC 9.2.1),cpp,Accepted,8.0,5020.0,3881,
s226654314,p02550,u875769753,1600550064,Python,PyPy3 (7.3.0),py,Accepted,796.0,68492.0,424,
s695985146,p02550,u628047647,1600550057,C++,C++ (GCC 9.2.1),cpp,Accepted,7.0,3824.0,1760,
s073457062,p02550,u365364616,1600550042,Python,Python (3.8.2),py,Accepted,66.0,17492.0,432,
s068557529,p02550,u150788544,1600550028,Python,Python (3.8.2),py,Accepted,65.0,13712.0,647,
s420303304,p02550,u440566786,1600550019,Python,PyPy3 (7.3.0),py,Accepted,64.0,65332.0,712,
s386962540,p02550,u175034939,1600550017,Python,PyPy3 (7.3.0),py,Accepted,801.0,68636.0,504,
s940622153,p02550,u069125420,1600550003,Python,PyPy3 (7.3.0),py,Accepted,73.0,77528.0,450,
s654853629,p02550,u232111869,1600549990,C++,C++ (GCC 9.2.1),cpp,Accepted,9.0,4808.0,1243,
s628114902,p02550,u367319568,1600549978,Python,Python (3.8.2),py,Accepted,52.0,12308.0,528,
s840119125,p02550,u619557935,1600549974,Python,PyPy3 (7.3.0),py,Accepted,81.0,71304.0,526,
s733239272,p02550,u603896142,1600549969,C++,C++ (GCC 9.2.1),cpp,Accepted,9.0,4968.0,692,
s988115822,p02550,u190616335,1600549916,Python,Python (3.8.2),py,Accepted,62.0,13136.0,559,
s097982421,p02550,u665871498,1600549880,C++,C++ (GCC 9.2.1),cpp,Accepted,7.0,3948.0,2012,
s596015277,p02550,u222866518,1600549870,C++,C++ (GCC 9.2.1),cpp,Accepted,37.0,6740.0,992,
s339758357,p02550,u417365712,1600549866,Python,Python (3.8.2),py,Accepted,66.0,15544.0,306,
s763065161,p02550,u431573188,1600549862,Python,PyPy3 (7.3.0),py,Accepted,66.0,70996.0,417,
s614115175,p02550,u024513702,1600549845,C++,C++ (GCC 9.2.1),cpp,Accepted,8.0,4152.0,814,
s401318525,p02550,u112629957,1600549845,Python,Python (3.8.2),py,Accepted,94.0,13560.0,688,
s796605723,p02550,u091870478,1600549843,C++,C++ (GCC 9.2.1),cpp,Accepted,13.0,10640.0,2259,
s313126626,p02550,u767569044,1600549831,C++,C++ (GCC 9.2.1),cpp,Accepted,39.0,6368.0,1159,
s393869991,p02550,u634209474,1600549829,C++,C++ (GCC 9.2.1),cpp,Accepted,73.0,8568.0,1070,
s565066674,p02550,u105100688,1600549795,C++,C++ (GCC 9.2.1),cpp,Accepted,11.0,4580.0,1306,
s605535515,p02550,u634209474,1600549775,C++,C++ (GCC 9.2.1),cpp,Accepted,62.0,8516.0,1282,
s096005164,p02550,u479475321,1600549771,Python,Python (3.8.2),py,Accepted,105.0,21120.0,677,
s994157555,p02550,u707975836,1600549758,C++,C++ (GCC 9.2.1),cpp,Accepted,22.0,6068.0,1229,
s412113980,p02550,u913662443,1600549740,Python,Python (3.8.2),py,Accepted,56.0,13936.0,390,
s352488543,p02550,u071360860,1600549737,Python,PyPy3 (7.3.0),py,Accepted,787.0,68144.0,338,
s195372019,p02550,u784072785,1600549704,C++,C++ (GCC 9.2.1),cpp,Accepted,289.0,14012.0,1951,
s854013547,p02550,u721094090,1600549694,C++,C++ (GCC 9.2.1),cpp,Accepted,6.0,4044.0,927,
s958729565,p02550,u476630974,1600549692,C++,C++ (GCC 9.2.1),cpp,Accepted,337.0,3844.0,1195,
s554748343,p02550,u112629957,1600549681,Python,Python (3.8.2),py,Accepted,88.0,13320.0,690,
s399544566,p02550,u867529352,1600549670,C++,C++ (GCC 9.2.1),cpp,Accepted,57.0,9804.0,3675,
s155187155,p02550,u286422818,1600549664,Python,Python (3.8.2),py,Accepted,63.0,12060.0,405,
s521241417,p02550,u835523614,1600549643,C++,C++ (GCC 9.2.1),cpp,Accepted,58.0,9584.0,652,
s410555908,p02550,u619683748,1600549615,C++,C++ (GCC 9.2.1),cpp,Accepted,30.0,5912.0,3773,
s664101695,p02550,u733581231,1600549593,Python,PyPy3 (7.3.0),py,Accepted,762.0,68696.0,693,
s914111036,p02550,u891847179,1600549584,C++,C++ (GCC 9.2.1),cpp,Accepted,6.0,3996.0,2188,
s579413439,p02550,u755310927,1600549563,C++,C++ (GCC 9.2.1),cpp,Accepted,12.0,4044.0,2188,
s373148619,p02550,u222668979,1600549543,Python,PyPy3 (7.3.0),py,Accepted,71.0,77368.0,361,
s917567731,p02550,u119460590,1600549542,C++,C++ (GCC 9.2.1),cpp,Accepted,68.0,67724.0,1533,
s688801410,p02550,u083960235,1600549538,Python,PyPy3 (7.3.0),py,Accepted,838.0,75824.0,1226,
s415675451,p02550,u754869388,1600549534,Python,Python (3.8.2),py,Accepted,51.0,13484.0,643,
s299894360,p02550,u986620720,1600549519,C++,C++ (GCC 9.2.1),cpp,Accepted,8.0,4340.0,598,
s389934645,p02550,u505284302,1600549492,C++,C++ (GCC 9.2.1),cpp,Accepted,7.0,3984.0,805,
s107343860,p02550,u487927681,1600549483,C++,C++ (GCC 9.2.1),cpp,Accepted,11.0,4424.0,979,
s268714034,p02550,u811817592,1600549447,Python,Python (3.8.2),py,Accepted,70.0,12544.0,912,
s288447511,p02550,u133936772,1600549420,Python,Python (3.8.2),py,Accepted,91.0,13936.0,193,
s493798843,p02550,u835523614,1600549409,C++,C++ (GCC 9.2.1),cpp,Accepted,43.0,9508.0,772,
s783556965,p02550,u756388720,1600549379,C++,C++ (GCC 9.2.1),cpp,Accepted,61.0,7296.0,763,
s971132707,p02550,u955202970,1600549376,C++,C++ (GCC 9.2.1),cpp,Accepted,46.0,7524.0,654,
s034547899,p02550,u401481862,1600549374,Python,PyPy3 (7.3.0),py,Accepted,800.0,74184.0,447,
s363459337,p02550,u391157755,1600549373,C++,C++ (GCC 9.2.1),cpp,Accepted,22.0,5612.0,1167,
s613933497,p02550,u261947526,1600549367,C++,C++ (GCC 9.2.1),cpp,Accepted,9.0,4044.0,788,
s181916067,p02550,u814781830,1600549361,Python,PyPy3 (7.3.0),py,Accepted,81.0,76932.0,588,
s760331135,p02550,u367701763,1600549345,Python,PyPy3 (7.3.0),py,Accepted,77.0,74420.0,497,
s622041286,p02550,u024972190,1600549324,C++,C++ (GCC 9.2.1),cpp,Accepted,54.0,10888.0,4567,
s078661051,p02550,u228402731,1600549310,C++,C++ (GCC 9.2.1),cpp,Accepted,16.0,5556.0,976,
s920762626,p02550,u446018965,1600549305,C++,C++ (GCC 9.2.1),cpp,Accepted,35.0,8436.0,3002,
s100269275,p02550,u617040773,1600549298,Python,PyPy3 (7.3.0),py,Accepted,75.0,76872.0,725,
s120227689,p02550,u666772276,1600549280,C++,C++ (GCC 9.2.1),cpp,Accepted,112.0,50496.0,1022,
s612521334,p02550,u334712262,1600549279,Python,PyPy3 (7.3.0),py,Accepted,360.0,88708.0,1684,
s548628828,p02550,u004707990,1600549270,C++,C++ (GCC 9.2.1),cpp,Accepted,23.0,5984.0,852,
s883255410,p02550,u503211001,1600549257,C++,C++ (GCC 9.2.1),cpp,Accepted,10.0,4292.0,793,
s447384823,p02550,u334712262,1600549244,Python,PyPy3 (7.3.0),py,Accepted,567.0,94052.0,1695,
s890199035,p02550,u868089307,1600549205,C++,C++ (GCC 9.2.1),cpp,Accepted,32.0,6000.0,1953,
s989199598,p02550,u285681431,1600549204,Python,PyPy3 (7.3.0),py,Accepted,99.0,85616.0,522,
s428427103,p02550,u133936772,1600549202,Python,Python (3.8.2),py,Accepted,101.0,14120.0,193,
s995846510,p02550,u548624367,1600549171,C++,C++ (GCC 9.2.1),cpp,Accepted,14.0,4024.0,891,
s099491614,p02550,u930705402,1600549167,Python,PyPy3 (7.3.0),py,Accepted,71.0,71100.0,480,
s859574506,p02550,u161164709,1600549166,Python,PyPy3 (7.3.0),py,Accepted,79.0,77816.0,429,
s080262849,p02550,u972591645,1600549161,Python,PyPy3 (7.3.0),py,Accepted,798.0,67952.0,340,
s427058800,p02550,u997648604,1600549158,C++,C++ (GCC 9.2.1),cpp,Accepted,21.0,5616.0,4003,
s913091563,p02550,u544817736,1600549105,C++,C++ (GCC 9.2.1),cpp,Accepted,34.0,7484.0,2216,
s664929171,p02550,u973972117,1600549078,Python,Python (3.8.2),py,Accepted,169.0,12452.0,719,
s327476856,p02550,u133936772,1600549073,Python,Python (3.8.2),py,Accepted,105.0,13736.0,236,
s833565981,p02550,u169138653,1600549036,Python,Python (3.8.2),py,Accepted,274.0,12964.0,665,
s811101815,p02550,u874947858,1600549035,C++,C++ (GCC 9.2.1),cpp,Accepted,24.0,3896.0,2086,
s299376980,p02550,u818476133,1600549027,C++,C++ (GCC 9.2.1),cpp,Accepted,1118.0,3928.0,1327,
s732094057,p02550,u612175324,1600549011,C++,C++ (GCC 9.2.1),cpp,Accepted,34.0,5988.0,1057,
s922247191,p02550,u757628628,1600548998,C++,C++ (GCC 9.2.1),cpp,Accepted,9.0,4840.0,2335,
s377178681,p02550,u654470292,1600548995,Python,PyPy3 (7.3.0),py,Accepted,116.0,75592.0,887,
s592230834,p02550,u375616706,1600548985,Python,PyPy3 (7.3.0),py,Accepted,91.0,76644.0,691,
s474599603,p02550,u776194115,1600548979,C++,C++ (GCC 9.2.1),cpp,Accepted,26.0,3988.0,1999,
s237366740,p02550,u127981515,1600548962,Python,PyPy3 (7.3.0),py,Accepted,802.0,68672.0,693,
s693046271,p02550,u918039777,1600548961,C++,C++ (GCC 9.2.1),cpp,Accepted,34.0,6712.0,1517,
s014748780,p02550,u189023301,1600548954,Python,PyPy3 (7.3.0),py,Accepted,76.0,77356.0,418,
s785210451,p02550,u901311012,1600548953,C++,C++ (GCC 9.2.1),cpp,Accepted,713.0,3932.0,1372,
s016575722,p02550,u305567260,1600548953,C++,C++ (GCC 9.2.1),cpp,Accepted,8.0,3848.0,1148,
s596815553,p02550,u445973687,1600548944,C++,C++ (Clang 10.0.0),cpp,Accepted,764.0,3480.0,1098,
s467751951,p02550,u095094246,1600548911,Python,Python (3.8.2),py,Accepted,57.0,13660.0,581,
s951493049,p02550,u702482655,1600548907,C++,C++ (Clang 10.0.0),cpp,Accepted,7.0,4224.0,913,
s420348615,p02550,u363542490,1600548897,C++,C++ (GCC 9.2.1),cpp,Accepted,8.0,4056.0,807,
s039087279,p02550,u833963136,1600548892,Python,Python (3.8.2),py,Accepted,154.0,11832.0,516,
s571399810,p02550,u209713918,1600548890,C++,C++ (GCC 9.2.1),cpp,Accepted,30.0,6376.0,1679,
s832938457,p02550,u616360029,1600548883,C++,C++ (GCC 9.2.1),cpp,Accepted,8.0,4760.0,2989,
s574687555,p02550,u642657797,1600548882,C++,C++ (GCC 9.2.1),cpp,Accepted,57.0,6036.0,1460,
s018661321,p02550,u490965711,1600548871,C++,C++ (GCC 9.2.1),cpp,Accepted,511.0,5192.0,831,
s735631399,p02550,u731886385,1600548852,C++,C++ (GCC 9.2.1),cpp,Accepted,6.0,4836.0,1179,
s664973674,p02550,u193330108,1600548843,C++,C++ (GCC 9.2.1),cpp,Accepted,42.0,6596.0,2242,
s131490317,p02550,u736788838,1600548834,C++,C++ (GCC 9.2.1),cpp,Accepted,28.0,5940.0,1608,
s602240862,p02550,u194390510,1600548806,Python,PyPy2 (7.3.0),py,Accepted,81.0,82068.0,514,
s181835624,p02550,u391331433,1600548794,C++,C++ (GCC 9.2.1),cpp,Accepted,30.0,6644.0,2718,
s609739708,p02550,u164727245,1600548793,Python,Python (3.8.2),py,Accepted,84.0,11656.0,590,
s769350131,p02550,u176778371,1600548781,C++,C++ (GCC 9.2.1),cpp,Accepted,21.0,5228.0,1604,
s345896231,p02550,u334624175,1600548776,C++,C++ (GCC 9.2.1),cpp,Accepted,9.0,4828.0,1052,
s983358950,p02550,u185967517,1600548774,C++,C++ (GCC 9.2.1),cpp,Accepted,22.0,5988.0,888,
s133739961,p02550,u888328718,1600548772,C++,C++ (GCC 9.2.1),cpp,Accepted,42.0,7040.0,1245,
s833737099,p02550,u542376457,1600548766,C++,C++ (GCC 9.2.1),cpp,Accepted,39.0,10540.0,2837,
s769948851,p02550,u546338822,1600548727,Python,Python (3.8.2),py,Accepted,63.0,12308.0,816,
s933721672,p02550,u163803051,1600548725,C++,C++ (GCC 9.2.1),cpp,Accepted,23.0,5700.0,1003,
s282088730,p02550,u997648604,1600548724,C++,C++ (GCC 9.2.1),cpp,Accepted,23.0,5976.0,4352,
s958590502,p02550,u226058424,1600548722,C++,C++ (GCC 9.2.1),cpp,Accepted,11.0,5184.0,1593,
s567262447,p02550,u942891634,1600548722,C++,C++ (GCC 9.2.1),cpp,Accepted,1118.0,3976.0,1088,
s190000796,p02550,u401171259,1600548721,C++,C++ (GCC 9.2.1),cpp,Accepted,7.0,4220.0,667,
s322963515,p02550,u532233200,1600548716,C++,C++ (GCC 9.2.1),cpp,Accepted,41.0,6720.0,7636,
s731297552,p02550,u757369138,1600548696,C++,C++ (GCC 9.2.1),cpp,Accepted,37.0,5948.0,1525,
s689525671,p02550,u002663801,1600548689,Python,PyPy3 (7.3.0),py,Accepted,79.0,82336.0,580,
s122009981,p02550,u888328718,1600548684,C++,C++ (GCC 9.2.1),cpp,Accepted,11.0,5140.0,1255,
s559851760,p02550,u824327013,1600548674,C++,C++ (GCC 9.2.1),cpp,Accepted,39.0,5992.0,1660,
s753546912,p02550,u950603962,1600548670,C++,C++ (GCC 9.2.1),cpp,Accepted,37.0,6728.0,62320,
s143289452,p02550,u542376457,1600548655,C++,C++ (GCC 9.2.1),cpp,Accepted,44.0,10584.0,2855,
s026177637,p02550,u292252214,1600548641,C++,C++ (GCC 9.2.1),cpp,Accepted,8.0,4004.0,3440,
s207573081,p02550,u941407962,1600548640,Python,PyPy3 (7.3.0),py,Accepted,74.0,77508.0,280,
s830024254,p02550,u340010271,1600548631,C++,C++ (GCC 9.2.1),cpp,Accepted,32.0,5900.0,2260,
s403422975,p02550,u444840008,1600548617,C++,C++ (GCC 9.2.1),cpp,Accepted,12.0,3960.0,7051,
s991907390,p02550,u859566721,1600548606,C++,C++ (GCC 9.2.1),cpp,Accepted,9.0,4196.0,1649,
s519935329,p02550,u399236408,1600548603,C++,C++ (GCC 9.2.1),cpp,Accepted,11.0,4680.0,9064,
s283341773,p02550,u628871447,1600548593,C++,C++ (GCC 9.2.1),cpp,Accepted,16.0,5464.0,1373,
s537151547,p02550,u542376457,1600548588,C++,C++ (GCC 9.2.1),cpp,Accepted,38.0,10532.0,2866,
s622908610,p02550,u560585795,1600548584,C++,C++ (GCC 9.2.1),cpp,Accepted,10.0,2508.0,1367,
s172565727,p02550,u347640436,1600548582,Python,PyPy3 (7.3.0),py,Accepted,62.0,69160.0,364,
s019225055,p02550,u293764826,1600548564,C++,C++ (GCC 9.2.1),cpp,Accepted,30.0,4376.0,3071,
s947140927,p02550,u915797797,1600548560,C++,C++ (GCC 9.2.1),cpp,Accepted,12.0,4484.0,1557,
s436079623,p02550,u373908456,1600548555,C++,C++ (GCC 9.2.1),cpp,Accepted,48.0,9976.0,26419,
s363068419,p02550,u559315737,1600548542,Python,PyPy3 (7.3.0),py,Accepted,81.0,78032.0,407,
s056501630,p02550,u726285999,1600548535,Python,Python (3.8.2),py,Accepted,63.0,14088.0,902,
s490666635,p02550,u697090185,1600548532,C++,C++ (GCC 9.2.1),cpp,Accepted,31.0,6772.0,1429,
s116357522,p02550,u506910932,1600548519,Python,Python (3.8.2),py,Accepted,45.0,12364.0,770,
s756723002,p02550,u500092662,1600548508,C++,C++ (GCC 9.2.1),cpp,Accepted,8.0,3948.0,982,
s334590851,p02550,u001769145,1600548476,Python,PyPy3 (7.3.0),py,Accepted,816.0,75592.0,578,
s132305575,p02550,u089012446,1600548467,C++,C++ (GCC 9.2.1),cpp,Accepted,8.0,5140.0,4433,
s365877559,p02550,u982030663,1600548463,Python,Python (3.8.2),py,Accepted,82.0,15156.0,455,
s070579604,p02550,u420803966,1600548456,C++,C++ (GCC 9.2.1),cpp,Accepted,51.0,13508.0,4498,
s354897028,p02550,u906318193,1600548453,C++,C++ (GCC 9.2.1),cpp,Accepted,8.0,4992.0,690,
s044832592,p02550,u246471788,1600548400,C++,C++ (GCC 9.2.1),cpp,Accepted,41.0,14228.0,1468,
s585321284,p02550,u627803856,1600548396,Python,PyPy3 (7.3.0),py,Accepted,84.0,69236.0,1135,
s906878235,p02550,u894521144,1600548394,Python,Python (3.8.2),py,Accepted,51.0,13416.0,697,
s093275057,p02550,u877415670,1600548369,Python,PyPy3 (7.3.0),py,Accepted,84.0,81360.0,486,
s173965384,p02550,u506910932,1600548369,Python,Python (3.8.2),py,Accepted,52.0,12488.0,706,
s727508365,p02550,u799349196,1600548364,C++,C++ (GCC 9.2.1),cpp,Accepted,20.0,5448.0,1484,
s216179422,p02550,u432688695,1600548357,C++,C++ (GCC 9.2.1),cpp,Accepted,43.0,10264.0,6015,
s448175330,p02550,u766684188,1600548347,Python,PyPy3 (7.3.0),py,Accepted,80.0,77028.0,644,
s287322268,p02550,u535010493,1600548345,C++,C++ (GCC 9.2.1),cpp,Accepted,53.0,7796.0,2446,
s058470146,p02550,u204536668,1600548343,C++,C++ (GCC 9.2.1),cpp,Accepted,5.0,3768.0,851,
s032464169,p02550,u761475553,1600548328,C++,C++ (GCC 9.2.1),cpp,Accepted,15.0,7216.0,10532,
s698930917,p02550,u239725287,1600548283,Python,Python (3.8.2),py,Accepted,47.0,12068.0,679,
s030934437,p02550,u168871820,1600548274,C++,C++ (GCC 9.2.1),cpp,Accepted,38.0,7120.0,1129,
s876800575,p02550,u054514819,1600548265,Python,PyPy3 (7.3.0),py,Accepted,79.0,86032.0,648,
s528651299,p02550,u755310927,1600548262,C++,C++ (GCC 9.2.1),cpp,Accepted,10.0,3988.0,2100,
s660464204,p02550,u776056110,1600548232,C++,C++ (GCC 9.2.1),cpp,Accepted,16.0,5616.0,2570,
s366978519,p02550,u972591645,1600548209,Python,PyPy3 (7.3.0),py,Accepted,800.0,68432.0,340,
s675303830,p02550,u583276018,1600548206,Python,PyPy3 (7.3.0),py,Accepted,1018.0,69920.0,400,
s602636810,p02550,u458500794,1600548199,C++,C++ (GCC 9.2.1),cpp,Accepted,8.0,3672.0,8232,
s395928335,p02550,u524596155,1600548196,C++,C++ (GCC 9.2.1),cpp,Accepted,8.0,4836.0,1036,
s498358174,p02550,u930997891,1600548194,C++,C++ (GCC 9.2.1),cpp,Accepted,8.0,3876.0,1161,
s280602170,p02550,u952130512,1600548188,C++,C++ (GCC 9.2.1),cpp,Accepted,20.0,7232.0,10518,
s432012031,p02550,u610042046,1600548187,Python,PyPy3 (7.3.0),py,Accepted,796.0,68772.0,472,
s608603374,p02550,u900768135,1600548183,C++,C++ (GCC 9.2.1),cpp,Accepted,5.0,4572.0,703,
s165302524,p02550,u840261754,1600548174,C++,C++ (GCC 9.2.1),cpp,Accepted,44.0,6680.0,2868,
s644765730,p02550,u802094864,1600548160,C++,C++ (GCC 9.2.1),cpp,Accepted,8.0,4888.0,1219,
s804373016,p02550,u086450146,1600548159,Python,PyPy3 (7.3.0),py,Accepted,755.0,68608.0,518,
s199414035,p02550,u762540523,1600548149,Python,PyPy3 (7.3.0),py,Accepted,68.0,68720.0,577,
s627727064,p02550,u130985356,1600548143,C++,C++ (GCC 9.2.1),cpp,Accepted,15.0,4772.0,5055,
s099392235,p02550,u397953026,1600548143,Python,PyPy3 (7.3.0),py,Accepted,69.0,66664.0,630,
s654712114,p02550,u150376070,1600548136,C++,C++ (GCC 9.2.1),cpp,Accepted,145.0,3880.0,4706,
s387986091,p02550,u590825760,1600548136,C++,C++ (GCC 9.2.1),cpp,Accepted,15.0,5320.0,1121,
s543692810,p02550,u179376941,1600548136,Python,Python (3.8.2),py,Accepted,61.0,15588.0,748,
s112586016,p02550,u423624748,1600548097,C++,C++ (GCC 9.2.1),cpp,Accepted,30.0,5948.0,2130,
s274602245,p02550,u621527229,1600548092,C++,C++ (GCC 9.2.1),cpp,Accepted,12.0,4320.0,1113,
s120458382,p02550,u465478140,1600548090,C++,C++ (GCC 9.2.1),cpp,Accepted,830.0,4072.0,1369,
s997359743,p02550,u193927973,1600548076,Python,Python (3.8.2),py,Accepted,59.0,13652.0,394,
s889563865,p02550,u233586402,1600548075,C++,C++ (GCC 9.2.1),cpp,Accepted,36.0,7964.0,1334,
s372837354,p02550,u419877586,1600548073,Python,PyPy3 (7.3.0),py,Accepted,73.0,73496.0,618,
s116578406,p02550,u373291210,1600548070,C++,C++ (Clang 10.0.0),cpp,Accepted,21.0,5588.0,1089,
s666599516,p02550,u592686932,1600548062,C++,C++ (GCC 9.2.1),cpp,Accepted,40.0,6692.0,4264,
s465890983,p02550,u139112865,1600548061,Python,Python (3.8.2),py,Accepted,65.0,13880.0,577,
s860491895,p02550,u005006157,1600548060,C++,C++ (GCC 9.2.1),cpp,Accepted,9.0,4312.0,2028,
s016182778,p02550,u372299304,1600548060,C++,C++ (GCC 9.2.1),cpp,Accepted,7.0,3780.0,862,
s926365280,p02550,u320027541,1600548048,C++,C++ (GCC 9.2.1),cpp,Accepted,23.0,8708.0,1581,
s212563331,p02550,u696241422,1600548036,C++,C++ (GCC 9.2.1),cpp,Accepted,36.0,6980.0,2953,
s382345352,p02550,u571867512,1600548034,Python,PyPy3 (7.3.0),py,Accepted,77.0,77352.0,660,
s681047736,p02550,u845620905,1600548024,Python,Python (3.8.2),py,Accepted,67.0,13972.0,812,
s939263024,p02550,u222668979,1600548022,Python,PyPy3 (7.3.0),py,Accepted,74.0,77308.0,363,
s269585141,p02550,u813745893,1600548001,C++,C++ (GCC 9.2.1),cpp,Accepted,9.0,4672.0,496,
s790746294,p02550,u242773895,1600548000,C++,C++ (GCC 9.2.1),cpp,Accepted,17.0,5624.0,1405,
s406147428,p02550,u810787773,1600547997,Python,Python (3.8.2),py,Accepted,92.0,21300.0,643,
s567396779,p02550,u861418388,1600547995,C++,C++ (GCC 9.2.1),cpp,Accepted,37.0,6716.0,1673,
s368377544,p02550,u226233437,1600547994,C++,C++ (GCC 9.2.1),cpp,Accepted,15.0,5548.0,614,
s384641038,p02550,u381717330,1600547994,C++,C++ (GCC 9.2.1),cpp,Accepted,37.0,6724.0,1036,
s352920210,p02550,u671861352,1600547993,C++,C++ (GCC 9.2.1),cpp,Accepted,40.0,7716.0,980,
s186335764,p02550,u930705402,1600547989,Python,PyPy3 (7.3.0),py,Accepted,73.0,71220.0,426,
s919873187,p02550,u936600428,1600547988,C++,C++ (GCC 9.2.1),cpp,Accepted,8.0,4672.0,1338,
s190688142,p02550,u608965386,1600547987,C++,C++ (GCC 9.2.1),cpp,Accepted,41.0,6776.0,2796,
s542641691,p02550,u110006361,1600547984,C++,C++ (GCC 9.2.1),cpp,Accepted,22.0,7952.0,817,
s868507049,p02550,u075003737,1600547981,C++,C++ (GCC 9.2.1),cpp,Accepted,31.0,6672.0,1297,
s668310687,p02550,u614128939,1600547981,C++,C++ (GCC 9.2.1),cpp,Accepted,9.0,5040.0,20450,
s194711739,p02550,u541263126,1600547968,C++,C++ (GCC 9.2.1),cpp,Accepted,43.0,6756.0,741,
s668785275,p02550,u257162238,1600547967,Python,Python (3.8.2),py,Accepted,64.0,14316.0,1264,
s727896830,p02550,u094191970,1600547962,Python,PyPy3 (7.3.0),py,Accepted,798.0,69568.0,559,
s627276964,p02550,u542376457,1600547959,C++,C++ (GCC 9.2.1),cpp,Accepted,37.0,11620.0,3125,
s619620355,p02550,u444900670,1600547956,Python,PyPy3 (7.3.0),py,Accepted,758.0,68584.0,303,
s816814934,p02550,u553159739,1600547952,C++,C++ (GCC 9.2.1),cpp,Accepted,9.0,3772.0,1212,
s865293953,p02550,u681436739,1600547950,C++,C++ (GCC 9.2.1),cpp,Accepted,11.0,5192.0,839,
s830497520,p02550,u224232591,1600547950,C++,C++ (GCC 9.2.1),cpp,Accepted,13.0,5108.0,1221,
s326793457,p02550,u321593603,1600547949,C++,C++ (GCC 9.2.1),cpp,Accepted,8.0,4584.0,901,
s991718077,p02550,u860829879,1600547948,Python,PyPy3 (7.3.0),py,Accepted,194.0,68700.0,619,
s045707116,p02550,u616360029,1600547946,C++,C++ (GCC 9.2.1),cpp,Accepted,11.0,4780.0,3004,
s617175849,p02550,u368796742,1600547946,Python,PyPy3 (7.3.0),py,Accepted,796.0,68964.0,471,
s408390162,p02550,u255137505,1600547942,C++,C++ (GCC 9.2.1),cpp,Accepted,7.0,3600.0,1681,
s906150366,p02550,u649232908,1600547930,C++,C++ (GCC 9.2.1),cpp,Accepted,22.0,5560.0,972,
s981082933,p02550,u493750228,1600547930,C++,C++ (GCC 9.2.1),cpp,Accepted,117.0,97880.0,8000,
s986504637,p02550,u816580121,1600547928,C++,C++ (GCC 9.2.1),cpp,Accepted,8.0,3984.0,721,
s614317275,p02550,u161979620,1600547926,C++,C++ (GCC 9.2.1),cpp,Accepted,6.0,3628.0,416,
s059712963,p02550,u167330161,1600547925,C++,C++ (GCC 9.2.1),cpp,Accepted,9.0,4316.0,902,
s716284094,p02550,u251813704,1600547922,C++,C++ (GCC 9.2.1),cpp,Accepted,421.0,3976.0,1096,
s087919102,p02550,u830745382,1600547921,C++,C++ (GCC 9.2.1),cpp,Accepted,8.0,3644.0,506,
s960775174,p02550,u571794900,1600547921,C++,C++ (GCC 9.2.1),cpp,Accepted,9.0,4604.0,849,
s542445797,p02550,u370574289,1600547918,C++,C++ (GCC 9.2.1),cpp,Accepted,36.0,7256.0,584,
s500694175,p02550,u897135531,1600547910,C++,C++ (GCC 9.2.1),cpp,Accepted,418.0,4028.0,1036,
s526739135,p02550,u381585104,1600547910,C++,C++ (GCC 9.2.1),cpp,Accepted,11.0,4016.0,2170,
s893116354,p02550,u239528020,1600547909,Python,Python (3.8.2),py,Accepted,107.0,17216.0,733,
s097534369,p02550,u367965715,1600547908,Python,Python (3.8.2),py,Accepted,114.0,20824.0,441,
s698486942,p02550,u492030100,1600547908,C++,C++ (GCC 9.2.1),cpp,Accepted,11.0,5604.0,1867,
s753180065,p02550,u168684371,1600547906,C++,C++ (GCC 9.2.1),cpp,Accepted,38.0,7128.0,1474,
s020529119,p02550,u770040456,1600547906,C++,C++ (GCC 9.2.1),cpp,Accepted,20.0,6100.0,1129,
s208238351,p02550,u366398972,1600547904,C++,C++ (GCC 9.2.1),cpp,Accepted,136.0,67672.0,1031,
s619734693,p02550,u812051090,1600547903,C++,C++ (GCC 9.2.1),cpp,Accepted,37.0,6668.0,2484,
s869238849,p02550,u963055157,1600547900,C++,C++ (GCC 9.2.1),cpp,Accepted,37.0,7084.0,1595,
s607435438,p02550,u825343780,1600547899,C++,C++ (GCC 9.2.1),cpp,Accepted,40.0,5952.0,1762,
s040445001,p02550,u329731898,1600547896,C++,C++ (Clang 10.0.0),cpp,Accepted,9.0,4240.0,1100,
s333585498,p02550,u564204618,1600547890,C++,C++ (GCC 9.2.1),cpp,Accepted,8.0,4796.0,1980,
s174460521,p02550,u221389972,1600547888,C++,C++ (GCC 9.2.1),cpp,Accepted,15.0,5556.0,1251,
s082721580,p02550,u713574885,1600547886,C++,C++ (GCC 9.2.1),cpp,Accepted,6.0,3944.0,1427,
s484182430,p02550,u623231048,1600547885,Python,PyPy3 (7.3.0),py,Accepted,73.0,76288.0,994,
s186892585,p02550,u943205580,1600547883,C++,C++ (GCC 9.2.1),cpp,Accepted,33.0,6680.0,1124,
s203273657,p02550,u490295622,1600547882,C++,C++ (GCC 9.2.1),cpp,Accepted,15.0,5972.0,601,
s408067731,p02550,u531599639,1600547875,Python,PyPy3 (7.3.0),py,Accepted,67.0,75404.0,330,
s069560164,p02550,u370721525,1600547871,Python,PyPy3 (7.3.0),py,Accepted,69.0,74156.0,390,
s807847343,p02550,u340011366,1600547868,C++,C++ (GCC 9.2.1),cpp,Accepted,29.0,6728.0,3269,
s457357179,p02550,u180353729,1600547865,C++,C++ (GCC 9.2.1),cpp,Accepted,17.0,5700.0,963,
s844376081,p02550,u631342090,1600547860,C++,C++ (GCC 9.2.1),cpp,Accepted,14.0,5320.0,2981,
s169067194,p02550,u439009525,1600547859,Python,Python (3.8.2),py,Accepted,59.0,18016.0,429,
s400688640,p02550,u236467674,1600547858,C++,C++ (GCC 9.2.1),cpp,Accepted,12.0,4820.0,1338,
s895036679,p02550,u936176493,1600547848,C++,C++ (GCC 9.2.1),cpp,Accepted,80.0,11752.0,1270,
s255038425,p02550,u549438788,1600547846,C++,C++ (GCC 9.2.1),cpp,Accepted,11.0,4836.0,744,
s603008271,p02550,u359358631,1600547843,Python,PyPy3 (7.3.0),py,Accepted,85.0,78760.0,718,
s320934369,p02550,u800396927,1600547838,Python,PyPy3 (7.3.0),py,Accepted,81.0,86328.0,428,
s398750985,p02550,u782121004,1600547835,C++,C++ (GCC 9.2.1),cpp,Accepted,11.0,4364.0,1262,
s469080010,p02550,u692453235,1600547834,Python,Python (3.8.2),py,Accepted,55.0,12124.0,373,
s742858539,p02550,u173041855,1600547832,C++,C++ (GCC 9.2.1),cpp,Accepted,8.0,3980.0,1611,
s010090811,p02550,u431615124,1600547825,C++,C++ (GCC 9.2.1),cpp,Accepted,57.0,9800.0,3174,
s228424372,p02550,u955591889,1600547814,C++,C++ (GCC 9.2.1),cpp,Accepted,33.0,5896.0,1019,
s857779743,p02550,u531664592,1600547812,C++,C++ (GCC 9.2.1),cpp,Accepted,13.0,5388.0,1079,
s734507244,p02550,u745250049,1600547811,C++,C++ (GCC 9.2.1),cpp,Accepted,9.0,3988.0,1720,
s127641020,p02550,u755915469,1600547810,C++,C++ (GCC 9.2.1),cpp,Accepted,19.0,5312.0,1144,
s448713999,p02550,u366398972,1600547810,C++,C++ (GCC 9.2.1),cpp,Accepted,118.0,67640.0,1010,
s279546479,p02550,u119477929,1600547798,C++,C++ (GCC 9.2.1),cpp,Accepted,11.0,4316.0,6845,
s908526977,p02550,u032722750,1600547792,C++,C++ (Clang 10.0.0),cpp,Accepted,35.0,6228.0,2206,
s777713575,p02550,u722217673,1600547791,Python,PyPy3 (7.3.0),py,Accepted,84.0,80180.0,511,
s670482368,p02550,u388862071,1600547791,C++,C++ (GCC 9.2.1),cpp,Accepted,8.0,5172.0,796,
s182446300,p02550,u872982453,1600547791,C++,C++ (GCC 9.2.1),cpp,Accepted,36.0,5992.0,1073,
s621345988,p02550,u271210469,1600547785,Python,PyPy3 (7.3.0),py,Accepted,69.0,68428.0,695,
s949070090,p02550,u674056432,1600547784,C++,C++ (GCC 9.2.1),cpp,Accepted,8.0,4272.0,1070,
s262399565,p02550,u118868154,1600547784,C++,C++ (GCC 9.2.1),cpp,Accepted,42.0,6756.0,3068,
s946586425,p02550,u697690147,1600547774,Python,Python (3.8.2),py,Accepted,78.0,20112.0,682,
s575326219,p02550,u893239355,1600547767,C++,C++ (GCC 9.2.1),cpp,Accepted,23.0,7816.0,1159,
s746131955,p02550,u587589241,1600547765,Python,PyPy3 (7.3.0),py,Accepted,761.0,68184.0,387,
s937130931,p02550,u543702253,1600547764,C++,C++ (GCC 9.2.1),cpp,Accepted,33.0,5840.0,1057,
s368985488,p02550,u052499405,1600547763,Python,PyPy3 (7.3.0),py,Accepted,89.0,65952.0,703,
s321553127,p02550,u257974487,1600547761,Python,Python (3.8.2),py,Accepted,65.0,11996.0,758,
s106169369,p02550,u528388170,1600547761,C++,C++ (GCC 9.2.1),cpp,Accepted,8.0,4304.0,679,
s155763682,p02550,u876742094,1600547757,Python,PyPy3 (7.3.0),py,Accepted,800.0,68992.0,404,
s689126998,p02550,u659712937,1600547752,Python,Python (3.8.2),py,Accepted,87.0,17108.0,617,
s282699536,p02550,u640248738,1600547748,C++,C++ (GCC 9.2.1),cpp,Accepted,10.0,4648.0,4523,
s272380403,p02550,u045408189,1600547748,C++,C++ (GCC 9.2.1),cpp,Accepted,9.0,4056.0,1576,
s047699307,p02550,u225660136,1600547747,C++,C++ (GCC 9.2.1),cpp,Accepted,21.0,5600.0,3123,
s768108203,p02550,u605901675,1600547745,C++,C++ (GCC 9.2.1),cpp,Accepted,10.0,4836.0,1023,
s579866562,p02550,u349470793,1600547734,C++,C++ (GCC 9.2.1),cpp,Accepted,9.0,4748.0,751,
s772241323,p02550,u898167769,1600547731,C++,C++ (GCC 9.2.1),cpp,Accepted,89.0,56880.0,3661,
s373326782,p02550,u403668916,1600547730,C++,C++ (GCC 9.2.1),cpp,Accepted,14.0,5452.0,4593,
s583006814,p02550,u971089878,1600547729,C++,C++ (GCC 9.2.1),cpp,Accepted,8.0,4644.0,2959,
s784185324,p02550,u882620594,1600547724,C++,C++ (GCC 9.2.1),cpp,Accepted,7.0,3996.0,1656,
s512663245,p02550,u598296382,1600547724,Python,PyPy3 (7.3.0),py,Accepted,100.0,77624.0,1443,
s402713736,p02550,u419366696,1600547721,C++,C++ (GCC 9.2.1),cpp,Accepted,7.0,5160.0,994,
s326390912,p02550,u268750247,1600547721,C++,C++ (GCC 9.2.1),cpp,Accepted,35.0,6680.0,2296,
s101027145,p02550,u628335443,1600547710,Python,PyPy3 (7.3.0),py,Accepted,101.0,69900.0,516,
s697264873,p02550,u667686550,1600547710,C++,C++ (GCC 9.2.1),cpp,Accepted,8.0,3892.0,2816,
s300750814,p02550,u845573105,1600547710,Python,PyPy3 (7.3.0),py,Accepted,76.0,74992.0,657,
s698058397,p02550,u622748505,1600547708,C++,C++ (GCC 9.2.1),cpp,Accepted,217.0,22356.0,2594,
s662836077,p02550,u811542492,1600547708,C++,C++ (GCC 9.2.1),cpp,Accepted,8.0,3824.0,921,
s439426956,p02550,u440217234,1600547705,C++,C++ (GCC 9.2.1),cpp,Accepted,34.0,6664.0,910,
s117179223,p02550,u311090179,1600547704,C++,C++ (GCC 9.2.1),cpp,Accepted,31.0,5980.0,1051,
s190561175,p02550,u845746741,1600547704,C++,C++ (GCC 9.2.1),cpp,Accepted,20.0,5596.0,2483,
s288562051,p02550,u184929210,1600547704,C++,C++ (GCC 9.2.1),cpp,Accepted,41.0,10544.0,854,
s117000479,p02550,u697696097,1600547702,Python,Python (3.8.2),py,Accepted,148.0,21320.0,1270,
s595390398,p02550,u734834944,1600547698,C++,C++ (Clang 10.0.0),cpp,Accepted,43.0,5416.0,6750,
s600743152,p02550,u016987091,1600547694,C++,C++ (GCC 9.2.1),cpp,Accepted,13.0,4040.0,2778,
s259480362,p02550,u003721865,1600547693,C++,C++ (GCC 9.2.1),cpp,Accepted,35.0,7212.0,1033,
s695118925,p02550,u196953553,1600547690,C++,C++ (GCC 9.2.1),cpp,Accepted,35.0,6768.0,2030,
s593030305,p02550,u744305661,1600547675,C++,C++ (GCC 9.2.1),cpp,Accepted,36.0,6712.0,1589,
s379408357,p02550,u697968316,1600547675,C++,C++ (GCC 9.2.1),cpp,Accepted,28.0,6264.0,1790,
s242004835,p02550,u073852194,1600547674,Python,PyPy3 (7.3.0),py,Accepted,76.0,73780.0,636,
s934981214,p02550,u196360708,1600547674,C++,C++ (GCC 9.2.1),cpp,Accepted,8.0,4256.0,1481,
s390835539,p02550,u840990750,1600547671,C++,C++ (GCC 9.2.1),cpp,Accepted,34.0,5952.0,3256,
s305569843,p02550,u174447355,1600547670,C++,C++ (GCC 9.2.1),cpp,Accepted,10.0,5140.0,991,
s505406166,p02550,u399721252,1600547665,C++,C++ (GCC 9.2.1),cpp,Accepted,15.0,5716.0,10335,
s579562594,p02550,u584242364,1600547662,C++,C++ (GCC 9.2.1),cpp,Accepted,43.0,7044.0,2393,
s796365340,p02550,u156778176,1600547662,C++,C++ (GCC 9.2.1),cpp,Accepted,41.0,5892.0,1189,
s853752420,p02550,u852790844,1600547661,Python,Python (3.8.2),py,Accepted,196.0,34144.0,1118,
s369528367,p02550,u331681714,1600547656,C++,C++ (GCC 9.2.1),cpp,Accepted,28.0,6744.0,3101,
s020307746,p02550,u060793972,1600547654,Python,Python (3.8.2),py,Accepted,107.0,11872.0,423,
s861476967,p02550,u302781973,1600547653,C++,C++ (GCC 9.2.1),cpp,Accepted,17.0,5396.0,2240,
s812868628,p02550,u919730120,1600547649,Python,PyPy3 (7.3.0),py,Accepted,795.0,68604.0,560,
s000658833,p02550,u559654669,1600547649,C++,C++ (GCC 9.2.1),cpp,Accepted,10.0,4664.0,927,
s968779064,p02550,u990746416,1600547645,C++,C++ (GCC 9.2.1),cpp,Accepted,43.0,12920.0,2546,
s555383214,p02550,u337054478,1600547645,C++,C++ (GCC 9.2.1),cpp,Accepted,10.0,4328.0,2775,
s119631164,p02550,u875407613,1600547644,C++,C++ (GCC 9.2.1),cpp,Accepted,35.0,6004.0,1133,
s578316146,p02550,u129643292,1600547639,C++,C++ (GCC 9.2.1),cpp,Accepted,20.0,11376.0,7611,
s716595989,p02550,u672995180,1600547639,C++,C++ (GCC 9.2.1),cpp,Accepted,7.0,4836.0,945,
s083203255,p02550,u755830696,1600547637,C++,C++ (GCC 9.2.1),cpp,Accepted,46.0,7856.0,950,
s025010925,p02550,u732440992,1600547634,C++,C++ (GCC 9.2.1),cpp,Accepted,32.0,6680.0,880,
s241927923,p02550,u415325136,1600547633,C++,C++ (GCC 9.2.1),cpp,Accepted,7.0,4736.0,926,
s634430793,p02550,u094191970,1600547629,Python,PyPy3 (7.3.0),py,Accepted,754.0,69724.0,559,
s932078393,p02550,u606045429,1600547627,Python,PyPy3 (7.3.0),py,Accepted,79.0,77096.0,438,
s702979409,p02550,u967854394,1600547627,C++,C++ (GCC 9.2.1),cpp,Accepted,37.0,6000.0,2022,
s460785534,p02550,u465905273,1600547618,C++,C++ (GCC 9.2.1),cpp,Accepted,44.0,7512.0,2228,
s939060448,p02550,u499062271,1600547617,C++,C++ (GCC 9.2.1),cpp,Accepted,8.0,4632.0,728,
s279350059,p02550,u223355055,1600547616,C++,C++ (GCC 9.2.1),cpp,Accepted,35.0,7068.0,1394,
s409428343,p02550,u089177147,1600547613,C++,C++ (GCC 9.2.1),cpp,Accepted,36.0,6324.0,1885,
s024790413,p02550,u495461806,1600547611,C++,C++ (GCC 9.2.1),cpp,Accepted,45.0,7872.0,1060,
s463743398,p02550,u330728443,1600547608,Python,PyPy3 (7.3.0),py,Accepted,111.0,74872.0,808,
s399056401,p02550,u399721252,1600547605,C++,C++ (GCC 9.2.1),cpp,Accepted,23.0,7744.0,10335,
s779361831,p02550,u085172266,1600547591,C++,C++ (GCC 9.2.1),cpp,Accepted,8.0,5176.0,916,
s846409567,p02550,u181412342,1600547588,Python,PyPy3 (7.3.0),py,Accepted,1024.0,84092.0,1732,
s892910438,p02550,u207363774,1600547587,Python,Python (3.8.2),py,Accepted,70.0,15628.0,287,
s522151255,p02550,u071664531,1600547581,C++,C++ (GCC 9.2.1),cpp,Accepted,9.0,4696.0,1042,
s402319756,p02550,u374645816,1600547581,C++,C++ (GCC 9.2.1),cpp,Accepted,27.0,4404.0,1408,
s318999190,p02550,u564901227,1600547579,C++,C++ (GCC 9.2.1),cpp,Accepted,8.0,4220.0,3555,
s314647642,p02550,u137839202,1600547579,C++,C++ (GCC 9.2.1),cpp,Accepted,18.0,5304.0,2528,
s428520390,p02550,u668785999,1600547578,C++,C++ (GCC 9.2.1),cpp,Accepted,7.0,3996.0,2481,
s493684434,p02550,u138273120,1600547573,C++,C++ (GCC 9.2.1),cpp,Accepted,23.0,8752.0,1352,
s137563702,p02550,u399721252,1600547572,C++,C++ (GCC 9.2.1),cpp,Accepted,35.0,11960.0,10335,
s906221880,p02550,u478918022,1600547567,C++,C++ (GCC 9.2.1),cpp,Accepted,9.0,4280.0,843,
s047803520,p02550,u416773418,1600547566,C++,C++ (GCC 9.2.1),cpp,Accepted,7.0,4412.0,1276,
s981479000,p02550,u025287757,1600547562,Python,Python (3.8.2),py,Accepted,56.0,13624.0,489,
s450010897,p02550,u392803120,1600547561,C++,C++ (GCC 9.2.1),cpp,Accepted,35.0,7052.0,1376,
s758472926,p02550,u328179672,1600547560,C++,C++ (GCC 9.2.1),cpp,Accepted,43.0,6704.0,1110,
s233215655,p02550,u383408159,1600547552,C++,C++ (GCC 9.2.1),cpp,Accepted,9.0,4548.0,796,
s671979347,p02550,u672177558,1600547551,C++,C++ (GCC 9.2.1),cpp,Accepted,11.0,5116.0,1100,
s706435892,p02550,u994521204,1600547545,Python,PyPy3 (7.3.0),py,Accepted,76.0,76240.0,1511,
s465014574,p02550,u026155812,1600547541,Python,Python (3.8.2),py,Accepted,81.0,16412.0,1103,
s802782728,p02550,u648868410,1600547532,Python,PyPy3 (7.3.0),py,Accepted,67.0,76996.0,716,
s380254579,p02550,u813026550,1600547531,C++,C++ (Clang 10.0.0),cpp,Accepted,33.0,4272.0,1225,
s943785553,p02550,u153615137,1600547523,C++,C++ (GCC 9.2.1),cpp,Accepted,32.0,5900.0,1012,
s947105586,p02550,u009787707,1600547518,Python,PyPy3 (7.3.0),py,Accepted,799.0,81396.0,473,
s970723317,p02550,u734268715,1600547516,C++,C++ (GCC 9.2.1),cpp,Accepted,35.0,6384.0,2795,
s909960294,p02550,u933962236,1600547511,C++,C++ (GCC 9.2.1),cpp,Accepted,7.0,4380.0,1186,
s055065036,p02550,u731057141,1600547510,C++,C++ (GCC 9.2.1),cpp,Accepted,10.0,3984.0,1828,
s392828133,p02550,u200473040,1600547506,C++,C++ (GCC 9.2.1),cpp,Accepted,52.0,10096.0,3741,
s540586110,p02550,u807064686,1600547504,C++,C++ (GCC 9.2.1),cpp,Accepted,32.0,5968.0,506,
s251883058,p02550,u916682527,1600547502,C++,C++ (GCC 9.2.1),cpp,Accepted,11.0,6172.0,1144,
s504790892,p02550,u915716225,1600547494,C++,C++ (GCC 9.2.1),cpp,Accepted,23.0,6012.0,4116,
s980144380,p02550,u490601354,1600547494,C++,C++ (GCC 9.2.1),cpp,Accepted,8.0,4700.0,671,
s685630524,p02550,u209767598,1600547493,C++,C++ (GCC 9.2.1),cpp,Accepted,15.0,5644.0,2966,
s232897037,p02550,u674078161,1600547492,C++,C++ (GCC 9.2.1),cpp,Accepted,31.0,5876.0,1708,
s934222276,p02550,u853817705,1600547489,C++,C++ (GCC 9.2.1),cpp,Accepted,34.0,5912.0,836,
s172208722,p02550,u266874640,1600547489,C++,C++ (GCC 9.2.1),cpp,Accepted,47.0,6736.0,1902,
s736195413,p02550,u292011786,1600547488,C++,C++ (GCC 9.2.1),cpp,Accepted,52.0,9816.0,1472,
s058515194,p02550,u031448582,1600547484,C++,C++ (GCC 9.2.1),cpp,Accepted,33.0,5888.0,1582,
s889472371,p02550,u728050879,1600547483,Python,Python (3.8.2),py,Accepted,66.0,13936.0,444,
s411615064,p02550,u987164499,1600547481,Python,PyPy3 (7.3.0),py,Accepted,79.0,78632.0,581,
s176305808,p02550,u329902718,1600547481,C++,C++ (GCC 9.2.1),cpp,Accepted,12.0,4624.0,840,
s534152629,p02550,u495667483,1600547475,Python,Python (3.8.2),py,Accepted,96.0,18124.0,901,
s473040313,p02550,u317711717,1600547475,C++,C++ (GCC 9.2.1),cpp,Accepted,32.0,6732.0,2647,
s413714437,p02550,u615254596,1600547475,Python,Python (3.8.2),py,Accepted,77.0,20168.0,779,
s822829090,p02550,u876953939,1600547473,C++,C++ (GCC 9.2.1),cpp,Accepted,36.0,5920.0,2830,
s807044096,p02550,u277236383,1600547471,Python,PyPy3 (7.3.0),py,Accepted,73.0,76100.0,484,
s053279239,p02550,u951552552,1600547471,C++,C++ (GCC 9.2.1),cpp,Accepted,51.0,22312.0,4008,
s405010585,p02550,u678146855,1600547471,C++,C++ (GCC 9.2.1),cpp,Accepted,40.0,5912.0,1506,
s852001624,p02550,u303964289,1600547469,C++,C++ (GCC 9.2.1),cpp,Accepted,43.0,7712.0,5209,
s967340589,p02550,u274463010,1600547468,C++,C++ (GCC 9.2.1),cpp,Accepted,13.0,3976.0,792,
s197451601,p02550,u021548497,1600547467,Python,Python (3.8.2),py,Accepted,87.0,12084.0,1149,
s987780660,p02550,u408325839,1600547467,Python,Python (3.8.2),py,Accepted,67.0,13472.0,495,
s465898010,p02550,u711923246,1600547464,C++,C++ (GCC 9.2.1),cpp,Accepted,35.0,6340.0,620,
s801935776,p02550,u242031676,1600547463,C++,C++ (GCC 9.2.1),cpp,Accepted,40.0,6064.0,760,
s707490141,p02550,u269522788,1600547461,C++,C++ (GCC 9.2.1),cpp,Accepted,75.0,9788.0,2146,
s856371687,p02550,u045575753,1600547458,C++,C++ (GCC 9.2.1),cpp,Accepted,39.0,5880.0,1828,
s206954526,p02550,u709642503,1600547455,C++,C++ (GCC 9.2.1),cpp,Accepted,10.0,5240.0,808,
s268589416,p02550,u374512062,1600547455,C++,C++ (GCC 9.2.1),cpp,Accepted,8.0,5188.0,1824,
s247585317,p02550,u813528589,1600547454,C++,C++ (GCC 9.2.1),cpp,Accepted,18.0,8336.0,2267,
s662029471,p02550,u028014484,1600547453,C++,C++ (GCC 9.2.1),cpp,Accepted,23.0,5460.0,2046,
s208234695,p02550,u961223096,1600547446,C++,C++ (GCC 9.2.1),cpp,Accepted,25.0,6332.0,4271,
s822101004,p02550,u448205469,1600547445,C++,C++ (GCC 9.2.1),cpp,Accepted,6.0,4704.0,581,
s549362223,p02550,u059940903,1600547444,Python,PyPy3 (7.3.0),py,Accepted,80.0,72280.0,678,
s569500876,p02550,u184335045,1600547443,C++,C++ (GCC 9.2.1),cpp,Accepted,36.0,6772.0,1866,
s216362566,p02550,u855455866,1600547440,C++,C++ (GCC 9.2.1),cpp,Accepted,10.0,5244.0,1267,
s471341886,p02550,u740014696,1600547438,C++,C++ (GCC 9.2.1),cpp,Accepted,38.0,6648.0,1116,
s293266009,p02550,u787679173,1600547437,C++,C++ (GCC 9.2.1),cpp,Accepted,55.0,6644.0,1283,
s518343155,p02550,u278094682,1600547432,C++,C++ (GCC 9.2.1),cpp,Accepted,33.0,6712.0,757,
s326408016,p02550,u133977867,1600547432,C++,C++ (GCC 9.2.1),cpp,Accepted,9.0,4928.0,1563,
s074086184,p02550,u314355819,1600547430,C++,C++ (GCC 9.2.1),cpp,Accepted,34.0,6740.0,3531,
s878045248,p02550,u902151549,1600547430,Python,PyPy3 (7.3.0),py,Accepted,716.0,87944.0,9092,
s498077247,p02550,u650243369,1600547429,C++,C++ (GCC 9.2.1),cpp,Accepted,9.0,3980.0,809,
s208297488,p02550,u800948590,1600547429,C++,C++ (GCC 9.2.1),cpp,Accepted,11.0,4424.0,981,
s274755990,p02550,u883621917,1600547429,Python,PyPy3 (7.3.0),py,Accepted,796.0,68864.0,664,
s518336912,p02550,u237390401,1600547423,C++,C++ (GCC 9.2.1),cpp,Accepted,14.0,4828.0,953,
s707006875,p02550,u078104157,1600547412,C++,C++ (GCC 9.2.1),cpp,Accepted,7.0,4008.0,1140,
s097611867,p02550,u169165784,1600547410,Python,Python (3.8.2),py,Accepted,54.0,13448.0,564,
s463850719,p02550,u321954370,1600547407,C++,C++ (GCC 9.2.1),cpp,Accepted,543.0,4800.0,1476,
s144451483,p02550,u798136015,1600547402,Python,PyPy3 (7.3.0),py,Accepted,71.0,77024.0,463,
s202575211,p02550,u374531474,1600547402,Python,Python (3.8.2),py,Accepted,54.0,17556.0,360,
s439091216,p02550,u943657771,1600547398,C++,C++ (GCC 9.2.1),cpp,Accepted,7.0,2456.0,475,
s563327163,p02550,u211259428,1600547396,C++,C++ (GCC 9.2.1),cpp,Accepted,9.0,3712.0,1787,
s115941819,p02550,u497046426,1600547394,Python,Python (3.8.2),py,Accepted,66.0,13892.0,388,
s419464249,p02550,u714642969,1600547390,Python,PyPy3 (7.3.0),py,Accepted,99.0,71964.0,782,
s042198757,p02550,u038427389,1600547389,C++,C++ (GCC 9.2.1),cpp,Accepted,35.0,5944.0,1435,
s496335076,p02550,u426657245,1600547388,C++,C++ (GCC 9.2.1),cpp,Accepted,35.0,6004.0,953,
s510730419,p02550,u639203570,1600547384,C++,C++ (GCC 9.2.1),cpp,Accepted,10.0,4556.0,910,
s702639354,p02550,u452374373,1600547380,C++,C++ (GCC 9.2.1),cpp,Accepted,10.0,4368.0,2181,
s059485255,p02550,u210112048,1600547379,C++,C++ (GCC 9.2.1),cpp,Accepted,31.0,6748.0,1756,
s472328994,p02550,u116774833,1600547378,C++,C++ (GCC 9.2.1),cpp,Accepted,14.0,4740.0,957,
s116489629,p02550,u486302165,1600547373,C++,C++ (GCC 9.2.1),cpp,Accepted,18.0,5028.0,1085,
s483027020,p02550,u109975030,1600547372,C++,C++ (GCC 9.2.1),cpp,Accepted,138.0,50456.0,634,
s298098078,p02550,u909815117,1600547368,C++,C++ (GCC 9.2.1),cpp,Accepted,7.0,3912.0,1580,
s703215257,p02550,u597553490,1600547362,C++,C++ (GCC 9.2.1),cpp,Accepted,9.0,4040.0,2107,
s094838566,p02550,u642012866,1600547362,Python,Python (3.8.2),py,Accepted,98.0,16868.0,469,
s036687488,p02550,u707808519,1600547358,Python,Python (3.8.2),py,Accepted,50.0,13464.0,336,
s714044227,p02550,u102070373,1600547357,C++,C++ (GCC 9.2.1),cpp,Accepted,11.0,4372.0,570,
s618772234,p02550,u571086530,1600547353,C++,C++ (GCC 9.2.1),cpp,Accepted,5.0,4776.0,2880,
s624037187,p02550,u565008674,1600547345,C++,C++ (GCC 9.2.1),cpp,Accepted,11.0,4692.0,588,
s786756448,p02550,u438107828,1600547344,C++,C++ (GCC 9.2.1),cpp,Accepted,6.0,2464.0,1529,
s293849908,p02550,u038323046,1600547342,C++,C++ (GCC 9.2.1),cpp,Accepted,37.0,6768.0,2790,
s710502834,p02550,u093973314,1600547341,C++,C++ (GCC 9.2.1),cpp,Accepted,17.0,4400.0,1079,
s285064135,p02550,u216365880,1600547340,C++,C++ (GCC 9.2.1),cpp,Accepted,28.0,5828.0,745,
s827099151,p02550,u688287225,1600547330,C++,C++ (GCC 9.2.1),cpp,Accepted,8.0,5216.0,2310,
s756283392,p02550,u437990671,1600547329,Python,PyPy3 (7.3.0),py,Accepted,81.0,77076.0,1252,
s465849799,p02550,u451748673,1600547326,C++,C++ (GCC 9.2.1),cpp,Accepted,54.0,6344.0,1832,
s959822666,p02550,u766512448,1600547322,C++,C++ (GCC 9.2.1),cpp,Accepted,75.0,9836.0,2356,
s819464748,p02550,u086503932,1600547318,Python,PyPy3 (7.3.0),py,Accepted,113.0,78320.0,944,
s008649977,p02550,u729972685,1600547313,Python,PyPy3 (7.3.0),py,Accepted,72.0,76848.0,533,
s436283720,p02550,u593307566,1600547297,C++,C++ (GCC 9.2.1),cpp,Accepted,749.0,3856.0,1758,
s237370635,p02550,u756289568,1600547296,C++,C++ (GCC 9.2.1),cpp,Accepted,15.0,4036.0,2103,
s927941771,p02550,u686962993,1600547295,C++,C++ (GCC 9.2.1),cpp,Accepted,39.0,6292.0,940,
s846376920,p02550,u572782845,1600547295,C++,C++ (GCC 9.2.1),cpp,Accepted,367.0,3712.0,1320,
s558641121,p02550,u054016199,1600547294,C++,C++ (GCC 9.2.1),cpp,Accepted,37.0,6676.0,1355,
s739400567,p02550,u538239871,1600547292,C++,C++ (GCC 9.2.1),cpp,Accepted,12.0,4320.0,14973,
s998051340,p02550,u398221039,1600547289,C++,C++ (GCC 9.2.1),cpp,Accepted,7.0,4044.0,1063,
s731331448,p02550,u819139607,1600547281,C++,C++ (GCC 9.2.1),cpp,Accepted,7.0,4732.0,885,
s508959754,p02550,u311371298,1600547276,C++,C++ (GCC 9.2.1),cpp,Accepted,11.0,3980.0,528,
s524228176,p02550,u927520692,1600547275,C++,C++ (GCC 9.2.1),cpp,Accepted,11.0,4420.0,1556,
s627684447,p02550,u589969467,1600547273,Python,PyPy3 (7.3.0),py,Accepted,795.0,68400.0,553,
s764246222,p02550,u509420256,1600547272,C++,C++ (GCC 9.2.1),cpp,Accepted,8.0,4268.0,2089,
s560265376,p02550,u239087789,1600547271,C++,C++ (GCC 9.2.1),cpp,Accepted,36.0,6628.0,735,
s549301203,p02550,u427807693,1600547270,C++,C++ (GCC 9.2.1),cpp,Accepted,10.0,3784.0,1135,
s650734351,p02550,u557494880,1600547266,Python,Python (3.8.2),py,Accepted,86.0,19456.0,441,
s808916903,p02550,u061888329,1600547263,C++,C++ (GCC 9.2.1),cpp,Accepted,18.0,6312.0,1542,
s506140710,p02550,u828593789,1600547260,C++,C++ (GCC 9.2.1),cpp,Accepted,8.0,3968.0,1366,
s390476972,p02550,u236658355,1600547259,C++,C++ (GCC 9.2.1),cpp,Accepted,7.0,4048.0,1080,
s856801980,p02550,u565725860,1600547255,C++,C++ (GCC 9.2.1),cpp,Accepted,33.0,7784.0,1969,
s028868830,p02550,u212888465,1600547248,C++,C++ (GCC 9.2.1),cpp,Accepted,35.0,7124.0,2498,
s289212884,p02550,u908484929,1600547245,C++,C++ (GCC 9.2.1),cpp,Accepted,20.0,5556.0,3279,
s305732025,p02550,u305774325,1600547244,C++,C++ (GCC 9.2.1),cpp,Accepted,11.0,5200.0,1258,
s681830810,p02550,u443975466,1600547242,C++,C++ (GCC 9.2.1),cpp,Accepted,46.0,7216.0,2694,
s363587626,p02550,u106297876,1600547241,C++,C++ (GCC 9.2.1),cpp,Accepted,39.0,6664.0,3336,
s507798826,p02550,u747602774,1600547240,Python,PyPy3 (7.3.0),py,Accepted,79.0,72372.0,675,
s598121444,p02550,u187120096,1600547240,C++,C++ (GCC 9.2.1),cpp,Accepted,9.0,4952.0,2448,
s492661297,p02550,u126146165,1600547233,C++,C++ (GCC 9.2.1),cpp,Accepted,38.0,7140.0,1132,
s050088046,p02550,u571969099,1600547231,Python,PyPy3 (7.3.0),py,Accepted,385.0,168992.0,399,
s967646457,p02550,u670961163,1600547229,Python,PyPy3 (7.3.0),py,Accepted,805.0,68672.0,1018,
s257492464,p02550,u504403442,1600547227,C++,C++ (GCC 9.2.1),cpp,Accepted,33.0,4772.0,1814,
s797680129,p02550,u427344224,1600547225,C++,C++ (GCC 9.2.1),cpp,Accepted,37.0,5896.0,1811,
s496899993,p02550,u505492660,1600547220,C++,C++ (GCC 9.2.1),cpp,Accepted,37.0,6708.0,971,
s246303156,p02550,u663733313,1600547219,C++,C++ (GCC 9.2.1),cpp,Accepted,7.0,4780.0,1420,
s677260215,p02550,u160204399,1600547213,Python,PyPy3 (7.3.0),py,Accepted,796.0,68432.0,595,
s413614803,p02550,u342563578,1600547212,Python,PyPy3 (7.3.0),py,Accepted,80.0,73828.0,657,
s574210949,p02550,u268674269,1600547211,C++,C++ (GCC 9.2.1),cpp,Accepted,16.0,4752.0,581,
s734920489,p02550,u749042636,1600547209,C++,C++ (GCC 9.2.1),cpp,Accepted,11.0,4656.0,1884,
s281086013,p02550,u947236878,1600547209,C++,C++ (GCC 9.2.1),cpp,Accepted,9.0,3728.0,15629,
s852804039,p02550,u466435483,1600547205,C++,C++ (GCC 9.2.1),cpp,Accepted,44.0,7464.0,1762,
s580161452,p02550,u775826510,1600547203,C++,C++ (GCC 9.2.1),cpp,Accepted,33.0,5860.0,1596,
s992628891,p02550,u095426154,1600547202,Python,PyPy3 (7.3.0),py,Accepted,73.0,73312.0,657,
s399842773,p02550,u197956883,1600547201,Python,PyPy3 (7.3.0),py,Accepted,831.0,77664.0,2087,
s497755049,p02550,u627600101,1600547200,Python,PyPy3 (7.3.0),py,Accepted,79.0,74096.0,854,
s492265108,p02550,u475723390,1600547200,C++,C++ (GCC 9.2.1),cpp,Accepted,63.0,10436.0,2190,
s597058468,p02550,u052298619,1600547197,C++,C++ (Clang 10.0.0),cpp,Accepted,16.0,4464.0,959,
s800696679,p02550,u535010493,1600547197,C++,C++ (GCC 9.2.1),cpp,Accepted,53.0,7816.0,2683,
s306964471,p02550,u399721252,1600547192,C++,C++ (GCC 9.2.1),cpp,Accepted,273.0,134824.0,10335,
s522980036,p02550,u115454768,1600547191,C++,C++ (GCC 9.2.1),cpp,Accepted,31.0,7504.0,1084,
s111341782,p02550,u792273212,1600547188,C++,C++ (GCC 9.2.1),cpp,Accepted,8.0,3992.0,1386,
s540364091,p02550,u661125252,1600547186,C++,C++ (GCC 9.2.1),cpp,Accepted,37.0,7080.0,3187,
s576494077,p02550,u218744484,1600547186,C++,C++ (GCC 9.2.1),cpp,Accepted,37.0,6788.0,2388,
s507301873,p02550,u300665398,1600547178,C++,C++ (GCC 9.2.1),cpp,Accepted,36.0,7092.0,1397,
s551960293,p02550,u965602776,1600547174,C++,C++ (GCC 9.2.1),cpp,Accepted,37.0,7148.0,802,
s190892642,p02550,u770018088,1600547172,Python,Python (3.8.2),py,Accepted,61.0,20064.0,629,
s363094834,p02550,u626186340,1600547171,C++,C++ (GCC 9.2.1),cpp,Accepted,52.0,9780.0,2193,
s427156018,p02550,u297738015,1600547170,C++,C++ (GCC 9.2.1),cpp,Accepted,40.0,6692.0,3269,
s424089349,p02550,u614875193,1600547170,Python,PyPy3 (7.3.0),py,Accepted,77.0,78364.0,858,
s434691327,p02550,u569690172,1600547167,C++,C++ (GCC 9.2.1),cpp,Accepted,38.0,7056.0,1020,
s910738316,p02550,u170201762,1600547167,Python,PyPy3 (7.3.0),py,Accepted,77.0,75244.0,439,
s455197986,p02550,u822994146,1600547167,C++,C++ (GCC 9.2.1),cpp,Accepted,24.0,8804.0,1185,
s592551780,p02550,u565905058,1600547165,C++,C++ (GCC 9.2.1),cpp,Accepted,32.0,5988.0,947,
s166272452,p02550,u751730221,1600547163,C++,C++ (GCC 9.2.1),cpp,Accepted,6.0,4712.0,1311,
s627970728,p02550,u380412651,1600547157,C++,C++ (GCC 9.2.1),cpp,Accepted,34.0,6224.0,846,
s572552699,p02550,u503228842,1600547156,Python,PyPy3 (7.3.0),py,Accepted,86.0,79324.0,1016,
s958770325,p02550,u050865477,1600547156,C++,C++ (GCC 9.2.1),cpp,Accepted,49.0,9736.0,3815,
s812620793,p02550,u599114793,1600547155,Python,PyPy3 (7.3.0),py,Accepted,71.0,70484.0,630,
s293370892,p02550,u961814767,1600547153,C++,C++ (GCC 9.2.1),cpp,Accepted,19.0,10692.0,2772,
s064156987,p02550,u311671153,1600547152,C++,C++ (GCC 9.2.1),cpp,Accepted,66.0,37484.0,4753,
s907766913,p02550,u208059640,1600547152,C++,C++ (GCC 9.2.1),cpp,Accepted,32.0,5984.0,1624,
s693605607,p02550,u184898414,1600547147,C++,C++ (GCC 9.2.1),cpp,Accepted,50.0,9764.0,986,
s180122621,p02550,u166378830,1600547146,C++,C++ (GCC 9.2.1),cpp,Accepted,65.0,6724.0,681,
s350167533,p02550,u160218791,1600547146,C++,C++ (GCC 9.2.1),cpp,Accepted,9.0,4260.0,878,
s986585926,p02550,u652490854,1600547143,C++,C++ (GCC 9.2.1),cpp,Accepted,65.0,7688.0,2701,
s966320694,p02550,u191135919,1600547138,C++,C++ (GCC 9.2.1),cpp,Accepted,9.0,4780.0,670,
s943511372,p02550,u714642046,1600547132,C++,C++ (GCC 9.2.1),cpp,Accepted,7.0,4344.0,776,
s734126060,p02550,u771306245,1600547130,C++,C++ (GCC 9.2.1),cpp,Accepted,37.0,6724.0,1703,
s094328826,p02550,u616794313,1600547117,C++,C++ (GCC 9.2.1),cpp,Accepted,39.0,20232.0,6892,
s169712542,p02550,u407892169,1600547112,C++,C++ (GCC 9.2.1),cpp,Accepted,9.0,5004.0,470,
s992441753,p02550,u287182213,1600547111,C++,C++ (GCC 9.2.1),cpp,Accepted,42.0,6620.0,5413,
s948350211,p02550,u923464546,1600547108,C++,C++ (GCC 9.2.1),cpp,Accepted,7.0,4520.0,9668,
s080179716,p02550,u317715099,1600547106,C++,C++ (GCC 9.2.1),cpp,Accepted,34.0,6692.0,1879,
s555805545,p02550,u028061225,1600547100,C++,C++ (GCC 9.2.1),cpp,Accepted,26.0,5932.0,1454,
s052155718,p02550,u030504180,1600547097,C++,C++ (GCC 9.2.1),cpp,Accepted,34.0,5924.0,769,
s564616712,p02550,u135957438,1600547097,C++,C++ (GCC 9.2.1),cpp,Accepted,9.0,4044.0,668,
s474252332,p02550,u285991898,1600547096,C++,C++ (GCC 9.2.1),cpp,Accepted,29.0,6708.0,1700,
s905416551,p02550,u535347736,1600547095,C++,C++ (GCC 9.2.1),cpp,Accepted,9.0,4672.0,8108,
s771043546,p02550,u603678740,1600547094,C++,C++ (GCC 9.2.1),cpp,Accepted,40.0,5916.0,1688,
s346320471,p02550,u175132119,1600547094,C++,C++ (GCC 9.2.1),cpp,Accepted,20.0,5516.0,1281,
s310904927,p02550,u297574184,1600547088,Python,PyPy3 (7.3.0),py,Accepted,68.0,64916.0,683,
s658650550,p02550,u416011173,1600547087,Python,Python (3.8.2),py,Accepted,60.0,13320.0,447,
s519836502,p02550,u579492926,1600547084,C++,C++ (GCC 9.2.1),cpp,Accepted,29.0,6672.0,1083,
s489225489,p02550,u703950586,1600547079,Python,PyPy3 (7.3.0),py,Accepted,120.0,70436.0,610,
s473720307,p02550,u880850253,1600547076,Python,Python (3.8.2),py,Accepted,83.0,12768.0,803,
s271836006,p02550,u985929170,1600547075,Python,PyPy3 (7.3.0),py,Accepted,800.0,68812.0,421,
s916539942,p02550,u073057072,1600547068,C++,C++ (GCC 9.2.1),cpp,Accepted,39.0,7152.0,1623,
s994057073,p02550,u364880574,1600547065,C++,C++ (GCC 9.2.1),cpp,Accepted,11.0,4684.0,639,
s698431889,p02550,u212786022,1600547064,Python,PyPy3 (7.3.0),py,Accepted,71.0,69364.0,748,
s352432077,p02550,u413573476,1600547064,C++,C++ (GCC 9.2.1),cpp,Accepted,32.0,7128.0,4562,
s922829701,p02550,u250472137,1600547061,C++,C++ (GCC 9.2.1),cpp,Accepted,19.0,5704.0,1260,
s519642123,p02550,u319625425,1600547060,C++,C++ (GCC 9.2.1),cpp,Accepted,10.0,4708.0,646,
s265421244,p02550,u218985806,1600547060,C++,C++ (GCC 9.2.1),cpp,Accepted,7.0,4764.0,1096,
s890150857,p02550,u107639613,1600547059,Python,PyPy3 (7.3.0),py,Accepted,98.0,89156.0,871,
s207404804,p02550,u862704043,1600547057,C++,C++ (GCC 9.2.1),cpp,Accepted,30.0,6748.0,1106,
s520035618,p02550,u958984779,1600547054,C++,C++ (GCC 9.2.1),cpp,Accepted,9.0,4776.0,5162,
s905752128,p02550,u118139836,1600547050,C++,C++ (Clang 10.0.0),cpp,Accepted,32.0,6584.0,1067,
s916969376,p02550,u098923136,1600547038,C++,C++ (GCC 9.2.1),cpp,Accepted,9.0,3860.0,724,
s449966786,p02550,u932277795,1600547035,C++,C++ (GCC 9.2.1),cpp,Accepted,24.0,5948.0,2234,
s394822420,p02550,u903311413,1600547030,C++,C++ (GCC 9.2.1),cpp,Accepted,31.0,6728.0,3681,
s484026568,p02550,u129134470,1600547029,C++,C++ (GCC 9.2.1),cpp,Accepted,9.0,4600.0,2152,
s157361537,p02550,u527984786,1600547022,C++,C++ (GCC 9.2.1),cpp,Accepted,12.0,5324.0,674,
s475083229,p02550,u174509352,1600547019,C++,C++ (GCC 9.2.1),cpp,Accepted,11.0,4280.0,1085,
s694053329,p02550,u966257731,1600547015,C++,C++ (GCC 9.2.1),cpp,Accepted,67.0,82188.0,719,
s688755340,p02550,u170199544,1600547015,C++,C++ (GCC 9.2.1),cpp,Accepted,24.0,3676.0,2293,
s873343996,p02550,u149991748,1600547014,Python,Python (3.8.2),py,Accepted,62.0,13132.0,464,
s030032756,p02550,u668388279,1600547007,C++,C++ (GCC 9.2.1),cpp,Accepted,33.0,6708.0,6144,
s381513459,p02550,u814970050,1600547005,C++,C++ (GCC 9.2.1),cpp,Accepted,6.0,4616.0,2689,
s229496601,p02550,u268554510,1600547003,Python,PyPy3 (7.3.0),py,Accepted,83.0,77420.0,458,
s022732816,p02550,u896004073,1600546998,Python,PyPy3 (7.3.0),py,Accepted,77.0,82848.0,518,
s572442090,p02550,u954634891,1600546993,C++,C++ (GCC 9.2.1),cpp,Accepted,41.0,6704.0,2967,
s565996712,p02550,u722640678,1600546992,C++,C++ (GCC 9.2.1),cpp,Accepted,15.0,5944.0,5894,
s824518783,p02550,u652660628,1600546990,C++,C++ (GCC 9.2.1),cpp,Accepted,43.0,6696.0,1571,
s196097956,p02550,u578913064,1600546981,C++,C++ (GCC 9.2.1),cpp,Accepted,64.0,6912.0,1286,
s746707929,p02550,u996262044,1600546981,C++,C++ (GCC 9.2.1),cpp,Accepted,19.0,5380.0,863,
s417420336,p02550,u268427584,1600546981,C++,C++ (GCC 9.2.1),cpp,Accepted,12.0,4288.0,1364,
s677398337,p02550,u912862653,1600546981,Python,PyPy3 (7.3.0),py,Accepted,439.0,76788.0,820,
s912649599,p02550,u380762346,1600546973,C++,C++ (GCC 9.2.1),cpp,Accepted,38.0,7116.0,1517,
s233608145,p02550,u358748139,1600546972,C++,C++ (GCC 9.2.1),cpp,Accepted,12.0,5192.0,1837,
s153947709,p02550,u814141689,1600546970,C++,C++ (GCC 9.2.1),cpp,Accepted,12.0,4576.0,2071,
s846717040,p02550,u981309686,1600546968,Python,Python (3.8.2),py,Accepted,91.0,14640.0,537,
s514510426,p02550,u129025021,1600546967,C++,C++ (GCC 9.2.1),cpp,Accepted,53.0,9828.0,3253,
s926816526,p02550,u108617242,1600546966,Python,PyPy3 (7.3.0),py,Accepted,110.0,78096.0,544,
s632612512,p02550,u150012595,1600546962,C++,C++ (GCC 9.2.1),cpp,Accepted,447.0,3708.0,979,
s768934785,p02550,u301260880,1600546959,C++,C++ (GCC 9.2.1),cpp,Accepted,8.0,4692.0,995,
s442365331,p02550,u604693716,1600546957,C++,C++ (GCC 9.2.1),cpp,Accepted,8.0,4700.0,1123,
s305445844,p02550,u817760251,1600546950,C++,C++ (GCC 9.2.1),cpp,Accepted,7.0,3736.0,740,
s581312941,p02550,u272628953,1600546949,C++,C++ (GCC 9.2.1),cpp,Accepted,13.0,4832.0,4676,
s875181571,p02550,u262801165,1600546947,Python,Python (3.8.2),py,Accepted,56.0,13108.0,699,
s641824179,p02550,u620059302,1600546943,C++,C++ (GCC 9.2.1),cpp,Accepted,34.0,5924.0,2550,
s721957971,p02550,u846922835,1600546942,Python,Python (3.8.2),py,Accepted,126.0,13488.0,428,
s926897711,p02550,u829737781,1600546940,C++,C++ (GCC 9.2.1),cpp,Accepted,11.0,5480.0,2480,
s803526890,p02550,u587202199,1600546932,C++,C++ (GCC 9.2.1),cpp,Accepted,7.0,4600.0,1464,
s430776499,p02550,u652009496,1600546931,C++,C++ (GCC 9.2.1),cpp,Accepted,13.0,6364.0,4020,
s121484181,p02550,u534800382,1600546930,C++,C++ (GCC 9.2.1),cpp,Accepted,40.0,7224.0,950,
s533762114,p02550,u405733072,1600546929,Python,PyPy3 (7.3.0),py,Accepted,797.0,68536.0,338,
s987861567,p02550,u042483626,1600546926,C++,C++ (GCC 9.2.1),cpp,Accepted,37.0,6732.0,1278,
s394133518,p02550,u830588156,1600546924,Python,PyPy3 (7.3.0),py,Accepted,804.0,70516.0,717,
s898719842,p02550,u046595819,1600546921,C++,C++ (GCC 9.2.1),cpp,Accepted,10.0,5044.0,894,
s698396598,p02550,u089668660,1600546921,C++,C++ (Clang 10.0.0),cpp,Accepted,35.0,7568.0,27312,
s721409333,p02550,u737491054,1600546920,C++,C++ (GCC 9.2.1),cpp,Accepted,9.0,4316.0,1225,
s143763190,p02550,u373908456,1600546920,C++,C++ (GCC 9.2.1),cpp,Accepted,49.0,9912.0,26439,
s130352614,p02550,u851470173,1600546918,C++,C++ (GCC 9.2.1),cpp,Accepted,30.0,6736.0,1625,
s708824430,p02550,u441744624,1600546914,C++,C++ (GCC 9.2.1),cpp,Accepted,58.0,11796.0,4921,
s310020956,p02550,u110383054,1600546913,C++,C++ (GCC 9.2.1),cpp,Accepted,32.0,5988.0,1474,
s606814211,p02550,u389007679,1600546912,C++,C++ (GCC 9.2.1),cpp,Accepted,74.0,50920.0,1930,
s524444365,p02550,u587857074,1600546908,C++,C++ (GCC 9.2.1),cpp,Accepted,35.0,6648.0,2118,
s953724712,p02550,u159723084,1600546900,Python,Python (3.8.2),py,Accepted,81.0,15972.0,573,
s806482452,p02550,u213317118,1600546899,C++,C++ (GCC 9.2.1),cpp,Accepted,40.0,7872.0,6184,
s331195778,p02550,u700507948,1600546896,C++,C++ (GCC 9.2.1),cpp,Accepted,8.0,5664.0,901,
s042253368,p02550,u823920817,1600546895,C++,C++ (GCC 9.2.1),cpp,Accepted,12.0,4716.0,1196,
s019333673,p02550,u035302873,1600546894,C++,C++ (GCC 9.2.1),cpp,Accepted,10.0,5248.0,973,
s503154240,p02550,u945228737,1600546892,Python,Python (3.8.2),py,Accepted,83.0,11316.0,1377,
s629401080,p02550,u098012509,1600546879,Python,Python (3.8.2),py,Accepted,73.0,18164.0,1106,
s163427552,p02550,u383713431,1600546878,Python,PyPy3 (7.3.0),py,Accepted,804.0,69024.0,651,
s325758927,p02550,u096171682,1600546878,C++,C++ (GCC 9.2.1),cpp,Accepted,50.0,7216.0,2777,
s350759072,p02550,u820087133,1600546870,Python,Python (3.8.2),py,Accepted,65.0,13948.0,377,
s509278880,p02550,u756659922,1600546870,C++,C++ (GCC 9.2.1),cpp,Accepted,34.0,7212.0,932,
s760739536,p02550,u616017354,1600546868,C++,C++ (GCC 9.2.1),cpp,Accepted,60.0,7040.0,1123,
s067479191,p02550,u608088992,1600546866,Python,Python (3.8.2),py,Accepted,53.0,9924.0,1292,
s677350290,p02550,u406379114,1600546865,Python,Python (3.8.2),py,Accepted,96.0,16284.0,588,
s835083858,p02550,u942697937,1600546864,Python,Python (3.8.2),py,Accepted,68.0,13652.0,376,
s961770702,p02550,u761529120,1600546863,Python,PyPy3 (7.3.0),py,Accepted,750.0,68472.0,624,
s361708178,p02550,u216459554,1600546860,C++,C++ (GCC 9.2.1),cpp,Accepted,12.0,4764.0,3732,
s349318709,p02550,u701017915,1600546854,Python,Python (3.8.2),py,Accepted,65.0,11900.0,484,
s589241771,p02550,u486097563,1600546852,C++,C++ (GCC 9.2.1),cpp,Accepted,11.0,4312.0,1196,
s999097925,p02550,u976983883,1600546847,C++,C++ (GCC 9.2.1),cpp,Accepted,28.0,5948.0,1689,
s843983928,p02550,u535027018,1600546844,C++,C++ (GCC 9.2.1),cpp,Accepted,8.0,5084.0,1511,
s225299278,p02550,u598050616,1600546843,C++,C++ (GCC 9.2.1),cpp,Accepted,60.0,9784.0,636,
s238901839,p02550,u671257784,1600546840,C++,C++ (GCC 9.2.1),cpp,Accepted,11.0,3644.0,5322,
s329782789,p02550,u329731898,1600546839,C++,C++ (Clang 10.0.0),cpp,Accepted,14.0,4124.0,834,
s657740825,p02550,u927463074,1600546838,C++,C++ (GCC 9.2.1),cpp,Accepted,27.0,5940.0,1112,
s511453649,p02550,u304121198,1600546837,C++,C++ (GCC 9.2.1),cpp,Accepted,35.0,6380.0,23538,
s437716519,p02550,u866091077,1600546833,C++,C++ (GCC 9.2.1),cpp,Accepted,9.0,5624.0,828,
s087125365,p02550,u952708174,1600546827,Python,PyPy3 (7.3.0),py,Accepted,79.0,76604.0,569,
s784207890,p02550,u087356957,1600546827,C++,C++ (GCC 9.2.1),cpp,Accepted,25.0,4020.0,2764,
s639597075,p02550,u698760125,1600546827,C++,C++ (GCC 9.2.1),cpp,Accepted,35.0,5984.0,1013,
s394219762,p02550,u977182183,1600546827,C++,C++ (GCC 9.2.1),cpp,Accepted,10.0,4340.0,2346,
s552536460,p02550,u663862781,1600546824,C++,C++ (GCC 9.2.1),cpp,Accepted,42.0,6688.0,1313,
s591261307,p02550,u028554976,1600546823,C++,C++ (GCC 9.2.1),cpp,Accepted,22.0,5572.0,3736,
s164106527,p02550,u752907966,1600546822,Python,Python (3.8.2),py,Accepted,82.0,14540.0,712,
s951168038,p02550,u785578220,1600546820,Python,PyPy3 (7.3.0),py,Accepted,774.0,69628.0,396,
s644577532,p02550,u642556730,1600546820,C++,C++ (GCC 9.2.1),cpp,Accepted,10.0,5200.0,4077,
s411287865,p02550,u702996070,1600546819,C++,C++ (GCC 9.2.1),cpp,Accepted,18.0,7864.0,1272,
s617460323,p02550,u906832993,1600546814,C++,C++ (GCC 9.2.1),cpp,Accepted,7.0,4636.0,1091,
s880281329,p02550,u102126195,1600546814,Python,PyPy3 (7.3.0),py,Accepted,77.0,77008.0,621,
s845888553,p02550,u599102815,1600546811,C++,C++ (GCC 9.2.1),cpp,Accepted,33.0,7944.0,723,
s800580887,p02550,u024340351,1600546810,Python,PyPy3 (7.3.0),py,Accepted,66.0,69172.0,626,
s884350510,p02550,u636478865,1600546807,C++,C++ (GCC 9.2.1),cpp,Accepted,10.0,4648.0,1876,
s041742106,p02550,u042605975,1600546807,C++,C++ (GCC 9.2.1),cpp,Accepted,8.0,5164.0,1570,
s023756183,p02550,u849073847,1600546795,C++,C++ (GCC 9.2.1),cpp,Accepted,26.0,5948.0,714,
s440257962,p02550,u824905100,1600546793,C++,C++ (GCC 9.2.1),cpp,Accepted,13.0,4840.0,23579,
s074767070,p02550,u412073904,1600546793,C++,C++ (GCC 9.2.1),cpp,Accepted,36.0,5996.0,2110,
s282571594,p02550,u187516587,1600546792,Python,PyPy3 (7.3.0),py,Accepted,78.0,66352.0,686,
s792484579,p02550,u559765551,1600546791,C++,C++ (GCC 9.2.1),cpp,Accepted,43.0,6672.0,964,
s082816075,p02550,u706730549,1600546787,C++,C++ (GCC 9.2.1),cpp,Accepted,49.0,8240.0,1351,
s591793105,p02550,u969748076,1600546787,C++,C++ (GCC 9.2.1),cpp,Accepted,319.0,3920.0,1092,
s357736948,p02550,u472675932,1600546786,C++,C++ (GCC 9.2.1),cpp,Accepted,40.0,6684.0,1347,
s625676918,p02550,u920808914,1600546786,C++,C++ (GCC 9.2.1),cpp,Accepted,24.0,6060.0,1531,
s774552469,p02550,u585482323,1600546785,Python,PyPy3 (7.3.0),py,Accepted,214.0,72208.0,1183,
s314656136,p02550,u868600519,1600546777,Python,PyPy3 (7.3.0),py,Accepted,119.0,75676.0,424,
s119201598,p02550,u986898382,1600546775,C++,C++ (GCC 9.2.1),cpp,Accepted,58.0,6676.0,1030,
s010505534,p02550,u182028356,1600546772,C++,C++ (GCC 9.2.1),cpp,Accepted,6.0,4776.0,1600,
s363320099,p02550,u959519702,1600546772,C++,C++ (GCC 9.2.1),cpp,Accepted,11.0,5584.0,3635,
s803732778,p02550,u544021245,1600546772,C++,C++ (GCC 9.2.1),cpp,Accepted,9.0,4996.0,2703,
s798963194,p02550,u608654778,1600546771,C++,C++ (GCC 9.2.1),cpp,Accepted,9.0,4708.0,672,
s486187018,p02550,u657353833,1600546771,C++,C++ (GCC 9.2.1),cpp,Accepted,31.0,6680.0,759,
s446283079,p02550,u652907854,1600546771,Python,Python (3.8.2),py,Accepted,88.0,21332.0,3538,
s951505328,p02550,u917282863,1600546770,C++,C++ (GCC 9.2.1),cpp,Accepted,41.0,6572.0,2019,
s631475816,p02550,u736524428,1600546766,Python,Python (3.8.2),py,Accepted,53.0,13936.0,822,
s054671793,p02550,u798359674,1600546764,C++,C++ (GCC 9.2.1),cpp,Accepted,31.0,5948.0,1418,
s010775499,p02550,u048773461,1600546761,C++,C++ (GCC 9.2.1),cpp,Accepted,9.0,3976.0,5042,
s838014023,p02550,u690904689,1600546760,C++,C++ (GCC 9.2.1),cpp,Accepted,43.0,15008.0,2114,
s485204708,p02550,u265250376,1600546753,C++,C++ (GCC 9.2.1),cpp,Accepted,7.0,4868.0,1982,
s121098718,p02550,u297590902,1600546751,C++,C++ (GCC 9.2.1),cpp,Accepted,21.0,5240.0,5177,
s026861743,p02550,u121706704,1600546750,C++,C++ (GCC 9.2.1),cpp,Accepted,35.0,6620.0,691,
s207843599,p02550,u339233484,1600546749,C++,C++ (GCC 9.2.1),cpp,Accepted,22.0,7832.0,1082,
s700386409,p02550,u348805958,1600546748,Python,PyPy3 (7.3.0),py,Accepted,75.0,77528.0,670,
s297326404,p02550,u229654503,1600546744,C++,C++ (GCC 9.2.1),cpp,Accepted,7.0,4700.0,1918,
s796040951,p02550,u450007962,1600546739,C++,C++ (GCC 9.2.1),cpp,Accepted,10.0,4400.0,1245,
s625877294,p02550,u499675841,1600546736,C++,C++ (GCC 9.2.1),cpp,Accepted,9.0,4480.0,4300,
s510796530,p02550,u883297128,1600546735,C++,C++ (GCC 9.2.1),cpp,Accepted,12.0,3804.0,777,
s789532404,p02550,u321475483,1600546735,C++,C++ (GCC 9.2.1),cpp,Accepted,11.0,3712.0,694,
s858322094,p02550,u888337853,1600546734,Python,PyPy3 (7.3.0),py,Accepted,149.0,82864.0,1220,
s253135187,p02550,u588794534,1600546731,Python,PyPy3 (7.3.0),py,Accepted,63.0,66252.0,426,
s243158523,p02550,u839953699,1600546728,C++,C++ (GCC 9.2.1),cpp,Accepted,34.0,6624.0,580,
s662329220,p02550,u927053131,1600546726,C++,C++ (GCC 9.2.1),cpp,Accepted,90.0,86468.0,968,
s915206499,p02550,u453683890,1600546720,Python,Python (3.8.2),py,Accepted,78.0,9244.0,520,
s128184792,p02550,u014270495,1600546719,C++,C++ (GCC 9.2.1),cpp,Accepted,32.0,5908.0,2562,
s137759053,p02550,u515131769,1600546716,C++,C++ (GCC 9.2.1),cpp,Accepted,8.0,3848.0,2631,
s721114258,p02550,u476225888,1600546714,Python,PyPy3 (7.3.0),py,Accepted,440.0,83280.0,944,
s674405723,p02550,u815148971,1600546712,C++,C++ (GCC 9.2.1),cpp,Accepted,19.0,11372.0,787,
s090326103,p02550,u045811375,1600546710,C++,C++ (GCC 9.2.1),cpp,Accepted,7.0,5188.0,599,
s666056618,p02550,u548624367,1600546706,C++,C++ (GCC 9.2.1),cpp,Accepted,7.0,4116.0,830,
s256505744,p02550,u362195835,1600546702,C++,C++ (GCC 9.2.1),cpp,Accepted,78.0,11120.0,3514,
s829558188,p02550,u159923090,1600546700,C++,C++ (GCC 9.2.1),cpp,Accepted,25.0,5500.0,1643,
s439711519,p02550,u552357043,1600546698,C++,C++ (GCC 9.2.1),cpp,Accepted,37.0,5820.0,1123,
s902379641,p02550,u073549161,1600546696,Python,PyPy3 (7.3.0),py,Accepted,73.0,77380.0,1300,
s138646505,p02550,u434398296,1600546696,C++,C++ (GCC 9.2.1),cpp,Accepted,31.0,6324.0,1937,
s254005001,p02550,u903005414,1600546694,Python,Python (3.8.2),py,Accepted,67.0,13324.0,1212,
s758353449,p02550,u071813064,1600546686,C++,C++ (GCC 9.2.1),cpp,Accepted,14.0,3628.0,661,
s779099416,p02550,u693025087,1600546685,Python,PyPy3 (7.3.0),py,Accepted,71.0,76816.0,1004,
s233867460,p02550,u491376630,1600546680,C++,C++ (GCC 9.2.1),cpp,Accepted,31.0,8504.0,873,
s761058701,p02550,u778814286,1600546677,C++,C++ (GCC 9.2.1),cpp,Accepted,14.0,4836.0,4406,
s619863483,p02550,u056461154,1600546676,C++,C++ (GCC 9.2.1),cpp,Accepted,11.0,3860.0,1738,
s716043094,p02550,u493148162,1600546673,C++,C++ (GCC 9.2.1),cpp,Accepted,10.0,4028.0,4266,
s343665140,p02550,u530935768,1600546671,C++,C++ (Clang 10.0.0),cpp,Accepted,11.0,4160.0,1713,
s326211422,p02550,u007640222,1600546668,C++,C++ (GCC 9.2.1),cpp,Accepted,16.0,4012.0,2543,
s180216080,p02550,u376911006,1600546667,C++,C++ (GCC 9.2.1),cpp,Accepted,58.0,9824.0,1878,
s123800893,p02550,u551627081,1600546666,C++,C++ (GCC 9.2.1),cpp,Accepted,18.0,9460.0,1138,
s076987280,p02550,u460878215,1600546654,C++,C++ (GCC 9.2.1),cpp,Accepted,48.0,9040.0,870,
s662801460,p02550,u934442292,1600546648,C++,C++ (GCC 9.2.1),cpp,Accepted,14.0,4572.0,2261,
s631521558,p02550,u655110382,1600546645,Python,PyPy3 (7.3.0),py,Accepted,793.0,69020.0,512,
s605452148,p02550,u691380397,1600546641,C++,C++ (GCC 9.2.1),cpp,Accepted,10.0,5208.0,1444,
s886208367,p02550,u970899068,1600546640,Python,PyPy3 (7.3.0),py,Accepted,86.0,77352.0,486,
s138527808,p02550,u895052567,1600546639,C++,C++ (GCC 9.2.1),cpp,Accepted,23.0,5204.0,2344,
s686921524,p02550,u915622184,1600546638,C++,C++ (GCC 9.2.1),cpp,Accepted,23.0,10668.0,553,
s761849492,p02550,u471823753,1600546637,C++,C++ (Clang 10.0.0),cpp,Accepted,7.0,3344.0,1212,
s163836496,p02550,u862412671,1600546633,C++,C++ (GCC 9.2.1),cpp,Accepted,8.0,4688.0,1035,
s106123610,p02550,u074445770,1600546631,C++,C++ (GCC 9.2.1),cpp,Accepted,12.0,4624.0,2674,
s150963610,p02550,u360574092,1600546629,Python,PyPy3 (7.3.0),py,Accepted,64.0,68536.0,475,
s970334740,p02550,u050087249,1600546627,C++,C++ (GCC 9.2.1),cpp,Accepted,51.0,9796.0,1356,
s536000115,p02550,u288484144,1600546622,C++,C++ (GCC 9.2.1),cpp,Accepted,8.0,4984.0,4849,
s989536154,p02550,u483858028,1600546618,C++,C++ (GCC 9.2.1),cpp,Accepted,7.0,3628.0,1206,
s620330463,p02550,u071221052,1600546616,C++,C++ (GCC 9.2.1),cpp,Accepted,13.0,4288.0,1750,
s784780589,p02550,u390801047,1600546613,C++,C++ (GCC 9.2.1),cpp,Accepted,37.0,7300.0,1271,
s283732973,p02550,u601256797,1600546610,C++,C++ (GCC 9.2.1),cpp,Accepted,9.0,4568.0,1943,
s502533844,p02550,u749598812,1600546610,C++,C++ (GCC 9.2.1),cpp,Accepted,19.0,6092.0,3100,
s745174456,p02550,u125545880,1600546609,Python,Python (3.8.2),py,Accepted,58.0,13776.0,460,
s888311710,p02550,u141304883,1600546607,Python,PyPy3 (7.3.0),py,Accepted,77.0,73432.0,504,
s175212474,p02550,u392283934,1600546604,C++,C++ (GCC 9.2.1),cpp,Accepted,16.0,5580.0,4235,
s151419286,p02550,u155416173,1600546600,C++,C++ (GCC 9.2.1),cpp,Accepted,40.0,6664.0,2526,
s896491240,p02550,u519759783,1600546590,C++,C++ (GCC 9.2.1),cpp,Accepted,6.0,4840.0,948,
s567641253,p02550,u299727087,1600546581,C++,C++ (GCC 9.2.1),cpp,Accepted,8.0,3868.0,1256,
s713865456,p02550,u954774382,1600546574,Python,Python (3.8.2),py,Accepted,91.0,15624.0,1980,
s389286909,p02550,u426143712,1600546572,C++,C++ (GCC 9.2.1),cpp,Accepted,7.0,4688.0,1132,
s627862321,p02550,u352248517,1600546567,C++,C++ (GCC 9.2.1),cpp,Accepted,11.0,3988.0,970,
s682727299,p02550,u079354932,1600546565,C++,C++ (GCC 9.2.1),cpp,Accepted,10.0,3832.0,1256,
s122962031,p02550,u586598623,1600546564,C++,C++ (GCC 9.2.1),cpp,Accepted,61.0,9836.0,892,
s706584742,p02550,u852690916,1600546563,Python,PyPy3 (7.3.0),py,Accepted,102.0,65432.0,509,
s504780290,p02550,u313845786,1600546561,C++,C++ (GCC 9.2.1),cpp,Accepted,32.0,7064.0,523,
s904493573,p02550,u843954136,1600546559,C++,C++ (GCC 9.2.1),cpp,Accepted,19.0,5456.0,1226,
s933776384,p02550,u621904504,1600546553,C++,C++ (GCC 9.2.1),cpp,Accepted,714.0,4844.0,959,
s787938126,p02550,u733246687,1600546553,C++,C++ (GCC 9.2.1),cpp,Accepted,13.0,5544.0,1144,
s683566217,p02550,u194908943,1600546551,C++,C++ (GCC 9.2.1),cpp,Accepted,12.0,4780.0,1866,
s726489527,p02550,u214685595,1600546550,C++,C++ (GCC 9.2.1),cpp,Accepted,35.0,5812.0,1166,
s181368565,p02550,u190463387,1600546541,C++,C++ (GCC 9.2.1),cpp,Accepted,9.0,4012.0,620,
s783066734,p02550,u127364468,1600546540,C++,C++ (GCC 9.2.1),cpp,Accepted,390.0,3716.0,1345,
s748621993,p02550,u785573018,1600546539,Python,Python (3.8.2),py,Accepted,70.0,13656.0,308,
s512442500,p02550,u171336585,1600546538,C++,C++ (GCC 9.2.1),cpp,Accepted,38.0,5928.0,963,
s050318219,p02550,u308012928,1600546537,C++,C++ (Clang 10.0.0),cpp,Accepted,13.0,3548.0,2142,
s171632519,p02550,u752774573,1600546531,Python,PyPy3 (7.3.0),py,Accepted,779.0,68776.0,383,
s631408318,p02550,u412388056,1600546529,C++,C++ (GCC 9.2.1),cpp,Accepted,9.0,4888.0,3573,
s424635140,p02550,u926099741,1600546524,C++,C++ (GCC 9.2.1),cpp,Accepted,29.0,5904.0,3464,
s089800183,p02550,u945359338,1600546523,C++,C++ (GCC 9.2.1),cpp,Accepted,24.0,6072.0,1187,
s306184276,p02550,u379947938,1600546522,C++,C++ (GCC 9.2.1),cpp,Accepted,10.0,3880.0,2982,
s465500700,p02550,u894258749,1600546519,Python,PyPy3 (7.3.0),py,Accepted,64.0,65320.0,570,
s570838340,p02550,u086921921,1600546519,C++,C++ (GCC 9.2.1),cpp,Accepted,7.0,4112.0,2323,
s490951055,p02550,u618540713,1600546518,C++,C++ (GCC 9.2.1),cpp,Accepted,36.0,7512.0,1530,
s540636119,p02550,u986591380,1600546518,C++,C++ (GCC 9.2.1),cpp,Accepted,33.0,6364.0,4640,
s901066454,p02550,u347579043,1600546517,C++,C++ (GCC 9.2.1),cpp,Accepted,8.0,4836.0,701,
s765671590,p02550,u821802586,1600546516,C++,C++ (Clang 10.0.0),cpp,Accepted,31.0,6316.0,6069,
s285682156,p02550,u494609869,1600546515,C++,C++ (GCC 9.2.1),cpp,Accepted,7.0,3960.0,1142,
s157996808,p02550,u487890493,1600546514,C++,C++ (GCC 9.2.1),cpp,Accepted,68.0,28196.0,726,
s101718804,p02550,u730257868,1600546513,Python,PyPy3 (7.3.0),py,Accepted,803.0,70468.0,379,
s322862823,p02550,u961136005,1600546510,C++,C++ (GCC 9.2.1),cpp,Accepted,53.0,6744.0,1278,
s797725859,p02550,u457901067,1600546507,Python,Python (3.8.2),py,Accepted,51.0,13676.0,560,
s288727498,p02550,u283869437,1600546506,C++,C++ (GCC 9.2.1),cpp,Accepted,7.0,4792.0,13285,
s762718405,p02550,u194393111,1600546505,C++,C++ (GCC 9.2.1),cpp,Accepted,14.0,4340.0,1298,
s368826922,p02550,u358254559,1600546503,Python,PyPy3 (7.3.0),py,Accepted,142.0,82072.0,550,
s582211027,p02550,u412408615,1600546501,C++,C++ (GCC 9.2.1),cpp,Accepted,385.0,3880.0,1473,
s588888614,p02550,u930574673,1600546492,Python,Python (3.8.2),py,Accepted,55.0,12144.0,389,
s322941013,p02550,u590927341,1600546491,C++,C++ (GCC 9.2.1),cpp,Accepted,7.0,4280.0,3031,
s418544089,p02550,u624076058,1600546490,C++,C++ (GCC 9.2.1),cpp,Accepted,9.0,4688.0,1145,
s247877287,p02550,u816645498,1600546488,C++,C++ (GCC 9.2.1),cpp,Accepted,9.0,3868.0,2357,
s741456393,p02550,u798643234,1600546485,C++,C++ (GCC 9.2.1),cpp,Accepted,38.0,7048.0,1551,
s545207691,p02550,u242898809,1600546484,C++,C++ (GCC 9.2.1),cpp,Accepted,8.0,5092.0,9653,
s987024425,p02550,u066651036,1600546484,C++,C++ (GCC 9.2.1),cpp,Accepted,35.0,7056.0,2234,
s546216522,p02550,u933468003,1600546482,C++,C++ (GCC 9.2.1),cpp,Accepted,8.0,4768.0,1144,
s415050216,p02550,u219197917,1600546481,Python,Python (3.8.2),py,Accepted,110.0,12984.0,670,
s996029234,p02550,u466335531,1600546481,C++,C++ (GCC 9.2.1),cpp,Accepted,10.0,4796.0,2979,
s023021167,p02550,u513805646,1600546480,C++,C++ (GCC 9.2.1),cpp,Accepted,40.0,6352.0,877,
s481443665,p02550,u960173075,1600546478,C++,C++ (GCC 9.2.1),cpp,Accepted,16.0,3752.0,1339,
s604328807,p02550,u564902833,1600546474,C++,C++ (GCC 9.2.1),cpp,Accepted,129.0,82200.0,5664,
s283335325,p02550,u259053514,1600546470,C++,C++ (GCC 9.2.1),cpp,Accepted,21.0,11104.0,10857,
s477478246,p02550,u616998927,1600546467,C++,C++ (GCC 9.2.1),cpp,Accepted,62.0,7044.0,1381,
s146878702,p02550,u495692658,1600546463,C++,C++ (GCC 9.2.1),cpp,Accepted,41.0,6448.0,893,
s394348332,p02550,u047102107,1600546462,Python,PyPy3 (7.3.0),py,Accepted,108.0,78008.0,1449,
s388190737,p02550,u092650292,1600546459,C++,C++ (GCC 9.2.1),cpp,Accepted,41.0,6744.0,2932,
s192263999,p02550,u764076797,1600546450,C++,C++ (GCC 9.2.1),cpp,Accepted,9.0,4400.0,1684,
s317644254,p02550,u621935300,1600546447,Python,PyPy2 (7.3.0),py,Accepted,83.0,83292.0,671,
s228601895,p02550,u820224016,1600546446,C++,C++ (GCC 9.2.1),cpp,Accepted,10.0,4796.0,651,
s737072317,p02550,u899432638,1600546438,C++,C++ (GCC 9.2.1),cpp,Accepted,36.0,6676.0,586,
s975912242,p02550,u768347697,1600546437,C++,C++ (GCC 9.2.1),cpp,Accepted,8.0,4676.0,1330,
s912864042,p02550,u283907492,1600546436,C++,C++ (GCC 9.2.1),cpp,Accepted,11.0,4612.0,1193,
s633169019,p02550,u203843959,1600546433,Python,PyPy3 (7.3.0),py,Accepted,76.0,77332.0,593,
s508755692,p02550,u475175114,1600546428,C++,C++ (GCC 9.2.1),cpp,Accepted,29.0,3880.0,1582,
s195658322,p02550,u914460803,1600546428,C++,C++ (GCC 9.2.1),cpp,Accepted,10.0,4696.0,1853,
s002025708,p02550,u052303665,1600546418,C++,C++ (GCC 9.2.1),cpp,Accepted,354.0,9108.0,1743,
s168308611,p02550,u564589929,1600546416,Python,PyPy3 (7.3.0),py,Accepted,119.0,71348.0,1883,
s666201190,p02550,u425758699,1600546413,C++,C++ (GCC 9.2.1),cpp,Accepted,39.0,5912.0,1965,
s191683310,p02550,u837951457,1600546410,C++,C++ (GCC 9.2.1),cpp,Accepted,11.0,6348.0,1485,
s657763860,p02550,u364129544,1600546406,C++,C++ (GCC 9.2.1),cpp,Accepted,30.0,5860.0,2137,
s236190370,p02550,u130020973,1600546403,C++,C++ (GCC 9.2.1),cpp,Accepted,11.0,4748.0,792,
s312704733,p02550,u944390835,1600546394,Python,PyPy3 (7.3.0),py,Accepted,70.0,75728.0,472,
s242902243,p02550,u438676660,1600546393,C++,C++ (GCC 9.2.1),cpp,Accepted,21.0,6100.0,1115,
s171291813,p02550,u024464154,1600546384,C++,C++ (GCC 9.2.1),cpp,Accepted,15.0,4748.0,1311,
s187432072,p02550,u123872895,1600546382,Python,Python (3.8.2),py,Accepted,63.0,13548.0,429,
s791803639,p02550,u218370804,1600546376,C++,C++ (GCC 9.2.1),cpp,Accepted,10.0,4744.0,1017,
s856386808,p02550,u113103329,1600546374,C++,C++ (GCC 9.2.1),cpp,Accepted,4.0,4332.0,639,
s824443941,p02550,u512551187,1600546374,Python,PyPy3 (7.3.0),py,Accepted,796.0,68416.0,285,
s423719554,p02550,u620480037,1600546370,Python,PyPy3 (7.3.0),py,Accepted,78.0,77608.0,492,
s848855106,p02550,u191114518,1600546366,C++,C++ (GCC 9.2.1),cpp,Accepted,8.0,4528.0,929,
s557974749,p02550,u340064601,1600546364,Python,Python (3.8.2),py,Accepted,70.0,13636.0,460,
s843031963,p02550,u777258731,1600546356,C++,C++ (GCC 9.2.1),cpp,Accepted,27.0,6404.0,985,
s035109234,p02550,u998646462,1600546353,C++,C++ (GCC 9.2.1),cpp,Accepted,7.0,4516.0,1021,
s215287134,p02550,u426683236,1600546352,C++,C++ (GCC 9.2.1),cpp,Accepted,11.0,6364.0,7487,
s810377069,p02550,u910582131,1600546350,C++,C++ (GCC 9.2.1),cpp,Accepted,11.0,4404.0,740,
s481936275,p02550,u120143737,1600546345,C++,C++ (GCC 9.2.1),cpp,Accepted,34.0,6720.0,1901,
s571059921,p02550,u087663048,1600546332,C++,C++ (GCC 9.2.1),cpp,Accepted,10.0,3980.0,2948,
s486648190,p02550,u152638361,1600546329,Python,Python (3.8.2),py,Accepted,58.0,13104.0,420,
s215771476,p02550,u693953100,1600546327,C++,C++ (GCC 9.2.1),cpp,Accepted,27.0,22744.0,1207,
s212308548,p02550,u517152997,1600546324,Python,PyPy3 (7.3.0),py,Accepted,81.0,73144.0,622,
s799567556,p02550,u070598651,1600546320,C++,C++ (GCC 9.2.1),cpp,Accepted,58.0,7240.0,1111,
s719494863,p02550,u145855676,1600546319,C++,C++ (GCC 9.2.1),cpp,Accepted,8.0,4752.0,605,
s231281511,p02550,u408650734,1600546319,C++,C++ (GCC 9.2.1),cpp,Accepted,10.0,4824.0,588,
s212035205,p02550,u572622695,1600546317,C++,C++ (GCC 9.2.1),cpp,Accepted,9.0,4852.0,4035,
s882259980,p02550,u885634168,1600546315,C++,C++ (GCC 9.2.1),cpp,Accepted,38.0,6756.0,2768,
s638276859,p02550,u474561976,1600546311,Python,PyPy3 (7.3.0),py,Accepted,75.0,77136.0,520,
s873749201,p02550,u222293734,1600546308,C++,C++ (GCC 9.2.1),cpp,Accepted,8.0,4872.0,2154,
s421903812,p02550,u319589470,1600546305,Python,PyPy3 (7.3.0),py,Accepted,835.0,75912.0,1756,
s772189390,p02550,u100277898,1600546302,Python,Python (3.8.2),py,Accepted,77.0,18592.0,828,
s158333109,p02550,u794807449,1600546299,C++,C++ (GCC 9.2.1),cpp,Accepted,34.0,7232.0,1439,
s279006297,p02550,u886860078,1600546298,C++,C++ (GCC 9.2.1),cpp,Accepted,7.0,4368.0,1207,
s022977773,p02550,u119148115,1600546295,Python,PyPy3 (7.3.0),py,Accepted,71.0,71800.0,1012,
s077346961,p02550,u976833038,1600546292,C++,C++ (GCC 9.2.1),cpp,Accepted,11.0,4808.0,1036,
s590363596,p02550,u625745764,1600546287,C++,C++ (GCC 9.2.1),cpp,Accepted,33.0,6332.0,1624,
s985228402,p02550,u216015528,1600546286,Python,Python (3.8.2),py,Accepted,77.0,13340.0,687,
s049129582,p02550,u364862909,1600546275,Python,PyPy3 (7.3.0),py,Accepted,76.0,83220.0,668,
s810342732,p02550,u675901950,1600546273,C++,C++ (GCC 9.2.1),cpp,Accepted,11.0,4632.0,2194,
s032749749,p02550,u394853232,1600546272,C++,C++ (GCC 9.2.1),cpp,Accepted,8.0,4516.0,2235,
s093574296,p02550,u813104775,1600546270,C++,C++ (GCC 9.2.1),cpp,Accepted,40.0,7464.0,1589,
s997243799,p02550,u138301572,1600546262,C++,C++ (GCC 9.2.1),cpp,Accepted,8.0,4328.0,827,
s846526689,p02550,u067983636,1600546262,Python,PyPy3 (7.3.0),py,Accepted,164.0,69764.0,958,
s594615036,p02550,u322177979,1600546259,C++,C++ (GCC 9.2.1),cpp,Accepted,50.0,9612.0,12578,
s621662187,p02550,u880221923,1600546257,C++,C++ (GCC 9.2.1),cpp,Accepted,79.0,17232.0,1224,
s507222437,p02550,u823083725,1600546257,C++,C++ (GCC 9.2.1),cpp,Accepted,37.0,11856.0,1616,
s009773086,p02550,u405276711,1600546256,Python,PyPy3 (7.3.0),py,Accepted,759.0,68584.0,475,
s981067260,p02550,u023958502,1600546254,C++,C++ (GCC 9.2.1),cpp,Accepted,12.0,4544.0,1025,
s594936466,p02550,u896741788,1600546254,Python,Python (3.8.2),py,Accepted,78.0,20164.0,632,
s011910181,p02550,u407160848,1600546248,Python,PyPy3 (7.3.0),py,Accepted,86.0,78368.0,1364,
s637660660,p02550,u832748306,1600546245,C++,C++ (GCC 9.2.1),cpp,Accepted,9.0,5312.0,894,
s094226222,p02550,u268793453,1600546245,C++,C++ (GCC 9.2.1),cpp,Accepted,7.0,3596.0,797,
s912590148,p02550,u283661333,1600546244,C++,C++ (GCC 9.2.1),cpp,Accepted,8.0,4404.0,8039,
s773563943,p02550,u108540384,1600546243,C++,C++ (GCC 9.2.1),cpp,Accepted,102.0,66696.0,739,
s162779128,p02550,u933384211,1600546241,C++,C++ (GCC 9.2.1),cpp,Accepted,9.0,5436.0,3672,
s130756185,p02550,u484460274,1600546239,C++,C++ (GCC 9.2.1),cpp,Accepted,13.0,5032.0,905,
s510151089,p02550,u772395065,1600546238,C++,C++ (GCC 9.2.1),cpp,Accepted,31.0,6700.0,2148,
s286792518,p02550,u133572490,1600546237,C++,C++ (GCC 9.2.1),cpp,Accepted,6.0,3888.0,1903,
s430509161,p02550,u456353530,1600546235,Python,PyPy3 (7.3.0),py,Accepted,78.0,65052.0,391,
s326877254,p02550,u415856060,1600546234,C++,C++ (GCC 9.2.1),cpp,Accepted,67.0,9840.0,916,
s569856548,p02550,u151864636,1600546230,C++,C++ (GCC 9.2.1),cpp,Accepted,33.0,6716.0,1529,
s454221906,p02550,u803893892,1600546228,C++,C++ (GCC 9.2.1),cpp,Accepted,37.0,6540.0,1682,
s472013915,p02550,u050301283,1600546226,C++,C++ (GCC 9.2.1),cpp,Accepted,34.0,7084.0,1159,
s691332219,p02550,u969408670,1600546222,Python,PyPy3 (7.3.0),py,Accepted,73.0,77192.0,374,
s705679284,p02550,u926598368,1600546220,C++,C++ (GCC 9.2.1),cpp,Accepted,6.0,4312.0,1765,
s876005189,p02550,u115927976,1600546219,C++,C++ (GCC 9.2.1),cpp,Accepted,10.0,4772.0,2663,
s932391963,p02550,u432010253,1600546219,C++,C++ (GCC 9.2.1),cpp,Accepted,36.0,5892.0,1470,
s359844391,p02550,u770808794,1600546215,C++,C++ (GCC 9.2.1),cpp,Accepted,6.0,3724.0,1148,
s296756842,p02550,u567225946,1600546214,Python,PyPy3 (7.3.0),py,Accepted,799.0,69796.0,471,
s766893586,p02550,u745214511,1600546211,Python,Python (3.8.2),py,Accepted,63.0,20124.0,1807,
s191465036,p02550,u540315049,1600546210,C++,C++ (GCC 9.2.1),cpp,Accepted,7.0,4820.0,1081,
s616610028,p02550,u205309198,1600546205,C++,C++ (GCC 9.2.1),cpp,Accepted,11.0,4620.0,672,
s421386662,p02550,u207097826,1600546204,Python,PyPy3 (7.3.0),py,Accepted,79.0,79956.0,721,
s216346013,p02550,u421868925,1600546202,C++,C++ (GCC 9.2.1),cpp,Accepted,5.0,4576.0,715,
s516212502,p02550,u488653646,1600546200,C++,C++ (GCC 9.2.1),cpp,Accepted,18.0,6436.0,7755,
s982784269,p02550,u233690053,1600546199,C++,C++ (GCC 9.2.1),cpp,Accepted,19.0,9824.0,1245,
s386486169,p02550,u355859173,1600546196,C++,C++ (GCC 9.2.1),cpp,Accepted,41.0,7456.0,1502,
s462637099,p02550,u651116403,1600546194,C++,C++ (GCC 9.2.1),cpp,Accepted,8.0,4728.0,1451,
s351651539,p02550,u492910842,1600546193,Python,PyPy3 (7.3.0),py,Accepted,65.0,66908.0,336,
s512778413,p02550,u581707881,1600546191,Python,PyPy3 (7.3.0),py,Accepted,70.0,79120.0,461,
s434075674,p02550,u030090262,1600546189,C++,C++ (GCC 9.2.1),cpp,Accepted,7.0,4408.0,5745,
s122316053,p02550,u252003255,1600546185,C++,C++ (GCC 9.2.1),cpp,Accepted,8.0,3628.0,957,
s405049806,p02550,u135346354,1600546182,Python,Python (3.8.2),py,Accepted,90.0,11916.0,585,
s936001273,p02550,u523741095,1600546180,C++,C++ (GCC 9.2.1),cpp,Accepted,43.0,7484.0,1512,
s113692932,p02550,u079232599,1600546177,C++,C++ (GCC 9.2.1),cpp,Accepted,6.0,4544.0,565,
s098596355,p02550,u054274920,1600546175,Python,PyPy3 (7.3.0),py,Accepted,101.0,73524.0,452,
s747618811,p02550,u919970507,1600546175,C++,C++ (GCC 9.2.1),cpp,Accepted,14.0,5528.0,1942,
s224625029,p02550,u321094662,1600546170,C++,C++ (GCC 9.2.1),cpp,Accepted,12.0,4516.0,798,
s186018105,p02550,u269806533,1600546169,C++,C++ (GCC 9.2.1),cpp,Accepted,5.0,4920.0,799,
s823855371,p02550,u074220993,1600546168,Python,Python (3.8.2),py,Accepted,56.0,13712.0,419,
s093515450,p02550,u860002137,1600546168,Python,Python (3.8.2),py,Accepted,96.0,13432.0,569,
s225819928,p02550,u602500004,1600546167,Python,PyPy3 (7.3.0),py,Accepted,72.0,77268.0,1126,
s835353263,p02550,u718453321,1600546165,C++,C++ (GCC 9.2.1),cpp,Accepted,42.0,7508.0,1664,
s248339999,p02550,u605168157,1600546163,C++,C++ (GCC 9.2.1),cpp,Accepted,63.0,59200.0,2504,
s504739789,p02550,u154756110,1600546158,C++,C++ (GCC 9.2.1),cpp,Accepted,8.0,4836.0,1237,
s499285439,p02550,u519923151,1600546158,Python,Python (3.8.2),py,Accepted,58.0,13712.0,554,
s433458084,p02550,u951704061,1600546146,C++,C++ (GCC 9.2.1),cpp,Accepted,8.0,4208.0,1007,
s338835333,p02550,u660918420,1600546146,C++,C++ (GCC 9.2.1),cpp,Accepted,9.0,5196.0,718,
s990636582,p02550,u161190523,1600546144,C++,C++ (GCC 9.2.1),cpp,Accepted,34.0,6640.0,1821,
s748164808,p02550,u203927510,1600546141,C++,C++ (GCC 9.2.1),cpp,Accepted,38.0,14028.0,657,
s511357652,p02550,u489691149,1600546141,Python,Python (3.8.2),py,Accepted,60.0,14036.0,871,
s562207763,p02550,u232994913,1600546140,C++,C++ (GCC 9.2.1),cpp,Accepted,8.0,5288.0,1024,
s459907032,p02550,u228413842,1600546138,C++,C++ (GCC 9.2.1),cpp,Accepted,8.0,5232.0,1204,
s619824026,p02550,u703478625,1600546135,C++,C++ (GCC 9.2.1),cpp,Accepted,36.0,7068.0,953,
s497959137,p02550,u615662061,1600546134,C++,C++ (GCC 9.2.1),cpp,Accepted,9.0,5080.0,1234,
s312827628,p02550,u987913144,1600546130,C++,C++ (GCC 9.2.1),cpp,Accepted,14.0,3720.0,2077,
s068726035,p02550,u067694854,1600546129,C++,C++ (GCC 9.2.1),cpp,Accepted,9.0,5516.0,1674,
s735138889,p02550,u394289391,1600546127,C++,C++ (GCC 9.2.1),cpp,Accepted,32.0,6664.0,3050,
s582266250,p02550,u595135325,1600546127,C++,C++ (GCC 9.2.1),cpp,Accepted,38.0,8204.0,1541,
s242428030,p02550,u006883624,1600546126,Python,Python (3.8.2),py,Accepted,65.0,17396.0,807,
s579110424,p02550,u348231925,1600546122,C++,C++ (GCC 9.2.1),cpp,Accepted,49.0,9596.0,1543,
s928583817,p02550,u158422204,1600546122,C++,C++ (GCC 9.2.1),cpp,Accepted,10.0,5968.0,1024,
s367512498,p02550,u895363424,1600546120,C++,C++ (GCC 9.2.1),cpp,Accepted,38.0,5924.0,1991,
s686982869,p02550,u089177147,1600546120,C++,C++ (GCC 9.2.1),cpp,Accepted,41.0,6272.0,1885,
s722200948,p02550,u028221335,1600546120,C++,C++ (GCC 9.2.1),cpp,Accepted,43.0,6720.0,967,
s603699125,p02550,u975628651,1600546117,C++,C++ (GCC 9.2.1),cpp,Accepted,35.0,6692.0,1394,
s072318355,p02550,u228223940,1600546116,Python,PyPy3 (7.3.0),py,Accepted,82.0,71796.0,690,
s763665698,p02550,u625046108,1600546114,Python,PyPy3 (7.3.0),py,Accepted,80.0,75468.0,505,
s790041057,p02550,u299843956,1600546110,C++,C++ (Clang 10.0.0),cpp,Accepted,8.0,5260.0,1208,
s762360484,p02550,u490692562,1600546109,C++,C++ (GCC 9.2.1),cpp,Accepted,47.0,6708.0,1212,
s510942796,p02550,u857644621,1600546109,C++,C++ (GCC 9.2.1),cpp,Accepted,6.0,3284.0,1452,
s152947682,p02550,u165298644,1600546108,C++,C++ (GCC 9.2.1),cpp,Accepted,33.0,7876.0,1796,
s331870663,p02550,u971256474,1600546103,C++,C++ (GCC 9.2.1),cpp,Accepted,12.0,4740.0,3937,
s733557068,p02550,u700805562,1600546103,Python,PyPy3 (7.3.0),py,Accepted,70.0,70220.0,458,
s826453322,p02550,u116002573,1600546103,Python,PyPy3 (7.3.0),py,Accepted,81.0,78276.0,611,
s112566411,p02550,u788683948,1600546103,C++,C++ (GCC 9.2.1),cpp,Accepted,35.0,8508.0,3315,
s391420767,p02550,u537859408,1600546100,C++,C++ (GCC 9.2.1),cpp,Accepted,10.0,4516.0,3259,
s040558145,p02550,u752603777,1600546097,C++,C++ (GCC 9.2.1),cpp,Accepted,9.0,4700.0,2953,
s817111018,p02550,u009874178,1600546094,C++,C++ (GCC 9.2.1),cpp,Accepted,33.0,6740.0,4018,
s107195309,p02550,u757822045,1600546092,C++,C++ (GCC 9.2.1),cpp,Accepted,13.0,5204.0,2884,
s318751990,p02550,u096100827,1600546090,C++,C++ (GCC 9.2.1),cpp,Accepted,40.0,6712.0,1710,
s111970854,p02550,u094155508,1600546090,C++,C++ (Clang 10.0.0),cpp,Accepted,23.0,5036.0,1524,
s278827180,p02550,u787139585,1600546089,C++,C++ (GCC 9.2.1),cpp,Accepted,39.0,6768.0,1267,
s728272553,p02550,u414444658,1600546089,C++,C++ (GCC 9.2.1),cpp,Accepted,6.0,4776.0,3050,
s040399953,p02550,u835924161,1600546087,C++,C++ (GCC 9.2.1),cpp,Accepted,12.0,4772.0,4360,
s561477733,p02550,u708625735,1600546086,C++,C++ (GCC 9.2.1),cpp,Accepted,17.0,6344.0,1247,
s047900353,p02550,u233393801,1600546085,C++,C++ (GCC 9.2.1),cpp,Accepted,101.0,66676.0,1432,
s539455274,p02550,u281178641,1600546079,C++,C++ (GCC 9.2.1),cpp,Accepted,23.0,5644.0,1193,
s263140468,p02550,u252663009,1600546075,Python,PyPy3 (7.3.0),py,Accepted,78.0,77296.0,623,
s652756665,p02550,u913831587,1600546072,C++,C++ (GCC 9.2.1),cpp,Accepted,7.0,4680.0,587,
s252894554,p02550,u516353059,1600546070,C++,C++ (GCC 9.2.1),cpp,Accepted,9.0,3988.0,2219,
s009713165,p02550,u711238850,1600546070,Python,Python (3.8.2),py,Accepted,48.0,13112.0,525,
s308179993,p02550,u517474695,1600546067,C++,C++ (GCC 9.2.1),cpp,Accepted,10.0,5032.0,2079,
s484768429,p02550,u658243311,1600546066,C++,C++ (GCC 9.2.1),cpp,Accepted,10.0,5588.0,14990,
s414384570,p02550,u309716323,1600546065,Python,PyPy3 (7.3.0),py,Accepted,110.0,73664.0,905,
s450996310,p02550,u219873484,1600546061,C++,C++ (GCC 9.2.1),cpp,Accepted,40.0,7452.0,2931,
s427934106,p02550,u153686508,1600546054,C++,C++ (GCC 9.2.1),cpp,Accepted,10.0,4496.0,860,
s593889204,p02550,u612975321,1600546045,Python,PyPy3 (7.3.0),py,Accepted,113.0,72176.0,520,
s447254379,p02550,u030992242,1600546044,C++,C++ (GCC 9.2.1),cpp,Accepted,7.0,3988.0,1318,
s924269374,p02550,u701929021,1600546043,C++,C++ (Clang 10.0.0),cpp,Accepted,63.0,9424.0,1402,
s216627389,p02550,u552290152,1600546042,Python,PyPy3 (7.3.0),py,Accepted,70.0,73108.0,780,
s644703270,p02550,u291353306,1600546039,C++,C++ (GCC 9.2.1),cpp,Accepted,14.0,5016.0,1240,
s440766119,p02550,u305824645,1600546036,C++,C++ (GCC 9.2.1),cpp,Accepted,34.0,6672.0,3298,
s633293567,p02550,u691896522,1600546035,Python,PyPy3 (7.3.0),py,Accepted,73.0,77060.0,594,
s289927908,p02550,u908436921,1600546033,C++,C++ (GCC 9.2.1),cpp,Accepted,33.0,6468.0,1925,
s576934432,p02550,u337697979,1600546029,C++,C++ (GCC 9.2.1),cpp,Accepted,34.0,6704.0,2016,
s905396760,p02550,u970690920,1600546027,C++,C++ (GCC 9.2.1),cpp,Accepted,16.0,4012.0,796,
s605444786,p02550,u499381410,1600546027,Python,PyPy3 (7.3.0),py,Accepted,606.0,84516.0,1323,
s008156046,p02550,u572142121,1600546024,Python,PyPy3 (7.3.0),py,Accepted,759.0,67784.0,323,
s863117144,p02550,u859299768,1600546021,C++,C++ (GCC 9.2.1),cpp,Accepted,6.0,3780.0,842,
s551076494,p02550,u992471673,1600546018,C++,C++ (GCC 9.2.1),cpp,Accepted,11.0,4780.0,1034,
s419562260,p02550,u836004075,1600546011,Python,Python (3.8.2),py,Accepted,57.0,13676.0,757,
s313638451,p02550,u758815106,1600546009,Python,PyPy3 (7.3.0),py,Accepted,799.0,70808.0,567,
s356053550,p02550,u372556454,1600546006,C++,C++ (GCC 9.2.1),cpp,Accepted,9.0,4700.0,1303,
s485789551,p02550,u344030307,1600546005,Python,Python (3.8.2),py,Accepted,62.0,13232.0,365,
s391792121,p02550,u503629869,1600545993,C++,C++ (GCC 9.2.1),cpp,Accepted,10.0,4436.0,3091,
s352676896,p02550,u915103890,1600545990,C++,C++ (GCC 9.2.1),cpp,Accepted,6.0,3636.0,1015,
s782978831,p02550,u079603018,1600545989,C++,C++ (GCC 9.2.1),cpp,Accepted,8.0,4268.0,1485,
s989103328,p02550,u259396003,1600545987,C++,C++ (GCC 9.2.1),cpp,Accepted,8.0,4884.0,1256,
s523114002,p02550,u406492455,1600545983,Python,Python (3.8.2),py,Accepted,59.0,15684.0,350,
s808290275,p02550,u984276646,1600545981,Python,PyPy3 (7.3.0),py,Accepted,80.0,74144.0,581,
s289097507,p02550,u955282280,1600545979,C++,C++ (GCC 9.2.1),cpp,Accepted,33.0,6696.0,1299,
s203849446,p02550,u509304758,1600545977,C++,C++ (GCC 9.2.1),cpp,Accepted,15.0,5664.0,763,
s111224951,p02550,u105608888,1600545972,Python,Python (3.8.2),py,Accepted,82.0,13524.0,432,
s701694937,p02550,u478417863,1600545972,Python,PyPy3 (7.3.0),py,Accepted,807.0,71056.0,463,
s554743346,p02550,u513434790,1600545970,Python,Python (3.8.2),py,Accepted,56.0,13540.0,512,
s456213651,p02550,u882039496,1600545969,C++,C++ (GCC 9.2.1),cpp,Accepted,40.0,6736.0,1262,
s721950049,p02550,u609061751,1600545968,Python,PyPy3 (7.3.0),py,Accepted,72.0,77432.0,420,
s097996502,p02550,u748186564,1600545968,C++,C++ (GCC 9.2.1),cpp,Accepted,34.0,6584.0,844,
s524439159,p02550,u281168735,1600545966,C++,C++ (GCC 9.2.1),cpp,Accepted,41.0,6716.0,6029,
s249656005,p02550,u338418253,1600545964,C++,C++ (GCC 9.2.1),cpp,Accepted,38.0,5884.0,1671,
s816156498,p02550,u453366189,1600545961,C++,C++ (GCC 9.2.1),cpp,Accepted,9.0,4852.0,3669,
s848678373,p02550,u137731453,1600545958,C++,C++ (GCC 9.2.1),cpp,Accepted,12.0,5288.0,1403,
s429694675,p02550,u330661451,1600545956,C++,C++ (GCC 9.2.1),cpp,Accepted,9.0,4016.0,1452,
s383976378,p02550,u175426149,1600545952,C++,C++ (GCC 9.2.1),cpp,Accepted,48.0,6620.0,982,
s715037160,p02550,u097531277,1600545951,Python,PyPy3 (7.3.0),py,Accepted,80.0,73724.0,574,
s589800548,p02550,u920204936,1600545951,Python,PyPy3 (7.3.0),py,Accepted,794.0,68416.0,521,
s710600305,p02550,u807826857,1600545948,C++,C++ (GCC 9.2.1),cpp,Accepted,13.0,4708.0,1042,
s591840632,p02550,u770383516,1600545948,C++,C++ (GCC 9.2.1),cpp,Accepted,10.0,4728.0,3182,
s419833214,p02550,u280175105,1600545937,C++,C++ (GCC 9.2.1),cpp,Accepted,34.0,6708.0,1060,
s237945938,p02550,u277556971,1600545935,C++,C++ (GCC 9.2.1),cpp,Accepted,41.0,6200.0,3004,
s440837003,p02550,u081275802,1600545934,C++,C++ (GCC 9.2.1),cpp,Accepted,10.0,4792.0,1565,
s981153394,p02550,u818349438,1600545926,C++,C++ (GCC 9.2.1),cpp,Accepted,6.0,4644.0,2764,
s531004516,p02550,u768334187,1600545921,C++,C++ (GCC 9.2.1),cpp,Accepted,11.0,4416.0,2622,
s035291149,p02550,u956908227,1600545919,C++,C++ (GCC 9.2.1),cpp,Accepted,9.0,4840.0,607,
s370563390,p02550,u294050910,1600545915,C++,C++ (GCC 9.2.1),cpp,Accepted,14.0,4640.0,2092,
s038856375,p02550,u149999193,1600545913,C++,C++ (GCC 9.2.1),cpp,Accepted,33.0,6760.0,1958,
s886249521,p02550,u123525541,1600545909,Python,PyPy3 (7.3.0),py,Accepted,64.0,69616.0,716,
s534067031,p02550,u418879326,1600545907,C++,C++ (GCC 9.2.1),cpp,Accepted,38.0,6260.0,1716,
s968571351,p02550,u153798346,1600545907,C++,C++ (GCC 9.2.1),cpp,Accepted,36.0,6172.0,4146,
s586056641,p02550,u566159623,1600545906,Python,PyPy3 (7.3.0),py,Accepted,84.0,77984.0,793,
s719341502,p02550,u279317023,1600545906,Python,PyPy3 (7.3.0),py,Accepted,84.0,82176.0,658,
s501314269,p02550,u271653520,1600545906,C++,C++ (GCC 9.2.1),cpp,Accepted,8.0,5024.0,25258,
s519494329,p02550,u503512161,1600545901,C++,C++ (GCC 9.2.1),cpp,Accepted,13.0,3632.0,668,
s628865157,p02550,u439576126,1600545901,C++,C++ (GCC 9.2.1),cpp,Accepted,40.0,6744.0,962,
s328357775,p02550,u815140247,1600545898,C++,C++ (GCC 9.2.1),cpp,Accepted,37.0,7296.0,1309,
s795474485,p02550,u340969800,1600545898,C++,C++ (GCC 9.2.1),cpp,Accepted,9.0,3768.0,599,
s401157963,p02550,u325959156,1600545895,C++,C++ (GCC 9.2.1),cpp,Accepted,60.0,8540.0,841,
s290049357,p02550,u235396011,1600545893,C++,C++ (GCC 9.2.1),cpp,Accepted,34.0,7440.0,2715,
s746000851,p02550,u714715695,1600545892,C++,C++ (GCC 9.2.1),cpp,Accepted,21.0,5952.0,1490,
s868788866,p02550,u870527953,1600545889,C++,C++ (GCC 9.2.1),cpp,Accepted,15.0,4408.0,1546,
s701361416,p02550,u682672120,1600545888,Python,PyPy3 (7.3.0),py,Accepted,73.0,74124.0,468,
s982541183,p02550,u779728630,1600545882,Python,Python (3.8.2),py,Accepted,63.0,13592.0,805,
s457365037,p02550,u204667793,1600545881,C++,C++ (GCC 9.2.1),cpp,Accepted,35.0,5976.0,2086,
s270330262,p02550,u562935282,1600545877,Python,Python (3.8.2),py,Accepted,55.0,11180.0,1004,
s173710718,p02550,u190018920,1600545873,C++,C++ (GCC 9.2.1),cpp,Accepted,67.0,19340.0,2790,
s652394393,p02550,u292043617,1600545869,C++,C++ (GCC 9.2.1),cpp,Accepted,297.0,6364.0,2116,
s321528492,p02550,u643383200,1600545864,C++,C++ (GCC 9.2.1),cpp,Accepted,9.0,4848.0,2265,
s626667741,p02550,u393754572,1600545861,C++,C++ (GCC 9.2.1),cpp,Accepted,20.0,6760.0,1484,
s664957168,p02550,u684833327,1600545854,C++,C++ (GCC 9.2.1),cpp,Accepted,7.0,4776.0,5132,
s348055283,p02550,u664907598,1600545846,Python,Python (3.8.2),py,Accepted,77.0,14264.0,923,
s372759054,p02550,u995062424,1600545844,Python,Python (3.8.2),py,Accepted,60.0,13224.0,646,
s266960714,p02550,u408943305,1600545840,C++,C++ (GCC 9.2.1),cpp,Accepted,7.0,3840.0,1726,
s583050638,p02550,u979852867,1600545840,C++,C++ (GCC 9.2.1),cpp,Accepted,32.0,6692.0,1635,
s052728791,p02550,u653187094,1600545840,C++,C++ (GCC 9.2.1),cpp,Accepted,14.0,4768.0,6368,
s900115307,p02550,u934469795,1600545840,C++,C++ (GCC 9.2.1),cpp,Accepted,37.0,7200.0,2387,
s476025025,p02550,u118225776,1600545834,C++,C++ (Clang 10.0.0),cpp,Accepted,7.0,3596.0,1521,
s590275309,p02550,u334712262,1600545833,Python,PyPy3 (7.3.0),py,Accepted,864.0,88824.0,2159,
s273384337,p02550,u300866293,1600545832,C++,C++ (GCC 9.2.1),cpp,Accepted,8.0,4244.0,1735,
s102373985,p02550,u998084545,1600545828,C++,C++ (GCC 9.2.1),cpp,Accepted,39.0,7408.0,1458,
s809444269,p02550,u644497121,1600545828,C++,C++ (GCC 9.2.1),cpp,Accepted,12.0,5380.0,1101,
s788702611,p02550,u655663334,1600545824,Python,Python (3.8.2),py,Accepted,165.0,29796.0,779,
s872854714,p02550,u830224075,1600545820,C++,C++ (GCC 9.2.1),cpp,Accepted,662.0,3884.0,1793,
s495239672,p02550,u071282706,1600545813,C++,C++ (GCC 9.2.1),cpp,Accepted,8.0,3704.0,1114,
s132495135,p02550,u201553784,1600545809,C++,C++ (GCC 9.2.1),cpp,Accepted,33.0,5900.0,1481,
s110739736,p02550,u813174766,1600545806,C++,C++ (GCC 9.2.1),cpp,Accepted,12.0,3760.0,1129,
s720138860,p02550,u669551866,1600545802,C++,C++ (GCC 9.2.1),cpp,Accepted,41.0,7436.0,7042,
s925567443,p02550,u550146922,1600545800,Python,Python (3.8.2),py,Accepted,57.0,12244.0,426,
s799855538,p02550,u165403340,1600545800,C++,C++ (GCC 9.2.1),cpp,Accepted,33.0,6776.0,1823,
s447797944,p02550,u234762276,1600545799,C++,C++ (GCC 9.2.1),cpp,Accepted,9.0,4836.0,1216,
s220066398,p02550,u599568485,1600545792,C++,C++ (GCC 9.2.1),cpp,Accepted,8.0,4832.0,1134,
s585329194,p02550,u278057806,1600545791,Python,PyPy3 (7.3.0),py,Accepted,80.0,76608.0,622,
s258605114,p02550,u535555850,1600545789,C++,C++ (GCC 9.2.1),cpp,Accepted,8.0,4608.0,1990,
s480184740,p02550,u591816127,1600545788,C++,C++ (GCC 9.2.1),cpp,Accepted,33.0,5944.0,2706,
s222085493,p02550,u295361373,1600545788,Python,PyPy3 (7.3.0),py,Accepted,106.0,78164.0,1766,
s536061882,p02550,u127473726,1600545785,C++,C++ (GCC 9.2.1),cpp,Accepted,10.0,4132.0,1223,
s122573459,p02550,u061984624,1600545782,C++,C++ (GCC 9.2.1),cpp,Accepted,7.0,4244.0,3633,
s593916499,p02550,u294700660,1600545781,C++,C++ (GCC 9.2.1),cpp,Accepted,33.0,6692.0,4622,
s829125338,p02550,u169360767,1600545781,C++,C++ (GCC 9.2.1),cpp,Accepted,15.0,4672.0,1761,
s249324623,p02550,u374935093,1600545779,Python,PyPy3 (7.3.0),py,Accepted,78.0,79948.0,721,
s357337425,p02550,u413165887,1600545779,Python,Python (3.8.2),py,Accepted,79.0,14620.0,649,
s437825400,p02550,u382453321,1600545773,C++,C++ (GCC 9.2.1),cpp,Accepted,31.0,6736.0,1568,
s064487195,p02550,u087802159,1600545772,C++,C++ (GCC 9.2.1),cpp,Accepted,32.0,5940.0,1474,
s098011991,p02550,u227117171,1600545770,C++,C++ (GCC 9.2.1),cpp,Accepted,11.0,4840.0,1212,
s070164262,p02550,u640561074,1600545766,C++,C++ (GCC 9.2.1),cpp,Accepted,19.0,4760.0,960,
s612938076,p02550,u912012725,1600545764,C++,C++ (GCC 9.2.1),cpp,Accepted,10.0,5016.0,1413,
s928844694,p02550,u764522757,1600545757,C++,C++ (GCC 9.2.1),cpp,Accepted,7.0,4756.0,528,
s988285114,p02550,u276588887,1600545757,C++,C++ (GCC 9.2.1),cpp,Accepted,127.0,74708.0,7148,
s691376107,p02550,u616029737,1600545756,C++,C++ (GCC 9.2.1),cpp,Accepted,14.0,4636.0,5013,
s903494080,p02550,u215692812,1600545753,C++,C++ (GCC 9.2.1),cpp,Accepted,36.0,7204.0,2054,
s312320529,p02550,u719027159,1600545748,C++,C++ (GCC 9.2.1),cpp,Accepted,9.0,3988.0,4632,
s195227673,p02550,u622941671,1600545747,C++,C++ (GCC 9.2.1),cpp,Accepted,31.0,5932.0,1409,
s259211549,p02550,u994300470,1600545744,C++,C++ (GCC 9.2.1),cpp,Accepted,8.0,4784.0,3471,
s968966402,p02550,u002771327,1600545744,C++,C++ (GCC 9.2.1),cpp,Accepted,6.0,3940.0,1230,
s083055599,p02550,u929977034,1600545741,C++,C++ (GCC 9.2.1),cpp,Accepted,34.0,6640.0,2386,
s895095385,p02550,u257571179,1600545740,C++,C++ (GCC 9.2.1),cpp,Accepted,38.0,6728.0,1740,
s092983660,p02550,u397496203,1600545740,Python,PyPy3 (7.3.0),py,Accepted,180.0,76840.0,1189,
s564266229,p02550,u639426108,1600545740,C++,C++ (GCC 9.2.1),cpp,Accepted,11.0,4840.0,1787,
s572558852,p02550,u158826456,1600545739,C++,C++ (GCC 9.2.1),cpp,Accepted,36.0,7144.0,838,
s565345345,p02550,u172756003,1600545739,C++,C++ (GCC 9.2.1),cpp,Accepted,6.0,2260.0,828,
s281787449,p02550,u974620347,1600545727,C++,C++ (GCC 9.2.1),cpp,Accepted,11.0,3924.0,1523,
s207293042,p02550,u472402180,1600545724,C++,C++ (GCC 9.2.1),cpp,Accepted,48.0,9836.0,3134,
s184461222,p02550,u848736574,1600545722,C++,C++ (GCC 9.2.1),cpp,Accepted,34.0,7076.0,1619,
s411549977,p02550,u982630224,1600545722,C++,C++ (GCC 9.2.1),cpp,Accepted,30.0,5992.0,1422,
s577369970,p02550,u489959379,1600545719,Python,PyPy3 (7.3.0),py,Accepted,787.0,68728.0,853,
s698412431,p02550,u599895318,1600545714,C++,C++ (GCC 9.2.1),cpp,Accepted,12.0,4500.0,907,
s773224277,p02550,u066478371,1600545709,C++,C++ (GCC 9.2.1),cpp,Accepted,7.0,4324.0,3277,
s043806860,p02550,u316664957,1600545708,C++,C++ (GCC 9.2.1),cpp,Accepted,8.0,5068.0,1863,
s160698947,p02550,u216962796,1600545703,C++,C++ (GCC 9.2.1),cpp,Accepted,12.0,4780.0,3764,
s824652519,p02550,u395478557,1600545699,C++,C++ (GCC 9.2.1),cpp,Accepted,36.0,6740.0,1570,
s849118966,p02550,u676474080,1600545696,C++,C++ (GCC 9.2.1),cpp,Accepted,108.0,6676.0,2285,
s426266471,p02550,u588341295,1600545695,Python,PyPy3 (7.3.0),py,Accepted,315.0,171196.0,1322,
s801666909,p02550,u960369108,1600545692,C++,C++ (GCC 9.2.1),cpp,Accepted,24.0,6176.0,1448,
s373621612,p02550,u469936642,1600545692,Python,Python (3.8.2),py,Accepted,73.0,13076.0,436,
s295915107,p02550,u941753895,1600545691,Python,PyPy3 (7.3.0),py,Accepted,110.0,82700.0,933,
s069196615,p02550,u827841970,1600545689,C++,C++ (GCC 9.2.1),cpp,Accepted,8.0,4276.0,1292,
s119407790,p02550,u769095634,1600545688,Python,Python (3.8.2),py,Accepted,64.0,13120.0,631,
s414416400,p02550,u123577307,1600545685,C++,C++ (GCC 9.2.1),cpp,Accepted,8.0,3920.0,2866,
s812823107,p02550,u893584578,1600545682,C++,C++ (GCC 9.2.1),cpp,Accepted,49.0,9500.0,1362,
s211606422,p02550,u225388820,1600545680,Python,PyPy3 (7.3.0),py,Accepted,76.0,76908.0,344,
s293813484,p02550,u730769327,1600545679,Python,PyPy3 (7.3.0),py,Accepted,74.0,77736.0,205,
s365959566,p02550,u698623869,1600545677,C++,C++ (GCC 9.2.1),cpp,Accepted,62.0,7296.0,2223,
s987856179,p02550,u750252382,1600545672,C++,C++ (Clang 10.0.0),cpp,Accepted,12.0,4832.0,619,
s022353408,p02550,u525252690,1600545671,C++,C++ (GCC 9.2.1),cpp,Accepted,53.0,9732.0,1983,
s495133004,p02550,u020239256,1600545666,C++,C++ (GCC 9.2.1),cpp,Accepted,32.0,5840.0,1070,
s707928983,p02550,u828766688,1600545665,Python,PyPy3 (7.3.0),py,Accepted,874.0,144860.0,513,
s797542212,p02550,u721980697,1600545660,C++,C++ (GCC 9.2.1),cpp,Accepted,40.0,6272.0,1069,
s907616594,p02550,u450179832,1600545658,C++,C++ (GCC 9.2.1),cpp,Accepted,35.0,7144.0,1148,
s044226696,p02550,u894339989,1600545657,C++,C++ (GCC 9.2.1),cpp,Accepted,6.0,4636.0,1316,
s667789807,p02550,u208713671,1600545654,Python,PyPy3 (7.3.0),py,Accepted,72.0,78136.0,728,
s218597079,p02550,u367794409,1600545653,Python,PyPy3 (7.3.0),py,Accepted,803.0,70836.0,398,
s632341722,p02550,u232873434,1600545652,Python,PyPy3 (7.3.0),py,Accepted,795.0,68628.0,575,
s660578120,p02550,u816587940,1600545650,C++,C++ (GCC 9.2.1),cpp,Accepted,9.0,4660.0,1524,
s368829301,p02550,u422709620,1600545648,C++,C++ (GCC 9.2.1),cpp,Accepted,47.0,9124.0,948,
s140785785,p02550,u433390191,1600545647,C++,C++ (GCC 9.2.1),cpp,Accepted,11.0,4672.0,1670,
s026323881,p02550,u228295160,1600545641,C++,C++ (GCC 9.2.1),cpp,Accepted,14.0,4668.0,5935,
s195719822,p02550,u135358384,1600545641,C++,C++ (GCC 9.2.1),cpp,Accepted,118.0,176868.0,6370,
s483175692,p02550,u740836226,1600545637,C++,C++ (GCC 9.2.1),cpp,Accepted,43.0,7488.0,1930,
s856798995,p02550,u519717885,1600545636,C++,C++ (GCC 9.2.1),cpp,Accepted,18.0,6368.0,1868,
s310203805,p02550,u617826263,1600545634,C++,C++ (GCC 9.2.1),cpp,Accepted,8.0,3636.0,1177,
s057685031,p02550,u902666724,1600545634,C++,C++ (GCC 9.2.1),cpp,Accepted,8.0,4612.0,1977,
s518769046,p02550,u827202523,1600545631,Python,PyPy3 (7.3.0),py,Accepted,585.0,78560.0,1533,
s819666252,p02550,u043443359,1600545628,C++,C++ (GCC 9.2.1),cpp,Accepted,383.0,6600.0,13655,
s285381620,p02550,u833882415,1600545627,C++,C++ (GCC 9.2.1),cpp,Accepted,20.0,5392.0,763,
s562952537,p02550,u781762706,1600545626,C++,C++ (GCC 9.2.1),cpp,Accepted,10.0,4412.0,635,
s955970870,p02550,u834777932,1600545624,C++,C++ (GCC 9.2.1),cpp,Accepted,85.0,82100.0,13022,
s700306229,p02550,u852110531,1600545623,Python,PyPy3 (7.3.0),py,Accepted,122.0,78484.0,3082,
s825264698,p02550,u548163222,1600545620,C++,C++ (GCC 9.2.1),cpp,Accepted,7.0,5152.0,2704,
s419584833,p02550,u361558096,1600545620,C++,C++ (GCC 9.2.1),cpp,Accepted,45.0,9828.0,621,
s800928445,p02550,u116763463,1600545618,C++,C++ (GCC 9.2.1),cpp,Accepted,34.0,11128.0,1138,
s240891003,p02550,u017078415,1600545618,C++,C++ (GCC 9.2.1),cpp,Accepted,13.0,5552.0,1813,
s099079661,p02550,u278886389,1600545615,Python,PyPy3 (7.3.0),py,Accepted,83.0,66760.0,634,
s975640815,p02550,u253650710,1600545614,C++,C++ (GCC 9.2.1),cpp,Accepted,14.0,5152.0,1013,
s046880826,p02550,u302358383,1600545614,C++,C++ (GCC 9.2.1),cpp,Accepted,42.0,6672.0,1425,
s103473425,p02550,u898167769,1600545613,C++,C++ (GCC 9.2.1),cpp,Accepted,108.0,74472.0,2892,
s862242608,p02550,u242390649,1600545610,C++,C++ (GCC 9.2.1),cpp,Accepted,4.0,2216.0,832,
s562301689,p02550,u614550445,1600545607,C++,C++ (GCC 9.2.1),cpp,Accepted,9.0,3716.0,2162,
s346601085,p02550,u235172502,1600545606,C++,C++ (GCC 9.2.1),cpp,Accepted,36.0,5992.0,2437,
s263657077,p02550,u879436400,1600545605,C++,C++ (GCC 9.2.1),cpp,Accepted,6.0,4192.0,1472,
s372167986,p02550,u146981714,1600545602,C++,C++ (GCC 9.2.1),cpp,Accepted,7.0,4248.0,956,
s567507277,p02550,u594787118,1600545597,C++,C++ (GCC 9.2.1),cpp,Accepted,46.0,6736.0,2545,
s111563564,p02550,u514731354,1600545595,C++,C++ (GCC 9.2.1),cpp,Accepted,33.0,7224.0,3793,
s090280569,p02550,u265187423,1600545595,C++,C++ (GCC 9.2.1),cpp,Accepted,38.0,6992.0,616,
s321969835,p02550,u930841425,1600545592,C++,C++ (GCC 9.2.1),cpp,Accepted,36.0,5992.0,956,
s393161192,p02550,u784283302,1600545587,C++,C++ (GCC 9.2.1),cpp,Accepted,8.0,4740.0,475,
s064698702,p02550,u126859973,1600545586,C++,C++ (GCC 9.2.1),cpp,Accepted,37.0,5916.0,2302,
s961340678,p02550,u603253967,1600545586,Python,PyPy3 (7.3.0),py,Accepted,265.0,78196.0,1120,
s453683056,p02550,u465317453,1600545583,C++,C++ (GCC 9.2.1),cpp,Accepted,10.0,4608.0,2839,
s129888844,p02550,u539969758,1600545581,Python,Python (3.8.2),py,Accepted,157.0,18308.0,844,
s698713002,p02550,u521389909,1600545570,C++,C++ (GCC 9.2.1),cpp,Accepted,32.0,6408.0,2134,
s074700074,p02550,u354126779,1600545568,Python,Python (3.8.2),py,Accepted,66.0,13528.0,584,
s464782910,p02550,u251433890,1600545567,C++,C++ (GCC 9.2.1),cpp,Accepted,11.0,5200.0,1953,
s019848755,p02550,u398796541,1600545566,C++,C++ (GCC 9.2.1),cpp,Accepted,57.0,6940.0,1662,
s089633023,p02550,u340781749,1600545563,Python,Python (3.8.2),py,Accepted,50.0,13636.0,606,
s814646470,p02550,u407844316,1600545557,C++,C++ (GCC 9.2.1),cpp,Accepted,35.0,7080.0,2801,
s257077855,p02550,u676247559,1600545557,C++,C++ (GCC 9.2.1),cpp,Accepted,15.0,5024.0,1316,
s994237847,p02550,u858670323,1600545553,C++,C++ (GCC 9.2.1),cpp,Accepted,15.0,3956.0,2676,
s393781665,p02550,u916974091,1600545551,C++,C++ (GCC 9.2.1),cpp,Accepted,9.0,5032.0,3300,
s298729060,p02550,u872191059,1600545550,Python,PyPy3 (7.3.0),py,Accepted,80.0,75580.0,303,
s333357218,p02550,u577059859,1600545545,C++,C++ (GCC 9.2.1),cpp,Accepted,16.0,4356.0,1107,
s255985774,p02550,u147067618,1600545539,C++,C++ (GCC 9.2.1),cpp,Accepted,80.0,28432.0,755,
s428021648,p02550,u551909378,1600545533,Python,Python (3.8.2),py,Accepted,250.0,38632.0,797,
s643134546,p02550,u067694718,1600545530,Python,Python (3.8.2),py,Accepted,65.0,14596.0,451,
s590124098,p02550,u911449886,1600545529,Python,PyPy3 (7.3.0),py,Accepted,74.0,79864.0,994,
s990526937,p02550,u296150111,1600545528,Python,PyPy3 (7.3.0),py,Accepted,176.0,77380.0,347,
s297272204,p02550,u029675143,1600545518,C++,C++ (GCC 9.2.1),cpp,Accepted,35.0,5908.0,1158,
s218138163,p02550,u745116225,1600545517,C++,C++ (GCC 9.2.1),cpp,Accepted,6.0,5308.0,1323,
s047669352,p02550,u430554639,1600545516,C++,C++ (GCC 9.2.1),cpp,Accepted,8.0,4036.0,1735,
s824354007,p02550,u168860135,1600545507,C++,C++ (GCC 9.2.1),cpp,Accepted,7.0,3940.0,765,
s154054931,p02550,u627417051,1600545506,Python,PyPy3 (7.3.0),py,Accepted,86.0,76844.0,901,
s589593901,p02550,u993074316,1600545504,C++,C++ (GCC 9.2.1),cpp,Accepted,26.0,3796.0,1761,
s487123499,p02550,u676842959,1600545503,C++,C++ (GCC 9.2.1),cpp,Accepted,9.0,4636.0,839,
s884186693,p02550,u657913472,1600545502,C++,C++ (GCC 9.2.1),cpp,Accepted,9.0,4744.0,344,
s914416815,p02550,u530223066,1600545497,C++,C++ (GCC 9.2.1),cpp,Accepted,7.0,5156.0,1855,
s167622248,p02550,u514383727,1600545495,Python,PyPy3 (7.3.0),py,Accepted,71.0,73528.0,654,
s866238892,p02550,u678505520,1600545494,Python,Python (3.8.2),py,Accepted,151.0,14356.0,563,
s256932426,p02550,u430726059,1600545494,Python,Python (3.8.2),py,Accepted,56.0,12052.0,361,
s763970443,p02550,u600091079,1600545484,C++,C++ (GCC 9.2.1),cpp,Accepted,12.0,5556.0,1244,
s485703707,p02550,u551138082,1600545484,C++,C++ (GCC 9.2.1),cpp,Accepted,11.0,5036.0,1701,
s878486550,p02550,u595289165,1600545484,Python,PyPy3 (7.3.0),py,Accepted,75.0,72552.0,769,
s963750097,p02550,u687667446,1600545484,C++,C++ (GCC 9.2.1),cpp,Accepted,18.0,12908.0,3945,
s050253093,p02550,u999406210,1600545484,C++,C++ (GCC 9.2.1),cpp,Accepted,36.0,7552.0,10190,
s814851791,p02550,u841568901,1600545476,Python,Python (3.8.2),py,Accepted,96.0,21060.0,398,
s303316678,p02550,u908125903,1600545469,C++,C++ (GCC 9.2.1),cpp,Accepted,28.0,6860.0,1672,
s468430334,p02550,u562016607,1600545469,Python,PyPy3 (7.3.0),py,Accepted,70.0,73356.0,942,
s294079629,p02550,u798675549,1600545459,Python,PyPy3 (7.3.0),py,Accepted,793.0,68084.0,278,
s448867808,p02550,u794977012,1600545458,C++,C++ (GCC 9.2.1),cpp,Accepted,8.0,4712.0,1184,
s040304907,p02550,u519899937,1600545456,C++,C++ (GCC 9.2.1),cpp,Accepted,15.0,11172.0,986,
s458630089,p02550,u422928444,1600545455,C++,C++ (GCC 9.2.1),cpp,Accepted,7.0,4012.0,8828,
s818475942,p02550,u312245175,1600545455,C++,C++ (GCC 9.2.1),cpp,Accepted,34.0,6720.0,903,
s288825213,p02550,u437779154,1600545445,C++,C++ (GCC 9.2.1),cpp,Accepted,20.0,5632.0,1144,
s180954449,p02550,u940831163,1600545442,Python,PyPy3 (7.3.0),py,Accepted,66.0,66436.0,1197,
s301000140,p02550,u693133807,1600545428,C++,C++ (GCC 9.2.1),cpp,Accepted,6.0,4360.0,1645,
s050896383,p02550,u869306730,1600545423,C++,C++ (GCC 9.2.1),cpp,Accepted,13.0,4496.0,2600,
s236575637,p02550,u705918648,1600545423,C++,C++ (GCC 9.2.1),cpp,Accepted,62.0,58740.0,2334,
s032464897,p02550,u503870829,1600545420,C++,C++ (GCC 9.2.1),cpp,Accepted,6.0,4620.0,1544,
s342407780,p02550,u482789362,1600545418,Python,PyPy3 (7.3.0),py,Accepted,164.0,76004.0,823,
s474759783,p02550,u624800360,1600545418,C++,C++ (GCC 9.2.1),cpp,Accepted,7.0,3660.0,2203,
s661283402,p02550,u556544227,1600545415,C++,C++ (GCC 9.2.1),cpp,Accepted,38.0,6644.0,1303,
s691448195,p02550,u616753222,1600545414,C++,C++ (GCC 9.2.1),cpp,Accepted,32.0,6672.0,2672,
s076041530,p02550,u366886346,1600545409,Python,Python (3.8.2),py,Accepted,83.0,13264.0,650,
s014143645,p02550,u102445737,1600545409,Python,PyPy3 (7.3.0),py,Accepted,72.0,76200.0,742,
s562598025,p02550,u131663893,1600545407,C++,C++ (GCC 9.2.1),cpp,Accepted,9.0,4268.0,1059,
s544000009,p02550,u451256159,1600545403,C++,C++ (GCC 9.2.1),cpp,Accepted,7.0,4812.0,517,
s022829668,p02550,u111365362,1600545395,Python,PyPy3 (7.3.0),py,Accepted,74.0,73824.0,804,
s355006755,p02550,u755121033,1600545392,C++,C++ (GCC 9.2.1),cpp,Accepted,36.0,5992.0,959,
s089010336,p02550,u315475695,1600545391,C++,C++ (GCC 9.2.1),cpp,Accepted,40.0,14308.0,2701,
s996340283,p02550,u499401864,1600545389,C++,C++ (GCC 9.2.1),cpp,Accepted,65.0,9836.0,1091,
s328984140,p02550,u337949146,1600545383,C++,C++ (Clang 10.0.0),cpp,Accepted,29.0,6240.0,2991,
s926624648,p02550,u555962250,1600545381,C++,C++ (GCC 9.2.1),cpp,Accepted,7.0,5628.0,880,
s936703464,p02550,u006686215,1600545380,C++,C++ (GCC 9.2.1),cpp,Accepted,9.0,5548.0,2491,
s136277832,p02550,u009414205,1600545379,C++,C++ (GCC 9.2.1),cpp,Accepted,29.0,5936.0,2479,
s828898012,p02550,u124375339,1600545374,C++,C++ (GCC 9.2.1),cpp,Accepted,43.0,6680.0,1044,
s278093608,p02550,u011986906,1600545367,C++,C++ (GCC 9.2.1),cpp,Accepted,79.0,9164.0,3121,
s021138890,p02550,u958323734,1600545366,C++,C++ (GCC 9.2.1),cpp,Accepted,9.0,5540.0,985,
s761209410,p02550,u260358224,1600545363,C++,C++ (GCC 9.2.1),cpp,Accepted,33.0,6752.0,978,
s690407813,p02550,u483992368,1600545361,C++,C++ (GCC 9.2.1),cpp,Accepted,8.0,4504.0,1314,
s630170693,p02550,u284140331,1600545359,C++,C++ (GCC 9.2.1),cpp,Accepted,32.0,7532.0,2224,
s776474171,p02550,u943646244,1600545358,C++,C++ (GCC 9.2.1),cpp,Accepted,6.0,4408.0,588,
s478933376,p02550,u594803920,1600545357,Python,PyPy3 (7.3.0),py,Accepted,82.0,85776.0,565,
s939041971,p02550,u685006919,1600545352,C++,C++ (GCC 9.2.1),cpp,Accepted,40.0,10480.0,2446,
s962788259,p02550,u591914971,1600545351,C++,C++ (GCC 9.2.1),cpp,Accepted,38.0,7148.0,9987,
s300329131,p02550,u145483532,1600545349,C++,C++ (GCC 9.2.1),cpp,Accepted,13.0,4796.0,4141,
s047256892,p02550,u943070796,1600545346,C++,C++ (GCC 9.2.1),cpp,Accepted,8.0,3780.0,13491,
s832329617,p02550,u796262274,1600545344,C++,C++ (Clang 10.0.0),cpp,Accepted,9.0,3992.0,576,
s046698019,p02550,u495203326,1600545342,C++,C++ (GCC 9.2.1),cpp,Accepted,33.0,7940.0,1310,
s662258316,p02550,u592186586,1600545342,C++,C++ (GCC 9.2.1),cpp,Accepted,11.0,4312.0,1872,
s137387926,p02550,u499966353,1600545338,C++,C++ (GCC 9.2.1),cpp,Accepted,9.0,3844.0,1169,
s358208666,p02550,u215860196,1600545338,C++,C++ (GCC 9.2.1),cpp,Accepted,24.0,4052.0,1038,
s865599420,p02550,u488493347,1600545338,C++,C++ (GCC 9.2.1),cpp,Accepted,15.0,3988.0,2295,
s480738290,p02550,u869790980,1600545333,Python,PyPy2 (7.3.0),py,Accepted,76.0,87408.0,602,
s559310183,p02550,u631299617,1600545331,Python,Python (3.8.2),py,Accepted,143.0,11264.0,495,
s642071019,p02550,u177723968,1600545323,C++,C++ (GCC 9.2.1),cpp,Accepted,7.0,4740.0,644,
s257274547,p02550,u602140789,1600545319,C++,C++ (GCC 9.2.1),cpp,Accepted,38.0,5912.0,1398,
s543207381,p02550,u995004106,1600545317,Python,PyPy3 (7.3.0),py,Accepted,540.0,76224.0,883,
s980928817,p02550,u526952186,1600545317,C++,C++ (GCC 9.2.1),cpp,Accepted,59.0,9676.0,852,
s956716206,p02550,u336379728,1600545315,C++,C++ (GCC 9.2.1),cpp,Accepted,34.0,7108.0,800,
s629734196,p02550,u535803878,1600545314,Python,PyPy3 (7.3.0),py,Accepted,92.0,68768.0,671,
s272725404,p02550,u599785147,1600545312,C++,C++ (GCC 9.2.1),cpp,Accepted,42.0,6724.0,1213,
s581608063,p02550,u016522599,1600545308,C++,C++ (GCC 9.2.1),cpp,Accepted,11.0,4388.0,795,
s332024874,p02550,u761382225,1600545303,C++,C++ (GCC 9.2.1),cpp,Accepted,8.0,3840.0,1839,
s921855196,p02550,u827743237,1600545303,C++,C++ (GCC 9.2.1),cpp,Accepted,33.0,7452.0,2151,
s044415930,p02550,u359923148,1600545301,C++,C++ (Clang 10.0.0),cpp,Accepted,28.0,5516.0,1952,
s666797331,p02550,u622570247,1600545300,Python,Python (3.8.2),py,Accepted,66.0,13556.0,400,
s784278510,p02550,u829147556,1600545298,C++,C++ (GCC 9.2.1),cpp,Accepted,6.0,3820.0,2836,
s936434827,p02550,u805869577,1600545297,C++,C++ (GCC 9.2.1),cpp,Accepted,7.0,4832.0,1381,
s462124848,p02550,u167931717,1600545296,C++,C++ (GCC 9.2.1),cpp,Accepted,7.0,3924.0,5930,
s302843088,p02550,u553623615,1600545290,C++,C++ (GCC 9.2.1),cpp,Accepted,41.0,7892.0,941,
s130045273,p02550,u782098901,1600545289,C++,C++ (GCC 9.2.1),cpp,Accepted,49.0,8248.0,1148,
s265025015,p02550,u472742542,1600545286,C++,C++ (GCC 9.2.1),cpp,Accepted,12.0,3996.0,1156,
s380067052,p02550,u031240034,1600545284,C++,C++ (GCC 9.2.1),cpp,Accepted,9.0,4048.0,572,
s855539413,p02550,u066413086,1600545280,Python,Python (3.8.2),py,Accepted,49.0,13556.0,829,
s001133452,p02550,u221285045,1600545278,C++,C++ (GCC 9.2.1),cpp,Accepted,51.0,6744.0,2881,
s720203712,p02550,u623753167,1600545275,C++,C++ (Clang 10.0.0),cpp,Accepted,36.0,6248.0,1632,
s237600048,p02550,u338639949,1600545274,C++,C++ (GCC 9.2.1),cpp,Accepted,8.0,4696.0,1260,
s871755570,p02550,u287619443,1600545274,C++,C++ (GCC 9.2.1),cpp,Accepted,42.0,7152.0,2454,
s625745340,p02550,u495699318,1600545271,C++,C++ (GCC 9.2.1),cpp,Accepted,6.0,3860.0,9911,
s065712998,p02550,u592290074,1600545268,C++,C++ (GCC 9.2.1),cpp,Accepted,11.0,4664.0,2681,
s352943238,p02550,u897304429,1600545264,C++,C++ (GCC 9.2.1),cpp,Accepted,23.0,6880.0,11729,
s670426500,p02550,u292231976,1600545263,C++,C++ (GCC 9.2.1),cpp,Accepted,10.0,4600.0,1263,
s240338452,p02550,u434874161,1600545262,C++,C++ (GCC 9.2.1),cpp,Accepted,16.0,4936.0,2734,
s420589493,p02550,u255898796,1600545261,Python,Python (3.8.2),py,Accepted,67.0,15724.0,606,
s843361267,p02550,u781638903,1600545260,C++,C++ (GCC 9.2.1),cpp,Accepted,34.0,7384.0,2294,
s567591031,p02550,u499401864,1600545259,C++,C++ (GCC 9.2.1),cpp,Accepted,44.0,9800.0,1110,
s322858300,p02550,u495699318,1600545258,C++,C++ (GCC 9.2.1),cpp,Accepted,8.0,3756.0,9911,
s474349974,p02550,u397384480,1600545254,Python,PyPy3 (7.3.0),py,Accepted,496.0,83760.0,853,
s877969143,p02550,u522485503,1600545254,C++,C++ (GCC 9.2.1),cpp,Accepted,9.0,3908.0,4373,
s526002085,p02550,u345093192,1600545253,C++,C++ (GCC 9.2.1),cpp,Accepted,6.0,4044.0,751,
s335482352,p02550,u202370403,1600545252,C++,C++ (GCC 9.2.1),cpp,Accepted,6.0,4544.0,2505,
s703844435,p02550,u183617499,1600545249,C++,C++ (GCC 9.2.1),cpp,Accepted,11.0,4968.0,768,
s649992262,p02550,u366398972,1600545249,C++,C++ (GCC 9.2.1),cpp,Accepted,120.0,67668.0,1130,
s975067095,p02550,u198404065,1600545245,C++,C++ (GCC 9.2.1),cpp,Accepted,34.0,6072.0,840,
s164027572,p02550,u334351654,1600545242,C++,C++ (GCC 9.2.1),cpp,Accepted,13.0,3720.0,2100,
s591982325,p02550,u017050982,1600545239,Python,Python (3.8.2),py,Accepted,55.0,13740.0,382,
s459104961,p02550,u371149954,1600545235,C++,C++ (GCC 9.2.1),cpp,Accepted,10.0,3736.0,4346,
s649123105,p02550,u631171220,1600545234,C++,C++ (GCC 9.2.1),cpp,Accepted,34.0,7504.0,2291,
s502304225,p02550,u951952491,1600545234,C++,C++ (GCC 9.2.1),cpp,Accepted,14.0,4776.0,1583,
s731550585,p02550,u767543103,1600545231,C++,C++ (GCC 9.2.1),cpp,Accepted,8.0,3960.0,2844,
s077567159,p02550,u851486416,1600545228,C++,C++ (GCC 9.2.1),cpp,Accepted,39.0,6660.0,1058,
s222382827,p02550,u042802884,1600545228,C++,C++ (GCC 9.2.1),cpp,Accepted,34.0,6020.0,53713,
s908123656,p02550,u711539583,1600545222,Python,PyPy3 (7.3.0),py,Accepted,67.0,77840.0,413,
s858408248,p02550,u425184437,1600545222,Python,PyPy3 (7.3.0),py,Accepted,75.0,73656.0,574,
s899303337,p02550,u661336847,1600545218,C++,C++ (GCC 9.2.1),cpp,Accepted,11.0,4856.0,1035,
s685372659,p02550,u817026203,1600545216,C++,C++ (GCC 9.2.1),cpp,Accepted,8.0,4616.0,15969,
s626761474,p02550,u408071652,1600545215,Python,PyPy3 (7.3.0),py,Accepted,67.0,69468.0,711,
s921200331,p02550,u401502397,1600545213,C++,C++ (GCC 9.2.1),cpp,Accepted,8.0,4128.0,1112,
s860842587,p02550,u301961138,1600545212,C++,C++ (GCC 9.2.1),cpp,Accepted,11.0,4220.0,1018,
s471792710,p02550,u774037701,1600545212,C++,C++ (GCC 9.2.1),cpp,Accepted,41.0,6740.0,1061,
s989191793,p02550,u371958417,1600545211,C++,C++ (GCC 9.2.1),cpp,Accepted,8.0,4076.0,620,
s753447486,p02550,u165374901,1600545210,C++,C++ (GCC 9.2.1),cpp,Accepted,15.0,4960.0,823,
s909485158,p02550,u340474328,1600545206,C++,C++ (GCC 9.2.1),cpp,Accepted,7.0,4852.0,1561,
s459592924,p02550,u794448346,1600545205,Python,Python (3.8.2),py,Accepted,86.0,12948.0,353,
s179292661,p02550,u080318287,1600545203,C++,C++ (GCC 9.2.1),cpp,Accepted,10.0,3988.0,2541,
s777607818,p02550,u836311327,1600545202,Python,Python (3.8.2),py,Accepted,48.0,15768.0,592,
s861250605,p02550,u547555559,1600545202,C++,C++ (Clang 10.0.0),cpp,Accepted,6.0,3516.0,5711,
s695266691,p02550,u132576106,1600545199,C++,C++ (GCC 9.2.1),cpp,Accepted,47.0,6716.0,1167,
s206473655,p02550,u165374901,1600545196,C++,C++ (GCC 9.2.1),cpp,Accepted,12.0,4928.0,823,
s365445081,p02550,u965840662,1600545196,Python,PyPy3 (7.3.0),py,Accepted,76.0,71408.0,666,
s909428220,p02550,u537874719,1600545195,C++,C++ (GCC 9.2.1),cpp,Accepted,10.0,4048.0,3150,
s684875844,p02550,u244626757,1600545194,C++,C++ (GCC 9.2.1),cpp,Accepted,81.0,52164.0,1222,
s039261654,p02550,u190761897,1600545192,C++,C++ (GCC 9.2.1),cpp,Accepted,36.0,6784.0,1750,
s767486924,p02550,u068765697,1600545191,C++,C++ (GCC 9.2.1),cpp,Accepted,20.0,5636.0,871,
s343783155,p02550,u761320129,1600545188,Python,Python (3.8.2),py,Accepted,81.0,13548.0,409,
s575530951,p02550,u970901134,1600545184,C++,C++ (GCC 9.2.1),cpp,Accepted,17.0,5712.0,772,
s801264259,p02550,u837544459,1600545181,C++,C++ (GCC 9.2.1),cpp,Accepted,52.0,9064.0,851,
s556215520,p02550,u892687772,1600545181,C++,C++ (GCC 9.2.1),cpp,Accepted,9.0,3988.0,2751,
s786884612,p02550,u241367243,1600545179,C++,C++ (GCC 9.2.1),cpp,Accepted,42.0,6724.0,2532,
s183567271,p02550,u101018317,1600545178,C++,C++ (GCC 9.2.1),cpp,Accepted,34.0,5896.0,714,
s399184463,p02550,u901282405,1600545173,C++,C++ (GCC 9.2.1),cpp,Accepted,9.0,4616.0,10117,
s083494646,p02550,u986399983,1600545169,C++,C++ (GCC 9.2.1),cpp,Accepted,8.0,3852.0,1566,
s397091034,p02550,u515740713,1600545166,Python,PyPy3 (7.3.0),py,Accepted,70.0,69732.0,583,
s992074459,p02550,u908432409,1600545166,C++,C++ (GCC 9.2.1),cpp,Accepted,13.0,4412.0,3969,
s787158661,p02550,u892487306,1600545165,Python,PyPy3 (7.3.0),py,Accepted,77.0,75924.0,1079,
s320399548,p02550,u693974737,1600545164,C++,C++ (GCC 9.2.1),cpp,Accepted,330.0,4340.0,1139,
s019672726,p02550,u107995903,1600545159,C++,C++ (GCC 9.2.1),cpp,Accepted,16.0,5448.0,12359,
s575825197,p02550,u088063513,1600545156,Python,PyPy3 (7.3.0),py,Accepted,66.0,69964.0,1844,
s290253696,p02550,u779170803,1600545155,Python,Python (3.8.2),py,Accepted,42.0,12016.0,906,
s725278593,p02550,u218358966,1600545149,C++,C++ (GCC 9.2.1),cpp,Accepted,11.0,4732.0,11493,
s022044796,p02550,u943966256,1600545148,C++,C++ (GCC 9.2.1),cpp,Accepted,23.0,5344.0,1459,
s139868393,p02550,u678167152,1600545140,Python,PyPy3 (7.3.0),py,Accepted,70.0,74676.0,521,
s737755250,p02550,u190580703,1600545140,C++,C++ (GCC 9.2.1),cpp,Accepted,38.0,7000.0,4832,
s886410377,p02550,u227412361,1600545137,C++,C++ (GCC 9.2.1),cpp,Accepted,9.0,4820.0,1011,
s051732033,p02550,u719353850,1600545131,C++,C++ (GCC 9.2.1),cpp,Accepted,35.0,6064.0,739,
s200125662,p02550,u542486952,1600545124,C++,C++ (GCC 9.2.1),cpp,Accepted,9.0,3632.0,1044,
s997843804,p02550,u751724075,1600545123,Python,Python (3.8.2),py,Accepted,68.0,13040.0,820,
s700846130,p02550,u912336435,1600545122,C++,C++ (GCC 9.2.1),cpp,Accepted,19.0,5532.0,1087,
s663228558,p02550,u696320824,1600545122,C++,C++ (GCC 9.2.1),cpp,Accepted,11.0,4992.0,820,
s447614613,p02550,u793715260,1600545121,C++,C++ (GCC 9.2.1),cpp,Accepted,9.0,4700.0,1221,
s616909513,p02550,u046180871,1600545119,C++,C++ (GCC 9.2.1),cpp,Accepted,33.0,6740.0,2077,
s165059985,p02550,u504836877,1600545116,Python,PyPy3 (7.3.0),py,Accepted,72.0,66192.0,485,
s257026918,p02550,u144810983,1600545112,C++,C++ (GCC 9.2.1),cpp,Accepted,35.0,7116.0,2631,
s699226797,p02550,u090867438,1600545109,C++,C++ (GCC 9.2.1),cpp,Accepted,36.0,5928.0,825,
s972411895,p02550,u887604715,1600545105,C++,C++ (GCC 9.2.1),cpp,Accepted,38.0,7112.0,1203,
s862078696,p02550,u693198151,1600545104,C++,C++ (GCC 9.2.1),cpp,Accepted,8.0,4840.0,772,
s613206581,p02550,u829484206,1600545101,C++,C++ (GCC 9.2.1),cpp,Accepted,14.0,4972.0,3176,
s077706179,p02550,u306950978,1600545096,Python,PyPy3 (7.3.0),py,Accepted,70.0,73540.0,734,
s691668885,p02550,u565711859,1600545093,Python,PyPy3 (7.3.0),py,Accepted,73.0,77372.0,803,
s079228126,p02550,u254187258,1600545088,C++,C++ (GCC 9.2.1),cpp,Accepted,51.0,5896.0,1705,
s109796885,p02550,u405653069,1600545086,C++,C++ (GCC 9.2.1),cpp,Accepted,8.0,3696.0,2139,
s937249801,p02550,u017810624,1600545077,Python,PyPy3 (7.3.0),py,Accepted,79.0,77036.0,360,
s900319141,p02550,u839188633,1600545072,Python,PyPy3 (7.3.0),py,Accepted,69.0,68164.0,479,
s000223147,p02550,u673338219,1600545072,Python,PyPy3 (7.3.0),py,Accepted,80.0,79200.0,461,
s484268034,p02550,u809153881,1600545071,C++,C++ (Clang 10.0.0),cpp,Accepted,14.0,5252.0,828,
s034800193,p02550,u879391720,1600545068,C++,C++ (GCC 9.2.1),cpp,Accepted,12.0,4048.0,1192,
s014463708,p02550,u105533331,1600545063,C++,C++ (GCC 9.2.1),cpp,Accepted,7.0,4836.0,683,
s661504106,p02550,u608258653,1600545063,C++,C++ (GCC 9.2.1),cpp,Accepted,9.0,3608.0,1014,
s618646874,p02550,u350561621,1600545061,C++,C++ (GCC 9.2.1),cpp,Accepted,16.0,3840.0,820,
s394673756,p02550,u191874006,1600545056,Python,PyPy3 (7.3.0),py,Accepted,72.0,69768.0,1077,
s217099421,p02550,u415718506,1600545056,Python,PyPy3 (7.3.0),py,Accepted,587.0,86308.0,1899,
s442838447,p02550,u623687794,1600545055,Python,PyPy3 (7.3.0),py,Accepted,90.0,73564.0,456,
s779717308,p02550,u615285493,1600545054,C++,C++ (GCC 9.2.1),cpp,Accepted,10.0,4260.0,1083,
s238443218,p02550,u888092736,1600545053,Python,Python (3.8.2),py,Accepted,54.0,12424.0,480,
s482694992,p02550,u979772245,1600545053,C++,C++ (GCC 9.2.1),cpp,Accepted,6.0,3296.0,621,
s674574715,p02550,u922487073,1600545052,Python,Python (3.8.2),py,Accepted,53.0,13904.0,886,
s221947529,p02550,u802234509,1600545051,C++,C++ (GCC 9.2.1),cpp,Accepted,24.0,7144.0,2380,
s444001998,p02550,u699826748,1600545045,C++,C++ (GCC 9.2.1),cpp,Accepted,8.0,4648.0,420,
s784328810,p02550,u923270446,1600545045,Python,PyPy3 (7.3.0),py,Accepted,78.0,77796.0,383,
s401356364,p02550,u490642448,1600545044,Python,PyPy3 (7.3.0),py,Accepted,67.0,69140.0,510,
s918211571,p02550,u385825353,1600545043,C++,C++ (GCC 9.2.1),cpp,Accepted,41.0,6892.0,2904,
s002903525,p02550,u575566754,1600545042,C++,C++ (GCC 9.2.1),cpp,Accepted,9.0,4592.0,996,
s278628212,p02550,u997325490,1600545042,C++,C++ (GCC 9.2.1),cpp,Accepted,8.0,4668.0,995,
s955399093,p02550,u051928503,1600545039,Python,PyPy3 (7.3.0),py,Accepted,76.0,73296.0,430,
s744315990,p02550,u495699318,1600545037,C++,C++ (GCC 9.2.1),cpp,Accepted,104.0,66672.0,11860,
s920638218,p02550,u504467586,1600545036,C++,C++ (GCC 9.2.1),cpp,Accepted,73.0,13180.0,1165,
s179300998,p02550,u225596320,1600545034,Python,PyPy3 (7.3.0),py,Accepted,103.0,75844.0,455,
s091658896,p02550,u033620890,1600545031,C++,C++ (GCC 9.2.1),cpp,Accepted,11.0,4616.0,1426,
s665014845,p02550,u112775098,1600545031,C++,C++ (GCC 9.2.1),cpp,Accepted,29.0,6680.0,946,
s310126078,p02550,u739843002,1600545026,Python,Python (3.8.2),py,Accepted,44.0,12180.0,643,
s785207574,p02550,u780428208,1600545020,C++,C++ (GCC 9.2.1),cpp,Accepted,38.0,7092.0,2685,
s960275941,p02550,u977113052,1600545019,C++,C++ (GCC 9.2.1),cpp,Accepted,7.0,4308.0,546,
s350509629,p02550,u805412588,1600545017,C++,C++ (GCC 9.2.1),cpp,Accepted,10.0,4624.0,1168,
s011333712,p02550,u693386219,1600545016,C++,C++ (GCC 9.2.1),cpp,Accepted,25.0,7048.0,1475,
s926970404,p02550,u938256312,1600545014,C++,C++ (GCC 9.2.1),cpp,Accepted,34.0,6352.0,789,
s969720199,p02550,u484608911,1600545010,C++,C++ (GCC 9.2.1),cpp,Accepted,13.0,5204.0,1238,
s693054201,p02550,u174404613,1600545007,C++,C++ (GCC 9.2.1),cpp,Accepted,11.0,4572.0,1552,
s245855887,p02550,u195036695,1600545006,C++,C++ (GCC 9.2.1),cpp,Accepted,35.0,6696.0,2755,
s725451757,p02550,u868281230,1600545004,C++,C++ (GCC 9.2.1),cpp,Accepted,32.0,5932.0,1571,
s554344359,p02550,u693027786,1600545002,C++,C++ (GCC 9.2.1),cpp,Accepted,36.0,6784.0,5506,
s402728931,p02550,u143509139,1600545002,Python,PyPy3 (7.3.0),py,Accepted,70.0,65100.0,494,
s487880968,p02550,u791593901,1600545001,C++,C++ (GCC 9.2.1),cpp,Accepted,25.0,4368.0,1272,
s143295175,p02550,u792597655,1600544998,C++,C++ (GCC 9.2.1),cpp,Accepted,33.0,6744.0,488,
s530398430,p02550,u720019917,1600544995,C++,C++ (GCC 9.2.1),cpp,Accepted,39.0,7480.0,876,
s008583404,p02550,u994932838,1600544991,C++,C++ (GCC 9.2.1),cpp,Accepted,31.0,4732.0,1814,
s632318299,p02550,u587366956,1600544990,C++,C++ (Clang 10.0.0),cpp,Accepted,32.0,5560.0,952,
s938233090,p02550,u543584809,1600544989,C++,C++ (GCC 9.2.1),cpp,Accepted,80.0,69700.0,1330,
s285707582,p02550,u419245463,1600544988,C++,C++ (GCC 9.2.1),cpp,Accepted,134.0,66096.0,623,
s064273707,p02550,u811612390,1600544986,Python,PyPy3 (7.3.0),py,Accepted,80.0,76008.0,631,
s838630708,p02550,u923172145,1600544986,Python,PyPy3 (7.3.0),py,Accepted,156.0,86940.0,764,
s105558319,p02550,u394242779,1600544985,C++,C++ (GCC 9.2.1),cpp,Accepted,8.0,4496.0,1503,
s906026596,p02550,u251695874,1600544981,C++,C++ (GCC 9.2.1),cpp,Accepted,7.0,4816.0,2525,
s941257992,p02550,u990726146,1600544981,Python,PyPy3 (7.3.0),py,Accepted,792.0,69004.0,430,
s751971789,p02550,u588093355,1600544978,C++,C++ (GCC 9.2.1),cpp,Accepted,9.0,3636.0,5541,
s435940148,p02550,u718237369,1600544977,C++,C++ (GCC 9.2.1),cpp,Accepted,47.0,9404.0,480,
s050215134,p02550,u467457202,1600544970,C++,C++ (GCC 9.2.1),cpp,Accepted,6.0,4604.0,1722,
s909600235,p02550,u532668195,1600544969,C++,C++ (GCC 9.2.1),cpp,Accepted,6.0,4016.0,1070,
s936867652,p02550,u008229752,1600544966,C++,C++ (GCC 9.2.1),cpp,Accepted,15.0,4784.0,4184,
s165554385,p02550,u883134470,1600544966,C++,C++ (GCC 9.2.1),cpp,Accepted,36.0,6124.0,2465,
s997892117,p02550,u446795710,1600544960,C++,C++ (GCC 9.2.1),cpp,Accepted,23.0,4044.0,1138,
s702620458,p02550,u263824932,1600544960,Python,PyPy3 (7.3.0),py,Accepted,799.0,68668.0,599,
s732616058,p02550,u193264896,1600544958,Python,Python (3.8.2),py,Accepted,47.0,13688.0,757,
s385047159,p02550,u224216923,1600544956,C++,C++ (GCC 9.2.1),cpp,Accepted,7.0,4304.0,1305,
s847008843,p02550,u075012704,1600544952,Python,PyPy3 (7.3.0),py,Accepted,88.0,77424.0,424,
s923967066,p02550,u339937125,1600544951,C++,C++ (GCC 9.2.1),cpp,Accepted,8.0,4752.0,1192,
s959106256,p02550,u663656819,1600544951,C++,C++ (GCC 9.2.1),cpp,Accepted,9.0,4492.0,852,
s125115172,p02550,u842170774,1600544944,Python,PyPy3 (7.3.0),py,Accepted,74.0,71688.0,688,
s773966982,p02550,u087950716,1600544943,C++,C++ (GCC 9.2.1),cpp,Accepted,9.0,4816.0,855,
s456537344,p02550,u452003632,1600544943,C++,C++ (GCC 9.2.1),cpp,Accepted,8.0,5048.0,1069,
s476940224,p02550,u859125915,1600544942,C++,C++ (GCC 9.2.1),cpp,Accepted,44.0,7212.0,1419,
s184041236,p02550,u564182781,1600544941,C++,C++ (GCC 9.2.1),cpp,Accepted,34.0,5900.0,3528,
s568037134,p02550,u016536293,1600544935,C++,C++ (GCC 9.2.1),cpp,Accepted,12.0,4644.0,770,
s550053178,p02550,u914707890,1600544929,C++,C++ (GCC 9.2.1),cpp,Accepted,37.0,7236.0,923,
s668335290,p02550,u804042948,1600544929,C++,C++ (GCC 9.2.1),cpp,Accepted,12.0,3976.0,723,
s045474462,p02550,u377622126,1600544927,C++,C++ (GCC 9.2.1),cpp,Accepted,34.0,7160.0,1212,
s970435545,p02550,u511965386,1600544924,Python,PyPy3 (7.3.0),py,Accepted,67.0,65144.0,404,
s270863472,p02550,u186838327,1600544921,Python,PyPy3 (7.3.0),py,Accepted,82.0,71984.0,642,
s217563819,p02550,u571753294,1600544919,C++,C++ (Clang 10.0.0),cpp,Accepted,21.0,5332.0,763,
s884144427,p02550,u822169805,1600544919,C++,C++ (GCC 9.2.1),cpp,Accepted,56.0,6964.0,1565,
s003708217,p02550,u825541307,1600544917,Python,Python (3.8.2),py,Accepted,70.0,12196.0,501,
s701719699,p02550,u896838289,1600544916,C++,C++ (GCC 9.2.1),cpp,Accepted,20.0,6136.0,4654,
s737393794,p02550,u844789719,1600544914,Python,PyPy3 (7.3.0),py,Accepted,166.0,78104.0,404,
s929953603,p02550,u722535636,1600544912,C++,C++ (GCC 9.2.1),cpp,Accepted,16.0,3960.0,2619,
s986107726,p02550,u020923979,1600544911,C++,C++ (GCC 9.2.1),cpp,Accepted,10.0,4864.0,904,
s579413108,p02550,u279196402,1600544911,C++,C++ (GCC 9.2.1),cpp,Accepted,8.0,4132.0,5639,
s382449519,p02550,u043315961,1600544910,C++,C++ (GCC 9.2.1),cpp,Accepted,9.0,5204.0,743,
s228338401,p02550,u788717734,1600544910,C++,C++ (GCC 9.2.1),cpp,Accepted,8.0,3608.0,967,
s057397316,p02550,u412232733,1600544909,C++,C++ (GCC 9.2.1),cpp,Accepted,9.0,3868.0,4684,
s659879172,p02550,u122034453,1600544907,C++,C++ (GCC 9.2.1),cpp,Accepted,7.0,4160.0,634,
s756572826,p02550,u367022498,1600544905,C++,C++ (GCC 9.2.1),cpp,Accepted,53.0,8224.0,643,
s385191204,p02550,u784120390,1600544901,Python,PyPy3 (7.3.0),py,Accepted,72.0,77452.0,2362,
s238525884,p02550,u022488946,1600544901,Python,Python (3.8.2),py,Accepted,59.0,15560.0,426,
s102369716,p02550,u667024514,1600544899,Python,PyPy3 (7.3.0),py,Accepted,121.0,69384.0,452,
s506001877,p02550,u928919716,1600544898,C++,C++ (GCC 9.2.1),cpp,Accepted,35.0,7144.0,2752,
s104786929,p02550,u414689295,1600544893,C++,C++ (GCC 9.2.1),cpp,Accepted,10.0,3716.0,1353,
s057929761,p02550,u834353617,1600544885,C++,C++ (GCC 9.2.1),cpp,Accepted,28.0,19592.0,1390,
s182863066,p02550,u651317892,1600544884,C++,C++ (GCC 9.2.1),cpp,Accepted,7.0,4396.0,674,
s181420277,p02550,u061537492,1600544884,C++,C++ (GCC 9.2.1),cpp,Accepted,11.0,4396.0,507,
s339374253,p02550,u570601094,1600544884,C++,C++ (GCC 9.2.1),cpp,Accepted,26.0,5700.0,1439,
s250959725,p02550,u487875527,1600544884,C++,C++ (GCC 9.2.1),cpp,Accepted,414.0,4424.0,2556,
s740735049,p02550,u394526356,1600544883,C++,C++ (GCC 9.2.1),cpp,Accepted,25.0,6724.0,3164,
s849180488,p02550,u895971408,1600544883,C++,C++ (GCC 9.2.1),cpp,Accepted,95.0,66664.0,2702,
s140692828,p02550,u922785529,1600544882,C++,C++ (GCC 9.2.1),cpp,Accepted,9.0,4780.0,713,
s181812948,p02550,u811636457,1600544882,C++,C++ (GCC 9.2.1),cpp,Accepted,8.0,4608.0,730,
s658640932,p02550,u653837719,1600544880,Python,PyPy3 (7.3.0),py,Accepted,69.0,77136.0,411,
s855675901,p02550,u439599683,1600544879,C++,C++ (GCC 9.2.1),cpp,Accepted,7.0,4320.0,1546,
s596471403,p02550,u806698335,1600544875,Python,Python (3.8.2),py,Accepted,68.0,12776.0,528,
s173197996,p02550,u997368585,1600544875,C++,C++ (GCC 9.2.1),cpp,Accepted,28.0,5100.0,3400,
s154526468,p02550,u009937643,1600544875,C++,C++ (GCC 9.2.1),cpp,Accepted,31.0,5952.0,1039,
s750512214,p02550,u480300350,1600544874,Python,PyPy3 (7.3.0),py,Accepted,219.0,78956.0,4894,
s925895974,p02550,u423002653,1600544874,C++,C++ (GCC 9.2.1),cpp,Accepted,20.0,5552.0,1290,
s850833274,p02550,u759509597,1600544872,C++,C++ (GCC 9.2.1),cpp,Accepted,8.0,5048.0,1313,
s781542436,p02550,u880400515,1600544868,Python,PyPy3 (7.3.0),py,Accepted,800.0,68692.0,386,
s281185065,p02550,u483277935,1600544866,C++,C++ (GCC 9.2.1),cpp,Accepted,8.0,4016.0,1117,
s753389643,p02550,u639210885,1600544866,C++,C++ (GCC 9.2.1),cpp,Accepted,11.0,3724.0,777,
s349063618,p02550,u899782392,1600544865,Python,Python (3.8.2),py,Accepted,119.0,15204.0,711,
s483512312,p02550,u165244384,1600544859,C++,C++ (GCC 9.2.1),cpp,Accepted,12.0,3948.0,1934,
s056763514,p02550,u216928054,1600544858,Python,PyPy3 (7.3.0),py,Accepted,67.0,69472.0,2936,
s895438850,p02550,u783674761,1600544857,C++,C++ (GCC 9.2.1),cpp,Accepted,15.0,4700.0,2429,
s681544819,p02550,u211779154,1600544857,C++,C++ (GCC 9.2.1),cpp,Accepted,31.0,6720.0,1902,
s471613947,p02550,u491256431,1600544854,C++,C++ (GCC 9.2.1),cpp,Accepted,12.0,5088.0,2778,
s542539754,p02550,u792078574,1600544850,Python,PyPy3 (7.3.0),py,Accepted,78.0,68876.0,370,
s859773801,p02550,u812973725,1600544848,C++,C++ (GCC 9.2.1),cpp,Accepted,11.0,3984.0,1851,
s071144388,p02550,u859671712,1600544848,C++,C++ (GCC 9.2.1),cpp,Accepted,8.0,4780.0,1323,
s260893810,p02550,u979163294,1600544847,C++,C++ (GCC 9.2.1),cpp,Accepted,11.0,7136.0,1092,
s537451939,p02550,u868132236,1600544847,C++,C++ (GCC 9.2.1),cpp,Accepted,13.0,4692.0,665,
s428474343,p02550,u531791653,1600544842,C++,C++ (GCC 9.2.1),cpp,Accepted,7.0,3952.0,2500,
s598279537,p02550,u426397594,1600544837,C++,C++ (GCC 9.2.1),cpp,Accepted,35.0,6636.0,2359,
s626209758,p02550,u918753189,1600544834,C++,C++ (GCC 9.2.1),cpp,Accepted,29.0,7072.0,1254,
s010117934,p02550,u889022758,1600544832,C++,C++ (GCC 9.2.1),cpp,Accepted,31.0,7036.0,1009,
s779752733,p02550,u090770821,1600544832,C++,C++ (GCC 9.2.1),cpp,Accepted,37.0,6160.0,1477,
s728217564,p02550,u332258971,1600544829,C++,C++ (GCC 9.2.1),cpp,Accepted,10.0,5196.0,1498,
s230576356,p02550,u509368316,1600544829,Python,Python (3.8.2),py,Accepted,67.0,13736.0,235,
s457770310,p02550,u189479417,1600544824,Python,Python (3.8.2),py,Accepted,56.0,13252.0,314,
s480622066,p02550,u887149734,1600544823,C++,C++ (GCC 9.2.1),cpp,Accepted,4.0,2320.0,599,
s662490410,p02550,u197457087,1600544823,Python,PyPy3 (7.3.0),py,Accepted,70.0,76692.0,710,
s414373299,p02550,u365730500,1600544822,C++,C++ (GCC 9.2.1),cpp,Accepted,11.0,4616.0,4475,
s057030250,p02550,u779805689,1600544818,Python,PyPy3 (7.3.0),py,Accepted,186.0,121092.0,529,
s505731972,p02550,u614302741,1600544817,C++,C++ (GCC 9.2.1),cpp,Accepted,13.0,7824.0,946,
s173531826,p02550,u550209786,1600544816,C++,C++ (GCC 9.2.1),cpp,Accepted,21.0,11384.0,2655,
s219293955,p02550,u842028864,1600544814,C++,C++ (GCC 9.2.1),cpp,Accepted,38.0,7216.0,1428,
s262008856,p02550,u644972721,1600544812,Python,Python (3.8.2),py,Accepted,79.0,16332.0,592,
s155664659,p02550,u865858945,1600544811,C++,C++ (Clang 10.0.0),cpp,Accepted,8.0,3664.0,1260,
s806078292,p02550,u920233203,1600544809,C++,C++ (GCC 9.2.1),cpp,Accepted,38.0,6680.0,2077,
s771118972,p02550,u070201429,1600544808,Python,PyPy3 (7.3.0),py,Accepted,63.0,65620.0,599,
s076377855,p02550,u785364941,1600544807,C++,C++ (GCC 9.2.1),cpp,Accepted,38.0,6668.0,2492,
s620273096,p02550,u275145490,1600544803,C++,C++ (GCC 9.2.1),cpp,Accepted,9.0,4312.0,911,
s632615374,p02550,u887675488,1600544797,C++,C++ (GCC 9.2.1),cpp,Accepted,28.0,5988.0,1676,
s367149356,p02550,u088111798,1600544794,C++,C++ (Clang 10.0.0),cpp,Accepted,10.0,3976.0,625,
s302544407,p02550,u095260469,1600544790,C++,C++ (GCC 9.2.1),cpp,Accepted,43.0,6732.0,1637,
s491922006,p02550,u107077660,1600544790,C++,C++ (GCC 9.2.1),cpp,Accepted,8.0,3864.0,680,
s043274350,p02550,u694731294,1600544790,C++,C++ (GCC 9.2.1),cpp,Accepted,11.0,3976.0,1788,
s437208825,p02550,u793868662,1600544787,Python,PyPy3 (7.3.0),py,Accepted,757.0,69284.0,701,
s524634708,p02550,u181783949,1600544787,C++,C++ (GCC 9.2.1),cpp,Accepted,8.0,4576.0,1207,
s561218340,p02550,u014617387,1600544786,C++,C++ (GCC 9.2.1),cpp,Accepted,16.0,5556.0,1648,
s939962437,p02550,u798739856,1600544784,C++,C++ (GCC 9.2.1),cpp,Accepted,7.0,4776.0,1580,
s688881326,p02550,u545411641,1600544784,C++,C++ (GCC 9.2.1),cpp,Accepted,91.0,9864.0,3735,
s507449205,p02550,u454093752,1600544781,Python,PyPy3 (7.3.0),py,Accepted,67.0,69448.0,379,
s115753378,p02550,u170934761,1600544777,C++,C++ (GCC 9.2.1),cpp,Accepted,12.0,4584.0,1022,
s575615233,p02550,u688660263,1600544777,C++,C++ (GCC 9.2.1),cpp,Accepted,12.0,4632.0,1587,
s485496584,p02550,u727064118,1600544776,C++,C++ (GCC 9.2.1),cpp,Accepted,41.0,6724.0,1766,
s917346059,p02550,u095453583,1600544776,C++,C++ (GCC 9.2.1),cpp,Accepted,31.0,6776.0,62622,
s849267993,p02550,u982122545,1600544773,C++,C++ (GCC 9.2.1),cpp,Accepted,7.0,4304.0,1685,
s016565396,p02550,u478275206,1600544772,C++,C++ (GCC 9.2.1),cpp,Accepted,7.0,4052.0,1014,
s588998595,p02550,u781091740,1600544771,C++,C++ (GCC 9.2.1),cpp,Accepted,51.0,9812.0,658,
s980201656,p02550,u452009494,1600544767,C++,C++ (GCC 9.2.1),cpp,Accepted,13.0,3816.0,990,
s401314581,p02550,u521712919,1600544767,C++,C++ (GCC 9.2.1),cpp,Accepted,36.0,6328.0,653,
s761266629,p02550,u643840641,1600544765,C++,C++ (GCC 9.2.1),cpp,Accepted,49.0,6160.0,2053,
s649081338,p02550,u389078199,1600544765,C++,C++ (GCC 9.2.1),cpp,Accepted,32.0,7056.0,1368,
s374834776,p02550,u275995683,1600544762,C++,C++ (GCC 9.2.1),cpp,Accepted,33.0,6688.0,965,
s270990890,p02550,u873190923,1600544758,Python,PyPy3 (7.3.0),py,Accepted,525.0,84444.0,3322,
s367259409,p02550,u292617411,1600544755,C++,C++ (GCC 9.2.1),cpp,Accepted,8.0,4260.0,731,
s421042286,p02550,u683987726,1600544755,C++,C++ (GCC 9.2.1),cpp,Accepted,10.0,4928.0,1295,
s575723914,p02550,u025464133,1600544750,C++,C++ (GCC 9.2.1),cpp,Accepted,6.0,3780.0,711,
s348022048,p02550,u380579419,1600544745,C++,C++ (GCC 9.2.1),cpp,Accepted,33.0,6656.0,655,
s117763970,p02550,u748241164,1600544743,Python,PyPy3 (7.3.0),py,Accepted,793.0,68352.0,606,
s264507952,p02550,u516554284,1600544732,Python,Python (3.8.2),py,Accepted,57.0,14160.0,595,
s978421019,p02550,u505122009,1600544730,C++,C++ (GCC 9.2.1),cpp,Accepted,10.0,4772.0,4650,
s836767888,p02550,u132365288,1600544728,C++,C++ (GCC 9.2.1),cpp,Accepted,69.0,66416.0,1572,
s114982531,p02550,u047816928,1600544728,Python,Python (3.8.2),py,Accepted,58.0,14084.0,314,
s241986516,p02550,u270144704,1600544727,Python,PyPy3 (7.3.0),py,Accepted,801.0,70832.0,670,
s780984746,p02550,u222877601,1600544723,C++,C++ (GCC 9.2.1),cpp,Accepted,12.0,5520.0,962,
s957188362,p02550,u638170968,1600544721,C++,C++ (GCC 9.2.1),cpp,Accepted,45.0,6668.0,2540,
s142465845,p02550,u630211216,1600544719,C++,C++ (GCC 9.2.1),cpp,Accepted,31.0,6336.0,847,
s724320111,p02550,u898651494,1600544718,C++,C++ (GCC 9.2.1),cpp,Accepted,83.0,50976.0,3182,
s939921252,p02550,u376082984,1600544717,C++,C++ (GCC 9.2.1),cpp,Accepted,10.0,3736.0,6200,
s687314541,p02550,u463243362,1600544715,C++,C++ (GCC 9.2.1),cpp,Accepted,7.0,3660.0,1071,
s006761269,p02550,u633255271,1600544713,Python,PyPy3 (7.3.0),py,Accepted,89.0,76556.0,513,
s479954751,p02550,u502709453,1600544712,C++,C++ (GCC 9.2.1),cpp,Accepted,33.0,6720.0,5149,
s175670645,p02550,u550398291,1600544712,C++,C++ (GCC 9.2.1),cpp,Accepted,27.0,4856.0,1549,
s933528321,p02550,u703528810,1600544703,Python,PyPy3 (7.3.0),py,Accepted,83.0,79576.0,303,
s164428000,p02550,u335658378,1600544701,C++,C++ (GCC 9.2.1),cpp,Accepted,9.0,5056.0,1397,
s668235110,p02550,u984175692,1600544700,C++,C++ (GCC 9.2.1),cpp,Accepted,9.0,3800.0,636,
s515766929,p02550,u056944756,1600544695,C++,C++ (GCC 9.2.1),cpp,Accepted,180.0,92960.0,914,
s495436590,p02550,u114234520,1600544693,C++,C++ (GCC 9.2.1),cpp,Accepted,82.0,10096.0,1109,
s988807329,p02550,u852585808,1600544692,C++,C++ (GCC 9.2.1),cpp,Accepted,9.0,4580.0,3809,
s703402219,p02550,u306482197,1600544692,C++,C++ (GCC 9.2.1),cpp,Accepted,7.0,4044.0,653,
s597493427,p02550,u702582248,1600544689,Python,Python (3.8.2),py,Accepted,51.0,12608.0,778,
s845169482,p02550,u489108157,1600544685,C++,C++ (GCC 9.2.1),cpp,Accepted,9.0,3840.0,2125,
s638946214,p02550,u350093546,1600544682,Python,PyPy3 (7.3.0),py,Accepted,804.0,70528.0,497,
s700550787,p02550,u131156882,1600544680,C++,C++ (Clang 10.0.0),cpp,Accepted,17.0,4692.0,844,
s625191008,p02550,u093744128,1600544679,C++,C++ (GCC 9.2.1),cpp,Accepted,54.0,6768.0,1334,
s258585506,p02550,u799939777,1600544679,C++,C++ (GCC 9.2.1),cpp,Accepted,32.0,6716.0,2888,
s161908741,p02550,u507850687,1600544678,C++,C++ (GCC 9.2.1),cpp,Accepted,9.0,3992.0,595,
s548986714,p02550,u905220966,1600544676,C++,C++ (GCC 9.2.1),cpp,Accepted,9.0,4552.0,1448,
s274468593,p02550,u049708565,1600544675,C++,C++ (GCC 9.2.1),cpp,Accepted,35.0,6672.0,1593,
s714898075,p02550,u401487574,1600544666,Python,PyPy3 (7.3.0),py,Accepted,78.0,77468.0,720,
s430746318,p02550,u545650359,1600544659,C++,C++ (GCC 9.2.1),cpp,Accepted,115.0,50184.0,1214,
s778654541,p02550,u618697411,1600544659,C++,C++ (GCC 9.2.1),cpp,Accepted,13.0,4836.0,676,
s604669532,p02550,u994831328,1600544651,C++,C++ (GCC 9.2.1),cpp,Accepted,9.0,3748.0,4779,
s242948243,p02550,u877470159,1600544647,Python,PyPy3 (7.3.0),py,Accepted,76.0,70008.0,503,
s106684562,p02550,u708550576,1600544645,C++,C++ (GCC 9.2.1),cpp,Accepted,10.0,4788.0,1366,
s716308750,p02550,u624678037,1600544636,C++,C++ (GCC 9.2.1),cpp,Accepted,11.0,5028.0,1123,
s684909116,p02550,u201660334,1600544630,Python,Python (3.8.2),py,Accepted,58.0,13504.0,368,
s960663361,p02550,u970809473,1600544630,Python,Python (3.8.2),py,Accepted,64.0,14272.0,485,
s964667381,p02550,u403301154,1600544624,C++,C++ (GCC 9.2.1),cpp,Accepted,32.0,7532.0,2895,
s486344302,p02550,u441250130,1600544621,C++,C++ (GCC 9.2.1),cpp,Accepted,9.0,5792.0,1385,
s510723005,p02550,u222030240,1600544621,C++,C++ (GCC 9.2.1),cpp,Accepted,7.0,4724.0,2101,
s016238725,p02550,u519848139,1600544619,C++,C++ (GCC 9.2.1),cpp,Accepted,9.0,5208.0,505,
s026248833,p02550,u163783894,1600544619,Python,PyPy3 (7.3.0),py,Accepted,79.0,88584.0,1205,
s383585637,p02550,u802963389,1600544618,Python,Python (3.8.2),py,Accepted,74.0,16612.0,506,
s814508053,p02550,u890870565,1600544614,C++,C++ (GCC 9.2.1),cpp,Accepted,19.0,5568.0,5027,
s889389596,p02550,u212813350,1600544613,C++,C++ (GCC 9.2.1),cpp,Accepted,50.0,10028.0,2113,
s986472083,p02550,u927949305,1600544611,C++,C++ (GCC 9.2.1),cpp,Accepted,40.0,7732.0,4361,
s958745967,p02550,u347640436,1600544611,Python,PyPy3 (7.3.0),py,Accepted,69.0,68960.0,459,
s947189704,p02550,u389388073,1600544609,C++,C++ (GCC 9.2.1),cpp,Accepted,32.0,6724.0,995,
s823883523,p02550,u848737670,1600544604,C++,C++ (GCC 9.2.1),cpp,Accepted,37.0,5844.0,612,
s641433838,p02550,u058317639,1600544602,C++,C++ (GCC 9.2.1),cpp,Accepted,7.0,5204.0,10879,
s435492070,p02550,u371535422,1600544602,C++,C++ (GCC 9.2.1),cpp,Accepted,8.0,4756.0,6886,
s003392182,p02550,u456065785,1600544600,C++,C++ (GCC 9.2.1),cpp,Accepted,9.0,4600.0,1144,
s406001134,p02550,u956758464,1600544600,C++,C++ (GCC 9.2.1),cpp,Accepted,7.0,4836.0,1098,
s566301219,p02550,u698692480,1600544589,C++,C++ (GCC 9.2.1),cpp,Accepted,33.0,6724.0,1372,
s792903873,p02550,u771276542,1600544586,C++,C++ (GCC 9.2.1),cpp,Accepted,36.0,10760.0,1225,
s965957115,p02550,u881909587,1600544585,C++,C++ (GCC 9.2.1),cpp,Accepted,33.0,5928.0,640,
s212647845,p02550,u529922586,1600544584,C++,C++ (GCC 9.2.1),cpp,Accepted,22.0,5612.0,1053,
s168825582,p02550,u113971909,1600544584,Python,Python (3.8.2),py,Accepted,89.0,13124.0,330,
s871397560,p02550,u432704483,1600544581,C++,C++ (GCC 9.2.1),cpp,Accepted,8.0,4804.0,581,
s524239291,p02550,u041775325,1600544580,C++,C++ (GCC 9.2.1),cpp,Accepted,8.0,3984.0,760,
s397111549,p02550,u239493918,1600544575,C++,C++ (GCC 9.2.1),cpp,Accepted,102.0,66592.0,6569,
s582368099,p02550,u455757400,1600544570,C++,C++ (GCC 9.2.1),cpp,Accepted,111.0,66608.0,1056,
s989272430,p02550,u085671904,1600544565,C++,C++ (GCC 9.2.1),cpp,Accepted,8.0,4776.0,2016,
s807853035,p02550,u968166680,1600544564,Python,PyPy3 (7.3.0),py,Accepted,69.0,68884.0,717,
s641481050,p02550,u327682315,1600544559,C++,C++ (GCC 9.2.1),cpp,Accepted,11.0,4736.0,1104,
s233912660,p02550,u617380180,1600544556,C++,C++ (GCC 9.2.1),cpp,Accepted,37.0,7944.0,2513,
s749659191,p02550,u537905693,1600544555,Python,Python (3.8.2),py,Accepted,48.0,15820.0,775,
s050603033,p02550,u021548497,1600544555,Python,PyPy3 (7.3.0),py,Accepted,72.0,66748.0,1149,
s237013075,p02550,u024809932,1600544550,C++,C++ (Clang 10.0.0),cpp,Accepted,32.0,6840.0,739,
s367614120,p02550,u257304866,1600544550,C++,C++ (GCC 9.2.1),cpp,Accepted,476.0,4412.0,1609,
s894975326,p02550,u236170018,1600544547,C++,C++ (GCC 9.2.1),cpp,Accepted,15.0,4772.0,1800,
s527247204,p02550,u729133443,1600544547,Python,PyPy3 (7.3.0),py,Accepted,84.0,73480.0,335,
s675231451,p02550,u838867638,1600544546,C++,C++ (GCC 9.2.1),cpp,Accepted,39.0,5912.0,11583,
s451712341,p02550,u139765231,1600544545,C++,C++ (GCC 9.2.1),cpp,Accepted,16.0,4372.0,2117,
s673249290,p02550,u261103969,1600544544,Python,PyPy3 (7.3.0),py,Accepted,66.0,76380.0,930,
s256691362,p02550,u656572785,1600544537,C++,C++ (GCC 9.2.1),cpp,Accepted,37.0,7128.0,920,
s156953663,p02550,u797437582,1600544523,C++,C++ (GCC 9.2.1),cpp,Accepted,9.0,5208.0,470,
s203587729,p02550,u845608451,1600544523,C++,C++ (GCC 9.2.1),cpp,Accepted,7.0,3636.0,1604,
s661262966,p02550,u919481275,1600544521,C++,C++ (GCC 9.2.1),cpp,Accepted,7.0,4428.0,1162,
s802503327,p02550,u223663729,1600544521,Python,PyPy3 (7.3.0),py,Accepted,86.0,77176.0,266,
s065751251,p02550,u236127431,1600544520,C++,C++ (GCC 9.2.1),cpp,Accepted,30.0,6372.0,1935,
s010386132,p02550,u368780724,1600544511,Python,PyPy3 (7.3.0),py,Accepted,77.0,70096.0,545,
s271470278,p02550,u791972813,1600544509,C++,C++ (Clang 10.0.0),cpp,Accepted,33.0,6224.0,2069,
s552307760,p02550,u760076816,1600544507,C++,C++ (GCC 9.2.1),cpp,Accepted,9.0,4244.0,805,
s072206888,p02550,u645123130,1600544503,C++,C++ (GCC 9.2.1),cpp,Accepted,6.0,4104.0,3735,
s725336907,p02550,u571162466,1600544501,C++,C++ (GCC 9.2.1),cpp,Accepted,40.0,6720.0,1860,
s661309508,p02550,u092269433,1600544500,C++,C++ (GCC 9.2.1),cpp,Accepted,10.0,4200.0,1359,
s431800077,p02550,u264265458,1600544499,C++,C++ (GCC 9.2.1),cpp,Accepted,12.0,3808.0,4209,
s073138551,p02550,u196900920,1600544499,C++,C++ (GCC 9.2.1),cpp,Accepted,10.0,3924.0,895,
s372246952,p02550,u074596057,1600544495,C++,C++ (GCC 9.2.1),cpp,Accepted,38.0,9852.0,1354,
s490001790,p02550,u067237725,1600544492,C++,C++ (GCC 9.2.1),cpp,Accepted,10.0,4396.0,3583,
s675843904,p02550,u404075706,1600544491,C++,C++ (GCC 9.2.1),cpp,Accepted,10.0,4784.0,1618,
s906388261,p02550,u403764487,1600544490,C++,C++ (GCC 9.2.1),cpp,Accepted,15.0,5952.0,1070,
s849381797,p02550,u638795007,1600544488,Python,PyPy3 (7.3.0),py,Accepted,639.0,82172.0,2656,
s524540398,p02550,u441296840,1600544488,C++,C++ (GCC 9.2.1),cpp,Accepted,6.0,3968.0,1005,
s959727892,p02550,u936985471,1600544485,Python,Python (3.8.2),py,Accepted,63.0,15816.0,600,
s079016555,p02550,u390830889,1600544483,C++,C++ (GCC 9.2.1),cpp,Accepted,11.0,4780.0,1183,
s034931462,p02550,u044220565,1600544481,Python,Python (3.8.2),py,Accepted,60.0,15804.0,1440,
s881189812,p02550,u771360615,1600544476,C++,C++ (GCC 9.2.1),cpp,Accepted,8.0,3744.0,2465,
s846716867,p02550,u581094488,1600544474,C++,C++ (GCC 9.2.1),cpp,Accepted,44.0,6764.0,1753,
s489884062,p02550,u547595765,1600544472,C++,C++ (GCC 9.2.1),cpp,Accepted,12.0,4412.0,1657,
s386203274,p02550,u928536113,1600544471,C++,C++ (GCC 9.2.1),cpp,Accepted,34.0,5952.0,1002,
s098983242,p02550,u008778526,1600544470,C++,C++ (GCC 9.2.1),cpp,Accepted,10.0,4608.0,780,
s302635959,p02550,u424768586,1600544468,Python,PyPy3 (7.3.0),py,Accepted,811.0,87788.0,3417,
s203864631,p02550,u805616568,1600544464,C++,C++ (GCC 9.2.1),cpp,Accepted,12.0,4780.0,1067,
s283258349,p02550,u443010331,1600544462,C++,C++ (GCC 9.2.1),cpp,Accepted,37.0,6688.0,3121,
s688589859,p02550,u437351386,1600544457,Python,PyPy3 (7.3.0),py,Accepted,68.0,77048.0,606,
s535135155,p02550,u927220534,1600544455,Python,PyPy2 (7.3.0),py,Accepted,221.0,79624.0,1547,
s687258490,p02550,u874320250,1600544451,Python,PyPy3 (7.3.0),py,Accepted,74.0,67392.0,858,
s805589511,p02550,u022979415,1600544451,Python,PyPy3 (7.3.0),py,Accepted,76.0,86008.0,632,
s611772630,p02550,u855677173,1600544450,C++,C++ (GCC 9.2.1),cpp,Accepted,44.0,6256.0,697,
s950578205,p02550,u614307919,1600544447,C++,C++ (GCC 9.2.1),cpp,Accepted,40.0,5976.0,738,
s726774264,p02550,u942393279,1600544446,C++,C++ (GCC 9.2.1),cpp,Accepted,14.0,4692.0,6173,
s580214224,p02550,u524343822,1600544434,C++,C++ (GCC 9.2.1),cpp,Accepted,8.0,3720.0,2675,
s454863582,p02550,u580792230,1600544432,C++,C++ (GCC 9.2.1),cpp,Accepted,11.0,4880.0,915,
s844407146,p02550,u096616343,1600544429,C++,C++ (GCC 9.2.1),cpp,Accepted,34.0,5988.0,1348,
s967907880,p02550,u539011156,1600544428,C++,C++ (GCC 9.2.1),cpp,Accepted,49.0,9068.0,5953,
s577483957,p02550,u023229441,1600544428,Python,PyPy3 (7.3.0),py,Accepted,72.0,68220.0,445,
s437931374,p02550,u096883693,1600544426,C++,C++ (GCC 9.2.1),cpp,Accepted,31.0,5956.0,1383,
s965565063,p02550,u783676040,1600544423,C++,C++ (GCC 9.2.1),cpp,Accepted,8.0,5632.0,1464,
s758920477,p02550,u328858746,1600544422,Python,PyPy3 (7.3.0),py,Accepted,71.0,65924.0,474,
s318823239,p02550,u342129287,1600544416,C++,C++ (GCC 9.2.1),cpp,Accepted,12.0,5056.0,1535,
s251072353,p02550,u218842729,1600544415,C++,C++ (GCC 9.2.1),cpp,Accepted,35.0,6692.0,1862,
s813958937,p02550,u367694521,1600544413,C++,C++ (GCC 9.2.1),cpp,Accepted,45.0,6744.0,1075,
s435068329,p02550,u179598856,1600544411,C++,C++ (GCC 9.2.1),cpp,Accepted,43.0,5912.0,1911,
s775456287,p02550,u684235670,1600544411,C++,C++ (GCC 9.2.1),cpp,Accepted,10.0,4104.0,1201,
s312686934,p02550,u580402951,1600544404,C++,C++ (GCC 9.2.1),cpp,Accepted,50.0,9132.0,1054,
s808424954,p02550,u552847961,1600544404,C++,C++ (GCC 9.2.1),cpp,Accepted,8.0,4536.0,1524,
s429286258,p02550,u211255607,1600544401,C++,C++ (GCC 9.2.1),cpp,Accepted,8.0,3980.0,1708,
s847050041,p02550,u193637378,1600544397,C++,C++ (GCC 9.2.1),cpp,Accepted,34.0,5972.0,1086,
s571948368,p02550,u516540919,1600544393,C++,C++ (GCC 9.2.1),cpp,Accepted,48.0,7068.0,1145,
s846124558,p02550,u863044225,1600544392,C++,C++ (GCC 9.2.1),cpp,Accepted,75.0,44068.0,3237,
s679939786,p02550,u550014122,1600544390,C++,C++ (GCC 9.2.1),cpp,Accepted,8.0,3740.0,2094,
s373080846,p02550,u134519179,1600544389,C++,C++ (GCC 9.2.1),cpp,Accepted,6.0,3628.0,1348,
s826680835,p02550,u402531243,1600544386,C++,C++ (GCC 9.2.1),cpp,Accepted,44.0,7044.0,1079,
s353676397,p02550,u558671021,1600544384,C++,C++ (GCC 9.2.1),cpp,Accepted,38.0,6724.0,1462,
s207940560,p02550,u035448833,1600544381,C++,C++ (GCC 9.2.1),cpp,Accepted,29.0,7008.0,1092,
s179921280,p02550,u539692012,1600544380,Python,PyPy3 (7.3.0),py,Accepted,68.0,65720.0,518,
s424277824,p02550,u561231954,1600544380,C++,C++ (GCC 9.2.1),cpp,Accepted,6.0,4188.0,1730,
s415850252,p02550,u858742833,1600544379,Python,Python (3.8.2),py,Accepted,69.0,22484.0,554,
s746883778,p02550,u488401358,1600544375,Python,PyPy3 (7.3.0),py,Accepted,76.0,76340.0,605,
s658866473,p02550,u692336506,1600544375,C++,C++ (GCC 9.2.1),cpp,Accepted,38.0,7948.0,1919,
s475954166,p02550,u521364030,1600544362,C++,C++ (GCC 9.2.1),cpp,Accepted,8.0,4216.0,935,
s211831213,p02550,u467736898,1600544361,Python,Python (3.8.2),py,Accepted,66.0,14100.0,523,
s866211185,p02550,u041401317,1600544360,Python,PyPy3 (7.3.0),py,Accepted,82.0,75400.0,631,
s251284162,p02550,u586747623,1600544358,C++,C++ (GCC 9.2.1),cpp,Accepted,25.0,5612.0,1152,
s416746647,p02550,u712630284,1600544355,C++,C++ (GCC 9.2.1),cpp,Accepted,8.0,4256.0,1369,
s789895564,p02550,u345966487,1600544353,C++,C++ (GCC 9.2.1),cpp,Accepted,8.0,4516.0,3245,
s341902555,p02550,u117348081,1600544353,C++,C++ (GCC 9.2.1),cpp,Accepted,42.0,7424.0,4251,
s685500331,p02550,u029000441,1600544350,Python,PyPy3 (7.3.0),py,Accepted,139.0,85408.0,1773,
s437166216,p02550,u379822620,1600544349,C++,C++ (GCC 9.2.1),cpp,Accepted,6.0,4032.0,3601,
s348833141,p02550,u460529791,1600544348,C++,C++ (GCC 9.2.1),cpp,Accepted,6.0,3916.0,1817,
s519951143,p02550,u327466606,1600544341,Python,Python (3.8.2),py,Accepted,50.0,13956.0,555,
s764890543,p02550,u653041893,1600544340,C++,C++ (GCC 9.2.1),cpp,Accepted,10.0,4040.0,594,
s019292131,p02550,u424655672,1600544339,C++,C++ (GCC 9.2.1),cpp,Accepted,12.0,4324.0,6372,
s204581595,p02550,u803754262,1600544337,C++,C++ (GCC 9.2.1),cpp,Accepted,22.0,18752.0,2801,
s553152993,p02550,u002911117,1600544336,C++,C++ (GCC 9.2.1),cpp,Accepted,7.0,3944.0,3687,
s255030503,p02550,u806976856,1600544329,Python,PyPy3 (7.3.0),py,Accepted,72.0,66824.0,630,
s288517978,p02550,u090355213,1600544328,C++,C++ (GCC 9.2.1),cpp,Accepted,14.0,4760.0,1587,
s481128799,p02550,u054475353,1600544328,C++,C++ (GCC 9.2.1),cpp,Accepted,11.0,3992.0,4484,
s917206390,p02550,u382427338,1600544327,C++,C++ (GCC 9.2.1),cpp,Accepted,22.0,7264.0,4281,
s399082810,p02550,u658401995,1600544325,C++,C++ (GCC 9.2.1),cpp,Accepted,30.0,5988.0,1014,
s149507428,p02550,u849660048,1600544325,C++,C++ (GCC 9.2.1),cpp,Accepted,10.0,4360.0,1879,
s045584171,p02550,u220212997,1600544323,C++,C++ (GCC 9.2.1),cpp,Accepted,59.0,6948.0,3614,
s557857781,p02550,u391250239,1600544322,C++,C++ (GCC 9.2.1),cpp,Accepted,35.0,5904.0,1574,
s604062799,p02550,u374099594,1600544317,Python,Python (3.8.2),py,Accepted,74.0,15364.0,283,
s499755980,p02550,u811910920,1600544316,C++,C++ (GCC 9.2.1),cpp,Accepted,5.0,2452.0,558,
s920162758,p02550,u496993534,1600544312,C++,C++ (GCC 9.2.1),cpp,Accepted,36.0,6752.0,3523,
s084856918,p02550,u520069392,1600544302,C++,C++ (GCC 9.2.1),cpp,Accepted,36.0,6616.0,3734,
s982765662,p02550,u624096804,1600544301,C++,C++ (Clang 10.0.0),cpp,Accepted,12.0,4012.0,686,
s790224912,p02550,u163320134,1600544296,Python,PyPy3 (7.3.0),py,Accepted,73.0,76084.0,504,
s856526254,p02550,u915020369,1600544290,C++,C++ (GCC 9.2.1),cpp,Accepted,12.0,4256.0,1385,
s281162165,p02550,u585305322,1600544287,C++,C++ (Clang 10.0.0),cpp,Accepted,32.0,6888.0,858,
s647717944,p02550,u605425059,1600544280,C++,C++ (GCC 9.2.1),cpp,Accepted,6.0,4776.0,1443,
s711594819,p02550,u601444374,1600544278,C++,C++ (GCC 9.2.1),cpp,Accepted,12.0,4412.0,1834,
s637358105,p02550,u326495425,1600544275,Python,PyPy3 (7.3.0),py,Accepted,78.0,70096.0,330,
s262340162,p02550,u759987571,1600544274,C++,C++ (GCC 9.2.1),cpp,Accepted,41.0,5864.0,1075,
s651427434,p02550,u450922311,1600544273,C++,C++ (GCC 9.2.1),cpp,Accepted,199.0,64952.0,10685,
s575028735,p02550,u786831102,1600544268,C++,C++ (GCC 9.2.1),cpp,Accepted,8.0,4556.0,1262,
s984068118,p02550,u976313180,1600544267,C++,C++ (GCC 9.2.1),cpp,Accepted,31.0,6772.0,695,
s100795145,p02550,u119974167,1600544257,C++,C++ (GCC 9.2.1),cpp,Accepted,8.0,4776.0,8172,
s995530462,p02550,u002419600,1600544255,C++,C++ (GCC 9.2.1),cpp,Accepted,12.0,4300.0,1912,
s889897314,p02550,u860546679,1600544252,C++,C++ (GCC 9.2.1),cpp,Accepted,35.0,6768.0,1082,
s641111598,p02550,u675296835,1600544252,C++,C++ (GCC 9.2.1),cpp,Accepted,37.0,7568.0,9224,
s395901602,p02550,u255657363,1600544249,C++,C++ (GCC 9.2.1),cpp,Accepted,13.0,5188.0,606,
s353489626,p02550,u508571192,1600544248,C++,C++ (GCC 9.2.1),cpp,Accepted,276.0,95316.0,2092,
s586198731,p02550,u644656710,1600544247,C++,C++ (GCC 9.2.1),cpp,Accepted,7.0,3768.0,1233,
s445585902,p02550,u902500155,1600544246,C++,C++ (GCC 9.2.1),cpp,Accepted,29.0,6780.0,1407,
s975148273,p02550,u593641981,1600544245,C++,C++ (Clang 10.0.0),cpp,Accepted,10.0,4256.0,1125,
s587452039,p02550,u128456980,1600544244,C++,C++ (GCC 9.2.1),cpp,Accepted,31.0,7128.0,1326,
s035905128,p02550,u525560003,1600544244,C++,C++ (GCC 9.2.1),cpp,Accepted,38.0,6212.0,1066,
s730826007,p02550,u800051850,1600544238,C++,C++ (GCC 9.2.1),cpp,Accepted,9.0,4524.0,942,
s457386660,p02550,u176271082,1600544233,C++,C++ (GCC 9.2.1),cpp,Accepted,37.0,6772.0,997,
s639297841,p02550,u605687528,1600544232,C++,C++ (GCC 9.2.1),cpp,Accepted,9.0,4592.0,1274,
s547327123,p02550,u036104576,1600544231,Python,PyPy3 (7.3.0),py,Accepted,75.0,73260.0,828,
s624177399,p02550,u190952243,1600544229,Python,PyPy3 (7.3.0),py,Accepted,116.0,65228.0,585,
s668725573,p02550,u715675531,1600544228,C++,C++ (GCC 9.2.1),cpp,Accepted,8.0,4728.0,3017,
s011136169,p02550,u145600939,1600544227,C++,C++ (GCC 9.2.1),cpp,Accepted,30.0,5992.0,949,
s224061915,p02550,u541410431,1600544223,C++,C++ (GCC 9.2.1),cpp,Accepted,24.0,5500.0,1266,
s031153504,p02550,u712993629,1600544222,C++,C++ (GCC 9.2.1),cpp,Accepted,9.0,4968.0,2288,
s305079616,p02550,u810616694,1600544220,C++,C++ (GCC 9.2.1),cpp,Accepted,38.0,6664.0,1153,
s150343430,p02550,u322084037,1600544219,C++,C++ (GCC 9.2.1),cpp,Accepted,9.0,5104.0,1066,
s611979518,p02550,u968778920,1600544218,C++,C++ (GCC 9.2.1),cpp,Accepted,8.0,4724.0,1430,
s739493466,p02550,u450832845,1600544217,C++,C++ (GCC 9.2.1),cpp,Accepted,14.0,4836.0,3438,
s010985903,p02550,u447899880,1600544217,C++,C++ (GCC 9.2.1),cpp,Accepted,7.0,3996.0,614,
s232185297,p02550,u569511944,1600544217,Python,PyPy2 (7.3.0),py,Accepted,80.0,83620.0,402,
s120426438,p02550,u240509821,1600544214,C++,C++ (GCC 9.2.1),cpp,Accepted,9.0,4612.0,2142,
s241637867,p02550,u201928947,1600544213,Python,PyPy3 (7.3.0),py,Accepted,71.0,77600.0,532,
s729484355,p02550,u876442727,1600544212,C++,C++ (GCC 9.2.1),cpp,Accepted,11.0,4228.0,1518,
s239071076,p02550,u144913062,1600544208,Python,PyPy3 (7.3.0),py,Accepted,74.0,81644.0,336,
s720019346,p02550,u554429038,1600544204,C++,C++ (GCC 9.2.1),cpp,Accepted,31.0,5948.0,2266,
s438203575,p02550,u022832318,1600544203,C++,C++ (GCC 9.2.1),cpp,Accepted,11.0,3920.0,2034,
s868896576,p02550,u679806799,1600544199,C++,C++ (GCC 9.2.1),cpp,Accepted,34.0,6612.0,740,
s321385357,p02550,u318127926,1600544197,Python,PyPy3 (7.3.0),py,Accepted,82.0,76632.0,383,
s170052188,p02550,u855429581,1600544194,C++,C++ (GCC 9.2.1),cpp,Accepted,49.0,5960.0,1115,
s780420439,p02550,u457901067,1600544194,Python,PyPy3 (7.3.0),py,Accepted,69.0,76388.0,560,
s480778447,p02550,u284124505,1600544182,C++,C++ (GCC 9.2.1),cpp,Accepted,9.0,4360.0,734,
s782605439,p02550,u047202424,1600544180,C++,C++ (GCC 9.2.1),cpp,Accepted,7.0,4748.0,3154,
s272987011,p02550,u405923605,1600544175,C++,C++ (GCC 9.2.1),cpp,Accepted,12.0,4244.0,1477,
s427841988,p02550,u331948661,1600544171,C++,C++ (GCC 9.2.1),cpp,Accepted,9.0,3980.0,670,
s269422407,p02550,u131020584,1600544169,C++,C++ (GCC 9.2.1),cpp,Accepted,10.0,4568.0,1869,
s939892747,p02550,u881116515,1600544167,C++,C++ (GCC 9.2.1),cpp,Accepted,7.0,4652.0,737,
s017683152,p02550,u224481909,1600544166,C++,C++ (GCC 9.2.1),cpp,Accepted,45.0,6684.0,1519,
s993627290,p02550,u083494782,1600544165,C++,C++ (GCC 9.2.1),cpp,Accepted,42.0,7572.0,1046,
s547303450,p02550,u407614884,1600544155,C++,C++ (GCC 9.2.1),cpp,Accepted,54.0,5928.0,1386,
s768844350,p02550,u666014704,1600544153,C++,C++ (GCC 9.2.1),cpp,Accepted,7.0,4636.0,2803,
s094863381,p02550,u071680334,1600544150,Python,PyPy3 (7.3.0),py,Accepted,86.0,75152.0,740,
s456350503,p02550,u524870111,1600544146,Python,PyPy3 (7.3.0),py,Accepted,797.0,68532.0,755,
s326671834,p02550,u059943327,1600544142,C++,C++ (GCC 9.2.1),cpp,Accepted,9.0,4148.0,1034,
s938065536,p02550,u707124227,1600544127,Python,PyPy3 (7.3.0),py,Accepted,72.0,78392.0,289,
s778799437,p02550,u285358283,1600544127,Python,PyPy3 (7.3.0),py,Accepted,96.0,69060.0,461,
s931269413,p02550,u586336940,1600544124,C++,C++ (GCC 9.2.1),cpp,Accepted,13.0,4836.0,1495,
s482391729,p02550,u035603241,1600544117,Python,PyPy3 (7.3.0),py,Accepted,103.0,76576.0,4515,
s017536223,p02550,u436516835,1600544116,C++,C++ (GCC 9.2.1),cpp,Accepted,10.0,5248.0,1034,
s515687014,p02550,u682686221,1600544111,C++,C++ (GCC 9.2.1),cpp,Accepted,41.0,5984.0,1954,
s894862120,p02550,u697232864,1600544111,C++,C++ (GCC 9.2.1),cpp,Accepted,10.0,5148.0,1567,
s678803576,p02550,u683588090,1600544106,C++,C++ (GCC 9.2.1),cpp,Accepted,128.0,104268.0,1111,
s527813909,p02550,u077337864,1600544106,C++,C++ (GCC 9.2.1),cpp,Accepted,22.0,4192.0,2287,
s916740683,p02550,u841369727,1600544099,C++,C++ (GCC 9.2.1),cpp,Accepted,43.0,7096.0,947,
s181435894,p02550,u854367220,1600544093,C++,C++ (GCC 9.2.1),cpp,Accepted,10.0,4996.0,750,
s622978800,p02550,u270920804,1600544090,C++,C++ (GCC 9.2.1),cpp,Accepted,9.0,4448.0,3287,
s187210939,p02550,u767888807,1600544089,C++,C++ (GCC 9.2.1),cpp,Accepted,9.0,4540.0,2690,
s557237757,p02550,u819704561,1600544087,C++,C++ (GCC 9.2.1),cpp,Accepted,6.0,4744.0,4084,
s088780633,p02550,u422066699,1600544085,C++,C++ (GCC 9.2.1),cpp,Accepted,41.0,6872.0,715,
s641365647,p02550,u604329931,1600544080,C++,C++ (GCC 9.2.1),cpp,Accepted,13.0,4548.0,60756,
s667857230,p02550,u865995836,1600544079,C++,C++ (GCC 9.2.1),cpp,Accepted,37.0,6764.0,3025,
s794054110,p02550,u047554023,1600544078,C++,C++ (GCC 9.2.1),cpp,Accepted,9.0,3928.0,1248,
s633982159,p02550,u876106257,1600544076,Python,PyPy3 (7.3.0),py,Accepted,86.0,74520.0,819,
s675477831,p02550,u468262978,1600544074,C++,C++ (GCC 9.2.1),cpp,Accepted,9.0,4792.0,4390,
s344296064,p02550,u608621210,1600544074,C++,C++ (GCC 9.2.1),cpp,Accepted,9.0,4740.0,1286,
s305219223,p02550,u322714721,1600544071,C++,C++ (GCC 9.2.1),cpp,Accepted,7.0,3796.0,1904,
s534081360,p02550,u212904724,1600544065,C++,C++ (Clang 10.0.0),cpp,Accepted,32.0,10704.0,1928,
s493064848,p02550,u508972438,1600544064,Python,PyPy3 (7.3.0),py,Accepted,99.0,72560.0,1435,
s504635310,p02550,u567906952,1600544052,C++,C++ (GCC 9.2.1),cpp,Accepted,33.0,6764.0,1227,
s419590965,p02550,u160429264,1600544051,C++,C++ (GCC 9.2.1),cpp,Accepted,10.0,4048.0,1783,
s399425633,p02550,u914173586,1600544051,C++,C++ (GCC 9.2.1),cpp,Accepted,19.0,5320.0,1529,
s111469793,p02550,u656771711,1600544048,C++,C++ (GCC 9.2.1),cpp,Accepted,8.0,3932.0,9146,
s637687074,p02550,u853721692,1600544044,C++,C++ (GCC 9.2.1),cpp,Accepted,63.0,50540.0,2218,
s399020521,p02550,u452725238,1600544042,C++,C++ (GCC 9.2.1),cpp,Accepted,10.0,5172.0,1226,
s999752096,p02550,u314057689,1600544039,C++,C++ (GCC 9.2.1),cpp,Accepted,30.0,7432.0,3255,
s943884517,p02550,u596117821,1600544036,C++,C++ (GCC 9.2.1),cpp,Accepted,9.0,4752.0,5211,
s347636963,p02550,u139300044,1600544035,C++,C++ (GCC 9.2.1),cpp,Accepted,6.0,4776.0,1976,
s140443709,p02550,u639562612,1600544034,C++,C++ (GCC 9.2.1),cpp,Accepted,31.0,5848.0,1362,
s978039294,p02550,u018872912,1600544024,C++,C++ (GCC 9.2.1),cpp,Accepted,10.0,5820.0,3652,
s050855713,p02550,u760448331,1600544022,C++,C++ (GCC 9.2.1),cpp,Accepted,273.0,4072.0,17513,
s015145969,p02550,u314476982,1600544021,C++,C++ (GCC 9.2.1),cpp,Accepted,29.0,6764.0,2712,
s049023057,p02550,u240444124,1600544016,Python,Python (3.8.2),py,Accepted,83.0,15260.0,263,
s809591181,p02550,u342075214,1600544015,C++,C++ (GCC 9.2.1),cpp,Accepted,11.0,3972.0,5801,
s731766983,p02550,u366381207,1600544012,C++,C++ (GCC 9.2.1),cpp,Accepted,29.0,6360.0,3750,
s626473030,p02550,u535523790,1600544012,C++,C++ (GCC 9.2.1),cpp,Accepted,12.0,4824.0,739,
s075793840,p02550,u577774192,1600544007,C++,C++ (GCC 9.2.1),cpp,Accepted,9.0,4700.0,3311,
s389488920,p02550,u483337674,1600543998,C++,C++ (GCC 9.2.1),cpp,Accepted,33.0,6560.0,1702,
s641899382,p02550,u479223170,1600543995,C++,C++ (GCC 9.2.1),cpp,Accepted,8.0,5200.0,1682,
s494654179,p02550,u858071779,1600543995,C++,C++ (GCC 9.2.1),cpp,Accepted,29.0,5916.0,1182,
s960211592,p02550,u158297468,1600543994,C++,C++ (GCC 9.2.1),cpp,Accepted,10.0,4008.0,9516,
s242856249,p02550,u449722246,1600543993,C++,C++ (GCC 9.2.1),cpp,Accepted,298.0,73404.0,919,
s199934095,p02550,u256074266,1600543992,C++,C++ (GCC 9.2.1),cpp,Accepted,12.0,5256.0,874,
s305324564,p02550,u425701555,1600543988,C++,C++ (GCC 9.2.1),cpp,Accepted,7.0,4776.0,1184,
s238278029,p02550,u061071198,1600543986,C++,C++ (GCC 9.2.1),cpp,Accepted,13.0,5572.0,8108,
s689576873,p02550,u422347032,1600543985,C++,C++ (GCC 9.2.1),cpp,Accepted,49.0,9828.0,7188,
s830066466,p02550,u592610268,1600543984,C++,C++ (GCC 9.2.1),cpp,Accepted,41.0,6612.0,2787,
s175707469,p02550,u759497274,1600543983,C++,C++ (GCC 9.2.1),cpp,Accepted,13.0,4272.0,1426,
s938454262,p02550,u923152767,1600543975,C++,C++ (GCC 9.2.1),cpp,Accepted,56.0,8200.0,859,
s207857598,p02550,u493130708,1600543967,Python,PyPy3 (7.3.0),py,Accepted,121.0,78800.0,3865,
s809518940,p02550,u563502845,1600543967,C++,C++ (GCC 9.2.1),cpp,Accepted,15.0,5048.0,3020,
s063953540,p02550,u676029460,1600543963,C++,C++ (GCC 9.2.1),cpp,Accepted,6.0,4428.0,946,
s507243845,p02550,u851848924,1600543963,C++,C++ (GCC 9.2.1),cpp,Accepted,37.0,6680.0,1418,
s466153549,p02550,u277889961,1600543960,C++,C++ (GCC 9.2.1),cpp,Accepted,10.0,4776.0,632,
s551037352,p02550,u477582000,1600543959,C++,C++ (GCC 9.2.1),cpp,Accepted,42.0,6684.0,1028,
s768498692,p02550,u478462004,1600543956,C++,C++ (GCC 9.2.1),cpp,Accepted,36.0,6340.0,1331,
s846431369,p02550,u154574371,1600543955,C++,C++ (GCC 9.2.1),cpp,Accepted,8.0,4348.0,7689,
s974198107,p02550,u493520238,1600543954,Python,PyPy3 (7.3.0),py,Accepted,65.0,69476.0,605,
s408437126,p02550,u746800706,1600543954,C++,C++ (GCC 9.2.1),cpp,Accepted,46.0,9840.0,2437,
s452795014,p02550,u656272286,1600543951,C++,C++ (GCC 9.2.1),cpp,Accepted,42.0,14900.0,4910,
s711491750,p02550,u105791541,1600543949,C++,C++ (GCC 9.2.1),cpp,Accepted,10.0,4048.0,1381,
s585843439,p02550,u579152247,1600543947,C++,C++ (GCC 9.2.1),cpp,Accepted,7.0,4272.0,3235,
s469784836,p02550,u186304815,1600543946,C++,C++ (GCC 9.2.1),cpp,Accepted,9.0,4036.0,3329,
s438094755,p02550,u313043608,1600543945,C++,C++ (GCC 9.2.1),cpp,Accepted,54.0,7124.0,1198,
s998949484,p02550,u813854705,1600543943,C++,C++ (GCC 9.2.1),cpp,Accepted,6.0,5024.0,1026,
s105712009,p02550,u104057163,1600543943,C++,C++ (GCC 9.2.1),cpp,Accepted,7.0,3728.0,3723,
s432687943,p02550,u943379296,1600543931,C++,C++ (GCC 9.2.1),cpp,Accepted,40.0,6720.0,1638,
s373502442,p02550,u341957179,1600543924,C++,C++ (GCC 9.2.1),cpp,Accepted,36.0,6600.0,873,
s631612289,p02550,u041337139,1600543921,C++,C++ (GCC 9.2.1),cpp,Accepted,6.0,4804.0,489,
s373200193,p02550,u859396346,1600543916,C++,C++ (GCC 9.2.1),cpp,Accepted,7.0,4836.0,54170,
s525076110,p02550,u581262359,1600543916,C++,C++ (GCC 9.2.1),cpp,Accepted,102.0,58184.0,9495,
s992875581,p02550,u785989355,1600543911,Python,PyPy3 (7.3.0),py,Accepted,76.0,80100.0,412,
s556159111,p02550,u340980616,1600543907,C++,C++ (GCC 9.2.1),cpp,Accepted,11.0,5200.0,1055,
s400634699,p02550,u429153939,1600543905,C++,C++ (GCC 9.2.1),cpp,Accepted,13.0,5892.0,1756,
s508834368,p02550,u679906187,1600543899,C++,C++ (GCC 9.2.1),cpp,Accepted,32.0,6764.0,1364,
s789532941,p02550,u116670634,1600543895,C++,C++ (GCC 9.2.1),cpp,Accepted,20.0,6420.0,3001,
s773815232,p02550,u242679311,1600543894,C++,C++ (GCC 9.2.1),cpp,Accepted,66.0,67832.0,2142,
s536975245,p02550,u755625072,1600543892,C++,C++ (GCC 9.2.1),cpp,Accepted,11.0,3976.0,1334,
s813686390,p02550,u047796752,1600543888,Python,PyPy3 (7.3.0),py,Accepted,76.0,78112.0,624,
s443136007,p02550,u113694050,1600543886,C++,C++ (GCC 9.2.1),cpp,Accepted,10.0,4568.0,1096,
s342473488,p02550,u221119670,1600543876,C++,C++ (GCC 9.2.1),cpp,Accepted,99.0,98936.0,736,
s515194132,p02550,u629602404,1600543873,C++,C++ (GCC 9.2.1),cpp,Accepted,20.0,6844.0,1809,
s899100361,p02550,u623954643,1600543873,C++,C++ (GCC 9.2.1),cpp,Accepted,102.0,67348.0,1106,
s171875529,p02550,u263542246,1600543868,C++,C++ (GCC 9.2.1),cpp,Accepted,8.0,3864.0,1092,
s997310995,p02550,u043781218,1600543866,C++,C++ (Clang 10.0.0),cpp,Accepted,51.0,8696.0,2977,
s725927124,p02550,u014847113,1600543866,C++,C++ (GCC 9.2.1),cpp,Accepted,9.0,4044.0,711,
s047703488,p02550,u621509943,1600543865,C++,C++ (GCC 9.2.1),cpp,Accepted,8.0,4488.0,709,
s551471688,p02550,u862237347,1600543856,C++,C++ (GCC 9.2.1),cpp,Accepted,8.0,4708.0,691,
s131291319,p02550,u690281951,1600543856,C++,C++ (GCC 9.2.1),cpp,Accepted,13.0,5164.0,768,
s182987566,p02550,u795263927,1600543850,C++,C++ (GCC 9.2.1),cpp,Accepted,37.0,7564.0,880,
s507550138,p02550,u885625076,1600543848,C++,C++ (Clang 10.0.0),cpp,Accepted,24.0,5380.0,1009,
s091226012,p02550,u898331860,1600543847,C++,C++ (GCC 9.2.1),cpp,Accepted,7.0,3752.0,893,
s768786590,p02550,u980655160,1600543838,C++,C++ (GCC 9.2.1),cpp,Accepted,34.0,7104.0,1447,
s066015222,p02550,u600402037,1600543836,C++,C++ (GCC 9.2.1),cpp,Accepted,34.0,5924.0,959,
s155719676,p02550,u649005716,1600543836,C++,C++ (GCC 9.2.1),cpp,Accepted,7.0,4572.0,966,
s723699170,p02550,u051493691,1600543832,C++,C++ (GCC 9.2.1),cpp,Accepted,10.0,4416.0,10268,
s838060335,p02550,u065656631,1600543831,C++,C++ (GCC 9.2.1),cpp,Accepted,18.0,5980.0,2951,
s257060977,p02550,u231095456,1600543830,Python,PyPy3 (7.3.0),py,Accepted,63.0,66244.0,404,
s673658803,p02550,u120659896,1600543826,C++,C++ (GCC 9.2.1),cpp,Accepted,10.0,4668.0,2289,
s266881149,p02550,u743200388,1600543825,C++,C++ (GCC 9.2.1),cpp,Accepted,33.0,6692.0,736,
s302749030,p02550,u613154664,1600543818,C++,C++ (GCC 9.2.1),cpp,Accepted,9.0,5172.0,4557,
s350570413,p02550,u914514218,1600543817,C++,C++ (GCC 9.2.1),cpp,Accepted,8.0,3816.0,6250,
s730598548,p02550,u325227960,1600543811,Python,PyPy3 (7.3.0),py,Accepted,72.0,72984.0,708,
s173287276,p02550,u860729283,1600543811,C++,C++ (GCC 9.2.1),cpp,Accepted,37.0,6912.0,4480,
s656510296,p02550,u115888500,1600543806,C++,C++ (GCC 9.2.1),cpp,Accepted,6.0,3904.0,4275,
s544713306,p02550,u805692198,1600543786,C++,C++ (GCC 9.2.1),cpp,Accepted,9.0,4216.0,584,
s933939819,p02550,u269963329,1600543784,C++,C++ (GCC 9.2.1),cpp,Accepted,110.0,97972.0,801,
s648400732,p02550,u680493942,1600543783,C++,C++ (GCC 9.2.1),cpp,Accepted,39.0,8280.0,2112,
s171411642,p02550,u994988729,1600543780,Python,Python (3.8.2),py,Accepted,58.0,13532.0,534,
s885973414,p02550,u912077483,1600543777,C++,C++ (GCC 9.2.1),cpp,Accepted,6.0,3884.0,1460,
s456964583,p02550,u185736584,1600543777,C++,C++ (GCC 9.2.1),cpp,Accepted,11.0,4564.0,1090,
s408718345,p02550,u201234972,1600543777,Python,Python (3.8.2),py,Accepted,72.0,12120.0,738,
s452736500,p02550,u816742421,1600543775,C++,C++ (GCC 9.2.1),cpp,Accepted,8.0,4572.0,779,
s699523601,p02550,u794173881,1600543772,Python,PyPy3 (7.3.0),py,Accepted,72.0,77256.0,535,
s994283937,p02550,u248340295,1600543770,C++,C++ (GCC 9.2.1),cpp,Accepted,8.0,4232.0,1480,
s854635127,p02550,u057488446,1600543763,C++,C++ (GCC 9.2.1),cpp,Accepted,8.0,4272.0,2536,
s357483125,p02550,u757626242,1600543753,C++,C++ (GCC 9.2.1),cpp,Accepted,34.0,5932.0,8261,
s185597746,p02550,u878615689,1600543750,C++,C++ (GCC 9.2.1),cpp,Accepted,10.0,4600.0,5167,
s885174049,p02550,u681557252,1600543747,C++,C++ (GCC 9.2.1),cpp,Accepted,7.0,3980.0,694,
s072748846,p02550,u134016780,1600543742,C++,C++ (GCC 9.2.1),cpp,Accepted,53.0,10512.0,2463,
s320936121,p02550,u168579419,1600543739,C++,C++ (GCC 9.2.1),cpp,Accepted,36.0,7440.0,10160,
s593135430,p02550,u968846084,1600543738,Python,PyPy3 (7.3.0),py,Accepted,260.0,86916.0,376,
s237875835,p02550,u918714262,1600543737,C++,C++ (GCC 9.2.1),cpp,Accepted,52.0,3996.0,9239,
s702648893,p02550,u340781749,1600543714,Python,PyPy3 (7.3.0),py,Accepted,67.0,68956.0,606,
s102354872,p02550,u433195318,1600543713,C++,C++ (GCC 9.2.1),cpp,Accepted,236.0,169024.0,23927,
s037747551,p02550,u413886749,1600543708,C++,C++ (GCC 9.2.1),cpp,Accepted,6.0,4700.0,1365,
s139422862,p02550,u249218427,1600543700,Python,PyPy3 (7.3.0),py,Accepted,807.0,68384.0,400,
s813763768,p02550,u766349042,1600543699,C++,C++ (GCC 9.2.1),cpp,Accepted,41.0,7488.0,886,
s180758454,p02550,u276999104,1600543696,C++,C++ (GCC 9.2.1),cpp,Accepted,9.0,6192.0,776,
s664908918,p02550,u570659423,1600543694,C++,C++ (GCC 9.2.1),cpp,Accepted,14.0,5172.0,816,
s243010657,p02550,u329157270,1600543693,C++,C++ (GCC 9.2.1),cpp,Accepted,9.0,4160.0,1862,
s376404908,p02550,u342813305,1600543693,C++,C++ (GCC 9.2.1),cpp,Accepted,34.0,7060.0,1523,
s483530518,p02550,u787143628,1600543691,C++,C++ (GCC 9.2.1),cpp,Accepted,37.0,6744.0,1837,
s917267724,p02550,u141610915,1600543687,Python,PyPy3 (7.3.0),py,Accepted,81.0,69588.0,427,
s546312157,p02550,u887142477,1600543687,Python,Python (3.8.2),py,Accepted,68.0,11172.0,556,
s801071546,p02550,u064087840,1600543679,C++,C++ (GCC 9.2.1),cpp,Accepted,6.0,4692.0,857,
s428356774,p02550,u162612857,1600543673,Python,Python (3.8.2),py,Accepted,62.0,15740.0,779,
s047520957,p02550,u733859316,1600543672,C++,C++ (GCC 9.2.1),cpp,Accepted,32.0,6492.0,1098,
s686525889,p02550,u422827820,1600543671,C++,C++ (GCC 9.2.1),cpp,Accepted,9.0,4540.0,2113,
s242041160,p02550,u693566873,1600543671,Python,PyPy3 (7.3.0),py,Accepted,72.0,77740.0,454,
s523747331,p02550,u168416324,1600543659,Python,PyPy3 (7.3.0),py,Accepted,798.0,68548.0,257,
s135554524,p02550,u492373312,1600543657,C++,C++ (GCC 9.2.1),cpp,Accepted,98.0,66660.0,1904,
s736460905,p02550,u743900647,1600543648,C++,C++ (GCC 9.2.1),cpp,Accepted,81.0,66156.0,5579,
s442114682,p02550,u154898295,1600543641,C++,C++ (GCC 9.2.1),cpp,Accepted,9.0,4028.0,541,
s412609683,p02550,u172873334,1600543639,C++,C++ (GCC 9.2.1),cpp,Accepted,33.0,6280.0,21020,
s012702138,p02550,u003873207,1600543635,C++,C++ (Clang 10.0.0),cpp,Accepted,29.0,6324.0,2948,
s528553122,p02550,u045547337,1600543631,C++,C++ (GCC 9.2.1),cpp,Accepted,6.0,5120.0,907,
s972685094,p02550,u004411048,1600543631,C++,C++ (GCC 9.2.1),cpp,Accepted,13.0,4048.0,2875,
s324193996,p02550,u084411645,1600543630,C++,C++ (GCC 9.2.1),cpp,Accepted,7.0,4712.0,1030,
s927530617,p02550,u915913072,1600543628,C++,C++ (GCC 9.2.1),cpp,Accepted,7.0,4576.0,757,
s955911763,p02550,u473405426,1600543624,C++,C++ (GCC 9.2.1),cpp,Accepted,8.0,4740.0,637,
s006316013,p02550,u422633119,1600543624,C++,C++ (GCC 9.2.1),cpp,Accepted,11.0,4840.0,2766,
s656071862,p02550,u112723190,1600543620,C++,C++ (Clang 10.0.0),cpp,Accepted,5.0,3564.0,3147,
s548348622,p02550,u915389871,1600543620,C++,C++ (GCC 9.2.1),cpp,Accepted,9.0,3616.0,931,
s167131461,p02550,u007610006,1600543618,C++,C++ (GCC 9.2.1),cpp,Accepted,12.0,5012.0,2343,
s409543679,p02550,u994313124,1600543617,C++,C++ (GCC 9.2.1),cpp,Accepted,38.0,6716.0,1575,
s840328717,p02550,u041932988,1600543616,C++,C++ (GCC 9.2.1),cpp,Accepted,58.0,9016.0,1555,
s282374338,p02550,u834777932,1600543607,C++,C++ (GCC 9.2.1),cpp,Accepted,12.0,5004.0,10744,
s825081913,p02550,u969708690,1600543600,Python,Python (3.8.2),py,Accepted,63.0,14208.0,432,
s733580946,p02550,u462405902,1600543598,C++,C++ (GCC 9.2.1),cpp,Accepted,37.0,7228.0,2944,
s603338592,p02550,u251847465,1600543596,C++,C++ (GCC 9.2.1),cpp,Accepted,46.0,7336.0,5220,
s146221930,p02550,u212804131,1600543594,C++,C++ (GCC 9.2.1),cpp,Accepted,11.0,4056.0,2720,
s760271024,p02550,u997304292,1600543593,C++,C++ (GCC 9.2.1),cpp,Accepted,39.0,6724.0,790,
s499863169,p02550,u912359563,1600543580,C++,C++ (GCC 9.2.1),cpp,Accepted,6.0,4256.0,1301,
s204466974,p02550,u825369110,1600543578,C++,C++ (GCC 9.2.1),cpp,Accepted,11.0,4480.0,2603,
s272463510,p02550,u855170088,1600543569,C++,C++ (GCC 9.2.1),cpp,Accepted,18.0,12220.0,1489,
s802914344,p02550,u462437857,1600543565,C++,C++ (GCC 9.2.1),cpp,Accepted,14.0,4772.0,478,
s877178086,p02550,u241267954,1600543565,C++,C++ (GCC 9.2.1),cpp,Accepted,41.0,7436.0,1944,
s842755761,p02550,u495699318,1600543562,C++,C++ (GCC 9.2.1),cpp,Accepted,6.0,4284.0,11997,
s550426048,p02550,u543167400,1600543556,C++,C++ (GCC 9.2.1),cpp,Accepted,6.0,3992.0,2824,
s178622459,p02550,u875291233,1600543554,Python,Python (3.8.2),py,Accepted,957.0,24000.0,427,
s189815237,p02550,u695811449,1600543553,Python,Python (3.8.2),py,Accepted,55.0,13436.0,420,
s792692068,p02550,u292456136,1600543535,C++,C++ (GCC 9.2.1),cpp,Accepted,47.0,6732.0,2576,
s658973027,p02550,u754022296,1600543532,Python,PyPy3 (7.3.0),py,Accepted,72.0,77232.0,346,
s262269870,p02550,u102461423,1600543532,Python,Python (3.8.2),py,Accepted,487.0,107408.0,822,
s343132986,p02550,u695811449,1600543527,Python,PyPy3 (7.3.0),py,Accepted,69.0,76516.0,420,
s265728145,p02550,u680707192,1600543526,C++,C++ (GCC 9.2.1),cpp,Accepted,17.0,5632.0,1513,
s471228474,p02550,u998677610,1600543525,C++,C++ (GCC 9.2.1),cpp,Accepted,11.0,5456.0,1037,
s004764618,p02550,u401686269,1600543525,Python,Python (3.8.2),py,Accepted,60.0,14020.0,405,
s738616673,p02550,u196974365,1600543522,C++,C++ (GCC 9.2.1),cpp,Accepted,9.0,4868.0,659,
s486419062,p02550,u934272719,1600543522,C++,C++ (GCC 9.2.1),cpp,Accepted,20.0,7064.0,2132,
s001922366,p02550,u016531517,1600543516,C++,C++ (GCC 9.2.1),cpp,Accepted,13.0,4992.0,3529,
s095527209,p02550,u980205854,1600543514,Python,PyPy3 (7.3.0),py,Accepted,118.0,78628.0,2764,
s262180334,p02550,u487172668,1600543505,C++,C++ (GCC 9.2.1),cpp,Accepted,8.0,4756.0,1616,
s551274406,p02550,u951370370,1600543502,C++,C++ (GCC 9.2.1),cpp,Accepted,9.0,5004.0,7020,
s004115861,p02550,u287015418,1600543501,C++,C++ (GCC 9.2.1),cpp,Accepted,7.0,4792.0,1396,
s414670543,p02550,u781095600,1600543499,C++,C++ (GCC 9.2.1),cpp,Accepted,7.0,4624.0,598,
s534095497,p02550,u188195894,1600543493,C++,C++ (GCC 9.2.1),cpp,Accepted,10.0,6352.0,940,
s898931496,p02550,u243127472,1600543491,C++,C++ (GCC 9.2.1),cpp,Accepted,9.0,4624.0,2727,
s663620181,p02550,u513211419,1600543486,C++,C++ (GCC 9.2.1),cpp,Accepted,9.0,4992.0,10538,
s515261585,p02550,u280096880,1600543485,C++,C++ (GCC 9.2.1),cpp,Accepted,51.0,9860.0,1209,
s295924299,p02550,u846949634,1600543484,C++,C++ (GCC 9.2.1),cpp,Accepted,6.0,4312.0,1447,
s961280925,p02550,u177907787,1600543477,C++,C++ (GCC 9.2.1),cpp,Accepted,9.0,4312.0,908,
s757415053,p02550,u591343832,1600543472,C++,C++ (GCC 9.2.1),cpp,Accepted,35.0,7492.0,10340,
s487511995,p02550,u842939260,1600543466,C++,C++ (GCC 9.2.1),cpp,Accepted,149.0,98704.0,3101,
s004117787,p02550,u034128150,1600543453,Python,PyPy3 (7.3.0),py,Accepted,64.0,68920.0,551,
s278648938,p02550,u275797573,1600543444,C++,C++ (Clang 10.0.0),cpp,Accepted,7.0,4328.0,5516,
s089064665,p02550,u110464018,1600543434,C++,C++ (GCC 9.2.1),cpp,Accepted,6.0,3864.0,2104,
s712745538,p02550,u372633838,1600543433,C++,C++ (GCC 9.2.1),cpp,Accepted,42.0,6796.0,1773,
s020663485,p02550,u864197622,1600543426,Python,PyPy3 (7.3.0),py,Accepted,118.0,142852.0,400,
s645879451,p02550,u268571052,1600543423,C++,C++ (GCC 9.2.1),cpp,Accepted,19.0,16276.0,2002,
s847735633,p02550,u227082700,1600543412,Python,PyPy3 (7.3.0),py,Accepted,70.0,77084.0,264,
s042474332,p02550,u720150053,1600543405,C++,C++ (GCC 9.2.1),cpp,Accepted,7.0,4236.0,1293,
s372482160,p02550,u933068010,1600543403,C++,C++ (GCC 9.2.1),cpp,Accepted,33.0,36260.0,13153,
s342541638,p02550,u410132794,1600543402,C++,C++ (GCC 9.2.1),cpp,Accepted,5.0,2904.0,601,
s010728329,p02550,u091970605,1600543398,C++,C++ (GCC 9.2.1),cpp,Accepted,16.0,4764.0,1052,
s553238336,p02550,u273957331,1600543387,C++,C++ (GCC 9.2.1),cpp,Accepted,40.0,7116.0,2610,
s660094266,p02550,u179970156,1600543387,C++,C++ (GCC 9.2.1),cpp,Accepted,7.0,4288.0,2454,
s488443841,p02550,u666772276,1600543387,C++,C++ (GCC 9.2.1),cpp,Accepted,14.0,4236.0,1184,
s663453700,p02550,u100858029,1600543385,C++,C++ (GCC 9.2.1),cpp,Accepted,32.0,7096.0,750,
s655645216,p02550,u802434195,1600543378,C++,C++ (GCC 9.2.1),cpp,Accepted,6.0,4048.0,1600,
s921340253,p02550,u399527088,1600543370,C++,C++ (GCC 9.2.1),cpp,Accepted,19.0,4780.0,3532,
s919870027,p02550,u049095189,1600543370,C++,C++ (GCC 9.2.1),cpp,Accepted,9.0,4204.0,3254,
s053336050,p02550,u276112157,1600543364,C++,C++ (Clang 10.0.0),cpp,Accepted,10.0,4136.0,551,
s171928486,p02550,u118797367,1600543353,C++,C++ (GCC 9.2.1),cpp,Accepted,84.0,67404.0,816,
s469144457,p02550,u158290747,1600543351,C++,C++ (GCC 9.2.1),cpp,Accepted,9.0,4524.0,494,
s529133352,p02550,u834771741,1600543345,C++,C++ (GCC 9.2.1),cpp,Accepted,42.0,6516.0,1087,
s007833043,p02550,u416703382,1600543337,C++,C++ (GCC 9.2.1),cpp,Accepted,11.0,4780.0,4355,
s160792128,p02550,u319282133,1600543335,C++,C++ (GCC 9.2.1),cpp,Accepted,38.0,7052.0,1292,
s857313829,p02550,u892251744,1600543329,Python,PyPy3 (7.3.0),py,Accepted,77.0,71316.0,685,
s045086233,p02550,u024367207,1600543325,C++,C++ (GCC 9.2.1),cpp,Accepted,35.0,7104.0,1792,
s567453411,p02550,u750157347,1600543322,C++,C++ (GCC 9.2.1),cpp,Accepted,10.0,5148.0,1178,
s866923484,p02550,u852113235,1600543320,C++,C++ (GCC 9.2.1),cpp,Accepted,10.0,4776.0,1290,
s852268461,p02550,u586567203,1600543316,C++,C++ (GCC 9.2.1),cpp,Accepted,7.0,4744.0,1400,
s178342725,p02550,u168026006,1600543316,C++,C++ (GCC 9.2.1),cpp,Accepted,36.0,5912.0,3054,
s493191063,p02550,u168578024,1600543306,C++,C++ (GCC 9.2.1),cpp,Accepted,6.0,3928.0,10403,
s339907991,p02550,u495704746,1600543304,C++,C++ (GCC 9.2.1),cpp,Accepted,25.0,5584.0,1120,
s035365954,p02550,u200215998,1600543300,C++,C++ (GCC 9.2.1),cpp,Accepted,87.0,58700.0,4648,
s758307729,p02550,u454932946,1600543299,C++,C++ (GCC 9.2.1),cpp,Accepted,9.0,3732.0,787,
s034338858,p02550,u646339490,1600543297,C++,C++ (GCC 9.2.1),cpp,Accepted,172.0,57812.0,1045,
s784789306,p02550,u119460590,1600543293,C++,C++ (GCC 9.2.1),cpp,Accepted,8.0,4600.0,1643,
s601578988,p02550,u763881112,1600543292,C++,C++ (GCC 9.2.1),cpp,Accepted,12.0,4804.0,60141,
s435991345,p02550,u832039789,1600543285,C++,C++ (GCC 9.2.1),cpp,Accepted,33.0,5896.0,8724,
s281324058,p02550,u469397477,1600543284,C++,C++ (GCC 9.2.1),cpp,Accepted,188.0,50512.0,634,
s853676573,p02550,u221272125,1600543276,Python,Python (3.8.2),py,Accepted,95.0,19444.0,441,
s205887721,p02550,u133391510,1600543268,C++,C++ (GCC 9.2.1),cpp,Accepted,94.0,97440.0,62336,
s537328041,p02550,u070600790,1600543263,C++,C++ (GCC 9.2.1),cpp,Accepted,8.0,5920.0,2847,
s822789611,p02550,u360980679,1600543257,C++,C++ (GCC 9.2.1),cpp,Accepted,35.0,6676.0,3706,
s682562934,p02550,u750630712,1600543253,C++,C++ (GCC 9.2.1),cpp,Accepted,10.0,4272.0,945,
s048710969,p02550,u093219895,1600543247,C++,C++ (GCC 9.2.1),cpp,Accepted,33.0,6720.0,8018,
s831633661,p02550,u225053756,1600543247,C++,C++ (GCC 9.2.1),cpp,Accepted,10.0,4052.0,1901,
s529321664,p02550,u042689916,1600543232,C++,C++ (GCC 9.2.1),cpp,Accepted,8.0,2864.0,609,
s779885935,p02550,u348177161,1600543215,C++,C++ (GCC 9.2.1),cpp,Accepted,18.0,4152.0,1000,
s429430192,p02550,u365928829,1600543209,C++,C++ (GCC 9.2.1),cpp,Accepted,6.0,4412.0,910,
s207617532,p02550,u952557476,1600543201,C++,C++ (GCC 9.2.1),cpp,Accepted,47.0,7536.0,573,
s502642837,p02550,u574610297,1600543195,Python,PyPy3 (7.3.0),py,Accepted,75.0,76380.0,652,
s056482686,p02550,u548834738,1600543189,C++,C++ (GCC 9.2.1),cpp,Accepted,6.0,4044.0,761,
s752231872,p02550,u152417130,1600543185,Python,PyPy3 (7.3.0),py,Accepted,74.0,65224.0,528,
s938312884,p02550,u793275002,1600543183,C++,C++ (GCC 9.2.1),cpp,Accepted,7.0,3860.0,1538,
s343811013,p02550,u771095147,1600543177,C++,C++ (GCC 9.2.1),cpp,Accepted,9.0,4168.0,566,
s390402390,p02550,u328811800,1600543156,C++,C++ (GCC 9.2.1),cpp,Accepted,33.0,5944.0,1931,
s884283296,p02550,u898167769,1600543152,C++,C++ (GCC 9.2.1),cpp,Accepted,8.0,3872.0,2943,
s856769598,p02550,u434231045,1600543150,C++,C++ (GCC 9.2.1),cpp,Accepted,8.0,3660.0,2764,
s848950394,p02550,u745514010,1600543149,Python,PyPy3 (7.3.0),py,Accepted,77.0,73492.0,570,
s920083733,p02550,u275786410,1600543142,C++,C++ (GCC 9.2.1),cpp,Accepted,8.0,4016.0,2705,
s174634393,p02550,u506255180,1600543142,C++,C++ (GCC 9.2.1),cpp,Accepted,8.0,3648.0,1168,
s859927497,p02550,u371056862,1600543102,C++,C++ (GCC 9.2.1),cpp,Accepted,8.0,4780.0,1699,
s293168906,p02550,u398942100,1600543095,C++,C++ (GCC 9.2.1),cpp,Accepted,72.0,66148.0,9627,
s361849225,p02550,u560297531,1600543048,C++,C++ (GCC 9.2.1),cpp,Accepted,14.0,4732.0,520,
s699552786,p02550,u468700753,1600543046,C++,C++ (GCC 9.2.1),cpp,Accepted,50.0,6412.0,1217,
s413965639,p02550,u137747137,1600543037,C++,C++ (GCC 9.2.1),cpp,Accepted,75.0,59360.0,1664,
s125099879,p02550,u229051304,1600543027,C++,C++ (GCC 9.2.1),cpp,Accepted,29.0,7728.0,829,
s202511343,p02550,u204432355,1600543005,C++,C++ (GCC 9.2.1),cpp,Accepted,7.0,4432.0,557,
s940143469,p02550,u805729268,1600542988,C++,C++ (GCC 9.2.1),cpp,Accepted,16.0,4256.0,1610,
s515779432,p02550,u424374375,1600542971,C++,C++ (GCC 9.2.1),cpp,Accepted,60.0,45104.0,781,
s546271179,p02550,u873915460,1600542956,Python,PyPy3 (7.3.0),py,Accepted,87.0,72456.0,259,
s503594801,p02550,u314396879,1600542932,C++,C++ (GCC 9.2.1),cpp,Accepted,66.0,66084.0,626,
s526943094,p02550,u219786796,1600542925,C++,C++ (GCC 9.2.1),cpp,Accepted,6.0,3828.0,1541,
s252997876,p02550,u682550266,1600542923,C++,C++ (GCC 9.2.1),cpp,Accepted,128.0,50696.0,1135,
s554725426,p02550,u657913472,1600542919,C++,C++ (GCC 9.2.1),cpp,Accepted,14.0,4784.0,367,
s622508611,p02550,u294531924,1600542868,C++,C++ (GCC 9.2.1),cpp,Accepted,40.0,36508.0,3492,
s709149177,p02550,u457283867,1600542842,C++,C++ (GCC 9.2.1),cpp,Accepted,34.0,6008.0,2643,
s612728160,p02550,u874644572,1600542838,C++,C++ (GCC 9.2.1),cpp,Accepted,263.0,73488.0,9397,
s603016772,p02550,u545022164,1600542831,C++,C++ (GCC 9.2.1),cpp,Accepted,49.0,6680.0,46807,
s463839389,p02550,u675249209,1600542794,C++,C++ (GCC 9.2.1),cpp,Accepted,20.0,5880.0,2359,
s122070253,p02550,u059187806,1600542787,C++,C++ (GCC 9.2.1),cpp,Accepted,13.0,4608.0,1332,
s690845312,p02550,u924568685,1600542777,C++,C++ (GCC 9.2.1),cpp,Accepted,8.0,4144.0,589,
s031834852,p02550,u119714109,1600542746,Python,PyPy3 (7.3.0),py,Accepted,75.0,77712.0,510,
s006830642,p02550,u803848678,1600542736,Python,PyPy3 (7.3.0),py,Accepted,804.0,70644.0,484,
s317409799,p02550,u412908746,1600542725,C++,C++ (GCC 9.2.1),cpp,Accepted,105.0,98496.0,787,
s101362965,p02550,u110383845,1600542673,C++,C++ (GCC 9.2.1),cpp,Accepted,10.0,4620.0,4555,
s622815690,p02550,u061141764,1600542637,C++,C++ (GCC 9.2.1),cpp,Accepted,12.0,5100.0,3614,
s520570020,p02550,u066369439,1600542542,C++,C++ (GCC 9.2.1),cpp,Accepted,9.0,5532.0,2755,
s569390086,p02550,u930898631,1600542476,C++,C++ (GCC 9.2.1),cpp,Accepted,11.0,4356.0,1176,
