submission_id,problem_id,user_id,date,language,original_language,filename_ext,status,cpu_time,memory,code_size,accuracy
s855640784,p02781,u118225776,1600701224,C++,C++ (Clang 10.0.0),cpp,Accepted,24.0,3176.0,1399,
s891116609,p02781,u106915763,1600611219,C++,C++ (GCC 9.2.1),cpp,Accepted,7.0,4540.0,1023,
s871208023,p02781,u739148233,1600562066,C++,C++ (GCC 9.2.1),cpp,Accepted,8.0,3792.0,1022,
s697100223,p02781,u739148233,1600561820,C++,C++ (GCC 9.2.1),cpp,Accepted,6.0,3600.0,986,
s266214937,p02781,u582847048,1600529176,C++,C++ (GCC 9.2.1),cpp,Accepted,7.0,3628.0,1455,
s613261036,p02781,u341267151,1600526875,Python,Python (3.8.2),py,Accepted,28.0,9040.0,716,
s748794944,p02781,u901282405,1600525435,C++,C++ (GCC 9.2.1),cpp,Accepted,11.0,3700.0,10408,
s609602408,p02781,u166378830,1600512495,C++,C++ (GCC 9.2.1),cpp,Accepted,8.0,3656.0,870,
s698088740,p02781,u906832993,1600502044,C++,C++ (GCC 9.2.1),cpp,Accepted,6.0,3708.0,1113,
s859515065,p02781,u575653048,1600464346,C++,C++ (GCC 9.2.1),cpp,Accepted,27.0,3580.0,1322,
s553842125,p02781,u979852867,1600453588,C++,C++ (GCC 9.2.1),cpp,Accepted,34.0,14664.0,2144,
s040409398,p02781,u214864255,1600425565,Python,Python (3.8.2),py,Accepted,28.0,9096.0,413,
s534434015,p02781,u682672120,1600390133,Python,PyPy3 (7.3.0),py,Accepted,59.0,62464.0,666,
s363190648,p02781,u885634168,1600387162,C++,C++ (GCC 9.2.1),cpp,Accepted,8.0,3636.0,3177,
s791854520,p02781,u366381207,1600378423,C++,C++ (GCC 9.2.1),cpp,Accepted,12.0,3600.0,954,
s739635056,p02781,u366381207,1600378336,C++,C++ (GCC 9.2.1),cpp,Accepted,7.0,3632.0,939,
s241964993,p02781,u005006157,1600377795,C++,C++ (GCC 9.2.1),cpp,Accepted,7.0,3596.0,835,
s547837970,p02781,u668785999,1600367425,C++,C++ (GCC 9.2.1),cpp,Accepted,11.0,3676.0,3087,
s772032397,p02781,u366381207,1600366255,C++,C++ (GCC 9.2.1),cpp,Accepted,6.0,3628.0,902,
s530809763,p02781,u366381207,1600365287,C++,C++ (GCC 9.2.1),cpp,Accepted,6.0,3608.0,887,
s935773082,p02781,u970197315,1600278793,C++,C++ (GCC 9.2.1),cpp,Accepted,7.0,3644.0,2662,
s658650738,p02781,u116018262,1600251331,C++,C++ (GCC 9.2.1),cpp,Accepted,7.0,3712.0,785,
s131447839,p02781,u901282405,1600228008,C++,C++ (GCC 9.2.1),cpp,Accepted,8.0,3676.0,12816,
s178443704,p02781,u259578308,1600207567,C++,C++ (GCC 9.2.1),cpp,Accepted,7.0,3600.0,664,
s817218702,p02781,u498487134,1600113907,Python,PyPy3 (7.3.0),py,Accepted,63.0,62548.0,1434,
s018511793,p02781,u495692658,1600100235,C++,C++ (GCC 9.2.1),cpp,Accepted,7.0,3600.0,822,
s861385303,p02781,u495692658,1600094498,C++,C++ (GCC 9.2.1),cpp,Accepted,8.0,3624.0,1155,
s258471619,p02781,u450883456,1600008472,C++,C++ (GCC 9.2.1),cpp,Accepted,10.0,3544.0,1469,
s332386021,p02781,u364693468,1599959575,Python,PyPy3 (7.3.0),py,Accepted,84.0,68456.0,1142,
s204883232,p02781,u893239355,1599946624,C++,C++ (GCC 9.2.1),cpp,Accepted,9.0,3640.0,783,
s496917790,p02781,u598296382,1599933023,Python,PyPy3 (7.3.0),py,Accepted,64.0,63076.0,623,
s596329905,p02781,u171059364,1599926680,C++,C++ (GCC 9.2.1),cpp,Accepted,9.0,3604.0,1093,
s491744966,p02781,u374051158,1599926452,C++,C++ (GCC 9.2.1),cpp,Accepted,9.0,3792.0,635,
s951804360,p02781,u166378830,1599904637,C++,C++ (GCC 9.2.1),cpp,Accepted,6.0,3612.0,1101,
s481304821,p02781,u366381207,1599844560,C++,C++ (GCC 9.2.1),cpp,Accepted,8.0,3620.0,3483,
s666379184,p02781,u670898337,1599844070,C++,C++ (GCC 9.2.1),cpp,Accepted,7.0,3588.0,1520,
s686662096,p02781,u288867832,1599843504,C++,C++ (GCC 9.2.1),cpp,Accepted,5.0,3592.0,1264,
s511142335,p02781,u366381207,1599836470,C++,C++ (GCC 9.2.1),cpp,Accepted,8.0,3656.0,3483,
s898914735,p02781,u512624048,1599817546,C++,C++ (GCC 9.2.1),cpp,Accepted,9.0,4384.0,888,
s080085514,p02781,u113971909,1599751496,Python,Python (3.8.2),py,Accepted,29.0,9144.0,1048,
s851638872,p02781,u714642046,1599730694,C++,C++ (GCC 9.2.1),cpp,Accepted,5.0,3956.0,824,
s719034656,p02781,u620269708,1599730503,C++,C++ (GCC 9.2.1),cpp,Accepted,6.0,3612.0,743,
s158270709,p02781,u790949059,1599715793,C++,C++ (GCC 9.2.1),cpp,Accepted,9.0,3632.0,1367,
s925593991,p02781,u434872492,1599682922,Python,PyPy3 (7.3.0),py,Accepted,74.0,62284.0,557,
s786719017,p02781,u895393304,1599659455,C++,C++ (GCC 9.2.1),cpp,Accepted,8.0,3608.0,1342,
s431636432,p02781,u434872492,1599638883,Python,PyPy3 (7.3.0),py,Accepted,60.0,62476.0,606,
s143202131,p02781,u657208344,1599588313,C++,C++ (GCC 9.2.1),cpp,Accepted,6.0,3596.0,751,
s639222074,p02781,u286623856,1599583624,C++,C++ (GCC 9.2.1),cpp,Accepted,7.0,3608.0,1731,
s166825492,p02781,u286623856,1599583324,C++,C++ (GCC 9.2.1),cpp,Accepted,7.0,3648.0,1565,
s822170887,p02781,u028554976,1599583003,C++,C++ (GCC 9.2.1),cpp,Accepted,8.0,3628.0,1425,
s779149865,p02781,u682450167,1599579323,C++,C++ (GCC 9.2.1),cpp,Accepted,8.0,4028.0,870,
s531078331,p02781,u266014018,1599566727,C++,C++ (GCC 9.2.1),cpp,Accepted,7.0,3608.0,1425,
s014748248,p02781,u266014018,1599558756,C++,C++ (GCC 9.2.1),cpp,Accepted,8.0,3616.0,1333,
s110804801,p02781,u863370423,1599551020,C++,C++ (GCC 9.2.1),cpp,Accepted,8.0,3744.0,821,
s919467433,p02781,u423778821,1599503833,C++,C++ (GCC 9.2.1),cpp,Accepted,7.0,3616.0,2731,
s318952476,p02781,u084949493,1599503474,C++,C++ (GCC 9.2.1),cpp,Accepted,7.0,3616.0,1498,
s711085055,p02781,u084949493,1599500076,C++,C++ (GCC 9.2.1),cpp,Accepted,9.0,3612.0,1274,
s090202517,p02781,u151855078,1599492691,C++,C++ (GCC 9.2.1),cpp,Accepted,45.0,3632.0,1698,
s445923374,p02781,u264265458,1599452590,C++,C++ (GCC 9.2.1),cpp,Accepted,6.0,3836.0,3932,
s364636775,p02781,u625046108,1599437080,Python,PyPy3 (7.3.0),py,Accepted,64.0,62692.0,588,
s644373214,p02781,u836311327,1599410794,Python,Python (3.8.2),py,Accepted,34.0,9464.0,1111,
s261458942,p02781,u692054751,1599408516,Python,PyPy3 (7.3.0),py,Accepted,60.0,62104.0,548,
s538101435,p02781,u850087201,1599396082,Python,PyPy3 (7.3.0),py,Accepted,73.0,73444.0,1489,
s895919756,p02781,u166378830,1599388396,C++,C++ (GCC 9.2.1),cpp,Accepted,7.0,3608.0,755,
s392586951,p02781,u166378830,1599388378,C++,C++ (GCC 9.2.1),cpp,Accepted,4.0,3592.0,755,
s435252239,p02781,u231095456,1599334476,Python,Python (3.8.2),py,Accepted,32.0,9224.0,470,
s514908291,p02781,u164181205,1599309443,C++,C++ (GCC 9.2.1),cpp,Accepted,5.0,3632.0,1198,
s144791455,p02781,u355853184,1599306968,Python,Python (3.8.2),py,Accepted,32.0,9272.0,979,
s322692338,p02781,u355853184,1599306835,Python,Python (3.8.2),py,Accepted,30.0,9224.0,972,
s363117487,p02781,u743124029,1599294993,C++,C++ (GCC 9.2.1),cpp,Accepted,7.0,3580.0,1326,
s158386551,p02781,u719183848,1599294578,C++,C++ (GCC 9.2.1),cpp,Accepted,8.0,3648.0,1294,
s785182172,p02781,u870092796,1599246822,C++,C++ (GCC 9.2.1),cpp,Accepted,8.0,3628.0,2111,
s470375422,p02781,u399527088,1599219910,C++,C++ (GCC 9.2.1),cpp,Accepted,8.0,3808.0,3331,
s717031733,p02781,u931901821,1599178744,C++,C++ (GCC 9.2.1),cpp,Accepted,8.0,3644.0,1263,
s063484045,p02781,u469315559,1599172151,C++,C++ (GCC 9.2.1),cpp,Accepted,8.0,3608.0,888,
s372377283,p02781,u275256557,1599171930,C++,C++ (GCC 9.2.1),cpp,Accepted,7.0,3620.0,717,
s207713566,p02781,u969708690,1599162441,Python,PyPy3 (7.3.0),py,Accepted,231.0,73112.0,1264,
s953357108,p02781,u413165887,1599151117,Python,Python (3.8.2),py,Accepted,27.0,9156.0,431,
s407025508,p02781,u413165887,1599150086,Python,Python (3.8.2),py,Accepted,31.0,9060.0,516,
s689494521,p02781,u413165887,1599150072,Python,PyPy3 (7.3.0),py,Accepted,67.0,61932.0,516,
s095145075,p02781,u971632623,1599135573,Python,Python (3.8.2),py,Accepted,37.0,9632.0,313,
s209455335,p02781,u971632623,1599135255,Python,Python (3.8.2),py,Accepted,30.0,9216.0,337,
s299597701,p02781,u971632623,1599134261,Python,Python (3.8.2),py,Accepted,61.0,10092.0,461,
s418946002,p02781,u006880673,1599133949,Python,PyPy3 (7.3.0),py,Accepted,114.0,62400.0,696,
s831590704,p02781,u209457657,1599116737,C++,C++ (GCC 9.2.1),cpp,Accepted,17.0,4352.0,815,
s439833983,p02781,u953237709,1599086573,Python,PyPy3 (7.3.0),py,Accepted,67.0,63020.0,883,
s882019075,p02781,u816872429,1599065674,Python,PyPy3 (7.3.0),py,Accepted,66.0,62188.0,557,
s730200674,p02781,u992471673,1599044246,C++,C++ (GCC 9.2.1),cpp,Accepted,7.0,3628.0,3545,
s000249301,p02781,u090445726,1599043895,C++,C++ (GCC 9.2.1),cpp,Accepted,10.0,3644.0,1321,
s902468068,p02781,u005006157,1598956694,C++,C++ (GCC 9.2.1),cpp,Accepted,7.0,3584.0,708,
s374650380,p02781,u192154323,1598949185,Python,PyPy3 (7.3.0),py,Accepted,60.0,62824.0,1094,
s781389370,p02781,u651663683,1598905415,Python,PyPy3 (7.3.0),py,Accepted,66.0,62128.0,494,
s565989233,p02781,u047102107,1598903162,Python,PyPy3 (7.3.0),py,Accepted,67.0,67896.0,1050,
s228709820,p02781,u047102107,1598902509,Python,PyPy3 (7.3.0),py,Accepted,73.0,62068.0,1256,
s307293036,p02781,u166378830,1598891644,C++,C++ (GCC 9.2.1),cpp,Accepted,9.0,3632.0,740,
s458762446,p02781,u946653449,1598824062,C++,C++ (GCC 9.2.1),cpp,Accepted,6.0,3612.0,1557,
s577291461,p02781,u667686550,1598818676,C++,C++ (GCC 9.2.1),cpp,Accepted,7.0,3660.0,2205,
s420607127,p02781,u550814027,1598812825,Python,PyPy3 (7.3.0),py,Accepted,155.0,78052.0,3817,
s015915987,p02781,u754114382,1598806210,C++,C++ (GCC 9.2.1),cpp,Accepted,8.0,3624.0,536,
s162571717,p02781,u539145601,1598779686,C++,C++ (GCC 9.2.1),cpp,Accepted,8.0,3628.0,1701,
s209523054,p02781,u622045059,1598725410,C++,C++ (GCC 9.2.1),cpp,Accepted,6.0,3632.0,1428,
s879157778,p02781,u622045059,1598725361,C++,C++ (GCC 9.2.1),cpp,Accepted,9.0,3796.0,1430,
s209990662,p02781,u622045059,1598725338,C++,C++ (GCC 9.2.1),cpp,Accepted,6.0,3740.0,1431,
s794979515,p02781,u060936992,1598714890,C++,C++ (GCC 9.2.1),cpp,Accepted,7.0,3600.0,1207,
s472829411,p02781,u784072785,1598703046,C++,C++ (GCC 9.2.1),cpp,Accepted,5.0,3660.0,1441,
s684441568,p02781,u788260274,1598692635,Python,PyPy3 (7.3.0),py,Accepted,131.0,77464.0,879,
s888335201,p02781,u306482197,1598637762,C++,C++ (GCC 9.2.1),cpp,Accepted,6.0,3568.0,506,
s623829966,p02781,u548842391,1598626469,C++,C++ (GCC 9.2.1),cpp,Accepted,6.0,3660.0,1732,
s493381026,p02781,u005072763,1598619202,C++,C++ (GCC 9.2.1),cpp,Accepted,27.0,4032.0,2498,
s574441954,p02781,u020230257,1598602733,C++,C++ (GCC 9.2.1),cpp,Accepted,6.0,3656.0,1766,
s000649103,p02781,u863717702,1598601186,C++,C++ (GCC 9.2.1),cpp,Accepted,6.0,3660.0,1886,
s563268150,p02781,u930997891,1598582090,C++,C++ (GCC 9.2.1),cpp,Accepted,6.0,3612.0,1832,
s319700888,p02781,u930997891,1598581900,C++,C++ (GCC 9.2.1),cpp,Accepted,6.0,3588.0,1840,
s485389767,p02781,u371958417,1598540296,C++,C++ (GCC 9.2.1),cpp,Accepted,8.0,3588.0,644,
s632387379,p02781,u573154728,1598536444,C++,C++ (GCC 9.2.1),cpp,Accepted,6.0,3632.0,1090,
s272602676,p02781,u600091079,1598522938,C++,C++ (GCC 9.2.1),cpp,Accepted,11.0,3620.0,666,
s272962114,p02781,u531461815,1598476572,C++,C++ (GCC 9.2.1),cpp,Accepted,7.0,3632.0,1947,
s896754878,p02781,u874320250,1598459279,Python,PyPy3 (7.3.0),py,Accepted,62.0,62628.0,757,
s861687665,p02781,u658243311,1598457268,C++,C++ (GCC 9.2.1),cpp,Accepted,18.0,3672.0,15323,
s225915790,p02781,u603958124,1598383136,Python,Python (3.8.2),py,Accepted,41.0,10524.0,1232,
s811325227,p02781,u603958124,1598383113,Python,Python (3.8.2),py,Accepted,41.0,10444.0,1254,
s590868754,p02781,u648881683,1598381332,Python,Python (3.8.2),py,Accepted,40.0,10120.0,901,
s550844289,p02781,u603958124,1598381221,Python,Python (3.8.2),py,Accepted,41.0,10248.0,2219,
s771411551,p02781,u350093546,1598316200,Python,PyPy3 (7.3.0),py,Accepted,62.0,62628.0,504,
s172804365,p02781,u087356957,1598301903,C++,C++ (GCC 9.2.1),cpp,Accepted,4.0,4000.0,1926,
s807989559,p02781,u738166971,1598293261,C++,C++ (GCC 9.2.1),cpp,Accepted,7.0,3688.0,4422,
s163061768,p02781,u633066470,1598287090,C++,C++ (GCC 9.2.1),cpp,Accepted,5.0,3652.0,1252,
s615629536,p02781,u237390401,1598240838,C++,C++ (GCC 9.2.1),cpp,Accepted,7.0,3628.0,1080,
s778696642,p02781,u417058506,1598219240,C++,C++ (GCC 9.2.1),cpp,Accepted,8.0,3868.0,974,
s683768872,p02781,u095094246,1598185294,Python,Python (3.8.2),py,Accepted,32.0,9300.0,603,
s800409749,p02781,u427807693,1598159834,C++,C++ (GCC 9.2.1),cpp,Accepted,6.0,3604.0,999,
s886051139,p02781,u860829879,1598144510,Python,PyPy3 (7.3.0),py,Accepted,92.0,75300.0,523,
s083231879,p02781,u277556971,1598107916,C++,C++ (GCC 9.2.1),cpp,Accepted,7.0,3636.0,2592,
s297426744,p02781,u131663893,1598095827,C++,C++ (GCC 9.2.1),cpp,Accepted,9.0,3628.0,912,
s088534118,p02781,u823862638,1598091756,C++,C++ (GCC 9.2.1),cpp,Accepted,8.0,3684.0,588,
s168912979,p02781,u935558307,1598078789,Python,PyPy3 (7.3.0),py,Accepted,99.0,74776.0,1146,
s972702565,p02781,u309716323,1598017161,Python,PyPy3 (7.3.0),py,Accepted,68.0,62280.0,945,
s607380043,p02781,u596276291,1598009896,C++,C++ (GCC 9.2.1),cpp,Accepted,7.0,3632.0,5587,
s351555040,p02781,u285681431,1597992603,Python,PyPy3 (7.3.0),py,Accepted,69.0,62312.0,1485,
s670717741,p02781,u211259428,1597947002,C++,C++ (GCC 9.2.1),cpp,Accepted,6.0,3660.0,2127,
s875462865,p02781,u158290747,1597918578,C++,C++ (GCC 9.2.1),cpp,Accepted,6.0,3624.0,473,
s900540956,p02781,u158290747,1597916065,C++,C++ (GCC 9.2.1),cpp,Accepted,6.0,3612.0,716,
s981637601,p02781,u126146165,1597872097,C++,C++ (GCC 9.2.1),cpp,Accepted,9.0,3640.0,917,
s117884098,p02781,u892305365,1597870432,Python,Python (3.8.2),py,Accepted,30.0,9224.0,862,
s615062752,p02781,u859566721,1597867702,C++,C++ (GCC 9.2.1),cpp,Accepted,7.0,3604.0,1256,
s548969883,p02781,u893239355,1597848175,C++,C++ (GCC 9.2.1),cpp,Accepted,7.0,3644.0,1259,
s625986977,p02781,u954976049,1597798946,C++,C++ (GCC 9.2.1),cpp,Accepted,10.0,3596.0,840,
s379353213,p02781,u730769327,1597784200,Python,PyPy3 (7.3.0),py,Accepted,65.0,62728.0,521,
s182892820,p02781,u901282405,1597780575,C++,C++ (GCC 9.2.1),cpp,Accepted,8.0,3700.0,9527,
s847968188,p02781,u901282405,1597780543,C++,C++ (GCC 9.2.1),cpp,Accepted,7.0,3684.0,9527,
s147787259,p02781,u901311012,1597763227,C++,C++ (GCC 9.2.1),cpp,Accepted,9.0,3640.0,1193,
s519951278,p02781,u162722858,1597761030,C++,C++ (Clang 10.0.0),cpp,Accepted,6.0,3200.0,1632,
s525156308,p02781,u677163137,1597749383,C++,C++ (GCC 9.2.1),cpp,Accepted,9.0,3636.0,999,
s222788288,p02781,u706414019,1597727643,Python,Python (3.8.2),py,Accepted,31.0,9156.0,1446,
s894864273,p02781,u041775325,1597712575,C++,C++ (GCC 9.2.1),cpp,Accepted,7.0,3624.0,945,
s214149528,p02781,u762160119,1597703596,C++,C++ (GCC 9.2.1),cpp,Accepted,7.0,3560.0,1533,
s082660056,p02781,u706414019,1597691105,Python,Python (3.8.2),py,Accepted,28.0,9176.0,1175,
s975808259,p02781,u706414019,1597690806,Python,Python (3.8.2),py,Accepted,30.0,9212.0,785,
s480775942,p02781,u584267557,1597656836,C++,C++ (GCC 9.2.1),cpp,Accepted,5.0,1744.0,698,
s688826246,p02781,u503221936,1597630284,C++,C++ (GCC 9.2.1),cpp,Accepted,8.0,3632.0,1005,
s656880410,p02781,u895393304,1597530524,C++,C++ (GCC 9.2.1),cpp,Accepted,7.0,3640.0,1729,
s125325159,p02781,u869306730,1597515447,C++,C++ (GCC 9.2.1),cpp,Accepted,11.0,3912.0,2073,
s959085732,p02781,u218744484,1597501915,C++,C++ (GCC 9.2.1),cpp,Accepted,8.0,3640.0,2152,
s343432257,p02781,u342563578,1597495551,Python,PyPy3 (7.3.0),py,Accepted,65.0,63104.0,623,
s337669866,p02781,u330518333,1597489163,C++,C++ (GCC 9.2.1),cpp,Accepted,13.0,5160.0,1349,
s208242079,p02781,u426764965,1597486692,Python,Python (3.8.2),py,Accepted,79.0,9164.0,699,
s089385999,p02781,u935642171,1597485658,Python,Python (3.8.2),py,Accepted,30.0,9104.0,332,
s348345519,p02781,u934442292,1597437803,Python,Python (3.8.2),py,Accepted,32.0,9196.0,730,
s279368502,p02781,u934442292,1597437629,Python,Python (3.8.2),py,Accepted,128.0,27152.0,825,
s164484504,p02781,u934442292,1597429747,Python,Python (3.8.2),py,Accepted,32.0,9268.0,1015,
s300025775,p02781,u581946498,1597422606,C++,C++ (GCC 9.2.1),cpp,Accepted,8.0,3756.0,2477,
s596533052,p02781,u422506696,1597420831,C++,C++ (GCC 9.2.1),cpp,Accepted,13.0,3696.0,746,
s043681656,p02781,u719852318,1597413060,C++,C++ (GCC 9.2.1),cpp,Accepted,6.0,3524.0,1322,
s328426315,p02781,u545411641,1597355379,C++,C++ (GCC 9.2.1),cpp,Accepted,8.0,3652.0,4388,
s247535396,p02781,u726285999,1597349778,Python,Python (3.8.2),py,Accepted,35.0,9704.0,810,
s478579782,p02781,u317423698,1597335653,Python,Python (3.8.2),py,Accepted,30.0,9200.0,986,
s948102676,p02781,u581187895,1597317510,Python,Python (3.8.2),py,Accepted,32.0,9164.0,1180,
s606353647,p02781,u224756887,1597263145,C++,C++ (GCC 9.2.1),cpp,Accepted,84.0,50584.0,23176,
s892064345,p02781,u477977638,1597262514,Python,PyPy3 (7.3.0),py,Accepted,122.0,62276.0,935,
s547640042,p02781,u477977638,1597262489,Python,Python (3.8.2),py,Accepted,27.0,9328.0,935,
s799521816,p02781,u467736898,1597248186,Python,Python (3.8.2),py,Accepted,120.0,27148.0,888,
s880839752,p02781,u860546679,1597247985,C++,C++ (GCC 9.2.1),cpp,Accepted,7.0,3640.0,1114,
s481339138,p02781,u294700660,1597221400,C++,C++ (GCC 9.2.1),cpp,Accepted,38.0,15660.0,3821,
s780323935,p02781,u728732647,1597193859,C++,C++ (GCC 9.2.1),cpp,Accepted,7.0,3628.0,2590,
s315138910,p02781,u129134470,1597182914,C++,C++ (GCC 9.2.1),cpp,Accepted,6.0,3756.0,1296,
s136977926,p02781,u129134470,1597182800,C++,C++ (GCC 9.2.1),cpp,Accepted,6.0,4256.0,1296,
s512776880,p02781,u411537765,1597182439,Python,PyPy3 (7.3.0),py,Accepted,69.0,68268.0,1303,
s051285981,p02781,u054514819,1597177901,Python,PyPy3 (7.3.0),py,Accepted,69.0,67436.0,1059,
s749917725,p02781,u009414205,1597177250,C++,C++ (GCC 9.2.1),cpp,Accepted,6.0,3576.0,1634,
s178491794,p02781,u645250356,1597177206,Python,PyPy3 (7.3.0),py,Accepted,141.0,77224.0,1024,
s758943629,p02781,u675296835,1597176953,C++,C++ (GCC 9.2.1),cpp,Accepted,8.0,3728.0,8874,
s028557475,p02781,u761320129,1597175902,Python,Python (3.8.2),py,Accepted,28.0,9128.0,444,
s270919723,p02781,u843175622,1597175801,C++,C++ (GCC 9.2.1),cpp,Accepted,7.0,3636.0,980,
s746844405,p02781,u893584578,1597175460,C++,C++ (GCC 9.2.1),cpp,Accepted,8.0,3632.0,908,
s575570642,p02781,u740054550,1597175359,C++,C++ (GCC 9.2.1),cpp,Accepted,6.0,3600.0,2800,
s255489704,p02781,u281168735,1597175032,C++,C++ (GCC 9.2.1),cpp,Accepted,7.0,3616.0,6052,
s403030261,p02781,u617826263,1597174895,C++,C++ (GCC 9.2.1),cpp,Accepted,10.0,3628.0,1332,
s991294995,p02781,u745514010,1597174823,Python,Python (3.8.2),py,Accepted,31.0,9184.0,655,
s977388187,p02781,u134678977,1597174714,C++,C++ (GCC 9.2.1),cpp,Accepted,12.0,3588.0,1030,
s243763080,p02781,u860546679,1597174633,C++,C++ (GCC 9.2.1),cpp,Accepted,8.0,3652.0,1175,
s819167776,p02781,u994988729,1597174480,Python,Python (3.8.2),py,Accepted,33.0,9128.0,658,
s461050165,p02781,u993074316,1597174452,C++,C++ (GCC 9.2.1),cpp,Accepted,4.0,3612.0,2085,
s882746823,p02781,u415325136,1597174181,C++,C++ (GCC 9.2.1),cpp,Accepted,11.0,3620.0,1106,
s863969625,p02781,u899645116,1597174174,C++,C++ (GCC 9.2.1),cpp,Accepted,7.0,3652.0,2400,
s865142331,p02781,u280096880,1597173780,C++,C++ (GCC 9.2.1),cpp,Accepted,9.0,3596.0,1360,
s081781858,p02781,u673211643,1597088888,C++,C++ (GCC 9.2.1),cpp,Accepted,8.0,3636.0,2806,
s935011037,p02781,u723711163,1597082039,Python,PyPy3 (7.3.0),py,Accepted,73.0,71556.0,475,
s370417101,p02781,u123579949,1597055951,Python,Python (3.8.2),py,Accepted,28.0,8952.0,340,
s030218698,p02781,u106797249,1597054893,Python,PyPy3 (7.3.0),py,Accepted,67.0,62752.0,969,
s780195999,p02781,u388698992,1597024026,C++,C++ (GCC 9.2.1),cpp,Accepted,5.0,3664.0,927,
s793458870,p02781,u459375706,1596996314,C++,C++ (GCC 9.2.1),cpp,Accepted,9.0,3636.0,2359,
s729139455,p02781,u370785250,1596992219,C++,C++ (GCC 9.2.1),cpp,Accepted,10.0,3632.0,2690,
s157956284,p02781,u197541395,1596991907,C++,C++ (GCC 9.2.1),cpp,Accepted,6.0,3684.0,3052,
s504657222,p02781,u412039195,1596986613,C++,C++ (GCC 9.2.1),cpp,Accepted,9.0,3600.0,1075,
s951299759,p02781,u190875453,1596919954,C++,C++ (GCC 9.2.1),cpp,Accepted,5.0,3648.0,1601,
s966788224,p02781,u108934099,1596882603,Python,Python (3.8.2),py,Accepted,31.0,9316.0,1009,
s276193141,p02781,u000212387,1596819702,C++,C++ (GCC 9.2.1),cpp,Accepted,5.0,3560.0,2191,
s049954009,p02781,u145855676,1596795216,C++,C++ (GCC 9.2.1),cpp,Accepted,8.0,3580.0,458,
s861301877,p02781,u311671153,1596789877,C++,C++ (GCC 9.2.1),cpp,Accepted,6.0,3644.0,4210,
s193473657,p02781,u167931717,1596785707,C++,C++ (GCC 9.2.1),cpp,Accepted,6.0,3604.0,6015,
s089189252,p02781,u628332144,1596775413,C++,C++ (GCC 9.2.1),cpp,Accepted,11.0,3752.0,910,
s814513278,p02781,u048904090,1596757314,C++,C++ (GCC 9.2.1),cpp,Accepted,7.0,3652.0,972,
s203743641,p02781,u274175583,1596740560,C++,C++ (GCC 9.2.1),cpp,Accepted,11.0,3736.0,2233,
s555098926,p02781,u888092736,1596737904,Python,Python (3.8.2),py,Accepted,31.0,9152.0,688,
s926647658,p02781,u481187938,1596710110,Python,PyPy3 (7.3.0),py,Accepted,144.0,76824.0,2034,
s862612594,p02781,u346629192,1596677187,C++,C++ (GCC 9.2.1),cpp,Accepted,8.0,3612.0,673,
s740137625,p02781,u274175583,1596664468,C++,C++ (GCC 9.2.1),cpp,Accepted,8.0,3672.0,840,
s935925724,p02781,u073015397,1596643841,C++,C++ (GCC 9.2.1),cpp,Accepted,7.0,3572.0,941,
s414551588,p02781,u425619511,1596643785,C++,C++ (GCC 9.2.1),cpp,Accepted,8.0,4084.0,497,
s703605310,p02781,u425619511,1596642908,C++,C++ (GCC 9.2.1),cpp,Accepted,7.0,3636.0,1235,
s038964028,p02781,u584242364,1596597322,C++,C++ (GCC 9.2.1),cpp,Accepted,7.0,3644.0,2094,
s723895058,p02781,u376144840,1596574863,C++,C++ (GCC 9.2.1),cpp,Accepted,7.0,3612.0,746,
s069070908,p02781,u731886385,1596564415,C++,C++ (GCC 9.2.1),cpp,Accepted,10.0,3596.0,990,
s580751946,p02781,u057109575,1596563585,Python,PyPy3 (7.3.0),py,Accepted,73.0,73788.0,454,
s480351538,p02781,u394656605,1596561436,C++,C++ (GCC 9.2.1),cpp,Accepted,7.0,3632.0,1090,
s117677973,p02781,u353919145,1596557787,C++,C++ (GCC 9.2.1),cpp,Accepted,8.0,3632.0,2243,
s763717405,p02781,u361381049,1596553875,Python,PyPy3 (7.3.0),py,Accepted,73.0,70864.0,673,
s957018091,p02781,u353919145,1596548797,C++,C++ (GCC 9.2.1),cpp,Accepted,6.0,3660.0,745,
s884226455,p02781,u332570575,1596541238,C++,C++ (GCC 9.2.1),cpp,Accepted,7.0,3608.0,912,
s907604447,p02781,u514096386,1596476936,C++,C++ (GCC 9.2.1),cpp,Accepted,8.0,3624.0,1087,
s262262384,p02781,u514096386,1596476895,C++,C++ (GCC 9.2.1),cpp,Accepted,8.0,3736.0,1089,
s662314760,p02781,u016987091,1596471357,C++,C++ (GCC 9.2.1),cpp,Accepted,5.0,3428.0,1419,
s172441159,p02781,u915401678,1596445051,C++,C++ (GCC 9.2.1),cpp,Accepted,10.0,3608.0,1115,
s759125698,p02781,u580204478,1596408394,C++,C++ (GCC 9.2.1),cpp,Accepted,8.0,3624.0,2330,
s705583382,p02781,u977554186,1596393220,C++,C++ (GCC 9.2.1),cpp,Accepted,10.0,3608.0,750,
s937972928,p02781,u359923148,1596385868,C++,C++ (Clang 10.0.0),cpp,Accepted,11.0,3200.0,3698,
s725140299,p02781,u624678037,1596385059,C++,C++ (GCC 9.2.1),cpp,Accepted,7.0,3612.0,816,
s583699253,p02781,u805616568,1596384595,C++,C++ (GCC 9.2.1),cpp,Accepted,7.0,3644.0,1045,
s770841053,p02781,u239409893,1596370422,C++,C++ (GCC 9.2.1),cpp,Accepted,5.0,3628.0,789,
s833962773,p02781,u190580703,1596359174,C++,C++ (GCC 9.2.1),cpp,Accepted,6.0,3620.0,3472,
s866514566,p02781,u190580703,1596359155,C++,C++ (GCC 9.2.1),cpp,Accepted,7.0,3620.0,3470,
s309507035,p02781,u601573968,1596335763,C++,C++ (Clang 10.0.0),cpp,Accepted,9.0,3168.0,2468,
s381283627,p02781,u919867411,1596319879,C++,C++ (GCC 9.2.1),cpp,Accepted,4.0,3676.0,1253,
s681276997,p02781,u280096880,1596319388,C++,C++ (GCC 9.2.1),cpp,Accepted,6.0,3772.0,1249,
s613584764,p02781,u442810826,1596303553,C++,C++ (GCC 9.2.1),cpp,Accepted,13.0,6196.0,6273,
s455936285,p02781,u452109837,1596287771,C++,C++ (GCC 9.2.1),cpp,Accepted,6.0,3636.0,1541,
s707748133,p02781,u285891772,1596276679,Python,Python (3.8.2),py,Accepted,41.0,10608.0,1289,
s282312624,p02781,u052303665,1596248273,C++,C++ (GCC 9.2.1),cpp,Accepted,7.0,3628.0,1371,
s074086551,p02781,u820341516,1596144578,C++,C++ (GCC 9.2.1),cpp,Accepted,8.0,3636.0,705,
s803327146,p02781,u190761897,1596116742,C++,C++ (GCC 9.2.1),cpp,Accepted,8.0,3624.0,2363,
s895890877,p02781,u241367243,1596055864,C++,C++ (GCC 9.2.1),cpp,Accepted,6.0,3652.0,2264,
s847411225,p02781,u515131769,1595946294,C++,C++ (GCC 9.2.1),cpp,Accepted,8.0,4036.0,1632,
s682753631,p02781,u527652459,1595936117,C++,C++ (GCC 9.2.1),cpp,Accepted,7.0,3752.0,2948,
s583824899,p02781,u881116515,1595931619,C++,C++ (GCC 9.2.1),cpp,Accepted,10.0,3688.0,588,
s657032122,p02781,u612975321,1595875556,Python,Python (3.8.2),py,Accepted,119.0,27256.0,624,
s349891617,p02781,u360509670,1595847922,C++,C++ (GCC 9.2.1),cpp,Accepted,234.0,3612.0,1871,
s720132221,p02781,u476488060,1595773817,C++,C++ (GCC 9.2.1),cpp,Accepted,9.0,3644.0,1050,
s700578728,p02781,u532514769,1595718193,C++,C++ (GCC 9.2.1),cpp,Accepted,7.0,3612.0,1251,
s845535026,p02781,u575802441,1595701048,C++,C++ (GCC 9.2.1),cpp,Accepted,17.0,3636.0,1785,
s373671950,p02781,u086503932,1595697463,Python,PyPy3 (7.3.0),py,Accepted,563.0,73896.0,1576,
s086212853,p02781,u722640678,1595691539,C++,C++ (GCC 9.2.1),cpp,Accepted,7.0,3816.0,3198,
s749154253,p02781,u722640678,1595691438,C++,C++ (GCC 9.2.1),cpp,Accepted,8.0,3752.0,3385,
s580231201,p02781,u601256797,1595689788,C++,C++ (GCC 9.2.1),cpp,Accepted,8.0,3636.0,1832,
s224864165,p02781,u605168157,1595684107,C++,C++ (GCC 9.2.1),cpp,Accepted,6.0,3704.0,999,
s190778467,p02781,u620269708,1595662181,C++,C++ (GCC 9.2.1),cpp,Accepted,7.0,3596.0,757,
s401236059,p02781,u778814286,1595619902,C++,C++ (GCC 9.2.1),cpp,Accepted,8.0,3720.0,5463,
s473167630,p02781,u505564549,1595619539,Python,PyPy3 (7.3.0),py,Accepted,63.0,62092.0,434,
s845193203,p02781,u778814286,1595618520,C++,C++ (GCC 9.2.1),cpp,Accepted,9.0,3692.0,5390,
s381078781,p02781,u627600101,1595608207,Python,Python (3.8.2),py,Accepted,26.0,9148.0,532,
s040529328,p02781,u627600101,1595607882,Python,Python (3.8.2),py,Accepted,30.0,9160.0,504,
s740622120,p02781,u627600101,1595607389,Python,Python (3.8.2),py,Accepted,28.0,9076.0,680,
s808776928,p02781,u135626132,1595607169,C++,C++ (GCC 9.2.1),cpp,Accepted,7.0,3588.0,1275,
s489323865,p02781,u367701763,1595599502,Python,PyPy3 (7.3.0),py,Accepted,79.0,74024.0,1413,
s533595779,p02781,u367701763,1595579152,Python,PyPy3 (7.3.0),py,Accepted,77.0,73964.0,903,
s077619049,p02781,u135626132,1595575749,C++,C++ (GCC 9.2.1),cpp,Accepted,6.0,3536.0,908,
s454694083,p02781,u920463220,1595543967,Python,Python (3.8.2),py,Accepted,30.0,9140.0,680,
s052285526,p02781,u021358975,1595464009,C++,C++ (GCC 9.2.1),cpp,Accepted,7.0,3584.0,1379,
s103188908,p02781,u022979415,1595444570,Python,Python (3.8.2),py,Accepted,29.0,8984.0,925,
s998811818,p02781,u018679195,1595430913,C++,C++ (GCC 9.2.1),cpp,Accepted,10.0,4176.0,877,
s902314385,p02781,u816631826,1595424135,C++,C++ (GCC 9.2.1),cpp,Accepted,36.0,34904.0,1055,
s604250577,p02781,u767543103,1595411002,C++,C++ (GCC 9.2.1),cpp,Accepted,5.0,3708.0,56643,
s847133587,p02781,u002638660,1595382998,C++,C++ (GCC 9.2.1),cpp,Accepted,6.0,3648.0,944,
s507433452,p02781,u018679195,1595368681,C++,C++ (GCC 9.2.1),cpp,Accepted,5.0,3832.0,954,
s057410265,p02781,u051393148,1595366228,C++,C++ (GCC 9.2.1),cpp,Accepted,7.0,3640.0,1019,
s846942658,p02781,u633255271,1595360590,Python,Python (3.8.2),py,Accepted,27.0,9204.0,795,
s313871292,p02781,u308723881,1595357352,C++,C++ (GCC 9.2.1),cpp,Accepted,7.0,3624.0,1475,
s376944863,p02781,u177317424,1595352649,C++,C++ (GCC 9.2.1),cpp,Accepted,7.0,3612.0,1182,
s368852099,p02781,u241367243,1595339900,C++,C++ (GCC 9.2.1),cpp,Accepted,7.0,3604.0,2834,
s691488104,p02781,u964075974,1595332453,C++,C++ (GCC 9.2.1),cpp,Accepted,6.0,3644.0,5580,
s137327482,p02781,u765815947,1595325482,C++,C++ (GCC 9.2.1),cpp,Accepted,10.0,3720.0,1116,
s691189868,p02781,u018679195,1595271360,C++,C++ (GCC 9.2.1),cpp,Accepted,8.0,3624.0,709,
s978451243,p02781,u521323621,1595262424,Python,Python (3.8.2),py,Accepted,97.0,9296.0,506,
s482691279,p02781,u115454768,1595255031,C++,C++ (GCC 9.2.1),cpp,Accepted,7.0,3744.0,1197,
s647372202,p02781,u189023301,1595174026,Python,PyPy3 (7.3.0),py,Accepted,62.0,62472.0,687,
s982669758,p02781,u458229572,1595168902,C++,C++ (GCC 9.2.1),cpp,Accepted,6.0,3608.0,1098,
s596078714,p02781,u809967037,1595162173,C++,C++ (GCC 9.2.1),cpp,Accepted,4.0,3648.0,6992,
s761073101,p02781,u445624660,1595157493,Python,Python (3.8.2),py,Accepted,46.0,9548.0,953,
s916149221,p02781,u398221039,1595156469,C++,C++ (GCC 9.2.1),cpp,Accepted,6.0,3576.0,912,
s094357959,p02781,u887152994,1595114898,Python,Python (3.8.2),py,Accepted,26.0,9252.0,788,
s062204393,p02781,u564182781,1595107308,C++,C++ (GCC 9.2.1),cpp,Accepted,6.0,3656.0,1942,
s853415115,p02781,u633255271,1595106541,Python,Python (3.8.2),py,Accepted,28.0,9076.0,1230,
s779396350,p02781,u282807996,1595106407,C++,C++ (GCC 9.2.1),cpp,Accepted,8.0,3632.0,615,
s292070582,p02781,u043048943,1595104084,Python,PyPy3 (7.3.0),py,Accepted,100.0,77448.0,1423,
s917193634,p02781,u168579419,1595099959,C++,C++ (GCC 9.2.1),cpp,Accepted,10.0,3580.0,1194,
s678211582,p02781,u168579419,1595099832,C++,C++ (GCC 9.2.1),cpp,Accepted,8.0,3600.0,1205,
s983080486,p02781,u816631826,1595099228,C++,C++ (GCC 9.2.1),cpp,Accepted,9.0,4188.0,774,
s447940898,p02781,u675509234,1595086600,C++,C++ (GCC 9.2.1),cpp,Accepted,8.0,3632.0,923,
s667453034,p02781,u260216890,1595066619,Python,PyPy3 (7.3.0),py,Accepted,90.0,62340.0,477,
s986056234,p02781,u692453235,1595038379,Python,Python (3.8.2),py,Accepted,33.0,9656.0,318,
s982414372,p02781,u493520238,1595018243,Python,PyPy3 (7.3.0),py,Accepted,67.0,62096.0,615,
s588088306,p02781,u718751084,1594980965,C++,C++ (GCC 9.2.1),cpp,Accepted,6.0,3648.0,658,
s977218197,p02781,u802950476,1594960799,C++,C++ (GCC 9.2.1),cpp,Accepted,6.0,3608.0,1646,
s876333265,p02781,u123896133,1594954562,C++,C++ (GCC 9.2.1),cpp,Accepted,7.0,3624.0,520,
s516502498,p02781,u558731132,1594941092,C++,C++ (Clang 10.0.0),cpp,Accepted,33.0,34444.0,1449,
s506746565,p02781,u101513772,1594935623,C++,C++ (GCC 9.2.1),cpp,Accepted,7.0,3648.0,2432,
s235564246,p02781,u108540384,1594912683,C++,C++ (GCC 9.2.1),cpp,Accepted,7.0,3604.0,780,
s883551663,p02781,u866538547,1594896344,C++,C++ (GCC 9.2.1),cpp,Accepted,6.0,3628.0,1017,
s482338216,p02781,u957031953,1594872369,C++,C++ (GCC 9.2.1),cpp,Accepted,114.0,3632.0,4274,
s108709276,p02781,u036104576,1594829779,Python,Python (3.8.2),py,Accepted,31.0,9640.0,1200,
s945344368,p02781,u036104576,1594829269,Python,Python (3.8.2),py,Accepted,34.0,9604.0,1377,
s961329411,p02781,u953463534,1594761978,C++,C++ (GCC 9.2.1),cpp,Accepted,6.0,3556.0,838,
s078508935,p02781,u953463534,1594758640,C++,C++ (GCC 9.2.1),cpp,Accepted,7.0,4060.0,1199,
s132428124,p02781,u768347697,1594757202,C++,C++ (GCC 9.2.1),cpp,Accepted,6.0,3708.0,1301,
s163305132,p02781,u768347697,1594756994,C++,C++ (GCC 9.2.1),cpp,Accepted,9.0,3724.0,1299,
s332492328,p02781,u025287757,1594738592,C++,C++ (GCC 9.2.1),cpp,Accepted,9.0,3648.0,1303,
s970880303,p02781,u303039933,1594731665,Python,Python (3.8.2),py,Accepted,44.0,10840.0,2149,
s627168509,p02781,u600402037,1594706542,C++,C++ (GCC 9.2.1),cpp,Accepted,7.0,3604.0,873,
s302295282,p02781,u600402037,1594706399,C++,C++ (GCC 9.2.1),cpp,Accepted,6.0,3608.0,880,
s694812603,p02781,u995004106,1594682210,Python,PyPy3 (7.3.0),py,Accepted,63.0,63000.0,1259,
s377123630,p02781,u995004106,1594681621,Python,PyPy3 (7.3.0),py,Accepted,75.0,63164.0,1351,
s100665712,p02781,u000120715,1594680980,C++,C++ (GCC 9.2.1),cpp,Accepted,6.0,3628.0,653,
s124944746,p02781,u000120715,1594678855,C++,C++ (GCC 9.2.1),cpp,Accepted,6.0,3612.0,723,
s487741732,p02781,u600402037,1594677909,C++,C++ (GCC 9.2.1),cpp,Accepted,9.0,3616.0,1178,
s744130328,p02781,u221285045,1594663753,C++,C++ (GCC 9.2.1),cpp,Accepted,9.0,3696.0,3047,
s058870548,p02781,u048773461,1594612688,C++,C++ (GCC 9.2.1),cpp,Accepted,9.0,3632.0,4274,
s341460954,p02781,u539011156,1594588016,C++,C++ (GCC 9.2.1),cpp,Accepted,10.0,5616.0,5218,
s955129201,p02781,u832995587,1594532965,C++,C++ (GCC 9.2.1),cpp,Accepted,6.0,3484.0,7232,
s222370788,p02781,u814271993,1594515829,Python,Python (3.8.2),py,Accepted,27.0,9188.0,563,
s284238748,p02781,u057109575,1594489474,Python,PyPy3 (7.3.0),py,Accepted,72.0,74036.0,448,
s019233078,p02781,u185948224,1594480919,Python,Python (3.8.2),py,Accepted,26.0,9148.0,654,
s357800979,p02781,u835523614,1594426670,C++,C++ (GCC 9.2.1),cpp,Accepted,8.0,3616.0,811,
s579249701,p02781,u030090262,1594423549,C++,C++ (GCC 9.2.1),cpp,Accepted,5.0,3676.0,1905,
s398009221,p02781,u971089878,1594416814,C++,C++ (GCC 9.2.1),cpp,Accepted,8.0,3636.0,1117,
s726315673,p02781,u971089878,1594416767,C++,C++ (GCC 9.2.1),cpp,Accepted,8.0,3616.0,1114,
s999085247,p02781,u569690172,1594386116,C++,C++ (GCC 9.2.1),cpp,Accepted,10.0,3648.0,1059,
s750827966,p02781,u064434060,1594374382,Python,PyPy3 (7.3.0),py,Accepted,70.0,65620.0,1138,
s766632041,p02781,u852449189,1594368884,C++,C++ (GCC 9.2.1),cpp,Accepted,8.0,3596.0,1989,
s457406353,p02781,u449123607,1594343310,C++,C++ (GCC 9.2.1),cpp,Accepted,7.0,3588.0,1392,
s542805762,p02781,u999788719,1594327573,C++,C++ (GCC 9.2.1),cpp,Accepted,6.0,3812.0,957,
s079410476,p02781,u309390117,1594323842,C++,C++ (GCC 9.2.1),cpp,Accepted,1739.0,666800.0,1200,
s148419226,p02781,u299658942,1594316786,C++,C++ (GCC 9.2.1),cpp,Accepted,8.0,3680.0,1586,
s387282033,p02781,u299658942,1594314087,C++,C++ (GCC 9.2.1),cpp,Accepted,10.0,3724.0,1759,
s088942392,p02781,u075775814,1594313952,C++,C++ (GCC 9.2.1),cpp,Accepted,6.0,3544.0,500,
s556448687,p02781,u299658942,1594313488,C++,C++ (GCC 9.2.1),cpp,Accepted,11.0,3668.0,1725,
s846063724,p02781,u414689295,1594311263,C++,C++ (GCC 9.2.1),cpp,Accepted,7.0,3636.0,1023,
s017235972,p02781,u484229314,1594273105,Python,Python (3.8.2),py,Accepted,28.0,9112.0,779,
s438043323,p02781,u253650710,1594261448,C++,C++ (GCC 9.2.1),cpp,Accepted,7.0,3656.0,1563,
s956885339,p02781,u299658942,1594260976,C++,C++ (GCC 9.2.1),cpp,Accepted,107.0,3488.0,1329,
s324718786,p02781,u101513772,1594246599,C++,C++ (GCC 9.2.1),cpp,Accepted,8.0,3872.0,2651,
s383860193,p02781,u139172425,1594238718,C++,C++ (GCC 9.2.1),cpp,Accepted,6.0,3624.0,1198,
s616031653,p02781,u790710233,1594237883,Python,Python (3.8.2),py,Accepted,27.0,9196.0,522,
s362355507,p02781,u768225950,1594235437,C++,C++ (GCC 9.2.1),cpp,Accepted,8.0,3624.0,1560,
s574964587,p02781,u018679195,1594216354,C++,C++ (GCC 9.2.1),cpp,Accepted,9.0,3776.0,814,
s994097691,p02781,u018679195,1594210497,C++,C++ (GCC 9.2.1),cpp,Accepted,7.0,4072.0,1377,
s475267701,p02781,u419126561,1594207503,C++,C++ (GCC 9.2.1),cpp,Accepted,8.0,3836.0,2160,
s435687975,p02781,u353919145,1594174272,C++,C++ (GCC 9.2.1),cpp,Accepted,7.0,3640.0,1150,
s926585544,p02781,u018679195,1594162753,C++,C++ (GCC 9.2.1),cpp,Accepted,9.0,3672.0,1154,
s893601131,p02781,u284269175,1594162722,C++,C++ (GCC 9.2.1),cpp,Accepted,9.0,3668.0,1154,
s639851946,p02781,u328811800,1594151385,C++,C++ (GCC 9.2.1),cpp,Accepted,7.0,3656.0,1443,
s577797618,p02781,u455366471,1594148266,C++,C++ (GCC 9.2.1),cpp,Accepted,8.0,3684.0,1039,
s202946005,p02781,u581187895,1594148069,Python,Python (3.8.2),py,Accepted,28.0,9200.0,1101,
s950607939,p02781,u816631826,1594141265,C++,C++ (GCC 9.2.1),cpp,Accepted,8.0,3728.0,783,
s765271473,p02781,u107186105,1594128508,C++,C++ (GCC 9.2.1),cpp,Accepted,8.0,3700.0,832,
s143940105,p02781,u455366471,1594100919,C++,C++ (GCC 9.2.1),cpp,Accepted,8.0,3760.0,934,
s694372287,p02781,u589099084,1594086953,C++,C++ (GCC 9.2.1),cpp,Accepted,7.0,3636.0,3272,
s460760952,p02781,u863370423,1594078894,C++,C++ (GCC 9.2.1),cpp,Accepted,8.0,3588.0,853,
s361364551,p02781,u816631826,1594078665,C++,C++ (GCC 9.2.1),cpp,Accepted,9.0,3664.0,3272,
s700105686,p02781,u075775814,1594075640,C++,C++ (GCC 9.2.1),cpp,Accepted,10.0,3640.0,519,
s421596131,p02781,u875407613,1594040343,C++,C++ (GCC 9.2.1),cpp,Accepted,4.0,3684.0,758,
s970365511,p02781,u832670101,1594038751,C++,C++ (GCC 9.2.1),cpp,Accepted,13.0,6756.0,1398,
s625775748,p02781,u439063038,1594038020,Python,Python (3.8.2),py,Accepted,30.0,9340.0,1295,
s441033786,p02781,u832670101,1594035255,C++,C++ (GCC 9.2.1),cpp,Accepted,16.0,9900.0,1394,
s597223693,p02781,u926556921,1594021858,C++,C++ (GCC 9.2.1),cpp,Accepted,7.0,3764.0,3238,
s871061973,p02781,u968166680,1594010965,Python,PyPy3 (7.3.0),py,Accepted,81.0,67428.0,1003,
s505644019,p02781,u968166680,1594010519,Python,PyPy3 (7.3.0),py,Accepted,76.0,67376.0,1127,
s382873370,p02781,u090770821,1594002928,C++,C++ (GCC 9.2.1),cpp,Accepted,8.0,3580.0,1620,
s816414005,p02781,u558667782,1593964000,C++,C++ (GCC 9.2.1),cpp,Accepted,6.0,3632.0,1834,
s806319807,p02781,u021358975,1593963834,C++,C++ (GCC 9.2.1),cpp,Accepted,8.0,3640.0,2146,
s520357583,p02781,u838841929,1593963260,C++,C++ (GCC 9.2.1),cpp,Accepted,7.0,3648.0,1707,
s536384815,p02781,u153607901,1593956396,C++,C++ (GCC 9.2.1),cpp,Accepted,6.0,3608.0,1917,
s702959373,p02781,u455366471,1593946001,C++,C++ (GCC 9.2.1),cpp,Accepted,6.0,3764.0,909,
s736203534,p02781,u992910889,1593939905,Python,PyPy3 (7.3.0),py,Accepted,76.0,73932.0,662,
s499177542,p02781,u455366471,1593908350,C++,C++ (GCC 9.2.1),cpp,Accepted,7.0,3804.0,909,
s754688549,p02781,u356539385,1593903044,C++,C++ (GCC 9.2.1),cpp,Accepted,9.0,3620.0,2193,
s843963189,p02781,u952437626,1593891902,C++,C++ (GCC 9.2.1),cpp,Accepted,6.0,3596.0,1793,
s534867950,p02781,u601256797,1593873428,C++,C++ (GCC 9.2.1),cpp,Accepted,8.0,3624.0,1652,
s188755836,p02781,u168017191,1593870130,C++,C++ (GCC 9.2.1),cpp,Accepted,6.0,3608.0,2614,
s719774635,p02781,u899645116,1593807141,C++,C++ (GCC 9.2.1),cpp,Accepted,10.0,3660.0,2414,
s396651006,p02781,u899645116,1593806318,C++,C++ (GCC 9.2.1),cpp,Accepted,9.0,3664.0,2378,
s216041893,p02781,u132371041,1593789458,C++,C++ (GCC 9.2.1),cpp,Accepted,11.0,7812.0,3251,
s203289970,p02781,u397944802,1593773022,C++,C++ (GCC 9.2.1),cpp,Accepted,8.0,3668.0,2132,
s011474665,p02781,u968166680,1593758211,Python,Python (3.8.2),py,Accepted,26.0,9096.0,556,
s571548670,p02781,u968166680,1593758164,Python,PyPy3 (7.3.0),py,Accepted,73.0,62144.0,556,
s111594092,p02781,u968166680,1593757510,Python,PyPy3 (7.3.0),py,Accepted,67.0,61784.0,791,
s313932033,p02781,u968166680,1593755781,Python,PyPy3 (7.3.0),py,Accepted,94.0,62180.0,941,
s887612334,p02781,u960071235,1593752701,C++,C++ (GCC 9.2.1),cpp,Accepted,7.0,3616.0,3314,
s780736954,p02781,u960071235,1593752635,C++,C++ (GCC 9.2.1),cpp,Accepted,6.0,3656.0,3295,
s655385718,p02781,u504403442,1593732493,C++,C++ (GCC 9.2.1),cpp,Accepted,9.0,3672.0,2342,
s200431173,p02781,u832094008,1593725549,C++,C++ (GCC 9.2.1),cpp,Accepted,6.0,3608.0,722,
s121633643,p02781,u175426149,1593720479,C++,C++ (GCC 9.2.1),cpp,Accepted,8.0,3648.0,867,
s715974616,p02781,u023958502,1593714290,C++,C++ (GCC 9.2.1),cpp,Accepted,9.0,3592.0,1157,
s648806846,p02781,u582588783,1593681320,C++,C++ (GCC 9.2.1),cpp,Accepted,6.0,3644.0,1429,
s459108183,p02781,u892487306,1593645146,Python,Python (3.8.2),py,Accepted,30.0,9268.0,780,
s857642135,p02781,u388134182,1593628821,C++,C++ (GCC 9.2.1),cpp,Accepted,10.0,3632.0,2811,
s666877126,p02781,u688789047,1593622592,C++,C++ (GCC 9.2.1),cpp,Accepted,8.0,3768.0,949,
s590199403,p02781,u249648515,1593618432,C++,C++ (GCC 9.2.1),cpp,Accepted,6.0,3664.0,1517,
s636975261,p02781,u249648515,1593616071,C++,C++ (GCC 9.2.1),cpp,Accepted,10.0,3640.0,1369,
s199015110,p02781,u145483532,1593611072,C++,C++ (GCC 9.2.1),cpp,Accepted,7.0,3668.0,6628,
s999732096,p02781,u118868154,1593577299,C++,C++ (Clang 10.0.0),cpp,Accepted,6.0,3172.0,2841,
s016284964,p02781,u688660263,1593563739,C++,C++ (Clang 10.0.0),cpp,Accepted,9.0,3200.0,2498,
s561169975,p02781,u922487073,1593562816,Python,Python (3.8.2),py,Accepted,30.0,9224.0,674,
s312500777,p02781,u691380397,1593561356,C++,C++ (GCC 9.2.1),cpp,Accepted,6.0,3636.0,628,
s788855763,p02781,u243196226,1593551040,C++,C++ (GCC 9.2.1),cpp,Accepted,7.0,3636.0,1761,
s057556945,p02781,u607229598,1593546920,C++,C++ (GCC 9.2.1),cpp,Accepted,6.0,3792.0,2901,
s236278256,p02781,u439542873,1593525981,Python,Python (3.8.2),py,Accepted,37.0,9428.0,1220,
s036926121,p02781,u023228586,1593496080,C++,C++ (GCC 9.2.1),cpp,Accepted,6.0,3592.0,1086,
s477095495,p02781,u183294751,1593475720,C++,C++ (GCC 9.2.1),cpp,Accepted,6.0,3804.0,882,
s737585086,p02781,u923270446,1593464424,Python,Python (3.8.2),py,Accepted,36.0,9152.0,508,
s163448684,p02781,u515740713,1593453006,Python,Python (3.8.2),py,Accepted,33.0,9292.0,826,
s782879163,p02781,u471539833,1593448839,Python,Python (3.8.2),py,Accepted,363.0,9216.0,986,
s043310376,p02781,u760334261,1593447331,C++,C++ (GCC 9.2.1),cpp,Accepted,10.0,3988.0,2875,
s803225879,p02781,u405660020,1593443879,Python,Python (3.8.2),py,Accepted,29.0,9184.0,729,
s567092100,p02781,u515740713,1593442734,Python,Python (3.8.2),py,Accepted,33.0,9676.0,552,
s030308633,p02781,u136342563,1593433550,C++,C++ (GCC 9.2.1),cpp,Accepted,7.0,3632.0,1021,
s170930095,p02781,u548791035,1593370770,C++,C++ (GCC 9.2.1),cpp,Accepted,8.0,3660.0,1636,
s226119475,p02781,u120143737,1593368443,C++,C++ (GCC 9.2.1),cpp,Accepted,7.0,3636.0,834,
s025588780,p02781,u942393279,1593345157,C++,C++ (GCC 9.2.1),cpp,Accepted,10.0,3680.0,7332,
s578479168,p02781,u333700164,1593251965,Python,Python (3.8.2),py,Accepted,32.0,9184.0,484,
s196332091,p02781,u333700164,1593251105,Python,Python (3.8.2),py,Accepted,33.0,9136.0,712,
s946832303,p02781,u333700164,1593247111,Python,Python (3.8.2),py,Accepted,29.0,9132.0,496,
s366548918,p02781,u595905528,1593183712,Python,PyPy3 (7.3.0),py,Accepted,134.0,77396.0,979,
s450186714,p02781,u035907840,1593166152,Python,PyPy3 (7.3.0),py,Accepted,107.0,62440.0,418,
s866666575,p02781,u571662257,1593135390,C++,C++ (GCC 9.2.1),cpp,Accepted,7.0,3568.0,1388,
s283926099,p02781,u105533331,1593122469,C++,C++ (GCC 9.2.1),cpp,Accepted,6.0,3644.0,795,
s054394897,p02781,u055231161,1593121967,C++,C++ (GCC 9.2.1),cpp,Accepted,7.0,3636.0,901,
s069691437,p02781,u452157159,1593121746,C++,C++ (GCC 9.2.1),cpp,Accepted,7.0,3788.0,1538,
s692107735,p02781,u860657719,1593120719,Python,PyPy3 (7.3.0),py,Accepted,71.0,70008.0,640,
s207566484,p02781,u844646164,1593117592,Python,PyPy3 (7.3.0),py,Accepted,78.0,68352.0,662,
s970700259,p02781,u108617242,1593116048,Python,PyPy3 (7.3.0),py,Accepted,75.0,71436.0,429,
s626495796,p02781,u259039862,1593114200,C++,C++ (GCC 9.2.1),cpp,Accepted,7.0,3848.0,1677,
s296637101,p02781,u222668979,1593112552,Python,PyPy3 (7.3.0),py,Accepted,75.0,62488.0,544,
s019040508,p02781,u297574184,1593101592,Python,Python (3.8.2),py,Accepted,36.0,9224.0,569,
s610684731,p02781,u842028864,1593099336,C++,C++ (GCC 9.2.1),cpp,Accepted,6.0,3608.0,1534,
s734044815,p02781,u842028864,1593099288,C++,C++ (GCC 9.2.1),cpp,Accepted,8.0,3624.0,1534,
s022034641,p02781,u604329931,1593084076,C++,C++ (GCC 9.2.1),cpp,Accepted,5.0,3644.0,2092,
s031409278,p02781,u337199858,1593074993,C++,C++ (GCC 9.2.1),cpp,Accepted,843.0,500404.0,3265,
s323539572,p02781,u345966487,1593060771,Python,Python (3.8.2),py,Accepted,32.0,9296.0,1172,
s700772069,p02781,u581094488,1593049260,C++,C++ (GCC 9.2.1),cpp,Accepted,8.0,3624.0,879,
s404277560,p02781,u246401216,1593033344,C++,C++ (GCC 9.2.1),cpp,Accepted,5.0,3588.0,998,
s877596448,p02781,u306950978,1593033316,Python,PyPy3 (7.3.0),py,Accepted,63.0,62996.0,826,
s802176410,p02781,u535803878,1593028771,Python,PyPy3 (7.3.0),py,Accepted,86.0,62612.0,723,
s440274940,p02781,u945359338,1592978996,C++,C++ (GCC 9.2.1),cpp,Accepted,7.0,3652.0,893,
s688653523,p02781,u121974081,1592956009,C++,C++ (GCC 9.2.1),cpp,Accepted,8.0,3632.0,1151,
s453857275,p02781,u121974081,1592955367,C++,C++ (GCC 9.2.1),cpp,Accepted,7.0,3588.0,1328,
s629256621,p02781,u121974081,1592955163,C++,C++ (GCC 9.2.1),cpp,Accepted,7.0,3608.0,1448,
s261551547,p02781,u101018317,1592954880,C++,C++ (GCC 9.2.1),cpp,Accepted,4.0,3628.0,555,
s246104904,p02781,u121974081,1592954855,C++,C++ (GCC 9.2.1),cpp,Accepted,7.0,3664.0,1413,
s303959540,p02781,u340781303,1592949948,Python,Python (3.8.2),py,Accepted,29.0,9248.0,652,
s399947427,p02781,u145231176,1592947900,Python,PyPy3 (7.3.0),py,Accepted,194.0,84248.0,3137,
s055483888,p02781,u145231176,1592946671,Python,PyPy3 (7.3.0),py,Accepted,212.0,78584.0,2126,
s797602793,p02781,u624533266,1592939421,C++,C++ (GCC 9.2.1),cpp,Accepted,8.0,3564.0,889,
s269367312,p02781,u566159623,1592937506,Python,Python (3.8.2),py,Accepted,30.0,9248.0,1178,
s938238462,p02781,u311671153,1592932872,C++,C++ (GCC 9.2.1),cpp,Accepted,51.0,34504.0,5290,
s169550473,p02781,u855710796,1592927232,Python,Python (3.8.2),py,Accepted,31.0,9108.0,649,
s753796233,p02781,u577774192,1592927114,C++,C++ (GCC 9.2.1),cpp,Accepted,7.0,3660.0,2487,
s492309954,p02781,u633967774,1592925555,C++,C++ (GCC 9.2.1),cpp,Accepted,8.0,3532.0,848,
s853261790,p02781,u124187388,1592860927,C++,C++ (GCC 9.2.1),cpp,Accepted,7.0,3624.0,1412,
s921364009,p02781,u992910889,1592847301,Python,PyPy3 (7.3.0),py,Accepted,67.0,62404.0,1145,
s661146172,p02781,u392058778,1592788732,C++,C++ (GCC 9.2.1),cpp,Accepted,7.0,3800.0,1969,
s458574801,p02781,u457901067,1592778259,Python,Python (3.8.2),py,Accepted,31.0,9068.0,785,
s071579337,p02781,u297738015,1592750330,C++,C++ (GCC 9.2.1),cpp,Accepted,8.0,3668.0,2413,
s777928091,p02781,u483992368,1592743615,C++,C++ (GCC 9.2.1),cpp,Accepted,8.0,3616.0,853,
s897370944,p02781,u089869622,1592714256,C++,C++ (GCC 9.2.1),cpp,Accepted,8.0,3644.0,1668,
s412542220,p02781,u888337853,1592691347,Python,Python (3.8.2),py,Accepted,41.0,10724.0,1257,
s992749299,p02781,u677121387,1592681075,Python,Python (3.8.2),py,Accepted,31.0,9220.0,629,
s104007350,p02781,u759987571,1592625126,C++,C++ (GCC 9.2.1),cpp,Accepted,5.0,3572.0,1191,
s734366967,p02781,u657208344,1592595055,C++,C++ (GCC 9.2.1),cpp,Accepted,6.0,3604.0,751,
s990423384,p02781,u759987571,1592594008,C++,C++ (GCC 9.2.1),cpp,Accepted,27.0,3624.0,1561,
s862845865,p02781,u236658355,1592557078,C++,C++ (GCC 9.2.1),cpp,Accepted,8.0,3608.0,1269,
s925524919,p02781,u424768586,1592466016,Python,PyPy3 (2.4.0),py,Accepted,194.0,40304.0,1337,
s502815065,p02781,u424768586,1592465444,Python,PyPy3 (2.4.0),py,Accepted,279.0,60908.0,3351,
s895085588,p02781,u424768586,1592465260,Python,PyPy3 (2.4.0),py,Accepted,285.0,64108.0,3318,
s940262759,p02781,u191484928,1592458725,C++,C++14 (GCC 5.4.1),cpp,Accepted,1.0,256.0,692,
s005805525,p02781,u424768586,1592454554,Python,PyPy3 (2.4.0),py,Accepted,288.0,63680.0,2917,
s782645386,p02781,u800396927,1592428181,Python,Python (3.4.3),py,Accepted,17.0,3064.0,746,
s429671466,p02781,u019780057,1592423929,C++,C++14 (GCC 5.4.1),cpp,Accepted,1.0,256.0,1612,
s188793377,p02781,u905203728,1592413077,Python,PyPy3 (2.4.0),py,Accepted,200.0,41328.0,421,
s697975028,p02781,u670047797,1592410944,C++,C++14 (GCC 5.4.1),cpp,Accepted,1.0,256.0,1168,
s270047514,p02781,u085367022,1592379862,C++,C++14 (GCC 5.4.1),cpp,Accepted,2.0,384.0,699,
s444300378,p02781,u691776040,1592379441,C++,C++14 (GCC 5.4.1),cpp,Accepted,1.0,384.0,694,
s635619587,p02781,u691776040,1592378549,C++,C++14 (GCC 5.4.1),cpp,Accepted,1.0,256.0,1055,
s751601389,p02781,u691776040,1592378416,C++,C++14 (GCC 5.4.1),cpp,Accepted,1.0,256.0,987,
s759265020,p02781,u691776040,1592378266,C++,C++14 (GCC 5.4.1),cpp,Accepted,1.0,256.0,947,
s229510797,p02781,u521272340,1592345684,C++,C++14 (GCC 5.4.1),cpp,Accepted,1.0,256.0,7440,
s114328514,p02781,u847923740,1592345488,Python,PyPy3 (2.4.0),py,Accepted,176.0,38384.0,1054,
s226469946,p02781,u075296067,1592327577,C++,C++14 (GCC 5.4.1),cpp,Accepted,1.0,256.0,919,
s366937907,p02781,u075296067,1592327309,C++,C++14 (GCC 5.4.1),cpp,Accepted,1.0,256.0,971,
s947970709,p02781,u767543103,1592323436,C++,C++14 (GCC 5.4.1),cpp,Accepted,1.0,256.0,41957,
s096366848,p02781,u085367022,1592298239,C++,C++14 (GCC 5.4.1),cpp,Accepted,7.0,764.0,792,
s654260675,p02781,u691776040,1592292632,C++,C++14 (GCC 5.4.1),cpp,Accepted,1.0,256.0,811,
s247268948,p02781,u691776040,1592291773,C++,C++14 (GCC 5.4.1),cpp,Accepted,1.0,256.0,781,
s321512732,p02781,u153390822,1592255666,C++,C++14 (GCC 5.4.1),cpp,Accepted,2.0,256.0,4209,
s324556195,p02781,u112318601,1592253334,C++,C++14 (GCC 5.4.1),cpp,Accepted,1.0,256.0,601,
s680460088,p02781,u552357043,1592252590,C++,C++14 (GCC 5.4.1),cpp,Accepted,1.0,256.0,1048,
s863543511,p02781,u704625420,1592250102,C++,C++14 (GCC 5.4.1),cpp,Accepted,1.0,256.0,4694,
s841849029,p02781,u085367022,1592227353,C++,C++14 (GCC 5.4.1),cpp,Accepted,1.0,256.0,745,
s720692996,p02781,u085367022,1592226893,C++,C++14 (GCC 5.4.1),cpp,Accepted,1.0,256.0,772,
s794507639,p02781,u028906014,1592149424,C++,C++14 (GCC 5.4.1),cpp,Accepted,1.0,256.0,676,
s172406315,p02781,u178814165,1592147532,C++,C++14 (GCC 5.4.1),cpp,Accepted,1.0,256.0,1905,
s987830194,p02781,u740054550,1592141754,C++,C++14 (GCC 5.4.1),cpp,Accepted,1.0,256.0,3063,
s026126563,p02781,u034128150,1592129038,Python,Python (3.4.3),py,Accepted,154.0,12496.0,572,
s815365312,p02781,u590927341,1592127595,C++,C++14 (GCC 5.4.1),cpp,Accepted,1.0,256.0,3161,
s106751769,p02781,u034128150,1592127486,Python,Python (3.4.3),py,Accepted,293.0,21504.0,432,
s054820750,p02781,u718048349,1592126950,C++,C++14 (GCC 5.4.1),cpp,Accepted,1.0,256.0,1278,
s775004020,p02781,u694116078,1592068261,C++,C++14 (GCC 5.4.1),cpp,Accepted,1.0,256.0,1099,
s137211888,p02781,u538508087,1592065863,C++,C++14 (GCC 5.4.1),cpp,Accepted,1.0,256.0,1502,
s811315496,p02781,u677464470,1592047701,C++,C++14 (GCC 5.4.1),cpp,Accepted,1.0,256.0,817,
s497115807,p02781,u677464470,1592047163,C++,C++14 (GCC 5.4.1),cpp,Accepted,1.0,256.0,866,
s855213579,p02781,u009937643,1592024841,C++,C++14 (GCC 5.4.1),cpp,Accepted,1.0,256.0,987,
s002800519,p02781,u329213964,1592021589,C++,C++14 (GCC 5.4.1),cpp,Accepted,1.0,256.0,902,
s594065626,p02781,u805692198,1592020880,C++,C++14 (GCC 5.4.1),cpp,Accepted,1.0,256.0,866,
s533375623,p02781,u389498936,1592019341,C++,C++14 (GCC 5.4.1),cpp,Accepted,1.0,256.0,1790,
s833193106,p02781,u805692198,1592015177,C++,C++14 (GCC 5.4.1),cpp,Accepted,1.0,256.0,576,
s827460181,p02781,u489302942,1592013874,C++,C++14 (GCC 5.4.1),cpp,Accepted,1.0,256.0,963,
s542789157,p02781,u622045059,1591991259,C++,C++14 (GCC 5.4.1),cpp,Accepted,1.0,384.0,1508,
s270877734,p02781,u246343119,1591974862,C++,C++14 (GCC 5.4.1),cpp,Accepted,1.0,256.0,894,
s203144116,p02781,u889915625,1591972483,C++,C++14 (GCC 5.4.1),cpp,Accepted,1.0,256.0,2697,
s958586211,p02781,u688789047,1591962231,C++,C++14 (GCC 5.4.1),cpp,Accepted,2.0,384.0,947,
s192266689,p02781,u736788838,1591933256,C++,C++14 (GCC 5.4.1),cpp,Accepted,1.0,256.0,905,
s753953209,p02781,u772029934,1591925099,Python,PyPy3 (2.4.0),py,Accepted,179.0,38384.0,421,
s033486058,p02781,u772029934,1591925028,Python,PyPy3 (2.4.0),py,Accepted,710.0,63192.0,417,
s100081881,p02781,u772029934,1591922803,Python,PyPy3 (2.4.0),py,Accepted,706.0,56280.0,378,
s278186089,p02781,u495461806,1591919354,C++,C++14 (GCC 5.4.1),cpp,Accepted,1.0,256.0,1130,
s417784088,p02781,u477320129,1591911233,Python,Python (3.4.3),py,Accepted,80.0,7876.0,1560,
s968699880,p02781,u163783894,1591910368,Python,Python (3.4.3),py,Accepted,163.0,12808.0,920,
s665396519,p02781,u736788838,1591899622,C++,C++14 (GCC 5.4.1),cpp,Accepted,23.0,23936.0,1477,
s080135703,p02781,u163783894,1591898742,Python,Python (3.4.3),py,Accepted,18.0,3064.0,1212,
s736847427,p02781,u163783894,1591898549,Python,Python (3.4.3),py,Accepted,18.0,3064.0,1177,
s245233313,p02781,u387371565,1591895089,C++,C++14 (GCC 5.4.1),cpp,Accepted,1.0,384.0,992,
s944426982,p02781,u684423349,1591825981,C++,C++14 (GCC 5.4.1),cpp,Accepted,2.0,512.0,2098,
s477402674,p02781,u816352006,1591816931,C++,C++14 (GCC 5.4.1),cpp,Accepted,1.0,256.0,904,
s451102428,p02781,u887675488,1591816662,C++,C++14 (GCC 5.4.1),cpp,Accepted,1.0,256.0,1847,
s472265334,p02781,u180716041,1591782546,C++,C++14 (GCC 5.4.1),cpp,Accepted,1.0,256.0,998,
s827948297,p02781,u475866458,1591781946,C++,C++14 (GCC 5.4.1),cpp,Accepted,1.0,256.0,827,
s144145949,p02781,u433189059,1591775761,C++,C++14 (GCC 5.4.1),cpp,Accepted,1.0,256.0,1160,
s137532558,p02781,u018679195,1591719404,C++,C++14 (GCC 5.4.1),cpp,Accepted,1.0,384.0,942,
s277870564,p02781,u166378830,1591706619,C++,C++14 (GCC 5.4.1),cpp,Accepted,1.0,256.0,978,
s840784209,p02781,u583354994,1591698177,C++,C++14 (GCC 5.4.1),cpp,Accepted,1.0,256.0,1056,
s867693490,p02781,u528388170,1591695654,C++,C++14 (GCC 5.4.1),cpp,Accepted,1.0,256.0,966,
s245698873,p02781,u003475507,1591645357,Python,Python (3.4.3),py,Accepted,18.0,3064.0,956,
s791114769,p02781,u190875453,1591622511,C++,C++14 (GCC 5.4.1),cpp,Accepted,1.0,256.0,1360,
s064240213,p02781,u661869380,1591563326,C++,C++14 (GCC 5.4.1),cpp,Accepted,1.0,256.0,1074,
s456649852,p02781,u410506856,1591551406,C++,C++14 (GCC 5.4.1),cpp,Accepted,1.0,256.0,2067,
s217260908,p02781,u308012928,1591539622,C++,C++14 (GCC 5.4.1),cpp,Accepted,1.0,256.0,688,
s003371264,p02781,u190018920,1591526391,C++,C++14 (GCC 5.4.1),cpp,Accepted,1.0,256.0,1299,
s594872617,p02781,u866535689,1591521805,C++,C++14 (GCC 5.4.1),cpp,Accepted,1.0,256.0,2186,
s936289864,p02781,u213868052,1591520019,C++,C++14 (GCC 5.4.1),cpp,Accepted,1.0,256.0,1146,
s167656019,p02781,u755310927,1591477218,C++,C++14 (GCC 5.4.1),cpp,Accepted,1.0,256.0,1851,
s098559785,p02781,u767543103,1591437321,C++,C++14 (GCC 5.4.1),cpp,Accepted,1.0,256.0,40661,
s062744910,p02781,u768896740,1591386105,Python,Python (3.4.3),py,Accepted,18.0,3064.0,625,
s638519529,p02781,u223160139,1591372735,C++,C++14 (GCC 5.4.1),cpp,Accepted,1.0,256.0,1678,
s084662470,p02781,u028073448,1591370157,C++,C++14 (GCC 5.4.1),cpp,Accepted,18.0,256.0,727,
s044869991,p02781,u062727117,1591369674,C++,C++14 (GCC 5.4.1),cpp,Accepted,1.0,256.0,1113,
s557130130,p02781,u693978969,1591318672,C++,C++14 (GCC 5.4.1),cpp,Accepted,1.0,256.0,658,
s953852407,p02781,u103557284,1591308656,C++,C++14 (GCC 5.4.1),cpp,Accepted,1.0,256.0,1639,
s347001861,p02781,u785748162,1591280088,C++,C++14 (GCC 5.4.1),cpp,Accepted,1.0,256.0,1129,
s211126548,p02781,u785748162,1591279902,C++,C++14 (GCC 5.4.1),cpp,Accepted,1.0,256.0,1129,
s690535083,p02781,u867848444,1591276082,Python,PyPy3 (2.4.0),py,Accepted,182.0,39664.0,1418,
s507719932,p02781,u866538547,1591273419,C++,C++14 (GCC 5.4.1),cpp,Accepted,1.0,256.0,1011,
s869197098,p02781,u866538547,1591273365,C++,C++14 (GCC 5.4.1),cpp,Accepted,1.0,256.0,1158,
s610616764,p02781,u866538547,1591273215,C++,C++14 (GCC 5.4.1),cpp,Accepted,1.0,256.0,1160,
s640195143,p02781,u639032323,1591263861,C++,C++14 (Clang 3.8.0),cpp,Accepted,1.0,256.0,1056,
s794701992,p02781,u013750540,1591230174,C++,C++14 (GCC 5.4.1),cpp,Accepted,1.0,256.0,2935,
s709206585,p02781,u639032323,1591216128,C++,C++14 (Clang 3.8.0),cpp,Accepted,1.0,256.0,1042,
s281699041,p02781,u937642029,1591196232,Python,Python (3.4.3),py,Accepted,18.0,3064.0,751,
s793774924,p02781,u707053380,1591193686,C++,C++14 (GCC 5.4.1),cpp,Accepted,3.0,3968.0,1143,
s448825188,p02781,u018679195,1591188214,C++,C++14 (GCC 5.4.1),cpp,Accepted,1.0,256.0,1274,
s818167694,p02781,u526104791,1591188185,C++,C++14 (GCC 5.4.1),cpp,Accepted,1.0,256.0,1274,
s912074213,p02781,u652423305,1591138573,C++,C++14 (GCC 5.4.1),cpp,Accepted,1.0,256.0,3223,
s501421513,p02781,u784022244,1591134990,Python,PyPy3 (2.4.0),py,Accepted,1763.0,116572.0,669,
s021822771,p02781,u784022244,1591134655,Python,PyPy3 (2.4.0),py,Accepted,1788.0,119772.0,630,
s577256871,p02781,u863370423,1591130311,C++,C++ (GCC 5.4.1),cpp,Accepted,170.0,256.0,1693,
s885902366,p02781,u802434195,1591122962,C++,C++14 (GCC 5.4.1),cpp,Accepted,1.0,256.0,1034,
s609309257,p02781,u886633618,1591120846,Python,PyPy3 (2.4.0),py,Accepted,170.0,38256.0,457,
s882573941,p02781,u798339690,1591115683,C++,C++14 (GCC 5.4.1),cpp,Accepted,1588.0,384.0,4268,
s902759680,p02781,u397384480,1591114835,Python,PyPy3 (2.4.0),py,Accepted,166.0,38384.0,958,
s883857974,p02781,u071282706,1591110990,C++,C++14 (GCC 5.4.1),cpp,Accepted,1.0,384.0,1648,
s631374513,p02781,u816631826,1591101420,C++,C++14 (GCC 5.4.1),cpp,Accepted,1.0,256.0,907,
s139889129,p02781,u003475507,1591098214,Python,Python (3.4.3),py,Accepted,23.0,3064.0,723,
s472992546,p02781,u327310087,1591074269,C++,C++14 (GCC 5.4.1),cpp,Accepted,1.0,256.0,815,
s695234132,p02781,u003475507,1591049289,Python,Python (3.4.3),py,Accepted,22.0,3064.0,540,
s515810955,p02781,u405256066,1591047192,Python,Python (3.4.3),py,Accepted,26.0,3940.0,703,
s716580905,p02781,u098968285,1591030530,Python,PyPy3 (2.4.0),py,Accepted,166.0,38256.0,922,
s920461919,p02781,u703511577,1591029849,C++,C++14 (GCC 5.4.1),cpp,Accepted,1.0,256.0,1150,
s816677124,p02781,u910028046,1591023985,C++,C++14 (GCC 5.4.1),cpp,Accepted,1.0,256.0,1493,
s340377025,p02781,u740054550,1591011239,C++,C++14 (GCC 5.4.1),cpp,Accepted,1.0,256.0,2584,
s282293722,p02781,u561532599,1590979910,C++,C++14 (GCC 5.4.1),cpp,Accepted,1.0,256.0,1041,
s798631830,p02781,u103557284,1590969053,C++,C++14 (GCC 5.4.1),cpp,Accepted,1.0,256.0,1456,
s741821570,p02781,u224353074,1590950589,Python,PyPy3 (2.4.0),py,Accepted,175.0,38384.0,955,
s245960946,p02781,u763976642,1590947123,C++,C++14 (GCC 5.4.1),cpp,Accepted,11.0,12160.0,1610,
s279297932,p02781,u135573741,1590939339,C++,C++14 (GCC 5.4.1),cpp,Accepted,3.0,384.0,765,
s865246624,p02781,u505122009,1590938063,C++,C++14 (GCC 5.4.1),cpp,Accepted,1.0,256.0,1932,
s431307054,p02781,u505122009,1590936614,C++,C++14 (GCC 5.4.1),cpp,Accepted,1.0,256.0,2151,
s034167208,p02781,u588794534,1590923548,Python,PyPy3 (2.4.0),py,Accepted,175.0,38256.0,1709,
s536705584,p02781,u135572611,1590889167,C++,C++14 (GCC 5.4.1),cpp,Accepted,1.0,256.0,2971,
s968057881,p02781,u354281482,1590875529,C++,C++14 (GCC 5.4.1),cpp,Accepted,1.0,256.0,883,
s398657764,p02781,u204208382,1590872759,Python,PyPy3 (2.4.0),py,Accepted,174.0,38256.0,619,
s968608831,p02781,u653837719,1590861960,Python,PyPy3 (2.4.0),py,Accepted,180.0,38384.0,532,
s709162538,p02781,u031240034,1590850950,C++,C++14 (GCC 5.4.1),cpp,Accepted,1.0,256.0,559,
s674056286,p02781,u029000441,1590842204,Python,Python (3.4.3),py,Accepted,18.0,3064.0,1140,
s160842534,p02781,u859781218,1590841842,C++,C++14 (GCC 5.4.1),cpp,Accepted,1.0,256.0,849,
s549477293,p02781,u506846578,1590830536,C++,C++14 (GCC 5.4.1),cpp,Accepted,1.0,384.0,1102,
s626184373,p02781,u120198153,1590789078,C++,C++14 (GCC 5.4.1),cpp,Accepted,1.0,256.0,2053,
s814904803,p02781,u337054478,1590763131,C++,C++14 (GCC 5.4.1),cpp,Accepted,1.0,256.0,1774,
s230681026,p02781,u633967774,1590751941,C++,C++14 (GCC 5.4.1),cpp,Accepted,1.0,256.0,672,
s342129806,p02781,u266874640,1590746432,C++,C++14 (GCC 5.4.1),cpp,Accepted,1.0,256.0,1099,
s821008284,p02781,u103850114,1590721427,C++,C++14 (GCC 5.4.1),cpp,Accepted,1.0,256.0,1877,
s186198945,p02781,u860829879,1590705044,Python,PyPy3 (2.4.0),py,Accepted,205.0,40816.0,358,
s664544568,p02781,u736647947,1590701088,C++,C++14 (GCC 5.4.1),cpp,Accepted,3.0,256.0,1387,
s748893222,p02781,u170199544,1590683276,C++,C++14 (GCC 5.4.1),cpp,Accepted,1.0,256.0,1894,
s625473583,p02781,u389007679,1590676467,C++,C++14 (GCC 5.4.1),cpp,Accepted,1.0,256.0,1836,
s959169896,p02781,u111473084,1590666984,Python,Python (3.4.3),py,Accepted,19.0,3064.0,1127,
s736757052,p02781,u111473084,1590666945,Python,Python (3.4.3),py,Accepted,24.0,3572.0,1157,
s129910771,p02781,u561532599,1590666058,C++,C++14 (GCC 5.4.1),cpp,Accepted,1.0,256.0,1246,
s567104652,p02781,u866677026,1590665386,C++,C++14 (GCC 5.4.1),cpp,Accepted,1.0,256.0,1846,
s639255974,p02781,u957513998,1590656024,C++,C++14 (GCC 5.4.1),cpp,Accepted,1.0,256.0,1872,
s507574150,p02781,u123872895,1590630632,Python,Python (3.4.3),py,Accepted,783.0,3064.0,947,
s422977306,p02781,u714564133,1590621864,C++,C++14 (GCC 5.4.1),cpp,Accepted,1.0,256.0,924,
s860211282,p02781,u780428208,1590610803,C++,C++14 (GCC 5.4.1),cpp,Accepted,5.0,512.0,2793,
s416177095,p02781,u882039496,1590608974,C++,C++14 (GCC 5.4.1),cpp,Accepted,2.0,384.0,1520,
s608312649,p02781,u665871498,1590596501,C++,C++14 (GCC 5.4.1),cpp,Accepted,1.0,256.0,1558,
s910470929,p02781,u665871498,1590595984,C++,C++14 (GCC 5.4.1),cpp,Accepted,2.0,384.0,1558,
s236702891,p02781,u986568278,1590590367,C++,C++14 (GCC 5.4.1),cpp,Accepted,20.0,12288.0,1930,
s805258514,p02781,u672160971,1590587651,C++,C++14 (GCC 5.4.1),cpp,Accepted,2.0,256.0,783,
s018674854,p02781,u637983859,1590531594,C++,C++14 (GCC 5.4.1),cpp,Accepted,1.0,256.0,5532,
s193077605,p02781,u046595819,1590526624,C++,C++14 (GCC 5.4.1),cpp,Accepted,1.0,256.0,503,
s520523095,p02781,u115927976,1590525096,C++,C++14 (GCC 5.4.1),cpp,Accepted,1.0,256.0,1422,
s316586593,p02781,u702142173,1590524838,C++,C++14 (GCC 5.4.1),cpp,Accepted,1.0,256.0,1418,
s136220075,p02781,u121794232,1590515103,C++,C++14 (GCC 5.4.1),cpp,Accepted,1.0,256.0,842,
s902957404,p02781,u284045566,1590463881,C++,C++14 (GCC 5.4.1),cpp,Accepted,1.0,256.0,1808,
s718703140,p02781,u079659201,1590458064,C++,C++14 (GCC 5.4.1),cpp,Accepted,1.0,256.0,1772,
s642556180,p02781,u289578952,1590452488,C++,C++14 (GCC 5.4.1),cpp,Accepted,1.0,256.0,1172,
s605594716,p02781,u562935282,1590446585,Python,Python (3.4.3),py,Accepted,18.0,3064.0,848,
s166444940,p02781,u968846084,1590441293,Python,Python (3.4.3),py,Accepted,18.0,3064.0,597,
s960807192,p02781,u666394517,1590436568,C++,C++14 (GCC 5.4.1),cpp,Accepted,1.0,256.0,1786,
s464086344,p02781,u779216084,1590354727,C++,C++14 (GCC 5.4.1),cpp,Accepted,2.0,256.0,1059,
s602849728,p02781,u190875453,1590352579,C++,C++14 (GCC 5.4.1),cpp,Accepted,1.0,256.0,1112,
s813065751,p02781,u453055089,1590324973,Python,PyPy3 (2.4.0),py,Accepted,170.0,38384.0,1233,
s489430146,p02781,u616090453,1590318615,C++,C++14 (GCC 5.4.1),cpp,Accepted,1.0,256.0,1429,
s384283000,p02781,u521652313,1590304435,C++,C++14 (GCC 5.4.1),cpp,Accepted,1.0,256.0,1060,
s254726149,p02781,u895641117,1590303000,C++,C++14 (GCC 5.4.1),cpp,Accepted,1.0,256.0,2218,
s396598868,p02781,u276588887,1590273597,C++,C++14 (GCC 5.4.1),cpp,Accepted,1.0,256.0,4186,
s796345830,p02781,u075775814,1590272996,C++,C++14 (GCC 5.4.1),cpp,Accepted,1.0,256.0,678,
s150765870,p02781,u499009346,1590269145,C++,C++14 (GCC 5.4.1),cpp,Accepted,1.0,256.0,861,
s745190013,p02781,u530107518,1590259654,C++,C++14 (GCC 5.4.1),cpp,Accepted,1.0,256.0,2670,
s595565916,p02781,u008229752,1590238498,C++,C++14 (GCC 5.4.1),cpp,Accepted,1.0,256.0,3164,
s035271171,p02781,u593555034,1590233634,C++,C++14 (GCC 5.4.1),cpp,Accepted,1.0,256.0,2360,
s520049695,p02781,u410506856,1590231822,C++,C++14 (GCC 5.4.1),cpp,Accepted,1.0,256.0,2643,
s696205268,p02781,u025501820,1590191074,Python,Python (3.4.3),py,Accepted,164.0,13192.0,610,
s717347009,p02781,u535803878,1590186999,Python,PyPy3 (2.4.0),py,Accepted,184.0,38384.0,1580,
s748629320,p02781,u514299623,1590182806,C++,C++14 (GCC 5.4.1),cpp,Accepted,1.0,256.0,1784,
s774381162,p02781,u667024514,1590180335,Python,Python (3.4.3),py,Accepted,19.0,3064.0,605,
s484051903,p02781,u204536668,1590178371,C++,C++14 (GCC 5.4.1),cpp,Accepted,2.0,384.0,736,
s822900581,p02781,u868132236,1590174387,C++,C++14 (GCC 5.4.1),cpp,Accepted,41.0,256.0,1081,
s341776045,p02781,u045939752,1590169818,C++,C++14 (GCC 5.4.1),cpp,Accepted,1.0,256.0,1270,
s196295289,p02781,u350072791,1590165041,C++,C++14 (GCC 5.4.1),cpp,Accepted,2.0,384.0,698,
s504277710,p02781,u663191260,1590154247,C++,C++14 (GCC 5.4.1),cpp,Accepted,1.0,256.0,1412,
s278921574,p02781,u565795452,1590144075,C++,C++14 (GCC 5.4.1),cpp,Accepted,2.0,256.0,1034,
s176397205,p02781,u132371041,1590137255,C++,C++14 (GCC 5.4.1),cpp,Accepted,3.0,4352.0,3416,
s541209282,p02781,u962966398,1590134149,C++,C++14 (GCC 5.4.1),cpp,Accepted,1.0,256.0,3307,
s811547153,p02781,u537359793,1590106818,C++,C++14 (GCC 5.4.1),cpp,Accepted,1.0,256.0,637,
s713768894,p02781,u537359793,1590106746,C++,C++14 (GCC 5.4.1),cpp,Accepted,1.0,256.0,765,
s497273148,p02781,u717864577,1590105916,C++,C++14 (GCC 5.4.1),cpp,Accepted,1.0,256.0,626,
s725132561,p02781,u136378781,1590105474,C++,C++14 (GCC 5.4.1),cpp,Accepted,1.0,256.0,2317,
s955314836,p02781,u516525290,1590096523,C++,C++14 (GCC 5.4.1),cpp,Accepted,1.0,256.0,1572,
s849590068,p02781,u380995377,1590093084,Python,PyPy3 (2.4.0),py,Accepted,297.0,62316.0,1764,
s007647259,p02781,u828388155,1590086360,C++,C++14 (GCC 5.4.1),cpp,Accepted,1.0,256.0,1703,
s010502349,p02781,u363936720,1590086156,C++,C++14 (GCC 5.4.1),cpp,Accepted,1.0,256.0,1982,
s076059904,p02781,u732304692,1590054135,C++,C++14 (GCC 5.4.1),cpp,Accepted,1.0,256.0,591,
s050182965,p02781,u050087249,1590022060,C++,C++14 (GCC 5.4.1),cpp,Accepted,1.0,256.0,3538,
s329307532,p02781,u274883254,1590016523,C++,C++14 (GCC 5.4.1),cpp,Accepted,1.0,256.0,869,
s576296208,p02781,u530107518,1590009683,C++,C++14 (GCC 5.4.1),cpp,Accepted,1.0,256.0,2415,
s060090410,p02781,u525008368,1590009259,C++,C++14 (GCC 5.4.1),cpp,Accepted,1.0,256.0,1259,
s281601346,p02781,u197457087,1590008436,Python,PyPy3 (2.4.0),py,Accepted,200.0,41072.0,1200,
s499745177,p02781,u915797797,1590008392,C++,C++14 (GCC 5.4.1),cpp,Accepted,2.0,384.0,2306,
s276833948,p02781,u986437843,1590008196,C++,C++14 (GCC 5.4.1),cpp,Accepted,2.0,384.0,196023,
s183350684,p02781,u315542000,1590007440,C++,C++14 (GCC 5.4.1),cpp,Accepted,2.0,256.0,879,
s628761096,p02781,u893584578,1590006412,C++,C++14 (GCC 5.4.1),cpp,Accepted,1.0,256.0,1334,
s831864146,p02781,u530107518,1590006243,C++,C++14 (GCC 5.4.1),cpp,Accepted,1.0,256.0,2356,
s085263531,p02781,u338903636,1590006235,C++,C++14 (GCC 5.4.1),cpp,Accepted,7.0,6528.0,7014,
s440745567,p02781,u783675879,1590006127,C++,C++14 (GCC 5.4.1),cpp,Accepted,6.0,12032.0,42115,
s750509257,p02781,u432688695,1590006071,C++,C++14 (GCC 5.4.1),cpp,Accepted,1.0,640.0,5699,
s128711562,p02781,u254187258,1590006011,C++,C++14 (GCC 5.4.1),cpp,Accepted,1.0,256.0,1874,
s696058806,p02781,u963055157,1590005645,C++,C++14 (GCC 5.4.1),cpp,Accepted,1.0,256.0,1372,
s064760263,p02781,u318127926,1590005622,Python,Python (3.4.3),py,Accepted,18.0,3064.0,555,
s856615233,p02781,u318127926,1590005352,Python,PyPy3 (2.4.0),py,Accepted,184.0,38384.0,555,
s808520741,p02781,u134678977,1590005112,C++,C++14 (GCC 5.4.1),cpp,Accepted,1.0,256.0,1034,
s120641679,p02781,u119098168,1590005062,C++,C++14 (GCC 5.4.1),cpp,Accepted,1.0,256.0,1126,
s958571421,p02781,u009414205,1590004932,C++,C++14 (GCC 5.4.1),cpp,Accepted,1.0,256.0,1328,
s810677196,p02781,u994521204,1590004501,Python,PyPy3 (2.4.0),py,Accepted,210.0,41072.0,747,
s454618994,p02781,u333945892,1590004461,Python,Python (3.4.3),py,Accepted,19.0,3192.0,1055,
s041786793,p02781,u263830634,1590004454,Python,Python (3.4.3),py,Accepted,20.0,3064.0,1456,
s236020339,p02781,u034865202,1590004241,C++,C++14 (GCC 5.4.1),cpp,Accepted,2.0,384.0,6408,
s113048742,p02781,u096616343,1590004206,C++,C++14 (GCC 5.4.1),cpp,Accepted,1.0,256.0,1253,
s002364982,p02781,u950603962,1590004110,C++,C++14 (GCC 5.4.1),cpp,Accepted,1.0,256.0,3816,
s391960967,p02781,u062736195,1590003964,C++,C++14 (GCC 5.4.1),cpp,Accepted,2.0,256.0,1107,
s143339147,p02781,u489959379,1590003874,Python,Python (3.4.3),py,Accepted,20.0,3064.0,1008,
s162794217,p02781,u226233437,1590003828,C++,C++14 (GCC 5.4.1),cpp,Accepted,1.0,256.0,600,
s645129505,p02781,u993074316,1590003746,C++,C++14 (GCC 5.4.1),cpp,Accepted,1.0,256.0,2481,
s841579137,p02781,u617826263,1590003531,C++,C++14 (GCC 5.4.1),cpp,Accepted,1.0,256.0,1423,
s464140719,p02781,u018872912,1590003293,C++,C++14 (GCC 5.4.1),cpp,Accepted,1.0,256.0,4160,
s236212217,p02781,u047796752,1590003011,C++,C++14 (GCC 5.4.1),cpp,Accepted,1.0,256.0,639,
s083453327,p02781,u141642872,1590002910,C++,C++14 (GCC 5.4.1),cpp,Accepted,1.0,256.0,688,
s043700225,p02781,u965730380,1590002865,C++,C++14 (GCC 5.4.1),cpp,Accepted,1.0,256.0,1588,
s504125911,p02781,u665009101,1590002861,C++,C++14 (GCC 5.4.1),cpp,Accepted,1.0,256.0,544,
s092327897,p02781,u818349438,1590002838,C++,C++14 (GCC 5.4.1),cpp,Accepted,1.0,384.0,672,
s912140961,p02781,u747602774,1590002724,Python,Python (3.4.3),py,Accepted,20.0,3064.0,798,
s362046635,p02781,u415325136,1590002428,C++,C++14 (GCC 5.4.1),cpp,Accepted,1.0,256.0,929,
s095271131,p02781,u908318580,1590002303,C++,C++14 (GCC 5.4.1),cpp,Accepted,1.0,256.0,2178,
s256802115,p02781,u342075214,1590002195,C++,C++14 (GCC 5.4.1),cpp,Accepted,1.0,256.0,1816,
s590441154,p02781,u392319141,1590002135,Python,Python (3.4.3),py,Accepted,24.0,3812.0,450,
s800645901,p02781,u340010271,1590002030,C++,C++14 (GCC 5.4.1),cpp,Accepted,1.0,256.0,2172,
s226873449,p02781,u039976558,1589997975,C++,C++14 (GCC 5.4.1),cpp,Accepted,865.0,256.0,939,
s064350840,p02781,u340980616,1589976122,C++,C++14 (GCC 5.4.1),cpp,Accepted,1.0,256.0,955,
s690596203,p02781,u883725898,1589958143,C++,C++14 (GCC 5.4.1),cpp,Accepted,1.0,256.0,840,
s948608126,p02781,u173148629,1589934728,Python,Python (3.4.3),py,Accepted,18.0,3064.0,665,
s598571785,p02781,u169350228,1589925100,Python,Python (3.4.3),py,Accepted,153.0,12508.0,494,
s243352697,p02781,u810356688,1589892754,Python,PyPy3 (2.4.0),py,Accepted,190.0,40432.0,793,
s645643572,p02781,u810356688,1589892727,Python,Python (3.4.3),py,Accepted,20.0,3064.0,793,
s165610402,p02781,u526367939,1589878308,C++,C++14 (GCC 5.4.1),cpp,Accepted,1.0,256.0,738,
s348278638,p02781,u537359793,1589878161,C++,C++14 (GCC 5.4.1),cpp,Accepted,1.0,256.0,828,
s288594068,p02781,u950603962,1589839848,C++,C++14 (GCC 5.4.1),cpp,Accepted,1.0,256.0,4459,
s639389932,p02781,u313766957,1589839033,C++,C++14 (GCC 5.4.1),cpp,Accepted,1.0,256.0,1154,
s276399961,p02781,u809665051,1589836335,C++,C++14 (GCC 5.4.1),cpp,Accepted,1.0,256.0,1616,
s287985968,p02781,u818349438,1589836244,C++,C++14 (GCC 5.4.1),cpp,Accepted,1.0,256.0,693,
s737721250,p02781,u735763857,1589833419,C++,C++14 (GCC 5.4.1),cpp,Accepted,1.0,256.0,1058,
s376097618,p02781,u569149712,1589827503,C++,C++14 (GCC 5.4.1),cpp,Accepted,1.0,256.0,1458,
s850260647,p02781,u569149712,1589827338,C++,C++14 (GCC 5.4.1),cpp,Accepted,1.0,256.0,1373,
s242379986,p02781,u296518383,1589806886,Python,PyPy3 (2.4.0),py,Accepted,227.0,43504.0,826,
s704173617,p02781,u905329882,1589801043,Python,PyPy3 (2.4.0),py,Accepted,198.0,39664.0,941,
s813428787,p02781,u826438738,1589798884,C++,C++14 (GCC 5.4.1),cpp,Accepted,1.0,256.0,3821,
s517687109,p02781,u826438738,1589798631,C++,C++14 (GCC 5.4.1),cpp,Accepted,1.0,256.0,3751,
s096633044,p02781,u410506856,1589797410,C++,C++14 (GCC 5.4.1),cpp,Accepted,1.0,256.0,2152,
s118239524,p02781,u136378781,1589741686,C++,C++14 (GCC 5.4.1),cpp,Accepted,1.0,256.0,2205,
s862725836,p02781,u751964641,1589740437,C++,C++14 (Clang 3.8.0),cpp,Accepted,9.0,1144.0,1497,
s166444031,p02781,u136378781,1589740387,C++,C++14 (GCC 5.4.1),cpp,Accepted,1.0,256.0,2460,
s858609421,p02781,u647999897,1589728425,Python,PyPy3 (2.4.0),py,Accepted,184.0,39920.0,624,
s021182386,p02781,u003026289,1589727880,C++,C++14 (GCC 5.4.1),cpp,Accepted,2.0,384.0,876,
s285947058,p02781,u393698851,1589726797,C++,C++14 (GCC 5.4.1),cpp,Accepted,1.0,256.0,1581,
s677380924,p02781,u644332191,1589724057,C++,C++14 (GCC 5.4.1),cpp,Accepted,2.0,384.0,2157,
s066189872,p02781,u346812984,1589713574,Python,Python (3.4.3),py,Accepted,21.0,3316.0,1689,
s379095222,p02781,u707124227,1589712860,Python,Python (3.4.3),py,Accepted,17.0,3064.0,1301,
s992157618,p02781,u591601596,1589646392,C++,C++14 (GCC 5.4.1),cpp,Accepted,1.0,256.0,623,
s209199419,p02781,u207097826,1589640939,Python,Python (3.4.3),py,Accepted,80.0,4476.0,1056,
s856760391,p02781,u681349918,1589636322,C++,C++14 (GCC 5.4.1),cpp,Accepted,1.0,256.0,1371,
s946666277,p02781,u681349918,1589636102,C++,C++14 (GCC 5.4.1),cpp,Accepted,1.0,384.0,1432,
s330036814,p02781,u701556979,1589617729,C++,C++ (GCC 5.4.1),cpp,Accepted,1.0,256.0,1389,
s568069602,p02781,u211255607,1589598207,C++,C++14 (GCC 5.4.1),cpp,Accepted,1.0,256.0,2844,
s667427735,p02781,u802977614,1589597117,Python,PyPy3 (2.4.0),py,Accepted,203.0,40944.0,1168,
s729504028,p02781,u151005508,1589577110,C++,C++14 (GCC 5.4.1),cpp,Accepted,2.0,384.0,1214,
s877675649,p02781,u971089878,1589576671,C++,C++14 (GCC 5.4.1),cpp,Accepted,1.0,256.0,1308,
s484165899,p02781,u093041722,1589574938,Python,Python (3.4.3),py,Accepted,192.0,14664.0,1475,
s985094986,p02781,u866538547,1589572144,C++,C++14 (GCC 5.4.1),cpp,Accepted,1.0,256.0,1076,
s010358831,p02781,u787139585,1589571734,C++,C++14 (GCC 5.4.1),cpp,Accepted,1.0,256.0,1210,
s458810094,p02781,u866538547,1589551837,C++,C++14 (GCC 5.4.1),cpp,Accepted,1.0,256.0,1125,
s336048201,p02781,u488362433,1589548999,C++,C++14 (GCC 5.4.1),cpp,Accepted,1.0,256.0,927,
s420689478,p02781,u495881622,1589516310,C++,C++14 (GCC 5.4.1),cpp,Accepted,1.0,256.0,956,
s091215757,p02781,u221061152,1589492318,Python,Python (3.4.3),py,Accepted,378.0,3060.0,180,
s576670109,p02781,u844646164,1589491702,Python,PyPy3 (2.4.0),py,Accepted,203.0,41712.0,1274,
s599919549,p02781,u844646164,1589491329,Python,PyPy3 (2.4.0),py,Accepted,210.0,41712.0,1274,
s896010344,p02781,u091051505,1589488926,Python,Python (3.4.3),py,Accepted,21.0,3064.0,420,
s933541584,p02781,u272028993,1589484925,C++,C++14 (GCC 5.4.1),cpp,Accepted,1.0,384.0,4592,
s147309022,p02781,u037430802,1589484516,Python,PyPy3 (2.4.0),py,Accepted,194.0,40304.0,1529,
s369175585,p02781,u647999897,1589483807,Python,PyPy3 (2.4.0),py,Accepted,184.0,38256.0,702,
s211728245,p02781,u342075214,1589480810,C++,C++14 (GCC 5.4.1),cpp,Accepted,1.0,256.0,1727,
s310564394,p02781,u600244905,1589478132,C++,C++14 (GCC 5.4.1),cpp,Accepted,2.0,256.0,2437,
s284528604,p02781,u317379170,1589469719,C++,C++14 (GCC 5.4.1),cpp,Accepted,1.0,256.0,1054,
s374443854,p02781,u062908837,1589464278,C++,C++14 (GCC 5.4.1),cpp,Accepted,1.0,256.0,955,
s260769465,p02781,u527311983,1589447592,C++,C++ (GCC 9.2.1),cpp,Accepted,3.0,3644.0,1275,
s706611701,p02781,u527311983,1589447453,C++,C++ (GCC 9.2.1),cpp,Accepted,3.0,3640.0,996,
s837479508,p02781,u390727364,1589401404,Python,PyPy3 (7.3.0),py,Accepted,65.0,62468.0,865,
s241750251,p02781,u141633429,1589401257,C++,C++ (Clang 10.0.0),cpp,Accepted,680.0,3148.0,467,
s331300470,p02781,u845356047,1589398220,C++,C++14 (GCC 5.4.1),cpp,Accepted,1.0,256.0,1264,
s096197751,p02781,u538508087,1589386563,C++,C++14 (GCC 5.4.1),cpp,Accepted,1.0,256.0,908,
s265843401,p02781,u315542000,1589386300,C++,C++14 (GCC 5.4.1),cpp,Accepted,1.0,256.0,1012,
s775463692,p02781,u512964959,1589377000,C++,C++14 (GCC 5.4.1),cpp,Accepted,1.0,256.0,1931,
s140483429,p02781,u398942100,1589373908,C++,C++14 (GCC 5.4.1),cpp,Accepted,1.0,256.0,12443,
s040401930,p02781,u157949533,1589333886,C++,C++14 (GCC 5.4.1),cpp,Accepted,1.0,256.0,2533,
s684860257,p02781,u531603069,1589314488,Python,PyPy3 (2.4.0),py,Accepted,215.0,40944.0,533,
s909458501,p02781,u531603069,1589314460,Python,Python (3.4.3),py,Accepted,21.0,3064.0,533,
s992291399,p02781,u913836622,1589311838,C++,C++14 (GCC 5.4.1),cpp,Accepted,1.0,256.0,2115,
s044951967,p02781,u808943968,1589296240,C++,C++14 (GCC 5.4.1),cpp,Accepted,1.0,256.0,1035,
s971273417,p02781,u913836622,1589250773,C++,C++14 (GCC 5.4.1),cpp,Accepted,1.0,256.0,1654,
s759266904,p02781,u132452589,1589249585,C++,C++14 (GCC 5.4.1),cpp,Accepted,3.0,512.0,984,
s239263053,p02781,u700805562,1589236207,Python,Python (3.4.3),py,Accepted,18.0,3064.0,555,
s405301892,p02781,u275488634,1589230031,C++,C++14 (GCC 5.4.1),cpp,Accepted,2.0,256.0,1488,
s208513943,p02781,u115454768,1589225746,C++,C++14 (GCC 5.4.1),cpp,Accepted,1.0,384.0,1270,
s958494842,p02781,u135346354,1589222823,Python,Python (3.4.3),py,Accepted,32.0,3064.0,1170,
s950740592,p02781,u111121874,1589220910,C++,C++14 (GCC 5.4.1),cpp,Accepted,1.0,256.0,864,
s380808182,p02781,u811791202,1589217876,C++,C++14 (GCC 5.4.1),cpp,Accepted,1.0,256.0,839,
s151594376,p02781,u342703951,1589206528,C++,C++14 (GCC 5.4.1),cpp,Accepted,2.0,256.0,1920,
s230568086,p02781,u535423069,1589206327,Python,PyPy3 (2.4.0),py,Accepted,193.0,40560.0,1092,
s420918282,p02781,u153390822,1589171745,C++,C++14 (GCC 5.4.1),cpp,Accepted,1.0,256.0,4663,
s081818124,p02781,u109256064,1589161036,C++,C++14 (GCC 5.4.1),cpp,Accepted,1.0,256.0,1458,
s469720575,p02781,u886710809,1589160629,C++,C++14 (GCC 5.4.1),cpp,Accepted,1.0,256.0,782,
s869063221,p02781,u832409298,1589136705,Python,PyPy3 (2.4.0),py,Accepted,1517.0,42716.0,2428,
s196572666,p02781,u657901243,1589133833,C++,C++14 (GCC 5.4.1),cpp,Accepted,1.0,256.0,901,
s140649499,p02781,u302000346,1589123591,C++,C++14 (GCC 5.4.1),cpp,Accepted,1.0,256.0,1525,
s060128025,p02781,u696805736,1589113436,C++,C++14 (GCC 5.4.1),cpp,Accepted,1.0,256.0,1103,
s403840524,p02781,u758799884,1589091283,C++,C++14 (GCC 5.4.1),cpp,Accepted,1.0,256.0,1968,
s833461412,p02781,u223646582,1589073162,Python,Python (3.4.3),py,Accepted,18.0,3064.0,956,
s615536539,p02781,u044220565,1589059208,Python,Python (3.4.3),py,Accepted,18.0,3064.0,1127,
s585183124,p02781,u197078193,1589055469,Python,Python (3.4.3),py,Accepted,17.0,3064.0,690,
s081116107,p02781,u044220565,1589055314,Python,Python (3.4.3),py,Accepted,569.0,3064.0,1000,
s339986380,p02781,u947382132,1589054778,C++,C++14 (GCC 5.4.1),cpp,Accepted,1.0,256.0,699,
s605951274,p02781,u531603069,1589054724,Python,Python (3.4.3),py,Accepted,21.0,3064.0,533,
s624000291,p02781,u543466827,1589052602,C++,C++14 (GCC 5.4.1),cpp,Accepted,1.0,256.0,875,
s856368174,p02781,u197078193,1589049815,Python,Python (3.4.3),py,Accepted,18.0,3192.0,6069,
s541525376,p02781,u189479417,1589046631,Python,Python (3.4.3),py,Accepted,18.0,3064.0,589,
s861570955,p02781,u705230587,1589041504,C++,C++14 (GCC 5.4.1),cpp,Accepted,1.0,256.0,803,
s691767149,p02781,u114920558,1588987339,Python,Python (3.4.3),py,Accepted,18.0,3064.0,716,
s543994985,p02781,u531603069,1588974194,Python,Python (3.4.3),py,Accepted,19.0,3192.0,1892,
s766809700,p02781,u531603069,1588972247,Python,Python (3.4.3),py,Accepted,19.0,3192.0,2052,
s126985894,p02781,u313568050,1588948012,C++,C++14 (GCC 5.4.1),cpp,Accepted,1.0,256.0,1651,
s577556284,p02781,u061831821,1588945573,Python,Python (3.4.3),py,Accepted,19.0,3064.0,970,
s641532444,p02781,u575279726,1588941728,C++,C++14 (GCC 5.4.1),cpp,Accepted,1.0,256.0,1727,
s522368435,p02781,u347600233,1588933264,Python,Python (3.4.3),py,Accepted,18.0,3064.0,630,
s682551427,p02781,u196579381,1588930754,Python,PyPy3 (2.4.0),py,Accepted,197.0,38640.0,403,
s173957471,p02781,u424655672,1588930744,C++,C++14 (GCC 5.4.1),cpp,Accepted,1.0,256.0,847,
s543521919,p02781,u617404516,1588890897,C++,C++14 (GCC 5.4.1),cpp,Accepted,2.0,256.0,1507,
s247259644,p02781,u136342563,1588882287,C++,C++14 (GCC 5.4.1),cpp,Accepted,1.0,256.0,876,
s985637412,p02781,u766668937,1588879966,C++,C++14 (GCC 5.4.1),cpp,Accepted,1.0,256.0,726,
s446173779,p02781,u225450911,1588878456,C++,C++14 (GCC 5.4.1),cpp,Accepted,2.0,384.0,1309,
s125205278,p02781,u225450911,1588878399,C++,C++14 (GCC 5.4.1),cpp,Accepted,2.0,384.0,1362,
s658230591,p02781,u364862909,1588864842,Python,PyPy3 (2.4.0),py,Accepted,183.0,38384.0,981,
s502531321,p02781,u462257825,1588852233,C++,C++14 (GCC 5.4.1),cpp,Accepted,1.0,256.0,2014,
s226133419,p02781,u064087840,1588832486,C++,C++14 (Clang 3.8.0),cpp,Accepted,2.0,384.0,1149,
s313829079,p02781,u152402277,1588805853,Python,Python (3.4.3),py,Accepted,17.0,3064.0,872,
s237894235,p02781,u050698451,1588805846,C++,C++14 (GCC 5.4.1),cpp,Accepted,1.0,256.0,1474,
s783613144,p02781,u900688325,1588803937,C++,C++14 (GCC 5.4.1),cpp,Accepted,1.0,256.0,1093,
s650581910,p02781,u653699618,1588801950,C++,C++14 (GCC 5.4.1),cpp,Accepted,1.0,256.0,5082,
s537329487,p02781,u813098295,1588785935,C++,C++14 (GCC 5.4.1),cpp,Accepted,2.0,512.0,1656,
s444911096,p02781,u554116180,1588774910,C++,C++14 (GCC 5.4.1),cpp,Accepted,1.0,256.0,1483,
s039609815,p02781,u550178285,1588773885,C++,C++14 (GCC 5.4.1),cpp,Accepted,1.0,256.0,769,
s218897232,p02781,u091870478,1588773244,C++,C++14 (GCC 5.4.1),cpp,Accepted,9.0,19200.0,2108,
s921177009,p02781,u478462004,1588765431,C++,C++14 (GCC 5.4.1),cpp,Accepted,1.0,256.0,1476,
s432244529,p02781,u437779154,1588758103,C++,C++14 (GCC 5.4.1),cpp,Accepted,1.0,256.0,710,
s471253659,p02781,u001534842,1588755678,C++,C++14 (GCC 5.4.1),cpp,Accepted,1.0,256.0,2448,
s375263312,p02781,u592686932,1588725086,C++,C++14 (GCC 5.4.1),cpp,Accepted,1.0,256.0,5960,
s238378799,p02781,u857428111,1588724270,Python,Python (3.4.3),py,Accepted,20.0,3064.0,1263,
s723581354,p02781,u257571179,1588715439,C++,C++14 (GCC 5.4.1),cpp,Accepted,1.0,256.0,791,
s779713932,p02781,u257571179,1588714717,C++,C++14 (GCC 5.4.1),cpp,Accepted,1.0,256.0,825,
s785311289,p02781,u934469795,1588713016,C++,C++14 (GCC 5.4.1),cpp,Accepted,1.0,256.0,555,
s403622525,p02781,u540491484,1588712967,C++,C++14 (GCC 5.4.1),cpp,Accepted,1.0,256.0,2510,
s325949867,p02781,u607865971,1588702731,Python,Python (3.4.3),py,Accepted,34.0,3828.0,641,
s323164440,p02781,u801049006,1588700791,Python,Python (3.4.3),py,Accepted,19.0,3064.0,593,
s997205159,p02781,u133936772,1588695179,Python,Python (3.4.3),py,Accepted,22.0,3064.0,404,
s989016811,p02781,u770597861,1588692376,C++,C++14 (GCC 5.4.1),cpp,Accepted,1.0,384.0,987,
s753092126,p02781,u133936772,1588687909,Python,Python (3.4.3),py,Accepted,367.0,3060.0,172,
s352880428,p02781,u133936772,1588687799,Python,Python (3.4.3),py,Accepted,26.0,3940.0,221,
s449901496,p02781,u133936772,1588686292,Python,Python (3.4.3),py,Accepted,28.0,3940.0,260,
s742767840,p02781,u836743234,1588677273,C++,C++14 (GCC 5.4.1),cpp,Accepted,2.0,384.0,1554,
s425370911,p02781,u034863902,1588671363,C++,C++14 (GCC 5.4.1),cpp,Accepted,1.0,256.0,2081,
s839887462,p02781,u591883167,1588670741,C++,C++14 (GCC 5.4.1),cpp,Accepted,1.0,256.0,2354,
s347402564,p02781,u929618357,1588670582,C++,C++14 (GCC 5.4.1),cpp,Accepted,1.0,256.0,712,
s384151766,p02781,u034863902,1588669430,C++,C++14 (GCC 5.4.1),cpp,Accepted,4.0,9344.0,988,
s922955176,p02781,u034863902,1588669054,C++,C++14 (GCC 5.4.1),cpp,Accepted,1.0,256.0,757,
s462830238,p02781,u748577909,1588625319,C++,C++14 (GCC 5.4.1),cpp,Accepted,1.0,256.0,1156,
s884860961,p02781,u862095327,1588621065,C++,C++14 (GCC 5.4.1),cpp,Accepted,1.0,256.0,1410,
s787045989,p02781,u427344224,1588610979,C++,C++14 (GCC 5.4.1),cpp,Accepted,1.0,256.0,1332,
s719054397,p02781,u427344224,1588610880,C++,C++14 (GCC 5.4.1),cpp,Accepted,1.0,384.0,1332,
s650421861,p02781,u063318293,1588610850,C++,C++14 (GCC 5.4.1),cpp,Accepted,2.0,256.0,846,
s326126167,p02781,u065446124,1588605225,Python,Python (3.4.3),py,Accepted,18.0,3064.0,510,
s468962240,p02781,u538632589,1588595468,Python,Python (3.4.3),py,Accepted,30.0,3064.0,704,
s614450244,p02781,u321355907,1588586125,C++,C++14 (GCC 5.4.1),cpp,Accepted,1.0,256.0,1181,
s550252701,p02781,u767097637,1588566862,C++,C++14 (GCC 5.4.1),cpp,Accepted,1.0,384.0,1254,
s185734065,p02781,u800948590,1588565299,C++,C++14 (GCC 5.4.1),cpp,Accepted,1.0,256.0,1051,
s618152823,p02781,u460878215,1588562667,C++,C++14 (GCC 5.4.1),cpp,Accepted,1.0,256.0,1389,
s098397370,p02781,u575802441,1588562576,C++,C++14 (GCC 5.4.1),cpp,Accepted,1.0,256.0,1785,
s240323546,p02781,u127768253,1588553929,C++,C++14 (GCC 5.4.1),cpp,Accepted,1.0,256.0,1609,
s634476274,p02781,u278630718,1588546164,C++,C++14 (GCC 5.4.1),cpp,Accepted,1.0,384.0,1163,
s039386430,p02781,u371149954,1588528382,C++,C++14 (GCC 5.4.1),cpp,Accepted,1.0,256.0,1436,
s116592578,p02781,u977925575,1588514340,C++,C++14 (GCC 5.4.1),cpp,Accepted,2.0,256.0,1170,
s842518161,p02781,u722397179,1588513738,C++,C++14 (GCC 5.4.1),cpp,Accepted,1.0,256.0,932,
s409491445,p02781,u977925575,1588512367,C++,C++14 (GCC 5.4.1),cpp,Accepted,173.0,11304.0,1484,
s093641742,p02781,u501163846,1588502659,C++,C++14 (GCC 5.4.1),cpp,Accepted,1.0,256.0,1150,
s903568315,p02781,u613960672,1588467006,C++,C++14 (GCC 5.4.1),cpp,Accepted,1.0,256.0,1255,
s050361310,p02781,u462237086,1588454771,C++,C++14 (GCC 5.4.1),cpp,Accepted,2.0,256.0,2477,
s724774784,p02781,u809967037,1588432655,C++,C++14 (GCC 5.4.1),cpp,Accepted,1.0,256.0,6775,
s241376533,p02781,u970197315,1588427925,Python,Python (3.4.3),py,Accepted,20.0,3064.0,979,
s130021790,p02781,u945901686,1588424465,C++,C++14 (GCC 5.4.1),cpp,Accepted,1.0,256.0,1877,
s286716850,p02781,u141642872,1588424023,C++,C++14 (GCC 5.4.1),cpp,Accepted,1.0,256.0,917,
s546157401,p02781,u898967808,1588421355,Python,Python (3.4.3),py,Accepted,33.0,6388.0,487,
s363582493,p02781,u905203728,1588408929,Python,PyPy3 (2.4.0),py,Accepted,190.0,40944.0,423,
s071357577,p02781,u620480037,1588408019,Python,Python (3.4.3),py,Accepted,18.0,3064.0,446,
s517542169,p02781,u499966353,1588387585,C++,C++14 (GCC 5.4.1),cpp,Accepted,1.0,256.0,2072,
s626470615,p02781,u697968316,1588378012,C++,C++14 (GCC 5.4.1),cpp,Accepted,1.0,256.0,1409,
s767671369,p02781,u262597910,1588373204,Python,Python (3.4.3),py,Accepted,18.0,3188.0,1039,
s316451229,p02781,u282228874,1588369257,C++,C++14 (GCC 5.4.1),cpp,Accepted,1.0,256.0,1115,
s554160383,p02781,u513211419,1588366014,C++,C++14 (GCC 5.4.1),cpp,Accepted,1.0,256.0,12733,
s100625601,p02781,u419877586,1588365055,Python,Python (3.4.3),py,Accepted,18.0,3064.0,517,
s411052344,p02781,u523545435,1588361453,Python,Python (3.4.3),py,Accepted,19.0,3268.0,1573,
s863193022,p02781,u395676079,1588360648,C++,C++14 (GCC 5.4.1),cpp,Accepted,1.0,256.0,1023,
s528438525,p02781,u826189900,1588355428,C++,C++14 (GCC 5.4.1),cpp,Accepted,3.0,896.0,679,
s227620071,p02781,u093744128,1588337700,C++,C++14 (GCC 5.4.1),cpp,Accepted,1.0,256.0,1051,
s274210283,p02781,u863442865,1588335952,Python,Python (3.4.3),py,Accepted,21.0,3316.0,1224,
s743866343,p02781,u677600881,1588332451,C++,C++14 (GCC 5.4.1),cpp,Accepted,2.0,384.0,2372,
s848271147,p02781,u358254559,1588325497,Python,PyPy3 (2.4.0),py,Accepted,204.0,41200.0,728,
s349500982,p02781,u863442865,1588324468,Python,Python (3.4.3),py,Accepted,22.0,3316.0,1925,
s935524513,p02781,u202570162,1588290215,Python,Python (3.4.3),py,Accepted,23.0,3064.0,424,
s783020224,p02781,u880966143,1588284459,C++,C++14 (GCC 5.4.1),cpp,Accepted,1.0,384.0,634,
s726892517,p02781,u678167152,1588281828,Python,Python (3.4.3),py,Accepted,18.0,3064.0,661,
s387310661,p02781,u478275206,1588276936,C++,C++14 (GCC 5.4.1),cpp,Accepted,1.0,256.0,1310,
s239126974,p02781,u799238092,1588262552,C++,C++14 (GCC 5.4.1),cpp,Accepted,1.0,256.0,3738,
s469445330,p02781,u536712674,1588252441,C++,C++14 (GCC 5.4.1),cpp,Accepted,2.0,384.0,5537,
s149421816,p02781,u447277621,1588201106,C++,C++14 (GCC 5.4.1),cpp,Accepted,1.0,384.0,3805,
s037387812,p02781,u729173935,1588193605,C++,C++14 (GCC 5.4.1),cpp,Accepted,1.0,256.0,1433,
s028965240,p02781,u554953477,1588190464,C++,C++14 (GCC 5.4.1),cpp,Accepted,1.0,256.0,1352,
s638235809,p02781,u595084562,1588185932,C++,C++14 (GCC 5.4.1),cpp,Accepted,65.0,256.0,892,
s026680354,p02781,u377907412,1588175419,C++,C++14 (GCC 5.4.1),cpp,Accepted,1.0,256.0,1087,
s268784776,p02781,u543584809,1588171699,C++,C++14 (GCC 5.4.1),cpp,Accepted,3.0,896.0,570,
s607859409,p02781,u000022466,1588171132,C++,C++14 (GCC 5.4.1),cpp,Accepted,1.0,256.0,1639,
s990835582,p02781,u568576853,1588169629,Python,Python (3.4.3),py,Accepted,21.0,3064.0,302,
s860845608,p02781,u387774811,1588164294,Python,Python (3.4.3),py,Accepted,33.0,3440.0,614,
s297990433,p02781,u023958502,1588129698,C++,C++14 (GCC 5.4.1),cpp,Accepted,1.0,256.0,983,
s981083903,p02781,u023958502,1588129139,C++,C++14 (GCC 5.4.1),cpp,Accepted,1.0,256.0,1211,
s329393355,p02781,u812973725,1588113344,C++,C++14 (GCC 5.4.1),cpp,Accepted,1.0,256.0,1865,
s839109107,p02781,u812973725,1588111877,C++,C++14 (GCC 5.4.1),cpp,Accepted,2.0,256.0,1843,
s290371737,p02781,u666957484,1588109301,C++,C++14 (GCC 5.4.1),cpp,Accepted,1.0,384.0,2109,
s532276160,p02781,u279033107,1588101185,C++,C++14 (GCC 5.4.1),cpp,Accepted,1.0,256.0,1866,
s547324643,p02781,u993074316,1588099064,C++,C++14 (GCC 5.4.1),cpp,Accepted,1.0,256.0,2134,
s493861158,p02781,u426397594,1588097474,C++,C++14 (GCC 5.4.1),cpp,Accepted,1.0,256.0,2351,
s811287718,p02781,u211706121,1588088871,Python,Python (3.4.3),py,Accepted,18.0,3064.0,220,
s921131831,p02781,u211706121,1588088801,Python,PyPy3 (2.4.0),py,Accepted,167.0,38384.0,219,
s968710242,p02781,u188195894,1588075234,C++,C++14 (GCC 5.4.1),cpp,Accepted,1.0,256.0,1399,
s331560308,p02781,u441250130,1588023862,C++,C++14 (GCC 5.4.1),cpp,Accepted,1.0,256.0,1095,
s846361868,p02781,u618604643,1588021309,C++,C++14 (GCC 5.4.1),cpp,Accepted,1.0,256.0,1977,
s818654764,p02781,u113971909,1588018266,Python,Python (3.4.3),py,Accepted,20.0,3064.0,1092,
s558089759,p02781,u385244248,1588014453,C++,C++14 (GCC 5.4.1),cpp,Accepted,1.0,256.0,1974,
s657754249,p02781,u068713120,1588011473,C++,C++14 (GCC 5.4.1),cpp,Accepted,1.0,256.0,1026,
s966731911,p02781,u113971909,1587992122,Python,Python (3.4.3),py,Accepted,18.0,3064.0,1403,
s683829455,p02781,u561231954,1587991881,Python,Python (3.4.3),py,Accepted,21.0,3316.0,765,
s534252151,p02781,u350836088,1587925478,C++,C++14 (GCC 5.4.1),cpp,Accepted,1.0,256.0,1001,
s731408449,p02781,u719183848,1587916631,C++,C++14 (GCC 5.4.1),cpp,Accepted,2.0,384.0,1048,
s457867178,p02781,u071019032,1587913668,C++,C++14 (GCC 5.4.1),cpp,Accepted,1.0,256.0,1350,
s153941129,p02781,u896014917,1587911410,C++,C++14 (GCC 5.4.1),cpp,Accepted,1.0,512.0,2598,
s558461788,p02781,u617228707,1587892185,C++,C++14 (GCC 5.4.1),cpp,Accepted,2.0,384.0,1252,
s690237742,p02781,u883323885,1587852536,C++,C++14 (GCC 5.4.1),cpp,Accepted,1.0,256.0,886,
s492485883,p02781,u883323885,1587851425,C++,C++14 (GCC 5.4.1),cpp,Accepted,1.0,256.0,1223,
s843472646,p02781,u038569501,1587850943,C++,C++14 (GCC 5.4.1),cpp,Accepted,1.0,256.0,1015,
s276696608,p02781,u413165887,1587849975,Python,Python (3.4.3),py,Accepted,17.0,3064.0,472,
s204293260,p02781,u353919145,1587845848,C++,C++14 (GCC 5.4.1),cpp,Accepted,1.0,256.0,1652,
s941683964,p02781,u268977772,1587845068,C++,C++14 (GCC 5.4.1),cpp,Accepted,1.0,256.0,969,
s788644179,p02781,u677149117,1587841930,C++,C++14 (GCC 5.4.1),cpp,Accepted,1.0,256.0,1840,
s980059226,p02781,u342075214,1587836678,C++,C++14 (GCC 5.4.1),cpp,Accepted,1.0,256.0,860,
s875541293,p02781,u934469795,1587830008,C++,C++14 (GCC 5.4.1),cpp,Accepted,1.0,256.0,524,
s003722619,p02781,u875541136,1587828285,Python,Python (3.4.3),py,Accepted,19.0,3064.0,549,
s206395574,p02781,u875541136,1587827686,Python,Python (3.4.3),py,Accepted,18.0,3064.0,545,
s436845707,p02781,u231458241,1587811900,C++,C++14 (GCC 5.4.1),cpp,Accepted,1.0,256.0,1081,
s355016139,p02781,u987594251,1587809151,C++,C++14 (GCC 5.4.1),cpp,Accepted,1.0,256.0,3462,
s085590212,p02781,u929156598,1587784878,C++,C++14 (GCC 5.4.1),cpp,Accepted,1.0,384.0,941,
s766290637,p02781,u246401216,1587768332,C++,C++14 (GCC 5.4.1),cpp,Accepted,2.0,256.0,844,
s671435829,p02781,u062736195,1587753853,C++,C++14 (GCC 5.4.1),cpp,Accepted,1.0,256.0,1023,
s933508480,p02781,u062736195,1587753585,C++,C++14 (GCC 5.4.1),cpp,Accepted,1.0,256.0,1096,
s061835232,p02781,u149925261,1587746828,C++,C++14 (GCC 5.4.1),cpp,Accepted,3.0,384.0,730,
s932541499,p02781,u265359795,1587735317,C++,C++14 (GCC 5.4.1),cpp,Accepted,2.0,384.0,625,
s702195693,p02781,u381717330,1587675879,C++,C++14 (GCC 5.4.1),cpp,Accepted,1.0,384.0,926,
s707343230,p02781,u010004797,1587633561,C++,C++14 (GCC 5.4.1),cpp,Accepted,1.0,256.0,1864,
s082358366,p02781,u123756661,1587594731,Python,PyPy3 (2.4.0),py,Accepted,174.0,38384.0,512,
s466647466,p02781,u332906195,1587511971,Python,Python (3.4.3),py,Accepted,20.0,3064.0,486,
s380433601,p02781,u564182781,1587504375,C++,C++14 (GCC 5.4.1),cpp,Accepted,2.0,512.0,3840,
s024070960,p02781,u702686470,1587502268,C++,C++14 (GCC 5.4.1),cpp,Accepted,2.0,384.0,522,
s373836038,p02781,u538361257,1587500422,Python,Python (3.4.3),py,Accepted,18.0,3192.0,2145,
s134972352,p02781,u031448582,1587500360,C++,C++14 (GCC 5.4.1),cpp,Accepted,1.0,256.0,1824,
s952996734,p02781,u708019102,1587493640,Python,Python (3.4.3),py,Accepted,18.0,3188.0,1103,
s844576515,p02781,u681869152,1587490216,C++,C++14 (GCC 5.4.1),cpp,Accepted,1.0,256.0,2068,
s851721894,p02781,u026867297,1587472091,C++,C++14 (GCC 5.4.1),cpp,Accepted,1.0,256.0,1087,
s407665785,p02781,u648138491,1587421924,C++,C++14 (GCC 5.4.1),cpp,Accepted,1.0,128.0,3192,
s776510953,p02781,u229842440,1587415946,C++,C++14 (GCC 5.4.1),cpp,Accepted,1439.0,256.0,2005,
s203665954,p02781,u386131832,1587396096,C++,C++14 (GCC 5.4.1),cpp,Accepted,1.0,256.0,980,
s248068086,p02781,u386131832,1587396059,C++,C++14 (GCC 5.4.1),cpp,Accepted,1.0,256.0,978,
s690970556,p02781,u177143886,1587390633,C++,C++14 (GCC 5.4.1),cpp,Accepted,1.0,256.0,5102,
s260642788,p02781,u134381136,1587386557,C++,C++14 (GCC 5.4.1),cpp,Accepted,1.0,256.0,1262,
s224537602,p02781,u232429509,1587378032,C++,C++14 (GCC 5.4.1),cpp,Accepted,1.0,256.0,2948,
s251723265,p02781,u106778233,1587375418,Python,Python (3.4.3),py,Accepted,18.0,3064.0,533,
s372617606,p02781,u648212584,1587320830,Python,PyPy3 (2.4.0),py,Accepted,184.0,38384.0,789,
s477603381,p02781,u802905102,1587320621,C++,C++14 (GCC 5.4.1),cpp,Accepted,1.0,256.0,1104,
s234265537,p02781,u943004959,1587319111,C++,C++14 (GCC 5.4.1),cpp,Accepted,1.0,256.0,1444,
s056895390,p02781,u127285813,1587305487,C++,C++14 (Clang 3.8.0),cpp,Accepted,6.0,888.0,1321,
s571468743,p02781,u670815700,1587300164,C++,C++14 (GCC 5.4.1),cpp,Accepted,1.0,256.0,1028,
s244343190,p02781,u075296067,1587295152,C++,C++14 (GCC 5.4.1),cpp,Accepted,1.0,256.0,919,
s746983741,p02781,u034865202,1587287189,C++,C++14 (GCC 5.4.1),cpp,Accepted,1.0,256.0,6061,
s126722170,p02781,u314917898,1587278462,C++,C++14 (GCC 5.4.1),cpp,Accepted,1.0,256.0,673,
s727495876,p02781,u480264129,1587248224,Python,Python (3.4.3),py,Accepted,19.0,3064.0,592,
s001709204,p02781,u837070143,1587245019,C++,C++14 (GCC 5.4.1),cpp,Accepted,3.0,512.0,961,
s824618907,p02781,u697090185,1587238243,C++,C++14 (GCC 5.4.1),cpp,Accepted,1.0,256.0,1280,
s118441548,p02781,u125545880,1587231591,Python,Python (3.4.3),py,Accepted,18.0,3064.0,804,
s407978188,p02781,u124676202,1587230066,C++,C++14 (GCC 5.4.1),cpp,Accepted,1.0,384.0,938,
s967845575,p02781,u124676202,1587229709,C++,C++14 (GCC 5.4.1),cpp,Accepted,1.0,384.0,1016,
s503909230,p02781,u507850687,1587227173,C++,C++14 (GCC 5.4.1),cpp,Accepted,1.0,256.0,932,
s636667189,p02781,u871352270,1587222660,Python,PyPy3 (2.4.0),py,Accepted,184.0,38768.0,646,
s228827236,p02781,u350248178,1587219863,Python,Python (3.4.3),py,Accepted,21.0,3064.0,716,
s457869833,p02781,u395287054,1587213278,C++,C++14 (GCC 5.4.1),cpp,Accepted,8.0,764.0,2420,
s342526929,p02781,u596505843,1587208824,Python,PyPy3 (2.4.0),py,Accepted,203.0,40944.0,603,
s198186810,p02781,u345304575,1587205633,C++,C++14 (GCC 5.4.1),cpp,Accepted,1.0,256.0,1249,
s747936967,p02781,u564902833,1587205158,C++,C++14 (GCC 5.4.1),cpp,Accepted,3.0,384.0,5995,
s630776052,p02781,u587366956,1587201939,C++,C++14 (GCC 5.4.1),cpp,Accepted,1.0,256.0,1314,
s178744156,p02781,u768204022,1587200287,C++,C++14 (GCC 5.4.1),cpp,Accepted,1.0,256.0,2190,
s300150967,p02781,u433195318,1587195575,C++,C++14 (GCC 5.4.1),cpp,Accepted,1.0,256.0,3485,
s490832229,p02781,u734834944,1587188173,C++,C++14 (GCC 5.4.1),cpp,Accepted,1.0,256.0,1878,
s655323201,p02781,u197955752,1587161823,Python,Python (3.4.3),py,Accepted,19.0,3064.0,1125,
s521551995,p02781,u318785595,1587161609,C++,C++14 (GCC 5.4.1),cpp,Accepted,24.0,12160.0,2059,
s232916813,p02781,u855677173,1587160723,C++,C++14 (GCC 5.4.1),cpp,Accepted,1638.0,384.0,451,
s002543077,p02781,u448570453,1587145496,C++,C++14 (GCC 5.4.1),cpp,Accepted,1.0,256.0,1456,
s707249476,p02781,u609981535,1587129171,C++,C++14 (GCC 5.4.1),cpp,Accepted,1.0,256.0,1415,
s134479506,p02781,u050982791,1587127695,C++,C++14 (GCC 5.4.1),cpp,Accepted,1.0,256.0,2494,
s068442399,p02781,u018679195,1587111494,C++,C++14 (GCC 5.4.1),cpp,Accepted,1.0,256.0,2579,
s054612888,p02781,u233887310,1587097974,C++,C++14 (GCC 5.4.1),cpp,Accepted,1.0,256.0,1759,
s693371424,p02781,u644972721,1587083253,Python,Python (3.4.3),py,Accepted,153.0,3428.0,577,
s413692785,p02781,u798205232,1587070864,C++,C++14 (GCC 5.4.1),cpp,Accepted,1.0,256.0,895,
s533583744,p02781,u190405389,1587066529,Python,PyPy3 (2.4.0),py,Accepted,169.0,38384.0,754,
s205135479,p02781,u190405389,1587065876,Python,PyPy3 (2.4.0),py,Accepted,164.0,38384.0,980,
s231327323,p02781,u227412361,1587049676,C++,C++14 (GCC 5.4.1),cpp,Accepted,1.0,384.0,1206,
s550261175,p02781,u239409893,1587042203,C++,C++14 (GCC 5.4.1),cpp,Accepted,1.0,256.0,1050,
s819020310,p02781,u454557108,1587030167,Python,Python (3.4.3),py,Accepted,107.0,4332.0,909,
s501124462,p02781,u675509234,1586994946,C++,C++14 (GCC 5.4.1),cpp,Accepted,1.0,256.0,1025,
s427151037,p02781,u543584809,1586992945,C++,C++14 (GCC 5.4.1),cpp,Accepted,3.0,896.0,574,
s827578727,p02781,u595893956,1586967376,C++,C++14 (GCC 5.4.1),cpp,Accepted,1.0,256.0,1497,
s771767174,p02781,u940139461,1586960366,Python,PyPy3 (2.4.0),py,Accepted,190.0,40816.0,541,
s180045899,p02781,u388927326,1586939575,Python,Python (3.4.3),py,Accepted,17.0,3064.0,605,
s468743276,p02781,u388927326,1586939275,Python,Python (3.4.3),py,Accepted,25.0,3440.0,790,
s049795722,p02781,u099549512,1586925112,C++,C++14 (GCC 5.4.1),cpp,Accepted,1.0,384.0,2133,
s454994657,p02781,u767543103,1586915886,C++,C++14 (GCC 5.4.1),cpp,Accepted,1.0,256.0,22021,
s346056317,p02781,u940297437,1586907309,C++,C++14 (GCC 5.4.1),cpp,Accepted,1.0,256.0,936,
s884978634,p02781,u450832845,1586898821,C++,C++14 (GCC 5.4.1),cpp,Accepted,1.0,256.0,2702,
s732591133,p02781,u314050667,1586897715,Python,Python (3.4.3),py,Accepted,18.0,3064.0,631,
s800113847,p02781,u314050667,1586887001,Python,Python (3.4.3),py,Accepted,149.0,12484.0,938,
s489545339,p02781,u966257731,1586882099,C++,C++14 (GCC 5.4.1),cpp,Accepted,39.0,256.0,697,
s833910444,p02781,u070201429,1586857255,Python,Python (3.4.3),py,Accepted,18.0,3188.0,1075,
s962361742,p02781,u811202694,1586856157,Python,Python (3.4.3),py,Accepted,18.0,3064.0,621,
s372742831,p02781,u811202694,1586854793,Python,Python (3.4.3),py,Accepted,18.0,3064.0,526,
s205451150,p02781,u694731294,1586826839,C++,C++14 (GCC 5.4.1),cpp,Accepted,1.0,256.0,1317,
s807474133,p02781,u997641430,1586821989,Python,Python (3.4.3),py,Accepted,430.0,3060.0,283,
s899314813,p02781,u021548497,1586811421,Python,PyPy3 (2.4.0),py,Accepted,183.0,38384.0,1839,
s522919913,p02781,u930705402,1586810960,Python,Python (3.4.3),py,Accepted,21.0,3064.0,525,
s913049476,p02781,u416773418,1586810713,C++,C++14 (GCC 5.4.1),cpp,Accepted,1.0,256.0,1529,
s154652831,p02781,u368249389,1586803224,Python,Python (3.4.3),py,Accepted,21.0,3064.0,815,
s782610566,p02781,u119148115,1586791382,Python,Python (3.4.3),py,Accepted,17.0,3188.0,604,
s976280443,p02781,u891847179,1586786407,C++,C++14 (GCC 5.4.1),cpp,Accepted,1.0,256.0,4779,
s107460295,p02781,u703442202,1586784858,Python,Python (3.4.3),py,Accepted,23.0,3064.0,1106,
s827364419,p02781,u703442202,1586783817,Python,Python (3.4.3),py,Accepted,216.0,3436.0,821,
s342954865,p02781,u415916075,1586777632,C++,C++14 (GCC 5.4.1),cpp,Accepted,1.0,256.0,819,
s142071863,p02781,u096616343,1586771138,C++,C++14 (GCC 5.4.1),cpp,Accepted,1.0,256.0,1017,
s117004997,p02781,u216772548,1586718349,C++,C++14 (GCC 5.4.1),cpp,Accepted,1.0,256.0,1079,
s141141954,p02781,u160429264,1586714965,C++,C++14 (GCC 5.4.1),cpp,Accepted,1.0,256.0,1783,
s968377401,p02781,u841623074,1586710958,C++,C++14 (GCC 5.4.1),cpp,Accepted,1.0,256.0,871,
s599862715,p02781,u534998883,1586710560,C++,C++14 (GCC 5.4.1),cpp,Accepted,1.0,256.0,1379,
s805115706,p02781,u761320129,1586709876,Python,Python (3.4.3),py,Accepted,21.0,3064.0,418,
s793937430,p02781,u225388820,1586708205,Python,Python (3.4.3),py,Accepted,21.0,3064.0,501,
s036174053,p02781,u427344224,1586705685,C++,C++14 (GCC 5.4.1),cpp,Accepted,1.0,384.0,2048,
s130358145,p02781,u740626584,1586705337,C++,C++14 (GCC 5.4.1),cpp,Accepted,1.0,384.0,811,
s744869779,p02781,u055303078,1586702513,C++,C++14 (GCC 5.4.1),cpp,Accepted,1.0,384.0,1367,
s851076842,p02781,u600402037,1586697659,Python,Python (3.4.3),py,Accepted,26.0,3940.0,586,
s174645094,p02781,u691018832,1586692231,Python,Python (3.4.3),py,Accepted,267.0,3812.0,548,
s884339189,p02781,u600402037,1586691526,Python,Python (3.4.3),py,Accepted,18.0,3192.0,698,
s426431313,p02781,u730271001,1586677904,C++,C++14 (GCC 5.4.1),cpp,Accepted,1.0,256.0,1032,
s233033151,p02781,u882620594,1586674868,C++,C++14 (GCC 5.4.1),cpp,Accepted,1.0,384.0,1078,
s796877869,p02781,u236990712,1586654138,C++,C++14 (GCC 5.4.1),cpp,Accepted,1.0,256.0,2059,
s034684648,p02781,u291278680,1586649000,Python,PyPy3 (2.4.0),py,Accepted,170.0,38412.0,1526,
s151523965,p02781,u724392439,1586648743,C++,C++14 (GCC 5.4.1),cpp,Accepted,1.0,256.0,1041,
s818460513,p02781,u802071009,1586636686,C++,C++14 (GCC 5.4.1),cpp,Accepted,1.0,256.0,2747,
s198420026,p02781,u948237048,1586628906,C++,C++14 (GCC 5.4.1),cpp,Accepted,1.0,256.0,773,
s194037968,p02781,u706695185,1586626890,C++,C++14 (GCC 5.4.1),cpp,Accepted,1.0,256.0,1164,
s832369596,p02781,u706695185,1586625119,C++,C++14 (GCC 5.4.1),cpp,Accepted,2.0,384.0,1329,
s969895421,p02781,u696486967,1586624811,C++,C++14 (GCC 5.4.1),cpp,Accepted,1.0,256.0,1101,
s884320906,p02781,u432180831,1586610404,C++,C++14 (GCC 5.4.1),cpp,Accepted,1.0,256.0,1434,
s406214275,p02781,u550294762,1586602880,Python,PyPy3 (2.4.0),py,Accepted,206.0,40816.0,861,
s836936456,p02781,u225053756,1586602195,C++,C++14 (GCC 5.4.1),cpp,Accepted,1.0,256.0,2175,
s878050383,p02781,u455266724,1586552755,C++,C++14 (GCC 5.4.1),cpp,Accepted,1.0,256.0,1549,
s348744431,p02781,u555962250,1586546827,C++,C++14 (GCC 5.4.1),cpp,Accepted,1.0,256.0,1015,
s151411574,p02781,u798445123,1586543991,Python,Python (3.4.3),py,Accepted,27.0,3940.0,488,
s025247818,p02781,u744305661,1586537781,C++,C++14 (GCC 5.4.1),cpp,Accepted,1.0,256.0,997,
s682694842,p02781,u929582923,1586535805,C++,C++14 (GCC 5.4.1),cpp,Accepted,1.0,256.0,1616,
s043937326,p02781,u242031676,1586535262,C++,C++14 (GCC 5.4.1),cpp,Accepted,1.0,256.0,640,
s618573361,p02781,u489959379,1586534377,Python,Python (3.4.3),py,Accepted,20.0,3064.0,850,
s092173902,p02781,u265154666,1586531031,Python,PyPy3 (2.4.0),py,Accepted,199.0,40816.0,942,
s538144314,p02781,u009414205,1586530671,C++,C++14 (GCC 5.4.1),cpp,Accepted,1.0,256.0,1091,
s959551492,p02781,u317715099,1586514324,C++,C++14 (GCC 5.4.1),cpp,Accepted,1.0,256.0,1829,
s702625831,p02781,u607594286,1586513529,C++,C++14 (GCC 5.4.1),cpp,Accepted,1.0,256.0,1150,
s687439273,p02781,u617826263,1586512604,C++,C++14 (GCC 5.4.1),cpp,Accepted,1.0,256.0,1225,
s942342538,p02781,u426143712,1586508165,C++,C++14 (GCC 5.4.1),cpp,Accepted,1.0,256.0,975,
s858982334,p02781,u596311864,1586505798,C++,C++14 (GCC 5.4.1),cpp,Accepted,1.0,256.0,718,
s936380220,p02781,u069838609,1586505347,C++,C++14 (GCC 5.4.1),cpp,Accepted,1.0,256.0,4210,
s885394905,p02781,u614128939,1586503920,C++,C++14 (GCC 5.4.1),cpp,Accepted,1.0,256.0,1152,
s752669069,p02781,u317754719,1586503883,C++,C++14 (GCC 5.4.1),cpp,Accepted,1.0,256.0,1180,
s392629806,p02781,u782733831,1586503648,C++,C++14 (GCC 5.4.1),cpp,Accepted,1.0,384.0,2519,
s666091097,p02781,u818349438,1586502410,C++,C++14 (GCC 5.4.1),cpp,Accepted,1.0,384.0,636,
s002657537,p02781,u571173211,1586500952,C++,C++14 (GCC 5.4.1),cpp,Accepted,1.0,256.0,1994,
s831883384,p02781,u572665222,1586500834,C++,C++14 (GCC 5.4.1),cpp,Accepted,1.0,256.0,1520,
s332818653,p02781,u018872912,1586500457,C++,C++14 (GCC 5.4.1),cpp,Accepted,2.0,2304.0,4213,
s843489735,p02781,u471069244,1586500337,C++,C++14 (GCC 5.4.1),cpp,Accepted,1.0,256.0,703,
s813948290,p02781,u268793453,1586500327,C++,C++14 (GCC 5.4.1),cpp,Accepted,1.0,256.0,717,
s627076117,p02781,u365512540,1586500207,C++,C++14 (GCC 5.4.1),cpp,Accepted,3.0,256.0,2420,
s201643609,p02781,u071019032,1586500152,C++,C++14 (GCC 5.4.1),cpp,Accepted,529.0,256.0,1742,
s129000971,p02781,u852690916,1586499993,Python,PyPy3 (2.4.0),py,Accepted,196.0,41200.0,745,
s989886813,p02781,u832039789,1586499937,C++,C++14 (GCC 5.4.1),cpp,Accepted,1.0,384.0,8349,
s099886008,p02781,u264265458,1586499906,C++,C++14 (GCC 5.4.1),cpp,Accepted,1.0,512.0,3778,
s053472323,p02781,u617380180,1586499831,C++,C++14 (GCC 5.4.1),cpp,Accepted,1.0,256.0,1928,
s540277534,p02781,u392319141,1586499755,Python,Python (3.4.3),py,Accepted,49.0,4828.0,568,
s812544454,p02781,u221285045,1586499600,C++,C++14 (GCC 5.4.1),cpp,Accepted,1.0,256.0,3744,
s985636124,p02781,u432688695,1586499380,C++,C++14 (GCC 5.4.1),cpp,Accepted,1.0,640.0,4797,
s298133631,p02781,u878615689,1586499161,C++,C++14 (GCC 5.4.1),cpp,Accepted,1.0,256.0,2081,
s176652604,p02781,u693953100,1586498952,C++,C++14 (GCC 5.4.1),cpp,Accepted,1.0,256.0,1185,
s840207255,p02781,u186838327,1586498807,Python,PyPy3 (2.4.0),py,Accepted,198.0,42416.0,697,
s022331556,p02781,u134519179,1586498779,C++,C++14 (GCC 5.4.1),cpp,Accepted,1.0,256.0,1048,
s620681122,p02781,u608088992,1586498655,Python,Python (3.4.3),py,Accepted,18.0,3064.0,769,
s655723734,p02781,u312025627,1586498535,Python,PyPy3 (2.4.0),py,Accepted,190.0,40048.0,516,
s507865928,p02781,u828388155,1586498357,C++,C++14 (GCC 5.4.1),cpp,Accepted,2.0,384.0,1735,
s129920219,p02781,u535236942,1586488851,Python,Python (3.4.3),py,Accepted,17.0,3064.0,633,
s396742542,p02781,u367694521,1586484785,C++,C++14 (GCC 5.4.1),cpp,Accepted,1.0,256.0,650,
s175346130,p02781,u367694521,1586477115,C++,C++14 (GCC 5.4.1),cpp,Accepted,1.0,256.0,729,
s401192276,p02781,u419656129,1586477056,C++,C++14 (GCC 5.4.1),cpp,Accepted,143.0,256.0,3263,
s092250984,p02781,u568576853,1586469948,Python,Python (3.4.3),py,Accepted,17.0,3064.0,440,
s842862878,p02781,u058333722,1586468361,C++,C++14 (GCC 5.4.1),cpp,Accepted,1.0,256.0,520,
s562209691,p02781,u440920318,1586440166,C++,C++14 (GCC 5.4.1),cpp,Accepted,1.0,128.0,810,
s885079810,p02781,u626618167,1586429572,C++,C++14 (GCC 5.4.1),cpp,Accepted,1.0,384.0,908,
s116098265,p02781,u103850114,1586418838,C++,C++14 (GCC 5.4.1),cpp,Accepted,1.0,256.0,1870,
s167349341,p02781,u235057691,1586387146,C++,C++14 (GCC 5.4.1),cpp,Accepted,13.0,256.0,774,
s347174404,p02781,u122694091,1586374820,C++,C++14 (GCC 5.4.1),cpp,Accepted,1.0,256.0,1471,
s009823103,p02781,u224168474,1586364480,C++,C++14 (GCC 5.4.1),cpp,Accepted,1.0,256.0,1240,
s365161089,p02781,u537859408,1586289900,C++,C++14 (GCC 5.4.1),cpp,Accepted,4.0,256.0,841,
s089475955,p02781,u375616706,1586289650,Python,Python (3.4.3),py,Accepted,22.0,3064.0,1445,
s788507775,p02781,u375616706,1586287603,Python,Python (3.4.3),py,Accepted,22.0,3064.0,945,
s763576531,p02781,u075595666,1586283762,Python,PyPy3 (2.4.0),py,Accepted,173.0,38384.0,529,
s310063765,p02781,u294638337,1586271721,C++,C++14 (GCC 5.4.1),cpp,Accepted,1.0,256.0,1009,
s792282314,p02781,u401487574,1586269827,Python,Python (3.4.3),py,Accepted,18.0,3064.0,731,
s746487775,p02781,u465317453,1586259969,C++,C++14 (GCC 5.4.1),cpp,Accepted,1.0,256.0,2660,
s353363285,p02781,u989749249,1586249695,C++,C++14 (GCC 5.4.1),cpp,Accepted,1.0,256.0,850,
s002772817,p02781,u413131758,1586242440,C++,C++14 (GCC 5.4.1),cpp,Accepted,1.0,256.0,671,
s186593673,p02781,u907194047,1586228099,C++,C++14 (GCC 5.4.1),cpp,Accepted,67.0,256.0,2281,
s723317291,p02781,u257192613,1586218395,C++,C++14 (GCC 5.4.1),cpp,Accepted,1.0,256.0,2325,
s327318608,p02781,u852158538,1586212382,C++,C++14 (GCC 5.4.1),cpp,Accepted,1.0,256.0,1619,
s662818478,p02781,u482544950,1586211932,C++,C++14 (GCC 5.4.1),cpp,Accepted,1.0,384.0,907,
s457155397,p02781,u562319622,1586199994,C++,C++14 (GCC 5.4.1),cpp,Accepted,1.0,256.0,639,
s645219295,p02781,u849073847,1586121075,C++,C++14 (GCC 5.4.1),cpp,Accepted,1.0,256.0,1125,
s484314962,p02781,u017810624,1586119827,Python,PyPy3 (2.4.0),py,Accepted,172.0,38384.0,992,
s273111568,p02781,u181783949,1586115251,C++,C++14 (GCC 5.4.1),cpp,Accepted,1.0,256.0,758,
s411763304,p02781,u949798495,1586111923,C++,C++14 (GCC 5.4.1),cpp,Accepted,1.0,256.0,8192,
s154704892,p02781,u076566148,1586109094,C++,C++14 (GCC 5.4.1),cpp,Accepted,1.0,256.0,1489,
s097211905,p02781,u454670021,1586106289,Python,Python (3.4.3),py,Accepted,18.0,3064.0,660,
s800758734,p02781,u454670021,1586100784,Python,Python (3.4.3),py,Accepted,29.0,3940.0,616,
s178531784,p02781,u592290074,1586090879,C++,C++14 (GCC 5.4.1),cpp,Accepted,1.0,256.0,2145,
s940953358,p02781,u532966492,1586084302,Python,Python (3.4.3),py,Accepted,18.0,3064.0,669,
s377544228,p02781,u503228842,1586069412,Python,Python (3.4.3),py,Accepted,23.0,3064.0,957,
s738678058,p02781,u471069244,1586054792,C++,C++14 (GCC 5.4.1),cpp,Accepted,1.0,256.0,579,
s555616416,p02781,u471069244,1586053067,C++,C++14 (GCC 5.4.1),cpp,Accepted,1.0,256.0,579,
s532771367,p02781,u030992242,1586023300,C++,C++14 (GCC 5.4.1),cpp,Accepted,1.0,256.0,1221,
s296085569,p02781,u893584578,1586022190,C++,C++14 (GCC 5.4.1),cpp,Accepted,2.0,896.0,1230,
s501059117,p02781,u412164358,1586021820,C++,C++14 (GCC 5.4.1),cpp,Accepted,1.0,256.0,19310,
s219627267,p02781,u812973725,1586012647,C++,C++14 (GCC 5.4.1),cpp,Accepted,1.0,256.0,1634,
s426248432,p02781,u812973725,1586011551,C++,C++14 (GCC 5.4.1),cpp,Accepted,1.0,256.0,1535,
s330413996,p02781,u103850114,1586009794,C++,C++14 (GCC 5.4.1),cpp,Accepted,1.0,256.0,1811,
s396657237,p02781,u103850114,1586009761,C++,C++14 (GCC 5.4.1),cpp,Accepted,1.0,256.0,1811,
s867381201,p02781,u812973725,1586009170,C++,C++14 (GCC 5.4.1),cpp,Accepted,1.0,384.0,1893,
s480912673,p02781,u970872504,1586001704,C++,C++14 (GCC 5.4.1),cpp,Accepted,32.0,256.0,1405,
s826569908,p02781,u820225607,1585988889,C++,C++14 (GCC 5.4.1),cpp,Accepted,1.0,256.0,628,
s267396693,p02781,u820225607,1585988050,C++,C++14 (GCC 5.4.1),cpp,Accepted,1.0,256.0,628,
s207167365,p02781,u480821607,1585983092,C++,C++14 (GCC 5.4.1),cpp,Accepted,1.0,256.0,1001,
s978336997,p02781,u816631826,1585979330,C++,C++14 (GCC 5.4.1),cpp,Accepted,1.0,256.0,2144,
s338052090,p02781,u215847113,1585944900,C++,C++14 (GCC 5.4.1),cpp,Accepted,2.0,1024.0,571,
s140270420,p02781,u999669186,1585941708,C++,C++14 (GCC 5.4.1),cpp,Accepted,40.0,256.0,1817,
s784239299,p02781,u999669186,1585941357,C++,C++14 (GCC 5.4.1),cpp,Accepted,38.0,256.0,2128,
s581978763,p02781,u630452895,1585937124,C++,C++14 (GCC 5.4.1),cpp,Accepted,2.0,1408.0,5105,
s590978973,p02781,u789199225,1585928990,C++,C++14 (GCC 5.4.1),cpp,Accepted,1.0,256.0,833,
s064947218,p02781,u239409893,1585885369,C++,C++14 (GCC 5.4.1),cpp,Accepted,1.0,256.0,987,
s391283508,p02781,u946996108,1585882996,Python,Python (3.4.3),py,Accepted,21.0,3444.0,3582,
s910531730,p02781,u149752754,1585864830,Python,PyPy3 (2.4.0),py,Accepted,173.0,38384.0,660,
s035924966,p02781,u900727536,1585849343,C++,C++14 (GCC 5.4.1),cpp,Accepted,50.0,256.0,16146,
s130171675,p02781,u688362339,1585834960,C++,C++14 (GCC 5.4.1),cpp,Accepted,1.0,256.0,3757,
s011505235,p02781,u194447791,1585797796,C++,C++14 (GCC 5.4.1),cpp,Accepted,1.0,256.0,6100,
s703620713,p02781,u930706982,1585788049,C++,C++14 (GCC 5.4.1),cpp,Accepted,2.0,1024.0,1416,
s695015371,p02781,u318334550,1585780253,C++,C++14 (GCC 5.4.1),cpp,Accepted,12.0,6400.0,1303,
s984772428,p02781,u649310245,1585774337,C++,C++14 (GCC 5.4.1),cpp,Accepted,2.0,384.0,4950,
s370477268,p02781,u772304668,1585773854,C++,C++14 (GCC 5.4.1),cpp,Accepted,1.0,256.0,1380,
s348331625,p02781,u462434199,1585772365,C++,C++14 (GCC 5.4.1),cpp,Accepted,1.0,256.0,1216,
s190917431,p02781,u110383054,1585769777,C++,C++14 (GCC 5.4.1),cpp,Accepted,1.0,256.0,922,
s500554852,p02781,u095266283,1585764065,C++,C++14 (GCC 5.4.1),cpp,Accepted,1.0,256.0,2579,
s703374709,p02781,u154898295,1585757292,C++,C++14 (GCC 5.4.1),cpp,Accepted,1.0,256.0,551,
s574493261,p02781,u104057163,1585747483,C++,C++14 (GCC 5.4.1),cpp,Accepted,1.0,256.0,4919,
s551843590,p02781,u176979814,1585744822,C++,C++14 (GCC 5.4.1),cpp,Accepted,1.0,256.0,554,
s945242202,p02781,u918601425,1585735586,Python,Python (3.4.3),py,Accepted,19.0,3188.0,710,
s484274988,p02781,u673361376,1585699555,Python,PyPy3 (2.4.0),py,Accepted,193.0,41200.0,670,
s376993598,p02781,u131946248,1585689720,C++,C++14 (GCC 5.4.1),cpp,Accepted,1.0,256.0,1632,
s230633575,p02781,u873927631,1585678110,Python,Python (3.4.3),py,Accepted,18.0,3064.0,1695,
s984939161,p02781,u506846578,1585672626,C++,C++14 (GCC 5.4.1),cpp,Accepted,1.0,256.0,924,
s529048509,p02781,u130020973,1585667489,C++,C++14 (GCC 5.4.1),cpp,Accepted,1.0,256.0,827,
s617950169,p02781,u815883009,1585666424,C++,C++14 (GCC 5.4.1),cpp,Accepted,1.0,256.0,1922,
s107192238,p02781,u687600654,1585664893,C++,C++14 (GCC 5.4.1),cpp,Accepted,1.0,256.0,750,
s525076474,p02781,u687600654,1585664840,C++,C++14 (GCC 5.4.1),cpp,Accepted,1.0,256.0,980,
s298485274,p02781,u188601253,1585658485,C++,C++14 (GCC 5.4.1),cpp,Accepted,1.0,384.0,1543,
s883954397,p02781,u789199225,1585651912,C++,C++14 (GCC 5.4.1),cpp,Accepted,1.0,256.0,1013,
s815056247,p02781,u459402168,1585648442,C++,C++14 (GCC 5.4.1),cpp,Accepted,1.0,256.0,1963,
s114206436,p02781,u264265458,1585648313,C++,C++14 (GCC 5.4.1),cpp,Accepted,1.0,512.0,3786,
s607375300,p02781,u789199225,1585643865,C++,C++14 (GCC 5.4.1),cpp,Accepted,1.0,256.0,1238,
s048998671,p02781,u210440747,1585639478,Python,Python (3.4.3),py,Accepted,19.0,3064.0,722,
s011649489,p02781,u317918118,1585636675,C++,C++14 (GCC 5.4.1),cpp,Accepted,1.0,256.0,898,
s853643184,p02781,u358726523,1585617094,C++,C++14 (GCC 5.4.1),cpp,Accepted,1.0,256.0,1222,
s187886357,p02781,u084218424,1585594293,C++,C++14 (GCC 5.4.1),cpp,Accepted,1.0,256.0,1691,
s793794312,p02781,u816631826,1585588954,C++,C++14 (Clang 3.8.0),cpp,Accepted,1.0,256.0,1433,
s271078327,p02781,u236433947,1585579738,C++,C++14 (GCC 5.4.1),cpp,Accepted,1.0,256.0,5040,
s111514289,p02781,u989345508,1585576623,Python,PyPy3 (2.4.0),py,Accepted,961.0,42204.0,1067,
s255690228,p02781,u761529120,1585546257,Python,PyPy3 (2.4.0),py,Accepted,195.0,40176.0,1242,
s192987100,p02781,u239409893,1585531091,C++,C++14 (GCC 5.4.1),cpp,Accepted,1.0,256.0,631,
s575770409,p02781,u190018920,1585511106,C++,C++14 (GCC 5.4.1),cpp,Accepted,1.0,256.0,1400,
s618888214,p02781,u557565572,1585503218,Python,Python (3.4.3),py,Accepted,18.0,3192.0,616,
s523731500,p02781,u168860135,1585498394,C++,C++14 (GCC 5.4.1),cpp,Accepted,1.0,256.0,828,
s240941548,p02781,u018679195,1585474761,C++,C++14 (Clang 3.8.0),cpp,Accepted,1.0,256.0,1434,
s561495597,p02781,u113756216,1585441098,C++,C++14 (GCC 5.4.1),cpp,Accepted,1.0,256.0,1069,
s880224122,p02781,u863370423,1585439498,C++,C++14 (GCC 5.4.1),cpp,Accepted,1.0,256.0,1294,
s355197432,p02781,u814781830,1585422478,Python,PyPy3 (2.4.0),py,Accepted,193.0,39792.0,473,
s061200005,p02781,u858748695,1585422124,Python,Python (3.4.3),py,Accepted,18.0,3064.0,718,
s585742139,p02781,u328294851,1585420064,C++,C++14 (GCC 5.4.1),cpp,Accepted,1.0,256.0,2190,
s945541156,p02781,u628871447,1585419489,C++,C++14 (GCC 5.4.1),cpp,Accepted,1.0,256.0,1457,
s674706685,p02781,u328294851,1585419018,C++,C++14 (GCC 5.4.1),cpp,Accepted,1.0,256.0,2125,
s116042121,p02781,u951425592,1585417742,Python,Python (3.4.3),py,Accepted,18.0,3064.0,882,
s968762770,p02781,u089230684,1585413682,C++,C++14 (Clang 3.8.0),cpp,Accepted,1.0,256.0,1134,
s624853684,p02781,u680046686,1585413375,C++,C++14 (GCC 5.4.1),cpp,Accepted,1.0,256.0,1983,
s833115059,p02781,u644332191,1585408243,C++,C++14 (GCC 5.4.1),cpp,Accepted,1.0,384.0,2186,
s851739143,p02781,u350836088,1585402680,C++,C++14 (GCC 5.4.1),cpp,Accepted,2.0,384.0,2013,
s619553275,p02781,u193182854,1585357064,Python,Python (3.4.3),py,Accepted,18.0,3064.0,586,
s729719051,p02781,u816631826,1585354371,C++,C++14 (GCC 5.4.1),cpp,Accepted,1.0,256.0,1621,
s880643496,p02781,u863370423,1585352592,C++,C++14 (Clang 3.8.0),cpp,Accepted,6.0,888.0,1822,
s632603353,p02781,u567906952,1585347281,C++,C++14 (GCC 5.4.1),cpp,Accepted,1.0,256.0,887,
s920941718,p02781,u377907412,1585347030,C++,C++14 (GCC 5.4.1),cpp,Accepted,1.0,256.0,785,
s048220759,p02781,u377907412,1585346646,C++,C++14 (GCC 5.4.1),cpp,Accepted,1.0,256.0,913,
s553264299,p02781,u157020659,1585343323,Python,Python (3.4.3),py,Accepted,20.0,3316.0,1191,
s498489575,p02781,u105100688,1585310024,C++,C++14 (GCC 5.4.1),cpp,Accepted,1.0,256.0,1333,
s264778613,p02781,u430494842,1585307223,C++,C++14 (GCC 5.4.1),cpp,Accepted,1.0,256.0,4854,
s226138593,p02781,u430494842,1585306372,C++,C++14 (GCC 5.4.1),cpp,Accepted,1.0,256.0,4870,
s037199645,p02781,u211109468,1585304480,C++,C++14 (GCC 5.4.1),cpp,Accepted,1.0,256.0,446,
s131539375,p02781,u896847891,1585287124,C++,C++14 (GCC 5.4.1),cpp,Accepted,1.0,256.0,668,
s298571226,p02781,u671257784,1585254831,C++,C++14 (GCC 5.4.1),cpp,Accepted,2.0,256.0,3817,
s137902473,p02781,u424374375,1585249955,C++,C++14 (GCC 5.4.1),cpp,Accepted,1.0,256.0,621,
s328101092,p02781,u971421535,1585249161,C++,C++14 (GCC 5.4.1),cpp,Accepted,1.0,256.0,787,
s649232805,p02781,u289545075,1585246688,C++,C++14 (GCC 5.4.1),cpp,Accepted,1.0,256.0,888,
s463863020,p02781,u139112865,1585244255,Python,Python (3.4.3),py,Accepted,18.0,3064.0,659,
s181766200,p02781,u555962250,1585227798,C++,C++14 (GCC 5.4.1),cpp,Accepted,1.0,256.0,1182,
s352313858,p02781,u715750943,1585226337,C++,C++14 (GCC 5.4.1),cpp,Accepted,1.0,256.0,3781,
s557971598,p02781,u052499405,1585224596,Python,Python (3.4.3),py,Accepted,20.0,3064.0,970,
s750460117,p02781,u052499405,1585224232,Python,Python (3.4.3),py,Accepted,20.0,3316.0,1136,
s621818173,p02781,u392058778,1585222055,C++,C++14 (GCC 5.4.1),cpp,Accepted,1.0,256.0,615,
s831278200,p02781,u897304429,1585216138,C++,C++14 (GCC 5.4.1),cpp,Accepted,1.0,256.0,2499,
s220687868,p02781,u134678977,1585211978,C++,C++14 (GCC 5.4.1),cpp,Accepted,1.0,256.0,943,
s962764537,p02781,u500092662,1585211798,C++,C++14 (GCC 5.4.1),cpp,Accepted,1.0,256.0,966,
s346502643,p02781,u233626335,1585210832,C++,C++14 (GCC 5.4.1),cpp,Accepted,1.0,256.0,2003,
s074022260,p02781,u067237725,1585209632,C++,C++14 (GCC 5.4.1),cpp,Accepted,1.0,256.0,1072,
s188992280,p02781,u853721692,1585208840,C++,C++14 (GCC 5.4.1),cpp,Accepted,1.0,256.0,1330,
s705600080,p02781,u024191315,1585208571,C++,C++14 (GCC 5.4.1),cpp,Accepted,1.0,256.0,801,
s966722577,p02781,u227082700,1585208519,Python,Python (3.4.3),py,Accepted,18.0,3064.0,362,
s025147089,p02781,u184929210,1585208208,C++,C++14 (GCC 5.4.1),cpp,Accepted,1.0,384.0,812,
s054749786,p02781,u024191315,1585207967,C++,C++14 (GCC 5.4.1),cpp,Accepted,1.0,256.0,828,
s488373121,p02781,u934272719,1585207716,C++,C++14 (GCC 5.4.1),cpp,Accepted,1.0,256.0,2075,
s791094597,p02781,u145600939,1585207575,Python,Python (3.4.3),py,Accepted,18.0,3188.0,454,
s831762563,p02781,u846041485,1585207054,C++,C++14 (GCC 5.4.1),cpp,Accepted,1.0,256.0,1096,
s610421553,p02781,u287500079,1585206862,Python,PyPy3 (2.4.0),py,Accepted,323.0,62060.0,1687,
s596491634,p02781,u970197315,1585206747,Python,PyPy3 (2.4.0),py,Accepted,201.0,41072.0,547,
s637302135,p02781,u561083515,1585206731,Python,Python (3.4.3),py,Accepted,22.0,3064.0,493,
s195028860,p02781,u649915042,1585206677,C++,C++14 (GCC 5.4.1),cpp,Accepted,1.0,256.0,1859,
s467843128,p02781,u186838327,1585206123,Python,PyPy3 (2.4.0),py,Accepted,211.0,41328.0,712,
s446639174,p02781,u312025627,1585205652,Python,PyPy3 (2.4.0),py,Accepted,190.0,39920.0,519,
s255721763,p02781,u392319141,1585205526,Python,Python (3.4.3),py,Accepted,50.0,4828.0,408,
s055648263,p02781,u828388155,1585204707,C++,C++14 (GCC 5.4.1),cpp,Accepted,4.0,384.0,1738,
s674795292,p02781,u727064118,1585177391,C++,C++14 (GCC 5.4.1),cpp,Accepted,1.0,256.0,2034,
s495351558,p02781,u771365068,1585173392,Python,Python (3.4.3),py,Accepted,165.0,13308.0,672,
s607207921,p02781,u704411633,1585160659,C++,C++14 (GCC 5.4.1),cpp,Accepted,1.0,384.0,1098,
s717730312,p02781,u942915776,1585142856,C++,C++14 (GCC 5.4.1),cpp,Accepted,1.0,256.0,806,
s955151284,p02781,u704284486,1585141616,Python,Python (3.4.3),py,Accepted,18.0,3064.0,647,
s984709168,p02781,u003019316,1585135628,C++,C++14 (GCC 5.4.1),cpp,Accepted,3.0,384.0,1092,
s628305411,p02781,u455757400,1585117889,C++,C++14 (GCC 5.4.1),cpp,Accepted,1.0,256.0,1258,
s084546117,p02781,u018679195,1585104508,C++,C++14 (GCC 5.4.1),cpp,Accepted,1.0,256.0,1012,
s551667589,p02781,u353919145,1585104430,C++,C++14 (GCC 5.4.1),cpp,Accepted,1.0,256.0,2073,
s904881298,p02781,u393512980,1585100574,Python,PyPy3 (2.4.0),py,Accepted,170.0,38256.0,622,
s429291391,p02781,u343441882,1585096743,C++,C++14 (GCC 5.4.1),cpp,Accepted,1.0,256.0,995,
s095390008,p02781,u343441882,1585089971,C++,C++14 (GCC 5.4.1),cpp,Accepted,1.0,256.0,1069,
s635511998,p02781,u227976892,1585080794,C++,C++14 (GCC 5.4.1),cpp,Accepted,4.0,8064.0,1251,
s498027417,p02781,u170183831,1585080056,Python,Python (3.4.3),py,Accepted,967.0,3064.0,691,
s686489946,p02781,u672475305,1585078667,Python,Python (3.4.3),py,Accepted,19.0,3064.0,594,
s364604678,p02781,u455757400,1585078474,C++,C++14 (GCC 5.4.1),cpp,Accepted,1.0,256.0,1150,
s038526120,p02781,u221285045,1585077345,C++,C++14 (GCC 5.4.1),cpp,Accepted,1.0,256.0,2725,
s983941065,p02781,u725458677,1585076844,C++,C++14 (GCC 5.4.1),cpp,Accepted,1.0,256.0,4078,
s964050596,p02781,u250828304,1585069361,Python,Python (3.4.3),py,Accepted,18.0,3064.0,814,
s044454921,p02781,u031590570,1585067861,C++,C++14 (GCC 5.4.1),cpp,Accepted,1.0,256.0,1691,
s867774097,p02781,u115838990,1584990703,C++,C++14 (GCC 5.4.1),cpp,Accepted,1.0,256.0,1259,
s171107838,p02781,u997325490,1584986331,C++,C++14 (GCC 5.4.1),cpp,Accepted,1.0,256.0,1113,
s462650838,p02781,u084411645,1584979823,C++,C++14 (GCC 5.4.1),cpp,Accepted,1.0,256.0,831,
s905803516,p02781,u247576416,1584977066,C++,C++14 (GCC 5.4.1),cpp,Accepted,1.0,384.0,1264,
s068547389,p02781,u723721005,1584970217,C++,C++ (GCC 5.4.1),cpp,Accepted,1.0,128.0,1315,
s401222766,p02781,u570944601,1584932774,C++,C++14 (GCC 5.4.1),cpp,Accepted,1.0,256.0,675,
s771351276,p02781,u409373192,1584932638,C++,C++14 (GCC 5.4.1),cpp,Accepted,1.0,256.0,1309,
s657241822,p02781,u411771230,1584910088,C++,C++14 (GCC 5.4.1),cpp,Accepted,1.0,256.0,1728,
s645262605,p02781,u201928947,1584906821,Python,Python (3.4.3),py,Accepted,17.0,3064.0,603,
s531513935,p02781,u770009793,1584904417,C++,C++14 (GCC 5.4.1),cpp,Accepted,1.0,256.0,1166,
s913649712,p02781,u809967037,1584898900,C++,C++14 (GCC 5.4.1),cpp,Accepted,1.0,384.0,6231,
s731560896,p02781,u118477733,1584895346,C++,C++14 (GCC 5.4.1),cpp,Accepted,1.0,256.0,1286,
s943538166,p02781,u146594935,1584891883,C++,C++14 (GCC 5.4.1),cpp,Accepted,1.0,256.0,622,
s188207914,p02781,u702582248,1584881034,C++,C++14 (GCC 5.4.1),cpp,Accepted,1.0,256.0,2541,
s415864836,p02781,u718277423,1584875176,C++,C++14 (GCC 5.4.1),cpp,Accepted,1.0,256.0,592,
s805868225,p02781,u860546679,1584875044,C++,C++14 (GCC 5.4.1),cpp,Accepted,1.0,256.0,1190,
s048994751,p02781,u036597508,1584841582,C++,C++14 (GCC 5.4.1),cpp,Accepted,113.0,256.0,2224,
s293484522,p02781,u525560003,1584810107,C++,C++14 (GCC 5.4.1),cpp,Accepted,1.0,256.0,991,
s119874988,p02781,u933052354,1584807411,C++,C++14 (GCC 5.4.1),cpp,Accepted,1.0,256.0,1211,
s736220974,p02781,u590825760,1584805601,Python,PyPy3 (2.4.0),py,Accepted,192.0,40432.0,723,
s294533758,p02781,u725458677,1584804555,C++,C++14 (GCC 5.4.1),cpp,Accepted,86.0,49536.0,4871,
s742143801,p02781,u261103969,1584802324,Python,Python (3.4.3),py,Accepted,22.0,3316.0,1182,
s081074412,p02781,u302000346,1584795519,C++,C++14 (GCC 5.4.1),cpp,Accepted,1.0,256.0,1939,
s094297267,p02781,u970197315,1584794422,Python,PyPy3 (2.4.0),py,Accepted,202.0,41200.0,818,
s216593075,p02781,u648316001,1584790930,C++,C++14 (GCC 5.4.1),cpp,Accepted,1.0,256.0,929,
s626641778,p02781,u964966380,1584760957,Python,Python (3.4.3),py,Accepted,18.0,3064.0,1031,
s184238088,p02781,u059369754,1584752165,C++,C++14 (GCC 5.4.1),cpp,Accepted,1.0,384.0,1338,
s623975511,p02781,u477855214,1584749277,C++,C++14 (GCC 5.4.1),cpp,Accepted,1.0,256.0,1523,
s630800723,p02781,u738073877,1584723351,C++,C++14 (GCC 5.4.1),cpp,Accepted,1.0,256.0,840,
s129960061,p02781,u354567428,1584708249,C++,C++14 (GCC 5.4.1),cpp,Accepted,1.0,256.0,4114,
s357908149,p02781,u748577909,1584705250,C++,C++14 (GCC 5.4.1),cpp,Accepted,1.0,256.0,1043,
s139958596,p02781,u225581241,1584704639,C++,C++14 (GCC 5.4.1),cpp,Accepted,1.0,256.0,1303,
s477854669,p02781,u553987207,1584704334,Python,Python (3.4.3),py,Accepted,93.0,3064.0,469,
s239012136,p02781,u692746605,1584699312,Python,Python (3.4.3),py,Accepted,18.0,3064.0,405,
s822262375,p02781,u924885571,1584667948,C++,C++14 (GCC 5.4.1),cpp,Accepted,1.0,256.0,1006,
s077981333,p02781,u611571299,1584649572,C++,C++14 (GCC 5.4.1),cpp,Accepted,3.0,384.0,1039,
s597400891,p02781,u704186568,1584646952,Python,Python (3.4.3),py,Accepted,107.0,3064.0,1353,
s814321884,p02781,u103902792,1584641359,Python,PyPy3 (2.4.0),py,Accepted,177.0,38384.0,533,
s727168361,p02781,u545770260,1584633243,C++,C++14 (GCC 5.4.1),cpp,Accepted,3.0,3712.0,653,
s698133332,p02781,u545770260,1584633222,C++,C++14 (GCC 5.4.1),cpp,Accepted,3.0,3712.0,731,
s538888895,p02781,u211109468,1584618925,C++,C++14 (GCC 5.4.1),cpp,Accepted,2.0,384.0,614,
s776161022,p02781,u761917533,1584614530,C++,C++14 (GCC 5.4.1),cpp,Accepted,1.0,384.0,2268,
s360123044,p02781,u390618988,1584567421,Python,PyPy3 (2.4.0),py,Accepted,163.0,38384.0,702,
s065524908,p02781,u770009793,1584550803,C++,C++14 (GCC 5.4.1),cpp,Accepted,1.0,256.0,2018,
s381213874,p02781,u782098901,1584549219,C++,C++14 (GCC 5.4.1),cpp,Accepted,1.0,256.0,757,
s728894852,p02781,u128572736,1584539905,C++,C++14 (Clang 3.8.0),cpp,Accepted,6.0,760.0,717,
s718664098,p02781,u225581241,1584538341,C++,C++14 (GCC 5.4.1),cpp,Accepted,1.0,256.0,1347,
s550914206,p02781,u905203728,1584536278,Python,Python (3.4.3),py,Accepted,21.0,3064.0,421,
s169807603,p02781,u809967037,1584527336,C++,C++14 (GCC 5.4.1),cpp,Accepted,1.0,256.0,6716,
s886981826,p02781,u768152935,1584524511,C++,C++14 (GCC 5.4.1),cpp,Accepted,1.0,256.0,860,
s560612112,p02781,u848654988,1584522574,C++,C++14 (GCC 5.4.1),cpp,Accepted,1.0,256.0,956,
s887413019,p02781,u804831318,1584502133,C++,C++14 (GCC 5.4.1),cpp,Accepted,1.0,256.0,1108,
s599469557,p02781,u766212984,1584499839,C++,C++14 (GCC 5.4.1),cpp,Accepted,1.0,256.0,2384,
s343242747,p02781,u263654061,1584497444,C++,C++14 (GCC 5.4.1),cpp,Accepted,1.0,256.0,883,
s224658915,p02781,u423002653,1584495696,C++,C++14 (GCC 5.4.1),cpp,Accepted,5.0,256.0,1999,
s516531516,p02781,u318875010,1584492216,C++,C++14 (GCC 5.4.1),cpp,Accepted,1.0,256.0,858,
s086644805,p02781,u354567428,1584487258,C++,C++14 (GCC 5.4.1),cpp,Accepted,1.0,256.0,3796,
s093851107,p02781,u743124029,1584485072,C++,C++14 (GCC 5.4.1),cpp,Accepted,1.0,256.0,944,
s157619794,p02781,u743124029,1584480079,C++,C++14 (GCC 5.4.1),cpp,Accepted,1.0,256.0,1635,
s663479857,p02781,u307227472,1584477388,C++,C++14 (GCC 5.4.1),cpp,Accepted,1.0,256.0,651,
s789257993,p02781,u126361752,1584451357,C++,C++14 (GCC 5.4.1),cpp,Accepted,1.0,256.0,1187,
s246011778,p02781,u409617391,1584450246,C++,C++14 (GCC 5.4.1),cpp,Accepted,1.0,256.0,8622,
s175324700,p02781,u017271745,1584398432,C++,C++14 (GCC 5.4.1),cpp,Accepted,1.0,256.0,1708,
s193164272,p02781,u195036695,1584392194,C++,C++14 (GCC 5.4.1),cpp,Accepted,2.0,384.0,2291,
s078915574,p02781,u580402951,1584390687,C++,C++14 (GCC 5.4.1),cpp,Accepted,1.0,256.0,777,
s238911540,p02781,u580402951,1584390108,C++,C++14 (GCC 5.4.1),cpp,Accepted,3.0,384.0,725,
s182382110,p02781,u715750943,1584389265,C++,C++14 (GCC 5.4.1),cpp,Accepted,1.0,256.0,3644,
s303051950,p02781,u075749669,1584373661,C++,C++14 (GCC 5.4.1),cpp,Accepted,1.0,256.0,1681,
s247850573,p02781,u135572611,1584366559,C++,C++14 (GCC 5.4.1),cpp,Accepted,1.0,256.0,3296,
s054402562,p02781,u135572611,1584360923,C++,C++14 (GCC 5.4.1),cpp,Accepted,1.0,256.0,3262,
s441385397,p02781,u300866293,1584360396,C++,C++14 (GCC 5.4.1),cpp,Accepted,2.0,384.0,1945,
s319624157,p02781,u712974382,1584353158,C++,C++14 (GCC 5.4.1),cpp,Accepted,1.0,256.0,1739,
s552250455,p02781,u197300773,1584320789,Python,Python (3.4.3),py,Accepted,18.0,3064.0,533,
s708413666,p02781,u197300773,1584318915,Python,Python (3.4.3),py,Accepted,446.0,3192.0,1395,
s412903443,p02781,u347640436,1584316185,Python,Python (3.4.3),py,Accepted,18.0,3064.0,358,
s394866549,p02781,u347640436,1584315942,Python,Python (3.4.3),py,Accepted,19.0,3064.0,395,
s144588085,p02781,u955627293,1584312119,C++,C++14 (GCC 5.4.1),cpp,Accepted,1.0,256.0,1408,
s403989462,p02781,u955627293,1584308741,C++,C++14 (GCC 5.4.1),cpp,Accepted,1.0,256.0,1094,
s199176179,p02781,u001566280,1584307189,C++,C++14 (GCC 5.4.1),cpp,Accepted,1.0,256.0,7272,
s563945998,p02781,u482770395,1584307087,C++,C++14 (GCC 5.4.1),cpp,Accepted,1.0,256.0,1078,
s118551041,p02781,u291766461,1584296258,Python,Python (3.4.3),py,Accepted,25.0,3188.0,658,
s561362357,p02781,u390181802,1584283783,C++,C++14 (GCC 5.4.1),cpp,Accepted,1.0,256.0,4247,
s962415890,p02781,u723322527,1584280593,C++,C++14 (GCC 5.4.1),cpp,Accepted,1.0,256.0,1028,
s905342473,p02781,u816631826,1584280511,C++,C++14 (GCC 5.4.1),cpp,Accepted,1.0,256.0,1028,
s990437714,p02781,u334773822,1584246467,C++,C++14 (GCC 5.4.1),cpp,Accepted,1.0,256.0,2587,
s712162177,p02781,u579670739,1584242175,C++,C++14 (GCC 5.4.1),cpp,Accepted,1.0,256.0,1690,
s502579535,p02781,u410506856,1584209827,C++,C++14 (GCC 5.4.1),cpp,Accepted,5.0,640.0,1900,
s202355829,p02781,u410506856,1584206510,C++,C++14 (GCC 5.4.1),cpp,Accepted,1.0,256.0,1976,
s892889624,p02781,u375477204,1584200805,Python,Python (3.4.3),py,Accepted,19.0,3064.0,572,
s508422728,p02781,u226912938,1584199053,Python,PyPy3 (2.4.0),py,Accepted,200.0,41456.0,831,
s880755000,p02781,u158583803,1584198492,C++,C++14 (GCC 5.4.1),cpp,Accepted,1.0,256.0,919,
s823997874,p02781,u142209028,1584196698,C++,C++14 (GCC 5.4.1),cpp,Accepted,1.0,256.0,851,
s506083278,p02781,u323748756,1584193526,C++,C++14 (GCC 5.4.1),cpp,Accepted,1.0,256.0,1607,
s420830394,p02781,u781535828,1584181960,Python,Python (3.4.3),py,Accepted,19.0,3188.0,987,
s951624869,p02781,u111555888,1584177687,Python,Python (3.4.3),py,Accepted,31.0,3188.0,1052,
s067386725,p02781,u285991898,1584146660,C++,C++14 (GCC 5.4.1),cpp,Accepted,1.0,256.0,998,
s668105010,p02781,u278868910,1584145792,C++,C++14 (GCC 5.4.1),cpp,Accepted,2.0,640.0,2672,
s011122100,p02781,u668191971,1584142102,C++,C++14 (GCC 5.4.1),cpp,Accepted,1.0,256.0,1747,
s845429332,p02781,u063131621,1584140880,C++,C++14 (GCC 5.4.1),cpp,Accepted,1.0,256.0,959,
s808983073,p02781,u854869949,1584136650,C++,C++14 (GCC 5.4.1),cpp,Accepted,1.0,256.0,621,
s651381034,p02781,u326966549,1584136240,C++,C++14 (GCC 5.4.1),cpp,Accepted,1.0,256.0,784,
s767842005,p02781,u843522325,1584122268,C++,C++14 (GCC 5.4.1),cpp,Accepted,1.0,256.0,812,
s734866730,p02781,u966849865,1584111917,C++,C++14 (GCC 5.4.1),cpp,Accepted,1.0,256.0,1006,
s440521095,p02781,u865741247,1584063736,Python,Python (3.4.3),py,Accepted,18.0,3188.0,1868,
s963823678,p02781,u806657856,1584052277,C++,C++14 (GCC 5.4.1),cpp,Accepted,2.0,256.0,1621,
s829211626,p02781,u627530854,1584051218,C++,C++14 (GCC 5.4.1),cpp,Accepted,1.0,256.0,1126,
s041671466,p02781,u699826748,1584043515,C++,C++14 (GCC 5.4.1),cpp,Accepted,1.0,256.0,512,
s665234850,p02781,u283088745,1584041003,C++,C++14 (GCC 5.4.1),cpp,Accepted,1.0,256.0,973,
s340727534,p02781,u473530997,1584035502,C++,C++14 (GCC 5.4.1),cpp,Accepted,1.0,384.0,961,
s204837059,p02781,u408544110,1584035081,C++,C++14 (GCC 5.4.1),cpp,Accepted,1.0,256.0,747,
s869113048,p02781,u093170535,1584032507,C++,C++14 (GCC 5.4.1),cpp,Accepted,1.0,256.0,421,
s110867384,p02781,u872887731,1584031195,Python,Python (3.4.3),py,Accepted,20.0,3188.0,750,
s423901254,p02781,u230265105,1584030456,C++,C++14 (GCC 5.4.1),cpp,Accepted,2.0,256.0,578,
s665274864,p02781,u003019316,1584026713,C++,C++14 (GCC 5.4.1),cpp,Accepted,1.0,256.0,828,
s557368869,p02781,u454081619,1584026621,C++,C++14 (GCC 5.4.1),cpp,Accepted,1.0,256.0,1007,
s727023004,p02781,u068713120,1584025361,C++,C++14 (GCC 5.4.1),cpp,Accepted,1.0,256.0,681,
s808959768,p02781,u275488634,1584002552,C++,C++14 (GCC 5.4.1),cpp,Accepted,10.0,764.0,768,
s324967879,p02781,u145600939,1584000711,Python,Python (3.4.3),py,Accepted,18.0,3064.0,620,
s686802394,p02781,u747184036,1583998905,C++,C++14 (GCC 5.4.1),cpp,Accepted,1.0,256.0,2237,
s942389843,p02781,u208608367,1583975775,C++,C++14 (GCC 5.4.1),cpp,Accepted,1.0,256.0,773,
s803116533,p02781,u574050882,1583973454,C++,C++14 (GCC 5.4.1),cpp,Accepted,1.0,256.0,966,
s590393239,p02781,u007637377,1583968462,C++,C++14 (GCC 5.4.1),cpp,Accepted,1.0,384.0,2238,
s383553930,p02781,u630211216,1583958815,C++,C++14 (GCC 5.4.1),cpp,Accepted,1.0,256.0,1006,
s615080466,p02781,u986276444,1583943578,C++,C++14 (GCC 5.4.1),cpp,Accepted,1.0,256.0,1464,
s911092824,p02781,u024191315,1583918917,C++,C++14 (GCC 5.4.1),cpp,Accepted,1.0,256.0,655,
s515672893,p02781,u024191315,1583918793,C++,C++14 (GCC 5.4.1),cpp,Accepted,1.0,256.0,714,
s301974179,p02781,u717390233,1583917592,C++,C++14 (Clang 3.8.0),cpp,Accepted,16.0,256.0,2988,
s541018739,p02781,u595856802,1583889188,Python,Python (3.4.3),py,Accepted,19.0,3188.0,1245,
s964865706,p02781,u595856802,1583889163,Python,PyPy3 (2.4.0),py,Accepted,168.0,38384.0,1245,
s559914385,p02781,u895363424,1583887932,C++,C++14 (GCC 5.4.1),cpp,Accepted,5.0,256.0,1760,
s766459123,p02781,u595289165,1583881007,Python,Python (3.4.3),py,Accepted,31.0,3940.0,397,
s721417632,p02781,u428853051,1583860787,C++,C++14 (GCC 5.4.1),cpp,Accepted,1.0,256.0,1300,
s738896761,p02781,u331360010,1583856700,C++,C++14 (GCC 5.4.1),cpp,Accepted,1.0,256.0,8807,
s875140829,p02781,u799051262,1583839533,C++,C++14 (GCC 5.4.1),cpp,Accepted,1.0,256.0,4419,
s835168200,p02781,u941753895,1583799116,Python,Python (3.4.3),py,Accepted,39.0,5168.0,952,
s979864915,p02781,u987164499,1583788989,Python,Python (3.4.3),py,Accepted,26.0,3940.0,698,
s704849961,p02781,u987164499,1583788964,Python,PyPy3 (2.4.0),py,Accepted,176.0,38896.0,698,
s360764269,p02781,u901561754,1583778722,C++,C++14 (GCC 5.4.1),cpp,Accepted,1.0,384.0,1319,
s005564245,p02781,u863104798,1583778039,C++,C++14 (GCC 5.4.1),cpp,Accepted,1.0,256.0,1456,
s442158020,p02781,u768152935,1583762272,C++,C++14 (GCC 5.4.1),cpp,Accepted,1.0,256.0,1358,
s354259552,p02781,u211631457,1583758738,C++,C++14 (GCC 5.4.1),cpp,Accepted,1.0,256.0,969,
s970332909,p02781,u135360096,1583747952,Python,Python (3.4.3),py,Accepted,24.0,3572.0,510,
s725533862,p02781,u916974091,1583712154,C++,C++14 (GCC 5.4.1),cpp,Accepted,1.0,256.0,2587,
s098211242,p02781,u916974091,1583711976,C++,C++14 (GCC 5.4.1),cpp,Accepted,1.0,256.0,2294,
s456640637,p02781,u434747175,1583698095,C++,C++14 (GCC 5.4.1),cpp,Accepted,1.0,256.0,1198,
s017638862,p02781,u676010686,1583694626,C++,C++14 (GCC 5.4.1),cpp,Accepted,1.0,256.0,532,
s017192526,p02781,u137542041,1583692955,Python,Python (3.4.3),py,Accepted,59.0,3428.0,921,
s502943122,p02781,u354567428,1583691812,C++,C++14 (GCC 5.4.1),cpp,Accepted,1.0,256.0,3651,
s688795970,p02781,u269291896,1583687620,C++,C++14 (GCC 5.4.1),cpp,Accepted,2.0,256.0,931,
s348739471,p02781,u940569542,1583687338,C++,C++14 (GCC 5.4.1),cpp,Accepted,1.0,256.0,1153,
s782566974,p02781,u392848063,1583687023,C++,C++14 (GCC 5.4.1),cpp,Accepted,1.0,256.0,965,
s574281893,p02781,u923285281,1583682822,C++,C++14 (GCC 5.4.1),cpp,Accepted,1.0,384.0,481,
s623270756,p02781,u073731976,1583681950,C++,C++14 (GCC 5.4.1),cpp,Accepted,1.0,256.0,939,
s005685599,p02781,u021358975,1583680669,C++,C++14 (GCC 5.4.1),cpp,Accepted,1.0,256.0,1293,
s233375833,p02781,u644778646,1583676212,C++,C++14 (GCC 5.4.1),cpp,Accepted,2.0,384.0,24187,
s653272248,p02781,u021358975,1583675653,C++,C++14 (GCC 5.4.1),cpp,Accepted,1.0,256.0,1087,
s853032853,p02781,u930398193,1583655390,C++,C++14 (GCC 5.4.1),cpp,Accepted,1.0,256.0,700,
s028675814,p02781,u467826805,1583626116,C++,C++14 (GCC 5.4.1),cpp,Accepted,1.0,256.0,1095,
s531017565,p02781,u457790148,1583618328,C++,C++14 (GCC 5.4.1),cpp,Accepted,1.0,256.0,2064,
s013974007,p02781,u043443359,1583609058,C++,C++14 (GCC 5.4.1),cpp,Accepted,1.0,256.0,6925,
s611525661,p02781,u123756661,1583596541,C++,C++14 (GCC 5.4.1),cpp,Accepted,1.0,256.0,1111,
s946734758,p02781,u666721654,1583593243,C++,C++14 (GCC 5.4.1),cpp,Accepted,1.0,256.0,13270,
s080442769,p02781,u123756661,1583590916,Python,PyPy3 (2.4.0),py,Accepted,181.0,38384.0,552,
s671986059,p02781,u123756661,1583589096,Python,PyPy3 (2.4.0),py,Accepted,201.0,38384.0,554,
s458274547,p02781,u123756661,1583588900,Python,PyPy3 (2.4.0),py,Accepted,168.0,38384.0,582,
s796270316,p02781,u571969099,1583578284,Python,PyPy3 (2.4.0),py,Accepted,220.0,42480.0,661,
s808116463,p02781,u660270504,1583530492,C++,C++14 (GCC 5.4.1),cpp,Accepted,1.0,256.0,2241,
s691743675,p02781,u263830634,1583527761,Python,Python (3.4.3),py,Accepted,23.0,3188.0,655,
s421963073,p02781,u923894160,1583522679,C++,C++14 (GCC 5.4.1),cpp,Accepted,1.0,256.0,1721,
s123597126,p02781,u948521599,1583503042,Python,Python (3.4.3),py,Accepted,162.0,15540.0,877,
s467288291,p02781,u856481043,1583503033,C++,C++14 (GCC 5.4.1),cpp,Accepted,1.0,256.0,1628,
s839714625,p02781,u899645116,1583502470,C++,C++14 (GCC 5.4.1),cpp,Accepted,3.0,384.0,1939,
s706843996,p02781,u136509923,1583467928,C++,C++14 (GCC 5.4.1),cpp,Accepted,1.0,256.0,946,
s140682962,p02781,u943966256,1583458068,C++,C++14 (GCC 5.4.1),cpp,Accepted,1.0,256.0,1278,
s078578142,p02781,u579428033,1583450782,C++,C++14 (GCC 5.4.1),cpp,Accepted,1.0,256.0,1237,
s233965520,p02781,u088895504,1583446171,C++,C++14 (GCC 5.4.1),cpp,Accepted,1.0,256.0,587,
s582177541,p02781,u813559924,1583442547,C++,C++14 (GCC 5.4.1),cpp,Accepted,1.0,256.0,1217,
s035150287,p02781,u782098901,1583442366,C++,C++14 (GCC 5.4.1),cpp,Accepted,1.0,256.0,737,
s010406191,p02781,u782098901,1583442038,C++,C++14 (GCC 5.4.1),cpp,Accepted,1.0,256.0,752,
s399318313,p02781,u936275674,1583434346,C++,C++14 (GCC 5.4.1),cpp,Accepted,1.0,384.0,2596,
s951367693,p02781,u381486856,1583424915,C++,C++14 (GCC 5.4.1),cpp,Accepted,2.0,256.0,652,
s993044423,p02781,u272028993,1583420815,C++,C++14 (GCC 5.4.1),cpp,Accepted,1.0,256.0,4267,
s459468334,p02781,u552290152,1583419447,Python,PyPy3 (2.4.0),py,Accepted,185.0,38384.0,558,
s986250434,p02781,u989336028,1583417472,C++,C++14 (GCC 5.4.1),cpp,Accepted,1.0,256.0,896,
s898183482,p02781,u251779460,1583405102,C++,C++14 (GCC 5.4.1),cpp,Accepted,1.0,256.0,934,
s989366653,p02781,u440217234,1583372790,C++,C++14 (GCC 5.4.1),cpp,Accepted,2.0,640.0,813,
s868544152,p02781,u123756661,1583364016,Python,PyPy3 (2.4.0),py,Accepted,168.0,38256.0,567,
s392597359,p02781,u816631826,1583360535,C++,C++14 (Clang 3.8.0),cpp,Accepted,4.0,1016.0,1925,
s143421823,p02781,u859125915,1583346177,C++,C++14 (GCC 5.4.1),cpp,Accepted,1.0,256.0,1279,
s071672096,p02781,u265250376,1583314454,C++,C++14 (GCC 5.4.1),cpp,Accepted,1.0,256.0,751,
s111206871,p02781,u525288965,1583278723,C++,C++14 (GCC 5.4.1),cpp,Accepted,1.0,256.0,1938,
s591265381,p02781,u067694854,1583272439,C++,C++14 (GCC 5.4.1),cpp,Accepted,1.0,256.0,962,
s883773383,p02781,u533039576,1583267027,Python,PyPy3 (2.4.0),py,Accepted,167.0,38256.0,990,
s326305245,p02781,u836939578,1583266538,Python,PyPy3 (2.4.0),py,Accepted,191.0,40944.0,428,
s405925980,p02781,u757584836,1583260174,C++,C++14 (GCC 5.4.1),cpp,Accepted,2.0,384.0,1359,
s238775134,p02781,u504142483,1583256920,C++,C++14 (GCC 5.4.1),cpp,Accepted,1.0,256.0,2636,
s179673223,p02781,u614063956,1583251682,C++,C++14 (Clang 3.8.0),cpp,Accepted,3.0,512.0,1203,
s171253505,p02781,u422633119,1583250554,C++,C++14 (GCC 5.4.1),cpp,Accepted,1.0,256.0,1973,
s090246350,p02781,u058809975,1583247553,Python,Python (3.4.3),py,Accepted,165.0,12500.0,550,
s980423462,p02781,u708554870,1583247349,C++,C++14 (GCC 5.4.1),cpp,Accepted,1.0,256.0,3124,
s394409837,p02781,u070595731,1583192778,C++,C++14 (GCC 5.4.1),cpp,Accepted,1.0,256.0,1149,
s140229548,p02781,u178536051,1583191741,C++,C++14 (GCC 5.4.1),cpp,Accepted,2.0,384.0,1177,
s380507059,p02781,u088895504,1583188336,C++,C++14 (GCC 5.4.1),cpp,Accepted,1.0,256.0,599,
s875331643,p02781,u631438357,1583185917,C++,C++14 (GCC 5.4.1),cpp,Accepted,1.0,256.0,2358,
s156627266,p02781,u335590796,1583178945,C++,C++14 (GCC 5.4.1),cpp,Accepted,1.0,256.0,777,
s388458927,p02781,u134520518,1583174435,Python,Python (3.4.3),py,Accepted,18.0,3064.0,441,
s806329544,p02781,u852690916,1583173493,Python,PyPy3 (2.4.0),py,Accepted,200.0,41328.0,756,
s720082308,p02781,u852690916,1583172841,Python,PyPy3 (2.4.0),py,Accepted,207.0,41328.0,865,
s592306439,p02781,u535423069,1583153764,Python,Python (3.4.3),py,Accepted,23.0,3188.0,994,
s393069058,p02781,u714724786,1583142575,C++,C++14 (GCC 5.4.1),cpp,Accepted,23.0,256.0,1694,
s066015871,p02781,u344412812,1583140304,C++,C++14 (GCC 5.4.1),cpp,Accepted,1.0,256.0,1938,
s992736895,p02781,u288238876,1583106271,C++,C++14 (GCC 5.4.1),cpp,Accepted,1.0,256.0,1115,
s807425660,p02781,u733814820,1583091624,C++,C++14 (GCC 5.4.1),cpp,Accepted,1.0,256.0,1501,
s892784233,p02781,u340293807,1583091223,C++,C++14 (GCC 5.4.1),cpp,Accepted,5.0,768.0,1410,
s770309391,p02781,u497046426,1583090317,Python,Python (3.4.3),py,Accepted,19.0,3064.0,552,
s317464996,p02781,u645487439,1583089858,Python,Python (3.4.3),py,Accepted,18.0,3064.0,596,
s022565477,p02781,u354567428,1583088732,C++,C++14 (GCC 5.4.1),cpp,Accepted,11.0,11904.0,2343,
s131795385,p02781,u593761424,1583086107,Python,Python (3.4.3),py,Accepted,18.0,3064.0,1001,
s515046728,p02781,u452009494,1583081307,C++,C++14 (GCC 5.4.1),cpp,Accepted,2.0,640.0,2681,
s674800205,p02781,u386131832,1583080677,C++,C++14 (GCC 5.4.1),cpp,Accepted,1.0,256.0,902,
s124105769,p02781,u194385557,1583077880,C++,C++14 (GCC 5.4.1),cpp,Accepted,2.0,384.0,1981,
s246384138,p02781,u297109012,1583069820,Python,Python (3.4.3),py,Accepted,29.0,3808.0,1638,
s018152695,p02781,u956042751,1583031104,C++,C++14 (GCC 5.4.1),cpp,Accepted,1.0,256.0,775,
s295685749,p02781,u798086274,1583015761,C++,C++14 (GCC 5.4.1),cpp,Accepted,1.0,256.0,789,
s850055244,p02781,u791593901,1583014054,C++,C++14 (GCC 5.4.1),cpp,Accepted,1.0,256.0,1068,
s808305963,p02781,u310042769,1583010328,C++,C++ (GCC 5.4.1),cpp,Accepted,1.0,384.0,1201,
s634469888,p02781,u594518120,1583005888,Python,PyPy3 (2.4.0),py,Accepted,163.0,38256.0,1257,
s055205054,p02781,u045811375,1582997448,C++,C++14 (GCC 5.4.1),cpp,Accepted,1.0,256.0,851,
s129535052,p02781,u986437843,1582995414,C++,C++14 (GCC 5.4.1),cpp,Accepted,52.0,33664.0,163292,
s049925049,p02781,u952090000,1582943866,C++,C++14 (GCC 5.4.1),cpp,Accepted,1.0,256.0,656,
s435513739,p02781,u967843578,1582936558,Python,Python (3.4.3),py,Accepted,154.0,12504.0,939,
s775891605,p02781,u836743234,1582930649,C++,C++14 (GCC 5.4.1),cpp,Accepted,1.0,256.0,971,
s059770193,p02781,u308954011,1582926358,C++,C++14 (GCC 5.4.1),cpp,Accepted,1.0,256.0,924,
s900232893,p02781,u952090000,1582924298,C++,C++14 (GCC 5.4.1),cpp,Accepted,2.0,256.0,1150,
s854145674,p02781,u952090000,1582922536,C++,C++14 (GCC 5.4.1),cpp,Accepted,490.0,256.0,688,
s525147893,p02781,u691896522,1582902877,Python,PyPy3 (2.4.0),py,Accepted,169.0,38512.0,954,
s748133572,p02781,u311944296,1582893790,C++,C++14 (GCC 5.4.1),cpp,Accepted,1.0,256.0,574,
s823535962,p02781,u743272507,1582893578,C++,C++14 (GCC 5.4.1),cpp,Accepted,1.0,256.0,2295,
s979409428,p02781,u628332144,1582865400,C++,C++14 (GCC 5.4.1),cpp,Accepted,1.0,256.0,923,
s722660067,p02781,u714120941,1582847558,C++,C++14 (GCC 5.4.1),cpp,Accepted,1.0,256.0,1505,
s042108457,p02781,u432078028,1582846747,C++,C++14 (GCC 5.4.1),cpp,Accepted,1.0,256.0,2301,
s505566030,p02781,u254886300,1582838260,Python,Python (3.4.3),py,Accepted,40.0,5076.0,626,
s915211699,p02781,u235107623,1582837086,C++,C++14 (GCC 5.4.1),cpp,Accepted,1.0,256.0,985,
s847692315,p02781,u254886300,1582836785,C++,C++14 (GCC 5.4.1),cpp,Accepted,1.0,256.0,957,
s936136690,p02781,u725712446,1582816804,C++,C++14 (GCC 5.4.1),cpp,Accepted,9.0,31488.0,760,
s755947211,p02781,u449491657,1582801447,C++,C++14 (GCC 5.4.1),cpp,Accepted,1.0,256.0,1123,
s016645071,p02781,u366381207,1582767245,C++,C++14 (GCC 5.4.1),cpp,Accepted,4.0,384.0,801,
s137395562,p02781,u366381207,1582764917,C++,C++14 (GCC 5.4.1),cpp,Accepted,1.0,256.0,739,
s677633929,p02781,u366381207,1582762095,C++,C++14 (GCC 5.4.1),cpp,Accepted,1.0,256.0,828,
s921756093,p02781,u366381207,1582754018,C++,C++14 (GCC 5.4.1),cpp,Accepted,1.0,256.0,877,
s913396702,p02781,u366381207,1582753946,C++,C++14 (GCC 5.4.1),cpp,Accepted,1.0,384.0,887,
s434037024,p02781,u067983636,1582737521,Python,Python (3.4.3),py,Accepted,18.0,3064.0,1002,
s083691564,p02781,u519756887,1582736733,C++,C++14 (GCC 5.4.1),cpp,Accepted,2.0,384.0,1001,
s706624305,p02781,u432088501,1582736624,C++,C++14 (GCC 5.4.1),cpp,Accepted,2.0,256.0,666,
s280841188,p02781,u809967037,1582726372,C++,C++14 (GCC 5.4.1),cpp,Accepted,2.0,256.0,4856,
s126831335,p02781,u892222895,1582715551,C++,C++ (GCC 5.4.1),cpp,Accepted,1.0,256.0,1092,
s119679455,p02781,u226065754,1582702953,C++,C++14 (GCC 5.4.1),cpp,Accepted,1.0,256.0,1952,
s986253154,p02781,u785472258,1582701446,C++,C++14 (GCC 5.4.1),cpp,Accepted,1.0,256.0,1051,
s530185801,p02781,u782098901,1582694020,C++,C++14 (GCC 5.4.1),cpp,Accepted,1.0,256.0,755,
s300972349,p02781,u366381207,1582675400,C++,C++14 (GCC 5.4.1),cpp,Accepted,1.0,256.0,998,
s740019905,p02781,u766280310,1582669962,C++,C++14 (GCC 5.4.1),cpp,Accepted,1.0,256.0,750,
s972991693,p02781,u162612857,1582669442,Python,Python (3.4.3),py,Accepted,18.0,3064.0,1842,
s913740945,p02781,u995610127,1582666040,C++,C++14 (GCC 5.4.1),cpp,Accepted,1.0,256.0,568,
s073404239,p02781,u538508087,1582662786,C++,C++14 (GCC 5.4.1),cpp,Accepted,1.0,256.0,908,
s251367213,p02781,u538508087,1582662717,C++,C++14 (GCC 5.4.1),cpp,Accepted,1.0,256.0,928,
s819265329,p02781,u538508087,1582662662,C++,C++14 (GCC 5.4.1),cpp,Accepted,1.0,384.0,929,
s142169961,p02781,u538508087,1582662398,C++,C++14 (GCC 5.4.1),cpp,Accepted,1.0,384.0,1201,
s904448859,p02781,u538508087,1582660133,C++,C++14 (GCC 5.4.1),cpp,Accepted,2.0,256.0,911,
s129681904,p02781,u538508087,1582660077,C++,C++14 (GCC 5.4.1),cpp,Accepted,1.0,256.0,911,
s116286736,p02781,u538508087,1582660043,C++,C++14 (GCC 5.4.1),cpp,Accepted,1.0,256.0,911,
s841876718,p02781,u782098901,1582649941,C++,C++14 (GCC 5.4.1),cpp,Accepted,1.0,256.0,790,
s528711157,p02781,u952289831,1582648280,C++,C++14 (GCC 5.4.1),cpp,Accepted,1.0,384.0,1065,
s375742897,p02781,u120564432,1582641768,C++,C++14 (GCC 5.4.1),cpp,Accepted,1.0,256.0,1010,
s910253638,p02781,u818349438,1582628772,C++,C++14 (GCC 5.4.1),cpp,Accepted,2.0,256.0,741,
s260973375,p02781,u091367113,1582625659,C++,C++14 (GCC 5.4.1),cpp,Accepted,2.0,256.0,1089,
s374481402,p02781,u538508087,1582610273,C++,C++14 (GCC 5.4.1),cpp,Accepted,2.0,384.0,841,
s288146445,p02781,u236193715,1582594825,C++,C++14 (GCC 5.4.1),cpp,Accepted,2.0,256.0,407,
s060353805,p02781,u120564432,1582577086,C++,C++14 (GCC 5.4.1),cpp,Accepted,1.0,256.0,1222,
s656531918,p02781,u835534008,1582560547,C++,C++14 (GCC 5.4.1),cpp,Accepted,1.0,256.0,922,
s130032527,p02781,u753615299,1582559492,C++,C++14 (GCC 5.4.1),cpp,Accepted,1.0,256.0,1339,
s421883948,p02781,u164727245,1582552494,Python,Python (3.4.3),py,Accepted,18.0,3064.0,704,
s634170461,p02781,u984730891,1582552131,C++,C++14 (GCC 5.4.1),cpp,Accepted,1.0,256.0,785,
s111237018,p02781,u952022797,1582551536,Python,PyPy3 (2.4.0),py,Accepted,205.0,40432.0,2148,
s365536347,p02781,u164727245,1582549937,Python,Python (3.4.3),py,Accepted,18.0,3064.0,730,
s269940335,p02781,u197694618,1582540985,C++,C++14 (GCC 5.4.1),cpp,Accepted,196.0,128.0,1082,
s628387126,p02781,u559196406,1582539356,Python,Python (3.4.3),py,Accepted,18.0,3064.0,704,
s333988764,p02781,u185050799,1582536985,C++,C++14 (GCC 5.4.1),cpp,Accepted,2.0,384.0,2507,
s569648247,p02781,u624800360,1582511917,C++,C++14 (GCC 5.4.1),cpp,Accepted,1.0,256.0,1747,
s276653963,p02781,u764228018,1582503652,C++,C++14 (GCC 5.4.1),cpp,Accepted,1.0,256.0,651,
s071869745,p02781,u521723672,1582496100,C++,C++14 (GCC 5.4.1),cpp,Accepted,1.0,384.0,1105,
s223052168,p02781,u721316601,1582480287,Python,Python (3.4.3),py,Accepted,22.0,3064.0,530,
s075947514,p02781,u395402362,1582474526,C++,C++14 (GCC 5.4.1),cpp,Accepted,1.0,384.0,1104,
s663460259,p02781,u423827009,1582474376,C++,C++14 (GCC 5.4.1),cpp,Accepted,1.0,256.0,2216,
s815100619,p02781,u423827009,1582472520,C++,C++14 (GCC 5.4.1),cpp,Accepted,1.0,256.0,1955,
s133903529,p02781,u706929073,1582469540,Python,Python (3.4.3),py,Accepted,25.0,3064.0,633,
s561425568,p02781,u706929073,1582469368,Python,Python (3.4.3),py,Accepted,22.0,3064.0,633,
s892217417,p02781,u009348313,1582468654,Python,PyPy3 (2.4.0),py,Accepted,195.0,41480.0,810,
s784457185,p02781,u504103417,1582467426,C++,C++14 (GCC 5.4.1),cpp,Accepted,2.0,256.0,842,
s437525224,p02781,u248571244,1582467207,C++,C++14 (GCC 5.4.1),cpp,Accepted,1.0,256.0,1239,
s418414712,p02781,u052332717,1582458059,C++,C++14 (GCC 5.4.1),cpp,Accepted,2.0,256.0,2173,
s771915522,p02781,u426964396,1582450384,C++,C++ (GCC 5.4.1),cpp,Accepted,1.0,256.0,782,
s618790658,p02781,u123756661,1582409848,Python,PyPy3 (2.4.0),py,Accepted,170.0,38480.0,601,
s531593154,p02781,u263933075,1582405756,C++,C++ (GCC 5.4.1),cpp,Accepted,1.0,256.0,782,
s169599438,p02781,u064881889,1582400558,C++,C++14 (GCC 5.4.1),cpp,Accepted,1.0,256.0,1975,
s861977542,p02781,u747602774,1582400297,Python,Python (3.4.3),py,Accepted,18.0,3064.0,569,
s872093492,p02781,u747602774,1582400083,Python,Python (3.4.3),py,Accepted,19.0,3444.0,873,
s745075744,p02781,u375879613,1582400049,C++,C++14 (GCC 5.4.1),cpp,Accepted,5.0,764.0,649,
s931731635,p02781,u747602774,1582399909,Python,Python (3.4.3),py,Accepted,19.0,3444.0,1008,
s841776809,p02781,u447564882,1582389925,Python,Python (3.4.3),py,Accepted,91.0,6132.0,400,
s234173162,p02781,u690536347,1582386870,Python,PyPy3 (2.4.0),py,Accepted,190.0,39664.0,469,
s216072488,p02781,u433390191,1582385600,C++,C++14 (GCC 5.4.1),cpp,Accepted,1.0,256.0,1510,
s843170856,p02781,u584581266,1582385296,C++,C++14 (GCC 5.4.1),cpp,Accepted,2.0,512.0,1012,
s353862678,p02781,u926854996,1582383893,C++,C++14 (GCC 5.4.1),cpp,Accepted,1.0,256.0,937,
s823324302,p02781,u154756110,1582383555,C++,C++14 (GCC 5.4.1),cpp,Accepted,1.0,256.0,1076,
s875087331,p02781,u834415466,1582380685,C++,C++14 (GCC 5.4.1),cpp,Accepted,2.0,256.0,1364,
s287888093,p02781,u114407770,1582376434,C++,C++14 (GCC 5.4.1),cpp,Accepted,1.0,256.0,663,
s943360741,p02781,u824337972,1582375789,C++,C++14 (GCC 5.4.1),cpp,Accepted,1.0,256.0,2055,
s105502362,p02781,u824337972,1582375633,C++,C++14 (GCC 5.4.1),cpp,Accepted,1.0,256.0,2051,
s815893947,p02781,u746849814,1582375198,Python,PyPy3 (2.4.0),py,Accepted,176.0,38256.0,704,
s277115272,p02781,u973302917,1582373264,C++,C++14 (GCC 5.4.1),cpp,Accepted,1.0,256.0,1683,
s743741464,p02781,u139326919,1582373178,C++,C++14 (GCC 5.4.1),cpp,Accepted,1.0,256.0,1703,
s948855123,p02781,u744000410,1582369270,C++,C++14 (GCC 5.4.1),cpp,Accepted,1.0,256.0,628,
s471153787,p02781,u845152373,1582366770,Python,PyPy3 (2.4.0),py,Accepted,180.0,38256.0,975,
s642143596,p02781,u600448929,1582337255,C++,C++14 (GCC 5.4.1),cpp,Accepted,1.0,256.0,1282,
s271056550,p02781,u123756661,1582331093,Python,PyPy3 (2.4.0),py,Accepted,176.0,38384.0,628,
s639627632,p02781,u099918199,1582330339,C++,C++14 (GCC 5.4.1),cpp,Accepted,1.0,256.0,1318,
s676713620,p02781,u876335718,1582326088,C++,C++14 (GCC 5.4.1),cpp,Accepted,2.0,256.0,2810,
s280589412,p02781,u181335380,1582324753,C++,C++14 (GCC 5.4.1),cpp,Accepted,3.0,512.0,1089,
s954682234,p02781,u165374901,1582316851,C++,C++14 (GCC 5.4.1),cpp,Accepted,1.0,256.0,965,
s540356046,p02781,u246217175,1582316020,Python,PyPy3 (2.4.0),py,Accepted,171.0,38384.0,534,
s955623436,p02781,u668923019,1582304268,Python,Python (3.4.3),py,Accepted,17.0,3064.0,404,
s826514891,p02781,u344122377,1582300766,C++,C++14 (GCC 5.4.1),cpp,Accepted,2.0,768.0,1606,
s352489898,p02781,u552137999,1582298144,C++,C++14 (GCC 5.4.1),cpp,Accepted,1.0,256.0,821,
s380248947,p02781,u864171425,1582296705,C++,C++14 (GCC 5.4.1),cpp,Accepted,1.0,256.0,843,
s495367078,p02781,u963606569,1582292724,C++,C++14 (GCC 5.4.1),cpp,Accepted,1.0,256.0,1253,
s241406370,p02781,u940139461,1582291726,Python,PyPy3 (2.4.0),py,Accepted,193.0,40944.0,600,
s127875244,p02781,u976045502,1582284840,C++,C++14 (GCC 5.4.1),cpp,Accepted,1.0,256.0,932,
s918074607,p02781,u541884637,1582279843,C++,C++14 (GCC 5.4.1),cpp,Accepted,4.0,7296.0,1483,
s137489559,p02781,u353783395,1582258708,C++,C++14 (GCC 5.4.1),cpp,Accepted,1.0,384.0,1449,
s066381723,p02781,u263296486,1582248844,C++,C++14 (GCC 5.4.1),cpp,Accepted,2.0,384.0,3393,
s642795295,p02781,u687044304,1582244070,Python,Python (3.4.3),py,Accepted,21.0,3188.0,1710,
s173038824,p02781,u984529214,1582239648,C++,C++14 (GCC 5.4.1),cpp,Accepted,1.0,256.0,1447,
s849734103,p02781,u258879700,1582239534,C++,C++14 (GCC 5.4.1),cpp,Accepted,2.0,256.0,1052,
s752248254,p02781,u317754719,1582234665,C++,C++14 (GCC 5.4.1),cpp,Accepted,1.0,256.0,1357,
s999327326,p02781,u541884637,1582233093,C++,C++14 (GCC 5.4.1),cpp,Accepted,1.0,256.0,1284,
s337443914,p02781,u551583105,1582233028,C++,C++14 (GCC 5.4.1),cpp,Accepted,2.0,256.0,891,
s589409816,p02781,u534772498,1582231136,C++,C++14 (GCC 5.4.1),cpp,Accepted,1.0,256.0,634,
s583884978,p02781,u432998668,1582224111,C++,C++14 (GCC 5.4.1),cpp,Accepted,2.0,256.0,1484,
s731690770,p02781,u422592877,1582222274,C++,C++14 (GCC 5.4.1),cpp,Accepted,2.0,256.0,1100,
s705701640,p02781,u223134343,1582221628,C++,C++14 (GCC 5.4.1),cpp,Accepted,2.0,4480.0,2122,
s493252758,p02781,u982591663,1582220985,Python,Python (3.4.3),py,Accepted,89.0,6152.0,421,
s159931345,p02781,u982591663,1582220684,Python,Python (3.4.3),py,Accepted,27.0,3940.0,418,
s720024167,p02781,u058348416,1582218129,C++,C++14 (GCC 5.4.1),cpp,Accepted,1.0,256.0,607,
s003417507,p02781,u780962115,1582215762,Python,Python (3.4.3),py,Accepted,18.0,3188.0,1213,
s763767091,p02781,u095266283,1582215666,C++,C++14 (GCC 5.4.1),cpp,Accepted,1.0,256.0,2476,
s612140121,p02781,u647974562,1582212576,C++,C++14 (GCC 5.4.1),cpp,Accepted,1.0,256.0,630,
s781372520,p02781,u222866518,1582212430,C++,C++14 (GCC 5.4.1),cpp,Accepted,1.0,256.0,881,
s286519077,p02781,u106804623,1582208774,C++,C++14 (GCC 5.4.1),cpp,Accepted,1.0,256.0,3425,
s716470597,p02781,u846480243,1582207459,C++,C++14 (GCC 5.4.1),cpp,Accepted,870.0,256.0,1142,
s335116401,p02781,u694433776,1582205619,C++,C++14 (GCC 5.4.1),cpp,Accepted,2.0,256.0,3976,
s817489819,p02781,u334703235,1582196444,Python,Python (3.4.3),py,Accepted,156.0,12872.0,684,
s227571315,p02781,u045289115,1582195543,C++,C++14 (GCC 5.4.1),cpp,Accepted,1.0,256.0,755,
s734491588,p02781,u440566786,1582189826,Python,PyPy3 (2.4.0),py,Accepted,203.0,42332.0,730,
s613334137,p02781,u367199607,1582170895,C++,C++14 (GCC 5.4.1),cpp,Accepted,3.0,2560.0,1685,
s096767279,p02781,u702906718,1582155731,C++,C++14 (GCC 5.4.1),cpp,Accepted,1.0,256.0,1426,
s957697473,p02781,u068829283,1582154016,C++,C++14 (GCC 5.4.1),cpp,Accepted,1.0,256.0,972,
s685830917,p02781,u378419207,1582153472,C++,C++14 (GCC 5.4.1),cpp,Accepted,2.0,256.0,1600,
s580577151,p02781,u706929073,1582152803,Python,Python (3.4.3),py,Accepted,23.0,3064.0,632,
s607579429,p02781,u706929073,1582152604,Python,Python (3.4.3),py,Accepted,23.0,3064.0,632,
s572252169,p02781,u706929073,1582152376,Python,Python (3.4.3),py,Accepted,22.0,3064.0,633,
s540468695,p02781,u006883624,1582151863,Python,Python (3.4.3),py,Accepted,18.0,3064.0,662,
s023442094,p02781,u765386817,1582151771,Python,Python (3.4.3),py,Accepted,17.0,3064.0,796,
s765215603,p02781,u110996038,1582151312,Python,Python (3.4.3),py,Accepted,18.0,3064.0,743,
s288525556,p02781,u810277446,1582150653,C++,C++14 (GCC 5.4.1),cpp,Accepted,1.0,256.0,970,
s301914411,p02781,u171252458,1582149302,C++,C++14 (GCC 5.4.1),cpp,Accepted,2.0,256.0,784,
s713843582,p02781,u192027429,1582148822,Python,Python (3.4.3),py,Accepted,18.0,3064.0,597,
s001772641,p02781,u196726502,1582148522,C++,C++14 (GCC 5.4.1),cpp,Accepted,193.0,781568.0,776,
s546110236,p02781,u862316882,1582148065,C++,C++14 (GCC 5.4.1),cpp,Accepted,1.0,256.0,1150,
s865836784,p02781,u050428930,1582145469,C++,C++14 (GCC 5.4.1),cpp,Accepted,1.0,256.0,754,
s860662778,p02781,u050428930,1582140280,C++,C++14 (GCC 5.4.1),cpp,Accepted,1.0,256.0,1039,
s437071865,p02781,u072932377,1582139258,C++,C++14 (GCC 5.4.1),cpp,Accepted,2.0,256.0,1160,
s513709112,p02781,u463858127,1582129584,Python,Python (3.4.3),py,Accepted,23.0,3064.0,718,
s644238961,p02781,u824358246,1582129414,C++,C++14 (GCC 5.4.1),cpp,Accepted,2.0,256.0,1147,
s377878514,p02781,u813559924,1582123496,C++,C++14 (GCC 5.4.1),cpp,Accepted,1.0,256.0,1207,
s658558428,p02781,u371763408,1582111330,Python,Python (3.4.3),py,Accepted,20.0,3064.0,1226,
s787021405,p02781,u371763408,1582109725,Python,Python (3.4.3),py,Accepted,18.0,3064.0,1018,
s257150191,p02781,u371763408,1582109642,Python,Python (3.4.3),py,Accepted,18.0,3064.0,852,
s386949363,p02781,u371763408,1582109335,Python,Python (3.4.3),py,Accepted,18.0,3064.0,622,
s469603334,p02781,u199184624,1582106835,C++,C++14 (GCC 5.4.1),cpp,Accepted,2.0,256.0,1726,
s787315762,p02781,u199184624,1582106825,C++,C++14 (GCC 5.4.1),cpp,Accepted,1.0,256.0,1726,
s132234729,p02781,u304903669,1582106059,C++,C++14 (GCC 5.4.1),cpp,Accepted,1.0,256.0,1042,
s619876957,p02781,u957084285,1582103651,C++,C++14 (GCC 5.4.1),cpp,Accepted,1.0,256.0,2246,
s797340765,p02781,u557558723,1582080661,C++,C++14 (GCC 5.4.1),cpp,Accepted,1.0,256.0,2237,
s387984852,p02781,u834174868,1582079019,C++,C++14 (GCC 5.4.1),cpp,Accepted,3.0,512.0,751,
s641507639,p02781,u075296067,1582075465,C++,C++14 (GCC 5.4.1),cpp,Accepted,1.0,256.0,796,
s351748825,p02781,u075296067,1582075402,C++,C++14 (GCC 5.4.1),cpp,Accepted,1.0,256.0,796,
s711920864,p02781,u780475861,1582074402,Python,Python (3.4.3),py,Accepted,17.0,3064.0,622,
s619109262,p02781,u780475861,1582074308,Python,Python (3.4.3),py,Accepted,17.0,3064.0,659,
s246633394,p02781,u401013791,1582066217,C++,C++14 (GCC 5.4.1),cpp,Accepted,1.0,256.0,1519,
s945517488,p02781,u220293451,1582065906,C++,C++14 (GCC 5.4.1),cpp,Accepted,2.0,640.0,3004,
s491011279,p02781,u476604182,1582064249,Python,Python (3.4.3),py,Accepted,18.0,3064.0,623,
s448332281,p02781,u476604182,1582061557,Python,Python (3.4.3),py,Accepted,28.0,3936.0,312,
s749546362,p02781,u304862095,1582061206,C++,C++14 (GCC 5.4.1),cpp,Accepted,1.0,256.0,701,
s787089629,p02781,u007789844,1582059873,C++,C++14 (GCC 5.4.1),cpp,Accepted,1.0,256.0,837,
s444646390,p02781,u903311413,1582059683,C++,C++14 (GCC 5.4.1),cpp,Accepted,1.0,256.0,2298,
s097726858,p02781,u174463135,1582059209,C++,C++14 (GCC 5.4.1),cpp,Accepted,1.0,256.0,716,
s713601644,p02781,u589238650,1582056158,C++,C++14 (GCC 5.4.1),cpp,Accepted,1.0,256.0,623,
s641165890,p02781,u382585380,1582052574,C++,C++14 (GCC 5.4.1),cpp,Accepted,188.0,256.0,593,
s298900471,p02781,u780475861,1582051450,Python,Python (3.4.3),py,Accepted,17.0,3064.0,568,
s543662649,p02781,u780475861,1582051218,Python,Python (3.4.3),py,Accepted,18.0,3064.0,572,
s144299826,p02781,u559149715,1582049789,C++,C++14 (GCC 5.4.1),cpp,Accepted,2.0,256.0,687,
s616447938,p02781,u452684981,1582049613,C++,C++14 (GCC 5.4.1),cpp,Accepted,1.0,256.0,644,
s308985980,p02781,u670180528,1582047284,Python,Python (3.4.3),py,Accepted,21.0,3064.0,285,
s121416052,p02781,u714538557,1582044354,C++,C++14 (GCC 5.4.1),cpp,Accepted,1.0,256.0,1519,
s680006186,p02781,u068765697,1582043496,C++,C++14 (GCC 5.4.1),cpp,Accepted,2.0,384.0,1278,
s715998182,p02781,u230414490,1582043097,C++,C++14 (GCC 5.4.1),cpp,Accepted,1.0,384.0,1656,
s601027060,p02781,u368552463,1582042748,C++,C++14 (GCC 5.4.1),cpp,Accepted,1.0,256.0,644,
s704082087,p02781,u434231045,1582040883,C++,C++14 (GCC 5.4.1),cpp,Accepted,1.0,256.0,3490,
s508817310,p02781,u885494445,1582038606,Python,Python (3.4.3),py,Accepted,152.0,12508.0,539,
s600360859,p02781,u961135803,1582029613,C++,C++14 (GCC 5.4.1),cpp,Accepted,1.0,384.0,1108,
s812285854,p02781,u482544950,1582029042,C++,C++14 (GCC 5.4.1),cpp,Accepted,1.0,256.0,1189,
s824162315,p02781,u781163713,1582023653,Python,Python (3.4.3),py,Accepted,72.0,3188.0,1623,
s153247988,p02781,u395350106,1582021590,C++,C++14 (GCC 5.4.1),cpp,Accepted,1.0,256.0,740,
s185147974,p02781,u824237520,1582016531,Python,Python (3.4.3),py,Accepted,18.0,3064.0,550,
s197417700,p02781,u455177911,1582006316,C++,C++14 (GCC 5.4.1),cpp,Accepted,1.0,256.0,637,
s009606370,p02781,u862636716,1581994486,C++,C++14 (GCC 5.4.1),cpp,Accepted,1.0,256.0,1094,
s580909728,p02781,u842964692,1581986975,Python,Python (3.4.3),py,Accepted,22.0,3188.0,392,
s164989473,p02781,u318616028,1581984166,Python,Python (3.4.3),py,Accepted,26.0,3940.0,421,
s935585420,p02781,u659302753,1581983691,Python,Python (3.4.3),py,Accepted,26.0,3940.0,752,
s972646947,p02781,u806999568,1581981220,C++,C++14 (GCC 5.4.1),cpp,Accepted,1.0,256.0,1666,
s774187991,p02781,u756088996,1581981124,C++,C++14 (GCC 5.4.1),cpp,Accepted,2.0,256.0,1215,
s735530552,p02781,u146779775,1581977647,C++,C++14 (GCC 5.4.1),cpp,Accepted,1.0,256.0,835,
s920300084,p02781,u427344224,1581977460,C++,C++14 (GCC 5.4.1),cpp,Accepted,1.0,256.0,1399,
s844712275,p02781,u064708782,1581974947,C++,C++14 (GCC 5.4.1),cpp,Accepted,1.0,128.0,682,
s711121595,p02781,u341406884,1581974904,C++,C++14 (GCC 5.4.1),cpp,Accepted,1.0,256.0,947,
s454863846,p02781,u419874471,1581973617,C++,C++14 (GCC 5.4.1),cpp,Accepted,1.0,256.0,6371,
s494756573,p02781,u997641430,1581972252,Python,Python (3.4.3),py,Accepted,505.0,3060.0,284,
s495316708,p02781,u062068953,1581971106,Python,Python (3.4.3),py,Accepted,18.0,3064.0,515,
s706951218,p02781,u385825353,1581965494,C++,C++14 (GCC 5.4.1),cpp,Accepted,1.0,256.0,609,
s927170985,p02781,u916002037,1581964754,C++,C++14 (GCC 5.4.1),cpp,Accepted,2.0,256.0,1102,
s957020522,p02781,u395350106,1581962883,C++,C++14 (GCC 5.4.1),cpp,Accepted,1.0,256.0,761,
s894714336,p02781,u023463844,1581962351,C++,C++14 (GCC 5.4.1),cpp,Accepted,2.0,384.0,920,
s918767893,p02781,u430494842,1581961583,C++,C++14 (GCC 5.4.1),cpp,Accepted,1.0,256.0,4129,
s710809667,p02781,u430494842,1581961131,C++,C++14 (GCC 5.4.1),cpp,Accepted,1.0,256.0,4129,
s127638369,p02781,u697421413,1581961001,C++,C++14 (GCC 5.4.1),cpp,Accepted,1.0,256.0,1259,
s110755968,p02781,u809690311,1581957155,C++,C++14 (GCC 5.4.1),cpp,Accepted,1.0,256.0,781,
s506633230,p02781,u749062112,1581956674,C++,C++14 (GCC 5.4.1),cpp,Accepted,1.0,256.0,630,
s197439489,p02781,u486908386,1581955484,C++,C++14 (GCC 5.4.1),cpp,Accepted,1.0,256.0,929,
s441476642,p02781,u251847465,1581955203,C++,C++14 (GCC 5.4.1),cpp,Accepted,2.0,256.0,3341,
s210040267,p02781,u495053995,1581954474,C++,C++14 (GCC 5.4.1),cpp,Accepted,1.0,256.0,1306,
s156185948,p02781,u495053995,1581951940,C++,C++14 (GCC 5.4.1),cpp,Accepted,2.0,384.0,984,
s112160908,p02781,u136342563,1581950536,C++,C++14 (GCC 5.4.1),cpp,Accepted,1.0,256.0,840,
s123456485,p02781,u493130708,1581949344,Python,Python (3.4.3),py,Accepted,1772.0,3064.0,453,
s724389699,p02781,u030904397,1581947236,C++,C++14 (GCC 5.4.1),cpp,Accepted,2.0,256.0,565,
s626873747,p02781,u763681293,1581946933,C++,C++14 (GCC 5.4.1),cpp,Accepted,1.0,256.0,2059,
s950832072,p02781,u152335469,1581944047,C++,C++14 (GCC 5.4.1),cpp,Accepted,1.0,256.0,1577,
s267894132,p02781,u820833940,1581933616,C++,C++ (GCC 5.4.1),cpp,Accepted,1.0,256.0,956,
s138558602,p02781,u575068578,1581926690,C++,C++14 (GCC 5.4.1),cpp,Accepted,1.0,256.0,2809,
s245179489,p02781,u774652316,1581923649,C++,C++14 (GCC 5.4.1),cpp,Accepted,1.0,256.0,1380,
s516686998,p02781,u148037244,1581912112,C++,C++14 (GCC 5.4.1),cpp,Accepted,1.0,256.0,1086,
s856959450,p02781,u687053495,1581906849,Python,Python (3.4.3),py,Accepted,24.0,3064.0,881,
s779952191,p02781,u139031151,1581902157,C++,C++14 (GCC 5.4.1),cpp,Accepted,278.0,234624.0,6598,
s655333102,p02781,u484462687,1581901165,C++,C++14 (GCC 5.4.1),cpp,Accepted,502.0,256.0,939,
s299329039,p02781,u571152872,1581899797,C++,C++14 (GCC 5.4.1),cpp,Accepted,1.0,256.0,549,
s242332728,p02781,u374512062,1581897888,C++,C++14 (GCC 5.4.1),cpp,Accepted,1.0,256.0,1290,
s704749398,p02781,u221758210,1581891246,C++,C++14 (GCC 5.4.1),cpp,Accepted,1.0,256.0,10566,
s293159128,p02781,u324176610,1581889992,C++,C++14 (GCC 5.4.1),cpp,Accepted,1.0,256.0,918,
s502147543,p02781,u761475553,1581888339,C++,C++14 (GCC 5.4.1),cpp,Accepted,1.0,128.0,712,
s331425134,p02781,u687214625,1581887850,C++,C++14 (GCC 5.4.1),cpp,Accepted,1.0,256.0,980,
s630662739,p02781,u150022918,1581886038,C++,C++14 (GCC 5.4.1),cpp,Accepted,1.0,256.0,2013,
s133647948,p02781,u466331465,1581883128,Python,PyPy3 (2.4.0),py,Accepted,212.0,43116.0,529,
s091125586,p02781,u318700622,1581882938,C++,C++14 (GCC 5.4.1),cpp,Accepted,1.0,256.0,1400,
s566229371,p02781,u263933075,1581882818,C++,C++14 (GCC 5.4.1),cpp,Accepted,1.0,384.0,1583,
s515576699,p02781,u952437626,1581879057,C++,C++14 (GCC 5.4.1),cpp,Accepted,1.0,256.0,854,
s887592476,p02781,u128456980,1581878829,C++,C++14 (GCC 5.4.1),cpp,Accepted,2.0,384.0,1413,
s573950635,p02781,u496762077,1581878675,Python,Python (3.4.3),py,Accepted,153.0,12504.0,481,
s933648400,p02781,u667760092,1581877334,C++,C++14 (GCC 5.4.1),cpp,Accepted,1.0,256.0,1364,
s603251366,p02781,u069838609,1581876946,C++,C++14 (GCC 5.4.1),cpp,Accepted,1.0,384.0,3813,
s106106380,p02781,u549874573,1581876840,C++,C++14 (GCC 5.4.1),cpp,Accepted,2.0,384.0,728,
s276665898,p02781,u035009844,1581876686,C++,C++14 (GCC 5.4.1),cpp,Accepted,1.0,256.0,1636,
s378421100,p02781,u549874573,1581876609,C++,C++14 (GCC 5.4.1),cpp,Accepted,40.0,156544.0,726,
s756557914,p02781,u638661457,1581876531,C++,C++ (GCC 5.4.1),cpp,Accepted,1.0,256.0,1779,
s000170468,p02781,u645961531,1581876401,C++,C++14 (GCC 5.4.1),cpp,Accepted,2.0,256.0,7479,
s070087399,p02781,u167906550,1581875780,C++,C++14 (GCC 5.4.1),cpp,Accepted,1.0,256.0,1959,
s377992646,p02781,u002539468,1581875524,Python,Python (3.4.3),py,Accepted,18.0,3064.0,687,
s471954590,p02781,u952130512,1581875413,C++,C++14 (GCC 5.4.1),cpp,Accepted,1.0,256.0,989,
s787732832,p02781,u358957649,1581874756,Python,Python (3.4.3),py,Accepted,19.0,3064.0,1171,
s265839471,p02781,u384161413,1581874518,C++,C++14 (GCC 5.4.1),cpp,Accepted,1.0,256.0,816,
s387568235,p02781,u256281774,1581873027,Python,Python (3.4.3),py,Accepted,27.0,3812.0,634,
s517682059,p02781,u809967037,1581873015,C++,C++14 (GCC 5.4.1),cpp,Accepted,1.0,384.0,4948,
s522916198,p02781,u256281774,1581872691,Python,PyPy3 (2.4.0),py,Accepted,1361.0,61400.0,574,
s378481553,p02781,u617826263,1581870462,C++,C++14 (GCC 5.4.1),cpp,Accepted,1.0,256.0,608,
s974293871,p02781,u917282863,1581869827,C++,C++14 (GCC 5.4.1),cpp,Accepted,1.0,256.0,1666,
s661678306,p02781,u521712919,1581867870,C++,C++14 (GCC 5.4.1),cpp,Accepted,1.0,256.0,774,
s001003062,p02781,u603356062,1581866946,C++,C++14 (GCC 5.4.1),cpp,Accepted,1.0,256.0,1304,
s282740790,p02781,u075012704,1581866689,Python,Python (3.4.3),py,Accepted,18.0,3064.0,866,
s315959376,p02781,u316322317,1581866498,C++,C++14 (GCC 5.4.1),cpp,Accepted,2.0,256.0,1060,
s992061481,p02781,u163320134,1581865398,Python,Python (3.4.3),py,Accepted,20.0,3064.0,799,
s079833052,p02781,u486122973,1581865350,C++,C++14 (Clang 3.8.0),cpp,Accepted,1.0,256.0,1378,
s122664999,p02781,u736848749,1581865179,Python,Python (3.4.3),py,Accepted,18.0,3064.0,568,
s924608334,p02781,u637175065,1581864996,Python,Python (3.4.3),py,Accepted,60.0,6416.0,1925,
s016003112,p02781,u409878193,1581864379,C++,C++14 (GCC 5.4.1),cpp,Accepted,1.0,256.0,856,
s270185441,p02781,u480938608,1581863913,C++,C++14 (GCC 5.4.1),cpp,Accepted,1.0,256.0,772,
s394172519,p02781,u480806810,1581862465,C++,C++14 (GCC 5.4.1),cpp,Accepted,1.0,256.0,1110,
s631221172,p02781,u866529295,1581861181,C++,C++14 (GCC 5.4.1),cpp,Accepted,1.0,256.0,1730,
s058782596,p02781,u436835360,1581860656,C++,C++14 (GCC 5.4.1),cpp,Accepted,1.0,256.0,1161,
s564565330,p02781,u066369439,1581860237,C++,C++14 (GCC 5.4.1),cpp,Accepted,1.0,256.0,2720,
s170610748,p02781,u947517859,1581859938,C++,C++14 (GCC 5.4.1),cpp,Accepted,2.0,384.0,1187,
s803508563,p02781,u515019830,1581859263,C++,C++14 (GCC 5.4.1),cpp,Accepted,1.0,256.0,1193,
s913484516,p02781,u294876844,1581858932,C++,C++14 (GCC 5.4.1),cpp,Accepted,1.0,256.0,1125,
s789275830,p02781,u492026192,1581858216,Python,PyPy3 (2.4.0),py,Accepted,162.0,38256.0,560,
s585790836,p02781,u892679578,1581857376,C++,C++14 (GCC 5.4.1),cpp,Accepted,1.0,256.0,828,
s449438842,p02781,u325956328,1581856171,Python,Python (3.4.3),py,Accepted,24.0,3064.0,726,
s707838957,p02781,u892679578,1581855739,C++,C++14 (GCC 5.4.1),cpp,Accepted,1.0,256.0,828,
s357582742,p02781,u905203728,1581854452,Python,PyPy3 (2.4.0),py,Accepted,202.0,40944.0,423,
s587840145,p02781,u905203728,1581854030,Python,PyPy3 (2.4.0),py,Accepted,197.0,40944.0,465,
s894316142,p02781,u427344224,1581850010,C++,C++14 (GCC 5.4.1),cpp,Accepted,1.0,384.0,1383,
s842395193,p02781,u520276780,1581845520,Python,PyPy3 (2.4.0),py,Accepted,1030.0,41180.0,739,
s920377483,p02781,u622570247,1581844062,Python,Python (3.4.3),py,Accepted,23.0,3064.0,708,
s943202789,p02781,u260882325,1581843336,C++,C++14 (GCC 5.4.1),cpp,Accepted,2.0,384.0,562,
s000976124,p02781,u525065967,1581835050,C++,C++14 (GCC 5.4.1),cpp,Accepted,1.0,256.0,613,
s577464302,p02781,u525065967,1581834144,C++,C++14 (GCC 5.4.1),cpp,Accepted,1.0,256.0,657,
s849296340,p02781,u525065967,1581832351,C++,C++14 (GCC 5.4.1),cpp,Accepted,2.0,256.0,616,
s973868535,p02781,u525065967,1581826695,C++,C++14 (GCC 5.4.1),cpp,Accepted,1.0,256.0,595,
s467758038,p02781,u525065967,1581826547,C++,C++14 (GCC 5.4.1),cpp,Accepted,1.0,256.0,593,
s799042910,p02781,u496762077,1581826072,Python,Python (3.4.3),py,Accepted,18.0,3064.0,773,
s941585415,p02781,u496762077,1581826050,Python,Python (3.4.3),py,Accepted,19.0,3064.0,773,
s432071012,p02781,u496762077,1581826008,Python,Python (3.4.3),py,Accepted,17.0,3064.0,775,
s591799013,p02781,u496762077,1581825806,Python,Python (3.4.3),py,Accepted,18.0,3064.0,776,
s434067881,p02781,u325227960,1581823633,Python,PyPy3 (2.4.0),py,Accepted,166.0,38356.0,641,
s849603858,p02781,u975652044,1581823549,C++,C++14 (GCC 5.4.1),cpp,Accepted,1.0,256.0,830,
s813731184,p02781,u957316029,1581822045,C++,C++14 (GCC 5.4.1),cpp,Accepted,1.0,256.0,1362,
s840453617,p02781,u133129810,1581819815,C++,C++14 (GCC 5.4.1),cpp,Accepted,1.0,256.0,2484,
s489639996,p02781,u133129810,1581819494,C++,C++14 (GCC 5.4.1),cpp,Accepted,1.0,256.0,2482,
s696201681,p02781,u450009898,1581818450,C++,C++14 (GCC 5.4.1),cpp,Accepted,27.0,4096.0,1021,
s848078348,p02781,u515019830,1581817815,C++,C++14 (GCC 5.4.1),cpp,Accepted,1.0,256.0,1010,
s063671659,p02781,u693716675,1581815808,C++,C++14 (GCC 5.4.1),cpp,Accepted,1.0,256.0,1795,
s270314680,p02781,u204973596,1581813138,C++,C++14 (GCC 5.4.1),cpp,Accepted,1.0,256.0,1914,
s277870209,p02781,u352200121,1581811067,C++,C++14 (GCC 5.4.1),cpp,Accepted,1.0,256.0,819,
s306662969,p02781,u107639613,1581810718,Python,PyPy3 (2.4.0),py,Accepted,744.0,58072.0,790,
s644723230,p02781,u175449511,1581810391,Python,PyPy3 (2.4.0),py,Accepted,201.0,41200.0,592,
s417409162,p02781,u519194615,1581810271,C++,C++14 (GCC 5.4.1),cpp,Accepted,3.0,256.0,1242,
s023284727,p02781,u991456366,1581810149,C++,C++14 (GCC 5.4.1),cpp,Accepted,1.0,256.0,878,
s945472359,p02781,u016119075,1581809269,C++,C++14 (GCC 5.4.1),cpp,Accepted,1.0,256.0,647,
s493523566,p02781,u532780765,1581809142,C++,C++14 (GCC 5.4.1),cpp,Accepted,1.0,256.0,1132,
s324283791,p02781,u451748673,1581807019,C++,C++14 (GCC 5.4.1),cpp,Accepted,1.0,256.0,1775,
s082964444,p02781,u424060696,1581806078,C++,C++14 (GCC 5.4.1),cpp,Accepted,1.0,256.0,811,
s832863175,p02781,u807772568,1581805352,Python,PyPy3 (2.4.0),py,Accepted,181.0,38384.0,1916,
s525216775,p02781,u226023982,1581802929,C++,C++14 (GCC 5.4.1),cpp,Accepted,1.0,256.0,766,
s786107296,p02781,u018679195,1581802739,C++,C++14 (GCC 5.4.1),cpp,Accepted,2.0,256.0,1103,
s959178016,p02781,u399987025,1581802400,C++,C++14 (GCC 5.4.1),cpp,Accepted,1.0,256.0,1180,
s052964453,p02781,u045289115,1581802368,C++,C++14 (GCC 5.4.1),cpp,Accepted,1.0,256.0,863,
s151502714,p02781,u224232591,1581801849,C++,C++14 (GCC 5.4.1),cpp,Accepted,1.0,256.0,838,
s059354274,p02781,u340303097,1581797703,C++,C++14 (GCC 5.4.1),cpp,Accepted,1.0,256.0,2193,
s689202216,p02781,u891346638,1581797196,C++,C++14 (GCC 5.4.1),cpp,Accepted,1.0,256.0,994,
s533950821,p02781,u495903598,1581796100,C++,C++14 (GCC 5.4.1),cpp,Accepted,1.0,256.0,1120,
s294870343,p02781,u785578220,1581794892,Python,Python (3.4.3),py,Accepted,22.0,3188.0,408,
s410726504,p02781,u567489994,1581793128,C++,C++14 (GCC 5.4.1),cpp,Accepted,6.0,15872.0,3943,
s284427769,p02781,u054514819,1581792734,Python,Python (3.4.3),py,Accepted,26.0,3940.0,290,
s890197630,p02781,u054514819,1581792434,Python,Python (3.4.3),py,Accepted,88.0,6240.0,270,
s581675868,p02781,u054514819,1581792361,Python,Python (3.4.3),py,Accepted,91.0,6120.0,270,
s963088619,p02781,u344988629,1581791201,C++,C++14 (GCC 5.4.1),cpp,Accepted,1.0,256.0,1076,
s374867440,p02781,u960093366,1581790947,C++,C++14 (GCC 5.4.1),cpp,Accepted,1.0,256.0,2430,
s845647956,p02781,u143903328,1581789280,Python,Python (3.4.3),py,Accepted,100.0,4088.0,1527,
s629834883,p02781,u977141657,1581788668,Python,Python (3.4.3),py,Accepted,18.0,3064.0,862,
s573556362,p02781,u135358384,1581787707,C++,C++14 (GCC 5.4.1),cpp,Accepted,76.0,174336.0,4704,
s293782797,p02781,u977141657,1581787428,Python,Python (3.4.3),py,Accepted,19.0,3064.0,1544,
s848617640,p02781,u664492470,1581785174,C++,C++14 (GCC 5.4.1),cpp,Accepted,1.0,256.0,1152,
s047161955,p02781,u586759271,1581783308,Python,PyPy3 (2.4.0),py,Accepted,168.0,38384.0,1314,
s821119299,p02781,u373958718,1581782677,Python,Python (3.4.3),py,Accepted,26.0,3940.0,294,
s487780331,p02781,u987591601,1581781935,C++,C++14 (GCC 5.4.1),cpp,Accepted,1.0,256.0,3063,
s418240034,p02781,u886122162,1581781911,C++,C++14 (GCC 5.4.1),cpp,Accepted,1.0,256.0,978,
s691769655,p02781,u818078165,1581780155,Python,Python (3.4.3),py,Accepted,23.0,3700.0,1020,
s112200542,p02781,u756388720,1581779820,C++,C++14 (GCC 5.4.1),cpp,Accepted,1.0,256.0,464,
s056645871,p02781,u226023982,1581779695,C++,C++14 (GCC 5.4.1),cpp,Accepted,2.0,256.0,761,
s048528308,p02781,u955251526,1581778941,Python,Python (3.4.3),py,Accepted,18.0,3064.0,662,
s934771024,p02781,u790905630,1581776857,Python,Python (3.4.3),py,Accepted,39.0,3064.0,1116,
s392654899,p02781,u366089652,1581776009,C++,C++14 (GCC 5.4.1),cpp,Accepted,2.0,256.0,640,
s633727704,p02781,u412908746,1581775567,C++,C++14 (GCC 5.4.1),cpp,Accepted,1.0,256.0,1092,
s275077499,p02781,u700484101,1581774707,C++,C++14 (GCC 5.4.1),cpp,Accepted,1.0,384.0,2051,
s022283889,p02781,u848736574,1581770491,C++,C++14 (GCC 5.4.1),cpp,Accepted,2.0,384.0,1610,
s083649713,p02781,u075012704,1581769688,Python,PyPy3 (2.4.0),py,Accepted,1384.0,42092.0,1981,
s614648136,p02781,u588369531,1581766422,C++,C++14 (GCC 5.4.1),cpp,Accepted,1.0,256.0,3392,
s912549764,p02781,u886613668,1581766365,C++,C++14 (GCC 5.4.1),cpp,Accepted,1.0,256.0,620,
s183657856,p02781,u879309973,1581766071,Python,Python (3.4.3),py,Accepted,18.0,3192.0,824,
s801003637,p02781,u806601169,1581765877,C++,C++14 (GCC 5.4.1),cpp,Accepted,1.0,256.0,1948,
s149719248,p02781,u635484372,1581765493,C++,C++14 (GCC 5.4.1),cpp,Accepted,2.0,384.0,2437,
s761173501,p02781,u287500079,1581763641,Python,Python (3.4.3),py,Accepted,18.0,3192.0,2297,
s762760656,p02781,u287500079,1581763037,Python,PyPy3 (2.4.0),py,Accepted,187.0,38588.0,5508,
s556182098,p02781,u287132915,1581761919,Python,Python (3.4.3),py,Accepted,19.0,3064.0,690,
s209164017,p02781,u287132915,1581761759,Python,Python (3.4.3),py,Accepted,22.0,3064.0,729,
s366460659,p02781,u095021077,1581761424,Python,Python (3.4.3),py,Accepted,20.0,3192.0,688,
s330923833,p02781,u287132915,1581761250,Python,Python (3.4.3),py,Accepted,40.0,3440.0,1807,
s903387738,p02781,u111497285,1581760214,Python,Python (3.4.3),py,Accepted,18.0,3064.0,568,
s620041296,p02781,u620961063,1581750745,C++,C++14 (GCC 5.4.1),cpp,Accepted,3.0,6528.0,1036,
s624252197,p02781,u525065967,1581748148,C++,C++14 (GCC 5.4.1),cpp,Accepted,1.0,256.0,589,
s201276604,p02781,u525065967,1581747199,C++,C++14 (GCC 5.4.1),cpp,Accepted,1.0,256.0,647,
s967969425,p02781,u525065967,1581744613,C++,C++14 (GCC 5.4.1),cpp,Accepted,1.0,256.0,880,
s507877715,p02781,u525065967,1581743779,C++,C++14 (GCC 5.4.1),cpp,Accepted,1.0,256.0,914,
s154056994,p02781,u525065967,1581743576,C++,C++14 (GCC 5.4.1),cpp,Accepted,1.0,256.0,885,
s547567390,p02781,u521364030,1581743295,C++,C++14 (GCC 5.4.1),cpp,Accepted,1.0,256.0,641,
s419282769,p02781,u525065967,1581743185,C++,C++14 (GCC 5.4.1),cpp,Accepted,1.0,256.0,1112,
s780763653,p02781,u987913144,1581742699,C++,C++14 (GCC 5.4.1),cpp,Accepted,2.0,896.0,1990,
s274641833,p02781,u145078501,1581740855,C++,C++14 (GCC 5.4.1),cpp,Accepted,1.0,256.0,1725,
s032432523,p02781,u071680334,1581739326,Python,Python (3.4.3),py,Accepted,20.0,3064.0,1251,
s233093944,p02781,u990008163,1581738474,C++,C++14 (GCC 5.4.1),cpp,Accepted,22.0,256.0,2374,
s312322318,p02781,u071680334,1581737650,Python,Python (3.4.3),py,Accepted,21.0,3064.0,882,
s304256771,p02781,u371555975,1581735471,C++,C++14 (GCC 5.4.1),cpp,Accepted,1.0,256.0,875,
s512516726,p02781,u703503553,1581731910,C++,C++14 (GCC 5.4.1),cpp,Accepted,2.0,384.0,1226,
s720483344,p02781,u131340563,1581729153,C++,C++14 (GCC 5.4.1),cpp,Accepted,1.0,256.0,925,
s222740855,p02781,u482090956,1581726722,C++,C++14 (GCC 5.4.1),cpp,Accepted,2.0,384.0,1084,
s234880586,p02781,u706929073,1581725312,Python,Python (3.4.3),py,Accepted,23.0,3064.0,633,
s394344670,p02781,u706929073,1581725050,Python,Python (3.4.3),py,Accepted,23.0,3064.0,632,
s765559889,p02781,u706929073,1581724838,Python,Python (3.4.3),py,Accepted,23.0,3064.0,633,
s872309782,p02781,u515019830,1581724103,C++,C++14 (GCC 5.4.1),cpp,Accepted,1.0,256.0,1072,
s757782382,p02781,u169848474,1581723626,C++,C++14 (GCC 5.4.1),cpp,Accepted,1.0,256.0,687,
s347647452,p02781,u477977638,1581722373,Python,Python (3.4.3),py,Accepted,26.0,3940.0,551,
s846428421,p02781,u477977638,1581722354,Python,PyPy3 (2.4.0),py,Accepted,182.0,39536.0,551,
s785674716,p02781,u226023982,1581718626,C++,C++14 (GCC 5.4.1),cpp,Accepted,1.0,256.0,813,
s760003474,p02781,u226023982,1581718601,C++,C++14 (GCC 5.4.1),cpp,Accepted,47.0,159616.0,555,
s467372627,p02781,u340293807,1581717190,C++,C++14 (GCC 5.4.1),cpp,Accepted,1.0,256.0,1427,
s921272974,p02781,u901582103,1581716945,Python,Python (3.4.3),py,Accepted,18.0,3188.0,1331,
s514600672,p02781,u055459962,1581716689,C++,C++14 (GCC 5.4.1),cpp,Accepted,1.0,256.0,921,
s910212762,p02781,u855393458,1581712057,Python,Python (3.4.3),py,Accepted,24.0,3064.0,426,
s319811049,p02781,u577138895,1581710347,Python,PyPy3 (2.4.0),py,Accepted,192.0,41072.0,740,
s643967041,p02781,u223904637,1581706495,Python,PyPy3 (2.4.0),py,Accepted,183.0,38256.0,462,
s748590865,p02781,u644332191,1581705463,C++,C++14 (GCC 5.4.1),cpp,Accepted,1.0,256.0,2253,
s027966263,p02781,u653807637,1581704487,Python,Python (3.4.3),py,Accepted,18.0,3316.0,865,
s166783138,p02781,u612281743,1581703704,C++,C++14 (GCC 5.4.1),cpp,Accepted,1.0,256.0,561,
s999577899,p02781,u226873514,1581703467,Python,PyPy3 (2.4.0),py,Accepted,195.0,41328.0,1621,
s643989108,p02781,u172877642,1581695727,Python,PyPy3 (2.4.0),py,Accepted,257.0,43368.0,708,
s692837616,p02781,u060663813,1581691118,Python,Python (3.4.3),py,Accepted,18.0,3064.0,543,
s607300451,p02781,u557207741,1581687823,C++,C++14 (GCC 5.4.1),cpp,Accepted,1.0,256.0,972,
s291707327,p02781,u439272053,1581684995,C++,C++14 (GCC 5.4.1),cpp,Accepted,1.0,256.0,1141,
s119924951,p02781,u276796245,1581684776,C++,C++14 (GCC 5.4.1),cpp,Accepted,1.0,256.0,1579,
s402458738,p02781,u571173211,1581683536,C++,C++14 (GCC 5.4.1),cpp,Accepted,1.0,256.0,1762,
s829727460,p02781,u700805562,1581683251,Python,Python (3.4.3),py,Accepted,22.0,3064.0,461,
s085195709,p02781,u866374539,1581681491,Python,Python (3.4.3),py,Accepted,23.0,3064.0,819,
s227267206,p02781,u994521204,1581680898,Python,Python (3.4.3),py,Accepted,23.0,3064.0,1159,
s386522277,p02781,u366169644,1581678479,C++,C++14 (GCC 5.4.1),cpp,Accepted,2.0,256.0,1040,
s189361682,p02781,u829484206,1581677566,C++,C++14 (GCC 5.4.1),cpp,Accepted,1.0,256.0,3640,
s129549298,p02781,u898749314,1581677457,C++,C++14 (GCC 5.4.1),cpp,Accepted,1.0,256.0,1595,
s001565294,p02781,u410118019,1581676898,Python,Python (3.4.3),py,Accepted,17.0,3064.0,332,
s613676440,p02781,u324549724,1581676854,C++,C++14 (GCC 5.4.1),cpp,Accepted,1.0,256.0,1686,
s041738701,p02781,u551813187,1581676441,C++,C++14 (GCC 5.4.1),cpp,Accepted,1.0,256.0,511,
s076456263,p02781,u225581241,1581675569,C++,C++14 (GCC 5.4.1),cpp,Accepted,2.0,256.0,1350,
s082218587,p02781,u384299515,1581675276,C++,C++14 (GCC 5.4.1),cpp,Accepted,1.0,256.0,2853,
s478897939,p02781,u281518631,1581671962,C++,C++14 (GCC 5.4.1),cpp,Accepted,1.0,256.0,1753,
s492227187,p02781,u249159799,1581670622,C++,C++14 (GCC 5.4.1),cpp,Accepted,1.0,640.0,1049,
s308847033,p02781,u412837450,1581669701,C++,C++14 (GCC 5.4.1),cpp,Accepted,2.0,384.0,616,
s009135761,p02781,u451010951,1581668940,C++,C++14 (GCC 5.4.1),cpp,Accepted,1.0,256.0,1557,
s509940235,p02781,u374051158,1581667738,C++,C++14 (GCC 5.4.1),cpp,Accepted,1.0,256.0,955,
s119648081,p02781,u459649550,1581651897,C++,C++14 (GCC 5.4.1),cpp,Accepted,1.0,256.0,770,
s309006174,p02781,u768152935,1581651010,C++,C++14 (GCC 5.4.1),cpp,Accepted,1.0,256.0,1020,
s381207369,p02781,u768152935,1581650637,C++,C++14 (GCC 5.4.1),cpp,Accepted,1.0,256.0,1144,
s870104952,p02781,u244818078,1581647793,C++,C++14 (GCC 5.4.1),cpp,Accepted,5.0,512.0,1159,
s034579172,p02781,u102531485,1581644846,C++,C++14 (GCC 5.4.1),cpp,Accepted,1.0,256.0,788,
s323726017,p02781,u107639613,1581638420,Python,PyPy3 (2.4.0),py,Accepted,1525.0,49880.0,731,
s365393859,p02781,u372501464,1581638356,Python,Python (3.4.3),py,Accepted,29.0,3820.0,775,
s876960871,p02781,u372501464,1581638084,Python,PyPy3 (2.4.0),py,Accepted,192.0,41328.0,714,
s194057717,p02781,u372501464,1581638025,Python,Python (3.4.3),py,Accepted,163.0,12500.0,680,
s219268727,p02781,u045643130,1581636431,C++,C++14 (GCC 5.4.1),cpp,Accepted,1.0,256.0,8699,
s864457058,p02781,u071680334,1581633936,Python,Python (3.4.3),py,Accepted,20.0,3188.0,1324,
s532856362,p02781,u969116807,1581631569,C++,C++14 (GCC 5.4.1),cpp,Accepted,1.0,256.0,1370,
s346933408,p02781,u969116807,1581631525,C++,C++14 (GCC 5.4.1),cpp,Accepted,1.0,256.0,1885,
s820540019,p02781,u372501464,1581631302,Python,Python (3.4.3),py,Accepted,26.0,3436.0,714,
s759227707,p02781,u716566635,1581630980,C++,C++14 (GCC 5.4.1),cpp,Accepted,1.0,256.0,1357,
s823888136,p02781,u045643130,1581630651,C++,C++14 (GCC 5.4.1),cpp,Accepted,1.0,256.0,5371,
s276556834,p02781,u202370403,1581630451,C++,C++14 (GCC 5.4.1),cpp,Accepted,1.0,256.0,546,
s377174347,p02781,u045643130,1581629078,C++,C++14 (GCC 5.4.1),cpp,Accepted,1.0,256.0,5371,
s837092716,p02781,u226108478,1581627884,Python,Python (3.4.3),py,Accepted,20.0,3064.0,2073,
s588576261,p02781,u645487439,1581627375,Python,Python (3.4.3),py,Accepted,464.0,3060.0,315,
s754757072,p02781,u897282055,1581626836,C++,C++14 (GCC 5.4.1),cpp,Accepted,1.0,256.0,7580,
s446680153,p02781,u045643130,1581626555,C++,C++14 (GCC 5.4.1),cpp,Accepted,1.0,256.0,1474,
s215806271,p02781,u741815956,1581625974,C++,C++14 (GCC 5.4.1),cpp,Accepted,1.0,256.0,641,
s076678829,p02781,u012298376,1581624273,C++,C++14 (GCC 5.4.1),cpp,Accepted,1.0,256.0,938,
s267469453,p02781,u886771373,1581624047,C++,C++14 (GCC 5.4.1),cpp,Accepted,1.0,256.0,777,
s475854596,p02781,u226108478,1581623464,Python,Python (3.4.3),py,Accepted,20.0,3064.0,932,
s906946869,p02781,u037430802,1581622376,Python,PyPy3 (2.4.0),py,Accepted,199.0,40176.0,1923,
s403921756,p02781,u725107050,1581622321,Python,Python (3.4.3),py,Accepted,25.0,3064.0,1111,
s692959573,p02781,u826376026,1581621943,C++,C++14 (GCC 5.4.1),cpp,Accepted,1.0,256.0,3365,
s149520950,p02781,u353412420,1581621164,C++,C++14 (GCC 5.4.1),cpp,Accepted,1.0,256.0,1685,
s568791666,p02781,u902151549,1581620895,Python,Python (3.4.3),py,Accepted,46.0,5864.0,2714,
s030353740,p02781,u634999820,1581620332,C++,C++14 (GCC 5.4.1),cpp,Accepted,1.0,256.0,1470,
s906999896,p02781,u771524928,1581619011,C++,C++14 (GCC 5.4.1),cpp,Accepted,1.0,256.0,3220,
s622058291,p02781,u523130469,1581618299,Python,PyPy3 (2.4.0),py,Accepted,211.0,41456.0,728,
s236932270,p02781,u644568158,1581617141,C++,C++14 (GCC 5.4.1),cpp,Accepted,1.0,256.0,2321,
s283479625,p02781,u610441939,1581613707,C++,C++ (GCC 5.4.1),cpp,Accepted,1.0,256.0,1705,
s234270056,p02781,u461454424,1581613669,Python,Python (3.4.3),py,Accepted,24.0,3064.0,930,
s829630125,p02781,u724563664,1581612329,Python,Python (3.4.3),py,Accepted,22.0,3064.0,534,
s620727593,p02781,u724563664,1581612117,Python,Python (3.4.3),py,Accepted,22.0,3064.0,486,
s835094451,p02781,u406158207,1581611333,C++,C++14 (GCC 5.4.1),cpp,Accepted,1.0,256.0,1608,
s762237330,p02781,u217348908,1581610778,C++,C++14 (GCC 5.4.1),cpp,Accepted,1.0,128.0,1029,
s667483571,p02781,u983711104,1581609802,C++,C++14 (GCC 5.4.1),cpp,Accepted,1.0,256.0,587,
s073185793,p02781,u077025302,1581607969,C++,C++14 (GCC 5.4.1),cpp,Accepted,1.0,256.0,2279,
s008960766,p02781,u077025302,1581606843,C++,C++14 (GCC 5.4.1),cpp,Accepted,1.0,256.0,2853,
s712908680,p02781,u788137651,1581604964,Python,PyPy3 (2.4.0),py,Accepted,305.0,66412.0,2034,
s909629464,p02781,u593567568,1581604593,Python,Python (3.4.3),py,Accepted,22.0,3064.0,1451,
s414193279,p02781,u945359338,1581604370,C++,C++14 (GCC 5.4.1),cpp,Accepted,1.0,256.0,680,
s449988500,p02781,u237362582,1581602664,Python,PyPy3 (2.4.0),py,Accepted,166.0,38464.0,993,
s680365785,p02781,u240904580,1581600976,C++,C++14 (GCC 5.4.1),cpp,Accepted,2.0,256.0,1995,
s357313882,p02781,u240904580,1581600790,C++,C++14 (GCC 5.4.1),cpp,Accepted,3.0,384.0,1938,
s032190321,p02781,u951479148,1581595944,C++,C++14 (GCC 5.4.1),cpp,Accepted,1.0,256.0,1191,
s153630384,p02781,u644568158,1581595782,C++,C++14 (GCC 5.4.1),cpp,Accepted,1.0,256.0,2456,
s216740116,p02781,u951479148,1581594759,C++,C++14 (GCC 5.4.1),cpp,Accepted,1.0,256.0,1191,
s304781330,p02781,u324303263,1581592281,C++,C++14 (GCC 5.4.1),cpp,Accepted,1.0,256.0,3216,
s637880050,p02781,u159723084,1581591358,Python,Python (3.4.3),py,Accepted,18.0,3188.0,1089,
s136353900,p02781,u445624660,1581591249,Python,Python (3.4.3),py,Accepted,42.0,3768.0,598,
s499454311,p02781,u013803727,1581588411,C++,C++14 (GCC 5.4.1),cpp,Accepted,1.0,256.0,628,
s375117514,p02781,u036967019,1581587132,C++,C++14 (GCC 5.4.1),cpp,Accepted,3.0,384.0,1935,
s185040251,p02781,u306693261,1581586139,C++,C++14 (GCC 5.4.1),cpp,Accepted,1.0,256.0,500,
s751503946,p02781,u244626757,1581585733,C++,C++14 (GCC 5.4.1),cpp,Accepted,1.0,256.0,462,
s904715223,p02781,u686443944,1581584910,C++,C++ (GCC 5.4.1),cpp,Accepted,1.0,256.0,692,
s688193012,p02781,u045408189,1581581283,Python,Python (3.4.3),py,Accepted,23.0,3064.0,614,
s578838158,p02781,u545368057,1581578990,Python,Python (3.4.3),py,Accepted,22.0,3192.0,1491,
s605410714,p02781,u729166490,1581576059,C++,C++14 (GCC 5.4.1),cpp,Accepted,2.0,384.0,2054,
s089587513,p02781,u802234509,1581573541,Python,PyPy3 (2.4.0),py,Accepted,200.0,41072.0,645,
s419626623,p02781,u985443069,1581571232,Python,Python (3.4.3),py,Accepted,49.0,3760.0,2912,
s331333426,p02781,u244818078,1581568523,C++,C++14 (GCC 5.4.1),cpp,Accepted,2.0,384.0,1159,
s902776491,p02781,u300780693,1581567596,C++,C++14 (GCC 5.4.1),cpp,Accepted,1.0,256.0,2007,
s293942561,p02781,u023958502,1581566794,Python,Python (3.4.3),py,Accepted,17.0,3064.0,851,
s839939650,p02781,u308486530,1581559586,Python,Python (3.4.3),py,Accepted,17.0,3064.0,682,
s500839672,p02781,u202922874,1581556770,C++,C++14 (GCC 5.4.1),cpp,Accepted,1.0,256.0,1011,
s485875469,p02781,u955125992,1581556654,Python,Python (3.4.3),py,Accepted,27.0,3940.0,592,
s847622670,p02781,u098510720,1581556485,C++,C++14 (GCC 5.4.1),cpp,Accepted,1.0,256.0,7425,
s219571783,p02781,u202922874,1581556472,C++,C++14 (GCC 5.4.1),cpp,Accepted,1.0,256.0,782,
s773727815,p02781,u055221623,1581555898,C++,C++14 (GCC 5.4.1),cpp,Accepted,1.0,256.0,683,
s091099169,p02781,u959519702,1581555892,Python,PyPy2 (5.6.0),py,Accepted,52.0,32364.0,841,
s593363120,p02781,u600877030,1581553481,C++,C++14 (GCC 5.4.1),cpp,Accepted,1.0,256.0,1172,
s332270183,p02781,u223160139,1581553307,C++,C++14 (GCC 5.4.1),cpp,Accepted,1.0,256.0,624,
s109185579,p02781,u292746386,1581552494,Python,Python (3.4.3),py,Accepted,17.0,3064.0,815,
s354565816,p02781,u292746386,1581552252,Python,Python (3.4.3),py,Accepted,17.0,3064.0,884,
s301306181,p02781,u586336940,1581551842,C++,C++14 (GCC 5.4.1),cpp,Accepted,159.0,384.0,1110,
s918638780,p02781,u256351611,1581549947,Python,PyPy3 (2.4.0),py,Accepted,195.0,40560.0,790,
s545789554,p02781,u386819480,1581547888,Python,Python (3.4.3),py,Accepted,88.0,6180.0,936,
s255246309,p02781,u513083943,1581547407,C++,C++14 (GCC 5.4.1),cpp,Accepted,2.0,384.0,834,
s612538400,p02781,u274175583,1581546834,C++,C++14 (GCC 5.4.1),cpp,Accepted,1.0,256.0,849,
s815585102,p02781,u584790715,1581546803,Python,Python (3.4.3),py,Accepted,17.0,3064.0,658,
s163494936,p02781,u571162466,1581546591,C++,C++14 (GCC 5.4.1),cpp,Accepted,1.0,256.0,1613,
s467967331,p02781,u639032323,1581546535,C++,C++14 (GCC 5.4.1),cpp,Accepted,1.0,256.0,805,
s894827246,p02781,u074609562,1581546189,C++,C++14 (GCC 5.4.1),cpp,Accepted,1.0,256.0,1241,
s152529737,p02781,u167604613,1581545913,C++,C++14 (GCC 5.4.1),cpp,Accepted,1.0,256.0,1556,
s650817034,p02781,u612281743,1581545307,C++,C++14 (GCC 5.4.1),cpp,Accepted,1.0,256.0,1776,
s584334006,p02781,u473116917,1581545300,C++,C++14 (GCC 5.4.1),cpp,Accepted,14.0,16640.0,3706,
s836461202,p02781,u999989620,1581545091,C++,C++14 (GCC 5.4.1),cpp,Accepted,1.0,256.0,2120,
s487641497,p02781,u573082373,1581544037,C++,C++14 (GCC 5.4.1),cpp,Accepted,1.0,256.0,668,
s767364643,p02781,u775730524,1581541302,C++,C++14 (GCC 5.4.1),cpp,Accepted,1.0,256.0,1451,
s831258723,p02781,u706929073,1581541181,Python,Python (3.4.3),py,Accepted,22.0,3064.0,511,
s354341094,p02781,u389009751,1581541126,C++,C++14 (Clang 3.8.0),cpp,Accepted,1.0,256.0,844,
s854091744,p02781,u145179061,1581541109,C++,C++14 (GCC 5.4.1),cpp,Accepted,1.0,256.0,1094,
s441821831,p02781,u706929073,1581540882,Python,Python (3.4.3),py,Accepted,23.0,3064.0,509,
s253389564,p02781,u706929073,1581540681,Python,Python (3.4.3),py,Accepted,22.0,3064.0,510,
s589402654,p02781,u706929073,1581540480,Python,Python (3.4.3),py,Accepted,23.0,3064.0,510,
s311652540,p02781,u444348687,1581540446,C++,C++14 (GCC 5.4.1),cpp,Accepted,1.0,256.0,1116,
s435250517,p02781,u706929073,1581540212,Python,Python (3.4.3),py,Accepted,22.0,3064.0,510,
s155025259,p02781,u655777757,1581540189,C++,C++14 (GCC 5.4.1),cpp,Accepted,1.0,256.0,1401,
s398007402,p02781,u198019139,1581539769,Python,Python (3.4.3),py,Accepted,150.0,12504.0,993,
s465645348,p02781,u530606147,1581539668,C++,C++14 (GCC 5.4.1),cpp,Accepted,1.0,256.0,3745,
s054383459,p02781,u372144784,1581538415,Python,PyPy3 (2.4.0),py,Accepted,194.0,41072.0,2956,
s769721332,p02781,u045408189,1581538066,C++,C++14 (GCC 5.4.1),cpp,Accepted,1.0,256.0,454,
s787906754,p02781,u457565123,1581537636,C++,C++14 (GCC 5.4.1),cpp,Accepted,1.0,512.0,3398,
s658877423,p02781,u215315599,1581537272,Python,Python (3.4.3),py,Accepted,19.0,3188.0,1092,
s751798251,p02781,u250724809,1581536589,C++,C++14 (GCC 5.4.1),cpp,Accepted,1.0,256.0,934,
s527073512,p02781,u364497081,1581535604,C++,C++14 (GCC 5.4.1),cpp,Accepted,1.0,256.0,1313,
s872719993,p02781,u829737781,1581535161,C++,C++14 (GCC 5.4.1),cpp,Accepted,1.0,256.0,1489,
s212308006,p02781,u188117876,1581535056,C++,C++14 (GCC 5.4.1),cpp,Accepted,1.0,256.0,850,
s233026092,p02781,u364497081,1581534824,C++,C++14 (GCC 5.4.1),cpp,Accepted,1.0,256.0,1375,
s196060705,p02781,u130140706,1581534299,C++,C++14 (GCC 5.4.1),cpp,Accepted,1.0,256.0,1085,
s429210898,p02781,u842917248,1581531515,C++,C++14 (GCC 5.4.1),cpp,Accepted,1.0,256.0,1840,
s442347471,p02781,u052435908,1581530913,C++,C++ (GCC 5.4.1),cpp,Accepted,1.0,256.0,859,
s979091475,p02781,u530606147,1581530588,C++,C++14 (GCC 5.4.1),cpp,Accepted,1.0,256.0,3722,
s248206388,p02781,u225891650,1581530341,C++,C++14 (GCC 5.4.1),cpp,Accepted,4.0,2560.0,1449,
s734463730,p02781,u423585790,1581530123,Python,PyPy3 (2.4.0),py,Accepted,175.0,38640.0,1610,
s152683892,p02781,u296150111,1581529017,Python,Python (3.4.3),py,Accepted,18.0,3064.0,613,
s323440336,p02781,u296150111,1581528940,Python,Python (3.4.3),py,Accepted,18.0,3064.0,814,
s036413458,p02781,u331197998,1581528808,C++,C++14 (GCC 5.4.1),cpp,Accepted,1.0,256.0,1085,
s742636034,p02781,u234435881,1581528024,C++,C++14 (GCC 5.4.1),cpp,Accepted,1.0,256.0,729,
s761520398,p02781,u956758464,1581526694,C++,C++14 (GCC 5.4.1),cpp,Accepted,2.0,384.0,773,
s221031760,p02781,u587857074,1581526112,C++,C++14 (GCC 5.4.1),cpp,Accepted,1.0,256.0,1648,
s802230377,p02781,u133833119,1581525713,Python,Python (3.4.3),py,Accepted,18.0,3064.0,571,
s802167326,p02781,u642120132,1581525007,C++,C++14 (GCC 5.4.1),cpp,Accepted,1.0,256.0,1112,
s676081285,p02781,u907668975,1581524422,Python,Python (3.4.3),py,Accepted,26.0,3812.0,365,
s265117603,p02781,u982234424,1581524360,C++,C++14 (GCC 5.4.1),cpp,Accepted,1.0,256.0,1383,
s754965452,p02781,u623687794,1581523135,Python,Python (3.4.3),py,Accepted,18.0,3064.0,719,
s261606443,p02781,u901397311,1581523028,C++,C++14 (GCC 5.4.1),cpp,Accepted,1.0,256.0,1226,
s524577762,p02781,u714378447,1581522405,Python,Python (3.4.3),py,Accepted,21.0,3064.0,630,
s248835498,p02781,u959519702,1581522280,Python,PyPy2 (5.6.0),py,Accepted,41.0,28652.0,840,
s990803361,p02781,u018679195,1581520285,C++,C++14 (GCC 5.4.1),cpp,Accepted,2.0,256.0,683,
s185507766,p02781,u093861603,1581519761,Python,Python (3.4.3),py,Accepted,19.0,3064.0,542,
s080381774,p02781,u907668975,1581519066,Python,Python (3.4.3),py,Accepted,476.0,3060.0,316,
s255826672,p02781,u938841444,1581518863,C++,C++14 (GCC 5.4.1),cpp,Accepted,1.0,256.0,2633,
s670664509,p02781,u751741878,1581518720,C++,C++14 (GCC 5.4.1),cpp,Accepted,1.0,256.0,804,
s685507945,p02781,u352200121,1581517371,C++,C++14 (GCC 5.4.1),cpp,Accepted,1.0,256.0,838,
s825266707,p02781,u134678977,1581517247,C++,C++14 (GCC 5.4.1),cpp,Accepted,2.0,512.0,2388,
s809007319,p02781,u637220270,1581517140,C++,C++14 (GCC 5.4.1),cpp,Accepted,1.0,256.0,757,
s755469826,p02781,u134678977,1581517034,C++,C++14 (GCC 5.4.1),cpp,Accepted,1.0,256.0,2783,
s646126379,p02781,u806779763,1581516873,C++,C++14 (GCC 5.4.1),cpp,Accepted,1.0,256.0,1634,
s190087247,p02781,u185518252,1581516652,C++,C++14 (GCC 5.4.1),cpp,Accepted,1.0,256.0,1931,
s280709681,p02781,u667135132,1581516430,Python,Python (3.4.3),py,Accepted,25.0,3064.0,860,
s196954482,p02781,u022488946,1581515954,Python,PyPy3 (2.4.0),py,Accepted,163.0,38256.0,680,
s082980186,p02781,u708255304,1581515559,Python,Python (3.4.3),py,Accepted,18.0,3192.0,1096,
s762445545,p02781,u057079894,1581515292,C++,C++14 (GCC 5.4.1),cpp,Accepted,1.0,256.0,1942,
s049391524,p02781,u174434198,1581515174,C++,C++14 (GCC 5.4.1),cpp,Accepted,1.0,256.0,971,
s375394341,p02781,u454290303,1581515169,C++,C++14 (GCC 5.4.1),cpp,Accepted,1.0,256.0,1004,
s474230071,p02781,u540664396,1581513999,C++,C++ (GCC 5.4.1),cpp,Accepted,1.0,256.0,1696,
s012825592,p02781,u865621256,1581513753,C++,C++14 (GCC 5.4.1),cpp,Accepted,1.0,256.0,807,
s934762733,p02781,u449403739,1581513562,Python,Python (3.4.3),py,Accepted,45.0,4212.0,583,
s499431457,p02781,u134678977,1581513217,C++,C++14 (GCC 5.4.1),cpp,Accepted,1.0,256.0,2254,
s606852717,p02781,u195054737,1581512039,C++,C++14 (Clang 3.8.0),cpp,Accepted,1.0,256.0,1511,
s295723582,p02781,u141267766,1581511975,C++,C++ (GCC 5.4.1),cpp,Accepted,1.0,384.0,1589,
s813093062,p02781,u590225792,1581511954,C++,C++14 (GCC 5.4.1),cpp,Accepted,2.0,1408.0,962,
s447527838,p02781,u538774896,1581511119,C++,C++14 (GCC 5.4.1),cpp,Accepted,1.0,256.0,1588,
s885236308,p02781,u667135132,1581510911,Python,Python (3.4.3),py,Accepted,18.0,3064.0,944,
s351018035,p02781,u422104747,1581510153,Python,PyPy3 (2.4.0),py,Accepted,168.0,38640.0,671,
s098213357,p02781,u963055157,1581510089,C++,C++14 (GCC 5.4.1),cpp,Accepted,2.0,384.0,959,
s857293369,p02781,u695295373,1581509836,Python,Python (3.4.3),py,Accepted,18.0,3188.0,822,
s004701303,p02781,u648324897,1581509596,C++,C++14 (GCC 5.4.1),cpp,Accepted,1.0,256.0,2720,
s342345333,p02781,u282280353,1581507819,C++,C++14 (GCC 5.4.1),cpp,Accepted,1.0,256.0,1611,
s258938200,p02781,u118951811,1581506887,C++,C++14 (GCC 5.4.1),cpp,Accepted,1.0,256.0,1344,
s446544100,p02781,u715366261,1581506728,C++,C++14 (GCC 5.4.1),cpp,Accepted,1.0,256.0,1178,
s073470443,p02781,u922790134,1581506536,C++,C++14 (GCC 5.4.1),cpp,Accepted,2.0,384.0,12076,
s854995734,p02781,u348805958,1581505828,Python,Python (3.4.3),py,Accepted,18.0,3188.0,788,
s255649454,p02781,u348805958,1581505634,Python,Python (3.4.3),py,Accepted,23.0,3440.0,778,
s881775445,p02781,u924568685,1581505377,C++,C++ (GCC 5.4.1),cpp,Accepted,1.0,256.0,683,
s870372100,p02781,u393604857,1581504966,C++,C++14 (GCC 5.4.1),cpp,Accepted,1.0,256.0,1133,
s612693512,p02781,u768937125,1581502713,C++,C++ (GCC 5.4.1),cpp,Accepted,1.0,256.0,511,
s753797022,p02781,u348805958,1581502426,Python,Python (3.4.3),py,Accepted,45.0,3428.0,720,
s058820894,p02781,u208851722,1581501830,C++,C++14 (GCC 5.4.1),cpp,Accepted,1.0,512.0,918,
s117141183,p02781,u858789158,1581501691,C++,C++14 (GCC 5.4.1),cpp,Accepted,1.0,256.0,840,
s139619709,p02781,u755801379,1581501603,Python,PyPy3 (2.4.0),py,Accepted,205.0,43248.0,748,
s645650237,p02781,u348805958,1581501396,Python,Python (3.4.3),py,Accepted,69.0,3428.0,721,
s449823309,p02781,u573754721,1581500549,Python,PyPy3 (2.4.0),py,Accepted,163.0,38384.0,788,
s885699129,p02781,u730731139,1581499716,C++,C++14 (GCC 5.4.1),cpp,Accepted,1.0,384.0,756,
s358600461,p02781,u902409103,1581497496,C++,C++ (GCC 5.4.1),cpp,Accepted,1.0,128.0,627,
s433091365,p02781,u902409103,1581496578,C++,C++14 (GCC 5.4.1),cpp,Accepted,1.0,128.0,670,
s382364888,p02781,u401736039,1581496265,C++,C++ (GCC 5.4.1),cpp,Accepted,2.0,640.0,656,
s805457719,p02781,u189873906,1581495900,C++,C++14 (GCC 5.4.1),cpp,Accepted,1.0,256.0,1065,
s240089393,p02781,u468440139,1581495583,C++,C++14 (GCC 5.4.1),cpp,Accepted,1.0,256.0,849,
s624896230,p02781,u112317104,1581494705,Python,Python (3.4.3),py,Accepted,18.0,3064.0,673,
s803616988,p02781,u877847737,1581491195,C++,C++14 (GCC 5.4.1),cpp,Accepted,1.0,256.0,932,
s976943729,p02781,u621657275,1581480609,C++,C++14 (GCC 5.4.1),cpp,Accepted,1.0,256.0,1692,
s668283539,p02781,u638282348,1581480169,Python,Python (3.4.3),py,Accepted,331.0,20744.0,695,
s657815616,p02781,u337381518,1581479299,C++,C++14 (GCC 5.4.1),cpp,Accepted,1.0,256.0,396,
s164083495,p02781,u388862071,1581477754,C++,C++14 (GCC 5.4.1),cpp,Accepted,18.0,256.0,1643,
s511113377,p02781,u370709193,1581476129,C++,C++14 (GCC 5.4.1),cpp,Accepted,1491.0,256.0,1556,
s435771293,p02781,u632094970,1581474001,C++,C++14 (GCC 5.4.1),cpp,Accepted,1.0,256.0,1746,
s882778321,p02781,u172266317,1581473582,C++,C++14 (GCC 5.4.1),cpp,Accepted,2.0,896.0,1085,
s726272138,p02781,u739300051,1581472718,C++,C++14 (GCC 5.4.1),cpp,Accepted,1.0,384.0,1000,
s402613734,p02781,u389009751,1581470989,C++,C++14 (Clang 3.8.0),cpp,Accepted,1.0,256.0,1539,
s108813283,p02781,u640919333,1581470253,Python,Python (3.4.3),py,Accepted,17.0,3064.0,1164,
s039351577,p02781,u697232864,1581468359,C++,C++14 (GCC 5.4.1),cpp,Accepted,3.0,384.0,1745,
s637501731,p02781,u557729026,1581468065,Python,PyPy3 (2.4.0),py,Accepted,205.0,43248.0,511,
s766820100,p02781,u739431958,1581467948,C++,C++14 (GCC 5.4.1),cpp,Accepted,1.0,256.0,2579,
s797842781,p02781,u697696097,1581467896,Python,PyPy3 (2.4.0),py,Accepted,186.0,40432.0,841,
s701972992,p02781,u454093752,1581467355,Python,PyPy3 (2.4.0),py,Accepted,186.0,38384.0,802,
s830206412,p02781,u021107862,1581466880,C++,C++14 (GCC 5.4.1),cpp,Accepted,204.0,256.0,2064,
s056205497,p02781,u701914155,1581466861,C++,C++14 (GCC 5.4.1),cpp,Accepted,1.0,256.0,659,
s559785682,p02781,u279540967,1581466800,C++,C++14 (GCC 5.4.1),cpp,Accepted,1.0,256.0,688,
s501151461,p02781,u168621426,1581466180,C++,C++14 (GCC 5.4.1),cpp,Accepted,3.0,2560.0,3168,
s551199826,p02781,u174509352,1581466029,C++,C++14 (GCC 5.4.1),cpp,Accepted,1.0,256.0,1453,
s150424022,p02781,u168621426,1581465976,C++,C++14 (GCC 5.4.1),cpp,Accepted,2.0,2560.0,3141,
s511052954,p02781,u364618491,1581465205,C++,C++14 (GCC 5.4.1),cpp,Accepted,1.0,256.0,2804,
s596173549,p02781,u372299304,1581465018,C++,C++14 (GCC 5.4.1),cpp,Accepted,1.0,256.0,565,
s713066315,p02781,u466335531,1581464739,C++,C++14 (GCC 5.4.1),cpp,Accepted,1.0,256.0,999,
s904817480,p02781,u422827820,1581463996,C++,C++14 (GCC 5.4.1),cpp,Accepted,1.0,256.0,1771,
s890679108,p02781,u858670323,1581463119,C++,C++14 (GCC 5.4.1),cpp,Accepted,1.0,256.0,3923,
s048854125,p02781,u952467214,1581462552,Python,PyPy3 (2.4.0),py,Accepted,176.0,38640.0,559,
s981602802,p02781,u167307874,1581462503,C++,C++14 (GCC 5.4.1),cpp,Accepted,1.0,256.0,961,
s968720600,p02781,u154429261,1581462161,C++,C++14 (GCC 5.4.1),cpp,Accepted,1.0,256.0,1048,
s873733857,p02781,u193860216,1581461930,C++,C++14 (GCC 5.4.1),cpp,Accepted,1.0,256.0,1827,
s094620155,p02781,u932465688,1581461801,Python,Python (3.4.3),py,Accepted,18.0,3192.0,1647,
s674887487,p02781,u380772254,1581461195,Python,PyPy3 (2.4.0),py,Accepted,192.0,41200.0,771,
s374281977,p02781,u932465688,1581461043,Python,Python (3.4.3),py,Accepted,18.0,3192.0,1527,
s166155613,p02781,u269806533,1581460499,C++,C++14 (GCC 5.4.1),cpp,Accepted,1.0,128.0,746,
s086742709,p02781,u751271499,1581460321,C++,C++14 (GCC 5.4.1),cpp,Accepted,1.0,256.0,3747,
s066803230,p02781,u269175074,1581459874,C++,C++14 (GCC 5.4.1),cpp,Accepted,1.0,256.0,2299,
s498628382,p02781,u584790715,1581459848,Python,Python (3.4.3),py,Accepted,909.0,3064.0,841,
s152764234,p02781,u751271499,1581459837,C++,C++14 (GCC 5.4.1),cpp,Accepted,1.0,256.0,3364,
s094028953,p02781,u678146855,1581459762,C++,C++14 (GCC 5.4.1),cpp,Accepted,1.0,256.0,1705,
s833294807,p02781,u460609472,1581459656,C++,C++14 (GCC 5.4.1),cpp,Accepted,1.0,256.0,2596,
s337150284,p02781,u931698099,1581459494,C++,C++14 (GCC 5.4.1),cpp,Accepted,1.0,256.0,829,
s136520522,p02781,u601444374,1581458829,C++,C++14 (GCC 5.4.1),cpp,Accepted,1.0,256.0,1198,
s016226920,p02781,u024501673,1581458558,C++,C++14 (GCC 5.4.1),cpp,Accepted,1.0,384.0,894,
s464382414,p02781,u802963389,1581458388,Python,Python (3.4.3),py,Accepted,17.0,3064.0,828,
s714327618,p02781,u919730120,1581458260,Python,Python (3.4.3),py,Accepted,24.0,3188.0,587,
s041404571,p02781,u796408111,1581458206,C++,C++14 (GCC 5.4.1),cpp,Accepted,1.0,256.0,1917,
s937665253,p02781,u824905100,1581458189,C++,C++14 (GCC 5.4.1),cpp,Accepted,1.0,256.0,15985,
s420988901,p02781,u407614884,1581457524,C++,C++14 (GCC 5.4.1),cpp,Accepted,1.0,384.0,1230,
s965257927,p02781,u723843066,1581457426,C++,C++14 (GCC 5.4.1),cpp,Accepted,1.0,256.0,1780,
s953579795,p02781,u768496010,1581456879,Python,Python (3.4.3),py,Accepted,23.0,3064.0,1492,
s117896611,p02781,u701136990,1581456810,C++,C++14 (GCC 5.4.1),cpp,Accepted,1.0,256.0,666,
s337406000,p02781,u002023395,1581456449,C++,C++14 (GCC 5.4.1),cpp,Accepted,1.0,256.0,852,
s010338346,p02781,u656771711,1581456303,C++,C++14 (GCC 5.4.1),cpp,Accepted,1.0,256.0,3918,
s366214985,p02781,u799603904,1581456169,C++,C++14 (GCC 5.4.1),cpp,Accepted,1.0,256.0,1282,
s925688886,p02781,u799603904,1581455918,C++,C++14 (GCC 5.4.1),cpp,Accepted,1.0,256.0,1741,
s423317012,p02781,u799603904,1581455835,C++,C++14 (GCC 5.4.1),cpp,Accepted,2.0,896.0,1758,
s603585939,p02781,u055459962,1581455762,C++,C++14 (GCC 5.4.1),cpp,Accepted,1.0,256.0,961,
s364458320,p02781,u929569377,1581455615,C++,C++14 (GCC 5.4.1),cpp,Accepted,1.0,256.0,703,
s650912619,p02781,u813861561,1581455598,C++,C++14 (GCC 5.4.1),cpp,Accepted,1.0,256.0,2375,
s183408709,p02781,u660341491,1581455370,C++,C++14 (GCC 5.4.1),cpp,Accepted,1.0,384.0,648,
s011377939,p02781,u997368585,1581455089,C++,C++14 (GCC 5.4.1),cpp,Accepted,1.0,256.0,2531,
s086855274,p02781,u798818115,1581454944,Python,Python (3.4.3),py,Accepted,18.0,3064.0,478,
s154266779,p02781,u660341491,1581454769,C++,C++14 (GCC 5.4.1),cpp,Accepted,1.0,384.0,764,
s285446805,p02781,u997368585,1581454333,C++,C++14 (GCC 5.4.1),cpp,Accepted,1.0,256.0,2589,
s925577964,p02781,u433390191,1581453676,C++,C++14 (GCC 5.4.1),cpp,Accepted,1.0,256.0,2065,
s893444924,p02781,u433390191,1581453503,C++,C++14 (GCC 5.4.1),cpp,Accepted,1.0,256.0,2163,
s758992888,p02781,u623954643,1581453377,C++,C++14 (GCC 5.4.1),cpp,Accepted,1.0,384.0,846,
s380984551,p02781,u315078622,1581453171,Python,Python (3.4.3),py,Accepted,20.0,3192.0,761,
s370128150,p02781,u889915625,1581453060,C++,C++14 (GCC 5.4.1),cpp,Accepted,1.0,256.0,1854,
s925794659,p02781,u770161743,1581452706,C++,C++14 (GCC 5.4.1),cpp,Accepted,2.0,256.0,791,
s621170070,p02781,u246372636,1581452198,C++,C++14 (GCC 5.4.1),cpp,Accepted,4.0,384.0,1383,
s885786610,p02781,u208844959,1581452030,C++,C++14 (GCC 5.4.1),cpp,Accepted,1.0,256.0,1207,
s051931387,p02781,u212786022,1581451827,Python,Python (3.4.3),py,Accepted,19.0,3192.0,988,
s498317458,p02781,u779303473,1581451567,C++,C++14 (GCC 5.4.1),cpp,Accepted,1.0,256.0,1380,
s715541439,p02781,u438662618,1581451404,Python,Python (3.4.3),py,Accepted,25.0,3064.0,769,
s112638420,p02781,u852690916,1581451201,Python,PyPy3 (2.4.0),py,Accepted,197.0,41456.0,623,
s637669404,p02781,u761320129,1581450621,Python,Python (3.4.3),py,Accepted,22.0,3064.0,478,
s142107084,p02781,u601256797,1581449957,C++,C++14 (GCC 5.4.1),cpp,Accepted,1.0,256.0,2234,
s603636973,p02781,u492030100,1581449929,C++,C++14 (GCC 5.4.1),cpp,Accepted,24.0,23936.0,2816,
s061864154,p02781,u726551316,1581449794,C++,C++14 (GCC 5.4.1),cpp,Accepted,1.0,256.0,913,
s202409115,p02781,u638456847,1581449599,Python,Python (3.4.3),py,Accepted,20.0,3064.0,737,
s744259427,p02781,u492030100,1581449533,C++,C++14 (GCC 5.4.1),cpp,Accepted,1.0,256.0,2456,
s659137872,p02781,u004411048,1581448901,C++,C++14 (GCC 5.4.1),cpp,Accepted,2.0,504.0,1389,
s880391629,p02781,u020390084,1581448352,Python,Python (3.4.3),py,Accepted,18.0,3064.0,1398,
s205149105,p02781,u321144111,1581448339,C++,C++14 (GCC 5.4.1),cpp,Accepted,1.0,256.0,1138,
s462722548,p02781,u380772254,1581448093,Python,PyPy3 (2.4.0),py,Accepted,203.0,40816.0,746,
s420936034,p02781,u162172626,1581447884,Python,PyPy3 (2.4.0),py,Accepted,183.0,39408.0,899,
s298280415,p02781,u807998890,1581447270,C++,C++14 (GCC 5.4.1),cpp,Accepted,1.0,256.0,2193,
s245095707,p02781,u083960235,1581446597,Python,Python (3.4.3),py,Accepted,43.0,5204.0,1947,
s352967994,p02781,u209961409,1581446101,C++,C++14 (GCC 5.4.1),cpp,Accepted,1.0,256.0,4570,
s115559570,p02781,u034671639,1581445494,C++,C++14 (GCC 5.4.1),cpp,Accepted,1.0,256.0,1259,
s037478797,p02781,u034671639,1581445318,C++,C++14 (GCC 5.4.1),cpp,Accepted,1.0,384.0,1234,
s367667942,p02781,u127314985,1581444566,C++,C++14 (GCC 5.4.1),cpp,Accepted,1.0,256.0,571,
s001917678,p02781,u852690916,1581443467,Python,PyPy3 (2.4.0),py,Accepted,167.0,38480.0,682,
s114582205,p02781,u390193191,1581443334,Python,PyPy3 (2.4.0),py,Accepted,169.0,38256.0,651,
s038065148,p02781,u301984327,1581442753,Python,Python (3.4.3),py,Accepted,18.0,3192.0,926,
s263359806,p02781,u301984327,1581442716,Python,PyPy3 (2.4.0),py,Accepted,171.0,38384.0,926,
s324088768,p02781,u301984327,1581442692,Python,PyPy3 (2.4.0),py,Accepted,184.0,38384.0,929,
s725015003,p02781,u301984327,1581442639,Python,PyPy3 (2.4.0),py,Accepted,229.0,44272.0,933,
s397529957,p02781,u829735607,1581441551,Python,Python (3.4.3),py,Accepted,45.0,5396.0,1424,
s893411009,p02781,u519759783,1581441202,C++,C++14 (Clang 3.8.0),cpp,Accepted,3.0,504.0,897,
s361788557,p02781,u498487134,1581441052,Python,PyPy3 (2.4.0),py,Accepted,180.0,38768.0,630,
s854510344,p02781,u226233437,1581440985,C++,C++14 (GCC 5.4.1),cpp,Accepted,1.0,256.0,734,
s225369428,p02781,u637254885,1581440693,C++,C++14 (GCC 5.4.1),cpp,Accepted,1.0,256.0,718,
s851897885,p02781,u333917945,1581440473,C++,C++14 (GCC 5.4.1),cpp,Accepted,1.0,256.0,943,
s513610315,p02781,u455067221,1581439290,C++,C++14 (GCC 5.4.1),cpp,Accepted,2.0,256.0,772,
s573575285,p02781,u089177147,1581439200,C++,C++14 (GCC 5.4.1),cpp,Accepted,1.0,256.0,2414,
s799704718,p02781,u748069390,1581439196,C++,C++14 (GCC 5.4.1),cpp,Accepted,2.0,384.0,1901,
s780150472,p02781,u665038048,1581438264,Python,Python (3.4.3),py,Accepted,17.0,3064.0,441,
s548750600,p02781,u187878098,1581437588,C++,C++14 (GCC 5.4.1),cpp,Accepted,1.0,256.0,1391,
s656962309,p02781,u784072785,1581437564,C++,C++14 (GCC 5.4.1),cpp,Accepted,1.0,256.0,1874,
s330147976,p02781,u615194706,1581437562,C++,C++14 (GCC 5.4.1),cpp,Accepted,1.0,256.0,1119,
s598823674,p02781,u346308892,1581437453,Python,Python (3.4.3),py,Accepted,17.0,3064.0,1335,
s299317851,p02781,u455067221,1581437249,C++,C++14 (GCC 5.4.1),cpp,Accepted,1.0,256.0,834,
s483139345,p02781,u195256442,1581435771,C++,C++14 (GCC 5.4.1),cpp,Accepted,1.0,256.0,812,
s432000268,p02781,u204616996,1581435406,Python,Python (3.4.3),py,Accepted,20.0,3188.0,743,
s705240560,p02781,u215847113,1581435191,C++,C++14 (GCC 5.4.1),cpp,Accepted,41.0,159616.0,554,
s849733193,p02781,u905203728,1581435122,Python,Python (3.4.3),py,Accepted,19.0,3064.0,503,
s765907735,p02781,u706929073,1581435044,Python,Python (3.4.3),py,Accepted,23.0,3064.0,521,
s981695844,p02781,u706929073,1581434845,Python,Python (3.4.3),py,Accepted,23.0,3064.0,633,
s485307760,p02781,u374416262,1581434645,C++,C++14 (GCC 5.4.1),cpp,Accepted,1.0,256.0,990,
s187013338,p02781,u706929073,1581434339,Python,Python (3.4.3),py,Accepted,23.0,3064.0,638,
s897477581,p02781,u272336707,1581434321,Python,Python (3.4.3),py,Accepted,29.0,3940.0,610,
s551518778,p02781,u850516963,1581434163,C++,C++14 (GCC 5.4.1),cpp,Accepted,1.0,256.0,2837,
s941547585,p02781,u850516963,1581434098,C++,C++14 (GCC 5.4.1),cpp,Accepted,1.0,256.0,2837,
s851258997,p02781,u774845108,1581433913,Python,Python (3.4.3),py,Accepted,151.0,12368.0,1326,
s363649583,p02781,u706929073,1581433899,Python,Python (3.4.3),py,Accepted,23.0,3064.0,639,
s747435188,p02781,u443975466,1581433697,C++,C++14 (GCC 5.4.1),cpp,Accepted,1.0,256.0,1506,
s102208444,p02781,u850516963,1581433561,C++,C++14 (GCC 5.4.1),cpp,Accepted,1.0,256.0,2813,
s390543730,p02781,u429317459,1581433482,C++,C++14 (GCC 5.4.1),cpp,Accepted,1.0,256.0,747,
s857063073,p02781,u250583425,1581433308,Python,Python (3.4.3),py,Accepted,19.0,3064.0,661,
s488379921,p02781,u850516963,1581433306,C++,C++14 (GCC 5.4.1),cpp,Accepted,1.0,256.0,2813,
s539765068,p02781,u272336707,1581433107,Python,Python (3.4.3),py,Accepted,29.0,3940.0,602,
s403616980,p02781,u498487134,1581432781,Python,PyPy3 (2.4.0),py,Accepted,165.0,38256.0,1162,
s462785591,p02781,u706929073,1581432711,Python,Python (3.4.3),py,Accepted,23.0,3064.0,639,
s948497248,p02781,u868237899,1581432514,C++,C++14 (GCC 5.4.1),cpp,Accepted,1.0,256.0,689,
s318977781,p02781,u272336707,1581432511,Python,Python (3.4.3),py,Accepted,768.0,3064.0,544,
s194747303,p02781,u850516963,1581432418,C++,C++14 (GCC 5.4.1),cpp,Accepted,1.0,256.0,2877,
s346172167,p02781,u850516963,1581432385,C++,C++14 (GCC 5.4.1),cpp,Accepted,1.0,256.0,2879,
s653557091,p02781,u996290370,1581432242,C++,C++14 (GCC 5.4.1),cpp,Accepted,1.0,256.0,1411,
s237888666,p02781,u992875223,1581431717,C++,C++14 (GCC 5.4.1),cpp,Accepted,1.0,256.0,980,
s560785895,p02781,u331948661,1581431188,C++,C++14 (GCC 5.4.1),cpp,Accepted,1.0,256.0,980,
s573944175,p02781,u164474813,1581431181,C++,C++14 (GCC 5.4.1),cpp,Accepted,1.0,256.0,750,
s051338849,p02781,u426657245,1581430973,C++,C++14 (GCC 5.4.1),cpp,Accepted,1.0,256.0,1053,
s434154420,p02781,u340969800,1581430280,C++,C++14 (GCC 5.4.1),cpp,Accepted,1.0,256.0,886,
s624123413,p02781,u992875223,1581430226,C++,C++14 (GCC 5.4.1),cpp,Accepted,1.0,256.0,1025,
s391132896,p02781,u144913062,1581430209,Python,Python (3.4.3),py,Accepted,19.0,3064.0,567,
s113369203,p02781,u948911484,1581429519,Python,Python (3.4.3),py,Accepted,18.0,3064.0,442,
s682974322,p02781,u268181283,1581428763,Python,Python (3.4.3),py,Accepted,17.0,3064.0,590,
s040510932,p02781,u049420296,1581428623,C++,C++14 (GCC 5.4.1),cpp,Accepted,1.0,256.0,1598,
s347204701,p02781,u682395093,1581427534,C++,C++14 (GCC 5.4.1),cpp,Accepted,1.0,256.0,1320,
s058561793,p02781,u116523315,1581427170,C++,C++14 (GCC 5.4.1),cpp,Accepted,1.0,256.0,1384,
s798997506,p02781,u926099741,1581426868,C++,C++14 (GCC 5.4.1),cpp,Accepted,1.0,256.0,6577,
s036949422,p02781,u209767598,1581426771,C++,C++14 (GCC 5.4.1),cpp,Accepted,1.0,384.0,1625,
s252957355,p02781,u116523315,1581426494,C++,C++14 (GCC 5.4.1),cpp,Accepted,1.0,256.0,1491,
s928845349,p02781,u426657245,1581426310,C++,C++14 (GCC 5.4.1),cpp,Accepted,1.0,256.0,1393,
s398933771,p02781,u926099741,1581426071,C++,C++14 (GCC 5.4.1),cpp,Accepted,1.0,256.0,6812,
s511932437,p02781,u699193595,1581425807,C++,C++14 (GCC 5.4.1),cpp,Accepted,1.0,256.0,699,
s764541767,p02781,u356701928,1581425779,C++,C++14 (GCC 5.4.1),cpp,Accepted,1.0,256.0,710,
s931665221,p02781,u915797797,1581425149,C++,C++14 (GCC 5.4.1),cpp,Accepted,1.0,256.0,869,
s339762399,p02781,u203843959,1581425050,Python,PyPy3 (2.4.0),py,Accepted,171.0,38384.0,618,
s946315992,p02781,u124341338,1581424683,C++,C++14 (GCC 5.4.1),cpp,Accepted,1.0,256.0,2933,
s787673145,p02781,u702996070,1581424464,C++,C++14 (GCC 5.4.1),cpp,Accepted,1.0,256.0,1615,
s057427876,p02781,u956530786,1581423354,Python,PyPy3 (2.4.0),py,Accepted,174.0,38384.0,187,
s130961235,p02781,u969116807,1581423290,C++,C++14 (GCC 5.4.1),cpp,Accepted,19.0,12160.0,1999,
s572563155,p02781,u136342563,1581423091,C++,C++14 (GCC 5.4.1),cpp,Accepted,2.0,256.0,834,
s732739367,p02781,u096883693,1581422896,C++,C++14 (GCC 5.4.1),cpp,Accepted,1.0,256.0,1248,
s366497096,p02781,u677695673,1581422784,C++,C++14 (GCC 5.4.1),cpp,Accepted,1.0,256.0,1711,
s919477852,p02781,u438319362,1581422609,C++,C++14 (GCC 5.4.1),cpp,Accepted,1.0,256.0,1534,
s925810942,p02781,u836939578,1581421918,Python,PyPy3 (2.4.0),py,Accepted,211.0,41072.0,429,
s805059515,p02781,u927078824,1581420852,Python,PyPy3 (2.4.0),py,Accepted,195.0,40304.0,797,
s951010396,p02781,u273974261,1581420716,C++,C++14 (GCC 5.4.1),cpp,Accepted,1.0,256.0,3430,
s690973102,p02781,u489959379,1581420542,Python,Python (3.4.3),py,Accepted,18.0,3064.0,767,
s153322703,p02781,u196497077,1581420529,C++,C++14 (GCC 5.4.1),cpp,Accepted,1342.0,512.0,1274,
s241932729,p02781,u318042557,1581420368,C++,C++14 (GCC 5.4.1),cpp,Accepted,1.0,256.0,858,
s061566693,p02781,u956530786,1581419306,Python,PyPy3 (2.4.0),py,Accepted,179.0,38384.0,198,
s240313092,p02781,u554906051,1581419239,C++,C++14 (GCC 5.4.1),cpp,Accepted,1.0,256.0,918,
s196726618,p02781,u006576567,1581419160,C++,C++14 (GCC 5.4.1),cpp,Accepted,1.0,384.0,945,
s449134763,p02781,u785578220,1581418717,Python,Python (3.4.3),py,Accepted,18.0,3064.0,457,
s838064554,p02781,u956530786,1581418688,Python,PyPy3 (2.4.0),py,Accepted,163.0,38384.0,218,
s125550303,p02781,u785578220,1581418639,Python,Python (3.4.3),py,Accepted,18.0,3064.0,455,
s384010475,p02781,u956530786,1581418370,Python,PyPy3 (2.4.0),py,Accepted,183.0,38384.0,228,
s052885606,p02781,u186206732,1581418276,Python,Python (3.4.3),py,Accepted,27.0,3940.0,553,
s577431459,p02781,u956530786,1581417725,Python,PyPy3 (2.4.0),py,Accepted,170.0,38256.0,255,
s623672846,p02781,u317715099,1581417609,C++,C++14 (GCC 5.4.1),cpp,Accepted,1.0,256.0,1054,
s650712679,p02781,u721970149,1581416836,Python,Python (3.4.3),py,Accepted,22.0,3064.0,656,
s065371980,p02781,u545305086,1581416260,C++,C++14 (GCC 5.4.1),cpp,Accepted,1.0,256.0,1091,
s552290363,p02781,u970899068,1581416110,Python,PyPy3 (2.4.0),py,Accepted,169.0,38384.0,840,
s863711801,p02781,u677523557,1581415903,Python,PyPy3 (2.4.0),py,Accepted,205.0,41072.0,1339,
s224968325,p02781,u775900747,1581415875,C++,C++14 (GCC 5.4.1),cpp,Accepted,1.0,256.0,1754,
s259995001,p02781,u804061540,1581415782,C++,C++14 (GCC 5.4.1),cpp,Accepted,1.0,256.0,1089,
s501569798,p02781,u809589926,1581415606,C++,C++14 (GCC 5.4.1),cpp,Accepted,1.0,256.0,727,
s500981671,p02781,u317715099,1581414323,C++,C++14 (GCC 5.4.1),cpp,Accepted,1.0,256.0,1408,
s902768686,p02781,u260216890,1581413780,Python,Python (3.4.3),py,Accepted,18.0,3064.0,942,
s373468535,p02781,u159208574,1581413649,C++,C++14 (GCC 5.4.1),cpp,Accepted,1.0,256.0,4048,
s144153465,p02781,u548163222,1581413054,C++,C++14 (GCC 5.4.1),cpp,Accepted,1.0,256.0,941,
s859958042,p02781,u303884911,1581412965,C++,C++14 (GCC 5.4.1),cpp,Accepted,1.0,256.0,752,
s036292770,p02781,u226233437,1581412403,C++,C++14 (GCC 5.4.1),cpp,Accepted,1.0,256.0,1159,
s717304813,p02781,u881141729,1581412229,C++,C++14 (GCC 5.4.1),cpp,Accepted,1.0,256.0,791,
s317784263,p02781,u430419385,1581410613,C++,C++14 (GCC 5.4.1),cpp,Accepted,1.0,256.0,1247,
s653314172,p02781,u521866787,1581408931,Python,PyPy3 (2.4.0),py,Accepted,181.0,39536.0,487,
s771459946,p02781,u384151312,1581408733,C++,C++14 (GCC 5.4.1),cpp,Accepted,1.0,256.0,1255,
s160733804,p02781,u874525170,1581408503,C++,C++14 (GCC 5.4.1),cpp,Accepted,1.0,256.0,1429,
s537689308,p02781,u956530786,1581407616,Python,PyPy3 (2.4.0),py,Accepted,240.0,46552.0,234,
s136943885,p02781,u219180252,1581407370,Python,PyPy3 (2.4.0),py,Accepted,230.0,49244.0,685,
s835820245,p02781,u430419385,1581406078,C++,C++14 (GCC 5.4.1),cpp,Accepted,1.0,256.0,1181,
s438239936,p02781,u956530786,1581405710,Python,PyPy3 (2.4.0),py,Accepted,216.0,42088.0,189,
s156348720,p02781,u430419385,1581405011,C++,C++14 (GCC 5.4.1),cpp,Accepted,1.0,256.0,1451,
s442006346,p02781,u221285045,1581403513,C++,C++14 (GCC 5.4.1),cpp,Accepted,1.0,256.0,2380,
s346421665,p02781,u686230543,1581401845,Python,Python (3.4.3),py,Accepted,17.0,3064.0,511,
s920059650,p02781,u559578080,1581399180,C++,C++14 (GCC 5.4.1),cpp,Accepted,2.0,384.0,1302,
s409578744,p02781,u874525170,1581398975,C++,C++14 (GCC 5.4.1),cpp,Accepted,1.0,256.0,1403,
s046629566,p02781,u716529032,1581398211,Python,Python (3.4.3),py,Accepted,28.0,3064.0,365,
s493159613,p02781,u168026006,1581397482,C++,C++ (Clang 3.8.0),cpp,Accepted,6.0,888.0,2516,
s939416958,p02781,u861141787,1581396939,Python,Python (3.4.3),py,Accepted,23.0,3064.0,582,
s424850118,p02781,u707524027,1581396157,C++,C++14 (GCC 5.4.1),cpp,Accepted,1.0,256.0,2911,
s276111111,p02781,u528720841,1581395562,C++,C++14 (GCC 5.4.1),cpp,Accepted,1.0,256.0,2037,
s808454623,p02781,u086878393,1581392925,C++,C++14 (GCC 5.4.1),cpp,Accepted,1.0,256.0,4905,
s334077571,p02781,u609961672,1581392469,C++,C++14 (GCC 5.4.1),cpp,Accepted,1.0,384.0,712,
s828117297,p02781,u203927510,1581392185,C++,C++14 (GCC 5.4.1),cpp,Accepted,1.0,256.0,753,
s893186632,p02781,u064857495,1581391668,C++,C++14 (GCC 5.4.1),cpp,Accepted,1.0,256.0,1758,
s523775734,p02781,u377233169,1581390428,C++,C++14 (GCC 5.4.1),cpp,Accepted,38.0,256.0,2806,
s673304811,p02781,u005505508,1581390139,C++,C++14 (GCC 5.4.1),cpp,Accepted,1.0,256.0,790,
s735333207,p02781,u190907730,1581389205,C++,C++14 (GCC 5.4.1),cpp,Accepted,1.0,256.0,1645,
s115630141,p02781,u430781070,1581387948,C++,C++14 (GCC 5.4.1),cpp,Accepted,2.0,896.0,799,
s063816627,p02781,u430781070,1581387863,C++,C++14 (GCC 5.4.1),cpp,Accepted,1.0,896.0,813,
s929352360,p02781,u895971408,1581385879,C++,C++14 (GCC 5.4.1),cpp,Accepted,1.0,256.0,1954,
s357506700,p02781,u317135304,1581385520,C++,C++14 (GCC 5.4.1),cpp,Accepted,2.0,512.0,745,
s477431216,p02781,u523698212,1581385197,C++,C++14 (GCC 5.4.1),cpp,Accepted,1.0,256.0,903,
s102809899,p02781,u382773334,1581384815,C++,C++14 (GCC 5.4.1),cpp,Accepted,1.0,256.0,1092,
s793498167,p02781,u373182806,1581384761,C++,C++14 (GCC 5.4.1),cpp,Accepted,2.0,256.0,4613,
s680344108,p02781,u512099209,1581384627,Python,Python (3.4.3),py,Accepted,23.0,3064.0,686,
s741679900,p02781,u162948713,1581382462,C++,C++14 (Clang 3.8.0),cpp,Accepted,2.0,384.0,3140,
s118634658,p02781,u045643130,1581382128,C++,C++14 (GCC 5.4.1),cpp,Accepted,1.0,256.0,2597,
s621140925,p02781,u372299304,1581381740,C++,C++14 (GCC 5.4.1),cpp,Accepted,1.0,256.0,864,
s684729288,p02781,u055459962,1581381667,C++,C++14 (GCC 5.4.1),cpp,Accepted,1.0,256.0,1741,
s067080663,p02781,u997368585,1581381614,C++,C++14 (GCC 5.4.1),cpp,Accepted,1913.0,256.0,3440,
s296283081,p02781,u997368585,1581381399,C++,C++14 (GCC 5.4.1),cpp,Accepted,1.0,256.0,2608,
s640796134,p02781,u846041485,1581381337,C++,C++14 (GCC 5.4.1),cpp,Accepted,1.0,256.0,2436,
s167929533,p02781,u141620526,1581381186,C++,C++14 (GCC 5.4.1),cpp,Accepted,1.0,384.0,4208,
s948147355,p02781,u614875193,1581381128,Python,Python (3.4.3),py,Accepted,320.0,3572.0,1318,
s984923389,p02781,u045643130,1581380993,C++,C++14 (GCC 5.4.1),cpp,Accepted,1.0,256.0,2568,
s818705593,p02781,u863104798,1581380816,C++,C++14 (GCC 5.4.1),cpp,Accepted,1.0,256.0,3024,
s898643000,p02781,u842964692,1581380786,Python,Python (3.4.3),py,Accepted,1157.0,3064.0,373,
s138160114,p02781,u045643130,1581380570,C++,C++14 (GCC 5.4.1),cpp,Accepted,1.0,256.0,2596,
s242068066,p02781,u314057689,1581380412,C++,C++14 (GCC 5.4.1),cpp,Accepted,1.0,256.0,2083,
s700281968,p02781,u305173011,1581380218,C++,C++14 (GCC 5.4.1),cpp,Accepted,2.0,256.0,565,
s960219596,p02781,u987476436,1581379704,C++,C++14 (GCC 5.4.1),cpp,Accepted,1.0,256.0,803,
s737828959,p02781,u562935282,1581379612,Python,Python (3.4.3),py,Accepted,20.0,3064.0,1263,
s647977021,p02781,u729133443,1581379468,Python,Python (3.4.3),py,Accepted,19.0,3064.0,469,
s277098872,p02781,u789323170,1581379326,C++,C++14 (GCC 5.4.1),cpp,Accepted,1.0,256.0,7426,
s921263465,p02781,u729133443,1581379314,Python,PyPy3 (2.4.0),py,Accepted,183.0,40176.0,469,
s555357111,p02781,u899220667,1581379285,C++,C++14 (GCC 5.4.1),cpp,Accepted,1.0,256.0,8076,
s627985732,p02781,u899220667,1581379026,C++,C++14 (GCC 5.4.1),cpp,Accepted,1.0,256.0,8099,
s852848675,p02781,u579152247,1581378462,C++,C++14 (GCC 5.4.1),cpp,Accepted,1.0,256.0,2834,
s934552916,p02781,u480480664,1581378455,Python,PyPy3 (2.4.0),py,Accepted,170.0,38384.0,326,
s824929626,p02781,u570582659,1581378328,C++,C++14 (GCC 5.4.1),cpp,Accepted,1.0,256.0,6165,
s579589817,p02781,u895971408,1581378031,C++,C++14 (GCC 5.4.1),cpp,Accepted,1.0,256.0,1882,
s424549517,p02781,u259396003,1581377156,C++,C++14 (GCC 5.4.1),cpp,Accepted,2.0,256.0,759,
s682117241,p02781,u408620326,1581377106,Python,Python (3.4.3),py,Accepted,19.0,3064.0,911,
s981507174,p02781,u316170293,1581376869,C++,C++14 (GCC 5.4.1),cpp,Accepted,1.0,256.0,1171,
s509102110,p02781,u392319141,1581376730,Python,Python (3.4.3),py,Accepted,99.0,3064.0,437,
s374708818,p02781,u850516963,1581376491,C++,C++14 (GCC 5.4.1),cpp,Accepted,1.0,256.0,2837,
s681442729,p02781,u112317104,1581376222,Python,Python (3.4.3),py,Accepted,17.0,3064.0,736,
s903010753,p02781,u130860911,1581376108,Python,Python (3.4.3),py,Accepted,164.0,12508.0,690,
s028514755,p02781,u112317104,1581375929,Python,Python (3.4.3),py,Accepted,1362.0,122100.0,1007,
s566962807,p02781,u988402778,1581375885,Python,PyPy3 (2.4.0),py,Accepted,284.0,61292.0,18920,
s799661750,p02781,u298620933,1581375738,C++,C++14 (GCC 5.4.1),cpp,Accepted,1.0,256.0,1910,
s613134987,p02781,u017293723,1581375540,C++,C++14 (GCC 5.4.1),cpp,Accepted,1.0,256.0,3418,
s288400841,p02781,u915797797,1581375518,C++,C++14 (GCC 5.4.1),cpp,Accepted,5.0,256.0,1589,
s760908533,p02781,u047655753,1581375370,C++,C++14 (GCC 5.4.1),cpp,Accepted,1.0,256.0,943,
s666785281,p02781,u047655753,1581375212,C++,C++14 (GCC 5.4.1),cpp,Accepted,1.0,256.0,992,
s432009858,p02781,u047655753,1581375082,C++,C++14 (GCC 5.4.1),cpp,Accepted,1.0,256.0,955,
s489463793,p02781,u318127926,1581374998,Python,Python (3.4.3),py,Accepted,17.0,3064.0,450,
s834450459,p02781,u402629484,1581374744,Python,Python (3.4.3),py,Accepted,40.0,5296.0,2118,
s538792617,p02781,u324825702,1581374719,C++,C++14 (GCC 5.4.1),cpp,Accepted,1.0,256.0,1818,
s576672034,p02781,u288087195,1581374291,C++,C++14 (GCC 5.4.1),cpp,Accepted,1.0,256.0,1550,
s458315195,p02781,u094099882,1581374211,C++,C++14 (GCC 5.4.1),cpp,Accepted,2.0,384.0,1031,
s797470249,p02781,u777258731,1581373986,C++,C++14 (GCC 5.4.1),cpp,Accepted,1.0,256.0,994,
s061890344,p02781,u293523151,1581373938,C++,C++14 (GCC 5.4.1),cpp,Accepted,10.0,256.0,923,
s973623358,p02781,u264405855,1581373800,C++,C++14 (GCC 5.4.1),cpp,Accepted,1.0,768.0,7381,
s863825142,p02781,u930021923,1581373714,C++,C++14 (GCC 5.4.1),cpp,Accepted,1.0,256.0,503,
s405193213,p02781,u976045502,1581373249,C++,C++14 (GCC 5.4.1),cpp,Accepted,1.0,256.0,1388,
s677643279,p02781,u324825702,1581373181,C++,C++14 (GCC 5.4.1),cpp,Accepted,1.0,256.0,2294,
s186684709,p02781,u996290370,1581373156,C++,C++14 (GCC 5.4.1),cpp,Accepted,1.0,256.0,879,
s154191255,p02781,u994831328,1581373052,C++,C++14 (GCC 5.4.1),cpp,Accepted,1.0,256.0,1553,
s092093714,p02781,u876761064,1581372742,C++,C++14 (GCC 5.4.1),cpp,Accepted,1.0,384.0,679,
s098461607,p02781,u130834422,1581372730,C++,C++14 (GCC 5.4.1),cpp,Accepted,1.0,256.0,1813,
s296648483,p02781,u141610915,1581372683,Python,PyPy3 (2.4.0),py,Accepted,186.0,40176.0,664,
s906502170,p02781,u098012509,1581372484,Python,Python (3.4.3),py,Accepted,87.0,6260.0,503,
s267377255,p02781,u055548671,1581372293,C++,C++14 (GCC 5.4.1),cpp,Accepted,1.0,256.0,666,
s160919587,p02781,u254871849,1581372216,Python,Python (3.4.3),py,Accepted,18.0,3064.0,724,
s162273925,p02781,u550061714,1581372165,Python,Python (3.4.3),py,Accepted,654.0,3064.0,507,
s438913779,p02781,u060049558,1581372161,C++,C++14 (GCC 5.4.1),cpp,Accepted,1.0,256.0,1223,
s902489698,p02781,u545022164,1581372094,C++,C++14 (GCC 5.4.1),cpp,Accepted,2.0,384.0,1108,
s541804680,p02781,u521272340,1581372050,C++,C++14 (GCC 5.4.1),cpp,Accepted,1.0,256.0,6082,
s036265803,p02781,u215855212,1581371998,C++,C++14 (GCC 5.4.1),cpp,Accepted,2.0,384.0,2351,
s309479195,p02781,u108648546,1581371834,C++,C++14 (GCC 5.4.1),cpp,Accepted,1.0,256.0,1438,
s817781259,p02781,u956530786,1581371833,Python,PyPy3 (2.4.0),py,Accepted,190.0,41448.0,202,
s810559748,p02781,u074059053,1581371736,C++,C++14 (GCC 5.4.1),cpp,Accepted,1.0,256.0,814,
s705285461,p02781,u771111729,1581371732,C++,C++14 (GCC 5.4.1),cpp,Accepted,1.0,256.0,728,
s675887284,p02781,u932066890,1581371513,C++,C++14 (GCC 5.4.1),cpp,Accepted,1.0,256.0,1007,
s976653802,p02781,u708255304,1581371490,Python,Python (3.4.3),py,Accepted,18.0,3064.0,1407,
s961093671,p02781,u450922311,1581371358,C++,C++14 (GCC 5.4.1),cpp,Accepted,1.0,256.0,6914,
s432517950,p02781,u639210885,1581371333,C++,C++14 (GCC 5.4.1),cpp,Accepted,1.0,256.0,669,
s686428356,p02781,u993121447,1581371287,C++,C++14 (GCC 5.4.1),cpp,Accepted,1.0,256.0,2429,
s017447536,p02781,u970308980,1581370798,Python,Python (3.4.3),py,Accepted,29.0,3572.0,887,
s741057185,p02781,u203033720,1581370761,C++,C++14 (GCC 5.4.1),cpp,Accepted,1.0,256.0,1108,
s313602728,p02781,u342143778,1581370250,C++,C++14 (GCC 5.4.1),cpp,Accepted,1.0,256.0,750,
s728306548,p02781,u018250459,1581370206,C++,C++14 (GCC 5.4.1),cpp,Accepted,1.0,256.0,949,
s496506147,p02781,u869919400,1581370137,Python,PyPy3 (2.4.0),py,Accepted,177.0,39152.0,1120,
s412825548,p02781,u441250130,1581370036,C++,C++14 (GCC 5.4.1),cpp,Accepted,1.0,256.0,1144,
s927794422,p02781,u413318755,1581370027,Python,Python (3.4.3),py,Accepted,21.0,3064.0,1139,
s550258379,p02781,u441250130,1581369911,C++,C++14 (GCC 5.4.1),cpp,Accepted,1.0,256.0,1140,
s393542817,p02781,u401900157,1581369592,C++,C++14 (GCC 5.4.1),cpp,Accepted,2.0,384.0,1038,
s717382645,p02781,u363653022,1581369583,C++,C++14 (GCC 5.4.1),cpp,Accepted,1.0,256.0,730,
s554000246,p02781,u785897267,1581369581,C++,C++14 (GCC 5.4.1),cpp,Accepted,2.0,256.0,998,
s071126511,p02781,u119098168,1581369297,C++,C++14 (GCC 5.4.1),cpp,Accepted,1.0,256.0,914,
s508622560,p02781,u956530786,1581369232,Python,PyPy3 (2.4.0),py,Accepted,187.0,41192.0,230,
s136664903,p02781,u880221923,1581369209,C++,C++14 (GCC 5.4.1),cpp,Accepted,1.0,256.0,1454,
s563447921,p02781,u649915042,1581369144,C++,C++14 (GCC 5.4.1),cpp,Accepted,1.0,256.0,1678,
s172425086,p02781,u877847737,1581369109,C++,C++14 (GCC 5.4.1),cpp,Accepted,1.0,256.0,2489,
s212808498,p02781,u896543512,1581368837,C++,C++14 (GCC 5.4.1),cpp,Accepted,1.0,256.0,1259,
s778796705,p02781,u619850971,1581368787,Python,Python (3.4.3),py,Accepted,19.0,3188.0,543,
s530345539,p02781,u600402037,1581368701,Python,Python (3.4.3),py,Accepted,18.0,3064.0,1000,
s502987764,p02781,u322714721,1581368669,C++,C++14 (GCC 5.4.1),cpp,Accepted,1.0,256.0,1215,
s420684143,p02781,u017293723,1581368509,C++,C++14 (GCC 5.4.1),cpp,Accepted,1.0,256.0,2117,
s611677299,p02781,u426657245,1581368474,C++,C++14 (GCC 5.4.1),cpp,Accepted,1.0,256.0,1891,
s301949263,p02781,u904833081,1581368278,C++,C++14 (GCC 5.4.1),cpp,Accepted,1.0,256.0,1410,
s207969454,p02781,u224353074,1581368149,Python,Python (3.4.3),py,Accepted,18.0,3064.0,1054,
s267724347,p02781,u703950586,1581367721,Python,PyPy3 (2.4.0),py,Accepted,169.0,38384.0,1031,
s023749538,p02781,u961136005,1581367625,C++,C++14 (GCC 5.4.1),cpp,Accepted,1.0,256.0,1393,
s296233775,p02781,u112775098,1581367521,C++,C++14 (GCC 5.4.1),cpp,Accepted,1.0,256.0,854,
s080305019,p02781,u086056891,1581367461,Python,Python (3.4.3),py,Accepted,21.0,3064.0,395,
s039602550,p02781,u796877631,1581367207,C++,C++14 (GCC 5.4.1),cpp,Accepted,1.0,256.0,1040,
s678776124,p02781,u994988729,1581367091,Python,Python (3.4.3),py,Accepted,23.0,3188.0,941,
s483071217,p02781,u600402037,1581366996,Python,Python (3.4.3),py,Accepted,20.0,3064.0,945,
s749245249,p02781,u600402037,1581366859,Python,Python (3.4.3),py,Accepted,18.0,3064.0,923,
s726844168,p02781,u662918817,1581366634,C++,C++14 (GCC 5.4.1),cpp,Accepted,1.0,256.0,1642,
s198167995,p02781,u761320129,1581366281,Python,Python (3.4.3),py,Accepted,464.0,3188.0,301,
s824394414,p02781,u172885996,1581366178,C++,C++14 (GCC 5.4.1),cpp,Accepted,1.0,384.0,2168,
s273635916,p02781,u610726557,1581366161,C++,C++14 (GCC 5.4.1),cpp,Accepted,1.0,256.0,940,
s712419600,p02781,u714642969,1581366092,Python,PyPy3 (2.4.0),py,Accepted,170.0,38384.0,792,
s996460758,p02781,u509368316,1581365962,Python,Python (3.4.3),py,Accepted,18.0,3064.0,358,
s294217521,p02781,u814715203,1581365915,C++,C++14 (GCC 5.4.1),cpp,Accepted,1.0,256.0,1617,
s001855061,p02781,u037430802,1581365760,Python,Python (3.4.3),py,Accepted,19.0,3064.0,3326,
s827621401,p02781,u909616675,1581365665,Python,Python (3.4.3),py,Accepted,18.0,3192.0,1338,
s529353848,p02781,u846820729,1581365615,C++,C++14 (GCC 5.4.1),cpp,Accepted,1.0,256.0,725,
s131844660,p02781,u572665222,1581365228,C++,C++14 (GCC 5.4.1),cpp,Accepted,1.0,256.0,1002,
s214419276,p02781,u816645498,1581364889,C++,C++14 (GCC 5.4.1),cpp,Accepted,1.0,256.0,1174,
s277455302,p02781,u037430802,1581364736,Python,Python (3.4.3),py,Accepted,19.0,3192.0,3029,
s246328837,p02781,u816645498,1581364686,C++,C++14 (GCC 5.4.1),cpp,Accepted,1.0,256.0,1125,
s206633516,p02781,u915369024,1581364608,C++,C++14 (GCC 5.4.1),cpp,Accepted,497.0,256.0,589,
s890331275,p02781,u188117876,1581364324,C++,C++14 (GCC 5.4.1),cpp,Accepted,1.0,256.0,907,
s802457441,p02781,u419877586,1581363824,Python,Python (3.4.3),py,Accepted,18.0,3064.0,591,
s316949304,p02781,u961867404,1581363713,Python,Python (3.4.3),py,Accepted,17.0,3064.0,999,
s623052712,p02781,u186838327,1581363705,Python,PyPy3 (2.4.0),py,Accepted,200.0,41200.0,582,
s264459035,p02781,u186838327,1581363669,Python,Python (3.4.3),py,Accepted,24.0,3188.0,582,
s561148553,p02781,u196786099,1581363286,C++,C++14 (Clang 3.8.0),cpp,Accepted,6.0,888.0,1187,
s099211371,p02781,u537874719,1581362807,C++,C++14 (GCC 5.4.1),cpp,Accepted,1.0,256.0,2825,
s309318458,p02781,u645250356,1581361807,Python,PyPy3 (2.4.0),py,Accepted,301.0,66156.0,882,
s048423997,p02781,u291028869,1581361634,Python,Python (3.4.3),py,Accepted,17.0,3064.0,727,
s419175413,p02781,u233586402,1581360760,C++,C++14 (GCC 5.4.1),cpp,Accepted,1.0,256.0,808,
s538654042,p02781,u554988565,1581360571,C++,C++14 (GCC 5.4.1),cpp,Accepted,1.0,384.0,2316,
s155025390,p02781,u403404914,1581360482,C++,C++14 (GCC 5.4.1),cpp,Accepted,1.0,256.0,1182,
s636933487,p02781,u179169725,1581360330,Python,Python (3.4.3),py,Accepted,20.0,3064.0,615,
s822863400,p02781,u461336793,1581360088,C++,C++14 (GCC 5.4.1),cpp,Accepted,1.0,256.0,2366,
s020641673,p02781,u179169725,1581360050,Python,Python (3.4.3),py,Accepted,33.0,3812.0,1149,
s072862500,p02781,u158378528,1581359962,C++,C++14 (GCC 5.4.1),cpp,Accepted,1.0,256.0,2890,
s137853261,p02781,u464052933,1581359932,C++,C++14 (GCC 5.4.1),cpp,Accepted,1.0,256.0,606,
s789813427,p02781,u767093102,1581359926,C++,C++14 (GCC 5.4.1),cpp,Accepted,1.0,256.0,971,
s254777980,p02781,u767093102,1581359859,C++,C++14 (GCC 5.4.1),cpp,Accepted,1.0,256.0,982,
s187791398,p02781,u207036582,1581359628,C++,C++14 (GCC 5.4.1),cpp,Accepted,1.0,256.0,1074,
s917741176,p02781,u160429264,1581359343,C++,C++14 (GCC 5.4.1),cpp,Accepted,1.0,256.0,891,
s314989906,p02781,u052025289,1581359265,C++,C++14 (GCC 5.4.1),cpp,Accepted,4.0,7296.0,2648,
s659846173,p02781,u095426154,1581359242,Python,Python (3.4.3),py,Accepted,18.0,3064.0,724,
s942456003,p02781,u365375535,1581359179,Python,Python (3.4.3),py,Accepted,23.0,3064.0,529,
s289425734,p02781,u906208439,1581359066,C++,C++14 (GCC 5.4.1),cpp,Accepted,1.0,256.0,1201,
s971919841,p02781,u953604084,1581358968,C++,C++14 (GCC 5.4.1),cpp,Accepted,1.0,256.0,1084,
s532278416,p02781,u905203728,1581358695,Python,Python (3.4.3),py,Accepted,18.0,3064.0,595,
s042244985,p02781,u623468376,1581358265,C++,C++14 (GCC 5.4.1),cpp,Accepted,1.0,256.0,993,
s058525181,p02781,u331081465,1581358153,C++,C++14 (GCC 5.4.1),cpp,Accepted,1.0,256.0,899,
s205995067,p02781,u257162238,1581357998,Python,Python (3.4.3),py,Accepted,19.0,3064.0,914,
s660091535,p02781,u512007680,1581357487,Python,Python (3.4.3),py,Accepted,17.0,3064.0,694,
s985494172,p02781,u863044225,1581357252,C++,C++14 (GCC 5.4.1),cpp,Accepted,2.0,384.0,628,
s378984135,p02781,u637220270,1581357118,C++,C++14 (GCC 5.4.1),cpp,Accepted,1.0,256.0,668,
s943240611,p02781,u539916870,1581356885,C++,C++14 (GCC 5.4.1),cpp,Accepted,1.0,256.0,2117,
s525918032,p02781,u698598617,1581356198,C++,C++14 (GCC 5.4.1),cpp,Accepted,1.0,256.0,1404,
s589941035,p02781,u761118300,1581355879,C++,C++14 (GCC 5.4.1),cpp,Accepted,1.0,384.0,710,
s283002486,p02781,u508486691,1581355718,Python,PyPy3 (2.4.0),py,Accepted,169.0,38256.0,1279,
s061454620,p02781,u517447467,1581355346,Python,PyPy3 (2.4.0),py,Accepted,196.0,41328.0,513,
s518930060,p02781,u895217334,1581354975,C++,C++14 (GCC 5.4.1),cpp,Accepted,1.0,256.0,1531,
s904430962,p02781,u264304509,1581354957,C++,C++14 (GCC 5.4.1),cpp,Accepted,1.0,256.0,635,
s168022731,p02781,u178618463,1581354814,C++,C++14 (GCC 5.4.1),cpp,Accepted,1.0,256.0,1107,
s136296057,p02781,u254871849,1581354806,Python,Python (3.4.3),py,Accepted,18.0,3064.0,1076,
s673129421,p02781,u894339989,1581354783,C++,C++14 (GCC 5.4.1),cpp,Accepted,1.0,256.0,1029,
s219691264,p02781,u828388155,1581354699,C++,C++14 (GCC 5.4.1),cpp,Accepted,2.0,384.0,1732,
s682457135,p02781,u816645498,1581354444,C++,C++14 (GCC 5.4.1),cpp,Accepted,3.0,256.0,843,
s439724043,p02781,u654470292,1581354221,Python,PyPy3 (2.4.0),py,Accepted,283.0,63980.0,1117,
s490954485,p02781,u521272340,1581354183,C++,C++14 (GCC 5.4.1),cpp,Accepted,1.0,256.0,6265,
s617036718,p02781,u117348081,1581353907,Python,Python (3.4.3),py,Accepted,21.0,3064.0,395,
s468637966,p02781,u640323045,1581353746,C++,C++14 (GCC 5.4.1),cpp,Accepted,1.0,256.0,1084,
s984206016,p02781,u425351967,1581353725,C++,C++14 (Clang 3.8.0),cpp,Accepted,1.0,256.0,1011,
s930411949,p02781,u658096542,1581353611,C++,C++14 (GCC 5.4.1),cpp,Accepted,1.0,256.0,2559,
s909518549,p02781,u137747137,1581353556,C++,C++14 (GCC 5.4.1),cpp,Accepted,1.0,256.0,1127,
s429024642,p02781,u935586669,1581353230,C++,C++14 (Clang 3.8.0),cpp,Accepted,2.0,256.0,1598,
s923176563,p02781,u492926158,1581352831,C++,C++14 (GCC 5.4.1),cpp,Accepted,1.0,256.0,1027,
s993175789,p02781,u086056891,1581352603,Python,Python (3.4.3),py,Accepted,21.0,3064.0,436,
s590702887,p02781,u644332191,1581352419,C++,C++14 (GCC 5.4.1),cpp,Accepted,1.0,256.0,2077,
s735700711,p02781,u782098901,1581352302,C++,C++14 (GCC 5.4.1),cpp,Accepted,1.0,256.0,846,
s701111430,p02781,u512646937,1581352197,C++,C++14 (GCC 5.4.1),cpp,Accepted,1.0,256.0,1819,
s932488197,p02781,u652583512,1581352178,Python,PyPy3 (2.4.0),py,Accepted,183.0,40048.0,871,
s413073952,p02781,u593567568,1581352036,Python,Python (3.4.3),py,Accepted,27.0,3940.0,666,
s688936148,p02781,u787696070,1581352019,C++,C++14 (GCC 5.4.1),cpp,Accepted,1.0,256.0,2488,
s955850542,p02781,u158378528,1581352003,C++,C++14 (GCC 5.4.1),cpp,Accepted,1.0,256.0,2674,
s710596245,p02781,u747390421,1581351786,C++,C++14 (GCC 5.4.1),cpp,Accepted,1.0,256.0,593,
s773838392,p02781,u593567568,1581351740,Python,Python (3.4.3),py,Accepted,17.0,3064.0,1357,
s760077020,p02781,u634209474,1581351739,C++,C++14 (GCC 5.4.1),cpp,Accepted,1.0,256.0,1116,
s882700230,p02781,u980909653,1581351464,C++,C++14 (GCC 5.4.1),cpp,Accepted,1.0,256.0,927,
s758528400,p02781,u080318287,1581351181,Python,Python (3.4.3),py,Accepted,29.0,3188.0,1612,
s448038077,p02781,u765690804,1581351173,C++,C++14 (GCC 5.4.1),cpp,Accepted,1.0,256.0,1356,
s451948229,p02781,u615258936,1581350846,C++,C++14 (GCC 5.4.1),cpp,Accepted,1.0,256.0,617,
s819216060,p02781,u259053514,1581350516,C++,C++14 (GCC 5.4.1),cpp,Accepted,1.0,256.0,5117,
s138450385,p02781,u410506856,1581350089,C++,C++14 (GCC 5.4.1),cpp,Accepted,1.0,256.0,1170,
s701728879,p02781,u136342563,1581350027,C++,C++14 (GCC 5.4.1),cpp,Accepted,1.0,256.0,857,
s604064395,p02781,u759266806,1581349969,C++,C++14 (GCC 5.4.1),cpp,Accepted,1.0,256.0,5347,
s685952344,p02781,u271063202,1581349843,C++,C++14 (GCC 5.4.1),cpp,Accepted,1.0,256.0,743,
s294965343,p02781,u698883164,1581349239,C++,C++14 (GCC 5.4.1),cpp,Accepted,1.0,256.0,3807,
s269042308,p02781,u474423089,1581349182,Python,Python (3.4.3),py,Accepted,18.0,3064.0,795,
s318058486,p02781,u365364616,1581349154,Python,Python (3.4.3),py,Accepted,19.0,3188.0,725,
s860894310,p02781,u554953477,1581348899,C++,C++14 (GCC 5.4.1),cpp,Accepted,1.0,256.0,2370,
s321989601,p02781,u219197917,1581348637,Python,Python (3.4.3),py,Accepted,152.0,12488.0,687,
s401918859,p02781,u798665594,1581348591,C++,C++14 (GCC 5.4.1),cpp,Accepted,1.0,256.0,753,
s704516797,p02781,u339419997,1581348490,C++,C++14 (Clang 3.8.0),cpp,Accepted,1.0,256.0,1384,
s554530672,p02781,u131797876,1581348232,C++,C++14 (GCC 5.4.1),cpp,Accepted,1.0,384.0,1146,
s358679871,p02781,u983681697,1581348038,C++,C++14 (GCC 5.4.1),cpp,Accepted,1.0,256.0,1119,
s418499741,p02781,u086672186,1581348025,C++,C++14 (GCC 5.4.1),cpp,Accepted,1.0,256.0,998,
s004381490,p02781,u269235541,1581347249,Python,Python (3.4.3),py,Accepted,18.0,3064.0,1054,
s205693155,p02781,u813854705,1581347158,C++,C++14 (GCC 5.4.1),cpp,Accepted,1.0,256.0,1062,
s422212219,p02781,u820262277,1581347097,C++,C++11 (GCC 4.8.1),cpp,Accepted,1.0,256.0,7552,
s468044538,p02781,u491236337,1581347016,C++,C++14 (GCC 5.4.1),cpp,Accepted,1.0,256.0,661,
s643640322,p02781,u095453583,1581347009,C++,C++14 (GCC 5.4.1),cpp,Accepted,1.0,384.0,4737,
s445393249,p02781,u411203878,1581347000,Python,Python (3.4.3),py,Accepted,18.0,3064.0,469,
s758984386,p02781,u790272146,1581346991,C++,C++14 (GCC 5.4.1),cpp,Accepted,1.0,256.0,1887,
s119771098,p02781,u222866518,1581346902,C++,C++14 (GCC 5.4.1),cpp,Accepted,1.0,256.0,894,
s985378381,p02781,u572142121,1581346311,Python,Python (3.4.3),py,Accepted,18.0,3064.0,953,
s469492607,p02781,u947907974,1581346222,C++,C++14 (GCC 5.4.1),cpp,Accepted,1.0,384.0,1257,
s096796551,p02781,u231685196,1581346064,Python,Python (3.4.3),py,Accepted,18.0,3064.0,595,
s492585841,p02781,u490553751,1581345809,Python,Python (3.4.3),py,Accepted,18.0,3064.0,900,
s296995466,p02781,u060402593,1581345753,C++,C++14 (GCC 5.4.1),cpp,Accepted,2.0,256.0,745,
s805157562,p02781,u116523315,1581345751,C++,C++14 (GCC 5.4.1),cpp,Accepted,1.0,256.0,1491,
s248101438,p02781,u297007413,1581345460,C++,C++14 (GCC 5.4.1),cpp,Accepted,1.0,256.0,5215,
s907034280,p02781,u441575327,1581345247,Python,Python (3.4.3),py,Accepted,23.0,3064.0,454,
s870922139,p02781,u183971632,1581345163,C++,C++14 (GCC 5.4.1),cpp,Accepted,1.0,256.0,1140,
s561737811,p02781,u432897824,1581344944,C++,C++14 (GCC 5.4.1),cpp,Accepted,1.0,256.0,1482,
s756868016,p02781,u554953477,1581344820,C++,C++14 (GCC 5.4.1),cpp,Accepted,1.0,256.0,1608,
s370339607,p02781,u691896522,1581344766,Python,PyPy3 (2.4.0),py,Accepted,169.0,38384.0,1650,
s279085629,p02781,u691896522,1581344645,Python,PyPy3 (2.4.0),py,Accepted,169.0,38256.0,1650,
s943015986,p02781,u168578024,1581344413,C++,C++14 (GCC 5.4.1),cpp,Accepted,1.0,256.0,3131,
s565529484,p02781,u280096880,1581344408,C++,C++14 (GCC 5.4.1),cpp,Accepted,1.0,256.0,1900,
s594131656,p02781,u419307948,1581344283,C++,C++14 (GCC 5.4.1),cpp,Accepted,3.0,256.0,601,
s685045439,p02781,u924339359,1581344234,C++,C++14 (GCC 5.4.1),cpp,Accepted,1.0,256.0,711,
s162160465,p02781,u609061751,1581344065,Python,PyPy3 (2.4.0),py,Accepted,162.0,38256.0,597,
s415325008,p02781,u945181840,1581343834,Python,Python (3.4.3),py,Accepted,26.0,3684.0,835,
s305448675,p02781,u837885766,1581343752,Python,Python (3.4.3),py,Accepted,18.0,3188.0,1089,
s327880458,p02781,u980076349,1581343681,C++,C++14 (GCC 5.4.1),cpp,Accepted,1.0,256.0,633,
s051115353,p02781,u980076349,1581343637,C++,C++14 (GCC 5.4.1),cpp,Accepted,1.0,256.0,1538,
s683462256,p02781,u190018920,1581343360,C++,C++14 (GCC 5.4.1),cpp,Accepted,1.0,256.0,1585,
s670130818,p02781,u697658632,1581343304,C++,C++14 (GCC 5.4.1),cpp,Accepted,1.0,256.0,916,
s320281261,p02781,u945181840,1581343260,Python,Python (3.4.3),py,Accepted,22.0,3700.0,859,
s675392142,p02781,u545866784,1581342909,C++,C++14 (GCC 5.4.1),cpp,Accepted,1.0,256.0,752,
s715432541,p02781,u190018920,1581342897,C++,C++14 (GCC 5.4.1),cpp,Accepted,1.0,256.0,1680,
s898454880,p02781,u726872801,1581342856,Python,Python (3.4.3),py,Accepted,19.0,3064.0,619,
s208530693,p02781,u404244809,1581342689,C++,C++14 (GCC 5.4.1),cpp,Accepted,1.0,256.0,2185,
s944326042,p02781,u219873484,1581342490,C++,C++14 (GCC 5.4.1),cpp,Accepted,1.0,256.0,1767,
s646371238,p02781,u648212584,1581342401,Python,Python (3.4.3),py,Accepted,18.0,3064.0,811,
s555306399,p02781,u648212584,1581342353,Python,Python (3.4.3),py,Accepted,23.0,3444.0,798,
s773066357,p02781,u554954744,1581342143,Python,PyPy3 (2.4.0),py,Accepted,208.0,41072.0,635,
s999640643,p02781,u049652688,1581342072,C++,C++14 (GCC 5.4.1),cpp,Accepted,1.0,256.0,2019,
s922615633,p02781,u997648604,1581341719,Python,Python (3.4.3),py,Accepted,152.0,14292.0,649,
s076705940,p02781,u155024797,1581341609,Python,PyPy3 (2.4.0),py,Accepted,167.0,38256.0,629,
s471520849,p02781,u216849520,1581341383,C++,C++14 (GCC 5.4.1),cpp,Accepted,1.0,256.0,2152,
s382949470,p02781,u734519000,1581341287,C++,C++14 (GCC 5.4.1),cpp,Accepted,1.0,256.0,1108,
s295822823,p02781,u888249344,1581341156,C++,C++14 (GCC 5.4.1),cpp,Accepted,1.0,384.0,717,
s335697224,p02781,u471212175,1581341079,C++,C++14 (GCC 5.4.1),cpp,Accepted,1.0,256.0,1160,
s625396186,p02781,u259053514,1581341058,C++,C++14 (GCC 5.4.1),cpp,Accepted,1.0,384.0,5259,
s436436012,p02781,u779455925,1581341044,Python,PyPy3 (2.4.0),py,Accepted,291.0,66028.0,821,
s616322744,p02781,u979163294,1581340972,C++,C++14 (GCC 5.4.1),cpp,Accepted,1.0,256.0,729,
s691302614,p02781,u572142121,1581340927,Python,Python (3.4.3),py,Accepted,20.0,3188.0,888,
s043532558,p02781,u476604182,1581340853,Python,Python (3.4.3),py,Accepted,18.0,3064.0,615,
s202815362,p02781,u476604182,1581340810,Python,PyPy3 (2.4.0),py,Accepted,171.0,39860.0,614,
s546335738,p02781,u064963667,1581340379,Python,Python (3.4.3),py,Accepted,18.0,3064.0,1073,
s892871510,p02781,u480892088,1581340139,C++,C++14 (GCC 5.4.1),cpp,Accepted,2.0,256.0,852,
s695209368,p02781,u045368371,1581339896,C++,C++14 (GCC 5.4.1),cpp,Accepted,2.0,256.0,1887,
s676064447,p02781,u054501336,1581339790,C++,C++14 (GCC 5.4.1),cpp,Accepted,1.0,256.0,785,
s971290249,p02781,u785989355,1581339762,Python,PyPy3 (2.4.0),py,Accepted,174.0,38384.0,641,
s921576557,p02781,u596430580,1581339569,C++,C++14 (GCC 5.4.1),cpp,Accepted,1.0,256.0,1216,
s837462269,p02781,u029021990,1581339482,Python,PyPy3 (2.4.0),py,Accepted,195.0,41072.0,979,
s712725609,p02781,u089147470,1581339259,C++,C++14 (GCC 5.4.1),cpp,Accepted,1.0,256.0,1219,
s899319360,p02781,u489108157,1581339234,C++,C++14 (GCC 5.4.1),cpp,Accepted,1.0,256.0,1117,
s901516477,p02781,u277440940,1581339193,C++,C++14 (GCC 5.4.1),cpp,Accepted,60.0,4352.0,2962,
s191577996,p02781,u775013393,1581339190,C++,C++14 (GCC 5.4.1),cpp,Accepted,1.0,256.0,1701,
s777418647,p02781,u326152409,1581338918,C++,C++14 (GCC 5.4.1),cpp,Accepted,1.0,256.0,1427,
s428164952,p02781,u547167033,1581338690,Python,Python (3.4.3),py,Accepted,18.0,3064.0,415,
s150763657,p02781,u334624175,1581338178,C++,C++14 (Clang 3.8.0),cpp,Accepted,1.0,256.0,1667,
s697905978,p02781,u718758485,1581337918,C++,C++14 (GCC 5.4.1),cpp,Accepted,1.0,256.0,764,
s075097188,p02781,u561231954,1581337783,Python,Python (3.4.3),py,Accepted,19.0,3064.0,559,
s991335888,p02781,u601384736,1581337532,C++,C++14 (GCC 5.4.1),cpp,Accepted,1.0,256.0,615,
s091542929,p02781,u348805958,1581337494,Python,Python (3.4.3),py,Accepted,17.0,3064.0,815,
s099991545,p02781,u912752743,1581337461,C++,C++14 (GCC 5.4.1),cpp,Accepted,1.0,256.0,520,
s870833135,p02781,u619683748,1581337400,C++,C++14 (GCC 5.4.1),cpp,Accepted,1.0,384.0,2032,
s599924715,p02781,u476604182,1581337022,Python,PyPy3 (2.4.0),py,Accepted,182.0,39536.0,328,
s746437463,p02781,u507826663,1581336995,Python,Python (3.4.3),py,Accepted,17.0,3064.0,878,
s423815753,p02781,u014442925,1581336918,C++,C++14 (GCC 5.4.1),cpp,Accepted,1.0,256.0,1344,
s800222177,p02781,u139614630,1581336882,Python,Python (3.4.3),py,Accepted,1036.0,3064.0,932,
s862184928,p02781,u283907492,1581336814,C++,C++14 (GCC 5.4.1),cpp,Accepted,1.0,256.0,1173,
s867789654,p02781,u987039629,1581336793,C++,C++14 (GCC 5.4.1),cpp,Accepted,1.0,256.0,579,
s526316382,p02781,u485126457,1581336615,C++,C++14 (GCC 5.4.1),cpp,Accepted,1518.0,256.0,1875,
s404189051,p02781,u401900157,1581336607,C++,C++14 (GCC 5.4.1),cpp,Accepted,3.0,384.0,1121,
s643193588,p02781,u380524497,1581336329,Python,Python (3.4.3),py,Accepted,17.0,3064.0,475,
s416435874,p02781,u554954744,1581336190,Python,PyPy3 (2.4.0),py,Accepted,198.0,41072.0,635,
s829956079,p02781,u476604182,1581336165,Python,PyPy3 (2.4.0),py,Accepted,189.0,38896.0,326,
s054375894,p02781,u334624175,1581336037,C++,C++14 (Clang 3.8.0),cpp,Accepted,1.0,256.0,1137,
s136424488,p02781,u536087211,1581336018,C++,C++14 (GCC 5.4.1),cpp,Accepted,1.0,256.0,1050,
s728535041,p02781,u404244809,1581335972,C++,C++14 (GCC 5.4.1),cpp,Accepted,1.0,256.0,1884,
s307551761,p02781,u877847737,1581335551,C++,C++14 (GCC 5.4.1),cpp,Accepted,1.0,256.0,1197,
s308453079,p02781,u956530786,1581335521,Python,PyPy3 (2.4.0),py,Accepted,202.0,41192.0,238,
s373812898,p02781,u303039933,1581335303,Python,PyPy3 (2.4.0),py,Accepted,205.0,40940.0,3150,
s295135935,p02781,u201808715,1581335117,C++,C++14 (GCC 5.4.1),cpp,Accepted,1.0,256.0,1822,
s717380534,p02781,u352969025,1581335052,C++,C++14 (GCC 5.4.1),cpp,Accepted,1.0,256.0,936,
s004252580,p02781,u169138653,1581335016,Python,Python (3.4.3),py,Accepted,19.0,3064.0,596,
s563386436,p02781,u274883254,1581334736,C++,C++14 (GCC 5.4.1),cpp,Accepted,1.0,256.0,717,
s485363660,p02781,u638661457,1581334502,C++,C++14 (GCC 5.4.1),cpp,Accepted,1.0,256.0,1779,
s740082009,p02781,u754022296,1581333901,Python,Python (3.4.3),py,Accepted,18.0,3064.0,633,
s567056336,p02781,u704629282,1581333720,C++,C++14 (GCC 5.4.1),cpp,Accepted,1.0,640.0,751,
s575513402,p02781,u079022693,1581333368,Python,Python (3.4.3),py,Accepted,23.0,3064.0,845,
s509532444,p02781,u862412671,1581333225,C++,C++14 (GCC 5.4.1),cpp,Accepted,1.0,256.0,1032,
s898328362,p02781,u942774736,1581333055,C++,C++14 (GCC 5.4.1),cpp,Accepted,1.0,256.0,266,
s304212474,p02781,u902409103,1581332983,C++,C++14 (GCC 5.4.1),cpp,Accepted,1.0,256.0,699,
s394178601,p02781,u956530786,1581332882,Python,PyPy3 (2.4.0),py,Accepted,207.0,41320.0,300,
s166423799,p02781,u942774736,1581332755,C++,C++14 (GCC 5.4.1),cpp,Accepted,1.0,256.0,270,
s976657710,p02781,u993139044,1581332652,C++,C++14 (GCC 5.4.1),cpp,Accepted,1.0,384.0,1687,
s127186491,p02781,u603303736,1581332436,C++,C++14 (GCC 5.4.1),cpp,Accepted,1.0,256.0,6093,
s824959238,p02781,u046482892,1581332340,C++,C++14 (GCC 5.4.1),cpp,Accepted,1.0,256.0,1739,
s452565635,p02781,u836939578,1581332286,Python,PyPy3 (2.4.0),py,Accepted,190.0,40304.0,541,
s238032585,p02781,u672220554,1581332214,Python,Python (3.4.3),py,Accepted,17.0,3064.0,691,
s673590719,p02781,u942774736,1581332184,C++,C++14 (GCC 5.4.1),cpp,Accepted,1.0,256.0,279,
s723892179,p02781,u025592199,1581332172,C++,C++14 (GCC 5.4.1),cpp,Accepted,24.0,256.0,879,
s751834955,p02781,u285358283,1581331978,C++,C++14 (GCC 5.4.1),cpp,Accepted,1.0,256.0,1103,
s309540697,p02781,u561231954,1581331878,Python,Python (3.4.3),py,Accepted,18.0,3064.0,499,
s152441918,p02781,u489108157,1581331841,C++,C++14 (GCC 5.4.1),cpp,Accepted,1.0,256.0,1434,
s617055203,p02781,u942774736,1581331753,C++,C++14 (GCC 5.4.1),cpp,Accepted,1.0,256.0,336,
s684623276,p02781,u177907787,1581331687,C++,C++14 (GCC 5.4.1),cpp,Accepted,1.0,256.0,809,
s106137239,p02781,u612175324,1581331681,C++,C++14 (GCC 5.4.1),cpp,Accepted,1.0,256.0,611,
s467214176,p02781,u390165589,1581331455,C++,C++14 (GCC 5.4.1),cpp,Accepted,1.0,256.0,1308,
s487050098,p02781,u647592933,1581331300,C++,C++14 (GCC 5.4.1),cpp,Accepted,2.0,2816.0,7653,
s669270686,p02781,u601330084,1581331276,C++,C++14 (GCC 5.4.1),cpp,Accepted,1.0,256.0,1708,
s786997283,p02781,u942774736,1581331229,C++,C++14 (GCC 5.4.1),cpp,Accepted,1.0,256.0,428,
s404763806,p02781,u465669072,1581331141,C++,C++14 (GCC 5.4.1),cpp,Accepted,1.0,256.0,908,
s463315294,p02781,u753391427,1581331134,C++,C++14 (GCC 5.4.1),cpp,Accepted,1.0,256.0,789,
s960924958,p02781,u942774736,1581331082,C++,C++14 (GCC 5.4.1),cpp,Accepted,1.0,256.0,450,
s677905239,p02781,u550014122,1581330967,C++,C++14 (GCC 5.4.1),cpp,Accepted,1.0,256.0,1717,
s274200775,p02781,u616029737,1581330861,C++,C++14 (GCC 5.4.1),cpp,Accepted,1.0,512.0,3458,
s282813186,p02781,u412823590,1581330152,C++,C++14 (GCC 5.4.1),cpp,Accepted,1.0,256.0,1016,
s673218465,p02781,u993619636,1581329851,C++,C++14 (GCC 5.4.1),cpp,Accepted,1.0,256.0,719,
s347814971,p02781,u408910484,1581329849,C++,C++14 (Clang 3.8.0),cpp,Accepted,7.0,888.0,6922,
s716445387,p02781,u637170240,1581329844,Python,Python (3.4.3),py,Accepted,18.0,3064.0,618,
s250735777,p02781,u571444155,1581329811,C++,C++14 (GCC 5.4.1),cpp,Accepted,2.0,256.0,984,
s305351076,p02781,u368796742,1581329651,Python,Python (3.4.3),py,Accepted,24.0,3064.0,700,
s965830517,p02781,u637170240,1581329631,Python,Python (3.4.3),py,Accepted,18.0,3064.0,684,
s594627948,p02781,u864171425,1581329554,C++,C++14 (GCC 5.4.1),cpp,Accepted,4.0,256.0,1048,
s795548210,p02781,u216849520,1581329450,C++,C++14 (GCC 5.4.1),cpp,Accepted,1.0,256.0,2029,
s801901817,p02781,u561083515,1581329339,Python,Python (3.4.3),py,Accepted,26.0,3940.0,684,
s278820347,p02781,u672220554,1581329149,Python,PyPy3 (2.4.0),py,Accepted,199.0,41328.0,645,
s529747723,p02781,u386107860,1581329098,C++,C++14 (GCC 5.4.1),cpp,Accepted,1.0,256.0,868,
s822580168,p02781,u660656117,1581328877,C++,C++14 (GCC 5.4.1),cpp,Accepted,1.0,256.0,620,
s155126114,p02781,u816488327,1581328756,Python,Python (3.4.3),py,Accepted,151.0,12508.0,916,
s164202044,p02781,u553927381,1581328091,C++,C++14 (GCC 5.4.1),cpp,Accepted,1.0,256.0,1702,
s350033296,p02781,u731448038,1581327845,Python,Python (3.4.3),py,Accepted,18.0,3064.0,825,
s790194430,p02781,u107091170,1581327561,C++,C++14 (GCC 5.4.1),cpp,Accepted,1.0,384.0,811,
s945974154,p02781,u604231488,1581327272,C++,C++14 (GCC 5.4.1),cpp,Accepted,1.0,256.0,1018,
s944607852,p02781,u395620499,1581327269,C++,C++14 (GCC 5.4.1),cpp,Accepted,1.0,256.0,1110,
s716626585,p02781,u857644621,1581327236,C++,C++14 (GCC 5.4.1),cpp,Accepted,1.0,128.0,2015,
s319085535,p02781,u449722246,1581326961,C++,C++14 (GCC 5.4.1),cpp,Accepted,2.0,256.0,1930,
s554869649,p02781,u689844566,1581326013,C++,C++14 (GCC 5.4.1),cpp,Accepted,1.0,256.0,1202,
s349101212,p02781,u343935874,1581325858,C++,C++14 (GCC 5.4.1),cpp,Accepted,1.0,384.0,872,
s503662916,p02781,u810735437,1581325812,Python,Python (3.4.3),py,Accepted,57.0,6796.0,3226,
s408687494,p02781,u374929478,1581325441,C++,C++14 (GCC 5.4.1),cpp,Accepted,1.0,256.0,1077,
s327850449,p02781,u421426760,1581324626,C++,C++14 (GCC 5.4.1),cpp,Accepted,1.0,384.0,2742,
s153985979,p02781,u389910364,1581324296,Python,Python (3.4.3),py,Accepted,372.0,22236.0,930,
s324576252,p02781,u740054550,1581324233,C++,C++14 (GCC 5.4.1),cpp,Accepted,1.0,256.0,4225,
s126555375,p02781,u933068010,1581324119,C++,C++14 (GCC 5.4.1),cpp,Accepted,7.0,15872.0,6450,
s595828083,p02781,u168774513,1581323578,C++,C++14 (GCC 5.4.1),cpp,Accepted,1.0,256.0,971,
s180769598,p02781,u071019032,1581323025,C++,C++14 (GCC 5.4.1),cpp,Accepted,632.0,256.0,1741,
s195837327,p02781,u071019032,1581322610,C++,C++14 (GCC 5.4.1),cpp,Accepted,333.0,256.0,2070,
s543985623,p02781,u415325136,1581322132,C++,C++14 (GCC 5.4.1),cpp,Accepted,1.0,256.0,1500,
s582460466,p02781,u431981421,1581322057,Python,PyPy3 (2.4.0),py,Accepted,177.0,38760.0,742,
s411453973,p02781,u922965680,1581322027,Python,PyPy3 (2.4.0),py,Accepted,180.0,38384.0,805,
s572771028,p02781,u571173211,1581321953,C++,C++14 (GCC 5.4.1),cpp,Accepted,1.0,256.0,2083,
s417657147,p02781,u571173211,1581321325,C++,C++14 (GCC 5.4.1),cpp,Accepted,1.0,256.0,1183,
s714881033,p02781,u638456847,1581321267,Python,Python (3.4.3),py,Accepted,17.0,3064.0,803,
s581390005,p02781,u057109575,1581321082,Python,PyPy3 (2.4.0),py,Accepted,187.0,40560.0,430,
s334104376,p02781,u571173211,1581320052,C++,C++14 (GCC 5.4.1),cpp,Accepted,1.0,256.0,1815,
s587368238,p02781,u894950682,1581319818,C++,C++14 (GCC 5.4.1),cpp,Accepted,1.0,256.0,6569,
s893228878,p02781,u083190434,1581319335,C++,C++14 (GCC 5.4.1),cpp,Accepted,1.0,256.0,958,
s145263968,p02781,u633967774,1581319285,C++,C++14 (GCC 5.4.1),cpp,Accepted,1.0,256.0,941,
s447792806,p02781,u942774736,1581318607,C++,C++14 (GCC 5.4.1),cpp,Accepted,3.0,256.0,871,
s615711712,p02781,u738450435,1581318403,C++,C++14 (GCC 5.4.1),cpp,Accepted,1.0,256.0,660,
s575905661,p02781,u238205921,1581318243,C++,C++14 (GCC 5.4.1),cpp,Accepted,1.0,256.0,914,
s088915262,p02781,u294531924,1581318025,C++,C++14 (GCC 5.4.1),cpp,Accepted,1.0,256.0,3281,
s676965348,p02781,u028471184,1581317171,C++,C++14 (GCC 5.4.1),cpp,Accepted,1.0,256.0,1319,
s830761204,p02781,u465638326,1581317070,C++,C++14 (GCC 5.4.1),cpp,Accepted,1.0,256.0,1100,
s931141169,p02781,u391331433,1581316946,C++,C++14 (GCC 5.4.1),cpp,Accepted,1.0,384.0,2747,
s286013621,p02781,u162773977,1581316088,Python,Python (3.4.3),py,Accepted,18.0,3192.0,2056,
s392606283,p02781,u339233484,1581315468,C++,C++14 (GCC 5.4.1),cpp,Accepted,1.0,256.0,820,
s452284064,p02781,u339233484,1581315317,C++,C++14 (GCC 5.4.1),cpp,Accepted,1.0,256.0,909,
s288029348,p02781,u068765697,1581315256,C++,C++14 (GCC 5.4.1),cpp,Accepted,1.0,256.0,1043,
s956117550,p02781,u299626104,1581314341,C++,C++14 (GCC 5.4.1),cpp,Accepted,1.0,256.0,609,
s469519323,p02781,u623094203,1581312647,C++,C++14 (GCC 5.4.1),cpp,Accepted,1.0,256.0,987,
s234915455,p02781,u898983806,1581312429,C++,C++14 (GCC 5.4.1),cpp,Accepted,1.0,256.0,1103,
s316684352,p02781,u147049801,1581312426,C++,C++14 (GCC 5.4.1),cpp,Accepted,1.0,256.0,948,
s457485248,p02781,u815140247,1581312180,C++,C++14 (GCC 5.4.1),cpp,Accepted,1.0,256.0,795,
s110199454,p02781,u854367220,1581311883,C++,C++14 (GCC 5.4.1),cpp,Accepted,1.0,256.0,1166,
s593684988,p02781,u903311413,1581311748,C++,C++14 (GCC 5.4.1),cpp,Accepted,1.0,256.0,2356,
s017626093,p02781,u557494880,1581310646,Python,Python (3.4.3),py,Accepted,17.0,3064.0,610,
s210965040,p02781,u330661451,1581309581,C++,C++14 (GCC 5.4.1),cpp,Accepted,1.0,256.0,1134,
s676794038,p02781,u172885996,1581308717,C++,C++14 (GCC 5.4.1),cpp,Accepted,2.0,256.0,2940,
s262465812,p02781,u340781749,1581307622,Python,Python (3.4.3),py,Accepted,18.0,3064.0,468,
s344191989,p02781,u837951457,1581307076,C++,C++14 (GCC 5.4.1),cpp,Accepted,1.0,256.0,1104,
s678558511,p02781,u124059719,1581307046,C++,C++14 (GCC 5.4.1),cpp,Accepted,1.0,256.0,3088,
s418972016,p02781,u976045235,1581306842,C++,C++14 (GCC 5.4.1),cpp,Accepted,1.0,256.0,2091,
s479121949,p02781,u456353530,1581305737,Python,PyPy3 (2.4.0),py,Accepted,168.0,38384.0,684,
s698068566,p02781,u761362252,1581305364,C++,C++14 (GCC 5.4.1),cpp,Accepted,719.0,52864.0,1677,
s826205863,p02781,u693378622,1581304945,Python,Python (3.4.3),py,Accepted,17.0,3188.0,466,
s280661264,p02781,u535555850,1581304565,C++,C++14 (GCC 5.4.1),cpp,Accepted,1.0,256.0,2683,
s112560599,p02781,u693378622,1581304530,Python,Python (3.4.3),py,Accepted,17.0,3064.0,508,
s405992430,p02781,u086921921,1581304307,C++,C++14 (GCC 5.4.1),cpp,Accepted,1.0,256.0,1744,
s067536865,p02781,u362821344,1581303735,C++,C++14 (GCC 5.4.1),cpp,Accepted,1.0,256.0,2512,
s889906461,p02781,u634209474,1581303493,C++,C++14 (GCC 5.4.1),cpp,Accepted,1.0,256.0,1155,
s761367955,p02781,u876875284,1581303456,C++,C++14 (GCC 5.4.1),cpp,Accepted,1.0,256.0,732,
s793986425,p02781,u221842690,1581303401,C++,C++14 (GCC 5.4.1),cpp,Accepted,1.0,256.0,5170,
s996585681,p02781,u774417629,1581303287,C++,C++14 (GCC 5.4.1),cpp,Accepted,1.0,256.0,953,
s870526229,p02781,u221842690,1581303263,C++,C++14 (GCC 5.4.1),cpp,Accepted,1.0,256.0,5172,
s010817337,p02781,u221842690,1581303057,C++,C++14 (GCC 5.4.1),cpp,Accepted,1.0,256.0,4704,
s948525126,p02781,u221842690,1581303009,C++,C++14 (GCC 5.4.1),cpp,Accepted,1.0,256.0,5068,
s646236107,p02781,u205473154,1581302796,C++,C++14 (GCC 5.4.1),cpp,Accepted,384.0,256.0,2135,
s605365652,p02781,u541055501,1581301138,Python,Python (3.4.3),py,Accepted,18.0,3064.0,746,
s549669858,p02781,u074721972,1581300477,C++,C++14 (GCC 5.4.1),cpp,Accepted,1.0,640.0,1693,
s161411655,p02781,u941407962,1581300441,Python,PyPy3 (2.4.0),py,Accepted,166.0,38256.0,560,
s719163778,p02781,u475007080,1581300415,C++,C++14 (GCC 5.4.1),cpp,Accepted,2.0,256.0,2766,
s465709927,p02781,u896847891,1581300240,C++,C++14 (GCC 5.4.1),cpp,Accepted,1.0,256.0,1139,
s871492903,p02781,u634209474,1581300002,C++,C++14 (GCC 5.4.1),cpp,Accepted,1.0,256.0,1238,
s225572588,p02781,u601330084,1581299824,C++,C++14 (GCC 5.4.1),cpp,Accepted,1.0,256.0,1500,
s681994313,p02781,u873616440,1581299791,Python,Python (3.4.3),py,Accepted,24.0,3064.0,890,
s784422419,p02781,u827202523,1581299652,Python,PyPy3 (2.4.0),py,Accepted,171.0,38512.0,1583,
s220132159,p02781,u910973430,1581299615,C++,C++14 (GCC 5.4.1),cpp,Accepted,1.0,384.0,511,
s743957751,p02781,u455366471,1581299502,C++,C++14 (GCC 5.4.1),cpp,Accepted,1.0,256.0,840,
s961046512,p02781,u782387599,1581299300,C++,C++14 (GCC 5.4.1),cpp,Accepted,1.0,256.0,1165,
s477568845,p02781,u588341295,1581299069,Python,Python (3.4.3),py,Accepted,100.0,3412.0,1283,
s180501914,p02781,u938389536,1581298437,C++,C++14 (GCC 5.4.1),cpp,Accepted,1.0,256.0,1492,
s452388028,p02781,u335278042,1581298187,C++,C++14 (GCC 5.4.1),cpp,Accepted,1.0,256.0,3919,
s904073261,p02781,u519434719,1581297998,C++,C++14 (GCC 5.4.1),cpp,Accepted,1.0,256.0,1798,
s806789423,p02781,u021358975,1581297984,C++,C++14 (GCC 5.4.1),cpp,Accepted,1.0,256.0,1304,
s588865118,p02781,u488493347,1581297954,C++,C++14 (GCC 5.4.1),cpp,Accepted,1.0,256.0,1088,
s048164378,p02781,u020648977,1581297879,C++,C++14 (GCC 5.4.1),cpp,Accepted,1.0,256.0,928,
s921532684,p02781,u914173586,1581297718,C++,C++14 (GCC 5.4.1),cpp,Accepted,1.0,256.0,890,
s989918312,p02781,u335839000,1581297306,C++,C++14 (GCC 5.4.1),cpp,Accepted,1.0,384.0,2232,
s902921557,p02781,u169138653,1581297095,Python,PyPy3 (2.4.0),py,Accepted,185.0,40304.0,840,
s532733122,p02781,u747602774,1581296928,Python,Python (3.4.3),py,Accepted,45.0,3188.0,1357,
s320196613,p02781,u747602774,1581296525,Python,Python (3.4.3),py,Accepted,45.0,3316.0,1383,
s782458073,p02781,u747602774,1581296437,Python,Python (3.4.3),py,Accepted,43.0,3188.0,1398,
s295674380,p02781,u914762730,1581296434,C++,C++14 (GCC 5.4.1),cpp,Accepted,1.0,256.0,2719,
s534303348,p02781,u747602774,1581296349,Python,Python (3.4.3),py,Accepted,42.0,3316.0,1403,
s621463451,p02781,u747602774,1581296254,Python,Python (3.4.3),py,Accepted,46.0,3192.0,1593,
s043010290,p02781,u182321487,1581296224,C++,C++14 (GCC 5.4.1),cpp,Accepted,1.0,256.0,1338,
s432688781,p02781,u747602774,1581296171,Python,Python (3.4.3),py,Accepted,47.0,3192.0,1667,
s585281653,p02781,u725578977,1581295896,C++,C++ (Clang 3.8.0),cpp,Accepted,7.0,888.0,1266,
s335756448,p02781,u994521204,1581295726,Python,Python (3.4.3),py,Accepted,27.0,3940.0,526,
s810914895,p02781,u142996493,1581295609,C++,C++14 (GCC 5.4.1),cpp,Accepted,1.0,256.0,2454,
s485723557,p02781,u606045429,1581295460,Python,Python (3.4.3),py,Accepted,17.0,3064.0,558,
s640151104,p02781,u230147738,1581295447,C++,C++14 (GCC 5.4.1),cpp,Accepted,1.0,256.0,3798,
s894256277,p02781,u693378622,1581295435,Python,Python (3.4.3),py,Accepted,17.0,3064.0,793,
s179897572,p02781,u836167297,1581295177,C++,C++14 (GCC 5.4.1),cpp,Accepted,1.0,640.0,2186,
s456499477,p02781,u394759653,1581294991,C++,C++14 (GCC 5.4.1),cpp,Accepted,1.0,256.0,1178,
s653911242,p02781,u606045429,1581294873,Python,Python (3.4.3),py,Accepted,17.0,3064.0,552,
s711286582,p02781,u506910932,1581294869,Python,Python (3.4.3),py,Accepted,23.0,3064.0,889,
s653706068,p02781,u929569377,1581294869,Python,Python (3.4.3),py,Accepted,17.0,3064.0,742,
s061265740,p02781,u606045429,1581294822,Python,Python (3.4.3),py,Accepted,17.0,3064.0,563,
s037917730,p02781,u518987899,1581294801,Python,PyPy3 (2.4.0),py,Accepted,164.0,38384.0,1500,
s835628590,p02781,u230002616,1581294744,C++,C++14 (GCC 5.4.1),cpp,Accepted,582.0,256.0,491,
s025371657,p02781,u606045429,1581294712,Python,Python (3.4.3),py,Accepted,17.0,3064.0,546,
s024261129,p02781,u693378622,1581294669,Python,Python (3.4.3),py,Accepted,18.0,3188.0,1573,
s451304332,p02781,u576432509,1581294663,Python,Python (3.4.3),py,Accepted,718.0,3064.0,1044,
s583036078,p02781,u100964065,1581294419,C++,C++14 (GCC 5.4.1),cpp,Accepted,1.0,256.0,1986,
s690561264,p02781,u936602931,1581294413,C++,C++14 (GCC 5.4.1),cpp,Accepted,1.0,256.0,1344,
s884132105,p02781,u548624367,1581294362,C++,C++14 (GCC 5.4.1),cpp,Accepted,1.0,256.0,877,
s762942266,p02781,u956400481,1581294225,C++,C++14 (GCC 5.4.1),cpp,Accepted,17.0,1792.0,3009,
s855763141,p02781,u415888833,1581294221,Python,Python (3.4.3),py,Accepted,24.0,3444.0,535,
s772545104,p02781,u457985479,1581294150,C++,C++14 (GCC 5.4.1),cpp,Accepted,1.0,256.0,2397,
s328117080,p02781,u653253353,1581294098,C++,C++14 (GCC 5.4.1),cpp,Accepted,1.0,256.0,3477,
s362810614,p02781,u071019032,1581294039,C++,C++14 (GCC 5.4.1),cpp,Accepted,1.0,256.0,3502,
s663505838,p02781,u399721252,1581294013,Python,PyPy3 (2.4.0),py,Accepted,190.0,39664.0,1338,
s744307618,p02781,u197912035,1581294008,C++,C++14 (GCC 5.4.1),cpp,Accepted,1.0,256.0,701,
s848634474,p02781,u896847891,1581293978,C++,C++14 (GCC 5.4.1),cpp,Accepted,1.0,256.0,764,
s171624030,p02781,u452725238,1581293961,C++,C++14 (GCC 5.4.1),cpp,Accepted,1359.0,256.0,1151,
s212502803,p02781,u936985471,1581293869,Python,Python (3.4.3),py,Accepted,18.0,3064.0,554,
s567867656,p02781,u384217508,1581293809,C++,C++14 (GCC 5.4.1),cpp,Accepted,1.0,256.0,1827,
s816441161,p02781,u139300044,1581293803,C++,C++14 (GCC 5.4.1),cpp,Accepted,1.0,256.0,2135,
s950941425,p02781,u667084803,1581293756,Python,Python (3.4.3),py,Accepted,17.0,3064.0,831,
s156988423,p02781,u045679746,1581293671,C++,C++14 (GCC 5.4.1),cpp,Accepted,1.0,256.0,960,
s086362203,p02781,u029021990,1581293509,Python,Python (3.4.3),py,Accepted,931.0,3188.0,1026,
s705570362,p02781,u203033720,1581293247,C++,C++14 (GCC 5.4.1),cpp,Accepted,1.0,256.0,41170,
s490781110,p02781,u764234894,1581293178,C++,C++14 (GCC 5.4.1),cpp,Accepted,2.0,1024.0,4448,
s758865763,p02781,u796433168,1581293109,C++,C++14 (GCC 5.4.1),cpp,Accepted,1.0,256.0,847,
s657071315,p02781,u973991908,1581293089,C++,C++14 (GCC 5.4.1),cpp,Accepted,1.0,256.0,508,
s530291520,p02781,u342869120,1581293040,Python,PyPy3 (2.4.0),py,Accepted,164.0,38256.0,608,
s349007237,p02781,u652633828,1581292904,C++,C++14 (GCC 5.4.1),cpp,Accepted,1.0,256.0,2952,
s761672750,p02781,u215860196,1581292728,C++,C++14 (GCC 5.4.1),cpp,Accepted,1.0,256.0,1692,
s284445570,p02781,u203033720,1581292722,C++,C++14 (GCC 5.4.1),cpp,Accepted,1.0,256.0,41168,
s666829240,p02781,u515328251,1581292689,C++,C++14 (GCC 5.4.1),cpp,Accepted,1.0,256.0,5521,
s995871362,p02781,u973991908,1581292652,C++,C++14 (GCC 5.4.1),cpp,Accepted,2.0,384.0,1200,
s171457141,p02781,u192903163,1581292638,C++,C++14 (GCC 5.4.1),cpp,Accepted,8.0,4992.0,1397,
s798709992,p02781,u216459554,1581292636,C++,C++14 (GCC 5.4.1),cpp,Accepted,1.0,256.0,3582,
s297027670,p02781,u621935300,1581292581,Python,PyPy2 (5.6.0),py,Accepted,45.0,32236.0,1301,
s388767155,p02781,u973991908,1581292548,C++,C++14 (GCC 5.4.1),cpp,Accepted,1.0,256.0,1292,
s928010350,p02781,u617826263,1581292464,C++,C++14 (GCC 5.4.1),cpp,Accepted,1.0,256.0,733,
s348740503,p02781,u621935300,1581292464,Python,PyPy2 (5.6.0),py,Accepted,44.0,32236.0,1292,
s924529132,p02781,u292810930,1581292461,C++,C++14 (GCC 5.4.1),cpp,Accepted,1.0,256.0,2255,
s893216208,p02781,u973991908,1581292419,C++,C++14 (GCC 5.4.1),cpp,Accepted,3.0,512.0,1325,
s649128417,p02781,u600759947,1581292242,C++,C++14 (GCC 5.4.1),cpp,Accepted,1.0,256.0,859,
s316435898,p02781,u279493135,1581292214,Python,Python (3.4.3),py,Accepted,160.0,13680.0,1169,
s496500665,p02781,u924451152,1581292185,C++,C++14 (GCC 5.4.1),cpp,Accepted,1.0,256.0,916,
s104123079,p02781,u973991908,1581292075,C++,C++14 (GCC 5.4.1),cpp,Accepted,1.0,384.0,1371,
s947851117,p02781,u973991908,1581291935,C++,C++14 (GCC 5.4.1),cpp,Accepted,1.0,256.0,1419,
s141391405,p02781,u667084803,1581291895,Python,Python (3.4.3),py,Accepted,32.0,3440.0,543,
s428542616,p02781,u716530146,1581291835,Python,Python (3.4.3),py,Accepted,18.0,3064.0,442,
s143427654,p02781,u475503988,1581291813,Python,Python (3.4.3),py,Accepted,23.0,3064.0,839,
s827805120,p02781,u382423941,1581291774,C++,C++14 (GCC 5.4.1),cpp,Accepted,4.0,256.0,2426,
s937975107,p02781,u995004106,1581291729,Python,Python (3.4.3),py,Accepted,162.0,13892.0,649,
s530470813,p02781,u289381123,1581291725,C++,C++14 (GCC 5.4.1),cpp,Accepted,1.0,256.0,855,
s824965678,p02781,u987913144,1581291677,C++,C++14 (GCC 5.4.1),cpp,Accepted,1.0,256.0,2146,
s129750666,p02781,u342869120,1581291657,Python,PyPy3 (2.4.0),py,Accepted,198.0,41072.0,844,
s949427506,p02781,u899220667,1581291549,C++,C++14 (GCC 5.4.1),cpp,Accepted,1.0,256.0,8128,
s674364088,p02781,u028973125,1581291428,Python,PyPy3 (2.4.0),py,Accepted,173.0,38256.0,952,
s334846325,p02781,u906428167,1581291319,Python,PyPy3 (2.4.0),py,Accepted,172.0,39152.0,788,
s759715145,p02781,u110653681,1581291318,C++,C++14 (GCC 5.4.1),cpp,Accepted,1.0,256.0,1242,
s445613321,p02781,u080318287,1581291239,C++,C++14 (GCC 5.4.1),cpp,Accepted,1.0,256.0,2494,
s478654719,p02781,u906428167,1581291184,Python,PyPy3 (2.4.0),py,Accepted,166.0,38512.0,914,
s381988490,p02781,u987913144,1581291110,C++,C++14 (GCC 5.4.1),cpp,Accepted,3.0,384.0,3996,
s823024890,p02781,u716530146,1581291102,Python,PyPy3 (2.4.0),py,Accepted,169.0,38256.0,709,
s522844561,p02781,u216491514,1581290993,C++,C++14 (GCC 5.4.1),cpp,Accepted,1.0,256.0,1130,
s418666692,p02781,u871980676,1581290955,Python,Python (3.4.3),py,Accepted,849.0,15724.0,780,
s470960456,p02781,u714564133,1581290909,C++,C++14 (GCC 5.4.1),cpp,Accepted,1.0,256.0,1088,
s348322124,p02781,u026620445,1581290865,C++,C++14 (GCC 5.4.1),cpp,Accepted,1.0,256.0,3488,
s480347015,p02781,u026620445,1581290826,C++,C++14 (GCC 5.4.1),cpp,Accepted,1.0,256.0,4475,
s390790460,p02781,u072526305,1581290759,C++,C++14 (GCC 5.4.1),cpp,Accepted,1.0,384.0,3387,
s642646960,p02781,u507826663,1581290683,Python,Python (3.4.3),py,Accepted,23.0,3064.0,1153,
s696022294,p02781,u675757825,1581290644,C++,C++14 (GCC 5.4.1),cpp,Accepted,1.0,128.0,744,
s478344070,p02781,u228295160,1581290638,C++,C++14 (GCC 5.4.1),cpp,Accepted,1.0,384.0,5108,
s658699675,p02781,u306142032,1581290611,C++,C++14 (GCC 5.4.1),cpp,Accepted,1.0,256.0,2475,
s101602942,p02781,u243407720,1581290487,C++,C++14 (GCC 5.4.1),cpp,Accepted,1.0,256.0,711,
s997652700,p02781,u895515293,1581290411,Python,Python (3.4.3),py,Accepted,19.0,3316.0,1368,
s328268514,p02781,u477343425,1581290401,C++,C++14 (GCC 5.4.1),cpp,Accepted,1.0,256.0,624,
s731862408,p02781,u751468134,1581290386,C++,C++14 (GCC 5.4.1),cpp,Accepted,1.0,256.0,3277,
s264454799,p02781,u266643907,1581290356,C++,C++14 (GCC 5.4.1),cpp,Accepted,1.0,256.0,1714,
s486208555,p02781,u517152997,1581290347,Python,Python (3.4.3),py,Accepted,157.0,12504.0,674,
s704563195,p02781,u475503988,1581290268,C++,C++14 (GCC 5.4.1),cpp,Accepted,1.0,256.0,1139,
s606477246,p02781,u150376070,1581290218,C++,C++14 (GCC 5.4.1),cpp,Accepted,1.0,256.0,4273,
s456592191,p02781,u457283867,1581290202,C++,C++14 (GCC 5.4.1),cpp,Accepted,1.0,256.0,622,
s322243069,p02781,u415956569,1581290138,C++,C++14 (GCC 5.4.1),cpp,Accepted,2.0,256.0,1309,
s327031948,p02781,u802016434,1581290094,C++,C++14 (GCC 5.4.1),cpp,Accepted,1.0,256.0,1125,
s812794916,p02781,u644907318,1581289919,Python,PyPy3 (2.4.0),py,Accepted,215.0,43376.0,960,
s280781148,p02781,u228295160,1581289916,C++,C++14 (GCC 5.4.1),cpp,Accepted,1.0,384.0,6032,
s691649964,p02781,u213986714,1581289723,C++,C++14 (GCC 5.4.1),cpp,Accepted,1.0,256.0,1345,
s857276776,p02781,u908318580,1581289713,C++,C++14 (GCC 5.4.1),cpp,Accepted,1.0,256.0,2677,
s849959416,p02781,u294375415,1581289712,Python,Python (3.4.3),py,Accepted,25.0,3812.0,1137,
s356539294,p02781,u783675879,1581289692,C++,C++14 (GCC 5.4.1),cpp,Accepted,70.0,137216.0,20552,
s273872324,p02781,u239239546,1581289688,C++,C++14 (GCC 5.4.1),cpp,Accepted,1.0,256.0,1798,
s380300694,p02781,u670446109,1581289646,C++,C++14 (GCC 5.4.1),cpp,Accepted,8.0,128.0,2194,
s143284038,p02781,u824793212,1581289536,Python,PyPy3 (2.4.0),py,Accepted,185.0,40684.0,1256,
s476184524,p02781,u943070796,1581289528,C++,C++14 (GCC 5.4.1),cpp,Accepted,2.0,384.0,5766,
s415639367,p02781,u065079240,1581289453,Python,Python (3.4.3),py,Accepted,18.0,3064.0,1469,
s646092686,p02781,u296518383,1581289442,Python,Python (3.4.3),py,Accepted,18.0,3064.0,784,
s001113325,p02781,u909643606,1581289437,Python,Python (3.4.3),py,Accepted,19.0,3192.0,680,
s102488800,p02781,u195132800,1581289354,C++,C++14 (GCC 5.4.1),cpp,Accepted,1.0,256.0,1765,
s508510989,p02781,u864197622,1581289341,Python,Python (3.4.3),py,Accepted,25.0,3572.0,555,
s422399706,p02781,u851470173,1581289291,C++,C++14 (GCC 5.4.1),cpp,Accepted,2.0,384.0,1531,
s016230645,p02781,u570770016,1581289135,C++,C++14 (GCC 5.4.1),cpp,Accepted,1.0,256.0,584,
s598742921,p02781,u045679746,1581289115,C++,C++14 (GCC 5.4.1),cpp,Accepted,1.0,256.0,903,
s909920363,p02781,u952708174,1581289008,Python,Python (3.4.3),py,Accepted,22.0,3064.0,1126,
s403316382,p02781,u201553784,1581288988,C++,C++14 (GCC 5.4.1),cpp,Accepted,1.0,256.0,1122,
s621509624,p02781,u782733831,1581288799,C++,C++14 (GCC 5.4.1),cpp,Accepted,2.0,384.0,739,
s572420432,p02781,u484460274,1581288777,C++,C++14 (GCC 5.4.1),cpp,Accepted,2.0,384.0,1007,
s615081076,p02781,u358689692,1581288758,C++,C++14 (GCC 5.4.1),cpp,Accepted,1.0,256.0,972,
s757596589,p02781,u424602097,1581288731,C++,C++14 (GCC 5.4.1),cpp,Accepted,1.0,256.0,1327,
s656172273,p02781,u780962115,1581288700,Python,PyPy3 (2.4.0),py,Accepted,866.0,46812.0,1303,
s044591693,p02781,u621935300,1581288573,Python,PyPy2 (5.6.0),py,Accepted,45.0,32236.0,1023,
s571613776,p02781,u597243424,1581288343,C++,C++14 (GCC 5.4.1),cpp,Accepted,1.0,256.0,962,
s129939232,p02781,u475503988,1581288258,Python,Python (3.4.3),py,Accepted,26.0,3940.0,325,
s278606308,p02781,u024791148,1581288250,C++,C++14 (GCC 5.4.1),cpp,Accepted,1.0,256.0,1562,
s946947776,p02781,u039805629,1581288179,C++,C++14 (Clang 3.8.0),cpp,Accepted,1.0,512.0,2994,
s452155040,p02781,u908763441,1581288166,Python,Python (3.4.3),py,Accepted,18.0,3064.0,829,
s267288411,p02781,u254187258,1581288112,C++,C++14 (GCC 5.4.1),cpp,Accepted,1.0,256.0,2815,
s773796068,p02781,u922449550,1581288095,Python,Python (3.4.3),py,Accepted,18.0,3064.0,1198,
s092500340,p02781,u019489252,1581288037,C++,C++14 (GCC 5.4.1),cpp,Accepted,1.0,256.0,2954,
s172976914,p02781,u773916255,1581288024,C++,C++14 (GCC 5.4.1),cpp,Accepted,1.0,256.0,1039,
s251334123,p02781,u027057023,1581288012,C++,C++14 (GCC 5.4.1),cpp,Accepted,1.0,256.0,1047,
s623915468,p02781,u728732647,1581287945,C++,C++14 (GCC 5.4.1),cpp,Accepted,1.0,384.0,2980,
s313275505,p02781,u424602097,1581287910,C++,C++14 (GCC 5.4.1),cpp,Accepted,1.0,256.0,1399,
s273224778,p02781,u532573979,1581287798,C++,C++14 (GCC 5.4.1),cpp,Accepted,1.0,256.0,2402,
s576688745,p02781,u908125903,1581287677,C++,C++14 (GCC 5.4.1),cpp,Accepted,1.0,256.0,4609,
s368415291,p02781,u660656117,1581287632,C++,C++14 (GCC 5.4.1),cpp,Accepted,1.0,256.0,1241,
s214008470,p02781,u245487028,1581287597,C++,C++14 (GCC 5.4.1),cpp,Accepted,146.0,256.0,1721,
s851009668,p02781,u176567747,1581287594,C++,C++14 (GCC 5.4.1),cpp,Accepted,1.0,256.0,1541,
s373491347,p02781,u743561048,1581287499,C++,C++14 (GCC 5.4.1),cpp,Accepted,1.0,256.0,359,
s268144937,p02781,u751550626,1581287412,C++,C++14 (GCC 5.4.1),cpp,Accepted,1.0,256.0,1015,
s499158665,p02781,u222668979,1581287410,Python,Python (3.4.3),py,Accepted,17.0,3064.0,758,
s112738063,p02781,u743561048,1581287369,C++,C++14 (GCC 5.4.1),cpp,Accepted,1.0,256.0,366,
s033445718,p02781,u334712262,1581287274,Python,Python (3.4.3),py,Accepted,41.0,5708.0,2018,
s564781430,p02781,u078104157,1581287245,C++,C++14 (GCC 5.4.1),cpp,Accepted,1.0,256.0,1480,
s575431808,p02781,u223904637,1581287191,Python,PyPy3 (2.4.0),py,Accepted,1031.0,43356.0,718,
s962442660,p02781,u770567389,1581287150,C++,C++ (GCC 5.4.1),cpp,Accepted,122.0,256.0,589,
s657390095,p02781,u908318580,1581287129,C++,C++14 (GCC 5.4.1),cpp,Accepted,1.0,256.0,2758,
s320518603,p02781,u660656117,1581287095,C++,C++14 (GCC 5.4.1),cpp,Accepted,1.0,256.0,937,
s066148012,p02781,u295178043,1581287066,Python,Python (3.4.3),py,Accepted,32.0,3064.0,543,
s907110927,p02781,u955488057,1581287055,Python,Python (3.4.3),py,Accepted,19.0,3064.0,934,
s792375628,p02781,u273265170,1581287032,C++,C++14 (GCC 5.4.1),cpp,Accepted,711.0,256.0,962,
s178341790,p02781,u191874006,1581286970,Python,PyPy3 (2.4.0),py,Accepted,174.0,39152.0,1490,
s412701158,p02781,u660656117,1581286948,C++,C++14 (GCC 5.4.1),cpp,Accepted,1.0,256.0,16223,
s664300163,p02781,u185034753,1581286908,Python,Python (3.4.3),py,Accepted,157.0,12516.0,960,
s574199106,p02781,u618107373,1581286880,Python,Python (3.4.3),py,Accepted,18.0,3064.0,780,
s769005464,p02781,u335733930,1581286821,C++,C++14 (GCC 5.4.1),cpp,Accepted,1.0,256.0,1053,
s495291849,p02781,u745223262,1581286811,Python,Python (3.4.3),py,Accepted,17.0,3188.0,1635,
s130877967,p02781,u004707990,1581286795,C++,C++14 (GCC 5.4.1),cpp,Accepted,386.0,256.0,725,
s640589581,p02781,u371535422,1581286780,C++,C++14 (GCC 5.4.1),cpp,Accepted,1.0,256.0,5309,
s276746901,p02781,u731726888,1581286776,C++,C++14 (GCC 5.4.1),cpp,Accepted,1.0,256.0,1673,
s326671009,p02781,u672220554,1581286722,Python,Python (3.4.3),py,Accepted,17.0,3064.0,640,
s479550994,p02781,u305824645,1581286714,C++,C++14 (GCC 5.4.1),cpp,Accepted,1.0,256.0,956,
s053867891,p02781,u855429581,1581286706,C++,C++14 (GCC 5.4.1),cpp,Accepted,1.0,128.0,880,
s617929293,p02781,u595289165,1581286692,Python,Python (3.4.3),py,Accepted,17.0,3188.0,943,
s797459324,p02781,u672220554,1581286667,Python,Python (3.4.3),py,Accepted,19.0,3064.0,747,
s677929513,p02781,u613257416,1581286642,C++,C++14 (GCC 5.4.1),cpp,Accepted,1.0,256.0,1019,
s862701899,p02781,u618107373,1581286547,Python,Python (3.4.3),py,Accepted,17.0,3064.0,914,
s698957882,p02781,u405612058,1581286491,C++,C++14 (GCC 5.4.1),cpp,Accepted,22.0,256.0,1166,
s153218683,p02781,u592686932,1581286457,C++,C++14 (GCC 5.4.1),cpp,Accepted,1.0,256.0,4253,
s757761197,p02781,u560329660,1581286395,C++,C++14 (GCC 5.4.1),cpp,Accepted,1.0,256.0,1029,
s813984832,p02781,u667469290,1581286345,Python,Python (3.4.3),py,Accepted,17.0,3064.0,481,
s341541516,p02781,u936985471,1581286343,Python,Python (3.4.3),py,Accepted,18.0,3064.0,2076,
s491979950,p02781,u410943667,1581286318,C++,C++14 (GCC 5.4.1),cpp,Accepted,1.0,256.0,960,
s293602228,p02781,u600402037,1581286291,Python,Python (3.4.3),py,Accepted,18.0,3064.0,875,
s083285027,p02781,u563743611,1581286288,C++,C++14 (GCC 5.4.1),cpp,Accepted,1.0,256.0,1613,
s961953250,p02781,u955202970,1581286275,C++,C++14 (GCC 5.4.1),cpp,Accepted,1.0,256.0,2123,
s329827740,p02781,u837951457,1581286202,C++,C++14 (GCC 5.4.1),cpp,Accepted,1.0,256.0,1878,
s835345009,p02781,u537234062,1581286156,C++,C++14 (GCC 5.4.1),cpp,Accepted,1.0,256.0,1237,
s438405900,p02781,u572472538,1581286107,C++,C++14 (GCC 5.4.1),cpp,Accepted,1.0,256.0,10921,
s282824637,p02781,u446795710,1581286039,C++,C++14 (GCC 5.4.1),cpp,Accepted,1.0,256.0,1270,
s306072953,p02781,u672220554,1581286032,Python,Python (3.4.3),py,Accepted,17.0,3064.0,787,
s939560872,p02781,u233393801,1581286005,C++,C++14 (GCC 5.4.1),cpp,Accepted,1.0,256.0,1436,
s245106149,p02781,u069172538,1581285980,Python,PyPy3 (2.4.0),py,Accepted,167.0,38384.0,1647,
s282582735,p02781,u408620326,1581285953,Python,Python (3.4.3),py,Accepted,18.0,3064.0,921,
s664703858,p02781,u420150020,1581285922,C++,C++14 (GCC 5.4.1),cpp,Accepted,1.0,256.0,2715,
s306296190,p02781,u555962250,1581285916,C++,C++14 (GCC 5.4.1),cpp,Accepted,1.0,256.0,980,
s551904413,p02781,u702906718,1581285871,C++,C++14 (GCC 5.4.1),cpp,Accepted,1.0,256.0,1375,
s431818708,p02781,u827543227,1581285842,C++,C++14 (GCC 5.4.1),cpp,Accepted,5.0,256.0,2302,
s834675633,p02781,u520841950,1581285797,C++,C++14 (GCC 5.4.1),cpp,Accepted,1.0,256.0,1010,
s839603508,p02781,u797165415,1581285790,C++,C++14 (GCC 5.4.1),cpp,Accepted,1.0,256.0,983,
s171747170,p02781,u934868410,1581285787,Python,Python (3.4.3),py,Accepted,17.0,3064.0,656,
s926109615,p02781,u553623615,1581285748,C++,C++14 (GCC 5.4.1),cpp,Accepted,1.0,256.0,941,
s512758048,p02781,u813569174,1581285743,Python,PyPy3 (2.4.0),py,Accepted,1488.0,42332.0,691,
s137467156,p02781,u504147714,1581285711,C++,C++14 (GCC 5.4.1),cpp,Accepted,1.0,128.0,1371,
s281926305,p02781,u233393801,1581285709,C++,C++14 (GCC 5.4.1),cpp,Accepted,1.0,256.0,2811,
s304840006,p02781,u318127926,1581285661,Python,Python (3.4.3),py,Accepted,17.0,3064.0,758,
s100201257,p02781,u825378567,1581285635,Python,Python (3.4.3),py,Accepted,18.0,3064.0,529,
s575041661,p02781,u068692021,1581285615,Python,Python (3.4.3),py,Accepted,19.0,3188.0,1122,
s595104286,p02781,u549435272,1581285609,C++,C++14 (GCC 5.4.1),cpp,Accepted,1.0,256.0,2758,
s790764794,p02781,u860597287,1581285605,C++,C++14 (GCC 5.4.1),cpp,Accepted,2.0,512.0,1270,
s549985790,p02781,u535347736,1581285573,C++,C++14 (GCC 5.4.1),cpp,Accepted,1.0,256.0,8118,
s385946943,p02781,u156778176,1581285528,C++,C++14 (GCC 5.4.1),cpp,Accepted,3.0,384.0,1229,
s878891947,p02781,u849073847,1581285494,C++,C++14 (GCC 5.4.1),cpp,Accepted,1.0,256.0,1055,
s539820476,p02781,u623349537,1581285422,C++,C++14 (GCC 5.4.1),cpp,Accepted,1.0,256.0,2646,
s970301406,p02781,u617987447,1581285422,C++,C++14 (GCC 5.4.1),cpp,Accepted,1.0,128.0,1936,
s372523309,p02781,u795630164,1581285394,C++,C++14 (GCC 5.4.1),cpp,Accepted,1.0,256.0,748,
s988037652,p02781,u600402037,1581285386,Python,Python (3.4.3),py,Accepted,18.0,3064.0,1096,
s622274401,p02781,u196629968,1581285383,C++,C++14 (GCC 5.4.1),cpp,Accepted,1.0,256.0,1180,
s945165694,p02781,u350836088,1581285379,C++,C++14 (GCC 5.4.1),cpp,Accepted,1.0,256.0,1529,
s279577304,p02781,u167642227,1581285350,C++,C++14 (GCC 5.4.1),cpp,Accepted,1.0,256.0,1013,
s154800906,p02781,u314050667,1581285348,Python,Python (3.4.3),py,Accepted,17.0,3064.0,526,
s108211564,p02781,u170839742,1581285345,Python,PyPy3 (2.4.0),py,Accepted,202.0,40304.0,560,
s037504237,p02781,u373586461,1581285325,C++,C++14 (GCC 5.4.1),cpp,Accepted,1.0,256.0,2158,
s267698885,p02781,u762183504,1581285294,C++,C++14 (GCC 5.4.1),cpp,Accepted,2.0,384.0,901,
s282116841,p02781,u876875284,1581285275,C++,C++14 (GCC 5.4.1),cpp,Accepted,1.0,256.0,786,
s134417507,p02781,u575431498,1581285227,Python,Python (3.4.3),py,Accepted,22.0,3064.0,401,
s788303791,p02781,u540664396,1581285214,C++,C++14 (GCC 5.4.1),cpp,Accepted,1.0,256.0,1681,
s040169952,p02781,u722397179,1581285184,C++,C++14 (GCC 5.4.1),cpp,Accepted,1.0,1024.0,1006,
s346843932,p02781,u422769833,1581285115,C++,C++14 (GCC 5.4.1),cpp,Accepted,1.0,256.0,2252,
s873198025,p02781,u281168735,1581285103,C++,C++14 (GCC 5.4.1),cpp,Accepted,1.0,256.0,1736,
s922754476,p02781,u075247675,1581285073,C++,C++14 (GCC 5.4.1),cpp,Accepted,11.0,39296.0,649,
s607361626,p02781,u219873484,1581285044,C++,C++14 (GCC 5.4.1),cpp,Accepted,72.0,256.0,2663,
s381615850,p02781,u946322619,1581284970,C++,C++14 (GCC 5.4.1),cpp,Accepted,1.0,256.0,4665,
s272788720,p02781,u575566754,1581284964,C++,C++14 (GCC 5.4.1),cpp,Accepted,1.0,128.0,1236,
s126738373,p02781,u868600519,1581284871,Python,Python (3.4.3),py,Accepted,932.0,3572.0,835,
s669803977,p02781,u181719868,1581284823,C++,C++14 (GCC 5.4.1),cpp,Accepted,2.0,384.0,9722,
s162379421,p02781,u914726177,1581284805,C++,C++14 (GCC 5.4.1),cpp,Accepted,1.0,256.0,1511,
s000355610,p02781,u480892088,1581284781,C++,C++14 (GCC 5.4.1),cpp,Accepted,134.0,256.0,2073,
s914939212,p02781,u952491523,1581284754,Python,Python (3.4.3),py,Accepted,20.0,3188.0,557,
s429201030,p02781,u751488284,1581284746,C++,C++14 (GCC 5.4.1),cpp,Accepted,1.0,256.0,1602,
s186781867,p02781,u505025747,1581284718,C++,C++14 (GCC 5.4.1),cpp,Accepted,1.0,256.0,1542,
s951845823,p02781,u177388368,1581284711,Python,Python (3.4.3),py,Accepted,18.0,3064.0,813,
s764545481,p02781,u229370339,1581284667,C++,C++14 (GCC 5.4.1),cpp,Accepted,2.0,384.0,2287,
s108609340,p02781,u249412218,1581284645,Python,Python (3.4.3),py,Accepted,22.0,3064.0,717,
s202051029,p02781,u042388355,1581284642,C++,C++14 (GCC 5.4.1),cpp,Accepted,1.0,256.0,1781,
s118338721,p02781,u094155508,1581284624,C++,C++14 (Clang 3.8.0),cpp,Accepted,7.0,888.0,1197,
s925898923,p02781,u200509145,1581284609,C++,C++14 (GCC 5.4.1),cpp,Accepted,1.0,256.0,3168,
s279087713,p02781,u998694062,1581284593,C++,C++14 (GCC 5.4.1),cpp,Accepted,2.0,256.0,1323,
s286185601,p02781,u094155508,1581284582,C++,C++14 (Clang 3.8.0),cpp,Accepted,1.0,256.0,1342,
s842937532,p02781,u711849178,1581284549,C++,C++ (Clang 3.8.0),cpp,Accepted,1.0,256.0,1842,
s340387276,p02781,u090994275,1581284541,C++,C++14 (GCC 5.4.1),cpp,Accepted,1.0,256.0,1780,
s384582817,p02781,u297574184,1581284533,Python,Python (3.4.3),py,Accepted,22.0,3064.0,717,
s587931919,p02781,u748241164,1581284502,Python,Python (3.4.3),py,Accepted,17.0,3192.0,1327,
s697747600,p02781,u882620594,1581284501,C++,C++14 (GCC 5.4.1),cpp,Accepted,1.0,256.0,1064,
s073326611,p02781,u821802586,1581284498,C++,C++14 (GCC 5.4.1),cpp,Accepted,1.0,256.0,5971,
s204381183,p02781,u617415780,1581284476,C++,C++14 (GCC 5.4.1),cpp,Accepted,1.0,256.0,1004,
s775325325,p02781,u046432236,1581284469,Python,PyPy3 (2.4.0),py,Accepted,166.0,38384.0,2957,
s384964725,p02781,u584355711,1581284453,C++,C++14 (GCC 5.4.1),cpp,Accepted,1.0,256.0,3579,
s694669305,p02781,u152992875,1581284453,C++,C++14 (GCC 5.4.1),cpp,Accepted,1.0,256.0,1417,
s439248292,p02781,u632353278,1581284440,C++,C++14 (GCC 5.4.1),cpp,Accepted,1.0,384.0,1532,
s148306027,p02781,u488078009,1581284421,C++,C++14 (GCC 5.4.1),cpp,Accepted,1.0,256.0,766,
s376320573,p02781,u868600519,1581284408,Python,Python (3.4.3),py,Accepted,936.0,3572.0,889,
s702962514,p02781,u141968173,1581284406,C++,C++14 (GCC 5.4.1),cpp,Accepted,6.0,256.0,1305,
s776632768,p02781,u752498851,1581284379,C++,C++14 (GCC 5.4.1),cpp,Accepted,1.0,256.0,3367,
s576096849,p02781,u532573979,1581284378,C++,C++14 (GCC 5.4.1),cpp,Accepted,1.0,256.0,2432,
s081971721,p02781,u639426108,1581284374,C++,C++14 (GCC 5.4.1),cpp,Accepted,1.0,256.0,1968,
s108485731,p02781,u624688258,1581284366,C++,C++14 (GCC 5.4.1),cpp,Accepted,3.0,256.0,944,
s226939421,p02781,u349091349,1581284364,Python,PyPy3 (2.4.0),py,Accepted,185.0,38256.0,1260,
s876550019,p02781,u483992368,1581284353,C++,C++14 (GCC 5.4.1),cpp,Accepted,76.0,256.0,1408,
s706668850,p02781,u624800360,1581284348,C++,C++14 (GCC 5.4.1),cpp,Accepted,1.0,256.0,2515,
s210613673,p02781,u206489571,1581284347,C++,C++14 (GCC 5.4.1),cpp,Accepted,1.0,256.0,1825,
s093415281,p02781,u486097563,1581284343,C++,C++14 (GCC 5.4.1),cpp,Accepted,1.0,256.0,1360,
s179154817,p02781,u451256159,1581284343,C++,C++14 (GCC 5.4.1),cpp,Accepted,1.0,256.0,1247,
s494331329,p02781,u672995180,1581284333,C++,C++14 (GCC 5.4.1),cpp,Accepted,1.0,256.0,1259,
s847561886,p02781,u393604857,1581284319,C++,C++14 (GCC 5.4.1),cpp,Accepted,1.0,256.0,1520,
s931068796,p02781,u642912410,1581284311,C++,C++14 (GCC 5.4.1),cpp,Accepted,1.0,256.0,911,
s014189617,p02781,u278356323,1581284309,Python,PyPy3 (2.4.0),py,Accepted,212.0,42096.0,1063,
s964755800,p02781,u003080851,1581284285,C++,C++14 (GCC 5.4.1),cpp,Accepted,111.0,256.0,1100,
s963296264,p02781,u342527889,1581284273,C++,C++14 (GCC 5.4.1),cpp,Accepted,1.0,256.0,1123,
s179211740,p02781,u902787159,1581284264,C++,C++14 (GCC 5.4.1),cpp,Accepted,12.0,12160.0,1154,
s412658241,p02781,u138959069,1581284260,C++,C++14 (GCC 5.4.1),cpp,Accepted,1.0,256.0,1655,
s944753706,p02781,u642435852,1581284259,C++,C++14 (GCC 5.4.1),cpp,Accepted,1.0,256.0,2290,
s116433436,p02781,u624688258,1581284250,C++,C++14 (GCC 5.4.1),cpp,Accepted,3.0,256.0,1170,
s490723150,p02781,u003080851,1581284242,C++,C++14 (GCC 5.4.1),cpp,Accepted,111.0,256.0,2757,
s399112354,p02781,u915622184,1581284236,C++,C++14 (GCC 5.4.1),cpp,Accepted,1.0,256.0,455,
s630043175,p02781,u651317892,1581284235,C++,C++14 (GCC 5.4.1),cpp,Accepted,1.0,256.0,845,
s451431598,p02781,u208713671,1581284229,Python,PyPy3 (2.4.0),py,Accepted,170.0,38768.0,905,
s230090282,p02781,u544437817,1581284222,C++,C++14 (GCC 5.4.1),cpp,Accepted,1.0,256.0,746,
s513738338,p02781,u388817534,1581284221,C++,C++14 (GCC 5.4.1),cpp,Accepted,600.0,256.0,2041,
s407648966,p02781,u167931717,1581284213,C++,C++14 (GCC 5.4.1),cpp,Accepted,1.0,256.0,21538,
s083623527,p02781,u664373116,1581284191,Python,PyPy3 (2.4.0),py,Accepted,1237.0,44084.0,1006,
s219484283,p02781,u723394740,1581284171,C++,C++14 (GCC 5.4.1),cpp,Accepted,7.0,256.0,915,
s790894460,p02781,u762152622,1581284165,C++,C++14 (GCC 5.4.1),cpp,Accepted,3.0,256.0,816,
s594448073,p02781,u954494895,1581284160,C++,C++14 (GCC 5.4.1),cpp,Accepted,1.0,256.0,1323,
s243123063,p02781,u886747123,1581284154,Python,Python (3.4.3),py,Accepted,18.0,3188.0,1416,
s320250739,p02781,u561186440,1581284152,C++,C++14 (GCC 5.4.1),cpp,Accepted,1.0,256.0,1085,
s877821825,p02781,u014847113,1581284141,C++,C++14 (GCC 5.4.1),cpp,Accepted,1.0,256.0,900,
s777336792,p02781,u391331433,1581284133,C++,C++14 (GCC 5.4.1),cpp,Accepted,1.0,384.0,3087,
s294812773,p02781,u736278528,1581284127,C++,C++14 (GCC 5.4.1),cpp,Accepted,1.0,384.0,1800,
s356273966,p02781,u193862001,1581284122,C++,C++14 (GCC 5.4.1),cpp,Accepted,1.0,256.0,764,
s301606512,p02781,u041075929,1581284121,C++,C++14 (GCC 5.4.1),cpp,Accepted,1.0,256.0,1590,
s455801720,p02781,u930574673,1581284121,Python,Python (3.4.3),py,Accepted,17.0,3064.0,830,
s985431845,p02781,u660834360,1581284118,C++,C++14 (GCC 5.4.1),cpp,Accepted,1.0,256.0,796,
s283315337,p02781,u658449790,1581284110,C++,C++14 (GCC 5.4.1),cpp,Accepted,1.0,256.0,4893,
s010467596,p02781,u947883560,1581284102,Python,PyPy3 (2.4.0),py,Accepted,174.0,38448.0,1083,
s149675496,p02781,u913008467,1581284102,C++,C++14 (GCC 5.4.1),cpp,Accepted,1.0,256.0,1365,
s352069852,p02781,u042802884,1581284096,Python,Python (3.4.3),py,Accepted,18.0,3064.0,614,
s550265841,p02781,u454087021,1581284092,C++,C++14 (GCC 5.4.1),cpp,Accepted,123.0,256.0,1105,
s632297084,p02781,u634743753,1581284091,C++,C++14 (GCC 5.4.1),cpp,Accepted,1.0,256.0,2129,
s243211410,p02781,u407160848,1581284089,Python,PyPy3 (2.4.0),py,Accepted,179.0,38384.0,2060,
s979632404,p02781,u216374186,1581284088,C++,C++14 (GCC 5.4.1),cpp,Accepted,1.0,256.0,1170,
s396268215,p02781,u150376070,1581284085,C++,C++14 (GCC 5.4.1),cpp,Accepted,1.0,256.0,5024,
s867461616,p02781,u426143712,1581284077,C++,C++14 (GCC 5.4.1),cpp,Accepted,1.0,256.0,1654,
s015871261,p02781,u623819879,1581284068,Python,PyPy3 (2.4.0),py,Accepted,196.0,39276.0,4302,
s319847315,p02781,u127473726,1581284066,C++,C++14 (GCC 5.4.1),cpp,Accepted,1.0,128.0,1361,
s369025683,p02781,u841131859,1581284057,C++,C++14 (GCC 5.4.1),cpp,Accepted,1.0,384.0,1739,
s359656602,p02781,u744305661,1581284056,C++,C++14 (GCC 5.4.1),cpp,Accepted,1.0,256.0,976,
s059846440,p02781,u168293447,1581284048,C++,C++14 (GCC 5.4.1),cpp,Accepted,1.0,256.0,581,
s371886440,p02781,u350248178,1581284037,Python,Python (3.4.3),py,Accepted,17.0,3064.0,563,
s372623276,p02781,u194908943,1581284035,C++,C++14 (GCC 5.4.1),cpp,Accepted,1.0,256.0,1688,
s689761009,p02781,u592610268,1581284021,C++,C++14 (GCC 5.4.1),cpp,Accepted,1.0,384.0,3479,
s098351909,p02781,u073586914,1581284010,C++,C++14 (GCC 5.4.1),cpp,Accepted,1.0,128.0,703,
s518647968,p02781,u864667985,1581284005,C++,C++14 (GCC 5.4.1),cpp,Accepted,1.0,256.0,1326,
s776313292,p02781,u500092662,1581283997,C++,C++14 (GCC 5.4.1),cpp,Accepted,1.0,256.0,1156,
s654233510,p02781,u691896522,1581283993,Python,PyPy3 (2.4.0),py,Accepted,1953.0,83804.0,841,
s879507250,p02781,u082801599,1581283990,C++,C++14 (GCC 5.4.1),cpp,Accepted,319.0,256.0,1570,
s297097194,p02781,u543167400,1581283979,C++,C++14 (GCC 5.4.1),cpp,Accepted,1.0,256.0,2405,
s574914471,p02781,u572693383,1581283976,C++,C++14 (GCC 5.4.1),cpp,Accepted,1.0,256.0,2130,
s705283793,p02781,u368142546,1581283975,C++,C++14 (GCC 5.4.1),cpp,Accepted,1564.0,256.0,947,
s587208712,p02781,u876335718,1581283959,C++,C++14 (GCC 5.4.1),cpp,Accepted,28.0,768.0,5859,
s161722763,p02781,u269278772,1581283941,C++,C++14 (GCC 5.4.1),cpp,Accepted,3.0,256.0,1171,
s637810290,p02781,u508486691,1581283937,Python,PyPy3 (2.4.0),py,Accepted,168.0,38256.0,1747,
s360624945,p02781,u060044912,1581283932,C++,C++14 (GCC 5.4.1),cpp,Accepted,1.0,256.0,729,
s831508004,p02781,u055447809,1581283930,C++,C++14 (GCC 5.4.1),cpp,Accepted,1.0,256.0,672,
s414236775,p02781,u328179672,1581283917,C++,C++14 (GCC 5.4.1),cpp,Accepted,1.0,256.0,1048,
s180653597,p02781,u410118019,1581283914,Python,Python (3.4.3),py,Accepted,1868.0,3692.0,1016,
s436789668,p02781,u859112479,1581283901,C++,C++14 (GCC 5.4.1),cpp,Accepted,1.0,128.0,754,
s244973842,p02781,u219015402,1581283886,Python,Python (3.4.3),py,Accepted,18.0,3064.0,797,
s619257306,p02781,u780962115,1581283882,Python,Python (3.4.3),py,Accepted,940.0,3188.0,1303,
s043091373,p02781,u209767598,1581283879,C++,C++14 (GCC 5.4.1),cpp,Accepted,1.0,256.0,1822,
s390351926,p02781,u531791653,1581283878,C++,C++14 (GCC 5.4.1),cpp,Accepted,1.0,256.0,8128,
s857460971,p02781,u722535636,1581283876,C++,C++14 (GCC 5.4.1),cpp,Accepted,1.0,256.0,2107,
s199834762,p02781,u363992934,1581283875,Python,Python (3.4.3),py,Accepted,18.0,3192.0,3196,
s603791522,p02781,u729417323,1581283872,Python,Python (3.4.3),py,Accepted,17.0,3064.0,472,
s390432312,p02781,u337775536,1581283872,C++,C++14 (GCC 5.4.1),cpp,Accepted,2.0,256.0,4299,
s124565398,p02781,u150664457,1581283860,Python,Python (3.4.3),py,Accepted,18.0,3188.0,1370,
s674135532,p02781,u731275984,1581283847,C++,C++14 (GCC 5.4.1),cpp,Accepted,5.0,512.0,906,
s523544456,p02781,u985963315,1581283847,Python,Python (3.4.3),py,Accepted,18.0,3064.0,544,
s224146446,p02781,u755499606,1581283844,C++,C++14 (GCC 5.4.1),cpp,Accepted,1.0,256.0,1114,
s122739249,p02781,u255382385,1581283841,Python,Python (3.4.3),py,Accepted,158.0,3428.0,711,
s233399664,p02781,u675751622,1581283837,C++,C++14 (GCC 5.4.1),cpp,Accepted,1.0,256.0,1382,
s177521539,p02781,u262869085,1581283830,Python,Python (3.4.3),py,Accepted,20.0,3188.0,686,
s761225982,p02781,u233393801,1581283830,C++,C++14 (GCC 5.4.1),cpp,Accepted,1.0,256.0,3628,
s713367477,p02781,u394630874,1581283824,C++,C++14 (GCC 5.4.1),cpp,Accepted,8.0,512.0,4344,
s875195904,p02781,u868589598,1581283822,C++,C++14 (GCC 5.4.1),cpp,Accepted,1.0,256.0,2229,
s542747369,p02781,u036340997,1581283816,Python,Python (3.4.3),py,Accepted,24.0,3064.0,605,
s104662159,p02781,u029021990,1581283788,Python,PyPy3 (2.4.0),py,Accepted,1754.0,44040.0,1026,
s957314546,p02781,u995107278,1581283771,C++,C++14 (GCC 5.4.1),cpp,Accepted,1.0,256.0,1705,
s973163867,p02781,u540761833,1581283762,Python,PyPy3 (2.4.0),py,Accepted,178.0,38256.0,1194,
s941887783,p02781,u995861601,1581283760,Python,Python (3.4.3),py,Accepted,18.0,3064.0,612,
s994456848,p02781,u956298021,1581283757,C++,C++14 (GCC 5.4.1),cpp,Accepted,66.0,256.0,1050,
s338926321,p02781,u862412671,1581283757,C++,C++14 (GCC 5.4.1),cpp,Accepted,1.0,512.0,989,
s613512188,p02781,u980074233,1581283748,C++,C++14 (GCC 5.4.1),cpp,Accepted,1191.0,256.0,3641,
s260775208,p02781,u879895449,1581283748,C++,C++14 (GCC 5.4.1),cpp,Accepted,1.0,256.0,916,
s915318212,p02781,u169212791,1581283736,C++,C++14 (GCC 5.4.1),cpp,Accepted,1.0,256.0,1338,
s868245295,p02781,u016726316,1581283713,C++,C++14 (GCC 5.4.1),cpp,Accepted,1.0,256.0,888,
s599533421,p02781,u562016607,1581283711,Python,Python (3.4.3),py,Accepted,497.0,3064.0,712,
s332692123,p02781,u154183184,1581283702,C++,C++14 (GCC 5.4.1),cpp,Accepted,1.0,256.0,974,
s084007961,p02781,u594477812,1581283701,Python,Python (3.4.3),py,Accepted,18.0,3064.0,672,
s744053193,p02781,u539692012,1581283699,Python,Python (3.4.3),py,Accepted,17.0,3064.0,668,
s831560476,p02781,u563710899,1581283683,C++,C++14 (GCC 5.4.1),cpp,Accepted,1.0,256.0,1295,
s079359115,p02781,u749359783,1581283676,Python,Python (3.4.3),py,Accepted,18.0,3064.0,824,
s754096829,p02781,u930089439,1581283668,C++,C++14 (GCC 5.4.1),cpp,Accepted,1.0,256.0,1452,
s387119751,p02781,u759165663,1581283661,C++,C++14 (GCC 5.4.1),cpp,Accepted,1.0,256.0,3315,
s706485048,p02781,u538296524,1581283658,Python,Python (3.4.3),py,Accepted,17.0,3192.0,559,
s111270472,p02781,u424091517,1581283653,C++,C++14 (GCC 5.4.1),cpp,Accepted,1523.0,256.0,1870,
s688017784,p02781,u744314647,1581283651,C++,C++14 (GCC 5.4.1),cpp,Accepted,2.0,384.0,1265,
s786835078,p02781,u711539583,1581283650,Python,Python (3.4.3),py,Accepted,17.0,3064.0,559,
s712002209,p02781,u759177660,1581283632,C++,C++14 (GCC 5.4.1),cpp,Accepted,1.0,256.0,1648,
s566279506,p02781,u017078415,1581283631,C++,C++14 (GCC 5.4.1),cpp,Accepted,1.0,256.0,2252,
s454618041,p02781,u784283302,1581283621,C++,C++14 (GCC 5.4.1),cpp,Accepted,1.0,256.0,789,
s362451232,p02781,u284140331,1581283620,C++,C++14 (GCC 5.4.1),cpp,Accepted,2.0,512.0,1915,
s041010996,p02781,u698176039,1581283616,Python,Python (3.4.3),py,Accepted,18.0,3064.0,799,
s356943412,p02781,u613522357,1581283614,C++,C++14 (GCC 5.4.1),cpp,Accepted,2.0,256.0,618,
s646733429,p02781,u025592199,1581283605,C++,C++14 (GCC 5.4.1),cpp,Accepted,1.0,256.0,1527,
s076489287,p02781,u965730380,1581283603,C++,C++14 (GCC 5.4.1),cpp,Accepted,1.0,256.0,1685,
s692820678,p02781,u992875223,1581283600,C++,C++14 (GCC 5.4.1),cpp,Accepted,1.0,256.0,1968,
s493862896,p02781,u208851722,1581283589,C++,C++14 (GCC 5.4.1),cpp,Accepted,1.0,512.0,918,
s029057280,p02781,u414947284,1581283585,C++,C++14 (GCC 5.4.1),cpp,Accepted,2.0,256.0,2125,
s351821998,p02781,u231918578,1581283583,C++,C++14 (GCC 5.4.1),cpp,Accepted,2.0,384.0,1031,
s604268497,p02781,u603234915,1581283578,C++,C++14 (GCC 5.4.1),cpp,Accepted,1.0,256.0,1532,
s580186676,p02781,u908432409,1581283567,C++,C++14 (GCC 5.4.1),cpp,Accepted,1.0,256.0,5786,
s426174061,p02781,u649618744,1581283562,C++,C++14 (GCC 5.4.1),cpp,Accepted,1.0,256.0,1722,
s625277778,p02781,u225717512,1581283559,C++,C++14 (GCC 5.4.1),cpp,Accepted,61.0,256.0,2279,
s502979154,p02781,u203843959,1581283559,Python,PyPy3 (2.4.0),py,Accepted,204.0,38384.0,769,
s660257339,p02781,u480300350,1581283555,Python,Python (3.4.3),py,Accepted,18.0,3064.0,864,
s063277156,p02781,u531427291,1581283551,Python,Python (3.4.3),py,Accepted,20.0,3064.0,570,
s965049983,p02781,u098704227,1581283548,C++,C++14 (GCC 5.4.1),cpp,Accepted,1.0,384.0,2385,
s108912659,p02781,u918935103,1581283548,Python,Python (3.4.3),py,Accepted,17.0,3064.0,968,
s529506088,p02781,u914273226,1581283532,C++,C++14 (GCC 5.4.1),cpp,Accepted,1.0,256.0,1851,
s285644687,p02781,u017810624,1581283526,Python,PyPy3 (2.4.0),py,Accepted,165.0,38256.0,874,
s630061612,p02781,u391222057,1581283520,C++,C++14 (GCC 5.4.1),cpp,Accepted,66.0,384.0,5115,
s507499320,p02781,u594244257,1581283517,Python,Python (3.4.3),py,Accepted,1884.0,3064.0,730,
s661485342,p02781,u491314298,1581283509,C++,C++14 (GCC 5.4.1),cpp,Accepted,3.0,256.0,779,
s143552003,p02781,u242680486,1581283501,C++,C++14 (GCC 5.4.1),cpp,Accepted,1.0,256.0,5496,
s356041742,p02781,u901086498,1581283500,C++,C++14 (GCC 5.4.1),cpp,Accepted,1.0,256.0,2237,
s306112703,p02781,u326152409,1581283495,C++,C++14 (GCC 5.4.1),cpp,Accepted,1.0,256.0,2009,
s151799902,p02781,u977193988,1581283493,Python,Python (3.4.3),py,Accepted,18.0,3064.0,533,
s038124202,p02781,u858670323,1581283489,C++,C++14 (GCC 5.4.1),cpp,Accepted,1.0,256.0,3583,
s803891701,p02781,u906428167,1581283487,Python,PyPy3 (2.4.0),py,Accepted,172.0,38384.0,877,
s171872109,p02781,u468262978,1581283472,C++,C++14 (GCC 5.4.1),cpp,Accepted,243.0,384.0,4724,
s626850316,p02781,u539517139,1581283465,Python,Python (3.4.3),py,Accepted,17.0,3064.0,578,
s318615426,p02781,u965840662,1581283465,Python,Python (3.4.3),py,Accepted,17.0,3064.0,1031,
s607207192,p02781,u781095600,1581283462,C++,C++14 (GCC 5.4.1),cpp,Accepted,1.0,256.0,518,
s815080688,p02781,u759177660,1581283448,C++,C++14 (GCC 5.4.1),cpp,Accepted,1.0,256.0,1576,
s535268589,p02781,u398025421,1581283443,C++,C++14 (GCC 5.4.1),cpp,Accepted,1.0,256.0,961,
s778655349,p02781,u398437835,1581283403,C++,C++14 (GCC 5.4.1),cpp,Accepted,1.0,256.0,2237,
s059987364,p02781,u057109575,1581283397,Python,PyPy3 (2.4.0),py,Accepted,196.0,41072.0,460,
s359719691,p02781,u265065462,1581283387,C++,C++14 (GCC 5.4.1),cpp,Accepted,1.0,256.0,1291,
s836726366,p02781,u352248517,1581283381,C++,C++14 (GCC 5.4.1),cpp,Accepted,1.0,256.0,1093,
s980981491,p02781,u598720217,1581283367,Python,Python (3.4.3),py,Accepted,18.0,3064.0,902,
s911823232,p02781,u640248738,1581283364,C++,C++14 (GCC 5.4.1),cpp,Accepted,1.0,256.0,2645,
s640763511,p02781,u682395093,1581283363,C++,C++14 (GCC 5.4.1),cpp,Accepted,2.0,384.0,1617,
s212642024,p02781,u412073904,1581283353,C++,C++14 (GCC 5.4.1),cpp,Accepted,1.0,512.0,3503,
s031932804,p02781,u660245210,1581283351,Python,Python (3.4.3),py,Accepted,17.0,3064.0,437,
s530164361,p02781,u023540496,1581283348,Python,Python (3.4.3),py,Accepted,20.0,3064.0,934,
s098719570,p02781,u866107333,1581283347,C++,C++14 (Clang 3.8.0),cpp,Accepted,1.0,256.0,4488,
s718078713,p02781,u621104964,1581283338,C++,C++14 (GCC 5.4.1),cpp,Accepted,2.0,384.0,1757,
s387815942,p02781,u349470793,1581283329,C++,C++14 (GCC 5.4.1),cpp,Accepted,1.0,256.0,1348,
s197790846,p02781,u089032001,1581283325,Python,Python (3.4.3),py,Accepted,23.0,3572.0,1021,
s631898301,p02781,u675249209,1581283314,C++,C++14 (GCC 5.4.1),cpp,Accepted,1.0,256.0,1418,
s711358396,p02781,u350267480,1581283312,C++,C++14 (GCC 5.4.1),cpp,Accepted,6.0,256.0,2319,
s936894588,p02781,u731057141,1581283309,C++,C++14 (GCC 5.4.1),cpp,Accepted,1.0,256.0,1850,
s653738582,p02781,u183896397,1581283309,Python,Python (3.4.3),py,Accepted,19.0,3188.0,1499,
s818320068,p02781,u692336506,1581283291,C++,C++14 (GCC 5.4.1),cpp,Accepted,2.0,512.0,1997,
s171860908,p02781,u759177660,1581283289,C++,C++14 (GCC 5.4.1),cpp,Accepted,1.0,256.0,1579,
s743938088,p02781,u541235435,1581283279,C++,C++14 (GCC 5.4.1),cpp,Accepted,1.0,256.0,1426,
s283010444,p02781,u285660186,1581283278,C++,C++14 (GCC 5.4.1),cpp,Accepted,3.0,256.0,1552,
s274820042,p02781,u922952729,1581283275,Python,Python (3.4.3),py,Accepted,28.0,3684.0,719,
s905180572,p02781,u966153286,1581283267,C++,C++14 (GCC 5.4.1),cpp,Accepted,1.0,256.0,1140,
s214828926,p02781,u192280767,1581283263,C++,C++14 (GCC 5.4.1),cpp,Accepted,1.0,256.0,1031,
s635014321,p02781,u162364634,1581283255,C++,C++14 (GCC 5.4.1),cpp,Accepted,1.0,256.0,1460,
s288964043,p02781,u020746846,1581283255,C++,C++14 (GCC 5.4.1),cpp,Accepted,1.0,256.0,1525,
s123677797,p02781,u174404613,1581283254,C++,C++14 (GCC 5.4.1),cpp,Accepted,1.0,256.0,3000,
s397818036,p02781,u462437857,1581283248,C++,C++14 (GCC 5.4.1),cpp,Accepted,1.0,256.0,679,
s978049037,p02781,u761529120,1581283242,Python,PyPy3 (2.4.0),py,Accepted,190.0,40048.0,1201,
s828904831,p02781,u899308536,1581283227,Python,Python (3.4.3),py,Accepted,749.0,3064.0,1396,
s873007853,p02781,u440032761,1581283219,C++,C++14 (GCC 5.4.1),cpp,Accepted,1.0,256.0,840,
s478194264,p02781,u867320886,1581283219,Python,Python (3.4.3),py,Accepted,18.0,3064.0,500,
s395591666,p02781,u704630096,1581283207,C++,C++14 (GCC 5.4.1),cpp,Accepted,1.0,384.0,3425,
s295972155,p02781,u736524428,1581283204,Python,Python (3.4.3),py,Accepted,17.0,3064.0,1264,
s346696835,p02781,u934272719,1581283194,C++,C++14 (GCC 5.4.1),cpp,Accepted,1.0,256.0,2464,
s590613001,p02781,u887142477,1581283192,Python,Python (3.4.3),py,Accepted,17.0,3064.0,745,
s630103715,p02781,u768223559,1581283186,C++,C++14 (GCC 5.4.1),cpp,Accepted,1.0,256.0,1246,
s765045486,p02781,u756514276,1581283183,C++,C++14 (GCC 5.4.1),cpp,Accepted,1.0,256.0,876,
s758758563,p02781,u894258749,1581283172,Python,PyPy3 (2.4.0),py,Accepted,174.0,38384.0,574,
s496884756,p02781,u290279680,1581283170,Python,Python (3.4.3),py,Accepted,19.0,3064.0,581,
s585861422,p02781,u063896502,1581283162,C++,C++14 (GCC 5.4.1),cpp,Accepted,2.0,384.0,1296,
s512327816,p02781,u504836877,1581283159,Python,Python (3.4.3),py,Accepted,20.0,3192.0,1200,
s614664049,p02781,u794543767,1581283159,C++,C++14 (GCC 5.4.1),cpp,Accepted,1.0,384.0,1518,
s143392640,p02781,u576712004,1581283158,C++,C++14 (GCC 5.4.1),cpp,Accepted,1.0,256.0,1066,
s237102935,p02781,u987267288,1581283151,C++,C++14 (GCC 5.4.1),cpp,Accepted,1.0,256.0,7239,
s881723919,p02781,u714564133,1581283145,C++,C++14 (GCC 5.4.1),cpp,Accepted,1.0,256.0,1172,
s660527467,p02781,u528523331,1581283135,C++,C++14 (GCC 5.4.1),cpp,Accepted,1.0,256.0,648,
s106318175,p02781,u148423304,1581283125,Python,Python (3.4.3),py,Accepted,17.0,3064.0,865,
s027559291,p02781,u475007080,1581283123,C++,C++14 (GCC 5.4.1),cpp,Accepted,1.0,384.0,2988,
s643358640,p02781,u794229607,1581283121,C++,C++14 (GCC 5.4.1),cpp,Accepted,1.0,256.0,1019,
s426213048,p02781,u086980944,1581283118,Python,Python (3.4.3),py,Accepted,19.0,3188.0,1210,
s319089055,p02781,u054501336,1581283114,C++,C++14 (GCC 5.4.1),cpp,Accepted,1.0,256.0,1966,
s870722087,p02781,u284140331,1581283111,C++,C++14 (GCC 5.4.1),cpp,Accepted,2.0,512.0,1912,
s686962870,p02781,u659725815,1581283095,C++,C++14 (GCC 5.4.1),cpp,Accepted,1.0,256.0,1750,
s022054575,p02781,u017167684,1581283089,C++,C++14 (GCC 5.4.1),cpp,Accepted,1.0,256.0,1084,
s550714098,p02781,u244626757,1581283079,C++,C++14 (GCC 5.4.1),cpp,Accepted,330.0,256.0,1645,
s550561746,p02781,u236127431,1581283059,C++,C++14 (GCC 5.4.1),cpp,Accepted,1.0,256.0,1875,
s463620449,p02781,u770199020,1581283052,Python,Python (3.4.3),py,Accepted,690.0,3064.0,1178,
s855797308,p02781,u372177994,1581283043,C++,C++14 (GCC 5.4.1),cpp,Accepted,1.0,256.0,2247,
s831062175,p02781,u318732821,1581283029,C++,C++14 (GCC 5.4.1),cpp,Accepted,1.0,256.0,1342,
s362663823,p02781,u356701928,1581283017,C++,C++14 (GCC 5.4.1),cpp,Accepted,1.0,256.0,1275,
s672294299,p02781,u030726788,1581283011,Python,Python (3.4.3),py,Accepted,153.0,12500.0,614,
s784822147,p02781,u007808656,1581282999,Python,Python (3.4.3),py,Accepted,17.0,3064.0,404,
s971502479,p02781,u489108157,1581282997,C++,C++14 (GCC 5.4.1),cpp,Accepted,1.0,256.0,1556,
s687880879,p02781,u013069672,1581282989,C++,C++14 (GCC 5.4.1),cpp,Accepted,1.0,256.0,991,
s077739497,p02781,u066413086,1581282979,Python,Python (3.4.3),py,Accepted,18.0,3064.0,821,
s292917043,p02781,u909815117,1581282978,Python,Python (3.4.3),py,Accepted,1708.0,3192.0,1190,
s855642240,p02781,u628597699,1581282969,C++,C++14 (GCC 5.4.1),cpp,Accepted,1.0,384.0,1223,
s245703894,p02781,u821284362,1581282969,C++,C++14 (GCC 5.4.1),cpp,Accepted,1.0,256.0,1818,
s262340996,p02781,u036411476,1581282968,C++,C++14 (GCC 5.4.1),cpp,Accepted,1.0,256.0,1148,
s137913932,p02781,u725353745,1581282968,C++,C++14 (GCC 5.4.1),cpp,Accepted,2.0,384.0,671,
s663220079,p02781,u200785298,1581282962,Python,Python (3.4.3),py,Accepted,17.0,3064.0,990,
s449874290,p02781,u237380963,1581282961,Python,Python (3.4.3),py,Accepted,79.0,5108.0,1902,
s225857263,p02781,u071109514,1581282949,C++,C++14 (GCC 5.4.1),cpp,Accepted,1.0,256.0,1884,
s707253381,p02781,u337381518,1581282948,C++,C++14 (GCC 5.4.1),cpp,Accepted,2.0,256.0,1663,
s208269662,p02781,u209713918,1581282933,C++,C++14 (GCC 5.4.1),cpp,Accepted,1.0,128.0,1717,
s272314751,p02781,u343454379,1581282932,Python,Python (3.4.3),py,Accepted,17.0,3064.0,385,
s078426592,p02781,u284854859,1581282930,Python,PyPy3 (2.4.0),py,Accepted,1035.0,42972.0,900,
s818457445,p02781,u006686215,1581282911,C++,C++14 (GCC 5.4.1),cpp,Accepted,15.0,15872.0,1878,
s516636097,p02781,u505830998,1581282896,Python,PyPy3 (2.4.0),py,Accepted,187.0,38256.0,1394,
s851976797,p02781,u895382169,1581282893,C++,C++14 (GCC 5.4.1),cpp,Accepted,1.0,256.0,3702,
s576294963,p02781,u992779443,1581282887,C++,C++14 (GCC 5.4.1),cpp,Accepted,1.0,256.0,1059,
s408769664,p02781,u551909378,1581282886,Python,Python (3.4.3),py,Accepted,18.0,3064.0,721,
s847928020,p02781,u041513069,1581282862,C++,C++14 (GCC 5.4.1),cpp,Accepted,1.0,256.0,1601,
s366523553,p02781,u991846372,1581282846,C++,C++14 (GCC 5.4.1),cpp,Accepted,1.0,256.0,2364,
s562000946,p02781,u819048695,1581282844,Python,PyPy3 (2.4.0),py,Accepted,240.0,40940.0,936,
s236407682,p02781,u192903163,1581282839,C++,C++14 (GCC 5.4.1),cpp,Accepted,8.0,4992.0,1591,
s265194494,p02781,u394759653,1581282837,C++,C++14 (GCC 5.4.1),cpp,Accepted,1.0,256.0,1007,
s984813801,p02781,u531336637,1581282832,C++,C++14 (GCC 5.4.1),cpp,Accepted,33.0,256.0,4911,
s081217137,p02781,u397031956,1581282825,C++,C++14 (GCC 5.4.1),cpp,Accepted,3.0,512.0,798,
s327443184,p02781,u663862781,1581282822,C++,C++14 (GCC 5.4.1),cpp,Accepted,1.0,256.0,1993,
s131612055,p02781,u374531474,1581282821,Python,Python (3.4.3),py,Accepted,696.0,3188.0,337,
s534882161,p02781,u939782227,1581282820,C++,C++14 (GCC 5.4.1),cpp,Accepted,42.0,256.0,2269,
s057013767,p02781,u119098168,1581282818,C++,C++14 (GCC 5.4.1),cpp,Accepted,591.0,512.0,2008,
s096266582,p02781,u893063840,1581282815,Python,Python (3.4.3),py,Accepted,21.0,3064.0,603,
s136258632,p02781,u616117610,1581282806,Python,Python (3.4.3),py,Accepted,18.0,3064.0,938,
s350388598,p02781,u377370946,1581282794,Python,Python (3.4.3),py,Accepted,18.0,3064.0,1127,
s106013320,p02781,u756880921,1581282794,C++,C++14 (GCC 5.4.1),cpp,Accepted,1.0,384.0,2772,
s096260499,p02781,u313766957,1581282793,C++,C++14 (GCC 5.4.1),cpp,Accepted,1.0,256.0,1247,
s608070371,p02781,u858575800,1581282768,C++,C++14 (GCC 5.4.1),cpp,Accepted,1.0,256.0,1204,
s291951620,p02781,u139300044,1581282756,C++,C++14 (GCC 5.4.1),cpp,Accepted,3.0,384.0,2697,
s108857005,p02781,u390193191,1581282755,Python,PyPy3 (2.4.0),py,Accepted,181.0,38384.0,728,
s694300750,p02781,u274833929,1581282744,C++,C++14 (GCC 5.4.1),cpp,Accepted,2.0,384.0,2803,
s373658014,p02781,u339233484,1581282742,C++,C++14 (GCC 5.4.1),cpp,Accepted,1.0,256.0,916,
s208102417,p02781,u780465569,1581282741,Python,PyPy3 (2.4.0),py,Accepted,183.0,38384.0,688,
s699420352,p02781,u220212997,1581282737,C++,C++14 (GCC 5.4.1),cpp,Accepted,13.0,12160.0,5130,
s293436382,p02781,u488401358,1581282727,Python,Python (3.4.3),py,Accepted,203.0,3064.0,487,
s985320347,p02781,u384737962,1581282715,C++,C++14 (GCC 5.4.1),cpp,Accepted,255.0,256.0,3833,
s663580558,p02781,u494070244,1581282713,C++,C++14 (GCC 5.4.1),cpp,Accepted,1.0,256.0,1225,
s689041707,p02781,u981931040,1581282706,Python,Python (3.4.3),py,Accepted,121.0,4832.0,726,
s311098285,p02781,u038054933,1581282704,C++,C++14 (GCC 5.4.1),cpp,Accepted,1.0,256.0,871,
s601658176,p02781,u891178744,1581282697,C++,C++14 (GCC 5.4.1),cpp,Accepted,1.0,256.0,1767,
s033324529,p02781,u174434198,1581282685,C++,C++14 (GCC 5.4.1),cpp,Accepted,11.0,12160.0,1542,
s665134172,p02781,u201660334,1581282681,Python,Python (3.4.3),py,Accepted,18.0,3064.0,499,
s618637269,p02781,u245366924,1581282677,C++,C++14 (GCC 5.4.1),cpp,Accepted,1.0,256.0,8243,
s755577557,p02781,u445401544,1581282670,C++,C++14 (GCC 5.4.1),cpp,Accepted,1.0,256.0,1125,
s246902258,p02781,u043536340,1581282660,C++,C++14 (GCC 5.4.1),cpp,Accepted,1.0,384.0,819,
s968562999,p02781,u569367525,1581282657,C++,C++14 (GCC 5.4.1),cpp,Accepted,7.0,384.0,1815,
s180873936,p02781,u155416173,1581282648,C++,C++14 (GCC 5.4.1),cpp,Accepted,1.0,256.0,2520,
s900920646,p02781,u932066890,1581282627,C++,C++14 (GCC 5.4.1),cpp,Accepted,1.0,256.0,1960,
s548569665,p02781,u193815565,1581282623,C++,C++14 (GCC 5.4.1),cpp,Accepted,1.0,256.0,1824,
s750698947,p02781,u788683948,1581282620,C++,C++14 (GCC 5.4.1),cpp,Accepted,1.0,256.0,1862,
s128318764,p02781,u599568485,1581282620,C++,C++14 (GCC 5.4.1),cpp,Accepted,4.0,2560.0,1270,
s322765446,p02781,u837070143,1581282619,C++,C++14 (GCC 5.4.1),cpp,Accepted,41.0,256.0,1366,
s407147263,p02781,u468262978,1581282618,C++,C++14 (GCC 5.4.1),cpp,Accepted,248.0,384.0,5635,
s602792287,p02781,u105168102,1581282612,C++,C++14 (GCC 5.4.1),cpp,Accepted,1.0,256.0,1326,
s270674295,p02781,u211160392,1581282609,Python,Python (3.4.3),py,Accepted,21.0,3064.0,808,
s575197705,p02781,u810735437,1581282604,Python,Python (3.4.3),py,Accepted,55.0,6412.0,2186,
s130348182,p02781,u041282550,1581282604,C++,C++14 (GCC 5.4.1),cpp,Accepted,1.0,256.0,1523,
s893420844,p02781,u483277935,1581282601,C++,C++14 (GCC 5.4.1),cpp,Accepted,1.0,256.0,1580,
s594306583,p02781,u490642448,1581282601,Python,PyPy3 (2.4.0),py,Accepted,175.0,38256.0,610,
s904816008,p02781,u995725911,1581282598,C++,C++14 (GCC 5.4.1),cpp,Accepted,1.0,256.0,2081,
s948387910,p02781,u756659922,1581282596,C++,C++14 (GCC 5.4.1),cpp,Accepted,1.0,256.0,700,
s949337667,p02781,u102602414,1581282593,C++,C++14 (GCC 5.4.1),cpp,Accepted,1.0,256.0,2164,
s625483456,p02781,u757373026,1581282592,C++,C++14 (GCC 5.4.1),cpp,Accepted,1.0,256.0,1014,
s880662971,p02781,u942813425,1581282584,C++,C++14 (GCC 5.4.1),cpp,Accepted,2.0,512.0,2762,
s322080020,p02781,u652659199,1581282574,C++,C++14 (GCC 5.4.1),cpp,Accepted,2.0,1408.0,962,
s569851647,p02781,u874644572,1581282548,C++,C++14 (GCC 5.4.1),cpp,Accepted,1.0,256.0,998,
s522786819,p02781,u102445737,1581282543,Python,PyPy3 (2.4.0),py,Accepted,188.0,38376.0,1003,
s233772921,p02781,u671861352,1581282533,C++,C++14 (GCC 5.4.1),cpp,Accepted,1.0,256.0,1402,
s855290374,p02781,u387221709,1581282524,C++,C++14 (GCC 5.4.1),cpp,Accepted,1.0,256.0,1327,
s096334929,p02781,u806601169,1581282513,C++,C++14 (GCC 5.4.1),cpp,Accepted,28.0,256.0,2426,
s515516002,p02781,u680707192,1581282513,C++,C++14 (GCC 5.4.1),cpp,Accepted,112.0,256.0,1908,
s480411870,p02781,u581262359,1581282510,C++,C++14 (GCC 5.4.1),cpp,Accepted,1.0,256.0,6467,
s609448350,p02781,u708618797,1581282509,C++,C++14 (GCC 5.4.1),cpp,Accepted,1.0,256.0,808,
s675165881,p02781,u187516587,1581282506,Python,PyPy3 (2.4.0),py,Accepted,1233.0,45916.0,829,
s835850777,p02781,u640754499,1581282504,C++,C++14 (GCC 5.4.1),cpp,Accepted,2.0,1408.0,962,
s352362563,p02781,u770383516,1581282504,C++,C++14 (GCC 5.4.1),cpp,Accepted,1.0,256.0,1960,
s707514312,p02781,u341267151,1581282492,Python,Python (3.4.3),py,Accepted,17.0,3064.0,431,
s241324664,p02781,u138253748,1581282491,Python,Python (3.4.3),py,Accepted,23.0,3064.0,1207,
s518002836,p02781,u194597852,1581282490,C++,C++14 (GCC 5.4.1),cpp,Accepted,1.0,256.0,1662,
s291953680,p02781,u169573381,1581282484,C++,C++14 (GCC 5.4.1),cpp,Accepted,1.0,256.0,1578,
s607454359,p02781,u969358009,1581282483,C++,C++14 (GCC 5.4.1),cpp,Accepted,1.0,256.0,1616,
s664662796,p02781,u372633838,1581282478,C++,C++14 (GCC 5.4.1),cpp,Accepted,321.0,75392.0,2192,
s609960061,p02781,u869595612,1581282477,C++,C++14 (GCC 5.4.1),cpp,Accepted,1.0,256.0,1037,
s001553510,p02781,u736004166,1581282476,C++,C++14 (GCC 5.4.1),cpp,Accepted,1.0,256.0,1126,
s897584039,p02781,u770383516,1581282463,C++,C++14 (GCC 5.4.1),cpp,Accepted,1.0,256.0,1937,
s684556563,p02781,u381761719,1581282457,C++,C++14 (GCC 5.4.1),cpp,Accepted,1.0,256.0,1440,
s369361369,p02781,u150641538,1581282456,Python,Python (3.4.3),py,Accepted,18.0,3064.0,1305,
s831476263,p02781,u185690073,1581282455,C++,C++14 (GCC 5.4.1),cpp,Accepted,1.0,256.0,1957,
s155748283,p02781,u104896619,1581282450,C++,C++14 (GCC 5.4.1),cpp,Accepted,1.0,256.0,1214,
s709538871,p02781,u354567428,1581282445,C++,C++14 (GCC 5.4.1),cpp,Accepted,1.0,256.0,2963,
s049517476,p02781,u293518505,1581282442,C++,C++14 (GCC 5.4.1),cpp,Accepted,1.0,256.0,1309,
s320353107,p02781,u636137609,1581282439,C++,C++14 (GCC 5.4.1),cpp,Accepted,1.0,256.0,1974,
s717210239,p02781,u639380385,1581282436,Python,PyPy3 (2.4.0),py,Accepted,169.0,38384.0,878,
s201947529,p02781,u403301154,1581282432,C++,C++14 (GCC 5.4.1),cpp,Accepted,2.0,384.0,3625,
s806533658,p02781,u198355306,1581282431,C++,C++14 (GCC 5.4.1),cpp,Accepted,1.0,256.0,1486,
s690248589,p02781,u086849314,1581282426,C++,C++14 (GCC 5.4.1),cpp,Accepted,1.0,256.0,877,
s417682134,p02781,u130934466,1581282421,C++,C++14 (GCC 5.4.1),cpp,Accepted,2.0,384.0,756,
s308022471,p02781,u535589138,1581282413,C++,C++14 (GCC 5.4.1),cpp,Accepted,194.0,384.0,1451,
s976004566,p02781,u386769326,1581282409,C++,C++14 (GCC 5.4.1),cpp,Accepted,9.0,6272.0,1374,
s359942206,p02781,u984276646,1581282408,Python,Python (3.4.3),py,Accepted,17.0,3064.0,704,
s866029157,p02781,u058317639,1581282392,C++,C++14 (GCC 5.4.1),cpp,Accepted,3.0,6400.0,9020,
s972066197,p02781,u571173211,1581282390,C++,C++14 (GCC 5.4.1),cpp,Accepted,1.0,256.0,2052,
s357486868,p02781,u954176652,1581282389,C++,C++14 (GCC 5.4.1),cpp,Accepted,242.0,256.0,3162,
s294715995,p02781,u608234874,1581282388,C++,C++14 (GCC 5.4.1),cpp,Accepted,1.0,256.0,916,
s373268324,p02781,u107995903,1581282387,C++,C++14 (GCC 5.4.1),cpp,Accepted,1.0,256.0,6925,
s288643652,p02781,u612193777,1581282381,C++,C++14 (GCC 5.4.1),cpp,Accepted,1.0,256.0,982,
s619295282,p02781,u091650402,1581282380,C++,C++14 (GCC 5.4.1),cpp,Accepted,3.0,384.0,2178,
s235335017,p02781,u072825550,1581282377,C++,C++14 (GCC 5.4.1),cpp,Accepted,1.0,256.0,1413,
s263227542,p02781,u207036582,1581282376,C++,C++14 (GCC 5.4.1),cpp,Accepted,1.0,256.0,1146,
s541742223,p02781,u492131209,1581282375,C++,C++14 (GCC 5.4.1),cpp,Accepted,1.0,256.0,1450,
s929065517,p02781,u185403320,1581282373,C++,C++14 (GCC 5.4.1),cpp,Accepted,1.0,256.0,689,
s641955919,p02781,u608088992,1581282371,Python,Python (3.4.3),py,Accepted,18.0,3192.0,1609,
s628251242,p02781,u063380928,1581282370,C++,C++14 (GCC 5.4.1),cpp,Accepted,1.0,256.0,5019,
s926905912,p02781,u762183504,1581282370,C++,C++14 (GCC 5.4.1),cpp,Accepted,2.0,384.0,933,
s907720390,p02781,u590225792,1581282366,C++,C++14 (GCC 5.4.1),cpp,Accepted,2.0,1408.0,962,
s910810264,p02781,u069450081,1581282361,C++,C++14 (GCC 5.4.1),cpp,Accepted,2.0,512.0,1898,
s422405727,p02781,u282130312,1581282351,C++,C++14 (GCC 5.4.1),cpp,Accepted,1.0,384.0,1660,
s656837577,p02781,u239493918,1581282350,C++,C++14 (GCC 5.4.1),cpp,Accepted,1.0,384.0,6273,
s528404942,p02781,u834777932,1581282348,C++,C++14 (GCC 5.4.1),cpp,Accepted,1.0,256.0,8666,
s118343710,p02781,u941407962,1581282341,Python,PyPy3 (2.4.0),py,Accepted,166.0,38384.0,803,
s112075792,p02781,u194268736,1581282310,C++,C++14 (GCC 5.4.1),cpp,Accepted,1.0,256.0,819,
s965644874,p02781,u729054523,1581282305,C++,C++14 (GCC 5.4.1),cpp,Accepted,1.0,256.0,749,
s630537820,p02781,u045575753,1581282304,C++,C++14 (GCC 5.4.1),cpp,Accepted,1.0,384.0,902,
s379065778,p02781,u825369110,1581282300,C++,C++14 (GCC 5.4.1),cpp,Accepted,4.0,256.0,3066,
s748885435,p02781,u914173586,1581282298,C++,C++14 (GCC 5.4.1),cpp,Accepted,1.0,256.0,1436,
s709495416,p02781,u544587633,1581282285,Python,Python (3.4.3),py,Accepted,52.0,5108.0,2317,
s753993782,p02781,u671455949,1581282284,Python,Python (3.4.3),py,Accepted,188.0,14136.0,422,
s910411640,p02781,u348287936,1581282281,C++,C++14 (GCC 5.4.1),cpp,Accepted,387.0,256.0,1372,
s438752505,p02781,u782238920,1581282281,C++,C++14 (GCC 5.4.1),cpp,Accepted,1.0,256.0,1822,
s135222903,p02781,u617380180,1581282278,C++,C++14 (GCC 5.4.1),cpp,Accepted,1.0,256.0,2123,
s071366631,p02781,u432688695,1581282274,C++,C++14 (GCC 5.4.1),cpp,Accepted,63.0,384.0,5880,
s319822008,p02781,u913232477,1581282264,C++,C++14 (GCC 5.4.1),cpp,Accepted,3.0,384.0,3541,
s551952781,p02781,u899220667,1581282263,C++,C++14 (GCC 5.4.1),cpp,Accepted,1.0,256.0,8277,
s521443193,p02781,u118642796,1581282262,C++,C++14 (GCC 5.4.1),cpp,Accepted,1.0,256.0,1962,
s533422486,p02781,u652420316,1581282258,C++,C++14 (GCC 5.4.1),cpp,Accepted,3.0,256.0,1909,
s223771457,p02781,u501503190,1581282250,Python,PyPy3 (2.4.0),py,Accepted,184.0,38384.0,581,
s327655677,p02781,u834777932,1581282250,C++,C++14 (GCC 5.4.1),cpp,Accepted,509.0,256.0,9001,
s064043900,p02781,u951952491,1581282249,C++,C++14 (GCC 5.4.1),cpp,Accepted,1.0,256.0,1342,
s657536279,p02781,u225660289,1581282249,C++,C++14 (GCC 5.4.1),cpp,Accepted,1.0,256.0,1942,
s016426826,p02781,u166147681,1581282244,C++,C++14 (GCC 5.4.1),cpp,Accepted,1.0,256.0,1318,
s446088227,p02781,u783676040,1581282244,C++,C++14 (GCC 5.4.1),cpp,Accepted,1.0,256.0,1509,
s383133936,p02781,u754651673,1581282243,C++,C++14 (GCC 5.4.1),cpp,Accepted,1.0,256.0,980,
s633377228,p02781,u881740284,1581282227,C++,C++14 (GCC 5.4.1),cpp,Accepted,1.0,384.0,1408,
s274028928,p02781,u814986259,1581282227,Python,Python (3.4.3),py,Accepted,217.0,3188.0,753,
s784448893,p02781,u021648187,1581282221,C++,C++14 (GCC 5.4.1),cpp,Accepted,6.0,15872.0,1919,
s471309182,p02781,u168630353,1581282214,C++,C++14 (GCC 5.4.1),cpp,Accepted,2.0,256.0,2454,
s093187077,p02781,u746411953,1581282213,C++,C++14 (GCC 5.4.1),cpp,Accepted,1.0,256.0,980,
s481303572,p02781,u208440216,1581282210,C++,C++14 (GCC 5.4.1),cpp,Accepted,1.0,256.0,2015,
s304156082,p02781,u463697306,1581282200,C++,C++14 (GCC 5.4.1),cpp,Accepted,1.0,256.0,2206,
s778554471,p02781,u965384934,1581282200,Python,Python (3.4.3),py,Accepted,51.0,5108.0,1640,
s744464234,p02781,u965118468,1581282189,C++,C++14 (GCC 5.4.1),cpp,Accepted,3.0,256.0,1201,
s445401480,p02781,u648257619,1581282170,Python,PyPy3 (2.4.0),py,Accepted,172.0,38256.0,466,
s872315989,p02781,u203927510,1581282168,C++,C++14 (GCC 5.4.1),cpp,Accepted,1.0,256.0,952,
s870196292,p02781,u858742833,1581282163,Python,Python (3.4.3),py,Accepted,50.0,3188.0,418,
s763232379,p02781,u557696720,1581282163,C++,C++14 (GCC 5.4.1),cpp,Accepted,1.0,256.0,1278,
s015338216,p02781,u141378465,1581282158,C++,C++14 (GCC 5.4.1),cpp,Accepted,1.0,256.0,1834,
s908053207,p02781,u649915042,1581282146,C++,C++14 (GCC 5.4.1),cpp,Accepted,33.0,256.0,2677,
s023834739,p02781,u111365362,1581282140,Python,Python (3.4.3),py,Accepted,18.0,3064.0,589,
s776877959,p02781,u843070415,1581282130,C++,C++14 (GCC 5.4.1),cpp,Accepted,1.0,256.0,1714,
s882029019,p02781,u980909653,1581282130,C++,C++14 (GCC 5.4.1),cpp,Accepted,1.0,256.0,1275,
s055195971,p02781,u504403442,1581282118,C++,C++14 (GCC 5.4.1),cpp,Accepted,1.0,512.0,917,
s756455269,p02781,u427344224,1581282110,C++,C++14 (GCC 5.4.1),cpp,Accepted,28.0,384.0,2213,
s214542074,p02781,u620735210,1581282109,C++,C++14 (GCC 5.4.1),cpp,Accepted,1235.0,256.0,847,
s242477466,p02781,u625741705,1581282104,C++,C++14 (GCC 5.4.1),cpp,Accepted,2.0,384.0,895,
s949124916,p02781,u147305315,1581282104,C++,C++14 (GCC 5.4.1),cpp,Accepted,1.0,256.0,1606,
s429776981,p02781,u900556224,1581282103,C++,C++14 (GCC 5.4.1),cpp,Accepted,8.0,1152.0,1852,
s965516582,p02781,u485731913,1581282102,C++,C++14 (GCC 5.4.1),cpp,Accepted,2.0,384.0,1572,
s025023391,p02781,u352557224,1581282093,C++,C++14 (GCC 5.4.1),cpp,Accepted,1.0,256.0,1260,
s851521881,p02781,u846053167,1581282086,C++,C++14 (GCC 5.4.1),cpp,Accepted,1.0,384.0,1589,
s902142047,p02781,u832527250,1581282074,C++,C++14 (GCC 5.4.1),cpp,Accepted,2.0,384.0,842,
s231572586,p02781,u340474328,1581282070,C++,C++14 (GCC 5.4.1),cpp,Accepted,2.0,256.0,1642,
s652197777,p02781,u969190727,1581282068,Python,Python (3.4.3),py,Accepted,19.0,3064.0,443,
s775974310,p02781,u708550576,1581282066,C++,C++14 (GCC 5.4.1),cpp,Accepted,1.0,256.0,1258,
s050851212,p02781,u526894223,1581282050,C++,C++14 (GCC 5.4.1),cpp,Accepted,1.0,256.0,1631,
s661165559,p02781,u495704746,1581282042,C++,C++14 (GCC 5.4.1),cpp,Accepted,2.0,512.0,1371,
s532426192,p02781,u366676780,1581282040,C++,C++14 (GCC 5.4.1),cpp,Accepted,1.0,256.0,10099,
s764596069,p02781,u313043608,1581282039,C++,C++14 (GCC 5.4.1),cpp,Accepted,1.0,384.0,1573,
s964986177,p02781,u426683236,1581282038,C++,C++14 (GCC 5.4.1),cpp,Accepted,1.0,256.0,6091,
s516158023,p02781,u228295160,1581282016,C++,C++14 (GCC 5.4.1),cpp,Accepted,2.0,640.0,6374,
s540488078,p02781,u866879589,1581282009,C++,C++14 (GCC 5.4.1),cpp,Accepted,1.0,256.0,2675,
s910857048,p02781,u410132794,1581282008,C++,C++14 (GCC 5.4.1),cpp,Accepted,1.0,256.0,918,
s073066371,p02781,u892687772,1581282005,C++,C++14 (GCC 5.4.1),cpp,Accepted,1.0,384.0,1627,
s755935293,p02781,u168578024,1581282003,C++,C++14 (GCC 5.4.1),cpp,Accepted,1.0,256.0,3164,
s605365827,p02781,u265187423,1581281999,C++,C++14 (GCC 5.4.1),cpp,Accepted,1.0,384.0,711,
s887776462,p02781,u309985845,1581281995,C++,C++14 (GCC 5.4.1),cpp,Accepted,1.0,256.0,516,
s466947771,p02781,u974620347,1581281993,Python,PyPy3 (2.4.0),py,Accepted,187.0,38724.0,722,
s887322735,p02781,u107077660,1581281990,C++,C++14 (GCC 5.4.1),cpp,Accepted,1.0,256.0,693,
s590218988,p02781,u501494362,1581281985,C++,C++14 (GCC 5.4.1),cpp,Accepted,344.0,12928.0,9707,
s909518076,p02781,u591725500,1581281969,C++,C++14 (GCC 5.4.1),cpp,Accepted,1.0,512.0,891,
s030597596,p02781,u328858746,1581281960,Python,Python (3.4.3),py,Accepted,17.0,3064.0,1066,
s607791963,p02781,u131020584,1581281958,C++,C++14 (GCC 5.4.1),cpp,Accepted,1.0,256.0,3096,
s656594864,p02781,u127130661,1581281948,C++,C++14 (GCC 5.4.1),cpp,Accepted,1.0,128.0,738,
s174582236,p02781,u258130654,1581281947,C++,C++14 (GCC 5.4.1),cpp,Accepted,1.0,256.0,1881,
s977407713,p02781,u618649215,1581281944,C++,C++14 (GCC 5.4.1),cpp,Accepted,1.0,256.0,624,
s637665040,p02781,u238312012,1581281943,C++,C++14 (GCC 5.4.1),cpp,Accepted,1.0,256.0,1407,
s969071952,p02781,u623231048,1581281941,Python,Python (3.4.3),py,Accepted,17.0,3064.0,555,
s407894243,p02781,u693953100,1581281938,C++,C++14 (GCC 5.4.1),cpp,Accepted,1.0,256.0,1172,
s715864985,p02781,u548384403,1581281929,Python,PyPy3 (2.4.0),py,Accepted,1832.0,147344.0,851,
s563874819,p02781,u104888333,1581281929,C++,C++14 (GCC 5.4.1),cpp,Accepted,1.0,256.0,3392,
s149089002,p02781,u067237725,1581281911,C++,C++14 (GCC 5.4.1),cpp,Accepted,1.0,256.0,1272,
s883534023,p02781,u952708174,1581281910,Python,Python (3.4.3),py,Accepted,20.0,3064.0,963,
s592152246,p02781,u578509549,1581281908,C++,C++14 (GCC 5.4.1),cpp,Accepted,1.0,256.0,699,
s928579052,p02781,u379959788,1581281902,Python,Python (3.4.3),py,Accepted,21.0,3064.0,1003,
s644272242,p02781,u845000384,1581281892,C++,C++14 (GCC 5.4.1),cpp,Accepted,1.0,256.0,1892,
s468288808,p02781,u277556971,1581281889,C++,C++14 (GCC 5.4.1),cpp,Accepted,1.0,256.0,2110,
s804111747,p02781,u788717734,1581281877,C++,C++14 (GCC 5.4.1),cpp,Accepted,1.0,256.0,839,
s743939026,p02781,u468743462,1581281872,C++,C++14 (GCC 5.4.1),cpp,Accepted,1.0,256.0,1633,
s580384042,p02781,u764844956,1581281872,C++,C++14 (GCC 5.4.1),cpp,Accepted,1.0,256.0,2553,
s686617313,p02781,u627417051,1581281867,Python,PyPy3 (2.4.0),py,Accepted,172.0,38256.0,1213,
s667172037,p02781,u644070128,1581281865,C++,C++14 (GCC 5.4.1),cpp,Accepted,1.0,256.0,2687,
s133403566,p02781,u460529791,1581281835,C++,C++14 (GCC 5.4.1),cpp,Accepted,2.0,512.0,2226,
s217288069,p02781,u102960641,1581281834,Python,Python (3.4.3),py,Accepted,17.0,3064.0,879,
s816037911,p02781,u759497274,1581281817,C++,C++14 (GCC 5.4.1),cpp,Accepted,1.0,256.0,762,
s032091917,p02781,u803481017,1581281810,C++,C++14 (GCC 5.4.1),cpp,Accepted,854.0,256.0,1366,
s852357899,p02781,u600896094,1581281807,C++,C++ (GCC 5.4.1),cpp,Accepted,2.0,384.0,1126,
s736333232,p02781,u785213188,1581281804,Python,Python (3.4.3),py,Accepted,49.0,4084.0,877,
s056021030,p02781,u887771535,1581281800,C++,C++14 (GCC 5.4.1),cpp,Accepted,1.0,384.0,809,
s551826905,p02781,u172873334,1581281797,C++,C++14 (GCC 5.4.1),cpp,Accepted,1.0,256.0,8915,
s665799133,p02781,u296518383,1581281766,Python,Python (3.4.3),py,Accepted,17.0,3064.0,903,
s954528013,p02781,u658993896,1581281752,C++,C++14 (GCC 5.4.1),cpp,Accepted,1.0,256.0,1064,
s245709763,p02781,u050865477,1581281749,C++,C++14 (GCC 5.4.1),cpp,Accepted,1.0,256.0,3430,
s841866178,p02781,u467457202,1581281747,C++,C++14 (GCC 5.4.1),cpp,Accepted,262.0,256.0,3566,
s603917520,p02781,u376082984,1581281733,C++,C++14 (GCC 5.4.1),cpp,Accepted,1.0,256.0,4515,
s886482242,p02781,u121921603,1581281729,Python,PyPy3 (2.4.0),py,Accepted,167.0,38384.0,583,
s522053963,p02781,u477145683,1581281728,C++,C++ (GCC 5.4.1),cpp,Accepted,1.0,128.0,651,
s089322298,p02781,u122034453,1581281726,C++,C++14 (GCC 5.4.1),cpp,Accepted,1.0,256.0,741,
s053266424,p02781,u077337864,1581281725,C++,C++14 (GCC 5.4.1),cpp,Accepted,1.0,256.0,2598,
s180625954,p02781,u450922311,1581281725,C++,C++14 (GCC 5.4.1),cpp,Accepted,1.0,256.0,7885,
s516692361,p02781,u324968088,1581281719,C++,C++14 (GCC 5.4.1),cpp,Accepted,1.0,256.0,817,
s189524845,p02781,u057079894,1581281718,C++,C++14 (GCC 5.4.1),cpp,Accepted,1.0,256.0,1926,
s992603404,p02781,u448973897,1581281713,C++,C++14 (GCC 5.4.1),cpp,Accepted,2.0,256.0,2950,
s769810849,p02781,u388697579,1581281705,C++,C++14 (GCC 5.4.1),cpp,Accepted,2.0,384.0,1614,
s175893411,p02781,u693133807,1581281702,C++,C++14 (GCC 5.4.1),cpp,Accepted,2.0,256.0,2237,
s726314866,p02781,u423143252,1581281689,C++,C++14 (GCC 5.4.1),cpp,Accepted,1.0,256.0,1727,
s446773932,p02781,u066910956,1581281686,C++,C++14 (GCC 5.4.1),cpp,Accepted,1.0,640.0,1834,
s784835739,p02781,u367602070,1581281686,C++,C++14 (GCC 5.4.1),cpp,Accepted,1.0,256.0,3055,
s894534274,p02781,u606919221,1581281683,C++,C++14 (GCC 5.4.1),cpp,Accepted,1.0,384.0,2054,
s828077706,p02781,u242440581,1581281680,C++,C++14 (GCC 5.4.1),cpp,Accepted,1.0,256.0,1993,
s201502908,p02781,u421426760,1581281679,C++,C++14 (GCC 5.4.1),cpp,Accepted,2.0,384.0,2358,
s975752868,p02781,u065898443,1581281676,C++,C++14 (GCC 5.4.1),cpp,Accepted,1.0,256.0,9907,
s613777062,p02781,u247407965,1581281674,C++,C++14 (GCC 5.4.1),cpp,Accepted,1.0,384.0,1003,
s082351061,p02781,u499381410,1581281668,Python,PyPy3 (2.4.0),py,Accepted,217.0,41968.0,1444,
s433762087,p02781,u482789362,1581281667,Python,Python (3.4.3),py,Accepted,19.0,3064.0,819,
s114300494,p02781,u634461820,1581281655,Python,PyPy3 (2.4.0),py,Accepted,229.0,42352.0,658,
s445969382,p02781,u879436400,1581281653,C++,C++14 (GCC 5.4.1),cpp,Accepted,1.0,256.0,1275,
s649170703,p02781,u808916291,1581281649,Python,PyPy3 (2.4.0),py,Accepted,183.0,38256.0,455,
s411989112,p02781,u931819817,1581281645,C++,C++14 (GCC 5.4.1),cpp,Accepted,1.0,128.0,562,
s266782775,p02781,u058748522,1581281639,C++,C++14 (GCC 5.4.1),cpp,Accepted,1.0,384.0,1014,
s457658427,p02781,u562016607,1581281621,Python,PyPy3 (2.4.0),py,Accepted,797.0,47708.0,711,
s397176678,p02781,u709604332,1581281611,C++,C++14 (GCC 5.4.1),cpp,Accepted,1.0,256.0,1275,
s467688653,p02781,u704309145,1581281611,C++,C++14 (GCC 5.4.1),cpp,Accepted,1.0,256.0,1669,
s207737892,p02781,u824132304,1581281608,C++,C++14 (GCC 5.4.1),cpp,Accepted,32.0,256.0,1475,
s518729257,p02781,u960267905,1581281605,C++,C++14 (GCC 5.4.1),cpp,Accepted,1.0,256.0,1853,
s386349544,p02781,u874947858,1581281604,C++,C++14 (GCC 5.4.1),cpp,Accepted,1.0,256.0,2859,
s641709942,p02781,u254871849,1581281601,Python,Python (3.4.3),py,Accepted,18.0,3192.0,1330,
s340218761,p02781,u415518175,1581281600,C++,C++14 (GCC 5.4.1),cpp,Accepted,1.0,384.0,1327,
s330631940,p02781,u538921909,1581281597,C++,C++ (GCC 5.4.1),cpp,Accepted,1.0,256.0,657,
s212986709,p02781,u843985264,1581281596,C++,C++14 (GCC 5.4.1),cpp,Accepted,1.0,256.0,1385,
s405843861,p02781,u604693716,1581281595,C++,C++14 (GCC 5.4.1),cpp,Accepted,561.0,256.0,2686,
s111473460,p02781,u780122303,1581281579,C++,C++14 (GCC 5.4.1),cpp,Accepted,1.0,640.0,590,
s219469156,p02781,u555125997,1581281577,Python,Python (3.4.3),py,Accepted,51.0,5108.0,785,
s120339634,p02781,u673338219,1581281558,Python,Python (3.4.3),py,Accepted,17.0,3064.0,768,
s893727087,p02781,u843722521,1581281556,Python,PyPy3 (2.4.0),py,Accepted,165.0,38384.0,471,
s556032023,p02781,u335830383,1581281548,Python,PyPy3 (2.4.0),py,Accepted,215.0,48860.0,925,
s446316251,p02781,u773105035,1581281542,C++,C++14 (GCC 5.4.1),cpp,Accepted,1.0,256.0,1882,
s777314284,p02781,u325959156,1581281536,C++,C++14 (GCC 5.4.1),cpp,Accepted,282.0,256.0,928,
s989822748,p02781,u033620890,1581281533,C++,C++14 (GCC 5.4.1),cpp,Accepted,1.0,256.0,2890,
s104407966,p02781,u558431380,1581281532,C++,C++14 (GCC 5.4.1),cpp,Accepted,1.0,256.0,1150,
s420901210,p02781,u904123392,1581281531,C++,C++14 (GCC 5.4.1),cpp,Accepted,1.0,256.0,932,
s132911866,p02781,u150296067,1581281523,C++,C++14 (GCC 5.4.1),cpp,Accepted,1.0,384.0,709,
s226509269,p02781,u756036193,1581281516,C++,C++14 (GCC 5.4.1),cpp,Accepted,1.0,256.0,517,
s518629689,p02781,u642120132,1581281514,C++,C++14 (GCC 5.4.1),cpp,Accepted,2.0,512.0,783,
s291630102,p02781,u751730221,1581281513,C++,C++14 (GCC 5.4.1),cpp,Accepted,3.0,256.0,2286,
s957361983,p02781,u104282757,1581281513,Python,Python (3.4.3),py,Accepted,25.0,3192.0,2311,
s559415231,p02781,u798316285,1581281507,Python,Python (3.4.3),py,Accepted,18.0,3064.0,527,
s527185095,p02781,u214685595,1581281504,C++,C++14 (GCC 5.4.1),cpp,Accepted,1.0,256.0,3134,
s997202701,p02781,u293989573,1581281504,Python,Python (3.4.3),py,Accepted,51.0,5108.0,1666,
s620561043,p02781,u832748306,1581281502,C++,C++ (GCC 5.4.1),cpp,Accepted,1.0,384.0,1589,
s423234450,p02781,u382470710,1581281499,C++,C++14 (GCC 5.4.1),cpp,Accepted,1.0,256.0,727,
s117263356,p02781,u383395260,1581281492,C++,C++14 (GCC 5.4.1),cpp,Accepted,3.0,256.0,1515,
s780329872,p02781,u649565175,1581281490,C++,C++14 (GCC 5.4.1),cpp,Accepted,1164.0,256.0,1911,
s315499690,p02781,u548768105,1581281484,C++,C++14 (GCC 5.4.1),cpp,Accepted,1.0,256.0,1804,
s680749883,p02781,u081193942,1581281476,Python,Python (3.4.3),py,Accepted,18.0,3064.0,565,
s919513167,p02781,u618697411,1581281476,C++,C++14 (GCC 5.4.1),cpp,Accepted,1.0,256.0,1498,
s218656822,p02781,u075012704,1581281471,Python,PyPy2 (5.6.0),py,Accepted,889.0,49692.0,1576,
s190225944,p02781,u222613738,1581281471,Python,Python (3.4.3),py,Accepted,54.0,5108.0,1666,
s242640829,p02781,u459798349,1581281469,Python,Python (3.4.3),py,Accepted,17.0,3064.0,780,
s963960793,p02781,u038084150,1581281468,C++,C++14 (GCC 5.4.1),cpp,Accepted,1.0,256.0,1416,
s850590262,p02781,u177897754,1581281463,C++,C++14 (GCC 5.4.1),cpp,Accepted,8.0,512.0,3647,
s777280249,p02781,u342143778,1581281461,C++,C++14 (GCC 5.4.1),cpp,Accepted,1.0,256.0,766,
s031312722,p02781,u082000603,1581281458,C++,C++14 (GCC 5.4.1),cpp,Accepted,40.0,256.0,831,
s070294378,p02781,u389910364,1581281457,Python,Python (3.4.3),py,Accepted,158.0,12528.0,990,
s645302285,p02781,u338850857,1581281451,C++,C++14 (GCC 5.4.1),cpp,Accepted,1.0,128.0,935,
s508513889,p02781,u970250265,1581281447,C++,C++14 (GCC 5.4.1),cpp,Accepted,1.0,640.0,1882,
s312695797,p02781,u129667379,1581281447,C++,C++14 (GCC 5.4.1),cpp,Accepted,1.0,256.0,1119,
s684017753,p02781,u314008046,1581281439,C++,C++14 (GCC 5.4.1),cpp,Accepted,2.0,256.0,1308,
s969292232,p02781,u190406011,1581281436,Python,PyPy3 (2.4.0),py,Accepted,187.0,40304.0,993,
s640850844,p02781,u135248164,1581281436,C++,C++14 (GCC 5.4.1),cpp,Accepted,1.0,256.0,1684,
s930470381,p02781,u608965386,1581281428,C++,C++14 (GCC 5.4.1),cpp,Accepted,1.0,384.0,2552,
s821210836,p02781,u147067618,1581281423,C++,C++14 (GCC 5.4.1),cpp,Accepted,1.0,256.0,743,
s557034166,p02781,u716566635,1581281416,C++,C++14 (GCC 5.4.1),cpp,Accepted,59.0,256.0,1893,
s307816523,p02781,u614550445,1581281401,C++,C++14 (GCC 5.4.1),cpp,Accepted,1.0,256.0,1904,
s646790829,p02781,u472880603,1581281385,C++,C++14 (GCC 5.4.1),cpp,Accepted,8.0,256.0,2896,
s956452945,p02781,u628544249,1581281384,C++,C++14 (GCC 5.4.1),cpp,Accepted,1.0,256.0,664,
s567686022,p02781,u347057617,1581281378,C++,C++14 (GCC 5.4.1),cpp,Accepted,1.0,256.0,1652,
s236417308,p02781,u475221259,1581281378,C++,C++14 (GCC 5.4.1),cpp,Accepted,1.0,128.0,1937,
s157276088,p02781,u759779286,1581281374,C++,C++14 (GCC 5.4.1),cpp,Accepted,1.0,256.0,1517,
s287566083,p02781,u817142576,1581281372,C++,C++14 (GCC 5.4.1),cpp,Accepted,3.0,512.0,1307,
s308628741,p02781,u556276145,1581281369,C++,C++14 (GCC 5.4.1),cpp,Accepted,1.0,256.0,1839,
s101320025,p02781,u805338620,1581281356,C++,C++14 (GCC 5.4.1),cpp,Accepted,1.0,384.0,955,
s493410398,p02781,u817466769,1581281353,C++,C++14 (GCC 5.4.1),cpp,Accepted,627.0,384.0,1242,
s826688865,p02781,u764076797,1581281349,C++,C++14 (GCC 5.4.1),cpp,Accepted,2.0,256.0,2786,
s136335583,p02781,u242679311,1581281326,C++,C++14 (GCC 5.4.1),cpp,Accepted,1.0,256.0,1930,
s615169030,p02781,u291434263,1581281319,C++,C++14 (GCC 5.4.1),cpp,Accepted,1.0,256.0,1092,
s047974874,p02781,u198590292,1581281318,C++,C++14 (GCC 5.4.1),cpp,Accepted,1.0,256.0,4777,
s172871126,p02781,u586567203,1581281317,C++,C++14 (GCC 5.4.1),cpp,Accepted,1.0,256.0,1573,
s108133552,p02781,u256247307,1581281310,C++,C++14 (GCC 5.4.1),cpp,Accepted,1.0,256.0,2988,
s716792462,p02781,u462405902,1581281309,C++,C++14 (GCC 5.4.1),cpp,Accepted,14.0,256.0,2564,
s866175870,p02781,u215268883,1581281309,C++,C++14 (GCC 5.4.1),cpp,Accepted,3.0,512.0,911,
s630633276,p02781,u316464887,1581281306,Python,PyPy3 (2.4.0),py,Accepted,164.0,38384.0,1019,
s346378455,p02781,u425351967,1581281305,C++,C++14 (Clang 3.8.0),cpp,Accepted,6.0,888.0,1462,
s343894437,p02781,u256868077,1581281284,Python,Python (3.4.3),py,Accepted,17.0,3064.0,335,
s864097115,p02781,u341406884,1581281278,C++,C++14 (GCC 5.4.1),cpp,Accepted,1.0,256.0,1061,
s083173374,p02781,u222293734,1581281271,C++,C++14 (GCC 5.4.1),cpp,Accepted,1.0,256.0,2661,
s122239885,p02781,u531436689,1581281266,Python,PyPy3 (2.4.0),py,Accepted,429.0,81900.0,1458,
s215540769,p02781,u493750228,1581281261,C++,C++14 (GCC 5.4.1),cpp,Accepted,1.0,256.0,1355,
s480735662,p02781,u877470159,1581281235,Python,PyPy3 (2.4.0),py,Accepted,181.0,39920.0,630,
s836068954,p02781,u695811449,1581281231,Python,Python (3.4.3),py,Accepted,37.0,4836.0,572,
s724999615,p02781,u465233477,1581281211,C++,C++14 (GCC 5.4.1),cpp,Accepted,1.0,256.0,2184,
s927700431,p02781,u462437857,1581281210,C++,C++14 (GCC 5.4.1),cpp,Accepted,1.0,256.0,1203,
s517177212,p02781,u803893892,1581281209,C++,C++14 (GCC 5.4.1),cpp,Accepted,1.0,256.0,3640,
s805216279,p02781,u179970156,1581281206,C++,C++14 (GCC 5.4.1),cpp,Accepted,1.0,256.0,1706,
s356112904,p02781,u511965386,1581281201,Python,PyPy3 (2.4.0),py,Accepted,178.0,38384.0,668,
s169400963,p02781,u316430519,1581281200,Python,Python (3.4.3),py,Accepted,18.0,3064.0,901,
s645691390,p02781,u537874719,1581281194,C++,C++14 (GCC 5.4.1),cpp,Accepted,2.0,256.0,3278,
s740524828,p02781,u936985471,1581281193,Python,PyPy3 (2.4.0),py,Accepted,172.0,38384.0,2075,
s442685043,p02781,u562935282,1581281178,Python,PyPy3 (2.4.0),py,Accepted,176.0,38256.0,969,
s566395410,p02781,u697658632,1581281178,C++,C++14 (GCC 5.4.1),cpp,Accepted,1.0,256.0,922,
s646444165,p02781,u835297884,1581281165,C++,C++14 (GCC 5.4.1),cpp,Accepted,1.0,256.0,1001,
s539253990,p02781,u393754572,1581281155,C++,C++14 (GCC 5.4.1),cpp,Accepted,1.0,256.0,1245,
s153803088,p02781,u749085267,1581281146,C++,C++14 (GCC 5.4.1),cpp,Accepted,1.0,256.0,1575,
s622551022,p02781,u134519179,1581281139,C++,C++14 (GCC 5.4.1),cpp,Accepted,1.0,256.0,1231,
s520506671,p02781,u208059640,1581281139,C++,C++14 (GCC 5.4.1),cpp,Accepted,1.0,256.0,1391,
s310128576,p02781,u093219895,1581281135,C++,C++14 (GCC 5.4.1),cpp,Accepted,803.0,256.0,9348,
s936386685,p02781,u761857749,1581281132,C++,C++14 (GCC 5.4.1),cpp,Accepted,1.0,256.0,1178,
s790271510,p02781,u018872912,1581281126,C++,C++14 (GCC 5.4.1),cpp,Accepted,1.0,256.0,1276,
s094721271,p02781,u340980616,1581281117,C++,C++14 (GCC 5.4.1),cpp,Accepted,3.0,512.0,3224,
s992426969,p02781,u923279197,1581281110,Python,PyPy3 (2.4.0),py,Accepted,171.0,38384.0,715,
s972033225,p02781,u997368585,1581281110,C++,C++14 (GCC 5.4.1),cpp,Accepted,1998.0,256.0,3435,
s704618631,p02781,u294050910,1581281109,C++,C++14 (GCC 5.4.1),cpp,Accepted,1.0,256.0,3908,
s035994914,p02781,u261683021,1581281102,C++,C++14 (GCC 5.4.1),cpp,Accepted,1.0,256.0,1484,
s519016163,p02781,u843175622,1581281101,C++,C++14 (GCC 5.4.1),cpp,Accepted,1.0,256.0,589,
s337191531,p02781,u283869437,1581281099,C++,C++14 (GCC 5.4.1),cpp,Accepted,1.0,256.0,12450,
s987548420,p02781,u546925116,1581281089,C++,C++14 (GCC 5.4.1),cpp,Accepted,1.0,128.0,827,
s259424392,p02781,u856232850,1581281079,C++,C++14 (GCC 5.4.1),cpp,Accepted,1.0,256.0,1876,
s800479168,p02781,u586336940,1581281077,C++,C++14 (GCC 5.4.1),cpp,Accepted,159.0,256.0,1626,
s687699980,p02781,u476604182,1581281072,Python,PyPy3 (2.4.0),py,Accepted,1208.0,44016.0,1289,
s587407252,p02781,u052499405,1581281068,Python,Python (3.4.3),py,Accepted,18.0,3188.0,1295,
s816431007,p02781,u755121033,1581281064,C++,C++14 (GCC 5.4.1),cpp,Accepted,23.0,256.0,567,
s230698342,p02781,u212904724,1581281061,C++,C++14 (GCC 5.4.1),cpp,Accepted,1.0,256.0,1989,
s467413591,p02781,u759721333,1581281056,C++,C++14 (GCC 5.4.1),cpp,Accepted,1.0,256.0,1491,
s663128467,p02781,u802234509,1581281054,Python,PyPy3 (2.4.0),py,Accepted,170.0,38400.0,488,
s224374756,p02781,u986399983,1581281053,C++,C++14 (GCC 5.4.1),cpp,Accepted,1.0,256.0,1789,
s225499915,p02781,u502709453,1581281052,C++,C++14 (GCC 5.4.1),cpp,Accepted,997.0,256.0,6765,
s798690976,p02781,u239239546,1581281051,C++,C++14 (GCC 5.4.1),cpp,Accepted,1.0,256.0,2023,
s848357576,p02781,u715750943,1581281046,C++,C++14 (GCC 5.4.1),cpp,Accepted,1.0,256.0,4286,
s536038158,p02781,u073836689,1581281038,C++,C++14 (GCC 5.4.1),cpp,Accepted,18.0,63104.0,710,
s319161808,p02781,u357265888,1581281034,C++,C++14 (GCC 5.4.1),cpp,Accepted,1.0,256.0,2080,
s161155130,p02781,u842263845,1581281029,C++,C++14 (GCC 5.4.1),cpp,Accepted,33.0,3328.0,1774,
s975795391,p02781,u463243362,1581281022,C++,C++14 (GCC 5.4.1),cpp,Accepted,1.0,256.0,861,
s113812038,p02781,u878615689,1581281018,C++,C++14 (GCC 5.4.1),cpp,Accepted,1.0,256.0,2377,
s287147689,p02781,u024809932,1581281018,C++,C++14 (GCC 5.4.1),cpp,Accepted,1.0,256.0,720,
s485640374,p02781,u345794450,1581281016,C++,C++14 (GCC 5.4.1),cpp,Accepted,1.0,256.0,1263,
s914414366,p02781,u623036523,1581281015,C++,C++14 (GCC 5.4.1),cpp,Accepted,1.0,256.0,689,
s517697222,p02781,u246275061,1581281014,C++,C++14 (GCC 5.4.1),cpp,Accepted,1.0,256.0,1550,
s341189258,p02781,u624171666,1581281011,C++,C++14 (GCC 5.4.1),cpp,Accepted,8.0,764.0,2295,
s534339184,p02781,u046768272,1581281010,C++,C++14 (GCC 5.4.1),cpp,Accepted,1.0,256.0,723,
s380968381,p02781,u259210975,1581281008,C++,C++14 (GCC 5.4.1),cpp,Accepted,3.0,512.0,663,
s071411072,p02781,u853132965,1581281005,C++,C++14 (GCC 5.4.1),cpp,Accepted,1.0,256.0,1439,
s506896187,p02781,u158826456,1581281004,C++,C++14 (GCC 5.4.1),cpp,Accepted,5.0,384.0,945,
s536067024,p02781,u407892169,1581281004,C++,C++14 (GCC 5.4.1),cpp,Accepted,1.0,256.0,723,
s984938875,p02781,u108540384,1581281003,C++,C++14 (GCC 5.4.1),cpp,Accepted,1.0,256.0,889,
s584149106,p02781,u167988719,1581281000,C++,C++14 (GCC 5.4.1),cpp,Accepted,1.0,256.0,628,
s319133029,p02781,u128456980,1581280995,C++,C++14 (GCC 5.4.1),cpp,Accepted,1.0,256.0,1513,
s296560757,p02781,u268793453,1581280989,C++,C++14 (GCC 5.4.1),cpp,Accepted,1.0,256.0,771,
s098092152,p02781,u915820887,1581280986,C++,C++14 (GCC 5.4.1),cpp,Accepted,2.0,256.0,1005,
s716679515,p02781,u334351654,1581280985,C++,C++14 (GCC 5.4.1),cpp,Accepted,5.0,2688.0,2988,
s191673727,p02781,u047554023,1581280981,C++,C++14 (GCC 5.4.1),cpp,Accepted,1.0,256.0,965,
s305356443,p02781,u366541443,1581280976,Python,PyPy3 (2.4.0),py,Accepted,313.0,64620.0,1807,
s003731335,p02781,u726669165,1581280973,C++,C++14 (GCC 5.4.1),cpp,Accepted,1.0,256.0,1636,
s156226836,p02781,u203033720,1581280971,C++,C++14 (GCC 5.4.1),cpp,Accepted,1.0,256.0,1027,
s053044521,p02781,u030685402,1581280971,C++,C++14 (GCC 5.4.1),cpp,Accepted,2.0,896.0,2675,
s843815532,p02781,u792559418,1581280969,C++,C++14 (GCC 5.4.1),cpp,Accepted,1.0,256.0,2075,
s441603312,p02781,u231685196,1581280968,Python,Python (3.4.3),py,Accepted,36.0,4340.0,774,
s512585782,p02781,u751550626,1581280961,C++,C++14 (GCC 5.4.1),cpp,Accepted,1.0,256.0,1369,
s410941187,p02781,u022832318,1581280947,C++,C++14 (GCC 5.4.1),cpp,Accepted,1.0,256.0,1276,
s583529796,p02781,u683134447,1581280947,Python,Python (3.4.3),py,Accepted,73.0,3444.0,1172,
s614058103,p02781,u513000862,1581280939,C++,C++14 (GCC 5.4.1),cpp,Accepted,1.0,256.0,916,
s349554101,p02781,u839397805,1581280935,C++,C++14 (GCC 5.4.1),cpp,Accepted,1.0,256.0,3751,
s895577671,p02781,u047816928,1581280923,Python,Python (3.4.3),py,Accepted,162.0,12424.0,834,
s185310498,p02781,u332906195,1581280906,Python,PyPy3 (2.4.0),py,Accepted,1499.0,49592.0,1006,
s101811789,p02781,u834771741,1581280903,C++,C++14 (GCC 5.4.1),cpp,Accepted,2.0,896.0,1269,
s150334696,p02781,u440312135,1581280903,C++,C++14 (GCC 5.4.1),cpp,Accepted,1.0,256.0,1609,
s101236421,p02781,u509167006,1581280902,C++,C++14 (GCC 5.4.1),cpp,Accepted,2.0,256.0,1673,
s394978788,p02781,u434282696,1581280898,C++,C++14 (GCC 5.4.1),cpp,Accepted,1.0,256.0,1262,
s801232092,p02781,u754022296,1581280896,Python,PyPy3 (2.4.0),py,Accepted,166.0,38256.0,633,
s083544961,p02781,u135208615,1581280896,C++,C++14 (GCC 5.4.1),cpp,Accepted,1.0,256.0,978,
s631139196,p02781,u077924365,1581280895,C++,C++14 (GCC 5.4.1),cpp,Accepted,1.0,384.0,1583,
s080943470,p02781,u404075706,1581280895,C++,C++14 (GCC 5.4.1),cpp,Accepted,2.0,512.0,2400,
s406042144,p02781,u915913072,1581280889,C++,C++14 (GCC 5.4.1),cpp,Accepted,2.0,640.0,782,
s270947699,p02781,u338990986,1581280888,C++,C++14 (GCC 5.4.1),cpp,Accepted,1.0,256.0,1552,
s053443139,p02781,u335667012,1581280885,C++,C++14 (GCC 5.4.1),cpp,Accepted,6.0,16128.0,1461,
s319882717,p02781,u781095600,1581280875,C++,C++14 (GCC 5.4.1),cpp,Accepted,1.0,256.0,577,
s482462428,p02781,u424374375,1581280870,C++,C++14 (GCC 5.4.1),cpp,Accepted,1.0,256.0,1135,
s843947938,p02781,u905715926,1581280865,C++,C++14 (GCC 5.4.1),cpp,Accepted,1.0,256.0,1251,
s005440810,p02781,u535773602,1581280858,C++,C++14 (GCC 5.4.1),cpp,Accepted,1.0,256.0,1162,
s310588065,p02781,u551351897,1581280849,C++,C++14 (GCC 5.4.1),cpp,Accepted,2.0,384.0,1809,
s311796682,p02781,u759162415,1581280845,C++,C++14 (GCC 5.4.1),cpp,Accepted,1.0,256.0,2335,
s644107226,p02781,u962714577,1581280843,C++,C++14 (GCC 5.4.1),cpp,Accepted,1.0,384.0,2645,
s060950837,p02781,u679906187,1581280842,C++,C++14 (GCC 5.4.1),cpp,Accepted,1.0,256.0,1245,
s230714212,p02781,u018357824,1581280839,C++,C++14 (GCC 5.4.1),cpp,Accepted,2.0,256.0,21021,
s253807228,p02781,u811472478,1581280838,C++,C++14 (GCC 5.4.1),cpp,Accepted,1.0,256.0,1462,
s034583352,p02781,u896838289,1581280832,C++,C++14 (GCC 5.4.1),cpp,Accepted,1.0,256.0,4557,
s522659850,p02781,u535425458,1581280822,C++,C++14 (GCC 5.4.1),cpp,Accepted,1.0,256.0,772,
s895646833,p02781,u921168761,1581280821,C++,C++14 (GCC 5.4.1),cpp,Accepted,1.0,256.0,2615,
s544541697,p02781,u813174766,1581280809,C++,C++14 (GCC 5.4.1),cpp,Accepted,20.0,12160.0,1509,
s046723549,p02781,u949755084,1581280808,C++,C++14 (GCC 5.4.1),cpp,Accepted,1.0,256.0,1381,
s777511032,p02781,u824327013,1581280805,C++,C++14 (GCC 5.4.1),cpp,Accepted,1.0,384.0,1969,
s873936928,p02781,u633020228,1581280805,C++,C++14 (GCC 5.4.1),cpp,Accepted,1.0,256.0,1321,
s125104126,p02781,u268571052,1581280799,C++,C++14 (GCC 5.4.1),cpp,Accepted,2.0,256.0,1569,
s642783720,p02781,u106297876,1581280793,C++,C++14 (GCC 5.4.1),cpp,Accepted,1.0,384.0,1091,
s850785567,p02781,u394853232,1581280792,C++,C++14 (GCC 5.4.1),cpp,Accepted,1.0,256.0,7770,
s542063502,p02781,u457565123,1581280789,C++,C++14 (GCC 5.4.1),cpp,Accepted,8.0,768.0,2475,
s041654950,p02781,u516353059,1581280785,C++,C++14 (GCC 5.4.1),cpp,Accepted,1.0,256.0,1761,
s682424874,p02781,u426108351,1581280777,Python,PyPy3 (2.4.0),py,Accepted,166.0,38384.0,871,
s102918576,p02781,u898651494,1581280776,C++,C++14 (GCC 5.4.1),cpp,Accepted,1.0,256.0,2905,
s417514520,p02781,u201234972,1581280767,Python,Python (3.4.3),py,Accepted,18.0,3064.0,820,
s264814675,p02781,u016531517,1581280765,C++,C++14 (GCC 5.4.1),cpp,Accepted,1.0,256.0,1382,
s166786390,p02781,u041163234,1581280765,Python,Python (3.4.3),py,Accepted,51.0,5108.0,1666,
s278323577,p02781,u868281230,1581280762,C++,C++14 (GCC 5.4.1),cpp,Accepted,1.0,384.0,1593,
s948926350,p02781,u840813237,1581280761,C++,C++14 (GCC 5.4.1),cpp,Accepted,5.0,256.0,3849,
s622097655,p02781,u677475623,1581280757,C++,C++14 (GCC 5.4.1),cpp,Accepted,1.0,256.0,646,
s742037676,p02781,u747390421,1581280753,C++,C++14 (GCC 5.4.1),cpp,Accepted,2.0,384.0,785,
s321785254,p02781,u903396129,1581280743,C++,C++14 (GCC 5.4.1),cpp,Accepted,1.0,640.0,2334,
s605954107,p02781,u941287913,1581280739,Python,Python (3.4.3),py,Accepted,52.0,5108.0,1666,
s385125381,p02781,u152424169,1581280736,C++,C++14 (GCC 5.4.1),cpp,Accepted,1.0,256.0,986,
s407783489,p02781,u205367115,1581280733,C++,C++14 (Clang 3.8.0),cpp,Accepted,1.0,256.0,1664,
s152543077,p02781,u202065611,1581280716,C++,C++14 (GCC 5.4.1),cpp,Accepted,1.0,640.0,2557,
s187571823,p02781,u184335045,1581280709,C++,C++14 (GCC 5.4.1),cpp,Accepted,1.0,256.0,1048,
s630953126,p02781,u091970605,1581280708,C++,C++14 (GCC 5.4.1),cpp,Accepted,1.0,256.0,1045,
s429209208,p02781,u922449550,1581280706,Python,Python (3.4.3),py,Accepted,17.0,3064.0,730,
s794946111,p02781,u541784678,1581280706,C++,C++14 (GCC 5.4.1),cpp,Accepted,1.0,256.0,1800,
s960275802,p02781,u809458301,1581280700,Python,Python (3.4.3),py,Accepted,52.0,5236.0,843,
s044946571,p02781,u918753189,1581280698,C++,C++14 (GCC 5.4.1),cpp,Accepted,1.0,256.0,1284,
s306188695,p02781,u628047647,1581280692,C++,C++14 (GCC 5.4.1),cpp,Accepted,1.0,256.0,1845,
s746595584,p02781,u976833038,1581280691,C++,C++14 (GCC 5.4.1),cpp,Accepted,6.0,256.0,1867,
s867720558,p02781,u681557252,1581280691,C++,C++ (GCC 5.4.1),cpp,Accepted,1.0,256.0,1020,
s449676089,p02781,u073852194,1581280690,Python,Python (3.4.3),py,Accepted,17.0,3064.0,589,
s986115266,p02781,u995792346,1581280685,C++,C++14 (GCC 5.4.1),cpp,Accepted,1.0,256.0,1300,
s910377780,p02781,u232486570,1581280680,C++,C++14 (GCC 5.4.1),cpp,Accepted,1.0,256.0,1220,
s813829018,p02781,u620059302,1581280679,C++,C++14 (GCC 5.4.1),cpp,Accepted,1.0,256.0,1060,
s718366131,p02781,u962991843,1581280679,C++,C++14 (GCC 5.4.1),cpp,Accepted,1.0,256.0,2417,
s681393480,p02781,u017167684,1581280676,C++,C++14 (GCC 5.4.1),cpp,Accepted,1.0,256.0,1171,
s791568017,p02781,u906536200,1581280675,C++,C++14 (GCC 5.4.1),cpp,Accepted,1.0,384.0,848,
s361380075,p02781,u858789158,1581280675,C++,C++14 (GCC 5.4.1),cpp,Accepted,1.0,256.0,840,
s601461577,p02781,u610488689,1581280671,Python,Python (3.4.3),py,Accepted,51.0,5108.0,843,
s499349086,p02781,u025592199,1581280669,C++,C++14 (GCC 5.4.1),cpp,Accepted,1.0,256.0,3027,
s102135122,p02781,u031178961,1581280667,C++,C++14 (GCC 5.4.1),cpp,Accepted,2.0,384.0,756,
s102452698,p02781,u942033906,1581280658,Python,Python (3.4.3),py,Accepted,17.0,3064.0,440,
s414268846,p02781,u106964380,1581280657,C++,C++14 (GCC 5.4.1),cpp,Accepted,1.0,256.0,5459,
s832024981,p02781,u840912776,1581280655,C++,C++14 (GCC 5.4.1),cpp,Accepted,1.0,384.0,1589,
s756166600,p02781,u670919462,1581280654,C++,C++14 (GCC 5.4.1),cpp,Accepted,1.0,256.0,1153,
s498341944,p02781,u698883164,1581280652,C++,C++14 (GCC 5.4.1),cpp,Accepted,1.0,256.0,3693,
s411159463,p02781,u923105140,1581280648,C++,C++14 (GCC 5.4.1),cpp,Accepted,1.0,256.0,646,
s369047369,p02781,u151285327,1581280639,Python,Python (3.4.3),py,Accepted,50.0,4084.0,1893,
s951633679,p02781,u176645218,1581280637,Python,PyPy3 (2.4.0),py,Accepted,174.0,38256.0,747,
s908533950,p02781,u783674761,1581280618,C++,C++14 (GCC 5.4.1),cpp,Accepted,1.0,384.0,2056,
s284633785,p02781,u564182781,1581280616,C++,C++14 (GCC 5.4.1),cpp,Accepted,1.0,256.0,2213,
s297089435,p02781,u611895082,1581280611,C++,C++14 (GCC 5.4.1),cpp,Accepted,1.0,256.0,1699,
s077159142,p02781,u642874916,1581280608,Python,PyPy3 (2.4.0),py,Accepted,224.0,40428.0,1786,
s876594277,p02781,u593540285,1581280602,C++,C++14 (GCC 5.4.1),cpp,Accepted,1.0,256.0,1886,
s619575527,p02781,u729337236,1581280599,C++,C++14 (GCC 5.4.1),cpp,Accepted,2.0,256.0,22963,
s527190995,p02781,u918625790,1581280595,C++,C++14 (GCC 5.4.1),cpp,Accepted,1.0,256.0,646,
s096160503,p02781,u822169805,1581280594,C++,C++14 (GCC 5.4.1),cpp,Accepted,1.0,256.0,1368,
s281827291,p02781,u620868411,1581280593,Python,Python (3.4.3),py,Accepted,22.0,3064.0,520,
s734114918,p02781,u085110627,1581280591,C++,C++14 (GCC 5.4.1),cpp,Accepted,1.0,256.0,1072,
s029540255,p02781,u305757380,1581280586,C++,C++14 (GCC 5.4.1),cpp,Accepted,1.0,256.0,1006,
s181828181,p02781,u070600790,1581280583,C++,C++14 (GCC 5.4.1),cpp,Accepted,1.0,256.0,2371,
s921892835,p02781,u588341295,1581280580,Python,PyPy3 (2.4.0),py,Accepted,241.0,47344.0,1283,
s395396070,p02781,u503549962,1581280575,C++,C++14 (GCC 5.4.1),cpp,Accepted,1712.0,256.0,518,
s840307880,p02781,u775013393,1581280566,C++,C++14 (GCC 5.4.1),cpp,Accepted,1454.0,256.0,2828,
s399739197,p02781,u951672936,1581280563,C++,C++14 (GCC 5.4.1),cpp,Accepted,1.0,256.0,3802,
s656098558,p02781,u051493691,1581280561,C++,C++14 (GCC 5.4.1),cpp,Accepted,1.0,256.0,11432,
s649588774,p02781,u997521090,1581280559,Python,PyPy2 (5.6.0),py,Accepted,95.0,34664.0,664,
s453205116,p02781,u372983910,1581280557,C++,C++14 (GCC 5.4.1),cpp,Accepted,1.0,256.0,761,
s232083595,p02781,u368780724,1581280557,Python,PyPy3 (2.4.0),py,Accepted,184.0,38384.0,526,
s581686729,p02781,u902500155,1581280557,C++,C++14 (GCC 5.4.1),cpp,Accepted,1285.0,384.0,2354,
s585097216,p02781,u834777932,1581280554,C++,C++14 (GCC 5.4.1),cpp,Accepted,768.0,256.0,8929,
s821279653,p02781,u724687935,1581280554,Python,PyPy3 (2.4.0),py,Accepted,220.0,41840.0,417,
s047993194,p02781,u339937125,1581280542,C++,C++14 (GCC 5.4.1),cpp,Accepted,1.0,256.0,1327,
s892641976,p02781,u755830696,1581280539,C++,C++14 (GCC 5.4.1),cpp,Accepted,1.0,256.0,805,
s067300337,p02781,u076506345,1581280534,C++,C++14 (GCC 5.4.1),cpp,Accepted,1.0,256.0,1243,
s155950470,p02781,u736861509,1581280533,C++,C++14 (GCC 5.4.1),cpp,Accepted,1.0,256.0,6156,
s548036493,p02781,u353797797,1581280525,Python,Python (3.4.3),py,Accepted,18.0,3064.0,1232,
s305484765,p02781,u605284854,1581280524,C++,C++14 (GCC 5.4.1),cpp,Accepted,1.0,256.0,788,
s678092448,p02781,u892251744,1581280523,Python,PyPy3 (2.4.0),py,Accepted,179.0,38384.0,809,
s895108181,p02781,u073057072,1581280519,C++,C++14 (GCC 5.4.1),cpp,Accepted,1.0,256.0,1269,
s884470969,p02781,u231541008,1581280517,C++,C++14 (GCC 5.4.1),cpp,Accepted,2.0,384.0,659,
s707567681,p02781,u933735545,1581280510,Python,PyPy3 (2.4.0),py,Accepted,215.0,49372.0,1645,
s297841736,p02781,u110996038,1581280503,C++,C++14 (GCC 5.4.1),cpp,Accepted,1.0,384.0,792,
s487747647,p02781,u646339490,1581280500,C++,C++14 (GCC 5.4.1),cpp,Accepted,1.0,256.0,1048,
s850093670,p02781,u751468134,1581280495,C++,C++14 (GCC 5.4.1),cpp,Accepted,1.0,256.0,2656,
s705692357,p02781,u821608744,1581280480,C++,C++14 (GCC 5.4.1),cpp,Accepted,1.0,256.0,896,
s904016809,p02781,u588093355,1581280480,C++,C++14 (GCC 5.4.1),cpp,Accepted,1.0,256.0,1170,
s960448776,p02781,u045811375,1581280479,C++,C++14 (GCC 5.4.1),cpp,Accepted,1.0,256.0,677,
s034219327,p02781,u468700753,1581280470,C++,C++14 (GCC 5.4.1),cpp,Accepted,1.0,256.0,1195,
s685626864,p02781,u756388720,1581280468,C++,C++14 (GCC 5.4.1),cpp,Accepted,1.0,256.0,697,
s646910963,p02781,u828388155,1581280467,C++,C++14 (GCC 5.4.1),cpp,Accepted,2.0,384.0,1712,
s748686824,p02781,u270681687,1581280466,Python,PyPy3 (2.4.0),py,Accepted,189.0,40688.0,1104,
s034102645,p02781,u879099684,1581280464,C++,C++14 (GCC 5.4.1),cpp,Accepted,1.0,256.0,753,
s149470604,p02781,u836644468,1581280463,C++,C++14 (GCC 5.4.1),cpp,Accepted,1.0,640.0,1985,
s466041430,p02781,u792078574,1581280457,Python,Python (3.4.3),py,Accepted,21.0,3316.0,1156,
s391873382,p02781,u578938637,1581280456,C++,C++14 (Clang 3.8.0),cpp,Accepted,1.0,256.0,1903,
s458773777,p02781,u969675036,1581280452,C++,C++14 (GCC 5.4.1),cpp,Accepted,1.0,256.0,929,
s693928759,p02781,u833221092,1581280450,C++,C++14 (GCC 5.4.1),cpp,Accepted,1.0,256.0,944,
s219416973,p02781,u224756887,1581280449,C++,C++14 (GCC 5.4.1),cpp,Accepted,2.0,2304.0,11843,
s838436687,p02781,u118797367,1581280444,C++,C++14 (GCC 5.4.1),cpp,Accepted,1.0,256.0,822,
s143994865,p02781,u543167400,1581280441,C++,C++14 (GCC 5.4.1),cpp,Accepted,1.0,256.0,3353,
s710858015,p02781,u443010331,1581280434,C++,C++14 (GCC 5.4.1),cpp,Accepted,1.0,384.0,2380,
s329958455,p02781,u116002573,1581280431,Python,PyPy3 (2.4.0),py,Accepted,283.0,41452.0,1053,
s460980792,p02781,u540664396,1581280430,C++,C++14 (GCC 5.4.1),cpp,Accepted,1.0,256.0,1696,
s765345832,p02781,u882821419,1581280429,C++,C++14 (GCC 5.4.1),cpp,Accepted,1.0,256.0,1878,
s637651586,p02781,u157085392,1581280428,C++,C++14 (GCC 5.4.1),cpp,Accepted,1.0,256.0,6512,
s953012643,p02781,u215115622,1581280427,Python,PyPy3 (2.4.0),py,Accepted,274.0,54364.0,1637,
s039481835,p02781,u988882661,1581280426,C++,C++14 (GCC 5.4.1),cpp,Accepted,1.0,256.0,1822,
s016244425,p02781,u833393891,1581280422,C++,C++14 (GCC 5.4.1),cpp,Accepted,1.0,256.0,1417,
s212123191,p02781,u925096764,1581280416,C++,C++14 (GCC 5.4.1),cpp,Accepted,1.0,256.0,860,
s512357175,p02781,u925940521,1581280409,C++,C++14 (GCC 5.4.1),cpp,Accepted,1.0,256.0,10751,
s885986677,p02781,u148425972,1581280401,C++,C++14 (GCC 5.4.1),cpp,Accepted,1.0,256.0,2755,
s240907422,p02781,u980932400,1581280400,C++,C++14 (GCC 5.4.1),cpp,Accepted,1.0,256.0,2782,
s503295574,p02781,u377566715,1581280400,C++,C++14 (GCC 5.4.1),cpp,Accepted,1.0,256.0,1787,
s981902337,p02781,u449722246,1581280395,C++,C++14 (GCC 5.4.1),cpp,Accepted,1.0,256.0,1086,
s824152392,p02781,u912359563,1581280391,C++,C++14 (GCC 5.4.1),cpp,Accepted,3.0,384.0,1736,
s585779957,p02781,u751537640,1581280391,C++,C++14 (GCC 5.4.1),cpp,Accepted,42.0,512.0,1565,
s618421082,p02781,u227082700,1581280376,Python,Python (3.4.3),py,Accepted,18.0,3064.0,607,
s526786033,p02781,u327466606,1581280357,Python,Python (3.4.3),py,Accepted,26.0,3700.0,451,
s931875675,p02781,u823112986,1581280357,C++,C++14 (GCC 5.4.1),cpp,Accepted,1.0,256.0,654,
s515752648,p02781,u717322584,1581280350,C++,C++14 (GCC 5.4.1),cpp,Accepted,1.0,384.0,683,
s757558495,p02781,u238186830,1581280337,C++,C++14 (GCC 5.4.1),cpp,Accepted,1.0,640.0,2334,
s718659195,p02781,u277153875,1581280337,C++,C++14 (GCC 5.4.1),cpp,Accepted,1.0,256.0,2039,
s544907241,p02781,u652057333,1581280334,Python,PyPy3 (2.4.0),py,Accepted,199.0,41072.0,663,
s729105826,p02781,u023397458,1581280332,C++,C++14 (GCC 5.4.1),cpp,Accepted,81.0,384.0,930,
s639525392,p02781,u456065785,1581280332,C++,C++14 (GCC 5.4.1),cpp,Accepted,1.0,256.0,1229,
s787533711,p02781,u639719643,1581280332,C++,C++14 (GCC 5.4.1),cpp,Accepted,1.0,256.0,1627,
s059694617,p02781,u892222895,1581280331,C++,C++14 (GCC 5.4.1),cpp,Accepted,2.0,384.0,1092,
s764534330,p02781,u844789719,1581280329,Python,Python (3.4.3),py,Accepted,27.0,4340.0,595,
s884739419,p02781,u568652083,1581280320,C++,C++14 (GCC 5.4.1),cpp,Accepted,1.0,256.0,2140,
s607289195,p02781,u761815697,1581280315,C++,C++14 (GCC 5.4.1),cpp,Accepted,18.0,1792.0,2047,
s351816789,p02781,u905582793,1581280310,Python,Python (3.4.3),py,Accepted,19.0,3192.0,709,
s181234066,p02781,u746859460,1581280300,C++,C++14 (GCC 5.4.1),cpp,Accepted,1.0,256.0,733,
s318122551,p02781,u935796174,1581280299,C++,C++14 (GCC 5.4.1),cpp,Accepted,18.0,256.0,9575,
s057676024,p02781,u058252012,1581280299,C++,C++14 (GCC 5.4.1),cpp,Accepted,1.0,256.0,861,
s902265747,p02781,u114234520,1581280296,C++,C++14 (GCC 5.4.1),cpp,Accepted,1.0,256.0,1248,
s379424177,p02781,u336011173,1581280296,C++,C++14 (GCC 5.4.1),cpp,Accepted,1.0,256.0,1775,
s476858533,p02781,u021034020,1581280295,C++,C++14 (GCC 5.4.1),cpp,Accepted,3.0,256.0,8082,
s795894901,p02781,u000351359,1581280292,C++,C++14 (GCC 5.4.1),cpp,Accepted,8.0,512.0,2266,
s582224646,p02781,u214496164,1581280287,C++,C++14 (GCC 5.4.1),cpp,Accepted,1.0,256.0,1352,
s676315069,p02781,u419330815,1581280277,C++,C++14 (Clang 3.8.0),cpp,Accepted,1.0,256.0,1447,
s622604036,p02781,u906208439,1581280274,C++,C++14 (GCC 5.4.1),cpp,Accepted,1.0,256.0,1259,
s433666966,p02781,u215522871,1581280270,C++,C++14 (GCC 5.4.1),cpp,Accepted,1.0,256.0,744,
s640245279,p02781,u491379721,1581280265,C++,C++14 (GCC 5.4.1),cpp,Accepted,38.0,384.0,1577,
s018342188,p02781,u682686221,1581280261,C++,C++14 (GCC 5.4.1),cpp,Accepted,1.0,384.0,1657,
s912667373,p02781,u607486599,1581280260,C++,C++14 (GCC 5.4.1),cpp,Accepted,1.0,384.0,1589,
s722794112,p02781,u803754262,1581280247,C++,C++14 (GCC 5.4.1),cpp,Accepted,2.0,512.0,1755,
s920173666,p02781,u003873207,1581280244,C++,C++14 (Clang 3.8.0),cpp,Accepted,8.0,7800.0,2447,
s460613148,p02781,u828766688,1581280240,Python,PyPy3 (2.4.0),py,Accepted,167.0,38384.0,1128,
s110563417,p02781,u133129810,1581280230,C++,C++14 (GCC 5.4.1),cpp,Accepted,1.0,256.0,2479,
s512774563,p02781,u608258653,1581280228,C++,C++14 (GCC 5.4.1),cpp,Accepted,1.0,256.0,1038,
s013489318,p02781,u740916051,1581280226,C++,C++14 (GCC 5.4.1),cpp,Accepted,5.0,512.0,829,
s831005085,p02781,u129325320,1581280224,Python,PyPy2 (5.6.0),py,Accepted,99.0,34152.0,631,
s266969293,p02781,u977365687,1581280221,C++,C++14 (GCC 5.4.1),cpp,Accepted,54.0,256.0,1660,
s566437939,p02781,u580402951,1581280217,C++,C++14 (GCC 5.4.1),cpp,Accepted,1.0,256.0,909,
s948700508,p02781,u143509139,1581280213,Python,Python (3.4.3),py,Accepted,20.0,3192.0,691,
s513941248,p02781,u874644572,1581280210,C++,C++14 (GCC 5.4.1),cpp,Accepted,1.0,256.0,9037,
s006854616,p02781,u114659682,1581280209,C++,C++14 (GCC 5.4.1),cpp,Accepted,1.0,256.0,1497,
s413707442,p02781,u170201762,1581280209,Python,PyPy3 (2.4.0),py,Accepted,172.0,38384.0,550,
s812096048,p02781,u387595992,1581280208,C++,C++14 (GCC 5.4.1),cpp,Accepted,1.0,256.0,1876,
s992111170,p02781,u645369394,1581280208,C++,C++14 (GCC 5.4.1),cpp,Accepted,1.0,256.0,617,
s776259809,p02781,u056944756,1581280207,C++,C++14 (GCC 5.4.1),cpp,Accepted,1.0,256.0,963,
s714650946,p02781,u980655160,1581280196,C++,C++14 (GCC 5.4.1),cpp,Accepted,1.0,256.0,1554,
s573132525,p02781,u844133200,1581280194,C++,C++14 (GCC 5.4.1),cpp,Accepted,1.0,256.0,1736,
s608966983,p02781,u838867638,1581280194,C++,C++14 (GCC 5.4.1),cpp,Accepted,1.0,256.0,4882,
s507939144,p02781,u267022560,1581280192,C++,C++14 (GCC 5.4.1),cpp,Accepted,1.0,256.0,1105,
s581688481,p02781,u218843509,1581280188,Python,PyPy3 (2.4.0),py,Accepted,1124.0,42076.0,841,
s079339528,p02781,u642606455,1581280178,C++,C++14 (GCC 5.4.1),cpp,Accepted,1.0,256.0,640,
s580135247,p02781,u013408661,1581280177,C++,C++14 (GCC 5.4.1),cpp,Accepted,41.0,256.0,1375,
s387628002,p02781,u059727354,1581280174,C++,C++14 (GCC 5.4.1),cpp,Accepted,1.0,256.0,3242,
s613307397,p02781,u506255180,1581280165,C++,C++14 (GCC 5.4.1),cpp,Accepted,1.0,256.0,1211,
s077910728,p02781,u635094809,1581280161,C++,C++14 (GCC 5.4.1),cpp,Accepted,1.0,256.0,748,
s905819468,p02781,u862237347,1581280157,C++,C++14 (GCC 5.4.1),cpp,Accepted,1.0,256.0,698,
s146761225,p02781,u204421101,1581280150,C++,C++14 (GCC 5.4.1),cpp,Accepted,1.0,256.0,735,
s589912110,p02781,u259396003,1581280146,C++,C++14 (GCC 5.4.1),cpp,Accepted,1.0,256.0,815,
s009662420,p02781,u637289688,1581280140,C++,C++14 (GCC 5.4.1),cpp,Accepted,1.0,256.0,811,
s638264428,p02781,u541410431,1581280136,C++,C++14 (GCC 5.4.1),cpp,Accepted,1.0,256.0,1135,
s039618873,p02781,u374929478,1581280132,C++,C++14 (GCC 5.4.1),cpp,Accepted,1.0,384.0,1128,
s053357291,p02781,u848359007,1581280128,C++,C++14 (GCC 5.4.1),cpp,Accepted,2.0,384.0,508,
s326613812,p02781,u942530341,1581280126,C++,C++14 (GCC 5.4.1),cpp,Accepted,1.0,768.0,1111,
s702654162,p02781,u200215998,1581280117,C++,C++14 (GCC 5.4.1),cpp,Accepted,1.0,256.0,4060,
s740566182,p02781,u413057858,1581280111,C++,C++14 (GCC 5.4.1),cpp,Accepted,2.0,512.0,662,
s958045317,p02781,u937608388,1581280110,C++,C++14 (GCC 5.4.1),cpp,Accepted,1.0,256.0,663,
s680720522,p02781,u374099594,1581280110,Python,Python (2.7.6),py,Accepted,11.0,2696.0,477,
s062766171,p02781,u943070732,1581280101,C++,C++14 (GCC 5.4.1),cpp,Accepted,1.0,256.0,798,
s895426356,p02781,u492373312,1581280086,C++,C++14 (GCC 5.4.1),cpp,Accepted,1.0,256.0,2143,
s329898808,p02781,u996252264,1581280083,C++,C++14 (GCC 5.4.1),cpp,Accepted,1.0,256.0,1229,
s931083713,p02781,u842939260,1581280081,C++,C++14 (GCC 5.4.1),cpp,Accepted,1.0,256.0,1392,
s791796451,p02781,u697574658,1581280080,C++,C++14 (GCC 5.4.1),cpp,Accepted,1.0,256.0,2185,
s460582053,p02781,u595854059,1581280079,C++,C++14 (GCC 5.4.1),cpp,Accepted,5.0,3072.0,3364,
s336665090,p02781,u832039789,1581280076,C++,C++14 (GCC 5.4.1),cpp,Accepted,1.0,256.0,8356,
s765019337,p02781,u441296840,1581280075,C++,C++14 (GCC 5.4.1),cpp,Accepted,1.0,256.0,496,
s551230693,p02781,u031986221,1581280073,C++,C++14 (GCC 5.4.1),cpp,Accepted,1.0,256.0,774,
s192806722,p02781,u408130931,1581280067,C++,C++14 (GCC 5.4.1),cpp,Accepted,1.0,256.0,1196,
s240398118,p02781,u297367372,1581280062,C++,C++14 (GCC 5.4.1),cpp,Accepted,1.0,384.0,1164,
s242190988,p02781,u935316779,1581280052,C++,C++14 (GCC 5.4.1),cpp,Accepted,1.0,256.0,2833,
s490822811,p02781,u424110125,1581280049,C++,C++14 (GCC 5.4.1),cpp,Accepted,15.0,256.0,4250,
s846923885,p02781,u391731808,1581280045,Python,Python (3.4.3),py,Accepted,1036.0,3064.0,239,
s525429496,p02781,u521389909,1581280041,C++,C++14 (GCC 5.4.1),cpp,Accepted,2.0,384.0,932,
s751864663,p02781,u617136595,1581280040,C++,C++14 (GCC 5.4.1),cpp,Accepted,1.0,640.0,1117,
s678304243,p02781,u057488446,1581280029,C++,C++14 (GCC 5.4.1),cpp,Accepted,1.0,256.0,2396,
s035597346,p02781,u881541634,1581280027,C++,C++14 (Clang 3.8.0),cpp,Accepted,6.0,888.0,5503,
s109063629,p02781,u537905693,1581280025,C++,C++14 (GCC 5.4.1),cpp,Accepted,1.0,256.0,668,
s376421448,p02781,u379947938,1581280023,C++,C++14 (GCC 5.4.1),cpp,Accepted,1.0,256.0,11025,
s019651233,p02781,u928536113,1581280016,C++,C++14 (GCC 5.4.1),cpp,Accepted,1.0,384.0,988,
s742624817,p02781,u586598623,1581280005,C++,C++14 (GCC 5.4.1),cpp,Accepted,867.0,256.0,1448,
s868232357,p02781,u334624175,1581279994,C++,C++14 (Clang 3.8.0),cpp,Accepted,1.0,256.0,1248,
s232547807,p02781,u110383845,1581279990,C++,C++14 (GCC 5.4.1),cpp,Accepted,1.0,256.0,3729,
s052203821,p02781,u732412551,1581279981,Python,Python (3.4.3),py,Accepted,18.0,3064.0,574,
s333593042,p02781,u935586669,1581279979,C++,C++14 (Clang 3.8.0),cpp,Accepted,1.0,256.0,2814,
s315882999,p02781,u664394831,1581279970,C++,C++14 (GCC 5.4.1),cpp,Accepted,1.0,256.0,3092,
s580330085,p02781,u452343113,1581279967,C++,C++14 (GCC 5.4.1),cpp,Accepted,1.0,256.0,985,
s565001868,p02781,u653959743,1581279964,C++,C++14 (GCC 5.4.1),cpp,Accepted,2.0,384.0,3456,
s480505469,p02781,u666394517,1581279957,C++,C++14 (GCC 5.4.1),cpp,Accepted,2.0,256.0,1378,
s081204281,p02781,u598050616,1581279957,C++,C++14 (GCC 5.4.1),cpp,Accepted,1.0,256.0,500,
s762852130,p02781,u312025627,1581279956,Python,PyPy3 (2.4.0),py,Accepted,198.0,40944.0,573,
s387203090,p02781,u970690920,1581279953,C++,C++14 (GCC 5.4.1),cpp,Accepted,1.0,256.0,690,
s908747595,p02781,u290300767,1581279953,C++,C++14 (GCC 5.4.1),cpp,Accepted,1.0,256.0,6825,
s169730531,p02781,u747201517,1581279944,C++,C++14 (GCC 5.4.1),cpp,Accepted,8.0,512.0,5941,
s590549371,p02781,u045939752,1581279939,C++,C++14 (GCC 5.4.1),cpp,Accepted,1.0,256.0,1757,
s138434376,p02781,u102461423,1581279937,Python,Python (3.4.3),py,Accepted,26.0,3940.0,665,
s373939230,p02781,u310678820,1581279935,Python,PyPy3 (2.4.0),py,Accepted,199.0,41200.0,786,
s888001728,p02781,u052435908,1581279932,C++,C++14 (GCC 5.4.1),cpp,Accepted,1.0,256.0,858,
s411576488,p02781,u357050210,1581279930,C++,C++14 (GCC 5.4.1),cpp,Accepted,8.0,384.0,1152,
s910837401,p02781,u258032299,1581279912,C++,C++14 (GCC 5.4.1),cpp,Accepted,1.0,256.0,2375,
s452662560,p02781,u205663593,1581279910,C++,C++14 (GCC 5.4.1),cpp,Accepted,128.0,256.0,656,
s963461725,p02781,u027781635,1581279905,C++,C++14 (GCC 5.4.1),cpp,Accepted,1.0,128.0,970,
s847998072,p02781,u491550356,1581279900,C++,C++14 (GCC 5.4.1),cpp,Accepted,1.0,256.0,4982,
s635648204,p02781,u898167769,1581279893,C++,C++14 (GCC 5.4.1),cpp,Accepted,1.0,256.0,2727,
s035691987,p02781,u110464018,1581279886,C++,C++14 (GCC 5.4.1),cpp,Accepted,1.0,256.0,2351,
s179440784,p02781,u508571192,1581279883,C++,C++14 (GCC 5.4.1),cpp,Accepted,1.0,256.0,2367,
s841931257,p02781,u325227960,1581279883,Python,PyPy3 (2.4.0),py,Accepted,193.0,38384.0,1007,
s348521630,p02781,u105791541,1581279874,C++,C++14 (GCC 5.4.1),cpp,Accepted,1.0,256.0,1302,
s690592201,p02781,u838261804,1581279871,C++,C++14 (GCC 5.4.1),cpp,Accepted,2.0,512.0,1665,
s873798821,p02781,u317711717,1581279870,C++,C++14 (GCC 5.4.1),cpp,Accepted,1.0,256.0,2160,
s800947773,p02781,u615258936,1581279865,C++,C++14 (GCC 5.4.1),cpp,Accepted,1.0,256.0,871,
s910292996,p02781,u012004082,1581279864,C++,C++14 (GCC 5.4.1),cpp,Accepted,1.0,256.0,672,
s574159992,p02781,u951996472,1581279863,C++,C++14 (GCC 5.4.1),cpp,Accepted,1.0,128.0,483,
s585354633,p02781,u791552355,1581279860,C++,C++14 (GCC 5.4.1),cpp,Accepted,1.0,384.0,981,
s312177432,p02781,u310042769,1581279858,C++,C++14 (GCC 5.4.1),cpp,Accepted,1.0,384.0,1200,
s056376989,p02781,u587665681,1581279850,C++,C++14 (GCC 5.4.1),cpp,Accepted,1.0,256.0,842,
s242091648,p02781,u708258059,1581279849,C++,C++14 (GCC 5.4.1),cpp,Accepted,1.0,256.0,659,
s168487743,p02781,u382880969,1581279831,C++,C++14 (GCC 5.4.1),cpp,Accepted,1.0,256.0,1351,
s541470273,p02781,u287015418,1581279831,C++,C++14 (GCC 5.4.1),cpp,Accepted,4.0,512.0,1617,
s522709605,p02781,u619819312,1581279826,Python,Python (3.4.3),py,Accepted,20.0,3064.0,752,
s386811628,p02781,u112723190,1581279823,C++,C++14 (GCC 5.4.1),cpp,Accepted,1.0,512.0,3637,
s946681791,p02781,u168578024,1581279817,C++,C++14 (GCC 5.4.1),cpp,Accepted,1.0,256.0,3419,
s873888284,p02781,u364788955,1581279815,C++,C++14 (GCC 5.4.1),cpp,Accepted,1.0,256.0,1570,
s436176494,p02781,u960524878,1581279814,C++,C++14 (GCC 5.4.1),cpp,Accepted,1.0,256.0,4509,
s616448901,p02781,u922299738,1581279807,C++,C++14 (GCC 5.4.1),cpp,Accepted,3.0,640.0,6911,
s139862738,p02781,u764058295,1581279807,C++,C++14 (GCC 5.4.1),cpp,Accepted,2.0,512.0,852,
s284360525,p02781,u273957331,1581279804,C++,C++14 (GCC 5.4.1),cpp,Accepted,2.0,384.0,2715,
s296385018,p02781,u686443944,1581279801,C++,C++14 (GCC 5.4.1),cpp,Accepted,1.0,256.0,692,
s433561662,p02781,u728732647,1581279794,C++,C++14 (GCC 5.4.1),cpp,Accepted,2.0,384.0,2859,
s559326643,p02781,u190018920,1581279793,C++,C++14 (GCC 5.4.1),cpp,Accepted,1.0,384.0,2443,
s921930066,p02781,u366398972,1581279785,C++,C++14 (GCC 5.4.1),cpp,Accepted,1.0,256.0,932,
s909794480,p02781,u543584809,1581279782,C++,C++14 (GCC 5.4.1),cpp,Accepted,3.0,1408.0,691,
s221408731,p02781,u853947407,1581279781,C++,C++14 (GCC 5.4.1),cpp,Accepted,2.0,2304.0,993,
s779101465,p02781,u809967037,1581279777,C++,C++14 (GCC 5.4.1),cpp,Accepted,2.0,1024.0,3608,
s166966249,p02781,u548834738,1581279773,C++,C++14 (GCC 5.4.1),cpp,Accepted,1.0,256.0,891,
s408274242,p02781,u853418842,1581279768,C++,C++14 (GCC 5.4.1),cpp,Accepted,1.0,256.0,1133,
s140629451,p02781,u107077805,1581279760,C++,C++14 (Clang 3.8.0),cpp,Accepted,1.0,256.0,631,
s702875582,p02781,u292617411,1581279758,C++,C++14 (GCC 5.4.1),cpp,Accepted,1.0,256.0,613,
s413597716,p02781,u045505231,1581279751,C++,C++14 (GCC 5.4.1),cpp,Accepted,1.0,256.0,1423,
s130709761,p02781,u793715260,1581279746,C++,C++14 (GCC 5.4.1),cpp,Accepted,1.0,256.0,1162,
s041532253,p02781,u150862605,1581279743,C++,C++14 (GCC 5.4.1),cpp,Accepted,1.0,256.0,631,
s130496491,p02781,u471289663,1581279741,C++,C++14 (Clang 3.8.0),cpp,Accepted,1.0,256.0,1842,
s453873036,p02781,u632941690,1581279736,C++,C++14 (GCC 5.4.1),cpp,Accepted,1.0,384.0,1586,
s448617014,p02781,u265456454,1581279734,C++,C++14 (GCC 5.4.1),cpp,Accepted,1.0,384.0,900,
s841462337,p02781,u591914971,1581279714,C++,C++14 (GCC 5.4.1),cpp,Accepted,1.0,256.0,2827,
s719001701,p02781,u712993629,1581279713,C++,C++14 (GCC 5.4.1),cpp,Accepted,1.0,256.0,2101,
s854365510,p02781,u015514760,1581279711,C++,C++14 (GCC 5.4.1),cpp,Accepted,781.0,256.0,1366,
s083684632,p02781,u716044393,1581279710,C++,C++14 (GCC 5.4.1),cpp,Accepted,1.0,256.0,828,
s550663001,p02781,u599899620,1581279705,C++,C++14 (GCC 5.4.1),cpp,Accepted,1.0,256.0,895,
s220029786,p02781,u692336506,1581279698,C++,C++14 (GCC 5.4.1),cpp,Accepted,3.0,512.0,2163,
s769672002,p02781,u221119670,1581279696,C++,C++14 (GCC 5.4.1),cpp,Accepted,3.0,6528.0,829,
s920793390,p02781,u405828025,1581279694,C++,C++14 (GCC 5.4.1),cpp,Accepted,1.0,384.0,1806,
s055933163,p02781,u284539389,1581279691,C++,C++14 (GCC 5.4.1),cpp,Accepted,8.0,23680.0,1439,
s210828411,p02781,u637424073,1581279690,C++,C++14 (GCC 5.4.1),cpp,Accepted,1.0,384.0,1589,
s955255641,p02781,u592629796,1581279688,C++,C++14 (GCC 5.4.1),cpp,Accepted,1.0,512.0,915,
s355728479,p02781,u130804410,1581279688,C++,C++14 (GCC 5.4.1),cpp,Accepted,1.0,256.0,6225,
s219609462,p02781,u401736039,1581279680,C++,C++ (GCC 5.4.1),cpp,Accepted,2.0,640.0,655,
s533508505,p02781,u316131553,1581279680,C++,C++14 (GCC 5.4.1),cpp,Accepted,1.0,256.0,632,
s785084933,p02781,u711985352,1581279670,C++,C++14 (GCC 5.4.1),cpp,Accepted,1.0,384.0,1102,
s659902633,p02781,u736727393,1581279665,C++,C++14 (GCC 5.4.1),cpp,Accepted,1.0,256.0,702,
s371728046,p02781,u379822620,1581279664,C++,C++14 (GCC 5.4.1),cpp,Accepted,1.0,256.0,18947,
s306132627,p02781,u766684188,1581279664,Python,PyPy3 (2.4.0),py,Accepted,210.0,42460.0,604,
s768849244,p02781,u061850718,1581279663,C++,C++14 (GCC 5.4.1),cpp,Accepted,1.0,256.0,529,
s541428502,p02781,u216962796,1581279661,C++,C++14 (GCC 5.4.1),cpp,Accepted,1.0,256.0,2317,
s769302667,p02781,u794173881,1581279648,Python,PyPy3 (2.4.0),py,Accepted,211.0,41712.0,868,
s946384773,p02781,u365917065,1581279637,C++,C++14 (GCC 5.4.1),cpp,Accepted,1.0,256.0,606,
s649720915,p02781,u653187094,1581279635,C++,C++14 (GCC 5.4.1),cpp,Accepted,1.0,256.0,3579,
s107461932,p02781,u119714109,1581279625,Python,PyPy3 (2.4.0),py,Accepted,179.0,38384.0,778,
s901763631,p02781,u848737670,1581279622,C++,C++14 (GCC 5.4.1),cpp,Accepted,1.0,256.0,673,
s788347509,p02781,u768334187,1581279617,C++,C++14 (GCC 5.4.1),cpp,Accepted,1.0,384.0,2564,
s176235968,p02781,u621509943,1581279617,C++,C++14 (GCC 5.4.1),cpp,Accepted,1.0,256.0,728,
s261681088,p02781,u133391510,1581279612,C++,C++14 (GCC 5.4.1),cpp,Accepted,6.0,256.0,1563,
s926401027,p02781,u817760251,1581279610,C++,C++14 (GCC 5.4.1),cpp,Accepted,1.0,256.0,1141,
s517071242,p02781,u057866967,1581279608,C++,C++14 (GCC 5.4.1),cpp,Accepted,1.0,256.0,888,
s611242032,p02781,u141267766,1581279607,C++,C++14 (GCC 5.4.1),cpp,Accepted,1.0,384.0,1590,
s765933362,p02781,u657913472,1581279606,C++,C++14 (GCC 5.4.1),cpp,Accepted,1.0,256.0,424,
s428144018,p02781,u254456372,1581279606,C++,C++14 (GCC 5.4.1),cpp,Accepted,1.0,256.0,37085,
s220512333,p02781,u424103788,1581279595,C++,C++14 (GCC 5.4.1),cpp,Accepted,1.0,256.0,917,
s612802729,p02781,u508192873,1581279595,C++,C++14 (GCC 5.4.1),cpp,Accepted,1.0,256.0,1110,
s150889681,p02781,u297574184,1581279577,Python,PyPy3 (2.4.0),py,Accepted,205.0,41072.0,717,
s132570863,p02781,u543954314,1581279568,Python,Python (3.4.3),py,Accepted,19.0,3064.0,754,
s236102941,p02781,u742553775,1581279564,C++,C++14 (GCC 5.4.1),cpp,Accepted,2.0,512.0,1793,
s516291651,p02781,u340010271,1581279562,C++,C++14 (GCC 5.4.1),cpp,Accepted,1.0,256.0,1975,
s625608721,p02781,u141378465,1581279555,C++,C++14 (GCC 5.4.1),cpp,Accepted,1.0,256.0,1834,
s589819489,p02781,u168579419,1581279553,C++,C++14 (GCC 5.4.1),cpp,Accepted,1.0,256.0,3514,
s526367929,p02781,u897304429,1581279540,C++,C++14 (GCC 5.4.1),cpp,Accepted,1.0,256.0,2239,
s520409558,p02781,u763881112,1581279540,C++,C++14 (GCC 5.4.1),cpp,Accepted,32.0,512.0,2028,
s410849775,p02781,u119460590,1581279531,C++,C++14 (GCC 5.4.1),cpp,Accepted,1.0,256.0,1857,
s320120138,p02781,u577246184,1581279530,C++,C++14 (GCC 5.4.1),cpp,Accepted,1.0,256.0,676,
s222060523,p02781,u087663048,1581279528,C++,C++14 (GCC 5.4.1),cpp,Accepted,3.0,6528.0,2651,
s114798209,p02781,u484036205,1581279525,C++,C++14 (GCC 5.4.1),cpp,Accepted,1.0,512.0,823,
s197818569,p02781,u599785147,1581279519,C++,C++14 (GCC 5.4.1),cpp,Accepted,1.0,256.0,1117,
s918051428,p02781,u219786796,1581279517,C++,C++14 (GCC 5.4.1),cpp,Accepted,1.0,256.0,1587,
s162729933,p02781,u803848678,1581279514,Python,PyPy3 (2.4.0),py,Accepted,221.0,41832.0,457,
s562586484,p02781,u585482323,1581279509,Python,PyPy3 (2.4.0),py,Accepted,214.0,43404.0,1331,
s302957008,p02781,u762148180,1581279505,C++,C++14 (GCC 5.4.1),cpp,Accepted,1.0,384.0,1149,
s056707631,p02781,u061071198,1581279499,C++,C++14 (GCC 5.4.1),cpp,Accepted,2.0,256.0,7280,
s060306543,p02781,u915020369,1581279496,C++,C++14 (GCC 5.4.1),cpp,Accepted,1.0,256.0,1390,
s576073721,p02781,u638795007,1581279495,Python,PyPy3 (2.4.0),py,Accepted,216.0,41584.0,1981,
s213768518,p02781,u096100827,1581279494,C++,C++14 (GCC 5.4.1),cpp,Accepted,26.0,78336.0,1807,
s201203848,p02781,u911888981,1581279491,C++,C++14 (GCC 5.4.1),cpp,Accepted,1.0,256.0,3279,
s028222581,p02781,u352499693,1581279490,C++,C++14 (GCC 5.4.1),cpp,Accepted,2.0,384.0,2456,
s002766445,p02781,u708618797,1581279484,C++,C++14 (GCC 5.4.1),cpp,Accepted,1.0,256.0,823,
s543965635,p02781,u930898631,1581279484,C++,C++14 (GCC 5.4.1),cpp,Accepted,337.0,384.0,1589,
s218080841,p02781,u308590217,1581279483,C++,C++14 (GCC 5.4.1),cpp,Accepted,1.0,256.0,1051,
s176119750,p02781,u693027786,1581279479,C++,C++14 (GCC 5.4.1),cpp,Accepted,1.0,256.0,956,
s983226947,p02781,u115888500,1581279479,C++,C++14 (GCC 5.4.1),cpp,Accepted,1.0,256.0,3541,
s017283743,p02781,u671257784,1581279478,C++,C++14 (GCC 5.4.1),cpp,Accepted,1.0,256.0,3729,
s849784187,p02781,u440213743,1581279476,C++,C++14 (GCC 5.4.1),cpp,Accepted,1.0,256.0,757,
s965429801,p02781,u108808596,1581279462,C++,C++14 (GCC 5.4.1),cpp,Accepted,1.0,256.0,4779,
s893466612,p02781,u275786410,1581279460,C++,C++14 (GCC 5.4.1),cpp,Accepted,1.0,256.0,1317,
s552096061,p02781,u859396346,1581279457,C++,C++14 (GCC 5.4.1),cpp,Accepted,1.0,256.0,2518,
s347740879,p02781,u852113235,1581279455,C++,C++14 (GCC 5.4.1),cpp,Accepted,1.0,256.0,1249,
s689848827,p02781,u834777932,1581279451,C++,C++14 (GCC 5.4.1),cpp,Accepted,1.0,384.0,8774,
s144262523,p02781,u816587940,1581279449,C++,C++14 (Clang 3.8.0),cpp,Accepted,7.0,2040.0,1261,
s626363934,p02781,u705918648,1581279448,C++,C++14 (GCC 5.4.1),cpp,Accepted,160.0,256.0,1711,
s653617288,p02781,u275797573,1581279439,C++,C++14 (GCC 5.4.1),cpp,Accepted,1.0,512.0,13594,
s938221886,p02781,u643840641,1581279435,C++,C++14 (GCC 5.4.1),cpp,Accepted,1.0,256.0,1357,
s533371311,p02781,u828669332,1581279425,C++,C++14 (GCC 5.4.1),cpp,Accepted,1.0,256.0,713,
s411832953,p02781,u768937125,1581279417,C++,C++14 (GCC 5.4.1),cpp,Accepted,1.0,256.0,511,
s568973362,p02781,u236170018,1581279417,C++,C++14 (GCC 5.4.1),cpp,Accepted,1.0,256.0,1803,
s213706465,p02781,u066369439,1581279414,C++,C++14 (GCC 5.4.1),cpp,Accepted,1.0,256.0,2744,
s383657752,p02781,u189979591,1581279385,Python,Python (3.4.3),py,Accepted,22.0,3188.0,819,
s482022858,p02781,u107292917,1581279379,C++,C++14 (GCC 5.4.1),cpp,Accepted,1.0,256.0,1706,
s813642800,p02781,u986437843,1581279378,C++,C++14 (GCC 5.4.1),cpp,Accepted,2.0,256.0,150309,
s421981380,p02781,u899965416,1581279373,C++,C++14 (GCC 5.4.1),cpp,Accepted,1.0,256.0,740,
s027631214,p02781,u926136838,1581279351,C++,C++14 (GCC 5.4.1),cpp,Accepted,9.0,1024.0,2602,
s411237995,p02781,u327390343,1581279339,C++,C++14 (GCC 5.4.1),cpp,Accepted,1.0,256.0,781,
s903952498,p02781,u401742026,1581279339,C++,C++14 (GCC 5.4.1),cpp,Accepted,1.0,256.0,601,
s275678691,p02781,u875291233,1581279327,Python,PyPy3 (2.4.0),py,Accepted,193.0,41072.0,753,
s984741291,p02781,u218842729,1581279320,C++,C++14 (GCC 5.4.1),cpp,Accepted,1.0,256.0,1643,
s110464496,p02781,u924568685,1581279310,C++,C++14 (GCC 5.4.1),cpp,Accepted,1.0,256.0,684,
s169100668,p02781,u633284019,1581279306,C++,C++14 (GCC 5.4.1),cpp,Accepted,1.0,256.0,2317,
s485782883,p02781,u427083104,1581279301,C++,C++14 (GCC 5.4.1),cpp,Accepted,1621.0,256.0,543,
s450812573,p02781,u815544868,1581279294,C++,C++14 (GCC 5.4.1),cpp,Accepted,1.0,640.0,1315,
s717290037,p02781,u651572445,1581279289,C++,C++14 (GCC 5.4.1),cpp,Accepted,1.0,256.0,1434,
s833414900,p02781,u355335354,1581279274,C++,C++14 (GCC 5.4.1),cpp,Accepted,1.0,256.0,2959,
s101739658,p02781,u852585808,1581279259,C++,C++14 (GCC 5.4.1),cpp,Accepted,1.0,256.0,1031,
s371768687,p02781,u550398291,1581279256,C++,C++14 (GCC 5.4.1),cpp,Accepted,1.0,256.0,5607,
s461361893,p02781,u372633838,1581279252,C++,C++14 (GCC 5.4.1),cpp,Accepted,1.0,256.0,860,
s962386053,p02781,u116670634,1581279241,C++,C++14 (GCC 5.4.1),cpp,Accepted,1.0,256.0,2979,
s564347591,p02781,u222030240,1581279236,C++,C++14 (GCC 5.4.1),cpp,Accepted,1.0,256.0,1280,
s765077533,p02781,u319282133,1581279189,C++,C++14 (GCC 5.4.1),cpp,Accepted,1.0,256.0,702,
s694856769,p02781,u805729268,1581279170,C++,C++14 (GCC 5.4.1),cpp,Accepted,2.0,384.0,1487,
s536796967,p02781,u047796752,1581279160,Python,PyPy3 (2.4.0),py,Accepted,194.0,41072.0,477,
s148293381,p02781,u524343822,1581279151,C++,C++14 (GCC 5.4.1),cpp,Accepted,48.0,256.0,3856,
s490659288,p02781,u442104969,1581279141,C++,C++14 (GCC 5.4.1),cpp,Accepted,1.0,256.0,720,
s628691121,p02781,u434208140,1581279139,C++,C++14 (GCC 5.4.1),cpp,Accepted,1.0,256.0,842,
s721845141,p02781,u756086310,1581279127,C++,C++14 (GCC 5.4.1),cpp,Accepted,1.0,256.0,784,
s545452251,p02781,u536580583,1581279104,C++,C++14 (GCC 5.4.1),cpp,Accepted,1.0,256.0,678,
s293457101,p02781,u040490988,1581279095,C++,C++14 (GCC 5.4.1),cpp,Accepted,1.0,256.0,607,
s777665177,p02781,u284124505,1581279056,C++,C++14 (GCC 5.4.1),cpp,Accepted,1.0,256.0,2856,
s760988492,p02781,u918963500,1581279043,C++,C++14 (GCC 5.4.1),cpp,Accepted,2.0,384.0,1060,
s924099587,p02781,u781091740,1581279042,C++,C++14 (GCC 5.4.1),cpp,Accepted,1.0,256.0,503,
s854032357,p02781,u928041186,1581279040,C++,C++14 (GCC 5.4.1),cpp,Accepted,37.0,256.0,3703,
s463254996,p02781,u677421794,1581279024,C++,C++14 (GCC 5.4.1),cpp,Accepted,1.0,256.0,959,
s387019120,p02781,u314396879,1581279019,C++,C++14 (GCC 5.4.1),cpp,Accepted,1.0,256.0,542,
s751539397,p02781,u435416250,1581279012,C++,C++14 (GCC 5.4.1),cpp,Accepted,6.0,4224.0,2006,
s325894951,p02781,u460603067,1581278998,C++,C++14 (GCC 5.4.1),cpp,Accepted,170.0,256.0,838,
s634954327,p02781,u016572066,1581278995,C++,C++14 (GCC 5.4.1),cpp,Accepted,3.0,384.0,1318,
s663153930,p02781,u495699318,1581278985,C++,C++14 (GCC 5.4.1),cpp,Accepted,1.0,256.0,2102,
s815815268,p02781,u591343832,1581278956,C++,C++14 (GCC 5.4.1),cpp,Accepted,1.0,256.0,5067,
s839767629,p02781,u269963329,1581278915,C++,C++14 (GCC 5.4.1),cpp,Accepted,1.0,256.0,979,
s638647936,p02781,u676323984,1581278911,C++,C++14 (GCC 5.4.1),cpp,Accepted,1.0,256.0,529,
s354981747,p02781,u676029460,1581278902,C++,C++14 (GCC 5.4.1),cpp,Accepted,1.0,256.0,878,
