submission_id,problem_id,user_id,date,language,original_language,filename_ext,status,cpu_time,memory,code_size,accuracy
s328436471,p02973,u371958417,1601285162,C++,C++ (GCC 9.2.1),cpp,Accepted,67.0,8280.0,402,
s563703747,p02973,u159943174,1601242661,C++,C++ (GCC 9.2.1),cpp,Accepted,51.0,4852.0,432,
s758227806,p02973,u816645498,1601138431,C++,C++ (GCC 9.2.1),cpp,Accepted,50.0,3996.0,1342,
s890912197,p02973,u816645498,1601138077,C++,C++ (GCC 9.2.1),cpp,Accepted,55.0,3972.0,1318,
s003990033,p02973,u892305365,1601051557,Python,PyPy3 (7.3.0),py,Accepted,190.0,81732.0,585,
s274717030,p02973,u957513998,1601015498,C++,C++ (GCC 9.2.1),cpp,Accepted,45.0,8292.0,1772,
s441346923,p02973,u028554976,1601009005,C++,C++ (GCC 9.2.1),cpp,Accepted,1463.0,5200.0,3469,
s070906951,p02973,u515019830,1601005829,C++,C++ (GCC 9.2.1),cpp,Accepted,69.0,8196.0,779,
s686047667,p02973,u087356957,1601005697,C++,C++ (GCC 9.2.1),cpp,Accepted,121.0,14884.0,979,
s746698697,p02973,u679071799,1600986841,C++,C++ (GCC 9.2.1),cpp,Accepted,51.0,4768.0,726,
s524713723,p02973,u006880673,1600981333,Python,PyPy3 (7.3.0),py,Accepted,542.0,99904.0,316,
s150505262,p02973,u285358283,1600969767,Python,Python (3.8.2),py,Accepted,193.0,14292.0,238,
s858874566,p02973,u668785999,1600889603,C++,C++ (GCC 9.2.1),cpp,Accepted,68.0,8256.0,2095,
s773031682,p02973,u719183848,1600874242,C++,C++ (GCC 9.2.1),cpp,Accepted,39.0,4912.0,1749,
s375318367,p02973,u719183848,1600874183,C++,C++ (GCC 9.2.1),cpp,Accepted,34.0,3992.0,1440,
s155869559,p02973,u719183848,1600873272,C++,C++ (GCC 9.2.1),cpp,Accepted,45.0,5308.0,2063,
s283849727,p02973,u743124029,1600872065,C++,C++ (GCC 9.2.1),cpp,Accepted,48.0,4032.0,755,
s178918318,p02973,u976940619,1600829077,C++,C++ (GCC 9.2.1),cpp,Accepted,50.0,4788.0,2848,
s599893473,p02973,u275256557,1600821193,C++,C++ (GCC 9.2.1),cpp,Accepted,50.0,4240.0,572,
s988043885,p02973,u028973125,1600805561,Python,PyPy3 (7.3.0),py,Accepted,109.0,82736.0,1355,
s997209845,p02973,u515740713,1600775829,Python,PyPy3 (7.3.0),py,Accepted,127.0,89784.0,344,
s306592602,p02973,u515740713,1600775359,Python,PyPy3 (7.3.0),py,Accepted,279.0,85188.0,439,
s270993514,p02973,u185948224,1600747384,Python,Python (3.8.2),py,Accepted,189.0,14332.0,224,
s998147401,p02973,u593307566,1600745978,C++,C++ (GCC 9.2.1),cpp,Accepted,29.0,4644.0,1696,
s072411923,p02973,u539367121,1600717641,Python,Python (3.8.2),py,Accepted,446.0,12960.0,211,
s224677440,p02973,u539367121,1600716522,Python,Python (3.8.2),py,Accepted,420.0,13884.0,243,
s052414409,p02973,u431573188,1600715758,Python,Python (3.8.2),py,Accepted,241.0,13104.0,323,
s493041747,p02973,u431573188,1600715726,Python,PyPy3 (7.3.0),py,Accepted,222.0,76840.0,323,
s884942426,p02973,u942393279,1600707570,C++,C++ (GCC 9.2.1),cpp,Accepted,50.0,5240.0,6084,
s649033854,p02973,u926006934,1600704954,C++,C++ (GCC 9.2.1),cpp,Accepted,32.0,3984.0,1206,
s342077163,p02973,u805616568,1600660428,C++,C++ (GCC 9.2.1),cpp,Accepted,76.0,9956.0,585,
s069202917,p02973,u805616568,1600660310,C++,C++ (GCC 9.2.1),cpp,Accepted,77.0,9980.0,589,
s305021778,p02973,u805616568,1600660218,C++,C++ (GCC 9.2.1),cpp,Accepted,80.0,10108.0,598,
s428023208,p02973,u805616568,1600659820,C++,C++ (GCC 9.2.1),cpp,Accepted,90.0,14652.0,637,
s759511063,p02973,u185413585,1600651588,C++,C++ (GCC 9.2.1),cpp,Accepted,27.0,4216.0,877,
s457785766,p02973,u842170774,1600646214,Python,PyPy3 (7.3.0),py,Accepted,196.0,85612.0,488,
s254966811,p02973,u774202056,1600615427,C++,C++ (GCC 9.2.1),cpp,Accepted,48.0,5152.0,543,
s398510579,p02973,u005006157,1600593322,C++,C++ (GCC 9.2.1),cpp,Accepted,66.0,8236.0,585,
s971069765,p02973,u851470173,1600499163,C++,C++ (GCC 9.2.1),cpp,Accepted,49.0,8144.0,1807,
s922259016,p02973,u785989355,1600462471,Python,Python (3.8.2),py,Accepted,114.0,21688.0,5333,
s388644746,p02973,u376616698,1600455493,C++,C++ (GCC 9.2.1),cpp,Accepted,53.0,7536.0,441,
s501749359,p02973,u525008368,1600455305,C++,C++ (GCC 9.2.1),cpp,Accepted,64.0,8260.0,753,
s694471352,p02973,u331327289,1600409694,Python,Python (3.8.2),py,Accepted,318.0,13776.0,435,
s843936905,p02973,u489691149,1600403962,Python,Python (3.8.2),py,Accepted,184.0,13840.0,272,
s399277346,p02973,u979852867,1600387319,C++,C++ (GCC 9.2.1),cpp,Accepted,68.0,8588.0,1074,
s419630288,p02973,u874320250,1600381177,Python,PyPy3 (7.3.0),py,Accepted,109.0,79592.0,397,
s180282676,p02973,u209457657,1600373228,C++,C++ (GCC 9.2.1),cpp,Accepted,50.0,4056.0,642,
s073659384,p02973,u110383054,1600304461,C++,C++ (GCC 9.2.1),cpp,Accepted,70.0,8300.0,423,
s445044170,p02973,u665871498,1600286321,C++,C++ (GCC 9.2.1),cpp,Accepted,32.0,4756.0,1099,
s588932779,p02973,u665038048,1600257622,C++,C++ (GCC 9.2.1),cpp,Accepted,51.0,4180.0,467,
s753342487,p02973,u135358384,1600230267,C++,C++ (GCC 9.2.1),cpp,Accepted,124.0,176892.0,6686,
s932355296,p02973,u123896133,1600197408,C++,C++ (GCC 9.2.1),cpp,Accepted,52.0,4836.0,488,
s172215390,p02973,u068827347,1600134234,C++,C++ (GCC 9.2.1),cpp,Accepted,69.0,8896.0,558,
s926380180,p02973,u068827347,1600134151,C++,C++ (GCC 9.2.1),cpp,Accepted,70.0,9052.0,652,
s952181165,p02973,u128142444,1600049981,C++,C++ (GCC 9.2.1),cpp,Accepted,49.0,8960.0,2315,
s344605992,p02973,u416773418,1600033963,C++,C++ (GCC 9.2.1),cpp,Accepted,49.0,4356.0,733,
s306071441,p02973,u418879326,1600019158,C++,C++ (GCC 9.2.1),cpp,Accepted,67.0,9060.0,437,
s046453626,p02973,u576150954,1599988593,C++,C++ (GCC 9.2.1),cpp,Accepted,43.0,4564.0,1613,
s081092780,p02973,u523087093,1599953700,Python,Python (3.8.2),py,Accepted,430.0,13888.0,337,
s047394723,p02973,u523087093,1599953191,Python,Python (3.8.2),py,Accepted,416.0,13936.0,333,
s578552500,p02973,u663191260,1599948344,C++,C++ (GCC 9.2.1),cpp,Accepted,47.0,3836.0,955,
s654992813,p02973,u663191260,1599944853,C++,C++ (GCC 9.2.1),cpp,Accepted,49.0,3936.0,722,
s885306034,p02973,u353542198,1599943930,C++,C++ (GCC 9.2.1),cpp,Accepted,54.0,5608.0,581,
s083104027,p02973,u931901821,1599940166,C++,C++ (GCC 9.2.1),cpp,Accepted,50.0,5160.0,1408,
s416042011,p02973,u595289165,1599939900,Python,Python (3.8.2),py,Accepted,206.0,12664.0,232,
s487918512,p02973,u931901821,1599939764,C++,C++ (GCC 9.2.1),cpp,Accepted,49.0,5916.0,1469,
s186080819,p02973,u617826263,1599872679,C++,C++ (GCC 9.2.1),cpp,Accepted,71.0,8244.0,778,
s975206117,p02973,u308012928,1599811789,C++,C++ (Clang 10.0.0),cpp,Accepted,89.0,3676.0,500,
s160234374,p02973,u308012928,1599811140,C++,C++ (Clang 10.0.0),cpp,Accepted,143.0,9940.0,2460,
s707034555,p02973,u308012928,1599804938,C++,C++ (Clang 10.0.0),cpp,Accepted,91.0,3620.0,530,
s630542628,p02973,u129134470,1599796241,C++,C++ (GCC 9.2.1),cpp,Accepted,54.0,4952.0,1129,
s592083953,p02973,u446766335,1599784659,C++,C++ (GCC 9.2.1),cpp,Accepted,52.0,4584.0,771,
s964433413,p02973,u129134470,1599707841,C++,C++ (GCC 9.2.1),cpp,Accepted,51.0,4836.0,1114,
s902330355,p02973,u129134470,1599705617,C++,C++ (GCC 9.2.1),cpp,Accepted,59.0,5956.0,1161,
s033754727,p02973,u158758556,1599694134,C++,C++ (GCC 9.2.1),cpp,Accepted,50.0,4040.0,529,
s342085117,p02973,u158758556,1599692088,C++,C++ (GCC 9.2.1),cpp,Accepted,51.0,4052.0,483,
s139931071,p02973,u446371873,1599670343,C++,C++ (GCC 9.2.1),cpp,Accepted,60.0,9512.0,1125,
s482031170,p02973,u289381123,1599648473,C++,C++ (GCC 9.2.1),cpp,Accepted,62.0,8644.0,471,
s111262626,p02973,u401487574,1599618907,Python,PyPy3 (7.3.0),py,Accepted,222.0,83776.0,954,
s531447099,p02973,u563170985,1599584230,C++,C++ (GCC 9.2.1),cpp,Accepted,65.0,8244.0,521,
s164747828,p02973,u481187938,1599582706,Python,PyPy3 (7.3.0),py,Accepted,146.0,87604.0,2957,
s536981891,p02973,u941753895,1599535704,Python,Python (3.8.2),py,Accepted,231.0,15236.0,955,
s809718632,p02973,u697090185,1599529020,C++,C++ (GCC 9.2.1),cpp,Accepted,49.0,4764.0,1149,
s860325803,p02973,u018679195,1599484334,C++,C++ (Clang 10.0.0),cpp,Accepted,34.0,3484.0,893,
s507132046,p02973,u280175105,1599459696,C++,C++ (GCC 9.2.1),cpp,Accepted,51.0,4036.0,653,
s914596217,p02973,u353919145,1599446759,C++,C++ (GCC 9.2.1),cpp,Accepted,47.0,8716.0,385,
s257830713,p02973,u353919145,1599442527,C++,C++ (GCC 9.2.1),cpp,Accepted,48.0,4416.0,500,
s060573902,p02973,u018679195,1599439907,C++,C++ (GCC 9.2.1),cpp,Accepted,33.0,4200.0,970,
s025112940,p02973,u018679195,1599439347,C++,C++ (GCC 9.2.1),cpp,Accepted,48.0,4320.0,981,
s892892057,p02973,u005006157,1599430019,C++,C++ (GCC 9.2.1),cpp,Accepted,68.0,8284.0,473,
s309154624,p02973,u005006157,1599429417,C++,C++ (GCC 9.2.1),cpp,Accepted,51.0,4028.0,498,
s661557427,p02973,u816631826,1599428801,C++,C++ (GCC 9.2.1),cpp,Accepted,27.0,4264.0,756,
s856145123,p02973,u018679195,1599428563,C++,C++ (GCC 9.2.1),cpp,Accepted,31.0,4132.0,1091,
s065634101,p02973,u353919145,1599427998,C++,C++ (GCC 9.2.1),cpp,Accepted,56.0,8252.0,408,
s102419923,p02973,u863370423,1599427185,C++,C++ (GCC 9.2.1),cpp,Accepted,49.0,3900.0,527,
s997113686,p02973,u285991898,1599425917,C++,C++ (GCC 9.2.1),cpp,Accepted,30.0,3968.0,1132,
s944000381,p02973,u018679195,1599425059,C++,C++ (GCC 9.2.1),cpp,Accepted,31.0,5232.0,579,
s423536443,p02973,u089230684,1599424277,C++,C++ (GCC 9.2.1),cpp,Accepted,71.0,9980.0,817,
s973296948,p02973,u521973174,1599422816,C++,C++ (GCC 9.2.1),cpp,Accepted,66.0,8592.0,652,
s654342693,p02973,u816631826,1599422685,C++,C++ (GCC 9.2.1),cpp,Accepted,42.0,8352.0,1653,
s929072976,p02973,u816631826,1599421551,C++,C++ (GCC 9.2.1),cpp,Accepted,54.0,8276.0,495,
s852365807,p02973,u353919145,1599421503,C++,C++ (GCC 9.2.1),cpp,Accepted,33.0,4356.0,740,
s911965456,p02973,u863370423,1599420945,C++,C++ (GCC 9.2.1),cpp,Accepted,28.0,4384.0,976,
s092979477,p02973,u353919145,1599418960,C++,C++ (GCC 9.2.1),cpp,Accepted,47.0,4264.0,408,
s596806533,p02973,u816631826,1599418488,C++,C++ (GCC 9.2.1),cpp,Accepted,29.0,4312.0,708,
s633454130,p02973,u018679195,1599418195,C++,C++ (GCC 9.2.1),cpp,Accepted,50.0,4176.0,462,
s555258429,p02973,u353919145,1599417662,C++,C++ (GCC 9.2.1),cpp,Accepted,96.0,15072.0,1680,
s145471186,p02973,u018679195,1599417047,C++,C++ (GCC 9.2.1),cpp,Accepted,52.0,8908.0,386,
s097569789,p02973,u018679195,1599416915,C++,C++ (GCC 9.2.1),cpp,Accepted,48.0,8668.0,652,
s253980105,p02973,u863370423,1599416624,C++,C++ (GCC 9.2.1),cpp,Accepted,32.0,4800.0,595,
s839335232,p02973,u089230684,1599416567,C++,C++ (GCC 9.2.1),cpp,Accepted,74.0,8228.0,618,
s298119364,p02973,u863370423,1599416361,C++,C++ (GCC 9.2.1),cpp,Accepted,703.0,4480.0,753,
s036527353,p02973,u018679195,1599416184,C++,C++ (GCC 9.2.1),cpp,Accepted,45.0,8660.0,1699,
s239140563,p02973,u816631826,1599415803,C++,C++ (GCC 9.2.1),cpp,Accepted,31.0,4360.0,595,
s758061145,p02973,u816631826,1599414618,C++,C++ (GCC 9.2.1),cpp,Accepted,33.0,4464.0,422,
s331467838,p02973,u863370423,1599413753,C++,C++ (GCC 9.2.1),cpp,Accepted,47.0,5072.0,1053,
s328666841,p02973,u353919145,1599413253,C++,C++ (GCC 9.2.1),cpp,Accepted,33.0,4552.0,616,
s720545538,p02973,u018679195,1599412990,C++,C++ (GCC 9.2.1),cpp,Accepted,22.0,4068.0,1075,
s365218943,p02973,u882039496,1599412481,C++,C++ (GCC 9.2.1),cpp,Accepted,69.0,8244.0,896,
s766249832,p02973,u018679195,1599412469,C++,C++ (GCC 9.2.1),cpp,Accepted,34.0,4200.0,666,
s425678613,p02973,u089230684,1599412304,C++,C++ (GCC 9.2.1),cpp,Accepted,24.0,4344.0,4328,
s984615643,p02973,u089230684,1599412216,C++,C++ (GCC 9.2.1),cpp,Accepted,33.0,5880.0,3540,
s225477339,p02973,u735891571,1599401263,Python,PyPy3 (7.3.0),py,Accepted,393.0,86016.0,76552,
s700529692,p02973,u935558307,1599399610,Python,PyPy3 (7.3.0),py,Accepted,198.0,76804.0,176,
s664826511,p02973,u359270186,1599376789,C++,C++ (GCC 9.2.1),cpp,Accepted,50.0,3996.0,338,
s058360026,p02973,u636565374,1599353027,C++,C++ (GCC 9.2.1),cpp,Accepted,51.0,4028.0,4097,
s082531732,p02973,u617515020,1599318101,Python,Python (3.8.2),py,Accepted,194.0,12648.0,153,
s546520973,p02973,u236193715,1599294014,C++,C++ (GCC 9.2.1),cpp,Accepted,51.0,4808.0,1147,
s970540899,p02973,u453055089,1599277322,Python,PyPy3 (7.3.0),py,Accepted,394.0,81836.0,357,
s276190449,p02973,u201660334,1599252767,Python,PyPy3 (7.3.0),py,Accepted,373.0,76996.0,246,
s387634020,p02973,u692453235,1599250687,Python,Python (3.8.2),py,Accepted,195.0,12832.0,178,
s264738472,p02973,u837745858,1599228412,C++,C++ (GCC 9.2.1),cpp,Accepted,49.0,4052.0,404,
s781462058,p02973,u895393304,1599187284,C++,C++ (GCC 9.2.1),cpp,Accepted,52.0,4056.0,1028,
s274190882,p02973,u350093546,1599181918,Python,PyPy3 (7.3.0),py,Accepted,236.0,81788.0,289,
s428660998,p02973,u800396927,1599168454,Python,PyPy3 (7.3.0),py,Accepted,227.0,81944.0,288,
s808852294,p02973,u046826851,1599162373,Python,Python (3.8.2),py,Accepted,409.0,13792.0,235,
s275361459,p02973,u022979415,1599159002,Python,Python (3.8.2),py,Accepted,173.0,13580.0,346,
s720608614,p02973,u540315049,1599156323,C++,C++ (GCC 9.2.1),cpp,Accepted,656.0,5068.0,818,
s062258510,p02973,u992471673,1599151899,C++,C++ (GCC 9.2.1),cpp,Accepted,51.0,5024.0,966,
s448191376,p02973,u607229598,1599094688,C++,C++ (GCC 9.2.1),cpp,Accepted,81.0,9188.0,5859,
s593554594,p02973,u651663683,1599085967,Python,PyPy3 (7.3.0),py,Accepted,189.0,75236.0,215,
s032403225,p02973,u900688325,1599083801,C++,C++ (GCC 9.2.1),cpp,Accepted,51.0,4268.0,455,
s571010851,p02973,u539145601,1599069628,C++,C++ (GCC 9.2.1),cpp,Accepted,70.0,8276.0,1044,
s593176359,p02973,u633066470,1599024085,C++,C++ (GCC 9.2.1),cpp,Accepted,49.0,8276.0,1300,
s227327157,p02973,u767543103,1599010075,C++,C++ (GCC 9.2.1),cpp,Accepted,53.0,8836.0,69353,
s567524481,p02973,u306482197,1599004607,C++,C++ (GCC 9.2.1),cpp,Accepted,48.0,4412.0,339,
s322548572,p02973,u314917898,1599001158,C++,C++ (GCC 9.2.1),cpp,Accepted,49.0,3984.0,581,
s369183559,p02973,u587589241,1598988885,Python,PyPy3 (7.3.0),py,Accepted,132.0,90352.0,234,
s930482963,p02973,u084949493,1598949226,C++,C++ (GCC 9.2.1),cpp,Accepted,63.0,8276.0,889,
s229944570,p02973,u443975466,1598927982,C++,C++ (GCC 9.2.1),cpp,Accepted,62.0,8128.0,1436,
s093417533,p02973,u706414019,1598892292,Python,Python (3.8.2),py,Accepted,201.0,13512.0,182,
s743347766,p02973,u706414019,1598891893,Python,Python (3.8.2),py,Accepted,198.0,13476.0,182,
s244920911,p02973,u706414019,1598891719,Python,PyPy3 (7.3.0),py,Accepted,201.0,76992.0,182,
s830808042,p02973,u930997891,1598831244,C++,C++ (GCC 9.2.1),cpp,Accepted,49.0,4052.0,704,
s516573361,p02973,u097161601,1598830088,C++,C++ (GCC 9.2.1),cpp,Accepted,50.0,4840.0,636,
s822696821,p02973,u552357043,1598826082,C++,C++ (GCC 9.2.1),cpp,Accepted,50.0,4252.0,684,
s827844227,p02973,u730769327,1598739806,Python,PyPy3 (7.3.0),py,Accepted,203.0,81544.0,150,
s731281808,p02973,u969708690,1598735963,Python,Python (3.8.2),py,Accepted,243.0,13036.0,235,
s436720349,p02973,u731886385,1598735006,C++,C++ (GCC 9.2.1),cpp,Accepted,52.0,4296.0,957,
s409385736,p02973,u144029820,1598724349,C++,C++ (GCC 9.2.1),cpp,Accepted,66.0,8292.0,356,
s918084123,p02973,u616017354,1598721409,C++,C++ (GCC 9.2.1),cpp,Accepted,657.0,4320.0,725,
s969624890,p02973,u894580425,1598677350,C++,C++ (GCC 9.2.1),cpp,Accepted,49.0,4296.0,891,
s073544867,p02973,u747602774,1598674065,C++,C++ (GCC 9.2.1),cpp,Accepted,69.0,8556.0,560,
s459655545,p02973,u043048943,1598668981,Python,PyPy3 (7.3.0),py,Accepted,194.0,80168.0,363,
s355193094,p02973,u852449189,1598664369,C++,C++ (GCC 9.2.1),cpp,Accepted,50.0,8328.0,1641,
s558179117,p02973,u591808161,1598661564,Python,PyPy3 (7.3.0),py,Accepted,135.0,70512.0,919,
s639772795,p02973,u105608888,1598546389,Python,Python (3.8.2),py,Accepted,207.0,13732.0,354,
s981693177,p02973,u153390822,1598482969,C++,C++ (GCC 9.2.1),cpp,Accepted,70.0,16292.0,5877,
s575718953,p02973,u851024856,1598479104,C++,C++ (GCC 9.2.1),cpp,Accepted,47.0,4288.0,890,
s425104679,p02973,u600402037,1598457565,C++,C++ (GCC 9.2.1),cpp,Accepted,51.0,4228.0,574,
s872966667,p02973,u600402037,1598453723,C++,C++ (GCC 9.2.1),cpp,Accepted,49.0,3988.0,573,
s637063618,p02973,u600402037,1598453282,C++,C++ (GCC 9.2.1),cpp,Accepted,49.0,4308.0,666,
s285066080,p02973,u285681431,1598417166,Python,PyPy3 (7.3.0),py,Accepted,380.0,81876.0,283,
s286492377,p02973,u955202970,1598417133,C++,C++ (GCC 9.2.1),cpp,Accepted,48.0,3784.0,424,
s629815140,p02973,u628871447,1598411409,C++,C++ (GCC 9.2.1),cpp,Accepted,68.0,8684.0,664,
s880744576,p02973,u208622069,1598407621,C++,C++ (GCC 9.2.1),cpp,Accepted,50.0,9072.0,1112,
s313676707,p02973,u836311327,1598393167,Python,Python (3.8.2),py,Accepted,101.0,13636.0,447,
s386326466,p02973,u347579043,1598368226,C++,C++ (GCC 9.2.1),cpp,Accepted,69.0,8212.0,591,
s258274681,p02973,u406647332,1598356277,C++,C++ (GCC 9.2.1),cpp,Accepted,69.0,8240.0,619,
s181931480,p02973,u397384480,1598344847,Python,PyPy3 (7.3.0),py,Accepted,142.0,79768.0,480,
s432006759,p02973,u145855676,1598332759,C++,C++ (GCC 9.2.1),cpp,Accepted,94.0,10428.0,992,
s912366751,p02973,u969116807,1598308499,C++,C++ (GCC 9.2.1),cpp,Accepted,51.0,4840.0,640,
s531283596,p02973,u969116807,1598307571,C++,C++ (GCC 9.2.1),cpp,Accepted,670.0,4996.0,704,
s299334725,p02973,u406647332,1598279626,C++,C++ (GCC 9.2.1),cpp,Accepted,69.0,8252.0,618,
s416767417,p02973,u531461815,1598262004,C++,C++ (GCC 9.2.1),cpp,Accepted,46.0,4256.0,1816,
s222827374,p02973,u162722858,1598232470,C++,C++ (Clang 10.0.0),cpp,Accepted,112.0,7836.0,1030,
s301734009,p02973,u523087093,1598229105,Python,Python (3.8.2),py,Accepted,191.0,13692.0,231,
s785393687,p02973,u115672517,1598194742,C++,C++ (GCC 9.2.1),cpp,Accepted,653.0,4968.0,379,
s348742432,p02973,u563170985,1598144155,C++,C++ (GCC 9.2.1),cpp,Accepted,54.0,4044.0,519,
s006943216,p02973,u401152875,1598139218,C++,C++ (GCC 9.2.1),cpp,Accepted,347.0,4304.0,435,
s988413279,p02973,u169350228,1598126580,Python,PyPy3 (7.3.0),py,Accepted,123.0,80168.0,727,
s197327818,p02973,u489247698,1598072236,Python,PyPy3 (7.3.0),py,Accepted,351.0,99056.0,633,
s147496564,p02973,u489247698,1597984226,Python,PyPy3 (7.3.0),py,Accepted,118.0,80720.0,949,
s794946404,p02973,u624800360,1597980048,C++,C++ (Clang 10.0.0),cpp,Accepted,357.0,8564.0,1832,
s095500788,p02973,u498487134,1597976354,Python,PyPy3 (7.3.0),py,Accepted,354.0,80432.0,5557,
s856400738,p02973,u669551866,1597974715,C++,C++ (GCC 9.2.1),cpp,Accepted,641.0,4304.0,18112,
s232932335,p02973,u118225776,1597972460,C++,C++ (GCC 9.2.1),cpp,Accepted,49.0,5084.0,1027,
s574745551,p02973,u051928503,1597948045,Python,PyPy3 (7.3.0),py,Accepted,197.0,84420.0,254,
s698988524,p02973,u064434060,1597893965,Python,Python (3.8.2),py,Accepted,212.0,13100.0,472,
s798168308,p02973,u924691798,1597892949,Python,Python (3.8.2),py,Accepted,600.0,13788.0,397,
s078263236,p02973,u888092736,1597807126,Python,Python (3.8.2),py,Accepted,101.0,19968.0,228,
s775753701,p02973,u145231176,1597804900,Python,PyPy3 (7.3.0),py,Accepted,202.0,89500.0,1666,
s279759620,p02973,u477977638,1597804189,Python,Python (3.8.2),py,Accepted,323.0,14668.0,755,
s607342001,p02973,u477977638,1597804165,Python,PyPy3 (7.3.0),py,Accepted,303.0,80552.0,755,
s397973104,p02973,u930705402,1597801015,Python,PyPy3 (7.3.0),py,Accepted,359.0,76228.0,225,
s036393706,p02973,u929977034,1597800148,C++,C++ (GCC 9.2.1),cpp,Accepted,51.0,4776.0,1947,
s425191136,p02973,u467736898,1597794800,Python,Python (3.8.2),py,Accepted,183.0,13656.0,178,
s224116343,p02973,u768225950,1597788894,C++,C++ (GCC 9.2.1),cpp,Accepted,49.0,8552.0,1458,
s959184677,p02973,u634967948,1597773155,C++,C++ (GCC 9.2.1),cpp,Accepted,53.0,4052.0,406,
s018551755,p02973,u740054550,1597762206,C++,C++ (GCC 9.2.1),cpp,Accepted,56.0,4836.0,2630,
s215069541,p02973,u896137920,1597754548,C++,C++ (GCC 9.2.1),cpp,Accepted,74.0,8688.0,596,
s261226654,p02973,u824905100,1597753953,C++,C++ (GCC 9.2.1),cpp,Accepted,72.0,8288.0,22617,
s058298213,p02973,u843175622,1597753605,Python,Python (3.8.2),py,Accepted,92.0,20040.0,189,
s745039907,p02973,u345966487,1597753417,C++,C++ (GCC 9.2.1),cpp,Accepted,53.0,9468.0,1140,
s219448786,p02973,u186838327,1597753397,Python,PyPy3 (7.3.0),py,Accepted,197.0,84384.0,225,
s200310327,p02973,u137747137,1597753370,C++,C++ (GCC 9.2.1),cpp,Accepted,51.0,8696.0,928,
s738088064,p02973,u614128939,1597753343,C++,C++ (GCC 9.2.1),cpp,Accepted,50.0,4820.0,710,
s886960898,p02973,u179778090,1597753276,C++,C++ (GCC 9.2.1),cpp,Accepted,50.0,4832.0,1475,
s746229011,p02973,u501163846,1597752878,C++,C++ (GCC 9.2.1),cpp,Accepted,49.0,5200.0,570,
s537601199,p02973,u415400221,1597752840,C++,C++ (GCC 9.2.1),cpp,Accepted,48.0,5088.0,585,
s338459239,p02973,u014847113,1597752632,C++,C++ (GCC 9.2.1),cpp,Accepted,49.0,4188.0,918,
s741514468,p02973,u493520238,1597752085,Python,PyPy3 (7.3.0),py,Accepted,193.0,76144.0,380,
s610335090,p02973,u415325136,1597751371,C++,C++ (GCC 9.2.1),cpp,Accepted,33.0,3972.0,696,
s081163286,p02973,u331020950,1597712093,C++,C++ (GCC 9.2.1),cpp,Accepted,70.0,8976.0,2853,
s004985511,p02973,u018679195,1597711934,C++,C++ (GCC 9.2.1),cpp,Accepted,71.0,9032.0,2852,
s430692360,p02973,u533232830,1597534324,Python,Python (3.8.2),py,Accepted,416.0,13948.0,252,
s522802350,p02973,u201928947,1597473659,Python,PyPy3 (7.3.0),py,Accepted,189.0,85684.0,280,
s248975584,p02973,u566159623,1597461510,Python,PyPy3 (7.3.0),py,Accepted,190.0,85636.0,443,
s353798226,p02973,u190761897,1597456785,C++,C++ (GCC 9.2.1),cpp,Accepted,66.0,8148.0,862,
s525295229,p02973,u191874006,1597429506,Python,PyPy3 (7.3.0),py,Accepted,127.0,79056.0,689,
s811390433,p02973,u135346354,1597381440,Python,PyPy3 (7.3.0),py,Accepted,780.0,86548.0,360,
s444099721,p02973,u135346354,1597381390,Python,Python (3.8.2),py,Accepted,1803.0,13564.0,360,
s974492691,p02973,u783675879,1597360660,C++,C++ (GCC 9.2.1),cpp,Accepted,196.0,15000.0,8709,
s523902742,p02973,u086503932,1597331788,Python,Python (3.8.2),py,Accepted,315.0,13832.0,606,
s015829947,p02973,u047796752,1597329719,C++,C++ (GCC 9.2.1),cpp,Accepted,48.0,8280.0,471,
s955767062,p02973,u469315559,1597298197,C++,C++ (GCC 9.2.1),cpp,Accepted,49.0,4156.0,595,
s612852275,p02973,u834771741,1597294049,C++,C++ (GCC 9.2.1),cpp,Accepted,65.0,8596.0,1162,
s762574224,p02973,u309168663,1597286477,C++,C++ (GCC 9.2.1),cpp,Accepted,53.0,4372.0,479,
s164763127,p02973,u317379170,1597285403,C++,C++ (GCC 9.2.1),cpp,Accepted,1441.0,3952.0,530,
s644353626,p02973,u858107870,1597280745,C++,C++ (GCC 9.2.1),cpp,Accepted,48.0,8240.0,828,
s774115222,p02973,u361381049,1597258306,Python,PyPy3 (7.3.0),py,Accepted,207.0,83916.0,545,
s587605617,p02973,u126146165,1597254788,C++,C++ (GCC 9.2.1),cpp,Accepted,50.0,3744.0,418,
s644666744,p02973,u446766335,1597253916,C++,C++ (GCC 9.2.1),cpp,Accepted,49.0,3968.0,620,
s935417367,p02973,u662615460,1597239309,Python,Python (3.8.2),py,Accepted,194.0,13884.0,244,
s868150818,p02973,u285891772,1597214196,Python,Python (3.8.2),py,Accepted,127.0,16032.0,1172,
s484637261,p02973,u836311327,1597192438,Python,Python (3.8.2),py,Accepted,108.0,13540.0,417,
s731102257,p02973,u135454978,1597191403,Python,Python (3.8.2),py,Accepted,322.0,12696.0,652,
s974617763,p02973,u135454978,1597191303,Python,PyPy3 (7.3.0),py,Accepted,108.0,77492.0,1667,
s518021125,p02973,u852862907,1597184089,C++,C++ (GCC 9.2.1),cpp,Accepted,69.0,8616.0,4096,
s507810413,p02973,u954976049,1597182277,C++,C++ (GCC 9.2.1),cpp,Accepted,459.0,4540.0,696,
s908860558,p02973,u285891772,1597182196,Python,Python (3.8.2),py,Accepted,356.0,15024.0,1187,
s386144463,p02973,u285358283,1597176608,Python,Python (3.8.2),py,Accepted,207.0,14576.0,259,
s598146282,p02973,u285358283,1597176585,Python,PyPy3 (7.3.0),py,Accepted,230.0,82148.0,259,
s462571684,p02973,u211109468,1597172556,Python,PyPy3 (7.3.0),py,Accepted,223.0,79088.0,223,
s038841180,p02973,u211109468,1597172271,Python,PyPy3 (7.3.0),py,Accepted,193.0,84876.0,214,
s815885270,p02973,u425184437,1597128108,Python,Python (3.8.2),py,Accepted,218.0,13696.0,240,
s610895468,p02973,u089177147,1597120150,C++,C++ (GCC 9.2.1),cpp,Accepted,47.0,8660.0,1387,
s270956473,p02973,u457901067,1597110436,Python,Python (3.8.2),py,Accepted,202.0,14508.0,593,
s063092559,p02973,u265359795,1597109967,C++,C++ (GCC 9.2.1),cpp,Accepted,33.0,4112.0,470,
s854069890,p02973,u723843066,1597090602,C++,C++ (GCC 9.2.1),cpp,Accepted,50.0,3884.0,1718,
s691586494,p02973,u915401678,1597073602,C++,C++ (GCC 9.2.1),cpp,Accepted,48.0,4268.0,775,
s749843080,p02973,u222668979,1597067144,Python,PyPy3 (7.3.0),py,Accepted,207.0,81704.0,192,
s680351353,p02973,u222668979,1597066775,Python,PyPy3 (7.3.0),py,Accepted,190.0,84956.0,252,
s160386934,p02973,u654470292,1597025134,Python,Python (3.8.2),py,Accepted,141.0,14300.0,701,
s084852951,p02973,u658401995,1597022396,C++,C++ (GCC 9.2.1),cpp,Accepted,56.0,4840.0,767,
s484539537,p02973,u028582153,1597020380,C++,C++ (GCC 9.2.1),cpp,Accepted,50.0,4232.0,700,
s400681766,p02973,u929618357,1597000391,C++,C++ (GCC 9.2.1),cpp,Accepted,50.0,3996.0,508,
s357088743,p02973,u923270446,1596954249,Python,Python (3.8.2),py,Accepted,186.0,14312.0,199,
s166902938,p02973,u801916231,1596948899,C++,C++ (GCC 9.2.1),cpp,Accepted,51.0,3952.0,406,
s178416190,p02973,u945078804,1596921743,C++,C++ (GCC 9.2.1),cpp,Accepted,31.0,7440.0,1372,
s758027213,p02973,u029000441,1596914885,Python,Python (3.8.2),py,Accepted,133.0,13852.0,1071,
s070783741,p02973,u367701763,1596870286,Python,PyPy3 (7.3.0),py,Accepted,116.0,97276.0,436,
s354849441,p02973,u367701763,1596869924,Python,PyPy3 (7.3.0),py,Accepted,114.0,77852.0,424,
s562988260,p02973,u367701763,1596869157,Python,PyPy3 (7.3.0),py,Accepted,103.0,83716.0,421,
s860951005,p02973,u367701763,1596868118,Python,PyPy3 (7.3.0),py,Accepted,134.0,79404.0,467,
s297134771,p02973,u474448122,1596787887,C++,C++ (GCC 9.2.1),cpp,Accepted,64.0,8192.0,546,
s978855675,p02973,u171059364,1596763183,C++,C++ (GCC 9.2.1),cpp,Accepted,48.0,4024.0,1038,
s669050059,p02973,u905203728,1596746551,Python,Python (3.8.2),py,Accepted,186.0,13856.0,258,
s132480515,p02973,u603234915,1596744643,C++,C++ (GCC 9.2.1),cpp,Accepted,50.0,4036.0,750,
s029625259,p02973,u905203728,1596734573,Python,PyPy3 (7.3.0),py,Accepted,191.0,82508.0,257,
s771563218,p02973,u754114382,1596683098,C++,C++ (GCC 9.2.1),cpp,Accepted,54.0,4048.0,374,
s368195196,p02973,u983681697,1596680285,C++,C++ (GCC 9.2.1),cpp,Accepted,49.0,3972.0,306,
s835837902,p02973,u936985471,1596679913,Python,Python (3.8.2),py,Accepted,103.0,12724.0,249,
s632913600,p02973,u733814820,1596675080,C++,C++ (GCC 9.2.1),cpp,Accepted,30.0,3776.0,1466,
s090136174,p02973,u580204478,1596519360,C++,C++ (Clang 10.0.0),cpp,Accepted,108.0,7868.0,1745,
s494643692,p02973,u047452365,1596487553,C++,C++ (GCC 9.2.1),cpp,Accepted,50.0,5216.0,623,
s152682917,p02973,u412388056,1596407475,C++,C++ (GCC 9.2.1),cpp,Accepted,1512.0,5024.0,3403,
s872350115,p02973,u539011156,1596404429,C++,C++ (GCC 9.2.1),cpp,Accepted,69.0,8212.0,4618,
s037632282,p02973,u209767598,1596394456,C++,C++ (GCC 9.2.1),cpp,Accepted,48.0,3904.0,769,
s748369765,p02973,u919867411,1596391531,C++,C++ (GCC 9.2.1),cpp,Accepted,51.0,3784.0,1037,
s678173661,p02973,u370785250,1596381598,C++,C++ (GCC 9.2.1),cpp,Accepted,50.0,4048.0,1378,
s994221079,p02973,u682672120,1596336589,Python,PyPy3 (7.3.0),py,Accepted,193.0,80204.0,240,
s958805058,p02973,u755310927,1596333022,C++,C++ (GCC 9.2.1),cpp,Accepted,71.0,8688.0,825,
s673857953,p02973,u328811800,1596331134,C++,C++ (GCC 9.2.1),cpp,Accepted,50.0,8584.0,1259,
s751818609,p02973,u859566721,1596330745,C++,C++ (GCC 9.2.1),cpp,Accepted,47.0,3908.0,478,
s394758441,p02973,u153607901,1596325339,C++,C++ (GCC 9.2.1),cpp,Accepted,51.0,5016.0,1510,
s263439218,p02973,u999788719,1596304939,C++,C++ (GCC 9.2.1),cpp,Accepted,327.0,3868.0,990,
s950326993,p02973,u495704746,1596286891,C++,C++ (GCC 9.2.1),cpp,Accepted,76.0,8216.0,580,
s302150442,p02973,u053980422,1596270291,C++,C++ (GCC 9.2.1),cpp,Accepted,46.0,8344.0,947,
s383099259,p02973,u620269708,1596250715,C++,C++ (GCC 9.2.1),cpp,Accepted,50.0,5016.0,396,
s228713103,p02973,u620269708,1596250643,C++,C++ (GCC 9.2.1),cpp,Accepted,48.0,5040.0,441,
s857109701,p02973,u620269708,1596250440,C++,C++ (GCC 9.2.1),cpp,Accepted,52.0,4768.0,448,
s401986786,p02973,u620269708,1596250052,C++,C++ (GCC 9.2.1),cpp,Accepted,67.0,8712.0,435,
s867352197,p02973,u515131769,1596214147,C++,C++ (GCC 9.2.1),cpp,Accepted,63.0,8212.0,365,
s539606492,p02973,u057109575,1596204956,Python,PyPy3 (7.3.0),py,Accepted,227.0,81620.0,220,
s063796690,p02973,u790710233,1596164675,Python,Python (3.8.2),py,Accepted,202.0,12468.0,194,
s920383551,p02973,u790710233,1596164369,Python,Python (3.8.2),py,Accepted,200.0,13480.0,183,
s722432116,p02973,u073852194,1596163993,Python,PyPy3 (7.3.0),py,Accepted,115.0,85372.0,392,
s048175427,p02973,u970197315,1596133991,Python,PyPy3 (7.3.0),py,Accepted,196.0,86928.0,352,
s742497441,p02973,u477233273,1596128315,C++,C++ (GCC 9.2.1),cpp,Accepted,72.0,8224.0,927,
s505700625,p02973,u193264896,1596114591,Python,Python (3.8.2),py,Accepted,93.0,13896.0,445,
s892329028,p02973,u595730036,1596081969,C++,C++ (GCC 9.2.1),cpp,Accepted,50.0,4016.0,960,
s816703793,p02973,u442810826,1596033492,C++,C++ (GCC 9.2.1),cpp,Accepted,679.0,8196.0,5073,
s929952898,p02973,u575653048,1596028879,C++,C++ (GCC 9.2.1),cpp,Accepted,49.0,3828.0,938,
s925773379,p02973,u135957438,1596014859,C++,C++ (GCC 9.2.1),cpp,Accepted,49.0,3948.0,433,
s966374521,p02973,u860883332,1596009453,C++,C++ (GCC 9.2.1),cpp,Accepted,657.0,4632.0,381,
s669406361,p02973,u225388820,1595999821,Python,Python (3.8.2),py,Accepted,180.0,13776.0,293,
s694413538,p02973,u225388820,1595999758,Python,PyPy3 (7.3.0),py,Accepted,198.0,81508.0,214,
s569496470,p02973,u225388820,1595988558,C++,C++ (GCC 9.2.1),cpp,Accepted,46.0,8232.0,506,
s925692304,p02973,u225388820,1595988419,C++,C++ (GCC 9.2.1),cpp,Accepted,49.0,8292.0,1490,
s685313705,p02973,u113971909,1595938735,Python,Python (3.8.2),py,Accepted,1786.0,12932.0,320,
s397709579,p02973,u175426149,1595905880,C++,C++ (GCC 9.2.1),cpp,Accepted,44.0,8220.0,558,
s963762695,p02973,u567906952,1595902130,C++,C++ (GCC 9.2.1),cpp,Accepted,656.0,4996.0,870,
s405895945,p02973,u934469795,1595888332,C++,C++ (GCC 9.2.1),cpp,Accepted,71.0,8200.0,542,
s279164403,p02973,u588369531,1595816147,C++,C++ (GCC 9.2.1),cpp,Accepted,30.0,5028.0,8358,
s609946127,p02973,u166378830,1595815308,C++,C++ (GCC 9.2.1),cpp,Accepted,50.0,4340.0,508,
s710172525,p02973,u814715203,1595796302,C++,C++ (GCC 9.2.1),cpp,Accepted,48.0,4856.0,1453,
s173879600,p02973,u883725898,1595788679,C++,C++ (GCC 9.2.1),cpp,Accepted,49.0,4364.0,413,
s957502514,p02973,u670898337,1595784863,C++,C++ (GCC 9.2.1),cpp,Accepted,48.0,4316.0,362,
s322415692,p02973,u192061265,1595756430,C++,C++ (GCC 9.2.1),cpp,Accepted,145.0,4756.0,2443,
s598126385,p02973,u940102677,1595744052,C++,C++ (GCC 9.2.1),cpp,Accepted,72.0,8960.0,445,
s312281246,p02973,u154898295,1595724347,C++,C++ (GCC 9.2.1),cpp,Accepted,51.0,4400.0,521,
s580826866,p02973,u960071235,1595723297,C++,C++ (GCC 9.2.1),cpp,Accepted,70.0,8332.0,2089,
s539998955,p02973,u724092141,1595709874,C++,C++ (GCC 9.2.1),cpp,Accepted,27.0,4268.0,773,
s996667184,p02973,u875407613,1595694431,C++,C++ (GCC 9.2.1),cpp,Accepted,55.0,8712.0,591,
s433140551,p02973,u135626132,1595692433,C++,C++ (GCC 9.2.1),cpp,Accepted,48.0,4296.0,661,
s342047158,p02973,u899782392,1595689922,Python,Python (3.8.2),py,Accepted,429.0,13848.0,266,
s153017663,p02973,u412039195,1595650458,C++,C++ (GCC 9.2.1),cpp,Accepted,30.0,4248.0,642,
s596066042,p02973,u845608451,1595627882,C++,C++ (GCC 9.2.1),cpp,Accepted,49.0,4044.0,562,
s005675892,p02973,u089177147,1595623019,C++,C++ (GCC 9.2.1),cpp,Accepted,51.0,8688.0,1413,
s982577215,p02973,u814781830,1595601817,Python,PyPy3 (7.3.0),py,Accepted,188.0,85556.0,260,
s876272335,p02973,u814781830,1595601499,Python,PyPy3 (7.3.0),py,Accepted,791.0,86020.0,250,
s766083736,p02973,u268551819,1595591210,C++,C++ (GCC 9.2.1),cpp,Accepted,376.0,4036.0,781,
s969455963,p02973,u644497121,1595574530,C++,C++ (GCC 9.2.1),cpp,Accepted,75.0,5776.0,1692,
s899249997,p02973,u687667446,1595570115,C++,C++ (GCC 9.2.1),cpp,Accepted,38.0,12788.0,3182,
s578841697,p02973,u835523614,1595569073,C++,C++ (GCC 9.2.1),cpp,Accepted,68.0,8296.0,436,
s171250150,p02973,u576432509,1595564673,Python,Python (3.8.2),py,Accepted,204.0,13608.0,331,
s628246146,p02973,u576432509,1595564567,Python,PyPy3 (7.3.0),py,Accepted,200.0,76484.0,540,
s395982536,p02973,u401686269,1595549048,Python,PyPy3 (7.3.0),py,Accepted,223.0,76872.0,387,
s409409172,p02973,u919730120,1595517687,Python,Python (3.8.2),py,Accepted,186.0,14492.0,191,
s200226531,p02973,u832995587,1595499771,C++,C++ (GCC 9.2.1),cpp,Accepted,50.0,4952.0,6717,
s881995521,p02973,u222188267,1595471489,C++,C++ (GCC 9.2.1),cpp,Accepted,53.0,4808.0,1368,
s497427153,p02973,u424768586,1595466399,Python,PyPy3 (7.3.0),py,Accepted,158.0,88652.0,2857,
s585197053,p02973,u489959379,1595433918,Python,Python (3.8.2),py,Accepted,319.0,13812.0,521,
s838716730,p02973,u266874640,1595381036,C++,C++ (GCC 9.2.1),cpp,Accepted,51.0,4828.0,1082,
s488898105,p02973,u605168157,1595367231,C++,C++ (GCC 9.2.1),cpp,Accepted,50.0,4292.0,729,
s037339389,p02973,u118868154,1595364098,C++,C++ (GCC 9.2.1),cpp,Accepted,49.0,5464.0,1351,
s030195023,p02973,u118868154,1595364018,C++,C++ (GCC 9.2.1),cpp,Accepted,47.0,5548.0,3293,
s330021376,p02973,u605168157,1595355615,C++,C++ (GCC 9.2.1),cpp,Accepted,347.0,3908.0,689,
s813930415,p02973,u767543103,1595314536,C++,C++ (GCC 9.2.1),cpp,Accepted,69.0,8744.0,55971,
s895710842,p02973,u762557532,1595300447,Python,PyPy3 (7.3.0),py,Accepted,825.0,80604.0,1465,
s015931161,p02973,u414444658,1595296272,C++,C++ (GCC 9.2.1),cpp,Accepted,55.0,8552.0,2527,
s803793581,p02973,u818349438,1595265555,C++,C++ (GCC 9.2.1),cpp,Accepted,50.0,4788.0,2005,
s333055166,p02973,u698741861,1595258030,C++,C++ (GCC 9.2.1),cpp,Accepted,49.0,4000.0,557,
s858556159,p02973,u570770016,1595231634,C++,C++ (GCC 9.2.1),cpp,Accepted,74.0,8572.0,441,
s069061633,p02973,u502772848,1595204149,C++,C++ (GCC 9.2.1),cpp,Accepted,54.0,8276.0,1291,
s299007826,p02973,u322714721,1595192899,C++,C++ (GCC 9.2.1),cpp,Accepted,75.0,8164.0,1319,
s942473765,p02973,u168017191,1595190573,C++,C++ (GCC 9.2.1),cpp,Accepted,48.0,5020.0,2229,
s634328000,p02973,u499675841,1595103998,C++,C++ (GCC 9.2.1),cpp,Accepted,52.0,8308.0,2149,
s061063308,p02973,u377907412,1595099726,C++,C++ (GCC 9.2.1),cpp,Accepted,30.0,4776.0,2087,
s990647576,p02973,u356539385,1595084053,C++,C++ (GCC 9.2.1),cpp,Accepted,67.0,8120.0,722,
s441462270,p02973,u192061265,1595069482,C++,C++ (GCC 9.2.1),cpp,Accepted,178.0,4644.0,2476,
s439721458,p02973,u192061265,1595068627,C++,C++ (GCC 9.2.1),cpp,Accepted,171.0,4752.0,2237,
s335884127,p02973,u722640678,1595066707,C++,C++ (GCC 9.2.1),cpp,Accepted,72.0,10448.0,4593,
s877739968,p02973,u192061265,1595064066,C++,C++ (GCC 9.2.1),cpp,Accepted,147.0,4752.0,3753,
s865303456,p02973,u568353080,1595044549,C++,C++ (GCC 9.2.1),cpp,Accepted,32.0,4780.0,1610,
s715597991,p02973,u604329931,1595042197,C++,C++ (GCC 9.2.1),cpp,Accepted,31.0,3992.0,1570,
s890044275,p02973,u397944802,1595021468,C++,C++ (GCC 9.2.1),cpp,Accepted,416.0,12680.0,3459,
s845322536,p02973,u108540384,1595008940,C++,C++ (GCC 9.2.1),cpp,Accepted,68.0,8204.0,464,
s034555225,p02973,u866538547,1595002035,C++,C++ (GCC 9.2.1),cpp,Accepted,32.0,4164.0,641,
s420560388,p02973,u953463534,1594989432,C++,C++ (GCC 9.2.1),cpp,Accepted,35.0,4580.0,862,
s758058382,p02973,u208059640,1594919274,C++,C++ (GCC 9.2.1),cpp,Accepted,51.0,4760.0,724,
s988760124,p02973,u589099084,1594839053,C++,C++ (GCC 9.2.1),cpp,Accepted,78.0,10644.0,3151,
s684884252,p02973,u089230684,1594839051,C++,C++ (GCC 9.2.1),cpp,Accepted,76.0,10460.0,3151,
s708318703,p02973,u493130708,1594787671,Python,PyPy3 (7.3.0),py,Accepted,141.0,83608.0,3726,
s623927135,p02973,u809967037,1594763987,C++,C++ (GCC 9.2.1),cpp,Accepted,31.0,4804.0,6862,
s958742818,p02973,u714724786,1594687711,C++,C++ (GCC 9.2.1),cpp,Accepted,67.0,8240.0,1800,
s987511862,p02973,u268750247,1594622939,C++,C++ (GCC 9.2.1),cpp,Accepted,50.0,8972.0,1531,
s875323337,p02973,u253650710,1594621889,C++,C++ (GCC 9.2.1),cpp,Accepted,64.0,8492.0,524,
s025019864,p02973,u000120715,1594614832,C++,C++ (GCC 9.2.1),cpp,Accepted,56.0,4768.0,689,
s936316713,p02973,u688789047,1594602878,C++,C++ (GCC 9.2.1),cpp,Accepted,51.0,8120.0,672,
s271562413,p02973,u221780420,1594598125,C++,C++ (GCC 9.2.1),cpp,Accepted,67.0,8564.0,745,
s987106839,p02973,u045289115,1594594225,C++,C++ (GCC 9.2.1),cpp,Accepted,48.0,8208.0,383,
s459976548,p02973,u601256797,1594588257,C++,C++ (GCC 9.2.1),cpp,Accepted,51.0,4768.0,878,
s046477276,p02973,u901282405,1594587771,C++,C++ (GCC 9.2.1),cpp,Accepted,51.0,4764.0,2068,
s531257005,p02973,u730769327,1594556556,Python,Python (3.8.2),py,Accepted,210.0,13552.0,204,
s316801425,p02973,u729073980,1594554783,C++,C++ (GCC 9.2.1),cpp,Accepted,167.0,21152.0,5408,
s870522053,p02973,u466335531,1594511521,C++,C++ (GCC 9.2.1),cpp,Accepted,52.0,4020.0,1163,
s919706208,p02973,u466335531,1594510758,C++,C++ (GCC 9.2.1),cpp,Accepted,50.0,4052.0,453,
s046209181,p02973,u466335531,1594510425,C++,C++ (GCC 9.2.1),cpp,Accepted,50.0,4036.0,397,
s633031692,p02973,u452157159,1594451123,C++,C++ (GCC 9.2.1),cpp,Accepted,53.0,5636.0,1253,
s677175087,p02973,u503228842,1594447684,Python,Python (3.8.2),py,Accepted,192.0,13600.0,301,
s667114194,p02973,u243196226,1594445488,C++,C++ (GCC 9.2.1),cpp,Accepted,44.0,8240.0,1300,
s021062524,p02973,u243196226,1594445360,C++,C++ (GCC 9.2.1),cpp,Accepted,51.0,8312.0,1263,
s273592656,p02973,u243196226,1594445129,C++,C++ (GCC 9.2.1),cpp,Accepted,47.0,8200.0,1429,
s502862873,p02973,u723711163,1594432016,Python,PyPy3 (7.3.0),py,Accepted,390.0,79272.0,279,
s938182236,p02973,u622045059,1594431005,C++,C++ (GCC 9.2.1),cpp,Accepted,52.0,4688.0,1182,
s542631092,p02973,u622045059,1594430784,C++,C++ (GCC 9.2.1),cpp,Accepted,57.0,4488.0,1326,
s706404618,p02973,u221285045,1594426310,C++,C++ (GCC 9.2.1),cpp,Accepted,33.0,5016.0,2202,
s888452737,p02973,u119148115,1594416886,Python,PyPy3 (7.3.0),py,Accepted,128.0,77456.0,448,
s985042022,p02973,u119148115,1594416699,Python,PyPy3 (7.3.0),py,Accepted,227.0,77748.0,445,
s571570645,p02973,u298620933,1594416609,C++,C++ (GCC 9.2.1),cpp,Accepted,69.0,8136.0,920,
s988750107,p02973,u943070796,1594416280,C++,C++ (GCC 9.2.1),cpp,Accepted,49.0,9052.0,22940,
s272590913,p02973,u870575557,1594410881,C++,C++ (GCC 9.2.1),cpp,Accepted,75.0,8556.0,480,
s924498458,p02973,u298620933,1594404418,C++,C++ (GCC 9.2.1),cpp,Accepted,69.0,8236.0,1005,
s321133382,p02973,u423624748,1594402406,C++,C++ (GCC 9.2.1),cpp,Accepted,73.0,8272.0,385,
s564357843,p02973,u548791035,1594389148,C++,C++ (GCC 9.2.1),cpp,Accepted,56.0,9780.0,1223,
s163139963,p02973,u489302942,1594357123,C++,C++ (GCC 9.2.1),cpp,Accepted,346.0,3852.0,475,
s338432684,p02973,u197955752,1594350663,Python,Python (3.8.2),py,Accepted,272.0,13636.0,576,
s239923095,p02973,u596505843,1594345784,Python,PyPy3 (7.3.0),py,Accepted,294.0,73704.0,648,
s720418574,p02973,u596505843,1594345197,Python,PyPy3 (7.3.0),py,Accepted,304.0,78444.0,507,
s542210799,p02973,u128572736,1594272533,C++,C++ (GCC 9.2.1),cpp,Accepted,50.0,4576.0,1993,
s845584433,p02973,u197955752,1594264368,Python,Python (3.8.2),py,Accepted,270.0,13564.0,509,
s358103198,p02973,u869306730,1594245408,C++,C++ (GCC 9.2.1),cpp,Accepted,52.0,8312.0,1821,
s174098780,p02973,u489959379,1594231443,Python,Python (3.8.2),py,Accepted,322.0,13708.0,588,
s671275391,p02973,u625046108,1594184626,Python,PyPy3 (7.3.0),py,Accepted,363.0,77036.0,234,
s404032718,p02973,u488758942,1594175894,C++,C++ (GCC 9.2.1),cpp,Accepted,35.0,4864.0,1313,
s487439572,p02973,u748577909,1594164276,C++,C++ (GCC 9.2.1),cpp,Accepted,28.0,4016.0,987,
s918505225,p02973,u455366471,1594121731,C++,C++ (GCC 9.2.1),cpp,Accepted,69.0,8584.0,518,
s605168811,p02973,u141642872,1594116641,C++,C++ (GCC 9.2.1),cpp,Accepted,50.0,4036.0,533,
s919656804,p02973,u941028483,1594100794,C++,C++ (GCC 9.2.1),cpp,Accepted,70.0,8296.0,1373,
s203238240,p02973,u387371565,1594094250,C++,C++ (GCC 9.2.1),cpp,Accepted,48.0,4316.0,498,
s635404827,p02973,u371555975,1594080045,C++,C++ (GCC 9.2.1),cpp,Accepted,29.0,4976.0,566,
s140109760,p02973,u435416250,1594011488,C++,C++ (GCC 9.2.1),cpp,Accepted,48.0,9032.0,2709,
s405567166,p02973,u934442292,1593990716,Python,Python (3.8.2),py,Accepted,96.0,16908.0,449,
s896228209,p02973,u934442292,1593990456,Python,Python (3.8.2),py,Accepted,1686.0,13580.0,419,
s501247335,p02973,u211255607,1593990230,C++,C++ (GCC 9.2.1),cpp,Accepted,51.0,8284.0,1366,
s978943922,p02973,u934442292,1593989797,Python,Python (3.8.2),py,Accepted,1630.0,13616.0,419,
s959577771,p02973,u237390401,1593972022,C++,C++ (GCC 9.2.1),cpp,Accepted,51.0,4816.0,545,
s364853121,p02973,u612975321,1593959454,Python,Python (3.8.2),py,Accepted,197.0,13892.0,461,
s104798421,p02973,u264265458,1593930642,C++,C++ (GCC 9.2.1),cpp,Accepted,49.0,4004.0,329,
s681661456,p02973,u264265458,1593930465,C++,C++ (GCC 9.2.1),cpp,Accepted,29.0,4800.0,3688,
s576457235,p02973,u197955752,1593925303,Python,Python (3.8.2),py,Accepted,417.0,14036.0,275,
s376863324,p02973,u036104576,1593918878,Python,Python (3.8.2),py,Accepted,736.0,13664.0,688,
s258211396,p02973,u989345508,1593912750,C++,C++ (GCC 9.2.1),cpp,Accepted,73.0,8580.0,2533,
s103858301,p02973,u707124227,1593912176,Python,PyPy3 (7.3.0),py,Accepted,194.0,85188.0,229,
s555348719,p02973,u106797249,1593898784,Python,Python (3.8.2),py,Accepted,410.0,13984.0,410,
s270399201,p02973,u455366471,1593893827,C++,C++ (GCC 9.2.1),cpp,Accepted,62.0,8540.0,1363,
s665926591,p02973,u687572907,1593873843,C++,C++ (GCC 9.2.1),cpp,Accepted,51.0,4808.0,656,
s499961233,p02973,u207097826,1593869238,Python,PyPy3 (7.3.0),py,Accepted,812.0,84260.0,226,
s704491565,p02973,u607229598,1593838462,C++,C++ (GCC 9.2.1),cpp,Accepted,50.0,4812.0,2539,
s832312435,p02973,u075775814,1593832332,C++,C++ (GCC 9.2.1),cpp,Accepted,51.0,4336.0,434,
s124446841,p02973,u277236383,1593828888,Python,Python (3.8.2),py,Accepted,238.0,13124.0,286,
s079885939,p02973,u277236383,1593828854,Python,PyPy3 (7.3.0),py,Accepted,225.0,76684.0,286,
s820879100,p02973,u277236383,1593828517,Python,PyPy3 (7.3.0),py,Accepted,222.0,77032.0,419,
s982622087,p02973,u736788838,1593827341,C++,C++ (GCC 9.2.1),cpp,Accepted,67.0,8240.0,422,
s062613811,p02973,u736788838,1593826182,C++,C++ (GCC 9.2.1),cpp,Accepted,49.0,3928.0,565,
s274438391,p02973,u121974081,1593795099,C++,C++ (GCC 9.2.1),cpp,Accepted,48.0,3908.0,6460,
s771602014,p02973,u121974081,1593795016,C++,C++ (GCC 9.2.1),cpp,Accepted,46.0,3904.0,6460,
s009468970,p02973,u620480037,1593738798,Python,PyPy3 (7.3.0),py,Accepted,201.0,79676.0,233,
s940327039,p02973,u457483230,1593736096,C++,C++ (GCC 9.2.1),cpp,Accepted,658.0,5024.0,598,
s395670032,p02973,u581094488,1593673205,C++,C++ (GCC 9.2.1),cpp,Accepted,51.0,4020.0,931,
s659685225,p02973,u243714267,1593664486,Python,PyPy3 (7.3.0),py,Accepted,259.0,79420.0,796,
s661673195,p02973,u493520238,1593660346,Python,PyPy3 (7.3.0),py,Accepted,100.0,77440.0,455,
s106458545,p02973,u493520238,1593660276,Python,PyPy3 (7.3.0),py,Accepted,180.0,80644.0,417,
s986456173,p02973,u688660263,1593647218,C++,C++ (Clang 10.0.0),cpp,Accepted,138.0,21084.0,1053,
s706340126,p02973,u422506696,1593620091,C++,C++ (GCC 9.2.1),cpp,Accepted,52.0,4360.0,467,
s334063335,p02973,u590825760,1593559968,C++,C++ (GCC 9.2.1),cpp,Accepted,29.0,4208.0,700,
s415250552,p02973,u590825760,1593559351,C++,C++ (GCC 9.2.1),cpp,Accepted,29.0,4036.0,714,
s425015581,p02973,u590825760,1593559148,C++,C++ (GCC 9.2.1),cpp,Accepted,28.0,4284.0,700,
s124612096,p02973,u590825760,1593554425,C++,C++ (GCC 9.2.1),cpp,Accepted,50.0,5024.0,812,
s355631516,p02973,u787139585,1593548060,C++,C++ (GCC 9.2.1),cpp,Accepted,49.0,4984.0,807,
s231581828,p02973,u787139585,1593547827,C++,C++ (GCC 9.2.1),cpp,Accepted,652.0,5036.0,801,
s335326684,p02973,u167931717,1593523289,C++,C++ (GCC 9.2.1),cpp,Accepted,64.0,11920.0,10689,
s252241867,p02973,u308012928,1593494683,C++,C++ (GCC 9.2.1),cpp,Accepted,64.0,8244.0,356,
s111865021,p02973,u966695319,1593490674,Python,PyPy3 (7.3.0),py,Accepted,371.0,77028.0,479,
s092629261,p02973,u440217234,1593470605,C++,C++ (GCC 9.2.1),cpp,Accepted,30.0,4408.0,576,
s936986985,p02973,u743561048,1593454917,C++,C++ (GCC 9.2.1),cpp,Accepted,50.0,4400.0,258,
s199712783,p02973,u743561048,1593454845,C++,C++ (GCC 9.2.1),cpp,Accepted,49.0,3996.0,296,
s649859242,p02973,u743561048,1593454447,C++,C++ (GCC 9.2.1),cpp,Accepted,49.0,4920.0,297,
s398454280,p02973,u596311864,1593441699,C++,C++ (GCC 9.2.1),cpp,Accepted,53.0,4428.0,656,
s571019441,p02973,u450956662,1593395646,Python,Python (3.8.2),py,Accepted,191.0,14380.0,344,
s337547501,p02973,u057109575,1593390085,Python,PyPy3 (7.3.0),py,Accepted,130.0,92260.0,191,
s866838218,p02973,u297738015,1593364107,C++,C++ (GCC 9.2.1),cpp,Accepted,31.0,4392.0,2373,
s475055129,p02973,u596311864,1593355156,C++,C++ (GCC 9.2.1),cpp,Accepted,52.0,3956.0,706,
s383370145,p02973,u877847737,1593353479,C++,C++ (GCC 9.2.1),cpp,Accepted,49.0,3900.0,972,
s499008709,p02973,u822197137,1593311206,C++,C++ (GCC 9.2.1),cpp,Accepted,46.0,8684.0,541,
s004347078,p02973,u740054550,1593305150,C++,C++ (GCC 9.2.1),cpp,Accepted,51.0,4788.0,2451,
s430920295,p02973,u195036695,1593297437,C++,C++ (GCC 9.2.1),cpp,Accepted,49.0,3872.0,2456,
s441913931,p02973,u762160119,1593286890,C++,C++ (GCC 9.2.1),cpp,Accepted,49.0,4760.0,754,
s809261917,p02973,u673211643,1593274307,C++,C++ (GCC 9.2.1),cpp,Accepted,69.0,8604.0,2197,
s740803490,p02973,u673211643,1593273313,C++,C++ (GCC 9.2.1),cpp,Accepted,48.0,4024.0,2272,
s981153962,p02973,u673211643,1593273009,C++,C++ (GCC 9.2.1),cpp,Accepted,49.0,4032.0,2421,
s479667469,p02973,u866535689,1593272772,C++,C++ (GCC 9.2.1),cpp,Accepted,34.0,3980.0,630,
s542979858,p02973,u763976642,1593253072,C++,C++ (GCC 9.2.1),cpp,Accepted,75.0,8936.0,578,
s703162501,p02973,u558667782,1593205025,C++,C++ (GCC 9.2.1),cpp,Accepted,122.0,14704.0,2430,
s411116907,p02973,u842028864,1593198151,C++,C++ (GCC 9.2.1),cpp,Accepted,48.0,4204.0,635,
s872590962,p02973,u801049006,1593187318,Python,Python (3.8.2),py,Accepted,420.0,13780.0,280,
s119784370,p02973,u516525290,1593137610,C++,C++ (Clang 10.0.0),cpp,Accepted,89.0,4404.0,1572,
s066320574,p02973,u766484742,1593137429,C++,C++ (Clang 10.0.0),cpp,Accepted,90.0,3452.0,636,
s944593940,p02973,u648901783,1593136088,Python,PyPy3 (7.3.0),py,Accepted,807.0,85096.0,273,
s680892067,p02973,u306950978,1593123538,Python,PyPy3 (7.3.0),py,Accepted,182.0,80396.0,223,
s222153722,p02973,u633967774,1593119121,C++,C++ (GCC 9.2.1),cpp,Accepted,50.0,3964.0,587,
s987427422,p02973,u856095980,1593073463,C++,C++ (GCC 9.2.1),cpp,Accepted,69.0,8648.0,1664,
s560428923,p02973,u892487306,1593061193,Python,Python (3.8.2),py,Accepted,180.0,13824.0,374,
s568561659,p02973,u153390822,1593054376,C++,C++ (GCC 9.2.1),cpp,Accepted,59.0,11796.0,5710,
s794263454,p02973,u548303713,1593044954,C++,C++ (GCC 9.2.1),cpp,Accepted,49.0,8184.0,1086,
s822813298,p02973,u600402037,1593041338,C++,C++ (GCC 9.2.1),cpp,Accepted,52.0,3944.0,435,
s450270216,p02973,u628332144,1593029728,C++,C++ (GCC 9.2.1),cpp,Accepted,69.0,8220.0,846,
s342283436,p02973,u596311864,1593013511,C++,C++ (GCC 9.2.1),cpp,Accepted,53.0,4432.0,785,
s502701977,p02973,u031178961,1593009026,C++,C++ (GCC 9.2.1),cpp,Accepted,73.0,8288.0,517,
s537358569,p02973,u116774833,1592984691,C++,C++ (GCC 9.2.1),cpp,Accepted,51.0,4468.0,1047,
s855505469,p02973,u768347697,1592969622,C++,C++ (GCC 9.2.1),cpp,Accepted,50.0,5044.0,934,
s210859468,p02973,u287132915,1592962315,Python,PyPy3 (7.3.0),py,Accepted,194.0,85964.0,412,
s614146843,p02973,u132371041,1592948824,C++,C++ (GCC 9.2.1),cpp,Accepted,33.0,8356.0,2901,
s352962952,p02973,u603234915,1592939749,C++,C++ (GCC 9.2.1),cpp,Accepted,47.0,3884.0,723,
s277448594,p02973,u715366261,1592929019,C++,C++ (GCC 9.2.1),cpp,Accepted,69.0,8284.0,860,
s753556985,p02973,u266643907,1592925688,C++,C++ (GCC 9.2.1),cpp,Accepted,46.0,8660.0,1500,
s578167840,p02973,u223663729,1592924999,Python,PyPy3 (7.3.0),py,Accepted,125.0,92288.0,234,
s500329813,p02973,u009414205,1592924036,C++,C++ (GCC 9.2.1),cpp,Accepted,33.0,3964.0,1446,
s957462365,p02973,u898749314,1592923981,C++,C++ (GCC 9.2.1),cpp,Accepted,50.0,8172.0,926,
s172920876,p02973,u898749314,1592923964,C++,C++ (GCC 9.2.1),cpp,Accepted,49.0,8324.0,954,
s760090336,p02973,u596311864,1592920621,C++,C++ (GCC 9.2.1),cpp,Accepted,51.0,4428.0,681,
s590402974,p02973,u652423305,1592919948,C++,C++ (Clang 10.0.0),cpp,Accepted,83.0,3936.0,3273,
s172261721,p02973,u678167152,1592915113,Python,Python (3.8.2),py,Accepted,174.0,13724.0,337,
s492812070,p02973,u275797573,1592914604,C++,C++ (Clang 10.0.0),cpp,Accepted,110.0,8276.0,7022,
s336395723,p02973,u888092736,1592914579,Python,Python (3.8.2),py,Accepted,421.0,20660.0,413,
s551360142,p02973,u415325136,1592913858,C++,C++ (GCC 9.2.1),cpp,Accepted,30.0,4756.0,726,
s589477593,p02973,u046158516,1592913623,Python,PyPy3 (7.3.0),py,Accepted,196.0,75588.0,327,
s874127275,p02973,u227082700,1592912833,Python,Python (3.8.2),py,Accepted,188.0,16848.0,166,
s300373834,p02973,u168579419,1592912830,C++,C++ (GCC 9.2.1),cpp,Accepted,30.0,5096.0,3485,
s281590857,p02973,u504103417,1592912676,C++,C++ (GCC 9.2.1),cpp,Accepted,48.0,4384.0,471,
s089684833,p02973,u090355213,1592908759,C++,C++ (GCC 9.2.1),cpp,Accepted,415.0,9716.0,1613,
s589345009,p02973,u505122009,1592896232,C++,C++ (GCC 9.2.1),cpp,Accepted,69.0,8200.0,1497,
s381994380,p02973,u714642046,1592878340,C++,C++ (GCC 9.2.1),cpp,Accepted,49.0,4336.0,931,
s219940653,p02973,u867848444,1592869411,Python,Python (3.8.2),py,Accepted,183.0,13728.0,293,
s102573052,p02973,u478462004,1592866936,C++,C++ (GCC 9.2.1),cpp,Accepted,49.0,4844.0,699,
s015257263,p02973,u992910889,1592838794,Python,PyPy3 (7.3.0),py,Accepted,222.0,87952.0,1679,
s565378686,p02973,u868132236,1592825382,C++,C++ (GCC 9.2.1),cpp,Accepted,48.0,3936.0,338,
s146202638,p02973,u392058778,1592812640,C++,C++ (GCC 9.2.1),cpp,Accepted,49.0,9336.0,1746,
s515563397,p02973,u257162238,1592809338,Python,Python (3.8.2),py,Accepted,102.0,13720.0,629,
s707818984,p02973,u236658355,1592783153,C++,C++ (GCC 9.2.1),cpp,Accepted,49.0,4048.0,743,
s969814949,p02973,u855710796,1592777986,Python,Python (3.8.2),py,Accepted,168.0,15216.0,291,
s453916506,p02973,u855710796,1592774189,Python,Python (3.8.2),py,Accepted,417.0,14608.0,257,
s877170810,p02973,u041513069,1592769931,C++,C++ (GCC 9.2.1),cpp,Accepted,34.0,5060.0,1498,
s799162268,p02973,u145231176,1592768757,Python,PyPy3 (7.3.0),py,Accepted,447.0,82444.0,1464,
s062704044,p02973,u281670674,1592758950,C++,C++ (GCC 9.2.1),cpp,Accepted,48.0,7968.0,770,
s512108947,p02973,u723792785,1592717151,Python,Python (3.8.2),py,Accepted,195.0,14276.0,446,
s092402349,p02973,u418810472,1592709484,C++,C++ (GCC 9.2.1),cpp,Accepted,56.0,4784.0,808,
s936789443,p02973,u968166680,1592706980,Python,Python (3.8.2),py,Accepted,83.0,20116.0,470,
s221921706,p02973,u347640436,1592699248,Python,Python (3.8.2),py,Accepted,1159.0,44040.0,3127,
s006760770,p02973,u364862909,1592694313,Python,PyPy3 (7.3.0),py,Accepted,192.0,84132.0,502,
s679690909,p02973,u601256797,1592690307,C++,C++ (GCC 9.2.1),cpp,Accepted,49.0,4780.0,1065,
s782603752,p02973,u028906014,1592688331,C++,C++ (GCC 9.2.1),cpp,Accepted,49.0,4028.0,435,
s305161546,p02973,u208844959,1592681773,C++,C++ (GCC 9.2.1),cpp,Accepted,68.0,8224.0,824,
s252307715,p02973,u083494782,1592672703,C++,C++ (GCC 9.2.1),cpp,Accepted,69.0,8904.0,528,
s261707613,p02973,u929582923,1592671317,C++,C++ (GCC 9.2.1),cpp,Accepted,49.0,8636.0,2831,
s984321854,p02973,u929582923,1592669708,C++,C++ (GCC 9.2.1),cpp,Accepted,31.0,3992.0,2861,
s928230886,p02973,u087189096,1592666928,C++,C++ (GCC 9.2.1),cpp,Accepted,51.0,3976.0,420,
s963414069,p02973,u191484928,1592666121,C++,C++ (GCC 9.2.1),cpp,Accepted,70.0,8288.0,416,
s322233374,p02973,u191484928,1592666023,C++,C++ (GCC 9.2.1),cpp,Accepted,71.0,8272.0,358,
s942955477,p02973,u847923740,1592656428,Python,PyPy3 (7.3.0),py,Accepted,105.0,82476.0,529,
s862529331,p02973,u075775814,1592637603,C++,C++ (GCC 9.2.1),cpp,Accepted,48.0,4416.0,410,
s868443728,p02973,u075775814,1592634155,C++,C++ (GCC 9.2.1),cpp,Accepted,113.0,18192.0,638,
s055913310,p02973,u134678977,1592627839,C++,C++ (GCC 9.2.1),cpp,Accepted,50.0,4056.0,662,
s183403766,p02973,u112318601,1592623628,C++,C++ (GCC 9.2.1),cpp,Accepted,52.0,5156.0,374,
s729340214,p02973,u476488060,1592621998,C++,C++ (GCC 9.2.1),cpp,Accepted,49.0,5072.0,851,
s201199534,p02973,u062736195,1592620287,C++,C++ (GCC 9.2.1),cpp,Accepted,52.0,4048.0,1045,
s738376612,p02973,u054514819,1592618213,Python,Python (3.8.2),py,Accepted,107.0,13600.0,354,
s193035538,p02973,u197457087,1592618067,Python,Python (3.8.2),py,Accepted,477.0,13568.0,445,
s273802249,p02973,u046158516,1592617245,Python,PyPy3 (7.3.0),py,Accepted,192.0,80668.0,327,
s388806825,p02973,u495881622,1592616922,C++,C++ (GCC 9.2.1),cpp,Accepted,71.0,11900.0,748,
s838433329,p02973,u017078415,1592616835,C++,C++ (GCC 9.2.1),cpp,Accepted,31.0,4580.0,1112,
s275183461,p02973,u134678977,1592616624,C++,C++ (GCC 9.2.1),cpp,Accepted,69.0,8068.0,679,
s799973286,p02973,u168579419,1592616008,C++,C++ (GCC 9.2.1),cpp,Accepted,32.0,5040.0,4785,
s977787441,p02973,u415325136,1592615943,C++,C++ (GCC 9.2.1),cpp,Accepted,30.0,4764.0,740,
s344468705,p02973,u827202523,1592615754,Python,PyPy3 (7.3.0),py,Accepted,108.0,78580.0,817,
s205162892,p02973,u089230684,1592609798,C++,C++ (GCC 9.2.1),cpp,Accepted,48.0,4344.0,503,
s985774166,p02973,u863370423,1592609796,C++,C++ (GCC 9.2.1),cpp,Accepted,32.0,4932.0,424,
s908897196,p02973,u089230684,1592609500,C++,C++ (GCC 9.2.1),cpp,Accepted,49.0,4816.0,322,
s569801610,p02973,u816631826,1592609328,C++,C++ (GCC 9.2.1),cpp,Accepted,51.0,4776.0,426,
s110961088,p02973,u816631826,1592609242,C++,C++ (GCC 9.2.1),cpp,Accepted,52.0,5176.0,552,
s172170811,p02973,u947883560,1592565464,Python,Python (3.8.2),py,Accepted,186.0,17080.0,365,
s968884282,p02973,u947883560,1592565322,Python,Python (3.8.2),py,Accepted,193.0,17680.0,361,
s858688415,p02973,u604238002,1592524946,C++,C++ (GCC 9.2.1),cpp,Accepted,51.0,8612.0,1298,
s175607991,p02973,u807394250,1592515739,C++,C++ (GCC 9.2.1),cpp,Accepted,50.0,4544.0,805,
s698431404,p02973,u807394250,1592515431,C++,C++ (GCC 9.2.1),cpp,Accepted,53.0,4284.0,909,
s379699862,p02973,u089230684,1592467738,C++,C++14 (GCC 5.4.1),cpp,Accepted,48.0,4992.0,521,
s327337871,p02973,u816631826,1592466797,C++,C++14 (GCC 5.4.1),cpp,Accepted,755.0,1660.0,733,
s270902258,p02973,u816631826,1592466150,C++,C++14 (GCC 5.4.1),cpp,Accepted,66.0,4992.0,556,
s156742185,p02973,u018679195,1592466131,C++,C++14 (GCC 5.4.1),cpp,Accepted,16.0,1276.0,1132,
s099785401,p02973,u089230684,1592466117,C++,C++14 (GCC 5.4.1),cpp,Accepted,47.0,4992.0,534,
s331347499,p02973,u018679195,1592465851,C++,C++14 (GCC 5.4.1),cpp,Accepted,42.0,5376.0,700,
s467875526,p02973,u816631826,1592465712,C++,C++14 (GCC 5.4.1),cpp,Accepted,79.0,4992.0,1088,
s689221211,p02973,u018679195,1592465170,C++,C++14 (GCC 5.4.1),cpp,Accepted,53.0,4992.0,623,
s058862259,p02973,u863370423,1592464865,C++,C++14 (GCC 5.4.1),cpp,Accepted,48.0,5376.0,548,
s207462362,p02973,u353919145,1592464594,C++,C++14 (GCC 5.4.1),cpp,Accepted,462.0,6400.0,1611,
s811996060,p02973,u089230684,1592464542,C++,C++14 (GCC 5.4.1),cpp,Accepted,51.0,5376.0,1300,
s538512545,p02973,u018679195,1592464533,C++,C++14 (GCC 5.4.1),cpp,Accepted,47.0,4992.0,574,
s864793235,p02973,u089230684,1592464214,C++,C++14 (GCC 5.4.1),cpp,Accepted,48.0,5240.0,939,
s922777261,p02973,u736647947,1592453346,C++,C++14 (GCC 5.4.1),cpp,Accepted,47.0,5760.0,439,
s178319511,p02973,u543466827,1592446529,C++,C++14 (GCC 5.4.1),cpp,Accepted,100.0,7296.0,555,
s354995058,p02973,u543466827,1592446309,C++,C++14 (GCC 5.4.1),cpp,Accepted,96.0,13568.0,713,
s814830793,p02973,u894339989,1592415138,C++,C++14 (GCC 5.4.1),cpp,Accepted,16.0,1792.0,725,
s663137846,p02973,u584242364,1592358508,C++,C++14 (GCC 5.4.1),cpp,Accepted,40.0,5760.0,1753,
s053482642,p02973,u658243311,1592356956,C++,C++14 (GCC 5.4.1),cpp,Accepted,17.0,1792.0,15196,
s496516099,p02973,u031178961,1592339548,C++,C++14 (GCC 5.4.1),cpp,Accepted,47.0,1276.0,688,
s392089525,p02973,u145483532,1592285881,C++,C++14 (GCC 5.4.1),cpp,Accepted,19.0,1792.0,6773,
s242346137,p02973,u145483532,1592285648,C++,C++14 (GCC 5.4.1),cpp,Accepted,19.0,1792.0,6773,
s618701367,p02973,u852839243,1592285354,C++,C++14 (GCC 5.4.1),cpp,Accepted,19.0,1792.0,6773,
s810114468,p02973,u025287757,1592248792,Python,Python (3.4.3),py,Accepted,471.0,7092.0,785,
s234351258,p02973,u347640436,1592230128,Python,Python (3.4.3),py,Accepted,1572.0,44340.0,3127,
s192591700,p02973,u170199544,1592181832,C++,C++14 (GCC 5.4.1),cpp,Accepted,17.0,1024.0,1139,
s976407790,p02973,u459930111,1592172296,C++,C++14 (GCC 5.4.1),cpp,Accepted,48.0,1024.0,637,
s733001331,p02973,u522293645,1592167445,Python,Python (3.4.3),py,Accepted,248.0,11052.0,515,
s150011934,p02973,u124187388,1592155392,C++,C++14 (GCC 5.4.1),cpp,Accepted,67.0,5760.0,643,
s479078590,p02973,u246343119,1592148161,C++,C++14 (GCC 5.4.1),cpp,Accepted,48.0,4992.0,447,
s744858550,p02973,u968166680,1592114183,Python,Python (3.4.3),py,Accepted,83.0,14092.0,430,
s378552163,p02973,u968166680,1592114095,Python,Python (3.4.3),py,Accepted,84.0,14092.0,391,
s445342529,p02973,u968166680,1592113904,Python,Python (3.4.3),py,Accepted,77.0,14092.0,453,
s278544679,p02973,u997648604,1592095154,Python,PyPy3 (2.4.0),py,Accepted,764.0,47960.0,363,
s180321210,p02973,u596724731,1592086250,C++,C++14 (GCC 5.4.1),cpp,Accepted,1814.0,6400.0,819,
s568504369,p02973,u748241164,1592083494,Python,PyPy3 (2.4.0),py,Accepted,583.0,47192.0,318,
s598430347,p02973,u889915625,1592007168,C++,C++14 (GCC 5.4.1),cpp,Accepted,49.0,5248.0,2255,
s375108296,p02973,u768896740,1592005658,Python,Python (3.4.3),py,Accepted,254.0,7840.0,304,
s800058284,p02973,u163783894,1591996250,Python,Python (3.4.3),py,Accepted,133.0,7840.0,401,
s226257114,p02973,u543584809,1591984243,C++,C++14 (GCC 5.4.1),cpp,Accepted,49.0,1024.0,518,
s599423701,p02973,u887675488,1591971142,C++,C++14 (GCC 5.4.1),cpp,Accepted,51.0,5376.0,1396,
s461650113,p02973,u367701763,1591950436,Python,Python (3.4.3),py,Accepted,262.0,8828.0,345,
s028861770,p02973,u016987091,1591933984,C++,C++14 (GCC 5.4.1),cpp,Accepted,51.0,1792.0,507,
s638772046,p02973,u970197315,1591930730,Python,Python (3.4.3),py,Accepted,251.0,7964.0,196,
s221475162,p02973,u987591601,1591925624,C++,C++14 (GCC 5.4.1),cpp,Accepted,50.0,6144.0,1960,
s382191115,p02973,u850516963,1591891335,C++,C++14 (GCC 5.4.1),cpp,Accepted,48.0,1024.0,3333,
s953910290,p02973,u265250376,1591853609,C++,C++14 (GCC 5.4.1),cpp,Accepted,55.0,1792.0,1555,
s808295934,p02973,u004707990,1591838866,C++,C++14 (GCC 5.4.1),cpp,Accepted,48.0,4992.0,435,
s456069800,p02973,u893063840,1591822284,Python,Python (3.4.3),py,Accepted,230.0,7836.0,237,
s660872210,p02973,u893063840,1591821538,Python,Python (3.4.3),py,Accepted,506.0,8160.0,265,
s420129167,p02973,u866538547,1591804569,C++,C++14 (GCC 5.4.1),cpp,Accepted,16.0,640.0,635,
s801224835,p02973,u866538547,1591804540,C++,C++14 (GCC 5.4.1),cpp,Accepted,17.0,640.0,636,
s119376719,p02973,u588794534,1591798260,Python,PyPy3 (2.4.0),py,Accepted,586.0,54616.0,487,
s406019292,p02973,u454093752,1591793755,Python,PyPy3 (2.4.0),py,Accepted,564.0,56920.0,275,
s347087254,p02973,u004707990,1591764482,C++,C++14 (GCC 5.4.1),cpp,Accepted,49.0,4864.0,541,
s192139288,p02973,u038021590,1591763845,Python,PyPy3 (2.4.0),py,Accepted,557.0,56792.0,263,
s536284285,p02973,u943070796,1591745319,C++,C++14 (GCC 5.4.1),cpp,Accepted,47.0,4992.0,19572,
s170377216,p02973,u943070796,1591745258,C++,C++14 (GCC 5.4.1),cpp,Accepted,41.0,5760.0,19592,
s150503176,p02973,u003026289,1591743889,C++,C++14 (GCC 5.4.1),cpp,Accepted,80.0,4992.0,664,
s963591083,p02973,u868344991,1591736319,C++,C++14 (GCC 5.4.1),cpp,Accepted,1515.0,2936.0,1085,
s645028247,p02973,u688789047,1591733085,C++,C++14 (GCC 5.4.1),cpp,Accepted,16.0,1276.0,747,
s629475133,p02973,u068713120,1591672615,C++,C++14 (GCC 5.4.1),cpp,Accepted,49.0,1024.0,521,
s510421007,p02973,u922487073,1591672219,Python,PyPy3 (2.4.0),py,Accepted,632.0,47192.0,350,
s541244927,p02973,u780428208,1591669544,C++,C++14 (GCC 5.4.1),cpp,Accepted,47.0,5760.0,2344,
s253014294,p02973,u336517845,1591653967,C++,C++14 (GCC 5.4.1),cpp,Accepted,54.0,1024.0,646,
s796688648,p02973,u424374375,1591622210,C++,C++14 (GCC 5.4.1),cpp,Accepted,78.0,5376.0,393,
s197643447,p02973,u961674365,1591580927,Python,Python (3.4.3),py,Accepted,601.0,7276.0,308,
s899600206,p02973,u091051505,1591576131,Python,Python (3.4.3),py,Accepted,253.0,7844.0,343,
s409736391,p02973,u131797876,1591574953,C++,C++14 (GCC 5.4.1),cpp,Accepted,35.0,4992.0,1152,
s934879583,p02973,u342869120,1591568760,Python,PyPy3 (2.4.0),py,Accepted,693.0,53720.0,271,
s652003375,p02973,u342869120,1591568238,Python,PyPy3 (2.4.0),py,Accepted,739.0,53592.0,274,
s267669358,p02973,u940569542,1591554883,C++,C++14 (GCC 5.4.1),cpp,Accepted,20.0,1400.0,758,
s398883706,p02973,u135572611,1591548506,C++,C++14 (GCC 5.4.1),cpp,Accepted,19.0,1024.0,2061,
s208303265,p02973,u298620933,1591536200,C++,C++14 (GCC 5.4.1),cpp,Accepted,47.0,1024.0,904,
s812294183,p02973,u622070196,1591496390,C++,C++14 (GCC 5.4.1),cpp,Accepted,48.0,1408.0,465,
s942652950,p02973,u866538547,1591481425,C++,C++14 (GCC 5.4.1),cpp,Accepted,16.0,640.0,614,
s496386389,p02973,u265506056,1591467600,Python,Python (3.4.3),py,Accepted,245.0,8088.0,275,
s991925789,p02973,u968166680,1591447150,Python,PyPy3 (2.4.0),py,Accepted,253.0,55796.0,379,
s541482138,p02973,u968166680,1591447118,Python,Python (3.4.3),py,Accepted,76.0,12528.0,379,
s263294294,p02973,u968166680,1591446950,Python,PyPy3 (2.4.0),py,Accepted,261.0,71228.0,444,
s093652107,p02973,u968166680,1591446936,Python,Python (3.4.3),py,Accepted,78.0,14092.0,444,
s544269022,p02973,u968166680,1591445303,Python,Python (3.4.3),py,Accepted,76.0,14092.0,447,
s726490447,p02973,u968166680,1591444862,Python,Python (3.4.3),py,Accepted,77.0,14092.0,452,
s198817648,p02973,u493520238,1591407390,Python,Python (3.4.3),py,Accepted,121.0,7076.0,356,
s757445341,p02973,u971421535,1591383514,C++,C++14 (GCC 5.4.1),cpp,Accepted,47.0,4992.0,459,
s245416836,p02973,u089869622,1591375779,C++,C++14 (GCC 5.4.1),cpp,Accepted,48.0,5760.0,889,
s319283937,p02973,u050087249,1591341305,C++,C++14 (GCC 5.4.1),cpp,Accepted,76.0,5760.0,863,
s201823312,p02973,u050087249,1591340894,C++,C++14 (GCC 5.4.1),cpp,Accepted,48.0,1792.0,876,
s590042575,p02973,u324549724,1591334814,C++,C++14 (GCC 5.4.1),cpp,Accepted,17.0,1792.0,1238,
s625598832,p02973,u449123607,1591333611,C++,C++14 (GCC 5.4.1),cpp,Accepted,50.0,2688.0,888,
s301790930,p02973,u405256066,1591326797,Python,Python (3.4.3),py,Accepted,257.0,8600.0,269,
s768514446,p02973,u869790980,1591321501,Python,PyPy2 (5.6.0),py,Accepted,115.0,40604.0,364,
s148715120,p02973,u583119986,1591318923,C++,C++14 (GCC 5.4.1),cpp,Accepted,15.0,892.0,615,
s668037432,p02973,u677121387,1591314559,Python,Python (3.4.3),py,Accepted,298.0,7840.0,230,
s848420315,p02973,u836743234,1591312222,C++,C++14 (GCC 5.4.1),cpp,Accepted,50.0,1024.0,1230,
s500733595,p02973,u525560003,1591289142,C++,C++14 (GCC 5.4.1),cpp,Accepted,60.0,1024.0,844,
s250270847,p02973,u071019032,1591272293,C++,C++14 (GCC 5.4.1),cpp,Accepted,50.0,5760.0,828,
s117637065,p02973,u894496005,1591242412,C++,C++14 (GCC 5.4.1),cpp,Accepted,757.0,892.0,460,
s339967902,p02973,u894496005,1591242071,C++,C++14 (GCC 5.4.1),cpp,Accepted,757.0,892.0,519,
s345324848,p02973,u823862638,1591239743,C++,C++14 (GCC 5.4.1),cpp,Accepted,77.0,5376.0,2629,
s892130855,p02973,u265456454,1591230962,C++,C++14 (GCC 5.4.1),cpp,Accepted,22.0,10496.0,718,
s198473024,p02973,u536712674,1591228733,C++,C++14 (GCC 5.4.1),cpp,Accepted,63.0,1144.0,698,
s260433318,p02973,u190018920,1591224268,C++,C++14 (GCC 5.4.1),cpp,Accepted,47.0,1528.0,3472,
s398429477,p02973,u190018920,1591223783,C++,C++14 (GCC 5.4.1),cpp,Accepted,42.0,4992.0,1088,
s114172817,p02973,u762148180,1591206088,C++,C++14 (GCC 5.4.1),cpp,Accepted,664.0,6144.0,883,
s831067539,p02973,u767543103,1591204454,C++,C++14 (GCC 5.4.1),cpp,Accepted,79.0,5760.0,40387,
s460915841,p02973,u390727364,1591187329,Python,PyPy3 (2.4.0),py,Accepted,387.0,45240.0,468,
s393045161,p02973,u533463334,1591171116,C++,C++14 (GCC 5.4.1),cpp,Accepted,16.0,892.0,1372,
s108393369,p02973,u943966256,1591161340,C++,C++14 (GCC 5.4.1),cpp,Accepted,49.0,5760.0,837,
s871916506,p02973,u132452589,1591154313,C++,C++14 (GCC 5.4.1),cpp,Accepted,49.0,2168.0,767,
s313414370,p02973,u823862638,1591113501,C++,C++14 (GCC 5.4.1),cpp,Accepted,77.0,5376.0,1032,
s744246224,p02973,u462237086,1591108227,C++,C++14 (GCC 5.4.1),cpp,Accepted,47.0,2168.0,371,
s050711328,p02973,u302000346,1591107041,C++,C++14 (GCC 5.4.1),cpp,Accepted,77.0,5760.0,967,
s592008788,p02973,u452240501,1591067983,C++,C++14 (GCC 5.4.1),cpp,Accepted,16.0,1660.0,3034,
s652445834,p02973,u177497208,1591063542,C++,C++14 (GCC 5.4.1),cpp,Accepted,18.0,1408.0,1718,
s245287190,p02973,u115454768,1591055818,C++,C++14 (GCC 5.4.1),cpp,Accepted,48.0,640.0,610,
s905999064,p02973,u633967774,1591046844,C++,C++14 (GCC 5.4.1),cpp,Accepted,48.0,1920.0,468,
s856830817,p02973,u311671153,1591045741,C++,C++14 (GCC 5.4.1),cpp,Accepted,50.0,32508.0,4933,
s975940448,p02973,u024782094,1591043506,Python,PyPy3 (2.4.0),py,Accepted,557.0,69944.0,468,
s219015770,p02973,u024782094,1591043427,Python,Python (3.4.3),py,Accepted,480.0,9024.0,468,
s949918594,p02973,u180716041,1591032648,C++,C++14 (GCC 5.4.1),cpp,Accepted,91.0,5760.0,708,
s861733312,p02973,u514299623,1591019117,C++,C++14 (Clang 3.8.0),cpp,Accepted,159.0,5240.0,891,
s705996819,p02973,u387774811,1590968442,Python,PyPy3 (2.4.0),py,Accepted,294.0,42716.0,429,
s620268460,p02973,u350072791,1590967528,C++,C++14 (GCC 5.4.1),cpp,Accepted,46.0,2168.0,557,
s649422950,p02973,u350072791,1590967073,C++,C++14 (GCC 5.4.1),cpp,Accepted,47.0,1792.0,558,
s873802868,p02973,u181783949,1590964988,C++,C++14 (GCC 5.4.1),cpp,Accepted,49.0,1276.0,711,
s810773173,p02973,u190580703,1590943320,C++,C++14 (GCC 5.4.1),cpp,Accepted,15.0,2168.0,1961,
s134656342,p02973,u297109012,1590939415,Python,Python (3.4.3),py,Accepted,899.0,7840.0,1322,
s959056144,p02973,u271743799,1590936487,C++,C++14 (GCC 5.4.1),cpp,Accepted,47.0,892.0,459,
s804039635,p02973,u271743799,1590929530,C++,C++14 (GCC 5.4.1),cpp,Accepted,48.0,892.0,641,
s807912213,p02973,u886747123,1590924001,Python,PyPy3 (2.4.0),py,Accepted,585.0,56280.0,292,
s874940435,p02973,u846634344,1590906548,C++,C++14 (GCC 5.4.1),cpp,Accepted,755.0,1276.0,1225,
s793492537,p02973,u665871498,1590878583,C++,C++14 (GCC 5.4.1),cpp,Accepted,18.0,1920.0,943,
s692260033,p02973,u891847179,1590874213,C++,C++14 (GCC 5.4.1),cpp,Accepted,1481.0,2168.0,1856,
s288315793,p02973,u639426108,1590810713,C++,C++14 (GCC 5.4.1),cpp,Accepted,49.0,1792.0,740,
s692617147,p02973,u120198153,1590802609,C++,C++14 (GCC 5.4.1),cpp,Accepted,41.0,5760.0,1772,
s477039288,p02973,u860829879,1590799458,Python,PyPy3 (2.4.0),py,Accepted,579.0,47488.0,170,
s176723349,p02973,u498487134,1590792392,Python,PyPy3 (2.4.0),py,Accepted,857.0,73372.0,5574,
s802817386,p02973,u498487134,1590792219,Python,PyPy3 (2.4.0),py,Accepted,877.0,71772.0,5539,
s918470346,p02973,u091367113,1590730077,C++,C++14 (GCC 5.4.1),cpp,Accepted,90.0,5376.0,704,
s769352619,p02973,u672160971,1590665195,C++,C++14 (GCC 5.4.1),cpp,Accepted,50.0,1276.0,1029,
s040541362,p02973,u934469795,1590639149,C++,C++14 (GCC 5.4.1),cpp,Accepted,79.0,5376.0,690,
s005477582,p02973,u952081880,1590638840,C++,C++14 (GCC 5.4.1),cpp,Accepted,52.0,1792.0,885,
s180156911,p02973,u934469795,1590638715,C++,C++14 (GCC 5.4.1),cpp,Accepted,74.0,5376.0,426,
s871899445,p02973,u590927341,1590613062,C++,C++14 (GCC 5.4.1),cpp,Accepted,49.0,1792.0,2161,
s840494399,p02973,u521712919,1590604284,C++,C++14 (GCC 5.4.1),cpp,Accepted,69.0,5376.0,337,
s517680868,p02973,u506846578,1590590563,C++,C++14 (GCC 5.4.1),cpp,Accepted,47.0,1024.0,649,
s726210610,p02973,u102305348,1590559077,Python,PyPy3 (2.4.0),py,Accepted,589.0,56280.0,262,
s850009982,p02973,u624533266,1590558282,C++,C++14 (GCC 5.4.1),cpp,Accepted,47.0,1284.0,520,
s017708323,p02973,u289578952,1590554651,C++,C++14 (GCC 5.4.1),cpp,Accepted,52.0,640.0,993,
s337112722,p02973,u761529120,1590543253,Python,PyPy3 (2.4.0),py,Accepted,698.0,53720.0,386,
s594566952,p02973,u475843109,1590540359,C++,C++14 (GCC 5.4.1),cpp,Accepted,66.0,1024.0,723,
s668303684,p02973,u965730380,1590538696,C++,C++14 (GCC 5.4.1),cpp,Accepted,19.0,1024.0,1132,
s493827593,p02973,u845356047,1590523016,C++,C++14 (GCC 5.4.1),cpp,Accepted,49.0,5760.0,726,
s792847252,p02973,u450007962,1590518233,C++,C++14 (GCC 5.4.1),cpp,Accepted,47.0,892.0,461,
s807395227,p02973,u314917898,1590515563,C++,C++14 (GCC 5.4.1),cpp,Accepted,46.0,1276.0,517,
s513192114,p02973,u636565374,1590471192,C++,C++14 (GCC 5.4.1),cpp,Accepted,49.0,1024.0,2488,
s347566928,p02973,u810356688,1590449603,Python,PyPy3 (2.4.0),py,Accepted,290.0,51164.0,491,
s493097322,p02973,u810356688,1590447810,Python,Python (3.4.3),py,Accepted,120.0,8608.0,442,
s303275636,p02973,u079022693,1590409298,Python,Python (3.4.3),py,Accepted,393.0,7836.0,602,
s982330318,p02973,u633967774,1590356965,C++,C++14 (GCC 5.4.1),cpp,Accepted,51.0,1152.0,476,
s634512957,p02973,u025501820,1590356651,Python,PyPy3 (2.4.0),py,Accepted,764.0,47448.0,401,
s194525460,p02973,u681349918,1590272002,C++,C++14 (GCC 5.4.1),cpp,Accepted,16.0,2168.0,1186,
s450891501,p02973,u843175622,1590270463,C++,C++14 (GCC 5.4.1),cpp,Accepted,49.0,1792.0,679,
s007769399,p02973,u204536668,1590269123,C++,C++14 (GCC 5.4.1),cpp,Accepted,79.0,4992.0,587,
s922250375,p02973,u054514819,1590260548,Python,Python (3.4.3),py,Accepted,253.0,8860.0,364,
s222820663,p02973,u905329882,1590253967,Python,Python (3.4.3),py,Accepted,450.0,8064.0,346,
s732285658,p02973,u905329882,1590253902,Python,PyPy3 (2.4.0),py,Accepted,443.0,47708.0,346,
s941649837,p02973,u905329882,1590253607,Python,PyPy3 (2.4.0),py,Accepted,721.0,53720.0,285,
s565104477,p02973,u433685759,1590209340,C++,C++14 (GCC 5.4.1),cpp,Accepted,17.0,1024.0,482,
s202232006,p02973,u539692012,1590206253,C++,C++14 (GCC 5.4.1),cpp,Accepted,78.0,4992.0,384,
s123745838,p02973,u962966398,1590197953,C++,C++14 (GCC 5.4.1),cpp,Accepted,49.0,1792.0,2513,
s792942204,p02973,u581489014,1590194028,C++,C++14 (GCC 5.4.1),cpp,Accepted,48.0,1660.0,1300,
s023923319,p02973,u166378830,1590176004,C++,C++14 (GCC 5.4.1),cpp,Accepted,108.0,6400.0,623,
s692172788,p02973,u275934251,1590129003,C++,C++14 (GCC 5.4.1),cpp,Accepted,46.0,640.0,1311,
s500394994,p02973,u049679412,1590128408,Python,Python (3.4.3),py,Accepted,925.0,7284.0,665,
s602531473,p02973,u313766957,1590121499,C++,C++14 (GCC 5.4.1),cpp,Accepted,121.0,15616.0,586,
s667076493,p02973,u339419997,1590110159,C++,C++14 (Clang 3.8.0),cpp,Accepted,20.0,1024.0,841,
s706712463,p02973,u339419997,1590108516,C++,C++14 (Clang 3.8.0),cpp,Accepted,19.0,1024.0,770,
s321952947,p02973,u071282706,1590106650,C++,C++14 (GCC 5.4.1),cpp,Accepted,48.0,1024.0,802,
s265883179,p02973,u404794295,1590097650,C++,C++14 (GCC 5.4.1),cpp,Accepted,48.0,640.0,391,
s619979089,p02973,u354281482,1590032921,C++,C++14 (GCC 5.4.1),cpp,Accepted,47.0,1276.0,434,
s547586627,p02973,u354281482,1590031789,C++,C++14 (GCC 5.4.1),cpp,Accepted,266.0,1276.0,428,
s960761411,p02973,u332570575,1590029778,C++,C++14 (GCC 5.4.1),cpp,Accepted,68.0,5552.0,1107,
s425166244,p02973,u681869152,1590019620,C++,C++14 (GCC 5.4.1),cpp,Accepted,51.0,5760.0,1288,
s692946360,p02973,u374051158,1590018525,C++,C++14 (GCC 5.4.1),cpp,Accepted,16.0,1276.0,736,
s013480285,p02973,u760748346,1590017942,C++,C++14 (GCC 5.4.1),cpp,Accepted,49.0,1024.0,430,
s221282404,p02973,u674574659,1590000799,Python,PyPy3 (2.4.0),py,Accepted,546.0,48368.0,378,
s197241227,p02973,u674574659,1590000657,Python,Python (3.4.3),py,Accepted,885.0,7032.0,378,
s915436827,p02973,u279033107,1589998708,C++,C++14 (GCC 5.4.1),cpp,Accepted,17.0,1024.0,1504,
s928981276,p02973,u826189900,1589986783,C++,C++14 (GCC 5.4.1),cpp,Accepted,51.0,1024.0,706,
s396556782,p02973,u225581241,1589985426,C++,C++14 (GCC 5.4.1),cpp,Accepted,48.0,5760.0,1069,
s293175039,p02973,u000022466,1589957327,C++,C++14 (GCC 5.4.1),cpp,Accepted,52.0,4864.0,719,
s033445038,p02973,u195132800,1589942481,C++,C++14 (GCC 5.4.1),cpp,Accepted,95.0,2208.0,2917,
s969861331,p02973,u347640436,1589940744,Python,Python (3.4.3),py,Accepted,229.0,11752.0,217,
s374382229,p02973,u347640436,1589940600,Python,Python (3.4.3),py,Accepted,510.0,8828.0,262,
s514194820,p02973,u347640436,1589940557,Python,Python (3.4.3),py,Accepted,258.0,8956.0,254,
s416072874,p02973,u281303342,1589938999,Python,Python (3.4.3),py,Accepted,401.0,8092.0,582,
s425285397,p02973,u521272340,1589938956,C++,C++14 (GCC 5.4.1),cpp,Accepted,47.0,1404.0,5578,
s939147691,p02973,u930705402,1589931695,Python,PyPy3 (2.4.0),py,Accepted,600.0,51032.0,244,
s102340175,p02973,u930705402,1589930981,Python,PyPy3 (2.4.0),py,Accepted,758.0,48088.0,251,
s194348823,p02973,u569690172,1589930352,C++,C++14 (GCC 5.4.1),cpp,Accepted,77.0,5760.0,721,
s769344576,p02973,u062727117,1589927773,C++,C++14 (GCC 5.4.1),cpp,Accepted,58.0,1276.0,975,
s005876876,p02973,u937642029,1589896120,Python,Python (3.4.3),py,Accepted,505.0,8052.0,419,
s847803034,p02973,u729166490,1589889017,C++,C++14 (GCC 5.4.1),cpp,Accepted,77.0,5760.0,1424,
s452625485,p02973,u601256797,1589867280,C++,C++14 (GCC 5.4.1),cpp,Accepted,49.0,1792.0,936,
s480662972,p02973,u211259428,1589862551,C++,C++14 (GCC 5.4.1),cpp,Accepted,17.0,1152.0,1133,
s004138313,p02973,u557565572,1589853108,C++,C++14 (GCC 5.4.1),cpp,Accepted,48.0,5760.0,1200,
s362010246,p02973,u917282863,1589838292,C++,C++14 (GCC 5.4.1),cpp,Accepted,78.0,5376.0,981,
s585107569,p02973,u836743234,1589814071,C++,C++14 (GCC 5.4.1),cpp,Accepted,77.0,5376.0,1369,
s276582744,p02973,u223646582,1589782808,Python,Python (3.4.3),py,Accepted,596.0,7284.0,244,
s084687913,p02973,u294700660,1589755541,C++,C++14 (GCC 5.4.1),cpp,Accepted,46.0,1400.0,3684,
s423153773,p02973,u499675841,1589754721,C++,C++14 (GCC 5.4.1),cpp,Accepted,79.0,7296.0,1295,
s479499394,p02973,u499675841,1589749674,C++,C++14 (GCC 5.4.1),cpp,Accepted,79.0,7296.0,1423,
s061783745,p02973,u628332144,1589728774,C++,C++14 (GCC 5.4.1),cpp,Accepted,77.0,5376.0,828,
s352022001,p02973,u734345532,1589716123,C++,C++14 (GCC 5.4.1),cpp,Accepted,47.0,768.0,367,
s926149892,p02973,u115927976,1589685060,C++,C++14 (GCC 5.4.1),cpp,Accepted,81.0,5760.0,1000,
s184961491,p02973,u521652313,1589684493,C++,C++14 (GCC 5.4.1),cpp,Accepted,76.0,5760.0,454,
s567135415,p02973,u844646164,1589684385,Python,PyPy3 (2.4.0),py,Accepted,338.0,49884.0,269,
s413841223,p02973,u666394517,1589683765,C++,C++14 (GCC 5.4.1),cpp,Accepted,100.0,7168.0,980,
s617845704,p02973,u137912513,1589682738,Python,PyPy3 (2.4.0),py,Accepted,534.0,56312.0,228,
s629522382,p02973,u468440139,1589682356,C++,C++14 (GCC 5.4.1),cpp,Accepted,40.0,5376.0,888,
s154869505,p02973,u284045566,1589674928,C++,C++14 (GCC 5.4.1),cpp,Accepted,49.0,1792.0,1530,
s314031255,p02973,u802434195,1589673059,C++,C++14 (GCC 5.4.1),cpp,Accepted,47.0,892.0,775,
s146269981,p02973,u802434195,1589672784,C++,C++14 (GCC 5.4.1),cpp,Accepted,45.0,892.0,776,
s291214538,p02973,u347640436,1589671771,Python,Python (3.4.3),py,Accepted,229.0,11756.0,217,
s754346449,p02973,u347640436,1589671301,Python,Python (3.4.3),py,Accepted,257.0,8828.0,254,
s626751461,p02973,u929569377,1589669353,C++,C++14 (GCC 5.4.1),cpp,Accepted,47.0,1276.0,447,
s710630999,p02973,u262597910,1589668199,Python,Python (3.4.3),py,Accepted,539.0,8060.0,295,
s065267376,p02973,u802434195,1589660887,C++,C++14 (GCC 5.4.1),cpp,Accepted,17.0,640.0,528,
s488236011,p02973,u670898337,1589658859,C++,C++14 (GCC 5.4.1),cpp,Accepted,59.0,1024.0,404,
s720651318,p02973,u670898337,1589658712,C++,C++14 (GCC 5.4.1),cpp,Accepted,63.0,1024.0,433,
s029714367,p02973,u740054550,1589655269,C++,C++14 (GCC 5.4.1),cpp,Accepted,49.0,1792.0,2432,
s445247651,p02973,u918601425,1589653524,Python,Python (3.4.3),py,Accepted,250.0,7836.0,230,
s601953534,p02973,u691180220,1589652633,C++,C++14 (GCC 5.4.1),cpp,Accepted,50.0,1024.0,449,
s326155738,p02973,u866538547,1589651515,C++,C++14 (GCC 5.4.1),cpp,Accepted,17.0,1024.0,719,
s126911106,p02973,u843522325,1589626040,C++,C++14 (GCC 5.4.1),cpp,Accepted,48.0,768.0,678,
s727592182,p02973,u274883254,1589609343,C++,C++14 (GCC 5.4.1),cpp,Accepted,17.0,1024.0,723,
s984683471,p02973,u114920558,1589606107,Python,Python (3.4.3),py,Accepted,247.0,7832.0,276,
s487798762,p02973,u012298376,1589603646,C++,C++14 (GCC 5.4.1),cpp,Accepted,17.0,1024.0,711,
s217374200,p02973,u488493347,1589601868,C++,C++14 (GCC 5.4.1),cpp,Accepted,44.0,1276.0,910,
s908156793,p02973,u318042557,1589601340,C++,C++14 (GCC 5.4.1),cpp,Accepted,17.0,640.0,660,
s412972420,p02973,u787139585,1589599813,C++,C++14 (GCC 5.4.1),cpp,Accepted,48.0,2168.0,633,
s508395801,p02973,u224481909,1589593905,C++,C++14 (GCC 5.4.1),cpp,Accepted,41.0,5760.0,1250,
s173604675,p02973,u530107518,1589575344,C++,C++14 (GCC 5.4.1),cpp,Accepted,18.0,1920.0,1838,
s592300188,p02973,u501163846,1589574677,C++,C++14 (GCC 5.4.1),cpp,Accepted,49.0,1792.0,1059,
s785497839,p02973,u166166717,1589571643,C++,C++14 (GCC 5.4.1),cpp,Accepted,15.0,2168.0,1731,
s451290520,p02973,u989336028,1589558662,C++,C++14 (GCC 5.4.1),cpp,Accepted,49.0,1024.0,496,
s452961685,p02973,u872887731,1589554568,Python,Python (3.4.3),py,Accepted,288.0,7844.0,390,
s865793676,p02973,u926416331,1589521489,C++,C++14 (GCC 5.4.1),cpp,Accepted,50.0,1792.0,635,
s619224383,p02973,u740054550,1589514876,C++,C++14 (GCC 5.4.1),cpp,Accepted,69.0,4992.0,2317,
s798342894,p02973,u620868411,1589505158,Python,Python (3.4.3),py,Accepted,1076.0,7364.0,1014,
s085024364,p02973,u038815010,1589504788,Python,Python (3.4.3),py,Accepted,239.0,11032.0,191,
s249302129,p02973,u144432905,1589502680,C++,C++14 (GCC 5.4.1),cpp,Accepted,19.0,2048.0,1319,
s639054544,p02973,u132371041,1589493395,C++,C++14 (GCC 5.4.1),cpp,Accepted,19.0,6016.0,2937,
s816270527,p02973,u132371041,1589492856,C++,C++14 (GCC 5.4.1),cpp,Accepted,17.0,6264.0,3161,
s442901714,p02973,u554988565,1589467241,C++,C++ (GCC 9.2.1),cpp,Accepted,26.0,5148.0,693,
s236917743,p02973,u649310245,1589466450,C++,C++ (GCC 9.2.1),cpp,Accepted,52.0,8548.0,4409,
s444796146,p02973,u762540523,1589443226,Python,Python (3.8.2),py,Accepted,168.0,14424.0,332,
s184612211,p02973,u714564133,1589425475,C++,C++ (GCC 9.2.1),cpp,Accepted,26.0,4508.0,784,
s375552754,p02973,u275797573,1589419957,C++,C++14 (GCC 5.4.1),cpp,Accepted,47.0,2168.0,8844,
s688345632,p02973,u898967808,1589416404,Python,Python (3.4.3),py,Accepted,246.0,7836.0,222,
s440200154,p02973,u898967808,1589416278,Python,Python (3.4.3),py,Accepted,238.0,7968.0,232,
s362126700,p02973,u805692198,1589404693,C++,C++14 (GCC 5.4.1),cpp,Accepted,702.0,7296.0,592,
s297674415,p02973,u296475749,1589404684,C++,C++14 (GCC 5.4.1),cpp,Accepted,15.0,892.0,541,
s531690393,p02973,u161214573,1589372879,C++,C++14 (GCC 5.4.1),cpp,Accepted,135.0,6528.0,1955,
s310376059,p02973,u101018317,1589349560,C++,C++14 (GCC 5.4.1),cpp,Accepted,1526.0,2168.0,432,
s117733216,p02973,u455266724,1589333991,C++,C++14 (GCC 5.4.1),cpp,Accepted,20.0,1024.0,1112,
s364540211,p02973,u455266724,1589332371,C++,C++14 (GCC 5.4.1),cpp,Accepted,15.0,1400.0,1347,
s480823757,p02973,u455266724,1589330657,C++,C++14 (GCC 5.4.1),cpp,Accepted,16.0,1400.0,1245,
s988863461,p02973,u300665398,1589321308,C++,C++14 (GCC 5.4.1),cpp,Accepted,50.0,1024.0,1075,
s725212141,p02973,u969116807,1589298331,C++,C++14 (GCC 5.4.1),cpp,Accepted,49.0,1792.0,629,
s664802841,p02973,u387221709,1589259613,C++,C++14 (GCC 5.4.1),cpp,Accepted,52.0,1276.0,763,
s161109408,p02973,u779216084,1589255409,C++,C++14 (GCC 5.4.1),cpp,Accepted,50.0,2168.0,689,
s815951928,p02973,u240544830,1589254534,C++,C++14 (GCC 5.4.1),cpp,Accepted,50.0,1792.0,547,
s969648330,p02973,u594803920,1589251813,Python,PyPy3 (2.4.0),py,Accepted,273.0,45276.0,321,
s894376398,p02973,u648881683,1589245394,Python,Python (3.4.3),py,Accepted,131.0,7856.0,656,
s637789942,p02973,u146594935,1589164865,C++,C++14 (GCC 5.4.1),cpp,Accepted,48.0,1024.0,603,
s606934605,p02973,u178814165,1589156698,C++,C++14 (GCC 5.4.1),cpp,Accepted,18.0,1024.0,661,
s875497267,p02973,u843522325,1589154566,C++,C++14 (GCC 5.4.1),cpp,Accepted,80.0,4992.0,696,
s543395074,p02973,u213868052,1589143730,C++,C++14 (GCC 5.4.1),cpp,Accepted,51.0,1152.0,860,
s410845586,p02973,u347640436,1589138147,Python,Python (3.4.3),py,Accepted,1563.0,44328.0,3061,
s220157452,p02973,u347640436,1589134389,Python,Python (3.4.3),py,Accepted,1611.0,44324.0,3060,
s462286918,p02973,u347640436,1589134240,Python,Python (3.4.3),py,Accepted,1567.0,44328.0,3064,
s977930938,p02973,u371149954,1589125134,C++,C++14 (GCC 5.4.1),cpp,Accepted,17.0,1024.0,1141,
s095389074,p02973,u627941097,1589099017,C++,C++14 (GCC 5.4.1),cpp,Accepted,15.0,1276.0,435,
s685579840,p02973,u968166680,1589093912,Python,Python (3.4.3),py,Accepted,126.0,11764.0,446,
s900840516,p02973,u968166680,1589093017,Python,Python (3.4.3),py,Accepted,160.0,8844.0,482,
s752715292,p02973,u575802441,1589079663,C++,C++14 (GCC 5.4.1),cpp,Accepted,49.0,1920.0,580,
s427411139,p02973,u581187895,1589075308,Python,Python (3.4.3),py,Accepted,216.0,7852.0,521,
s905392422,p02973,u347640436,1589074627,C++,C++14 (GCC 5.4.1),cpp,Accepted,77.0,5760.0,363,
s935699489,p02973,u417220101,1589073508,Python,PyPy3 (2.4.0),py,Accepted,713.0,54616.0,445,
s625072937,p02973,u873904588,1589072003,Python,PyPy3 (2.4.0),py,Accepted,574.0,58712.0,370,
s287617952,p02973,u539011156,1589066192,C++,C++14 (GCC 5.4.1),cpp,Accepted,79.0,5376.0,2799,
s814115219,p02973,u411203878,1589065663,Python,PyPy3 (2.4.0),py,Accepted,541.0,56024.0,266,
s830701850,p02973,u347640436,1589062659,Python,Python (3.4.3),py,Accepted,514.0,8828.0,262,
s298796890,p02973,u347640436,1589062286,Python,Python (3.4.3),py,Accepted,509.0,8604.0,321,
s308838981,p02973,u024191315,1589057339,C++,C++14 (GCC 5.4.1),cpp,Accepted,79.0,5376.0,441,
s691686398,p02973,u674959776,1589054199,Python,Python (3.4.3),py,Accepted,685.0,8060.0,429,
s404087709,p02973,u106635407,1589051996,C++,C++14 (GCC 5.4.1),cpp,Accepted,75.0,5760.0,1130,
s081060120,p02973,u265187423,1589050827,C++,C++14 (GCC 5.4.1),cpp,Accepted,25.0,1152.0,800,
s541729161,p02973,u987913144,1589012242,C++,C++14 (GCC 5.4.1),cpp,Accepted,50.0,6400.0,3731,
s242635946,p02973,u637983859,1588997658,C++,C++14 (GCC 5.4.1),cpp,Accepted,49.0,1024.0,3502,
s652856878,p02973,u021548497,1588991374,Python,Python (3.4.3),py,Accepted,611.0,7072.0,426,
s110566651,p02973,u657901243,1588977815,C++,C++14 (GCC 5.4.1),cpp,Accepted,49.0,1024.0,6995,
s087859647,p02973,u275488634,1588951369,C++,C++14 (GCC 5.4.1),cpp,Accepted,53.0,1024.0,851,
s785172430,p02973,u646962247,1588902362,C++,C++14 (GCC 5.4.1),cpp,Accepted,79.0,4992.0,450,
s000912278,p02973,u342075214,1588897943,C++,C++14 (GCC 5.4.1),cpp,Accepted,47.0,1400.0,682,
s452341544,p02973,u427344224,1588895785,C++,C++14 (GCC 5.4.1),cpp,Accepted,17.0,1920.0,1113,
s250679611,p02973,u427344224,1588895755,C++,C++14 (GCC 5.4.1),cpp,Accepted,1479.0,2168.0,1121,
s270924024,p02973,u427344224,1588895673,C++,C++14 (GCC 5.4.1),cpp,Accepted,1479.0,2168.0,1108,
s787618609,p02973,u294638337,1588870523,C++,C++14 (GCC 5.4.1),cpp,Accepted,61.0,768.0,541,
s645240263,p02973,u294638337,1588862990,C++,C++14 (GCC 5.4.1),cpp,Accepted,53.0,1024.0,557,
s477262529,p02973,u924406834,1588862112,C++,C++14 (GCC 5.4.1),cpp,Accepted,126.0,7168.0,2160,
s595369497,p02973,u653699618,1588858045,C++,C++14 (GCC 5.4.1),cpp,Accepted,80.0,5760.0,4515,
s373161003,p02973,u332525750,1588837782,C++,C++14 (GCC 5.4.1),cpp,Accepted,35.0,5376.0,5183,
s107467458,p02973,u499966353,1588828210,C++,C++14 (GCC 5.4.1),cpp,Accepted,17.0,1024.0,880,
s116392584,p02973,u844382784,1588812864,C++,C++14 (GCC 5.4.1),cpp,Accepted,50.0,3328.0,526,
s400237184,p02973,u198355306,1588804242,C++,C++14 (GCC 5.4.1),cpp,Accepted,48.0,1792.0,929,
s453486674,p02973,u409872261,1588803059,C++,C++14 (GCC 5.4.1),cpp,Accepted,76.0,4992.0,6005,
s708436298,p02973,u346812984,1588802468,Python,Python (3.4.3),py,Accepted,416.0,8052.0,531,
s772136526,p02973,u131946248,1588801053,C++,C++14 (GCC 5.4.1),cpp,Accepted,48.0,1408.0,1637,
s391701514,p02973,u809967037,1588800835,C++,C++14 (GCC 5.4.1),cpp,Accepted,18.0,1792.0,6401,
s095475776,p02973,u214894954,1588797438,C++,C++14 (GCC 5.4.1),cpp,Accepted,48.0,640.0,597,
s169930504,p02973,u198355306,1588795821,C++,C++14 (GCC 5.4.1),cpp,Accepted,49.0,1792.0,1137,
s955537046,p02973,u951479148,1588785481,C++,C++14 (GCC 5.4.1),cpp,Accepted,77.0,5760.0,4385,
s916429637,p02973,u678167152,1588772841,Python,Python (3.4.3),py,Accepted,230.0,11032.0,398,
s463400768,p02973,u075595666,1588753553,Python,Python (3.4.3),py,Accepted,418.0,8092.0,431,
s797057385,p02973,u075595666,1588739688,Python,Python (3.4.3),py,Accepted,529.0,27108.0,467,
s879655680,p02973,u189479417,1588734305,Python,PyPy3 (2.4.0),py,Accepted,589.0,50264.0,219,
s736223382,p02973,u966695319,1588732075,Python,PyPy3 (2.4.0),py,Accepted,555.0,53876.0,499,
s182245961,p02973,u031240034,1588705672,C++,C++14 (GCC 5.4.1),cpp,Accepted,45.0,892.0,426,
s952625190,p02973,u512964959,1588690599,C++,C++14 (GCC 5.4.1),cpp,Accepted,15.0,1276.0,1378,
s963823995,p02973,u786837146,1588643317,C++,C++14 (GCC 5.4.1),cpp,Accepted,41.0,6912.0,16141,
s102876677,p02973,u884692162,1588641440,Python,Python (3.4.3),py,Accepted,147.0,7112.0,878,
s923453975,p02973,u376082984,1588632989,C++,C++14 (GCC 5.4.1),cpp,Accepted,82.0,5888.0,5609,
s584532417,p02973,u860546679,1588618243,C++,C++14 (GCC 5.4.1),cpp,Accepted,49.0,1024.0,794,
s004082647,p02973,u410878763,1588604109,C++,C++14 (GCC 5.4.1),cpp,Accepted,77.0,5376.0,489,
s051512493,p02973,u430494842,1588590755,C++,C++14 (GCC 5.4.1),cpp,Accepted,35.0,5376.0,4727,
s908470515,p02973,u289545075,1588585779,C++,C++14 (GCC 5.4.1),cpp,Accepted,80.0,5760.0,438,
s307181416,p02973,u289545075,1588584819,C++,C++14 (GCC 5.4.1),cpp,Accepted,49.0,1792.0,687,
s990252843,p02973,u455366471,1588581939,C++,C++14 (GCC 5.4.1),cpp,Accepted,78.0,5760.0,684,
s644791404,p02973,u970308980,1588578968,Python,Python (3.4.3),py,Accepted,532.0,8060.0,262,
s130113591,p02973,u970308980,1588578820,Python,Python (3.4.3),py,Accepted,535.0,8112.0,731,
s818096585,p02973,u613960672,1588553184,C++,C++14 (GCC 5.4.1),cpp,Accepted,50.0,1792.0,950,
s586986945,p02973,u513211419,1588549420,C++,C++14 (GCC 5.4.1),cpp,Accepted,49.0,1792.0,11793,
s217442874,p02973,u554116180,1588542851,C++,C++14 (GCC 5.4.1),cpp,Accepted,47.0,4992.0,788,
s217737223,p02973,u855677173,1588540266,C++,C++14 (GCC 5.4.1),cpp,Accepted,80.0,4992.0,348,
s440188998,p02973,u190875453,1588532833,C++,C++14 (GCC 5.4.1),cpp,Accepted,48.0,1024.0,482,
s067766032,p02973,u602301110,1588522071,C++,C++14 (GCC 5.4.1),cpp,Accepted,48.0,5376.0,719,
s640447488,p02973,u015490689,1588521565,C++,C++14 (GCC 5.4.1),cpp,Accepted,66.0,4992.0,370,
s702792747,p02973,u179970156,1588519971,C++,C++14 (GCC 5.4.1),cpp,Accepted,16.0,1024.0,1472,
s565170359,p02973,u211706121,1588516172,Python,Python (3.4.3),py,Accepted,260.0,11848.0,285,
s649423923,p02973,u507850687,1588478731,C++,C++14 (GCC 5.4.1),cpp,Accepted,44.0,1276.0,356,
s644984984,p02973,u503221936,1588467177,C++,C++14 (GCC 5.4.1),cpp,Accepted,49.0,1024.0,528,
s851262344,p02973,u519759783,1588463864,C++,C++14 (GCC 5.4.1),cpp,Accepted,79.0,5376.0,566,
s060459337,p02973,u784022244,1588455915,Python,Python (3.4.3),py,Accepted,314.0,7284.0,256,
s903933826,p02973,u045408189,1588450348,C++,C++14 (GCC 5.4.1),cpp,Accepted,97.0,5760.0,809,
s144103090,p02973,u521973174,1588449178,C++,C++14 (GCC 5.4.1),cpp,Accepted,48.0,2168.0,516,
s096437166,p02973,u395287054,1588445984,C++,C++14 (GCC 5.4.1),cpp,Accepted,83.0,5376.0,700,
s163396909,p02973,u395287054,1588445343,C++,C++14 (GCC 5.4.1),cpp,Accepted,81.0,5760.0,766,
s703771118,p02973,u614128939,1588401684,C++,C++14 (GCC 5.4.1),cpp,Accepted,52.0,1792.0,709,
s697742957,p02973,u115838990,1588398984,C++,C++14 (GCC 5.4.1),cpp,Accepted,19.0,1276.0,1145,
s514266077,p02973,u477977638,1588394067,Python,Python (3.4.3),py,Accepted,142.0,8028.0,650,
s799841480,p02973,u477977638,1588394042,Python,PyPy3 (2.4.0),py,Accepted,291.0,45404.0,650,
s477495739,p02973,u037430802,1588394019,Python,Python (3.4.3),py,Accepted,242.0,7836.0,382,
s447330198,p02973,u412164358,1588382860,C++,C++14 (GCC 5.4.1),cpp,Accepted,69.0,7168.0,28825,
s350420279,p02973,u994521204,1588380112,Python,Python (3.4.3),py,Accepted,654.0,12836.0,588,
s745037819,p02973,u297574184,1588374139,Python,Python (3.4.3),py,Accepted,99.0,7832.0,390,
s030369537,p02973,u802905102,1588354649,C++,C++14 (GCC 5.4.1),cpp,Accepted,49.0,1792.0,857,
s525926585,p02973,u595984176,1588314577,C++,C++14 (GCC 5.4.1),cpp,Accepted,82.0,5760.0,742,
s852047695,p02973,u844646164,1588300375,Python,PyPy3 (2.4.0),py,Accepted,546.0,56152.0,201,
s688928878,p02973,u714642969,1588299953,Python,PyPy3 (2.4.0),py,Accepted,297.0,45788.0,613,
s121356195,p02973,u093041722,1588290945,Python,Python (3.4.3),py,Accepted,266.0,7072.0,198,
s422209896,p02973,u652009496,1588270541,C++,C++14 (GCC 5.4.1),cpp,Accepted,1518.0,1400.0,4107,
s357787837,p02973,u480300350,1588229144,Python,Python (3.4.3),py,Accepted,487.0,7856.0,3679,
s069061193,p02973,u325282913,1588224006,Python,PyPy3 (2.4.0),py,Accepted,577.0,56152.0,246,
s084146130,p02973,u433195318,1588218675,C++,C++14 (GCC 5.4.1),cpp,Accepted,20.0,7296.0,10034,
s904597855,p02973,u718394671,1588191975,C++,C++14 (GCC 5.4.1),cpp,Accepted,63.0,1276.0,845,
s601402418,p02973,u418810472,1588182965,C++,C++14 (GCC 5.4.1),cpp,Accepted,51.0,1024.0,596,
s932409796,p02973,u977554186,1588142258,C++,C++14 (GCC 5.4.1),cpp,Accepted,66.0,640.0,548,
s296958984,p02973,u183971632,1588131535,C++,C++14 (GCC 5.4.1),cpp,Accepted,77.0,5760.0,768,
s288799409,p02973,u415916075,1588109395,C++,C++14 (GCC 5.4.1),cpp,Accepted,47.0,5760.0,600,
s517474939,p02973,u415916075,1588109070,C++,C++14 (GCC 5.4.1),cpp,Accepted,41.0,5760.0,682,
s813262061,p02973,u595084562,1588099704,C++,C++14 (GCC 5.4.1),cpp,Accepted,77.0,5376.0,687,
s239261190,p02973,u214685595,1588097326,C++,C++14 (GCC 5.4.1),cpp,Accepted,83.0,4992.0,1150,
s948338063,p02973,u808092084,1588064954,C++,C++14 (GCC 5.4.1),cpp,Accepted,49.0,4992.0,469,
s687045624,p02973,u389498936,1588063971,C++,C++14 (GCC 5.4.1),cpp,Accepted,50.0,5376.0,693,
s160167293,p02973,u639484864,1588055208,C++,C++14 (GCC 5.4.1),cpp,Accepted,94.0,5376.0,2933,
s931214220,p02973,u075296067,1588047643,C++,C++14 (GCC 5.4.1),cpp,Accepted,48.0,1024.0,551,
s831111250,p02973,u648212584,1588046943,Python,PyPy3 (2.4.0),py,Accepted,387.0,44132.0,417,
s545150622,p02973,u879436400,1588023817,C++,C++14 (GCC 5.4.1),cpp,Accepted,51.0,1024.0,862,
s866476920,p02973,u622585907,1588017479,C++,C++14 (GCC 5.4.1),cpp,Accepted,756.0,1276.0,4241,
s925100061,p02973,u441250130,1588014843,C++,C++14 (GCC 5.4.1),cpp,Accepted,78.0,5248.0,845,
s804111246,p02973,u813077255,1588011697,C++,C++14 (GCC 5.4.1),cpp,Accepted,52.0,5376.0,445,
s589205090,p02973,u097326875,1587975345,C++,C++14 (GCC 5.4.1),cpp,Accepted,50.0,5760.0,5345,
s067824010,p02973,u102602414,1587960950,C++,C++14 (GCC 5.4.1),cpp,Accepted,78.0,5376.0,1881,
s377268076,p02973,u203843959,1587946700,Python,Python (3.4.3),py,Accepted,248.0,7832.0,365,
s040511116,p02973,u550178285,1587937453,C++,C++14 (GCC 5.4.1),cpp,Accepted,15.0,2168.0,610,
s470777236,p02973,u905203728,1587927905,Python,PyPy3 (2.4.0),py,Accepted,557.0,56792.0,257,
s984987411,p02973,u464052933,1587927506,C++,C++14 (GCC 5.4.1),cpp,Accepted,79.0,4992.0,344,
s939322430,p02973,u158290747,1587920191,C++,C++14 (GCC 5.4.1),cpp,Accepted,756.0,892.0,432,
s929378929,p02973,u398610336,1587916411,C++,C++14 (GCC 5.4.1),cpp,Accepted,49.0,1408.0,609,
s722561096,p02973,u701553970,1587895054,C++,C++14 (GCC 5.4.1),cpp,Accepted,756.0,1276.0,421,
s414493656,p02973,u896847891,1587877741,C++,C++14 (GCC 5.4.1),cpp,Accepted,61.0,892.0,525,
s447079479,p02973,u530107518,1587874712,C++,C++14 (GCC 5.4.1),cpp,Accepted,17.0,1920.0,1848,
s980776048,p02973,u691018832,1587868224,Python,Python (3.4.3),py,Accepted,129.0,8728.0,377,
s694967243,p02973,u353919145,1587850958,C++,C++14 (GCC 5.4.1),cpp,Accepted,18.0,1792.0,2444,
s868856061,p02973,u482770395,1587848961,C++,C++14 (GCC 5.4.1),cpp,Accepted,16.0,2168.0,1264,
s386828027,p02973,u919730120,1587783249,Python,Python (3.4.3),py,Accepted,239.0,8612.0,191,
s587418525,p02973,u888337853,1587782695,Python,PyPy3 (2.4.0),py,Accepted,314.0,45148.0,396,
s588719620,p02973,u787679173,1587703937,C++,C++14 (GCC 5.4.1),cpp,Accepted,63.0,1908.0,1918,
s637522649,p02973,u280096880,1587696675,C++,C++14 (GCC 5.4.1),cpp,Accepted,20.0,640.0,1287,
s260358762,p02973,u225581241,1587609901,C++,C++14 (GCC 5.4.1),cpp,Accepted,48.0,5760.0,955,
s259741838,p02973,u105100688,1587589713,C++,C++14 (GCC 5.4.1),cpp,Accepted,46.0,1024.0,800,
s603341486,p02973,u145600939,1587583104,Python,PyPy3 (2.4.0),py,Accepted,587.0,46984.0,216,
s807680154,p02973,u610752387,1587579079,C++,C++14 (GCC 5.4.1),cpp,Accepted,52.0,892.0,4634,
s032454050,p02973,u929156598,1587554931,C++,C++14 (GCC 5.4.1),cpp,Accepted,69.0,8064.0,629,
s273286536,p02973,u114137758,1587543034,C++,C++14 (GCC 5.4.1),cpp,Accepted,50.0,5760.0,4189,
s390806348,p02973,u942538783,1587529509,C++,C++14 (GCC 5.4.1),cpp,Accepted,56.0,1792.0,1383,
s490268526,p02973,u261965335,1587515867,C++,C++14 (GCC 5.4.1),cpp,Accepted,47.0,1276.0,809,
s710804737,p02973,u261965335,1587515385,C++,C++14 (GCC 5.4.1),cpp,Accepted,826.0,1276.0,757,
s867753054,p02973,u315542000,1587419659,C++,C++14 (GCC 5.4.1),cpp,Accepted,45.0,1276.0,469,
s813471652,p02973,u442591725,1587418889,C++,C++14 (GCC 5.4.1),cpp,Accepted,49.0,1152.0,734,
s393533115,p02973,u009414205,1587401742,C++,C++14 (GCC 5.4.1),cpp,Accepted,17.0,1024.0,1631,
s349854643,p02973,u009414205,1587397956,C++,C++14 (GCC 5.4.1),cpp,Accepted,17.0,1024.0,1037,
s484472868,p02973,u000212387,1587355282,C++,C++14 (GCC 5.4.1),cpp,Accepted,47.0,1792.0,1225,
s707924857,p02973,u000212387,1587354838,C++,C++14 (GCC 5.4.1),cpp,Accepted,68.0,5760.0,1239,
s447000537,p02973,u412073904,1587342205,C++,C++14 (GCC 5.4.1),cpp,Accepted,47.0,1404.0,820,
s183473072,p02973,u065715253,1587338964,C++,C++14 (GCC 5.4.1),cpp,Accepted,46.0,892.0,613,
s485440977,p02973,u219417113,1587334865,Python,PyPy3 (2.4.0),py,Accepted,428.0,44252.0,406,
s785589744,p02973,u716530146,1587334572,Python,Python (3.4.3),py,Accepted,186.0,8192.0,413,
s116361064,p02973,u744305661,1587333661,C++,C++14 (GCC 5.4.1),cpp,Accepted,47.0,2168.0,635,
s149394554,p02973,u225053756,1587331434,C++,C++14 (GCC 5.4.1),cpp,Accepted,1511.0,1400.0,1730,
s291032066,p02973,u905715926,1587326172,C++,C++14 (GCC 5.4.1),cpp,Accepted,18.0,2560.0,729,
s685155031,p02973,u432688695,1587315040,C++,C++14 (GCC 5.4.1),cpp,Accepted,16.0,2168.0,4076,
s372802666,p02973,u709304134,1587313530,Python,Python (3.4.3),py,Accepted,135.0,7840.0,281,
s434690710,p02973,u709304134,1587313312,Python,Python (3.4.3),py,Accepted,132.0,7836.0,300,
s063103518,p02973,u986437843,1587312593,C++,C++14 (GCC 5.4.1),cpp,Accepted,48.0,5760.0,193768,
s701077087,p02973,u733814820,1587312506,C++,C++14 (GCC 5.4.1),cpp,Accepted,19.0,1400.0,1181,
s703069075,p02973,u340980616,1587304854,C++,C++14 (GCC 5.4.1),cpp,Accepted,50.0,5760.0,751,
s340187722,p02973,u790272146,1587304814,C++,C++14 (GCC 5.4.1),cpp,Accepted,64.0,1024.0,686,
s030890869,p02973,u596311864,1587301407,C++,C++14 (GCC 5.4.1),cpp,Accepted,48.0,1792.0,626,
s267942999,p02973,u096616343,1587301157,C++,C++14 (GCC 5.4.1),cpp,Accepted,50.0,1024.0,758,
s558210942,p02973,u892687772,1587300757,C++,C++14 (GCC 5.4.1),cpp,Accepted,17.0,1792.0,1812,
s889606757,p02973,u530107518,1587300632,C++,C++14 (GCC 5.4.1),cpp,Accepted,18.0,1920.0,1789,
s400095477,p02973,u184929210,1587300526,C++,C++14 (GCC 5.4.1),cpp,Accepted,49.0,1404.0,385,
s674961122,p02973,u392319141,1587300381,Python,Python (3.4.3),py,Accepted,227.0,11064.0,197,
s099828054,p02973,u026620445,1587299658,C++,C++14 (GCC 5.4.1),cpp,Accepted,16.0,2168.0,3297,
s134970897,p02973,u530107518,1587299362,C++,C++14 (GCC 5.4.1),cpp,Accepted,18.0,1920.0,1777,
s051344903,p02973,u174509352,1587299089,C++,C++14 (GCC 5.4.1),cpp,Accepted,80.0,5376.0,1519,
s904065933,p02973,u294721290,1587298847,C++,C++14 (GCC 5.4.1),cpp,Accepted,49.0,1024.0,423,
s554439788,p02973,u118642796,1587298842,C++,C++14 (GCC 5.4.1),cpp,Accepted,16.0,1400.0,1976,
s846295886,p02973,u426683236,1587298487,C++,C++14 (GCC 5.4.1),cpp,Accepted,35.0,5760.0,6921,
s214907896,p02973,u715750943,1587298286,C++,C++14 (GCC 5.4.1),cpp,Accepted,17.0,1792.0,3560,
s426249883,p02973,u794173881,1587298169,Python,PyPy3 (2.4.0),py,Accepted,1011.0,90456.0,4951,
s700245844,p02973,u628597699,1587297974,C++,C++14 (GCC 5.4.1),cpp,Accepted,49.0,1024.0,889,
s693253730,p02973,u186838327,1587297959,Python,PyPy3 (2.4.0),py,Accepted,572.0,55000.0,376,
s429496788,p02973,u415325136,1587297692,C++,C++14 (GCC 5.4.1),cpp,Accepted,16.0,1276.0,707,
s214771571,p02973,u859396346,1587297369,C++,C++14 (GCC 5.4.1),cpp,Accepted,47.0,5760.0,3435,
s229420250,p02973,u105791541,1587297002,C++,C++14 (GCC 5.4.1),cpp,Accepted,51.0,4992.0,859,
s465130966,p02973,u761320129,1587296972,Python,Python (3.4.3),py,Accepted,240.0,11164.0,214,
s384269731,p02973,u585482323,1587296828,Python,PyPy3 (2.4.0),py,Accepted,301.0,47708.0,949,
s462590747,p02973,u091252319,1587284201,C++,C++14 (GCC 5.4.1),cpp,Accepted,19.0,1152.0,882,
s719963445,p02973,u644972721,1587279829,Python,Python (3.4.3),py,Accepted,813.0,7052.0,439,
s323405754,p02973,u388927326,1587258506,C++,C++14 (GCC 5.4.1),cpp,Accepted,80.0,4992.0,465,
s828845072,p02973,u388927326,1587258279,C++,C++14 (GCC 5.4.1),cpp,Accepted,48.0,640.0,486,
s143714695,p02973,u952090000,1587258231,C++,C++14 (GCC 5.4.1),cpp,Accepted,15.0,2168.0,3133,
s627604632,p02973,u993074316,1587252408,C++,C++14 (GCC 5.4.1),cpp,Accepted,44.0,2168.0,1474,
s199411270,p02973,u535236942,1587246341,Python,Python (3.4.3),py,Accepted,252.0,7068.0,231,
s671143907,p02973,u390830889,1587224730,C++,C++14 (GCC 5.4.1),cpp,Accepted,64.0,1272.0,470,
s753941299,p02973,u200509145,1587179227,C++,C++14 (GCC 5.4.1),cpp,Accepted,54.0,640.0,848,
s066016833,p02973,u771007149,1587178835,Python,Python (3.4.3),py,Accepted,512.0,8060.0,297,
s443199175,p02973,u390830889,1587178267,C++,C++14 (GCC 5.4.1),cpp,Accepted,1853.0,1272.0,551,
s987295237,p02973,u200509145,1587177485,C++,C++14 (GCC 5.4.1),cpp,Accepted,45.0,892.0,1144,
s913673850,p02973,u254871849,1587173301,Python,Python (3.4.3),py,Accepted,108.0,14092.0,272,
s816170490,p02973,u254871849,1587173204,Python,Python (3.4.3),py,Accepted,108.0,14092.0,272,
s154716656,p02973,u440920318,1587162472,C++,C++14 (GCC 5.4.1),cpp,Accepted,53.0,4864.0,371,
s456214786,p02973,u093744128,1587161506,C++,C++14 (GCC 5.4.1),cpp,Accepted,16.0,2168.0,873,
s966851305,p02973,u461336793,1587157693,C++,C++14 (GCC 5.4.1),cpp,Accepted,49.0,5760.0,2109,
s828223301,p02973,u793868662,1587156571,Python,PyPy3 (2.4.0),py,Accepted,545.0,55896.0,385,
s286182295,p02973,u793868662,1587156417,Python,PyPy3 (2.4.0),py,Accepted,558.0,55896.0,442,
s575628039,p02973,u628332144,1587145206,C++,C++14 (GCC 5.4.1),cpp,Accepted,71.0,5376.0,785,
s964020676,p02973,u030685402,1587131761,C++,C++14 (GCC 5.4.1),cpp,Accepted,17.0,1660.0,2569,
s603850207,p02973,u042802884,1587128251,C++,C++14 (GCC 5.4.1),cpp,Accepted,49.0,1024.0,3253,
s596274222,p02973,u372144784,1587090007,Python,PyPy3 (2.4.0),py,Accepted,273.0,47708.0,624,
s312474389,p02973,u277556971,1587082964,C++,C++14 (GCC 5.4.1),cpp,Accepted,16.0,1276.0,2003,
s742314355,p02973,u277556971,1587082220,C++,C++14 (GCC 5.4.1),cpp,Accepted,726.0,1276.0,1990,
s632504943,p02973,u261538386,1587080468,C++,C++14 (GCC 5.4.1),cpp,Accepted,18.0,1792.0,1416,
s331769908,p02973,u261538386,1587080440,C++,C++14 (GCC 5.4.1),cpp,Accepted,19.0,1792.0,1419,
s390228895,p02973,u277556971,1587072360,C++,C++14 (GCC 5.4.1),cpp,Accepted,16.0,1660.0,2116,
s947733761,p02973,u959822889,1587068388,C++,C++14 (GCC 5.4.1),cpp,Accepted,69.0,4992.0,2600,
s754066911,p02973,u261538386,1587067622,C++,C++14 (GCC 5.4.1),cpp,Accepted,1838.0,1276.0,1334,
s156841671,p02973,u680046686,1587063053,C++,C++14 (GCC 5.4.1),cpp,Accepted,48.0,1024.0,633,
s811577209,p02973,u639032323,1587059178,C++,C++14 (GCC 5.4.1),cpp,Accepted,51.0,1024.0,619,
s369539122,p02973,u639032323,1587059010,C++,C++14 (GCC 5.4.1),cpp,Accepted,48.0,1024.0,687,
s387994045,p02973,u871027181,1587047048,C++,C++14 (GCC 5.4.1),cpp,Accepted,140.0,70528.0,4476,
s299033164,p02973,u264405855,1587045026,C++,C++14 (GCC 5.4.1),cpp,Accepted,17.0,2168.0,5117,
s110603287,p02973,u686230543,1587000739,Python,Python (3.4.3),py,Accepted,305.0,7284.0,301,
s712428418,p02973,u490642448,1586929115,Python,Python (3.4.3),py,Accepted,132.0,7072.0,252,
s966664316,p02973,u767543103,1586928846,C++,C++14 (GCC 5.4.1),cpp,Accepted,48.0,1792.0,21134,
s745312773,p02973,u767543103,1586927226,C++,C++14 (GCC 5.4.1),cpp,Accepted,58.0,1792.0,21332,
s493725313,p02973,u767543103,1586924215,C++,C++14 (GCC 5.4.1),cpp,Accepted,77.0,5760.0,20945,
s297739233,p02973,u149752754,1586918963,C++,C++14 (GCC 5.4.1),cpp,Accepted,52.0,1920.0,1002,
s030626968,p02973,u577774192,1586916143,C++,C++14 (GCC 5.4.1),cpp,Accepted,46.0,892.0,1249,
s872146607,p02973,u247164875,1586914723,C++,C++14 (GCC 5.4.1),cpp,Accepted,20.0,1024.0,407,
s406780423,p02973,u050428930,1586887840,C++,C++14 (GCC 5.4.1),cpp,Accepted,49.0,1400.0,366,
s954211455,p02973,u860546679,1586883400,C++,C++14 (GCC 5.4.1),cpp,Accepted,50.0,1792.0,863,
s886176161,p02973,u753803401,1586882749,Python,PyPy3 (2.4.0),py,Accepted,261.0,47580.0,415,
s622586062,p02973,u998262711,1586881011,Python,PyPy3 (2.4.0),py,Accepted,575.0,52440.0,180,
s110093765,p02973,u998262711,1586879908,Python,PyPy3 (2.4.0),py,Accepted,558.0,56152.0,222,
s634465156,p02973,u896014917,1586874924,C++,C++14 (GCC 5.4.1),cpp,Accepted,18.0,1920.0,1813,
s884765600,p02973,u459402168,1586823443,C++,C++14 (GCC 5.4.1),cpp,Accepted,48.0,5376.0,1243,
s170852062,p02973,u014442925,1586814401,C++,C++14 (GCC 5.4.1),cpp,Accepted,52.0,1792.0,6211,
s839349472,p02973,u374671031,1586810203,Python,PyPy3 (2.4.0),py,Accepted,1887.0,49880.0,303,
s939708557,p02973,u706001235,1586803577,C++,C++14 (GCC 5.4.1),cpp,Accepted,48.0,1400.0,685,
s772558415,p02973,u276588887,1586803505,C++,C++14 (GCC 5.4.1),cpp,Accepted,47.0,5760.0,4520,
s241537308,p02973,u866529295,1586739642,C++,C++14 (GCC 5.4.1),cpp,Accepted,80.0,4992.0,1206,
s017219101,p02973,u167988719,1586734951,C++,C++14 (GCC 5.4.1),cpp,Accepted,46.0,1276.0,467,
s057320680,p02973,u705230587,1586730592,C++,C++14 (GCC 5.4.1),cpp,Accepted,49.0,1792.0,403,
s853921557,p02973,u001024152,1586724143,Python,Python (3.4.3),py,Accepted,245.0,7836.0,511,
s832152540,p02973,u307592354,1586716257,Python,Python (3.4.3),py,Accepted,207.0,7840.0,344,
s236324492,p02973,u882620594,1586714316,C++,C++14 (GCC 5.4.1),cpp,Accepted,19.0,1276.0,849,
s366380372,p02973,u955627293,1586713034,C++,C++14 (GCC 5.4.1),cpp,Accepted,17.0,1024.0,757,
s089160504,p02973,u134519179,1586710517,C++,C++14 (GCC 5.4.1),cpp,Accepted,16.0,1276.0,1017,
s991476263,p02973,u489959379,1586708644,Python,Python (3.4.3),py,Accepted,556.0,8188.0,409,
s855880792,p02973,u489959379,1586707910,Python,Python (3.4.3),py,Accepted,251.0,7840.0,245,
s451632656,p02973,u882620594,1586698510,C++,C++14 (GCC 5.4.1),cpp,Accepted,723.0,1276.0,772,
s230140216,p02973,u562935282,1586680887,Python,Python (3.4.3),py,Accepted,377.0,7880.0,751,
s174372667,p02973,u328471539,1586672113,C++,C++14 (GCC 5.4.1),cpp,Accepted,47.0,1276.0,674,
s862336240,p02973,u997641430,1586671788,Python,Python (3.4.3),py,Accepted,238.0,11036.0,215,
s652305496,p02973,u806999568,1586671591,C++,C++14 (GCC 5.4.1),cpp,Accepted,15.0,1276.0,1198,
s756510042,p02973,u862412671,1586669423,C++,C++14 (GCC 5.4.1),cpp,Accepted,78.0,5376.0,399,
s512938358,p02973,u026620445,1586665802,C++,C++14 (GCC 5.4.1),cpp,Accepted,49.0,1660.0,3150,
s902589226,p02973,u617826263,1586663636,C++,C++14 (GCC 5.4.1),cpp,Accepted,48.0,640.0,705,
s614139379,p02973,u495903598,1586662960,C++,C++14 (GCC 5.4.1),cpp,Accepted,48.0,1276.0,1338,
s813488233,p02973,u410506856,1586662580,C++,C++14 (GCC 5.4.1),cpp,Accepted,47.0,1276.0,2017,
s560166608,p02973,u363936720,1586662185,C++,C++14 (GCC 5.4.1),cpp,Accepted,17.0,640.0,1089,
s109485713,p02973,u733814820,1586660589,C++,C++14 (GCC 5.4.1),cpp,Accepted,17.0,1024.0,1059,
s902003372,p02973,u915797797,1586660492,C++,C++14 (GCC 5.4.1),cpp,Accepted,755.0,1276.0,549,
s933405254,p02973,u316322317,1586659455,C++,C++14 (GCC 5.4.1),cpp,Accepted,50.0,1400.0,864,
s395817018,p02973,u783675879,1586659304,C++,C++14 (GCC 5.4.1),cpp,Accepted,70.0,17408.0,39237,
s377914320,p02973,u783675879,1586659244,C++,C++14 (GCC 5.4.1),cpp,Accepted,83.0,17408.0,39184,
s443156584,p02973,u694731294,1586659144,C++,C++14 (GCC 5.4.1),cpp,Accepted,15.0,1400.0,1024,
s970261337,p02973,u001024152,1586658767,Python,Python (3.4.3),py,Accepted,224.0,7840.0,382,
s229893217,p02973,u219417113,1586658669,Python,Python (3.4.3),py,Accepted,589.0,7284.0,245,
s221437598,p02973,u471069244,1586658457,C++,C++14 (GCC 5.4.1),cpp,Accepted,48.0,1024.0,475,
s808751804,p02973,u603234915,1586658277,C++,C++14 (GCC 5.4.1),cpp,Accepted,757.0,1660.0,1079,
s213455501,p02973,u317754719,1586658076,C++,C++14 (GCC 5.4.1),cpp,Accepted,79.0,4992.0,1984,
s607446897,p02973,u134519179,1586657800,C++,C++14 (GCC 5.4.1),cpp,Accepted,143.0,10880.0,3483,
s654227027,p02973,u814986259,1586657443,Python,Python (3.4.3),py,Accepted,513.0,8060.0,267,
s824396916,p02973,u017078415,1586657053,C++,C++14 (GCC 5.4.1),cpp,Accepted,17.0,640.0,1161,
s625119514,p02973,u530107518,1586657004,C++,C++14 (GCC 5.4.1),cpp,Accepted,18.0,1920.0,1709,
s090183502,p02973,u671257784,1586656955,C++,C++14 (GCC 5.4.1),cpp,Accepted,18.0,1920.0,4160,
s534334104,p02973,u929582923,1586656917,C++,C++14 (GCC 5.4.1),cpp,Accepted,17.0,640.0,1291,
s489082856,p02973,u232429509,1586656717,C++,C++14 (GCC 5.4.1),cpp,Accepted,52.0,1792.0,2807,
s849214054,p02973,u254187258,1586656552,C++,C++14 (GCC 5.4.1),cpp,Accepted,54.0,5376.0,1404,
s352406484,p02973,u316322317,1586656518,C++,C++14 (GCC 5.4.1),cpp,Accepted,49.0,1400.0,768,
s983194938,p02973,u021034020,1586656489,C++,C++14 (GCC 5.4.1),cpp,Accepted,88.0,8064.0,4538,
s022643383,p02973,u221285045,1586656421,C++,C++14 (GCC 5.4.1),cpp,Accepted,49.0,6528.0,2153,
s523779091,p02973,u926099741,1586656362,C++,C++14 (GCC 5.4.1),cpp,Accepted,49.0,1792.0,2149,
s345021299,p02973,u365512540,1586656254,C++,C++14 (GCC 5.4.1),cpp,Accepted,48.0,1024.0,2121,
s724413139,p02973,u893584578,1586656015,C++,C++14 (GCC 5.4.1),cpp,Accepted,48.0,1024.0,482,
s119637056,p02973,u281168735,1586655981,C++,C++14 (GCC 5.4.1),cpp,Accepted,34.0,5760.0,1855,
s694215330,p02973,u756388720,1586655901,C++,C++14 (GCC 5.4.1),cpp,Accepted,82.0,5376.0,365,
s976599290,p02973,u415325136,1586655732,C++,C++14 (GCC 5.4.1),cpp,Accepted,19.0,1276.0,953,
s633789472,p02973,u018872912,1586655714,C++,C++14 (GCC 5.4.1),cpp,Accepted,51.0,4352.0,3722,
s581642787,p02973,u761320129,1586655657,Python,Python (3.4.3),py,Accepted,243.0,11036.0,215,
s314821993,p02973,u963055157,1586655656,C++,C++14 (GCC 5.4.1),cpp,Accepted,77.0,4992.0,556,
s230365028,p02973,u120564432,1586655656,C++,C++14 (GCC 5.4.1),cpp,Accepted,81.0,5760.0,625,
s930483956,p02973,u853721692,1586655640,C++,C++14 (GCC 5.4.1),cpp,Accepted,48.0,5376.0,1181,
s565516480,p02973,u105791541,1586655477,C++,C++14 (GCC 5.4.1),cpp,Accepted,52.0,5376.0,899,
s124726951,p02973,u340293807,1586655475,C++,C++14 (GCC 5.4.1),cpp,Accepted,48.0,1024.0,1247,
s309159535,p02973,u221119670,1586655445,C++,C++14 (GCC 5.4.1),cpp,Accepted,76.0,5760.0,547,
s578082820,p02973,u340010271,1586655381,C++,C++14 (GCC 5.4.1),cpp,Accepted,17.0,1792.0,2180,
s366757197,p02973,u555962250,1586655313,C++,C++14 (GCC 5.4.1),cpp,Accepted,85.0,4992.0,351,
s064957442,p02973,u683134447,1586655245,Python,PyPy3 (2.4.0),py,Accepted,546.0,54360.0,315,
s873329242,p02973,u638795007,1586655179,Python,Python (3.4.3),py,Accepted,413.0,10436.0,2652,
s787470153,p02973,u986437843,1586654487,C++,C++14 (GCC 5.4.1),cpp,Accepted,48.0,5760.0,177042,
s407717511,p02973,u965730380,1586654461,C++,C++14 (GCC 5.4.1),cpp,Accepted,17.0,1024.0,864,
s196150314,p02973,u423624748,1586654418,C++,C++14 (GCC 5.4.1),cpp,Accepted,91.0,5760.0,1630,
s127744840,p02973,u809967037,1586653636,C++,C++14 (GCC 5.4.1),cpp,Accepted,17.0,1792.0,6013,
s276340323,p02973,u374929478,1586653052,C++,C++14 (GCC 5.4.1),cpp,Accepted,48.0,1024.0,949,
s669283294,p02973,u970899068,1586613063,Python,PyPy3 (2.4.0),py,Accepted,551.0,53592.0,334,
s092356174,p02973,u773265208,1586572984,Python,Python (3.4.3),py,Accepted,282.0,8060.0,287,
s727194619,p02973,u294721290,1586572847,C++,C++14 (GCC 5.4.1),cpp,Accepted,47.0,1024.0,380,
s806654730,p02973,u397070717,1586569567,C++,C++14 (GCC 5.4.1),cpp,Accepted,48.0,1024.0,761,
s949430866,p02973,u773265208,1586555361,Python,Python (3.4.3),py,Accepted,297.0,8060.0,325,
s964310419,p02973,u279976468,1586554057,C++,C++14 (GCC 5.4.1),cpp,Accepted,79.0,5748.0,1113,
s270821613,p02973,u766280310,1586548112,C++,C++14 (GCC 5.4.1),cpp,Accepted,39.0,6528.0,540,
s138933733,p02973,u883323885,1586543196,C++,C++14 (GCC 5.4.1),cpp,Accepted,80.0,5376.0,1616,
s232841353,p02973,u520721096,1586524471,C++,C++14 (GCC 5.4.1),cpp,Accepted,47.0,1276.0,497,
s786003039,p02973,u697968316,1586478218,C++,C++14 (GCC 5.4.1),cpp,Accepted,48.0,1024.0,492,
s519387995,p02973,u151005508,1586442874,Python,Python (3.4.3),py,Accepted,483.0,7836.0,513,
s868022665,p02973,u821180083,1586406928,C++,C++14 (GCC 5.4.1),cpp,Accepted,52.0,4992.0,387,
s352514411,p02973,u491256431,1586404439,C++,C++14 (GCC 5.4.1),cpp,Accepted,49.0,1792.0,1028,
s877794404,p02973,u848007850,1586402156,C++,C++14 (GCC 5.4.1),cpp,Accepted,17.0,1024.0,414,
s967212424,p02973,u018872912,1586392498,C++,C++14 (GCC 5.4.1),cpp,Accepted,53.0,2944.0,3761,
s673737952,p02973,u342703951,1586380570,C++,C++14 (GCC 5.4.1),cpp,Accepted,47.0,1276.0,398,
s389902057,p02973,u375616706,1586379468,Python,PyPy3 (2.4.0),py,Accepted,668.0,54488.0,258,
s062192433,p02973,u455067221,1586371869,C++,C++14 (GCC 5.4.1),cpp,Accepted,51.0,1024.0,587,
s762044911,p02973,u084218424,1586370178,C++,C++14 (GCC 5.4.1),cpp,Accepted,77.0,5760.0,1124,
s906034492,p02973,u645855527,1586361592,Python,PyPy3 (2.4.0),py,Accepted,631.0,51032.0,197,
s744009028,p02973,u762158020,1586348013,C++,C++14 (GCC 5.4.1),cpp,Accepted,47.0,2168.0,469,
s173988642,p02973,u025592199,1586315265,C++,C++14 (GCC 5.4.1),cpp,Accepted,48.0,640.0,451,
s834430261,p02973,u293156359,1586297873,C++,C++14 (GCC 5.4.1),cpp,Accepted,78.0,4992.0,366,
s885518670,p02973,u673338219,1586290178,Python,PyPy3 (2.4.0),py,Accepted,273.0,44764.0,422,
s054875304,p02973,u519460014,1586248695,C++,C++14 (GCC 5.4.1),cpp,Accepted,19.0,1408.0,3553,
s781958369,p02973,u293523151,1586246289,C++,C++14 (GCC 5.4.1),cpp,Accepted,32.0,1408.0,1214,
s850506448,p02973,u710232726,1586240818,C++,C++14 (GCC 5.4.1),cpp,Accepted,19.0,1792.0,611,
s790261152,p02973,u971089878,1586207222,C++,C++14 (GCC 5.4.1),cpp,Accepted,55.0,1408.0,953,
s266723332,p02973,u033620890,1586204649,C++,C++14 (GCC 5.4.1),cpp,Accepted,84.0,4992.0,2792,
s523841014,p02973,u233626335,1586187902,C++,C++14 (GCC 5.4.1),cpp,Accepted,49.0,1792.0,1819,
s406226877,p02973,u057109575,1586128336,Python,PyPy3 (2.4.0),py,Accepted,295.0,71612.0,220,
s417216979,p02973,u633967774,1586122258,C++,C++14 (GCC 5.4.1),cpp,Accepted,80.0,4992.0,421,
s994733141,p02973,u814715203,1586120097,C++,C++14 (GCC 5.4.1),cpp,Accepted,1520.0,2168.0,1551,
s725898150,p02973,u564182781,1586115816,C++,C++14 (GCC 5.4.1),cpp,Accepted,83.0,4992.0,1375,
s049345343,p02973,u437779154,1586104803,C++,C++14 (GCC 5.4.1),cpp,Accepted,45.0,892.0,778,
s946937327,p02973,u812973725,1586103819,C++,C++14 (GCC 5.4.1),cpp,Accepted,50.0,3328.0,1870,
s122089579,p02973,u946996108,1586085621,Python,Python (3.4.3),py,Accepted,348.0,11644.0,3184,
s039546551,p02973,u385244248,1586047590,Python,Python (3.4.3),py,Accepted,483.0,13040.0,697,
s503839735,p02973,u409617391,1586047465,C++,C++14 (GCC 5.4.1),cpp,Accepted,47.0,1276.0,8362,
s960069300,p02973,u153390822,1586040250,C++,C++14 (GCC 5.4.1),cpp,Accepted,58.0,9136.0,6439,
s316192976,p02973,u468440139,1586021449,C++,C++14 (GCC 5.4.1),cpp,Accepted,47.0,5760.0,863,
s165247123,p02973,u506846578,1586015034,C++,C++14 (GCC 5.4.1),cpp,Accepted,48.0,1024.0,585,
s477555519,p02973,u506846578,1586014411,C++,C++14 (GCC 5.4.1),cpp,Accepted,64.0,1024.0,502,
s201417137,p02973,u759266806,1585953309,C++,C++14 (GCC 5.4.1),cpp,Accepted,17.0,1792.0,6168,
s189684699,p02973,u759266806,1585951620,C++,C++14 (GCC 5.4.1),cpp,Accepted,48.0,5760.0,6234,
s135564820,p02973,u446795710,1585951500,C++,C++14 (GCC 5.4.1),cpp,Accepted,49.0,1792.0,504,
s909260722,p02973,u265359795,1585948860,C++,C++14 (GCC 5.4.1),cpp,Accepted,48.0,1792.0,385,
s434806769,p02973,u644568158,1585944504,C++,C++14 (GCC 5.4.1),cpp,Accepted,51.0,4992.0,7139,
s722107537,p02973,u572142121,1585932124,Python,Python (3.4.3),py,Accepted,234.0,8604.0,184,
s289906293,p02973,u714120941,1585922882,C++,C++14 (GCC 5.4.1),cpp,Accepted,48.0,1024.0,1088,
s981972990,p02973,u093792099,1585910741,C++,C++14 (GCC 5.4.1),cpp,Accepted,78.0,5376.0,1075,
s828289852,p02973,u160429264,1585880270,C++,C++14 (GCC 5.4.1),cpp,Accepted,49.0,1024.0,1432,
s597070476,p02973,u302000346,1585869744,C++,C++14 (GCC 5.4.1),cpp,Accepted,70.0,5760.0,1512,
s833471417,p02973,u395620499,1585848635,C++,C++14 (GCC 5.4.1),cpp,Accepted,49.0,1024.0,1184,
s607622785,p02973,u168860135,1585836971,C++,C++14 (GCC 5.4.1),cpp,Accepted,50.0,640.0,401,
s630488980,p02973,u370709193,1585824604,C++,C++14 (GCC 5.4.1),cpp,Accepted,18.0,1024.0,550,
s324305077,p02973,u370709193,1585822315,C++,C++14 (GCC 5.4.1),cpp,Accepted,33.0,1048.0,806,
s041676222,p02973,u138597672,1585803137,C++,C++14 (GCC 5.4.1),cpp,Accepted,79.0,4992.0,728,
s818256283,p02973,u483992368,1585801769,C++,C++14 (GCC 5.4.1),cpp,Accepted,77.0,4992.0,430,
s384351125,p02973,u264265458,1585799799,C++,C++14 (GCC 5.4.1),cpp,Accepted,17.0,1792.0,3476,
s135524844,p02973,u264265458,1585798598,C++,C++14 (GCC 5.4.1),cpp,Accepted,48.0,4992.0,3539,
s433591436,p02973,u204616996,1585794916,Python,Python (3.4.3),py,Accepted,323.0,7284.0,251,
s823379873,p02973,u945359338,1585724043,C++,C++14 (GCC 5.4.1),cpp,Accepted,48.0,1024.0,421,
s373205638,p02973,u780962115,1585708335,Python,Python (3.4.3),py,Accepted,230.0,7840.0,452,
s466661464,p02973,u936602931,1585684544,C++,C++14 (GCC 5.4.1),cpp,Accepted,18.0,1024.0,345,
s576343278,p02973,u322714721,1585678411,C++,C++14 (GCC 5.4.1),cpp,Accepted,77.0,5376.0,695,
s278055615,p02973,u936602931,1585651774,C++,C++14 (GCC 5.4.1),cpp,Accepted,726.0,892.0,336,
s621132392,p02973,u796408111,1585627853,C++,C++14 (GCC 5.4.1),cpp,Accepted,80.0,5376.0,1426,
s740927790,p02973,u228295160,1585627246,C++,C++14 (GCC 5.4.1),cpp,Accepted,17.0,1792.0,5233,
s489985159,p02973,u942915776,1585608533,C++,C++14 (GCC 5.4.1),cpp,Accepted,49.0,1024.0,440,
s862708819,p02973,u563710899,1585596563,C++,C++14 (GCC 5.4.1),cpp,Accepted,1516.0,2168.0,595,
s214071371,p02973,u766212984,1585553541,C++,C++14 (GCC 5.4.1),cpp,Accepted,50.0,5760.0,2587,
s838951201,p02973,u318785595,1585543472,C++,C++14 (GCC 5.4.1),cpp,Accepted,202.0,1792.0,869,
s048142666,p02973,u765758367,1585539968,Python,Python (3.4.3),py,Accepted,235.0,11048.0,197,
s160461389,p02973,u296150111,1585512292,Python,Python (3.4.3),py,Accepted,261.0,7836.0,225,
s362808503,p02973,u385825353,1585457784,C++,C++14 (GCC 5.4.1),cpp,Accepted,16.0,1276.0,1169,
s864569593,p02973,u170199544,1585438362,C++,C++14 (GCC 5.4.1),cpp,Accepted,19.0,1792.0,1188,
s896140541,p02973,u863370423,1585422785,C++,C++14 (GCC 5.4.1),cpp,Accepted,17.0,2552.0,1738,
s183167191,p02973,u863370423,1585422750,C++,C++14 (GCC 5.4.1),cpp,Accepted,18.0,1408.0,517,
s438203896,p02973,u929569377,1585396451,C++,C++14 (GCC 5.4.1),cpp,Accepted,46.0,1276.0,503,
s983066095,p02973,u929569377,1585393242,C++,C++14 (GCC 5.4.1),cpp,Accepted,46.0,1276.0,501,
s446638687,p02973,u261103969,1585341546,Python,PyPy3 (2.4.0),py,Accepted,303.0,45276.0,638,
s183940863,p02973,u731448038,1585337374,Python,PyPy3 (2.4.0),py,Accepted,608.0,46808.0,292,
s918016148,p02973,u463243362,1585328130,C++,C++14 (GCC 5.4.1),cpp,Accepted,16.0,892.0,742,
s465678790,p02973,u463243362,1585327864,C++,C++14 (GCC 5.4.1),cpp,Accepted,15.0,892.0,716,
s537686362,p02973,u045368371,1585327792,C++,C++14 (GCC 5.4.1),cpp,Accepted,80.0,5376.0,442,
s882453040,p02973,u139112865,1585288223,Python,Python (3.4.3),py,Accepted,233.0,7840.0,239,
s337459245,p02973,u858670323,1585268912,C++,C++14 (GCC 5.4.1),cpp,Accepted,32.0,5760.0,3428,
s899035549,p02973,u153390822,1585251357,C++,C++14 (GCC 5.4.1),cpp,Accepted,58.0,9136.0,6392,
s354554514,p02973,u725458677,1585194473,C++,C++14 (GCC 5.4.1),cpp,Accepted,77.0,5376.0,2823,
s163902156,p02973,u477855214,1585192605,C++,C++14 (GCC 5.4.1),cpp,Accepted,77.0,5760.0,854,
s124670288,p02973,u725458677,1585188404,C++,C++14 (GCC 5.4.1),cpp,Accepted,47.0,1660.0,2995,
s708771556,p02973,u131946248,1585175758,C++,C++14 (GCC 5.4.1),cpp,Accepted,48.0,1408.0,1283,
s220985981,p02973,u863442865,1585175454,Python,Python (3.4.3),py,Accepted,376.0,8064.0,782,
s140488961,p02973,u986568278,1585162715,C++,C++14 (GCC 5.4.1),cpp,Accepted,826.0,3072.0,734,
s323381071,p02973,u415325136,1585161257,C++,C++14 (GCC 5.4.1),cpp,Accepted,19.0,1276.0,1045,
s963770402,p02973,u672475305,1585153274,Python,Python (3.4.3),py,Accepted,515.0,8060.0,273,
s956192119,p02973,u903722062,1585142964,C++,C++14 (GCC 5.4.1),cpp,Accepted,48.0,1660.0,1391,
s634603309,p02973,u626595726,1585131202,C++,C++14 (GCC 5.4.1),cpp,Accepted,34.0,5376.0,1216,
s321533871,p02973,u521389909,1585104354,C++,C++14 (GCC 5.4.1),cpp,Accepted,84.0,4992.0,713,
s809354119,p02973,u119098168,1585104065,C++,C++14 (GCC 5.4.1),cpp,Accepted,78.0,5376.0,469,
s860899348,p02973,u289381123,1585103476,C++,C++14 (GCC 5.4.1),cpp,Accepted,47.0,1024.0,499,
s630359585,p02973,u498141549,1585100617,C++,C++14 (Clang 3.8.0),cpp,Accepted,119.0,2032.0,855,
s061210755,p02973,u966257731,1585074890,C++,C++14 (GCC 5.4.1),cpp,Accepted,66.0,5376.0,352,
s823192209,p02973,u593567568,1585063852,Python,Python (3.4.3),py,Accepted,143.0,8180.0,448,
s008243925,p02973,u021358975,1585019430,C++,C++14 (GCC 5.4.1),cpp,Accepted,1517.0,2168.0,888,
s097488166,p02973,u021358975,1585018954,C++,C++14 (GCC 5.4.1),cpp,Accepted,1510.0,2168.0,945,
s743303603,p02973,u274883254,1585018742,C++,C++14 (GCC 5.4.1),cpp,Accepted,17.0,1024.0,665,
s299085740,p02973,u021358975,1585018629,C++,C++14 (GCC 5.4.1),cpp,Accepted,1516.0,2168.0,881,
s327933174,p02973,u021358975,1585017870,C++,C++14 (GCC 5.4.1),cpp,Accepted,1507.0,2168.0,749,
s063387941,p02973,u021358975,1585017019,C++,C++14 (GCC 5.4.1),cpp,Accepted,1516.0,2168.0,1098,
s861189703,p02973,u021358975,1585015772,C++,C++14 (GCC 5.4.1),cpp,Accepted,1519.0,2168.0,1076,
s454655002,p02973,u269291896,1584942457,C++,C++14 (GCC 5.4.1),cpp,Accepted,63.0,5248.0,552,
s891759443,p02973,u466331465,1584915368,Python,Python (3.4.3),py,Accepted,259.0,7072.0,208,
s543931222,p02973,u146594935,1584903905,C++,C++14 (GCC 5.4.1),cpp,Accepted,47.0,1276.0,480,
s792689142,p02973,u012298376,1584896247,C++,C++14 (GCC 5.4.1),cpp,Accepted,47.0,1276.0,568,
s435053097,p02973,u603234915,1584888308,C++,C++14 (GCC 5.4.1),cpp,Accepted,47.0,1276.0,719,
s305960449,p02973,u655777757,1584851064,C++,C++14 (GCC 5.4.1),cpp,Accepted,46.0,1792.0,1226,
s036346198,p02973,u382423941,1584836567,C++,C++14 (GCC 5.4.1),cpp,Accepted,17.0,1024.0,2289,
s656518665,p02973,u986437843,1584836303,C++,C++14 (GCC 5.4.1),cpp,Accepted,48.0,5760.0,159736,
s142080195,p02973,u986437843,1584836171,C++,C++14 (GCC 5.4.1),cpp,Accepted,48.0,5760.0,159970,
s143228858,p02973,u986437843,1584835495,C++,C++14 (GCC 5.4.1),cpp,Accepted,47.0,5760.0,165620,
s516977013,p02973,u600402037,1584790659,Python,Python (3.4.3),py,Accepted,162.0,6900.0,341,
s080628006,p02973,u488401358,1584760969,Python,PyPy3 (2.4.0),py,Accepted,642.0,55640.0,534,
s503447334,p02973,u724012411,1584760663,C++,C++14 (GCC 5.4.1),cpp,Accepted,48.0,1400.0,438,
s951403623,p02973,u724012411,1584760466,C++,C++14 (GCC 5.4.1),cpp,Accepted,48.0,1400.0,425,
s104914181,p02973,u169138653,1584759237,Python,Python (3.4.3),py,Accepted,229.0,7840.0,242,
s923170352,p02973,u231230182,1584758267,C++,C++14 (GCC 5.4.1),cpp,Accepted,47.0,892.0,413,
s998249347,p02973,u063131621,1584748406,C++,C++14 (GCC 5.4.1),cpp,Accepted,68.0,4992.0,918,
s301982689,p02973,u648257619,1584738469,Python,PyPy3 (2.4.0),py,Accepted,678.0,58712.0,335,
s067957906,p02973,u991846372,1584731966,C++,C++14 (GCC 5.4.1),cpp,Accepted,50.0,1024.0,1216,
s450076348,p02973,u934272719,1584727899,C++,C++14 (GCC 5.4.1),cpp,Accepted,49.0,1024.0,1727,
s601648833,p02973,u747184036,1584727420,C++,C++14 (GCC 5.4.1),cpp,Accepted,48.0,5376.0,1494,
s002034716,p02973,u589756509,1584687298,C++,C++14 (GCC 5.4.1),cpp,Accepted,771.0,1276.0,851,
s470785397,p02973,u559424030,1584684131,C++,C++14 (GCC 5.4.1),cpp,Accepted,65.0,640.0,616,
s664432281,p02973,u030992242,1584679137,C++,C++14 (GCC 5.4.1),cpp,Accepted,49.0,1792.0,685,
s375283011,p02973,u880221923,1584676399,C++,C++14 (GCC 5.4.1),cpp,Accepted,67.0,4992.0,860,
s125951134,p02973,u251779460,1584665900,C++,C++14 (GCC 5.4.1),cpp,Accepted,76.0,5760.0,668,
s377089623,p02973,u518042385,1584660663,C++,C++14 (GCC 5.4.1),cpp,Accepted,77.0,5376.0,505,
s222766022,p02973,u644332191,1584650828,C++,C++14 (GCC 5.4.1),cpp,Accepted,82.0,5376.0,1264,
s823234363,p02973,u291766461,1584597135,Python,Python (3.4.3),py,Accepted,534.0,8060.0,264,
s493548498,p02973,u916974091,1584593932,C++,C++14 (GCC 5.4.1),cpp,Accepted,66.0,5760.0,1322,
s483161261,p02973,u223160139,1584580163,C++,C++14 (GCC 5.4.1),cpp,Accepted,22.0,640.0,594,
s402157286,p02973,u883134470,1584577434,C++,C++14 (GCC 5.4.1),cpp,Accepted,16.0,1276.0,1880,
s416072148,p02973,u223160139,1584576941,C++,C++14 (GCC 5.4.1),cpp,Accepted,15.0,892.0,470,
s511798051,p02973,u816872429,1584575562,Python,Python (3.4.3),py,Accepted,230.0,7840.0,171,
s853482189,p02973,u506846578,1584568363,C++,C++14 (GCC 5.4.1),cpp,Accepted,65.0,1024.0,473,
s972796305,p02973,u809967037,1584546957,C++,C++14 (GCC 5.4.1),cpp,Accepted,20.0,4992.0,6615,
s410787421,p02973,u131340563,1584545180,C++,C++14 (GCC 5.4.1),cpp,Accepted,1475.0,2168.0,846,
s148806075,p02973,u468440139,1584494753,C++,C++14 (GCC 5.4.1),cpp,Accepted,78.0,5760.0,810,
s140086780,p02973,u609061751,1584480455,Python,PyPy3 (2.4.0),py,Accepted,310.0,47196.0,306,
s589874393,p02973,u392319141,1584463696,Python,Python (3.4.3),py,Accepted,112.0,11108.0,246,
s717600337,p02973,u307227472,1584452521,C++,C++14 (GCC 5.4.1),cpp,Accepted,16.0,1400.0,448,
s874361773,p02973,u307227472,1584451815,C++,C++14 (GCC 5.4.1),cpp,Accepted,747.0,7168.0,773,
s797589947,p02973,u093170535,1584422911,C++,C++14 (GCC 5.4.1),cpp,Accepted,17.0,640.0,270,
s088725746,p02973,u089230684,1584399034,C++,C++14 (Clang 3.8.0),cpp,Accepted,17.0,892.0,905,
s074327316,p02973,u932465688,1584395538,Python,Python (3.4.3),py,Accepted,582.0,7412.0,244,
s159349375,p02973,u585482323,1584391197,Python,PyPy3 (2.4.0),py,Accepted,328.0,53340.0,944,
s461528970,p02973,u174434198,1584352765,C++,C++14 (GCC 5.4.1),cpp,Accepted,52.0,1024.0,697,
s751466441,p02973,u168026006,1584332794,C++,C++14 (GCC 5.4.1),cpp,Accepted,48.0,5760.0,2142,
s720560860,p02973,u489108157,1584328663,C++,C++14 (GCC 5.4.1),cpp,Accepted,51.0,1024.0,1401,
s927007588,p02973,u489108157,1584327976,C++,C++14 (GCC 5.4.1),cpp,Accepted,757.0,1276.0,1326,
s563994893,p02973,u751537640,1584324635,C++,C++14 (GCC 5.4.1),cpp,Accepted,78.0,5376.0,1021,
s089842928,p02973,u226912938,1584322525,Python,Python (3.4.3),py,Accepted,615.0,7364.0,373,
s194262919,p02973,u863370423,1584322057,C++,C++14 (GCC 5.4.1),cpp,Accepted,61.0,1024.0,1219,
s831180828,p02973,u863370423,1584318511,C++,C++14 (GCC 5.4.1),cpp,Accepted,60.0,640.0,362,
s388475434,p02973,u809967037,1584312615,C++,C++14 (GCC 5.4.1),cpp,Accepted,17.0,1792.0,6677,
s509477088,p02973,u630211216,1584305424,C++,C++14 (GCC 5.4.1),cpp,Accepted,756.0,1276.0,525,
s483237547,p02973,u247576416,1584304453,C++,C++14 (GCC 5.4.1),cpp,Accepted,48.0,2168.0,664,
s907131504,p02973,u353919145,1584259851,C++,C++14 (GCC 5.4.1),cpp,Accepted,48.0,1024.0,3151,
s446344086,p02973,u620868411,1584242939,Python,PyPy3 (2.4.0),py,Accepted,717.0,54616.0,522,
s519513375,p02973,u182321487,1584227674,C++,C++14 (GCC 5.4.1),cpp,Accepted,70.0,5760.0,784,
s721946930,p02973,u980909653,1584223770,C++,C++14 (GCC 5.4.1),cpp,Accepted,48.0,640.0,614,
s122015730,p02973,u366381207,1584222098,C++,C++14 (GCC 5.4.1),cpp,Accepted,62.0,1416.0,1355,
s262381928,p02973,u366381207,1584221618,C++,C++14 (GCC 5.4.1),cpp,Accepted,87.0,5752.0,1364,
s208236311,p02973,u366381207,1584221461,C++,C++14 (GCC 5.4.1),cpp,Accepted,89.0,5752.0,1386,
s973104652,p02973,u343935874,1584215075,C++,C++14 (GCC 5.4.1),cpp,Accepted,77.0,5760.0,526,
s721069221,p02973,u353919145,1584210283,C++,C++14 (Clang 3.8.0),cpp,Accepted,23.0,1524.0,646,
s161503926,p02973,u108540384,1584209171,C++,C++14 (GCC 5.4.1),cpp,Accepted,74.0,5376.0,539,
s056749990,p02973,u136869985,1584202929,C++,C++14 (GCC 5.4.1),cpp,Accepted,17.0,1024.0,511,
s820760459,p02973,u863370423,1584178386,C++,C++14 (GCC 5.4.1),cpp,Accepted,76.0,5760.0,530,
s984170170,p02973,u873190923,1584172217,Python,PyPy3 (2.4.0),py,Accepted,609.0,47320.0,323,
s876315785,p02973,u729417323,1584166908,Python,Python (3.4.3),py,Accepted,250.0,11032.0,271,
s879867576,p02973,u102602414,1584162076,C++,C++14 (GCC 5.4.1),cpp,Accepted,77.0,5760.0,1853,
s332677449,p02973,u816631826,1584147041,C++,C++14 (GCC 5.4.1),cpp,Accepted,61.0,640.0,269,
s304171400,p02973,u723394740,1584139091,C++,C++14 (GCC 5.4.1),cpp,Accepted,82.0,5376.0,959,
s351294181,p02973,u368796742,1584136809,Python,Python (3.4.3),py,Accepted,309.0,7412.0,247,
s111382462,p02973,u225581241,1584136783,C++,C++14 (GCC 5.4.1),cpp,Accepted,48.0,5760.0,954,
s828481408,p02973,u820225607,1584136337,C++,C++14 (GCC 5.4.1),cpp,Accepted,48.0,1400.0,394,
s150840095,p02973,u153390822,1584133040,C++,C++14 (GCC 5.4.1),cpp,Accepted,57.0,9136.0,6204,
s307957426,p02973,u893063840,1584131564,Python,Python (3.4.3),py,Accepted,515.0,8060.0,271,
s637338676,p02973,u153390822,1584124269,C++,C++14 (GCC 5.4.1),cpp,Accepted,66.0,9520.0,6252,
s779804047,p02973,u595289165,1584122636,Python,Python (3.4.3),py,Accepted,263.0,8828.0,288,
s776132365,p02973,u003019316,1584121173,C++,C++14 (GCC 5.4.1),cpp,Accepted,80.0,5760.0,451,
s168524502,p02973,u003019316,1584118861,C++,C++14 (GCC 5.4.1),cpp,Accepted,47.0,2168.0,451,
s356322437,p02973,u156778176,1584111961,C++,C++14 (GCC 5.4.1),cpp,Accepted,80.0,5376.0,645,
s793364017,p02973,u353919145,1584057647,C++,C++14 (GCC 5.4.1),cpp,Accepted,44.0,5376.0,412,
s764813660,p02973,u388682543,1584057597,C++,C++14 (GCC 5.4.1),cpp,Accepted,44.0,5376.0,412,
s033889664,p02973,u666683460,1584022922,C++,C++14 (GCC 5.4.1),cpp,Accepted,48.0,1024.0,1632,
s574701968,p02973,u904123392,1584016035,C++,C++14 (GCC 5.4.1),cpp,Accepted,67.0,4992.0,562,
s579335909,p02973,u904123392,1584015874,C++,C++14 (GCC 5.4.1),cpp,Accepted,68.0,4992.0,519,
s523911744,p02973,u153390822,1583980873,C++,C++14 (GCC 5.4.1),cpp,Accepted,57.0,9136.0,5329,
s571229174,p02973,u153390822,1583980717,C++,C++14 (GCC 5.4.1),cpp,Accepted,61.0,9264.0,5336,
s285694093,p02973,u153390822,1583977096,C++,C++14 (GCC 5.4.1),cpp,Accepted,56.0,8244.0,4892,
s107582771,p02973,u153390822,1583976591,C++,C++14 (GCC 5.4.1),cpp,Accepted,56.0,8756.0,4599,
s744138988,p02973,u743124029,1583969774,C++,C++14 (GCC 5.4.1),cpp,Accepted,49.0,1152.0,491,
s683753071,p02973,u537874719,1583940103,C++,C++14 (GCC 5.4.1),cpp,Accepted,67.0,5760.0,2507,
s683739556,p02973,u183175308,1583897890,C++,C++14 (GCC 5.4.1),cpp,Accepted,48.0,5760.0,1164,
s854045051,p02973,u756388720,1583895403,C++,C++14 (GCC 5.4.1),cpp,Accepted,80.0,5376.0,355,
s602365438,p02973,u353919145,1583891714,C++,C++14 (GCC 5.4.1),cpp,Accepted,41.0,4992.0,1143,
s213275859,p02973,u963055157,1583884098,C++,C++14 (GCC 5.4.1),cpp,Accepted,80.0,4992.0,703,
s861757687,p02973,u153390822,1583880976,C++,C++14 (GCC 5.4.1),cpp,Accepted,48.0,1792.0,4269,
s462646951,p02973,u153390822,1583880892,C++,C++14 (GCC 5.4.1),cpp,Accepted,52.0,1920.0,4275,
s646873799,p02973,u718758485,1583865251,C++,C++14 (GCC 5.4.1),cpp,Accepted,49.0,1792.0,441,
s538988850,p02973,u239409893,1583862080,C++,C++14 (GCC 5.4.1),cpp,Accepted,48.0,1024.0,483,
s634140482,p02973,u018679195,1583847174,C++,C++14 (GCC 5.4.1),cpp,Accepted,47.0,5632.0,434,
s889294495,p02973,u353919145,1583835480,C++,C++14 (GCC 5.4.1),cpp,Accepted,79.0,4992.0,634,
s837781186,p02973,u816631826,1583796753,C++,C++14 (GCC 5.4.1),cpp,Accepted,48.0,4992.0,1009,
s651193087,p02973,u457985479,1583782040,C++,C++14 (GCC 5.4.1),cpp,Accepted,16.0,1788.0,3173,
s034183016,p02973,u050428930,1583778487,C++,C++14 (GCC 5.4.1),cpp,Accepted,63.0,892.0,345,
s511311627,p02973,u809967037,1583771525,C++,C++14 (GCC 5.4.1),cpp,Accepted,17.0,1792.0,6608,
s825052600,p02973,u541784678,1583767127,C++,C++14 (GCC 5.4.1),cpp,Accepted,54.0,1792.0,1409,
s333265864,p02973,u360892275,1583749134,C++,C++14 (GCC 5.4.1),cpp,Accepted,47.0,4992.0,1143,
s532071841,p02973,u395928178,1583745129,C++,C++14 (GCC 5.4.1),cpp,Accepted,16.0,892.0,6095,
s126302162,p02973,u018679195,1583737739,C++,C++14 (GCC 5.4.1),cpp,Accepted,81.0,4992.0,440,
s929290191,p02973,u089230684,1583724562,C++,C++14 (GCC 5.4.1),cpp,Accepted,79.0,4992.0,410,
s743655453,p02973,u353919145,1583721752,C++,C++14 (GCC 5.4.1),cpp,Accepted,81.0,4992.0,1404,
s901187532,p02973,u297625842,1583721719,C++,C++14 (GCC 5.4.1),cpp,Accepted,79.0,4992.0,1404,
s231972167,p02973,u657470843,1583715324,C++,C++14 (GCC 5.4.1),cpp,Accepted,79.0,4992.0,408,
s452080078,p02973,u923279197,1583712091,Python,PyPy3 (2.4.0),py,Accepted,582.0,51032.0,249,
s963343698,p02973,u572472538,1583711801,C++,C++14 (GCC 5.4.1),cpp,Accepted,17.0,1792.0,3765,
s957812820,p02973,u469639111,1583703905,C++,C++14 (GCC 5.4.1),cpp,Accepted,60.0,1024.0,469,
s263292941,p02973,u432088501,1583697243,C++,C++14 (GCC 5.4.1),cpp,Accepted,48.0,640.0,414,
s449437280,p02973,u358254559,1583692060,Python,PyPy3 (2.4.0),py,Accepted,572.0,54360.0,305,
s643760594,p02973,u980909653,1583689599,C++,C++14 (GCC 5.4.1),cpp,Accepted,50.0,1024.0,646,
s509547279,p02973,u018679195,1583659617,C++,C++14 (GCC 5.4.1),cpp,Accepted,79.0,4992.0,492,
s126894434,p02973,u563422568,1583659582,C++,C++14 (GCC 5.4.1),cpp,Accepted,79.0,4992.0,492,
s642678382,p02973,u863370423,1583657769,C++,C++14 (GCC 5.4.1),cpp,Accepted,80.0,4992.0,1081,
s178168346,p02973,u384398403,1583657725,C++,C++14 (GCC 5.4.1),cpp,Accepted,79.0,4992.0,1081,
s940577063,p02973,u289381123,1583632119,C++,C++14 (GCC 5.4.1),cpp,Accepted,51.0,2428.0,410,
s633413676,p02973,u179169725,1583631208,Python,Python (3.4.3),py,Accepted,1674.0,4408.0,3607,
s537772243,p02973,u179169725,1583630908,Python,Python (3.4.3),py,Accepted,1684.0,4240.0,3545,
s034383544,p02973,u796877631,1583622311,C++,C++14 (GCC 5.4.1),cpp,Accepted,54.0,1024.0,565,
s593178774,p02973,u039040288,1583618302,C++,C++14 (GCC 5.4.1),cpp,Accepted,23.0,4096.0,742,
s832935837,p02973,u117348081,1583612748,C++,C++14 (GCC 5.4.1),cpp,Accepted,50.0,1792.0,1621,
s175882825,p02973,u302000346,1583610410,C++,C++14 (GCC 5.4.1),cpp,Accepted,233.0,81840.0,2087,
s313263561,p02973,u703950586,1583607954,Python,PyPy3 (2.4.0),py,Accepted,596.0,58584.0,201,
s476796241,p02973,u168774513,1583587337,C++,C++14 (GCC 5.4.1),cpp,Accepted,16.0,1024.0,1612,
s030784834,p02973,u588093355,1583543502,C++,C++14 (GCC 5.4.1),cpp,Accepted,47.0,4992.0,586,
s304143680,p02973,u561231954,1583510631,Python,Python (3.4.3),py,Accepted,227.0,7836.0,369,
s490603135,p02973,u421426760,1583451618,C++,C++14 (GCC 5.4.1),cpp,Accepted,46.0,5760.0,2224,
s437427363,p02973,u644907318,1583385374,Python,Python (3.4.3),py,Accepted,531.0,8060.0,271,
s268111931,p02973,u144913062,1583357320,Python,PyPy3 (2.4.0),py,Accepted,448.0,47196.0,317,
s144017696,p02973,u103850114,1583353801,C++,C++14 (GCC 5.4.1),cpp,Accepted,46.0,1276.0,1553,
s061262638,p02973,u398437835,1583341323,C++,C++14 (GCC 5.4.1),cpp,Accepted,17.0,1152.0,1547,
s423088700,p02973,u023958502,1583302311,C++,C++14 (GCC 5.4.1),cpp,Accepted,47.0,892.0,470,
s702466503,p02973,u352969025,1583289045,C++,C++14 (GCC 5.4.1),cpp,Accepted,47.0,1536.0,459,
s250272175,p02973,u014854522,1583213116,C++,C++14 (GCC 5.4.1),cpp,Accepted,78.0,4992.0,669,
s285743283,p02973,u987267288,1583204370,C++,C++14 (GCC 5.4.1),cpp,Accepted,49.0,1792.0,7262,
s318788228,p02973,u967843578,1583165745,C++,C++14 (GCC 5.4.1),cpp,Accepted,17.0,1024.0,1732,
s043517123,p02973,u798818115,1583125945,Python,Python (3.4.3),py,Accepted,580.0,7284.0,286,
s800371126,p02973,u498141549,1583112025,C++,C++14 (GCC 5.4.1),cpp,Accepted,62.0,1400.0,865,
s230444899,p02973,u765690804,1583106763,C++,C++14 (GCC 5.4.1),cpp,Accepted,49.0,1408.0,1395,
s753456108,p02973,u912359563,1583102013,C++,C++14 (GCC 5.4.1),cpp,Accepted,76.0,5376.0,1042,
s521383958,p02973,u638795007,1583096572,Python,PyPy3 (2.4.0),py,Accepted,437.0,48860.0,7524,
s040401289,p02973,u616029737,1583093760,C++,C++14 (GCC 5.4.1),cpp,Accepted,15.0,2168.0,3820,
s372740263,p02973,u141610915,1583091848,Python,PyPy3 (2.4.0),py,Accepted,333.0,52188.0,349,
s294927849,p02973,u828388155,1583091519,C++,C++14 (GCC 5.4.1),cpp,Accepted,50.0,1024.0,1120,
s968343652,p02973,u264265458,1583090426,C++,C++14 (GCC 5.4.1),cpp,Accepted,41.0,5760.0,3456,
s289770501,p02973,u649915042,1583089054,C++,C++14 (GCC 5.4.1),cpp,Accepted,86.0,4608.0,2841,
s984278317,p02973,u994988729,1583088641,Python,Python (3.4.3),py,Accepted,160.0,8196.0,354,
s788548049,p02973,u370608397,1583088596,C++,C++14 (GCC 5.4.1),cpp,Accepted,51.0,892.0,847,
s025658534,p02973,u649915042,1583083076,C++,C++14 (GCC 5.4.1),cpp,Accepted,51.0,1792.0,1214,
s748179332,p02973,u203197031,1583050101,C++,C++14 (GCC 5.4.1),cpp,Accepted,47.0,4992.0,1125,
s005220241,p02973,u945901686,1583041791,C++,C++14 (GCC 5.4.1),cpp,Accepted,104.0,640.0,1035,
s471272019,p02973,u020390084,1583040739,Python,PyPy3 (2.4.0),py,Accepted,459.0,49756.0,674,
s078334523,p02973,u020390084,1583040674,Python,Python (3.4.3),py,Accepted,419.0,8048.0,674,
s263133522,p02973,u380772254,1583020755,Python,PyPy3 (2.4.0),py,Accepted,552.0,56152.0,738,
s619129491,p02973,u912752743,1583016786,C++,C++14 (GCC 5.4.1),cpp,Accepted,43.0,5372.0,512,
s951331124,p02973,u912752743,1583016620,C++,C++14 (GCC 5.4.1),cpp,Accepted,51.0,4992.0,506,
s684478117,p02973,u912752743,1583016541,C++,C++14 (GCC 5.4.1),cpp,Accepted,51.0,4992.0,515,
s927107744,p02973,u912752743,1582997821,C++,C++14 (GCC 5.4.1),cpp,Accepted,65.0,1276.0,673,
s945436199,p02973,u168774513,1582978759,C++,C++14 (GCC 5.4.1),cpp,Accepted,18.0,1024.0,760,
s018634201,p02973,u054106284,1582934879,Python,Python (3.4.3),py,Accepted,138.0,7068.0,291,
s287021274,p02973,u110996038,1582931987,C++,C++14 (GCC 5.4.1),cpp,Accepted,65.0,1276.0,713,
s702357594,p02973,u285358283,1582928270,C++,C++14 (GCC 5.4.1),cpp,Accepted,47.0,2168.0,572,
s295443880,p02973,u277556971,1582925854,C++,C++14 (GCC 5.4.1),cpp,Accepted,16.0,1660.0,2233,
s743463179,p02973,u864171425,1582922006,C++,C++14 (GCC 5.4.1),cpp,Accepted,19.0,1024.0,721,
s572519563,p02973,u540491484,1582915060,C++,C++14 (GCC 5.4.1),cpp,Accepted,49.0,4992.0,1498,
s738349130,p02973,u445401544,1582905050,C++,C++14 (GCC 5.4.1),cpp,Accepted,47.0,1024.0,479,
s017414942,p02973,u698883164,1582874623,C++,C++14 (GCC 5.4.1),cpp,Accepted,16.0,1792.0,1667,
s886361140,p02973,u863370423,1582864554,C++,C++14 (GCC 5.4.1),cpp,Accepted,17.0,1908.0,2908,
s344681842,p02973,u089147470,1582861203,C++,C++14 (GCC 5.4.1),cpp,Accepted,49.0,1792.0,366,
s130176840,p02973,u806999568,1582842958,C++,C++14 (GCC 5.4.1),cpp,Accepted,16.0,1276.0,1136,
s822666412,p02973,u648212584,1582830951,Python,Python (3.4.3),py,Accepted,395.0,7284.0,407,
s491575697,p02973,u648212584,1582830896,Python,Python (3.4.3),py,Accepted,400.0,7276.0,412,
s286436331,p02973,u877847737,1582829020,C++,C++14 (GCC 5.4.1),cpp,Accepted,50.0,4992.0,758,
s232911627,p02973,u877847737,1582828592,C++,C++14 (GCC 5.4.1),cpp,Accepted,53.0,4992.0,718,
s001412347,p02973,u877847737,1582825400,C++,C++14 (GCC 5.4.1),cpp,Accepted,16.0,892.0,720,
s144567433,p02973,u554843701,1582813579,C++,C++14 (GCC 5.4.1),cpp,Accepted,46.0,2168.0,4036,
s218241517,p02973,u554843701,1582813542,C++,C++14 (GCC 5.4.1),cpp,Accepted,47.0,2168.0,4039,
s304684110,p02973,u554843701,1582813466,C++,C++14 (GCC 5.4.1),cpp,Accepted,46.0,2168.0,575,
s758535550,p02973,u554843701,1582811851,C++,C++14 (GCC 5.4.1),cpp,Accepted,93.0,5760.0,3869,
s908566328,p02973,u816631826,1582798874,C++,C++14 (GCC 5.4.1),cpp,Accepted,47.0,5760.0,1789,
s399349156,p02973,u225581241,1582774339,C++,C++14 (GCC 5.4.1),cpp,Accepted,47.0,5760.0,1035,
s505668821,p02973,u475007080,1582769394,C++,C++14 (GCC 5.4.1),cpp,Accepted,41.0,5760.0,2191,
s098768058,p02973,u868099754,1582765524,C++,C++14 (GCC 5.4.1),cpp,Accepted,49.0,1024.0,1073,
s602966135,p02973,u732412551,1582756394,Python,Python (3.4.3),py,Accepted,93.0,14092.0,265,
s153623684,p02973,u550014122,1582736660,C++,C++14 (GCC 5.4.1),cpp,Accepted,48.0,1024.0,1574,
s188022499,p02973,u491550356,1582686956,C++,C++14 (GCC 5.4.1),cpp,Accepted,18.0,1792.0,4928,
s883022693,p02973,u416773418,1582618242,C++,C++14 (GCC 5.4.1),cpp,Accepted,49.0,1276.0,691,
s985355983,p02973,u050428930,1582608285,C++,C++14 (GCC 5.4.1),cpp,Accepted,773.0,892.0,373,
s958587734,p02973,u050428930,1582607536,C++,C++14 (GCC 5.4.1),cpp,Accepted,62.0,892.0,370,
s690812754,p02973,u209713918,1582567991,C++,C++14 (GCC 5.4.1),cpp,Accepted,47.0,5376.0,1110,
s119786431,p02973,u235107623,1582566073,C++,C++14 (GCC 5.4.1),cpp,Accepted,48.0,1792.0,435,
s880978020,p02973,u562935282,1582529730,Python,Python (3.4.3),py,Accepted,221.0,7832.0,569,
s834901695,p02973,u102602414,1582528843,C++,C++14 (GCC 5.4.1),cpp,Accepted,78.0,4992.0,1807,
s345098733,p02973,u562935282,1582527638,Python,Python (3.4.3),py,Accepted,503.0,8060.0,410,
s453759114,p02973,u038084150,1582525476,C++,C++14 (GCC 5.4.1),cpp,Accepted,16.0,1792.0,1039,
s510785961,p02973,u111365362,1582497253,Python,PyPy3 (2.4.0),py,Accepted,721.0,47960.0,235,
s672376960,p02973,u493750228,1582491518,C++,C++14 (GCC 5.4.1),cpp,Accepted,15.0,1276.0,1331,
s361946945,p02973,u543584809,1582488025,C++,C++14 (GCC 5.4.1),cpp,Accepted,78.0,5376.0,611,
s710956564,p02973,u858575800,1582482340,C++,C++14 (GCC 5.4.1),cpp,Accepted,51.0,892.0,595,
s220741715,p02973,u644778646,1582474580,C++,C++14 (GCC 5.4.1),cpp,Accepted,17.0,1920.0,13555,
s787870747,p02973,u644778646,1582474196,C++,C++14 (GCC 5.4.1),cpp,Accepted,48.0,5760.0,13514,
s365928369,p02973,u559578080,1582461929,C++,C++14 (GCC 5.4.1),cpp,Accepted,50.0,1792.0,404,
s885672733,p02973,u191874006,1582412639,Python,PyPy3 (2.4.0),py,Accepted,306.0,48476.0,738,
s226525170,p02973,u857644621,1582389344,C++,C++14 (GCC 5.4.1),cpp,Accepted,18.0,1664.0,1440,
s438202602,p02973,u774652316,1582334781,C++,C++14 (GCC 5.4.1),cpp,Accepted,50.0,5760.0,768,
s328229674,p02973,u192903163,1582333238,C++,C++14 (GCC 5.4.1),cpp,Accepted,41.0,4992.0,583,
s250588612,p02973,u275786410,1582328585,C++,C++14 (GCC 5.4.1),cpp,Accepted,48.0,5376.0,400,
s646531707,p02973,u049420296,1582259410,C++,C++14 (GCC 5.4.1),cpp,Accepted,51.0,5376.0,1341,
s941600357,p02973,u476604182,1582259232,Python,Python (3.4.3),py,Accepted,573.0,7284.0,254,
s039435269,p02973,u633284019,1582252155,C++,C++14 (GCC 5.4.1),cpp,Accepted,36.0,5376.0,2967,
s303091464,p02973,u761320129,1582250203,Python,Python (3.4.3),py,Accepted,237.0,7836.0,212,
s395615347,p02973,u768152935,1582191288,C++,C++14 (GCC 5.4.1),cpp,Accepted,46.0,1792.0,686,
s156890234,p02973,u768152935,1582190867,C++,C++14 (GCC 5.4.1),cpp,Accepted,47.0,1792.0,714,
s097572132,p02973,u768152935,1582189882,C++,C++14 (GCC 5.4.1),cpp,Accepted,44.0,2296.0,775,
s763153767,p02973,u424602097,1582175475,C++,C++14 (GCC 5.4.1),cpp,Accepted,49.0,1024.0,628,
s760463444,p02973,u021358975,1582174307,C++,C++14 (GCC 5.4.1),cpp,Accepted,46.0,2168.0,586,
s900067904,p02973,u061912210,1582172990,C++,C++14 (GCC 5.4.1),cpp,Accepted,1487.0,2168.0,1777,
s831548127,p02973,u035009844,1582165506,C++,C++14 (GCC 5.4.1),cpp,Accepted,35.0,5376.0,1250,
s879004767,p02973,u350836088,1582159387,C++,C++14 (GCC 5.4.1),cpp,Accepted,47.0,1024.0,564,
s331267653,p02973,u976833038,1582153800,C++,C++14 (GCC 5.4.1),cpp,Accepted,78.0,4992.0,349,
s252699839,p02973,u715675531,1582142238,C++,C++14 (GCC 5.4.1),cpp,Accepted,137.0,6400.0,2749,
s032590133,p02973,u264265458,1582132494,C++,C++14 (GCC 5.4.1),cpp,Accepted,47.0,4992.0,3318,
s054208469,p02973,u550061714,1582130754,Python,Python (3.4.3),py,Accepted,261.0,7072.0,203,
s261788151,p02973,u071680334,1582113365,Python,Python (3.4.3),py,Accepted,222.0,7832.0,375,
s284701959,p02973,u863370423,1582100768,C++,C++14 (GCC 5.4.1),cpp,Accepted,90.0,7284.0,1276,
s266303410,p02973,u816631826,1582098876,C++,C++14 (GCC 5.4.1),cpp,Accepted,32.0,1544.0,1712,
s294760253,p02973,u863370423,1582097385,C++,C++14 (GCC 5.4.1),cpp,Accepted,139.0,6400.0,2750,
s297695135,p02973,u021358975,1582096906,C++,C++14 (GCC 5.4.1),cpp,Accepted,49.0,2168.0,1192,
s512538006,p02973,u816631826,1582095029,C++,C++14 (GCC 5.4.1),cpp,Accepted,71.0,6780.0,2797,
s009755339,p02973,u863370423,1582090729,C++,C++14 (GCC 5.4.1),cpp,Accepted,47.0,4992.0,681,
s331727086,p02973,u021358975,1582090057,C++,C++14 (GCC 5.4.1),cpp,Accepted,49.0,2168.0,856,
s350970493,p02973,u254871849,1582059884,Python,Python (3.4.3),py,Accepted,113.0,14092.0,361,
s248585470,p02973,u952289831,1581996831,C++,C++14 (GCC 5.4.1),cpp,Accepted,16.0,1276.0,831,
s049373233,p02973,u136342563,1581980668,C++,C++14 (GCC 5.4.1),cpp,Accepted,106.0,5376.0,760,
s686392771,p02973,u136342563,1581980596,C++,C++14 (GCC 5.4.1),cpp,Accepted,95.0,5376.0,873,
s940662614,p02973,u979163294,1581968709,C++,C++14 (GCC 5.4.1),cpp,Accepted,17.0,1276.0,459,
s458928201,p02973,u819048695,1581893818,Python,PyPy3 (2.4.0),py,Accepted,714.0,53336.0,291,
s329398024,p02973,u324825702,1581890204,C++,C++14 (GCC 5.4.1),cpp,Accepted,16.0,1792.0,1352,
s414193981,p02973,u048791623,1581842553,C++,C++14 (GCC 5.4.1),cpp,Accepted,77.0,4992.0,573,
s196786255,p02973,u356701928,1581811224,C++,C++14 (GCC 5.4.1),cpp,Accepted,48.0,1792.0,308,
s420034797,p02973,u181719868,1581805873,C++,C++14 (GCC 5.4.1),cpp,Accepted,49.0,8064.0,9172,
s249781249,p02973,u088895504,1581774484,C++,C++14 (GCC 5.4.1),cpp,Accepted,48.0,1276.0,407,
s415998988,p02973,u475503988,1581733722,Python,Python (3.4.3),py,Accepted,128.0,8188.0,308,
s186748549,p02973,u475503988,1581733397,Python,Python (3.4.3),py,Accepted,411.0,8060.0,301,
s514654530,p02973,u475503988,1581733305,Python,Python (3.4.3),py,Accepted,525.0,8188.0,263,
s043796347,p02973,u475503988,1581732778,C++,C++14 (GCC 5.4.1),cpp,Accepted,48.0,1024.0,905,
s603595300,p02973,u600402037,1581707870,Python,Python (3.4.3),py,Accepted,157.0,6900.0,376,
s719705913,p02973,u357265888,1581703748,C++,C++14 (GCC 5.4.1),cpp,Accepted,48.0,5376.0,1642,
s399873394,p02973,u480892088,1581699035,C++,C++14 (GCC 5.4.1),cpp,Accepted,73.0,4992.0,1189,
s797022120,p02973,u690536347,1581657451,Python,Python (3.4.3),py,Accepted,512.0,8828.0,271,
s371146896,p02973,u215268883,1581634107,C++,C++14 (GCC 5.4.1),cpp,Accepted,46.0,1792.0,812,
s384536204,p02973,u479370769,1581601910,C++,C++14 (GCC 5.4.1),cpp,Accepted,48.0,5376.0,2498,
s594153869,p02973,u607728868,1581576240,C++,C++14 (GCC 5.4.1),cpp,Accepted,77.0,4992.0,327,
s411867377,p02973,u961136005,1581562406,C++,C++14 (GCC 5.4.1),cpp,Accepted,47.0,1024.0,801,
s126552703,p02973,u185050799,1581506110,C++,C++14 (GCC 5.4.1),cpp,Accepted,79.0,5760.0,2194,
s672330600,p02973,u047685308,1581499556,C++,C++14 (GCC 5.4.1),cpp,Accepted,18.0,1024.0,444,
s460963440,p02973,u116018262,1581479612,C++,C++14 (GCC 5.4.1),cpp,Accepted,49.0,5376.0,453,
s005055161,p02973,u129667379,1581479067,C++,C++14 (GCC 5.4.1),cpp,Accepted,18.0,1400.0,562,
s583625482,p02973,u204973596,1581450673,C++,C++14 (GCC 5.4.1),cpp,Accepted,49.0,1792.0,612,
s131542145,p02973,u318127926,1581409892,Python,Python (3.4.3),py,Accepted,521.0,7832.0,435,
s243653722,p02973,u908318580,1581382188,C++,C++14 (GCC 5.4.1),cpp,Accepted,26.0,768.0,2530,
s652092678,p02973,u283907492,1581359755,C++,C++14 (GCC 5.4.1),cpp,Accepted,49.0,5376.0,575,
s509052880,p02973,u852690916,1581334488,Python,PyPy3 (2.4.0),py,Accepted,534.0,56280.0,214,
s402006752,p02973,u724687935,1581330276,Python,PyPy3 (2.4.0),py,Accepted,572.0,54488.0,293,
s059289535,p02973,u876335718,1581299084,C++,C++14 (GCC 5.4.1),cpp,Accepted,52.0,9636.0,2358,
s243700725,p02973,u601384736,1581291775,C++,C++14 (GCC 5.4.1),cpp,Accepted,47.0,1024.0,458,
s088236960,p02973,u845000384,1581288060,C++,C++14 (GCC 5.4.1),cpp,Accepted,78.0,5376.0,1586,
s065433860,p02973,u782098901,1581281208,C++,C++14 (GCC 5.4.1),cpp,Accepted,47.0,4992.0,338,
s440870306,p02973,u102602414,1581237507,C++,C++14 (GCC 5.4.1),cpp,Accepted,78.0,4992.0,1809,
s832485513,p02973,u075012704,1581221845,Python,Python (3.4.3),py,Accepted,520.0,8188.0,255,
s798581708,p02973,u075012704,1581221616,Python,Python (3.4.3),py,Accepted,237.0,11052.0,236,
s590733437,p02973,u716530146,1581220151,Python,PyPy3 (2.4.0),py,Accepted,431.0,46940.0,440,
s759282352,p02973,u317715099,1581196990,C++,C++14 (GCC 5.4.1),cpp,Accepted,46.0,1400.0,1136,
s885449010,p02973,u081193942,1581185378,Python,Python (3.4.3),py,Accepted,277.0,11032.0,348,
s301100605,p02973,u547167033,1581179853,Python,Python (3.4.3),py,Accepted,217.0,8480.0,193,
s069884121,p02973,u098012509,1581125095,Python,Python (3.4.3),py,Accepted,1778.0,11824.0,2102,
s579247691,p02973,u102602414,1581118104,C++,C++14 (GCC 5.4.1),cpp,Accepted,77.0,5376.0,1924,
s904224288,p02973,u047655753,1581116764,C++,C++14 (GCC 5.4.1),cpp,Accepted,61.0,3968.0,1540,
s300927145,p02973,u327390343,1581069708,C++,C++14 (GCC 5.4.1),cpp,Accepted,59.0,2548.0,1425,
s307127936,p02973,u530329977,1581049631,C++,C++14 (GCC 5.4.1),cpp,Accepted,76.0,5760.0,550,
s525161091,p02973,u616090453,1581048964,C++,C++14 (GCC 5.4.1),cpp,Accepted,76.0,5376.0,678,
s563157552,p02973,u098012509,1581046632,Python,Python (3.4.3),py,Accepted,537.0,8060.0,324,
s069938852,p02973,u131573212,1581043481,C++,C++14 (GCC 5.4.1),cpp,Accepted,43.0,4992.0,480,
s607280496,p02973,u761529120,1580959067,Python,PyPy3 (2.4.0),py,Accepted,692.0,53720.0,379,
s232078562,p02973,u196629968,1580934232,C++,C++14 (GCC 5.4.1),cpp,Accepted,47.0,2168.0,683,
s710478952,p02973,u408910484,1580914443,C++,C++14 (Clang 3.8.0),cpp,Accepted,115.0,2560.0,4899,
s687399275,p02973,u590725538,1580815268,C++,C++14 (GCC 5.4.1),cpp,Accepted,49.0,5760.0,617,
s504840497,p02973,u782098901,1580812326,C++,C++14 (GCC 5.4.1),cpp,Accepted,46.0,4992.0,338,
s488588663,p02973,u864667985,1580803216,C++,C++14 (GCC 5.4.1),cpp,Accepted,48.0,1792.0,996,
s962254211,p02973,u948911484,1580797917,Python,Python (3.4.3),py,Accepted,274.0,7840.0,224,
s678750304,p02973,u455366471,1580768573,C++,C++14 (GCC 5.4.1),cpp,Accepted,48.0,1792.0,524,
s927022124,p02973,u471212175,1580751541,C++,C++14 (GCC 5.4.1),cpp,Accepted,76.0,5760.0,609,
s891833753,p02973,u347057617,1580713692,C++,C++14 (GCC 5.4.1),cpp,Accepted,48.0,1024.0,736,
s790018353,p02973,u521723672,1580711671,C++,C++14 (GCC 5.4.1),cpp,Accepted,77.0,5760.0,536,
s088468833,p02973,u782098901,1580690587,C++,C++14 (GCC 5.4.1),cpp,Accepted,47.0,4992.0,340,
s660051526,p02973,u145078501,1580616675,C++,C++14 (GCC 5.4.1),cpp,Accepted,48.0,1016.0,1108,
s942876299,p02973,u682686221,1580614107,C++,C++14 (GCC 5.4.1),cpp,Accepted,48.0,4992.0,1211,
s824744217,p02973,u828766688,1580613058,Python,PyPy3 (2.4.0),py,Accepted,554.0,57048.0,284,
s545167611,p02973,u489108157,1580611901,C++,C++14 (GCC 5.4.1),cpp,Accepted,49.0,1024.0,989,
s619753758,p02973,u784072785,1580603064,C++,C++14 (GCC 5.4.1),cpp,Accepted,126.0,1024.0,1413,
s027074966,p02973,u548834738,1580571663,C++,C++14 (GCC 5.4.1),cpp,Accepted,48.0,1024.0,427,
s275910094,p02973,u554954744,1580554804,Python,PyPy3 (2.4.0),py,Accepted,674.0,53720.0,261,
s709238911,p02973,u316464887,1580533780,Python,Python (3.4.3),py,Accepted,226.0,8664.0,345,
s555526371,p02973,u858742833,1580531403,Python,Python (3.4.3),py,Accepted,464.0,7832.0,455,
s347764695,p02973,u188117876,1580521848,C++,C++14 (GCC 5.4.1),cpp,Accepted,47.0,1024.0,459,
s281700420,p02973,u176354582,1580445219,C++,C++14 (Clang 3.8.0),cpp,Accepted,144.0,4992.0,1107,
s428593029,p02973,u537905693,1580441703,C++,C++14 (GCC 5.4.1),cpp,Accepted,47.0,892.0,422,
s680000798,p02973,u624678037,1580440783,C++,C++14 (GCC 5.4.1),cpp,Accepted,82.0,5368.0,615,
s608400640,p02973,u513000862,1580435666,C++,C++14 (GCC 5.4.1),cpp,Accepted,80.0,4992.0,437,
s744172597,p02973,u682686221,1580396961,C++,C++14 (GCC 5.4.1),cpp,Accepted,48.0,4992.0,1175,
s010801667,p02973,u997325490,1580352478,C++,C++14 (GCC 5.4.1),cpp,Accepted,49.0,1024.0,609,
s776437810,p02973,u106297876,1580345108,C++,C++14 (GCC 5.4.1),cpp,Accepted,48.0,5760.0,1492,
s335818965,p02973,u835534008,1580338215,C++,C++14 (GCC 5.4.1),cpp,Accepted,49.0,1024.0,574,
s669988368,p02973,u841131859,1580337867,C++,C++14 (GCC 5.4.1),cpp,Accepted,48.0,1792.0,737,
s072355026,p02973,u102126195,1580182912,Python,PyPy3 (2.4.0),py,Accepted,548.0,56024.0,228,
s452044875,p02973,u109635851,1580128667,C++,C++14 (GCC 5.4.1),cpp,Accepted,130.0,16000.0,984,
s440778081,p02973,u785989355,1580122948,Python,PyPy3 (2.4.0),py,Accepted,593.0,56152.0,573,
s107617238,p02973,u571173211,1580078733,C++,C++14 (GCC 5.4.1),cpp,Accepted,77.0,5760.0,1259,
s484556081,p02973,u571173211,1580076638,C++,C++14 (GCC 5.4.1),cpp,Accepted,48.0,1792.0,1166,
s268008472,p02973,u118797367,1580050226,C++,C++14 (GCC 5.4.1),cpp,Accepted,77.0,5376.0,451,
s015863818,p02973,u521389909,1580011224,C++,C++14 (GCC 5.4.1),cpp,Accepted,50.0,640.0,631,
s051572191,p02973,u095021077,1579927356,Python,Python (3.4.3),py,Accepted,318.0,7284.0,223,
s381725497,p02973,u654191866,1579880904,C++,C++14 (GCC 5.4.1),cpp,Accepted,15.0,1792.0,564,
s688171563,p02973,u304862095,1579824490,C++,C++14 (GCC 5.4.1),cpp,Accepted,67.0,5760.0,509,
s046300702,p02973,u209647862,1579772651,C++,C++14 (GCC 5.4.1),cpp,Accepted,51.0,5760.0,2520,
s614574649,p02973,u209647862,1579772255,C++,C++14 (GCC 5.4.1),cpp,Accepted,50.0,5760.0,2545,
s126090565,p02973,u209647862,1579771229,C++,C++14 (GCC 5.4.1),cpp,Accepted,49.0,5760.0,2545,
s516810171,p02973,u209647862,1579771075,C++,C++14 (GCC 5.4.1),cpp,Accepted,50.0,5760.0,2545,
s960755378,p02973,u524019694,1579755485,C++,C++14 (GCC 5.4.1),cpp,Accepted,17.0,1920.0,1735,
s708748625,p02973,u524019694,1579755266,C++,C++14 (GCC 5.4.1),cpp,Accepted,1482.0,2168.0,1738,
s602201488,p02973,u008582165,1579619052,C++,C++14 (GCC 5.4.1),cpp,Accepted,15.0,1276.0,1477,
s663578434,p02973,u703511577,1579563692,C++,C++14 (Clang 3.8.0),cpp,Accepted,60.0,5880.0,529,
s594860871,p02973,u265768297,1579455395,C++,C++14 (GCC 5.4.1),cpp,Accepted,78.0,4992.0,1150,
s012547712,p02973,u895382169,1579386595,C++,C++14 (GCC 5.4.1),cpp,Accepted,757.0,892.0,1619,
s796680771,p02973,u131625544,1579370750,C++,C++14 (GCC 5.4.1),cpp,Accepted,54.0,1024.0,427,
s890609821,p02973,u193182854,1579317915,Python,Python (3.4.3),py,Accepted,529.0,8052.0,267,
s104614415,p02973,u193862001,1579249620,C++,C++14 (GCC 5.4.1),cpp,Accepted,15.0,2168.0,562,
s936540677,p02973,u802963389,1579200782,Python,Python (3.4.3),py,Accepted,231.0,8604.0,524,
s215078335,p02973,u802963389,1579200650,Python,Python (3.4.3),py,Accepted,240.0,8604.0,540,
s312682672,p02973,u785578220,1579148413,Python,PyPy3 (2.4.0),py,Accepted,586.0,52184.0,230,
s953044228,p02973,u813174766,1579145976,Python,PyPy3 (2.4.0),py,Accepted,569.0,57816.0,248,
s447968738,p02973,u506846578,1579065376,C++,C++14 (GCC 5.4.1),cpp,Accepted,46.0,1276.0,773,
s947514770,p02973,u193637378,1579058574,C++,C++14 (GCC 5.4.1),cpp,Accepted,17.0,1792.0,658,
s216707306,p02973,u545305086,1579048849,C++,C++14 (GCC 5.4.1),cpp,Accepted,70.0,5760.0,841,
s387818815,p02973,u871980676,1578981297,Python,PyPy3 (2.4.0),py,Accepted,282.0,47708.0,281,
s989882956,p02973,u976162616,1578920506,C++,C++14 (GCC 5.4.1),cpp,Accepted,50.0,5376.0,1589,
s133176181,p02973,u811004127,1578895394,C++,C++14 (GCC 5.4.1),cpp,Accepted,19.0,1908.0,2773,
s319155642,p02973,u941251324,1578869779,C++,C++14 (GCC 5.4.1),cpp,Accepted,48.0,2168.0,903,
s578774706,p02973,u941251324,1578867416,C++,C++14 (GCC 5.4.1),cpp,Accepted,49.0,2168.0,851,
s946873693,p02973,u585482323,1578836259,Python,PyPy3 (2.4.0),py,Accepted,331.0,48476.0,961,
s321195997,p02973,u372177994,1578785951,C++,C++14 (GCC 5.4.1),cpp,Accepted,60.0,1276.0,787,
s815415454,p02973,u242679311,1578766717,C++,C++14 (GCC 5.4.1),cpp,Accepted,81.0,5760.0,1366,
s490773372,p02973,u071730284,1578704200,C++,C++14 (GCC 5.4.1),cpp,Accepted,49.0,14848.0,24517,
s095399700,p02973,u138879272,1578642274,C++,C++14 (GCC 5.4.1),cpp,Accepted,17.0,1276.0,444,
s535672563,p02973,u162948713,1578637598,C++,C++14 (Clang 3.8.0),cpp,Accepted,142.0,5760.0,1036,
s123655550,p02973,u477977638,1578632233,Python,Python (3.4.3),py,Accepted,137.0,8052.0,517,
s663090149,p02973,u477977638,1578632189,Python,PyPy3 (2.4.0),py,Accepted,273.0,45240.0,517,
s947136011,p02973,u313043608,1578626358,C++,C++14 (GCC 5.4.1),cpp,Accepted,51.0,1792.0,965,
s532840454,p02973,u906651641,1578624960,Python,Python (3.4.3),py,Accepted,1698.0,8580.0,231,
s624409136,p02973,u754022296,1578576570,Python,Python (3.4.3),py,Accepted,241.0,7840.0,191,
s460287721,p02973,u936985471,1578505942,Python,Python (3.4.3),py,Accepted,910.0,7092.0,423,
s060693299,p02973,u943070796,1578501913,C++,C++14 (GCC 5.4.1),cpp,Accepted,1519.0,2168.0,484,
s668195877,p02973,u894950682,1578458489,C++,C++14 (GCC 5.4.1),cpp,Accepted,82.0,5760.0,3256,
s676361783,p02973,u498487134,1578404230,Python,PyPy3 (2.4.0),py,Accepted,579.0,55384.0,525,
s242719776,p02973,u498487134,1578402499,Python,PyPy3 (2.4.0),py,Accepted,563.0,56024.0,614,
s801889598,p02973,u417017290,1578371321,C++,C++14 (GCC 5.4.1),cpp,Accepted,79.0,4992.0,518,
s099420226,p02973,u111508936,1578364849,C++,C++14 (Clang 3.8.0),cpp,Accepted,115.0,2036.0,810,
s814387506,p02973,u654470292,1578284592,Python,PyPy3 (2.4.0),py,Accepted,439.0,47704.0,360,
s076609168,p02973,u905582793,1578206416,Python,Python (3.4.3),py,Accepted,119.0,7832.0,304,
s404681066,p02973,u905582793,1578206367,Python,PyPy3 (2.4.0),py,Accepted,281.0,49628.0,304,
s144041763,p02973,u905582793,1578206297,Python,PyPy3 (2.4.0),py,Accepted,538.0,56024.0,266,
s438238989,p02973,u905582793,1578206170,Python,PyPy3 (2.4.0),py,Accepted,552.0,55640.0,262,
s433909153,p02973,u539582125,1578198174,C++,C++14 (GCC 5.4.1),cpp,Accepted,47.0,4992.0,385,
s176760671,p02973,u644568158,1578195638,C++,C++14 (GCC 5.4.1),cpp,Accepted,19.0,1024.0,3118,
s793880090,p02973,u644568158,1578183179,C++,C++14 (GCC 5.4.1),cpp,Accepted,245.0,4212.0,3759,
s109837657,p02973,u806657856,1578182073,C++,C++14 (Clang 3.8.0),cpp,Accepted,145.0,5760.0,472,
s160757740,p02973,u823112986,1578181138,C++,C++14 (GCC 5.4.1),cpp,Accepted,52.0,1144.0,649,
s725519475,p02973,u922449550,1578114432,Python,Python (3.4.3),py,Accepted,584.0,7668.0,227,
s650783732,p02973,u579875569,1578109420,C++,C++14 (GCC 5.4.1),cpp,Accepted,74.0,7168.0,11195,
s078744960,p02973,u729337236,1578109053,C++,C++14 (GCC 5.4.1),cpp,Accepted,83.0,4992.0,303,
s264879334,p02973,u148425972,1578096747,C++,C++14 (GCC 5.4.1),cpp,Accepted,48.0,5376.0,663,
s906332466,p02973,u365512540,1578023543,C++,C++14 (GCC 5.4.1),cpp,Accepted,49.0,1024.0,2099,
s131664727,p02973,u105725117,1578005631,C++,C++14 (GCC 5.4.1),cpp,Accepted,16.0,892.0,373,
s497818824,p02973,u278868910,1578001389,C++,C++14 (GCC 5.4.1),cpp,Accepted,41.0,5760.0,2310,
s655909034,p02973,u457985479,1577993824,C++,C++14 (GCC 5.4.1),cpp,Accepted,16.0,1660.0,2819,
s730266098,p02973,u714538557,1577959395,C++,C++14 (GCC 5.4.1),cpp,Accepted,47.0,1792.0,1058,
s561367827,p02973,u523698212,1577908265,C++,C++14 (GCC 5.4.1),cpp,Accepted,830.0,2552.0,513,
s888715623,p02973,u903396129,1577853356,C++,C++14 (GCC 5.4.1),cpp,Accepted,47.0,1400.0,615,
s379280496,p02973,u692632484,1577851258,C++,C++14 (GCC 5.4.1),cpp,Accepted,73.0,4992.0,411,
s498028653,p02973,u393754572,1577828724,C++,C++14 (GCC 5.4.1),cpp,Accepted,49.0,1792.0,572,
s783619455,p02973,u179970156,1577819018,C++,C++14 (GCC 5.4.1),cpp,Accepted,150.0,6656.0,2154,
s340431291,p02973,u412164358,1577756209,C++,C++14 (GCC 5.4.1),cpp,Accepted,17.0,1920.0,9209,
s397834516,p02973,u678146855,1577737377,C++,C++14 (GCC 5.4.1),cpp,Accepted,18.0,1024.0,1502,
s456825782,p02973,u901561754,1577730955,C++,C++14 (GCC 5.4.1),cpp,Accepted,76.0,5760.0,1104,
s268762797,p02973,u014967455,1577690993,C++,C++14 (GCC 5.4.1),cpp,Accepted,48.0,1024.0,1038,
s063874517,p02973,u288238876,1577678932,C++,C++14 (GCC 5.4.1),cpp,Accepted,48.0,4992.0,849,
s670062279,p02973,u284124505,1577639301,C++,C++14 (GCC 5.4.1),cpp,Accepted,35.0,8832.0,3067,
s829613834,p02973,u736861509,1577617163,C++,C++14 (GCC 5.4.1),cpp,Accepted,47.0,5368.0,5362,
s896902401,p02973,u617380180,1577585841,C++,C++14 (GCC 5.4.1),cpp,Accepted,19.0,1024.0,1728,
s204712648,p02973,u485731913,1577568714,C++,C++14 (GCC 5.4.1),cpp,Accepted,754.0,1660.0,1237,
s739258784,p02973,u485731913,1577568327,C++,C++14 (GCC 5.4.1),cpp,Accepted,70.0,5760.0,1171,
s862114885,p02973,u415325136,1577565775,C++,C++14 (GCC 5.4.1),cpp,Accepted,15.0,1276.0,506,
s640392956,p02973,u230147738,1577501917,C++,C++14 (GCC 5.4.1),cpp,Accepted,77.0,4992.0,1060,
s109386736,p02973,u054501336,1577451396,C++,C++14 (GCC 5.4.1),cpp,Accepted,48.0,640.0,887,
s528637198,p02973,u374929478,1577407798,C++,C++14 (GCC 5.4.1),cpp,Accepted,48.0,1792.0,999,
s941563300,p02973,u135248164,1577384824,C++,C++14 (GCC 5.4.1),cpp,Accepted,17.0,1024.0,1207,
s439924731,p02973,u102960641,1577346694,Python,Python (3.4.3),py,Accepted,213.0,8472.0,217,
s597079415,p02973,u968846084,1577334643,Python,Python (3.4.3),py,Accepted,684.0,7356.0,231,
s789101895,p02973,u374929478,1577318602,C++,C++14 (GCC 5.4.1),cpp,Accepted,48.0,1024.0,804,
s074714578,p02973,u848736574,1577234305,C++,C++14 (GCC 5.4.1),cpp,Accepted,47.0,2168.0,1616,
s409549222,p02973,u645250356,1577231961,Python,Python (3.4.3),py,Accepted,437.0,9728.0,615,
s096549965,p02973,u658655325,1577205930,C++,C++14 (GCC 5.4.1),cpp,Accepted,49.0,640.0,375,
s098077881,p02973,u992779443,1577162007,C++,C++14 (GCC 5.4.1),cpp,Accepted,46.0,2168.0,1338,
s898173084,p02973,u876978301,1577158990,C++,C++14 (GCC 5.4.1),cpp,Accepted,78.0,5760.0,501,
s856626450,p02973,u642120132,1577144312,C++,C++14 (GCC 5.4.1),cpp,Accepted,47.0,1024.0,376,
s222833561,p02973,u026620445,1577056681,C++,C++14 (GCC 5.4.1),cpp,Accepted,48.0,2168.0,2093,
s829190386,p02973,u026620445,1577056290,C++,C++14 (GCC 5.4.1),cpp,Accepted,1515.0,2168.0,2070,
s406416041,p02973,u970899068,1577025777,Python,PyPy3 (2.4.0),py,Accepted,575.0,53720.0,290,
s593622964,p02973,u024496314,1576979385,C++,C++14 (GCC 5.4.1),cpp,Accepted,46.0,1024.0,513,
s901645292,p02973,u351265848,1576976050,C++,C++14 (GCC 5.4.1),cpp,Accepted,46.0,1276.0,514,
s265719744,p02973,u952130512,1576969344,C++,C++14 (GCC 5.4.1),cpp,Accepted,278.0,1528.0,2983,
s161039317,p02973,u799443198,1576964180,C++,C++14 (GCC 5.4.1),cpp,Accepted,47.0,1276.0,345,
s138380598,p02973,u623349537,1576902059,C++,C++14 (GCC 5.4.1),cpp,Accepted,46.0,1792.0,649,
s517395839,p02973,u644332191,1576886058,C++,C++14 (GCC 5.4.1),cpp,Accepted,48.0,1024.0,830,
s678151393,p02973,u685892567,1576867730,C++,C++14 (GCC 5.4.1),cpp,Accepted,49.0,1792.0,1092,
s951818987,p02973,u380524497,1576853230,Python,Python (3.4.3),py,Accepted,424.0,7284.0,327,
s509286025,p02973,u615258936,1576814892,C++,C++14 (GCC 5.4.1),cpp,Accepted,49.0,1792.0,519,
s410871633,p02973,u486097563,1576795034,C++,C++14 (GCC 5.4.1),cpp,Accepted,79.0,4992.0,394,
s201355332,p02973,u672220554,1576788312,Python,Python (3.4.3),py,Accepted,489.0,7808.0,385,
s868335267,p02973,u672220554,1576788149,Python,PyPy3 (2.4.0),py,Accepted,541.0,54872.0,384,
s023628136,p02973,u672220554,1576788024,Python,PyPy3 (2.4.0),py,Accepted,562.0,54744.0,427,
s557956851,p02973,u696290869,1576770414,C++,C++14 (Clang 3.8.0),cpp,Accepted,147.0,5376.0,750,
s290094504,p02973,u296518383,1576764687,Python,PyPy3 (2.4.0),py,Accepted,580.0,52952.0,340,
s466486653,p02973,u296518383,1576764634,Python,PyPy3 (2.4.0),py,Accepted,574.0,52952.0,311,
s081224139,p02973,u296518383,1576764538,Python,PyPy3 (2.4.0),py,Accepted,576.0,52952.0,308,
s059308776,p02973,u220212997,1576733528,C++,C++14 (GCC 5.4.1),cpp,Accepted,1475.0,2168.0,2487,
s085776361,p02973,u547448704,1576702278,C++,C++14 (GCC 5.4.1),cpp,Accepted,58.0,1024.0,971,
s117620497,p02973,u491550356,1576646273,C++,C++14 (GCC 5.4.1),cpp,Accepted,51.0,4992.0,4174,
s770402521,p02973,u892687772,1576634789,C++,C++14 (GCC 5.4.1),cpp,Accepted,62.0,1024.0,886,
s626370458,p02973,u173511648,1576626536,C++,C++14 (GCC 5.4.1),cpp,Accepted,15.0,1400.0,481,
s103792463,p02973,u935984175,1576621686,Python,Python (3.4.3),py,Accepted,123.0,14420.0,311,
s274075573,p02973,u326152409,1576614632,C++,C++14 (GCC 5.4.1),cpp,Accepted,48.0,1792.0,615,
s440160066,p02973,u599114793,1576606989,Python,Python (3.4.3),py,Accepted,313.0,7284.0,289,
s654487503,p02973,u302149106,1576605796,C++,C++14 (GCC 5.4.1),cpp,Accepted,72.0,5376.0,614,
s208570796,p02973,u378419207,1576547547,C++,C++14 (GCC 5.4.1),cpp,Accepted,51.0,5376.0,1356,
s336898573,p02973,u020390084,1576478393,Python,Python (3.4.3),py,Accepted,161.0,8904.0,654,
s172736937,p02973,u076564993,1576448068,C++,C++14 (GCC 5.4.1),cpp,Accepted,758.0,892.0,693,
s733940294,p02973,u365058393,1576399846,C++,C++14 (GCC 5.4.1),cpp,Accepted,49.0,5368.0,522,
s764826635,p02973,u660341491,1576390638,C++,C++14 (GCC 5.4.1),cpp,Accepted,77.0,5376.0,387,
s615901266,p02973,u834771741,1576296617,C++,C++14 (GCC 5.4.1),cpp,Accepted,47.0,2168.0,693,
s726911782,p02973,u834771741,1576296500,C++,C++14 (GCC 5.4.1),cpp,Accepted,525.0,2168.0,716,
s338776077,p02973,u499381410,1576260784,Python,PyPy3 (2.4.0),py,Accepted,301.0,46172.0,1183,
s894099778,p02973,u600402037,1576216184,Python,Python (3.4.3),py,Accepted,155.0,7836.0,377,
s495209653,p02973,u600402037,1576214973,Python,Python (3.4.3),py,Accepted,146.0,7840.0,386,
s248817035,p02973,u231230182,1576126858,C++,C++14 (GCC 5.4.1),cpp,Accepted,46.0,892.0,536,
s656003632,p02973,u231230182,1576126463,C++,C++14 (GCC 5.4.1),cpp,Accepted,47.0,640.0,463,
s131354153,p02973,u633402865,1576117904,C++,C++14 (GCC 5.4.1),cpp,Accepted,49.0,1024.0,364,
s245920790,p02973,u191283972,1576115220,C++,C++14 (GCC 5.4.1),cpp,Accepted,51.0,5376.0,1751,
s640574688,p02973,u392319141,1576113905,Python,Python (3.4.3),py,Accepted,270.0,7068.0,220,
s234149809,p02973,u921773161,1576073876,Python,Python (3.4.3),py,Accepted,266.0,7796.0,392,
s160321023,p02973,u561083515,1576037806,Python,Python (3.4.3),py,Accepted,133.0,7840.0,370,
s300939815,p02973,u561083515,1576037279,Python,Python (3.4.3),py,Accepted,135.0,7840.0,339,
s952247117,p02973,u008229752,1576030705,C++,C++14 (GCC 5.4.1),cpp,Accepted,50.0,2676.0,2652,
s730661610,p02973,u097790401,1576017567,C++,C++14 (GCC 5.4.1),cpp,Accepted,68.0,5376.0,627,
s240770746,p02973,u120967809,1576003670,C++,C++14 (GCC 5.4.1),cpp,Accepted,45.0,1276.0,652,
s801725824,p02973,u842939260,1575875512,C++,C++14 (GCC 5.4.1),cpp,Accepted,77.0,5376.0,836,
s987093292,p02973,u923105140,1575831004,C++,C++14 (GCC 5.4.1),cpp,Accepted,47.0,1276.0,500,
s969599424,p02973,u828388155,1575829263,C++,C++14 (GCC 5.4.1),cpp,Accepted,49.0,1792.0,1172,
s404935660,p02973,u828388155,1575829075,C++,C++14 (GCC 5.4.1),cpp,Accepted,50.0,1792.0,957,
s412037839,p02973,u828388155,1575829050,C++,C++14 (GCC 5.4.1),cpp,Accepted,51.0,1792.0,965,
s337408570,p02973,u828388155,1575829009,C++,C++14 (GCC 5.4.1),cpp,Accepted,48.0,1792.0,952,
s936203110,p02973,u828388155,1575828857,C++,C++14 (GCC 5.4.1),cpp,Accepted,50.0,1920.0,1351,
s250397272,p02973,u828388155,1575828708,C++,C++14 (GCC 5.4.1),cpp,Accepted,49.0,1792.0,1279,
s829048414,p02973,u319818856,1575820069,Python,PyPy3 (2.4.0),py,Accepted,690.0,54360.0,436,
s682166348,p02973,u099918199,1575788325,C++,C++14 (GCC 5.4.1),cpp,Accepted,78.0,4992.0,918,
s548704148,p02973,u073852194,1575773157,Python,PyPy3 (2.4.0),py,Accepted,601.0,53592.0,282,
s249622049,p02973,u200215998,1575769912,C++,C++14 (GCC 5.4.1),cpp,Accepted,48.0,5760.0,4440,
s565655362,p02973,u828388155,1575764688,C++,C++14 (GCC 5.4.1),cpp,Accepted,49.0,1024.0,704,
s469490061,p02973,u440566786,1575759852,Python,PyPy3 (2.4.0),py,Accepted,292.0,48092.0,348,
s579111632,p02973,u184929210,1575753562,C++,C++14 (GCC 5.4.1),cpp,Accepted,46.0,1276.0,875,
s369087132,p02973,u184929210,1575753253,C++,C++14 (GCC 5.4.1),cpp,Accepted,47.0,1276.0,899,
s253717219,p02973,u561976793,1575750768,C++,C++14 (GCC 5.4.1),cpp,Accepted,82.0,5376.0,565,
s472070040,p02973,u561976793,1575750524,C++,C++14 (GCC 5.4.1),cpp,Accepted,83.0,5760.0,4061,
s847872539,p02973,u202064066,1575740018,C++,C++14 (GCC 5.4.1),cpp,Accepted,37.0,4992.0,571,
s103550763,p02973,u337775536,1575735020,C++,C++14 (GCC 5.4.1),cpp,Accepted,38.0,4992.0,2122,
s455389164,p02973,u245916049,1575734614,C++,C++14 (GCC 5.4.1),cpp,Accepted,80.0,4992.0,472,
s564245720,p02973,u774417629,1575730682,C++,C++14 (GCC 5.4.1),cpp,Accepted,34.0,4992.0,606,
s103891998,p02973,u764228018,1575703874,C++,C++14 (GCC 5.4.1),cpp,Accepted,50.0,1024.0,388,
s640163628,p02973,u601681349,1575693623,C++,C++14 (GCC 5.4.1),cpp,Accepted,15.0,1400.0,375,
s152566138,p02973,u476383383,1575681068,C++,C++14 (GCC 5.4.1),cpp,Accepted,48.0,1024.0,2526,
s220458381,p02973,u121921603,1575653555,Python,PyPy3 (2.4.0),py,Accepted,624.0,46552.0,150,
s868849649,p02973,u121921603,1575653433,Python,PyPy3 (2.4.0),py,Accepted,584.0,46552.0,144,
s952430675,p02973,u095266283,1575624043,C++,C++14 (GCC 5.4.1),cpp,Accepted,17.0,1024.0,1305,
s163104358,p02973,u221285045,1575597648,C++,C++14 (GCC 5.4.1),cpp,Accepted,51.0,2168.0,1309,
s698293352,p02973,u090994275,1575576084,C++,C++14 (GCC 5.4.1),cpp,Accepted,47.0,1276.0,725,
s895241026,p02973,u924885571,1575529128,C++,C++14 (GCC 5.4.1),cpp,Accepted,16.0,2168.0,651,
s055818243,p02973,u167931717,1575520241,C++,C++14 (GCC 5.4.1),cpp,Accepted,47.0,2548.0,19265,
s368530230,p02973,u167931717,1575520013,C++,C++14 (GCC 5.4.1),cpp,Accepted,48.0,2548.0,19289,
s445817204,p02973,u976045502,1575434458,C++,C++14 (GCC 5.4.1),cpp,Accepted,47.0,1024.0,567,
s319260767,p02973,u237010411,1575406777,C++,C++14 (GCC 5.4.1),cpp,Accepted,34.0,5376.0,2122,
s725127909,p02973,u422633119,1575398150,C++,C++14 (GCC 5.4.1),cpp,Accepted,49.0,1792.0,1167,
s672391169,p02973,u167931717,1575393615,C++,C++14 (GCC 5.4.1),cpp,Accepted,131.0,10484.0,19948,
s312562520,p02973,u167931717,1575393376,C++,C++14 (GCC 5.4.1),cpp,Accepted,141.0,10484.0,20125,
s052053302,p02973,u354567428,1575348008,C++,C++14 (GCC 5.4.1),cpp,Accepted,48.0,1024.0,1334,
s324333343,p02973,u504836877,1575340979,Python,PyPy3 (2.4.0),py,Accepted,572.0,53720.0,339,
s688977289,p02973,u656672211,1575269829,C++,C++14 (GCC 5.4.1),cpp,Accepted,50.0,12032.0,1832,
s876090868,p02973,u960267905,1575251881,C++,C++14 (GCC 5.4.1),cpp,Accepted,18.0,1792.0,1418,
s627480746,p02973,u043443359,1575237765,C++,C++14 (GCC 5.4.1),cpp,Accepted,52.0,1792.0,6471,
s393115852,p02973,u043443359,1575237754,C++,C++14 (GCC 5.4.1),cpp,Accepted,49.0,1792.0,6469,
s549802859,p02973,u410118019,1575235655,Python,PyPy3 (2.4.0),py,Accepted,544.0,56792.0,204,
s035702605,p02973,u225581241,1575230930,C++,C++14 (GCC 5.4.1),cpp,Accepted,47.0,4992.0,870,
s121732559,p02973,u933052354,1575159376,C++,C++14 (GCC 5.4.1),cpp,Accepted,52.0,4992.0,771,
s939786763,p02973,u691896522,1575159346,Python,PyPy3 (2.4.0),py,Accepted,699.0,48800.0,394,
s315069689,p02973,u354567428,1575138028,C++,C++14 (GCC 5.4.1),cpp,Accepted,47.0,1024.0,1148,
s182832309,p02973,u779455925,1575078416,Python,PyPy3 (2.4.0),py,Accepted,683.0,57688.0,469,
s184206042,p02973,u759721333,1574971245,C++,C++14 (GCC 5.4.1),cpp,Accepted,47.0,1276.0,769,
s092109379,p02973,u614875193,1574967849,Python,Python (3.4.3),py,Accepted,229.0,7840.0,160,
s175738787,p02973,u497046426,1574961023,Python,Python (3.4.3),py,Accepted,229.0,8732.0,258,
s400924074,p02973,u186838327,1574933007,Python,Python (3.4.3),py,Accepted,572.0,7284.0,230,
s797864744,p02973,u186838327,1574932952,Python,PyPy3 (2.4.0),py,Accepted,756.0,48216.0,230,
s885855598,p02973,u711539583,1574919294,Python,PyPy3 (2.4.0),py,Accepted,287.0,50396.0,605,
s470550741,p02973,u024809932,1574909475,C++,C++14 (GCC 5.4.1),cpp,Accepted,84.0,4992.0,366,
s938064841,p02973,u572665222,1574906566,C++,C++14 (GCC 5.4.1),cpp,Accepted,49.0,1792.0,554,
s184559544,p02973,u018872912,1574906330,C++,C++14 (GCC 5.4.1),cpp,Accepted,51.0,4224.0,1323,
s952348083,p02973,u440213743,1574902551,C++,C++14 (GCC 5.4.1),cpp,Accepted,50.0,2548.0,405,
s328060873,p02973,u668191971,1574899749,C++,C++14 (GCC 5.4.1),cpp,Accepted,52.0,1024.0,1119,
s105567915,p02973,u366398972,1574886225,C++,C++14 (GCC 5.4.1),cpp,Accepted,78.0,4992.0,592,
s896989214,p02973,u181806820,1574866707,C++,C++14 (GCC 5.4.1),cpp,Accepted,47.0,1276.0,6029,
s639820745,p02973,u187453157,1574850915,C++,C++14 (GCC 5.4.1),cpp,Accepted,79.0,5248.0,2286,
s807264145,p02973,u018679195,1574826344,C++,C++14 (GCC 5.4.1),cpp,Accepted,34.0,5376.0,2122,
s909967401,p02973,u354567428,1574812818,C++,C++14 (GCC 5.4.1),cpp,Accepted,48.0,1024.0,1147,
s579425632,p02973,u115357063,1574809255,C++,C++14 (GCC 5.4.1),cpp,Accepted,49.0,5376.0,571,
s263442071,p02973,u115357063,1574809080,C++,C++14 (GCC 5.4.1),cpp,Accepted,50.0,640.0,358,
s494664775,p02973,u115357063,1574809068,C++,C++14 (GCC 5.4.1),cpp,Accepted,47.0,892.0,412,
s866306309,p02973,u281168735,1574801531,C++,C++14 (GCC 5.4.1),cpp,Accepted,35.0,5760.0,1511,
s833712744,p02973,u281168735,1574797219,C++,C++14 (GCC 5.4.1),cpp,Accepted,47.0,5760.0,1232,
s565759356,p02973,u225581241,1574781322,C++,C++14 (GCC 5.4.1),cpp,Accepted,49.0,4992.0,923,
s327413517,p02973,u814986259,1574748287,Python,Python (3.4.3),py,Accepted,412.0,8832.0,330,
s988636431,p02973,u814986259,1574748248,Python,PyPy3 (2.4.0),py,Accepted,441.0,48220.0,330,
s527674606,p02973,u428762488,1574744407,C++,C++14 (GCC 5.4.1),cpp,Accepted,76.0,7296.0,1352,
s268748435,p02973,u461573913,1574743582,C++,C++14 (GCC 5.4.1),cpp,Accepted,755.0,1276.0,470,
s562826851,p02973,u736861509,1574681697,C++,C++14 (GCC 5.4.1),cpp,Accepted,48.0,5368.0,5369,
s175665657,p02973,u236193715,1574668858,C++,C++14 (GCC 5.4.1),cpp,Accepted,51.0,1024.0,330,
s840538653,p02973,u891635666,1574472719,Python,Python (3.4.3),py,Accepted,150.0,11064.0,527,
s558910761,p02973,u095453583,1574467651,C++,C++14 (GCC 5.4.1),cpp,Accepted,27.0,1792.0,3100,
s582134335,p02973,u194908943,1574398672,C++,C++14 (GCC 5.4.1),cpp,Accepted,17.0,1920.0,1354,
s004913556,p02973,u095453583,1574388390,C++,C++14 (GCC 5.4.1),cpp,Accepted,336.0,5760.0,6632,
s759894515,p02973,u984730891,1574376177,C++,C++14 (GCC 5.4.1),cpp,Accepted,79.0,5248.0,506,
s546085861,p02973,u852585808,1574376029,C++,C++14 (GCC 5.4.1),cpp,Accepted,77.0,5760.0,508,
s226722639,p02973,u834415466,1574348129,C++,C++14 (GCC 5.4.1),cpp,Accepted,114.0,10880.0,2106,
s253685888,p02973,u834415466,1574346676,C++,C++14 (GCC 5.4.1),cpp,Accepted,261.0,10880.0,2255,
s347370806,p02973,u223904637,1574315297,Python,PyPy3 (2.4.0),py,Accepted,572.0,56152.0,276,
s523680946,p02973,u322177979,1574230068,C++,C++14 (GCC 5.4.1),cpp,Accepted,49.0,2560.0,4448,
s543303325,p02973,u920254817,1574203214,C++,C++14 (GCC 5.4.1),cpp,Accepted,101.0,7296.0,471,
s843735949,p02973,u300866293,1574170306,C++,C++14 (GCC 5.4.1),cpp,Accepted,1467.0,1024.0,1452,
s437356478,p02973,u035566695,1574140346,C++,C++14 (GCC 5.4.1),cpp,Accepted,50.0,5376.0,1040,
s242009990,p02973,u692746605,1574131979,Python,Python (3.4.3),py,Accepted,242.0,7836.0,189,
s338657613,p02973,u182791129,1574125627,C++,C++14 (GCC 5.4.1),cpp,Accepted,64.0,1536.0,393,
s966354242,p02973,u147556624,1574114081,C++,C++14 (GCC 5.4.1),cpp,Accepted,48.0,1024.0,392,
s092523355,p02973,u380524497,1574008595,Python,Python (3.4.3),py,Accepted,121.0,7840.0,291,
s282531333,p02973,u047554023,1574002729,C++,C++14 (GCC 5.4.1),cpp,Accepted,63.0,1024.0,308,
s751841103,p02973,u237362582,1573954472,Python,PyPy3 (2.4.0),py,Accepted,551.0,56408.0,421,
s306886563,p02973,u239239546,1573953855,C++,C++14 (GCC 5.4.1),cpp,Accepted,47.0,640.0,309,
s070334703,p02973,u239239546,1573952607,C++,C++14 (GCC 5.4.1),cpp,Accepted,155.0,8064.0,1120,
s877305358,p02973,u874947858,1573948171,C++,C++14 (GCC 5.4.1),cpp,Accepted,46.0,5760.0,1532,
s044694619,p02973,u874947858,1573947343,C++,C++14 (GCC 5.4.1),cpp,Accepted,16.0,1152.0,1510,
s248452043,p02973,u572472538,1573941754,C++,C++14 (GCC 5.4.1),cpp,Accepted,51.0,5760.0,18425,
s241277477,p02973,u901397311,1573938222,C++,C++14 (GCC 5.4.1),cpp,Accepted,16.0,1276.0,1255,
s688628385,p02973,u721316601,1573930200,Python,Python (3.4.3),py,Accepted,92.0,7968.0,339,
s395700468,p02973,u439009525,1573922229,Python,PyPy3 (2.4.0),py,Accepted,698.0,53592.0,275,
s566370939,p02973,u004411048,1573918441,C++,C++14 (GCC 5.4.1),cpp,Accepted,48.0,4480.0,816,
s712348275,p02973,u721316601,1573880726,Python,Python (3.4.3),py,Accepted,206.0,7836.0,304,
s329135536,p02973,u168774513,1573841855,C++,C++14 (GCC 5.4.1),cpp,Accepted,48.0,1024.0,363,
s701935990,p02973,u632094970,1573820216,C++,C++14 (Clang 3.8.0),cpp,Accepted,118.0,640.0,695,
s723998211,p02973,u401013791,1573797762,C++,C++14 (GCC 5.4.1),cpp,Accepted,59.0,3188.0,3704,
s179515277,p02973,u017810624,1573791815,Python,Python (3.4.3),py,Accepted,234.0,7840.0,157,
s244530350,p02973,u196579381,1573761089,C++,C++14 (GCC 5.4.1),cpp,Accepted,19.0,1276.0,1070,
s731270476,p02973,u107091170,1573750622,C++,C++14 (GCC 5.4.1),cpp,Accepted,79.0,4992.0,396,
s311043639,p02973,u911575040,1573701771,Python,Python (3.4.3),py,Accepted,275.0,7840.0,224,
s174097567,p02973,u911575040,1573685987,Python,Python (3.4.3),py,Accepted,242.0,8604.0,168,
s228770694,p02973,u474492589,1573681881,C++,C++14 (GCC 5.4.1),cpp,Accepted,47.0,892.0,747,
s302694749,p02973,u742529680,1573671228,C++,C++14 (GCC 5.4.1),cpp,Accepted,77.0,5376.0,1355,
s928304867,p02973,u146975530,1573611783,C++,C++14 (GCC 5.4.1),cpp,Accepted,40.0,1792.0,2402,
s269306829,p02973,u343454379,1573608174,Python,Python (3.4.3),py,Accepted,608.0,7364.0,217,
s671215084,p02973,u762183504,1573602326,C++,C++14 (GCC 5.4.1),cpp,Accepted,77.0,5376.0,389,
s409767187,p02973,u167604613,1573598690,C++,C++14 (GCC 5.4.1),cpp,Accepted,48.0,1792.0,736,
s817565796,p02973,u353919145,1573549153,C++,C++14 (GCC 5.4.1),cpp,Accepted,84.0,5376.0,801,
s354711555,p02973,u353919145,1573548296,C++,C++14 (GCC 5.4.1),cpp,Accepted,52.0,5376.0,482,
s000632454,p02973,u018679195,1573545643,C++,C++14 (GCC 5.4.1),cpp,Accepted,51.0,4992.0,547,
s221273708,p02973,u863370423,1573544889,C++,C++14 (GCC 5.4.1),cpp,Accepted,50.0,5376.0,1346,
s633286064,p02973,u018679195,1573544260,C++,C++14 (GCC 5.4.1),cpp,Accepted,45.0,5376.0,477,
s358117558,p02973,u526894223,1573541894,C++,C++14 (GCC 5.4.1),cpp,Accepted,17.0,1024.0,1076,
s607055210,p02973,u648324897,1573523911,C++,C++14 (GCC 5.4.1),cpp,Accepted,47.0,5248.0,1556,
s279821164,p02973,u031448582,1573453529,C++,C++14 (GCC 5.4.1),cpp,Accepted,79.0,5760.0,1233,
s793304775,p02973,u889817605,1573432443,C++,C++14 (GCC 5.4.1),cpp,Accepted,49.0,5376.0,524,
s857188744,p02973,u228223940,1573422927,Python,PyPy3 (2.4.0),py,Accepted,445.0,46940.0,347,
s667733920,p02973,u228223940,1573422908,Python,Python (3.4.3),py,Accepted,414.0,8064.0,347,
s741420923,p02973,u703912513,1573422160,C++,C++14 (GCC 5.4.1),cpp,Accepted,34.0,5760.0,513,
s001699940,p02973,u324549724,1573412466,C++,C++14 (GCC 5.4.1),cpp,Accepted,49.0,1792.0,859,
s887965055,p02973,u564182781,1573407887,C++,C++14 (GCC 5.4.1),cpp,Accepted,48.0,1024.0,608,
s375326317,p02973,u247407965,1573349012,C++,C++14 (GCC 5.4.1),cpp,Accepted,49.0,1024.0,468,
s785386420,p02973,u705392664,1573333089,C++,C++14 (GCC 5.4.1),cpp,Accepted,51.0,4992.0,653,
s770220814,p02973,u620735210,1573254494,C++,C++14 (GCC 5.4.1),cpp,Accepted,59.0,1024.0,400,
s126520389,p02973,u231456404,1573251340,C++,C++14 (GCC 5.4.1),cpp,Accepted,17.0,896.0,547,
s971660627,p02973,u150173676,1573243914,C++,C++14 (GCC 5.4.1),cpp,Accepted,48.0,1024.0,279,
s986761934,p02973,u530107518,1573229152,C++,C++14 (GCC 5.4.1),cpp,Accepted,48.0,1024.0,460,
s778812378,p02973,u683134447,1573194052,Python,PyPy3 (2.4.0),py,Accepted,554.0,54360.0,309,
s254214638,p02973,u314008046,1573187509,C++,C++14 (GCC 5.4.1),cpp,Accepted,78.0,5376.0,911,
s895383794,p02973,u314008046,1573187112,C++,C++14 (GCC 5.4.1),cpp,Accepted,48.0,1024.0,906,
s160504322,p02973,u155416173,1573185825,C++,C++14 (GCC 5.4.1),cpp,Accepted,48.0,5748.0,1513,
s174270474,p02973,u680707192,1573183379,C++,C++14 (GCC 5.4.1),cpp,Accepted,44.0,1276.0,668,
s748714196,p02973,u661308718,1573149355,C++,C++14 (GCC 5.4.1),cpp,Accepted,79.0,4992.0,368,
s527402247,p02973,u847758719,1573121634,Python,Python (3.4.3),py,Accepted,263.0,7028.0,159,
s294281210,p02973,u280096880,1573059908,C++,C++14 (GCC 5.4.1),cpp,Accepted,48.0,1276.0,944,
s473629069,p02973,u422633119,1573000522,C++,C++14 (GCC 5.4.1),cpp,Accepted,76.0,5760.0,980,
s177000473,p02973,u433132072,1572893840,C++,C++14 (GCC 5.4.1),cpp,Accepted,19.0,1024.0,779,
s156903467,p02973,u101231452,1572866338,C++,C++14 (GCC 5.4.1),cpp,Accepted,37.0,4992.0,1773,
s635410142,p02973,u436516835,1572862539,C++,C++14 (GCC 5.4.1),cpp,Accepted,19.0,1024.0,1291,
s909946402,p02973,u660341491,1572849564,C++,C++14 (GCC 5.4.1),cpp,Accepted,78.0,5376.0,411,
s273372187,p02973,u945181840,1572825884,Python,Python (3.4.3),py,Accepted,85.0,14092.0,298,
s815497545,p02973,u945181840,1572825678,Python,Python (3.4.3),py,Accepted,99.0,14056.0,269,
s201858505,p02973,u440566786,1572810747,Python,PyPy3 (2.4.0),py,Accepted,309.0,48092.0,352,
s077870034,p02973,u491404948,1572809773,C++,C++14 (GCC 5.4.1),cpp,Accepted,49.0,5376.0,571,
s169054884,p02973,u440566786,1572807747,C++,C++14 (GCC 5.4.1),cpp,Accepted,50.0,5760.0,1136,
s602644432,p02973,u325227960,1572752556,Python,PyPy3 (2.4.0),py,Accepted,543.0,53660.0,298,
s853280770,p02973,u325227960,1572751878,Python,PyPy3 (2.4.0),py,Accepted,583.0,54360.0,449,
s390217079,p02973,u799051262,1572638870,C++,C++14 (GCC 5.4.1),cpp,Accepted,47.0,7552.0,21124,
s297405371,p02973,u037430802,1572611722,Python,Python (3.4.3),py,Accepted,241.0,8604.0,745,
s346260183,p02973,u037430802,1572611522,Python,PyPy3 (2.4.0),py,Accepted,550.0,56536.0,839,
s090430506,p02973,u671861352,1572560562,C++,C++14 (GCC 5.4.1),cpp,Accepted,48.0,2548.0,500,
s808331537,p02973,u337199858,1572559822,C++,C++14 (GCC 5.4.1),cpp,Accepted,78.0,5376.0,1125,
s458102509,p02973,u120564432,1572542723,C++,C++14 (GCC 5.4.1),cpp,Accepted,1512.0,2168.0,673,
s362377886,p02973,u918935103,1572533534,Python,Python (3.4.3),py,Accepted,266.0,7876.0,289,
s670554543,p02973,u482785341,1572495396,C++,C++14 (GCC 5.4.1),cpp,Accepted,49.0,2560.0,1041,
s685199715,p02973,u535347736,1572490317,C++,C++14 (GCC 5.4.1),cpp,Accepted,71.0,4864.0,1622,
s516624043,p02973,u530844517,1572480666,Python,PyPy3 (2.4.0),py,Accepted,737.0,47960.0,256,
s542835118,p02973,u530844517,1572480518,Python,PyPy3 (2.4.0),py,Accepted,725.0,47960.0,256,
s713406861,p02973,u410583836,1572423484,C++,C++14 (GCC 5.4.1),cpp,Accepted,1479.0,1400.0,1953,
s090426665,p02973,u032032867,1572418093,C++,C++14 (GCC 5.4.1),cpp,Accepted,48.0,4992.0,1065,
s620136012,p02973,u255836250,1572402308,C++,C++14 (GCC 5.4.1),cpp,Accepted,50.0,5376.0,1104,
s291207630,p02973,u211311366,1572392471,C++,C++14 (GCC 5.4.1),cpp,Accepted,48.0,1024.0,549,
s791170183,p02973,u631674931,1572387064,C++,C++14 (GCC 5.4.1),cpp,Accepted,49.0,6528.0,1786,
s349675850,p02973,u080318287,1572372017,C++,C++14 (GCC 5.4.1),cpp,Accepted,18.0,1024.0,1627,
s057859271,p02973,u211160392,1572371273,Python,Python (3.4.3),py,Accepted,240.0,11756.0,232,
s592254106,p02973,u554953477,1572371045,C++,C++14 (GCC 5.4.1),cpp,Accepted,48.0,4084.0,1015,
s990285025,p02973,u468811760,1572304783,C++,C++14 (GCC 5.4.1),cpp,Accepted,117.0,4992.0,372,
s253779613,p02973,u893478938,1572304752,Python,PyPy3 (2.4.0),py,Accepted,557.0,56152.0,233,
s328469033,p02973,u638795007,1572304279,Python,PyPy3 (2.4.0),py,Accepted,307.0,43484.0,1040,
s268253120,p02973,u879436400,1572223836,C++,C++14 (GCC 5.4.1),cpp,Accepted,74.0,5500.0,537,
s769994511,p02973,u933068010,1572223737,C++,C++14 (GCC 5.4.1),cpp,Accepted,72.0,4992.0,533,
s325666777,p02973,u147049801,1572209426,C++,C++14 (GCC 5.4.1),cpp,Accepted,80.0,4992.0,1582,
s911958617,p02973,u742553775,1572208085,C++,C++14 (GCC 5.4.1),cpp,Accepted,48.0,5760.0,901,
s665707431,p02973,u947304300,1572183627,C++,C++14 (GCC 5.4.1),cpp,Accepted,17.0,1792.0,931,
s679061230,p02973,u861345985,1572150601,C++,C++14 (GCC 5.4.1),cpp,Accepted,49.0,1784.0,1072,
s255548746,p02973,u834771741,1572144613,C++,C++14 (GCC 5.4.1),cpp,Accepted,47.0,2168.0,628,
s039272642,p02973,u834771741,1572144140,C++,C++14 (GCC 5.4.1),cpp,Accepted,106.0,7296.0,795,
s881619576,p02973,u309985845,1572106582,C++,C++14 (GCC 5.4.1),cpp,Accepted,18.0,1024.0,333,
s732229743,p02973,u633967774,1572096644,C++,C++14 (GCC 5.4.1),cpp,Accepted,51.0,1024.0,515,
s507721487,p02973,u331197998,1572084596,C++,C++14 (GCC 5.4.1),cpp,Accepted,81.0,5760.0,517,
s509246977,p02973,u394853232,1572071532,C++,C++14 (Clang 3.8.0),cpp,Accepted,21.0,1024.0,2070,
s615328024,p02973,u292106243,1571974937,C++,C++14 (GCC 5.4.1),cpp,Accepted,17.0,1408.0,505,
s658650584,p02973,u705230587,1571966956,C++,C++14 (GCC 5.4.1),cpp,Accepted,49.0,1024.0,420,
s704699301,p02973,u366959492,1571966833,Python,PyPy3 (2.4.0),py,Accepted,308.0,48220.0,244,
s327097492,p02973,u331542638,1571887300,C++,C++14 (GCC 5.4.1),cpp,Accepted,16.0,3572.0,3312,
s151136364,p02973,u331542638,1571886936,C++,C++14 (GCC 5.4.1),cpp,Accepted,15.0,2168.0,3044,
s997594514,p02973,u331542638,1571883453,C++,C++14 (GCC 5.4.1),cpp,Accepted,15.0,2168.0,2033,
s754850010,p02973,u744305661,1571864436,C++,C++14 (GCC 5.4.1),cpp,Accepted,49.0,2296.0,590,
s702908566,p02973,u147556624,1571860447,C++,C++14 (GCC 5.4.1),cpp,Accepted,47.0,1024.0,425,
s997642265,p02973,u318334550,1571825185,C++,C++14 (GCC 5.4.1),cpp,Accepted,80.0,5760.0,457,
s006523772,p02973,u780962115,1571806260,Python,PyPy3 (2.4.0),py,Accepted,561.0,50392.0,331,
s587867089,p02973,u780962115,1571805587,Python,Python (3.4.3),py,Accepted,266.0,7828.0,330,
s516261379,p02973,u581807854,1571769577,C++,C++14 (GCC 5.4.1),cpp,Accepted,47.0,2168.0,980,
s446418924,p02973,u244626757,1571712417,C++,C++14 (GCC 5.4.1),cpp,Accepted,49.0,1024.0,361,
s457028041,p02973,u986437843,1571686782,C++,C++14 (GCC 5.4.1),cpp,Accepted,87.0,5760.0,97207,
s872449893,p02973,u660270504,1571675977,C++,C++14 (GCC 5.4.1),cpp,Accepted,50.0,1792.0,2181,
s742876436,p02973,u318334550,1571633839,C++,C++14 (GCC 5.4.1),cpp,Accepted,80.0,5760.0,457,
s483486724,p02973,u318334550,1571633625,C++,C++14 (GCC 5.4.1),cpp,Accepted,82.0,5760.0,457,
s300282653,p02973,u318334550,1571627962,C++,C++14 (GCC 5.4.1),cpp,Accepted,80.0,5760.0,457,
s677598925,p02973,u318334550,1571627890,C++,C++14 (GCC 5.4.1),cpp,Accepted,82.0,5760.0,457,
s712800073,p02973,u216849520,1571604126,C++,C++14 (GCC 5.4.1),cpp,Accepted,46.0,1276.0,602,
s651018754,p02973,u969116807,1571525774,C++,C++14 (GCC 5.4.1),cpp,Accepted,1511.0,1400.0,746,
s585891159,p02973,u759177660,1571463964,C++,C++14 (GCC 5.4.1),cpp,Accepted,84.0,4992.0,538,
s557115222,p02973,u882620594,1571432796,C++,C++14 (GCC 5.4.1),cpp,Accepted,51.0,1276.0,1313,
s677382661,p02973,u440312135,1571373741,C++,C++14 (GCC 5.4.1),cpp,Accepted,79.0,5376.0,663,
s732867927,p02973,u352248517,1571349157,C++,C++14 (GCC 5.4.1),cpp,Accepted,97.0,7168.0,472,
s808592852,p02973,u986437843,1571280926,C++,C++14 (GCC 5.4.1),cpp,Accepted,29.0,3864.0,98701,
s435671928,p02973,u102461423,1571274638,Python,Python (3.4.3),py,Accepted,89.0,12528.0,482,
s042708826,p02973,u434282696,1571264615,Python,Python (3.4.3),py,Accepted,257.0,9332.0,243,
s296157382,p02973,u077291787,1571216034,Python,Python (3.4.3),py,Accepted,85.0,9372.0,695,
s872206016,p02973,u077291787,1571214487,Python,Python (3.4.3),py,Accepted,80.0,9368.0,476,
s985191233,p02973,u795630164,1571201151,Python,Python (3.4.3),py,Accepted,587.0,7284.0,257,
s428910391,p02973,u244832678,1571077954,C++,C++14 (GCC 5.4.1),cpp,Accepted,50.0,1792.0,384,
s145035966,p02973,u102461423,1571074002,Python,Python (3.4.3),py,Accepted,88.0,12528.0,411,
s413573714,p02973,u222129408,1571031071,C++,C++14 (GCC 5.4.1),cpp,Accepted,49.0,892.0,425,
s129081303,p02973,u824905100,1571025980,C++,C++14 (GCC 5.4.1),cpp,Accepted,48.0,1024.0,8601,
s209981765,p02973,u824905100,1571025769,C++,C++14 (GCC 5.4.1),cpp,Accepted,1512.0,1400.0,8657,
s036435150,p02973,u634999820,1571025764,C++,C++14 (GCC 5.4.1),cpp,Accepted,81.0,5376.0,461,
s940822531,p02973,u331542638,1571011427,C++,C++14 (GCC 5.4.1),cpp,Accepted,17.0,1792.0,8136,
s695104988,p02973,u869919400,1571001339,Python,PyPy3 (2.4.0),py,Accepted,868.0,53592.0,384,
s247214492,p02973,u445015174,1570947433,C++,C++14 (GCC 5.4.1),cpp,Accepted,61.0,640.0,389,
s672774016,p02973,u123756661,1570937378,C++,C++14 (GCC 5.4.1),cpp,Accepted,17.0,1276.0,500,
s252583227,p02973,u736278528,1570931535,C++,C++14 (GCC 5.4.1),cpp,Accepted,47.0,1276.0,936,
s552372482,p02973,u275786410,1570911343,C++,C++14 (GCC 5.4.1),cpp,Accepted,78.0,4992.0,839,
s541165290,p02973,u628871447,1570899233,C++,C++14 (GCC 5.4.1),cpp,Accepted,754.0,892.0,730,
s215627807,p02973,u735089337,1570835330,C++,C++14 (GCC 5.4.1),cpp,Accepted,15.0,892.0,1243,
s625628603,p02973,u591914971,1570825327,C++,C++14 (Clang 3.8.0),cpp,Accepted,113.0,1528.0,646,
s115300618,p02973,u987591601,1570760080,C++,C++14 (GCC 5.4.1),cpp,Accepted,16.0,1024.0,1396,
s036143358,p02973,u761815697,1570757849,C++,C++14 (GCC 5.4.1),cpp,Accepted,83.0,9584.0,1552,
s070663220,p02973,u828388155,1570739007,C++,C++14 (GCC 5.4.1),cpp,Accepted,49.0,1024.0,687,
s341850689,p02973,u340293807,1570735163,C++,C++14 (GCC 5.4.1),cpp,Accepted,49.0,1024.0,1543,
s027619405,p02973,u017167684,1570699038,C++,C++14 (GCC 5.4.1),cpp,Accepted,50.0,1792.0,394,
s961732460,p02973,u492026192,1570681760,Python,PyPy3 (2.4.0),py,Accepted,677.0,53848.0,262,
s864427396,p02973,u775900747,1570654214,C++,C++14 (GCC 5.4.1),cpp,Accepted,73.0,5376.0,1420,
s078765909,p02973,u133129810,1570577663,C++,C++14 (GCC 5.4.1),cpp,Accepted,49.0,5760.0,2055,
s674766289,p02973,u225581241,1570506367,C++,C++14 (GCC 5.4.1),cpp,Accepted,18.0,1024.0,873,
s943942822,p02973,u427571081,1570496573,C++,C++14 (GCC 5.4.1),cpp,Accepted,50.0,5376.0,578,
s460013191,p02973,u625729943,1570429168,Python,PyPy3 (2.4.0),py,Accepted,683.0,54488.0,278,
s123203733,p02973,u625729943,1570429124,Python,Python (3.4.3),py,Accepted,511.0,8824.0,278,
s377566794,p02973,u577747009,1570320051,C++,C++14 (GCC 5.4.1),cpp,Accepted,49.0,1024.0,659,
s312189345,p02973,u552137999,1570312125,C++,C++14 (GCC 5.4.1),cpp,Accepted,758.0,892.0,468,
s527848174,p02973,u406158207,1570235219,C++,C++14 (GCC 5.4.1),cpp,Accepted,49.0,2176.0,1415,
s104620862,p02973,u406158207,1570232467,C++,C++14 (GCC 5.4.1),cpp,Accepted,76.0,5760.0,1809,
s377228508,p02973,u819048695,1570211189,Python,PyPy3 (2.4.0),py,Accepted,591.0,51800.0,449,
s838361614,p02973,u427589390,1570177415,C++,C++14 (GCC 5.4.1),cpp,Accepted,46.0,4992.0,6515,
s079828569,p02973,u190018920,1570139063,C++,C++14 (GCC 5.4.1),cpp,Accepted,17.0,1024.0,579,
s343335066,p02973,u941407962,1570135058,Python,PyPy3 (2.4.0),py,Accepted,831.0,74088.0,1455,
s004024263,p02973,u813181182,1570084730,C++,C++14 (GCC 5.4.1),cpp,Accepted,24.0,1408.0,1142,
s145541270,p02973,u689844566,1570073319,C++,C++14 (GCC 5.4.1),cpp,Accepted,52.0,1024.0,518,
s936171768,p02973,u573653733,1570073275,C++,C++14 (GCC 5.4.1),cpp,Accepted,83.0,5376.0,1127,
s561312942,p02973,u009348313,1570060932,Python,PyPy3 (2.4.0),py,Accepted,298.0,48604.0,289,
s310321165,p02973,u701136990,1570060215,C++,C++14 (GCC 5.4.1),cpp,Accepted,773.0,892.0,440,
s606194895,p02973,u419307807,1570060210,C++,C++14 (GCC 5.4.1),cpp,Accepted,79.0,6528.0,1075,
s898171766,p02973,u875972329,1570057548,C++,C++14 (GCC 5.4.1),cpp,Accepted,49.0,1792.0,1764,
s307993119,p02973,u700986952,1570056503,C++,C++14 (GCC 5.4.1),cpp,Accepted,49.0,1024.0,631,
s389879145,p02973,u704625420,1570056200,C++,C++14 (GCC 5.4.1),cpp,Accepted,86.0,9856.0,2249,
s836988783,p02973,u692336506,1570055463,C++,C++14 (GCC 5.4.1),cpp,Accepted,48.0,1408.0,2656,
s391069978,p02973,u797994565,1570041072,Python,PyPy3 (2.4.0),py,Accepted,690.0,54360.0,239,
s257878885,p02973,u272496669,1569999665,C++,C++14 (GCC 5.4.1),cpp,Accepted,34.0,5760.0,845,
s002053554,p02973,u105791541,1569964910,C++,C++14 (GCC 5.4.1),cpp,Accepted,52.0,5376.0,903,
s307258614,p02973,u074721972,1569914661,C++,C++14 (GCC 5.4.1),cpp,Accepted,47.0,5760.0,2283,
s623060667,p02973,u261237205,1569906391,C++,C++14 (GCC 5.4.1),cpp,Accepted,52.0,8832.0,523,
s264214128,p02973,u328294851,1569900310,C++,C++14 (GCC 5.4.1),cpp,Accepted,45.0,1660.0,1136,
s815450965,p02973,u328294851,1569899223,C++,C++14 (GCC 5.4.1),cpp,Accepted,47.0,1408.0,1113,
s867520821,p02973,u637938292,1569883523,C++,C++14 (GCC 5.4.1),cpp,Accepted,70.0,4992.0,311,
s824100284,p02973,u900727536,1569870964,C++,C++14 (GCC 5.4.1),cpp,Accepted,18.0,1024.0,11586,
s536409697,p02973,u688422725,1569827091,C++,C++14 (GCC 5.4.1),cpp,Accepted,48.0,2168.0,712,
s210397952,p02973,u781095600,1569807285,C++,C++14 (GCC 5.4.1),cpp,Accepted,53.0,4992.0,303,
s332148221,p02973,u139300044,1569798572,C++,C++14 (GCC 5.4.1),cpp,Accepted,50.0,1408.0,855,
s829430366,p02973,u545674098,1569709386,C++,C++14 (GCC 5.4.1),cpp,Accepted,67.0,5760.0,741,
s387264453,p02973,u815659544,1569705274,C++,C++14 (GCC 5.4.1),cpp,Accepted,90.0,4992.0,361,
s336426022,p02973,u815659544,1569704948,C++,C++14 (GCC 5.4.1),cpp,Accepted,98.0,4992.0,1925,
s117171733,p02973,u145179061,1569684919,C++,C++14 (GCC 5.4.1),cpp,Accepted,19.0,1920.0,705,
s408128522,p02973,u154931839,1569643410,C++,C++14 (GCC 5.4.1),cpp,Accepted,46.0,1792.0,1090,
s905274246,p02973,u504103417,1569610549,C++,C++14 (GCC 5.4.1),cpp,Accepted,47.0,3072.0,348,
s031267506,p02973,u458798873,1569604142,C++,C++14 (GCC 5.4.1),cpp,Accepted,17.0,1920.0,921,
s407683875,p02973,u520276780,1569603953,Python,PyPy3 (2.4.0),py,Accepted,558.0,56024.0,298,
s932797879,p02973,u269517448,1569536280,C++,C++14 (GCC 5.4.1),cpp,Accepted,80.0,5760.0,765,
s831728224,p02973,u670180528,1569535246,Python,Python (3.4.3),py,Accepted,390.0,8944.0,172,
s476461611,p02973,u174394352,1569512471,Python,Python (3.4.3),py,Accepted,562.0,7284.0,239,
s501406839,p02973,u108540384,1569467251,C++,C++14 (GCC 5.4.1),cpp,Accepted,48.0,1024.0,429,
s824294834,p02973,u338791285,1569466897,C++,C++14 (GCC 5.4.1),cpp,Accepted,48.0,1024.0,910,
s262473557,p02973,u940569542,1569465698,C++,C++14 (GCC 5.4.1),cpp,Accepted,17.0,1024.0,1093,
s683209634,p02973,u126361752,1569378797,C++,C++14 (GCC 5.4.1),cpp,Accepted,99.0,4992.0,458,
s368755934,p02973,u282228874,1569374222,C++,C++14 (GCC 5.4.1),cpp,Accepted,47.0,5760.0,898,
s676736692,p02973,u166378830,1569369605,C++,C++14 (GCC 5.4.1),cpp,Accepted,104.0,6400.0,551,
s440954033,p02973,u499381410,1569365684,Python,PyPy3 (2.4.0),py,Accepted,352.0,46556.0,333,
s799243713,p02973,u499381410,1569365421,Python,PyPy3 (2.4.0),py,Accepted,328.0,47452.0,1111,
s442271109,p02973,u806508506,1569316443,C++,C++14 (GCC 5.4.1),cpp,Accepted,82.0,5376.0,482,
s963938605,p02973,u759162415,1569302181,C++,C++14 (GCC 5.4.1),cpp,Accepted,49.0,1408.0,1862,
s552074094,p02973,u428805520,1569292110,C++,C++14 (GCC 5.4.1),cpp,Accepted,20.0,1784.0,1192,
s088246798,p02973,u263715385,1569290581,C++,C++14 (GCC 5.4.1),cpp,Accepted,50.0,1024.0,1470,
s666018675,p02973,u379947938,1569282780,C++,C++14 (GCC 5.4.1),cpp,Accepted,16.0,1024.0,1809,
s797913641,p02973,u476304270,1569227595,C++,C++14 (GCC 5.4.1),cpp,Accepted,77.0,5760.0,709,
s285556367,p02973,u335590796,1569211995,C++,C++14 (GCC 5.4.1),cpp,Accepted,82.0,5748.0,540,
s237109195,p02973,u951952491,1569167617,C++,C++14 (GCC 5.4.1),cpp,Accepted,52.0,1792.0,767,
s764099447,p02973,u096883693,1569041218,C++,C++14 (GCC 5.4.1),cpp,Accepted,6.0,640.0,1085,
s662895014,p02973,u340303097,1569034913,C++,C++14 (GCC 5.4.1),cpp,Accepted,16.0,1276.0,1204,
s088403180,p02973,u906208439,1569033082,C++,C++14 (GCC 5.4.1),cpp,Accepted,78.0,5376.0,915,
s495458015,p02973,u571969099,1569013075,Python,PyPy3 (2.4.0),py,Accepted,550.0,55000.0,391,
s786749488,p02973,u604896914,1569003816,C++,C++14 (GCC 5.4.1),cpp,Accepted,17.0,1920.0,967,
s682249678,p02973,u093922224,1568943942,C++,C++14 (GCC 5.4.1),cpp,Accepted,48.0,1792.0,1851,
s529827042,p02973,u476604182,1568927936,Python,Python (3.4.3),py,Accepted,605.0,7412.0,304,
s821884572,p02973,u104057163,1568830985,C++,C++14 (GCC 5.4.1),cpp,Accepted,605.0,1276.0,702,
s228522844,p02973,u677523557,1568756983,Python,Python (3.4.3),py,Accepted,294.0,11140.0,349,
s888994549,p02973,u468262978,1568756278,C++,C++14 (GCC 5.4.1),cpp,Accepted,16.0,1792.0,1603,
s088712664,p02973,u399987025,1568748475,C++,C++14 (GCC 5.4.1),cpp,Accepted,85.0,5376.0,369,
s901725524,p02973,u159757494,1568695312,C++,C++14 (Clang 3.8.0),cpp,Accepted,1582.0,2168.0,3784,
s002974097,p02973,u493610446,1568692637,C++,C++14 (GCC 5.4.1),cpp,Accepted,74.0,4992.0,1049,
s255320454,p02973,u687548330,1568691389,C++,C++14 (GCC 5.4.1),cpp,Accepted,83.0,5376.0,462,
s817468508,p02973,u190406011,1568678247,Python,PyPy3 (2.4.0),py,Accepted,600.0,56920.0,245,
s004347283,p02973,u512007680,1568674530,Python,Python (3.4.3),py,Accepted,242.0,7824.0,253,
s689904799,p02973,u926025622,1568594177,C++,C++14 (GCC 5.4.1),cpp,Accepted,52.0,1784.0,787,
s706232793,p02973,u926025622,1568594115,C++,C++14 (GCC 5.4.1),cpp,Accepted,54.0,1276.0,744,
s691759879,p02973,u261886891,1568583228,C++,C++14 (GCC 5.4.1),cpp,Accepted,82.0,5376.0,573,
s903048382,p02973,u408372746,1568580103,C++,C++14 (GCC 5.4.1),cpp,Accepted,77.0,5376.0,337,
s687887361,p02973,u089230684,1568575014,C++,C++14 (GCC 5.4.1),cpp,Accepted,55.0,4992.0,449,
s566041621,p02973,u808427016,1568571736,Python,PyPy3 (2.4.0),py,Accepted,554.0,55384.0,227,
s026118576,p02973,u526367939,1568561993,C++,C++14 (GCC 5.4.1),cpp,Accepted,63.0,1024.0,476,
s655531271,p02973,u957084285,1568559743,C++,C++14 (GCC 5.4.1),cpp,Accepted,79.0,5760.0,1013,
s734862094,p02973,u436832975,1568499086,C++,C++14 (GCC 5.4.1),cpp,Accepted,163.0,6528.0,1605,
s160814493,p02973,u436832975,1568498761,C++,C++14 (GCC 5.4.1),cpp,Accepted,138.0,6912.0,1622,
s753933300,p02973,u537234062,1568494606,C++,C++14 (GCC 5.4.1),cpp,Accepted,68.0,3840.0,1789,
s406284203,p02973,u533885955,1568491031,Python,Python (3.4.3),py,Accepted,241.0,7884.0,327,
s153207296,p02973,u962104148,1568478975,C++,C++14 (GCC 5.4.1),cpp,Accepted,48.0,1792.0,733,
s064170065,p02973,u020746846,1568474828,C++,C++14 (GCC 5.4.1),cpp,Accepted,47.0,5376.0,1311,
s951498870,p02973,u137747137,1568463463,C++,C++14 (GCC 5.4.1),cpp,Accepted,79.0,5760.0,531,
s064775520,p02973,u237513745,1568436514,Python,Python (3.4.3),py,Accepted,333.0,7364.0,286,
s404085153,p02973,u193330108,1568408532,C++,C++14 (GCC 5.4.1),cpp,Accepted,50.0,1792.0,630,
s455484511,p02973,u350561621,1568350554,C++,C++14 (GCC 5.4.1),cpp,Accepted,81.0,4992.0,469,
s125568246,p02973,u941028483,1568349518,C++,C++14 (GCC 5.4.1),cpp,Accepted,83.0,6144.0,1710,
s912414485,p02973,u316322317,1568349132,Python,PyPy3 (2.4.0),py,Accepted,575.0,49752.0,224,
s210557583,p02973,u353919145,1568340773,C++,C++14 (GCC 5.4.1),cpp,Accepted,17.0,1276.0,675,
s572310089,p02973,u184659204,1568339866,C++,C++14 (GCC 5.4.1),cpp,Accepted,48.0,1792.0,775,
s725724860,p02973,u089230684,1568324717,C++,C++14 (GCC 5.4.1),cpp,Accepted,185.0,8704.0,5377,
s487936328,p02973,u018679195,1568324191,C++,C++14 (GCC 5.4.1),cpp,Accepted,47.0,892.0,622,
s659763325,p02973,u242680486,1568320614,C++,C++14 (GCC 5.4.1),cpp,Accepted,47.0,1408.0,2550,
s329893948,p02973,u441296840,1568316020,C++,C++14 (GCC 5.4.1),cpp,Accepted,50.0,1024.0,388,
s188123577,p02973,u089230684,1568313769,C++,C++14 (GCC 5.4.1),cpp,Accepted,17.0,1276.0,493,
s119925704,p02973,u089230684,1568312401,C++,C++14 (GCC 5.4.1),cpp,Accepted,16.0,3188.0,1681,
s351868630,p02973,u863370423,1568312015,C++,C++14 (GCC 5.4.1),cpp,Accepted,48.0,4992.0,2341,
s384811935,p02973,u816631826,1568311553,C++,C++14 (GCC 5.4.1),cpp,Accepted,78.0,5376.0,1229,
s305482042,p02973,u018679195,1568310062,C++,C++14 (GCC 5.4.1),cpp,Accepted,84.0,5376.0,700,
s950375881,p02973,u353919145,1568309916,C++,C++14 (GCC 5.4.1),cpp,Accepted,87.0,5376.0,627,
s220265397,p02973,u089230684,1568309904,C++,C++14 (GCC 5.4.1),cpp,Accepted,161.0,8704.0,5369,
s479114244,p02973,u353919145,1568309901,C++,C++14 (GCC 5.4.1),cpp,Accepted,21.0,6144.0,1202,
s571658091,p02973,u353919145,1568309386,C++,C++14 (GCC 5.4.1),cpp,Accepted,18.0,1276.0,555,
s826161969,p02973,u089230684,1568307807,C++,C++14 (GCC 5.4.1),cpp,Accepted,144.0,6656.0,1365,
s276750961,p02973,u018679195,1568307267,C++,C++14 (GCC 5.4.1),cpp,Accepted,16.0,1660.0,1264,
s976564183,p02973,u606045429,1568285406,Python,Python (3.4.3),py,Accepted,1045.0,23316.0,1331,
s141550638,p02973,u606045429,1568285248,Python,Python (3.4.3),py,Accepted,1053.0,25120.0,1323,
s348780800,p02973,u606045429,1568284872,Python,Python (3.4.3),py,Accepted,1066.0,25448.0,1436,
s625994000,p02973,u606045429,1568280936,C++,C++14 (GCC 5.4.1),cpp,Accepted,43.0,1408.0,1926,
s939703230,p02973,u660756849,1568280646,C++,C++14 (GCC 5.4.1),cpp,Accepted,17.0,1024.0,869,
s436961964,p02973,u606045429,1568280111,C++,C++14 (GCC 5.4.1),cpp,Accepted,43.0,1408.0,1830,
s307598399,p02973,u606045429,1568279948,Python,PyPy3 (2.4.0),py,Accepted,376.0,71228.0,1269,
s779708082,p02973,u606045429,1568279832,Python,Python (3.4.3),py,Accepted,1200.0,23436.0,1269,
s043767907,p02973,u606045429,1568279051,C++,C++14 (Clang 3.8.0),cpp,Accepted,137.0,1408.0,1821,
s719358072,p02973,u606045429,1568278986,C++,C++14 (Clang 3.8.0),cpp,Accepted,136.0,1536.0,1826,
s629591502,p02973,u606045429,1568278826,C++,C++14 (GCC 5.4.1),cpp,Accepted,44.0,1408.0,1825,
s831923777,p02973,u606045429,1568277290,C++,C++14 (GCC 5.4.1),cpp,Accepted,43.0,1408.0,1783,
s226989423,p02973,u606045429,1568276572,C++,C++14 (GCC 5.4.1),cpp,Accepted,43.0,1408.0,1821,
s976871449,p02973,u606045429,1568276211,C++,C++14 (GCC 5.4.1),cpp,Accepted,72.0,1408.0,1750,
s304800790,p02973,u606045429,1568274286,C++,C++14 (GCC 5.4.1),cpp,Accepted,83.0,1408.0,1722,
s776302720,p02973,u606045429,1568270926,Python,PyPy3 (2.4.0),py,Accepted,382.0,71228.0,1255,
s581572764,p02973,u116002573,1568270781,Python,Python (3.4.3),py,Accepted,210.0,7832.0,361,
s611860967,p02973,u212486902,1568263158,C++,C++14 (GCC 5.4.1),cpp,Accepted,80.0,4992.0,747,
s204916374,p02973,u606045429,1568228889,Python,PyPy3 (2.4.0),py,Accepted,380.0,71228.0,915,
s525285596,p02973,u606045429,1568228827,Python,Python (3.4.3),py,Accepted,1116.0,25040.0,915,
s915771458,p02973,u606045429,1568228617,Python,Python (3.4.3),py,Accepted,1428.0,25228.0,940,
s130589580,p02973,u606045429,1568228367,Python,Python (3.4.3),py,Accepted,1329.0,24868.0,920,
s196305571,p02973,u606045429,1568228310,Python,PyPy3 (2.4.0),py,Accepted,371.0,71228.0,920,
s052106304,p02973,u606045429,1568227803,Python,PyPy3 (2.4.0),py,Accepted,364.0,71228.0,931,
s386333415,p02973,u606045429,1568226209,Python,PyPy3 (2.4.0),py,Accepted,372.0,71228.0,1116,
s148745760,p02973,u606045429,1568226144,Python,Python (3.4.3),py,Accepted,1321.0,24988.0,1116,
s375963671,p02973,u606045429,1568225476,Python,Python (3.4.3),py,Accepted,1334.0,24792.0,1078,
s902777288,p02973,u606045429,1568225362,Python,PyPy3 (2.4.0),py,Accepted,370.0,71228.0,1078,
s044814849,p02973,u339937125,1568183721,C++,C++14 (GCC 5.4.1),cpp,Accepted,49.0,1024.0,580,
s912620761,p02973,u457790148,1568171793,C++,C++14 (GCC 5.4.1),cpp,Accepted,51.0,1024.0,976,
s463128852,p02973,u606045429,1568166745,Python,PyPy3 (2.4.0),py,Accepted,500.0,71228.0,1056,
s386964704,p02973,u619819312,1568163205,Python,Python (3.4.3),py,Accepted,283.0,7028.0,176,
s222410151,p02973,u059727354,1568160147,C++,C++14 (GCC 5.4.1),cpp,Accepted,82.0,4992.0,3006,
s431083719,p02973,u832039789,1568082827,C++,C++14 (GCC 5.4.1),cpp,Accepted,109.0,6652.0,8997,
s985718665,p02973,u506255180,1568081996,C++,C++14 (GCC 5.4.1),cpp,Accepted,49.0,1024.0,865,
s116454256,p02973,u536377809,1568074596,Python,PyPy3 (2.4.0),py,Accepted,297.0,51036.0,362,
s499424655,p02973,u318334550,1568052097,C++,C++14 (GCC 5.4.1),cpp,Accepted,87.0,7168.0,1107,
s288039283,p02973,u986399983,1568036843,C++,C++14 (GCC 5.4.1),cpp,Accepted,49.0,5376.0,1011,
s819720969,p02973,u649915042,1568024853,C++,C++14 (GCC 5.4.1),cpp,Accepted,48.0,1024.0,656,
s721101147,p02973,u379841945,1568019494,C++,C++14 (GCC 5.4.1),cpp,Accepted,48.0,5760.0,2133,
s464485880,p02973,u711524482,1567993697,C++,C++14 (GCC 5.4.1),cpp,Accepted,77.0,5376.0,505,
s887693451,p02973,u997113115,1567977597,Python,PyPy3 (2.4.0),py,Accepted,669.0,50308.0,275,
s295068339,p02973,u503870829,1567955345,C++,C++14 (GCC 5.4.1),cpp,Accepted,49.0,1792.0,514,
s510395337,p02973,u207036582,1567899304,C++,C++14 (GCC 5.4.1),cpp,Accepted,47.0,7168.0,657,
s622288857,p02973,u290693410,1567898656,C++,C++14 (GCC 5.4.1),cpp,Accepted,78.0,4992.0,694,
s542182111,p02973,u623687794,1567894692,Python,PyPy3 (2.4.0),py,Accepted,775.0,47832.0,283,
s282786758,p02973,u235396011,1567893788,C++,C++14 (GCC 5.4.1),cpp,Accepted,48.0,5376.0,1137,
s483102073,p02973,u245366924,1567890869,C++,C++14 (GCC 5.4.1),cpp,Accepted,18.0,1024.0,2007,
s766462580,p02973,u606045429,1567838203,Python,Python (3.4.3),py,Accepted,88.0,14092.0,219,
s120118840,p02973,u703205079,1567815251,C++,C++14 (GCC 5.4.1),cpp,Accepted,78.0,5376.0,1074,
s671864703,p02973,u822169805,1567799675,C++,C++14 (GCC 5.4.1),cpp,Accepted,49.0,1792.0,652,
s834149288,p02973,u073486874,1567795582,C++,C++14 (GCC 5.4.1),cpp,Accepted,16.0,1024.0,1162,
s294891506,p02973,u486065927,1567740771,Python,Python (3.4.3),py,Accepted,621.0,20088.0,515,
s126839344,p02973,u594518120,1567707421,Python,PyPy3 (2.4.0),py,Accepted,299.0,50780.0,309,
s685923226,p02973,u185690073,1567689207,C++,C++14 (GCC 5.4.1),cpp,Accepted,83.0,5376.0,473,
s791263366,p02973,u545770260,1567634632,C++,C++14 (GCC 5.4.1),cpp,Accepted,79.0,5760.0,519,
s051398489,p02973,u762921614,1567634263,C++,C++14 (GCC 5.4.1),cpp,Accepted,17.0,1792.0,907,
s800640959,p02973,u995439034,1567624057,C++,C++14 (GCC 5.4.1),cpp,Accepted,47.0,4992.0,740,
s859545882,p02973,u801608329,1567621486,C++,C++14 (GCC 5.4.1),cpp,Accepted,50.0,4864.0,320,
s031921492,p02973,u930706982,1567588150,C++,C++14 (GCC 5.4.1),cpp,Accepted,78.0,5376.0,1634,
s112151169,p02973,u020230257,1567570881,C++,C++14 (GCC 5.4.1),cpp,Accepted,15.0,1276.0,964,
s297018865,p02973,u020230257,1567570041,C++,C++14 (GCC 5.4.1),cpp,Accepted,828.0,1276.0,750,
s030100737,p02973,u235231201,1567569271,C++,C++14 (GCC 5.4.1),cpp,Accepted,61.0,1276.0,641,
s001872068,p02973,u235231201,1567568743,C++,C++14 (GCC 5.4.1),cpp,Accepted,62.0,1276.0,848,
s521694528,p02973,u018828540,1567567291,C++,C++14 (GCC 5.4.1),cpp,Accepted,17.0,1276.0,1823,
s253475626,p02973,u253475244,1567541690,Python,Python (2.7.6),py,Accepted,767.0,6712.0,274,
s108943597,p02973,u390193191,1567517971,C++,C++14 (GCC 5.4.1),cpp,Accepted,1511.0,1400.0,1352,
s373757028,p02973,u651764969,1567509481,C++,C++14 (GCC 5.4.1),cpp,Accepted,99.0,7168.0,1576,
s867267077,p02973,u928536113,1567486016,C++,C++14 (GCC 5.4.1),cpp,Accepted,79.0,5376.0,554,
s498728610,p02973,u863507492,1567482390,C++,C++14 (GCC 5.4.1),cpp,Accepted,82.0,5376.0,521,
s411336491,p02973,u708550576,1567478129,C++,C++14 (GCC 5.4.1),cpp,Accepted,116.0,5760.0,740,
s335756480,p02973,u493750228,1567476682,C++,C++14 (GCC 5.4.1),cpp,Accepted,15.0,1276.0,1475,
s560355466,p02973,u822169805,1567457932,C++,C++14 (GCC 5.4.1),cpp,Accepted,49.0,1792.0,553,
s774566014,p02973,u564412651,1567421702,C++,C++14 (GCC 5.4.1),cpp,Accepted,48.0,4992.0,1123,
s136917045,p02973,u334141868,1567302745,C++,C++14 (GCC 5.4.1),cpp,Accepted,15.0,1024.0,1166,
s370227306,p02973,u889260806,1567302204,C++,C++14 (GCC 5.4.1),cpp,Accepted,19.0,12412.0,1188,
s282765896,p02973,u725661271,1567297087,C++,C++14 (GCC 5.4.1),cpp,Accepted,79.0,5376.0,580,
s951316429,p02973,u777137418,1567295969,C++,C++14 (GCC 5.4.1),cpp,Accepted,77.0,5376.0,839,
s586426519,p02973,u408650734,1567213895,C++,C++14 (GCC 5.4.1),cpp,Accepted,759.0,892.0,514,
s632973899,p02973,u831873811,1567193628,C++,C++14 (GCC 5.4.1),cpp,Accepted,79.0,4992.0,427,
s155676481,p02973,u176445062,1567187726,Python,Python (3.4.3),py,Accepted,267.0,7072.0,213,
s804665784,p02973,u596276291,1567186583,C++,C++14 (GCC 5.4.1),cpp,Accepted,48.0,5760.0,4246,
s676773835,p02973,u644907318,1567176037,Python,Python (3.4.3),py,Accepted,873.0,7284.0,445,
s550568873,p02973,u091622975,1567161434,C++,C++14 (GCC 5.4.1),cpp,Accepted,53.0,4992.0,329,
s536289417,p02973,u084266712,1567143152,C++,C++14 (GCC 5.4.1),cpp,Accepted,40.0,4992.0,1008,
s678213595,p02973,u951561009,1567140314,C++,C++14 (GCC 5.4.1),cpp,Accepted,49.0,1408.0,425,
s504480652,p02973,u805298399,1567117856,C++,C++14 (GCC 5.4.1),cpp,Accepted,19.0,6912.0,838,
s133077410,p02973,u128456980,1567109874,C++,C++14 (Clang 3.8.0),cpp,Accepted,121.0,3308.0,1269,
s442801392,p02973,u013408661,1567089471,C++,C++14 (GCC 5.4.1),cpp,Accepted,65.0,892.0,522,
s315203193,p02973,u770383589,1567075836,C++,C++14 (GCC 5.4.1),cpp,Accepted,48.0,5760.0,463,
s410838499,p02973,u176445062,1567056901,Python,Python (3.4.3),py,Accepted,263.0,7072.0,199,
s666611067,p02973,u176445062,1567056826,Python,PyPy3 (2.4.0),py,Accepted,578.0,51032.0,199,
s649894738,p02973,u416354178,1567052912,C++,C++14 (GCC 5.4.1),cpp,Accepted,90.0,4992.0,821,
s633447004,p02973,u527058497,1567052689,C++,C++14 (GCC 5.4.1),cpp,Accepted,77.0,5760.0,643,
s344679283,p02973,u811472478,1567048082,C++,C++14 (GCC 5.4.1),cpp,Accepted,49.0,1792.0,1075,
s125969942,p02973,u991664217,1567044779,C++,C++14 (Clang 3.8.0),cpp,Accepted,147.0,10112.0,2634,
s410852119,p02973,u835820697,1567043551,C++,C++14 (GCC 5.4.1),cpp,Accepted,47.0,4992.0,505,
s641962107,p02973,u708590262,1567016510,C++,C++14 (GCC 5.4.1),cpp,Accepted,19.0,4736.0,571,
s654126150,p02973,u754651673,1566977889,C++,C++14 (GCC 5.4.1),cpp,Accepted,76.0,5376.0,573,
s332677013,p02973,u644778646,1566970081,C++,C++14 (GCC 5.4.1),cpp,Accepted,78.0,5376.0,703,
s311555590,p02973,u592068888,1566941331,C++,C++14 (GCC 5.4.1),cpp,Accepted,71.0,5376.0,1117,
s856853974,p02973,u385617244,1566933641,C++,C++14 (GCC 5.4.1),cpp,Accepted,17.0,1792.0,17146,
s756842054,p02973,u307700000,1566911742,C++,C++14 (GCC 5.4.1),cpp,Accepted,16.0,1024.0,441,
s802539518,p02973,u863370423,1566906749,C++,C++14 (GCC 5.4.1),cpp,Accepted,81.0,4992.0,517,
s327324667,p02973,u532573979,1566879410,C++,C++14 (GCC 5.4.1),cpp,Accepted,17.0,1024.0,1265,
s350107617,p02973,u258080819,1566873789,C++,C++14 (GCC 5.4.1),cpp,Accepted,79.0,4992.0,1076,
s607527797,p02973,u582464343,1566862249,C++,C++14 (GCC 5.4.1),cpp,Accepted,47.0,4992.0,2341,
s585659644,p02973,u944209426,1566859731,Python,Python (3.4.3),py,Accepted,237.0,11004.0,285,
s168379247,p02973,u944209426,1566859674,Python,PyPy3 (2.4.0),py,Accepted,569.0,54744.0,285,
s920809508,p02973,u136378781,1566859294,C++,C++14 (GCC 5.4.1),cpp,Accepted,77.0,5760.0,1894,
s567469722,p02973,u653807637,1566854453,Python,Python (3.4.3),py,Accepted,245.0,7832.0,316,
s955376734,p02973,u653807637,1566854327,Python,PyPy3 (2.4.0),py,Accepted,582.0,55896.0,316,
s965794418,p02973,u653807637,1566854226,C++,C++14 (GCC 5.4.1),cpp,Accepted,15.0,892.0,1150,
s105690953,p02973,u472742542,1566824525,C++,C++14 (GCC 5.4.1),cpp,Accepted,48.0,5376.0,656,
s131964910,p02973,u413321694,1566787468,C++,C++14 (GCC 5.4.1),cpp,Accepted,48.0,5376.0,897,
s605642184,p02973,u592686932,1566786511,C++,C++14 (GCC 5.4.1),cpp,Accepted,1067.0,1784.0,1607,
s097589686,p02973,u864213970,1566780840,Python,Python (3.4.3),py,Accepted,237.0,8604.0,275,
s888629531,p02973,u374416262,1566774377,C++,C++14 (GCC 5.4.1),cpp,Accepted,63.0,1024.0,346,
s481295493,p02973,u814154745,1566768545,C++,C++14 (GCC 5.4.1),cpp,Accepted,826.0,1276.0,939,
s129730777,p02973,u788137651,1566718641,Python,PyPy3 (2.4.0),py,Accepted,289.0,51292.0,1618,
s269144979,p02973,u822169805,1566685104,C++,C++14 (GCC 5.4.1),cpp,Accepted,83.0,4992.0,582,
s279906000,p02973,u027681381,1566660512,C++,C++14 (GCC 5.4.1),cpp,Accepted,50.0,5376.0,427,
s354283869,p02973,u027681381,1566659792,C++,C++14 (GCC 5.4.1),cpp,Accepted,79.0,4992.0,380,
s627245083,p02973,u498141549,1566659518,C++,C++14 (GCC 5.4.1),cpp,Accepted,61.0,1400.0,892,
s694693796,p02973,u974999816,1566618201,C++,C++14 (GCC 5.4.1),cpp,Accepted,15.0,640.0,375,
s643994331,p02973,u502389123,1566602635,C++,C++14 (GCC 5.4.1),cpp,Accepted,48.0,1024.0,1529,
s078864950,p02973,u590088474,1566569848,C++,C++14 (GCC 5.4.1),cpp,Accepted,82.0,5376.0,366,
s718385774,p02973,u590088474,1566569506,C++,C++14 (GCC 5.4.1),cpp,Accepted,74.0,5376.0,459,
s135762619,p02973,u416273217,1566544903,C++,C++14 (GCC 5.4.1),cpp,Accepted,68.0,4992.0,2079,
s350776492,p02973,u760868074,1566527641,Python,Python (3.4.3),py,Accepted,227.0,7840.0,175,
s225321484,p02973,u087187808,1566521275,C++,C++14 (GCC 5.4.1),cpp,Accepted,48.0,4992.0,510,
s787827990,p02973,u309470177,1566517962,C++,C++14 (GCC 5.4.1),cpp,Accepted,41.0,2072.0,1962,
s756308315,p02973,u450096124,1566513328,C++,C++14 (GCC 5.4.1),cpp,Accepted,36.0,4992.0,652,
s640702194,p02973,u387013436,1566511616,C++,C++14 (GCC 5.4.1),cpp,Accepted,48.0,4992.0,1070,
s026683546,p02973,u829956284,1566504807,C++,C++14 (GCC 5.4.1),cpp,Accepted,50.0,5376.0,926,
s582388858,p02973,u812973725,1566503648,C++,C++14 (GCC 5.4.1),cpp,Accepted,50.0,2688.0,1277,
s123940829,p02973,u385617244,1566499196,C++,C++14 (GCC 5.4.1),cpp,Accepted,18.0,1792.0,3657,
s571581768,p02973,u864013199,1566460798,Python,Python (3.4.3),py,Accepted,114.0,11036.0,674,
s288368926,p02973,u864013199,1566460483,Python,Python (3.4.3),py,Accepted,124.0,11032.0,488,
s945758059,p02973,u864013199,1566460356,Python,Python (3.4.3),py,Accepted,236.0,11036.0,450,
s846862961,p02973,u783675879,1566429063,C++,C++14 (GCC 5.4.1),cpp,Accepted,137.0,142720.0,14624,
s799198393,p02973,u884379688,1566412049,C++,C++14 (GCC 5.4.1),cpp,Accepted,47.0,5376.0,821,
s478676517,p02973,u141610915,1566357372,Python,PyPy3 (2.4.0),py,Accepted,588.0,46952.0,279,
s625583616,p02973,u185294445,1566355947,C++,C++14 (GCC 5.4.1),cpp,Accepted,79.0,5760.0,727,
s604470809,p02973,u756289568,1566350018,C++,C++14 (GCC 5.4.1),cpp,Accepted,47.0,2936.0,2329,
s042289092,p02973,u136930834,1566349055,C++,C++14 (GCC 5.4.1),cpp,Accepted,49.0,5376.0,800,
s953141790,p02973,u332519995,1566348762,C++,C++14 (GCC 5.4.1),cpp,Accepted,47.0,5376.0,353,
s611620492,p02973,u412820911,1566345533,C++,C++14 (GCC 5.4.1),cpp,Accepted,34.0,5760.0,2471,
s304884603,p02973,u885352715,1566335712,C++,C++14 (GCC 5.4.1),cpp,Accepted,276.0,1528.0,2557,
s531355549,p02973,u980322611,1566325572,Python,PyPy3 (2.4.0),py,Accepted,418.0,46940.0,460,
s941881910,p02973,u702906718,1566309597,C++,C++14 (GCC 5.4.1),cpp,Accepted,47.0,892.0,467,
s953050486,p02973,u050328876,1566306580,C++,C++14 (GCC 5.4.1),cpp,Accepted,57.0,14584.0,1967,
s441554844,p02973,u711540245,1566291613,C++,C++14 (GCC 5.4.1),cpp,Accepted,1166.0,118864.0,1636,
s652393884,p02973,u144980750,1566281564,C++,C++14 (GCC 5.4.1),cpp,Accepted,52.0,1152.0,530,
s096786325,p02973,u067729694,1566250737,Python,PyPy3 (2.4.0),py,Accepted,603.0,58072.0,376,
s583628749,p02973,u533039576,1566247902,Python,PyPy3 (2.4.0),py,Accepted,453.0,46940.0,337,
s441387778,p02973,u863370423,1566245539,C++,C++14 (GCC 5.4.1),cpp,Accepted,50.0,5760.0,497,
s770977162,p02973,u708258059,1566238261,C++,C++14 (GCC 5.4.1),cpp,Accepted,78.0,4992.0,380,
s487380538,p02973,u548415105,1566204749,C++,C++14 (GCC 5.4.1),cpp,Accepted,17.0,640.0,341,
s436596126,p02973,u548415105,1566204507,C++,C++14 (GCC 5.4.1),cpp,Accepted,17.0,640.0,496,
s316257608,p02973,u216772548,1566183342,C++,C++14 (GCC 5.4.1),cpp,Accepted,65.0,1024.0,892,
s143450991,p02973,u151855078,1566160779,C++,C++14 (GCC 5.4.1),cpp,Accepted,16.0,1276.0,497,
s464783980,p02973,u051089531,1566139942,C++,C++14 (GCC 5.4.1),cpp,Accepted,45.0,1152.0,1189,
s368445576,p02973,u525288965,1566122937,C++,C++14 (GCC 5.4.1),cpp,Accepted,16.0,640.0,1687,
s091587188,p02973,u050698451,1566090474,C++,C++14 (GCC 5.4.1),cpp,Accepted,18.0,1024.0,1852,
s285164792,p02973,u773115096,1566056063,C++,C++14 (GCC 5.4.1),cpp,Accepted,92.0,4992.0,1035,
s536534974,p02973,u595893956,1566016381,C++,C++14 (GCC 5.4.1),cpp,Accepted,51.0,1792.0,1078,
s853419438,p02973,u191874006,1566010609,Python,PyPy3 (2.4.0),py,Accepted,328.0,50652.0,651,
s564641039,p02973,u320923811,1566006021,C++,C++14 (GCC 5.4.1),cpp,Accepted,126.0,13816.0,1621,
s708685957,p02973,u515207244,1565977475,Python,PyPy3 (2.4.0),py,Accepted,568.0,55768.0,258,
s993340284,p02973,u917101497,1565973502,Python,PyPy3 (2.4.0),py,Accepted,612.0,56408.0,462,
s786952475,p02973,u653136790,1565969652,C++,C++14 (GCC 5.4.1),cpp,Accepted,127.0,7668.0,2893,
s245489942,p02973,u584355627,1565919351,C++,C++14 (GCC 5.4.1),cpp,Accepted,50.0,5376.0,2011,
s912355412,p02973,u708258059,1565918444,C++,C++14 (GCC 5.4.1),cpp,Accepted,64.0,1024.0,369,
s965158521,p02973,u181719868,1565902040,C++,C++14 (GCC 5.4.1),cpp,Accepted,48.0,5368.0,2819,
s311356845,p02973,u052332717,1565901086,C++,C++14 (GCC 5.4.1),cpp,Accepted,51.0,5376.0,1246,
s834813145,p02973,u508486691,1565900266,Python,PyPy3 (2.4.0),py,Accepted,301.0,44380.0,738,
s371202646,p02973,u107077805,1565900201,C++,C++14 (GCC 5.4.1),cpp,Accepted,64.0,1024.0,369,
s939237129,p02973,u325189601,1565899272,C++,C++14 (GCC 5.4.1),cpp,Accepted,48.0,5760.0,1821,
s220430219,p02973,u390618988,1565883973,Python,PyPy3 (2.4.0),py,Accepted,589.0,49116.0,460,
s338422124,p02973,u811561461,1565882779,C++,C++14 (GCC 5.4.1),cpp,Accepted,15.0,1276.0,1944,
s875848918,p02973,u827841970,1565881458,C++,C++14 (GCC 5.4.1),cpp,Accepted,17.0,1276.0,653,
s869516917,p02973,u886956383,1565881360,C++,C++14 (GCC 5.4.1),cpp,Accepted,82.0,5376.0,367,
s808278219,p02973,u827841970,1565824306,C++,C++14 (GCC 5.4.1),cpp,Accepted,15.0,1276.0,649,
s311927983,p02973,u961052574,1565821256,C++,C++14 (GCC 5.4.1),cpp,Accepted,48.0,1024.0,368,
s133820884,p02973,u299067843,1565819420,C++,C++14 (GCC 5.4.1),cpp,Accepted,48.0,5376.0,534,
s282418009,p02973,u015768390,1565816224,C++,C++14 (GCC 5.4.1),cpp,Accepted,81.0,5760.0,644,
s060105004,p02973,u410358766,1565807750,C++,C++14 (GCC 5.4.1),cpp,Accepted,46.0,892.0,467,
s545037586,p02973,u459121100,1565805610,C++,C++14 (GCC 5.4.1),cpp,Accepted,83.0,5376.0,464,
s093064604,p02973,u500092662,1565772671,C++,C++14 (GCC 5.4.1),cpp,Accepted,16.0,892.0,631,
s480832998,p02973,u363653022,1565742615,C++,C++14 (GCC 5.4.1),cpp,Accepted,99.0,6272.0,1281,
s399928901,p02973,u554953477,1565727975,C++,C++14 (GCC 5.4.1),cpp,Accepted,52.0,3316.0,1147,
s309226889,p02973,u843175622,1565719893,C++,C++14 (GCC 5.4.1),cpp,Accepted,18.0,2560.0,493,
s335857038,p02973,u344122377,1565711346,C++,C++14 (GCC 5.4.1),cpp,Accepted,77.0,5760.0,449,
s574643557,p02973,u614963308,1565680625,C++,C++14 (GCC 5.4.1),cpp,Accepted,63.0,8052.0,2407,
s111219231,p02973,u904123392,1565678154,C++,C++14 (GCC 5.4.1),cpp,Accepted,78.0,4992.0,359,
s745257602,p02973,u833150479,1565677374,C++,C++14 (GCC 5.4.1),cpp,Accepted,48.0,4992.0,482,
s390315654,p02973,u063043074,1565666356,C++,C++14 (GCC 5.4.1),cpp,Accepted,25.0,7220.0,1180,
s694812192,p02973,u486122973,1565661064,C++,C++14 (GCC 5.4.1),cpp,Accepted,80.0,5376.0,439,
s591765460,p02973,u341388158,1565640322,C++,C++14 (GCC 5.4.1),cpp,Accepted,47.0,1660.0,649,
s275896130,p02973,u722628899,1565635430,C++,C++14 (GCC 5.4.1),cpp,Accepted,177.0,14080.0,1101,
s400074318,p02973,u756829954,1565586833,Python,Python (3.4.3),py,Accepted,238.0,6932.0,277,
s089647812,p02973,u348670055,1565579817,C++,C++14 (GCC 5.4.1),cpp,Accepted,49.0,1792.0,360,
s159938438,p02973,u058149584,1565517231,C++,C++14 (GCC 5.4.1),cpp,Accepted,82.0,5376.0,910,
s242396158,p02973,u883361404,1565512384,C++,C++14 (GCC 5.4.1),cpp,Accepted,92.0,5368.0,5518,
s652773152,p02973,u334351654,1565499879,C++,C++14 (GCC 5.4.1),cpp,Accepted,51.0,1024.0,827,
s303948427,p02973,u334351654,1565499764,C++,C++14 (GCC 5.4.1),cpp,Accepted,50.0,1024.0,828,
s703885273,p02973,u210440747,1565492996,Python,Python (3.4.3),py,Accepted,230.0,14508.0,414,
s991104333,p02973,u477456501,1565491260,C++,C++14 (GCC 5.4.1),cpp,Accepted,84.0,5376.0,422,
s248636822,p02973,u304121198,1565473233,C++,C++14 (GCC 5.4.1),cpp,Accepted,40.0,6656.0,14885,
s503444431,p02973,u304121198,1565467769,C++,C++14 (GCC 5.4.1),cpp,Accepted,41.0,6656.0,13856,
s269170787,p02973,u227117171,1565413644,C++,C++14 (GCC 5.4.1),cpp,Accepted,93.0,4992.0,463,
s642285543,p02973,u740409436,1565408083,C++,C++14 (GCC 5.4.1),cpp,Accepted,47.0,1792.0,683,
s431108075,p02973,u266643907,1565404146,C++,C++14 (GCC 5.4.1),cpp,Accepted,17.0,1920.0,1400,
s617212053,p02973,u266643907,1565404110,C++,C++14 (GCC 5.4.1),cpp,Accepted,17.0,1920.0,1400,
s712735216,p02973,u450096124,1565396015,C++,C++14 (GCC 5.4.1),cpp,Accepted,35.0,4992.0,649,
s098910789,p02973,u152558760,1565384550,C++,C++14 (GCC 5.4.1),cpp,Accepted,79.0,4992.0,1028,
s351791706,p02973,u426397594,1565379980,C++,C++14 (GCC 5.4.1),cpp,Accepted,49.0,1024.0,348,
s881126135,p02973,u778594851,1565366226,C++,C++14 (GCC 5.4.1),cpp,Accepted,16.0,1276.0,2707,
s020107288,p02973,u745685739,1565361989,C++,C++14 (GCC 5.4.1),cpp,Accepted,14.0,1024.0,617,
s384253484,p02973,u732350342,1565342587,C++,C++14 (GCC 5.4.1),cpp,Accepted,50.0,4992.0,525,
s441033230,p02973,u745685739,1565331893,C++,C++14 (GCC 5.4.1),cpp,Accepted,77.0,5376.0,558,
s091293438,p02973,u063043074,1565320407,C++,C++14 (GCC 5.4.1),cpp,Accepted,15.0,2168.0,1104,
s820421508,p02973,u128142352,1565319261,C++,C++14 (GCC 5.4.1),cpp,Accepted,48.0,1020.0,505,
s371456385,p02973,u587665681,1565295059,C++,C++14 (GCC 5.4.1),cpp,Accepted,61.0,1408.0,546,
s827670375,p02973,u601444374,1565286996,C++,C++14 (GCC 5.4.1),cpp,Accepted,62.0,1024.0,319,
s663724572,p02973,u239897421,1565283865,C++,C++14 (GCC 5.4.1),cpp,Accepted,95.0,6656.0,1546,
s147355871,p02973,u455309216,1565279725,C++,C++14 (GCC 5.4.1),cpp,Accepted,1511.0,2168.0,689,
s237577286,p02973,u814440174,1565277935,C++,C++14 (GCC 5.4.1),cpp,Accepted,64.0,1024.0,796,
s683903952,p02973,u146724119,1565275994,C++,C++14 (GCC 5.4.1),cpp,Accepted,48.0,5376.0,1236,
s483453887,p02973,u312025627,1565260961,Python,Python (3.4.3),py,Accepted,241.0,11032.0,263,
s815690722,p02973,u772304668,1565249479,C++,C++14 (GCC 5.4.1),cpp,Accepted,80.0,4992.0,759,
s602243376,p02973,u728732647,1565246728,C++,C++14 (GCC 5.4.1),cpp,Accepted,18.0,1792.0,2287,
s498973984,p02973,u623231048,1565238833,Python,PyPy3 (2.4.0),py,Accepted,281.0,49500.0,459,
s427216185,p02973,u267022560,1565220823,C++,C++14 (GCC 5.4.1),cpp,Accepted,76.0,5376.0,930,
s778148436,p02973,u065923107,1565218945,C++,C++14 (GCC 5.4.1),cpp,Accepted,104.0,15872.0,13210,
s086234685,p02973,u462437857,1565206410,C++,C++14 (GCC 5.4.1),cpp,Accepted,529.0,1400.0,476,
s209227578,p02973,u462437857,1565206278,C++,C++14 (GCC 5.4.1),cpp,Accepted,529.0,1400.0,476,
s147439749,p02973,u147049801,1565198225,C++,C++14 (GCC 5.4.1),cpp,Accepted,76.0,5760.0,564,
s496488090,p02973,u451100851,1565181086,C++,C++14 (GCC 5.4.1),cpp,Accepted,47.0,4992.0,1837,
s418959794,p02973,u537874719,1565157418,C++,C++14 (GCC 5.4.1),cpp,Accepted,81.0,5376.0,438,
s662583523,p02973,u486908386,1565152673,C++,C++14 (GCC 5.4.1),cpp,Accepted,92.0,4992.0,317,
s429465201,p02973,u050607149,1565146638,C++,C++14 (GCC 5.4.1),cpp,Accepted,36.0,5376.0,1669,
s917327632,p02973,u050607149,1565146258,C++,C++14 (GCC 5.4.1),cpp,Accepted,18.0,5120.0,1264,
s602150957,p02973,u308590217,1565141783,C++,C++14 (GCC 5.4.1),cpp,Accepted,82.0,5376.0,562,
s598905027,p02973,u352135235,1565114834,C++,C++14 (GCC 5.4.1),cpp,Accepted,827.0,1276.0,538,
s394313690,p02973,u960524878,1565105370,C++,C++14 (GCC 5.4.1),cpp,Accepted,50.0,1024.0,3362,
s306894286,p02973,u359025499,1565069546,C++,C++14 (GCC 5.4.1),cpp,Accepted,36.0,4992.0,362,
s496137111,p02973,u656368720,1565033265,C++,C++14 (GCC 5.4.1),cpp,Accepted,49.0,1152.0,572,
s671303297,p02973,u119098168,1564960168,C++,C++14 (GCC 5.4.1),cpp,Accepted,81.0,5376.0,429,
s730736984,p02973,u592629796,1564959236,C++,C++14 (GCC 5.4.1),cpp,Accepted,35.0,4992.0,532,
s104412147,p02973,u666721654,1564949640,C++,C++14 (GCC 5.4.1),cpp,Accepted,46.0,1024.0,12189,
s957120112,p02973,u666721654,1564949573,C++,C++14 (GCC 5.4.1),cpp,Accepted,44.0,1024.0,12189,
s969011979,p02973,u666721654,1564948766,C++,C++14 (GCC 5.4.1),cpp,Accepted,48.0,1024.0,12184,
s350060819,p02973,u666721654,1564948606,C++,C++14 (GCC 5.4.1),cpp,Accepted,45.0,1152.0,12188,
s892715392,p02973,u840105874,1564947748,C++,C++14 (GCC 5.4.1),cpp,Accepted,47.0,1276.0,1081,
s110728241,p02973,u123023461,1564947291,C++,C++14 (GCC 5.4.1),cpp,Accepted,134.0,1024.0,695,
s094804343,p02973,u751655413,1564941409,C++,C++14 (GCC 5.4.1),cpp,Accepted,47.0,1276.0,485,
s328565555,p02973,u248995595,1564940039,C++,C++14 (Clang 3.8.0),cpp,Accepted,113.0,1408.0,1172,
s210385791,p02973,u843954136,1564930743,C++,C++14 (GCC 5.4.1),cpp,Accepted,42.0,5376.0,497,
s483874969,p02973,u666394517,1564891778,C++,C++14 (GCC 5.4.1),cpp,Accepted,87.0,7168.0,1003,
s735480146,p02973,u986437843,1564891029,C++,C++14 (GCC 5.4.1),cpp,Accepted,67.0,34944.0,100894,
s233129063,p02973,u236127431,1564878983,C++,C++14 (GCC 5.4.1),cpp,Accepted,73.0,6380.0,2650,
s299036456,p02973,u527058497,1564874572,C++,C++14 (GCC 5.4.1),cpp,Accepted,45.0,1400.0,1066,
s238563576,p02973,u214617707,1564872037,Python,PyPy3 (2.4.0),py,Accepted,613.0,55512.0,220,
s285281334,p02973,u792559418,1564865979,C++,C++14 (GCC 5.4.1),cpp,Accepted,46.0,5376.0,1035,
s603712554,p02973,u328294851,1564848159,C++,C++14 (GCC 5.4.1),cpp,Accepted,756.0,1660.0,548,
s371090984,p02973,u904123392,1564811025,C++,C++14 (GCC 5.4.1),cpp,Accepted,77.0,5376.0,434,
s456872832,p02973,u050428930,1564808406,C++,C++14 (GCC 5.4.1),cpp,Accepted,772.0,892.0,308,
s392164395,p02973,u238510421,1564803332,Python,PyPy3 (2.4.0),py,Accepted,583.0,54872.0,203,
s200020019,p02973,u816631826,1564796721,C++,C++14 (GCC 5.4.1),cpp,Accepted,18.0,1276.0,620,
s102816100,p02973,u639032323,1564787341,C++,C++14 (GCC 5.4.1),cpp,Accepted,48.0,1024.0,397,
s444658415,p02973,u863370423,1564780828,C++,C++14 (GCC 5.4.1),cpp,Accepted,59.0,1024.0,409,
s283627898,p02973,u089230684,1564774256,C++,C++14 (GCC 5.4.1),cpp,Accepted,23.0,6144.0,1409,
s136646092,p02973,u863370423,1564772840,C++,C++14 (GCC 5.4.1),cpp,Accepted,17.0,640.0,274,
s829578490,p02973,u100131109,1564725320,C++,C++14 (GCC 5.4.1),cpp,Accepted,52.0,4992.0,313,
s079309442,p02973,u904123392,1564714685,C++,C++14 (GCC 5.4.1),cpp,Accepted,73.0,4992.0,306,
s497995401,p02973,u177907787,1564686901,C++,C++14 (GCC 5.4.1),cpp,Accepted,63.0,1024.0,588,
s116090629,p02973,u986437843,1564686629,C++,C++14 (GCC 5.4.1),cpp,Accepted,67.0,34688.0,100922,
s528722144,p02973,u191874006,1564685400,Python,PyPy3 (2.4.0),py,Accepted,573.0,54872.0,535,
s817179225,p02973,u986437843,1564683675,C++,C++14 (GCC 5.4.1),cpp,Accepted,105.0,41212.0,101269,
s582129677,p02973,u986437843,1564682553,C++,C++14 (GCC 5.4.1),cpp,Accepted,131.0,41212.0,100972,
s938127276,p02973,u879309973,1564672707,Python,Python (3.4.3),py,Accepted,213.0,11036.0,329,
s832236593,p02973,u824237520,1564671409,Python,PyPy3 (2.4.0),py,Accepted,584.0,55896.0,461,
s423520369,p02973,u327949948,1564642507,C++,C++14 (GCC 5.4.1),cpp,Accepted,77.0,5376.0,579,
s958641352,p02973,u016531517,1564600474,C++,C++14 (GCC 5.4.1),cpp,Accepted,77.0,5760.0,755,
s560610748,p02973,u565904667,1564599267,C++,C++14 (GCC 5.4.1),cpp,Accepted,53.0,4992.0,465,
s343622506,p02973,u201808715,1564542750,C++,C++14 (GCC 5.4.1),cpp,Accepted,47.0,1276.0,387,
s866966820,p02973,u951665306,1564536714,C++,C++14 (GCC 5.4.1),cpp,Accepted,50.0,1660.0,383,
s966760562,p02973,u395676079,1564531233,C++,C++14 (GCC 5.4.1),cpp,Accepted,63.0,1024.0,887,
s268411661,p02973,u006069211,1564527421,C++,C++14 (GCC 5.4.1),cpp,Accepted,78.0,5376.0,871,
s598057472,p02973,u333917945,1564523410,C++,C++14 (GCC 5.4.1),cpp,Accepted,49.0,5760.0,2194,
s804246685,p02973,u898341237,1564497561,C++,C++14 (GCC 5.4.1),cpp,Accepted,81.0,4992.0,682,
s251713787,p02973,u107292917,1564495697,C++,C++14 (GCC 5.4.1),cpp,Accepted,77.0,5760.0,1485,
s193419690,p02973,u811512248,1564464019,Python,Python (3.4.3),py,Accepted,224.0,11804.0,293,
s795838788,p02973,u977365687,1564453226,C++,C++14 (GCC 5.4.1),cpp,Accepted,96.0,4992.0,605,
s916899841,p02973,u659003514,1564452641,C++,C++14 (GCC 5.4.1),cpp,Accepted,68.0,4992.0,565,
s966285248,p02973,u659003514,1564451588,C++,C++14 (GCC 5.4.1),cpp,Accepted,64.0,5504.0,664,
s537845333,p02973,u127882207,1564451253,C++,C++14 (GCC 5.4.1),cpp,Accepted,77.0,5376.0,751,
s571385722,p02973,u535555850,1564395135,C++,C++14 (GCC 5.4.1),cpp,Accepted,47.0,1276.0,1518,
s214507138,p02973,u157886944,1564383742,C++,C++14 (GCC 5.4.1),cpp,Accepted,16.0,1276.0,1200,
s747753513,p02973,u578509549,1564382199,C++,C++14 (GCC 5.4.1),cpp,Accepted,52.0,4992.0,863,
s597818650,p02973,u487618988,1564357042,C++,C++14 (GCC 5.4.1),cpp,Accepted,84.0,5376.0,638,
s089338161,p02973,u304318875,1564355542,C++,C++14 (GCC 5.4.1),cpp,Accepted,99.0,7168.0,28308,
s030395255,p02973,u051393148,1564349520,C++,C++14 (GCC 5.4.1),cpp,Accepted,68.0,5376.0,475,
s785627658,p02973,u424110125,1564339496,C++,C++14 (GCC 5.4.1),cpp,Accepted,17.0,1920.0,3604,
s069797337,p02973,u685263709,1564334568,Python,Python (3.4.3),py,Accepted,242.0,7836.0,211,
s217945734,p02973,u452009494,1564326541,C++,C++14 (GCC 5.4.1),cpp,Accepted,47.0,1024.0,1243,
s311708631,p02973,u258032299,1564325892,C++,C++14 (GCC 5.4.1),cpp,Accepted,17.0,1792.0,1568,
s429288445,p02973,u647875062,1564316622,C++,C++14 (GCC 5.4.1),cpp,Accepted,166.0,5760.0,4012,
s678148961,p02973,u647875062,1564314276,C++,C++14 (GCC 5.4.1),cpp,Accepted,185.0,5760.0,3814,
s817753363,p02973,u647875062,1564313252,C++,C++14 (GCC 5.4.1),cpp,Accepted,185.0,5760.0,3901,
s853129283,p02973,u647875062,1564313135,C++,C++14 (GCC 5.4.1),cpp,Accepted,158.0,5760.0,4178,
s962337738,p02973,u647875062,1564312221,C++,C++14 (GCC 5.4.1),cpp,Accepted,78.0,5376.0,314,
s176747711,p02973,u532065884,1564290941,C++,C++14 (GCC 5.4.1),cpp,Accepted,48.0,5376.0,1149,
s154287134,p02973,u911147723,1564287292,C++,C++14 (GCC 5.4.1),cpp,Accepted,78.0,4992.0,347,
s171655187,p02973,u732679691,1564281156,C++,C++14 (GCC 5.4.1),cpp,Accepted,13.0,892.0,455,
s416390314,p02973,u614550445,1564273251,C++,C++14 (GCC 5.4.1),cpp,Accepted,15.0,1276.0,1363,
s965138125,p02973,u010004797,1564272392,C++,C++14 (GCC 5.4.1),cpp,Accepted,17.0,2560.0,1775,
s575206909,p02973,u794573819,1564271652,C++,C++14 (GCC 5.4.1),cpp,Accepted,47.0,4992.0,1686,
s795905318,p02973,u716566635,1564271107,C++,C++14 (GCC 5.4.1),cpp,Accepted,46.0,1276.0,914,
s190530182,p02973,u856234158,1564269001,C++,C++14 (GCC 5.4.1),cpp,Accepted,1698.0,6836.0,541,
s895311238,p02973,u922457342,1564266904,C++,C++14 (GCC 5.4.1),cpp,Accepted,79.0,4992.0,487,
s903809690,p02973,u921940646,1564264037,C++,C++14 (GCC 5.4.1),cpp,Accepted,51.0,5376.0,2604,
s821044646,p02973,u238991589,1564259288,C++,C++14 (GCC 5.4.1),cpp,Accepted,47.0,5376.0,610,
s799574561,p02973,u074230519,1564259146,Python,Python (3.4.3),py,Accepted,258.0,7072.0,306,
s089087099,p02973,u738450435,1564258774,C++,C++14 (GCC 5.4.1),cpp,Accepted,77.0,5760.0,403,
s787163701,p02973,u738450435,1564255918,C++,C++14 (GCC 5.4.1),cpp,Accepted,76.0,4992.0,316,
s458838332,p02973,u738450435,1564254713,C++,C++14 (GCC 5.4.1),cpp,Accepted,78.0,5760.0,393,
s173827559,p02973,u561443723,1564248673,C++,C++14 (GCC 5.4.1),cpp,Accepted,48.0,1024.0,813,
s431841924,p02973,u754325138,1564246675,C++,C++14 (GCC 5.4.1),cpp,Accepted,47.0,892.0,353,
s327986049,p02973,u108493359,1564239389,C++,C++14 (GCC 5.4.1),cpp,Accepted,52.0,4992.0,459,
s838239224,p02973,u806601169,1564236076,C++,C++14 (GCC 5.4.1),cpp,Accepted,67.0,5376.0,1219,
s733641129,p02973,u685009987,1564230941,C++,C++14 (GCC 5.4.1),cpp,Accepted,76.0,5760.0,714,
s631714910,p02973,u138156173,1564226679,C++,C++14 (GCC 5.4.1),cpp,Accepted,48.0,5376.0,525,
s787909908,p02973,u895971408,1564217835,C++,C++14 (GCC 5.4.1),cpp,Accepted,49.0,5760.0,1329,
s471240980,p02973,u906572139,1564216262,C++,C++14 (GCC 5.4.1),cpp,Accepted,77.0,6528.0,558,
s201248582,p02973,u341540007,1564211126,C++,C++14 (GCC 5.4.1),cpp,Accepted,47.0,4992.0,1640,
s166257171,p02973,u194268736,1564206837,C++,C++14 (GCC 5.4.1),cpp,Accepted,62.0,1024.0,404,
s175816857,p02973,u870307668,1564206745,C++,C++14 (GCC 5.4.1),cpp,Accepted,17.0,1024.0,16194,
s955618505,p02973,u194268736,1564205366,C++,C++14 (GCC 5.4.1),cpp,Accepted,61.0,1024.0,427,
s514316234,p02973,u164300951,1564201719,C++,C++14 (GCC 5.4.1),cpp,Accepted,16.0,1276.0,2228,
s306478145,p02973,u995861601,1564199100,Python,Python (3.4.3),py,Accepted,262.0,11032.0,288,
s901769203,p02973,u480213714,1564199015,C++,C++14 (GCC 5.4.1),cpp,Accepted,17.0,1792.0,721,
s866645853,p02973,u768937125,1564198785,C++,C++14 (GCC 5.4.1),cpp,Accepted,19.0,6400.0,409,
s255964361,p02973,u099643902,1564197376,Python,Python (3.4.3),py,Accepted,264.0,11040.0,288,
s309307518,p02973,u616029737,1564195573,C++,C++14 (GCC 5.4.1),cpp,Accepted,77.0,5760.0,474,
s426241412,p02973,u338990986,1564191331,C++,C++14 (GCC 5.4.1),cpp,Accepted,13.0,1024.0,1008,
s734313486,p02973,u600091079,1564182856,C++,C++14 (GCC 5.4.1),cpp,Accepted,50.0,2176.0,2226,
s782823637,p02973,u350248178,1564182681,Python,Python (3.4.3),py,Accepted,269.0,7932.0,218,
s529474949,p02973,u861532527,1564181368,C++,C++14 (GCC 5.4.1),cpp,Accepted,41.0,4992.0,529,
s296049668,p02973,u622523700,1564178034,Python,PyPy3 (2.4.0),py,Accepted,556.0,56024.0,241,
s218693719,p02973,u775224245,1564176023,C++,C++14 (GCC 5.4.1),cpp,Accepted,48.0,1792.0,477,
s970108390,p02973,u743415262,1564174690,C++,C++14 (GCC 5.4.1),cpp,Accepted,47.0,892.0,651,
s904477002,p02973,u087436629,1564171052,C++,C++14 (GCC 5.4.1),cpp,Accepted,49.0,5760.0,1100,
s968750398,p02973,u858136677,1564169244,Python,Python (3.4.3),py,Accepted,248.0,7840.0,310,
s449507542,p02973,u926181697,1564169008,C++,C++14 (GCC 5.4.1),cpp,Accepted,16.0,512.0,779,
s982125408,p02973,u452955775,1564168656,C++,C++14 (GCC 5.4.1),cpp,Accepted,962.0,1400.0,730,
s950371255,p02973,u926181697,1564168308,Python,Python (3.4.3),py,Accepted,264.0,7072.0,235,
s163704743,p02973,u089032001,1564161558,Python,Python (3.4.3),py,Accepted,273.0,8824.0,303,
s811454714,p02973,u354638986,1564154526,C++,C++14 (GCC 5.4.1),cpp,Accepted,80.0,4992.0,746,
s551211218,p02973,u276568758,1564153636,C++,C++14 (GCC 5.4.1),cpp,Accepted,47.0,4992.0,965,
s331443628,p02973,u668711082,1564149219,C++,C++14 (GCC 5.4.1),cpp,Accepted,78.0,4992.0,2141,
s139925899,p02973,u668711082,1564147300,C++,C++14 (GCC 5.4.1),cpp,Accepted,79.0,4992.0,1863,
s786080955,p02973,u783834906,1564142368,C++,C++14 (GCC 5.4.1),cpp,Accepted,66.0,5376.0,757,
s972496440,p02973,u003576582,1564142139,C++,C++14 (GCC 5.4.1),cpp,Accepted,16.0,1276.0,4374,
s206670617,p02973,u783834906,1564141982,C++,C++14 (GCC 5.4.1),cpp,Accepted,79.0,4992.0,599,
s650187281,p02973,u434747175,1564128385,C++,C++14 (GCC 5.4.1),cpp,Accepted,49.0,1024.0,941,
s532973197,p02973,u539199630,1564122422,C++,C++14 (GCC 5.4.1),cpp,Accepted,17.0,1024.0,464,
s591943577,p02973,u970690920,1564120926,C++,C++14 (GCC 5.4.1),cpp,Accepted,47.0,1276.0,418,
s861536938,p02973,u335667012,1564113135,C++,C++14 (GCC 5.4.1),cpp,Accepted,49.0,1408.0,779,
s197572281,p02973,u244832678,1564109266,C++,C++14 (GCC 5.4.1),cpp,Accepted,59.0,1024.0,343,
s328768028,p02973,u810735437,1564105597,C++,C++14 (GCC 5.4.1),cpp,Accepted,722.0,1276.0,1138,
s906446522,p02973,u229842440,1564103870,C++,C++14 (GCC 5.4.1),cpp,Accepted,48.0,1920.0,999,
s081323198,p02973,u883982500,1564099501,C++,C++14 (GCC 5.4.1),cpp,Accepted,820.0,1024.0,876,
s615526801,p02973,u768334187,1564092192,C++,C++14 (GCC 5.4.1),cpp,Accepted,17.0,1792.0,1845,
s183242599,p02973,u768334187,1564092120,C++,C++14 (GCC 5.4.1),cpp,Accepted,17.0,1792.0,1764,
s668414438,p02973,u768334187,1564091910,C++,C++14 (GCC 5.4.1),cpp,Accepted,17.0,1792.0,1764,
s791837867,p02973,u573082373,1564087971,C++,C++14 (GCC 5.4.1),cpp,Accepted,81.0,5884.0,375,
s915365149,p02973,u573082373,1564087723,C++,C++14 (GCC 5.4.1),cpp,Accepted,78.0,5376.0,375,
s427385738,p02973,u212919262,1564086338,Python,Python (3.4.3),py,Accepted,107.0,7068.0,339,
s168471485,p02973,u722397179,1564084143,C++,C++14 (GCC 5.4.1),cpp,Accepted,51.0,1024.0,618,
s423090292,p02973,u535882029,1564083666,C++,C++14 (GCC 5.4.1),cpp,Accepted,51.0,11392.0,593,
s635435932,p02973,u868281230,1564078244,C++,C++14 (GCC 5.4.1),cpp,Accepted,40.0,5760.0,993,
s962649190,p02973,u523303964,1564078133,C++,C++14 (GCC 5.4.1),cpp,Accepted,47.0,1024.0,1061,
s095359853,p02973,u379629675,1564075811,C++,C++14 (GCC 5.4.1),cpp,Accepted,15.0,1276.0,7099,
s888143255,p02973,u495542768,1564074201,C++,C++14 (Clang 3.8.0),cpp,Accepted,149.0,5888.0,479,
s369398297,p02973,u018679195,1564068161,C++,C++14 (GCC 5.4.1),cpp,Accepted,16.0,896.0,364,
s144228100,p02973,u863370423,1564066268,C++,C++14 (GCC 5.4.1),cpp,Accepted,48.0,892.0,389,
s754363097,p02973,u709966987,1564065168,C++,C++14 (GCC 5.4.1),cpp,Accepted,44.0,4992.0,379,
s029845744,p02973,u089230684,1564064585,C++,C++14 (GCC 5.4.1),cpp,Accepted,15.0,512.0,449,
s801456140,p02973,u089230684,1564063553,C++,C++14 (GCC 5.4.1),cpp,Accepted,48.0,640.0,366,
s087634927,p02973,u863370423,1564063013,C++,C++14 (GCC 5.4.1),cpp,Accepted,17.0,1792.0,565,
s982860133,p02973,u863370423,1564062938,C++,C++14 (GCC 5.4.1),cpp,Accepted,21.0,1408.0,585,
s463766644,p02973,u817760251,1564062824,Python,Python (3.4.3),py,Accepted,312.0,11032.0,245,
s414892653,p02973,u018679195,1564062576,C++,C++14 (GCC 5.4.1),cpp,Accepted,1905.0,512.0,374,
s983382189,p02973,u777923818,1564034758,Python,PyPy3 (2.4.0),py,Accepted,557.0,61016.0,4788,
s736403763,p02973,u777923818,1564034461,Python,PyPy3 (2.4.0),py,Accepted,617.0,60888.0,5281,
s038081812,p02973,u671861352,1564033223,Python,Python (3.4.3),py,Accepted,636.0,15640.0,1110,
s885286972,p02973,u315350841,1564028495,C++,C++14 (GCC 5.4.1),cpp,Accepted,16.0,1024.0,466,
s084443871,p02973,u055148700,1564026162,C++,C++14 (GCC 5.4.1),cpp,Accepted,19.0,1024.0,991,
s592573961,p02973,u603303736,1564025730,C++,C++14 (GCC 5.4.1),cpp,Accepted,78.0,5376.0,3858,
s339770536,p02973,u899975427,1564021978,Python,Python (3.4.3),py,Accepted,122.0,7068.0,280,
s584556416,p02973,u778814286,1564021815,C++,C++14 (GCC 5.4.1),cpp,Accepted,18.0,2548.0,5192,
s366129416,p02973,u899975427,1564021036,Python,Python (3.4.3),py,Accepted,422.0,7284.0,278,
s490403169,p02973,u987594251,1564020958,C++,C++14 (GCC 5.4.1),cpp,Accepted,46.0,1024.0,1054,
s630281515,p02973,u973991908,1564017928,C++,C++14 (GCC 5.4.1),cpp,Accepted,15.0,892.0,811,
s250179573,p02973,u057419323,1564016177,C++,C++14 (GCC 5.4.1),cpp,Accepted,839.0,1276.0,382,
s890777740,p02973,u187878098,1564013739,C++,C++14 (GCC 5.4.1),cpp,Accepted,18.0,1024.0,931,
s031724157,p02973,u419383010,1564006192,C++,C++14 (GCC 5.4.1),cpp,Accepted,49.0,1024.0,547,
s884637484,p02973,u752814744,1564005743,C++,C++14 (GCC 5.4.1),cpp,Accepted,16.0,2168.0,2421,
s605083228,p02973,u561186440,1564005415,C++,C++14 (GCC 5.4.1),cpp,Accepted,78.0,4992.0,358,
s967299768,p02973,u134519179,1564004961,C++,C++14 (GCC 5.4.1),cpp,Accepted,39.0,5376.0,2563,
s196909928,p02973,u134519179,1564001377,C++,C++14 (GCC 5.4.1),cpp,Accepted,19.0,1024.0,681,
s550607910,p02973,u771276542,1563996806,C++,C++14 (GCC 5.4.1),cpp,Accepted,21.0,1024.0,613,
s187610999,p02973,u040490988,1563992968,C++,C++14 (GCC 5.4.1),cpp,Accepted,122.0,11256.0,1124,
s372848164,p02973,u502709453,1563992339,C++,C++14 (GCC 5.4.1),cpp,Accepted,48.0,5376.0,3359,
s587436287,p02973,u102602414,1563992306,C++,C++14 (GCC 5.4.1),cpp,Accepted,80.0,4992.0,629,
s753673700,p02973,u166696759,1563978329,C++,C++14 (GCC 5.4.1),cpp,Accepted,49.0,1024.0,537,
s281643217,p02973,u868089307,1563973706,C++,C++14 (Clang 3.8.0),cpp,Accepted,114.0,2548.0,766,
s972006133,p02973,u213143275,1563971669,C++,C++14 (GCC 5.4.1),cpp,Accepted,751.0,7808.0,4346,
s233481310,p02973,u659083922,1563971073,C++,C++14 (GCC 5.4.1),cpp,Accepted,46.0,4992.0,327,
s148601151,p02973,u499824662,1563968266,C++,C++14 (GCC 5.4.1),cpp,Accepted,61.0,1276.0,446,
s801010110,p02973,u128513271,1563964671,C++,C++14 (GCC 5.4.1),cpp,Accepted,47.0,4992.0,348,
s467978740,p02973,u379629675,1563954445,C++,C++14 (GCC 5.4.1),cpp,Accepted,17.0,1408.0,7619,
s459946699,p02973,u729707098,1563949214,Python,Python (3.4.3),py,Accepted,235.0,7832.0,196,
s735593622,p02973,u879434320,1563946794,C++,C++14 (GCC 5.4.1),cpp,Accepted,753.0,1276.0,459,
s177885422,p02973,u993229809,1563945237,C++,C++14 (GCC 5.4.1),cpp,Accepted,54.0,1024.0,429,
s506041286,p02973,u377233676,1563944567,C++,C++14 (GCC 5.4.1),cpp,Accepted,15.0,2168.0,1017,
s618971668,p02973,u969160074,1563939604,C++,C++14 (GCC 5.4.1),cpp,Accepted,77.0,5376.0,1279,
s246619458,p02973,u064408584,1563939309,Python,Python (3.4.3),py,Accepted,575.0,7284.0,245,
s328797515,p02973,u726604439,1563936720,C++,C++14 (GCC 5.4.1),cpp,Accepted,83.0,5248.0,502,
s624269430,p02973,u128513271,1563934964,C++,C++14 (GCC 5.4.1),cpp,Accepted,1668.0,1024.0,561,
s331443120,p02973,u699889646,1563934753,C++,C++14 (GCC 5.4.1),cpp,Accepted,18.0,2676.0,2094,
s405313247,p02973,u484460274,1563933915,C++,C++14 (GCC 5.4.1),cpp,Accepted,86.0,5376.0,647,
s595539248,p02973,u727652622,1563933863,C++,C++14 (GCC 5.4.1),cpp,Accepted,17.0,1024.0,353,
s166965696,p02973,u340010271,1563933714,C++,C++14 (GCC 5.4.1),cpp,Accepted,47.0,4992.0,976,
s984144029,p02973,u755090102,1563933713,C++,C++14 (GCC 5.4.1),cpp,Accepted,80.0,4992.0,450,
s194937324,p02973,u879434320,1563932972,C++,C++14 (GCC 5.4.1),cpp,Accepted,45.0,1276.0,764,
s745523455,p02973,u755090102,1563932650,C++,C++14 (GCC 5.4.1),cpp,Accepted,17.0,896.0,463,
s456569442,p02973,u006686215,1563932410,C++,C++14 (GCC 5.4.1),cpp,Accepted,81.0,5760.0,1542,
s301364541,p02973,u208608367,1563928993,C++,C++14 (GCC 5.4.1),cpp,Accepted,18.0,1408.0,1253,
s898643641,p02973,u208608367,1563928857,C++,C++14 (GCC 5.4.1),cpp,Accepted,21.0,2560.0,1558,
s980658700,p02973,u588093355,1563928368,C++,C++14 (GCC 5.4.1),cpp,Accepted,16.0,892.0,1189,
s352641775,p02973,u208608367,1563928245,C++,C++14 (GCC 5.4.1),cpp,Accepted,19.0,1408.0,884,
s930285553,p02973,u208608367,1563927918,C++,C++14 (GCC 5.4.1),cpp,Accepted,20.0,2560.0,2099,
s858253357,p02973,u648138491,1563927914,C++,C++14 (GCC 5.4.1),cpp,Accepted,16.0,896.0,1431,
s528792601,p02973,u623136228,1563922633,C++,C++14 (GCC 5.4.1),cpp,Accepted,51.0,4992.0,588,
s438352330,p02973,u623136228,1563922243,C++,C++14 (GCC 5.4.1),cpp,Accepted,53.0,4992.0,597,
s925240483,p02973,u128527648,1563922054,C++,C++14 (GCC 5.4.1),cpp,Accepted,17.0,1024.0,1273,
s614782420,p02973,u075012704,1563920327,Python,Python (3.4.3),py,Accepted,241.0,11048.0,317,
s346368213,p02973,u842401785,1563919913,C++,C++14 (GCC 5.4.1),cpp,Accepted,82.0,5760.0,888,
s051511922,p02973,u554096168,1563919181,Python,Python (3.4.3),py,Accepted,241.0,7848.0,279,
s235257994,p02973,u864026794,1563918645,C++,C++14 (GCC 5.4.1),cpp,Accepted,88.0,1276.0,565,
s201223803,p02973,u664373116,1563915360,Python,Python (3.4.3),py,Accepted,537.0,7172.0,748,
s664947312,p02973,u309985845,1563915314,C++,C++14 (GCC 5.4.1),cpp,Accepted,18.0,640.0,232,
s386264034,p02973,u366676780,1563914338,C++,C++14 (GCC 5.4.1),cpp,Accepted,49.0,1024.0,7602,
s943493914,p02973,u879977274,1563914132,Python,Python (3.4.3),py,Accepted,282.0,11060.0,257,
s896598668,p02973,u712822150,1563911985,Python,Python (3.4.3),py,Accepted,410.0,8052.0,403,
s888866317,p02973,u997521090,1563910692,C++,C++14 (GCC 5.4.1),cpp,Accepted,49.0,1792.0,637,
s383303108,p02973,u534998883,1563910668,C++,C++14 (GCC 5.4.1),cpp,Accepted,48.0,1792.0,711,
s892785672,p02973,u987039629,1563907777,C++,C++14 (GCC 5.4.1),cpp,Accepted,49.0,1024.0,429,
s491494370,p02973,u250996767,1563900569,C++,C++14 (GCC 5.4.1),cpp,Accepted,18.0,1792.0,1302,
s451021861,p02973,u379692329,1563900443,Python,Python (3.4.3),py,Accepted,243.0,10888.0,301,
s969034611,p02973,u803893892,1563899651,C++,C++14 (GCC 5.4.1),cpp,Accepted,78.0,5376.0,483,
s226068351,p02973,u703503553,1563898133,C++,C++14 (GCC 5.4.1),cpp,Accepted,50.0,1024.0,457,
s857102126,p02973,u748069390,1563894365,C++,C++14 (GCC 5.4.1),cpp,Accepted,31.0,5760.0,2683,
s296051242,p02973,u425351967,1563894087,C++,C++14 (GCC 5.4.1),cpp,Accepted,71.0,4992.0,502,
s375964600,p02973,u007991836,1563894038,Python,Python (3.4.3),py,Accepted,243.0,10968.0,266,
s095082886,p02973,u317230226,1563885544,C++,C++14 (Clang 3.8.0),cpp,Accepted,114.0,1024.0,674,
s918252123,p02973,u203927510,1563874513,C++,C++14 (GCC 5.4.1),cpp,Accepted,49.0,1024.0,431,
s750364949,p02973,u064087840,1563871696,C++,C++14 (GCC 5.4.1),cpp,Accepted,16.0,2168.0,771,
s358883722,p02973,u295509734,1563867554,C++,C++14 (GCC 5.4.1),cpp,Accepted,48.0,5760.0,1830,
s898669103,p02973,u865835920,1563866459,C++,C++14 (GCC 5.4.1),cpp,Accepted,16.0,1276.0,1071,
s063006423,p02973,u761362252,1563865584,C++,C++14 (GCC 5.4.1),cpp,Accepted,15.0,1400.0,1155,
s921339921,p02973,u865835920,1563865525,C++,C++14 (GCC 5.4.1),cpp,Accepted,791.0,1276.0,1289,
s538340929,p02973,u865835920,1563864978,C++,C++14 (GCC 5.4.1),cpp,Accepted,791.0,1276.0,1363,
s883212131,p02973,u865835920,1563864696,C++,C++14 (GCC 5.4.1),cpp,Accepted,819.0,1276.0,1311,
s899446807,p02973,u372792939,1563864382,C++,C++14 (GCC 5.4.1),cpp,Accepted,63.0,1408.0,524,
s632291667,p02973,u055221623,1563862043,C++,C++14 (GCC 5.4.1),cpp,Accepted,17.0,1276.0,464,
s899709112,p02973,u221592478,1563860757,C++,C++14 (GCC 5.4.1),cpp,Accepted,81.0,5376.0,504,
s487168340,p02973,u588341295,1563860545,Python,Python (3.4.3),py,Accepted,124.0,9388.0,1076,
s681108568,p02973,u588341295,1563859840,Python,Python (3.4.3),py,Accepted,168.0,8832.0,1104,
s647245376,p02973,u956400481,1563859051,C++,C++14 (GCC 5.4.1),cpp,Accepted,48.0,5376.0,1646,
s793774187,p02973,u468700753,1563855503,C++,C++14 (GCC 5.4.1),cpp,Accepted,49.0,4992.0,975,
s232911442,p02973,u154068540,1563853614,C++,C++14 (GCC 5.4.1),cpp,Accepted,18.0,1792.0,8877,
s934469662,p02973,u227020436,1563853495,Python,Python (3.4.3),py,Accepted,524.0,8060.0,244,
s939843099,p02973,u679759899,1563851089,Python,PyPy3 (2.4.0),py,Accepted,288.0,50012.0,343,
s931651263,p02973,u477096296,1563850670,C++,C++14 (GCC 5.4.1),cpp,Accepted,48.0,2168.0,491,
s694028174,p02973,u251515715,1563849988,Python,Python (3.4.3),py,Accepted,256.0,7836.0,223,
s951576956,p02973,u067694854,1563848881,C++,C++14 (GCC 5.4.1),cpp,Accepted,15.0,1276.0,663,
s562404989,p02973,u776086908,1563847582,C++,C++14 (GCC 5.4.1),cpp,Accepted,78.0,5376.0,397,
s287962493,p02973,u898749314,1563847022,C++,C++14 (GCC 5.4.1),cpp,Accepted,82.0,5760.0,1275,
s182034065,p02973,u810831468,1563846637,C++,C++14 (GCC 5.4.1),cpp,Accepted,81.0,5760.0,491,
s090881980,p02973,u592610268,1563846324,C++,C++14 (GCC 5.4.1),cpp,Accepted,47.0,2168.0,706,
s644521434,p02973,u680195439,1563844977,C++,C++14 (GCC 5.4.1),cpp,Accepted,47.0,4992.0,978,
s383780520,p02973,u879870653,1563843029,Python,Python (3.4.3),py,Accepted,251.0,7840.0,193,
s866393968,p02973,u072526305,1563841809,C++,C++14 (GCC 5.4.1),cpp,Accepted,17.0,1792.0,678,
s431533435,p02973,u450036612,1563841217,C++,C++14 (GCC 5.4.1),cpp,Accepted,71.0,7168.0,1136,
s107285330,p02973,u787562674,1563839929,Python,Python (3.4.3),py,Accepted,244.0,7832.0,332,
s911791833,p02973,u096883693,1563838314,C++,C++14 (GCC 5.4.1),cpp,Accepted,7.0,768.0,1032,
s955816836,p02973,u096883693,1563838244,C++,C++14 (GCC 5.4.1),cpp,Accepted,15.0,640.0,687,
s285068294,p02973,u321226359,1563837668,C++,C++14 (GCC 5.4.1),cpp,Accepted,48.0,1792.0,1625,
s202708791,p02973,u712860984,1563836023,C++,C++14 (GCC 5.4.1),cpp,Accepted,96.0,5376.0,480,
s028517182,p02973,u074306398,1563835621,C++,C++14 (GCC 5.4.1),cpp,Accepted,52.0,1024.0,359,
s875705426,p02973,u016189984,1563834764,C++,C++14 (GCC 5.4.1),cpp,Accepted,50.0,1024.0,644,
s389740002,p02973,u210484769,1563834226,C++,C++14 (GCC 5.4.1),cpp,Accepted,17.0,2936.0,3825,
s692471123,p02973,u989928804,1563833582,C++,C++14 (GCC 5.4.1),cpp,Accepted,43.0,5760.0,1664,
s291964063,p02973,u265065462,1563832165,C++,C++14 (GCC 5.4.1),cpp,Accepted,48.0,1792.0,1105,
s570796414,p02973,u265065462,1563831938,C++,C++14 (GCC 5.4.1),cpp,Accepted,46.0,2168.0,1108,
s579987967,p02973,u656572785,1563831817,C++,C++14 (GCC 5.4.1),cpp,Accepted,48.0,5760.0,601,
s671369155,p02973,u265065462,1563831604,C++,C++14 (GCC 5.4.1),cpp,Accepted,48.0,1792.0,1115,
s847743716,p02973,u460819600,1563831280,C++,C++14 (GCC 5.4.1),cpp,Accepted,48.0,4992.0,1575,
s476349106,p02973,u538632589,1563830889,Python,Python (3.4.3),py,Accepted,538.0,8068.0,330,
s675701209,p02973,u252348942,1563825773,C++,C++14 (GCC 5.4.1),cpp,Accepted,46.0,2168.0,570,
s691549684,p02973,u394721319,1563823787,Python,PyPy3 (2.4.0),py,Accepted,423.0,46940.0,344,
s394523388,p02973,u428267713,1563823726,C++,C++14 (GCC 5.4.1),cpp,Accepted,53.0,5760.0,699,
s237662380,p02973,u963610246,1563822688,C++,C++14 (GCC 5.4.1),cpp,Accepted,17.0,1024.0,633,
s993909805,p02973,u504142483,1563822040,C++,C++14 (GCC 5.4.1),cpp,Accepted,77.0,5760.0,1991,
s586108575,p02973,u029876051,1563820464,C++,C++14 (GCC 5.4.1),cpp,Accepted,48.0,1024.0,415,
s870969095,p02973,u899223754,1563819812,C++,C++14 (GCC 5.4.1),cpp,Accepted,52.0,1024.0,751,
s373122650,p02973,u074306398,1563818060,C++,C++14 (GCC 5.4.1),cpp,Accepted,49.0,1024.0,454,
s850217284,p02973,u112723190,1563814564,C++,C++14 (GCC 5.4.1),cpp,Accepted,17.0,1276.0,1360,
s444710868,p02973,u950708010,1563814563,Python,Python (3.4.3),py,Accepted,513.0,8060.0,375,
s664640323,p02973,u045939752,1563814388,C++,C++14 (GCC 5.4.1),cpp,Accepted,20.0,1024.0,1158,
s946444234,p02973,u475007080,1563813735,C++,C++14 (GCC 5.4.1),cpp,Accepted,83.0,13184.0,2029,
s546104749,p02973,u620866522,1563808616,C++,C++14 (GCC 5.4.1),cpp,Accepted,90.0,5376.0,436,
s924842456,p02973,u369508054,1563806432,C++,C++14 (GCC 5.4.1),cpp,Accepted,92.0,7284.0,5285,
s794948943,p02973,u399827056,1563804744,C++,C++14 (GCC 5.4.1),cpp,Accepted,33.0,1276.0,945,
s349318998,p02973,u369508054,1563803835,C++,C++14 (GCC 5.4.1),cpp,Accepted,52.0,3840.0,4508,
s957863770,p02973,u465171275,1563800377,Python,Python (3.4.3),py,Accepted,237.0,8604.0,427,
s040683133,p02973,u216036232,1563795701,C++,C++14 (GCC 5.4.1),cpp,Accepted,127.0,6528.0,1067,
s962027594,p02973,u561443723,1563790698,C++,C++14 (GCC 5.4.1),cpp,Accepted,47.0,1024.0,756,
s732981736,p02973,u013803727,1563784799,C++,C++14 (GCC 5.4.1),cpp,Accepted,65.0,1024.0,357,
s301722485,p02973,u429030987,1563784182,C++,C++14 (GCC 5.4.1),cpp,Accepted,57.0,7168.0,4101,
s727895718,p02973,u021423660,1563782481,C++,C++14 (GCC 5.4.1),cpp,Accepted,47.0,1400.0,514,
s385576631,p02973,u801592590,1563778550,C++,C++14 (GCC 5.4.1),cpp,Accepted,76.0,2548.0,1474,
s207366428,p02973,u419307948,1563776636,C++,C++14 (GCC 5.4.1),cpp,Accepted,56.0,1792.0,564,
s321334982,p02973,u034865202,1563773902,C++,C++14 (GCC 5.4.1),cpp,Accepted,43.0,5248.0,4543,
s276601243,p02973,u753736100,1563773652,C++,C++14 (GCC 5.4.1),cpp,Accepted,46.0,5760.0,2514,
s169621964,p02973,u706695185,1563773640,C++,C++14 (GCC 5.4.1),cpp,Accepted,17.0,1024.0,1403,
s109232539,p02973,u921066423,1563772143,Python,Python (3.4.3),py,Accepted,243.0,8604.0,424,
s699663746,p02973,u076566148,1563771568,C++,C++14 (GCC 5.4.1),cpp,Accepted,64.0,1024.0,565,
s078401893,p02973,u168621426,1563771527,C++,C++14 (GCC 5.4.1),cpp,Accepted,47.0,1024.0,552,
s292998009,p02973,u358689692,1563770112,C++,C++14 (GCC 5.4.1),cpp,Accepted,17.0,896.0,533,
s816937651,p02973,u886633618,1563769833,Python,PyPy3 (2.4.0),py,Accepted,629.0,51032.0,289,
s097678772,p02973,u824337972,1563769558,C++,C++14 (GCC 5.4.1),cpp,Accepted,47.0,1792.0,1208,
s632420978,p02973,u555125997,1563768946,C++,C++14 (GCC 5.4.1),cpp,Accepted,48.0,5760.0,2898,
s136884037,p02973,u185518252,1563768944,C++,C++14 (GCC 5.4.1),cpp,Accepted,77.0,5760.0,994,
s100127867,p02973,u190405389,1563768233,Python,PyPy3 (2.4.0),py,Accepted,611.0,52312.0,453,
s740512292,p02973,u945228737,1563767396,Python,Python (3.4.3),py,Accepted,218.0,9116.0,501,
s897651243,p02973,u277556971,1563767340,C++,C++14 (GCC 5.4.1),cpp,Accepted,723.0,1276.0,1058,
s377146951,p02973,u422827820,1563765785,C++,C++14 (GCC 5.4.1),cpp,Accepted,47.0,5760.0,1849,
s806783101,p02973,u983943108,1563764769,Python,Python (3.4.3),py,Accepted,257.0,11036.0,307,
s640251686,p02973,u261965335,1563764710,C++,C++14 (GCC 5.4.1),cpp,Accepted,80.0,5376.0,738,
s411444761,p02973,u621104964,1563764610,C++,C++14 (Clang 3.8.0),cpp,Accepted,117.0,1408.0,949,
s539832862,p02973,u651803486,1563764192,Python,Python (3.4.3),py,Accepted,579.0,7284.0,265,
s723254862,p02973,u739136526,1563763030,C++,C++14 (GCC 5.4.1),cpp,Accepted,49.0,640.0,426,
s589634335,p02973,u269476572,1563762922,C++,C++14 (GCC 5.4.1),cpp,Accepted,50.0,1400.0,552,
s750779960,p02973,u110336920,1563761790,C++,C++14 (GCC 5.4.1),cpp,Accepted,52.0,640.0,640,
s255363310,p02973,u061071198,1563761431,C++,C++14 (GCC 5.4.1),cpp,Accepted,45.0,2296.0,2567,
s821368853,p02973,u865741247,1563761336,Python,Python (3.4.3),py,Accepted,592.0,8948.0,264,
s447914099,p02973,u909790170,1563760570,C++,C++14 (GCC 5.4.1),cpp,Accepted,47.0,1276.0,370,
s823150943,p02973,u617822757,1563759983,C++,C++14 (GCC 5.4.1),cpp,Accepted,49.0,5376.0,420,
s005279569,p02973,u222866518,1563758707,C++,C++14 (GCC 5.4.1),cpp,Accepted,50.0,1024.0,482,
s258971187,p02973,u002108948,1563758501,C++,C++14 (GCC 5.4.1),cpp,Accepted,62.0,892.0,357,
s156900664,p02973,u561992253,1563756939,Python,PyPy3 (2.4.0),py,Accepted,579.0,55768.0,348,
s918234252,p02973,u508700891,1563756623,C++,C++14 (GCC 5.4.1),cpp,Accepted,100.0,90508.0,1125,
s063814754,p02973,u096883693,1563756168,C++,C++14 (GCC 5.4.1),cpp,Accepted,17.0,1024.0,718,
s725095517,p02973,u848359007,1563756010,C++,C++14 (GCC 5.4.1),cpp,Accepted,49.0,1532.0,429,
s339652480,p02973,u085376000,1563755789,C++,C++14 (GCC 5.4.1),cpp,Accepted,50.0,1788.0,1624,
s289086132,p02973,u218843509,1563755642,Python,Python (3.4.3),py,Accepted,254.0,11416.0,214,
s458359198,p02973,u700986952,1563755457,C++,C++14 (GCC 5.4.1),cpp,Accepted,49.0,1024.0,758,
s176407391,p02973,u673058289,1563755225,C++,C++14 (GCC 5.4.1),cpp,Accepted,51.0,2560.0,602,
s517948503,p02973,u404244809,1563755213,C++,C++14 (GCC 5.4.1),cpp,Accepted,48.0,5376.0,1160,
s105069397,p02973,u614963308,1563755026,C++,C++14 (GCC 5.4.1),cpp,Accepted,65.0,8180.0,2407,
s801190133,p02973,u848359007,1563755007,C++,C++14 (GCC 5.4.1),cpp,Accepted,45.0,1024.0,419,
s835383416,p02973,u898749314,1563754703,C++,C++14 (GCC 5.4.1),cpp,Accepted,81.0,5760.0,1238,
s514762955,p02973,u259053514,1563753398,C++,C++14 (GCC 5.4.1),cpp,Accepted,77.0,5376.0,1427,
s960928300,p02973,u562935282,1563752898,C++,C++14 (GCC 5.4.1),cpp,Accepted,52.0,1024.0,451,
s410972604,p02973,u875972329,1563752759,C++,C++14 (GCC 5.4.1),cpp,Accepted,51.0,1792.0,477,
s826860129,p02973,u562935282,1563752463,Python,Python (3.4.3),py,Accepted,520.0,8044.0,302,
s347268304,p02973,u404244809,1563752444,C++,C++14 (GCC 5.4.1),cpp,Accepted,18.0,1024.0,1138,
s007434518,p02973,u283229916,1563752398,C++,C++14 (GCC 5.4.1),cpp,Accepted,77.0,5376.0,428,
s530594658,p02973,u471585927,1563751082,C++,C++14 (GCC 5.4.1),cpp,Accepted,89.0,5248.0,857,
s841037670,p02973,u083440680,1563750419,C++,C++14 (GCC 5.4.1),cpp,Accepted,38.0,4992.0,1232,
s490282027,p02973,u917872021,1563750367,Python,Python (3.4.3),py,Accepted,281.0,7852.0,251,
s075474406,p02973,u952708174,1563749979,Python,Python (3.4.3),py,Accepted,222.0,8604.0,844,
s021990082,p02973,u877470159,1563749578,Python,PyPy3 (2.4.0),py,Accepted,595.0,52312.0,258,
s504848351,p02973,u877470159,1563749525,Python,PyPy3 (2.4.0),py,Accepted,298.0,45532.0,294,
s817016127,p02973,u016128476,1563749063,Python,PyPy3 (2.4.0),py,Accepted,563.0,55896.0,253,
s611043763,p02973,u353797797,1563748923,Python,Python (3.4.3),py,Accepted,393.0,7284.0,327,
s120734502,p02973,u293764826,1563748786,C++,C++14 (GCC 5.4.1),cpp,Accepted,17.0,640.0,1898,
s906958508,p02973,u802237789,1563748658,C++,C++14 (GCC 5.4.1),cpp,Accepted,47.0,5376.0,1449,
s737969664,p02973,u450494974,1563748271,C++,C++14 (GCC 5.4.1),cpp,Accepted,92.0,5248.0,814,
s211940370,p02973,u493750228,1563748256,C++,C++14 (GCC 5.4.1),cpp,Accepted,48.0,5376.0,1349,
s984131551,p02973,u612641737,1563748229,C++,C++14 (GCC 5.4.1),cpp,Accepted,15.0,1024.0,793,
s721015618,p02973,u336011173,1563748182,C++,C++14 (GCC 5.4.1),cpp,Accepted,23.0,1920.0,1309,
s436255881,p02973,u061850718,1563747997,C++,C++14 (GCC 5.4.1),cpp,Accepted,71.0,2560.0,1862,
s984442413,p02973,u150861392,1563747482,C++,C++14 (GCC 5.4.1),cpp,Accepted,47.0,1276.0,438,
s667214531,p02973,u423585790,1563746883,Python,PyPy3 (2.4.0),py,Accepted,596.0,49756.0,2162,
s504493411,p02973,u567252408,1563745790,C++,C++14 (GCC 5.4.1),cpp,Accepted,468.0,1276.0,495,
s401123444,p02973,u076506345,1563745528,C++,C++14 (GCC 5.4.1),cpp,Accepted,48.0,5376.0,1867,
s571000236,p02973,u337353034,1563745426,C++,C++14 (GCC 5.4.1),cpp,Accepted,71.0,4992.0,332,
s992161479,p02973,u634209474,1563745146,C++,C++14 (GCC 5.4.1),cpp,Accepted,59.0,1024.0,597,
s542456687,p02973,u591589288,1563744964,Python,Python (3.4.3),py,Accepted,393.0,7848.0,1089,
s934095309,p02973,u597243424,1563744917,C++,C++14 (GCC 5.4.1),cpp,Accepted,822.0,1784.0,581,
s905445347,p02973,u067237725,1563744875,C++,C++14 (GCC 5.4.1),cpp,Accepted,58.0,1276.0,743,
s852279767,p02973,u854367220,1563744582,C++,C++14 (GCC 5.4.1),cpp,Accepted,51.0,4992.0,376,
s001676084,p02973,u032202037,1563744528,C++,C++14 (GCC 5.4.1),cpp,Accepted,799.0,892.0,1389,
s086693959,p02973,u621935300,1563744381,Python,PyPy2 (5.6.0),py,Accepted,92.0,40604.0,312,
s186892908,p02973,u556276145,1563744375,C++,C++14 (GCC 5.4.1),cpp,Accepted,80.0,4992.0,650,
s528481753,p02973,u354638986,1563744201,C++,C++14 (GCC 5.4.1),cpp,Accepted,50.0,4992.0,592,
s430308043,p02973,u621935300,1563744176,Python,PyPy2 (5.6.0),py,Accepted,94.0,40220.0,331,
s231301947,p02973,u950603962,1563744016,C++,C++14 (Clang 3.8.0),cpp,Accepted,114.0,2416.0,856,
s942060473,p02973,u515207244,1563743832,Python,Python (3.4.3),py,Accepted,271.0,11036.0,241,
s511117814,p02973,u702996070,1563743706,C++,C++14 (GCC 5.4.1),cpp,Accepted,83.0,5760.0,499,
s891910359,p02973,u003873207,1563743625,C++,C++14 (Clang 3.8.0),cpp,Accepted,140.0,5376.0,1989,
s565266579,p02973,u003873207,1563743569,C++,C++14 (Clang 3.8.0),cpp,Accepted,425.0,5376.0,1985,
s623573010,p02973,u029888376,1563743542,C++,C++14 (GCC 5.4.1),cpp,Accepted,38.0,1792.0,1736,
s325255536,p02973,u369105927,1563743516,Python,Python (3.4.3),py,Accepted,411.0,8060.0,288,
s624300364,p02973,u313766957,1563742993,C++,C++14 (GCC 5.4.1),cpp,Accepted,79.0,4992.0,386,
s994530967,p02973,u634209474,1563742678,C++,C++14 (GCC 5.4.1),cpp,Accepted,59.0,1024.0,597,
s388384131,p02973,u913008467,1563742575,C++,C++ (Clang 3.8.0),cpp,Accepted,145.0,5376.0,1381,
s770616061,p02973,u634209474,1563742560,C++,C++14 (GCC 5.4.1),cpp,Accepted,60.0,1024.0,703,
s512477108,p02973,u208468539,1563742408,C++,C++14 (GCC 5.4.1),cpp,Accepted,13.0,1024.0,833,
s796395134,p02973,u412908746,1563742351,C++,C++14 (GCC 5.4.1),cpp,Accepted,80.0,5376.0,449,
s032787302,p02973,u454290303,1563742345,C++,C++14 (GCC 5.4.1),cpp,Accepted,47.0,4992.0,545,
s331175573,p02973,u633255271,1563742342,Python,PyPy3 (2.4.0),py,Accepted,555.0,54872.0,223,
s311845583,p02973,u045575753,1563742061,C++,C++14 (Clang 3.8.0),cpp,Accepted,115.0,1276.0,894,
s052692487,p02973,u633255271,1563741790,Python,PyPy3 (2.4.0),py,Accepted,595.0,55896.0,232,
s302437807,p02973,u463697306,1563741622,C++,C++14 (GCC 5.4.1),cpp,Accepted,1369.0,5376.0,1446,
s763623600,p02973,u118906659,1563741483,C++,C++14 (GCC 5.4.1),cpp,Accepted,79.0,5760.0,433,
s551679328,p02973,u116523315,1563741318,C++,C++14 (GCC 5.4.1),cpp,Accepted,828.0,892.0,591,
s657880726,p02973,u906765537,1563740598,C++,C++14 (GCC 5.4.1),cpp,Accepted,65.0,1792.0,759,
s578098779,p02973,u553927381,1563740132,C++,C++14 (GCC 5.4.1),cpp,Accepted,105.0,15140.0,1502,
s359605696,p02973,u621935300,1563739906,Python,PyPy2 (5.6.0),py,Accepted,236.0,35356.0,259,
s384214461,p02973,u103914968,1563739786,C++,C++14 (GCC 5.4.1),cpp,Accepted,49.0,5760.0,785,
s863547341,p02973,u585482323,1563738799,Python,PyPy3 (2.4.0),py,Accepted,349.0,49884.0,1926,
s093757454,p02973,u233393801,1563738653,C++,C++14 (GCC 5.4.1),cpp,Accepted,15.0,2168.0,845,
s873223180,p02973,u879870653,1563738263,Python,Python (3.4.3),py,Accepted,260.0,7840.0,220,
s857958651,p02973,u472675932,1563737895,C++,C++14 (GCC 5.4.1),cpp,Accepted,759.0,892.0,792,
s257341492,p02973,u532573979,1563737765,C++,C++14 (GCC 5.4.1),cpp,Accepted,49.0,1276.0,730,
s558067565,p02973,u254187258,1563737569,C++,C++14 (GCC 5.4.1),cpp,Accepted,44.0,7808.0,1092,
s551091075,p02973,u695197008,1563737056,C++,C++14 (GCC 5.4.1),cpp,Accepted,17.0,1792.0,1290,
s843053280,p02973,u467971384,1563737013,C++,C++14 (GCC 5.4.1),cpp,Accepted,19.0,1024.0,457,
s778373759,p02973,u619458041,1563736902,Python,Python (3.4.3),py,Accepted,390.0,7284.0,387,
s420303772,p02973,u227082700,1563736737,Python,Python (3.4.3),py,Accepted,246.0,7068.0,165,
s391645149,p02973,u339233484,1563736693,C++,C++14 (GCC 5.4.1),cpp,Accepted,1456.0,1400.0,453,
s774427914,p02973,u379710681,1563736226,C++,C++14 (GCC 5.4.1),cpp,Accepted,45.0,5376.0,925,
s749532094,p02973,u473291366,1563736085,Python,Python (3.4.3),py,Accepted,577.0,7284.0,227,
s207826395,p02973,u265392294,1563736012,C++,C++14 (GCC 5.4.1),cpp,Accepted,62.0,768.0,240,
s972294904,p02973,u119996667,1563735863,C++,C++14 (GCC 5.4.1),cpp,Accepted,48.0,5376.0,626,
s100050690,p02973,u790399429,1563735691,C++,C++14 (GCC 5.4.1),cpp,Accepted,33.0,5760.0,707,
s269932523,p02973,u165374901,1563735316,C++,C++14 (GCC 5.4.1),cpp,Accepted,18.0,1408.0,1403,
s397218679,p02973,u165374901,1563735054,C++,C++14 (GCC 5.4.1),cpp,Accepted,18.0,1536.0,1540,
s455644515,p02973,u735499035,1563734919,C++,C++14 (GCC 5.4.1),cpp,Accepted,832.0,892.0,426,
s981699210,p02973,u899866702,1563734263,Python,Python (3.4.3),py,Accepted,503.0,8188.0,293,
s289055484,p02973,u688782964,1563734234,C++,C++14 (GCC 5.4.1),cpp,Accepted,48.0,4992.0,519,
s287508022,p02973,u660613376,1563733920,C++,C++14 (GCC 5.4.1),cpp,Accepted,1532.0,13824.0,1501,
s878142523,p02973,u652737716,1563733727,C++,C++14 (Clang 3.8.0),cpp,Accepted,112.0,1024.0,1103,
s023643112,p02973,u188117876,1563733413,C++,C++14 (GCC 5.4.1),cpp,Accepted,48.0,1024.0,493,
s904808433,p02973,u528720841,1563733208,C++,C++14 (GCC 5.4.1),cpp,Accepted,49.0,1792.0,1862,
s583145184,p02973,u465233477,1563733199,C++,C++14 (GCC 5.4.1),cpp,Accepted,54.0,1276.0,810,
s563871171,p02973,u227731374,1563732529,C++,C++14 (GCC 5.4.1),cpp,Accepted,71.0,5376.0,452,
s656414021,p02973,u338903636,1563732404,C++,C++14 (GCC 5.4.1),cpp,Accepted,49.0,1024.0,4368,
s101367782,p02973,u714724786,1563732390,C++,C++14 (GCC 5.4.1),cpp,Accepted,757.0,1020.0,1103,
s785848340,p02973,u693723949,1563732244,Python,Python (3.4.3),py,Accepted,252.0,8620.0,187,
s908444322,p02973,u291303494,1563731481,Python,Python (3.4.3),py,Accepted,233.0,8620.0,184,
s217001916,p02973,u151681737,1563731062,C++,C++14 (GCC 5.4.1),cpp,Accepted,48.0,4992.0,655,
s849346194,p02973,u108648546,1563730743,C++,C++14 (GCC 5.4.1),cpp,Accepted,15.0,640.0,475,
s505625254,p02973,u263830634,1563730616,Python,Python (3.4.3),py,Accepted,342.0,11036.0,365,
s885539431,p02973,u427681070,1563730490,C++,C++14 (GCC 5.4.1),cpp,Accepted,48.0,1024.0,658,
s825086979,p02973,u021034020,1563730164,C++,C++14 (GCC 5.4.1),cpp,Accepted,91.0,22912.0,1183,
s514639494,p02973,u521389909,1563730144,C++,C++14 (GCC 5.4.1),cpp,Accepted,51.0,640.0,536,
s865889154,p02973,u215860196,1563730084,C++,C++14 (GCC 5.4.1),cpp,Accepted,7.0,640.0,899,
s049616763,p02973,u277556971,1563730061,C++,C++14 (GCC 5.4.1),cpp,Accepted,17.0,1276.0,820,
s505186636,p02973,u619458041,1563730004,Python,Python (3.4.3),py,Accepted,146.0,7276.0,547,
s613828605,p02973,u478904840,1563729936,C++,C++14 (GCC 5.4.1),cpp,Accepted,51.0,5376.0,1337,
s042171375,p02973,u284854859,1563729913,Python,PyPy3 (2.4.0),py,Accepted,804.0,89436.0,1856,
s026744227,p02973,u616217092,1563729803,Python,Python (3.4.3),py,Accepted,410.0,8060.0,406,
s969998955,p02973,u226155577,1563729730,Python,Python (3.4.3),py,Accepted,127.0,14092.0,183,
s537783567,p02973,u698176039,1563729638,Python,Python (3.4.3),py,Accepted,121.0,8600.0,318,
s231638287,p02973,u698883164,1563729315,C++,C++14 (GCC 5.4.1),cpp,Accepted,77.0,5760.0,941,
s087131969,p02973,u777892860,1563729019,C++,C++14 (GCC 5.4.1),cpp,Accepted,16.0,1276.0,397,
s521089649,p02973,u784751818,1563728665,C++,C++14 (GCC 5.4.1),cpp,Accepted,47.0,1276.0,571,
s348108648,p02973,u822169805,1563728628,C++,C++14 (GCC 5.4.1),cpp,Accepted,83.0,4992.0,446,
s758726349,p02973,u353797797,1563728446,Python,Python (3.4.3),py,Accepted,116.0,6900.0,274,
s444192706,p02973,u337054478,1563728344,C++,C++14 (GCC 5.4.1),cpp,Accepted,31.0,5376.0,1104,
s455269992,p02973,u215860196,1563728312,C++,C++14 (GCC 5.4.1),cpp,Accepted,15.0,640.0,547,
s703149593,p02973,u498141549,1563727934,C++,C++14 (GCC 5.4.1),cpp,Accepted,47.0,1400.0,937,
s961044648,p02973,u226155577,1563727829,Python,Python (3.4.3),py,Accepted,1290.0,28188.0,641,
s792535169,p02973,u226155577,1563727778,Python,PyPy3 (2.4.0),py,Accepted,381.0,72180.0,641,
s545768324,p02973,u855186748,1563727694,C++,C++14 (GCC 5.4.1),cpp,Accepted,77.0,5760.0,447,
s016453896,p02973,u855186748,1563727653,C++,C++14 (GCC 5.4.1),cpp,Accepted,82.0,5760.0,461,
s142915014,p02973,u784751818,1563727529,C++,C++14 (GCC 5.4.1),cpp,Accepted,47.0,1024.0,574,
s751603269,p02973,u644070128,1563727349,C++,C++14 (GCC 5.4.1),cpp,Accepted,48.0,1792.0,6239,
s053589942,p02973,u297590902,1563726811,C++,C++14 (GCC 5.4.1),cpp,Accepted,18.0,1792.0,1009,
s917463379,p02973,u226155577,1563726792,C++,C++14 (GCC 5.4.1),cpp,Accepted,96.0,4992.0,1606,
s858125628,p02973,u287132915,1563726783,Python,Python (3.4.3),py,Accepted,223.0,8592.0,457,
s545163279,p02973,u587172770,1563726752,C++,C++14 (Clang 3.8.0),cpp,Accepted,145.0,4992.0,374,
s050445334,p02973,u062459048,1563726658,Python,Python (3.4.3),py,Accepted,272.0,8092.0,279,
s401666756,p02973,u427344224,1563726600,C++,C++14 (GCC 5.4.1),cpp,Accepted,723.0,1276.0,1096,
s939912980,p02973,u043445068,1563726503,C++,C++14 (GCC 5.4.1),cpp,Accepted,13.0,2560.0,671,
s780818248,p02973,u163320134,1563726484,Python,Python (3.4.3),py,Accepted,239.0,11036.0,246,
s472213340,p02973,u427344224,1563726447,C++,C++14 (GCC 5.4.1),cpp,Accepted,18.0,1024.0,1086,
s967798275,p02973,u151137534,1563726032,C++,C++14 (GCC 5.4.1),cpp,Accepted,73.0,8448.0,2440,
s687490048,p02973,u163320134,1563725901,Python,Python (3.4.3),py,Accepted,237.0,11032.0,240,
s779208476,p02973,u498141549,1563725383,C++,C++14 (GCC 5.4.1),cpp,Accepted,47.0,1400.0,954,
s371241540,p02973,u334624175,1563725369,C++,C++14 (Clang 3.8.0),cpp,Accepted,150.0,4992.0,587,
s002249892,p02973,u534772498,1563725337,C++,C++14 (GCC 5.4.1),cpp,Accepted,16.0,896.0,346,
s060458477,p02973,u228295160,1563724855,C++,C++14 (GCC 5.4.1),cpp,Accepted,19.0,1408.0,2383,
s368817899,p02973,u422592877,1563724629,C++,C++14 (GCC 5.4.1),cpp,Accepted,64.0,1024.0,434,
s331412386,p02973,u052247353,1563724388,C++,C++14 (GCC 5.4.1),cpp,Accepted,755.0,1276.0,528,
s169589817,p02973,u108625888,1563724295,C++,C++14 (GCC 5.4.1),cpp,Accepted,52.0,5376.0,836,
s494354009,p02973,u909643606,1563724228,Python,PyPy3 (2.4.0),py,Accepted,556.0,55896.0,318,
s240280464,p02973,u578538067,1563724155,C++,C++14 (GCC 5.4.1),cpp,Accepted,48.0,5376.0,572,
s942214388,p02973,u818518063,1563724135,C++,C++14 (GCC 5.4.1),cpp,Accepted,50.0,5376.0,549,
s936370825,p02973,u676323984,1563723678,C++,C++14 (GCC 5.4.1),cpp,Accepted,71.0,2560.0,1862,
s407940890,p02973,u378737811,1563723311,C++,C++14 (GCC 5.4.1),cpp,Accepted,50.0,892.0,413,
s875293192,p02973,u297590902,1563723198,C++,C++14 (GCC 5.4.1),cpp,Accepted,54.0,4992.0,898,
s363377359,p02973,u676323984,1563723174,C++,C++14 (GCC 5.4.1),cpp,Accepted,73.0,2560.0,1865,
s711544007,p02973,u378737811,1563722781,C++,C++14 (GCC 5.4.1),cpp,Accepted,47.0,640.0,359,
s831576783,p02973,u866107333,1563722444,C++,C++14 (GCC 5.4.1),cpp,Accepted,16.0,2548.0,1857,
s843141845,p02973,u869282786,1563722324,C++,C++14 (GCC 5.4.1),cpp,Accepted,16.0,2168.0,690,
s462265867,p02973,u106804623,1563722309,C++,C++14 (GCC 5.4.1),cpp,Accepted,49.0,5760.0,3053,
s992931295,p02973,u564902833,1563722127,Python,Python (3.4.3),py,Accepted,236.0,7848.0,246,
s714422703,p02973,u297590902,1563721897,C++,C++14 (GCC 5.4.1),cpp,Accepted,18.0,1792.0,970,
s118150782,p02973,u317711717,1563721342,C++,C++14 (GCC 5.4.1),cpp,Accepted,74.0,4992.0,398,
s004406711,p02973,u585670083,1563721260,C++,C++14 (GCC 5.4.1),cpp,Accepted,85.0,4992.0,465,
s709104632,p02973,u154289649,1563721088,C++,C++14 (GCC 5.4.1),cpp,Accepted,47.0,640.0,333,
s165819298,p02973,u386107860,1563720865,C++,C++14 (GCC 5.4.1),cpp,Accepted,63.0,1276.0,707,
s949211527,p02973,u105959367,1563720739,C++,C++14 (GCC 5.4.1),cpp,Accepted,47.0,1024.0,676,
s593245126,p02973,u413013968,1563720643,C++,C++14 (GCC 5.4.1),cpp,Accepted,59.0,1024.0,425,
s278597724,p02973,u839397805,1563720615,C++,C++14 (GCC 5.4.1),cpp,Accepted,63.0,5760.0,1010,
s737459427,p02973,u820628270,1563720562,C++,C++14 (GCC 5.4.1),cpp,Accepted,17.0,1024.0,607,
s800639241,p02973,u225695406,1563720223,C++,C++14 (GCC 5.4.1),cpp,Accepted,48.0,1276.0,595,
s288926279,p02973,u225695406,1563720168,C++,C++14 (GCC 5.4.1),cpp,Accepted,48.0,1276.0,595,
s806877247,p02973,u317711717,1563720136,C++,C++14 (GCC 5.4.1),cpp,Accepted,1518.0,1400.0,457,
s106141462,p02973,u676323984,1563720030,C++,C++14 (GCC 5.4.1),cpp,Accepted,51.0,4992.0,515,
s552644955,p02973,u317711717,1563719948,C++,C++14 (GCC 5.4.1),cpp,Accepted,1511.0,2168.0,476,
s421289676,p02973,u937063359,1563719866,C++,C++14 (GCC 5.4.1),cpp,Accepted,40.0,1912.0,900,
s470642418,p02973,u057079894,1563719158,C++,C++14 (GCC 5.4.1),cpp,Accepted,46.0,1276.0,620,
s132137750,p02973,u154289649,1563719144,C++,C++14 (GCC 5.4.1),cpp,Accepted,47.0,640.0,331,
s106908454,p02973,u756388720,1563719022,C++,C++14 (GCC 5.4.1),cpp,Accepted,50.0,1152.0,412,
s798956358,p02973,u100442348,1563718835,C++,C++14 (GCC 5.4.1),cpp,Accepted,47.0,5376.0,1072,
s648951032,p02973,u324303263,1563718568,C++,C++14 (GCC 5.4.1),cpp,Accepted,48.0,5376.0,1394,
s278468339,p02973,u914135866,1563718127,C++,C++14 (GCC 5.4.1),cpp,Accepted,58.0,1024.0,503,
s329544467,p02973,u378737811,1563718111,C++,C++14 (GCC 5.4.1),cpp,Accepted,47.0,1276.0,479,
s871847331,p02973,u914135866,1563717996,C++,C++14 (GCC 5.4.1),cpp,Accepted,59.0,1024.0,505,
s958923025,p02973,u259053514,1563717127,C++,C++14 (GCC 5.4.1),cpp,Accepted,49.0,1792.0,1411,
s498072431,p02973,u714300041,1563716782,Python,PyPy3 (2.4.0),py,Accepted,539.0,57560.0,686,
s971802838,p02973,u019780057,1563716768,C++,C++14 (GCC 5.4.1),cpp,Accepted,48.0,5376.0,1125,
s015824856,p02973,u218842729,1563716755,C++,C++14 (GCC 5.4.1),cpp,Accepted,47.0,5760.0,848,
s614100809,p02973,u154289649,1563716737,C++,C++14 (GCC 5.4.1),cpp,Accepted,48.0,1024.0,426,
s087453383,p02973,u249156825,1563716630,C++,C++14 (GCC 5.4.1),cpp,Accepted,827.0,1276.0,586,
s720354448,p02973,u607865971,1563716524,Python,PyPy3 (2.4.0),py,Accepted,548.0,54872.0,847,
s283964914,p02973,u313766957,1563716335,C++,C++14 (GCC 5.4.1),cpp,Accepted,80.0,4864.0,651,
s259227149,p02973,u543954314,1563716187,Python,Python (3.4.3),py,Accepted,461.0,7836.0,365,
s729290887,p02973,u608258653,1563715691,C++,C++14 (GCC 5.4.1),cpp,Accepted,67.0,5376.0,664,
s023828324,p02973,u259053514,1563715475,C++,C++14 (GCC 5.4.1),cpp,Accepted,48.0,1024.0,1407,
s538538394,p02973,u280425786,1563715212,C++,C++14 (GCC 5.4.1),cpp,Accepted,58.0,1024.0,862,
s702894727,p02973,u615887401,1563715161,C++,C++14 (GCC 5.4.1),cpp,Accepted,51.0,1908.0,554,
s556395348,p02973,u463243362,1563714958,C++,C++14 (GCC 5.4.1),cpp,Accepted,47.0,1024.0,512,
s605547068,p02973,u259053514,1563714289,C++,C++14 (GCC 5.4.1),cpp,Accepted,76.0,5376.0,1448,
s616199293,p02973,u110464018,1563713938,C++,C++14 (GCC 5.4.1),cpp,Accepted,78.0,5376.0,1028,
s346649980,p02973,u608258653,1563713707,C++,C++14 (GCC 5.4.1),cpp,Accepted,70.0,5376.0,682,
s403512147,p02973,u608258653,1563713364,C++,C++14 (GCC 5.4.1),cpp,Accepted,67.0,5376.0,688,
s321671094,p02973,u985519195,1563711720,Python,PyPy3 (2.4.0),py,Accepted,568.0,50904.0,258,
s098109355,p02973,u282189113,1563711119,C++,C++14 (GCC 5.4.1),cpp,Accepted,18.0,1024.0,393,
s221992440,p02973,u136378781,1563710765,C++,C++14 (GCC 5.4.1),cpp,Accepted,46.0,2168.0,575,
s815004022,p02973,u136378781,1563710238,C++,C++14 (GCC 5.4.1),cpp,Accepted,54.0,1792.0,525,
s844561183,p02973,u025592199,1563709884,C++,C++14 (GCC 5.4.1),cpp,Accepted,47.0,1928.0,552,
s531733783,p02973,u136378781,1563709190,C++,C++14 (GCC 5.4.1),cpp,Accepted,76.0,5760.0,535,
s153893914,p02973,u725463576,1563708214,C++,C++14 (GCC 5.4.1),cpp,Accepted,94.0,9856.0,2953,
s640875645,p02973,u550574002,1563706181,Python,Python (3.4.3),py,Accepted,252.0,7840.0,215,
s669940461,p02973,u465699806,1563705361,C++,C++14 (GCC 5.4.1),cpp,Accepted,81.0,5760.0,5258,
s811611051,p02973,u976045235,1563705310,C++,C++14 (GCC 5.4.1),cpp,Accepted,48.0,4992.0,2534,
s185157356,p02973,u147305315,1563704881,Python,Python (3.4.3),py,Accepted,531.0,8060.0,276,
s903429147,p02973,u465699806,1563703233,C++,C++14 (GCC 5.4.1),cpp,Accepted,70.0,5760.0,5385,
s373294657,p02973,u992394626,1563701996,C++,C++14 (GCC 5.4.1),cpp,Accepted,71.0,5748.0,2134,
s368754675,p02973,u381394404,1563700846,C++,C++14 (GCC 5.4.1),cpp,Accepted,41.0,5376.0,1653,
s352826174,p02973,u996003680,1563700815,C++,C++14 (GCC 5.4.1),cpp,Accepted,48.0,5760.0,4517,
s615267051,p02973,u013582910,1563700528,Python,Python (3.4.3),py,Accepted,123.0,14092.0,342,
s779232306,p02973,u996003680,1563700203,C++,C++14 (GCC 5.4.1),cpp,Accepted,41.0,5760.0,4579,
s003112555,p02973,u558299650,1563699188,C++,C++14 (GCC 5.4.1),cpp,Accepted,15.0,1276.0,5655,
s303880634,p02973,u701389155,1563698229,C++,C++14 (GCC 5.4.1),cpp,Accepted,41.0,4992.0,2282,
s724764937,p02973,u335830383,1563698120,Python,PyPy3 (2.4.0),py,Accepted,567.0,55256.0,495,
s131405144,p02973,u706567482,1563695487,C++,C++14 (GCC 5.4.1),cpp,Accepted,70.0,5760.0,445,
s719196428,p02973,u145429281,1563694844,C++,C++14 (GCC 5.4.1),cpp,Accepted,44.0,4992.0,378,
s035236836,p02973,u594129396,1563694386,C++,C++14 (GCC 5.4.1),cpp,Accepted,70.0,5376.0,453,
s944376119,p02973,u995792346,1563694027,C++,C++14 (GCC 5.4.1),cpp,Accepted,61.0,640.0,657,
s180237993,p02973,u729133443,1563693562,Python,Python (3.4.3),py,Accepted,95.0,7840.0,103,
s949397217,p02973,u900937596,1563693288,C++,C++14 (GCC 5.4.1),cpp,Accepted,79.0,4992.0,524,
s190640795,p02973,u060072952,1563693002,C++,C++14 (GCC 5.4.1),cpp,Accepted,15.0,1400.0,913,
s026010135,p02973,u699193595,1563692816,C++,C++14 (GCC 5.4.1),cpp,Accepted,80.0,4992.0,524,
s329011425,p02973,u020959776,1563692776,Python,PyPy3 (2.4.0),py,Accepted,716.0,49496.0,802,
s156560809,p02973,u920343454,1563692416,C++,C++14 (GCC 5.4.1),cpp,Accepted,72.0,5376.0,1101,
s806809003,p02973,u373958718,1563692349,C++,C++14 (GCC 5.4.1),cpp,Accepted,17.0,2560.0,3710,
s620556519,p02973,u136378781,1563692097,C++,C++14 (GCC 5.4.1),cpp,Accepted,46.0,2168.0,1636,
s474868597,p02973,u898651494,1563691725,C++,C++14 (GCC 5.4.1),cpp,Accepted,77.0,5760.0,3358,
s677518987,p02973,u136378781,1563691722,C++,C++14 (GCC 5.4.1),cpp,Accepted,49.0,1792.0,1573,
s963377983,p02973,u613686673,1563691541,C++,C++14 (GCC 5.4.1),cpp,Accepted,40.0,5376.0,679,
s771766613,p02973,u945359338,1563691238,C++,C++14 (GCC 5.4.1),cpp,Accepted,47.0,1024.0,374,
s924519976,p02973,u585670083,1563691201,C++,C++14 (GCC 5.4.1),cpp,Accepted,49.0,640.0,456,
s123250099,p02973,u064246852,1563690661,Python,Python (3.4.3),py,Accepted,246.0,7840.0,357,
s077508692,p02973,u652057333,1563690557,C++,C++14 (GCC 5.4.1),cpp,Accepted,1480.0,1400.0,1642,
s619018370,p02973,u047398677,1563690518,C++,C++14 (GCC 5.4.1),cpp,Accepted,48.0,1528.0,1120,
s960726345,p02973,u874996917,1563690334,C++,C++14 (GCC 5.4.1),cpp,Accepted,17.0,1792.0,721,
s532011371,p02973,u316170293,1563690180,C++,C++14 (GCC 5.4.1),cpp,Accepted,18.0,1024.0,922,
s499817247,p02973,u297287410,1563689940,C++,C++14 (GCC 5.4.1),cpp,Accepted,74.0,5376.0,735,
s596115731,p02973,u242679311,1563689886,C++,C++14 (GCC 5.4.1),cpp,Accepted,49.0,4992.0,885,
s785672339,p02973,u242679311,1563689782,C++,C++14 (GCC 5.4.1),cpp,Accepted,84.0,4992.0,836,
s122084739,p02973,u393512980,1563689720,Python,PyPy3 (2.4.0),py,Accepted,606.0,53336.0,310,
s741377730,p02973,u433219236,1563689708,C++,C++14 (Clang 3.8.0),cpp,Accepted,118.0,1656.0,529,
s740864206,p02973,u983918956,1563689699,Python,Python (3.4.3),py,Accepted,253.0,8608.0,326,
s172179333,p02973,u497422208,1563689594,C++,C++14 (GCC 5.4.1),cpp,Accepted,49.0,5760.0,622,
s064346968,p02973,u652057333,1563689558,C++,C++14 (GCC 5.4.1),cpp,Accepted,1481.0,1400.0,1636,
s543794527,p02973,u572532976,1563689524,C++,C++14 (GCC 5.4.1),cpp,Accepted,49.0,1024.0,347,
s909657729,p02973,u299377613,1563689463,C++,C++14 (GCC 5.4.1),cpp,Accepted,17.0,640.0,1430,
s969421006,p02973,u520841950,1563689448,C++,C++14 (GCC 5.4.1),cpp,Accepted,47.0,1792.0,603,
s554671063,p02973,u497422208,1563689234,C++,C++14 (GCC 5.4.1),cpp,Accepted,50.0,5760.0,686,
s560953723,p02973,u305824645,1563689233,C++,C++14 (GCC 5.4.1),cpp,Accepted,19.0,1792.0,441,
s225973665,p02973,u760131647,1563688966,C++,C++14 (GCC 5.4.1),cpp,Accepted,50.0,5760.0,769,
s218890397,p02973,u572532976,1563688922,C++,C++14 (GCC 5.4.1),cpp,Accepted,17.0,1024.0,421,
s700215153,p02973,u136378781,1563688877,C++,C++14 (GCC 5.4.1),cpp,Accepted,77.0,5760.0,1612,
s578625765,p02973,u136378781,1563688718,C++,C++14 (GCC 5.4.1),cpp,Accepted,77.0,5760.0,1689,
s230924363,p02973,u620084012,1563688686,Python,PyPy3 (2.4.0),py,Accepted,300.0,43612.0,366,
s047138501,p02973,u010294879,1563688685,C++,C++14 (GCC 5.4.1),cpp,Accepted,52.0,4992.0,426,
s016636632,p02973,u317715099,1563688673,C++,C++14 (GCC 5.4.1),cpp,Accepted,276.0,1656.0,1381,
s737830119,p02973,u497422208,1563688532,C++,C++14 (GCC 5.4.1),cpp,Accepted,50.0,5760.0,646,
s787582348,p02973,u572532976,1563688514,C++,C++14 (GCC 5.4.1),cpp,Accepted,15.0,1024.0,766,
s678072719,p02973,u026483463,1563688486,C++,C++14 (GCC 5.4.1),cpp,Accepted,17.0,1792.0,820,
s783190670,p02973,u497422208,1563688430,C++,C++14 (GCC 5.4.1),cpp,Accepted,50.0,5760.0,701,
s363107614,p02973,u270681687,1563688316,C++,C++14 (GCC 5.4.1),cpp,Accepted,77.0,5376.0,657,
s656794057,p02973,u191874006,1563688028,Python,PyPy3 (2.4.0),py,Accepted,561.0,54872.0,493,
s453419025,p02973,u887080340,1563687775,Python,Python (3.4.3),py,Accepted,250.0,8604.0,231,
s286419659,p02973,u423846157,1563687673,C++,C++14 (GCC 5.4.1),cpp,Accepted,46.0,4992.0,2342,
s034099355,p02973,u276796245,1563687389,C++,C++14 (GCC 5.4.1),cpp,Accepted,1504.0,2168.0,1388,
s100551218,p02973,u066910956,1563687239,C++,C++14 (GCC 5.4.1),cpp,Accepted,47.0,4992.0,2200,
s689535605,p02973,u379629675,1563687207,C++,C++14 (GCC 5.4.1),cpp,Accepted,17.0,1408.0,5917,
s465472389,p02973,u276796245,1563686979,C++,C++14 (GCC 5.4.1),cpp,Accepted,1508.0,2168.0,1375,
s639673962,p02973,u045643130,1563686892,C++,C++14 (GCC 5.4.1),cpp,Accepted,18.0,1792.0,842,
s557785138,p02973,u729133443,1563686828,Python,PyPy3 (2.4.0),py,Accepted,310.0,48604.0,103,
s256118333,p02973,u182321487,1563686808,C++,C++14 (GCC 5.4.1),cpp,Accepted,77.0,6528.0,1306,
s376038387,p02973,u729133443,1563686795,Python,Python (3.4.3),py,Accepted,96.0,7836.0,103,
s820434536,p02973,u902577051,1563686726,Python,PyPy3 (2.4.0),py,Accepted,548.0,49440.0,278,
s617285947,p02973,u082040341,1563686726,C++,C++14 (GCC 5.4.1),cpp,Accepted,17.0,1276.0,627,
s998122810,p02973,u374531474,1563686725,Python,Python (3.4.3),py,Accepted,526.0,8060.0,294,
s652009761,p02973,u201234972,1563686660,Python,Python (3.4.3),py,Accepted,626.0,8060.0,520,
s339318888,p02973,u201234972,1563686644,Python,PyPy3 (2.4.0),py,Accepted,557.0,47068.0,520,
s337353567,p02973,u201234972,1563686462,Python,PyPy3 (2.4.0),py,Accepted,819.0,54212.0,521,
s015550330,p02973,u201234972,1563686226,Python,Python (3.4.3),py,Accepted,736.0,8060.0,521,
s856792475,p02973,u744314647,1563686164,C++,C++14 (GCC 5.4.1),cpp,Accepted,19.0,640.0,838,
s636335002,p02973,u497422208,1563686074,C++,C++14 (GCC 5.4.1),cpp,Accepted,49.0,5760.0,600,
s073311118,p02973,u088893297,1563685971,C++,C++14 (GCC 5.4.1),cpp,Accepted,83.0,4992.0,862,
s949543629,p02973,u951403082,1563685931,C++,C++14 (GCC 5.4.1),cpp,Accepted,80.0,4992.0,554,
s733579818,p02973,u088893297,1563685812,C++,C++14 (GCC 5.4.1),cpp,Accepted,80.0,5760.0,895,
s356998536,p02973,u259335077,1563685772,C++,C++14 (GCC 5.4.1),cpp,Accepted,47.0,4992.0,2436,
s236922861,p02973,u270681687,1563685754,C++,C++14 (GCC 5.4.1),cpp,Accepted,48.0,1024.0,795,
s603849519,p02973,u431001086,1563685555,C++,C++14 (GCC 5.4.1),cpp,Accepted,45.0,5368.0,937,
s982592331,p02973,u590868011,1563685501,C++,C++14 (GCC 5.4.1),cpp,Accepted,49.0,1792.0,480,
s688041690,p02973,u196909697,1563685370,Python,Python (3.4.3),py,Accepted,633.0,7796.0,666,
s310216259,p02973,u507128581,1563685364,C++,C++14 (GCC 5.4.1),cpp,Accepted,81.0,5760.0,1030,
s349648713,p02973,u279196402,1563685344,C++,C++14 (GCC 5.4.1),cpp,Accepted,17.0,1408.0,5003,
s574556887,p02973,u618697411,1563685300,C++,C++14 (GCC 5.4.1),cpp,Accepted,46.0,2168.0,723,
s682896835,p02973,u286955577,1563685165,Python,Python (3.4.3),py,Accepted,250.0,8060.0,283,
s895567420,p02973,u611562941,1563685135,Python,Python (3.4.3),py,Accepted,237.0,7848.0,251,
s585976261,p02973,u394759653,1563685065,C++,C++14 (GCC 5.4.1),cpp,Accepted,756.0,1276.0,424,
s811211632,p02973,u983918956,1563685017,Python,Python (3.4.3),py,Accepted,506.0,8064.0,306,
s909405257,p02973,u545368057,1563684969,Python,Python (3.4.3),py,Accepted,278.0,7068.0,392,
s251676415,p02973,u045643130,1563684964,C++,C++14 (GCC 5.4.1),cpp,Accepted,17.0,2168.0,1678,
s116201587,p02973,u577926181,1563684920,C++,C++14 (GCC 5.4.1),cpp,Accepted,46.0,2168.0,421,
s169634950,p02973,u196574642,1563684911,C++,C++14 (GCC 5.4.1),cpp,Accepted,80.0,5748.0,729,
s191187533,p02973,u545368057,1563684804,Python,PyPy3 (2.4.0),py,Accepted,589.0,51108.0,449,
s335708903,p02973,u017271745,1563684699,C++,C++14 (GCC 5.4.1),cpp,Accepted,49.0,5760.0,674,
s315443915,p02973,u916695530,1563684696,C++,C++14 (GCC 5.4.1),cpp,Accepted,53.0,4992.0,341,
s664086376,p02973,u525227429,1563684685,Python,Python (3.4.3),py,Accepted,291.0,8060.0,295,
s123774135,p02973,u336721073,1563684673,C++,C++14 (GCC 5.4.1),cpp,Accepted,47.0,2168.0,596,
s868794425,p02973,u115306811,1563684619,C++,C++14 (GCC 5.4.1),cpp,Accepted,49.0,1024.0,795,
s520164157,p02973,u077025302,1563684570,C++,C++14 (GCC 5.4.1),cpp,Accepted,48.0,4864.0,2308,
s116820637,p02973,u223646582,1563684524,Python,Python (3.4.3),py,Accepted,265.0,8828.0,376,
s169271476,p02973,u017271745,1563684498,C++,C++14 (GCC 5.4.1),cpp,Accepted,49.0,5760.0,1002,
s190631281,p02973,u640997954,1563684220,C++,C++14 (GCC 5.4.1),cpp,Accepted,47.0,5748.0,2508,
s081454588,p02973,u983918956,1563684210,Python,Python (3.4.3),py,Accepted,502.0,8828.0,333,
s343458544,p02973,u652057333,1563684164,Python,Python (3.4.3),py,Accepted,274.0,8060.0,340,
s576592845,p02973,u551351897,1563684144,C++,C++14 (GCC 5.4.1),cpp,Accepted,48.0,4992.0,1024,
s868893839,p02973,u762603420,1563684129,C++,C++14 (GCC 5.4.1),cpp,Accepted,48.0,1024.0,370,
s039140164,p02973,u899645116,1563684067,C++,C++14 (GCC 5.4.1),cpp,Accepted,49.0,2296.0,1437,
s233424380,p02973,u320491590,1563683919,C++,C++14 (GCC 5.4.1),cpp,Accepted,79.0,5376.0,671,
s631004800,p02973,u270681687,1563683908,Python,Python (3.4.3),py,Accepted,273.0,8068.0,335,
s368912697,p02973,u090097090,1563683873,C++,C++14 (GCC 5.4.1),cpp,Accepted,17.0,1408.0,787,
s337901197,p02973,u508192873,1563683827,C++,C++14 (GCC 5.4.1),cpp,Accepted,47.0,640.0,387,
s272906846,p02973,u743229067,1563683779,C++,C++14 (GCC 5.4.1),cpp,Accepted,756.0,892.0,2502,
s056784667,p02973,u115306811,1563683691,C++,C++14 (GCC 5.4.1),cpp,Accepted,47.0,1024.0,851,
s243778115,p02973,u723550619,1563683648,C++,C++14 (GCC 5.4.1),cpp,Accepted,49.0,1276.0,635,
s637316395,p02973,u876875284,1563683553,C++,C++14 (GCC 5.4.1),cpp,Accepted,63.0,2176.0,1342,
s649950103,p02973,u497422208,1563683535,C++,C++14 (GCC 5.4.1),cpp,Accepted,37.0,5760.0,836,
s058297489,p02973,u030090262,1563683531,C++,C++14 (GCC 5.4.1),cpp,Accepted,47.0,1276.0,672,
s842701509,p02973,u105210954,1563683361,Python,PyPy3 (2.4.0),py,Accepted,733.0,53592.0,362,
s970848263,p02973,u559765551,1563683358,C++,C++14 (GCC 5.4.1),cpp,Accepted,49.0,640.0,350,
s644326589,p02973,u983918956,1563683219,Python,Python (3.4.3),py,Accepted,238.0,8604.0,233,
s988170726,p02973,u983918956,1563683124,Python,Python (3.4.3),py,Accepted,239.0,8616.0,282,
s040207549,p02973,u916743460,1563683108,C++,C++14 (GCC 5.4.1),cpp,Accepted,18.0,1024.0,642,
s321267725,p02973,u186967328,1563683018,Python,Python (3.4.3),py,Accepted,541.0,7096.0,902,
s164138924,p02973,u241367243,1563682988,C++,C++14 (GCC 5.4.1),cpp,Accepted,46.0,5760.0,1144,
s589631507,p02973,u684901760,1563682941,C++,C++14 (GCC 5.4.1),cpp,Accepted,50.0,5376.0,420,
s805735576,p02973,u807772568,1563682918,Python,PyPy3 (2.4.0),py,Accepted,557.0,56280.0,871,
s817841334,p02973,u766684188,1563682904,Python,PyPy3 (2.4.0),py,Accepted,298.0,47836.0,254,
s131855873,p02973,u047150897,1563682895,C++,C++14 (GCC 5.4.1),cpp,Accepted,64.0,1024.0,434,
s213174205,p02973,u766684188,1563682888,Python,PyPy3 (2.4.0),py,Accepted,310.0,45532.0,207,
s514678403,p02973,u330661451,1563682842,C++,C++14 (GCC 5.4.1),cpp,Accepted,15.0,892.0,690,
s546835557,p02973,u110996038,1563682805,C++,C++14 (GCC 5.4.1),cpp,Accepted,65.0,1024.0,1227,
s162789658,p02973,u392423112,1563682779,C++,C++14 (GCC 5.4.1),cpp,Accepted,44.0,1920.0,444,
s368697599,p02973,u457283867,1563682752,C++,C++14 (GCC 5.4.1),cpp,Accepted,46.0,1276.0,421,
s334795759,p02973,u994988729,1563682737,Python,Python (3.4.3),py,Accepted,529.0,8060.0,264,
s203049087,p02973,u017271745,1563682678,C++,C++14 (GCC 5.4.1),cpp,Accepted,34.0,5760.0,905,
s348441643,p02973,u713868333,1563682645,Python,PyPy3 (2.4.0),py,Accepted,617.0,47448.0,336,
s259456146,p02973,u326609687,1563682608,Python,Python (3.4.3),py,Accepted,351.0,15236.0,257,
s129612700,p02973,u280114218,1563682555,C++,C++14 (GCC 5.4.1),cpp,Accepted,55.0,1920.0,478,
s300885108,p02973,u823558173,1563682548,C++,C++14 (GCC 5.4.1),cpp,Accepted,16.0,896.0,308,
s337712832,p02973,u382880969,1563682547,C++,C++14 (GCC 5.4.1),cpp,Accepted,17.0,1024.0,476,
s874735063,p02973,u664394831,1563682515,C++,C++14 (GCC 5.4.1),cpp,Accepted,17.0,1024.0,659,
s803526188,p02973,u324314500,1563682510,Python,PyPy3 (2.4.0),py,Accepted,428.0,54236.0,1009,
s100953535,p02973,u048773461,1563682481,C++,C++14 (GCC 5.4.1),cpp,Accepted,50.0,892.0,446,
s887236757,p02973,u382880969,1563682463,C++,C++14 (GCC 5.4.1),cpp,Accepted,17.0,1024.0,913,
s107170958,p02973,u521272340,1563682397,C++,C++14 (GCC 5.4.1),cpp,Accepted,51.0,1024.0,3277,
s859550567,p02973,u205197147,1563682397,C++,C++14 (GCC 5.4.1),cpp,Accepted,79.0,4992.0,517,
s998706529,p02973,u858107870,1563682352,C++,C++14 (GCC 5.4.1),cpp,Accepted,51.0,4992.0,1150,
s550670811,p02973,u457283867,1563682344,C++,C++14 (GCC 5.4.1),cpp,Accepted,50.0,1152.0,396,
s460087645,p02973,u928536113,1563682281,C++,C++14 (GCC 5.4.1),cpp,Accepted,77.0,5376.0,447,
s869759747,p02973,u692176965,1563682242,C++,C++14 (GCC 5.4.1),cpp,Accepted,47.0,1276.0,637,
s597999532,p02973,u108617242,1563682226,Python,Python (3.4.3),py,Accepted,253.0,7864.0,690,
s668236923,p02973,u391331433,1563682134,C++,C++14 (GCC 5.4.1),cpp,Accepted,80.0,5376.0,1830,
s047746686,p02973,u301893320,1563682063,C++,C++14 (GCC 5.4.1),cpp,Accepted,48.0,1660.0,831,
s203582433,p02973,u323120917,1563681987,C++,C++14 (GCC 5.4.1),cpp,Accepted,761.0,1400.0,1164,
s664874795,p02973,u069450081,1563681980,C++,C++14 (GCC 5.4.1),cpp,Accepted,16.0,1024.0,1336,
s275963667,p02973,u048773461,1563681965,C++,C++14 (GCC 5.4.1),cpp,Accepted,46.0,892.0,563,
s123730942,p02973,u356157756,1563681890,C++,C++14 (GCC 5.4.1),cpp,Accepted,49.0,6012.0,507,
s733225206,p02973,u640248738,1563681889,C++,C++14 (GCC 5.4.1),cpp,Accepted,17.0,1792.0,733,
s659400789,p02973,u275726913,1563681880,C++,C++14 (GCC 5.4.1),cpp,Accepted,78.0,5376.0,756,
s877987047,p02973,u163320134,1563681858,Python,Python (3.4.3),py,Accepted,234.0,7840.0,299,
s843055512,p02973,u640248738,1563681831,C++,C++14 (GCC 5.4.1),cpp,Accepted,48.0,1792.0,667,
s021831626,p02973,u813102292,1563681812,Python,Python (3.4.3),py,Accepted,226.0,11880.0,283,
s877625034,p02973,u698883164,1563681682,C++,C++14 (GCC 5.4.1),cpp,Accepted,49.0,2560.0,991,
s951284177,p02973,u305138467,1563681652,C++,C++14 (GCC 5.4.1),cpp,Accepted,77.0,5760.0,975,
s302859257,p02973,u049420296,1563681647,C++,C++14 (GCC 5.4.1),cpp,Accepted,51.0,5376.0,1359,
s814636498,p02973,u445107674,1563681644,C++,C++14 (GCC 5.4.1),cpp,Accepted,47.0,1276.0,1001,
s130533726,p02973,u756659922,1563681603,C++,C++14 (GCC 5.4.1),cpp,Accepted,214.0,1276.0,591,
s799046792,p02973,u543657872,1563681570,C++,C++14 (GCC 5.4.1),cpp,Accepted,83.0,5376.0,414,
s868169791,p02973,u482794458,1563681375,C++,C++14 (GCC 5.4.1),cpp,Accepted,23.0,8448.0,690,
s122436952,p02973,u788341294,1563681354,C++,C++14 (GCC 5.4.1),cpp,Accepted,52.0,6388.0,2430,
s560022219,p02973,u330661451,1563681207,C++,C++14 (GCC 5.4.1),cpp,Accepted,16.0,892.0,765,
s419090281,p02973,u996252264,1563681171,C++,C++14 (GCC 5.4.1),cpp,Accepted,49.0,1024.0,895,
s065065093,p02973,u017293723,1563681164,C++,C++14 (GCC 5.4.1),cpp,Accepted,52.0,7220.0,1039,
s319176847,p02973,u500297289,1563681147,Python,Python (3.4.3),py,Accepted,238.0,7840.0,255,
s402254274,p02973,u553623615,1563681031,C++,C++14 (GCC 5.4.1),cpp,Accepted,17.0,1276.0,541,
s245599514,p02973,u524343822,1563681026,C++,C++14 (GCC 5.4.1),cpp,Accepted,15.0,1276.0,2558,
s913741280,p02973,u917282863,1563680986,C++,C++14 (GCC 5.4.1),cpp,Accepted,77.0,5376.0,809,
s464630812,p02973,u087917227,1563680985,Python,PyPy3 (2.4.0),py,Accepted,675.0,53864.0,236,
s995903572,p02973,u628047647,1563680904,C++,C++14 (GCC 5.4.1),cpp,Accepted,49.0,1024.0,1376,
s895506824,p02973,u755830696,1563680801,C++,C++14 (GCC 5.4.1),cpp,Accepted,34.0,5368.0,507,
s967187202,p02973,u993688697,1563680734,C++,C++14 (GCC 5.4.1),cpp,Accepted,47.0,5376.0,821,
s355385190,p02973,u900727536,1563680675,C++,C++14 (GCC 5.4.1),cpp,Accepted,18.0,1024.0,6616,
s745870736,p02973,u492373312,1563680659,C++,C++14 (GCC 5.4.1),cpp,Accepted,17.0,1792.0,1223,
s680856292,p02973,u203033720,1563680596,C++,C++14 (GCC 5.4.1),cpp,Accepted,49.0,2560.0,13546,
s601064016,p02973,u798129018,1563680592,Python,Python (3.4.3),py,Accepted,271.0,7708.0,446,
s397145180,p02973,u255768548,1563680567,C++,C++14 (GCC 5.4.1),cpp,Accepted,49.0,2560.0,625,
s356355694,p02973,u785897267,1563680565,C++,C++ (GCC 5.4.1),cpp,Accepted,770.0,1276.0,450,
s559657559,p02973,u771524928,1563680550,C++,C++14 (GCC 5.4.1),cpp,Accepted,18.0,1792.0,2614,
s708026027,p02973,u492373312,1563680542,C++,C++14 (GCC 5.4.1),cpp,Accepted,18.0,1792.0,1250,
s498069962,p02973,u909051929,1563680482,C++,C++14 (GCC 5.4.1),cpp,Accepted,77.0,5376.0,1197,
s010923961,p02973,u141378465,1563680451,C++,C++14 (GCC 5.4.1),cpp,Accepted,1047.0,53048.0,5101,
s748692303,p02973,u528720841,1563680450,C++,C++14 (GCC 5.4.1),cpp,Accepted,52.0,1024.0,1633,
s261513375,p02973,u141378465,1563680411,C++,C++14 (GCC 5.4.1),cpp,Accepted,1054.0,54796.0,5101,
s588521825,p02973,u982594421,1563680377,Python,Python (3.4.3),py,Accepted,240.0,7900.0,226,
s082733053,p02973,u702482655,1563680274,C++,C++14 (GCC 5.4.1),cpp,Accepted,48.0,1908.0,502,
s348251440,p02973,u327162583,1563680265,Python,Python (3.4.3),py,Accepted,248.0,7840.0,258,
s874128672,p02973,u101264341,1563680258,C++,C++14 (GCC 5.4.1),cpp,Accepted,47.0,1792.0,772,
s288849052,p02973,u858107870,1563680213,C++,C++14 (GCC 5.4.1),cpp,Accepted,51.0,4992.0,1184,
s689390859,p02973,u986276444,1563680207,C++,C++14 (GCC 5.4.1),cpp,Accepted,16.0,2168.0,932,
s761489779,p02973,u633051991,1563680092,Python,PyPy3 (2.4.0),py,Accepted,598.0,52952.0,245,
s466609591,p02973,u391731808,1563680044,Python,PyPy3 (2.4.0),py,Accepted,565.0,57944.0,445,
s167675970,p02973,u942774736,1563680044,C++,C++14 (GCC 5.4.1),cpp,Accepted,109.0,6528.0,463,
s533461479,p02973,u583354994,1563680024,C++,C++14 (GCC 5.4.1),cpp,Accepted,19.0,1408.0,621,
s841535730,p02973,u487476769,1563680020,C++,C++14 (GCC 5.4.1),cpp,Accepted,17.0,1908.0,5517,
s610275921,p02973,u018687385,1563680016,C++,C++14 (GCC 5.4.1),cpp,Accepted,48.0,5760.0,2708,
s791748662,p02973,u074445770,1563679992,C++,C++14 (GCC 5.4.1),cpp,Accepted,78.0,5376.0,1593,
s223375385,p02973,u284045566,1563679963,C++,C++14 (GCC 5.4.1),cpp,Accepted,58.0,1792.0,941,
s298349233,p02973,u203022424,1563679935,Python,Python (3.4.3),py,Accepted,529.0,8080.0,314,
s752707422,p02973,u867860100,1563679895,C++,C++14 (GCC 5.4.1),cpp,Accepted,16.0,1276.0,1820,
s226917052,p02973,u874644572,1563679891,C++,C++14 (GCC 5.4.1),cpp,Accepted,81.0,5760.0,342,
s068230604,p02973,u453299312,1563679810,C++,C++14 (GCC 5.4.1),cpp,Accepted,79.0,4992.0,400,
s751785060,p02973,u811817592,1563679777,Python,Python (3.4.3),py,Accepted,241.0,11032.0,365,
s522600109,p02973,u186294233,1563679758,C++,C++14 (Clang 3.8.0),cpp,Accepted,115.0,3316.0,1504,
s303238886,p02973,u942774736,1563679717,C++,C++14 (GCC 5.4.1),cpp,Accepted,108.0,7296.0,548,
s625484877,p02973,u815863697,1563679681,C++,C++14 (GCC 5.4.1),cpp,Accepted,63.0,1276.0,864,
s110211866,p02973,u073549161,1563679638,Python,Python (3.4.3),py,Accepted,260.0,11036.0,349,
s123826197,p02973,u136509923,1563679636,C++,C++14 (GCC 5.4.1),cpp,Accepted,19.0,1024.0,814,
s801765313,p02973,u233588813,1563679570,Python,Python (3.4.3),py,Accepted,588.0,7836.0,310,
s654928411,p02973,u614734359,1563679553,Python,Python (3.4.3),py,Accepted,250.0,11036.0,227,
s650419946,p02973,u148079233,1563679547,Python,Python (3.4.3),py,Accepted,239.0,8604.0,289,
s884415802,p02973,u303037478,1563679496,Python,Python (3.4.3),py,Accepted,240.0,7844.0,229,
s535642550,p02973,u465638326,1563679477,C++,C++14 (GCC 5.4.1),cpp,Accepted,79.0,5376.0,462,
s375996694,p02973,u157322125,1563679418,C++,C++14 (GCC 5.4.1),cpp,Accepted,52.0,1024.0,622,
s783310396,p02973,u832039789,1563679343,Python,PyPy3 (2.4.0),py,Accepted,670.0,51800.0,118,
s675683024,p02973,u904833081,1563679339,C++,C++14 (GCC 5.4.1),cpp,Accepted,46.0,892.0,410,
s411547396,p02973,u608258653,1563679305,C++,C++14 (GCC 5.4.1),cpp,Accepted,83.0,5376.0,705,
s939302220,p02973,u389388073,1563679263,C++,C++14 (GCC 5.4.1),cpp,Accepted,43.0,5376.0,702,
s264664371,p02973,u278557567,1563679251,C++,C++14 (GCC 5.4.1),cpp,Accepted,15.0,892.0,636,
s506207906,p02973,u970467607,1563679233,C++,C++14 (GCC 5.4.1),cpp,Accepted,379.0,4352.0,2908,
s687923268,p02973,u876335718,1563679216,C++,C++14 (GCC 5.4.1),cpp,Accepted,43.0,5760.0,1529,
s506490527,p02973,u819160021,1563679212,C++,C++14 (GCC 5.4.1),cpp,Accepted,756.0,1276.0,461,
s387968471,p02973,u306142032,1563679190,C++,C++14 (GCC 5.4.1),cpp,Accepted,48.0,5760.0,1996,
s929750826,p02973,u543167400,1563679172,C++,C++14 (GCC 5.4.1),cpp,Accepted,16.0,1024.0,2082,
s993402449,p02973,u832039789,1563679169,Python,PyPy3 (2.4.0),py,Accepted,632.0,51800.0,123,
s635530787,p02973,u231552419,1563679102,Python,PyPy3 (2.4.0),py,Accepted,778.0,57816.0,469,
s731945654,p02973,u269804060,1563679093,C++,C++14 (GCC 5.4.1),cpp,Accepted,83.0,5748.0,514,
s567024158,p02973,u277114826,1563679017,C++,C++14 (GCC 5.4.1),cpp,Accepted,41.0,5376.0,577,
s742612386,p02973,u832039789,1563678989,Python,PyPy3 (2.4.0),py,Accepted,642.0,52824.0,129,
s070337468,p02973,u874644572,1563678951,C++,C++14 (GCC 5.4.1),cpp,Accepted,81.0,5760.0,329,
s241315750,p02973,u003873207,1563678944,C++,C++14 (Clang 3.8.0),cpp,Accepted,145.0,5248.0,2193,
s795753766,p02973,u335038698,1563678929,Python,Python (3.4.3),py,Accepted,314.0,7284.0,316,
s421370621,p02973,u925940521,1563678909,C++,C++14 (GCC 5.4.1),cpp,Accepted,43.0,5760.0,8109,
s776759344,p02973,u372786981,1563678906,C++,C++14 (GCC 5.4.1),cpp,Accepted,47.0,2168.0,612,
s573065316,p02973,u344412812,1563678890,C++,C++14 (GCC 5.4.1),cpp,Accepted,46.0,892.0,348,
s101206215,p02973,u655723240,1563678885,C++,C++14 (GCC 5.4.1),cpp,Accepted,47.0,4992.0,2924,
s699318704,p02973,u196497077,1563678868,C++,C++14 (GCC 5.4.1),cpp,Accepted,78.0,4992.0,828,
s601749391,p02973,u480806810,1563678804,C++,C++14 (GCC 5.4.1),cpp,Accepted,50.0,1276.0,532,
s979292920,p02973,u317754719,1563678803,C++,C++14 (GCC 5.4.1),cpp,Accepted,81.0,5760.0,1235,
s702714292,p02973,u073549161,1563678777,Python,PyPy3 (2.4.0),py,Accepted,640.0,53336.0,646,
s503325953,p02973,u254456372,1563678776,C++,C++14 (GCC 5.4.1),cpp,Accepted,71.0,7296.0,69578,
s659945676,p02973,u970467607,1563678759,C++,C++14 (GCC 5.4.1),cpp,Accepted,132.0,9856.0,762,
s330570911,p02973,u449221649,1563678758,C++,C++14 (GCC 5.4.1),cpp,Accepted,16.0,1144.0,888,
s663040857,p02973,u317754719,1563678740,C++,C++14 (GCC 5.4.1),cpp,Accepted,81.0,5760.0,1219,
s198500779,p02973,u028681952,1563678736,C++,C++14 (GCC 5.4.1),cpp,Accepted,62.0,1792.0,373,
s245346905,p02973,u844789719,1563678722,Python,Python (3.4.3),py,Accepted,252.0,7964.0,235,
s231633841,p02973,u147305315,1563678679,C++,C++14 (GCC 5.4.1),cpp,Accepted,803.0,1024.0,861,
s201439195,p02973,u589330060,1563678668,C++,C++14 (GCC 5.4.1),cpp,Accepted,77.0,5760.0,1302,
s400836677,p02973,u032723841,1563678667,C++,C++14 (GCC 5.4.1),cpp,Accepted,81.0,5376.0,452,
s246207325,p02973,u569367525,1563678657,C++,C++14 (Clang 3.8.0),cpp,Accepted,147.0,7280.0,1241,
s225443145,p02973,u693569496,1563678653,C++,C++14 (GCC 5.4.1),cpp,Accepted,78.0,5760.0,1334,
s914635722,p02973,u432194969,1563678645,C++,C++14 (GCC 5.4.1),cpp,Accepted,1485.0,1400.0,1113,
s008762649,p02973,u807919574,1563678638,C++,C++14 (GCC 5.4.1),cpp,Accepted,33.0,1528.0,1023,
s331561824,p02973,u653187094,1563678632,C++,C++14 (GCC 5.4.1),cpp,Accepted,129.0,1792.0,1904,
s561902710,p02973,u748990779,1563678589,C++,C++14 (GCC 5.4.1),cpp,Accepted,16.0,892.0,310,
s854004145,p02973,u895595177,1563678584,C++,C++14 (GCC 5.4.1),cpp,Accepted,18.0,1792.0,1137,
s267966124,p02973,u467423063,1563678576,C++,C++14 (GCC 5.4.1),cpp,Accepted,47.0,5376.0,1258,
s244766037,p02973,u704064492,1563678531,C++,C++14 (GCC 5.4.1),cpp,Accepted,826.0,1276.0,514,
s228572027,p02973,u279493135,1563678531,Python,Python (3.4.3),py,Accepted,169.0,10660.0,825,
s420700802,p02973,u783861517,1563678492,C++,C++14 (GCC 5.4.1),cpp,Accepted,50.0,5760.0,2230,
s353950996,p02973,u899645116,1563678463,C++,C++14 (GCC 5.4.1),cpp,Accepted,77.0,5376.0,998,
s860341765,p02973,u332201621,1563678440,C++,C++14 (GCC 5.4.1),cpp,Accepted,47.0,5760.0,2394,
s879915690,p02973,u970449052,1563678425,Python,Python (3.4.3),py,Accepted,244.0,8604.0,206,
s409532442,p02973,u737210825,1563678420,C++,C++14 (GCC 5.4.1),cpp,Accepted,756.0,1276.0,1734,
s383219107,p02973,u828752458,1563678393,C++,C++14 (GCC 5.4.1),cpp,Accepted,82.0,5376.0,1106,
s881555462,p02973,u017167684,1563678368,C++,C++14 (GCC 5.4.1),cpp,Accepted,49.0,1792.0,392,
s859244279,p02973,u802977614,1563678348,Python,Python (3.4.3),py,Accepted,252.0,7840.0,228,
s406441054,p02973,u065079240,1563678344,Python,Python (3.4.3),py,Accepted,283.0,8052.0,305,
s486412801,p02973,u385617244,1563678331,C++,C++14 (GCC 5.4.1),cpp,Accepted,49.0,1792.0,1125,
s820598231,p02973,u970449052,1563678324,Python,PyPy3 (2.4.0),py,Accepted,560.0,55640.0,206,
s119428711,p02973,u917198146,1563678306,C++,C++14 (GCC 5.4.1),cpp,Accepted,881.0,512.0,662,
s248923873,p02973,u070600790,1563678295,C++,C++14 (GCC 5.4.1),cpp,Accepted,1482.0,2296.0,934,
s476374091,p02973,u385617244,1563678294,C++,C++14 (GCC 5.4.1),cpp,Accepted,51.0,1920.0,2148,
s618289007,p02973,u037844054,1563678285,C++,C++14 (GCC 5.4.1),cpp,Accepted,16.0,3572.0,1905,
s986317818,p02973,u696356788,1563678277,C++,C++14 (GCC 5.4.1),cpp,Accepted,17.0,1024.0,680,
s040875819,p02973,u482544950,1563678274,C++,C++14 (Clang 3.8.0),cpp,Accepted,141.0,5376.0,1102,
s298786775,p02973,u785208802,1563678255,C++,C++14 (GCC 5.4.1),cpp,Accepted,16.0,892.0,312,
s726627076,p02973,u915934642,1563678246,C++,C++14 (Clang 3.8.0),cpp,Accepted,133.0,7604.0,1377,
s525712428,p02973,u838609976,1563678188,C++,C++14 (GCC 5.4.1),cpp,Accepted,36.0,5376.0,637,
s850951736,p02973,u268793453,1563678176,C++,C++14 (GCC 5.4.1),cpp,Accepted,78.0,5376.0,358,
s867152975,p02973,u512803662,1563678133,C++,C++ (GCC 5.4.1),cpp,Accepted,16.0,512.0,487,
s828301716,p02973,u268516119,1563678125,Python,PyPy3 (2.4.0),py,Accepted,324.0,46940.0,1054,
s253045640,p02973,u203927510,1563678116,C++,C++14 (GCC 5.4.1),cpp,Accepted,82.0,5376.0,380,
s830602694,p02973,u337381518,1563678057,C++,C++14 (GCC 5.4.1),cpp,Accepted,18.0,892.0,311,
s779762704,p02973,u327466606,1563677981,Python,PyPy3 (2.4.0),py,Accepted,930.0,72664.0,2729,
s451948944,p02973,u369752439,1563677966,Python,Python (3.4.3),py,Accepted,445.0,7072.0,623,
s954442873,p02973,u342051078,1563677933,C++,C++14 (GCC 5.4.1),cpp,Accepted,65.0,640.0,1224,
s616025958,p02973,u863044225,1563677898,C++,C++14 (GCC 5.4.1),cpp,Accepted,38.0,5760.0,1111,
s209897134,p02973,u704064492,1563677887,C++,C++14 (GCC 5.4.1),cpp,Accepted,830.0,2168.0,562,
s712630375,p02973,u722535636,1563677875,Python,PyPy3 (2.4.0),py,Accepted,299.0,49116.0,218,
s114624684,p02973,u724732842,1563677840,C++,C++14 (GCC 5.4.1),cpp,Accepted,1504.0,2168.0,1330,
s701316409,p02973,u606045429,1563677814,Python,Python (3.4.3),py,Accepted,223.0,8600.0,198,
s730640800,p02973,u623954643,1563677794,C++,C++14 (GCC 5.4.1),cpp,Accepted,78.0,5248.0,517,
s832116723,p02973,u041513069,1563677764,C++,C++14 (GCC 5.4.1),cpp,Accepted,50.0,2168.0,467,
s276836630,p02973,u193815565,1563677745,C++,C++14 (GCC 5.4.1),cpp,Accepted,76.0,5760.0,419,
s544011223,p02973,u629015299,1563677741,C++,C++14 (GCC 5.4.1),cpp,Accepted,50.0,2208.0,12379,
s266665789,p02973,u416773418,1563677734,Python,Python (3.4.3),py,Accepted,254.0,11036.0,216,
s582858583,p02973,u581122825,1563677731,C++,C++14 (GCC 5.4.1),cpp,Accepted,44.0,1660.0,827,
s176628211,p02973,u341536636,1563677725,C++,C++14 (GCC 5.4.1),cpp,Accepted,59.0,892.0,618,
s476905913,p02973,u730528778,1563677718,C++,C++14 (GCC 5.4.1),cpp,Accepted,34.0,1408.0,890,
s493888261,p02973,u433665020,1563677688,C++,C++14 (GCC 5.4.1),cpp,Accepted,52.0,4992.0,395,
s037355982,p02973,u544732702,1563677669,C++,C++14 (GCC 5.4.1),cpp,Accepted,49.0,5376.0,1332,
s763917848,p02973,u372786981,1563677664,C++,C++14 (GCC 5.4.1),cpp,Accepted,46.0,1792.0,1026,
s190303208,p02973,u752498851,1563677663,C++,C++14 (GCC 5.4.1),cpp,Accepted,48.0,5760.0,2407,
s832719377,p02973,u545094859,1563677661,C++,C++14 (GCC 5.4.1),cpp,Accepted,70.0,5240.0,1294,
s256225809,p02973,u320491590,1563677660,C++,C++14 (GCC 5.4.1),cpp,Accepted,46.0,1276.0,755,
s789529587,p02973,u606045429,1563677655,Python,PyPy3 (2.4.0),py,Accepted,551.0,56880.0,225,
s257186270,p02973,u381714561,1563677649,C++,C++14 (GCC 5.4.1),cpp,Accepted,40.0,5376.0,998,
s542854054,p02973,u170201762,1563677646,Python,PyPy3 (2.4.0),py,Accepted,539.0,54360.0,277,
s530664334,p02973,u517152997,1563677615,Python,Python (3.4.3),py,Accepted,234.0,7844.0,400,
s215164567,p02973,u051338799,1563677599,C++,C++14 (GCC 5.4.1),cpp,Accepted,49.0,5376.0,894,
s844973010,p02973,u517152997,1563677573,Python,PyPy3 (2.4.0),py,Accepted,604.0,52440.0,400,
s870796096,p02973,u229148215,1563677572,C++,C++14 (GCC 5.4.1),cpp,Accepted,826.0,1276.0,970,
s222167093,p02973,u154756110,1563677549,C++,C++14 (GCC 5.4.1),cpp,Accepted,52.0,1024.0,373,
s546405849,p02973,u542111796,1563677531,C++,C++14 (GCC 5.4.1),cpp,Accepted,79.0,4992.0,431,
s826307365,p02973,u373586461,1563677524,C++,C++14 (Clang 3.8.0),cpp,Accepted,1575.0,2548.0,1869,
s135802656,p02973,u812179198,1563677494,C++,C++14 (GCC 5.4.1),cpp,Accepted,52.0,4992.0,493,
s654563851,p02973,u623819879,1563677464,Python,PyPy3 (2.4.0),py,Accepted,693.0,53664.0,830,
s705549579,p02973,u545411641,1563677457,C++,C++14 (GCC 5.4.1),cpp,Accepted,1472.0,2168.0,6581,
s799561791,p02973,u810724221,1563677457,C++,C++14 (GCC 5.4.1),cpp,Accepted,48.0,5760.0,2812,
s822713662,p02973,u795058347,1563677420,C++,C++14 (GCC 5.4.1),cpp,Accepted,47.0,4992.0,4200,
s301339389,p02973,u969190727,1563677383,Python,Python (3.4.3),py,Accepted,248.0,7960.0,228,
s491213803,p02973,u057109575,1563677336,Python,PyPy3 (2.4.0),py,Accepted,283.0,71356.0,202,
s955145711,p02973,u757738907,1563677312,C++,C++14 (GCC 5.4.1),cpp,Accepted,1516.0,2168.0,3577,
s145769815,p02973,u586624341,1563677296,C++,C++14 (GCC 5.4.1),cpp,Accepted,17.0,1276.0,566,
s678327165,p02973,u586567203,1563677293,C++,C++14 (GCC 5.4.1),cpp,Accepted,47.0,892.0,566,
s423945302,p02973,u476674388,1563677285,Python,Python (3.4.3),py,Accepted,126.0,8776.0,805,
s269130045,p02973,u164474813,1563677262,C++,C++14 (GCC 5.4.1),cpp,Accepted,48.0,1024.0,837,
s187470331,p02973,u265206075,1563677249,C++,C++14 (GCC 5.4.1),cpp,Accepted,18.0,9216.0,649,
s751967546,p02973,u780122303,1563677232,C++,C++14 (GCC 5.4.1),cpp,Accepted,49.0,2560.0,1252,
s923614160,p02973,u647903912,1563677202,C++,C++14 (GCC 5.4.1),cpp,Accepted,67.0,4864.0,617,
s483769046,p02973,u066337396,1563677191,Python,Python (2.7.6),py,Accepted,719.0,7552.0,390,
s703425745,p02973,u858748695,1563677187,C++,C++14 (GCC 5.4.1),cpp,Accepted,48.0,1152.0,383,
s790069187,p02973,u014376901,1563677185,C++,C++14 (GCC 5.4.1),cpp,Accepted,52.0,4992.0,349,
s602551449,p02973,u922299738,1563677152,C++,C++14 (GCC 5.4.1),cpp,Accepted,49.0,1144.0,2225,
s728942090,p02973,u839953699,1563677122,C++,C++14 (GCC 5.4.1),cpp,Accepted,46.0,4992.0,389,
s898903786,p02973,u404075706,1563677107,C++,C++14 (GCC 5.4.1),cpp,Accepted,209.0,1024.0,1530,
s447012895,p02973,u081421133,1563677099,C++,C++14 (GCC 5.4.1),cpp,Accepted,48.0,4992.0,5208,
s185398130,p02973,u940054416,1563677090,C++,C++14 (GCC 5.4.1),cpp,Accepted,85.0,5376.0,458,
s777529574,p02973,u455757400,1563677056,C++,C++14 (GCC 5.4.1),cpp,Accepted,78.0,4992.0,414,
s291768278,p02973,u580792230,1563677042,C++,C++14 (GCC 5.4.1),cpp,Accepted,16.0,512.0,486,
s716572276,p02973,u443010331,1563677018,C++,C++14 (GCC 5.4.1),cpp,Accepted,77.0,5376.0,2111,
s644252730,p02973,u443010331,1563677010,C++,C++14 (GCC 5.4.1),cpp,Accepted,78.0,5248.0,2219,
s601774213,p02973,u107639613,1563676989,Python,Python (3.4.3),py,Accepted,636.0,7052.0,771,
s337397306,p02973,u455757400,1563676987,C++,C++14 (GCC 5.4.1),cpp,Accepted,69.0,4992.0,468,
s172833838,p02973,u677267454,1563676966,Python,Python (3.4.3),py,Accepted,540.0,8060.0,304,
s352762703,p02973,u031593168,1563676966,C++,C++14 (GCC 5.4.1),cpp,Accepted,81.0,5376.0,958,
s243651220,p02973,u104741254,1563676909,C++,C++14 (GCC 5.4.1),cpp,Accepted,827.0,2168.0,699,
s590671910,p02973,u091650402,1563676872,C++,C++14 (GCC 5.4.1),cpp,Accepted,47.0,4992.0,2661,
s973363391,p02973,u888717396,1563676868,C++,C++14 (GCC 5.4.1),cpp,Accepted,49.0,1792.0,1195,
s625198623,p02973,u013628553,1563676863,C++,C++14 (GCC 5.4.1),cpp,Accepted,50.0,4992.0,784,
s547563465,p02973,u050865477,1563676855,C++,C++14 (GCC 5.4.1),cpp,Accepted,15.0,2168.0,3258,
s233107940,p02973,u231685196,1563676852,C++,C++14 (GCC 5.4.1),cpp,Accepted,49.0,1792.0,2444,
s606749124,p02973,u816587940,1563676842,C++,C++14 (Clang 3.8.0),cpp,Accepted,136.0,5376.0,941,
s399666460,p02973,u637771514,1563676837,C++,C++14 (GCC 5.4.1),cpp,Accepted,15.0,2168.0,713,
s821822485,p02973,u285660186,1563676828,C++,C++14 (GCC 5.4.1),cpp,Accepted,49.0,1024.0,1082,
s730214356,p02973,u848504701,1563676815,C++,C++14 (GCC 5.4.1),cpp,Accepted,44.0,1024.0,971,
s142124596,p02973,u060044912,1563676812,C++,C++14 (GCC 5.4.1),cpp,Accepted,53.0,4992.0,515,
s852778852,p02973,u280512618,1563676798,Python,Python (3.4.3),py,Accepted,234.0,8604.0,340,
s440866973,p02973,u254766083,1563676797,C++,C++14 (GCC 5.4.1),cpp,Accepted,830.0,1400.0,1047,
s720462142,p02973,u088893297,1563676793,C++,C++14 (GCC 5.4.1),cpp,Accepted,171.0,13312.0,979,
s636007923,p02973,u816587940,1563676793,C++,C++14 (Clang 3.8.0),cpp,Accepted,135.0,5376.0,941,
s214089436,p02973,u423779789,1563676789,C++,C++14 (GCC 5.4.1),cpp,Accepted,15.0,892.0,647,
s662845373,p02973,u041739330,1563676781,C++,C++14 (GCC 5.4.1),cpp,Accepted,48.0,892.0,1314,
s035255968,p02973,u869644355,1563676749,C++,C++14 (GCC 5.4.1),cpp,Accepted,80.0,4992.0,364,
s479908891,p02973,u013629972,1563676737,Python,PyPy3 (2.4.0),py,Accepted,445.0,76760.0,1475,
s263686873,p02973,u599785147,1563676732,C++,C++14 (GCC 5.4.1),cpp,Accepted,48.0,5760.0,586,
s866015219,p02973,u359747364,1563676731,C++,C++14 (GCC 5.4.1),cpp,Accepted,79.0,5760.0,1464,
s302828759,p02973,u751730221,1563676718,C++,C++14 (GCC 5.4.1),cpp,Accepted,51.0,5376.0,871,
s954929951,p02973,u058297300,1563676712,C++,C++14 (GCC 5.4.1),cpp,Accepted,83.0,5760.0,1776,
s229487332,p02973,u679906187,1563676705,C++,C++14 (GCC 5.4.1),cpp,Accepted,85.0,5760.0,993,
s608568829,p02973,u784283302,1563676701,C++,C++14 (GCC 5.4.1),cpp,Accepted,47.0,892.0,436,
s632736008,p02973,u450922311,1563676698,C++,C++14 (GCC 5.4.1),cpp,Accepted,577.0,1024.0,495,
s230698091,p02973,u426462442,1563676697,C++,C++14 (GCC 5.4.1),cpp,Accepted,17.0,640.0,650,
s308187248,p02973,u234165819,1563676689,C++,C++14 (GCC 5.4.1),cpp,Accepted,17.0,1024.0,426,
s434652423,p02973,u843135954,1563676669,C++,C++14 (GCC 5.4.1),cpp,Accepted,79.0,5376.0,1385,
s103182640,p02973,u624923345,1563676669,C++,C++14 (GCC 5.4.1),cpp,Accepted,1732.0,1276.0,815,
s461709511,p02973,u392319141,1563676669,Python,Python (3.4.3),py,Accepted,283.0,7068.0,304,
s162838085,p02973,u545206239,1563676659,C++,C++14 (GCC 5.4.1),cpp,Accepted,755.0,1276.0,891,
s563771101,p02973,u060938295,1563676659,Python,PyPy3 (2.4.0),py,Accepted,575.0,56152.0,608,
s628910185,p02973,u477561431,1563676651,C++,C++14 (GCC 5.4.1),cpp,Accepted,84.0,4992.0,637,
s276712807,p02973,u236433947,1563676650,C++,C++14 (GCC 5.4.1),cpp,Accepted,52.0,1792.0,1864,
s076067171,p02973,u115306811,1563676634,C++,C++14 (GCC 5.4.1),cpp,Accepted,1492.0,1024.0,699,
s179924478,p02973,u206663422,1563676626,C++,C++14 (GCC 5.4.1),cpp,Accepted,19.0,2168.0,1541,
s277905268,p02973,u352419075,1563676620,C++,C++14 (GCC 5.4.1),cpp,Accepted,49.0,5760.0,5886,
s164211904,p02973,u839109522,1563676620,C++,C++14 (GCC 5.4.1),cpp,Accepted,48.0,5760.0,648,
s322195236,p02973,u993121447,1563676620,C++,C++14 (GCC 5.4.1),cpp,Accepted,96.0,5760.0,838,
s919456839,p02973,u803848678,1563676615,Python,PyPy3 (2.4.0),py,Accepted,463.0,62548.0,1377,
s405169898,p02973,u569367525,1563676615,C++,C++14 (Clang 3.8.0),cpp,Accepted,160.0,7912.0,1236,
s748159661,p02973,u094186324,1563676613,C++,C++14 (GCC 5.4.1),cpp,Accepted,35.0,5376.0,2232,
s193525423,p02973,u133686401,1563676610,C++,C++14 (GCC 5.4.1),cpp,Accepted,18.0,9216.0,649,
s907166795,p02973,u335038698,1563676598,Python,PyPy3 (2.4.0),py,Accepted,607.0,47616.0,294,
s563144235,p02973,u741397536,1563676597,Python,PyPy3 (2.4.0),py,Accepted,854.0,56164.0,547,
s019849957,p02973,u850491413,1563676594,Python,PyPy3 (2.4.0),py,Accepted,299.0,48860.0,363,
s620877285,p02973,u930970950,1563676589,C++,C++14 (GCC 5.4.1),cpp,Accepted,47.0,5376.0,758,
s228727020,p02973,u820351940,1563676589,C++,C++14 (GCC 5.4.1),cpp,Accepted,1515.0,2168.0,2002,
s235145813,p02973,u611384918,1563676581,C++,C++14 (GCC 5.4.1),cpp,Accepted,18.0,1024.0,372,
s005976725,p02973,u746894388,1563676573,C++,C++14 (GCC 5.4.1),cpp,Accepted,49.0,5376.0,815,
s298044818,p02973,u251847465,1563676558,C++,C++14 (GCC 5.4.1),cpp,Accepted,51.0,1400.0,1777,
s375330370,p02973,u452725238,1563676557,C++,C++14 (GCC 5.4.1),cpp,Accepted,47.0,4992.0,934,
s209123119,p02973,u808006670,1563676545,C++,C++14 (GCC 5.4.1),cpp,Accepted,78.0,5376.0,1054,
s147342204,p02973,u172369914,1563676543,C++,C++14 (GCC 5.4.1),cpp,Accepted,1209.0,5120.0,804,
s240577401,p02973,u147913071,1563676540,C++,C++14 (GCC 5.4.1),cpp,Accepted,78.0,6528.0,612,
s498068211,p02973,u210455745,1563676530,C++,C++14 (GCC 5.4.1),cpp,Accepted,17.0,4608.0,372,
s741394412,p02973,u835297884,1563676530,C++,C++14 (GCC 5.4.1),cpp,Accepted,126.0,11776.0,645,
s457857744,p02973,u150376070,1563676523,C++,C++14 (GCC 5.4.1),cpp,Accepted,35.0,5760.0,2790,
s622984210,p02973,u194894739,1563676518,Python,PyPy3 (2.4.0),py,Accepted,569.0,53720.0,339,
s700674440,p02973,u752288070,1563676510,C++,C++14 (GCC 5.4.1),cpp,Accepted,827.0,1660.0,1348,
s227252679,p02973,u047816928,1563676504,Python,Python (3.4.3),py,Accepted,242.0,8604.0,187,
s844172962,p02973,u076512055,1563676486,Python,Python (3.4.3),py,Accepted,934.0,18428.0,373,
s803033915,p02973,u942230032,1563676484,C++,C++14 (GCC 5.4.1),cpp,Accepted,1510.0,2168.0,923,
s847932966,p02973,u810724221,1563676482,C++,C++14 (GCC 5.4.1),cpp,Accepted,71.0,7168.0,2990,
s346223837,p02973,u159335277,1563676471,C++,C++14 (GCC 5.4.1),cpp,Accepted,80.0,4992.0,394,
s988461880,p02973,u582848517,1563676468,C++,C++14 (GCC 5.4.1),cpp,Accepted,46.0,1400.0,805,
s407794831,p02973,u292813062,1563676468,C++,C++14 (GCC 5.4.1),cpp,Accepted,16.0,1408.0,2465,
s142256112,p02973,u683667873,1563676456,C++,C++14 (GCC 5.4.1),cpp,Accepted,806.0,892.0,868,
s011831396,p02973,u505025747,1563676443,C++,C++14 (GCC 5.4.1),cpp,Accepted,46.0,1400.0,1039,
s819779039,p02973,u496407619,1563676437,C++,C++14 (GCC 5.4.1),cpp,Accepted,1220.0,640.0,994,
s103646395,p02973,u709604332,1563676434,C++,C++14 (GCC 5.4.1),cpp,Accepted,49.0,1792.0,1170,
s709022297,p02973,u729417323,1563676430,Python,Python (3.4.3),py,Accepted,403.0,7836.0,476,
s671879819,p02973,u388697579,1563676426,C++,C++14 (GCC 5.4.1),cpp,Accepted,45.0,2168.0,772,
s173556874,p02973,u127473726,1563676405,C++,C++14 (GCC 5.4.1),cpp,Accepted,52.0,5632.0,1166,
s957961462,p02973,u426683236,1563676404,C++,C++14 (GCC 5.4.1),cpp,Accepted,1478.0,1400.0,4028,
s092469311,p02973,u167931717,1563676389,C++,C++14 (GCC 5.4.1),cpp,Accepted,51.0,2548.0,17408,
s879683607,p02973,u992875223,1563676388,C++,C++14 (GCC 5.4.1),cpp,Accepted,78.0,5376.0,492,
s827641824,p02973,u393512980,1563676387,Python,PyPy3 (2.4.0),py,Accepted,1464.0,98008.0,845,
s118101988,p02973,u047897414,1563676386,C++,C++14 (GCC 5.4.1),cpp,Accepted,16.0,1276.0,990,
s515854457,p02973,u222252114,1563676380,C++,C++14 (GCC 5.4.1),cpp,Accepted,59.0,7040.0,550,
s536193983,p02973,u067983636,1563676375,Python,Python (3.4.3),py,Accepted,121.0,7196.0,261,
s625770680,p02973,u352248517,1563676374,C++,C++14 (GCC 5.4.1),cpp,Accepted,101.0,7168.0,427,
s422355903,p02973,u355335354,1563676338,C++,C++14 (GCC 5.4.1),cpp,Accepted,17.0,1792.0,3522,
s899878126,p02973,u432897824,1563676332,C++,C++14 (GCC 5.4.1),cpp,Accepted,1706.0,6912.0,1361,
s003780472,p02973,u881541634,1563676318,C++,C++14 (Clang 3.8.0),cpp,Accepted,115.0,1920.0,2273,
s887089407,p02973,u516922881,1563676318,C++,C++14 (GCC 5.4.1),cpp,Accepted,64.0,892.0,784,
s419449589,p02973,u721980697,1563676312,C++,C++14 (GCC 5.4.1),cpp,Accepted,46.0,1408.0,680,
s250749713,p02973,u389009751,1563676310,C++,C++14 (GCC 5.4.1),cpp,Accepted,78.0,5376.0,555,
s863403638,p02973,u038054933,1563676297,C++,C++14 (GCC 5.4.1),cpp,Accepted,1508.0,2548.0,384,
s909895318,p02973,u606815111,1563676292,C++,C++14 (GCC 5.4.1),cpp,Accepted,17.0,4608.0,373,
s676000031,p02973,u391731808,1563676292,Python,PyPy3 (2.4.0),py,Accepted,545.0,55256.0,320,
s601066624,p02973,u097408484,1563676291,C++,C++14 (GCC 5.4.1),cpp,Accepted,725.0,1276.0,2949,
s950186401,p02973,u402269345,1563676287,C++,C++14 (GCC 5.4.1),cpp,Accepted,80.0,5760.0,610,
s996612744,p02973,u726814417,1563676282,C++,C++14 (GCC 5.4.1),cpp,Accepted,17.0,1024.0,426,
s753995060,p02973,u195524909,1563676276,C++,C++14 (GCC 5.4.1),cpp,Accepted,44.0,2432.0,1189,
s761768707,p02973,u143509139,1563676272,C++,C++14 (GCC 5.4.1),cpp,Accepted,78.0,5376.0,1219,
s390121622,p02973,u216374186,1563676266,C++,C++14 (GCC 5.4.1),cpp,Accepted,1519.0,1400.0,1094,
s280586907,p02973,u526603504,1563676258,Python,Python (3.4.3),py,Accepted,508.0,8828.0,282,
s910457588,p02973,u780465569,1563676249,Python,PyPy3 (2.4.0),py,Accepted,312.0,47452.0,632,
s746015500,p02973,u756036193,1563676228,C++,C++14 (GCC 5.4.1),cpp,Accepted,61.0,1024.0,381,
s548415713,p02973,u508729896,1563676227,C++,C++14 (GCC 5.4.1),cpp,Accepted,49.0,1024.0,675,
s596081233,p02973,u046432236,1563676207,Python,Python (3.4.3),py,Accepted,258.0,7080.0,333,
s158191341,p02973,u572665222,1563676201,C++,C++14 (GCC 5.4.1),cpp,Accepted,49.0,1792.0,524,
s111078387,p02973,u031514160,1563676191,C++,C++14 (GCC 5.4.1),cpp,Accepted,27.0,39296.0,2265,
s326819938,p02973,u164300951,1563676185,C++,C++14 (GCC 5.4.1),cpp,Accepted,50.0,5376.0,2371,
s069465905,p02973,u114362525,1563676185,C++,C++14 (GCC 5.4.1),cpp,Accepted,17.0,1024.0,1224,
s885589410,p02973,u918753189,1563676172,C++,C++14 (GCC 5.4.1),cpp,Accepted,81.0,5376.0,635,
s376063964,p02973,u094155508,1563676168,C++,C++14 (Clang 3.8.0),cpp,Accepted,337.0,892.0,1245,
s220541623,p02973,u731175398,1563676164,C++,C++14 (GCC 5.4.1),cpp,Accepted,1507.0,2168.0,555,
s225081751,p02973,u853947407,1563676147,C++,C++14 (GCC 5.4.1),cpp,Accepted,68.0,4864.0,812,
s906018576,p02973,u709810602,1563676144,C++,C++14 (GCC 5.4.1),cpp,Accepted,1931.0,640.0,805,
s311110422,p02973,u073057072,1563676128,C++,C++14 (GCC 5.4.1),cpp,Accepted,1422.0,1696.0,3453,
s324167982,p02973,u872959410,1563676116,C++,C++14 (GCC 5.4.1),cpp,Accepted,123.0,7168.0,2028,
s927004749,p02973,u528005130,1563676103,C++,C++14 (GCC 5.4.1),cpp,Accepted,48.0,2548.0,711,
s227057863,p02973,u167161639,1563676095,C++,C++14 (GCC 5.4.1),cpp,Accepted,47.0,1276.0,547,
s362602859,p02973,u839188633,1563676094,Python,Python (3.4.3),py,Accepted,238.0,11036.0,216,
s875375977,p02973,u963610246,1563676090,C++,C++14 (GCC 5.4.1),cpp,Accepted,111.0,4352.0,1880,
s788494988,p02973,u317711717,1563676090,C++,C++14 (GCC 5.4.1),cpp,Accepted,1518.0,2172.0,842,
s201092214,p02973,u870262604,1563676087,Python,Python (3.4.3),py,Accepted,435.0,8092.0,1051,
s315316367,p02973,u893150517,1563676084,C++,C++14 (GCC 5.4.1),cpp,Accepted,56.0,6564.0,1781,
s088653666,p02973,u236990712,1563676080,C++,C++14 (GCC 5.4.1),cpp,Accepted,53.0,4864.0,667,
s555496589,p02973,u174434198,1563676078,C++,C++14 (GCC 5.4.1),cpp,Accepted,772.0,1276.0,940,
s232832669,p02973,u067237725,1563676078,C++,C++14 (GCC 5.4.1),cpp,Accepted,51.0,1276.0,746,
s611420911,p02973,u623954643,1563676072,C++,C++14 (GCC 5.4.1),cpp,Accepted,78.0,5248.0,521,
s546337333,p02973,u493148162,1563676066,C++,C++14 (GCC 5.4.1),cpp,Accepted,50.0,5760.0,3036,
s363613187,p02973,u403301154,1563676063,Python,Python (3.4.3),py,Accepted,155.0,7832.0,353,
s586547145,p02973,u920299620,1563676062,C++,C++14 (GCC 5.4.1),cpp,Accepted,108.0,7296.0,1649,
s089925000,p02973,u403301154,1563676056,Python,PyPy3 (2.4.0),py,Accepted,342.0,49628.0,353,
s151531855,p02973,u701131323,1563676052,C++,C++14 (GCC 5.4.1),cpp,Accepted,54.0,2560.0,1351,
s995586921,p02973,u708550576,1563676051,C++,C++14 (GCC 5.4.1),cpp,Accepted,122.0,4992.0,879,
s080565738,p02973,u756614568,1563676050,C++,C++14 (GCC 5.4.1),cpp,Accepted,59.0,1400.0,1580,
s691830044,p02973,u123276241,1563676045,C++,C++14 (GCC 5.4.1),cpp,Accepted,35.0,4992.0,1049,
s068870535,p02973,u045547337,1563676037,C++,C++14 (GCC 5.4.1),cpp,Accepted,66.0,1152.0,715,
s481173412,p02973,u337054478,1563676026,C++,C++14 (GCC 5.4.1),cpp,Accepted,36.0,6528.0,1300,
s325737854,p02973,u511965386,1563676015,Python,PyPy3 (2.4.0),py,Accepted,549.0,57560.0,310,
s363030559,p02973,u942813425,1563676013,C++,C++14 (GCC 5.4.1),cpp,Accepted,57.0,11136.0,1197,
s754229240,p02973,u338520482,1563676011,C++,C++14 (GCC 5.4.1),cpp,Accepted,901.0,1276.0,603,
s206229304,p02973,u624678037,1563676011,C++,C++14 (GCC 5.4.1),cpp,Accepted,82.0,5368.0,647,
s658672006,p02973,u192903163,1563676010,C++,C++14 (GCC 5.4.1),cpp,Accepted,107.0,11776.0,1120,
s777130588,p02973,u916695530,1563676002,C++,C++14 (GCC 5.4.1),cpp,Accepted,17.0,1024.0,1251,
s322476082,p02973,u923279197,1563676002,Python,PyPy3 (2.4.0),py,Accepted,621.0,51032.0,871,
s542714392,p02973,u048773461,1563675968,C++,C++14 (GCC 5.4.1),cpp,Accepted,757.0,1276.0,685,
s405393896,p02973,u545672909,1563675954,Python,PyPy3 (2.4.0),py,Accepted,566.0,52696.0,823,
s979944801,p02973,u480806810,1563675952,C++,C++14 (GCC 5.4.1),cpp,Accepted,49.0,1792.0,667,
s687674531,p02973,u092002408,1563675948,C++,C++14 (GCC 5.4.1),cpp,Accepted,327.0,7168.0,3499,
s092088825,p02973,u321226359,1563675937,C++,C++14 (GCC 5.4.1),cpp,Accepted,47.0,1024.0,763,
s788321846,p02973,u845284573,1563675936,C++,C++14 (GCC 5.4.1),cpp,Accepted,829.0,2548.0,629,
s798187024,p02973,u118642796,1563675933,Python,PyPy3 (2.4.0),py,Accepted,560.0,56152.0,460,
s714068766,p02973,u119714109,1563675932,Python,Python (3.4.3),py,Accepted,183.0,7896.0,392,
s415618441,p02973,u576357314,1563675926,C++,C++14 (GCC 5.4.1),cpp,Accepted,753.0,1276.0,386,
s752414487,p02973,u309112964,1563675917,C++,C++14 (GCC 5.4.1),cpp,Accepted,80.0,4992.0,506,
s726995729,p02973,u751488284,1563675910,C++,C++14 (GCC 5.4.1),cpp,Accepted,19.0,1784.0,1600,
s246463784,p02973,u384142878,1563675904,C++,C++14 (GCC 5.4.1),cpp,Accepted,47.0,5760.0,1442,
s001701812,p02973,u631914718,1563675889,Python,Python (3.4.3),py,Accepted,585.0,7284.0,274,
s521028039,p02973,u268571052,1563675867,C++,C++14 (GCC 5.4.1),cpp,Accepted,16.0,2548.0,1020,
s389186816,p02973,u427344224,1563675856,Python,Python (3.4.3),py,Accepted,452.0,8060.0,654,
s716786191,p02973,u222602662,1563675853,C++,C++14 (GCC 5.4.1),cpp,Accepted,48.0,5760.0,16721,
s862820067,p02973,u633020228,1563675844,C++,C++14 (GCC 5.4.1),cpp,Accepted,18.0,2676.0,1528,
s151460162,p02973,u242679311,1563675841,C++,C++14 (GCC 5.4.1),cpp,Accepted,85.0,5760.0,1069,
s645692025,p02973,u905270643,1563675838,C++,C++14 (GCC 5.4.1),cpp,Accepted,16.0,1024.0,689,
s435363718,p02973,u324314500,1563675830,Python,PyPy3 (2.4.0),py,Accepted,306.0,56540.0,818,
s771563406,p02973,u480831358,1563675829,C++,C++14 (GCC 5.4.1),cpp,Accepted,49.0,5248.0,837,
s357162139,p02973,u548768105,1563675828,C++,C++14 (GCC 5.4.1),cpp,Accepted,77.0,5760.0,1260,
s005929556,p02973,u335278042,1563675826,C++,C++14 (GCC 5.4.1),cpp,Accepted,1519.0,1400.0,1229,
s751122812,p02973,u425177436,1563675813,Python,Python (3.4.3),py,Accepted,239.0,11164.0,198,
s772199119,p02973,u176331779,1563675807,C++,C++14 (GCC 5.4.1),cpp,Accepted,831.0,1424.0,743,
s625431690,p02973,u740069741,1563675793,C++,C++14 (GCC 5.4.1),cpp,Accepted,17.0,4736.0,383,
s024730710,p02973,u080318287,1563675788,C++,C++14 (GCC 5.4.1),cpp,Accepted,1476.0,2168.0,1290,
s050126149,p02973,u706730549,1563675784,C++,C++14 (GCC 5.4.1),cpp,Accepted,49.0,5376.0,962,
s478430130,p02973,u906428167,1563675781,Python,PyPy3 (2.4.0),py,Accepted,787.0,117972.0,2262,
s370989948,p02973,u462461621,1563675777,C++,C++14 (GCC 5.4.1),cpp,Accepted,17.0,1024.0,604,
s790556375,p02973,u611571299,1563675761,C++,C++14 (GCC 5.4.1),cpp,Accepted,827.0,2340.0,522,
s003756905,p02973,u126227204,1563675759,Python,Python (3.4.3),py,Accepted,549.0,7836.0,645,
s629983807,p02973,u532966492,1563675758,Python,Python (3.4.3),py,Accepted,245.0,10892.0,231,
s798170145,p02973,u643840641,1563675756,C++,C++14 (GCC 5.4.1),cpp,Accepted,71.0,5376.0,1282,
s795302413,p02973,u944838431,1563675744,C++,C++14 (GCC 5.4.1),cpp,Accepted,20.0,2688.0,1163,
s830076507,p02973,u991534398,1563675736,C++,C++14 (GCC 5.4.1),cpp,Accepted,98.0,9472.0,831,
s846136382,p02973,u941446746,1563675730,C++,C++14 (GCC 5.4.1),cpp,Accepted,50.0,5376.0,348,
s506569147,p02973,u174404613,1563675729,C++,C++14 (GCC 5.4.1),cpp,Accepted,47.0,1276.0,1235,
s775699775,p02973,u392797842,1563675728,C++,C++14 (GCC 5.4.1),cpp,Accepted,53.0,5376.0,420,
s658211533,p02973,u059210959,1563675717,Python,Python (3.4.3),py,Accepted,592.0,11216.0,885,
s036759865,p02973,u578938637,1563675716,C++,C++14 (Clang 3.8.0),cpp,Accepted,116.0,1400.0,1013,
s313296380,p02973,u792670114,1563675713,Python,Python (3.4.3),py,Accepted,625.0,7836.0,595,
s410426529,p02973,u442591725,1563675711,C++,C++14 (GCC 5.4.1),cpp,Accepted,47.0,2168.0,836,
s432295592,p02973,u988402778,1563675704,Python,Python (3.4.3),py,Accepted,151.0,10372.0,9169,
s894944923,p02973,u316341119,1563675700,C++,C++14 (GCC 5.4.1),cpp,Accepted,80.0,4992.0,1115,
s579668982,p02973,u943094398,1563675694,C++,C++14 (GCC 5.4.1),cpp,Accepted,754.0,1660.0,1850,
s189687087,p02973,u220522896,1563675687,C++,C++14 (GCC 5.4.1),cpp,Accepted,61.0,1276.0,342,
s176836840,p02973,u833393891,1563675685,C++,C++14 (GCC 5.4.1),cpp,Accepted,58.0,6008.0,1617,
s484737806,p02973,u285660186,1563675679,C++,C++14 (GCC 5.4.1),cpp,Accepted,49.0,1408.0,1290,
s868530057,p02973,u576106056,1563675676,C++,C++14 (Clang 3.8.0),cpp,Accepted,830.0,1908.0,984,
s240494685,p02973,u176645218,1563675669,Python,Python (3.4.3),py,Accepted,503.0,8812.0,240,
s472744724,p02973,u157322125,1563675666,C++,C++14 (GCC 5.4.1),cpp,Accepted,80.0,5248.0,922,
s452003669,p02973,u387147192,1563675661,C++,C++14 (GCC 5.4.1),cpp,Accepted,77.0,5376.0,1283,
s503293240,p02973,u266479350,1563675651,C++,C++14 (GCC 5.4.1),cpp,Accepted,64.0,640.0,517,
s022544166,p02973,u962361946,1563675643,C++,C++14 (GCC 5.4.1),cpp,Accepted,59.0,2688.0,741,
s745842488,p02973,u282860133,1563675641,C++,C++14 (GCC 5.4.1),cpp,Accepted,1441.0,5760.0,1010,
s684963610,p02973,u119477929,1563675634,C++,C++14 (GCC 5.4.1),cpp,Accepted,1511.0,2552.0,842,
s018041881,p02973,u888735570,1563675633,C++,C++14 (GCC 5.4.1),cpp,Accepted,49.0,5760.0,1734,
s312737390,p02973,u512127044,1563675618,C++,C++14 (GCC 5.4.1),cpp,Accepted,17.0,1024.0,3238,
s246528481,p02973,u778948914,1563675605,C++,C++14 (GCC 5.4.1),cpp,Accepted,15.0,1792.0,1238,
s800244573,p02973,u341268064,1563675570,C++,C++14 (GCC 5.4.1),cpp,Accepted,17.0,4608.0,373,
s297667601,p02973,u150255544,1563675564,C++,C++14 (GCC 5.4.1),cpp,Accepted,49.0,2168.0,1313,
s679039565,p02973,u673823726,1563675563,C++,C++14 (Clang 3.8.0),cpp,Accepted,178.0,5248.0,994,
s353725032,p02973,u839953699,1563675563,C++,C++14 (GCC 5.4.1),cpp,Accepted,49.0,4992.0,544,
s045308515,p02973,u683588090,1563675557,C++,C++14 (GCC 5.4.1),cpp,Accepted,83.0,5760.0,790,
s854170192,p02973,u642435852,1563675553,C++,C++14 (GCC 5.4.1),cpp,Accepted,39.0,2176.0,1180,
s963857340,p02973,u300752229,1563675552,C++,C++14 (GCC 5.4.1),cpp,Accepted,47.0,4992.0,8987,
s698036928,p02973,u206489571,1563675545,C++,C++14 (GCC 5.4.1),cpp,Accepted,20.0,10496.0,434,
s393439242,p02973,u112775098,1563675535,C++,C++14 (GCC 5.4.1),cpp,Accepted,45.0,1276.0,744,
s312500151,p02973,u044635590,1563675520,Python,Python (3.4.3),py,Accepted,291.0,8188.0,456,
s329724883,p02973,u993640894,1563675519,C++,C++14 (GCC 5.4.1),cpp,Accepted,799.0,1276.0,1250,
s845312407,p02973,u153798346,1563675514,C++,C++14 (GCC 5.4.1),cpp,Accepted,50.0,5376.0,1641,
s229926045,p02973,u465638326,1563675511,C++,C++14 (GCC 5.4.1),cpp,Accepted,81.0,5376.0,467,
s373431144,p02973,u274783858,1563675508,C++,C++14 (GCC 5.4.1),cpp,Accepted,442.0,2048.0,1947,
s415952548,p02973,u277153875,1563675491,C++,C++14 (GCC 5.4.1),cpp,Accepted,46.0,2168.0,1683,
s076451353,p02973,u628253919,1563675484,C++,C++14 (GCC 5.4.1),cpp,Accepted,229.0,5760.0,773,
s775724597,p02973,u761320129,1563675479,Python,PyPy3 (2.4.0),py,Accepted,864.0,73556.0,891,
s288766241,p02973,u227082700,1563675475,Python,PyPy3 (2.4.0),py,Accepted,571.0,56152.0,218,
s826099976,p02973,u330913290,1563675473,C++,C++14 (GCC 5.4.1),cpp,Accepted,760.0,1276.0,949,
s079329631,p02973,u159208574,1563675465,C++,C++14 (GCC 5.4.1),cpp,Accepted,63.0,5760.0,2980,
s922491813,p02973,u618697411,1563675464,C++,C++14 (GCC 5.4.1),cpp,Accepted,165.0,12416.0,1106,
s356575090,p02973,u614415246,1563675462,C++,C++14 (GCC 5.4.1),cpp,Accepted,79.0,5368.0,746,
s102729817,p02973,u862316882,1563675459,C++,C++14 (GCC 5.4.1),cpp,Accepted,51.0,5760.0,1997,
s258963034,p02973,u598755311,1563675450,C++,C++14 (GCC 5.4.1),cpp,Accepted,725.0,892.0,1938,
s787838493,p02973,u506112954,1563675447,C++,C++14 (GCC 5.4.1),cpp,Accepted,38.0,5376.0,587,
s830592679,p02973,u158253287,1563675446,C++,C++14 (GCC 5.4.1),cpp,Accepted,49.0,1024.0,731,
s733783910,p02973,u611179037,1563675444,C++,C++14 (GCC 5.4.1),cpp,Accepted,82.0,5376.0,734,
s755117543,p02973,u131565555,1563675440,C++,C++14 (GCC 5.4.1),cpp,Accepted,77.0,5760.0,1218,
s270784705,p02973,u194208056,1563675440,C++,C++14 (GCC 5.4.1),cpp,Accepted,49.0,5760.0,656,
s826204060,p02973,u407502234,1563675439,C++,C++14 (GCC 5.4.1),cpp,Accepted,838.0,6528.0,870,
s561937406,p02973,u658993896,1563675433,C++,C++14 (GCC 5.4.1),cpp,Accepted,47.0,1660.0,1210,
s026240732,p02973,u866981537,1563675421,C++,C++14 (GCC 5.4.1),cpp,Accepted,78.0,5760.0,1185,
s286934019,p02973,u994831328,1563675410,C++,C++14 (GCC 5.4.1),cpp,Accepted,52.0,5760.0,1369,
s108349271,p02973,u697658632,1563675406,C++,C++14 (GCC 5.4.1),cpp,Accepted,51.0,892.0,614,
s743826618,p02973,u666014704,1563675400,C++,C++14 (GCC 5.4.1),cpp,Accepted,35.0,5760.0,809,
s817106064,p02973,u800645121,1563675399,C++,C++14 (GCC 5.4.1),cpp,Accepted,17.0,892.0,548,
s552391774,p02973,u768031280,1563675398,C++,C++14 (GCC 5.4.1),cpp,Accepted,70.0,5376.0,1198,
s804727609,p02973,u774144672,1563675392,C++,C++14 (GCC 5.4.1),cpp,Accepted,48.0,5376.0,2212,
s739692123,p02973,u272741005,1563675391,C++,C++14 (GCC 5.4.1),cpp,Accepted,44.0,4992.0,626,
s532886930,p02973,u758799884,1563675389,C++,C++14 (GCC 5.4.1),cpp,Accepted,48.0,2168.0,1136,
s454724319,p02973,u776675173,1563675385,C++,C++14 (GCC 5.4.1),cpp,Accepted,47.0,5760.0,775,
s467811524,p02973,u497596438,1563675385,Python,PyPy3 (2.4.0),py,Accepted,297.0,48860.0,306,
s766674659,p02973,u006421797,1563675379,C++,C++14 (GCC 5.4.1),cpp,Accepted,16.0,1024.0,750,
s067437469,p02973,u022832318,1563675379,C++,C++14 (GCC 5.4.1),cpp,Accepted,44.0,2168.0,906,
s067094473,p02973,u535008646,1563675378,C++,C++14 (GCC 5.4.1),cpp,Accepted,65.0,3328.0,1075,
s175346054,p02973,u070600790,1563675377,C++,C++14 (GCC 5.4.1),cpp,Accepted,16.0,2168.0,1276,
s126750721,p02973,u840813237,1563675376,C++,C++14 (GCC 5.4.1),cpp,Accepted,51.0,5376.0,2156,
s698062535,p02973,u785989355,1563675363,Python,Python (3.4.3),py,Accepted,577.0,7840.0,439,
s351991342,p02973,u063404629,1563675330,C++,C++14 (GCC 5.4.1),cpp,Accepted,78.0,5760.0,1094,
s192451407,p02973,u623115612,1563675318,C++,C++14 (GCC 5.4.1),cpp,Accepted,71.0,1792.0,586,
s745414062,p02973,u334712262,1563675307,Python,PyPy3 (2.4.0),py,Accepted,442.0,73560.0,1412,
s554786559,p02973,u259210975,1563675304,C++,C++14 (GCC 5.4.1),cpp,Accepted,76.0,4992.0,1345,
s000616554,p02973,u378945900,1563675299,C++,C++14 (GCC 5.4.1),cpp,Accepted,48.0,1276.0,544,
s792705966,p02973,u134381136,1563675294,C++,C++14 (GCC 5.4.1),cpp,Accepted,78.0,5376.0,569,
s510511943,p02973,u756659922,1563675284,C++,C++14 (GCC 5.4.1),cpp,Accepted,223.0,1276.0,800,
s265876663,p02973,u377622126,1563675284,C++,C++14 (GCC 5.4.1),cpp,Accepted,78.0,5760.0,790,
s275035251,p02973,u323491962,1563675283,C++,C++14 (GCC 5.4.1),cpp,Accepted,77.0,5376.0,662,
s023287842,p02973,u199912250,1563675268,C++,C++14 (GCC 5.4.1),cpp,Accepted,1517.0,1400.0,718,
s927248432,p02973,u693284193,1563675265,C++,C++14 (GCC 5.4.1),cpp,Accepted,49.0,5376.0,450,
s913554567,p02973,u498141549,1563675263,C++,C++14 (GCC 5.4.1),cpp,Accepted,63.0,1276.0,1138,
s132181870,p02973,u837951457,1563675247,C++,C++14 (GCC 5.4.1),cpp,Accepted,49.0,1152.0,1039,
s304130971,p02973,u061984624,1563675233,Python,Python (3.4.3),py,Accepted,259.0,8828.0,267,
s678629665,p02973,u235155157,1563675221,C++,C++14 (GCC 5.4.1),cpp,Accepted,21.0,1792.0,1176,
s608502851,p02973,u691380397,1563675219,C++,C++14 (GCC 5.4.1),cpp,Accepted,46.0,892.0,1085,
s767534645,p02973,u024416480,1563675213,C++,C++14 (Clang 3.8.0),cpp,Accepted,1877.0,1656.0,4545,
s692911170,p02973,u268977772,1563675212,C++,C++14 (GCC 5.4.1),cpp,Accepted,80.0,5248.0,575,
s610690113,p02973,u824196989,1563675209,C++,C++14 (GCC 5.4.1),cpp,Accepted,796.0,896.0,553,
s979107153,p02973,u878967567,1563675207,C++,C++14 (GCC 5.4.1),cpp,Accepted,83.0,5760.0,600,
s235551348,p02973,u949755084,1563675190,C++,C++14 (GCC 5.4.1),cpp,Accepted,16.0,1276.0,908,
s976634747,p02973,u766779796,1563675188,C++,C++14 (GCC 5.4.1),cpp,Accepted,80.0,5376.0,720,
s014703542,p02973,u164275331,1563675183,C++,C++14 (GCC 5.4.1),cpp,Accepted,62.0,1024.0,549,
s271327652,p02973,u222293734,1563675182,C++,C++14 (GCC 5.4.1),cpp,Accepted,759.0,1276.0,2779,
s842549700,p02973,u862720966,1563675180,C++,C++14 (GCC 5.4.1),cpp,Accepted,49.0,5248.0,716,
s008190128,p02973,u942033906,1563675175,Python,Python (3.4.3),py,Accepted,459.0,7192.0,459,
s914636757,p02973,u892835745,1563675166,C++,C++14 (GCC 5.4.1),cpp,Accepted,55.0,4992.0,444,
s686553534,p02973,u058252012,1563675157,C++,C++14 (GCC 5.4.1),cpp,Accepted,66.0,5376.0,448,
s637219880,p02973,u190234543,1563675156,C++,C++14 (GCC 5.4.1),cpp,Accepted,21.0,2168.0,2085,
s442626004,p02973,u107995903,1563675156,C++,C++14 (GCC 5.4.1),cpp,Accepted,49.0,1792.0,3446,
s877244796,p02973,u482090956,1563675152,C++,C++14 (GCC 5.4.1),cpp,Accepted,74.0,7296.0,910,
s468466347,p02973,u007852064,1563675149,C++,C++14 (GCC 5.4.1),cpp,Accepted,59.0,1024.0,314,
s528101851,p02973,u714564133,1563675127,C++,C++14 (GCC 5.4.1),cpp,Accepted,17.0,1536.0,854,
s256831461,p02973,u265033913,1563675120,C++,C++14 (GCC 5.4.1),cpp,Accepted,59.0,1024.0,360,
s670162573,p02973,u676029460,1563675120,C++,C++14 (GCC 5.4.1),cpp,Accepted,50.0,5760.0,642,
s969267192,p02973,u766262621,1563675117,C++,C++14 (GCC 5.4.1),cpp,Accepted,69.0,4864.0,531,
s838585966,p02973,u608088992,1563675112,Python,Python (3.4.3),py,Accepted,104.0,11804.0,408,
s927807547,p02973,u386769326,1563675111,C++,C++14 (GCC 5.4.1),cpp,Accepted,17.0,1920.0,694,
s613910328,p02973,u722843549,1563675109,C++,C++14 (GCC 5.4.1),cpp,Accepted,34.0,1408.0,761,
s238406211,p02973,u059082716,1563675106,C++,C++14 (GCC 5.4.1),cpp,Accepted,48.0,2168.0,836,
s145806870,p02973,u635484372,1563675100,C++,C++14 (GCC 5.4.1),cpp,Accepted,48.0,5376.0,1438,
s151693525,p02973,u571347098,1563675094,C++,C++14 (GCC 5.4.1),cpp,Accepted,48.0,1276.0,401,
s568312496,p02973,u537905693,1563675086,C++,C++14 (GCC 5.4.1),cpp,Accepted,51.0,1404.0,1459,
s363244102,p02973,u409210574,1563675083,C++,C++14 (GCC 5.4.1),cpp,Accepted,17.0,1024.0,471,
s820869777,p02973,u730946954,1563675081,C++,C++14 (GCC 5.4.1),cpp,Accepted,45.0,1276.0,900,
s891853533,p02973,u426855695,1563675080,C++,C++14 (GCC 5.4.1),cpp,Accepted,49.0,1792.0,1490,
s075668242,p02973,u232765569,1563675074,C++,C++14 (GCC 5.4.1),cpp,Accepted,74.0,1408.0,557,
s186353369,p02973,u004256738,1563675063,C++,C++14 (GCC 5.4.1),cpp,Accepted,46.0,2168.0,745,
s054398112,p02973,u936790121,1563675062,C++,C++14 (GCC 5.4.1),cpp,Accepted,47.0,2168.0,2786,
s010761446,p02973,u022138926,1563675058,C++,C++14 (GCC 5.4.1),cpp,Accepted,81.0,5760.0,3441,
s660360170,p02973,u984423918,1563675038,C++,C++14 (GCC 5.4.1),cpp,Accepted,839.0,892.0,563,
s120791411,p02973,u923712635,1563675036,Python,Python (3.4.3),py,Accepted,368.0,8604.0,398,
s741831510,p02973,u542230407,1563675034,C++,C++14 (GCC 5.4.1),cpp,Accepted,17.0,1024.0,402,
s437423336,p02973,u551373727,1563675033,C++,C++14 (GCC 5.4.1),cpp,Accepted,50.0,1276.0,668,
s342595133,p02973,u820047642,1563675032,Python,Python (3.4.3),py,Accepted,590.0,7284.0,271,
s843988797,p02973,u439911726,1563675016,C++,C++14 (GCC 5.4.1),cpp,Accepted,68.0,5760.0,770,
s018993650,p02973,u340293807,1563675014,C++,C++14 (GCC 5.4.1),cpp,Accepted,85.0,5376.0,1685,
s921959826,p02973,u645369394,1563675008,C++,C++14 (GCC 5.4.1),cpp,Accepted,81.0,5376.0,462,
s429013646,p02973,u504403442,1563674991,C++,C++14 (GCC 5.4.1),cpp,Accepted,15.0,1024.0,672,
s647637984,p02973,u837133513,1563674973,C++,C++14 (GCC 5.4.1),cpp,Accepted,15.0,1024.0,672,
s651315296,p02973,u055303078,1563674973,C++,C++14 (GCC 5.4.1),cpp,Accepted,79.0,5760.0,1169,
s574617452,p02973,u478530879,1563674968,C++,C++14 (GCC 5.4.1),cpp,Accepted,35.0,5760.0,994,
s997709805,p02973,u116763463,1563674962,Python,Python (3.4.3),py,Accepted,528.0,7836.0,463,
s280886285,p02973,u455505352,1563674962,C++,C++14 (GCC 5.4.1),cpp,Accepted,78.0,5760.0,1079,
s608702016,p02973,u370768058,1563674961,C++,C++14 (GCC 5.4.1),cpp,Accepted,215.0,17572.0,12642,
s271143473,p02973,u908318580,1563674944,C++,C++14 (GCC 5.4.1),cpp,Accepted,49.0,5248.0,2686,
s502270915,p02973,u611166425,1563674934,C++,C++14 (GCC 5.4.1),cpp,Accepted,77.0,5376.0,492,
s872076580,p02973,u620059302,1563674923,C++,C++14 (GCC 5.4.1),cpp,Accepted,84.0,5376.0,595,
s366421171,p02973,u420892802,1563674918,C++,C++14 (GCC 5.4.1),cpp,Accepted,50.0,5376.0,440,
s577511924,p02973,u753391427,1563674911,C++,C++14 (GCC 5.4.1),cpp,Accepted,52.0,4992.0,344,
s029426013,p02973,u707524027,1563674910,C++,C++14 (GCC 5.4.1),cpp,Accepted,48.0,5760.0,1896,
s943258175,p02973,u310083442,1563674910,C++,C++14 (GCC 5.4.1),cpp,Accepted,50.0,5376.0,2723,
s653377701,p02973,u856232850,1563674905,C++,C++14 (GCC 5.4.1),cpp,Accepted,49.0,1024.0,1183,
s579418864,p02973,u954081460,1563674891,C++,C++14 (GCC 5.4.1),cpp,Accepted,753.0,1276.0,500,
s231376848,p02973,u577059859,1563674856,C++,C++14 (GCC 5.4.1),cpp,Accepted,13.0,896.0,625,
s240032690,p02973,u820612421,1563674855,C++,C++14 (GCC 5.4.1),cpp,Accepted,50.0,5376.0,3719,
s797984808,p02973,u483277935,1563674855,C++,C++14 (GCC 5.4.1),cpp,Accepted,51.0,5376.0,1215,
s385238666,p02973,u652420316,1563674851,C++,C++14 (GCC 5.4.1),cpp,Accepted,48.0,5376.0,1403,
s331546351,p02973,u995725911,1563674836,C++,C++14 (GCC 5.4.1),cpp,Accepted,49.0,1792.0,645,
s656387216,p02973,u254456372,1563674823,C++,C++14 (GCC 5.4.1),cpp,Accepted,48.0,5760.0,69554,
s609607715,p02973,u472675932,1563674821,C++,C++14 (GCC 5.4.1),cpp,Accepted,758.0,892.0,806,
s877385414,p02973,u960852022,1563674819,C++,C++14 (GCC 5.4.1),cpp,Accepted,58.0,1024.0,326,
s098969749,p02973,u708618797,1563674817,C++,C++14 (GCC 5.4.1),cpp,Accepted,65.0,5760.0,2584,
s076684801,p02973,u630452895,1563674816,C++,C++14 (GCC 5.4.1),cpp,Accepted,47.0,1276.0,694,
s203971456,p02973,u346851130,1563674803,Python,PyPy3 (2.4.0),py,Accepted,555.0,56280.0,287,
s744615332,p02973,u627417051,1563674802,Python,Python (3.4.3),py,Accepted,277.0,7072.0,205,
s713347894,p02973,u052332717,1563674802,C++,C++14 (GCC 5.4.1),cpp,Accepted,79.0,5376.0,1005,
s607659018,p02973,u194208056,1563674791,C++,C++14 (GCC 5.4.1),cpp,Accepted,48.0,5760.0,951,
s747290997,p02973,u737951432,1563674790,C++,C++14 (GCC 5.4.1),cpp,Accepted,81.0,4992.0,552,
s538608003,p02973,u773916255,1563674782,C++,C++14 (GCC 5.4.1),cpp,Accepted,79.0,5760.0,786,
s109532722,p02973,u124375339,1563674778,C++,C++14 (GCC 5.4.1),cpp,Accepted,81.0,5760.0,463,
s151706532,p02973,u850266651,1563674777,C++,C++14 (GCC 5.4.1),cpp,Accepted,797.0,640.0,1856,
s212345117,p02973,u147437360,1563674777,Python,PyPy2 (5.6.0),py,Accepted,534.0,43316.0,16033,
s353772675,p02973,u203033720,1563674775,C++,C++14 (GCC 5.4.1),cpp,Accepted,49.0,2304.0,14073,
s093418223,p02973,u853132965,1563674772,C++,C++14 (GCC 5.4.1),cpp,Accepted,79.0,5760.0,1260,
s890425064,p02973,u521272340,1563674767,C++,C++14 (GCC 5.4.1),cpp,Accepted,127.0,16000.0,3737,
s079635426,p02973,u771524928,1563674760,C++,C++14 (GCC 5.4.1),cpp,Accepted,51.0,5760.0,2584,
s988852737,p02973,u745250049,1563674756,C++,C++14 (GCC 5.4.1),cpp,Accepted,49.0,5376.0,1343,
s283148848,p02973,u528899139,1563674754,Python,Python (3.4.3),py,Accepted,145.0,14468.0,453,
s236674069,p02973,u521389909,1563674751,C++,C++14 (GCC 5.4.1),cpp,Accepted,764.0,892.0,610,
s416807516,p02973,u382268424,1563674747,C++,C++14 (GCC 5.4.1),cpp,Accepted,49.0,5760.0,841,
s269913007,p02973,u492131209,1563674738,C++,C++14 (GCC 5.4.1),cpp,Accepted,82.0,5760.0,681,
s462711814,p02973,u514114987,1563674733,C++,C++14 (GCC 5.4.1),cpp,Accepted,49.0,6528.0,1646,
s670448345,p02973,u101341410,1563674729,C++,C++14 (GCC 5.4.1),cpp,Accepted,15.0,1024.0,706,
s852343281,p02973,u788285838,1563674724,C++,C++14 (GCC 5.4.1),cpp,Accepted,18.0,1276.0,439,
s916246307,p02973,u398942100,1563674720,C++,C++14 (GCC 5.4.1),cpp,Accepted,72.0,7296.0,7340,
s394225494,p02973,u987476436,1563674716,C++,C++14 (GCC 5.4.1),cpp,Accepted,754.0,892.0,441,
s752602505,p02973,u618649215,1563674714,C++,C++14 (GCC 5.4.1),cpp,Accepted,50.0,1024.0,544,
s507224043,p02973,u222030240,1563674714,C++,C++14 (GCC 5.4.1),cpp,Accepted,128.0,11776.0,1291,
s231899170,p02973,u508571192,1563674712,C++,C++14 (GCC 5.4.1),cpp,Accepted,98.0,9856.0,1831,
s517365654,p02973,u119460590,1563674711,C++,C++14 (GCC 5.4.1),cpp,Accepted,80.0,4992.0,1479,
s008367570,p02973,u432456012,1563674711,C++,C++14 (GCC 5.4.1),cpp,Accepted,92.0,5376.0,575,
s629752170,p02973,u064722905,1563674705,C++,C++14 (GCC 5.4.1),cpp,Accepted,50.0,5376.0,455,
s182041047,p02973,u711340028,1563674699,C++,C++14 (GCC 5.4.1),cpp,Accepted,102.0,7168.0,1048,
s918046193,p02973,u463655976,1563674693,Python,Python (3.4.3),py,Accepted,253.0,7840.0,255,
s199993638,p02973,u116670634,1563674687,C++,C++14 (GCC 5.4.1),cpp,Accepted,50.0,6528.0,2277,
s069420834,p02973,u018872912,1563674682,C++,C++14 (GCC 5.4.1),cpp,Accepted,50.0,1792.0,1125,
s297726881,p02973,u470542271,1563674675,Python,Python (3.4.3),py,Accepted,241.0,7928.0,335,
s104291554,p02973,u492926158,1563674670,C++,C++14 (GCC 5.4.1),cpp,Accepted,60.0,5376.0,454,
s779626622,p02973,u702582248,1563674659,C++,C++14 (GCC 5.4.1),cpp,Accepted,191.0,11776.0,8138,
s760767164,p02973,u398025421,1563674647,C++,C++14 (GCC 5.4.1),cpp,Accepted,48.0,5376.0,638,
s237762904,p02973,u238312012,1563674642,C++,C++14 (GCC 5.4.1),cpp,Accepted,16.0,640.0,644,
s775186323,p02973,u066369439,1563674636,C++,C++14 (GCC 5.4.1),cpp,Accepted,8.0,1024.0,1451,
s590177842,p02973,u891178744,1563674634,C++,C++14 (GCC 5.4.1),cpp,Accepted,82.0,4864.0,1402,
s500376669,p02973,u794173881,1563674622,Python,PyPy3 (2.4.0),py,Accepted,561.0,56792.0,345,
s398820742,p02973,u006493569,1563674621,C++,C++14 (GCC 5.4.1),cpp,Accepted,47.0,5376.0,486,
s621565330,p02973,u548390458,1563674618,C++,C++14 (GCC 5.4.1),cpp,Accepted,17.0,1024.0,403,
s801868987,p02973,u310678820,1563674617,Python,PyPy3 (2.4.0),py,Accepted,589.0,56236.0,268,
s093522905,p02973,u332906195,1563674615,Python,Python (3.4.3),py,Accepted,243.0,8732.0,274,
s013644481,p02973,u211255798,1563674614,C++,C++14 (GCC 5.4.1),cpp,Accepted,59.0,1024.0,386,
s627875794,p02973,u733814820,1563674613,C++,C++14 (GCC 5.4.1),cpp,Accepted,47.0,1024.0,877,
s344608147,p02973,u695811449,1563674604,Python,PyPy3 (2.4.0),py,Accepted,594.0,54360.0,356,
s040224555,p02973,u294473317,1563674602,C++,C++14 (GCC 5.4.1),cpp,Accepted,23.0,1664.0,8086,
s387752624,p02973,u366644013,1563674599,C++,C++14 (GCC 5.4.1),cpp,Accepted,17.0,1024.0,761,
s413044690,p02973,u603253967,1563674593,Python,Python (3.4.3),py,Accepted,213.0,9204.0,708,
s558706214,p02973,u586336940,1563674580,C++,C++14 (GCC 5.4.1),cpp,Accepted,81.0,4864.0,552,
s883262218,p02973,u751741878,1563674579,C++,C++14 (GCC 5.4.1),cpp,Accepted,58.0,1024.0,315,
s012632561,p02973,u026391774,1563674569,C++,C++14 (GCC 5.4.1),cpp,Accepted,49.0,5376.0,3039,
s852186047,p02973,u656679572,1563674567,C++,C++14 (GCC 5.4.1),cpp,Accepted,51.0,1276.0,1178,
s076860255,p02973,u406407674,1563674567,C++,C++14 (GCC 5.4.1),cpp,Accepted,67.0,5376.0,513,
s512503269,p02973,u057866967,1563674564,C++,C++14 (GCC 5.4.1),cpp,Accepted,77.0,5760.0,817,
s999027752,p02973,u212904724,1563674563,C++,C++14 (GCC 5.4.1),cpp,Accepted,69.0,6656.0,3083,
s081459847,p02973,u649172849,1563674561,C++,C++14 (GCC 5.4.1),cpp,Accepted,462.0,5376.0,12070,
s141912897,p02973,u643495354,1563674556,Python,Python (3.4.3),py,Accepted,229.0,11804.0,312,
s234156295,p02973,u314907021,1563674542,C++,C++14 (GCC 5.4.1),cpp,Accepted,49.0,5376.0,2241,
s811498771,p02973,u389910364,1563674534,Python,Python (3.4.3),py,Accepted,422.0,8068.0,570,
s749999773,p02973,u451748673,1563674534,C++,C++14 (GCC 5.4.1),cpp,Accepted,17.0,1792.0,1188,
s641137708,p02973,u877470159,1563674524,Python,PyPy3 (2.4.0),py,Accepted,760.0,47832.0,265,
s444047617,p02973,u381626581,1563674507,C++,C++14 (GCC 5.4.1),cpp,Accepted,48.0,5376.0,1509,
s304690556,p02973,u414425367,1563674506,C++,C++14 (GCC 5.4.1),cpp,Accepted,17.0,2168.0,822,
s988379466,p02973,u366445643,1563674504,C++,C++14 (GCC 5.4.1),cpp,Accepted,51.0,5760.0,355,
s427658201,p02973,u548163222,1563674498,C++,C++14 (GCC 5.4.1),cpp,Accepted,47.0,892.0,376,
s029323460,p02973,u266509174,1563674497,C++,C++14 (GCC 5.4.1),cpp,Accepted,49.0,5760.0,1454,
s793281454,p02973,u996171098,1563674486,C++,C++14 (Clang 3.8.0),cpp,Accepted,142.0,5760.0,3572,
s641761416,p02973,u363992934,1563674486,Python,Python (3.4.3),py,Accepted,528.0,7044.0,476,
s941628597,p02973,u633284019,1563674486,C++,C++14 (GCC 5.4.1),cpp,Accepted,122.0,1832.0,3144,
s879287710,p02973,u140450365,1563674457,C++,C++14 (GCC 5.4.1),cpp,Accepted,15.0,2168.0,653,
s471807884,p02973,u806661586,1563674437,C++,C++14 (GCC 5.4.1),cpp,Accepted,16.0,4736.0,771,
s907741792,p02973,u728134648,1563674426,C++,C++14 (GCC 5.4.1),cpp,Accepted,827.0,1276.0,1813,
s979393201,p02973,u284539389,1563674422,C++,C++14 (GCC 5.4.1),cpp,Accepted,50.0,5376.0,1147,
s730195130,p02973,u227379863,1563674415,C++,C++14 (GCC 5.4.1),cpp,Accepted,1510.0,2168.0,803,
s555533651,p02973,u604231488,1563674410,C++,C++14 (GCC 5.4.1),cpp,Accepted,16.0,1276.0,626,
s969035229,p02973,u163191764,1563674410,C++,C++14 (GCC 5.4.1),cpp,Accepted,49.0,5376.0,3573,
s950707779,p02973,u849190128,1563674396,C++,C++14 (GCC 5.4.1),cpp,Accepted,13.0,512.0,1072,
s252081171,p02973,u875291233,1563674396,C++,C++14 (GCC 5.4.1),cpp,Accepted,66.0,5368.0,506,
s955291193,p02973,u598869726,1563674387,C++,C++14 (Clang 3.8.0),cpp,Accepted,120.0,1524.0,344,
s820664047,p02973,u414947284,1563674386,C++,C++14 (GCC 5.4.1),cpp,Accepted,64.0,1024.0,674,
s243326661,p02973,u088044957,1563674383,C++,C++14 (GCC 5.4.1),cpp,Accepted,17.0,1024.0,469,
s926194263,p02973,u196574642,1563674382,C++,C++14 (GCC 5.4.1),cpp,Accepted,81.0,5748.0,660,
s378180275,p02973,u838261804,1563674363,C++,C++14 (GCC 5.4.1),cpp,Accepted,74.0,7296.0,1443,
s613537182,p02973,u699008937,1563674353,C++,C++14 (GCC 5.4.1),cpp,Accepted,68.0,4352.0,1961,
s324440083,p02973,u593555034,1563674346,C++,C++14 (GCC 5.4.1),cpp,Accepted,105.0,4992.0,432,
s302241581,p02973,u251789483,1563674340,C++,C++14 (GCC 5.4.1),cpp,Accepted,17.0,1024.0,661,
s275445879,p02973,u272557899,1563674332,Python,Python (3.4.3),py,Accepted,459.0,11280.0,1470,
s591475526,p02973,u544975701,1563674326,C++,C++14 (GCC 5.4.1),cpp,Accepted,194.0,17280.0,3589,
s657753742,p02973,u986437843,1563674310,C++,C++14 (GCC 5.4.1),cpp,Accepted,92.0,46308.0,102432,
s909302424,p02973,u793275002,1563674307,C++,C++14 (GCC 5.4.1),cpp,Accepted,59.0,1276.0,1256,
s761587345,p02973,u930841425,1563674304,C++,C++14 (GCC 5.4.1),cpp,Accepted,100.0,6400.0,637,
s923875743,p02973,u299340570,1563674303,C++,C++14 (GCC 5.4.1),cpp,Accepted,17.0,1024.0,501,
s961697279,p02973,u572002343,1563674303,C++,C++14 (GCC 5.4.1),cpp,Accepted,758.0,892.0,582,
s691707121,p02973,u550398291,1563674295,C++,C++14 (GCC 5.4.1),cpp,Accepted,50.0,5376.0,1640,
s360913527,p02973,u619714175,1563674290,C++,C++14 (GCC 5.4.1),cpp,Accepted,78.0,5376.0,717,
s444084169,p02973,u121794232,1563674290,C++,C++14 (GCC 5.4.1),cpp,Accepted,74.0,5760.0,719,
s878115415,p02973,u150436276,1563674280,C++,C++14 (GCC 5.4.1),cpp,Accepted,69.0,5376.0,451,
s561662612,p02973,u547001323,1563674279,Python,Python (3.4.3),py,Accepted,487.0,8176.0,516,
s351865413,p02973,u966690395,1563674278,C++,C++14 (GCC 5.4.1),cpp,Accepted,48.0,5760.0,745,
s648374598,p02973,u941934550,1563674269,C++,C++14 (GCC 5.4.1),cpp,Accepted,47.0,4992.0,571,
s135724289,p02973,u150641538,1563674256,Python,PyPy3 (2.4.0),py,Accepted,583.0,56280.0,218,
s961131702,p02973,u363207161,1563674255,Python,Python (3.4.3),py,Accepted,420.0,7072.0,418,
s561781592,p02973,u783764370,1563674250,C++,C++14 (GCC 5.4.1),cpp,Accepted,17.0,1024.0,368,
s552336650,p02973,u129019798,1563674248,Python,PyPy3 (2.4.0),py,Accepted,426.0,46940.0,491,
s063028014,p02973,u022783151,1563674243,C++,C++14 (GCC 5.4.1),cpp,Accepted,56.0,5760.0,1394,
s589260073,p02973,u820628270,1563674227,C++,C++14 (GCC 5.4.1),cpp,Accepted,17.0,1024.0,607,
s687763166,p02973,u854831509,1563674222,C++,C++14 (GCC 5.4.1),cpp,Accepted,46.0,1276.0,698,
s524662585,p02973,u540491484,1563674217,C++,C++14 (GCC 5.4.1),cpp,Accepted,731.0,892.0,940,
s770137492,p02973,u883745615,1563674217,C++,C++14 (GCC 5.4.1),cpp,Accepted,47.0,1276.0,369,
s122449255,p02973,u110996038,1563674214,C++,C++14 (GCC 5.4.1),cpp,Accepted,92.0,5376.0,1072,
s451869523,p02973,u341406884,1563674211,C++,C++14 (GCC 5.4.1),cpp,Accepted,83.0,5760.0,778,
s548017265,p02973,u543189005,1563674208,C++,C++14 (Clang 3.8.0),cpp,Accepted,114.0,892.0,1443,
s388809024,p02973,u630936832,1563674207,C++,C++14 (GCC 5.4.1),cpp,Accepted,15.0,1024.0,976,
s051466122,p02973,u364618491,1563674203,C++,C++14 (GCC 5.4.1),cpp,Accepted,50.0,5760.0,2400,
s975849280,p02973,u807998890,1563674200,C++,C++14 (GCC 5.4.1),cpp,Accepted,49.0,5760.0,949,
s999273472,p02973,u689939934,1563674200,C++,C++14 (GCC 5.4.1),cpp,Accepted,17.0,1024.0,412,
s912502862,p02973,u455472057,1563674197,C++,C++14 (GCC 5.4.1),cpp,Accepted,18.0,1024.0,455,
s715877975,p02973,u415905784,1563674197,Python,Python (3.4.3),py,Accepted,580.0,7064.0,291,
s996599207,p02973,u976942563,1563674191,C++,C++14 (GCC 5.4.1),cpp,Accepted,52.0,4992.0,590,
s140178605,p02973,u365113395,1563674178,C++,C++14 (GCC 5.4.1),cpp,Accepted,57.0,1920.0,1276,
s910583679,p02973,u352200121,1563674168,C++,C++14 (GCC 5.4.1),cpp,Accepted,752.0,1276.0,655,
s498376477,p02973,u031986221,1563674168,C++,C++14 (GCC 5.4.1),cpp,Accepted,17.0,640.0,995,
s713208752,p02973,u844133200,1563674160,C++,C++14 (GCC 5.4.1),cpp,Accepted,19.0,1276.0,1138,
s831314912,p02973,u542111796,1563674159,C++,C++14 (GCC 5.4.1),cpp,Accepted,827.0,892.0,426,
s781108270,p02973,u596750443,1563674147,C++,C++14 (GCC 5.4.1),cpp,Accepted,46.0,18292.0,1277,
s976267302,p02973,u651274386,1563674145,C++,C++14 (GCC 5.4.1),cpp,Accepted,50.0,5376.0,429,
s916536623,p02973,u633497951,1563674138,C++,C++14 (GCC 5.4.1),cpp,Accepted,46.0,4992.0,369,
s692337047,p02973,u183530284,1563674134,C++,C++14 (GCC 5.4.1),cpp,Accepted,51.0,5760.0,649,
s662047643,p02973,u500565141,1563674124,C++,C++14 (GCC 5.4.1),cpp,Accepted,41.0,5760.0,1471,
s145610896,p02973,u878615689,1563674118,C++,C++14 (GCC 5.4.1),cpp,Accepted,18.0,1152.0,1794,
s529887045,p02973,u168630353,1563674113,C++,C++14 (GCC 5.4.1),cpp,Accepted,18.0,640.0,710,
s078388868,p02973,u561437761,1563674110,C++,C++14 (GCC 5.4.1),cpp,Accepted,46.0,892.0,347,
s415234132,p02973,u426108351,1563674102,Python,PyPy3 (2.4.0),py,Accepted,445.0,44592.0,329,
s980823689,p02973,u215860196,1563674093,C++,C++14 (GCC 5.4.1),cpp,Accepted,49.0,4992.0,593,
s405882622,p02973,u753002569,1563674091,C++,C++14 (GCC 5.4.1),cpp,Accepted,49.0,5376.0,916,
s993394969,p02973,u905715926,1563674091,C++,C++14 (GCC 5.4.1),cpp,Accepted,19.0,3712.0,941,
s576058269,p02973,u738450435,1563674087,C++,C++14 (GCC 5.4.1),cpp,Accepted,80.0,5760.0,494,
s430741058,p02973,u211160392,1563674085,Python,PyPy3 (2.4.0),py,Accepted,571.0,57688.0,335,
s747097502,p02973,u990764614,1563674069,C++,C++14 (GCC 5.4.1),cpp,Accepted,753.0,1276.0,617,
s680467332,p02973,u897304429,1563674068,C++,C++14 (GCC 5.4.1),cpp,Accepted,77.0,5760.0,1209,
s942658660,p02973,u465317453,1563674060,C++,C++14 (GCC 5.4.1),cpp,Accepted,48.0,5760.0,2624,
s264387564,p02973,u478857940,1563674054,C++,C++14 (GCC 5.4.1),cpp,Accepted,50.0,6528.0,2079,
s149900180,p02973,u914762730,1563674041,C++,C++14 (GCC 5.4.1),cpp,Accepted,46.0,1784.0,646,
s336079044,p02973,u785975381,1563674035,C++,C++14 (GCC 5.4.1),cpp,Accepted,886.0,1400.0,1321,
s453841327,p02973,u640323045,1563674028,C++,C++14 (GCC 5.4.1),cpp,Accepted,82.0,5376.0,776,
s646286054,p02973,u352499693,1563674024,C++,C++14 (GCC 5.4.1),cpp,Accepted,50.0,5376.0,551,
s532151156,p02973,u764234894,1563674022,C++,C++14 (GCC 5.4.1),cpp,Accepted,83.0,5760.0,2546,
s360428005,p02973,u285598935,1563674019,C++,C++14 (GCC 5.4.1),cpp,Accepted,52.0,1024.0,1316,
s955698654,p02973,u082633058,1563674010,C++,C++14 (GCC 5.4.1),cpp,Accepted,49.0,4992.0,2804,
s750568889,p02973,u791593901,1563674003,C++,C++14 (GCC 5.4.1),cpp,Accepted,60.0,1024.0,1308,
s626503397,p02973,u450832845,1563673996,C++,C++14 (GCC 5.4.1),cpp,Accepted,135.0,5760.0,691,
s095611709,p02973,u875459711,1563673996,C++,C++14 (GCC 5.4.1),cpp,Accepted,49.0,5760.0,1221,
s360620691,p02973,u817026203,1563673995,C++,C++14 (GCC 5.4.1),cpp,Accepted,49.0,4992.0,690,
s261925080,p02973,u302957509,1563673995,Python,Python (3.4.3),py,Accepted,513.0,8828.0,277,
s250730350,p02973,u462078186,1563673993,C++,C++14 (GCC 5.4.1),cpp,Accepted,47.0,1016.0,893,
s136030828,p02973,u190907730,1563673992,C++,C++14 (GCC 5.4.1),cpp,Accepted,769.0,1276.0,1005,
s063119840,p02973,u648786031,1563673989,C++,C++14 (GCC 5.4.1),cpp,Accepted,78.0,5376.0,643,
s942960397,p02973,u467826805,1563673987,C++,C++14 (GCC 5.4.1),cpp,Accepted,66.0,5760.0,746,
s400618121,p02973,u726092272,1563673983,C++,C++14 (GCC 5.4.1),cpp,Accepted,76.0,7288.0,1408,
s465465275,p02973,u164778975,1563673979,C++,C++14 (GCC 5.4.1),cpp,Accepted,58.0,1024.0,462,
s054709043,p02973,u504562455,1563673979,Python,Python (3.4.3),py,Accepted,583.0,7284.0,232,
s588536878,p02973,u302539304,1563673971,C++,C++14 (GCC 5.4.1),cpp,Accepted,80.0,5760.0,2228,
s375433098,p02973,u634743753,1563673966,C++,C++14 (GCC 5.4.1),cpp,Accepted,51.0,5760.0,1348,
s251359615,p02973,u559470386,1563673965,C++,C++14 (GCC 5.4.1),cpp,Accepted,55.0,4992.0,449,
s151619815,p02973,u681557252,1563673959,C++,C++14 (GCC 5.4.1),cpp,Accepted,64.0,1024.0,390,
s030808872,p02973,u751550626,1563673959,C++,C++14 (GCC 5.4.1),cpp,Accepted,86.0,6528.0,862,
s832625274,p02973,u052499405,1563673957,Python,Python (3.4.3),py,Accepted,568.0,7412.0,245,
s764147284,p02973,u120143737,1563673936,C++,C++14 (GCC 5.4.1),cpp,Accepted,58.0,10752.0,3358,
s883291873,p02973,u698760125,1563673935,C++,C++14 (GCC 5.4.1),cpp,Accepted,82.0,5760.0,393,
s407085016,p02973,u056277698,1563673934,Python,Python (3.4.3),py,Accepted,250.0,7832.0,390,
s020794428,p02973,u684695949,1563673932,Python,PyPy3 (2.4.0),py,Accepted,613.0,50904.0,192,
s117294446,p02973,u766684188,1563673929,Python,PyPy3 (2.4.0),py,Accepted,286.0,45404.0,233,
s725061591,p02973,u344122377,1563673929,C++,C++14 (GCC 5.4.1),cpp,Accepted,49.0,1792.0,545,
s244224947,p02973,u248788685,1563673926,C++,C++14 (GCC 5.4.1),cpp,Accepted,19.0,6912.0,1955,
s370476066,p02973,u154068540,1563673908,C++,C++14 (GCC 5.4.1),cpp,Accepted,69.0,7168.0,8593,
s525738453,p02973,u651317892,1563673908,C++,C++14 (GCC 5.4.1),cpp,Accepted,52.0,2168.0,665,
s868408280,p02973,u932038818,1563673908,C++,C++14 (GCC 5.4.1),cpp,Accepted,81.0,5760.0,610,
s564527445,p02973,u045811375,1563673907,C++,C++14 (GCC 5.4.1),cpp,Accepted,93.0,4992.0,315,
s444857413,p02973,u279130306,1563673883,C++,C++14 (GCC 5.4.1),cpp,Accepted,47.0,5376.0,719,
s458880353,p02973,u102445737,1563673871,Python,Python (3.4.3),py,Accepted,265.0,8320.0,772,
s207055181,p02973,u524492594,1563673862,C++,C++14 (GCC 5.4.1),cpp,Accepted,19.0,1536.0,2775,
s230315428,p02973,u229370339,1563673859,C++,C++14 (GCC 5.4.1),cpp,Accepted,49.0,5760.0,5908,
s663706910,p02973,u335832380,1563673858,C++,C++14 (GCC 5.4.1),cpp,Accepted,64.0,1024.0,487,
s676210268,p02973,u432090061,1563673858,C++,C++14 (GCC 5.4.1),cpp,Accepted,25.0,1472.0,1617,
s886962220,p02973,u491550356,1563673854,C++,C++14 (GCC 5.4.1),cpp,Accepted,47.0,1276.0,2827,
s909702122,p02973,u810616694,1563673849,C++,C++14 (GCC 5.4.1),cpp,Accepted,51.0,5376.0,827,
s355545762,p02973,u627347690,1563673847,C++,C++14 (GCC 5.4.1),cpp,Accepted,80.0,5760.0,3830,
s818792655,p02973,u862237347,1563673847,C++,C++14 (GCC 5.4.1),cpp,Accepted,33.0,1792.0,858,
s728732238,p02973,u359413838,1563673842,C++,C++14 (GCC 5.4.1),cpp,Accepted,54.0,5376.0,1010,
s369515040,p02973,u096635831,1563673840,C++,C++14 (GCC 5.4.1),cpp,Accepted,85.0,4992.0,538,
s914100219,p02973,u949798495,1563673834,C++,C++14 (GCC 5.4.1),cpp,Accepted,49.0,5376.0,5225,
s739510257,p02973,u270681687,1563673830,Python,PyPy3 (2.4.0),py,Accepted,547.0,56024.0,478,
s296023523,p02973,u434662823,1563673819,C++,C++14 (GCC 5.4.1),cpp,Accepted,17.0,1276.0,1264,
s173301533,p02973,u680068823,1563673816,C++,C++14 (GCC 5.4.1),cpp,Accepted,96.0,5376.0,280,
s020816720,p02973,u048945791,1563673813,C++,C++14 (GCC 5.4.1),cpp,Accepted,119.0,1056.0,1006,
s900888389,p02973,u621509943,1563673811,C++,C++14 (GCC 5.4.1),cpp,Accepted,716.0,7296.0,510,
s941132568,p02973,u894258749,1563673806,Python,PyPy3 (2.4.0),py,Accepted,286.0,46172.0,303,
s995863882,p02973,u721367699,1563673802,C++,C++14 (GCC 5.4.1),cpp,Accepted,105.0,6400.0,1064,
s265961890,p02973,u664737319,1563673802,C++,C++14 (GCC 5.4.1),cpp,Accepted,53.0,5248.0,663,
s704176844,p02973,u712993629,1563673793,C++,C++14 (GCC 5.4.1),cpp,Accepted,18.0,3456.0,6543,
s114804639,p02973,u774831494,1563673786,C++,C++14 (GCC 5.4.1),cpp,Accepted,43.0,5376.0,344,
s146121031,p02973,u326966549,1563673781,C++,C++14 (GCC 5.4.1),cpp,Accepted,77.0,5376.0,699,
s165367909,p02973,u238460356,1563673776,C++,C++14 (GCC 5.4.1),cpp,Accepted,16.0,892.0,488,
s837671615,p02973,u619248223,1563673775,C++,C++14 (GCC 5.4.1),cpp,Accepted,720.0,1400.0,597,
s342144242,p02973,u921168761,1563673770,C++,C++14 (GCC 5.4.1),cpp,Accepted,45.0,1276.0,948,
s753276935,p02973,u901295506,1563673767,C++,C++14 (GCC 5.4.1),cpp,Accepted,49.0,1024.0,514,
s848070428,p02973,u617987447,1563673761,C++,C++14 (GCC 5.4.1),cpp,Accepted,19.0,1276.0,706,
s159544212,p02973,u800551451,1563673759,C++,C++14 (GCC 5.4.1),cpp,Accepted,69.0,4992.0,1362,
s471633524,p02973,u894312115,1563673748,C++,C++14 (GCC 5.4.1),cpp,Accepted,16.0,1024.0,845,
s294685928,p02973,u442581202,1563673740,Python,Python (3.4.3),py,Accepted,529.0,7024.0,487,
s167376531,p02973,u548624367,1563673734,C++,C++14 (GCC 5.4.1),cpp,Accepted,160.0,11008.0,654,
s134642338,p02973,u086849314,1563673729,C++,C++14 (GCC 5.4.1),cpp,Accepted,37.0,5376.0,402,
s424145012,p02973,u845152373,1563673728,C++,C++14 (GCC 5.4.1),cpp,Accepted,1303.0,7168.0,713,
s771335685,p02973,u325959156,1563673726,C++,C++14 (GCC 5.4.1),cpp,Accepted,50.0,5376.0,325,
s420780463,p02973,u538921909,1563673725,C++,C++14 (GCC 5.4.1),cpp,Accepted,754.0,1276.0,1626,
s011696818,p02973,u951704061,1563673724,C++,C++14 (GCC 5.4.1),cpp,Accepted,334.0,1664.0,2805,
s384980841,p02973,u456353530,1563673693,Python,Python (3.4.3),py,Accepted,643.0,7808.0,376,
s435359732,p02973,u115888500,1563673690,C++,C++14 (GCC 5.4.1),cpp,Accepted,257.0,5760.0,9684,
s802268371,p02973,u998694062,1563673689,C++,C++14 (GCC 5.4.1),cpp,Accepted,13.0,1024.0,751,
s876168788,p02973,u587724217,1563673682,C++,C++14 (GCC 5.4.1),cpp,Accepted,1516.0,2296.0,1654,
s670603680,p02973,u314057689,1563673676,C++,C++14 (GCC 5.4.1),cpp,Accepted,50.0,5760.0,2131,
s119942308,p02973,u054388349,1563673675,C++,C++14 (GCC 5.4.1),cpp,Accepted,34.0,5760.0,655,
s611980494,p02973,u656771711,1563673671,C++,C++14 (GCC 5.4.1),cpp,Accepted,1713.0,768.0,1636,
s000618675,p02973,u900834830,1563673670,C++,C++14 (GCC 5.4.1),cpp,Accepted,100.0,7168.0,1166,
s594139706,p02973,u188208110,1563673662,C++,C++14 (GCC 5.4.1),cpp,Accepted,49.0,5248.0,831,
s998255618,p02973,u090097090,1563673662,C++,C++14 (GCC 5.4.1),cpp,Accepted,48.0,4992.0,549,
s978812114,p02973,u272028993,1563673661,C++,C++14 (GCC 5.4.1),cpp,Accepted,69.0,7168.0,4187,
s996222580,p02973,u155024797,1563673658,Python,PyPy3 (2.4.0),py,Accepted,308.0,48476.0,384,
s733493104,p02973,u124992729,1563673657,C++,C++14 (GCC 5.4.1),cpp,Accepted,67.0,10240.0,670,
s131699203,p02973,u608965386,1563673654,C++,C++14 (GCC 5.4.1),cpp,Accepted,79.0,5376.0,1891,
s326836178,p02973,u676042970,1563673652,C++,C++14 (GCC 5.4.1),cpp,Accepted,47.0,1400.0,646,
s987579293,p02973,u379993235,1563673649,C++,C++14 (GCC 5.4.1),cpp,Accepted,18.0,1404.0,2238,
s565227023,p02973,u845159850,1563673649,C++,C++14 (GCC 5.4.1),cpp,Accepted,49.0,5760.0,1341,
s595665225,p02973,u756088996,1563673647,C++,C++14 (GCC 5.4.1),cpp,Accepted,47.0,1660.0,1201,
s144009110,p02973,u407614884,1563673645,C++,C++14 (GCC 5.4.1),cpp,Accepted,76.0,5376.0,4213,
s219131683,p02973,u930089439,1563673633,C++,C++14 (GCC 5.4.1),cpp,Accepted,16.0,1024.0,1277,
s691303993,p02973,u675296835,1563673622,C++,C++14 (GCC 5.4.1),cpp,Accepted,83.0,5760.0,7832,
s361841123,p02973,u270945478,1563673621,C++,C++14 (GCC 5.4.1),cpp,Accepted,83.0,5760.0,509,
s392726306,p02973,u019489252,1563673612,C++,C++14 (GCC 5.4.1),cpp,Accepted,16.0,2168.0,2200,
s115622251,p02973,u537747009,1563673609,C++,C++ (GCC 5.4.1),cpp,Accepted,49.0,5376.0,1128,
s115684132,p02973,u316473009,1563673608,C++,C++14 (GCC 5.4.1),cpp,Accepted,62.0,5760.0,446,
s213143862,p02973,u693133807,1563673599,C++,C++14 (GCC 5.4.1),cpp,Accepted,93.0,4864.0,767,
s199871761,p02973,u315485238,1563673598,Python,PyPy3 (2.4.0),py,Accepted,559.0,58840.0,332,
s487269035,p02973,u064061804,1563673597,C++,C++14 (GCC 5.4.1),cpp,Accepted,46.0,892.0,947,
s944348770,p02973,u347163009,1563673595,C++,C++14 (GCC 5.4.1),cpp,Accepted,47.0,4992.0,785,
s436315376,p02973,u817722036,1563673593,C++,C++14 (Clang 3.8.0),cpp,Accepted,151.0,6008.0,1424,
s794579516,p02973,u352642493,1563673589,C++,C++14 (GCC 5.4.1),cpp,Accepted,49.0,1024.0,848,
s978885441,p02973,u693953100,1563673571,C++,C++14 (GCC 5.4.1),cpp,Accepted,82.0,5376.0,597,
s449078981,p02973,u368780724,1563673569,Python,PyPy3 (2.4.0),py,Accepted,480.0,64852.0,3795,
s875028056,p02973,u056944756,1563673569,C++,C++14 (GCC 5.4.1),cpp,Accepted,48.0,1408.0,373,
s549159594,p02973,u235057691,1563673568,C++,C++14 (GCC 5.4.1),cpp,Accepted,67.0,4992.0,471,
s813017699,p02973,u731028462,1563673567,C++,C++14 (GCC 5.4.1),cpp,Accepted,78.0,5376.0,677,
s631196049,p02973,u543284218,1563673561,C++,C++14 (GCC 5.4.1),cpp,Accepted,124.0,7168.0,2057,
s083574944,p02973,u990036270,1563673559,C++,C++14 (GCC 5.4.1),cpp,Accepted,62.0,1024.0,734,
s729580965,p02973,u208440216,1563673556,C++,C++14 (GCC 5.4.1),cpp,Accepted,81.0,4992.0,335,
s321292662,p02973,u404459933,1563673551,Python,PyPy3 (2.4.0),py,Accepted,624.0,52312.0,405,
s912967464,p02973,u827202523,1563673538,Python,PyPy3 (2.4.0),py,Accepted,633.0,52440.0,396,
s022602460,p02973,u108808596,1563673537,C++,C++14 (GCC 5.4.1),cpp,Accepted,77.0,5376.0,5167,
s611953338,p02973,u194385557,1563673523,C++,C++14 (Clang 3.8.0),cpp,Accepted,154.0,6392.0,1151,
s952993649,p02973,u084557456,1563673519,C++,C++14 (GCC 5.4.1),cpp,Accepted,37.0,5376.0,406,
s881655619,p02973,u693830343,1563673519,C++,C++14 (GCC 5.4.1),cpp,Accepted,63.0,1024.0,360,
s912243677,p02973,u538188080,1563673515,C++,C++14 (GCC 5.4.1),cpp,Accepted,47.0,892.0,928,
s730687274,p02973,u963606569,1563673508,C++,C++14 (GCC 5.4.1),cpp,Accepted,48.0,5376.0,1575,
s687884301,p02973,u307578234,1563673504,C++,C++14 (GCC 5.4.1),cpp,Accepted,757.0,892.0,1546,
s746471744,p02973,u585482323,1563673504,Python,PyPy3 (2.4.0),py,Accepted,323.0,49116.0,1923,
s596667384,p02973,u066651036,1563673502,C++,C++14 (GCC 5.4.1),cpp,Accepted,61.0,640.0,1898,
s543086199,p02973,u741207575,1563673500,C++,C++14 (GCC 5.4.1),cpp,Accepted,22.0,1664.0,1256,
s314341302,p02973,u968365254,1563673499,C++,C++14 (GCC 5.4.1),cpp,Accepted,81.0,5760.0,472,
s654991409,p02973,u383395260,1563673494,C++,C++14 (GCC 5.4.1),cpp,Accepted,48.0,1280.0,926,
s999022342,p02973,u107077660,1563673488,C++,C++14 (GCC 5.4.1),cpp,Accepted,76.0,5376.0,516,
s652531762,p02973,u020160935,1563673475,C++,C++14 (GCC 5.4.1),cpp,Accepted,16.0,4992.0,1517,
s175118877,p02973,u224756887,1563673473,C++,C++14 (GCC 5.4.1),cpp,Accepted,48.0,1408.0,3874,
s816593225,p02973,u851993789,1563673469,C++,C++14 (GCC 5.4.1),cpp,Accepted,74.0,7296.0,2310,
s568877030,p02973,u986669926,1563673468,C++,C++14 (GCC 5.4.1),cpp,Accepted,15.0,1276.0,490,
s724078194,p02973,u922901775,1563673464,Python,PyPy3 (2.4.0),py,Accepted,507.0,49372.0,915,
s211003552,p02973,u608862204,1563673458,C++,C++14 (GCC 5.4.1),cpp,Accepted,13.0,1024.0,1015,
s970566743,p02973,u169848474,1563673451,C++,C++14 (GCC 5.4.1),cpp,Accepted,48.0,4992.0,477,
s977703485,p02973,u576115185,1563673435,C++,C++14 (GCC 5.4.1),cpp,Accepted,49.0,5376.0,1303,
s194175740,p02973,u392058778,1563673435,C++,C++14 (GCC 5.4.1),cpp,Accepted,48.0,5760.0,2721,
s002155049,p02973,u005899600,1563673426,C++,C++14 (GCC 5.4.1),cpp,Accepted,47.0,5760.0,1062,
s969397977,p02973,u850624593,1563673424,C++,C++14 (GCC 5.4.1),cpp,Accepted,21.0,1024.0,402,
s702153702,p02973,u869595612,1563673418,C++,C++14 (GCC 5.4.1),cpp,Accepted,68.0,4992.0,1969,
s055770384,p02973,u715750943,1563673415,C++,C++14 (GCC 5.4.1),cpp,Accepted,18.0,1792.0,2980,
s917229252,p02973,u866733412,1563673406,C++,C++14 (GCC 5.4.1),cpp,Accepted,78.0,5376.0,923,
s293247059,p02973,u660834360,1563673400,C++,C++14 (GCC 5.4.1),cpp,Accepted,49.0,1792.0,511,
s037871320,p02973,u168579419,1563673397,C++,C++14 (GCC 5.4.1),cpp,Accepted,47.0,2168.0,5498,
s521721779,p02973,u423690156,1563673395,C++,C++14 (GCC 5.4.1),cpp,Accepted,49.0,5760.0,697,
s516518982,p02973,u031593168,1563673393,C++,C++14 (GCC 5.4.1),cpp,Accepted,79.0,5248.0,1098,
s124611472,p02973,u500496457,1563673392,C++,C++14 (Clang 3.8.0),cpp,Accepted,24.0,1656.0,3142,
s145147798,p02973,u604693716,1563673390,C++,C++14 (GCC 5.4.1),cpp,Accepted,80.0,4992.0,435,
s376277676,p02973,u047371023,1563673385,C++,C++14 (GCC 5.4.1),cpp,Accepted,35.0,12928.0,613,
s310623659,p02973,u084411645,1563673378,C++,C++14 (GCC 5.4.1),cpp,Accepted,17.0,2168.0,2358,
s815682033,p02973,u478540642,1563673377,C++,C++14 (GCC 5.4.1),cpp,Accepted,17.0,4736.0,344,
s826974135,p02973,u518468154,1563673376,C++,C++14 (GCC 5.4.1),cpp,Accepted,15.0,640.0,458,
s460849140,p02973,u656572785,1563673372,C++,C++14 (GCC 5.4.1),cpp,Accepted,110.0,11264.0,1896,
s330798520,p02973,u065446124,1563673371,Python,PyPy3 (2.4.0),py,Accepted,570.0,53640.0,192,
s243308010,p02973,u114415753,1563673368,C++,C++14 (GCC 5.4.1),cpp,Accepted,82.0,5376.0,974,
s001675048,p02973,u273957331,1563673356,C++,C++14 (GCC 5.4.1),cpp,Accepted,49.0,5760.0,3023,
s784566654,p02973,u065025264,1563673353,C++,C++14 (GCC 5.4.1),cpp,Accepted,1442.0,1400.0,728,
s328957023,p02973,u543167400,1563673352,C++,C++14 (GCC 5.4.1),cpp,Accepted,83.0,8704.0,4505,
s992520010,p02973,u693027786,1563673345,C++,C++14 (GCC 5.4.1),cpp,Accepted,82.0,5760.0,838,
s602097071,p02973,u443010331,1563673345,C++,C++14 (GCC 5.4.1),cpp,Accepted,80.0,5248.0,2305,
s696980139,p02973,u892251744,1563673340,Python,PyPy3 (2.4.0),py,Accepted,741.0,47960.0,278,
s194328863,p02973,u010708243,1563673334,C++,C++14 (GCC 5.4.1),cpp,Accepted,78.0,5376.0,544,
s637573678,p02973,u058107115,1563673325,C++,C++14 (GCC 5.4.1),cpp,Accepted,51.0,2048.0,1936,
s503908864,p02973,u221119670,1563673306,C++,C++14 (GCC 5.4.1),cpp,Accepted,123.0,3192.0,2909,
s191726289,p02973,u093219895,1563673305,C++,C++14 (GCC 5.4.1),cpp,Accepted,48.0,5376.0,3246,
s662551968,p02973,u614134313,1563673301,C++,C++14 (GCC 5.4.1),cpp,Accepted,49.0,5376.0,559,
s186188472,p02973,u171366497,1563673295,C++,C++14 (GCC 5.4.1),cpp,Accepted,49.0,1792.0,1265,
s801733424,p02973,u071692456,1563673293,C++,C++14 (GCC 5.4.1),cpp,Accepted,49.0,1408.0,853,
s125394958,p02973,u077337864,1563673272,Python,Python (3.4.3),py,Accepted,371.0,8604.0,415,
s483299595,p02973,u394033362,1563673272,C++,C++14 (GCC 5.4.1),cpp,Accepted,48.0,5376.0,858,
s002833006,p02973,u917048429,1563673271,C++,C++14 (Clang 3.8.0),cpp,Accepted,24.0,2800.0,1912,
s569425205,p02973,u895641117,1563673270,C++,C++14 (GCC 5.4.1),cpp,Accepted,48.0,5376.0,1814,
s745025077,p02973,u956758464,1563673267,C++,C++14 (GCC 5.4.1),cpp,Accepted,78.0,4992.0,450,
s394474528,p02973,u276999104,1563673259,C++,C++14 (GCC 5.4.1),cpp,Accepted,47.0,4992.0,573,
s607542075,p02973,u317754719,1563673256,C++,C++14 (GCC 5.4.1),cpp,Accepted,84.0,5760.0,1219,
s325568176,p02973,u584355711,1563673250,C++,C++14 (GCC 5.4.1),cpp,Accepted,19.0,1792.0,2844,
s316705504,p02973,u438319362,1563673248,C++,C++14 (GCC 5.4.1),cpp,Accepted,79.0,5760.0,1173,
s811561754,p02973,u535413433,1563673247,C++,C++14 (GCC 5.4.1),cpp,Accepted,49.0,5376.0,1406,
s902944138,p02973,u844005364,1563673245,Python,Python (3.4.3),py,Accepted,338.0,7284.0,450,
s761124567,p02973,u896034488,1563673235,C++,C++14 (GCC 5.4.1),cpp,Accepted,47.0,4992.0,1174,
s151200577,p02973,u934118424,1563673234,C++,C++14 (GCC 5.4.1),cpp,Accepted,34.0,1280.0,790,
s339620476,p02973,u859396346,1563673231,C++,C++14 (GCC 5.4.1),cpp,Accepted,48.0,5760.0,1960,
s951068325,p02973,u620480037,1563673229,Python,Python (3.4.3),py,Accepted,442.0,8064.0,470,
s302477899,p02973,u333945892,1563673221,Python,PyPy3 (2.4.0),py,Accepted,603.0,55892.0,621,
s655730377,p02973,u874786170,1563673221,C++,C++14 (GCC 5.4.1),cpp,Accepted,73.0,5760.0,654,
s239691601,p02973,u437338525,1563673201,C++,C++14 (GCC 5.4.1),cpp,Accepted,66.0,1024.0,628,
s352516824,p02973,u024809932,1563673198,C++,C++14 (GCC 5.4.1),cpp,Accepted,84.0,4992.0,476,
s032868180,p02973,u734548018,1563673197,Python,PyPy3 (2.4.0),py,Accepted,746.0,54360.0,403,
s956928300,p02973,u584174687,1563673196,Python,PyPy3 (2.4.0),py,Accepted,304.0,49948.0,481,
s622243912,p02973,u172873334,1563673195,C++,C++14 (GCC 5.4.1),cpp,Accepted,41.0,5376.0,7563,
s054079243,p02973,u565795452,1563673192,C++,C++14 (GCC 5.4.1),cpp,Accepted,17.0,1276.0,591,
s551207980,p02973,u127130661,1563673188,C++,C++14 (GCC 5.4.1),cpp,Accepted,20.0,896.0,571,
s248090025,p02973,u334624175,1563673184,C++,C++14 (Clang 3.8.0),cpp,Accepted,146.0,4992.0,854,
s066124017,p02973,u600880717,1563673181,C++,C++14 (GCC 5.4.1),cpp,Accepted,78.0,5760.0,2652,
s289756879,p02973,u444804755,1563673175,C++,C++14 (GCC 5.4.1),cpp,Accepted,77.0,4992.0,530,
s445620873,p02973,u633757735,1563673164,C++,C++14 (GCC 5.4.1),cpp,Accepted,99.0,7168.0,507,
s060974463,p02973,u792078574,1563673152,Python,Python (3.4.3),py,Accepted,240.0,11036.0,275,
s031340907,p02973,u558092537,1563673152,C++,C++14 (Clang 3.8.0),cpp,Accepted,119.0,3192.0,1725,
s149150765,p02973,u824327013,1563673150,C++,C++14 (GCC 5.4.1),cpp,Accepted,46.0,1528.0,2282,
s855084974,p02973,u187582424,1563673140,C++,C++14 (GCC 5.4.1),cpp,Accepted,17.0,1144.0,1632,
s412689240,p02973,u309985845,1563673135,C++,C++14 (GCC 5.4.1),cpp,Accepted,99.0,1024.0,456,
s671477443,p02973,u751724075,1563673132,Python,Python (3.4.3),py,Accepted,612.0,7836.0,517,
s315135226,p02973,u823542847,1563673127,C++,C++14 (GCC 5.4.1),cpp,Accepted,17.0,1024.0,388,
s335911674,p02973,u399721252,1563673126,Python,PyPy3 (2.4.0),py,Accepted,337.0,46684.0,312,
s678531572,p02973,u072550332,1563673120,C++,C++14 (GCC 5.4.1),cpp,Accepted,49.0,4992.0,1126,
s844055070,p02973,u069450081,1563673111,C++,C++14 (GCC 5.4.1),cpp,Accepted,16.0,1276.0,1511,
s626053534,p02973,u297574184,1563673086,Python,Python (3.4.3),py,Accepted,246.0,7840.0,227,
s279651856,p02973,u471289663,1563673085,C++,C++14 (GCC 5.4.1),cpp,Accepted,100.0,7168.0,1426,
s436266926,p02973,u079330987,1563673078,C++,C++14 (GCC 5.4.1),cpp,Accepted,40.0,5376.0,5430,
s062228170,p02973,u054016602,1563673078,C++,C++14 (GCC 5.4.1),cpp,Accepted,49.0,5760.0,754,
s560753188,p02973,u424655672,1563673077,C++,C++14 (GCC 5.4.1),cpp,Accepted,178.0,2048.0,2122,
s972702170,p02973,u340980616,1563673066,C++,C++14 (GCC 5.4.1),cpp,Accepted,80.0,5760.0,681,
s686463314,p02973,u639849578,1563673060,C++,C++14 (GCC 5.4.1),cpp,Accepted,15.0,1144.0,1414,
s175373210,p02973,u898167769,1563673059,C++,C++14 (GCC 5.4.1),cpp,Accepted,83.0,5760.0,1595,
s822530324,p02973,u114354092,1563673048,C++,C++14 (GCC 5.4.1),cpp,Accepted,16.0,1912.0,2592,
s871225355,p02973,u765391939,1563673046,C++,C++14 (GCC 5.4.1),cpp,Accepted,50.0,5376.0,435,
s720498638,p02973,u512065998,1563673037,C++,C++14 (GCC 5.4.1),cpp,Accepted,34.0,1408.0,606,
s920527332,p02973,u728334433,1563673037,C++,C++14 (GCC 5.4.1),cpp,Accepted,16.0,2168.0,2449,
s100464272,p02973,u729652692,1563673032,C++,C++14 (GCC 5.4.1),cpp,Accepted,16.0,640.0,1898,
s139174783,p02973,u631277801,1563673021,Python,Python (3.4.3),py,Accepted,184.0,20376.0,732,
s554877378,p02973,u454087021,1563673017,C++,C++14 (GCC 5.4.1),cpp,Accepted,71.0,5760.0,425,
s055666962,p02973,u516353059,1563673013,C++,C++14 (GCC 5.4.1),cpp,Accepted,49.0,5760.0,2103,
s745318240,p02973,u038806998,1563673013,C++,C++14 (GCC 5.4.1),cpp,Accepted,16.0,640.0,445,
s677711034,p02973,u851848924,1563673007,C++,C++14 (GCC 5.4.1),cpp,Accepted,50.0,5376.0,946,
s932277361,p02973,u497614346,1563673004,C++,C++14 (GCC 5.4.1),cpp,Accepted,18.0,1024.0,603,
s880824307,p02973,u562016607,1563672995,Python,PyPy3 (2.4.0),py,Accepted,873.0,66896.0,1094,
s909000470,p02973,u598050616,1563672991,C++,C++14 (GCC 5.4.1),cpp,Accepted,61.0,640.0,214,
s617602014,p02973,u866968224,1563672991,C++,C++14 (GCC 5.4.1),cpp,Accepted,150.0,1024.0,1040,
s722808730,p02973,u192982222,1563672982,C++,C++14 (GCC 5.4.1),cpp,Accepted,16.0,1024.0,932,
s920032353,p02973,u259396003,1563672976,C++,C++14 (GCC 5.4.1),cpp,Accepted,109.0,1792.0,967,
s581481204,p02973,u113973663,1563672974,C++,C++14 (GCC 5.4.1),cpp,Accepted,17.0,1144.0,1626,
s050152460,p02973,u495699318,1563672973,C++,C++14 (GCC 5.4.1),cpp,Accepted,51.0,1664.0,1551,
s418279263,p02973,u946322619,1563672971,C++,C++14 (GCC 5.4.1),cpp,Accepted,48.0,1024.0,4298,
s556556558,p02973,u595557971,1563672968,C++,C++14 (GCC 5.4.1),cpp,Accepted,41.0,2176.0,946,
s501134738,p02973,u606919221,1563672966,C++,C++14 (GCC 5.4.1),cpp,Accepted,88.0,9972.0,1210,
s550213189,p02973,u061850718,1563672959,C++,C++14 (GCC 5.4.1),cpp,Accepted,52.0,4992.0,515,
s374298297,p02973,u246275061,1563672959,C++,C++14 (GCC 5.4.1),cpp,Accepted,72.0,5760.0,1170,
s408328138,p02973,u453809729,1563672955,C++,C++14 (GCC 5.4.1),cpp,Accepted,49.0,1792.0,349,
s597113140,p02973,u090994275,1563672954,C++,C++14 (GCC 5.4.1),cpp,Accepted,101.0,8704.0,1360,
s744914414,p02973,u141642872,1563672944,C++,C++14 (GCC 5.4.1),cpp,Accepted,15.0,2168.0,2642,
s463943130,p02973,u752161277,1563672935,C++,C++14 (GCC 5.4.1),cpp,Accepted,89.0,5248.0,652,
s844034136,p02973,u104888333,1563672934,C++,C++14 (GCC 5.4.1),cpp,Accepted,16.0,9216.0,2572,
s997999653,p02973,u086878393,1563672934,C++,C++14 (GCC 5.4.1),cpp,Accepted,49.0,5760.0,2023,
s967499035,p02973,u965730380,1563672934,C++,C++14 (GCC 5.4.1),cpp,Accepted,34.0,8448.0,1228,
s715429210,p02973,u147049801,1563672930,C++,C++14 (GCC 5.4.1),cpp,Accepted,84.0,5760.0,1590,
s607778580,p02973,u899635344,1563672930,C++,C++14 (GCC 5.4.1),cpp,Accepted,77.0,5760.0,1616,
s236662862,p02973,u341957179,1563672927,C++,C++14 (GCC 5.4.1),cpp,Accepted,78.0,5760.0,624,
s761767245,p02973,u896838289,1563672926,C++,C++14 (GCC 5.4.1),cpp,Accepted,16.0,1660.0,2209,
s452037206,p02973,u700219079,1563672922,C++,C++14 (GCC 5.4.1),cpp,Accepted,34.0,1408.0,793,
s334743306,p02973,u462434199,1563672912,C++,C++14 (GCC 5.4.1),cpp,Accepted,51.0,5760.0,769,
s996845254,p02973,u374103100,1563672911,Python,PyPy3 (2.4.0),py,Accepted,721.0,54488.0,587,
s803233240,p02973,u399268660,1563672910,C++,C++14 (GCC 5.4.1),cpp,Accepted,47.0,4992.0,354,
s477223668,p02973,u795058347,1563672910,C++,C++14 (GCC 5.4.1),cpp,Accepted,130.0,11264.0,4484,
s468592998,p02973,u215722591,1563672910,C++,C++14 (GCC 5.4.1),cpp,Accepted,77.0,5376.0,415,
s861176562,p02973,u993519359,1563672901,C++,C++14 (GCC 5.4.1),cpp,Accepted,47.0,5376.0,1237,
s638004668,p02973,u104282757,1563672899,Python,PyPy3 (2.4.0),py,Accepted,578.0,48512.0,308,
s885739747,p02973,u741966838,1563672897,C++,C++14 (GCC 5.4.1),cpp,Accepted,47.0,5376.0,610,
s534578015,p02973,u867285555,1563672882,C++,C++14 (GCC 5.4.1),cpp,Accepted,56.0,5760.0,486,
s112706034,p02973,u555962250,1563672882,C++,C++14 (GCC 5.4.1),cpp,Accepted,50.0,640.0,459,
s859209137,p02973,u765606693,1563672866,C++,C++14 (GCC 5.4.1),cpp,Accepted,81.0,4864.0,683,
s003104081,p02973,u774596402,1563672854,C++,C++14 (GCC 5.4.1),cpp,Accepted,17.0,1024.0,2404,
s347258460,p02973,u218842729,1563672846,C++,C++14 (GCC 5.4.1),cpp,Accepted,48.0,5760.0,913,
s577585569,p02973,u047398677,1563672836,C++,C++14 (GCC 5.4.1),cpp,Accepted,113.0,6008.0,1153,
s986721752,p02973,u215122692,1563672834,C++,C++14 (GCC 5.4.1),cpp,Accepted,54.0,9636.0,1695,
s855211721,p02973,u803118370,1563672833,C++,C++ (GCC 5.4.1),cpp,Accepted,17.0,1024.0,336,
s723008933,p02973,u728732647,1563672830,C++,C++14 (GCC 5.4.1),cpp,Accepted,70.0,7168.0,2506,
s696661278,p02973,u992782045,1563672828,C++,C++14 (GCC 5.4.1),cpp,Accepted,45.0,5376.0,1863,
s014293114,p02973,u301030835,1563672822,C++,C++14 (GCC 5.4.1),cpp,Accepted,47.0,1276.0,571,
s259882942,p02973,u131020584,1563672816,C++,C++14 (GCC 5.4.1),cpp,Accepted,22.0,8448.0,1921,
s355771259,p02973,u825075571,1563672816,C++,C++14 (GCC 5.4.1),cpp,Accepted,43.0,5376.0,377,
s350056126,p02973,u226963522,1563672813,C++,C++14 (GCC 5.4.1),cpp,Accepted,16.0,896.0,1147,
s615625053,p02973,u538082988,1563672806,C++,C++14 (GCC 5.4.1),cpp,Accepted,52.0,4992.0,322,
s232974994,p02973,u051493691,1563672800,C++,C++14 (GCC 5.4.1),cpp,Accepted,49.0,5760.0,11309,
s713285467,p02973,u141968173,1563672798,C++,C++14 (GCC 5.4.1),cpp,Accepted,136.0,2168.0,472,
s465530003,p02973,u839511400,1563672796,C++,C++14 (GCC 5.4.1),cpp,Accepted,48.0,5376.0,687,
s223735638,p02973,u371184667,1563672794,C++,C++14 (GCC 5.4.1),cpp,Accepted,21.0,1024.0,517,
s388680254,p02973,u564902833,1563672792,Python,PyPy3 (2.4.0),py,Accepted,599.0,56024.0,247,
s859655500,p02973,u436045956,1563672788,C++,C++14 (GCC 5.4.1),cpp,Accepted,63.0,1024.0,808,
s662939460,p02973,u120810144,1563672783,C++,C++14 (GCC 5.4.1),cpp,Accepted,72.0,5376.0,1415,
s696170686,p02973,u002419600,1563672783,C++,C++14 (GCC 5.4.1),cpp,Accepted,49.0,5760.0,1070,
s403751262,p02973,u168578024,1563672775,C++,C++14 (GCC 5.4.1),cpp,Accepted,17.0,1024.0,5591,
s412974748,p02973,u265881782,1563672756,C++,C++14 (GCC 5.4.1),cpp,Accepted,45.0,1024.0,528,
s076660630,p02973,u759266806,1563672751,C++,C++14 (GCC 5.4.1),cpp,Accepted,48.0,5760.0,1937,
s570595995,p02973,u042105122,1563672751,C++,C++14 (GCC 5.4.1),cpp,Accepted,49.0,5376.0,582,
s561648806,p02973,u485550995,1563672750,C++,C++14 (GCC 5.4.1),cpp,Accepted,34.0,5376.0,1098,
s181389182,p02973,u839270538,1563672749,C++,C++14 (GCC 5.4.1),cpp,Accepted,82.0,5376.0,484,
s951143045,p02973,u385545325,1563672740,C++,C++14 (GCC 5.4.1),cpp,Accepted,34.0,1408.0,866,
s439764665,p02973,u350067912,1563672735,C++,C++14 (GCC 5.4.1),cpp,Accepted,33.0,1408.0,587,
s441627421,p02973,u118846704,1563672732,C++,C++14 (GCC 5.4.1),cpp,Accepted,757.0,1276.0,1194,
s157498784,p02973,u157085392,1563672711,C++,C++14 (GCC 5.4.1),cpp,Accepted,49.0,5376.0,5743,
s285669060,p02973,u938924220,1563672704,C++,C++14 (GCC 5.4.1),cpp,Accepted,48.0,5376.0,3671,
s908219365,p02973,u448147261,1563672691,C++,C++14 (GCC 5.4.1),cpp,Accepted,51.0,5760.0,835,
s778096439,p02973,u671537665,1563672689,C++,C++14 (GCC 5.4.1),cpp,Accepted,37.0,4992.0,316,
s614445834,p02973,u006659439,1563672685,C++,C++14 (GCC 5.4.1),cpp,Accepted,51.0,4992.0,299,
s977564412,p02973,u591883167,1563672679,C++,C++14 (GCC 5.4.1),cpp,Accepted,71.0,7168.0,2265,
s811280049,p02973,u069838609,1563672677,Python,PyPy3 (2.4.0),py,Accepted,821.0,83804.0,47734,
s409041118,p02973,u918357423,1563672675,C++,C++14 (GCC 5.4.1),cpp,Accepted,49.0,5248.0,1312,
s972980432,p02973,u462560753,1563672671,C++,C++14 (GCC 5.4.1),cpp,Accepted,453.0,7936.0,1742,
s336659026,p02973,u264225633,1563672669,C++,C++14 (GCC 5.4.1),cpp,Accepted,50.0,3712.0,1338,
s924394905,p02973,u450950891,1563672659,C++,C++14 (GCC 5.4.1),cpp,Accepted,13.0,1024.0,688,
s402794145,p02973,u116436282,1563672651,C++,C++14 (GCC 5.4.1),cpp,Accepted,82.0,7296.0,806,
s927017045,p02973,u274698311,1563672643,C++,C++14 (GCC 5.4.1),cpp,Accepted,78.0,11776.0,1121,
s065388335,p02973,u804309709,1563672638,C++,C++14 (GCC 5.4.1),cpp,Accepted,48.0,5376.0,749,
s306325184,p02973,u555933327,1563672638,C++,C++14 (GCC 5.4.1),cpp,Accepted,61.0,1024.0,458,
s162811246,p02973,u066478371,1563672632,C++,C++14 (GCC 5.4.1),cpp,Accepted,47.0,4992.0,1066,
s059519402,p02973,u497408083,1563672630,C++,C++14 (GCC 5.4.1),cpp,Accepted,39.0,13312.0,2914,
s989059918,p02973,u071420104,1563672628,C++,C++14 (GCC 5.4.1),cpp,Accepted,18.0,1408.0,900,
s365737345,p02973,u036561304,1563672628,C++,C++14 (GCC 5.4.1),cpp,Accepted,80.0,5760.0,478,
s153061671,p02973,u437187732,1563672611,C++,C++14 (GCC 5.4.1),cpp,Accepted,17.0,1024.0,568,
s240492085,p02973,u691764803,1563672609,C++,C++14 (GCC 5.4.1),cpp,Accepted,15.0,1400.0,804,
s256977426,p02973,u570522509,1563672598,C++,C++14 (GCC 5.4.1),cpp,Accepted,50.0,5760.0,2035,
s600415755,p02973,u357265888,1563672598,C++,C++14 (GCC 5.4.1),cpp,Accepted,67.0,5760.0,1049,
s165289494,p02973,u239493918,1563672596,C++,C++14 (GCC 5.4.1),cpp,Accepted,49.0,5760.0,5941,
s011341734,p02973,u562319622,1563672586,C++,C++14 (GCC 5.4.1),cpp,Accepted,50.0,5376.0,692,
s178771875,p02973,u444952979,1563672584,C++,C++14 (GCC 5.4.1),cpp,Accepted,78.0,5376.0,1335,
s605814875,p02973,u757189157,1563672581,C++,C++14 (GCC 5.4.1),cpp,Accepted,44.0,5376.0,410,
s359955552,p02973,u855429581,1563672580,C++,C++14 (GCC 5.4.1),cpp,Accepted,54.0,4864.0,537,
s249321976,p02973,u263542246,1563672578,C++,C++14 (GCC 5.4.1),cpp,Accepted,49.0,1400.0,449,
s811109503,p02973,u509368316,1563672578,Python,Python (3.4.3),py,Accepted,526.0,8092.0,233,
s650824155,p02973,u114234520,1563672573,C++,C++14 (GCC 5.4.1),cpp,Accepted,72.0,5760.0,642,
s930569340,p02973,u215522871,1563672557,C++,C++14 (GCC 5.4.1),cpp,Accepted,17.0,640.0,517,
s786966492,p02973,u891482208,1563672557,C++,C++14 (GCC 5.4.1),cpp,Accepted,47.0,892.0,397,
s094358217,p02973,u694731294,1563672541,C++,C++14 (GCC 5.4.1),cpp,Accepted,15.0,1400.0,968,
s162935082,p02973,u703999673,1563672538,C++,C++14 (GCC 5.4.1),cpp,Accepted,46.0,1528.0,2577,
s943807683,p02973,u999036243,1563672536,C++,C++14 (GCC 5.4.1),cpp,Accepted,16.0,896.0,339,
s699063675,p02973,u968834127,1563672531,C++,C++14 (GCC 5.4.1),cpp,Accepted,47.0,4992.0,846,
s528194269,p02973,u271063202,1563672523,C++,C++14 (GCC 5.4.1),cpp,Accepted,61.0,640.0,859,
s544449803,p02973,u297367372,1563672523,C++,C++14 (GCC 5.4.1),cpp,Accepted,79.0,5376.0,658,
s964755421,p02973,u568652083,1563672511,C++,C++14 (GCC 5.4.1),cpp,Accepted,68.0,5376.0,2129,
s246710369,p02973,u777468981,1563672510,C++,C++14 (GCC 5.4.1),cpp,Accepted,83.0,5760.0,523,
s417636939,p02973,u928673524,1563672509,C++,C++14 (GCC 5.4.1),cpp,Accepted,35.0,1408.0,553,
s159120359,p02973,u521455622,1563672506,C++,C++14 (GCC 5.4.1),cpp,Accepted,16.0,1276.0,844,
s898174634,p02973,u449722246,1563672497,C++,C++14 (GCC 5.4.1),cpp,Accepted,81.0,5376.0,486,
s376553350,p02973,u243961437,1563672475,C++,C++14 (GCC 5.4.1),cpp,Accepted,83.0,5376.0,439,
s135147540,p02973,u915020369,1563672473,C++,C++14 (GCC 5.4.1),cpp,Accepted,45.0,5760.0,1770,
s555654128,p02973,u580402951,1563672470,C++,C++14 (GCC 5.4.1),cpp,Accepted,85.0,5368.0,890,
s323862074,p02973,u091970605,1563672468,C++,C++14 (GCC 5.4.1),cpp,Accepted,16.0,2168.0,849,
s270566226,p02973,u015514760,1563672467,C++,C++14 (GCC 5.4.1),cpp,Accepted,85.0,5376.0,504,
s484468368,p02973,u712630284,1563672463,C++,C++14 (GCC 5.4.1),cpp,Accepted,45.0,5760.0,1604,
s043409360,p02973,u613623257,1563672460,C++,C++14 (GCC 5.4.1),cpp,Accepted,48.0,5376.0,715,
s728623922,p02973,u261822200,1563672459,C++,C++14 (GCC 5.4.1),cpp,Accepted,61.0,1024.0,298,
s031892892,p02973,u007610006,1563672457,C++,C++14 (Clang 3.8.0),cpp,Accepted,151.0,5376.0,1000,
s877433869,p02973,u786191361,1563672449,C++,C++14 (GCC 5.4.1),cpp,Accepted,31.0,1408.0,1420,
s530821252,p02973,u716044393,1563672445,C++,C++14 (GCC 5.4.1),cpp,Accepted,17.0,1792.0,4397,
s440179120,p02973,u623954643,1563672438,C++,C++14 (GCC 5.4.1),cpp,Accepted,79.0,5248.0,665,
s996962628,p02973,u075551644,1563672427,C++,C++14 (GCC 5.4.1),cpp,Accepted,82.0,5760.0,3735,
s291449640,p02973,u933068010,1563672427,C++,C++14 (GCC 5.4.1),cpp,Accepted,54.0,5760.0,3625,
s133472396,p02973,u198150045,1563672418,C++,C++14 (GCC 5.4.1),cpp,Accepted,49.0,5376.0,431,
s101547774,p02973,u431742942,1563672412,C++,C++14 (GCC 5.4.1),cpp,Accepted,17.0,1276.0,460,
s646667697,p02973,u758675363,1563672411,C++,C++14 (GCC 5.4.1),cpp,Accepted,61.0,1024.0,1011,
s461556748,p02973,u370870350,1563672409,C++,C++14 (GCC 5.4.1),cpp,Accepted,50.0,5376.0,497,
s194144311,p02973,u268245868,1563672404,C++,C++14 (GCC 5.4.1),cpp,Accepted,15.0,1024.0,2607,
s574263518,p02973,u269963329,1563672403,C++,C++14 (GCC 5.4.1),cpp,Accepted,47.0,2168.0,493,
s744722908,p02973,u965103758,1563672400,C++,C++14 (GCC 5.4.1),cpp,Accepted,46.0,1792.0,640,
s819731415,p02973,u717168969,1563672397,C++,C++14 (GCC 5.4.1),cpp,Accepted,49.0,5376.0,468,
s429476894,p02973,u455656648,1563672391,C++,C++14 (GCC 5.4.1),cpp,Accepted,36.0,5376.0,450,
s006485086,p02973,u838742270,1563672390,C++,C++11 (GCC 4.8.1),cpp,Accepted,48.0,1528.0,1804,
s646764146,p02973,u959479368,1563672388,C++,C++14 (GCC 5.4.1),cpp,Accepted,47.0,4992.0,681,
s994173272,p02973,u437391064,1563672385,C++,C++14 (GCC 5.4.1),cpp,Accepted,77.0,5376.0,1521,
s843346712,p02973,u662513110,1563672381,C++,C++14 (GCC 5.4.1),cpp,Accepted,17.0,4352.0,619,
s586102893,p02973,u427216196,1563672380,C++,C++14 (GCC 5.4.1),cpp,Accepted,47.0,1400.0,530,
s640357900,p02973,u173958549,1563672375,C++,C++14 (GCC 5.4.1),cpp,Accepted,590.0,1408.0,482,
s000257361,p02973,u456065785,1563672372,C++,C++14 (GCC 5.4.1),cpp,Accepted,78.0,5760.0,504,
s958876836,p02973,u449233835,1563672365,C++,C++14 (GCC 5.4.1),cpp,Accepted,34.0,1408.0,815,
s115448188,p02973,u173958549,1563672364,C++,C++14 (GCC 5.4.1),cpp,Accepted,590.0,1408.0,482,
s810058365,p02973,u711985352,1563672360,C++,C++14 (GCC 5.4.1),cpp,Accepted,71.0,4992.0,1028,
s095496521,p02973,u405923605,1563672348,C++,C++14 (GCC 5.4.1),cpp,Accepted,82.0,5760.0,1114,
s170054169,p02973,u331948661,1563672345,C++,C++14 (GCC 5.4.1),cpp,Accepted,84.0,4992.0,307,
s597486753,p02973,u226153407,1563672342,C++,C++14 (GCC 5.4.1),cpp,Accepted,17.0,1024.0,1000,
s645773646,p02973,u241159494,1563672342,C++,C++14 (GCC 5.4.1),cpp,Accepted,16.0,640.0,527,
s373892584,p02973,u852113235,1563672334,C++,C++14 (GCC 5.4.1),cpp,Accepted,49.0,5760.0,2939,
s371826679,p02973,u832039789,1563672333,C++,C++14 (GCC 5.4.1),cpp,Accepted,47.0,5376.0,7049,
s607140065,p02973,u995792346,1563672314,C++,C++14 (GCC 5.4.1),cpp,Accepted,50.0,5760.0,734,
s840202059,p02973,u774906517,1563672311,C++,C++14 (GCC 5.4.1),cpp,Accepted,49.0,5376.0,1386,
s027736817,p02973,u158297468,1563672307,C++,C++14 (GCC 5.4.1),cpp,Accepted,15.0,1276.0,497,
s497876980,p02973,u625437412,1563672304,C++,C++14 (GCC 5.4.1),cpp,Accepted,49.0,5376.0,362,
s541045524,p02973,u646339490,1563672300,C++,C++14 (GCC 5.4.1),cpp,Accepted,510.0,5376.0,862,
s293009708,p02973,u219786796,1563672297,C++,C++14 (GCC 5.4.1),cpp,Accepted,44.0,1528.0,2449,
s645287614,p02973,u197759960,1563672296,C++,C++14 (GCC 5.4.1),cpp,Accepted,31.0,1408.0,1914,
s013758908,p02973,u864197622,1563672291,Python,PyPy3 (2.4.0),py,Accepted,598.0,47884.0,167,
s667042403,p02973,u133391510,1563672287,C++,C++14 (GCC 5.4.1),cpp,Accepted,49.0,1408.0,509,
s493005928,p02973,u930898631,1563672286,C++,C++14 (GCC 5.4.1),cpp,Accepted,68.0,2048.0,1404,
s163538247,p02973,u374099594,1563672278,C++,C++14 (GCC 5.4.1),cpp,Accepted,79.0,4992.0,395,
s867643292,p02973,u401416019,1563672276,C++,C++14 (GCC 5.4.1),cpp,Accepted,49.0,5760.0,767,
s340343424,p02973,u432688695,1563672266,C++,C++14 (GCC 5.4.1),cpp,Accepted,49.0,5760.0,1172,
s130323229,p02973,u685903284,1563672264,C++,C++14 (GCC 5.4.1),cpp,Accepted,13.0,1024.0,582,
s920577536,p02973,u428138331,1563672262,C++,C++14 (GCC 5.4.1),cpp,Accepted,15.0,892.0,858,
s326571556,p02973,u864888234,1563672259,C++,C++14 (GCC 5.4.1),cpp,Accepted,17.0,1792.0,720,
s573066597,p02973,u942774736,1563672255,C++,C++14 (GCC 5.4.1),cpp,Accepted,106.0,6400.0,568,
s167185317,p02973,u422347032,1563672246,C++,C++14 (GCC 5.4.1),cpp,Accepted,48.0,5760.0,981,
s996964745,p02973,u236019708,1563672246,C++,C++14 (GCC 5.4.1),cpp,Accepted,15.0,1024.0,2579,
s193447296,p02973,u480892088,1563672244,C++,C++14 (GCC 5.4.1),cpp,Accepted,792.0,7296.0,936,
s478268008,p02973,u586567203,1563672239,C++,C++14 (GCC 5.4.1),cpp,Accepted,47.0,1400.0,599,
s072388838,p02973,u435651023,1563672239,C++,C++14 (GCC 5.4.1),cpp,Accepted,49.0,5376.0,359,
s358131368,p02973,u553623615,1563672238,C++,C++14 (GCC 5.4.1),cpp,Accepted,49.0,5376.0,536,
s836863600,p02973,u133630059,1563672237,C++,C++14 (GCC 5.4.1),cpp,Accepted,50.0,5760.0,1229,
s256016794,p02973,u573590043,1563672236,C++,C++14 (GCC 5.4.1),cpp,Accepted,17.0,1024.0,840,
s208403403,p02973,u393245399,1563672231,C++,C++14 (GCC 5.4.1),cpp,Accepted,49.0,5376.0,848,
s489387683,p02973,u237225934,1563672227,C++,C++14 (GCC 5.4.1),cpp,Accepted,50.0,5376.0,1018,
s618791072,p02973,u280335785,1563672227,C++,C++14 (GCC 5.4.1),cpp,Accepted,16.0,1276.0,472,
s481197629,p02973,u640974109,1563672225,C++,C++14 (GCC 5.4.1),cpp,Accepted,35.0,4992.0,375,
s296873662,p02973,u419330815,1563672224,C++,C++14 (GCC 5.4.1),cpp,Accepted,48.0,1024.0,706,
s925150111,p02973,u207056619,1563672220,C++,C++14 (GCC 5.4.1),cpp,Accepted,80.0,5376.0,600,
s887060539,p02973,u161582333,1563672217,C++,C++14 (GCC 5.4.1),cpp,Accepted,76.0,5376.0,1190,
s028970793,p02973,u974440381,1563672212,C++,C++14 (GCC 5.4.1),cpp,Accepted,48.0,5376.0,2899,
s357418853,p02973,u820262277,1563672207,C++,C++11 (GCC 4.8.1),cpp,Accepted,50.0,5760.0,18812,
s041925009,p02973,u209713918,1563672205,C++,C++14 (GCC 5.4.1),cpp,Accepted,55.0,5376.0,999,
s289617155,p02973,u521364030,1563672196,C++,C++14 (GCC 5.4.1),cpp,Accepted,84.0,4992.0,379,
s008541698,p02973,u884914117,1563672195,C++,C++14 (GCC 5.4.1),cpp,Accepted,39.0,5760.0,1469,
s292128517,p02973,u614497125,1563672195,C++,C++14 (GCC 5.4.1),cpp,Accepted,48.0,5376.0,551,
s815876796,p02973,u847501264,1563672182,C++,C++14 (GCC 5.4.1),cpp,Accepted,15.0,1276.0,991,
s874645869,p02973,u537859408,1563672182,C++,C++14 (GCC 5.4.1),cpp,Accepted,16.0,1024.0,1771,
s074057238,p02973,u423624748,1563672181,C++,C++14 (GCC 5.4.1),cpp,Accepted,35.0,5760.0,3472,
s645818781,p02973,u699433784,1563672179,C++,C++14 (GCC 5.4.1),cpp,Accepted,586.0,1280.0,845,
s580962527,p02973,u340781749,1563672179,Python,Python (3.4.3),py,Accepted,121.0,14244.0,241,
s039473916,p02973,u530012357,1563672170,C++,C++14 (GCC 5.4.1),cpp,Accepted,17.0,1024.0,404,
s548219589,p02973,u146263950,1563672168,C++,C++14 (GCC 5.4.1),cpp,Accepted,20.0,1152.0,1034,
s351917666,p02973,u527748649,1563672160,C++,C++14 (GCC 5.4.1),cpp,Accepted,18.0,896.0,640,
s312786647,p02973,u734519000,1563672160,C++,C++14 (GCC 5.4.1),cpp,Accepted,78.0,5376.0,600,
s369337900,p02973,u205561862,1563672158,C++,C++14 (GCC 5.4.1),cpp,Accepted,49.0,5376.0,3458,
s953029229,p02973,u924339359,1563672152,C++,C++14 (GCC 5.4.1),cpp,Accepted,17.0,1792.0,1720,
s586173885,p02973,u139031151,1563672149,C++,C++14 (GCC 5.4.1),cpp,Accepted,78.0,4992.0,2962,
s880756033,p02973,u216962796,1563672136,C++,C++14 (GCC 5.4.1),cpp,Accepted,70.0,6400.0,2167,
s243640098,p02973,u085110627,1563672130,C++,C++14 (GCC 5.4.1),cpp,Accepted,48.0,5376.0,880,
s374599669,p02973,u004426682,1563672125,C++,C++14 (GCC 5.4.1),cpp,Accepted,35.0,4992.0,524,
s996362915,p02973,u319282133,1563672119,C++,C++14 (GCC 5.4.1),cpp,Accepted,19.0,2560.0,690,
s379331678,p02973,u226364820,1563672113,C++,C++14 (GCC 5.4.1),cpp,Accepted,48.0,5760.0,1358,
s511287223,p02973,u709504283,1563672111,C++,C++14 (GCC 5.4.1),cpp,Accepted,47.0,892.0,389,
s797694235,p02973,u817774241,1563672107,C++,C++14 (GCC 5.4.1),cpp,Accepted,49.0,5376.0,15414,
s088979329,p02973,u959888894,1563672099,C++,C++14 (GCC 5.4.1),cpp,Accepted,23.0,1024.0,496,
s800829405,p02973,u772093261,1563672099,C++,C++14 (GCC 5.4.1),cpp,Accepted,18.0,1908.0,1689,
s449528457,p02973,u360980679,1563672090,C++,C++14 (GCC 5.4.1),cpp,Accepted,82.0,5760.0,1495,
s051911166,p02973,u063024444,1563672082,C++,C++14 (GCC 5.4.1),cpp,Accepted,30.0,1408.0,1103,
s493027086,p02973,u817760251,1563672079,C++,C++14 (GCC 5.4.1),cpp,Accepted,52.0,5376.0,505,
s147634457,p02973,u027266662,1563672077,C++,C++14 (GCC 5.4.1),cpp,Accepted,16.0,1024.0,2742,
s560158367,p02973,u351568836,1563672066,C++,C++14 (GCC 5.4.1),cpp,Accepted,31.0,1408.0,789,
s134823732,p02973,u891465773,1563672065,C++,C++14 (GCC 5.4.1),cpp,Accepted,30.0,3072.0,833,
s511847395,p02973,u932299059,1563672062,C++,C++14 (GCC 5.4.1),cpp,Accepted,51.0,4992.0,357,
s779138554,p02973,u419516885,1563672062,C++,C++14 (GCC 5.4.1),cpp,Accepted,36.0,5376.0,374,
s134885789,p02973,u456611841,1563672055,C++,C++14 (GCC 5.4.1),cpp,Accepted,47.0,2168.0,1104,
s069351895,p02973,u993619636,1563672052,C++,C++14 (GCC 5.4.1),cpp,Accepted,63.0,1024.0,486,
s957759911,p02973,u773713086,1563672051,Python,Python (2.7.6),py,Accepted,401.0,14056.0,732,
s870943743,p02973,u399527088,1563672040,C++,C++14 (GCC 5.4.1),cpp,Accepted,54.0,19328.0,2768,
s942982289,p02973,u764058295,1563672040,C++,C++14 (GCC 5.4.1),cpp,Accepted,50.0,5376.0,733,
s251819692,p02973,u508192873,1563672034,C++,C++14 (GCC 5.4.1),cpp,Accepted,77.0,5376.0,520,
s152328419,p02973,u379822620,1563672032,C++,C++14 (GCC 5.4.1),cpp,Accepted,80.0,5760.0,974,
s520955846,p02973,u287015418,1563672021,C++,C++14 (GCC 5.4.1),cpp,Accepted,17.0,1792.0,1299,
s744377523,p02973,u454658584,1563672019,C++,C++14 (GCC 5.4.1),cpp,Accepted,38.0,4992.0,531,
s620185510,p02973,u127712561,1563672013,C++,C++14 (GCC 5.4.1),cpp,Accepted,25.0,1792.0,1050,
s939102881,p02973,u936555566,1563672006,C++,C++14 (GCC 5.4.1),cpp,Accepted,83.0,5760.0,547,
s645798619,p02973,u129325320,1563671997,C++,C++14 (GCC 5.4.1),cpp,Accepted,50.0,4992.0,335,
s350256178,p02973,u454826990,1563671993,C++,C++14 (GCC 5.4.1),cpp,Accepted,81.0,5376.0,339,
s464056258,p02973,u846041485,1563671988,C++,C++14 (GCC 5.4.1),cpp,Accepted,16.0,1276.0,441,
s543578868,p02973,u677421794,1563671983,C++,C++14 (GCC 5.4.1),cpp,Accepted,79.0,7552.0,712,
s570985909,p02973,u434231045,1563671980,C++,C++14 (GCC 5.4.1),cpp,Accepted,16.0,2168.0,2523,
s368395594,p02973,u366561224,1563671978,C++,C++14 (GCC 5.4.1),cpp,Accepted,19.0,1024.0,1272,
s300239596,p02973,u434208140,1563671977,C++,C++14 (GCC 5.4.1),cpp,Accepted,48.0,5376.0,657,
s206591064,p02973,u825429292,1563671973,C++,C++14 (GCC 5.4.1),cpp,Accepted,45.0,4992.0,2328,
s163619597,p02973,u491153752,1563671972,C++,C++14 (GCC 5.4.1),cpp,Accepted,48.0,4992.0,2343,
s214985562,p02973,u804134776,1563671971,C++,C++14 (GCC 5.4.1),cpp,Accepted,13.0,1024.0,496,
s430882106,p02973,u030685402,1563671952,C++,C++14 (GCC 5.4.1),cpp,Accepted,47.0,1660.0,1347,
s380279966,p02973,u375405838,1563671946,C++,C++14 (GCC 5.4.1),cpp,Accepted,77.0,5376.0,2225,
s406997066,p02973,u524343822,1563671944,C++,C++14 (GCC 5.4.1),cpp,Accepted,17.0,1024.0,2323,
s599819214,p02973,u557325877,1563671926,C++,C++14 (GCC 5.4.1),cpp,Accepted,629.0,1408.0,461,
s807036650,p02973,u508834119,1563671911,C++,C++14 (GCC 5.4.1),cpp,Accepted,17.0,1024.0,323,
s887994354,p02973,u372633838,1563671891,C++,C++14 (GCC 5.4.1),cpp,Accepted,50.0,5760.0,946,
s819857610,p02973,u610441939,1563671875,C++,C++14 (GCC 5.4.1),cpp,Accepted,63.0,1024.0,624,
s744951638,p02973,u953587543,1563671868,C++,C++14 (GCC 5.4.1),cpp,Accepted,15.0,2168.0,1373,
s010070743,p02973,u776338097,1563671848,C++,C++14 (GCC 5.4.1),cpp,Accepted,18.0,1276.0,724,
s508843281,p02973,u506255180,1563671840,C++,C++14 (GCC 5.4.1),cpp,Accepted,82.0,5376.0,843,
s050251037,p02973,u874644572,1563671834,C++,C++14 (GCC 5.4.1),cpp,Accepted,45.0,5120.0,8737,
s112883134,p02973,u314396879,1563671830,C++,C++14 (GCC 5.4.1),cpp,Accepted,50.0,2428.0,794,
s152886834,p02973,u893920400,1563671827,C++,C++14 (GCC 5.4.1),cpp,Accepted,60.0,11776.0,3940,
s151184974,p02973,u730441659,1563671822,C++,C++14 (GCC 5.4.1),cpp,Accepted,16.0,640.0,598,
s638282211,p02973,u010767665,1563671814,C++,C++14 (GCC 5.4.1),cpp,Accepted,82.0,5376.0,3110,
s052241547,p02973,u936253056,1563671805,C++,C++14 (GCC 5.4.1),cpp,Accepted,48.0,9088.0,1057,
s306208709,p02973,u462437857,1563671790,C++,C++14 (GCC 5.4.1),cpp,Accepted,84.0,4992.0,414,
s128042718,p02973,u959498604,1563671784,C++,C++14 (GCC 5.4.1),cpp,Accepted,81.0,5376.0,3279,
s628881679,p02973,u011129112,1563671777,C++,C++14 (GCC 5.4.1),cpp,Accepted,74.0,1792.0,748,
s679536632,p02973,u536580583,1563671774,C++,C++14 (GCC 5.4.1),cpp,Accepted,34.0,1792.0,1250,
s171842929,p02973,u657913472,1563671770,C++,C++14 (GCC 5.4.1),cpp,Accepted,121.0,6784.0,312,
s395218684,p02973,u681005504,1563671768,C++,C++14 (GCC 5.4.1),cpp,Accepted,48.0,4992.0,6585,
s102760358,p02973,u210718367,1563671765,C++,C++14 (GCC 5.4.1),cpp,Accepted,21.0,6708.0,776,
s082386239,p02973,u918714262,1563671763,C++,C++14 (GCC 5.4.1),cpp,Accepted,32.0,1792.0,3067,
s691050034,p02973,u834777932,1563671755,C++,C++14 (GCC 5.4.1),cpp,Accepted,158.0,19968.0,9889,
s363883196,p02973,u436702582,1563671750,C++,C++14 (GCC 5.4.1),cpp,Accepted,33.0,1408.0,823,
s239569884,p02973,u247904511,1563671736,C++,C++14 (GCC 5.4.1),cpp,Accepted,18.0,1792.0,1775,
s153301262,p02973,u798339690,1563671727,C++,C++14 (GCC 5.4.1),cpp,Accepted,61.0,56192.0,4863,
s219892783,p02973,u452725238,1563671721,C++,C++14 (GCC 5.4.1),cpp,Accepted,48.0,4992.0,971,
s190473590,p02973,u175665488,1563671719,C++,C++14 (GCC 5.4.1),cpp,Accepted,42.0,5376.0,748,
s733733387,p02973,u579152247,1563671700,C++,C++14 (GCC 5.4.1),cpp,Accepted,77.0,5376.0,2355,
s894616141,p02973,u880862257,1563671688,C++,C++14 (GCC 5.4.1),cpp,Accepted,46.0,4992.0,623,
s151582207,p02973,u141378465,1563671674,C++,C++14 (GCC 5.4.1),cpp,Accepted,1068.0,53632.0,5101,
s018036504,p02973,u763881112,1563671662,C++,C++14 (GCC 5.4.1),cpp,Accepted,67.0,5760.0,1176,
s973712315,p02973,u545022164,1563671633,C++,C++14 (GCC 5.4.1),cpp,Accepted,51.0,2548.0,2609,
s711822629,p02973,u283869437,1563671631,C++,C++14 (GCC 5.4.1),cpp,Accepted,44.0,4864.0,11091,
s437694518,p02973,u102461423,1563671601,Python,Python (3.4.3),py,Accepted,117.0,7964.0,390,
s359149796,p02973,u687214625,1563671592,C++,C++14 (GCC 5.4.1),cpp,Accepted,35.0,5760.0,731,
s112560815,p02973,u317879811,1563671587,C++,C++14 (GCC 5.4.1),cpp,Accepted,47.0,5760.0,2315,
s469416637,p02973,u563201135,1563671580,C++,C++14 (GCC 5.4.1),cpp,Accepted,49.0,4992.0,299,
s352302118,p02973,u591343832,1563671575,C++,C++14 (GCC 5.4.1),cpp,Accepted,44.0,5760.0,4851,
s457018517,p02973,u251828455,1563671552,C++,C++14 (GCC 5.4.1),cpp,Accepted,78.0,5376.0,423,
s264943794,p02973,u705918648,1563671538,C++,C++14 (GCC 5.4.1),cpp,Accepted,51.0,5376.0,4200,
s948631395,p02973,u980655160,1563671504,C++,C++14 (GCC 5.4.1),cpp,Accepted,63.0,3192.0,1866,
s627201031,p02973,u294531924,1563671467,C++,C++14 (GCC 5.4.1),cpp,Accepted,98.0,5624.0,2177,
s896666322,p02973,u917944707,1563671462,C++,C++14 (GCC 5.4.1),cpp,Accepted,76.0,5376.0,865,
s007500370,p02973,u964299793,1563671399,C++,C++14 (GCC 5.4.1),cpp,Accepted,78.0,5376.0,1232,
s768970041,p02973,u781091740,1563671384,C++,C++14 (GCC 5.4.1),cpp,Accepted,51.0,5376.0,515,
s087193160,p02973,u906129425,1563671377,C++,C++14 (GCC 5.4.1),cpp,Accepted,47.0,4992.0,665,
s277414826,p02973,u016572066,1563671361,C++,C++14 (GCC 5.4.1),cpp,Accepted,17.0,1276.0,1192,
s626038688,p02973,u488078009,1563671336,C++,C++14 (GCC 5.4.1),cpp,Accepted,66.0,640.0,562,
s417163372,p02973,u928041186,1563671253,C++,C++14 (GCC 5.4.1),cpp,Accepted,15.0,892.0,2992,
s237965160,p02973,u110383845,1563670896,C++,C++14 (GCC 5.4.1),cpp,Accepted,46.0,5760.0,3740,
