submission_id,problem_id,user_id,date,language,original_language,filename_ext,status,cpu_time,memory,code_size,accuracy
s913461866,p03209,u596385287,1601371837,C++,C++ (GCC 9.2.1),cpp,Accepted,8.0,3556.0,422,
s831105911,p03209,u596385287,1601371418,C++,C++ (GCC 9.2.1),cpp,Accepted,5.0,3608.0,541,
s074415633,p03209,u596385287,1601371353,C++,C++ (GCC 9.2.1),cpp,Accepted,7.0,3608.0,543,
s107352804,p03209,u596385287,1601369570,C++,C++ (GCC 9.2.1),cpp,Accepted,6.0,3596.0,526,
s679725865,p03209,u596385287,1601366534,C++,C++ (GCC 9.2.1),cpp,Accepted,8.0,3564.0,542,
s114617788,p03209,u596385287,1601366073,C++,C++ (GCC 9.2.1),cpp,Accepted,8.0,3608.0,542,
s980612033,p03209,u596385287,1601365977,C++,C++ (GCC 9.2.1),cpp,Accepted,3.0,3580.0,605,
s638517336,p03209,u596385287,1601361948,C++,C++ (GCC 9.2.1),cpp,Accepted,8.0,3548.0,484,
s865679159,p03209,u596385287,1601361708,C++,C++ (GCC 9.2.1),cpp,Accepted,8.0,3616.0,487,
s724854582,p03209,u030246664,1601253929,C++,C++ (GCC 9.2.1),cpp,Accepted,6.0,3644.0,635,
s148937798,p03209,u021108615,1601204121,C++,C++ (GCC 9.2.1),cpp,Accepted,6.0,3704.0,1010,
s584009654,p03209,u437351386,1601184038,Python,Python (3.8.2),py,Accepted,27.0,9172.0,516,
s060920401,p03209,u697690147,1601177040,Python,Python (3.8.2),py,Accepted,25.0,9244.0,745,
s300854410,p03209,u617380180,1601092593,C++,C++ (GCC 9.2.1),cpp,Accepted,8.0,3556.0,2371,
s760096801,p03209,u721166818,1601077066,C++,C++ (GCC 9.2.1),cpp,Accepted,10.0,4060.0,2030,
s203542948,p03209,u721166818,1601077023,C++,C++ (GCC 9.2.1),cpp,Accepted,7.0,3588.0,2225,
s204816193,p03209,u309168663,1601076458,C++,C++ (GCC 9.2.1),cpp,Accepted,5.0,3604.0,613,
s723963566,p03209,u383713431,1601058618,Python,Python (3.8.2),py,Accepted,28.0,9020.0,568,
s714134530,p03209,u005006157,1600994588,C++,C++ (GCC 9.2.1),cpp,Accepted,10.0,3580.0,865,
s174820348,p03209,u886613668,1600989797,C++,C++ (GCC 9.2.1),cpp,Accepted,8.0,3564.0,793,
s569144244,p03209,u193264896,1600916591,Python,Python (3.8.2),py,Accepted,29.0,9156.0,622,
s048824569,p03209,u762603420,1600883403,C++,C++ (GCC 9.2.1),cpp,Accepted,7.0,3608.0,720,
s759937392,p03209,u225660136,1600841255,C++,C++ (GCC 9.2.1),cpp,Accepted,7.0,3716.0,3120,
s439251433,p03209,u434874161,1600831527,C++,C++ (GCC 9.2.1),cpp,Accepted,6.0,3608.0,2128,
s423938052,p03209,u945228737,1600826182,Python,Python (3.8.2),py,Accepted,29.0,9212.0,950,
s941619827,p03209,u211255607,1600754510,C++,C++ (GCC 9.2.1),cpp,Accepted,6.0,3656.0,2073,
s620839960,p03209,u213868052,1600725871,C++,C++ (GCC 9.2.1),cpp,Accepted,6.0,3556.0,1411,
s119866693,p03209,u610897920,1600709179,C++,C++ (GCC 9.2.1),cpp,Accepted,6.0,3640.0,9200,
s340964267,p03209,u630211216,1600696166,Python,Python (3.8.2),py,Accepted,29.0,9212.0,369,
s644294999,p03209,u667375816,1600649364,C++,C++ (GCC 9.2.1),cpp,Accepted,7.0,3624.0,1226,
s141751566,p03209,u739843002,1600643996,Python,Python (3.8.2),py,Accepted,42.0,9284.0,3022,
s321021726,p03209,u331948661,1600621462,C++,C++ (GCC 9.2.1),cpp,Accepted,6.0,3628.0,721,
s043556820,p03209,u291332466,1600616938,C++,C++ (GCC 9.2.1),cpp,Accepted,8.0,3632.0,842,
s318321286,p03209,u437351386,1600560582,Python,PyPy3 (7.3.0),py,Accepted,70.0,61868.0,479,
s484346869,p03209,u437351386,1600560567,Python,Python (3.8.2),py,Accepted,31.0,9040.0,479,
s224235649,p03209,u224756887,1600530802,C++,C++ (GCC 9.2.1),cpp,Accepted,211.0,50620.0,22995,
s880030556,p03209,u289288647,1600528299,Python,Python (3.8.2),py,Accepted,27.0,9224.0,431,
s041431150,p03209,u581187895,1600458082,Python,Python (3.8.2),py,Accepted,27.0,9196.0,892,
s304216466,p03209,u391819434,1600445491,Python,Python (3.8.2),py,Accepted,31.0,9248.0,434,
s905467478,p03209,u093941965,1600441334,C++,C++ (GCC 9.2.1),cpp,Accepted,7.0,3620.0,462,
s538111385,p03209,u722928342,1600389375,C++,C++ (GCC 9.2.1),cpp,Accepted,8.0,3632.0,657,
s376808678,p03209,u371958417,1600365503,C++,C++ (GCC 9.2.1),cpp,Accepted,7.0,3656.0,458,
s924494733,p03209,u864171425,1600342146,C++,C++ (GCC 9.2.1),cpp,Accepted,5.0,3608.0,883,
s270869576,p03209,u125545880,1600313448,Python,Python (3.8.2),py,Accepted,33.0,9492.0,785,
s905967889,p03209,u263000123,1600310877,C++,C++ (GCC 9.2.1),cpp,Accepted,8.0,3620.0,1937,
s959872102,p03209,u352969025,1600224297,C++,C++ (GCC 9.2.1),cpp,Accepted,6.0,3544.0,531,
s024498813,p03209,u255137505,1600177764,C++,C++ (GCC 9.2.1),cpp,Accepted,6.0,3636.0,1486,
s934250586,p03209,u391819434,1600146895,Python,Python (3.8.2),py,Accepted,28.0,9196.0,639,
s256269115,p03209,u768347697,1600132998,C++,C++ (GCC 9.2.1),cpp,Accepted,6.0,3632.0,1182,
s673981154,p03209,u594803920,1600123104,Python,PyPy3 (7.3.0),py,Accepted,68.0,67296.0,542,
s480522825,p03209,u980205854,1600117188,Python,PyPy3 (7.3.0),py,Accepted,77.0,69928.0,2986,
s271216482,p03209,u633967774,1600113899,C++,C++ (GCC 9.2.1),cpp,Accepted,7.0,3604.0,553,
s798331443,p03209,u070201429,1600029838,Python,Python (3.8.2),py,Accepted,29.0,8980.0,448,
s112493212,p03209,u225388820,1599951344,Python,Python (3.8.2),py,Accepted,30.0,9016.0,466,
s141983358,p03209,u225388820,1599951264,Python,PyPy3 (7.3.0),py,Accepted,67.0,61812.0,466,
s264727443,p03209,u124142430,1599951235,C++,C++ (GCC 9.2.1),cpp,Accepted,6.0,3596.0,1077,
s400082287,p03209,u616382321,1599944630,Python,Python (3.8.2),py,Accepted,30.0,9196.0,415,
s071864712,p03209,u408071652,1599944258,Python,PyPy3 (7.3.0),py,Accepted,71.0,67092.0,736,
s354850264,p03209,u714732628,1599936170,C++,C++ (GCC 9.2.1),cpp,Accepted,7.0,4076.0,470,
s888752622,p03209,u231095456,1599898853,Python,Python (3.8.2),py,Accepted,28.0,9188.0,519,
s656020203,p03209,u367713721,1599879238,C++,C++ (Clang 10.0.0),cpp,Accepted,7.0,3188.0,1360,
s637097694,p03209,u397496203,1599875391,Python,PyPy3 (7.3.0),py,Accepted,74.0,67384.0,961,
s730650014,p03209,u570601094,1599871038,C++,C++ (GCC 9.2.1),cpp,Accepted,6.0,3584.0,1197,
s603401898,p03209,u054825571,1599869484,Python,PyPy3 (7.3.0),py,Accepted,63.0,61928.0,261,
s471228098,p03209,u798894056,1599851768,Python,Python (3.8.2),py,Accepted,31.0,9132.0,373,
s106956808,p03209,u519923151,1599849414,Python,Python (3.8.2),py,Accepted,28.0,9056.0,491,
s307792366,p03209,u970109776,1599791999,Python,Python (3.8.2),py,Accepted,32.0,9416.0,869,
s672740171,p03209,u372049077,1599789391,Python,Python (3.8.2),py,Accepted,27.0,9196.0,304,
s972826923,p03209,u651663683,1599777445,Python,PyPy3 (7.3.0),py,Accepted,72.0,62000.0,308,
s980502686,p03209,u977401791,1599764162,C++,C++ (GCC 9.2.1),cpp,Accepted,7.0,3636.0,1319,
s609388690,p03209,u196953553,1599687260,C++,C++ (GCC 9.2.1),cpp,Accepted,8.0,3632.0,2003,
s610695881,p03209,u990726146,1599683972,Python,Python (3.8.2),py,Accepted,30.0,9164.0,300,
s775664759,p03209,u759412327,1599593416,Python,Python (3.8.2),py,Accepted,42.0,9140.0,199,
s425476976,p03209,u637220270,1599589889,C++,C++ (GCC 9.2.1),cpp,Accepted,7.0,3576.0,1087,
s989043886,p03209,u761529120,1599571062,Python,PyPy3 (7.3.0),py,Accepted,65.0,69280.0,600,
s487403735,p03209,u976940619,1599568838,C++,C++ (GCC 9.2.1),cpp,Accepted,7.0,3644.0,3078,
s918699894,p03209,u370721525,1599562185,Python,Python (3.8.2),py,Accepted,33.0,8884.0,415,
s677333944,p03209,u110383054,1599537951,C++,C++ (GCC 9.2.1),cpp,Accepted,6.0,3604.0,684,
s873689103,p03209,u110383054,1599537470,C++,C++ (GCC 9.2.1),cpp,Accepted,9.0,3596.0,692,
s141542005,p03209,u849073847,1599504943,C++,C++ (GCC 9.2.1),cpp,Accepted,9.0,3576.0,511,
s598171972,p03209,u034128150,1599499232,C++,C++ (GCC 9.2.1),cpp,Accepted,8.0,3640.0,978,
s254179983,p03209,u437633151,1599435597,C++,C++ (GCC 9.2.1),cpp,Accepted,5.0,3600.0,1003,
s010962108,p03209,u084949493,1599424755,C++,C++ (GCC 9.2.1),cpp,Accepted,8.0,3544.0,1315,
s695021844,p03209,u888092736,1599424752,Python,Python (3.8.2),py,Accepted,27.0,9140.0,372,
s355341898,p03209,u792512290,1599423146,Python,Python (3.8.2),py,Accepted,26.0,9048.0,679,
s828590873,p03209,u358254559,1599406501,Python,PyPy3 (7.3.0),py,Accepted,335.0,80592.0,413,
s938860713,p03209,u102126195,1599405967,Python,PyPy3 (7.3.0),py,Accepted,68.0,61644.0,438,
s687230168,p03209,u102126195,1599405819,Python,PyPy3 (7.3.0),py,Accepted,123.0,61564.0,329,
s964736363,p03209,u596311864,1599400320,C++,C++ (GCC 9.2.1),cpp,Accepted,10.0,3616.0,1264,
s089742127,p03209,u596311864,1599400084,C++,C++ (GCC 9.2.1),cpp,Accepted,6.0,3588.0,1235,
s168043124,p03209,u209457657,1599399554,C++,C++ (GCC 9.2.1),cpp,Accepted,8.0,3604.0,761,
s684402468,p03209,u339199690,1599398213,Python,Python (3.8.2),py,Accepted,27.0,9208.0,452,
s108243679,p03209,u682820318,1599397558,C++,C++ (GCC 9.2.1),cpp,Accepted,6.0,3632.0,1565,
s657801969,p03209,u843175622,1599397524,Python,Python (3.8.2),py,Accepted,29.0,9036.0,367,
s067167382,p03209,u644907318,1599396993,Python,PyPy3 (7.3.0),py,Accepted,72.0,61640.0,513,
s974839615,p03209,u531461815,1599396884,C++,C++ (GCC 9.2.1),cpp,Accepted,8.0,3556.0,1605,
s205145440,p03209,u843175622,1599395577,Python,Python (3.8.2),py,Accepted,31.0,9140.0,487,
s095279441,p03209,u843175622,1599395541,Python,Python (3.8.2),py,Accepted,27.0,9112.0,487,
s575929900,p03209,u588093355,1599394852,C++,C++ (GCC 9.2.1),cpp,Accepted,6.0,3600.0,5756,
s499610562,p03209,u843175622,1599394747,Python,Python (3.8.2),py,Accepted,26.0,9204.0,503,
s874835041,p03209,u014847113,1599394038,C++,C++ (GCC 9.2.1),cpp,Accepted,7.0,3632.0,831,
s700996794,p03209,u860546679,1599393680,C++,C++ (GCC 9.2.1),cpp,Accepted,5.0,4072.0,975,
s202639845,p03209,u852690916,1599393633,Python,PyPy3 (7.3.0),py,Accepted,60.0,61908.0,582,
s468119745,p03209,u137747137,1599393519,C++,C++ (GCC 9.2.1),cpp,Accepted,6.0,3600.0,1180,
s300484415,p03209,u415325136,1599393397,C++,C++ (GCC 9.2.1),cpp,Accepted,6.0,3608.0,976,
s217263212,p03209,u642657797,1599381127,C++,C++ (GCC 9.2.1),cpp,Accepted,6.0,3620.0,1147,
s482551174,p03209,u521652313,1599367689,C++,C++ (GCC 9.2.1),cpp,Accepted,8.0,3588.0,644,
s591025613,p03209,u138273120,1599361666,C++,C++ (GCC 9.2.1),cpp,Accepted,7.0,3552.0,872,
s997386474,p03209,u118225776,1599334378,C++,C++ (GCC 9.2.1),cpp,Accepted,7.0,3536.0,1187,
s417245175,p03209,u478462004,1599235883,C++,C++ (GCC 9.2.1),cpp,Accepted,6.0,3736.0,998,
s461544242,p03209,u692336506,1599234514,Python,Python (3.8.2),py,Accepted,30.0,9168.0,538,
s837441856,p03209,u692336506,1599233350,C++,C++ (GCC 9.2.1),cpp,Accepted,6.0,3616.0,740,
s176595107,p03209,u188745744,1599165408,Python,Python (3.8.2),py,Accepted,31.0,9128.0,279,
s833515090,p03209,u465101448,1599159783,Python,PyPy3 (7.3.0),py,Accepted,62.0,61712.0,523,
s011874275,p03209,u616794313,1599096450,C++,C++ (GCC 9.2.1),cpp,Accepted,5.0,3756.0,5779,
s386201676,p03209,u714642046,1599085679,C++,C++ (GCC 9.2.1),cpp,Accepted,10.0,3676.0,654,
s778049083,p03209,u006717664,1599081033,C++,C++ (GCC 9.2.1),cpp,Accepted,8.0,3628.0,3751,
s813768172,p03209,u816631826,1599046287,C++,C++ (GCC 9.2.1),cpp,Accepted,6.0,3652.0,5042,
s693580647,p03209,u930997891,1599025920,C++,C++ (GCC 9.2.1),cpp,Accepted,6.0,3616.0,914,
s174341227,p03209,u959519702,1599017641,C++,C++ (GCC 9.2.1),cpp,Accepted,7.0,3628.0,3084,
s464195747,p03209,u667375816,1598986161,C++,C++ (GCC 9.2.1),cpp,Accepted,7.0,3632.0,1162,
s765467476,p03209,u641900703,1598844111,C++,C++ (GCC 9.2.1),cpp,Accepted,7.0,3572.0,582,
s808146655,p03209,u030504180,1598842878,C++,C++ (GCC 9.2.1),cpp,Accepted,6.0,3592.0,464,
s196939144,p03209,u135358384,1598748787,C++,C++ (GCC 9.2.1),cpp,Accepted,112.0,175196.0,6961,
s166751693,p03209,u720447689,1598746788,C++,C++ (GCC 9.2.1),cpp,Accepted,9.0,3624.0,824,
s125442369,p03209,u535803878,1598741585,Python,PyPy3 (7.3.0),py,Accepted,115.0,61936.0,661,
s982424726,p03209,u774202056,1598740351,C++,C++ (GCC 9.2.1),cpp,Accepted,5.0,3608.0,458,
s235595705,p03209,u057109575,1598708092,Python,PyPy3 (7.3.0),py,Accepted,61.0,62020.0,352,
s377971897,p03209,u885634168,1598646406,C++,C++ (GCC 9.2.1),cpp,Accepted,8.0,3668.0,1729,
s774809387,p03209,u145950990,1598646022,Python,PyPy3 (7.3.0),py,Accepted,108.0,61856.0,315,
s217066918,p03209,u367965715,1598587266,Python,Python (3.8.2),py,Accepted,30.0,9180.0,482,
s176815451,p03209,u605687528,1598581529,C++,C++ (GCC 9.2.1),cpp,Accepted,9.0,3616.0,1099,
s613010133,p03209,u016987091,1598544310,C++,C++ (GCC 9.2.1),cpp,Accepted,9.0,3588.0,748,
s235793820,p03209,u236585484,1598460678,C++,C++ (GCC 9.2.1),cpp,Accepted,6.0,3640.0,896,
s486679567,p03209,u926006934,1598416531,C++,C++ (GCC 9.2.1),cpp,Accepted,8.0,3764.0,2810,
s787217672,p03209,u502772848,1598412331,C++,C++ (GCC 9.2.1),cpp,Accepted,7.0,3576.0,1361,
s684759727,p03209,u384398403,1598354606,C++,C++ (GCC 9.2.1),cpp,Accepted,6.0,3604.0,2948,
s538020938,p03209,u431615124,1598334413,C++,C++ (GCC 9.2.1),cpp,Accepted,9.0,3604.0,2240,
s213524634,p03209,u825601908,1598328496,C++,C++ (GCC 9.2.1),cpp,Accepted,10.0,4076.0,1805,
s795505296,p03209,u925478083,1598320713,C++,C++ (GCC 9.2.1),cpp,Accepted,11.0,3644.0,3308,
s386044561,p03209,u966257731,1598308608,C++,C++ (GCC 9.2.1),cpp,Accepted,7.0,3616.0,549,
s142927457,p03209,u752774573,1598307787,Python,PyPy3 (7.3.0),py,Accepted,66.0,61952.0,395,
s323692141,p03209,u900688325,1598307273,C++,C++ (GCC 9.2.1),cpp,Accepted,8.0,3628.0,714,
s218203499,p03209,u552847961,1598284194,C++,C++ (GCC 9.2.1),cpp,Accepted,7.0,3532.0,1356,
s582813173,p03209,u552847961,1598284126,C++,C++ (GCC 9.2.1),cpp,Accepted,6.0,3608.0,1362,
s930034122,p03209,u417360233,1598265958,C++,C++ (GCC 9.2.1),cpp,Accepted,6.0,3664.0,4031,
s364509278,p03209,u659209756,1598229021,C++,C++ (GCC 9.2.1),cpp,Accepted,8.0,4020.0,593,
s633914653,p03209,u857759499,1598153629,Python,Python (3.8.2),py,Accepted,30.0,9060.0,270,
s294146745,p03209,u095021077,1598134950,Python,Python (3.8.2),py,Accepted,27.0,9196.0,357,
s746431547,p03209,u638795007,1598115442,Python,Python (3.8.2),py,Accepted,37.0,10548.0,1565,
s290893904,p03209,u367701763,1598101537,Python,PyPy3 (7.3.0),py,Accepted,65.0,62032.0,355,
s159716436,p03209,u221391729,1598052579,C++,C++ (GCC 9.2.1),cpp,Accepted,7.0,3616.0,839,
s641739001,p03209,u673211643,1598038508,C++,C++ (GCC 9.2.1),cpp,Accepted,6.0,3620.0,2349,
s872658037,p03209,u576432509,1598021441,Python,Python (3.8.2),py,Accepted,26.0,9200.0,685,
s677452090,p03209,u707124227,1597889150,Python,Python (3.8.2),py,Accepted,30.0,9016.0,331,
s729697397,p03209,u915401678,1597852744,C++,C++ (GCC 9.2.1),cpp,Accepted,9.0,3616.0,1427,
s573813749,p03209,u167931717,1597808516,C++,C++ (GCC 9.2.1),cpp,Accepted,9.0,3632.0,5385,
s595258924,p03209,u422506696,1597803931,C++,C++ (GCC 9.2.1),cpp,Accepted,7.0,3544.0,699,
s731208819,p03209,u422506696,1597803018,C++,C++ (GCC 9.2.1),cpp,Accepted,11.0,3640.0,566,
s585954551,p03209,u222188267,1597782561,C++,C++ (GCC 9.2.1),cpp,Accepted,8.0,3640.0,1936,
s194851726,p03209,u701644092,1597758993,Python,Python (3.8.2),py,Accepted,30.0,9184.0,963,
s121604761,p03209,u871841829,1597726398,Python,Python (3.8.2),py,Accepted,30.0,9144.0,312,
s397090180,p03209,u730769327,1597714686,Python,PyPy3 (7.3.0),py,Accepted,64.0,61924.0,314,
s486488560,p03209,u692550512,1597713447,C++,C++ (GCC 9.2.1),cpp,Accepted,7.0,3604.0,822,
s401571012,p03209,u968166680,1597657124,Python,Python (3.8.2),py,Accepted,32.0,9488.0,691,
s063523971,p03209,u968166680,1597656147,Python,Python (3.8.2),py,Accepted,33.0,9664.0,1139,
s775567076,p03209,u145231176,1597591306,Python,PyPy3 (7.3.0),py,Accepted,169.0,83704.0,2660,
s683997137,p03209,u123872895,1597571293,Python,Python (3.8.2),py,Accepted,28.0,9080.0,821,
s215863304,p03209,u020230257,1597539368,C++,C++ (GCC 9.2.1),cpp,Accepted,6.0,3648.0,1580,
s441221644,p03209,u582847048,1597538707,C++,C++ (GCC 9.2.1),cpp,Accepted,9.0,3632.0,1396,
s090803635,p03209,u926046014,1597524958,C++,C++ (GCC 9.2.1),cpp,Accepted,6.0,3628.0,929,
s498746427,p03209,u642276346,1597454011,C++,C++ (GCC 9.2.1),cpp,Accepted,8.0,3608.0,707,
s420197404,p03209,u530957410,1597420178,C++,C++ (Clang 10.0.0),cpp,Accepted,8.0,3144.0,757,
s693086935,p03209,u530957410,1597420107,C++,C++ (Clang 10.0.0),cpp,Accepted,9.0,3196.0,758,
s853787781,p03209,u686962993,1597395077,C++,C++ (GCC 9.2.1),cpp,Accepted,8.0,3596.0,742,
s045998734,p03209,u893239355,1597385381,C++,C++ (GCC 9.2.1),cpp,Accepted,9.0,3616.0,814,
s481162031,p03209,u091870478,1597378230,C++,C++ (GCC 9.2.1),cpp,Accepted,4.0,3648.0,2067,
s358405263,p03209,u006880673,1597377771,Python,PyPy3 (7.3.0),py,Accepted,65.0,62076.0,569,
s059080927,p03209,u286623856,1597352394,C++,C++ (GCC 9.2.1),cpp,Accepted,8.0,3596.0,1086,
s524501962,p03209,u563170985,1597348099,C++,C++ (GCC 9.2.1),cpp,Accepted,7.0,3596.0,854,
s750786052,p03209,u722640678,1597341902,C++,C++ (GCC 9.2.1),cpp,Accepted,7.0,4012.0,4454,
s016303681,p03209,u304602561,1597313439,Python,PyPy3 (7.3.0),py,Accepted,108.0,61840.0,340,
s282277274,p03209,u614128939,1597300396,C++,C++ (GCC 9.2.1),cpp,Accepted,7.0,3608.0,8107,
s192690288,p03209,u870092796,1597297350,C++,C++ (GCC 9.2.1),cpp,Accepted,8.0,3640.0,780,
s516083924,p03209,u115454768,1597257431,C++,C++ (GCC 9.2.1),cpp,Accepted,7.0,3612.0,939,
s271279648,p03209,u603958124,1597240979,Python,Python (3.8.2),py,Accepted,39.0,10332.0,1060,
s540204360,p03209,u603958124,1597240640,Python,Python (3.8.2),py,Accepted,40.0,10308.0,1497,
s490243429,p03209,u772395065,1597238471,C++,C++ (GCC 9.2.1),cpp,Accepted,11.0,3644.0,2040,
s848327239,p03209,u280175105,1597130220,C++,C++ (GCC 9.2.1),cpp,Accepted,8.0,4100.0,862,
s702706795,p03209,u308463793,1597109008,C++,C++ (GCC 9.2.1),cpp,Accepted,7.0,3568.0,1270,
s763834211,p03209,u572193732,1597090917,Python,Python (3.8.2),py,Accepted,28.0,9188.0,403,
s431563181,p03209,u222668979,1597035127,Python,Python (3.8.2),py,Accepted,31.0,9048.0,322,
s962265988,p03209,u222668979,1597035024,Python,Python (3.8.2),py,Accepted,31.0,9152.0,326,
s818083152,p03209,u222668979,1597034873,Python,Python (3.8.2),py,Accepted,29.0,9196.0,341,
s180932522,p03209,u222668979,1597034847,Python,PyPy3 (7.3.0),py,Accepted,71.0,61828.0,341,
s248569898,p03209,u222668979,1597034549,Python,Python (3.8.2),py,Accepted,30.0,9116.0,345,
s508044155,p03209,u222668979,1597034429,Python,Python (3.8.2),py,Accepted,31.0,9156.0,351,
s515103362,p03209,u106971015,1597023834,Python,PyPy3 (7.3.0),py,Accepted,81.0,61828.0,349,
s643344758,p03209,u222668979,1597022883,Python,PyPy3 (7.3.0),py,Accepted,64.0,61872.0,399,
s017129398,p03209,u527105447,1596993184,C++,C++ (GCC 9.2.1),cpp,Accepted,8.0,4012.0,1124,
s155760697,p03209,u629548179,1596986487,C++,C++ (GCC 9.2.1),cpp,Accepted,7.0,3552.0,574,
s323988667,p03209,u779805689,1596954240,Python,PyPy3 (7.3.0),py,Accepted,62.0,62400.0,401,
s186790332,p03209,u117615163,1596953229,C++,C++ (GCC 9.2.1),cpp,Accepted,5.0,3632.0,1113,
s914493694,p03209,u311090179,1596949501,C++,C++ (GCC 9.2.1),cpp,Accepted,8.0,3572.0,902,
s414568361,p03209,u633066470,1596945736,C++,C++ (GCC 9.2.1),cpp,Accepted,10.0,3660.0,1094,
s865821001,p03209,u706414019,1596916579,Python,Python (3.8.2),py,Accepted,31.0,9136.0,367,
s389674734,p03209,u224756887,1596900581,C++,C++ (GCC 9.2.1),cpp,Accepted,76.0,50592.0,23017,
s656058988,p03209,u962609087,1596859310,C++,C++ (Clang 10.0.0),cpp,Accepted,6.0,3192.0,620,
s485390281,p03209,u000212387,1596843853,C++,C++ (GCC 9.2.1),cpp,Accepted,7.0,3612.0,1760,
s327567947,p03209,u881116515,1596842750,C++,C++ (GCC 9.2.1),cpp,Accepted,6.0,3828.0,838,
s646036773,p03209,u885634168,1596837615,Python,PyPy3 (7.3.0),py,Accepted,67.0,61912.0,528,
s109907558,p03209,u350093546,1596826790,Python,PyPy3 (7.3.0),py,Accepted,67.0,61932.0,524,
s593871355,p03209,u266014018,1596818114,Python,Python (3.8.2),py,Accepted,29.0,9148.0,500,
s471302004,p03209,u653041271,1596796848,Python,Python (3.8.2),py,Accepted,140.0,31264.0,1100,
s412213842,p03209,u668785999,1596787689,C++,C++ (GCC 9.2.1),cpp,Accepted,11.0,3640.0,2526,
s351743536,p03209,u201660334,1596783695,Python,Python (3.8.2),py,Accepted,28.0,9232.0,676,
s192487266,p03209,u285681431,1596765976,Python,Python (3.8.2),py,Accepted,30.0,9092.0,710,
s370750867,p03209,u798093965,1596749006,C++,C++ (GCC 9.2.1),cpp,Accepted,6.0,3632.0,633,
s531669254,p03209,u798093965,1596748595,C++,C++ (GCC 9.2.1),cpp,Accepted,8.0,3616.0,742,
s231436911,p03209,u955282280,1596572047,C++,C++ (GCC 9.2.1),cpp,Accepted,6.0,3612.0,696,
s892362173,p03209,u860546679,1596530646,C++,C++ (GCC 9.2.1),cpp,Accepted,7.0,3596.0,1031,
s668568192,p03209,u330518333,1596503764,C++,C++ (GCC 9.2.1),cpp,Accepted,6.0,3612.0,1084,
s039989982,p03209,u782098901,1596492208,C++,C++ (GCC 9.2.1),cpp,Accepted,6.0,3628.0,610,
s192747224,p03209,u133936772,1596415949,Python,Python (3.8.2),py,Accepted,25.0,9192.0,195,
s553306008,p03209,u133936772,1596415566,Python,Python (3.8.2),py,Accepted,30.0,9184.0,213,
s160134724,p03209,u110859855,1596395691,C++,C++ (GCC 9.2.1),cpp,Accepted,6.0,3616.0,407,
s692244337,p03209,u323819429,1596384842,C++,C++ (GCC 9.2.1),cpp,Accepted,6.0,3616.0,648,
s760774010,p03209,u063318293,1596336977,C++,C++ (GCC 9.2.1),cpp,Accepted,8.0,3652.0,919,
s982766427,p03209,u387221709,1596332380,C++,C++ (GCC 9.2.1),cpp,Accepted,8.0,3624.0,819,
s057552982,p03209,u947517859,1596314716,C++,C++ (GCC 9.2.1),cpp,Accepted,5.0,3576.0,869,
s593059820,p03209,u919970507,1596281767,C++,C++ (GCC 9.2.1),cpp,Accepted,5.0,3636.0,1940,
s962406655,p03209,u648881683,1596170491,Python,Python (3.8.2),py,Accepted,40.0,10164.0,1238,
s266193970,p03209,u684901760,1596166312,C++,C++ (GCC 9.2.1),cpp,Accepted,8.0,3632.0,2334,
s824103678,p03209,u577774192,1596163451,C++,C++ (GCC 9.2.1),cpp,Accepted,7.0,3712.0,5038,
s141579253,p03209,u262204831,1596159871,Python,Python (3.8.2),py,Accepted,30.0,9224.0,650,
s417562605,p03209,u845356047,1596136314,C++,C++ (GCC 9.2.1),cpp,Accepted,7.0,3608.0,980,
s903720037,p03209,u617515020,1596114458,Python,Python (3.8.2),py,Accepted,29.0,9128.0,286,
s745199494,p03209,u401686269,1596080519,Python,Python (3.8.2),py,Accepted,28.0,9228.0,526,
s411572628,p03209,u622070196,1596055742,C++,C++ (GCC 9.2.1),cpp,Accepted,7.0,3452.0,652,
s509667055,p03209,u209457657,1596009426,C++,C++ (GCC 9.2.1),cpp,Accepted,7.0,4024.0,983,
s720895976,p03209,u012298376,1595999889,C++,C++ (GCC 9.2.1),cpp,Accepted,7.0,3624.0,853,
s094437084,p03209,u054514819,1595999601,Python,PyPy3 (7.3.0),py,Accepted,63.0,62120.0,818,
s299090592,p03209,u835805357,1595999067,C++,C++ (GCC 9.2.1),cpp,Accepted,7.0,3632.0,886,
s722126748,p03209,u274883254,1595998780,C++,C++ (GCC 9.2.1),cpp,Accepted,6.0,3636.0,1486,
s741187610,p03209,u862412671,1595993488,C++,C++ (GCC 9.2.1),cpp,Accepted,6.0,3592.0,670,
s943308050,p03209,u835805357,1595993458,C++,C++ (GCC 9.2.1),cpp,Accepted,10.0,3580.0,872,
s052318293,p03209,u134678977,1595993041,C++,C++ (GCC 9.2.1),cpp,Accepted,5.0,3648.0,394,
s794235061,p03209,u134678977,1595992922,C++,C++ (GCC 9.2.1),cpp,Accepted,9.0,3584.0,398,
s433466726,p03209,u418810472,1595992794,C++,C++ (GCC 9.2.1),cpp,Accepted,6.0,3560.0,939,
s456887872,p03209,u860546679,1595992694,C++,C++ (GCC 9.2.1),cpp,Accepted,8.0,3608.0,1014,
s323319979,p03209,u134678977,1595992483,C++,C++ (GCC 9.2.1),cpp,Accepted,9.0,3676.0,400,
s944083222,p03209,u009414205,1595992461,C++,C++ (GCC 9.2.1),cpp,Accepted,6.0,3580.0,1490,
s363319993,p03209,u134678977,1595992159,C++,C++ (GCC 9.2.1),cpp,Accepted,6.0,3684.0,478,
s218432315,p03209,u761320129,1595991630,Python,Python (3.8.2),py,Accepted,26.0,8964.0,329,
s358531007,p03209,u024383312,1595989331,C++,C++ (GCC 9.2.1),cpp,Accepted,8.0,3656.0,1710,
s225441039,p03209,u137747137,1595988766,C++,C++ (GCC 9.2.1),cpp,Accepted,6.0,3532.0,1105,
s482893630,p03209,u024340351,1595988024,Python,Python (3.8.2),py,Accepted,31.0,9012.0,357,
s043805486,p03209,u617826263,1595987961,C++,C++ (GCC 9.2.1),cpp,Accepted,6.0,3584.0,1142,
s442196252,p03209,u644907318,1595987820,Python,PyPy3 (7.3.0),py,Accepted,65.0,62012.0,668,
s795445897,p03209,u397070717,1595987419,C++,C++ (GCC 9.2.1),cpp,Accepted,6.0,3644.0,1185,
s857839638,p03209,u197457087,1595986593,Python,Python (3.8.2),py,Accepted,28.0,9048.0,462,
s203867711,p03209,u281168735,1595986260,C++,C++ (GCC 9.2.1),cpp,Accepted,9.0,3640.0,4821,
s023473073,p03209,u893584578,1595986043,C++,C++ (GCC 9.2.1),cpp,Accepted,8.0,3608.0,728,
s683986097,p03209,u134678977,1595985978,C++,C++ (GCC 9.2.1),cpp,Accepted,12.0,3692.0,861,
s097674005,p03209,u835523614,1595985765,C++,C++ (GCC 9.2.1),cpp,Accepted,3.0,3644.0,752,
s621689431,p03209,u004411048,1595985749,C++,C++ (GCC 9.2.1),cpp,Accepted,4.0,3608.0,2792,
s257469455,p03209,u244626757,1595985708,C++,C++ (GCC 9.2.1),cpp,Accepted,6.0,3652.0,1102,
s907336761,p03209,u280096880,1595985567,C++,C++ (GCC 9.2.1),cpp,Accepted,6.0,3628.0,1030,
s819867715,p03209,u740054550,1595985423,C++,C++ (GCC 9.2.1),cpp,Accepted,8.0,3520.0,2876,
s084198605,p03209,u075012704,1595985048,Python,Python (3.8.2),py,Accepted,30.0,9084.0,685,
s537803339,p03209,u579355226,1595971111,C++,C++ (GCC 9.2.1),cpp,Accepted,9.0,4040.0,1303,
s938400740,p03209,u103208639,1595968717,Python,Python (3.8.2),py,Accepted,29.0,9200.0,384,
s216665210,p03209,u607075479,1595955728,Python,Python (3.8.2),py,Accepted,29.0,9476.0,857,
s660962953,p03209,u356539385,1595950874,C++,C++ (GCC 9.2.1),cpp,Accepted,7.0,3644.0,1028,
s040861478,p03209,u974792613,1595947663,Python,PyPy3 (7.3.0),py,Accepted,66.0,61868.0,562,
s121068253,p03209,u820341516,1595856802,C++,C++ (GCC 9.2.1),cpp,Accepted,6.0,3632.0,883,
s115890673,p03209,u476488060,1595705653,C++,C++ (GCC 9.2.1),cpp,Accepted,8.0,3636.0,1002,
s572062966,p03209,u276588887,1595692833,C++,C++ (GCC 9.2.1),cpp,Accepted,6.0,3620.0,4718,
s673589785,p03209,u145078501,1595691697,C++,C++ (GCC 9.2.1),cpp,Accepted,7.0,3608.0,1052,
s015440668,p03209,u614181788,1595647477,Python,Python (3.8.2),py,Accepted,28.0,9144.0,381,
s924979204,p03209,u971256474,1595619860,C++,C++ (GCC 9.2.1),cpp,Accepted,8.0,4048.0,3670,
s875913233,p03209,u271743799,1595555836,C++,C++ (GCC 9.2.1),cpp,Accepted,5.0,3612.0,1680,
s523138664,p03209,u153607901,1595540746,C++,C++ (GCC 9.2.1),cpp,Accepted,7.0,4088.0,2428,
s878157000,p03209,u153607901,1595540674,C++,C++ (GCC 9.2.1),cpp,Accepted,9.0,4072.0,2425,
s496091665,p03209,u787679173,1595473321,C++,C++ (GCC 9.2.1),cpp,Accepted,6.0,3600.0,532,
s064367394,p03209,u787679173,1595473199,C++,C++ (GCC 9.2.1),cpp,Accepted,16.0,3604.0,521,
s049711389,p03209,u223160139,1595462669,C++,C++ (GCC 9.2.1),cpp,Accepted,6.0,3624.0,3755,
s527055546,p03209,u688789047,1595434072,C++,C++ (GCC 9.2.1),cpp,Accepted,8.0,3628.0,1157,
s166724015,p03209,u273928723,1595407448,C++,C++ (GCC 9.2.1),cpp,Accepted,9.0,3568.0,1664,
s577694848,p03209,u000893497,1595373206,C++,C++ (GCC 9.2.1),cpp,Accepted,8.0,3616.0,481,
s555293308,p03209,u474180590,1595298573,C++,C++ (GCC 9.2.1),cpp,Accepted,10.0,3620.0,1046,
s715802719,p03209,u190580703,1595288410,C++,C++ (GCC 9.2.1),cpp,Accepted,5.0,3564.0,4414,
s659577521,p03209,u527652459,1595288233,C++,C++ (GCC 9.2.1),cpp,Accepted,7.0,3612.0,3148,
s341622708,p03209,u116038906,1595280578,Python,Python (3.8.2),py,Accepted,28.0,9112.0,751,
s080362527,p03209,u606600497,1595261231,C++,C++ (GCC 9.2.1),cpp,Accepted,12.0,3796.0,1275,
s925820836,p03209,u532514769,1595231223,C++,C++ (GCC 9.2.1),cpp,Accepted,9.0,4056.0,817,
s460940090,p03209,u101018317,1595225365,C++,C++ (GCC 9.2.1),cpp,Accepted,8.0,4104.0,499,
s060396366,p03209,u873269440,1595196633,C++,C++ (GCC 9.2.1),cpp,Accepted,6.0,4024.0,669,
s430193648,p03209,u374051158,1595192957,C++,C++ (GCC 9.2.1),cpp,Accepted,7.0,3604.0,680,
s843075031,p03209,u527058497,1595189349,C++,C++ (GCC 9.2.1),cpp,Accepted,6.0,3604.0,1794,
s244337477,p03209,u391589398,1595176753,Python,PyPy3 (7.3.0),py,Accepted,69.0,61300.0,533,
s711527714,p03209,u391589398,1595175006,Python,PyPy3 (7.3.0),py,Accepted,67.0,62032.0,623,
s782672068,p03209,u314543767,1595162781,C++,C++ (GCC 9.2.1),cpp,Accepted,6.0,3644.0,1735,
s511686141,p03209,u036104576,1595137635,Python,Python (3.8.2),py,Accepted,33.0,9384.0,798,
s243737697,p03209,u549438788,1595120618,C++,C++ (GCC 9.2.1),cpp,Accepted,7.0,3624.0,656,
s650775285,p03209,u586759271,1595107616,Python,PyPy3 (7.3.0),py,Accepted,61.0,61952.0,305,
s700668027,p03209,u651235280,1595094530,Python,Python (3.8.2),py,Accepted,32.0,8832.0,391,
s780469224,p03209,u224756887,1595092568,C++,C++ (GCC 9.2.1),cpp,Accepted,78.0,50512.0,23012,
s339303230,p03209,u823862638,1595088529,C++,C++ (GCC 9.2.1),cpp,Accepted,10.0,3644.0,897,
s410268922,p03209,u663191260,1595085207,C++,C++ (GCC 9.2.1),cpp,Accepted,7.0,3640.0,1557,
s588622519,p03209,u671257784,1595023893,C++,C++ (GCC 9.2.1),cpp,Accepted,7.0,3664.0,5591,
s925687150,p03209,u866535689,1595012788,C++,C++ (GCC 9.2.1),cpp,Accepted,6.0,3652.0,998,
s229577847,p03209,u866535689,1595012490,C++,C++ (GCC 9.2.1),cpp,Accepted,7.0,3644.0,1090,
s228611409,p03209,u625046108,1594971760,Python,PyPy3 (7.3.0),py,Accepted,62.0,61860.0,582,
s165292577,p03209,u237022500,1594963848,C++,C++ (GCC 9.2.1),cpp,Accepted,10.0,3620.0,596,
s215237744,p03209,u721082205,1594958329,C++,C++ (GCC 9.2.1),cpp,Accepted,8.0,3944.0,885,
s996672015,p03209,u721082205,1594958278,C++,C++ (GCC 9.2.1),cpp,Accepted,6.0,4036.0,1074,
s939782194,p03209,u721082205,1594957980,C++,C++ (GCC 9.2.1),cpp,Accepted,5.0,4108.0,1074,
s133633665,p03209,u178536051,1594956901,C++,C++ (GCC 9.2.1),cpp,Accepted,11.0,3592.0,806,
s309190997,p03209,u131638468,1594940062,Python,Python (3.8.2),py,Accepted,25.0,9064.0,315,
s831227194,p03209,u175975349,1594933561,C++,C++ (GCC 9.2.1),cpp,Accepted,7.0,4064.0,2362,
s880658132,p03209,u747703115,1594860655,Python,PyPy3 (7.3.0),py,Accepted,64.0,61920.0,395,
s454917704,p03209,u199184624,1594858605,C++,C++ (GCC 9.2.1),cpp,Accepted,6.0,3640.0,766,
s301677342,p03209,u606878291,1594849893,Python,Python (3.8.2),py,Accepted,27.0,9124.0,599,
s705114907,p03209,u606878291,1594848581,Python,Python (3.8.2),py,Accepted,28.0,9104.0,539,
s649574151,p03209,u059210959,1594838304,Python,Python (3.8.2),py,Accepted,42.0,10936.0,1052,
s564898780,p03209,u007550226,1594823261,Python,Python (3.8.2),py,Accepted,25.0,9196.0,292,
s243131869,p03209,u441250130,1594782147,C++,C++ (GCC 9.2.1),cpp,Accepted,6.0,3608.0,946,
s828259346,p03209,u901282405,1594780734,C++,C++ (GCC 9.2.1),cpp,Accepted,6.0,3644.0,1963,
s718448086,p03209,u587589241,1594779600,Python,PyPy3 (7.3.0),py,Accepted,71.0,61932.0,287,
s723618290,p03209,u281829807,1594779469,C++,C++ (GCC 9.2.1),cpp,Accepted,7.0,3592.0,708,
s719639916,p03209,u239239546,1594757725,C++,C++ (GCC 9.2.1),cpp,Accepted,7.0,3632.0,2497,
s620868125,p03209,u085367022,1594754722,C++,C++ (Clang 10.0.0),cpp,Accepted,10.0,3140.0,596,
s634136758,p03209,u852770206,1594745651,C++,C++ (GCC 9.2.1),cpp,Accepted,9.0,3648.0,717,
s683262579,p03209,u544879354,1594691691,C++,C++ (GCC 9.2.1),cpp,Accepted,7.0,3636.0,791,
s891037290,p03209,u189023301,1594659373,Python,Python (3.8.2),py,Accepted,30.0,9204.0,502,
s983386164,p03209,u537852947,1594609694,C++,C++ (GCC 9.2.1),cpp,Accepted,7.0,3596.0,1479,
s368123124,p03209,u379822620,1594587567,C++,C++ (GCC 9.2.1),cpp,Accepted,6.0,3592.0,3043,
s480469607,p03209,u237390401,1594582726,C++,C++ (GCC 9.2.1),cpp,Accepted,5.0,3616.0,739,
s223885244,p03209,u114407770,1594582661,C++,C++ (GCC 9.2.1),cpp,Accepted,3.0,3624.0,634,
s738816678,p03209,u306482197,1594581933,C++,C++ (GCC 9.2.1),cpp,Accepted,8.0,3620.0,377,
s123045349,p03209,u495704746,1594556413,C++,C++ (GCC 9.2.1),cpp,Accepted,8.0,3616.0,772,
s281239325,p03209,u116774833,1594368342,C++,C++ (GCC 9.2.1),cpp,Accepted,7.0,3604.0,700,
s347403282,p03209,u922487073,1594357919,Python,Python (3.8.2),py,Accepted,27.0,9244.0,624,
s618443074,p03209,u790272146,1594350915,C++,C++ (GCC 9.2.1),cpp,Accepted,6.0,3536.0,857,
s133784369,p03209,u084949493,1594333432,C++,C++ (GCC 9.2.1),cpp,Accepted,7.0,3624.0,1323,
s273156036,p03209,u132371041,1594324737,C++,C++ (GCC 9.2.1),cpp,Accepted,14.0,7720.0,3159,
s361574055,p03209,u729166490,1594303168,C++,C++ (GCC 9.2.1),cpp,Accepted,6.0,3608.0,590,
s225288602,p03209,u505122009,1594282645,C++,C++ (GCC 9.2.1),cpp,Accepted,4.0,3636.0,1938,
s408999895,p03209,u058186113,1594263675,C++,C++ (GCC 9.2.1),cpp,Accepted,9.0,3636.0,610,
s242936617,p03209,u495667483,1594261427,Python,PyPy3 (7.3.0),py,Accepted,65.0,62024.0,664,
s803169452,p03209,u777549027,1594237215,C++,C++ (GCC 9.2.1),cpp,Accepted,8.0,3784.0,1702,
s940514682,p03209,u285891772,1594191825,Python,Python (3.8.2),py,Accepted,39.0,10512.0,1385,
s262510338,p03209,u285891772,1594191666,Python,Python (3.8.2),py,Accepted,41.0,10476.0,1386,
s276737038,p03209,u285891772,1594190630,Python,Python (3.8.2),py,Accepted,40.0,10492.0,1406,
s870515031,p03209,u083910207,1594179395,C++,C++ (GCC 9.2.1),cpp,Accepted,8.0,3628.0,7642,
s222547757,p03209,u969116807,1594173698,C++,C++ (GCC 9.2.1),cpp,Accepted,6.0,3596.0,707,
s573088278,p03209,u969116807,1594135585,C++,C++ (GCC 9.2.1),cpp,Accepted,7.0,3628.0,833,
s715638347,p03209,u106922076,1594122149,C++,C++ (GCC 9.2.1),cpp,Accepted,6.0,3632.0,1502,
s938018370,p03209,u043048943,1594120757,Python,PyPy3 (7.3.0),py,Accepted,73.0,62040.0,1033,
s127887489,p03209,u119148115,1594114117,Python,PyPy3 (7.3.0),py,Accepted,170.0,61976.0,538,
s670199704,p03209,u161616073,1594061203,C++,C++ (GCC 9.2.1),cpp,Accepted,3.0,3584.0,781,
s168029037,p03209,u285891772,1594051284,Python,Python (3.8.2),py,Accepted,42.0,10456.0,1275,
s788126613,p03209,u306482197,1594046975,C++,C++ (GCC 9.2.1),cpp,Accepted,6.0,3560.0,1285,
s752040578,p03209,u086503932,1593989379,Python,Python (3.8.2),py,Accepted,29.0,9240.0,973,
s452929709,p03209,u364862909,1593980683,Python,PyPy3 (7.3.0),py,Accepted,60.0,62092.0,609,
s958379699,p03209,u418879326,1593961194,C++,C++ (GCC 9.2.1),cpp,Accepted,6.0,3620.0,861,
s673636221,p03209,u869790980,1593950233,Python,PyPy2 (7.3.0),py,Accepted,408.0,86192.0,684,
s697047444,p03209,u581094488,1593925558,C++,C++ (GCC 9.2.1),cpp,Accepted,7.0,3608.0,682,
s860726797,p03209,u618604643,1593914061,C++,C++ (GCC 9.2.1),cpp,Accepted,7.0,3568.0,1717,
s659277325,p03209,u349444371,1593882894,Python,Python (3.8.2),py,Accepted,27.0,9020.0,884,
s501719534,p03209,u224756887,1593878277,C++,C++ (GCC 9.2.1),cpp,Accepted,79.0,50504.0,22395,
s043054588,p03209,u116523315,1593878064,C++,C++ (GCC 9.2.1),cpp,Accepted,8.0,3596.0,860,
s294551825,p03209,u308012928,1593843962,C++,C++ (GCC 9.2.1),cpp,Accepted,4.0,3596.0,572,
s688566833,p03209,u469315559,1593825481,C++,C++ (GCC 9.2.1),cpp,Accepted,7.0,3628.0,650,
s838898750,p03209,u124498235,1593817951,Python,Python (3.8.2),py,Accepted,26.0,9112.0,286,
s699795014,p03209,u539011156,1593801980,C++,C++ (GCC 9.2.1),cpp,Accepted,8.0,3632.0,4335,
s222110074,p03209,u818349438,1593800730,C++,C++ (GCC 9.2.1),cpp,Accepted,7.0,3612.0,2629,
s431777934,p03209,u263564761,1593784224,C++,C++ (GCC 9.2.1),cpp,Accepted,8.0,3592.0,780,
s706037768,p03209,u830054172,1593743284,Python,Python (3.8.2),py,Accepted,29.0,9168.0,493,
s201487995,p03209,u455366471,1593739850,C++,C++ (GCC 9.2.1),cpp,Accepted,5.0,3612.0,1147,
s535463213,p03209,u997648604,1593720613,Python,Python (3.8.2),py,Accepted,30.0,9140.0,797,
s471807604,p03209,u274883254,1593701588,C++,C++ (GCC 9.2.1),cpp,Accepted,9.0,3624.0,1215,
s822151157,p03209,u446371873,1593674572,C++,C++ (GCC 9.2.1),cpp,Accepted,7.0,3628.0,1234,
s067220859,p03209,u063896676,1593622564,Python,Python (3.8.2),py,Accepted,27.0,9184.0,840,
s145287265,p03209,u524870111,1593616693,Python,Python (3.8.2),py,Accepted,33.0,9564.0,718,
s251751204,p03209,u018687385,1593585627,C++,C++ (GCC 9.2.1),cpp,Accepted,8.0,3644.0,2693,
s647871468,p03209,u571785964,1593581722,C++,C++ (GCC 9.2.1),cpp,Accepted,8.0,3608.0,2024,
s581500329,p03209,u369633456,1593576301,C++,C++ (GCC 9.2.1),cpp,Accepted,8.0,3632.0,713,
s195902243,p03209,u881541634,1593575072,C++,C++ (Clang 10.0.0),cpp,Accepted,7.0,3160.0,5582,
s298661076,p03209,u930705402,1593570800,Python,PyPy3 (7.3.0),py,Accepted,68.0,61880.0,369,
s088502776,p03209,u515131769,1593563251,C++,C++ (GCC 9.2.1),cpp,Accepted,8.0,3680.0,483,
s361594444,p03209,u634967948,1593544933,C++,C++ (GCC 9.2.1),cpp,Accepted,8.0,3652.0,588,
s120356349,p03209,u031240034,1593526772,C++,C++ (GCC 9.2.1),cpp,Accepted,8.0,3636.0,547,
s066968300,p03209,u394961950,1593449693,C++,C++ (GCC 9.2.1),cpp,Accepted,6.0,3624.0,1059,
s274685632,p03209,u714724786,1593432860,C++,C++ (GCC 9.2.1),cpp,Accepted,7.0,3640.0,1984,
s636069479,p03209,u542376457,1593406862,C++,C++ (GCC 9.2.1),cpp,Accepted,6.0,3644.0,944,
s207589242,p03209,u289545075,1593392202,C++,C++ (GCC 9.2.1),cpp,Accepted,6.0,3600.0,943,
s693331298,p03209,u448570453,1593390962,C++,C++ (GCC 9.2.1),cpp,Accepted,5.0,3644.0,3910,
s316041776,p03209,u969708690,1593377218,Python,Python (3.8.2),py,Accepted,26.0,9024.0,286,
s155942592,p03209,u437779154,1593353936,C++,C++ (GCC 9.2.1),cpp,Accepted,7.0,3588.0,835,
s215018973,p03209,u163783894,1593300352,Python,Python (3.8.2),py,Accepted,28.0,9244.0,975,
s214998944,p03209,u224756887,1593276104,C++,C++ (GCC 9.2.1),cpp,Accepted,87.0,50592.0,22394,
s768984397,p03209,u004707990,1593228734,C++,C++ (GCC 9.2.1),cpp,Accepted,8.0,3576.0,709,
s332524410,p03209,u317379170,1593222374,C++,C++ (GCC 9.2.1),cpp,Accepted,6.0,3644.0,601,
s065234278,p03209,u513211419,1593219464,C++,C++ (GCC 9.2.1),cpp,Accepted,7.0,3744.0,19822,
s095479516,p03209,u336517845,1593191912,C++,C++ (GCC 9.2.1),cpp,Accepted,8.0,3540.0,1037,
s622234027,p03209,u124187388,1593146339,C++,C++ (GCC 9.2.1),cpp,Accepted,6.0,3608.0,1005,
s556939920,p03209,u483992368,1593047760,C++,C++ (GCC 9.2.1),cpp,Accepted,7.0,3568.0,753,
s658225647,p03209,u550294762,1592964333,Python,Python (3.8.2),py,Accepted,29.0,9068.0,376,
s744834665,p03209,u424374375,1592963673,C++,C++ (GCC 9.2.1),cpp,Accepted,10.0,3596.0,778,
s139082850,p03209,u373908456,1592960690,C++,C++ (GCC 9.2.1),cpp,Accepted,6.0,4080.0,18466,
s557143565,p03209,u507549471,1592959708,C++,C++ (GCC 9.2.1),cpp,Accepted,7.0,3576.0,950,
s319635288,p03209,u502731482,1592955891,Python,Python (3.8.2),py,Accepted,29.0,9064.0,369,
s785185849,p03209,u778814286,1592943221,C++,C++ (GCC 9.2.1),cpp,Accepted,7.0,3668.0,4163,
s977776461,p03209,u888092736,1592926296,Python,Python (3.8.2),py,Accepted,30.0,9112.0,449,
s562465504,p03209,u652423305,1592921613,C++,C++ (Clang 10.0.0),cpp,Accepted,7.0,3200.0,3434,
s195911387,p03209,u823458368,1592881079,Python,Python (3.8.2),py,Accepted,28.0,9176.0,502,
s414205469,p03209,u703528810,1592843018,Python,Python (3.8.2),py,Accepted,27.0,9176.0,754,
s712113866,p03209,u852449189,1592800826,C++,C++ (GCC 9.2.1),cpp,Accepted,8.0,4064.0,2714,
s026140571,p03209,u137542041,1592786309,Python,Python (3.8.2),py,Accepted,29.0,9036.0,388,
s234804293,p03209,u992471673,1592780141,C++,C++ (GCC 9.2.1),cpp,Accepted,6.0,3612.0,741,
s557079264,p03209,u653837719,1592777413,Python,PyPy3 (7.3.0),py,Accepted,71.0,61828.0,543,
s161964324,p03209,u653837719,1592777216,Python,PyPy3 (7.3.0),py,Accepted,72.0,61580.0,556,
s377161407,p03209,u653837719,1592776930,Python,PyPy3 (7.3.0),py,Accepted,64.0,61980.0,508,
s752161957,p03209,u809967037,1592753514,C++,C++ (GCC 9.2.1),cpp,Accepted,7.0,3616.0,6951,
s260310321,p03209,u943966256,1592722401,C++,C++ (GCC 9.2.1),cpp,Accepted,8.0,3644.0,669,
s760366988,p03209,u496821919,1592706943,Python,Python (3.8.2),py,Accepted,31.0,9228.0,417,
s730906665,p03209,u581172017,1592705335,C++,C++ (GCC 9.2.1),cpp,Accepted,8.0,3620.0,637,
s796490218,p03209,u180133008,1592683819,C++,C++ (GCC 9.2.1),cpp,Accepted,8.0,3524.0,936,
s209167678,p03209,u133936772,1592683634,Python,Python (3.8.2),py,Accepted,28.0,9132.0,200,
s810642788,p03209,u133936772,1592683581,Python,Python (3.8.2),py,Accepted,30.0,9092.0,201,
s816331908,p03209,u133936772,1592683173,Python,Python (3.8.2),py,Accepted,32.0,9744.0,237,
s661015991,p03209,u133936772,1592682488,Python,Python (3.8.2),py,Accepted,34.0,9700.0,248,
s537484211,p03209,u424103788,1592679512,C++,C++ (GCC 9.2.1),cpp,Accepted,6.0,3560.0,675,
s428933703,p03209,u224756887,1592660548,C++,C++ (GCC 9.2.1),cpp,Accepted,85.0,50600.0,22383,
s797781671,p03209,u590057656,1592642266,C++,C++ (GCC 9.2.1),cpp,Accepted,7.0,3636.0,708,
s766487969,p03209,u475675023,1592635266,Python,Python (3.8.2),py,Accepted,31.0,9196.0,249,
s326791950,p03209,u568501780,1592619738,C++,C++ (GCC 9.2.1),cpp,Accepted,5.0,3632.0,751,
s617756772,p03209,u886459614,1592613345,Python,Python (3.8.2),py,Accepted,28.0,9128.0,317,
s218294969,p03209,u692453235,1592611591,Python,Python (3.8.2),py,Accepted,28.0,9236.0,444,
s889065800,p03209,u856095980,1592599434,C++,C++ (GCC 9.2.1),cpp,Accepted,4.0,3612.0,1721,
s980515202,p03209,u945452839,1592534197,C++,C++ (GCC 9.2.1),cpp,Accepted,7.0,3640.0,497,
s657222732,p03209,u294700660,1592527332,C++,C++ (GCC 9.2.1),cpp,Accepted,6.0,3588.0,3590,
s013718971,p03209,u917558625,1592505002,Python,Python (3.4.3),py,Accepted,17.0,3064.0,433,
s845612854,p03209,u535555850,1592499593,C++,C++14 (GCC 5.4.1),cpp,Accepted,1.0,256.0,1414,
s576847626,p03209,u923270446,1592443433,Python,Python (3.4.3),py,Accepted,18.0,3064.0,241,
s190777369,p03209,u943070796,1592443379,C++,C++14 (GCC 5.4.1),cpp,Accepted,1.0,256.0,21481,
s704077248,p03209,u509420256,1592440549,C++,C++14 (GCC 5.4.1),cpp,Accepted,1.0,256.0,819,
s252994131,p03209,u151785909,1592428331,Python,Python (3.4.3),py,Accepted,18.0,3064.0,293,
s252075491,p03209,u539692012,1592419682,Python,Python (3.4.3),py,Accepted,24.0,3684.0,387,
s438326835,p03209,u539692012,1592416442,Python,Python (3.4.3),py,Accepted,18.0,3064.0,418,
s135300075,p03209,u190018920,1592344875,C++,C++14 (GCC 5.4.1),cpp,Accepted,1.0,256.0,1563,
s255873563,p03209,u190018920,1592344809,C++,C++14 (GCC 5.4.1),cpp,Accepted,1.0,256.0,1667,
s687968079,p03209,u953110527,1592343238,Python,PyPy3 (2.4.0),py,Accepted,168.0,38384.0,392,
s280108464,p03209,u838644735,1592283972,Python,Python (3.4.3),py,Accepted,22.0,3572.0,1842,
s688330280,p03209,u064434060,1592276250,Python,PyPy3 (2.4.0),py,Accepted,164.0,38256.0,641,
s280305848,p03209,u556060450,1592241858,C++,C++14 (GCC 5.4.1),cpp,Accepted,1.0,256.0,2982,
s024175801,p03209,u054559808,1592169932,Python,PyPy3 (2.4.0),py,Accepted,180.0,38384.0,820,
s042348615,p03209,u941047297,1592164126,Python,Python (3.4.3),py,Accepted,17.0,3064.0,423,
s836867728,p03209,u553461888,1592162180,C++,C++14 (GCC 5.4.1),cpp,Accepted,1.0,256.0,6007,
s639942747,p03209,u553461888,1592161476,C++,C++14 (GCC 5.4.1),cpp,Accepted,1.0,256.0,6007,
s827295660,p03209,u970197315,1592161100,Python,Python (3.4.3),py,Accepted,17.0,3064.0,371,
s913488329,p03209,u333139319,1592147626,Python,PyPy3 (2.4.0),py,Accepted,179.0,38384.0,450,
s785962603,p03209,u364916333,1592114427,C++,C++14 (GCC 5.4.1),cpp,Accepted,1.0,256.0,681,
s250836450,p03209,u496687522,1592095138,Python,Python (3.4.3),py,Accepted,17.0,3064.0,325,
s222571113,p03209,u496687522,1592094017,Python,Python (3.4.3),py,Accepted,17.0,3064.0,819,
s696713415,p03209,u459930111,1592093032,C++,C++14 (GCC 5.4.1),cpp,Accepted,1.0,256.0,663,
s118230855,p03209,u860002137,1592073586,Python,Python (3.4.3),py,Accepted,23.0,3572.0,935,
s951197401,p03209,u656341025,1592061957,Python,Python (3.4.3),py,Accepted,19.0,3188.0,531,
s263793483,p03209,u221285045,1592060647,C++,C++14 (GCC 5.4.1),cpp,Accepted,1.0,256.0,2305,
s623867232,p03209,u224756887,1592060140,C++,C++14 (GCC 5.4.1),cpp,Accepted,40.0,47104.0,22225,
s568865518,p03209,u590927341,1592055458,C++,C++14 (GCC 5.4.1),cpp,Accepted,1.0,256.0,2662,
s449914519,p03209,u763976642,1592034410,C++,C++14 (GCC 5.4.1),cpp,Accepted,1.0,256.0,1510,
s101305296,p03209,u134019875,1592024576,Python,Python (3.4.3),py,Accepted,18.0,3064.0,319,
s864528849,p03209,u615662061,1592018373,C++,C++14 (GCC 5.4.1),cpp,Accepted,2.0,256.0,932,
s087503149,p03209,u836743234,1592015878,C++,C++14 (GCC 5.4.1),cpp,Accepted,1.0,256.0,1540,
s254382222,p03209,u011716617,1592008415,C++,C++14 (GCC 5.4.1),cpp,Accepted,1.0,256.0,1532,
s684795390,p03209,u491766614,1592002710,C++,C++14 (GCC 5.4.1),cpp,Accepted,1.0,256.0,564,
s441439969,p03209,u135626132,1591997612,C++,C++14 (GCC 5.4.1),cpp,Accepted,1.0,256.0,816,
s731786891,p03209,u239528020,1591997379,Python,Python (3.4.3),py,Accepted,18.0,3064.0,532,
s545006221,p03209,u800396927,1591993867,Python,Python (3.4.3),py,Accepted,18.0,3064.0,276,
s812844574,p03209,u297738015,1591985294,C++,C++14 (GCC 5.4.1),cpp,Accepted,1.0,256.0,2302,
s087110276,p03209,u736788838,1591966973,C++,C++14 (GCC 5.4.1),cpp,Accepted,1.0,256.0,967,
s716742990,p03209,u610441939,1591966939,C++,C++14 (GCC 5.4.1),cpp,Accepted,1.0,256.0,772,
s142116840,p03209,u582684800,1591935513,C++,C++14 (GCC 5.4.1),cpp,Accepted,1.0,256.0,739,
s279260588,p03209,u106797249,1591921257,Python,Python (3.4.3),py,Accepted,17.0,3064.0,1124,
s753844467,p03209,u953463534,1591855433,C++,C++14 (GCC 5.4.1),cpp,Accepted,1.0,256.0,953,
s629722015,p03209,u677121387,1591849995,Python,Python (3.4.3),py,Accepted,19.0,3192.0,433,
s795756963,p03209,u919867411,1591848548,C++,C++14 (GCC 5.4.1),cpp,Accepted,1.0,256.0,1306,
s395143358,p03209,u516708338,1591765594,C++,C++14 (GCC 5.4.1),cpp,Accepted,1.0,256.0,1562,
s206241429,p03209,u041756795,1591765432,C++,C++14 (GCC 5.4.1),cpp,Accepted,1.0,256.0,1767,
s899928345,p03209,u132365288,1591765261,C++,C++14 (GCC 5.4.1),cpp,Accepted,1.0,256.0,1556,
s681661210,p03209,u736647947,1591762396,C++,C++14 (GCC 5.4.1),cpp,Accepted,1.0,256.0,1042,
s348378926,p03209,u533749093,1591758394,C++,C++14 (GCC 5.4.1),cpp,Accepted,1.0,256.0,3515,
s394213668,p03209,u073549161,1591757401,Python,PyPy3 (2.4.0),py,Accepted,174.0,38256.0,936,
s874061134,p03209,u114137758,1591757391,C++,C++14 (GCC 5.4.1),cpp,Accepted,1.0,256.0,4568,
s952571876,p03209,u554988565,1591749367,C++,C++14 (GCC 5.4.1),cpp,Accepted,1.0,256.0,1575,
s717006153,p03209,u757628628,1591734423,C++,C++14 (GCC 5.4.1),cpp,Accepted,3.0,256.0,1779,
s438338232,p03209,u859566721,1591707647,C++,C++14 (GCC 5.4.1),cpp,Accepted,4.0,256.0,730,
s191161763,p03209,u138886316,1591682808,C++,C++14 (GCC 5.4.1),cpp,Accepted,1.0,256.0,1109,
s643655321,p03209,u387774811,1591671852,Python,PyPy3 (2.4.0),py,Accepted,160.0,38256.0,580,
s236670909,p03209,u214685595,1591669513,C++,C++14 (GCC 5.4.1),cpp,Accepted,1.0,256.0,860,
s732504948,p03209,u096616343,1591663497,C++,C++14 (GCC 5.4.1),cpp,Accepted,1.0,256.0,887,
s820818366,p03209,u828593789,1591596681,C++,C++14 (GCC 5.4.1),cpp,Accepted,1.0,256.0,1166,
s310036398,p03209,u629350026,1591583428,Python,Python (3.4.3),py,Accepted,17.0,3064.0,276,
s026522159,p03209,u781381862,1591499585,C++,C++14 (GCC 5.4.1),cpp,Accepted,1.0,256.0,801,
s135262161,p03209,u311671153,1591494703,C++,C++14 (GCC 5.4.1),cpp,Accepted,35.0,31488.0,5040,
s983195733,p03209,u631558039,1591490108,C++,C++14 (GCC 5.4.1),cpp,Accepted,1.0,256.0,2648,
s777595565,p03209,u653699618,1591464234,C++,C++14 (GCC 5.4.1),cpp,Accepted,1.0,256.0,6061,
s262743896,p03209,u224756887,1591464146,C++,C++14 (GCC 5.4.1),cpp,Accepted,37.0,47104.0,22220,
s766997738,p03209,u999788719,1591462554,C++,C++14 (GCC 5.4.1),cpp,Accepted,1.0,256.0,1298,
s265060092,p03209,u863717702,1591460258,C++,C++14 (GCC 5.4.1),cpp,Accepted,1.0,256.0,1358,
s792057221,p03209,u129134470,1591329123,C++,C++14 (GCC 5.4.1),cpp,Accepted,1.0,256.0,963,
s814161556,p03209,u795630164,1591308201,C++,C++14 (GCC 5.4.1),cpp,Accepted,1.0,256.0,805,
s768854126,p03209,u354126779,1591304717,Python,Python (3.4.3),py,Accepted,17.0,3064.0,403,
s949916525,p03209,u622045059,1591242023,C++,C++14 (GCC 5.4.1),cpp,Accepted,1.0,256.0,1263,
s212625145,p03209,u465699806,1591180114,C++,C++14 (GCC 5.4.1),cpp,Accepted,1.0,256.0,12446,
s561872164,p03209,u651235280,1591152684,C++,C++14 (GCC 5.4.1),cpp,Accepted,1.0,256.0,845,
s371632475,p03209,u936985471,1591151189,Python,Python (3.4.3),py,Accepted,18.0,3188.0,605,
s492645836,p03209,u936985471,1591150950,Python,Python (3.4.3),py,Accepted,17.0,3064.0,613,
s049305274,p03209,u936985471,1591150579,Python,Python (3.4.3),py,Accepted,17.0,3064.0,870,
s282696090,p03209,u798339690,1591138309,C++,C++14 (GCC 5.4.1),cpp,Accepted,1.0,256.0,3189,
s814179864,p03209,u190679129,1591135203,C++,C++14 (GCC 5.4.1),cpp,Accepted,1.0,256.0,811,
s202942415,p03209,u668974816,1591134186,C++,C++14 (GCC 5.4.1),cpp,Accepted,1.0,256.0,874,
s844992524,p03209,u127499732,1591121585,Python,Python (3.4.3),py,Accepted,17.0,3064.0,692,
s925238553,p03209,u127499732,1591120447,Python,Python (3.4.3),py,Accepted,17.0,3064.0,723,
s796694629,p03209,u804999113,1591074813,C++,C++14 (GCC 5.4.1),cpp,Accepted,1.0,256.0,543,
s073793076,p03209,u877494916,1591069635,C++,C++14 (GCC 5.4.1),cpp,Accepted,1.0,256.0,1257,
s160353149,p03209,u255673886,1591065207,Python,PyPy3 (2.4.0),py,Accepted,170.0,38384.0,2463,
s501288807,p03209,u255673886,1591065076,Python,Python (3.4.3),py,Accepted,39.0,5328.0,2461,
s110235481,p03209,u936985471,1591057094,Python,Python (3.4.3),py,Accepted,18.0,3064.0,1119,
s740795901,p03209,u503221936,1590999391,C++,C++14 (GCC 5.4.1),cpp,Accepted,1.0,256.0,778,
s382207603,p03209,u107464079,1590974600,C++,C++14 (GCC 5.4.1),cpp,Accepted,1.0,256.0,454,
s481796165,p03209,u526459074,1590964430,C++,C++14 (GCC 5.4.1),cpp,Accepted,1.0,256.0,2254,
s227170935,p03209,u415916075,1590959410,C++,C++14 (GCC 5.4.1),cpp,Accepted,1.0,256.0,1043,
s083079244,p03209,u384124931,1590957190,Python,Python (3.4.3),py,Accepted,17.0,3064.0,326,
s362650169,p03209,u858670323,1590947292,C++,C++14 (GCC 5.4.1),cpp,Accepted,1.0,256.0,2215,
s792204809,p03209,u802434195,1590898829,C++,C++14 (GCC 5.4.1),cpp,Accepted,1.0,256.0,1065,
s821831317,p03209,u104005543,1590889842,Python,Python (3.4.3),py,Accepted,17.0,3064.0,325,
s888206935,p03209,u650236619,1590881028,C++,C++14 (GCC 5.4.1),cpp,Accepted,3.0,384.0,619,
s581070715,p03209,u120810144,1590878066,C++,C++14 (GCC 5.4.1),cpp,Accepted,1.0,256.0,1391,
s838476318,p03209,u261103969,1590871925,Python,PyPy3 (2.4.0),py,Accepted,169.0,38256.0,805,
s372682433,p03209,u665038048,1590866501,Python,Python (3.4.3),py,Accepted,17.0,3064.0,321,
s024788297,p03209,u620269708,1590859754,C++,C++14 (GCC 5.4.1),cpp,Accepted,1.0,256.0,512,
s344142450,p03209,u224756887,1590855182,C++,C++14 (GCC 5.4.1),cpp,Accepted,49.0,47104.0,22225,
s742984980,p03209,u747602774,1590810044,Python,Python (3.4.3),py,Accepted,18.0,3064.0,413,
s899880139,p03209,u389007679,1590803415,C++,C++14 (GCC 5.4.1),cpp,Accepted,1.0,256.0,788,
s623503748,p03209,u733814820,1590799972,C++,C++14 (GCC 5.4.1),cpp,Accepted,1.0,256.0,1444,
s103297807,p03209,u208844959,1590795825,C++,C++14 (GCC 5.4.1),cpp,Accepted,1.0,256.0,990,
s471901464,p03209,u493130708,1590786164,Python,PyPy3 (2.4.0),py,Accepted,175.0,38384.0,3581,
s092208912,p03209,u493130708,1590786072,Python,PyPy3 (2.4.0),py,Accepted,169.0,38256.0,3591,
s100028962,p03209,u603234915,1590780536,C++,C++14 (GCC 5.4.1),cpp,Accepted,1.0,256.0,1083,
s505876747,p03209,u603234915,1590780289,C++,C++14 (GCC 5.4.1),cpp,Accepted,1.0,256.0,858,
s847952440,p03209,u287132915,1590761663,Python,Python (3.4.3),py,Accepted,17.0,3064.0,587,
s462166577,p03209,u596311864,1590759847,C++,C++14 (GCC 5.4.1),cpp,Accepted,1.0,256.0,1013,
s892034120,p03209,u596311864,1590758917,C++,C++14 (GCC 5.4.1),cpp,Accepted,1.0,256.0,1011,
s355809294,p03209,u279493135,1590758776,Python,Python (3.4.3),py,Accepted,44.0,5200.0,1138,
s326211345,p03209,u563743611,1590757444,C++,C++14 (GCC 5.4.1),cpp,Accepted,1.0,256.0,911,
s799740920,p03209,u273352618,1590756462,C++,C++14 (GCC 5.4.1),cpp,Accepted,1.0,256.0,1364,
s731129436,p03209,u907525511,1590755987,C++,C++14 (GCC 5.4.1),cpp,Accepted,1.0,256.0,561,
s829800697,p03209,u950603962,1590755302,C++,C++14 (GCC 5.4.1),cpp,Accepted,1.0,256.0,4490,
s353601073,p03209,u644907318,1590755246,Python,PyPy3 (2.4.0),py,Accepted,196.0,44784.0,366,
s151629558,p03209,u609061751,1590755095,Python,Python (3.4.3),py,Accepted,19.0,3064.0,550,
s127093084,p03209,u034865202,1590754859,C++,C++14 (GCC 5.4.1),cpp,Accepted,1.0,256.0,6219,
s512146939,p03209,u186838327,1590754777,Python,PyPy3 (2.4.0),py,Accepted,176.0,38384.0,359,
s584371607,p03209,u896014917,1590754666,C++,C++14 (GCC 5.4.1),cpp,Accepted,1.0,256.0,2076,
s031924861,p03209,u896014917,1590754597,C++,C++14 (GCC 5.4.1),cpp,Accepted,1.0,256.0,2076,
s407087679,p03209,u929582923,1590754452,C++,C++14 (GCC 5.4.1),cpp,Accepted,1.0,256.0,2059,
s762473467,p03209,u415325136,1590754046,C++,C++14 (GCC 5.4.1),cpp,Accepted,1.0,256.0,998,
s844846709,p03209,u392319141,1590753509,Python,Python (3.4.3),py,Accepted,24.0,3684.0,539,
s035050900,p03209,u740054550,1590753390,C++,C++14 (GCC 5.4.1),cpp,Accepted,1.0,256.0,2736,
s871402187,p03209,u047796752,1590753358,Python,PyPy3 (2.4.0),py,Accepted,169.0,38384.0,420,
s846013739,p03209,u343441882,1590727035,C++,C++14 (GCC 5.4.1),cpp,Accepted,1.0,256.0,944,
s270396955,p03209,u620269708,1590717892,C++,C++14 (GCC 5.4.1),cpp,Accepted,1.0,256.0,553,
s819455555,p03209,u062727117,1590709046,C++,C++14 (GCC 5.4.1),cpp,Accepted,1.0,256.0,1339,
s804689775,p03209,u358859892,1590703328,C++,C++14 (GCC 5.4.1),cpp,Accepted,1.0,256.0,779,
s553545110,p03209,u644110877,1590689982,C++,C++14 (GCC 5.4.1),cpp,Accepted,1.0,256.0,766,
s013537116,p03209,u283907492,1590678149,C++,C++14 (GCC 5.4.1),cpp,Accepted,1.0,256.0,604,
s319838744,p03209,u192154323,1590666763,Python,Python (3.4.3),py,Accepted,17.0,3064.0,638,
s464702942,p03209,u303884911,1590638746,C++,C++14 (GCC 5.4.1),cpp,Accepted,1.0,256.0,902,
s115333626,p03209,u006576567,1590632745,C++,C++14 (GCC 5.4.1),cpp,Accepted,1.0,256.0,923,
s158391326,p03209,u260216890,1590632451,Python,PyPy3 (2.4.0),py,Accepted,175.0,38384.0,577,
s860703519,p03209,u260216890,1590627703,Python,PyPy3 (2.4.0),py,Accepted,167.0,38384.0,404,
s709078535,p03209,u185821641,1590622307,C++,C++14 (GCC 5.4.1),cpp,Accepted,1.0,256.0,673,
s540532676,p03209,u801049006,1590620827,Python,Python (3.4.3),py,Accepted,17.0,3060.0,378,
s093877946,p03209,u829260400,1590555365,C++,C++14 (GCC 5.4.1),cpp,Accepted,1.0,256.0,2070,
s148152659,p03209,u045289115,1590552604,C++,C++14 (GCC 5.4.1),cpp,Accepted,1.0,256.0,346,
s910196539,p03209,u626881915,1590535866,Python,Python (3.4.3),py,Accepted,17.0,3060.0,262,
s949620594,p03209,u788068140,1590515384,Python,Python (3.4.3),py,Accepted,18.0,3064.0,1106,
s812424480,p03209,u005906204,1590503886,C++,C++14 (GCC 5.4.1),cpp,Accepted,1.0,256.0,1407,
s081787103,p03209,u318127926,1590463644,Python,Python (3.4.3),py,Accepted,17.0,3064.0,333,
s983452405,p03209,u669173971,1590459533,Python,Python (3.4.3),py,Accepted,18.0,3064.0,439,
s167794147,p03209,u281303342,1590453738,Python,Python (3.4.3),py,Accepted,17.0,3064.0,1130,
s824602585,p03209,u195036695,1590432906,C++,C++14 (GCC 5.4.1),cpp,Accepted,1.0,256.0,3028,
s449888919,p03209,u306950978,1590431975,Python,Python (3.4.3),py,Accepted,17.0,3064.0,503,
s267431381,p03209,u888337853,1590382171,Python,PyPy3 (2.4.0),py,Accepted,277.0,63980.0,1155,
s544937336,p03209,u844646164,1590376432,Python,Python (3.4.3),py,Accepted,17.0,3064.0,300,
s488042963,p03209,u637983859,1590370808,C++,C++14 (GCC 5.4.1),cpp,Accepted,1.0,256.0,4425,
s585611903,p03209,u089142196,1590355677,Python,Python (3.4.3),py,Accepted,17.0,3064.0,446,
s814224107,p03209,u983681697,1590353312,C++,C++14 (GCC 5.4.1),cpp,Accepted,1.0,256.0,656,
s004541253,p03209,u142209028,1590351131,C++,C++14 (GCC 5.4.1),cpp,Accepted,1.0,256.0,462,
s524243887,p03209,u604329931,1590303301,C++,C++14 (GCC 5.4.1),cpp,Accepted,1.0,256.0,1334,
s635036711,p03209,u055231161,1590288318,C++,C++14 (GCC 5.4.1),cpp,Accepted,1.0,256.0,813,
s739241771,p03209,u837654535,1590271945,C++,C++14 (GCC 5.4.1),cpp,Accepted,1.0,256.0,929,
s718196550,p03209,u224756887,1590255028,C++,C++14 (GCC 5.4.1),cpp,Accepted,53.0,49664.0,24205,
s450093149,p03209,u636683284,1590207015,Python,PyPy3 (2.4.0),py,Accepted,164.0,38384.0,202,
s991896081,p03209,u867848444,1590197825,Python,PyPy3 (2.4.0),py,Accepted,181.0,38724.0,408,
s510521988,p03209,u128572736,1590180628,C++,C++14 (GCC 5.4.1),cpp,Accepted,1.0,256.0,1885,
s098940308,p03209,u666476759,1590126131,Python,Python (3.4.3),py,Accepted,18.0,3064.0,666,
s402407825,p03209,u642912410,1590115597,C++,C++14 (GCC 5.4.1),cpp,Accepted,1.0,128.0,525,
s524245246,p03209,u459419927,1590105724,Python,Python (3.4.3),py,Accepted,17.0,3064.0,537,
s271450852,p03209,u093041722,1590103257,Python,Python (3.4.3),py,Accepted,17.0,3064.0,548,
s232340583,p03209,u940139461,1590099132,Python,PyPy3 (2.4.0),py,Accepted,179.0,38384.0,369,
s244112445,p03209,u038021590,1590085218,Python,Python (3.4.3),py,Accepted,17.0,3064.0,465,
s480686960,p03209,u992910889,1590068062,Python,PyPy3 (2.4.0),py,Accepted,169.0,38256.0,697,
s647601177,p03209,u504800764,1590043838,C++,C++14 (GCC 5.4.1),cpp,Accepted,1.0,256.0,1142,
s204762637,p03209,u246343119,1590041749,C++,C++14 (GCC 5.4.1),cpp,Accepted,7.0,764.0,625,
s165469075,p03209,u107639613,1590029191,Python,PyPy3 (2.4.0),py,Accepted,164.0,38256.0,601,
s907654089,p03209,u455067221,1590029164,C++,C++14 (GCC 5.4.1),cpp,Accepted,1.0,256.0,637,
s554309920,p03209,u533749093,1590028166,C++,C++14 (GCC 5.4.1),cpp,Accepted,1.0,256.0,3379,
s874775637,p03209,u727148417,1590025989,Python,PyPy3 (2.4.0),py,Accepted,171.0,38512.0,625,
s738922333,p03209,u050087249,1590016113,C++,C++14 (GCC 5.4.1),cpp,Accepted,1.0,256.0,808,
s472917738,p03209,u074294821,1589955770,C++,C++14 (GCC 5.4.1),cpp,Accepted,1.0,256.0,3715,
s464250278,p03209,u203197031,1589921720,C++,C++14 (GCC 5.4.1),cpp,Accepted,1.0,256.0,1326,
s528718074,p03209,u261538386,1589915658,C++,C++14 (GCC 5.4.1),cpp,Accepted,1.0,256.0,1328,
s813507689,p03209,u801513186,1589912497,C++,C++14 (GCC 5.4.1),cpp,Accepted,1.0,256.0,1648,
s017592710,p03209,u190875453,1589902138,C++,C++14 (GCC 5.4.1),cpp,Accepted,1.0,256.0,837,
s446428937,p03209,u998782229,1589861065,C++,C++14 (GCC 5.4.1),cpp,Accepted,1.0,256.0,673,
s631357651,p03209,u001534842,1589856398,C++,C++14 (GCC 5.4.1),cpp,Accepted,1.0,256.0,1426,
s996841411,p03209,u426572476,1589850123,Python,Python (3.4.3),py,Accepted,17.0,3064.0,450,
s533378676,p03209,u392200830,1589845678,C++,C++14 (GCC 5.4.1),cpp,Accepted,1.0,256.0,1448,
s674939029,p03209,u392200830,1589845553,C++,C++14 (GCC 5.4.1),cpp,Accepted,1.0,256.0,1371,
s035518830,p03209,u525560003,1589833756,C++,C++14 (GCC 5.4.1),cpp,Accepted,1.0,256.0,589,
s261749918,p03209,u182326544,1589774904,C++,C++14 (GCC 5.4.1),cpp,Accepted,1.0,256.0,1506,
s404125494,p03209,u768896740,1589753669,Python,Python (3.4.3),py,Accepted,17.0,3064.0,446,
s768482330,p03209,u177907787,1589732973,C++,C++14 (GCC 5.4.1),cpp,Accepted,1.0,256.0,667,
s574618966,p03209,u741815956,1589685750,C++,C++14 (GCC 5.4.1),cpp,Accepted,1.0,256.0,882,
s970837789,p03209,u141786930,1589685083,Python,Python (3.4.3),py,Accepted,17.0,3064.0,601,
s106326895,p03209,u688789047,1589679017,C++,C++14 (GCC 5.4.1),cpp,Accepted,1.0,256.0,1023,
s365274745,p03209,u558242240,1589672913,Python,Python (3.4.3),py,Accepted,17.0,3064.0,572,
s503585495,p03209,u145231176,1589670893,Python,PyPy3 (2.4.0),py,Accepted,174.0,38384.0,1426,
s939855034,p03209,u204536668,1589662408,C++,C++14 (GCC 5.4.1),cpp,Accepted,1.0,256.0,674,
s490550653,p03209,u224756887,1589652647,C++,C++14 (GCC 5.4.1),cpp,Accepted,43.0,49664.0,21973,
s612630588,p03209,u988076584,1589626193,C++,C++14 (GCC 5.4.1),cpp,Accepted,1.0,256.0,1459,
s641868859,p03209,u868089307,1589594705,C++,C++14 (GCC 5.4.1),cpp,Accepted,1.0,256.0,963,
s362551019,p03209,u952090000,1589593042,C++,C++14 (GCC 5.4.1),cpp,Accepted,1.0,256.0,4440,
s723390393,p03209,u378702452,1589590345,C++,C++14 (GCC 5.4.1),cpp,Accepted,1.0,256.0,1144,
s024733901,p03209,u704625420,1589583493,C++,C++14 (GCC 5.4.1),cpp,Accepted,1.0,256.0,2104,
s850372069,p03209,u014442925,1589567633,C++,C++14 (GCC 5.4.1),cpp,Accepted,1.0,256.0,1852,
s262382340,p03209,u029000441,1589564272,Python,Python (3.4.3),py,Accepted,21.0,3316.0,1305,
s996102701,p03209,u645961531,1589555748,C++,C++14 (GCC 5.4.1),cpp,Accepted,1.0,256.0,2129,
s121834426,p03209,u102070373,1589555580,C++,C++14 (GCC 5.4.1),cpp,Accepted,1.0,256.0,751,
s566892044,p03209,u548791035,1589533007,C++,C++14 (GCC 5.4.1),cpp,Accepted,1.0,256.0,1688,
s696259636,p03209,u233586402,1589508469,C++,C++14 (GCC 5.4.1),cpp,Accepted,1.0,256.0,829,
s688274283,p03209,u541610817,1589497429,Python,Python (3.4.3),py,Accepted,20.0,3064.0,741,
s635626159,p03209,u179778090,1589492849,C++,C++14 (GCC 5.4.1),cpp,Accepted,1.0,256.0,2058,
s412514584,p03209,u279460955,1589480444,Python,PyPy3 (2.4.0),py,Accepted,278.0,63340.0,1472,
s811241696,p03209,u452512115,1589433591,Python,Python (3.8.2),py,Accepted,24.0,9220.0,586,
s752924254,p03209,u106635407,1589388852,C++,C++14 (GCC 5.4.1),cpp,Accepted,1.0,256.0,1259,
s300324762,p03209,u810356688,1589384891,Python,PyPy3 (2.4.0),py,Accepted,168.0,38256.0,1404,
s271276642,p03209,u810356688,1589384832,Python,Python (3.4.3),py,Accepted,19.0,3064.0,1404,
s381233105,p03209,u397384480,1589382639,Python,PyPy3 (2.4.0),py,Accepted,164.0,38256.0,688,
s373053640,p03209,u093973314,1589381980,C++,C++14 (GCC 5.4.1),cpp,Accepted,1.0,256.0,847,
s718116633,p03209,u354281482,1589363624,C++,C++14 (GCC 5.4.1),cpp,Accepted,1.0,256.0,652,
s508905912,p03209,u705296057,1589352686,C++,C++14 (GCC 5.4.1),cpp,Accepted,1.0,256.0,1706,
s352264423,p03209,u480300350,1589329777,Python,Python (3.4.3),py,Accepted,18.0,3064.0,3656,
s606161470,p03209,u685983477,1589323628,Python,Python (3.4.3),py,Accepted,17.0,3064.0,328,
s037759820,p03209,u350072791,1589320665,C++,C++14 (GCC 5.4.1),cpp,Accepted,1.0,256.0,734,
s884690134,p03209,u890331732,1589314140,C++,C++14 (GCC 5.4.1),cpp,Accepted,1.0,256.0,638,
s544509351,p03209,u552122040,1589309730,C++,C++14 (GCC 5.4.1),cpp,Accepted,1.0,256.0,971,
s060768486,p03209,u586598623,1589307629,C++,C++14 (GCC 5.4.1),cpp,Accepted,1.0,256.0,462,
s149523413,p03209,u863370423,1589301877,C++,C++14 (GCC 5.4.1),cpp,Accepted,1.0,256.0,462,
s713249700,p03209,u892487306,1589290008,Python,Python (3.4.3),py,Accepted,19.0,3064.0,435,
s109904462,p03209,u082801599,1589258525,C++,C++14 (GCC 5.4.1),cpp,Accepted,1.0,256.0,591,
s958125896,p03209,u703442202,1589253755,Python,PyPy3 (2.4.0),py,Accepted,165.0,38496.0,620,
s900401393,p03209,u762158020,1589251877,C++,C++14 (GCC 5.4.1),cpp,Accepted,1.0,256.0,734,
s707987923,p03209,u762158020,1589250324,C++,C++14 (GCC 5.4.1),cpp,Accepted,1.0,256.0,840,
s225083619,p03209,u552122040,1589248872,C++,C++14 (GCC 5.4.1),cpp,Accepted,1.0,256.0,752,
s463685116,p03209,u477343425,1589216860,C++,C++14 (GCC 5.4.1),cpp,Accepted,1.0,256.0,875,
s485973821,p03209,u477343425,1589216308,C++,C++14 (GCC 5.4.1),cpp,Accepted,1.0,256.0,790,
s322990385,p03209,u148555958,1589153695,C++,C++14 (GCC 5.4.1),cpp,Accepted,1.0,256.0,1894,
s241370511,p03209,u767543103,1589151540,C++,C++14 (GCC 5.4.1),cpp,Accepted,1.0,256.0,37926,
s259141325,p03209,u929582923,1589150523,C++,C++14 (GCC 5.4.1),cpp,Accepted,1.0,256.0,1928,
s751868575,p03209,u525008368,1589146771,C++,C++14 (GCC 5.4.1),cpp,Accepted,1.0,256.0,718,
s599952325,p03209,u549579601,1589145161,Python,Python (3.4.3),py,Accepted,18.0,3064.0,896,
s809745414,p03209,u489959379,1589133911,Python,Python (3.4.3),py,Accepted,17.0,3064.0,695,
s009766433,p03209,u773265208,1589127642,Python,Python (3.4.3),py,Accepted,33.0,3188.0,626,
s143150056,p03209,u765815947,1589125184,C++,C++14 (GCC 5.4.1),cpp,Accepted,1.0,256.0,477,
s862153421,p03209,u843292252,1589124434,C++,C++14 (GCC 5.4.1),cpp,Accepted,1.0,256.0,602,
s124129650,p03209,u779216084,1589123038,C++,C++14 (GCC 5.4.1),cpp,Accepted,1.0,256.0,809,
s721471671,p03209,u289381123,1589115428,C++,C++14 (GCC 5.4.1),cpp,Accepted,1.0,256.0,591,
s403138675,p03209,u321355907,1589093270,C++,C++14 (GCC 5.4.1),cpp,Accepted,1.0,256.0,1177,
s522471414,p03209,u395287054,1589074272,C++,C++14 (GCC 5.4.1),cpp,Accepted,2.0,384.0,1041,
s276980897,p03209,u519759783,1589064040,C++,C++14 (GCC 5.4.1),cpp,Accepted,1.0,256.0,721,
s881214141,p03209,u670898337,1589061901,C++,C++14 (GCC 5.4.1),cpp,Accepted,1.0,256.0,362,
s885089523,p03209,u557565572,1589050432,C++,C++14 (GCC 5.4.1),cpp,Accepted,1.0,256.0,955,
s877466980,p03209,u453055089,1589049154,Python,PyPy3 (2.4.0),py,Accepted,167.0,38256.0,479,
s720217826,p03209,u453055089,1589049121,Python,Python (3.4.3),py,Accepted,17.0,3064.0,479,
s508822762,p03209,u224756887,1589048923,C++,C++14 (GCC 5.4.1),cpp,Accepted,42.0,49664.0,22194,
s745723276,p03209,u697658632,1589047766,Python,Python (3.4.3),py,Accepted,17.0,3060.0,215,
s557595058,p03209,u550061714,1589041416,Python,Python (3.4.3),py,Accepted,17.0,3064.0,737,
s230234403,p03209,u442591725,1589037817,C++,C++14 (GCC 5.4.1),cpp,Accepted,1.0,256.0,1009,
s548644802,p03209,u507850687,1589036482,C++,C++14 (GCC 5.4.1),cpp,Accepted,1.0,256.0,438,
s318415505,p03209,u662852612,1588999680,C++,C++14 (GCC 5.4.1),cpp,Accepted,1.0,256.0,1017,
s304065003,p03209,u489302942,1588995440,C++,C++14 (GCC 5.4.1),cpp,Accepted,1.0,256.0,754,
s201213793,p03209,u855677173,1588966438,C++,C++14 (GCC 5.4.1),cpp,Accepted,1.0,256.0,836,
s584381215,p03209,u488493347,1588911996,C++,C++14 (GCC 5.4.1),cpp,Accepted,1.0,256.0,1035,
s316560105,p03209,u144913062,1588905551,C++,C++14 (GCC 5.4.1),cpp,Accepted,1.0,256.0,826,
s142878459,p03209,u353402627,1588904583,C++,C++14 (GCC 5.4.1),cpp,Accepted,1.0,256.0,1042,
s907330070,p03209,u411858517,1588886352,Python,Python (3.4.3),py,Accepted,18.0,3064.0,472,
s943762755,p03209,u525008368,1588882824,C++,C++14 (GCC 5.4.1),cpp,Accepted,1.0,256.0,732,
s908823666,p03209,u342075214,1588881164,C++,C++14 (GCC 5.4.1),cpp,Accepted,1.0,256.0,725,
s672267575,p03209,u115838990,1588876515,C++,C++14 (GCC 5.4.1),cpp,Accepted,1.0,256.0,539,
s110298441,p03209,u969850098,1588874192,Python,Python (3.4.3),py,Accepted,18.0,3188.0,492,
s303997467,p03209,u405660020,1588826468,Python,Python (3.4.3),py,Accepted,17.0,3064.0,468,
s568907509,p03209,u237316771,1588823366,Python,Python (3.4.3),py,Accepted,18.0,3064.0,1089,
s400971158,p03209,u347600233,1588823251,Python,Python (3.4.3),py,Accepted,17.0,3064.0,533,
s193774564,p03209,u787139585,1588811093,C++,C++14 (GCC 5.4.1),cpp,Accepted,1.0,256.0,824,
s388241210,p03209,u459402168,1588797881,C++,C++14 (GCC 5.4.1),cpp,Accepted,1.0,256.0,1275,
s130135987,p03209,u194930818,1588796405,C++,C++14 (GCC 5.4.1),cpp,Accepted,1.0,256.0,596,
s014793280,p03209,u707124227,1588795166,Python,Python (3.4.3),py,Accepted,18.0,3060.0,292,
s482578818,p03209,u086672186,1588791361,C++,C++14 (GCC 5.4.1),cpp,Accepted,1.0,256.0,921,
s350343531,p03209,u723451663,1588741591,C++,C++14 (GCC 5.4.1),cpp,Accepted,1.0,256.0,2598,
s503579477,p03209,u754114382,1588736465,C++,C++14 (GCC 5.4.1),cpp,Accepted,1.0,256.0,479,
s465489659,p03209,u823862638,1588734793,C++,C++14 (GCC 5.4.1),cpp,Accepted,1.0,256.0,1279,
s541355025,p03209,u646962247,1588734499,C++,C++14 (GCC 5.4.1),cpp,Accepted,1.0,256.0,767,
s538024935,p03209,u338824669,1588734141,Python,Python (3.4.3),py,Accepted,17.0,3064.0,456,
s028397916,p03209,u025501820,1588721459,Python,Python (3.4.3),py,Accepted,19.0,3064.0,677,
s612633637,p03209,u905203728,1588703474,Python,PyPy3 (2.4.0),py,Accepted,161.0,38384.0,372,
s384336721,p03209,u905203728,1588694886,Python,PyPy3 (2.4.0),py,Accepted,169.0,38256.0,279,
s589692834,p03209,u905203728,1588694361,Python,PyPy3 (2.4.0),py,Accepted,179.0,38384.0,272,
s128692709,p03209,u737491054,1588693080,C++,C++14 (GCC 5.4.1),cpp,Accepted,1.0,256.0,957,
s537223844,p03209,u977193988,1588689623,Python,Python (3.4.3),py,Accepted,18.0,3064.0,1068,
s310996041,p03209,u823862638,1588649015,C++,C++14 (GCC 5.4.1),cpp,Accepted,1.0,256.0,1382,
s371129760,p03209,u744920373,1588636381,Python,Python (3.4.3),py,Accepted,17.0,3064.0,1127,
s470433554,p03209,u889915625,1588635543,C++,C++14 (GCC 5.4.1),cpp,Accepted,1.0,256.0,1604,
s131743036,p03209,u744920373,1588635342,Python,Python (3.4.3),py,Accepted,19.0,3064.0,1230,
s830339031,p03209,u880221923,1588631423,C++,C++14 (GCC 5.4.1),cpp,Accepted,1.0,256.0,1006,
s547065475,p03209,u062736195,1588611822,C++,C++14 (GCC 5.4.1),cpp,Accepted,1.0,256.0,1437,
s278381118,p03209,u207048881,1588611468,C++,C++14 (GCC 5.4.1),cpp,Accepted,1.0,256.0,956,
s843991650,p03209,u195132800,1588553363,C++,C++14 (GCC 5.4.1),cpp,Accepted,1.0,256.0,2065,
s735309466,p03209,u934442292,1588551658,Python,Python (3.4.3),py,Accepted,17.0,3064.0,693,
s079211872,p03209,u530107518,1588528196,C++,C++14 (GCC 5.4.1),cpp,Accepted,1.0,256.0,2114,
s062223744,p03209,u530107518,1588528167,C++,C++14 (GCC 5.4.1),cpp,Accepted,1.0,256.0,2050,
s600182353,p03209,u449863068,1588527521,Python,Python (3.4.3),py,Accepted,17.0,3064.0,585,
s617113235,p03209,u154645927,1588521149,C++,C++14 (GCC 5.4.1),cpp,Accepted,1.0,256.0,9522,
s406606137,p03209,u021140967,1588478179,C++,C++14 (GCC 5.4.1),cpp,Accepted,2.0,256.0,670,
s028606363,p03209,u224756887,1588461326,C++,C++14 (GCC 5.4.1),cpp,Accepted,2.0,2304.0,21228,
s795535031,p03209,u543584809,1588454022,C++,C++14 (GCC 5.4.1),cpp,Accepted,1.0,256.0,817,
s207849874,p03209,u919730120,1588453215,Python,Python (3.4.3),py,Accepted,17.0,3064.0,355,
s464614606,p03209,u135248164,1588441466,C++,C++14 (GCC 5.4.1),cpp,Accepted,1.0,256.0,1388,
s972856858,p03209,u942538783,1588426150,C++,C++14 (GCC 5.4.1),cpp,Accepted,1.0,256.0,1016,
s605452778,p03209,u896741788,1588374473,Python,Python (3.4.3),py,Accepted,17.0,3064.0,254,
s236050877,p03209,u714564133,1588373686,C++,C++14 (GCC 5.4.1),cpp,Accepted,1.0,256.0,1042,
s416073002,p03209,u914707890,1588368801,C++,C++14 (GCC 5.4.1),cpp,Accepted,5.0,512.0,616,
s164670335,p03209,u823862638,1588368395,Python,PyPy3 (2.4.0),py,Accepted,174.0,38384.0,1005,
s282313205,p03209,u633967774,1588367911,C++,C++14 (GCC 5.4.1),cpp,Accepted,1.0,256.0,557,
s999227571,p03209,u068713120,1588366403,C++,C++14 (GCC 5.4.1),cpp,Accepted,8.0,764.0,743,
s074770189,p03209,u138062788,1588347115,C++,C++14 (GCC 5.4.1),cpp,Accepted,1.0,256.0,1380,
s948815507,p03209,u023958502,1588326544,C++,C++14 (GCC 5.4.1),cpp,Accepted,1.0,256.0,517,
s099422432,p03209,u023958502,1588325721,C++,C++14 (GCC 5.4.1),cpp,Accepted,1.0,256.0,476,
s619499686,p03209,u790710233,1588312119,Python,Python (3.4.3),py,Accepted,18.0,3064.0,487,
s908696015,p03209,u776056110,1588309112,C++,C++14 (GCC 5.4.1),cpp,Accepted,1.0,256.0,2540,
s564070024,p03209,u823862638,1588301751,C++,C++14 (GCC 5.4.1),cpp,Accepted,1.0,256.0,1337,
s532330461,p03209,u711539583,1588288302,Python,Python (3.4.3),py,Accepted,17.0,3064.0,567,
s454594998,p03209,u518064858,1588282465,Python,PyPy3 (2.4.0),py,Accepted,173.0,38384.0,542,
s692041549,p03209,u380410396,1588270751,C++,C++14 (GCC 5.4.1),cpp,Accepted,1.0,256.0,499,
s249225980,p03209,u189479417,1588264609,Python,Python (3.4.3),py,Accepted,17.0,3064.0,422,
s112330867,p03209,u945901686,1588259817,C++,C++14 (GCC 5.4.1),cpp,Accepted,1.0,256.0,1193,
s628428825,p03209,u521389909,1588213545,C++,C++14 (GCC 5.4.1),cpp,Accepted,1.0,256.0,921,
s555864077,p03209,u647999897,1588209776,Python,PyPy3 (2.4.0),py,Accepted,162.0,38384.0,437,
s461031704,p03209,u045408189,1588198677,C++,C++14 (GCC 5.4.1),cpp,Accepted,1.0,256.0,836,
s962729984,p03209,u132371041,1588198286,C++,C++14 (GCC 5.4.1),cpp,Accepted,3.0,4352.0,3067,
s064089450,p03209,u645855527,1588198274,Python,Python (3.4.3),py,Accepted,18.0,3064.0,552,
s368310436,p03209,u058317639,1588190558,C++,C++14 (GCC 5.4.1),cpp,Accepted,4.0,8448.0,10741,
s164591436,p03209,u675509234,1588190248,C++,C++14 (GCC 5.4.1),cpp,Accepted,1.0,256.0,525,
s568933459,p03209,u373047809,1588188221,Python,Python (3.4.3),py,Accepted,18.0,3064.0,265,
s310749249,p03209,u891217808,1588179780,Python,PyPy3 (2.4.0),py,Accepted,177.0,38384.0,476,
s370026840,p03209,u576917603,1588169144,Python,Python (3.4.3),py,Accepted,19.0,3064.0,427,
s333352033,p03209,u576917603,1588129000,Python,Python (3.4.3),py,Accepted,18.0,3064.0,454,
s888935262,p03209,u759162415,1588120810,C++,C++14 (GCC 5.4.1),cpp,Accepted,1.0,256.0,1748,
s152877812,p03209,u377907412,1588110280,C++,C++14 (GCC 5.4.1),cpp,Accepted,1.0,256.0,551,
s783333536,p03209,u022488946,1588107709,Python,Python (3.4.3),py,Accepted,18.0,3064.0,681,
s445230348,p03209,u985686845,1588095857,C++,C++14 (GCC 5.4.1),cpp,Accepted,1.0,256.0,783,
s160469891,p03209,u665871498,1588050663,C++,C++14 (GCC 5.4.1),cpp,Accepted,1.0,256.0,1237,
s588021340,p03209,u809665051,1588048506,C++,C++14 (GCC 5.4.1),cpp,Accepted,1.0,256.0,1705,
s552257849,p03209,u601256797,1588045134,C++,C++14 (GCC 5.4.1),cpp,Accepted,1.0,256.0,956,
s965477355,p03209,u532573979,1588039253,C++,C++14 (GCC 5.4.1),cpp,Accepted,1.0,256.0,1404,
s505480884,p03209,u899645116,1588039182,C++,C++14 (GCC 5.4.1),cpp,Accepted,2.0,1792.0,1999,
s430952067,p03209,u060938295,1588038810,Python,Python (3.4.3),py,Accepted,17.0,3064.0,680,
s277844956,p03209,u394033362,1588038390,C++,C++14 (GCC 5.4.1),cpp,Accepted,1.0,256.0,1324,
s707613007,p03209,u042802884,1588004152,C++,C++14 (GCC 5.4.1),cpp,Accepted,2.0,384.0,7850,
s110731063,p03209,u316322317,1587968515,C++,C++14 (GCC 5.4.1),cpp,Accepted,1.0,256.0,764,
s889203408,p03209,u802071009,1587967108,C++,C++14 (GCC 5.4.1),cpp,Accepted,1.0,256.0,2730,
s872376542,p03209,u501163846,1587943388,C++,C++14 (GCC 5.4.1),cpp,Accepted,1.0,256.0,829,
s131430042,p03209,u681349918,1587943229,C++,C++14 (GCC 5.4.1),cpp,Accepted,1.0,256.0,1053,
s158500701,p03209,u873190923,1587932119,Python,PyPy3 (2.4.0),py,Accepted,175.0,38256.0,710,
s094008020,p03209,u158290747,1587930887,C++,C++14 (GCC 5.4.1),cpp,Accepted,1.0,256.0,672,
s552368686,p03209,u506846578,1587926536,C++,C++14 (GCC 5.4.1),cpp,Accepted,1.0,256.0,703,
s360534771,p03209,u115927976,1587925507,C++,C++14 (GCC 5.4.1),cpp,Accepted,1.0,256.0,577,
s130205468,p03209,u539091783,1587917984,C++,C++14 (GCC 5.4.1),cpp,Accepted,1.0,256.0,3174,
s170834307,p03209,u595084562,1587911120,C++,C++14 (GCC 5.4.1),cpp,Accepted,1.0,256.0,869,
s973349550,p03209,u607229598,1587866893,C++,C++14 (GCC 5.4.1),cpp,Accepted,1.0,256.0,3630,
s241385864,p03209,u868132236,1587866557,C++,C++14 (GCC 5.4.1),cpp,Accepted,1.0,256.0,740,
s822762294,p03209,u613960672,1587862997,C++,C++14 (GCC 5.4.1),cpp,Accepted,1.0,256.0,1038,
s145809433,p03209,u552137999,1587862995,C++,C++14 (GCC 5.4.1),cpp,Accepted,1.0,256.0,684,
s702792543,p03209,u007567244,1587856256,C++,C++14 (GCC 5.4.1),cpp,Accepted,1.0,256.0,551,
s553846089,p03209,u018872912,1587842778,C++,C++14 (GCC 5.4.1),cpp,Accepted,1.0,256.0,3482,
s082522376,p03209,u298633786,1587839216,Python,PyPy3 (2.4.0),py,Accepted,175.0,38384.0,564,
s397504639,p03209,u600402037,1587815545,Python,Python (3.4.3),py,Accepted,18.0,3064.0,693,
s866590674,p03209,u204973596,1587795763,C++,C++14 (GCC 5.4.1),cpp,Accepted,1.0,256.0,3172,
s473964939,p03209,u185948224,1587783193,Python,Python (3.4.3),py,Accepted,17.0,3064.0,452,
s115947784,p03209,u379947938,1587773905,C++,C++14 (GCC 5.4.1),cpp,Accepted,1.0,256.0,2733,
s271040878,p03209,u461336793,1587763186,C++,C++14 (GCC 5.4.1),cpp,Accepted,1.0,256.0,2380,
s987955433,p03209,u812973725,1587761171,C++,C++14 (GCC 5.4.1),cpp,Accepted,1.0,256.0,2082,
s463873104,p03209,u026788530,1587750037,C++,C++14 (Clang 3.8.0),cpp,Accepted,6.0,888.0,6096,
s426441131,p03209,u891847179,1587748115,C++,C++14 (GCC 5.4.1),cpp,Accepted,1.0,256.0,1427,
s913336155,p03209,u151005508,1587743686,Python,PyPy3 (2.4.0),py,Accepted,185.0,38384.0,535,
s859280343,p03209,u361381049,1587743123,Python,Python (3.4.3),py,Accepted,19.0,3064.0,686,
s378273647,p03209,u691018832,1587740837,Python,Python (3.4.3),py,Accepted,17.0,3064.0,492,
s174421508,p03209,u600402037,1587731863,Python,Python (3.4.3),py,Accepted,19.0,3188.0,691,
s258236147,p03209,u723583932,1587705790,Python,Python (3.4.3),py,Accepted,17.0,3064.0,373,
s658442296,p03209,u577926181,1587702497,C++,C++14 (GCC 5.4.1),cpp,Accepted,1.0,256.0,1302,
s725794189,p03209,u642012866,1587698704,Python,Python (3.4.3),py,Accepted,18.0,3064.0,311,
s503434246,p03209,u114920558,1587695592,Python,Python (3.4.3),py,Accepted,19.0,3064.0,302,
s006192864,p03209,u132371041,1587677960,C++,C++14 (GCC 5.4.1),cpp,Accepted,3.0,4352.0,3068,
s705016191,p03209,u812973725,1587676381,C++,C++14 (GCC 5.4.1),cpp,Accepted,1.0,256.0,2125,
s444725409,p03209,u166378830,1587624855,C++,C++14 (GCC 5.4.1),cpp,Accepted,1.0,256.0,703,
s894919727,p03209,u462451018,1587612509,C++,C++14 (GCC 5.4.1),cpp,Accepted,1.0,256.0,878,
s934987050,p03209,u910028046,1587611310,C++,C++14 (GCC 5.4.1),cpp,Accepted,1.0,256.0,1381,
s305496024,p03209,u350267480,1587608814,C++,C++14 (GCC 5.4.1),cpp,Accepted,1.0,256.0,643,
s905666009,p03209,u009414205,1587593528,C++,C++14 (GCC 5.4.1),cpp,Accepted,1.0,256.0,1414,
s451125559,p03209,u818349438,1587567956,C++,C++14 (GCC 5.4.1),cpp,Accepted,1.0,256.0,776,
s021833536,p03209,u329706129,1587546325,C++,C++14 (GCC 5.4.1),cpp,Accepted,1.0,256.0,775,
s028378572,p03209,u807585808,1587534136,C++,C++14 (GCC 5.4.1),cpp,Accepted,1.0,256.0,1498,
s784606536,p03209,u274883254,1587493705,C++,C++14 (GCC 5.4.1),cpp,Accepted,1.0,256.0,1122,
s610901875,p03209,u532086793,1587493639,C++,C++14 (GCC 5.4.1),cpp,Accepted,1.0,256.0,1059,
s661701830,p03209,u588369531,1587438954,C++,C++14 (GCC 5.4.1),cpp,Accepted,1.0,256.0,5696,
s968640447,p03209,u265359795,1587438321,C++,C++14 (GCC 5.4.1),cpp,Accepted,1.0,256.0,487,
s744640358,p03209,u201802797,1587432757,Python,Python (3.4.3),py,Accepted,17.0,3188.0,436,
s897921372,p03209,u624475441,1587369660,C++,C++14 (GCC 5.4.1),cpp,Accepted,2.0,384.0,909,
s410698260,p03209,u228223940,1587335926,Python,Python (3.4.3),py,Accepted,17.0,3064.0,722,
s825592225,p03209,u789323170,1587328243,C++,C++14 (GCC 5.4.1),cpp,Accepted,1.0,256.0,1732,
s590519585,p03209,u198062737,1587308709,Python,Python (3.4.3),py,Accepted,18.0,3064.0,622,
s108457234,p03209,u168017191,1587305191,C++,C++14 (GCC 5.4.1),cpp,Accepted,1.0,256.0,1709,
s804985656,p03209,u387371565,1587262903,C++,C++14 (GCC 5.4.1),cpp,Accepted,1.0,256.0,568,
s862517003,p03209,u345966487,1587256153,Python,PyPy3 (2.4.0),py,Accepted,177.0,38384.0,413,
s204245172,p03209,u612175324,1587253496,C++,C++14 (GCC 5.4.1),cpp,Accepted,1.0,256.0,495,
s807691824,p03209,u644332191,1587248656,C++,C++14 (GCC 5.4.1),cpp,Accepted,1.0,256.0,1625,
s954176306,p03209,u644332191,1587246414,C++,C++14 (GCC 5.4.1),cpp,Accepted,1.0,256.0,1892,
s612240728,p03209,u731886385,1587225312,C++,C++14 (GCC 5.4.1),cpp,Accepted,1.0,256.0,765,
s646800051,p03209,u219197917,1587224417,Python,Python (3.4.3),py,Accepted,23.0,3572.0,356,
s985194345,p03209,u010090035,1587218791,Python,Python (3.4.3),py,Accepted,17.0,3064.0,368,
s159301916,p03209,u944316525,1587204856,C++,C++14 (GCC 5.4.1),cpp,Accepted,1.0,256.0,773,
s435616232,p03209,u048773461,1587204785,C++,C++14 (GCC 5.4.1),cpp,Accepted,1.0,256.0,4050,
s808088034,p03209,u926416331,1587196407,C++,C++14 (GCC 5.4.1),cpp,Accepted,1.0,256.0,732,
s910157573,p03209,u450007962,1587148190,C++,C++14 (GCC 5.4.1),cpp,Accepted,1.0,256.0,880,
s650405269,p03209,u989345508,1587139969,Python,Python (3.4.3),py,Accepted,22.0,3572.0,427,
s567340844,p03209,u455266724,1587094804,C++,C++14 (GCC 5.4.1),cpp,Accepted,1.0,256.0,1148,
s028325852,p03209,u543466827,1587093681,C++,C++14 (GCC 5.4.1),cpp,Accepted,1.0,256.0,555,
s247596143,p03209,u644516473,1587087916,Python,Python (3.4.3),py,Accepted,18.0,3060.0,401,
s048515513,p03209,u328811800,1587086591,C++,C++14 (GCC 5.4.1),cpp,Accepted,1.0,256.0,855,
s200210116,p03209,u456420540,1587077953,C++,C++14 (GCC 5.4.1),cpp,Accepted,1.0,256.0,1813,
s411068497,p03209,u660270504,1587070310,C++,C++14 (GCC 5.4.1),cpp,Accepted,2.0,384.0,2272,
s450027179,p03209,u067267880,1587031385,C++,C++14 (GCC 5.4.1),cpp,Accepted,1.0,256.0,584,
s008708629,p03209,u265359795,1587005437,C++,C++14 (GCC 5.4.1),cpp,Accepted,1.0,256.0,500,
s435239221,p03209,u412837450,1587004795,C++,C++14 (GCC 5.4.1),cpp,Accepted,1.0,256.0,580,
s198929106,p03209,u412837450,1587004449,C++,C++14 (GCC 5.4.1),cpp,Accepted,1.0,256.0,665,
s447811126,p03209,u412837450,1587004406,C++,C++14 (GCC 5.4.1),cpp,Accepted,1.0,256.0,685,
s675282808,p03209,u412837450,1587004371,C++,C++14 (GCC 5.4.1),cpp,Accepted,2.0,256.0,690,
s157316375,p03209,u466161487,1587002189,C++,C++14 (GCC 5.4.1),cpp,Accepted,1.0,256.0,1652,
s769773718,p03209,u816631826,1586997016,Python,PyPy3 (2.4.0),py,Accepted,171.0,38384.0,489,
s521913594,p03209,u018679195,1586994462,C++,C++14 (GCC 5.4.1),cpp,Accepted,2.0,2304.0,2040,
s695142873,p03209,u816631826,1586993667,C++,C++14 (GCC 5.4.1),cpp,Accepted,1.0,256.0,614,
s136411290,p03209,u829737781,1586988153,C++,C++14 (GCC 5.4.1),cpp,Accepted,1.0,256.0,2659,
s923644471,p03209,u802905102,1586973546,C++,C++14 (GCC 5.4.1),cpp,Accepted,1.0,256.0,1213,
s751703484,p03209,u346629192,1586973526,C++,C++14 (GCC 5.4.1),cpp,Accepted,1.0,256.0,663,
s630722349,p03209,u363005934,1586971412,C++,C++14 (GCC 5.4.1),cpp,Accepted,1.0,256.0,2451,
s098850734,p03209,u356701928,1586967171,C++,C++14 (GCC 5.4.1),cpp,Accepted,1.0,256.0,473,
s662377654,p03209,u275488634,1586961622,C++,C++14 (GCC 5.4.1),cpp,Accepted,1.0,256.0,2480,
s731837379,p03209,u655723240,1586956003,C++,C++14 (GCC 5.4.1),cpp,Accepted,1.0,256.0,3464,
s356367437,p03209,u755121033,1586922154,C++,C++14 (GCC 5.4.1),cpp,Accepted,1.0,256.0,639,
s513198917,p03209,u433189059,1586865366,C++,C++14 (GCC 5.4.1),cpp,Accepted,1.0,256.0,707,
s902826843,p03209,u518042385,1586840355,C++,C++14 (GCC 5.4.1),cpp,Accepted,1.0,256.0,1097,
s694591648,p03209,u646792990,1586825452,C++,C++14 (GCC 5.4.1),cpp,Accepted,1.0,256.0,580,
s988205111,p03209,u582588783,1586818870,C++,C++14 (GCC 5.4.1),cpp,Accepted,1.0,256.0,955,
s409041652,p03209,u232429509,1586810391,C++,C++14 (GCC 5.4.1),cpp,Accepted,1.0,256.0,2890,
s589389275,p03209,u423585790,1586807865,Python,PyPy3 (2.4.0),py,Accepted,183.0,39024.0,1354,
s122315020,p03209,u866538547,1586802530,C++,C++14 (GCC 5.4.1),cpp,Accepted,1.0,256.0,711,
s411484150,p03209,u866538547,1586802468,C++,C++14 (GCC 5.4.1),cpp,Accepted,1.0,256.0,733,
s052274117,p03209,u836939578,1586787568,Python,PyPy3 (2.4.0),py,Accepted,161.0,38384.0,693,
s911493953,p03209,u443975466,1586721003,C++,C++14 (GCC 5.4.1),cpp,Accepted,1.0,256.0,1603,
s302017741,p03209,u774539708,1586718226,Python,Python (3.4.3),py,Accepted,19.0,3188.0,483,
s282942468,p03209,u920543723,1586710332,C++,C++14 (GCC 5.4.1),cpp,Accepted,1.0,256.0,752,
s479528891,p03209,u936985471,1586661853,Python,Python (3.4.3),py,Accepted,21.0,3316.0,465,
s874266629,p03209,u024191315,1586639999,C++,C++14 (GCC 5.4.1),cpp,Accepted,1.0,256.0,805,
s411936507,p03209,u024191315,1586639898,C++,C++14 (GCC 5.4.1),cpp,Accepted,1.0,256.0,748,
s871102071,p03209,u024191315,1586639388,C++,C++14 (GCC 5.4.1),cpp,Accepted,1.0,256.0,745,
s221725324,p03209,u426764965,1586631155,Python,Python (3.4.3),py,Accepted,17.0,3064.0,472,
s870305364,p03209,u516525290,1586616780,C++,C++14 (GCC 5.4.1),cpp,Accepted,1.0,256.0,1414,
s952316424,p03209,u616090453,1586587968,C++,C++14 (GCC 5.4.1),cpp,Accepted,1.0,256.0,1109,
s723067488,p03209,u332253305,1586556806,C++,C++14 (GCC 5.4.1),cpp,Accepted,1.0,256.0,826,
s420179276,p03209,u891346638,1586555157,C++,C++14 (GCC 5.4.1),cpp,Accepted,1.0,256.0,796,
s980789073,p03209,u025287757,1586546758,Python,Python (3.4.3),py,Accepted,17.0,3064.0,505,
s821826316,p03209,u491256431,1586510509,C++,C++14 (GCC 5.4.1),cpp,Accepted,4.0,256.0,1277,
s372714240,p03209,u747184036,1586488713,C++,C++14 (GCC 5.4.1),cpp,Accepted,1.0,256.0,1658,
s662741352,p03209,u784022244,1586486142,Python,Python (3.4.3),py,Accepted,18.0,3064.0,483,
s537752243,p03209,u977661421,1586478699,Python,Python (3.4.3),py,Accepted,19.0,3064.0,835,
s747369902,p03209,u832995587,1586474492,C++,C++14 (GCC 5.4.1),cpp,Accepted,1.0,256.0,5617,
s563533992,p03209,u696865277,1586462509,C++,C++14 (GCC 5.4.1),cpp,Accepted,1.0,256.0,780,
s267278590,p03209,u401487574,1586460450,Python,Python (3.4.3),py,Accepted,17.0,3064.0,472,
s910153142,p03209,u979823197,1586460146,Python,Python (3.4.3),py,Accepted,17.0,3064.0,392,
s053314056,p03209,u571867512,1586449291,Python,Python (3.4.3),py,Accepted,18.0,3064.0,799,
s210660120,p03209,u548303713,1586404029,Python,PyPy3 (2.4.0),py,Accepted,165.0,38404.0,840,
s730295878,p03209,u134678977,1586398606,C++,C++14 (GCC 5.4.1),cpp,Accepted,2.0,384.0,834,
s115207076,p03209,u134678977,1586398446,C++,C++14 (GCC 5.4.1),cpp,Accepted,4.0,512.0,866,
s448136792,p03209,u707498674,1586397977,Python,Python (3.4.3),py,Accepted,17.0,3064.0,596,
s902753301,p03209,u863537799,1586385234,C++,C++14 (GCC 5.4.1),cpp,Accepted,95.0,220032.0,7324,
s622695614,p03209,u406647332,1586384862,C++,C++14 (GCC 5.4.1),cpp,Accepted,1.0,256.0,627,
s396845764,p03209,u804800128,1586383446,Python,Python (3.4.3),py,Accepted,18.0,3064.0,822,
s547504003,p03209,u744305661,1586379211,C++,C++14 (GCC 5.4.1),cpp,Accepted,1.0,256.0,816,
s013378822,p03209,u603234915,1586374014,C++,C++14 (GCC 5.4.1),cpp,Accepted,1.0,256.0,778,
s826523254,p03209,u363703956,1586368731,C++,C++14 (GCC 5.4.1),cpp,Accepted,1.0,256.0,531,
s405457313,p03209,u730271001,1586364981,C++,C++14 (GCC 5.4.1),cpp,Accepted,1.0,256.0,1370,
s423375817,p03209,u883323885,1586363109,C++,C++14 (GCC 5.4.1),cpp,Accepted,1.0,256.0,766,
s879304724,p03209,u756388720,1586355949,Python,Python (3.4.3),py,Accepted,19.0,3188.0,498,
s215070757,p03209,u001024152,1586352543,Python,Python (3.4.3),py,Accepted,17.0,3064.0,708,
s855962023,p03209,u530107518,1586330739,C++,C++14 (GCC 5.4.1),cpp,Accepted,1.0,256.0,1899,
s692625463,p03209,u955202970,1586328825,C++,C++14 (GCC 5.4.1),cpp,Accepted,1.0,256.0,667,
s893179323,p03209,u404290207,1586326932,Python,PyPy3 (2.4.0),py,Accepted,264.0,63724.0,1516,
s068490536,p03209,u475843109,1586322666,C++,C++14 (GCC 5.4.1),cpp,Accepted,1.0,256.0,1014,
s554229204,p03209,u312025627,1586320572,Python,PyPy3 (2.4.0),py,Accepted,168.0,38256.0,592,
s524100907,p03209,u105533331,1586319902,C++,C++14 (GCC 5.4.1),cpp,Accepted,1.0,256.0,471,
s094183470,p03209,u312025627,1586319864,Python,PyPy3 (2.4.0),py,Accepted,162.0,38384.0,589,
s409570812,p03209,u242031676,1586317051,C++,C++14 (GCC 5.4.1),cpp,Accepted,1.0,256.0,500,
s020648052,p03209,u473116917,1586316339,C++,C++14 (GCC 5.4.1),cpp,Accepted,1.0,256.0,3081,
s955034658,p03209,u814986259,1586315939,Python,Python (3.4.3),py,Accepted,18.0,3188.0,541,
s342705695,p03209,u473116917,1586315597,C++,C++14 (GCC 5.4.1),cpp,Accepted,1.0,256.0,3081,
s798096525,p03209,u219417113,1586315205,Python,PyPy3 (2.4.0),py,Accepted,163.0,38384.0,401,
s465291473,p03209,u562935282,1586315164,Python,Python (3.4.3),py,Accepted,23.0,3572.0,872,
s620928313,p03209,u392319141,1586314995,Python,Python (3.4.3),py,Accepted,32.0,3932.0,580,
s463956157,p03209,u246217175,1586314270,Python,PyPy3 (2.4.0),py,Accepted,177.0,38256.0,495,
s932851061,p03209,u929582923,1586314224,C++,C++14 (GCC 5.4.1),cpp,Accepted,1.0,256.0,1576,
s447030779,p03209,u581262359,1586313743,C++,C++14 (GCC 5.4.1),cpp,Accepted,1.0,256.0,5729,
s353464277,p03209,u489124637,1586313629,Python,PyPy3 (2.4.0),py,Accepted,164.0,38384.0,630,
s805651157,p03209,u353797797,1586313549,Python,Python (3.4.3),py,Accepted,31.0,3444.0,1165,
s274326768,p03209,u700484101,1586313260,C++,C++14 (GCC 5.4.1),cpp,Accepted,1.0,256.0,2009,
s947001697,p03209,u425351967,1586313225,C++,C++14 (Clang 3.8.0),cpp,Accepted,8.0,888.0,1019,
s997225490,p03209,u432998668,1586313159,C++,C++14 (GCC 5.4.1),cpp,Accepted,1.0,256.0,1761,
s638013864,p03209,u672475305,1586312885,Python,PyPy3 (2.4.0),py,Accepted,166.0,38384.0,446,
s618354686,p03209,u915797797,1586312589,C++,C++14 (GCC 5.4.1),cpp,Accepted,1.0,256.0,920,
s676207054,p03209,u190761897,1586312376,C++,C++14 (GCC 5.4.1),cpp,Accepted,1.0,256.0,964,
s638762941,p03209,u313043608,1586312132,C++,C++14 (GCC 5.4.1),cpp,Accepted,1.0,256.0,1589,
s163086086,p03209,u105533331,1586312019,C++,C++14 (GCC 5.4.1),cpp,Accepted,1.0,256.0,492,
s324071096,p03209,u134678977,1586311919,C++,C++14 (GCC 5.4.1),cpp,Accepted,1.0,256.0,997,
s745410501,p03209,u408650734,1586311820,C++,C++14 (GCC 5.4.1),cpp,Accepted,1.0,256.0,627,
s474033263,p03209,u756388720,1586311652,C++,C++14 (GCC 5.4.1),cpp,Accepted,1.0,256.0,665,
s286200730,p03209,u617826263,1586311442,C++,C++14 (GCC 5.4.1),cpp,Accepted,1.0,256.0,1006,
s813537337,p03209,u241159583,1586311237,Python,Python (3.4.3),py,Accepted,17.0,3064.0,291,
s244486628,p03209,u471069244,1586311173,C++,C++14 (GCC 5.4.1),cpp,Accepted,1.0,256.0,1041,
s948463402,p03209,u110996038,1586311131,C++,C++14 (GCC 5.4.1),cpp,Accepted,1.0,256.0,762,
s332599876,p03209,u870307668,1586310934,C++,C++14 (GCC 5.4.1),cpp,Accepted,1.0,256.0,1505,
s856000326,p03209,u882620594,1586310891,C++,C++14 (GCC 5.4.1),cpp,Accepted,1.0,256.0,883,
s481544048,p03209,u803617136,1586310876,Python,Python (3.4.3),py,Accepted,17.0,3064.0,425,
s313513633,p03209,u050428930,1586310811,C++,C++14 (GCC 5.4.1),cpp,Accepted,1.0,256.0,530,
s012699965,p03209,u312025627,1586310765,Python,PyPy3 (2.4.0),py,Accepted,169.0,38256.0,599,
s138307537,p03209,u298768617,1586310635,C++,C++14 (GCC 5.4.1),cpp,Accepted,1.0,256.0,474,
s309885956,p03209,u130900604,1586310613,Python,Python (3.4.3),py,Accepted,20.0,3060.0,228,
s842617127,p03209,u017078415,1586310561,C++,C++14 (GCC 5.4.1),cpp,Accepted,3.0,384.0,1247,
s503049816,p03209,u370429695,1586310554,Python,Python (3.4.3),py,Accepted,17.0,3064.0,304,
s458117086,p03209,u034865202,1586310545,C++,C++14 (GCC 5.4.1),cpp,Accepted,1.0,256.0,6285,
s144301784,p03209,u130900604,1586310526,Python,Python (3.4.3),py,Accepted,17.0,3060.0,227,
s427256786,p03209,u363936720,1586310516,C++,C++14 (GCC 5.4.1),cpp,Accepted,1.0,256.0,1403,
s671571826,p03209,u264265458,1586310512,C++,C++14 (GCC 5.4.1),cpp,Accepted,1.0,256.0,3689,
s846724108,p03209,u599114793,1586310408,Python,Python (3.4.3),py,Accepted,17.0,3064.0,441,
s617131091,p03209,u893584578,1586310337,C++,C++14 (GCC 5.4.1),cpp,Accepted,1.0,256.0,732,
s404278054,p03209,u287500079,1586310304,Python,PyPy3 (2.4.0),py,Accepted,276.0,60652.0,1908,
s204994590,p03209,u088895504,1586310265,C++,C++14 (GCC 5.4.1),cpp,Accepted,2.0,384.0,753,
s764911114,p03209,u071019032,1586310213,C++,C++14 (GCC 5.4.1),cpp,Accepted,1.0,256.0,928,
s074503867,p03209,u806657856,1586310209,C++,C++14 (GCC 5.4.1),cpp,Accepted,1.0,256.0,1750,
s426813230,p03209,u415325136,1586310195,C++,C++14 (GCC 5.4.1),cpp,Accepted,1.0,256.0,883,
s138491023,p03209,u526894223,1586310193,C++,C++14 (GCC 5.4.1),cpp,Accepted,1.0,256.0,1591,
s883899757,p03209,u201928947,1586310137,Python,Python (3.4.3),py,Accepted,18.0,3064.0,401,
s692667205,p03209,u828388155,1586310115,C++,C++14 (GCC 5.4.1),cpp,Accepted,1.0,256.0,1464,
s466522255,p03209,u623349537,1586310103,Python,Python (3.4.3),py,Accepted,18.0,3064.0,692,
s368383049,p03209,u493610446,1586310085,C++,C++14 (GCC 5.4.1),cpp,Accepted,1.0,256.0,2431,
s446400845,p03209,u965730380,1586309992,C++,C++14 (GCC 5.4.1),cpp,Accepted,1.0,256.0,1178,
s188453849,p03209,u275797573,1586309894,C++,C++14 (GCC 5.4.1),cpp,Accepted,1.0,256.0,8420,
s937022131,p03209,u107995903,1586309765,C++,C++14 (GCC 5.4.1),cpp,Accepted,1.0,256.0,8178,
s642996314,p03209,u993074316,1586309655,C++,C++14 (GCC 5.4.1),cpp,Accepted,1.0,256.0,1637,
s613627161,p03209,u281168735,1586309615,C++,C++14 (GCC 5.4.1),cpp,Accepted,1.0,256.0,1623,
s716693199,p03209,u763881112,1586309581,C++,C++14 (GCC 5.4.1),cpp,Accepted,1.0,256.0,2147,
s715058289,p03209,u806999568,1586309517,C++,C++14 (GCC 5.4.1),cpp,Accepted,1.0,256.0,1425,
s183320731,p03209,u340010271,1586309437,C++,C++14 (GCC 5.4.1),cpp,Accepted,1.0,256.0,2018,
s292045433,p03209,u018872912,1586309395,C++,C++14 (GCC 5.4.1),cpp,Accepted,1.0,256.0,3526,
s019123694,p03209,u571173211,1586309360,C++,C++14 (GCC 5.4.1),cpp,Accepted,1.0,256.0,1397,
s763067410,p03209,u585482323,1586309354,Python,PyPy3 (2.4.0),py,Accepted,168.0,38384.0,1144,
s993348274,p03209,u119098168,1586309317,C++,C++14 (GCC 5.4.1),cpp,Accepted,1.0,256.0,732,
s697326039,p03209,u022979415,1586309241,Python,Python (3.4.3),py,Accepted,18.0,3064.0,759,
s146651413,p03209,u254187258,1586309195,C++,C++14 (GCC 5.4.1),cpp,Accepted,1.0,256.0,1316,
s825974927,p03209,u623954643,1586308946,C++,C++14 (GCC 5.4.1),cpp,Accepted,1.0,256.0,864,
s452905968,p03209,u041513069,1586308927,C++,C++14 (GCC 5.4.1),cpp,Accepted,1.0,256.0,948,
s914861576,p03209,u986437843,1586308858,C++,C++14 (GCC 5.4.1),cpp,Accepted,1.0,256.0,169311,
s512290457,p03209,u828388155,1586308692,C++,C++14 (GCC 5.4.1),cpp,Accepted,1.0,256.0,1459,
s650959962,p03209,u108540384,1586308670,C++,C++14 (GCC 5.4.1),cpp,Accepted,1.0,256.0,666,
s261663622,p03209,u021034020,1586308625,C++,C++14 (GCC 5.4.1),cpp,Accepted,1.0,256.0,4184,
s897849221,p03209,u809967037,1586308193,C++,C++14 (GCC 5.4.1),cpp,Accepted,1.0,256.0,6161,
s357490677,p03209,u882039496,1586302226,C++,C++14 (GCC 5.4.1),cpp,Accepted,1.0,256.0,2017,
s389071447,p03209,u893584578,1586291890,C++,C++14 (GCC 5.4.1),cpp,Accepted,1.0,256.0,805,
s417396552,p03209,u409617391,1586289209,C++,C++14 (GCC 5.4.1),cpp,Accepted,1.0,256.0,8710,
s466957981,p03209,u690442716,1586276166,Python,Python (3.4.3),py,Accepted,17.0,3060.0,431,
s422220026,p03209,u690442716,1586275848,Python,Python (3.4.3),py,Accepted,150.0,12488.0,469,
s436868572,p03209,u314050667,1586267285,Python,Python (3.4.3),py,Accepted,18.0,3064.0,527,
s209425387,p03209,u841623074,1586236406,C++,C++14 (GCC 5.4.1),cpp,Accepted,1.0,256.0,422,
s279416380,p03209,u916974091,1586234147,C++,C++14 (GCC 5.4.1),cpp,Accepted,1.0,256.0,1367,
s544689734,p03209,u078349616,1586221999,Python,Python (3.4.3),py,Accepted,19.0,3064.0,448,
s775162735,p03209,u826189900,1586198736,C++,C++14 (GCC 5.4.1),cpp,Accepted,1.0,256.0,725,
s394310107,p03209,u863442865,1586186081,Python,Python (3.4.3),py,Accepted,21.0,3316.0,1285,
s174318853,p03209,u743229067,1586108141,Python,PyPy3 (2.4.0),py,Accepted,275.0,63980.0,688,
s409882107,p03209,u474423089,1586100734,Python,Python (3.4.3),py,Accepted,19.0,3188.0,329,
s983286932,p03209,u346308892,1586100704,Python,Python (3.4.3),py,Accepted,154.0,12528.0,1349,
s981464564,p03209,u018679195,1586067989,C++,C++14 (GCC 5.4.1),cpp,Accepted,1.0,256.0,1291,
s004792561,p03209,u510872737,1586067858,C++,C++14 (GCC 5.4.1),cpp,Accepted,1.0,256.0,1291,
s881219322,p03209,u929977034,1586066262,C++,C++14 (GCC 5.4.1),cpp,Accepted,1.0,256.0,1788,
s254150441,p03209,u347057617,1586038231,C++,C++14 (GCC 5.4.1),cpp,Accepted,1.0,256.0,987,
s321128038,p03209,u927801748,1586038018,C++,C++14 (GCC 5.4.1),cpp,Accepted,1.0,256.0,1492,
s831497846,p03209,u648009244,1586036100,C++,C++14 (GCC 5.4.1),cpp,Accepted,1.0,256.0,754,
s911024568,p03209,u863370423,1586010322,C++,C++14 (Clang 3.8.0),cpp,Accepted,3.0,504.0,714,
s347482000,p03209,u412039195,1586009025,C++,C++14 (GCC 5.4.1),cpp,Accepted,1.0,256.0,822,
s359329913,p03209,u803617136,1586004096,Python,Python (3.4.3),py,Accepted,17.0,3064.0,457,
s374341675,p03209,u521973174,1585954401,C++,C++14 (GCC 5.4.1),cpp,Accepted,1.0,256.0,616,
s733194908,p03209,u581489014,1585944769,C++,C++14 (GCC 5.4.1),cpp,Accepted,1.0,256.0,956,
s591966919,p03209,u581489014,1585940136,C++,C++14 (GCC 5.4.1),cpp,Accepted,1.0,256.0,797,
s230413619,p03209,u853721692,1585935951,C++,C++14 (GCC 5.4.1),cpp,Accepted,1.0,256.0,1164,
s610379645,p03209,u433195318,1585929939,C++,C++14 (GCC 5.4.1),cpp,Accepted,1.0,256.0,2177,
s853422115,p03209,u832719018,1585766302,Python,PyPy3 (2.4.0),py,Accepted,180.0,38256.0,335,
s612824736,p03209,u942915776,1585763706,C++,C++14 (GCC 5.4.1),cpp,Accepted,1.0,256.0,554,
s304859635,p03209,u666683460,1585752416,C++,C++14 (GCC 5.4.1),cpp,Accepted,1.0,256.0,1929,
s893752230,p03209,u584083761,1585711606,Python,PyPy3 (2.4.0),py,Accepted,167.0,38384.0,480,
s247335038,p03209,u298297089,1585708053,Python,Python (3.4.3),py,Accepted,18.0,3064.0,675,
s176946093,p03209,u022979415,1585707447,Python,Python (3.4.3),py,Accepted,18.0,3064.0,873,
s251817565,p03209,u103902792,1585706078,Python,PyPy3 (2.4.0),py,Accepted,169.0,38384.0,347,
s441206219,p03209,u980909653,1585704840,C++,C++14 (GCC 5.4.1),cpp,Accepted,1.0,256.0,866,
s828661633,p03209,u390901416,1585702379,C++,C++14 (GCC 5.4.1),cpp,Accepted,1.0,256.0,483,
s349739957,p03209,u547167033,1585693623,Python,Python (3.4.3),py,Accepted,17.0,3064.0,351,
s792334084,p03209,u124659583,1585671151,C++,C++14 (GCC 5.4.1),cpp,Accepted,1.0,256.0,1028,
s924172570,p03209,u595289165,1585661223,C++,C++14 (GCC 5.4.1),cpp,Accepted,1.0,256.0,850,
s674452448,p03209,u131625544,1585630575,C++,C++14 (GCC 5.4.1),cpp,Accepted,1.0,256.0,716,
s160202659,p03209,u457985479,1585593864,C++,C++14 (GCC 5.4.1),cpp,Accepted,4.0,256.0,2318,
s694976082,p03209,u575802441,1585543168,C++,C++14 (GCC 5.4.1),cpp,Accepted,1.0,256.0,637,
s236488646,p03209,u655834330,1585510733,Python,Python (3.4.3),py,Accepted,18.0,3064.0,835,
s764213486,p03209,u155687575,1585510722,Python,PyPy3 (2.4.0),py,Accepted,168.0,38384.0,526,
s765351601,p03209,u979852867,1585436735,C++,C++14 (GCC 5.4.1),cpp,Accepted,1.0,256.0,721,
s366300210,p03209,u075296067,1585430747,C++,C++14 (GCC 5.4.1),cpp,Accepted,1.0,256.0,788,
s492175185,p03209,u596311864,1585404918,C++,C++14 (GCC 5.4.1),cpp,Accepted,1.0,256.0,986,
s728433147,p03209,u596311864,1585404894,C++,C++14 (GCC 5.4.1),cpp,Accepted,1.0,256.0,980,
s591920495,p03209,u274883254,1585377549,C++,C++14 (GCC 5.4.1),cpp,Accepted,1.0,256.0,1037,
s966935188,p03209,u154898295,1585371660,C++,C++14 (GCC 5.4.1),cpp,Accepted,1.0,256.0,511,
s039907691,p03209,u154756110,1585354948,C++,C++14 (GCC 5.4.1),cpp,Accepted,1.0,256.0,950,
s509662383,p03209,u964763428,1585354530,C++,C++14 (GCC 5.4.1),cpp,Accepted,1.0,256.0,723,
s948890049,p03209,u188706971,1585250563,C++,C++14 (GCC 5.4.1),cpp,Accepted,1.0,256.0,1650,
s479095554,p03209,u468440139,1585226692,C++,C++14 (GCC 5.4.1),cpp,Accepted,1.0,256.0,932,
s140701915,p03209,u298768617,1585203003,C++,C++14 (GCC 5.4.1),cpp,Accepted,3.0,512.0,404,
s456710672,p03209,u398437835,1585192693,C++,C++14 (GCC 5.4.1),cpp,Accepted,1.0,256.0,1566,
s019608818,p03209,u464052933,1585170327,C++,C++14 (GCC 5.4.1),cpp,Accepted,1.0,256.0,581,
s896127193,p03209,u363005934,1585170021,C++,C++14 (GCC 5.4.1),cpp,Accepted,1.0,256.0,701,
s371670843,p03209,u871352270,1585153946,Python,Python (3.4.3),py,Accepted,18.0,3064.0,378,
s043181658,p03209,u559683797,1585151091,C++,C++14 (GCC 5.4.1),cpp,Accepted,1.0,256.0,877,
s136122183,p03209,u328364772,1585146556,Python,Python (3.4.3),py,Accepted,18.0,3064.0,304,
s751518803,p03209,u989306199,1585112755,C++,C++14 (GCC 5.4.1),cpp,Accepted,1.0,256.0,973,
s568738859,p03209,u904804404,1585070986,Python,Python (3.4.3),py,Accepted,17.0,3064.0,514,
s955782495,p03209,u275130965,1585041704,C++,C++14 (GCC 5.4.1),cpp,Accepted,1.0,256.0,1981,
s494706551,p03209,u494249944,1585011979,C++,C++14 (GCC 5.4.1),cpp,Accepted,1.0,256.0,958,
s118999301,p03209,u998880072,1585004071,C++,C++14 (GCC 5.4.1),cpp,Accepted,1.0,256.0,1409,
s422137189,p03209,u943070796,1584921957,C++,C++14 (GCC 5.4.1),cpp,Accepted,1.0,256.0,4977,
s666271064,p03209,u374802266,1584917833,Python,Python (3.4.3),py,Accepted,18.0,3064.0,401,
s544790695,p03209,u374802266,1584917733,Python,Python (3.4.3),py,Accepted,18.0,3064.0,400,
s879230202,p03209,u601256797,1584907297,C++,C++14 (GCC 5.4.1),cpp,Accepted,1.0,256.0,818,
s156529232,p03209,u302000346,1584904922,C++,C++14 (GCC 5.4.1),cpp,Accepted,1.0,256.0,1741,
s269689528,p03209,u332906195,1584849258,Python,Python (3.4.3),py,Accepted,17.0,3060.0,379,
s558223699,p03209,u298620933,1584808377,C++,C++14 (GCC 5.4.1),cpp,Accepted,1.0,256.0,713,
s201590885,p03209,u697968316,1584807592,C++,C++14 (GCC 5.4.1),cpp,Accepted,1.0,256.0,683,
s131349290,p03209,u697968316,1584807192,C++,C++14 (GCC 5.4.1),cpp,Accepted,1.0,256.0,812,
s666551898,p03209,u298620933,1584770737,C++,C++14 (GCC 5.4.1),cpp,Accepted,1.0,256.0,924,
s655466601,p03209,u174509352,1584754962,C++,C++14 (GCC 5.4.1),cpp,Accepted,1.0,256.0,1055,
s153613867,p03209,u254187258,1584729482,C++,C++14 (GCC 5.4.1),cpp,Accepted,1.0,256.0,1416,
s154132651,p03209,u518206537,1584715610,C++,C++14 (GCC 5.4.1),cpp,Accepted,1.0,256.0,698,
s153768461,p03209,u079022693,1584636381,Python,Python (3.4.3),py,Accepted,17.0,3064.0,472,
s932549284,p03209,u224590796,1584594048,C++,C++14 (GCC 5.4.1),cpp,Accepted,1.0,256.0,809,
s772442031,p03209,u409872261,1584573495,C++,C++14 (GCC 5.4.1),cpp,Accepted,1.0,256.0,3575,
s910826294,p03209,u368796742,1584546078,Python,Python (3.4.3),py,Accepted,18.0,3064.0,331,
s605809641,p03209,u027685417,1584519431,Python,Python (3.4.3),py,Accepted,17.0,3064.0,377,
s543872685,p03209,u913232477,1584509818,C++,C++14 (GCC 5.4.1),cpp,Accepted,1.0,256.0,2975,
s589564528,p03209,u971089878,1584410382,C++,C++14 (GCC 5.4.1),cpp,Accepted,1.0,256.0,796,
s323259824,p03209,u210827208,1584407400,Python,Python (3.4.3),py,Accepted,19.0,3064.0,475,
s044409479,p03209,u303453927,1584399466,C++,C++14 (GCC 5.4.1),cpp,Accepted,1.0,256.0,804,
s966543346,p03209,u397070717,1584398933,C++,C++14 (GCC 5.4.1),cpp,Accepted,1.0,256.0,873,
s119188689,p03209,u993074316,1584398737,C++,C++14 (GCC 5.4.1),cpp,Accepted,1.0,256.0,1572,
s414496613,p03209,u882039496,1584393410,C++,C++14 (GCC 5.4.1),cpp,Accepted,1.0,256.0,1994,
s481424301,p03209,u720321944,1584389288,C++,C++14 (GCC 5.4.1),cpp,Accepted,1.0,256.0,867,
s346765947,p03209,u184929210,1584339286,C++,C++14 (GCC 5.4.1),cpp,Accepted,1.0,256.0,456,
s050331012,p03209,u102602414,1584339107,C++,C++14 (GCC 5.4.1),cpp,Accepted,1.0,256.0,2163,
s213727057,p03209,u704001626,1584326627,Python,Python (3.4.3),py,Accepted,17.0,3064.0,531,
s043315955,p03209,u089885969,1584313807,C++,C++14 (GCC 5.4.1),cpp,Accepted,1.0,256.0,907,
s563768695,p03209,u049420296,1584313666,C++,C++14 (GCC 5.4.1),cpp,Accepted,1.0,256.0,1506,
s490886473,p03209,u049420296,1584313230,C++,C++14 (GCC 5.4.1),cpp,Accepted,1.0,256.0,1506,
s996866337,p03209,u049420296,1584312560,C++,C++14 (GCC 5.4.1),cpp,Accepted,1.0,256.0,1769,
s978471040,p03209,u862412671,1584310722,C++,C++14 (GCC 5.4.1),cpp,Accepted,1.0,256.0,615,
s029090771,p03209,u814781830,1584291668,Python,PyPy3 (2.4.0),py,Accepted,168.0,38384.0,1000,
s085187807,p03209,u931698099,1584289314,C++,C++14 (GCC 5.4.1),cpp,Accepted,1.0,256.0,678,
s536383110,p03209,u281840563,1584209909,C++,C++14 (GCC 5.4.1),cpp,Accepted,1.0,256.0,713,
s058395991,p03209,u197955752,1584166829,Python,Python (3.4.3),py,Accepted,18.0,3060.0,454,
s523061969,p03209,u678167152,1584165686,Python,Python (3.4.3),py,Accepted,18.0,3060.0,328,
s445480247,p03209,u197955752,1584165428,Python,Python (3.4.3),py,Accepted,17.0,3064.0,745,
s466572620,p03209,u952467214,1584161850,Python,Python (3.4.3),py,Accepted,18.0,3064.0,694,
s233365830,p03209,u105100688,1584151487,C++,C++14 (GCC 5.4.1),cpp,Accepted,1.0,256.0,712,
s499452316,p03209,u475843109,1584124226,C++,C++14 (GCC 5.4.1),cpp,Accepted,1.0,256.0,981,
s477847173,p03209,u870307668,1584081106,C++,C++14 (GCC 5.4.1),cpp,Accepted,1.0,256.0,1531,
s355198537,p03209,u630211216,1584078796,C++,C++14 (GCC 5.4.1),cpp,Accepted,1.0,256.0,467,
s737289576,p03209,u978260507,1584040210,C++,C++14 (GCC 5.4.1),cpp,Accepted,1.0,256.0,625,
s570065104,p03209,u894339989,1584038727,C++,C++14 (GCC 5.4.1),cpp,Accepted,1.0,256.0,667,
s942979889,p03209,u809967037,1584038615,C++,C++14 (GCC 5.4.1),cpp,Accepted,3.0,384.0,6828,
s241660911,p03209,u905203728,1584025132,Python,Python (3.4.3),py,Accepted,17.0,3064.0,271,
s667010768,p03209,u071019032,1583986175,C++,C++14 (GCC 5.4.1),cpp,Accepted,1.0,256.0,1046,
s865947502,p03209,u922449550,1583980551,Python,Python (3.4.3),py,Accepted,17.0,3064.0,454,
s560988854,p03209,u905203728,1583959141,Python,Python (3.4.3),py,Accepted,18.0,3064.0,272,
s553982311,p03209,u293156359,1583956828,C++,C++14 (GCC 5.4.1),cpp,Accepted,1.0,256.0,576,
s353951924,p03209,u595952233,1583895668,Python,Python (3.4.3),py,Accepted,17.0,3064.0,319,
s989796095,p03209,u251779460,1583891670,C++,C++14 (GCC 5.4.1),cpp,Accepted,1.0,256.0,935,
s281397008,p03209,u055685044,1583891134,C++,C++14 (GCC 5.4.1),cpp,Accepted,1.0,256.0,1711,
s045193487,p03209,u039305472,1583872093,C++,C++14 (GCC 5.4.1),cpp,Accepted,1.0,256.0,784,
s436242394,p03209,u750838232,1583859772,Python,Python (3.4.3),py,Accepted,18.0,3064.0,278,
s579310084,p03209,u103557284,1583822897,C++,C++14 (GCC 5.4.1),cpp,Accepted,1.0,256.0,1331,
s426589440,p03209,u103557284,1583821991,C++,C++14 (GCC 5.4.1),cpp,Accepted,1.0,256.0,1810,
s905565925,p03209,u790710233,1583812076,Python,Python (3.4.3),py,Accepted,18.0,3064.0,663,
s630885983,p03209,u790710233,1583810218,Python,Python (3.4.3),py,Accepted,18.0,3064.0,380,
s702082089,p03209,u909991537,1583809576,Python,Python (3.4.3),py,Accepted,17.0,3064.0,329,
s841701866,p03209,u796877631,1583808734,C++,C++14 (GCC 5.4.1),cpp,Accepted,1.0,256.0,647,
s214195885,p03209,u263933075,1583806196,C++,C++ (GCC 5.4.1),cpp,Accepted,1.0,256.0,808,
s185708821,p03209,u433028125,1583802455,C++,C++14 (GCC 5.4.1),cpp,Accepted,1.0,256.0,647,
s459913081,p03209,u476418095,1583802432,C++,C++ (GCC 5.4.1),cpp,Accepted,1.0,256.0,851,
s106799029,p03209,u433028125,1583802381,C++,C++14 (GCC 5.4.1),cpp,Accepted,2.0,384.0,612,
s388259902,p03209,u433028125,1583802354,C++,C++14 (GCC 5.4.1),cpp,Accepted,1.0,256.0,620,
s866892880,p03209,u586940219,1583802030,C++,C++14 (GCC 5.4.1),cpp,Accepted,1.0,256.0,1396,
s879874157,p03209,u247576416,1583797706,C++,C++14 (GCC 5.4.1),cpp,Accepted,1.0,256.0,703,
s710769225,p03209,u552122040,1583792264,C++,C++14 (GCC 5.4.1),cpp,Accepted,1.0,256.0,707,
s587816418,p03209,u071282706,1583782930,C++,C++14 (GCC 5.4.1),cpp,Accepted,1.0,256.0,278,
s424407588,p03209,u071282706,1583781975,C++,C++14 (GCC 5.4.1),cpp,Accepted,1.0,256.0,1234,
s046908087,p03209,u413165887,1583764923,Python,Python (3.4.3),py,Accepted,17.0,3064.0,375,
s863532430,p03209,u989336028,1583714371,C++,C++14 (GCC 5.4.1),cpp,Accepted,1.0,256.0,842,
s413892392,p03209,u700484101,1583693769,C++,C++14 (GCC 5.4.1),cpp,Accepted,1.0,256.0,1683,
s093163190,p03209,u226912938,1583692284,Python,Python (3.4.3),py,Accepted,18.0,3064.0,410,
s673986556,p03209,u868099754,1583645543,C++,C++14 (GCC 5.4.1),cpp,Accepted,1.0,256.0,1494,
s530675001,p03209,u029675143,1583623230,C++,C++14 (GCC 5.4.1),cpp,Accepted,1.0,256.0,701,
s225628956,p03209,u607594286,1583618196,C++,C++14 (GCC 5.4.1),cpp,Accepted,1.0,256.0,1108,
s871691892,p03209,u936602931,1583617221,C++,C++14 (GCC 5.4.1),cpp,Accepted,1.0,256.0,998,
s941203269,p03209,u170199544,1583563074,C++,C++14 (GCC 5.4.1),cpp,Accepted,1.0,256.0,735,
s935379902,p03209,u046482892,1583546134,C++,C++14 (GCC 5.4.1),cpp,Accepted,1.0,256.0,1136,
s262714098,p03209,u530383736,1583544662,Python,Python (3.4.3),py,Accepted,18.0,3064.0,609,
s803304687,p03209,u434872492,1583527153,Python,PyPy3 (2.4.0),py,Accepted,173.0,38256.0,357,
s277501169,p03209,u434872492,1583526954,Python,PyPy3 (2.4.0),py,Accepted,164.0,38384.0,358,
s597618735,p03209,u222866518,1583523962,C++,C++14 (GCC 5.4.1),cpp,Accepted,1.0,256.0,732,
s950984880,p03209,u559578080,1583491587,C++,C++14 (GCC 5.4.1),cpp,Accepted,1.0,256.0,530,
s705654063,p03209,u160429264,1583475717,C++,C++14 (GCC 5.4.1),cpp,Accepted,1.0,256.0,2518,
s806016151,p03209,u285358283,1583423141,C++,C++14 (GCC 5.4.1),cpp,Accepted,1.0,256.0,551,
s539052842,p03209,u761362252,1583408032,C++,C++14 (GCC 5.4.1),cpp,Accepted,1.0,256.0,553,
s436078407,p03209,u768152935,1583396031,C++,C++14 (GCC 5.4.1),cpp,Accepted,1.0,256.0,723,
s760386008,p03209,u768152935,1583394992,C++,C++14 (GCC 5.4.1),cpp,Accepted,1.0,256.0,906,
s228819382,p03209,u664394831,1583393402,C++,C++14 (GCC 5.4.1),cpp,Accepted,1.0,256.0,2709,
s188651167,p03209,u017078415,1583365910,C++,C++14 (GCC 5.4.1),cpp,Accepted,1.0,256.0,784,
s033183253,p03209,u129220625,1583341385,C++,C++14 (GCC 5.4.1),cpp,Accepted,1.0,256.0,1337,
s966293163,p03209,u860829879,1583297652,Python,PyPy3 (2.4.0),py,Accepted,163.0,38384.0,372,
s189041517,p03209,u170183831,1583294483,Python,Python (3.4.3),py,Accepted,19.0,3188.0,468,
s028710455,p03209,u170183831,1583294342,Python,Python (3.4.3),py,Accepted,17.0,3064.0,508,
s341274485,p03209,u609061751,1583251981,Python,Python (3.4.3),py,Accepted,17.0,3064.0,682,
s195972663,p03209,u045575753,1583204280,C++,C++14 (GCC 5.4.1),cpp,Accepted,1.0,256.0,721,
s766367629,p03209,u519382463,1583152933,C++,C++14 (GCC 5.4.1),cpp,Accepted,1.0,256.0,918,
s531120633,p03209,u190018920,1583097802,C++,C++14 (GCC 5.4.1),cpp,Accepted,2.0,256.0,1477,
s728362658,p03209,u473530997,1583085262,C++,C++14 (Clang 3.8.0),cpp,Accepted,5.0,632.0,748,
s974500286,p03209,u628597699,1583044337,C++,C++14 (GCC 5.4.1),cpp,Accepted,1.0,256.0,951,
s669736236,p03209,u874525170,1583038950,C++,C++14 (GCC 5.4.1),cpp,Accepted,1.0,256.0,1205,
s907833451,p03209,u158628538,1583036852,C++,C++14 (GCC 5.4.1),cpp,Accepted,2.0,384.0,2835,
s272332633,p03209,u746849814,1583006680,Python,Python (3.4.3),py,Accepted,17.0,3064.0,893,
s144762979,p03209,u701556979,1582995566,C++,C++14 (GCC 5.4.1),cpp,Accepted,1.0,256.0,735,
s190287085,p03209,u961136005,1582939684,C++,C++14 (GCC 5.4.1),cpp,Accepted,1.0,256.0,997,
s779063536,p03209,u499381410,1582937469,Python,PyPy3 (2.4.0),py,Accepted,200.0,39280.0,1459,
s281828581,p03209,u877415670,1582932422,Python,Python (3.4.3),py,Accepted,19.0,3064.0,708,
s127979580,p03209,u564182781,1582928159,C++,C++14 (GCC 5.4.1),cpp,Accepted,1.0,256.0,2914,
s312563121,p03209,u945359338,1582872992,C++,C++14 (GCC 5.4.1),cpp,Accepted,1.0,256.0,644,
s621555909,p03209,u945359338,1582872892,C++,C++14 (GCC 5.4.1),cpp,Accepted,1.0,256.0,848,
s552307254,p03209,u690536347,1582806931,Python,Python (3.4.3),py,Accepted,18.0,3064.0,394,
s066930527,p03209,u690536347,1582806738,Python,Python (3.4.3),py,Accepted,17.0,3064.0,409,
s680469541,p03209,u690536347,1582806672,Python,Python (3.4.3),py,Accepted,17.0,3064.0,450,
s474202375,p03209,u690536347,1582806489,Python,Python (3.4.3),py,Accepted,17.0,3064.0,462,
s699288409,p03209,u690536347,1582806284,Python,Python (3.4.3),py,Accepted,17.0,3064.0,455,
s766870137,p03209,u690536347,1582805863,Python,Python (3.4.3),py,Accepted,24.0,3572.0,625,
s976293454,p03209,u690536347,1582805156,Python,Python (3.4.3),py,Accepted,23.0,3572.0,634,
s727430227,p03209,u934272719,1582784911,C++,C++14 (GCC 5.4.1),cpp,Accepted,1.0,256.0,1762,
s462259143,p03209,u339419997,1582779617,C++,C++14 (Clang 3.8.0),cpp,Accepted,1.0,256.0,852,
s395874898,p03209,u411203878,1582765087,Python,PyPy3 (2.4.0),py,Accepted,167.0,38256.0,365,
s691665444,p03209,u291766461,1582762537,Python,Python (3.4.3),py,Accepted,17.0,3064.0,330,
s125571626,p03209,u657353833,1582735529,C++,C++14 (GCC 5.4.1),cpp,Accepted,1.0,256.0,636,
s858871832,p03209,u309141201,1582732265,Python,Python (3.4.3),py,Accepted,17.0,3064.0,609,
s703068384,p03209,u858575800,1582726578,C++,C++14 (GCC 5.4.1),cpp,Accepted,1.0,256.0,717,
s987726246,p03209,u239409893,1582724999,C++,C++14 (GCC 5.4.1),cpp,Accepted,1.0,256.0,597,
s187145058,p03209,u849073847,1582695387,C++,C++14 (GCC 5.4.1),cpp,Accepted,1.0,256.0,470,
s186823098,p03209,u157195505,1582594703,C++,C++14 (GCC 5.4.1),cpp,Accepted,1.0,256.0,728,
s341551252,p03209,u363936720,1582590689,C++,C++14 (GCC 5.4.1),cpp,Accepted,1.0,256.0,1311,
s629949935,p03209,u335590796,1582554590,C++,C++14 (GCC 5.4.1),cpp,Accepted,1.0,256.0,758,
s660849137,p03209,u513434790,1582493456,Python,Python (3.4.3),py,Accepted,17.0,3064.0,455,
s140358166,p03209,u537234062,1582469188,C++,C++14 (GCC 5.4.1),cpp,Accepted,2.0,384.0,1243,
s376834307,p03209,u860546679,1582440014,C++,C++14 (GCC 5.4.1),cpp,Accepted,2.0,256.0,749,
s376504289,p03209,u058748522,1582416058,C++,C++14 (GCC 5.4.1),cpp,Accepted,1.0,256.0,913,
s603698400,p03209,u139112865,1582403970,Python,Python (3.4.3),py,Accepted,18.0,3064.0,295,
s007756501,p03209,u867848444,1582391560,Python,Python (3.4.3),py,Accepted,17.0,3064.0,433,
s326807339,p03209,u638282348,1582375352,Python,Python (3.4.3),py,Accepted,23.0,3684.0,371,
s218246605,p03209,u638282348,1582374974,Python,Python (3.4.3),py,Accepted,23.0,3684.0,434,
s146786831,p03209,u638282348,1582374782,Python,Python (3.4.3),py,Accepted,17.0,3064.0,328,
s032839374,p03209,u032723841,1582282415,C++,C++14 (GCC 5.4.1),cpp,Accepted,1.0,256.0,768,
s608066335,p03209,u740054550,1582216222,C++,C++14 (GCC 5.4.1),cpp,Accepted,1.0,256.0,3963,
s007412037,p03209,u561231954,1582170349,Python,Python (3.4.3),py,Accepted,31.0,3676.0,492,
s988871127,p03209,u490553751,1582169172,Python,Python (3.4.3),py,Accepted,18.0,3064.0,445,
s337483884,p03209,u746849814,1582134018,Python,Python (3.4.3),py,Accepted,18.0,3064.0,464,
s498551212,p03209,u004411048,1582129307,C++,C++14 (GCC 5.4.1),cpp,Accepted,7.0,504.0,1284,
s801378104,p03209,u690781906,1582121255,Python,Python (3.4.3),py,Accepted,17.0,3064.0,312,
s656450449,p03209,u984529214,1582096537,C++,C++14 (GCC 5.4.1),cpp,Accepted,1.0,256.0,1329,
s375639229,p03209,u984529214,1582096465,C++,C++14 (GCC 5.4.1),cpp,Accepted,1.0,256.0,1337,
s564257912,p03209,u393754572,1582086531,C++,C++14 (GCC 5.4.1),cpp,Accepted,1.0,256.0,1175,
s632093275,p03209,u017293723,1582084221,C++,C++14 (GCC 5.4.1),cpp,Accepted,1.0,256.0,1329,
s161541778,p03209,u441575327,1582047373,Python,Python (3.4.3),py,Accepted,17.0,3064.0,1117,
s096596803,p03209,u488401358,1582010239,Python,Python (3.4.3),py,Accepted,18.0,3064.0,595,
s258031305,p03209,u324825702,1582001889,C++,C++14 (GCC 5.4.1),cpp,Accepted,1.0,256.0,1724,
s059429229,p03209,u414458988,1581990488,Python,PyPy3 (2.4.0),py,Accepted,168.0,38384.0,249,
s777356958,p03209,u395117343,1581976841,Python,PyPy3 (2.4.0),py,Accepted,192.0,39404.0,2251,
s526213442,p03209,u716529032,1581949968,Python,Python (3.4.3),py,Accepted,17.0,3060.0,211,
s768144437,p03209,u810464778,1581905994,C++,C++14 (GCC 5.4.1),cpp,Accepted,1.0,256.0,713,
s244867768,p03209,u348231925,1581903516,C++,C++14 (GCC 5.4.1),cpp,Accepted,1.0,256.0,1115,
s465151037,p03209,u686036872,1581902443,Python,Python (3.4.3),py,Accepted,18.0,3060.0,227,
s707358332,p03209,u495903598,1581895536,C++,C++14 (GCC 5.4.1),cpp,Accepted,1.0,256.0,971,
s689052073,p03209,u777258731,1581877693,C++,C++14 (GCC 5.4.1),cpp,Accepted,1.0,256.0,608,
s014670293,p03209,u231541008,1581860302,C++,C++14 (GCC 5.4.1),cpp,Accepted,1.0,256.0,616,
s355320377,p03209,u779455925,1581833591,Python,PyPy3 (2.4.0),py,Accepted,282.0,64108.0,515,
s954616019,p03209,u225053756,1581822453,C++,C++14 (GCC 5.4.1),cpp,Accepted,1.0,256.0,1600,
s601689412,p03209,u416773418,1581806929,C++,C++ (GCC 5.4.1),cpp,Accepted,1.0,256.0,945,
s362328426,p03209,u559823804,1581737624,C++,C++ (GCC 5.4.1),cpp,Accepted,1.0,256.0,477,
s614874304,p03209,u519194615,1581662110,C++,C++14 (GCC 5.4.1),cpp,Accepted,1.0,256.0,712,
s194336391,p03209,u463243362,1581645302,C++,C++14 (GCC 5.4.1),cpp,Accepted,1.0,256.0,713,
s505785013,p03209,u091367113,1581622334,C++,C++14 (GCC 5.4.1),cpp,Accepted,1.0,256.0,984,
s924711626,p03209,u327532412,1581611549,Python,Python (3.4.3),py,Accepted,17.0,3064.0,454,
s120326195,p03209,u952289831,1581547444,C++,C++14 (GCC 5.4.1),cpp,Accepted,1.0,256.0,846,
s984441683,p03209,u759177660,1581534152,C++,C++14 (GCC 5.4.1),cpp,Accepted,1.0,256.0,1247,
s721457872,p03209,u759177660,1581533876,C++,C++14 (GCC 5.4.1),cpp,Accepted,1.0,256.0,1381,
s086857132,p03209,u859396346,1581526399,C++,C++14 (GCC 5.4.1),cpp,Accepted,1.0,256.0,2481,
s991115222,p03209,u676029460,1581465466,C++,C++14 (GCC 5.4.1),cpp,Accepted,1.0,256.0,827,
s860332559,p03209,u477343425,1581460027,C++,C++14 (GCC 5.4.1),cpp,Accepted,1.0,256.0,914,
s138093323,p03209,u561143568,1581436210,C++,C++14 (GCC 5.4.1),cpp,Accepted,1.0,256.0,954,
s437645828,p03209,u316464887,1581399570,Python,Python (3.4.3),py,Accepted,17.0,3064.0,554,
s605397104,p03209,u858742833,1581399280,Python,Python (3.4.3),py,Accepted,20.0,3064.0,459,
s112912112,p03209,u846820729,1581394033,C++,C++14 (GCC 5.4.1),cpp,Accepted,1.0,256.0,734,
s636105009,p03209,u132364782,1581374187,C++,C++14 (GCC 5.4.1),cpp,Accepted,1.0,256.0,705,
s402779539,p03209,u089177147,1581284510,C++,C++14 (GCC 5.4.1),cpp,Accepted,1.0,256.0,2029,
s355471121,p03209,u089177147,1581284129,C++,C++14 (GCC 5.4.1),cpp,Accepted,1.0,256.0,2170,
s217924359,p03209,u652057333,1581277641,Python,Python (3.4.3),py,Accepted,17.0,3064.0,354,
s590806378,p03209,u350836088,1581267611,C++,C++14 (GCC 5.4.1),cpp,Accepted,1.0,256.0,621,
s252894705,p03209,u867320886,1581216979,Python,Python (3.4.3),py,Accepted,17.0,3060.0,258,
s016656773,p03209,u751537640,1581210183,C++,C++14 (GCC 5.4.1),cpp,Accepted,1.0,256.0,1155,
s920771740,p03209,u502772848,1581187312,C++,C++14 (GCC 5.4.1),cpp,Accepted,2.0,256.0,1247,
s133393867,p03209,u981931040,1581099950,Python,Python (3.4.3),py,Accepted,25.0,3064.0,757,
s716684007,p03209,u981931040,1581000419,Python,Python (3.4.3),py,Accepted,17.0,3064.0,1110,
s749458532,p03209,u623231048,1580952712,Python,Python (3.4.3),py,Accepted,20.0,3188.0,439,
s455283267,p03209,u037276799,1580917723,C++,C++14 (GCC 5.4.1),cpp,Accepted,1.0,256.0,961,
s073576000,p03209,u215286521,1580886670,Python,Python (3.4.3),py,Accepted,17.0,3064.0,469,
s065785773,p03209,u037276799,1580826244,C++,C++14 (GCC 5.4.1),cpp,Accepted,1.0,256.0,1115,
s344972602,p03209,u582464343,1580797604,C++,C++14 (GCC 5.4.1),cpp,Accepted,1.0,256.0,2721,
s821703327,p03209,u072526305,1580789858,C++,C++14 (GCC 5.4.1),cpp,Accepted,1.0,256.0,2858,
s438354124,p03209,u372177994,1580789091,C++,C++14 (GCC 5.4.1),cpp,Accepted,1.0,256.0,1400,
s350952376,p03209,u867848444,1580784134,Python,Python (3.4.3),py,Accepted,20.0,3064.0,431,
s601879190,p03209,u083960235,1580777264,Python,Python (3.4.3),py,Accepted,38.0,5176.0,1103,
s869691828,p03209,u229148215,1580776972,C++,C++14 (GCC 5.4.1),cpp,Accepted,1.0,256.0,961,
s108366592,p03209,u279493135,1580774455,Python,Python (3.4.3),py,Accepted,42.0,4084.0,880,
s643912645,p03209,u054501336,1580761015,C++,C++14 (GCC 5.4.1),cpp,Accepted,1.0,256.0,1029,
s155118481,p03209,u054501336,1580760722,C++,C++14 (GCC 5.4.1),cpp,Accepted,1.0,256.0,1061,
s519610345,p03209,u987913144,1580736286,C++,C++14 (GCC 5.4.1),cpp,Accepted,1.0,256.0,1548,
s136852042,p03209,u987913144,1580735954,C++,C++14 (GCC 5.4.1),cpp,Accepted,1.0,256.0,1547,
s170471176,p03209,u463775490,1580735711,Python,Python (3.4.3),py,Accepted,17.0,3064.0,413,
s379171656,p03209,u484229314,1580711010,Python,Python (3.4.3),py,Accepted,17.0,3064.0,482,
s675101547,p03209,u455366471,1580706400,C++,C++14 (GCC 5.4.1),cpp,Accepted,1.0,256.0,696,
s832719474,p03209,u106297876,1580686511,C++,C++14 (GCC 5.4.1),cpp,Accepted,1.0,256.0,1462,
s392621178,p03209,u648212584,1580670206,Python,Python (3.4.3),py,Accepted,17.0,3064.0,529,
s239724314,p03209,u671861352,1580627147,C++,C++14 (GCC 5.4.1),cpp,Accepted,1.0,256.0,767,
s730348265,p03209,u060965067,1580617469,C++,C++14 (GCC 5.4.1),cpp,Accepted,1.0,256.0,2163,
s951757721,p03209,u571969099,1580517533,Python,PyPy3 (2.4.0),py,Accepted,166.0,38256.0,548,
s499287499,p03209,u571969099,1580502070,Python,Python (3.4.3),py,Accepted,17.0,3064.0,548,
s410134034,p03209,u355424600,1580447536,C++,C++14 (GCC 5.4.1),cpp,Accepted,1.0,256.0,1451,
s198742747,p03209,u520276780,1580443664,Python,PyPy3 (2.4.0),py,Accepted,178.0,38384.0,468,
s050843348,p03209,u630664279,1580346733,C++,C++14 (GCC 5.4.1),cpp,Accepted,6.0,384.0,822,
s103551823,p03209,u465233477,1580340341,C++,C++14 (GCC 5.4.1),cpp,Accepted,1.0,256.0,1191,
s174034552,p03209,u446795710,1580338159,C++,C++14 (GCC 5.4.1),cpp,Accepted,1.0,256.0,736,
s907394650,p03209,u615194706,1580329058,C++,C++14 (GCC 5.4.1),cpp,Accepted,1.0,256.0,908,
s563670501,p03209,u028681952,1580325147,C++,C++14 (GCC 5.4.1),cpp,Accepted,1.0,256.0,822,
s596896265,p03209,u671180978,1580318120,C++,C++14 (GCC 5.4.1),cpp,Accepted,1.0,256.0,660,
s289607368,p03209,u701136990,1580317991,C++,C++14 (GCC 5.4.1),cpp,Accepted,1.0,256.0,660,
s693673239,p03209,u903311413,1580282764,C++,C++14 (GCC 5.4.1),cpp,Accepted,1.0,256.0,2039,
s454830762,p03209,u853185302,1580270235,Python,Python (3.4.3),py,Accepted,17.0,3064.0,265,
s246972695,p03209,u754022296,1580260215,Python,Python (3.4.3),py,Accepted,17.0,3064.0,291,
s480582382,p03209,u498487134,1580181910,Python,PyPy3 (2.4.0),py,Accepted,161.0,38256.0,441,
s902399574,p03209,u570229212,1580174070,C++,C++14 (GCC 5.4.1),cpp,Accepted,2.0,384.0,1718,
s599387070,p03209,u994521204,1580172678,Python,Python (3.4.3),py,Accepted,17.0,3064.0,670,
s223561616,p03209,u782098901,1580113158,C++,C++14 (GCC 5.4.1),cpp,Accepted,1.0,256.0,593,
s716099315,p03209,u718758485,1580064993,C++,C++14 (GCC 5.4.1),cpp,Accepted,1.0,256.0,561,
s812950785,p03209,u892687772,1580048693,C++,C++14 (GCC 5.4.1),cpp,Accepted,1.0,256.0,1062,
s505400940,p03209,u592818901,1579992870,C++,C++14 (GCC 5.4.1),cpp,Accepted,1.0,256.0,735,
s863347079,p03209,u537874719,1579985358,C++,C++14 (GCC 5.4.1),cpp,Accepted,1.0,256.0,2569,
s631308733,p03209,u895409580,1579910300,C++,C++14 (GCC 5.4.1),cpp,Accepted,1.0,256.0,863,
s771346416,p03209,u223160139,1579896846,C++,C++14 (GCC 5.4.1),cpp,Accepted,1.0,256.0,584,
s738438742,p03209,u845000384,1579840252,C++,C++14 (GCC 5.4.1),cpp,Accepted,3.0,384.0,1959,
s607540018,p03209,u506295831,1579835395,C++,C++14 (GCC 5.4.1),cpp,Accepted,1.0,256.0,3696,
s159659279,p03209,u970308980,1579833907,Python,Python (3.4.3),py,Accepted,17.0,3064.0,462,
s665477324,p03209,u543584809,1579820320,C++,C++14 (GCC 5.4.1),cpp,Accepted,1.0,256.0,576,
s207320190,p03209,u156778176,1579797067,C++,C++14 (GCC 5.4.1),cpp,Accepted,1.0,256.0,914,
s804720753,p03209,u724687935,1579782306,Python,Python (3.4.3),py,Accepted,17.0,3064.0,678,
s701721598,p03209,u303039933,1579623857,C++,C++14 (GCC 5.4.1),cpp,Accepted,1.0,256.0,3132,
s133879395,p03209,u554954744,1579578533,Python,PyPy3 (2.4.0),py,Accepted,175.0,38256.0,446,
s084239028,p03209,u673361376,1579551360,Python,PyPy3 (2.4.0),py,Accepted,170.0,38256.0,706,
s103595216,p03209,u489108157,1579484669,C++,C++14 (GCC 5.4.1),cpp,Accepted,1.0,256.0,1076,
s371625993,p03209,u169138653,1579389553,Python,Python (3.4.3),py,Accepted,18.0,3064.0,254,
s578452513,p03209,u185050799,1579382364,C++,C++14 (GCC 5.4.1),cpp,Accepted,1.0,256.0,2572,
s178536678,p03209,u045368371,1579375526,C++,C++14 (GCC 5.4.1),cpp,Accepted,1.0,256.0,939,
s253873860,p03209,u822169805,1579329943,C++,C++14 (GCC 5.4.1),cpp,Accepted,1.0,256.0,1031,
s641443769,p03209,u677121387,1579328320,Python,Python (3.4.3),py,Accepted,17.0,3064.0,461,
s035261696,p03209,u980909653,1579315618,C++,C++14 (GCC 5.4.1),cpp,Accepted,1.0,256.0,817,
s076787267,p03209,u452009494,1579310684,C++,C++14 (GCC 5.4.1),cpp,Accepted,1.0,256.0,1770,
s779418980,p03209,u088552457,1579305783,Python,Python (3.4.3),py,Accepted,17.0,3064.0,310,
s762399465,p03209,u917282863,1579279909,C++,C++14 (GCC 5.4.1),cpp,Accepted,1.0,256.0,1211,
s279175555,p03209,u358748139,1579234434,C++,C++14 (GCC 5.4.1),cpp,Accepted,2.0,256.0,3425,
s552261280,p03209,u325956328,1579197237,Python,Python (3.4.3),py,Accepted,18.0,3064.0,480,
s024864381,p03209,u284124505,1579193682,C++,C++14 (GCC 5.4.1),cpp,Accepted,1.0,256.0,2822,
s531761593,p03209,u366974105,1579110918,C++,C++14 (GCC 5.4.1),cpp,Accepted,1.0,256.0,1173,
s256154982,p03209,u197175300,1578968054,C++,C++14 (GCC 5.4.1),cpp,Accepted,1.0,256.0,885,
s541989424,p03209,u756829954,1578960201,Python,PyPy3 (2.4.0),py,Accepted,169.0,38384.0,444,
s071983747,p03209,u597455618,1578892091,Python,Python (3.4.3),py,Accepted,17.0,3064.0,307,
s990373627,p03209,u103850114,1578864802,C++,C++14 (GCC 5.4.1),cpp,Accepted,1.0,256.0,1695,
s084470852,p03209,u254871849,1578835247,Python,Python (3.4.3),py,Accepted,18.0,3064.0,958,
s233083553,p03209,u254871849,1578834636,Python,Python (3.4.3),py,Accepted,18.0,3064.0,1061,
s870588164,p03209,u200215998,1578686199,C++,C++14 (GCC 5.4.1),cpp,Accepted,1.0,256.0,3817,
s674306668,p03209,u714642969,1578630721,Python,PyPy3 (2.4.0),py,Accepted,165.0,38384.0,629,
s613889988,p03209,u275797573,1578629416,C++,C++14 (GCC 5.4.1),cpp,Accepted,1.0,256.0,10077,
s813196530,p03209,u179169725,1578602249,Python,Python (3.4.3),py,Accepted,17.0,3064.0,1086,
s064865598,p03209,u572142121,1578512793,Python,Python (3.4.3),py,Accepted,17.0,3064.0,278,
s893153956,p03209,u540761833,1578504851,Python,Python (3.4.3),py,Accepted,17.0,3064.0,356,
s290029303,p03209,u098012509,1578462440,Python,Python (3.4.3),py,Accepted,23.0,3572.0,833,
s254449196,p03209,u649220991,1578459695,C++,C++14 (Clang 3.8.0),cpp,Accepted,1.0,256.0,875,
s249085975,p03209,u314960567,1578355194,C++,C++14 (GCC 5.4.1),cpp,Accepted,1.0,256.0,579,
s755025830,p03209,u322714721,1578342189,C++,C++14 (GCC 5.4.1),cpp,Accepted,1.0,256.0,686,
s322796300,p03209,u814715203,1578322234,C++,C++14 (GCC 5.4.1),cpp,Accepted,1.0,256.0,1642,
s860240513,p03209,u264265458,1578300150,C++,C++14 (GCC 5.4.1),cpp,Accepted,1.0,256.0,2664,
s437159151,p03209,u347640436,1578287358,Python,Python (3.4.3),py,Accepted,17.0,3064.0,628,
s771735240,p03209,u303356821,1578277264,C++,C++14 (GCC 5.4.1),cpp,Accepted,3.0,256.0,713,
s910512726,p03209,u503228842,1578261348,Python,Python (3.4.3),py,Accepted,17.0,3064.0,424,
s643565558,p03209,u732412551,1578191827,Python,Python (3.4.3),py,Accepted,18.0,3064.0,495,
s938614547,p03209,u016189984,1578165855,C++,C++14 (GCC 5.4.1),cpp,Accepted,1.0,256.0,818,
s001762282,p03209,u580697892,1578117998,Python,Python (3.4.3),py,Accepted,17.0,3064.0,325,
s588546929,p03209,u211109468,1578098947,C++,C++14 (GCC 5.4.1),cpp,Accepted,1.0,256.0,539,
s501300586,p03209,u421426760,1578093469,C++,C++14 (GCC 5.4.1),cpp,Accepted,1.0,256.0,2082,
s950507556,p03209,u895382169,1578014931,C++,C++14 (GCC 5.4.1),cpp,Accepted,1.0,384.0,1994,
s221395140,p03209,u408620326,1577979395,Python,Python (3.4.3),py,Accepted,17.0,3064.0,645,
s842606762,p03209,u987913144,1577958274,C++,C++14 (GCC 5.4.1),cpp,Accepted,1.0,256.0,1824,
s300902587,p03209,u991846372,1577927779,C++,C++14 (GCC 5.4.1),cpp,Accepted,1.0,256.0,900,
s203066432,p03209,u991846372,1577926994,C++,C++14 (GCC 5.4.1),cpp,Accepted,1.0,256.0,973,
s006211555,p03209,u979163294,1577922369,C++,C++14 (GCC 5.4.1),cpp,Accepted,1.0,256.0,671,
s672140030,p03209,u681869152,1577914805,C++,C++14 (GCC 5.4.1),cpp,Accepted,1.0,256.0,847,
s923917524,p03209,u550014122,1577862948,C++,C++14 (GCC 5.4.1),cpp,Accepted,1.0,256.0,1264,
s075377279,p03209,u963055157,1577857376,C++,C++14 (GCC 5.4.1),cpp,Accepted,1.0,256.0,734,
s458377578,p03209,u305366205,1577844188,Python,Python (3.4.3),py,Accepted,17.0,3064.0,351,
s934843043,p03209,u389910364,1577837705,Python,Python (3.4.3),py,Accepted,20.0,3188.0,662,
s723763880,p03209,u574045761,1577826647,C++,C++14 (GCC 5.4.1),cpp,Accepted,1.0,256.0,954,
s236090140,p03209,u574045761,1577826012,C++,C++14 (GCC 5.4.1),cpp,Accepted,1.0,256.0,954,
s105924349,p03209,u912533549,1577824908,C++,C++14 (GCC 5.4.1),cpp,Accepted,1.0,256.0,692,
s524230227,p03209,u574045761,1577824866,C++,C++14 (GCC 5.4.1),cpp,Accepted,3.0,384.0,978,
s632028805,p03209,u574045761,1577824495,C++,C++14 (GCC 5.4.1),cpp,Accepted,1.0,256.0,977,
s014114920,p03209,u385825353,1577781272,Python,Python (3.4.3),py,Accepted,19.0,3064.0,429,
s995066506,p03209,u568545273,1577773196,C++,C++14 (GCC 5.4.1),cpp,Accepted,1.0,256.0,1772,
s487882414,p03209,u491550356,1577770988,C++,C++14 (GCC 5.4.1),cpp,Accepted,1.0,256.0,4298,
s025836229,p03209,u236193715,1577751870,C++,C++14 (GCC 5.4.1),cpp,Accepted,1.0,256.0,539,
s464261523,p03209,u523698212,1577744542,C++,C++14 (GCC 5.4.1),cpp,Accepted,1.0,256.0,510,
s413134662,p03209,u196697332,1577654351,Python,Python (3.4.3),py,Accepted,18.0,3064.0,784,
s488600883,p03209,u736861509,1577626886,C++,C++14 (GCC 5.4.1),cpp,Accepted,1.0,256.0,5841,
s506261376,p03209,u476435125,1577592347,Python,Python (3.4.3),py,Accepted,17.0,3060.0,244,
s587801805,p03209,u465669072,1577570294,C++,C++14 (GCC 5.4.1),cpp,Accepted,1.0,256.0,1296,
s820034193,p03209,u377233169,1577568111,C++,C++14 (GCC 5.4.1),cpp,Accepted,1.0,256.0,1586,
s983589788,p03209,u312025627,1577550749,Python,PyPy3 (2.4.0),py,Accepted,178.0,38384.0,633,
s155470257,p03209,u364788955,1577530368,C++,C++14 (GCC 5.4.1),cpp,Accepted,4.0,256.0,1296,
s643601390,p03209,u374929478,1577517370,C++,C++14 (GCC 5.4.1),cpp,Accepted,1.0,256.0,1356,
s004314443,p03209,u374929478,1577517070,C++,C++14 (GCC 5.4.1),cpp,Accepted,1.0,256.0,1310,
s242903355,p03209,u799691369,1577507583,Python,Python (3.4.3),py,Accepted,17.0,3064.0,301,
s333013209,p03209,u372144784,1577465710,Python,PyPy3 (2.4.0),py,Accepted,165.0,38256.0,583,
s876867781,p03209,u784072785,1577421624,C++,C++14 (GCC 5.4.1),cpp,Accepted,1.0,256.0,2041,
s570753403,p03209,u923285281,1577409319,C++,C++14 (GCC 5.4.1),cpp,Accepted,1.0,128.0,426,
s672160938,p03209,u366398972,1577334056,C++,C++14 (GCC 5.4.1),cpp,Accepted,1.0,256.0,846,
s193656924,p03209,u813174766,1577327490,C++,C++14 (GCC 5.4.1),cpp,Accepted,1.0,256.0,623,
s697613701,p03209,u674951726,1577326597,Python,Python (3.4.3),py,Accepted,18.0,3064.0,419,
s085152575,p03209,u561083515,1577322026,Python,Python (3.4.3),py,Accepted,17.0,3064.0,373,
s501480802,p03209,u499009346,1577314360,C++,C++14 (GCC 5.4.1),cpp,Accepted,1.0,256.0,796,
s152038927,p03209,u102960641,1577300186,Python,Python (3.4.3),py,Accepted,17.0,3064.0,336,
s996271534,p03209,u147571984,1577290782,C++,C++14 (GCC 5.4.1),cpp,Accepted,1.0,256.0,707,
s187740144,p03209,u620735210,1577286619,C++,C++14 (GCC 5.4.1),cpp,Accepted,1.0,256.0,590,
s239032414,p03209,u935984175,1577240827,Python,Python (3.4.3),py,Accepted,20.0,3316.0,414,
s034958411,p03209,u984276646,1577179379,Python,Python (3.4.3),py,Accepted,17.0,3064.0,466,
s323092307,p03209,u482982507,1577178463,C++,C++14 (GCC 5.4.1),cpp,Accepted,1.0,256.0,804,
s238561026,p03209,u845832703,1577170882,C++,C++14 (GCC 5.4.1),cpp,Accepted,1.0,256.0,761,
s779609290,p03209,u294159462,1577078710,C++,C++14 (GCC 5.4.1),cpp,Accepted,1.0,256.0,1121,
s704790799,p03209,u230147738,1577065266,C++,C++14 (GCC 5.4.1),cpp,Accepted,1.0,256.0,1015,
s489693936,p03209,u929199273,1577058781,C++,C++14 (GCC 5.4.1),cpp,Accepted,1.0,256.0,1306,
s437545511,p03209,u922299738,1576978281,C++,C++14 (GCC 5.4.1),cpp,Accepted,1.0,256.0,6947,
s332796907,p03209,u585704797,1576948715,Python,Python (3.4.3),py,Accepted,17.0,3064.0,455,
s412352389,p03209,u113971909,1576868220,Python,Python (3.4.3),py,Accepted,31.0,3064.0,464,
s028705683,p03209,u712768978,1576827903,C++,C++14 (GCC 5.4.1),cpp,Accepted,1.0,256.0,872,
s733923285,p03209,u987267288,1576814689,C++,C++14 (GCC 5.4.1),cpp,Accepted,1.0,256.0,8013,
s771375684,p03209,u271063202,1576813746,C++,C++14 (GCC 5.4.1),cpp,Accepted,1.0,256.0,682,
s330916221,p03209,u639426108,1576767888,C++,C++14 (GCC 5.4.1),cpp,Accepted,1.0,256.0,588,
s547998776,p03209,u180716041,1576725527,C++,C++14 (GCC 5.4.1),cpp,Accepted,1.0,256.0,565,
s122586629,p03209,u968846084,1576721425,Python,Python (3.4.3),py,Accepted,19.0,3064.0,728,
s370254036,p03209,u121921603,1576717560,Python,PyPy3 (2.4.0),py,Accepted,197.0,42352.0,457,
s374442516,p03209,u806657856,1576713481,C++,C++14 (GCC 5.4.1),cpp,Accepted,1.0,256.0,1749,
s618046831,p03209,u304862095,1576712669,C++,C++14 (GCC 5.4.1),cpp,Accepted,3.0,384.0,471,
s159820062,p03209,u311636831,1576686623,Python,PyPy3 (2.4.0),py,Accepted,164.0,38256.0,595,
s970093689,p03209,u296518383,1576633815,Python,PyPy3 (2.4.0),py,Accepted,182.0,38384.0,356,
s595336891,p03209,u919025034,1576554950,Python,PyPy3 (2.4.0),py,Accepted,168.0,38384.0,451,
s305387250,p03209,u841131859,1576548627,C++,C++14 (GCC 5.4.1),cpp,Accepted,1.0,256.0,750,
s905465488,p03209,u987164499,1576541144,Python,Python (3.4.3),py,Accepted,17.0,3064.0,507,
s102362213,p03209,u901561754,1576535710,C++,C++14 (GCC 5.4.1),cpp,Accepted,1.0,256.0,1218,
s542008303,p03209,u848736574,1576535404,C++,C++14 (GCC 5.4.1),cpp,Accepted,1.0,256.0,1775,
s828966404,p03209,u848736574,1576534150,C++,C++14 (GCC 5.4.1),cpp,Accepted,1.0,256.0,1773,
s767331178,p03209,u415325136,1576525433,C++,C++14 (GCC 5.4.1),cpp,Accepted,1.0,256.0,737,
s556858211,p03209,u255172538,1576475492,C++,C++14 (GCC 5.4.1),cpp,Accepted,1.0,256.0,707,
s403781868,p03209,u869919400,1576442866,Python,PyPy3 (2.4.0),py,Accepted,186.0,38384.0,784,
s017717426,p03209,u107091170,1576431214,C++,C++14 (GCC 5.4.1),cpp,Accepted,1.0,256.0,717,
s054141812,p03209,u588341295,1576391227,Python,Python (3.4.3),py,Accepted,18.0,3064.0,1550,
s107528463,p03209,u089376182,1576359843,Python,Python (3.4.3),py,Accepted,18.0,3064.0,361,
s715960964,p03209,u511379665,1576264535,Python,Python (3.4.3),py,Accepted,19.0,3064.0,344,
s489289250,p03209,u089668660,1576213340,C++,C++14 (GCC 5.4.1),cpp,Accepted,2.0,2432.0,10744,
s640688556,p03209,u871980676,1576209585,Python,PyPy3 (2.4.0),py,Accepted,168.0,38256.0,322,
s146282082,p03209,u521723672,1576209533,C++,C++14 (GCC 5.4.1),cpp,Accepted,1.0,256.0,2166,
s446237385,p03209,u530329977,1576168152,C++,C++14 (GCC 5.4.1),cpp,Accepted,1.0,256.0,561,
s100616362,p03209,u186838327,1576152095,Python,Python (3.4.3),py,Accepted,19.0,3064.0,350,
s134897499,p03209,u186838327,1576152068,Python,PyPy3 (2.4.0),py,Accepted,173.0,38384.0,350,
s009431541,p03209,u047102107,1576122436,Python,PyPy3 (2.4.0),py,Accepted,171.0,38384.0,418,
s915644100,p03209,u905582793,1576116643,Python,Python (3.4.3),py,Accepted,17.0,3064.0,470,
s784058977,p03209,u852690916,1576067843,Python,PyPy3 (2.4.0),py,Accepted,179.0,38384.0,693,
s795902803,p03209,u761529120,1576067687,Python,PyPy3 (2.4.0),py,Accepted,176.0,38384.0,416,
s264550360,p03209,u796408111,1576036812,C++,C++14 (GCC 5.4.1),cpp,Accepted,1.0,256.0,2444,
s131831682,p03209,u952130512,1576029908,C++,C++14 (GCC 5.4.1),cpp,Accepted,2.0,256.0,1043,
s991009607,p03209,u571173211,1576018790,C++,C++14 (GCC 5.4.1),cpp,Accepted,1.0,256.0,1460,
s555477748,p03209,u973797979,1576008049,C++,C++14 (GCC 5.4.1),cpp,Accepted,1.0,256.0,2078,
s458048831,p03209,u038815010,1575994281,Python,PyPy3 (2.4.0),py,Accepted,170.0,38384.0,288,
s808245936,p03209,u473116917,1575950238,C++,C++14 (GCC 5.4.1),cpp,Accepted,1.0,256.0,2077,
s829213940,p03209,u035566695,1575948813,C++,C++14 (GCC 5.4.1),cpp,Accepted,1.0,256.0,1318,
s546018660,p03209,u982234424,1575931669,C++,C++14 (GCC 5.4.1),cpp,Accepted,1.0,256.0,950,
s664817040,p03209,u541784678,1575856196,C++,C++14 (GCC 5.4.1),cpp,Accepted,1.0,256.0,745,
s798885471,p03209,u220212997,1575855803,C++,C++14 (GCC 5.4.1),cpp,Accepted,1.0,256.0,2538,
s563858849,p03209,u615258936,1575845512,C++,C++14 (GCC 5.4.1),cpp,Accepted,1.0,256.0,769,
s263886427,p03209,u587857074,1575830566,C++,C++14 (GCC 5.4.1),cpp,Accepted,1.0,256.0,1180,
s775722487,p03209,u172035535,1575793348,Python,Python (3.4.3),py,Accepted,17.0,3064.0,365,
s279952225,p03209,u755310927,1575779464,C++,C++14 (GCC 5.4.1),cpp,Accepted,3.0,384.0,1166,
s512129635,p03209,u366959492,1575756075,Python,Python (3.4.3),py,Accepted,19.0,3060.0,321,
s533753683,p03209,u188117876,1575740664,C++,C++14 (GCC 5.4.1),cpp,Accepted,1.0,256.0,613,
s358991423,p03209,u806999568,1575703558,C++,C++14 (GCC 5.4.1),cpp,Accepted,2.0,384.0,1537,
s423255172,p03209,u877847737,1575636694,C++,C++14 (GCC 5.4.1),cpp,Accepted,1.0,256.0,1796,
s519429132,p03209,u842939260,1575532171,C++,C++14 (GCC 5.4.1),cpp,Accepted,1.0,256.0,726,
s713339482,p03209,u651802048,1575523436,C++,C++14 (GCC 5.4.1),cpp,Accepted,1.0,256.0,561,
s217388084,p03209,u976833038,1575519534,C++,C++14 (GCC 5.4.1),cpp,Accepted,3.0,256.0,1143,
s337471597,p03209,u592686932,1575440082,C++,C++14 (GCC 5.4.1),cpp,Accepted,1.0,256.0,2278,
s156428781,p03209,u317713173,1575435276,Python,Python (3.4.3),py,Accepted,17.0,3064.0,556,
s570827611,p03209,u317713173,1575434844,Python,Python (3.4.3),py,Accepted,17.0,3064.0,459,
s667968944,p03209,u622585907,1575434094,C++,C++14 (GCC 5.4.1),cpp,Accepted,1.0,256.0,3049,
s038228828,p03209,u614550445,1575430193,C++,C++14 (GCC 5.4.1),cpp,Accepted,1.0,256.0,1865,
s007674503,p03209,u237620737,1575346944,C++,C++14 (GCC 5.4.1),cpp,Accepted,1.0,256.0,1901,
s423393162,p03209,u530107518,1575325483,C++,C++14 (GCC 5.4.1),cpp,Accepted,1.0,256.0,2248,
s461639621,p03209,u468862268,1575295106,C++,C++14 (GCC 5.4.1),cpp,Accepted,1.0,256.0,929,
s134574253,p03209,u696526733,1575288857,C++,C++14 (GCC 5.4.1),cpp,Accepted,1.0,256.0,816,
s048668716,p03209,u190406011,1575249863,Python,Python (3.4.3),py,Accepted,17.0,3064.0,536,
s445683864,p03209,u987594251,1575245307,C++,C++14 (GCC 5.4.1),cpp,Accepted,1.0,256.0,1722,
s606838613,p03209,u950603962,1575232320,C++,C++14 (GCC 5.4.1),cpp,Accepted,1.0,256.0,971,
s081432432,p03209,u187516587,1575220568,Python,Python (3.4.3),py,Accepted,18.0,3064.0,300,
s139753234,p03209,u351265848,1575188068,C++,C++14 (GCC 5.4.1),cpp,Accepted,1.0,256.0,457,
s228756369,p03209,u117348081,1575175603,Python,Python (3.4.3),py,Accepted,17.0,3064.0,295,
s458741249,p03209,u627417051,1575173940,Python,Python (3.4.3),py,Accepted,22.0,3444.0,818,
s835701965,p03209,u937642029,1575158377,Python,PyPy3 (2.4.0),py,Accepted,171.0,38256.0,2188,
s993905893,p03209,u735069283,1575140790,Python,Python (3.4.3),py,Accepted,17.0,3064.0,461,
s159527612,p03209,u747602774,1575098470,Python,Python (3.4.3),py,Accepted,17.0,3060.0,320,
s454139979,p03209,u064359585,1575095987,C++,C++14 (GCC 5.4.1),cpp,Accepted,1.0,256.0,800,
s896922915,p03209,u349091349,1575092845,Python,Python (3.4.3),py,Accepted,30.0,4068.0,559,
s301677833,p03209,u349091349,1575092815,Python,PyPy3 (2.4.0),py,Accepted,195.0,43504.0,559,
s474273990,p03209,u923105140,1575086193,C++,C++14 (GCC 5.4.1),cpp,Accepted,1.0,256.0,579,
s933215563,p03209,u992779443,1575083018,C++,C++14 (GCC 5.4.1),cpp,Accepted,1.0,256.0,811,
s014948196,p03209,u614875193,1575009788,Python,Python (3.4.3),py,Accepted,18.0,3064.0,381,
s983928772,p03209,u196579381,1574920921,Python,PyPy3 (2.4.0),py,Accepted,208.0,38448.0,624,
s861215505,p03209,u083190434,1574916638,C++,C++14 (GCC 5.4.1),cpp,Accepted,1.0,256.0,947,
s844220603,p03209,u024809932,1574912515,C++,C++14 (GCC 5.4.1),cpp,Accepted,1.0,256.0,517,
s123215246,p03209,u077898957,1574894877,Python,Python (3.4.3),py,Accepted,18.0,3064.0,280,
s032356784,p03209,u639032323,1574884688,C++,C++14 (GCC 5.4.1),cpp,Accepted,1.0,256.0,557,
s619411035,p03209,u024469792,1574853603,C++,C++14 (GCC 5.4.1),cpp,Accepted,1.0,256.0,379,
s078794900,p03209,u564182781,1574834396,C++,C++14 (GCC 5.4.1),cpp,Accepted,1.0,256.0,1624,
s540401934,p03209,u487476769,1574825624,C++,C++14 (GCC 5.4.1),cpp,Accepted,1.0,256.0,8443,
s722289962,p03209,u313043608,1574812955,C++,C++14 (GCC 5.4.1),cpp,Accepted,1.0,256.0,678,
s895347886,p03209,u259053514,1574803345,C++,C++14 (GCC 5.4.1),cpp,Accepted,1.0,256.0,6360,
s490947843,p03209,u259053514,1574802033,C++,C++14 (GCC 5.4.1),cpp,Accepted,1.0,256.0,6408,
s989178539,p03209,u020390084,1574721917,Python,Python (3.4.3),py,Accepted,18.0,3064.0,1232,
s618837229,p03209,u632094970,1574695416,C++,C++14 (Clang 3.8.0),cpp,Accepted,3.0,512.0,805,
s376711211,p03209,u574226814,1574633168,Python,Python (3.4.3),py,Accepted,19.0,3064.0,893,
s185484247,p03209,u215692812,1574631097,C++,C++14 (GCC 5.4.1),cpp,Accepted,1.0,256.0,1510,
s007375587,p03209,u642874916,1574618606,Python,PyPy3 (2.4.0),py,Accepted,167.0,38384.0,446,
s115232492,p03209,u414947284,1574546891,C++,C++14 (GCC 5.4.1),cpp,Accepted,1.0,256.0,802,
s793026986,p03209,u721316601,1574546540,Python,Python (3.4.3),py,Accepted,18.0,3064.0,462,
s691247171,p03209,u221285045,1574544223,C++,C++14 (GCC 5.4.1),cpp,Accepted,1.0,256.0,1125,
s296112857,p03209,u864667985,1574530004,C++,C++14 (GCC 5.4.1),cpp,Accepted,1.0,256.0,1180,
s150080969,p03209,u337199858,1574528840,C++,C++14 (GCC 5.4.1),cpp,Accepted,1.0,256.0,1766,
s732854639,p03209,u114234520,1574481849,C++,C++14 (GCC 5.4.1),cpp,Accepted,1.0,256.0,1037,
s250815296,p03209,u281168735,1574420372,C++,C++14 (GCC 5.4.1),cpp,Accepted,2.0,384.0,1396,
s053459482,p03209,u237620737,1574407101,C++,C++14 (GCC 5.4.1),cpp,Accepted,1.0,256.0,1644,
s747505128,p03209,u945359338,1574406564,C++,C++14 (GCC 5.4.1),cpp,Accepted,1.0,256.0,649,
s480658189,p03209,u814986259,1574339953,Python,Python (3.4.3),py,Accepted,20.0,3188.0,443,
s553830374,p03209,u354567428,1574292530,C++,C++14 (GCC 5.4.1),cpp,Accepted,1.0,256.0,1180,
s107690649,p03209,u573272932,1574282890,Python,Python (3.4.3),py,Accepted,18.0,3064.0,344,
s449278367,p03209,u753803401,1574280429,Python,PyPy3 (2.4.0),py,Accepted,177.0,38384.0,805,
s921449113,p03209,u340293807,1574279403,C++,C++14 (GCC 5.4.1),cpp,Accepted,1.0,256.0,1275,
s665358373,p03209,u151855078,1574275519,C++,C++14 (GCC 5.4.1),cpp,Accepted,1.0,256.0,682,
s160308475,p03209,u405256066,1574149801,Python,Python (3.4.3),py,Accepted,17.0,3064.0,620,
s829767132,p03209,u945359338,1574144275,C++,C++14 (GCC 5.4.1),cpp,Accepted,1.0,256.0,730,
s818457040,p03209,u141968173,1574133164,C++,C++14 (GCC 5.4.1),cpp,Accepted,1.0,256.0,700,
s638654099,p03209,u089376182,1574126716,Python,Python (3.4.3),py,Accepted,17.0,3064.0,420,
s635860748,p03209,u167988719,1574102165,C++,C++14 (GCC 5.4.1),cpp,Accepted,1.0,256.0,859,
s290196232,p03209,u167988719,1574094350,C++,C++14 (GCC 5.4.1),cpp,Accepted,9.0,764.0,1282,
s548582746,p03209,u322177979,1574030632,C++,C++14 (GCC 5.4.1),cpp,Accepted,1.0,256.0,5542,
s506864456,p03209,u354567428,1573941338,C++,C++14 (GCC 5.4.1),cpp,Accepted,1.0,256.0,1152,
s503480148,p03209,u716566635,1573940578,C++,C++14 (GCC 5.4.1),cpp,Accepted,1.0,256.0,1101,
s041662267,p03209,u920254817,1573935668,C++,C++14 (GCC 5.4.1),cpp,Accepted,1.0,256.0,1451,
s611244079,p03209,u476383383,1573923802,C++,C++14 (GCC 5.4.1),cpp,Accepted,2.0,384.0,1217,
s394229985,p03209,u110653681,1573849771,C++,C++14 (GCC 5.4.1),cpp,Accepted,1.0,256.0,815,
s073141537,p03209,u456611841,1573827573,C++,C++14 (GCC 5.4.1),cpp,Accepted,1.0,256.0,1253,
s240752354,p03209,u181719868,1573804830,C++,C++14 (GCC 5.4.1),cpp,Accepted,1.0,256.0,6701,
s173107208,p03209,u491766614,1573735183,C++,C++14 (GCC 5.4.1),cpp,Accepted,1.0,256.0,496,
s472222516,p03209,u545368057,1573705796,Python,Python (3.4.3),py,Accepted,18.0,3064.0,556,
s309135059,p03209,u420569644,1573675647,C++,C++14 (GCC 5.4.1),cpp,Accepted,1.0,256.0,1716,
s561607146,p03209,u864013199,1573655328,Python,Python (3.4.3),py,Accepted,17.0,3064.0,734,
s871233624,p03209,u864013199,1573655203,Python,PyPy3 (2.4.0),py,Accepted,172.0,38384.0,736,
s621097137,p03209,u694731294,1573576266,C++,C++14 (GCC 5.4.1),cpp,Accepted,1.0,256.0,1226,
s764187962,p03209,u850516963,1573539866,C++,C++14 (GCC 5.4.1),cpp,Accepted,2.0,256.0,1628,
s105127454,p03209,u901397311,1573456887,C++,C++14 (GCC 5.4.1),cpp,Accepted,1.0,256.0,1045,
s616535088,p03209,u901397311,1573456853,C++,C++14 (GCC 5.4.1),cpp,Accepted,1.0,256.0,1030,
s335096348,p03209,u901397311,1573456696,C++,C++14 (GCC 5.4.1),cpp,Accepted,1.0,256.0,1035,
s031345488,p03209,u159994501,1573443931,Python,Python (3.4.3),py,Accepted,17.0,3060.0,467,
s498009220,p03209,u802963389,1573427794,Python,Python (3.4.3),py,Accepted,17.0,3064.0,307,
s989540517,p03209,u910756197,1573361208,Python,Python (3.4.3),py,Accepted,17.0,3064.0,373,
s956151579,p03209,u372299304,1573275718,C++,C++14 (GCC 5.4.1),cpp,Accepted,1.0,256.0,698,
s701152679,p03209,u372299304,1573275107,C++,C++14 (GCC 5.4.1),cpp,Accepted,1.0,256.0,735,
s304846029,p03209,u940831163,1573196023,Python,Python (3.4.3),py,Accepted,17.0,3064.0,541,
s234938405,p03209,u193182854,1573193282,Python,Python (3.4.3),py,Accepted,18.0,3064.0,345,
s462258540,p03209,u953237709,1573179882,Python,Python (3.4.3),py,Accepted,20.0,3188.0,670,
s430597909,p03209,u108540384,1573177545,C++,C++14 (GCC 5.4.1),cpp,Accepted,1.0,256.0,615,
s275175568,p03209,u820839927,1573157875,Python,Python (3.4.3),py,Accepted,19.0,3188.0,621,
s790622206,p03209,u371535422,1573153484,C++,C++14 (GCC 5.4.1),cpp,Accepted,1.0,256.0,4777,
s986122145,p03209,u642120132,1573144910,C++,C++14 (GCC 5.4.1),cpp,Accepted,1.0,256.0,581,
s745691555,p03209,u775900747,1573092669,C++,C++14 (GCC 5.4.1),cpp,Accepted,1.0,256.0,1211,
s204131060,p03209,u938486382,1573087038,Python,Python (3.4.3),py,Accepted,17.0,3064.0,730,
s948004141,p03209,u938486382,1573086903,Python,Python (3.4.3),py,Accepted,17.0,3064.0,860,
s551985688,p03209,u938486382,1573086265,Python,Python (3.4.3),py,Accepted,20.0,3188.0,871,
s775389673,p03209,u938486382,1573085294,Python,Python (3.4.3),py,Accepted,20.0,3316.0,1182,
s661383622,p03209,u120143737,1573063242,C++,C++14 (GCC 5.4.1),cpp,Accepted,1.0,256.0,922,
s064660734,p03209,u941284420,1573021947,Python,Python (3.4.3),py,Accepted,17.0,3064.0,1006,
s014062223,p03209,u380524497,1573014643,Python,Python (3.4.3),py,Accepted,20.0,3188.0,570,
s205796286,p03209,u816872429,1573012291,Python,PyPy3 (2.4.0),py,Accepted,172.0,38384.0,312,
s273230773,p03209,u326152409,1573010539,C++,C++14 (GCC 5.4.1),cpp,Accepted,1.0,256.0,793,
s296597418,p03209,u816872429,1573010505,Python,PyPy3 (2.4.0),py,Accepted,170.0,38256.0,375,
s076633657,p03209,u874947858,1572930731,C++,C++14 (GCC 5.4.1),cpp,Accepted,1.0,256.0,1879,
s909884602,p03209,u058297300,1572918544,C++,C++14 (GCC 5.4.1),cpp,Accepted,1.0,256.0,2105,
s031342196,p03209,u058297300,1572918319,C++,C++14 (GCC 5.4.1),cpp,Accepted,1.0,256.0,2672,
s407966889,p03209,u439009525,1572756686,Python,PyPy3 (2.4.0),py,Accepted,163.0,38256.0,402,
s382118591,p03209,u223904637,1572731767,Python,Python (3.4.3),py,Accepted,18.0,3064.0,401,
s735668863,p03209,u645250356,1572554605,Python,PyPy3 (2.4.0),py,Accepted,195.0,39660.0,907,
s579201746,p03209,u645250356,1572554545,Python,PyPy3 (2.4.0),py,Accepted,205.0,39916.0,924,
s829644482,p03209,u112318601,1572530991,C++,C++14 (GCC 5.4.1),cpp,Accepted,1.0,256.0,710,
s551087742,p03209,u784283302,1572495453,C++,C++14 (GCC 5.4.1),cpp,Accepted,1.0,256.0,487,
s525130142,p03209,u470542271,1572495333,Python,PyPy3 (2.4.0),py,Accepted,169.0,38384.0,650,
s267704682,p03209,u216459554,1572480046,C++,C++14 (GCC 5.4.1),cpp,Accepted,1.0,256.0,1736,
s859525764,p03209,u547448704,1572437837,C++,C++14 (GCC 5.4.1),cpp,Accepted,2.0,384.0,958,
s281338999,p03209,u955534952,1572410494,C++,C++14 (GCC 5.4.1),cpp,Accepted,1.0,256.0,1010,
s304313940,p03209,u383828019,1572401926,Python,PyPy3 (2.4.0),py,Accepted,164.0,38256.0,505,
s417965652,p03209,u753803401,1572387070,Python,PyPy3 (2.4.0),py,Accepted,188.0,42352.0,1031,
s665522868,p03209,u770009793,1572381561,C++,C++14 (GCC 5.4.1),cpp,Accepted,1.0,256.0,1092,
s551085470,p03209,u511965386,1572377992,Python,PyPy3 (2.4.0),py,Accepted,173.0,38384.0,490,
s939398424,p03209,u371762349,1572322876,C++,C++14 (GCC 5.4.1),cpp,Accepted,1.0,256.0,592,
s963308875,p03209,u013408661,1572297791,C++,C++14 (GCC 5.4.1),cpp,Accepted,1.0,256.0,591,
s917915139,p03209,u886747123,1572287208,Python,Python (3.4.3),py,Accepted,17.0,3064.0,721,
s871654615,p03209,u378718242,1572233821,C++,C++14 (GCC 5.4.1),cpp,Accepted,1.0,256.0,577,
s623795288,p03209,u911575040,1572222339,Python,Python (3.4.3),py,Accepted,19.0,3064.0,262,
s406928277,p03209,u918935103,1572211954,Python,Python (3.4.3),py,Accepted,17.0,3064.0,488,
s511883358,p03209,u703205079,1572193181,C++,C++14 (GCC 5.4.1),cpp,Accepted,1.0,256.0,1434,
s413292864,p03209,u672475305,1572190968,Python,Python (3.4.3),py,Accepted,17.0,3064.0,293,
s301608906,p03209,u067694854,1572143159,C++,C++14 (GCC 5.4.1),cpp,Accepted,1.0,256.0,997,
s738755425,p03209,u755363325,1572141883,Python,PyPy3 (2.4.0),py,Accepted,173.0,39888.0,512,
s857467566,p03209,u231458241,1572133522,C++,C++ (GCC 5.4.1),cpp,Accepted,1.0,256.0,1029,
s819636917,p03209,u696290869,1572075100,C++,C++14 (GCC 5.4.1),cpp,Accepted,1.0,256.0,945,
s299242746,p03209,u330661451,1572071915,C++,C++14 (GCC 5.4.1),cpp,Accepted,1.0,256.0,1465,
s562692528,p03209,u008229752,1572053755,C++,C++14 (GCC 5.4.1),cpp,Accepted,1.0,256.0,2856,
s250207243,p03209,u441723963,1572017708,C++,C++14 (GCC 5.4.1),cpp,Accepted,1.0,256.0,611,
s189774118,p03209,u167931717,1572011443,C++,C++14 (GCC 5.4.1),cpp,Accepted,1.0,256.0,20160,
s528006096,p03209,u550995059,1572011401,C++,C++14 (GCC 5.4.1),cpp,Accepted,1.0,256.0,2343,
s111213668,p03209,u654191866,1571969482,C++,C++14 (GCC 5.4.1),cpp,Accepted,1.0,256.0,913,
s458528159,p03209,u227082700,1571964646,Python,Python (3.4.3),py,Accepted,17.0,3064.0,230,
s461410752,p03209,u518378780,1571956736,Python,Python (3.4.3),py,Accepted,17.0,3064.0,770,
s139213928,p03209,u034055199,1571864394,C++,C++14 (GCC 5.4.1),cpp,Accepted,1.0,256.0,701,
s684809226,p03209,u026537738,1571864167,C++,C++14 (GCC 5.4.1),cpp,Accepted,1.0,256.0,1309,
s154060369,p03209,u986437843,1571860526,C++,C++14 (GCC 5.4.1),cpp,Accepted,1.0,256.0,97658,
s428154768,p03209,u813181182,1571858230,C++,C++14 (GCC 5.4.1),cpp,Accepted,1.0,256.0,1061,
s547077659,p03209,u623687794,1571853399,Python,Python (3.4.3),py,Accepted,17.0,3064.0,356,
s375051880,p03209,u382907940,1571850266,Python,Python (3.4.3),py,Accepted,18.0,3064.0,376,
s848424840,p03209,u976045502,1571792063,C++,C++14 (GCC 5.4.1),cpp,Accepted,1.0,256.0,946,
s508902962,p03209,u434282696,1571777205,C++,C++14 (GCC 5.4.1),cpp,Accepted,1.0,256.0,923,
s183959476,p03209,u960267905,1571774406,C++,C++14 (GCC 5.4.1),cpp,Accepted,1.0,256.0,1393,
s494380513,p03209,u579875569,1571769601,C++,C++14 (Clang 3.8.0),cpp,Accepted,1.0,256.0,9617,
s434559126,p03209,u080318287,1571765042,C++,C++14 (GCC 5.4.1),cpp,Accepted,1.0,256.0,1898,
s826301044,p03209,u399721252,1571762696,Python,PyPy3 (2.4.0),py,Accepted,171.0,38384.0,694,
s607437873,p03209,u712768978,1571712933,Python,PyPy3 (2.4.0),py,Accepted,182.0,38256.0,483,
s662202287,p03209,u712768978,1571712391,Python,PyPy3 (2.4.0),py,Accepted,167.0,38384.0,707,
s314739077,p03209,u917048429,1571689484,C++,C++14 (Clang 3.8.0),cpp,Accepted,1.0,256.0,1790,
s246211573,p03209,u194908943,1571634837,C++,C++14 (GCC 5.4.1),cpp,Accepted,1.0,256.0,1641,
s733406156,p03209,u491279738,1571628602,C++,C++14 (GCC 5.4.1),cpp,Accepted,1.0,256.0,998,
s427190351,p03209,u045091221,1571621233,C++,C++14 (GCC 5.4.1),cpp,Accepted,1.0,256.0,1214,
s005329425,p03209,u394759653,1571613849,C++,C++14 (GCC 5.4.1),cpp,Accepted,1.0,256.0,674,
s141185293,p03209,u863044225,1571591483,C++,C++14 (GCC 5.4.1),cpp,Accepted,1.0,256.0,1964,
s267043529,p03209,u209647862,1571534143,C++,C++14 (GCC 5.4.1),cpp,Accepted,1.0,256.0,3323,
s908808890,p03209,u209647862,1571531681,C++,C++14 (GCC 5.4.1),cpp,Accepted,5.0,764.0,3398,
s233343082,p03209,u209647862,1571530935,C++,C++14 (GCC 5.4.1),cpp,Accepted,1.0,256.0,3386,
s657499018,p03209,u915797797,1571525933,C++,C++14 (GCC 5.4.1),cpp,Accepted,1.0,256.0,999,
s645383334,p03209,u164448353,1571511363,C++,C++14 (GCC 5.4.1),cpp,Accepted,4.0,512.0,456,
s330679138,p03209,u600402037,1571493881,Python,Python (3.4.3),py,Accepted,19.0,3188.0,574,
s170559141,p03209,u600402037,1571493735,Python,Python (3.4.3),py,Accepted,17.0,3064.0,583,
s583334564,p03209,u788717734,1571464578,C++,C++14 (GCC 5.4.1),cpp,Accepted,1.0,256.0,559,
s196346517,p03209,u572472538,1571457179,C++,C++14 (GCC 5.4.1),cpp,Accepted,1.0,256.0,13777,
s988776083,p03209,u015993380,1571455234,C++,C++14 (GCC 5.4.1),cpp,Accepted,1.0,256.0,659,
s386757872,p03209,u861345985,1571431034,C++,C++14 (GCC 5.4.1),cpp,Accepted,1.0,256.0,1214,
s086103427,p03209,u819048695,1571353957,Python,PyPy3 (2.4.0),py,Accepted,172.0,38256.0,438,
s997153927,p03209,u819048695,1571352919,Python,PyPy3 (2.4.0),py,Accepted,165.0,38256.0,447,
s479285723,p03209,u834415466,1571320694,C++,C++14 (GCC 5.4.1),cpp,Accepted,1.0,256.0,1227,
s372702827,p03209,u835534008,1571316372,C++,C++14 (GCC 5.4.1),cpp,Accepted,2.0,256.0,673,
s244200160,p03209,u945181840,1571288474,Python,Python (3.4.3),py,Accepted,17.0,3064.0,626,
s447768209,p03209,u761815697,1571273031,C++,C++14 (GCC 5.4.1),cpp,Accepted,1.0,256.0,1356,
s903385352,p03209,u752074356,1571256324,C++,C++14 (GCC 5.4.1),cpp,Accepted,1.0,256.0,932,
s336851191,p03209,u183768769,1571189468,Python,Python (3.4.3),py,Accepted,17.0,3060.0,439,
s094437274,p03209,u167604613,1571115121,C++,C++14 (GCC 5.4.1),cpp,Accepted,1.0,256.0,744,
s941549276,p03209,u947304300,1571078699,C++,C++14 (GCC 5.4.1),cpp,Accepted,1.0,384.0,1365,
s375511133,p03209,u412550879,1571073573,C++,C++14 (GCC 5.4.1),cpp,Accepted,1.0,256.0,1168,
s064195081,p03209,u455309216,1571065391,C++,C++14 (GCC 5.4.1),cpp,Accepted,1.0,256.0,788,
s760419132,p03209,u403301154,1571034835,C++,C++14 (GCC 5.4.1),cpp,Accepted,1.0,256.0,817,
s545800524,p03209,u591914971,1571028247,C++,C++14 (Clang 3.8.0),cpp,Accepted,1.0,256.0,767,
s607831877,p03209,u184335045,1571005051,C++,C++14 (GCC 5.4.1),cpp,Accepted,1.0,256.0,1002,
s773014681,p03209,u268181283,1571003298,Python,Python (3.4.3),py,Accepted,18.0,3064.0,336,
s357035680,p03209,u556276145,1570988258,C++,C++14 (GCC 5.4.1),cpp,Accepted,1.0,256.0,1585,
s625581176,p03209,u373958718,1570945423,C++,C++14 (GCC 5.4.1),cpp,Accepted,1.0,256.0,5936,
s403040730,p03209,u879436400,1570908307,C++,C++14 (GCC 5.4.1),cpp,Accepted,1.0,256.0,858,
s652189403,p03209,u781095600,1570902498,C++,C++14 (GCC 5.4.1),cpp,Accepted,1.0,256.0,588,
s723898628,p03209,u813174766,1570901589,C++,C++14 (GCC 5.4.1),cpp,Accepted,1.0,256.0,869,
s478256707,p03209,u777068250,1570838096,C++,C++14 (GCC 5.4.1),cpp,Accepted,1.0,256.0,539,
s986992153,p03209,u503283842,1570834797,C++,C++14 (GCC 5.4.1),cpp,Accepted,1.0,256.0,531,
s604152363,p03209,u146975530,1570834140,C++,C++14 (GCC 5.4.1),cpp,Accepted,1.0,256.0,1765,
s565913309,p03209,u174603263,1570833220,Python,Python (3.4.3),py,Accepted,40.0,5148.0,1014,
s954564988,p03209,u026620445,1570815747,C++,C++14 (GCC 5.4.1),cpp,Accepted,1.0,256.0,1712,
s539380934,p03209,u633402865,1570764002,C++,C++14 (GCC 5.4.1),cpp,Accepted,1.0,256.0,553,
s020119590,p03209,u673823726,1570746846,C++,C++14 (GCC 5.4.1),cpp,Accepted,1.0,256.0,931,
s362344680,p03209,u600896094,1570729972,C++,C++14 (GCC 5.4.1),cpp,Accepted,1.0,256.0,1258,
s383837440,p03209,u600896094,1570729119,C++,C++14 (GCC 5.4.1),cpp,Accepted,1.0,256.0,1370,
s174797289,p03209,u139300044,1570682677,C++,C++14 (GCC 5.4.1),cpp,Accepted,1.0,256.0,619,
s759073438,p03209,u226108478,1570674690,Python,Python (3.4.3),py,Accepted,17.0,3060.0,1922,
s179771882,p03209,u691896522,1570659375,Python,Python (3.4.3),py,Accepted,18.0,3064.0,326,
s888485528,p03209,u672220554,1570655324,Python,Python (3.4.3),py,Accepted,17.0,3064.0,488,
s923936180,p03209,u753615299,1570635134,C++,C++14 (GCC 5.4.1),cpp,Accepted,1.0,256.0,687,
s129180739,p03209,u962104148,1570582616,C++,C++14 (GCC 5.4.1),cpp,Accepted,1.0,256.0,859,
s867447313,p03209,u390618988,1570506860,Python,PyPy3 (2.4.0),py,Accepted,165.0,38256.0,549,
s960186048,p03209,u768334187,1570495054,C++,C++14 (GCC 5.4.1),cpp,Accepted,1.0,256.0,1831,
s080396016,p03209,u131340563,1570485472,C++,C++14 (GCC 5.4.1),cpp,Accepted,1.0,256.0,953,
s643215973,p03209,u471212175,1570478258,C++,C++14 (GCC 5.4.1),cpp,Accepted,1.0,256.0,1254,
s064570461,p03209,u061071198,1570475635,C++,C++14 (GCC 5.4.1),cpp,Accepted,1.0,256.0,4565,
s124483090,p03209,u978178314,1570475094,Python,Python (3.4.3),py,Accepted,19.0,3188.0,550,
s554236315,p03209,u819710930,1570471974,Python,Python (3.4.3),py,Accepted,18.0,3064.0,252,
s614507859,p03209,u120564432,1570467098,C++,C++ (GCC 5.4.1),cpp,Accepted,1.0,256.0,915,
s024178502,p03209,u014967455,1570438982,C++,C++14 (GCC 5.4.1),cpp,Accepted,1.0,256.0,1462,
s397714945,p03209,u828388155,1570418258,C++,C++14 (GCC 5.4.1),cpp,Accepted,1.0,256.0,1108,
s485093101,p03209,u692746605,1570312463,Python,Python (3.4.3),py,Accepted,17.0,3064.0,356,
s646324710,p03209,u314008046,1570311969,C++,C++14 (GCC 5.4.1),cpp,Accepted,1.0,256.0,1066,
s311400510,p03209,u539517139,1570309086,Python,Python (3.4.3),py,Accepted,17.0,3064.0,353,
s133849045,p03209,u618649215,1570302280,C++,C++14 (GCC 5.4.1),cpp,Accepted,1.0,256.0,614,
s620329734,p03209,u327687161,1570297517,C++,C++14 (Clang 3.8.0),cpp,Accepted,1.0,256.0,1242,
s122411450,p03209,u780962115,1570247406,Python,Python (3.4.3),py,Accepted,19.0,3064.0,443,
s694853896,p03209,u095453583,1570238806,C++,C++14 (GCC 5.4.1),cpp,Accepted,1.0,256.0,1901,
s052288710,p03209,u612271542,1570236961,C++,C++14 (GCC 5.4.1),cpp,Accepted,1.0,256.0,2778,
s023959889,p03209,u177143886,1570152529,C++,C++14 (GCC 5.4.1),cpp,Accepted,1.0,256.0,4170,
s712920747,p03209,u172873334,1570143530,C++,C++14 (GCC 5.4.1),cpp,Accepted,1.0,256.0,8545,
s041919193,p03209,u954976049,1570117642,C++,C++14 (GCC 5.4.1),cpp,Accepted,1.0,256.0,590,
s945733971,p03209,u094155508,1570070024,C++,C++14 (Clang 3.8.0),cpp,Accepted,7.0,888.0,899,
s918915916,p03209,u882620594,1570050284,C++,C++14 (GCC 5.4.1),cpp,Accepted,1.0,256.0,690,
s374189002,p03209,u668191971,1570032950,C++,C++14 (GCC 5.4.1),cpp,Accepted,1.0,256.0,986,
s680255454,p03209,u324549724,1570032925,C++,C++14 (GCC 5.4.1),cpp,Accepted,1.0,256.0,1137,
s315863888,p03209,u457790148,1569989244,C++,C++14 (GCC 5.4.1),cpp,Accepted,1.0,256.0,1191,
s461111945,p03209,u182321487,1569986463,C++,C++14 (GCC 5.4.1),cpp,Accepted,1.0,256.0,885,
s996133160,p03209,u158778550,1569980225,Python,PyPy3 (2.4.0),py,Accepted,179.0,38256.0,650,
s806320368,p03209,u225581241,1569979354,C++,C++14 (GCC 5.4.1),cpp,Accepted,1.0,256.0,1843,
s483642823,p03209,u946090308,1569976973,C++,C++14 (GCC 5.4.1),cpp,Accepted,1.0,256.0,889,
s923012237,p03209,u076917070,1569972458,Python,Python (3.4.3),py,Accepted,17.0,3064.0,488,
s057569341,p03209,u076917070,1569971536,Python,Python (3.4.3),py,Accepted,17.0,3064.0,755,
s689029773,p03209,u318334550,1569922534,C++,C++14 (GCC 5.4.1),cpp,Accepted,1.0,256.0,570,
s686097046,p03209,u798818115,1569896167,Python,Python (3.4.3),py,Accepted,18.0,3064.0,543,
s236323036,p03209,u744305661,1569814004,C++,C++14 (GCC 5.4.1),cpp,Accepted,1.0,256.0,723,
s304921496,p03209,u921773161,1569691138,Python,Python (3.4.3),py,Accepted,17.0,3064.0,508,
s152845757,p03209,u219331338,1569685242,Python,Python (3.4.3),py,Accepted,18.0,3064.0,670,
s315513565,p03209,u133886644,1569647304,Python,Python (3.4.3),py,Accepted,25.0,3444.0,809,
s645808798,p03209,u030848580,1569640176,C++,C++14 (GCC 5.4.1),cpp,Accepted,1.0,256.0,860,
s490904578,p03209,u994988729,1569626848,Python,Python (3.4.3),py,Accepted,17.0,3064.0,451,
s582498635,p03209,u994988729,1569626398,Python,Python (3.4.3),py,Accepted,157.0,12488.0,565,
s899972318,p03209,u399987025,1569618680,C++,C++14 (GCC 5.4.1),cpp,Accepted,1.0,256.0,637,
s940102728,p03209,u898967808,1569549560,Python,Python (3.4.3),py,Accepted,17.0,3064.0,363,
s779702609,p03209,u335667012,1569528004,C++,C++14 (GCC 5.4.1),cpp,Accepted,1.0,256.0,981,
s849355150,p03209,u680707192,1569520638,C++,C++14 (GCC 5.4.1),cpp,Accepted,1.0,256.0,855,
s179708311,p03209,u371149954,1569510291,C++,C++14 (GCC 5.4.1),cpp,Accepted,1.0,256.0,692,
s902439223,p03209,u931819817,1569468643,C++,C++14 (GCC 5.4.1),cpp,Accepted,1.0,128.0,854,
s827525764,p03209,u480138356,1569468491,Python,Python (3.4.3),py,Accepted,20.0,3064.0,1195,
s398101298,p03209,u037430802,1569462461,Python,Python (3.4.3),py,Accepted,17.0,3064.0,852,
s944330757,p03209,u694859623,1569459516,C++,C++14 (GCC 5.4.1),cpp,Accepted,1.0,256.0,812,
s595387079,p03209,u498620941,1569459234,Python,Python (3.4.3),py,Accepted,18.0,3064.0,588,
s558992090,p03209,u689844566,1569376564,C++,C++14 (GCC 5.4.1),cpp,Accepted,1.0,256.0,763,
s357523983,p03209,u104057163,1569358861,C++,C++14 (GCC 5.4.1),cpp,Accepted,1.0,256.0,985,
s378073915,p03209,u296150111,1569349175,Python,Python (3.4.3),py,Accepted,18.0,3064.0,260,
s699931004,p03209,u698883164,1569338075,C++,C++14 (GCC 5.4.1),cpp,Accepted,1.0,256.0,1299,
s899899789,p03209,u526894223,1569304865,C++,C++14 (GCC 5.4.1),cpp,Accepted,1.0,256.0,653,
s285703266,p03209,u325282913,1569303322,Python,Python (3.4.3),py,Accepted,17.0,3064.0,470,
s806523052,p03209,u731368968,1569300222,Python,Python (3.4.3),py,Accepted,19.0,3060.0,320,
s726561988,p03209,u759721333,1569298936,C++,C++14 (GCC 5.4.1),cpp,Accepted,1.0,256.0,684,
s797213641,p03209,u970899068,1569282552,Python,PyPy3 (2.4.0),py,Accepted,174.0,38384.0,312,
s031497620,p03209,u009348313,1569274844,Python,PyPy3 (2.4.0),py,Accepted,181.0,38384.0,517,
s927442488,p03209,u336624604,1569263731,Python,Python (3.4.3),py,Accepted,18.0,3064.0,400,
s133288862,p03209,u678146855,1569211648,C++,C++14 (GCC 5.4.1),cpp,Accepted,1.0,256.0,2294,
s425518447,p03209,u412164358,1569189373,C++,C++14 (GCC 5.4.1),cpp,Accepted,1.0,256.0,2434,
s651227102,p03209,u442030035,1569176030,C++,C++14 (GCC 5.4.1),cpp,Accepted,1.0,256.0,1958,
s443477071,p03209,u614217744,1569169714,C++,C++14 (GCC 5.4.1),cpp,Accepted,1.0,256.0,680,
s043512597,p03209,u318334550,1569157619,C++,C++14 (GCC 5.4.1),cpp,Accepted,1.0,256.0,547,
s213599851,p03209,u752907799,1569152462,Python,Python (3.4.3),py,Accepted,17.0,3060.0,273,
s191514627,p03209,u752907799,1569152431,Python,PyPy3 (2.4.0),py,Accepted,183.0,38256.0,273,
s319406393,p03209,u318334550,1569133292,C++,C++14 (GCC 5.4.1),cpp,Accepted,1.0,256.0,512,
s910930768,p03209,u318334550,1569132747,C++,C++14 (GCC 5.4.1),cpp,Accepted,1.0,256.0,625,
s909800661,p03209,u705230587,1569119499,C++,C++14 (GCC 5.4.1),cpp,Accepted,1.0,256.0,524,
s251654863,p03209,u231261695,1569112577,Python,Python (3.4.3),py,Accepted,18.0,3064.0,307,
s619629159,p03209,u086056891,1569106593,Python,Python (3.4.3),py,Accepted,17.0,3064.0,309,
s892470563,p03209,u716530146,1569095699,Python,Python (3.4.3),py,Accepted,18.0,3064.0,425,
s525338604,p03209,u747390421,1569032253,C++,C++14 (GCC 5.4.1),cpp,Accepted,1.0,256.0,458,
s818552328,p03209,u761529120,1569030286,Python,PyPy3 (2.4.0),py,Accepted,169.0,38256.0,395,
s843968848,p03209,u670180528,1569023855,Python,Python (3.4.3),py,Accepted,18.0,3064.0,261,
s202571426,p03209,u625963200,1568967435,Python,Python (3.4.3),py,Accepted,17.0,3064.0,260,
s886622451,p03209,u687044304,1568948851,Python,Python (3.4.3),py,Accepted,18.0,3064.0,3201,
s422963045,p03209,u525065967,1568935408,C++,C++14 (GCC 5.4.1),cpp,Accepted,1.0,256.0,389,
s184173418,p03209,u525065967,1568934657,C++,C++14 (GCC 5.4.1),cpp,Accepted,1.0,256.0,385,
s034320795,p03209,u525065967,1568933768,C++,C++14 (GCC 5.4.1),cpp,Accepted,1.0,256.0,440,
s765707236,p03209,u525065967,1568933197,C++,C++14 (GCC 5.4.1),cpp,Accepted,1.0,256.0,616,
s073798211,p03209,u365512540,1568923756,C++,C++14 (GCC 5.4.1),cpp,Accepted,3.0,512.0,2111,
s462300296,p03209,u934788990,1568901746,Python,Python (3.4.3),py,Accepted,17.0,3064.0,312,
s721749224,p03209,u332657092,1568829131,Python,PyPy3 (2.4.0),py,Accepted,170.0,38384.0,370,
s734645145,p03209,u086355897,1568818621,C++,C++14 (GCC 5.4.1),cpp,Accepted,1.0,256.0,1159,
s502773144,p03209,u063131621,1568774972,C++,C++14 (GCC 5.4.1),cpp,Accepted,1.0,256.0,1173,
s576220970,p03209,u073852194,1568773530,Python,Python (3.4.3),py,Accepted,18.0,3064.0,453,
s241672850,p03209,u033606236,1568738447,Python,Python (3.4.3),py,Accepted,17.0,3064.0,312,
s759490444,p03209,u644907318,1568726388,Python,Python (3.4.3),py,Accepted,17.0,3064.0,445,
s425560366,p03209,u338791285,1568700946,C++,C++14 (GCC 5.4.1),cpp,Accepted,1.0,256.0,817,
s944145667,p03209,u970690920,1568698140,C++,C++14 (GCC 5.4.1),cpp,Accepted,1.0,256.0,415,
s762384020,p03209,u891635666,1568682298,Python,Python (3.4.3),py,Accepted,18.0,3064.0,437,
s088620319,p03209,u091051505,1568678304,Python,Python (3.4.3),py,Accepted,18.0,3064.0,329,
s106914684,p03209,u141610915,1568669481,Python,Python (3.4.3),py,Accepted,17.0,3064.0,323,
s120704745,p03209,u652420316,1568665901,C++,C++14 (GCC 5.4.1),cpp,Accepted,1.0,256.0,1326,
s567158233,p03209,u324303263,1568659259,C++,C++14 (GCC 5.4.1),cpp,Accepted,1.0,256.0,2117,
s763054907,p03209,u432688695,1568580564,C++,C++14 (GCC 5.4.1),cpp,Accepted,1.0,256.0,1145,
s037633087,p03209,u504562455,1568580508,Python,Python (3.4.3),py,Accepted,18.0,3064.0,656,
s311607764,p03209,u019780057,1568575733,C++,C++14 (GCC 5.4.1),cpp,Accepted,1.0,256.0,1190,
s994494789,p03209,u244626757,1568567757,C++,C++14 (GCC 5.4.1),cpp,Accepted,1.0,256.0,592,
s456623501,p03209,u468440945,1568499362,C++,C++14 (GCC 5.4.1),cpp,Accepted,1.0,256.0,1426,
s664262468,p03209,u708255304,1568426260,Python,Python (3.4.3),py,Accepted,17.0,3064.0,976,
s724775137,p03209,u111365362,1568402318,Python,Python (3.4.3),py,Accepted,17.0,3064.0,526,
s850043150,p03209,u947304300,1568388009,C++,C++14 (GCC 5.4.1),cpp,Accepted,1.0,256.0,1070,
s758431243,p03209,u215268883,1568357592,C++,C++14 (GCC 5.4.1),cpp,Accepted,1.0,256.0,764,
s600574212,p03209,u215268883,1568357414,C++,C++14 (GCC 5.4.1),cpp,Accepted,1.0,256.0,831,
s323831232,p03209,u947304300,1568346288,C++,C++14 (GCC 5.4.1),cpp,Accepted,3.0,256.0,1599,
s450420998,p03209,u569690172,1568342587,C++,C++14 (GCC 5.4.1),cpp,Accepted,1.0,256.0,1142,
s857330423,p03209,u235231201,1568338216,C++,C++14 (GCC 5.4.1),cpp,Accepted,1.0,256.0,674,
s764689117,p03209,u275786410,1568335404,C++,C++14 (GCC 5.4.1),cpp,Accepted,1.0,256.0,496,
s774650779,p03209,u957513998,1568267536,Python,Python (3.4.3),py,Accepted,18.0,3064.0,481,
s206052031,p03209,u735089337,1568263657,C++,C++14 (GCC 5.4.1),cpp,Accepted,1.0,256.0,970,
s480326951,p03209,u858107870,1568257906,C++,C++14 (GCC 5.4.1),cpp,Accepted,1.0,256.0,1264,
s321058394,p03209,u698176039,1568238896,Python,Python (3.4.3),py,Accepted,17.0,3064.0,351,
s704872055,p03209,u337054478,1568216181,C++,C++14 (GCC 5.4.1),cpp,Accepted,1.0,256.0,1838,
s127080317,p03209,u153390822,1568181506,C++,C++14 (GCC 5.4.1),cpp,Accepted,1.0,256.0,1163,
s210379186,p03209,u963903527,1568179337,C++,C++14 (GCC 5.4.1),cpp,Accepted,1.0,256.0,650,
s847745041,p03209,u476604182,1568171788,Python,Python (3.4.3),py,Accepted,17.0,3064.0,352,
s483387035,p03209,u476604182,1568171453,Python,Python (3.4.3),py,Accepted,17.0,3064.0,480,
s713684998,p03209,u054501336,1568144061,C++,C++14 (GCC 5.4.1),cpp,Accepted,1.0,256.0,1171,
s877725028,p03209,u466331465,1568138829,Python,Python (3.4.3),py,Accepted,17.0,3064.0,272,
s647397212,p03209,u488352661,1568126483,C++,C++14 (GCC 5.4.1),cpp,Accepted,1.0,256.0,729,
s799195441,p03209,u116002573,1568084896,Python,Python (3.4.3),py,Accepted,17.0,3064.0,590,
s566704370,p03209,u898167769,1568071967,C++,C++14 (GCC 5.4.1),cpp,Accepted,1.0,256.0,2466,
s575542019,p03209,u167681750,1568067913,Python,Python (3.4.3),py,Accepted,17.0,3064.0,361,
s665570304,p03209,u366398972,1568059534,C++,C++14 (GCC 5.4.1),cpp,Accepted,1.0,256.0,850,
s689297791,p03209,u360116509,1568051862,Python,Python (3.4.3),py,Accepted,17.0,3064.0,497,
s303427666,p03209,u033620890,1568044514,C++,C++14 (GCC 5.4.1),cpp,Accepted,2.0,256.0,1005,
s391049088,p03209,u016128476,1568003919,Python,Python (3.4.3),py,Accepted,18.0,3064.0,526,
s847821923,p03209,u313766957,1568000568,C++,C++14 (GCC 5.4.1),cpp,Accepted,1.0,256.0,635,
s928751760,p03209,u386119132,1568000101,C++,C++14 (GCC 5.4.1),cpp,Accepted,1.0,256.0,810,
s863045146,p03209,u074372598,1567991309,C++,C++14 (Clang 3.8.0),cpp,Accepted,1.0,256.0,1401,
s321074611,p03209,u187597169,1567988690,C++,C++14 (GCC 5.4.1),cpp,Accepted,1.0,256.0,1368,
s557731538,p03209,u508486691,1567982719,Python,PyPy3 (2.4.0),py,Accepted,175.0,38384.0,981,
s691814928,p03209,u166378830,1567950900,C++,C++14 (GCC 5.4.1),cpp,Accepted,1.0,256.0,693,
s189858337,p03209,u806159048,1567898272,C++,C++14 (GCC 5.4.1),cpp,Accepted,1.0,256.0,691,
s817700678,p03209,u272496669,1567888822,C++,C++14 (GCC 5.4.1),cpp,Accepted,2.0,380.0,2496,
s063258864,p03209,u528720841,1567882712,C++,C++14 (GCC 5.4.1),cpp,Accepted,1.0,256.0,1775,
s135550884,p03209,u844005364,1567865208,C++,C++14 (GCC 5.4.1),cpp,Accepted,1.0,256.0,549,
s164681383,p03209,u160754729,1567857482,C++,C++14 (GCC 5.4.1),cpp,Accepted,1.0,256.0,886,
s311412142,p03209,u928536113,1567842531,C++,C++14 (GCC 5.4.1),cpp,Accepted,1.0,256.0,724,
s600805535,p03209,u392294962,1567828119,C++,C++ (GCC 5.4.1),cpp,Accepted,1.0,256.0,629,
s154783906,p03209,u835924161,1567820497,C++,C++14 (GCC 5.4.1),cpp,Accepted,2.0,1024.0,2687,
s312532006,p03209,u835924161,1567820442,C++,C++14 (GCC 5.4.1),cpp,Accepted,2.0,1024.0,2678,
s318632729,p03209,u614063956,1567813972,C++,C++14 (GCC 5.4.1),cpp,Accepted,1.0,256.0,1001,
s123780605,p03209,u539199630,1567802389,C++,C++14 (GCC 5.4.1),cpp,Accepted,1.0,256.0,826,
s982183599,p03209,u108540384,1567786283,C++,C++14 (GCC 5.4.1),cpp,Accepted,1.0,256.0,696,
s568447583,p03209,u440566786,1567781639,Python,PyPy3 (2.4.0),py,Accepted,170.0,38384.0,495,
s015195701,p03209,u599547273,1567770294,Python,Python (3.4.3),py,Accepted,18.0,3064.0,439,
s021953799,p03209,u288087195,1567739321,C++,C++14 (GCC 5.4.1),cpp,Accepted,1.0,256.0,1028,
s676434364,p03209,u445401544,1567736668,C++,C++14 (GCC 5.4.1),cpp,Accepted,1.0,256.0,802,
s868095775,p03209,u777137418,1567712614,C++,C++14 (GCC 5.4.1),cpp,Accepted,1.0,256.0,1226,
s955984588,p03209,u899645116,1567654056,C++,C++14 (GCC 5.4.1),cpp,Accepted,1.0,256.0,1046,
s696143211,p03209,u669551866,1567647092,C++,C++14 (GCC 5.4.1),cpp,Accepted,1.0,256.0,11497,
s279023647,p03209,u792670114,1567641204,Python,Python (3.4.3),py,Accepted,18.0,3064.0,449,
s097002756,p03209,u844005364,1567619540,C++,C++14 (GCC 5.4.1),cpp,Accepted,1.0,256.0,681,
s357302735,p03209,u824905100,1567563224,C++,C++14 (GCC 5.4.1),cpp,Accepted,1.0,256.0,6691,
s807565527,p03209,u263715385,1567555291,C++,C++14 (GCC 5.4.1),cpp,Accepted,1.0,256.0,1606,
s244984918,p03209,u675757825,1567548456,C++,C++14 (Clang 3.8.0),cpp,Accepted,1.0,256.0,449,
s739949429,p03209,u681917640,1567545901,Python,Python (3.4.3),py,Accepted,20.0,3060.0,537,
s418308591,p03209,u499381410,1567543639,Python,PyPy3 (2.4.0),py,Accepted,184.0,39024.0,1115,
s347763394,p03209,u170077602,1567542899,Python,Python (3.4.3),py,Accepted,17.0,3064.0,762,
s467502267,p03209,u036340997,1567523811,Python,Python (3.4.3),py,Accepted,17.0,3064.0,640,
s057055113,p03209,u494058663,1567485223,Python,Python (3.4.3),py,Accepted,17.0,3064.0,323,
s396466926,p03209,u556225812,1567451611,Python,Python (3.4.3),py,Accepted,17.0,3064.0,304,
s700534037,p03209,u077291787,1567385981,Python,Python (3.4.3),py,Accepted,17.0,3064.0,476,
s209986150,p03209,u463697306,1567376623,C++,C++14 (GCC 5.4.1),cpp,Accepted,2.0,256.0,916,
s250380182,p03209,u904123392,1567336149,C++,C++14 (GCC 5.4.1),cpp,Accepted,1.0,256.0,581,
s987604136,p03209,u067237725,1567288229,C++,C++14 (GCC 5.4.1),cpp,Accepted,1.0,256.0,943,
s946752286,p03209,u585670083,1567277650,C++,C++14 (Clang 3.8.0),cpp,Accepted,2.0,384.0,1932,
s831905318,p03209,u543954314,1567266100,Python,Python (3.4.3),py,Accepted,18.0,3064.0,439,
s895797025,p03209,u043443359,1567255173,C++,C++14 (GCC 5.4.1),cpp,Accepted,1.0,256.0,6257,
s804396901,p03209,u352248517,1567202836,C++,C++14 (GCC 5.4.1),cpp,Accepted,1.0,256.0,675,
s819605440,p03209,u918601425,1567191735,Python,Python (3.4.3),py,Accepted,18.0,3064.0,245,
s450877112,p03209,u980322611,1567133322,Python,PyPy3 (2.4.0),py,Accepted,173.0,38256.0,655,
s243680127,p03209,u062459048,1567131024,Python,Python (3.4.3),py,Accepted,17.0,3064.0,483,
s635011783,p03209,u271934630,1567105117,Python,PyPy3 (2.4.0),py,Accepted,169.0,38384.0,300,
s765868659,p03209,u775013393,1567094656,C++,C++14 (GCC 5.4.1),cpp,Accepted,1.0,256.0,1223,
s236036547,p03209,u245916049,1567083108,C++,C++14 (GCC 5.4.1),cpp,Accepted,3.0,384.0,510,
s806077207,p03209,u839397805,1567058836,C++,C++14 (GCC 5.4.1),cpp,Accepted,1.0,256.0,642,
s324348592,p03209,u946322619,1567021170,C++,C++14 (GCC 5.4.1),cpp,Accepted,1.0,256.0,548,
s794176948,p03209,u385617244,1567015316,C++,C++14 (GCC 5.4.1),cpp,Accepted,1.0,256.0,17733,
s938970632,p03209,u893063840,1566995424,Python,Python (3.4.3),py,Accepted,17.0,3064.0,418,
s247664422,p03209,u088895504,1566969420,C++,C++14 (GCC 5.4.1),cpp,Accepted,1.0,256.0,542,
s235094184,p03209,u052332717,1566889185,C++,C++14 (GCC 5.4.1),cpp,Accepted,1.0,256.0,1820,
s146903391,p03209,u960698724,1566887666,C++,C++14 (GCC 5.4.1),cpp,Accepted,1.0,256.0,1204,
s530065859,p03209,u256464928,1566881572,Python,Python (3.4.3),py,Accepted,17.0,3064.0,249,
s265262338,p03209,u177411511,1566877600,Python,Python (3.4.3),py,Accepted,21.0,3316.0,491,
s679961008,p03209,u858107870,1566870340,C++,C++14 (GCC 5.4.1),cpp,Accepted,1.0,256.0,1264,
s645815556,p03209,u798316285,1566832073,Python,Python (3.4.3),py,Accepted,18.0,3064.0,249,
s672791875,p03209,u203033720,1566819782,C++,C++14 (GCC 5.4.1),cpp,Accepted,1.0,256.0,630,
s991472828,p03209,u493610446,1566785874,C++,C++14 (GCC 5.4.1),cpp,Accepted,1.0,256.0,1010,
s430740327,p03209,u518042385,1566750929,Python,Python (3.4.3),py,Accepted,19.0,3064.0,467,
s072523232,p03209,u591914971,1566740844,C++,C++14 (GCC 5.4.1),cpp,Accepted,1.0,256.0,700,
s974717491,p03209,u242679311,1566714242,C++,C++14 (GCC 5.4.1),cpp,Accepted,1.0,256.0,990,
s376878308,p03209,u654470292,1566694284,Python,PyPy3 (2.4.0),py,Accepted,193.0,38384.0,427,
s653033316,p03209,u678146855,1566685231,C++,C++14 (GCC 5.4.1),cpp,Accepted,1.0,256.0,839,
s006258959,p03209,u022832318,1566673958,C++,C++14 (GCC 5.4.1),cpp,Accepted,3.0,512.0,1302,
s254340631,p03209,u403800404,1566665826,C++,C++14 (GCC 5.4.1),cpp,Accepted,1.0,256.0,967,
s520849196,p03209,u477977638,1566617502,Python,Python (3.4.3),py,Accepted,17.0,3064.0,253,
s675277192,p03209,u431001086,1566601693,C++,C++14 (GCC 5.4.1),cpp,Accepted,1.0,256.0,1497,
s238372451,p03209,u105791541,1566577002,C++,C++14 (GCC 5.4.1),cpp,Accepted,1.0,256.0,1239,
s354983038,p03209,u408372746,1566563007,C++,C++14 (GCC 5.4.1),cpp,Accepted,1.0,256.0,553,
s162148481,p03209,u107077805,1566540150,C++,C++14 (GCC 5.4.1),cpp,Accepted,1.0,256.0,931,
s838962541,p03209,u021548497,1566531007,Python,Python (3.4.3),py,Accepted,20.0,3188.0,491,
s957356894,p03209,u386747769,1566529032,C++,C++14 (GCC 5.4.1),cpp,Accepted,1.0,256.0,901,
s894300512,p03209,u998251394,1566520351,C++,C++14 (GCC 5.4.1),cpp,Accepted,1.0,256.0,700,
s029831619,p03209,u591914971,1566508823,C++,C++14 (GCC 5.4.1),cpp,Accepted,1.0,256.0,683,
s244306220,p03209,u828766688,1566500037,Python,PyPy3 (2.4.0),py,Accepted,180.0,38384.0,789,
s861965008,p03209,u703503553,1566451144,C++,C++14 (GCC 5.4.1),cpp,Accepted,1.0,256.0,885,
s763450582,p03209,u025592199,1566421352,C++,C++14 (GCC 5.4.1),cpp,Accepted,1.0,256.0,704,
s995096152,p03209,u360515075,1566420892,Python,Python (3.4.3),py,Accepted,17.0,3064.0,408,
s055780188,p03209,u875291233,1566373226,Python,Python (3.4.3),py,Accepted,18.0,3064.0,707,
s185582000,p03209,u820262277,1566357139,C++,C++11 (GCC 4.8.1),cpp,Accepted,1.0,256.0,4282,
s831761409,p03209,u440312135,1566335369,C++,C++14 (GCC 5.4.1),cpp,Accepted,1.0,256.0,878,
s505271258,p03209,u822169805,1566327073,C++,C++14 (GCC 5.4.1),cpp,Accepted,1.0,256.0,786,
s141610607,p03209,u374531474,1566308581,Python,Python (3.4.3),py,Accepted,17.0,3064.0,553,
s085174812,p03209,u339937125,1566278255,C++,C++14 (GCC 5.4.1),cpp,Accepted,1.0,256.0,663,
s896577115,p03209,u600091079,1566275316,C++,C++14 (GCC 5.4.1),cpp,Accepted,1.0,256.0,2869,
s944986117,p03209,u848737670,1566274376,C++,C++14 (GCC 5.4.1),cpp,Accepted,1.0,256.0,477,
s201360309,p03209,u995725911,1566248200,C++,C++14 (GCC 5.4.1),cpp,Accepted,1.0,256.0,1306,
s727426981,p03209,u248670337,1566246804,Python,Python (3.4.3),py,Accepted,18.0,3064.0,270,
s192968967,p03209,u674342364,1566241121,C++,C++14 (GCC 5.4.1),cpp,Accepted,1.0,256.0,1683,
s890061483,p03209,u031986221,1566101189,C++,C++14 (GCC 5.4.1),cpp,Accepted,1.0,256.0,783,
s286419264,p03209,u706730549,1566089310,C++,C++14 (GCC 5.4.1),cpp,Accepted,1.0,256.0,1141,
s926392812,p03209,u530606147,1566066757,Python,Python (3.4.3),py,Accepted,18.0,3064.0,647,
s030386854,p03209,u353783395,1565965830,C++,C++14 (GCC 5.4.1),cpp,Accepted,2.0,256.0,679,
s793725236,p03209,u437638594,1565936303,Python,Python (3.4.3),py,Accepted,17.0,3064.0,457,
s070757120,p03209,u203033720,1565915062,C++,C++14 (GCC 5.4.1),cpp,Accepted,1.0,256.0,22235,
s124409785,p03209,u617822757,1565911061,C++,C++14 (GCC 5.4.1),cpp,Accepted,1.0,256.0,613,
s946312236,p03209,u223646582,1565908821,Python,Python (3.4.3),py,Accepted,18.0,3064.0,576,
s417616586,p03209,u231122239,1565894561,Python,Python (3.4.3),py,Accepted,19.0,3064.0,305,
s812409808,p03209,u855985627,1565836345,C++,C++14 (GCC 5.4.1),cpp,Accepted,1.0,256.0,666,
s022030414,p03209,u733814820,1565835878,Python,Python (3.4.3),py,Accepted,17.0,3060.0,529,
s235137356,p03209,u390193191,1565820121,C++,C++14 (GCC 5.4.1),cpp,Accepted,1.0,256.0,1134,
s470181770,p03209,u390193191,1565819936,C++,C++14 (GCC 5.4.1),cpp,Accepted,1.0,256.0,1172,
s561803357,p03209,u390193191,1565819826,C++,C++14 (GCC 5.4.1),cpp,Accepted,1.0,256.0,1108,
s038338994,p03209,u300866293,1565795491,C++,C++14 (GCC 5.4.1),cpp,Accepted,1.0,256.0,4542,
s955677722,p03209,u561443723,1565789032,C++,C++14 (GCC 5.4.1),cpp,Accepted,1.0,256.0,1342,
s079395384,p03209,u540433787,1565744558,C++,C++14 (GCC 5.4.1),cpp,Accepted,2.0,256.0,590,
s857567714,p03209,u333190709,1565740941,Python,Python (3.4.3),py,Accepted,22.0,3188.0,1327,
s704805628,p03209,u731706246,1565652691,C++,C++14 (GCC 5.4.1),cpp,Accepted,1.0,256.0,792,
s013962200,p03209,u052247353,1565639015,C++,C++14 (GCC 5.4.1),cpp,Accepted,1.0,256.0,1110,
s917049178,p03209,u052247353,1565635834,C++,C++14 (GCC 5.4.1),cpp,Accepted,2.0,256.0,1127,
s631339813,p03209,u472065247,1565618897,Python,Python (3.4.3),py,Accepted,17.0,3064.0,333,
s213154235,p03209,u242518667,1565579297,Python,Python (3.4.3),py,Accepted,17.0,3064.0,282,
s859308057,p03209,u093744128,1565547423,C++,C++14 (GCC 5.4.1),cpp,Accepted,1.0,256.0,459,
s997887952,p03209,u167681750,1565463279,Python,Python (3.4.3),py,Accepted,17.0,3064.0,424,
s489962029,p03209,u095029955,1565404161,C++,C++14 (GCC 5.4.1),cpp,Accepted,1.0,256.0,759,
s221573868,p03209,u736250852,1565402318,C++,C++14 (GCC 5.4.1),cpp,Accepted,1.0,256.0,1266,
s122698518,p03209,u564412651,1565361002,C++,C++14 (GCC 5.4.1),cpp,Accepted,1.0,256.0,1446,
s526460313,p03209,u677523557,1565278280,Python,Python (3.4.3),py,Accepted,18.0,3064.0,655,
s057821455,p03209,u143509139,1565269392,Python,Python (3.4.3),py,Accepted,17.0,3060.0,321,
s319054819,p03209,u859541564,1565245648,C++,C++14 (GCC 5.4.1),cpp,Accepted,1.0,256.0,1767,
s764067727,p03209,u324303263,1565225253,C++,C++14 (GCC 5.4.1),cpp,Accepted,1.0,256.0,2192,
s355052824,p03209,u170324846,1565185604,Python,PyPy3 (2.4.0),py,Accepted,170.0,38256.0,215,
s396919960,p03209,u583354994,1565144792,C++,C++14 (GCC 5.4.1),cpp,Accepted,3.0,256.0,619,
s200046616,p03209,u116670634,1565064063,C++,C++14 (GCC 5.4.1),cpp,Accepted,1.0,256.0,1670,
s873681874,p03209,u392423112,1565048366,C++,C++14 (GCC 5.4.1),cpp,Accepted,1.0,256.0,655,
s080806824,p03209,u571445182,1565001639,Python,Python (3.4.3),py,Accepted,18.0,3064.0,811,
s059241023,p03209,u135572611,1564987527,C++,C++14 (GCC 5.4.1),cpp,Accepted,1.0,256.0,9140,
s845041933,p03209,u135572611,1564985019,C++,C++14 (GCC 5.4.1),cpp,Accepted,1.0,256.0,8862,
s107543018,p03209,u111497285,1564944644,Python,Python (3.4.3),py,Accepted,20.0,3064.0,323,
s258487834,p03209,u828388155,1564938843,C++,C++14 (GCC 5.4.1),cpp,Accepted,1.0,256.0,844,
s370885088,p03209,u865741247,1564913035,Python,PyPy3 (2.4.0),py,Accepted,173.0,38384.0,537,
s017351714,p03209,u090994275,1564906793,C++,C++14 (GCC 5.4.1),cpp,Accepted,1.0,256.0,1412,
s258988361,p03209,u877476774,1564900009,C++,C++14 (GCC 5.4.1),cpp,Accepted,1.0,256.0,640,
s063247955,p03209,u533232830,1564890940,Python,Python (3.4.3),py,Accepted,17.0,3064.0,340,
s149510515,p03209,u167681750,1564884135,Python,Python (3.4.3),py,Accepted,18.0,3064.0,479,
s572399013,p03209,u679759899,1564866130,Python,Python (3.4.3),py,Accepted,18.0,3064.0,491,
s224531985,p03209,u988402778,1564864607,Python,Python (3.4.3),py,Accepted,20.0,3064.0,353,
s347843961,p03209,u988402778,1564863342,Python,Python (3.4.3),py,Accepted,42.0,5444.0,11560,
s346513647,p03209,u748241164,1564860953,Python,PyPy3 (2.4.0),py,Accepted,175.0,38384.0,326,
s149746231,p03209,u564902833,1564796843,Python,Python (3.4.3),py,Accepted,18.0,3060.0,303,
s104143775,p03209,u432551953,1564771186,Python,PyPy3 (2.4.0),py,Accepted,175.0,38384.0,658,
s032903021,p03209,u273834941,1564719207,C++,C++14 (Clang 3.8.0),cpp,Accepted,2.0,384.0,1229,
s093650755,p03209,u273834941,1564718485,C++,C++14 (Clang 3.8.0),cpp,Accepted,1.0,256.0,1231,
s514700716,p03209,u621104964,1564626203,C++,C++14 (Clang 3.8.0),cpp,Accepted,1.0,256.0,1035,
s565315813,p03209,u057109575,1564591361,Python,PyPy3 (2.4.0),py,Accepted,168.0,38384.0,354,
s129095881,p03209,u330913290,1564588890,C++,C++14 (GCC 5.4.1),cpp,Accepted,1.0,256.0,968,
s958034036,p03209,u854831509,1564529634,C++,C++14 (GCC 5.4.1),cpp,Accepted,1.0,256.0,474,
s763788605,p03209,u404244809,1564519826,C++,C++14 (GCC 5.4.1),cpp,Accepted,1.0,256.0,1907,
s283630855,p03209,u404244809,1564518316,C++,C++14 (GCC 5.4.1),cpp,Accepted,1.0,256.0,1787,
s614423826,p03209,u894950682,1564516326,C++,C++14 (GCC 5.4.1),cpp,Accepted,1.0,256.0,1320,
s321938505,p03209,u185690073,1564513581,C++,C++14 (GCC 5.4.1),cpp,Accepted,1.0,256.0,881,
s530749600,p03209,u504836877,1564457944,Python,Python (3.4.3),py,Accepted,18.0,3064.0,908,
s561194848,p03209,u339233484,1564445856,C++,C++14 (GCC 5.4.1),cpp,Accepted,1.0,256.0,995,
s620803176,p03209,u527058497,1564443533,C++,C++14 (GCC 5.4.1),cpp,Accepted,1.0,256.0,961,
s780306259,p03209,u550178285,1564358554,C++,C++14 (GCC 5.4.1),cpp,Accepted,2.0,512.0,576,
s350566531,p03209,u497422208,1564269650,C++,C++14 (GCC 5.4.1),cpp,Accepted,1.0,256.0,1100,
s046204580,p03209,u455757400,1564230019,C++,C++14 (GCC 5.4.1),cpp,Accepted,1.0,256.0,624,
s460291611,p03209,u455757400,1564229983,C++,C++14 (GCC 5.4.1),cpp,Accepted,1.0,256.0,663,
s435224352,p03209,u455757400,1564229937,C++,C++14 (GCC 5.4.1),cpp,Accepted,1.0,256.0,684,
s775163217,p03209,u455757400,1564229897,C++,C++14 (GCC 5.4.1),cpp,Accepted,1.0,256.0,706,
s665705922,p03209,u455757400,1564229619,C++,C++14 (GCC 5.4.1),cpp,Accepted,1.0,256.0,777,
s607032045,p03209,u594244257,1564167879,Python,Python (3.4.3),py,Accepted,17.0,3064.0,482,
s019804564,p03209,u432194969,1564101385,C++,C++14 (GCC 5.4.1),cpp,Accepted,1.0,256.0,837,
s355362644,p03209,u047816928,1564091374,Python,Python (3.4.3),py,Accepted,18.0,3064.0,258,
s402292865,p03209,u016531517,1564086255,C++,C++14 (GCC 5.4.1),cpp,Accepted,1.0,256.0,1315,
s123234659,p03209,u016531517,1564086204,C++,C++14 (GCC 5.4.1),cpp,Accepted,1.0,256.0,1239,
s673191530,p03209,u905270643,1564083676,C++,C++14 (GCC 5.4.1),cpp,Accepted,1.0,256.0,610,
s139210437,p03209,u628332144,1564079908,C++,C++14 (GCC 5.4.1),cpp,Accepted,1.0,256.0,1103,
s569022092,p03209,u494379309,1563988990,C++,C++14 (GCC 5.4.1),cpp,Accepted,1.0,256.0,1178,
s177271849,p03209,u391731808,1563937336,Python,Python (3.4.3),py,Accepted,18.0,3064.0,301,
s813158634,p03209,u263830634,1563935345,Python,Python (3.4.3),py,Accepted,18.0,3064.0,769,
s883886615,p03209,u231685196,1563918037,Python,Python (3.4.3),py,Accepted,149.0,12472.0,492,
s725389007,p03209,u163320134,1563909598,Python,Python (3.4.3),py,Accepted,18.0,3188.0,589,
s405883536,p03209,u968365254,1563747639,C++,C++14 (GCC 5.4.1),cpp,Accepted,1.0,256.0,568,
s895251092,p03209,u721316601,1563742675,Python,Python (3.4.3),py,Accepted,18.0,3064.0,436,
s860565458,p03209,u578938637,1563723994,C++,C++14 (Clang 3.8.0),cpp,Accepted,1.0,256.0,951,
s894670033,p03209,u001566280,1563652900,C++,C++14 (GCC 5.4.1),cpp,Accepted,1.0,256.0,1527,
s735395174,p03209,u010708243,1563646271,C++,C++14 (GCC 5.4.1),cpp,Accepted,1.0,256.0,1115,
s759127275,p03209,u251847465,1563639322,C++,C++14 (GCC 5.4.1),cpp,Accepted,1.0,256.0,732,
s134870015,p03209,u191874006,1563597041,Python,Python (3.4.3),py,Accepted,19.0,3064.0,707,
s149373145,p03209,u110464018,1563564611,C++,C++14 (GCC 5.4.1),cpp,Accepted,1.0,256.0,638,
s912649079,p03209,u293511800,1563552711,C++,C++14 (GCC 5.4.1),cpp,Accepted,1.0,256.0,609,
s143755139,p03209,u820225607,1563544249,C++,C++14 (GCC 5.4.1),cpp,Accepted,1.0,256.0,638,
s795212596,p03209,u870262604,1563480582,Python,Python (3.4.3),py,Accepted,18.0,3064.0,1037,
s708902638,p03209,u624923345,1563419699,C++,C++14 (GCC 5.4.1),cpp,Accepted,1.0,256.0,496,
s283499480,p03209,u562319622,1563413611,C++,C++14 (GCC 5.4.1),cpp,Accepted,1.0,256.0,779,
s147978297,p03209,u582848517,1563392714,C++,C++14 (GCC 5.4.1),cpp,Accepted,1.0,256.0,777,
s129900732,p03209,u756659922,1563336963,C++,C++14 (GCC 5.4.1),cpp,Accepted,1.0,256.0,383,
s744575071,p03209,u714724786,1563329931,C++,C++14 (GCC 5.4.1),cpp,Accepted,1.0,256.0,1141,
s881372188,p03209,u380772254,1563312916,Python,Python (3.4.3),py,Accepted,18.0,3060.0,352,
s922870970,p03209,u982755883,1563288647,C++,C++14 (GCC 5.4.1),cpp,Accepted,1.0,256.0,783,
s365315629,p03209,u191829404,1563251105,Python,Python (3.4.3),py,Accepted,24.0,3700.0,1439,
s360624746,p03209,u066369439,1563244549,C++,C++14 (GCC 5.4.1),cpp,Accepted,1.0,256.0,2376,
s719134301,p03209,u528005130,1563241270,C++,C++14 (GCC 5.4.1),cpp,Accepted,1.0,256.0,1061,
s578639036,p03209,u190018920,1563227688,C++,C++14 (GCC 5.4.1),cpp,Accepted,1.0,256.0,1006,
s290882805,p03209,u643495354,1563224282,Python,Python (3.4.3),py,Accepted,17.0,3064.0,479,
s647343040,p03209,u456333842,1563198944,C++,C++14 (GCC 5.4.1),cpp,Accepted,1.0,256.0,978,
s401579247,p03209,u456333842,1563156178,C++,C++14 (GCC 5.4.1),cpp,Accepted,1.0,256.0,1022,
s189313631,p03209,u121794232,1563147570,C++,C++14 (GCC 5.4.1),cpp,Accepted,1.0,256.0,889,
s588662929,p03209,u545674098,1563121631,C++,C++14 (GCC 5.4.1),cpp,Accepted,1.0,256.0,1063,
s778206068,p03209,u881647420,1563082310,C++,C++14 (GCC 5.4.1),cpp,Accepted,1.0,256.0,918,
s962010324,p03209,u869282786,1563076242,C++,C++14 (GCC 5.4.1),cpp,Accepted,1.0,256.0,862,
s944723073,p03209,u168578024,1563069166,C++,C++14 (GCC 5.4.1),cpp,Accepted,2.0,384.0,5822,
s047185323,p03209,u395676079,1563054000,C++,C++14 (GCC 5.4.1),cpp,Accepted,1.0,256.0,1004,
s243310819,p03209,u366959492,1563050197,Python,PyPy3 (2.4.0),py,Accepted,174.0,38384.0,321,
s390812565,p03209,u998251394,1563042850,C++,C++14 (GCC 5.4.1),cpp,Accepted,1.0,256.0,545,
s922123061,p03209,u620084012,1563006186,Python,PyPy3 (2.4.0),py,Accepted,164.0,38256.0,411,
s241194281,p03209,u065446124,1562993850,Python,Python (3.4.3),py,Accepted,17.0,3064.0,346,
s873696384,p03209,u130834452,1562968292,C++,C++14 (GCC 5.4.1),cpp,Accepted,1.0,256.0,1558,
s658862014,p03209,u839109522,1562904922,C++,C++14 (GCC 5.4.1),cpp,Accepted,1.0,256.0,682,
s666362472,p03209,u562935282,1562819536,Python,Python (3.4.3),py,Accepted,18.0,3064.0,528,
s681403384,p03209,u562935282,1562817889,Python,Python (3.4.3),py,Accepted,22.0,3444.0,693,
s529980392,p03209,u392319141,1562781824,Python,Python (3.4.3),py,Accepted,18.0,3064.0,896,
s730091767,p03209,u229596090,1562779935,C++,C++14 (GCC 5.4.1),cpp,Accepted,1.0,256.0,1011,
s493166062,p03209,u998251394,1562727121,C++,C++14 (GCC 5.4.1),cpp,Accepted,1.0,256.0,664,
s603033607,p03209,u936790121,1562720543,C++,C++14 (GCC 5.4.1),cpp,Accepted,3.0,512.0,2889,
s962533645,p03209,u102602414,1562689588,C++,C++14 (GCC 5.4.1),cpp,Accepted,1.0,256.0,936,
s331237672,p03209,u277153875,1562637611,C++,C++14 (GCC 5.4.1),cpp,Accepted,1.0,256.0,1496,
s536275407,p03209,u276796245,1562621938,C++,C++14 (GCC 5.4.1),cpp,Accepted,1.0,256.0,1135,
s030993097,p03209,u450832845,1562546871,C++,C++14 (GCC 5.4.1),cpp,Accepted,1.0,256.0,665,
s631051197,p03209,u854243627,1562546088,C++,C++14 (GCC 5.4.1),cpp,Accepted,5.0,764.0,849,
s936382914,p03209,u468262978,1562544642,C++,C++14 (GCC 5.4.1),cpp,Accepted,1.0,256.0,1299,
s755543912,p03209,u041513069,1562544600,C++,C++14 (GCC 5.4.1),cpp,Accepted,1.0,256.0,869,
s129106911,p03209,u611562941,1562531101,Python,Python (3.4.3),py,Accepted,17.0,3064.0,990,
s350894540,p03209,u756439833,1562526672,Python,PyPy3 (2.4.0),py,Accepted,175.0,38384.0,366,
s033219627,p03209,u969116807,1562476249,C++,C++14 (GCC 5.4.1),cpp,Accepted,1.0,256.0,1342,
s962215149,p03209,u203843959,1562471171,Python,Python (3.4.3),py,Accepted,17.0,3064.0,532,
s675234881,p03209,u372152025,1562467584,C++,C++14 (GCC 5.4.1),cpp,Accepted,1.0,256.0,1215,
s201230742,p03209,u910756197,1562443336,C++,C++14 (Clang 3.8.0),cpp,Accepted,12.0,888.0,707,
s419616165,p03209,u440032761,1562429943,C++,C++14 (GCC 5.4.1),cpp,Accepted,1.0,256.0,722,
s897276866,p03209,u216849520,1562428192,C++,C++14 (GCC 5.4.1),cpp,Accepted,1.0,256.0,746,
s523206162,p03209,u961846252,1562383090,C++,C++14 (GCC 5.4.1),cpp,Accepted,4.0,384.0,575,
s956253971,p03209,u151724181,1562366868,C++,C++14 (GCC 5.4.1),cpp,Accepted,1.0,256.0,869,
s144421840,p03209,u787456042,1562366783,Python,Python (3.4.3),py,Accepted,18.0,3064.0,621,
s428463083,p03209,u742504115,1562207019,C++,C++14 (GCC 5.4.1),cpp,Accepted,1.0,256.0,1235,
s380649912,p03209,u730946954,1562201883,C++,C++14 (GCC 5.4.1),cpp,Accepted,1.0,256.0,949,
s309068161,p03209,u265065462,1562184186,C++,C++14 (GCC 5.4.1),cpp,Accepted,1.0,256.0,1252,
s992382396,p03209,u608258653,1562177101,C++,C++14 (GCC 5.4.1),cpp,Accepted,3.0,256.0,806,
s275277466,p03209,u102602414,1562176275,C++,C++14 (GCC 5.4.1),cpp,Accepted,1.0,256.0,1591,
s137544217,p03209,u608258653,1562170204,C++,C++14 (GCC 5.4.1),cpp,Accepted,1.0,256.0,827,
s629629820,p03209,u731175398,1562162085,C++,C++14 (GCC 5.4.1),cpp,Accepted,1.0,256.0,534,
s820845121,p03209,u648138491,1562120217,C++,C++14 (GCC 5.4.1),cpp,Accepted,1.0,128.0,1118,
s848575425,p03209,u843175622,1562101500,C++,C++14 (GCC 5.4.1),cpp,Accepted,2.0,384.0,775,
s207685279,p03209,u222293734,1562027628,C++,C++14 (GCC 5.4.1),cpp,Accepted,1.0,256.0,2848,
s758394779,p03209,u018679195,1562008383,C++,C++14 (GCC 5.4.1),cpp,Accepted,1.0,256.0,506,
s173532050,p03209,u715750943,1562004059,C++,C++14 (GCC 5.4.1),cpp,Accepted,1.0,256.0,3198,
s913116085,p03209,u071692456,1561901094,C++,C++14 (GCC 5.4.1),cpp,Accepted,1.0,256.0,928,
s861410138,p03209,u949755084,1561852215,C++,C++14 (GCC 5.4.1),cpp,Accepted,1.0,256.0,552,
s983457877,p03209,u227379863,1561847148,C++,C++14 (GCC 5.4.1),cpp,Accepted,1.0,256.0,911,
s069758765,p03209,u370963542,1561824984,C++,C++14 (GCC 5.4.1),cpp,Accepted,1.0,256.0,1083,
s683917621,p03209,u147305315,1561820308,C++,C++14 (GCC 5.4.1),cpp,Accepted,1.0,256.0,1168,
s407646123,p03209,u102334466,1561761182,C++,C++14 (GCC 5.4.1),cpp,Accepted,1.0,256.0,659,
s691725182,p03209,u173511648,1561735980,C++,C++14 (GCC 5.4.1),cpp,Accepted,1.0,256.0,827,
s858124724,p03209,u758799884,1561697403,C++,C++14 (GCC 5.4.1),cpp,Accepted,1.0,256.0,1433,
s045338838,p03209,u774906517,1561697335,C++,C++14 (GCC 5.4.1),cpp,Accepted,1.0,256.0,1619,
s876439683,p03209,u943209603,1561683932,C++,C++14 (GCC 5.4.1),cpp,Accepted,1.0,256.0,889,
s198020955,p03209,u819300485,1561672711,C++,C++14 (GCC 5.4.1),cpp,Accepted,1.0,256.0,1358,
s908204568,p03209,u155416173,1561661021,C++,C++14 (GCC 5.4.1),cpp,Accepted,1.0,256.0,1599,
s101025999,p03209,u961528573,1561641782,C++,C++14 (GCC 5.4.1),cpp,Accepted,1.0,256.0,1039,
s988182105,p03209,u252348942,1561526170,C++,C++14 (GCC 5.4.1),cpp,Accepted,1.0,256.0,754,
s408816883,p03209,u623349537,1561508216,Python,Python (3.4.3),py,Accepted,19.0,3064.0,712,
s248440919,p03209,u276568758,1561437568,C++,C++14 (GCC 5.4.1),cpp,Accepted,1.0,256.0,1326,
s806211472,p03209,u150376070,1561425040,C++,C++14 (GCC 5.4.1),cpp,Accepted,1.0,256.0,1475,
s477414868,p03209,u712993629,1561414467,C++,C++14 (GCC 5.4.1),cpp,Accepted,1.0,256.0,5847,
s276737670,p03209,u992875223,1561336807,C++,C++14 (GCC 5.4.1),cpp,Accepted,1.0,256.0,716,
s626603055,p03209,u634159866,1561326651,Python,Python (3.4.3),py,Accepted,17.0,3064.0,400,
s944228814,p03209,u343523393,1561317910,Python,Python (3.4.3),py,Accepted,18.0,3064.0,346,
s264998325,p03209,u420202803,1561263686,C++,C++14 (GCC 5.4.1),cpp,Accepted,1.0,256.0,637,
s682583946,p03209,u644070128,1561237160,C++,C++14 (GCC 5.4.1),cpp,Accepted,1.0,256.0,3892,
s471054079,p03209,u905268546,1561219364,Python,Python (3.4.3),py,Accepted,18.0,3064.0,352,
s917458691,p03209,u685009987,1561209273,C++,C++14 (GCC 5.4.1),cpp,Accepted,3.0,256.0,782,
s201003161,p03209,u066910956,1561183208,C++,C++14 (GCC 5.4.1),cpp,Accepted,1.0,256.0,947,
s529541144,p03209,u767543103,1561113305,C++,C++14 (GCC 5.4.1),cpp,Accepted,1.0,256.0,1229,
s797670247,p03209,u420202803,1561108185,C++,C++14 (GCC 5.4.1),cpp,Accepted,1.0,256.0,637,
s356151612,p03209,u588911593,1561085743,C++,C++14 (GCC 5.4.1),cpp,Accepted,1.0,256.0,919,
s902536304,p03209,u453235374,1561084217,C++,C++14 (GCC 5.4.1),cpp,Accepted,1.0,256.0,776,
s198036760,p03209,u024809932,1561081911,C++,C++14 (GCC 5.4.1),cpp,Accepted,1.0,256.0,616,
s823241074,p03209,u436045956,1560974620,C++,C++14 (GCC 5.4.1),cpp,Accepted,1.0,256.0,944,
s184804189,p03209,u052332717,1560973496,C++,C++14 (GCC 5.4.1),cpp,Accepted,1.0,256.0,1070,
s276048545,p03209,u803893892,1560953927,C++,C++14 (GCC 5.4.1),cpp,Accepted,1.0,256.0,569,
s721096152,p03209,u502389123,1560912707,Python,Python (3.4.3),py,Accepted,17.0,3064.0,310,
s647497783,p03209,u098968285,1560832678,Python,Python (3.4.3),py,Accepted,18.0,3064.0,599,
s496219663,p03209,u287988203,1560823322,C++,C++14 (GCC 5.4.1),cpp,Accepted,1.0,256.0,903,
s122934885,p03209,u555498801,1560813847,C++,C++14 (GCC 5.4.1),cpp,Accepted,1.0,256.0,1135,
s245366146,p03209,u170201762,1560804589,Python,PyPy3 (2.4.0),py,Accepted,171.0,38256.0,226,
s553898152,p03209,u170201762,1560804533,Python,Python (3.4.3),py,Accepted,17.0,3060.0,226,
s495554001,p03209,u348670055,1560785215,C++,C++14 (GCC 5.4.1),cpp,Accepted,1.0,256.0,877,
s909716540,p03209,u622523700,1560732961,Python,PyPy3 (2.4.0),py,Accepted,185.0,38384.0,370,
s023208049,p03209,u146594935,1560724824,C++,C++14 (GCC 5.4.1),cpp,Accepted,1.0,256.0,927,
s267888988,p03209,u305824645,1560717053,C++,C++14 (GCC 5.4.1),cpp,Accepted,1.0,256.0,772,
s872250229,p03209,u424955889,1560649457,C++,C++14 (GCC 5.4.1),cpp,Accepted,1.0,256.0,5494,
s161966530,p03209,u482187708,1560640053,C++,C++14 (GCC 5.4.1),cpp,Accepted,1.0,256.0,5494,
s397478119,p03209,u169848474,1560599776,C++,C++14 (GCC 5.4.1),cpp,Accepted,1.0,256.0,509,
s471197861,p03209,u334656323,1560570020,C++,C++14 (GCC 5.4.1),cpp,Accepted,1.0,256.0,6671,
s561427207,p03209,u074445770,1560569436,C++,C++14 (GCC 5.4.1),cpp,Accepted,1.0,256.0,1703,
s217916344,p03209,u076566148,1560568296,C++,C++14 (GCC 5.4.1),cpp,Accepted,1.0,256.0,701,
s208954968,p03209,u904123392,1560533972,C++,C++14 (GCC 5.4.1),cpp,Accepted,1.0,256.0,622,
s023817100,p03209,u575653048,1560529181,Python,Python (3.4.3),py,Accepted,18.0,3064.0,1005,
s689609013,p03209,u780842576,1560476605,C++,C++14 (GCC 5.4.1),cpp,Accepted,1.0,256.0,889,
s160686692,p03209,u018679195,1560476592,C++,C++14 (Clang 3.8.0),cpp,Accepted,8.0,888.0,889,
s840075922,p03209,u017271745,1560476310,C++,C++14 (GCC 5.4.1),cpp,Accepted,1.0,256.0,1056,
s007211141,p03209,u904123392,1560470989,C++,C++14 (GCC 5.4.1),cpp,Accepted,1.0,256.0,595,
s577554260,p03209,u100869561,1560470805,C++,C++14 (GCC 5.4.1),cpp,Accepted,3.0,384.0,624,
s509152601,p03209,u904123392,1560470511,C++,C++14 (GCC 5.4.1),cpp,Accepted,1.0,256.0,660,
s401531590,p03209,u047023156,1560467055,Python,Python (3.4.3),py,Accepted,18.0,3064.0,351,
s408203088,p03209,u790515578,1560466297,C++,C++14 (GCC 5.4.1),cpp,Accepted,1.0,256.0,722,
s959930458,p03209,u461573913,1560364996,C++,C++14 (GCC 5.4.1),cpp,Accepted,1.0,128.0,456,
s456225124,p03209,u083668616,1560363748,Python,PyPy3 (2.4.0),py,Accepted,168.0,38256.0,775,
s399963833,p03209,u331542638,1560305093,C++,C++14 (GCC 5.4.1),cpp,Accepted,1.0,256.0,3018,
s621452074,p03209,u969190727,1560303953,Python,Python (3.4.3),py,Accepted,17.0,3064.0,345,
s937690777,p03209,u790614328,1560277763,C++,C++14 (GCC 5.4.1),cpp,Accepted,1.0,256.0,678,
s404737515,p03209,u711340028,1560222461,C++,C++14 (GCC 5.4.1),cpp,Accepted,1.0,256.0,694,
s216424460,p03209,u703511577,1560205699,C++,C++14 (Clang 3.8.0),cpp,Accepted,1.0,256.0,825,
s542025308,p03209,u491550356,1560202258,C++,C++14 (GCC 5.4.1),cpp,Accepted,1.0,256.0,3071,
s394675047,p03209,u925940521,1560113379,C++,C++14 (GCC 5.4.1),cpp,Accepted,1.0,256.0,1677,
s249370650,p03209,u532966492,1560112790,Python,Python (3.4.3),py,Accepted,18.0,3064.0,523,
s710321581,p03209,u194385557,1560109882,C++,C++14 (Clang 3.8.0),cpp,Accepted,2.0,384.0,1276,
s490545167,p03209,u055148700,1560086481,C++,C++14 (GCC 5.4.1),cpp,Accepted,1.0,256.0,876,
s509363421,p03209,u616029737,1560043214,C++,C++14 (GCC 5.4.1),cpp,Accepted,1.0,256.0,608,
s450398819,p03209,u649915042,1560030345,C++,C++14 (GCC 5.4.1),cpp,Accepted,1.0,256.0,557,
s733348197,p03209,u773548422,1560029297,C++,C++14 (GCC 5.4.1),cpp,Accepted,1.0,256.0,754,
s109038489,p03209,u271469978,1560012152,Python,Python (3.4.3),py,Accepted,18.0,3064.0,421,
s849736791,p03209,u101264341,1559963030,C++,C++14 (GCC 5.4.1),cpp,Accepted,1.0,256.0,2215,
s026147788,p03209,u886633618,1559921976,Python,PyPy3 (2.4.0),py,Accepted,174.0,38256.0,619,
s444632764,p03209,u764600134,1559881284,Python,Python (3.4.3),py,Accepted,19.0,3064.0,770,
s399765245,p03209,u754651673,1559877957,C++,C++14 (GCC 5.4.1),cpp,Accepted,1.0,256.0,566,
s824836150,p03209,u623819879,1559859915,Python,PyPy3 (2.4.0),py,Accepted,174.0,38256.0,529,
s030177092,p03209,u076512055,1559772729,Python,Python (3.4.3),py,Accepted,18.0,3064.0,571,
s761904635,p03209,u485731913,1559763135,C++,C++14 (GCC 5.4.1),cpp,Accepted,1.0,256.0,1431,
s330988441,p03209,u520129469,1559758881,C++,C++14 (GCC 5.4.1),cpp,Accepted,1.0,256.0,1016,
s778398193,p03209,u804831318,1559738716,C++,C++14 (GCC 5.4.1),cpp,Accepted,1.0,256.0,721,
s654545693,p03209,u058252012,1559732360,C++,C++14 (GCC 5.4.1),cpp,Accepted,1.0,256.0,568,
s309083343,p03209,u967843578,1559663834,C++,C++14 (GCC 5.4.1),cpp,Accepted,1.0,256.0,1216,
s874570850,p03209,u167931717,1559653632,C++,C++14 (GCC 5.4.1),cpp,Accepted,1.0,256.0,7783,
s555377297,p03209,u111742294,1559615624,C++,C++14 (GCC 5.4.1),cpp,Accepted,1.0,256.0,1246,
s738660668,p03209,u111742294,1559615189,C++,C++14 (GCC 5.4.1),cpp,Accepted,1.0,256.0,991,
s983794198,p03209,u892438699,1559609838,C++,C++14 (GCC 5.4.1),cpp,Accepted,1.0,256.0,897,
s854321048,p03209,u892438699,1559609661,C++,C++14 (GCC 5.4.1),cpp,Accepted,2.0,256.0,886,
s391327038,p03209,u730731139,1559574169,C++,C++14 (GCC 5.4.1),cpp,Accepted,1.0,256.0,1775,
s743789172,p03209,u552357043,1559572081,Python,Python (3.4.3),py,Accepted,17.0,3064.0,377,
s068828076,p03209,u930841425,1559505661,C++,C++14 (GCC 5.4.1),cpp,Accepted,1.0,256.0,728,
s535340974,p03209,u362769442,1559454646,C++,C++14 (GCC 5.4.1),cpp,Accepted,1.0,256.0,589,
s631640569,p03209,u917282863,1559454434,C++,C++14 (GCC 5.4.1),cpp,Accepted,1.0,256.0,775,
s940111933,p03209,u214617707,1559400412,Python,Python (3.4.3),py,Accepted,18.0,3064.0,415,
s787751186,p03209,u788137651,1559355703,Python,Python (3.4.3),py,Accepted,17.0,3064.0,716,
s191684376,p03209,u751488284,1559352384,C++,C++14 (GCC 5.4.1),cpp,Accepted,1.0,256.0,1723,
s198035373,p03209,u168774513,1559315440,C++,C++14 (GCC 5.4.1),cpp,Accepted,1.0,256.0,522,
s037245242,p03209,u168774513,1559314744,C++,C++14 (GCC 5.4.1),cpp,Accepted,1.0,256.0,528,
s363340771,p03209,u177382472,1559312533,C++,C++14 (GCC 5.4.1),cpp,Accepted,1.0,256.0,1295,
s258528784,p03209,u443404767,1559276330,C++,C++14 (GCC 5.4.1),cpp,Accepted,1.0,256.0,718,
s125507196,p03209,u443404767,1559275396,C++,C++14 (GCC 5.4.1),cpp,Accepted,1.0,256.0,830,
s424062486,p03209,u551351897,1559270365,C++,C++14 (GCC 5.4.1),cpp,Accepted,1.0,256.0,1240,
s605422585,p03209,u133391510,1559251360,C++,C++14 (GCC 5.4.1),cpp,Accepted,1.0,256.0,555,
s340773965,p03209,u211160392,1559238253,Python,Python (3.4.3),py,Accepted,17.0,3064.0,421,
s858887964,p03209,u901615543,1559237256,C++,C++14 (GCC 5.4.1),cpp,Accepted,1.0,256.0,1291,
s751351034,p03209,u551909378,1559188913,Python,Python (3.4.3),py,Accepted,17.0,3064.0,442,
s326969637,p03209,u839270538,1559186229,Python,Python (3.4.3),py,Accepted,17.0,3064.0,610,
s969801948,p03209,u813102292,1559158954,Python,Python (3.4.3),py,Accepted,17.0,3064.0,572,
s941498147,p03209,u927253988,1559151238,C++,C++14 (GCC 5.4.1),cpp,Accepted,1.0,256.0,1459,
s014960407,p03209,u927253988,1559150991,C++,C++14 (GCC 5.4.1),cpp,Accepted,1.0,256.0,1476,
s869851715,p03209,u286309545,1559146199,C++,C++14 (GCC 5.4.1),cpp,Accepted,1.0,256.0,509,
s551986868,p03209,u131020584,1559104807,C++,C++14 (GCC 5.4.1),cpp,Accepted,1.0,256.0,1801,
s241429176,p03209,u900727536,1559095850,C++,C++14 (GCC 5.4.1),cpp,Accepted,1.0,256.0,6843,
s325860938,p03209,u802772880,1558998752,Python,Python (3.4.3),py,Accepted,17.0,3064.0,409,
s771884359,p03209,u802772880,1558998300,Python,Python (3.4.3),py,Accepted,18.0,3064.0,368,
s422290527,p03209,u235057691,1558916061,C++,C++14 (GCC 5.4.1),cpp,Accepted,1.0,256.0,893,
s198796332,p03209,u556225812,1558903135,Python,Python (3.4.3),py,Accepted,17.0,3064.0,319,
s706488086,p03209,u581187895,1558902177,Python,Python (3.4.3),py,Accepted,18.0,3064.0,410,
s513269484,p03209,u569778242,1558898170,C++,C++14 (GCC 5.4.1),cpp,Accepted,1.0,256.0,797,
s569095022,p03209,u569778242,1558896740,C++,C++14 (GCC 5.4.1),cpp,Accepted,1.0,256.0,915,
s631481181,p03209,u066651036,1558798005,C++,C++14 (GCC 5.4.1),cpp,Accepted,1.0,256.0,1261,
s202833348,p03209,u087418196,1558792356,C++,C++14 (GCC 5.4.1),cpp,Accepted,1.0,256.0,1038,
s304807459,p03209,u065188401,1558732128,Python,Python (3.4.3),py,Accepted,18.0,3064.0,479,
s311517796,p03209,u540491484,1558728410,C++,C++14 (GCC 5.4.1),cpp,Accepted,1.0,256.0,704,
s750673318,p03209,u206460435,1558686620,Python,Python (3.4.3),py,Accepted,38.0,5140.0,1005,
s284260263,p03209,u206460435,1558686576,Python,Python (3.4.3),py,Accepted,36.0,5252.0,1004,
s567769932,p03209,u206460435,1558686495,Python,Python (3.4.3),py,Accepted,36.0,5144.0,942,
s033915330,p03209,u297203024,1558669487,C++,C++14 (GCC 5.4.1),cpp,Accepted,1.0,256.0,1132,
s962114100,p03209,u265768297,1558654463,C++,C++14 (GCC 5.4.1),cpp,Accepted,1.0,256.0,570,
s869134226,p03209,u340293807,1558616480,C++,C++14 (GCC 5.4.1),cpp,Accepted,1.0,256.0,1964,
s774948671,p03209,u251828455,1558592614,C++,C++14 (GCC 5.4.1),cpp,Accepted,1.0,256.0,673,
s708032541,p03209,u811472478,1558573537,C++,C++14 (GCC 5.4.1),cpp,Accepted,1.0,256.0,1584,
s540987348,p03209,u532573979,1558557264,C++,C++14 (GCC 5.4.1),cpp,Accepted,1.0,256.0,865,
s083093175,p03209,u532573979,1558557113,C++,C++14 (GCC 5.4.1),cpp,Accepted,1.0,256.0,869,
s249229914,p03209,u340293807,1558543184,C++,C++14 (GCC 5.4.1),cpp,Accepted,1.0,256.0,1942,
s369461170,p03209,u024867716,1558517294,C++,C++14 (GCC 5.4.1),cpp,Accepted,1.0,256.0,963,
s101330351,p03209,u693953100,1558493606,Python,Python (3.4.3),py,Accepted,17.0,3060.0,226,
s204539736,p03209,u693953100,1558492570,Python,Python (3.4.3),py,Accepted,17.0,3060.0,228,
s727975091,p03209,u693953100,1558492342,Python,Python (3.4.3),py,Accepted,17.0,3060.0,263,
s861626398,p03209,u459121100,1558489442,C++,C++14 (GCC 5.4.1),cpp,Accepted,1.0,256.0,612,
s044166358,p03209,u509094491,1558482396,Python,Python (3.4.3),py,Accepted,17.0,3064.0,310,
s460743025,p03209,u133129810,1558482156,C++,C++14 (GCC 5.4.1),cpp,Accepted,1.0,256.0,1109,
s836475442,p03209,u317711717,1558413238,C++,C++14 (GCC 5.4.1),cpp,Accepted,1.0,256.0,1232,
s057424562,p03209,u852585808,1558397797,C++,C++14 (GCC 5.4.1),cpp,Accepted,1.0,256.0,809,
s620663893,p03209,u052332717,1558386478,C++,C++14 (GCC 5.4.1),cpp,Accepted,1.0,256.0,1111,
s895225315,p03209,u024809932,1558354011,C++,C++14 (GCC 5.4.1),cpp,Accepted,1.0,256.0,482,
s399220633,p03209,u631277801,1558353620,Python,Python (3.4.3),py,Accepted,17.0,3064.0,989,
s926523805,p03209,u337775536,1558331182,C++,C++14 (GCC 5.4.1),cpp,Accepted,1.0,256.0,1471,
s460191543,p03209,u060938295,1558303565,Python,Python (3.4.3),py,Accepted,18.0,3064.0,539,
s202929692,p03209,u055303078,1558284216,C++,C++14 (GCC 5.4.1),cpp,Accepted,1.0,256.0,1224,
s132888335,p03209,u135248164,1558247327,C++,C++14 (GCC 5.4.1),cpp,Accepted,1.0,256.0,689,
s196906729,p03209,u710789518,1558223112,Python,Python (3.4.3),py,Accepted,18.0,3064.0,291,
s273550609,p03209,u262084284,1558200434,Python,Python (3.4.3),py,Accepted,17.0,3064.0,310,
s817505074,p03209,u524492594,1558136384,C++,C++14 (GCC 5.4.1),cpp,Accepted,1.0,256.0,3229,
s126775208,p03209,u081688405,1558110819,Python,Python (3.4.3),py,Accepted,18.0,3064.0,610,
s346017411,p03209,u342703951,1558105000,C++,C++14 (GCC 5.4.1),cpp,Accepted,1.0,256.0,662,
s626303653,p03209,u887675488,1558093392,C++,C++14 (GCC 5.4.1),cpp,Accepted,1.0,256.0,1508,
s730151470,p03209,u185354171,1558031239,Python,Python (3.4.3),py,Accepted,19.0,3188.0,483,
s702520892,p03209,u239493918,1557974496,C++,C++14 (GCC 5.4.1),cpp,Accepted,1.0,256.0,5936,
s223557436,p03209,u710687729,1557971892,C++,C++14 (GCC 5.4.1),cpp,Accepted,1.0,256.0,686,
s436596216,p03209,u932465688,1557942119,Python,Python (3.4.3),py,Accepted,19.0,3188.0,291,
s893168797,p03209,u408910484,1557930758,C++,C++14 (Clang 3.8.0),cpp,Accepted,1.0,256.0,1708,
s286990917,p03209,u486908386,1557875775,C++,C++14 (GCC 5.4.1),cpp,Accepted,1.0,256.0,431,
s653789209,p03209,u503870829,1557851538,C++,C++14 (GCC 5.4.1),cpp,Accepted,1.0,256.0,604,
s415038821,p03209,u168579419,1557795977,C++,C++14 (GCC 5.4.1),cpp,Accepted,1.0,256.0,4689,
s915559797,p03209,u649373416,1557792909,Python,PyPy3 (2.4.0),py,Accepted,166.0,38256.0,577,
s419918639,p03209,u112723190,1557763586,C++,C++14 (GCC 5.4.1),cpp,Accepted,1.0,256.0,1470,
s478468000,p03209,u692336506,1557761727,C++,C++14 (GCC 5.4.1),cpp,Accepted,1.0,256.0,484,
s733355892,p03209,u774417629,1557740013,Python,Python (3.4.3),py,Accepted,38.0,5304.0,655,
s339040840,p03209,u826487371,1557703701,C++,C++14 (GCC 5.4.1),cpp,Accepted,1.0,256.0,645,
s740005721,p03209,u538632589,1557680557,Python,Python (3.4.3),py,Accepted,17.0,3064.0,486,
s608193378,p03209,u013803727,1557651180,C++,C++14 (GCC 5.4.1),cpp,Accepted,1.0,256.0,1611,
s075671401,p03209,u628871447,1557623135,C++,C++14 (GCC 5.4.1),cpp,Accepted,1.0,256.0,874,
s859613551,p03209,u127844950,1557619692,C++,C++14 (GCC 5.4.1),cpp,Accepted,3.0,512.0,943,
s407769941,p03209,u238312012,1557611833,C++,C++14 (GCC 5.4.1),cpp,Accepted,1.0,256.0,707,
s372381143,p03209,u190405389,1557590590,Python,PyPy3 (2.4.0),py,Accepted,168.0,38384.0,542,
s099672485,p03209,u190405389,1557587945,Python,PyPy3 (2.4.0),py,Accepted,168.0,38256.0,425,
s249715130,p03209,u390181802,1557531983,C++,C++14 (GCC 5.4.1),cpp,Accepted,1.0,256.0,946,
s068334099,p03209,u454087021,1557530344,C++,C++14 (GCC 5.4.1),cpp,Accepted,2.0,256.0,337,
s327112539,p03209,u245366924,1557445124,C++,C++14 (GCC 5.4.1),cpp,Accepted,1.0,256.0,2319,
s360497209,p03209,u545368057,1557417699,Python,Python (3.4.3),py,Accepted,17.0,3064.0,898,
s859447592,p03209,u436702582,1557410595,C++,C++14 (GCC 5.4.1),cpp,Accepted,2.0,2560.0,2389,
s200720653,p03209,u258183816,1557385601,C++,C++14 (GCC 5.4.1),cpp,Accepted,1.0,256.0,952,
s676630032,p03209,u219015402,1557358521,Python,Python (3.4.3),py,Accepted,17.0,3064.0,404,
s477219836,p03209,u824310141,1557335990,C++,C++14 (GCC 5.4.1),cpp,Accepted,1.0,256.0,585,
s231161134,p03209,u603234915,1557258310,C++,C++14 (GCC 5.4.1),cpp,Accepted,1.0,256.0,671,
s010148510,p03209,u414425367,1557123710,Python,PyPy3 (2.4.0),py,Accepted,175.0,38384.0,454,
s305641036,p03209,u635484372,1557080498,C++,C++14 (GCC 5.4.1),cpp,Accepted,2.0,384.0,1501,
s458877015,p03209,u359025499,1557059511,C++,C++14 (GCC 5.4.1),cpp,Accepted,1.0,256.0,685,
s853503276,p03209,u299377613,1557015564,C++,C++14 (GCC 5.4.1),cpp,Accepted,1.0,256.0,1388,
s594361337,p03209,u299377613,1557014894,C++,C++14 (GCC 5.4.1),cpp,Accepted,1.0,256.0,1426,
s442941389,p03209,u299377613,1557014834,C++,C++14 (GCC 5.4.1),cpp,Accepted,1.0,256.0,1442,
s077932702,p03209,u844005364,1557007792,Python,Python (3.4.3),py,Accepted,17.0,3064.0,370,
s673217419,p03209,u187878098,1556997968,C++,C++14 (GCC 5.4.1),cpp,Accepted,1.0,256.0,1161,
s093266503,p03209,u508571192,1556949851,C++,C++14 (GCC 5.4.1),cpp,Accepted,2.0,256.0,1587,
s432411082,p03209,u912233473,1556935963,C++,C++14 (GCC 5.4.1),cpp,Accepted,1.0,256.0,1132,
s563257451,p03209,u159208574,1556927455,C++,C++14 (GCC 5.4.1),cpp,Accepted,1.0,256.0,2420,
s785410434,p03209,u159208574,1556926152,C++,C++14 (GCC 5.4.1),cpp,Accepted,1.0,256.0,2626,
s993113115,p03209,u892251744,1556920748,Python,Python (3.4.3),py,Accepted,18.0,3060.0,222,
s534224777,p03209,u763968347,1556920715,Python,Python (3.4.3),py,Accepted,17.0,3064.0,297,
s233650024,p03209,u183971632,1556906468,C++,C++14 (GCC 5.4.1),cpp,Accepted,3.0,384.0,1177,
s258618757,p03209,u789339072,1556904338,Python,PyPy3 (2.4.0),py,Accepted,164.0,38256.0,857,
s894944717,p03209,u037430802,1556896878,Python,Python (3.4.3),py,Accepted,17.0,3064.0,297,
s239208950,p03209,u534308356,1556852737,Python,Python (3.4.3),py,Accepted,17.0,3064.0,623,
s481662015,p03209,u534308356,1556836128,Python,Python (3.4.3),py,Accepted,21.0,3188.0,470,
s113593546,p03209,u439396449,1556835296,Python,Python (3.4.3),py,Accepted,18.0,3064.0,642,
s105079476,p03209,u075012704,1556816993,Python,Python (3.4.3),py,Accepted,18.0,3064.0,549,
s710018313,p03209,u780364430,1556759512,Python,Python (3.4.3),py,Accepted,20.0,3188.0,395,
s209238214,p03209,u660341491,1556689785,C++,C++ (GCC 5.4.1),cpp,Accepted,1.0,256.0,483,
s761647555,p03209,u877470159,1556676765,Python,PyPy3 (2.4.0),py,Accepted,179.0,38384.0,630,
s104936261,p03209,u877470159,1556676330,Python,PyPy3 (2.4.0),py,Accepted,178.0,38256.0,775,
s288426886,p03209,u574045761,1556643670,C++,C++14 (GCC 5.4.1),cpp,Accepted,1.0,256.0,860,
s336713072,p03209,u912533549,1556642239,C++,C++14 (GCC 5.4.1),cpp,Accepted,5.0,768.0,755,
s528214736,p03209,u280096880,1556594830,C++,C++14 (GCC 5.4.1),cpp,Accepted,1.0,256.0,750,
s442850689,p03209,u815659544,1556584387,Python,Python (3.4.3),py,Accepted,17.0,3064.0,563,
s457268023,p03209,u442591725,1556572696,C++,C++14 (GCC 5.4.1),cpp,Accepted,1.0,256.0,1069,
s023691960,p03209,u706695185,1556504898,C++,C++14 (GCC 5.4.1),cpp,Accepted,1.0,256.0,644,
s311307848,p03209,u509368316,1556504338,Python,Python (3.4.3),py,Accepted,17.0,3064.0,312,
s299303958,p03209,u706695185,1556502703,Python,Python (3.4.3),py,Accepted,17.0,3064.0,341,
s788310199,p03209,u265250376,1556501381,C++,C++14 (GCC 5.4.1),cpp,Accepted,1.0,384.0,756,
s501918116,p03209,u261646994,1556453208,Python,Python (3.4.3),py,Accepted,17.0,3064.0,784,
s414914380,p03209,u139031151,1556408378,C++,C++14 (GCC 5.4.1),cpp,Accepted,1.0,256.0,2205,
s719913498,p03209,u599170882,1556384690,Python,Python (3.4.3),py,Accepted,18.0,3060.0,350,
s457989947,p03209,u102461423,1556338265,Python,Python (3.4.3),py,Accepted,17.0,3064.0,494,
s823592637,p03209,u648901783,1556318418,Python,Python (3.4.3),py,Accepted,18.0,3064.0,963,
s705116081,p03209,u633284019,1556284035,C++,C++14 (GCC 5.4.1),cpp,Accepted,12.0,384.0,839,
s973772127,p03209,u396989868,1556242369,C++,C++14 (GCC 5.4.1),cpp,Accepted,1.0,256.0,1422,
s398535144,p03209,u224756887,1556193578,C++,C++14 (GCC 5.4.1),cpp,Accepted,1.0,256.0,2503,
s379715965,p03209,u406158207,1556177990,C++,C++14 (GCC 5.4.1),cpp,Accepted,1.0,256.0,1562,
s156427856,p03209,u497046426,1556163537,Python,Python (3.4.3),py,Accepted,17.0,3064.0,550,
s449512696,p03209,u691380397,1556155802,C++,C++14 (GCC 5.4.1),cpp,Accepted,1.0,256.0,1865,
s205881133,p03209,u938812966,1556151665,Python,PyPy3 (2.4.0),py,Accepted,169.0,38384.0,660,
s364755226,p03209,u593180859,1556121774,C++,C++14 (GCC 5.4.1),cpp,Accepted,1.0,256.0,585,
s413209087,p03209,u135954097,1556090315,C++,C++14 (GCC 5.4.1),cpp,Accepted,1.0,256.0,431,
s311873886,p03209,u179970156,1556074900,C++,C++14 (GCC 5.4.1),cpp,Accepted,1.0,256.0,573,
s364342045,p03209,u512007680,1556040669,Python,Python (3.4.3),py,Accepted,18.0,3064.0,703,
s174349023,p03209,u655975843,1555973822,Python,Python (3.4.3),py,Accepted,22.0,3316.0,531,
s383580957,p03209,u046187684,1555958157,Python,Python (3.4.3),py,Accepted,18.0,3064.0,620,
s503292247,p03209,u532065884,1555885660,C++,C++14 (GCC 5.4.1),cpp,Accepted,1.0,256.0,1352,
s202274012,p03209,u532065884,1555884779,C++,C++14 (GCC 5.4.1),cpp,Accepted,1.0,256.0,1745,
s587609630,p03209,u288713022,1555866949,C++,C++14 (GCC 5.4.1),cpp,Accepted,1.0,256.0,1123,
s530132430,p03209,u134810655,1555844439,C++,C++14 (GCC 5.4.1),cpp,Accepted,1.0,256.0,1180,
s264333892,p03209,u497596438,1555805652,Python,PyPy3 (2.4.0),py,Accepted,164.0,38468.0,446,
s518555549,p03209,u316386814,1555805635,Python,Python (3.4.3),py,Accepted,21.0,3316.0,1465,
s780769830,p03209,u193690465,1555789155,C++,C++14 (Clang 3.8.0),cpp,Accepted,1.0,256.0,592,
s174556664,p03209,u166060166,1555745663,C++,C++14 (GCC 5.4.1),cpp,Accepted,1.0,256.0,596,
s205064941,p03209,u241367243,1555732537,C++,C++14 (GCC 5.4.1),cpp,Accepted,1.0,256.0,860,
s578724598,p03209,u562767072,1555727916,Python,PyPy3 (2.4.0),py,Accepted,182.0,38256.0,607,
s274451350,p03209,u563710899,1555724404,C++,C++14 (GCC 5.4.1),cpp,Accepted,1.0,256.0,727,
s979370504,p03209,u167931717,1555692205,Python,Python (3.4.3),py,Accepted,17.0,3064.0,745,
s842769597,p03209,u526532903,1555681797,C++,C++14 (GCC 5.4.1),cpp,Accepted,1.0,256.0,1465,
s955874542,p03209,u019356802,1555653088,C++,C++14 (GCC 5.4.1),cpp,Accepted,1.0,256.0,762,
s939474484,p03209,u379288456,1555649843,C++,C++14 (GCC 5.4.1),cpp,Accepted,1.0,128.0,726,
s823771415,p03209,u722535636,1555614115,Python,Python (3.4.3),py,Accepted,18.0,3064.0,424,
s789414689,p03209,u662614053,1555554010,C++,C++14 (GCC 5.4.1),cpp,Accepted,3.0,256.0,1089,
s175726159,p03209,u738450435,1555520934,C++,C++14 (GCC 5.4.1),cpp,Accepted,1.0,256.0,604,
s813658578,p03209,u013408661,1555514979,Python,Python (3.4.3),py,Accepted,17.0,3064.0,342,
s290527954,p03209,u244832678,1555483227,C++,C++14 (GCC 5.4.1),cpp,Accepted,1.0,256.0,468,
s143287746,p03209,u436702582,1555468380,C++,C++14 (GCC 5.4.1),cpp,Accepted,2.0,4480.0,2422,
s731554488,p03209,u251945221,1555442770,C++,C++14 (GCC 5.4.1),cpp,Accepted,1.0,256.0,1065,
s539509481,p03209,u129836004,1555383273,Python,Python (3.4.3),py,Accepted,18.0,3064.0,467,
s816571458,p03209,u436702582,1555374070,C++,C++14 (GCC 5.4.1),cpp,Accepted,4.0,8960.0,2505,
s071404191,p03209,u771876084,1555373698,Python,Python (2.7.6),py,Accepted,11.0,2696.0,585,
s420158711,p03209,u584174687,1555364067,Python,Python (3.4.3),py,Accepted,18.0,3064.0,1136,
s385600054,p03209,u352228045,1555359125,C++,C++14 (GCC 5.4.1),cpp,Accepted,1.0,256.0,556,
s233109455,p03209,u467826805,1555358932,C++,C++14 (GCC 5.4.1),cpp,Accepted,1.0,256.0,1471,
s678568504,p03209,u292813062,1555276309,C++,C++14 (GCC 5.4.1),cpp,Accepted,1.0,256.0,3201,
s539509586,p03209,u109256064,1555242738,C++,C++14 (GCC 5.4.1),cpp,Accepted,1.0,256.0,1217,
s287843786,p03209,u394033362,1555218521,C++,C++14 (GCC 5.4.1),cpp,Accepted,1.0,256.0,622,
s051629487,p03209,u389910364,1555133814,Python,Python (3.4.3),py,Accepted,23.0,3700.0,946,
s589282234,p03209,u586567203,1555133745,C++,C++14 (GCC 5.4.1),cpp,Accepted,1.0,256.0,890,
s581675410,p03209,u282228874,1555126273,Python,Python (3.4.3),py,Accepted,17.0,3064.0,522,
s322245682,p03209,u873927631,1555091560,Python,Python (3.4.3),py,Accepted,17.0,3064.0,1004,
s457445124,p03209,u826487371,1555090946,C++,C++14 (GCC 5.4.1),cpp,Accepted,1.0,256.0,612,
s580278934,p03209,u947883560,1555061922,Python,Python (3.4.3),py,Accepted,23.0,3684.0,1061,
s143373109,p03209,u947883560,1555061769,Python,Python (3.4.3),py,Accepted,25.0,3572.0,962,
s572799588,p03209,u649310245,1555048173,C++,C++14 (GCC 5.4.1),cpp,Accepted,1.0,256.0,3870,
s588111785,p03209,u001311360,1555042197,C++,C++14 (GCC 5.4.1),cpp,Accepted,4.0,256.0,845,
s045793332,p03209,u066620486,1555009941,Python,Python (3.4.3),py,Accepted,19.0,3188.0,548,
s626120263,p03209,u895515293,1554958902,Python,Python (3.4.3),py,Accepted,17.0,3060.0,214,
s520442191,p03209,u895515293,1554958678,Python,Python (3.4.3),py,Accepted,17.0,3060.0,261,
s584790172,p03209,u315485238,1554944065,Python,Python (3.4.3),py,Accepted,21.0,3064.0,771,
s503023527,p03209,u350049649,1554874442,Python,Python (3.4.3),py,Accepted,17.0,3064.0,311,
s420624439,p03209,u350049649,1554874306,Python,Python (3.4.3),py,Accepted,17.0,3064.0,349,
s025469058,p03209,u943094398,1554865631,C++,C++14 (GCC 5.4.1),cpp,Accepted,1.0,256.0,1142,
s974441699,p03209,u379692329,1554859793,Python,Python (3.4.3),py,Accepted,17.0,3064.0,326,
s329473066,p03209,u952022797,1554832919,C++,C++14 (GCC 5.4.1),cpp,Accepted,1.0,256.0,2097,
s976017592,p03209,u800551451,1554822172,C++,C++14 (GCC 5.4.1),cpp,Accepted,1.0,256.0,1824,
s735453687,p03209,u505830998,1554791689,Python,Python (3.4.3),py,Accepted,18.0,3064.0,809,
s466377725,p03209,u167751176,1554780331,Python,Python (3.4.3),py,Accepted,18.0,3064.0,335,
s198574249,p03209,u267022560,1554773930,C++,C++14 (GCC 5.4.1),cpp,Accepted,1.0,256.0,1063,
s870680107,p03209,u423624748,1554762027,C++,C++14 (GCC 5.4.1),cpp,Accepted,1.0,256.0,1633,
s199205905,p03209,u678503521,1554756320,C++,C++14 (GCC 5.4.1),cpp,Accepted,2.0,256.0,627,
s560504477,p03209,u820262277,1554745395,C++,C++11 (GCC 4.8.1),cpp,Accepted,1.0,128.0,17547,
s595886240,p03209,u426397594,1554697429,C++,C++ (GCC 5.4.1),cpp,Accepted,1.0,256.0,894,
s211551194,p03209,u370768058,1554688349,C++,C++14 (GCC 5.4.1),cpp,Accepted,2.0,256.0,1862,
s267963996,p03209,u708258059,1554685023,C++,C++14 (GCC 5.4.1),cpp,Accepted,1.0,256.0,633,
s774973129,p03209,u045811375,1554684386,C++,C++14 (GCC 5.4.1),cpp,Accepted,1.0,256.0,614,
s601949503,p03209,u475503988,1554679454,Python,Python (3.4.3),py,Accepted,18.0,3064.0,328,
s423822301,p03209,u880373275,1554652487,Python,Python (3.4.3),py,Accepted,18.0,3064.0,754,
s350778085,p03209,u254521846,1554598284,C++,C++14 (GCC 5.4.1),cpp,Accepted,1.0,256.0,3173,
s951495084,p03209,u798129018,1554591691,Python,PyPy3 (2.4.0),py,Accepted,172.0,38384.0,333,
s575386891,p03209,u743272507,1554578297,C++,C++14 (GCC 5.4.1),cpp,Accepted,1.0,256.0,1847,
s191770942,p03209,u497552697,1554566518,C++,C++14 (GCC 5.4.1),cpp,Accepted,1.0,256.0,785,
s607964126,p03209,u174265495,1554566381,C++,C++14 (GCC 5.4.1),cpp,Accepted,2.0,4352.0,890,
s971002078,p03209,u300968187,1554538009,Python,Python (3.4.3),py,Accepted,18.0,3064.0,466,
s918427061,p03209,u190234543,1554504599,C++,C++14 (GCC 5.4.1),cpp,Accepted,1.0,256.0,1899,
s733470085,p03209,u340293807,1554498028,C++,C++14 (GCC 5.4.1),cpp,Accepted,3.0,384.0,2856,
s748817291,p03209,u823112986,1554492982,C++,C++14 (GCC 5.4.1),cpp,Accepted,1.0,256.0,1430,
s667471534,p03209,u079603018,1554449467,C++,C++14 (GCC 5.4.1),cpp,Accepted,1.0,256.0,861,
s162170524,p03209,u353412420,1554430113,C++,C++14 (GCC 5.4.1),cpp,Accepted,1.0,256.0,2988,
s915322251,p03209,u302149106,1554428960,C++,C++14 (GCC 5.4.1),cpp,Accepted,1.0,256.0,895,
s111077715,p03209,u200785298,1554427532,Python,Python (3.4.3),py,Accepted,18.0,3064.0,915,
s078087277,p03209,u197300773,1554373464,Python,Python (3.4.3),py,Accepted,19.0,3064.0,505,
s198931953,p03209,u426108351,1554325198,Python,Python (3.4.3),py,Accepted,18.0,3064.0,583,
s315723462,p03209,u522548464,1554254693,C++,C++14 (GCC 5.4.1),cpp,Accepted,1.0,256.0,832,
s982764652,p03209,u522548464,1554254505,C++,C++14 (GCC 5.4.1),cpp,Accepted,1.0,256.0,763,
s770139429,p03209,u353797797,1554217972,Python,Python (3.4.3),py,Accepted,18.0,3060.0,417,
s815917809,p03209,u353797797,1554217883,Python,Python (3.4.3),py,Accepted,18.0,3064.0,441,
s194592352,p03209,u051493691,1554196449,C++,C++14 (GCC 5.4.1),cpp,Accepted,1.0,256.0,1599,
s429707886,p03209,u876784108,1554176862,C++,C++14 (GCC 5.4.1),cpp,Accepted,1.0,256.0,479,
s204823537,p03209,u876784108,1554176502,C++,C++14 (GCC 5.4.1),cpp,Accepted,1.0,256.0,479,
s216723827,p03209,u920204936,1554157185,Python,Python (3.4.3),py,Accepted,18.0,3188.0,474,
s969074156,p03209,u365364616,1554150927,Python,Python (3.4.3),py,Accepted,17.0,3060.0,387,
s935936647,p03209,u991664217,1554147928,C++,C++14 (GCC 5.4.1),cpp,Accepted,1.0,256.0,1832,
s865438548,p03209,u145078501,1554125782,C++,C++14 (GCC 5.4.1),cpp,Accepted,1.0,256.0,842,
s089006283,p03209,u093420647,1554087093,C++,C++14 (GCC 5.4.1),cpp,Accepted,1.0,256.0,1038,
s033632735,p03209,u433219236,1554074208,C++,C++14 (Clang 3.8.0),cpp,Accepted,2.0,384.0,598,
s129197889,p03209,u826487371,1554058071,C++,C++14 (GCC 5.4.1),cpp,Accepted,1.0,256.0,639,
s816877173,p03209,u826487371,1554057537,C++,C++14 (GCC 5.4.1),cpp,Accepted,1.0,256.0,745,
s162117381,p03209,u826487371,1554056896,C++,C++14 (GCC 5.4.1),cpp,Accepted,1.0,256.0,744,
s530321845,p03209,u731175398,1554056871,C++,C++14 (GCC 5.4.1),cpp,Accepted,1.0,256.0,490,
s908111806,p03209,u057079894,1554052269,C++,C++14 (GCC 5.4.1),cpp,Accepted,1.0,256.0,720,
s790620302,p03209,u980655160,1554048215,C++,C++14 (GCC 5.4.1),cpp,Accepted,1.0,256.0,681,
s645663587,p03209,u826487371,1554042775,C++,C++14 (GCC 5.4.1),cpp,Accepted,1.0,256.0,675,
s334299063,p03209,u826487371,1554042665,C++,C++14 (GCC 5.4.1),cpp,Accepted,1.0,256.0,2094,
s687273250,p03209,u254456372,1554019700,C++,C++14 (GCC 5.4.1),cpp,Accepted,1.0,256.0,28198,
s128777966,p03209,u254456372,1554018968,C++,C++14 (GCC 5.4.1),cpp,Accepted,1.0,256.0,28122,
s916781166,p03209,u807998890,1553984514,C++,C++14 (GCC 5.4.1),cpp,Accepted,1.0,256.0,749,
s355726270,p03209,u313288017,1553926023,C++,C++14 (GCC 5.4.1),cpp,Accepted,1.0,256.0,1020,
s356139077,p03209,u827885761,1553853163,Python,Python (3.4.3),py,Accepted,17.0,3064.0,507,
s905565270,p03209,u419307948,1553848728,C++,C++14 (GCC 5.4.1),cpp,Accepted,1.0,256.0,937,
s243595239,p03209,u827885761,1553847902,Python,Python (3.4.3),py,Accepted,20.0,3064.0,772,
s966849858,p03209,u413492096,1553838881,C++,C++14 (GCC 5.4.1),cpp,Accepted,1.0,256.0,784,
s538435023,p03209,u150376070,1553837525,C++,C++14 (GCC 5.4.1),cpp,Accepted,1.0,256.0,1564,
s248111672,p03209,u030992242,1553836270,C++,C++14 (GCC 5.4.1),cpp,Accepted,1.0,256.0,1116,
s962041428,p03209,u030992242,1553835541,Python,Python (3.4.3),py,Accepted,150.0,12436.0,400,
s444182826,p03209,u502283124,1553820763,Python,Python (3.4.3),py,Accepted,149.0,12444.0,483,
s671417283,p03209,u502283124,1553820102,Python,Python (3.4.3),py,Accepted,153.0,12444.0,483,
s326534658,p03209,u239375815,1553807012,C++,C++14 (GCC 5.4.1),cpp,Accepted,1.0,256.0,1460,
s669575180,p03209,u406158207,1553798931,C++,C++14 (GCC 5.4.1),cpp,Accepted,1.0,256.0,1528,
s695483289,p03209,u995610127,1553782438,C++,C++14 (GCC 5.4.1),cpp,Accepted,1.0,256.0,729,
s479860364,p03209,u576106056,1553730300,C++,C++ (Clang 3.8.0),cpp,Accepted,1.0,256.0,989,
s199648223,p03209,u667024514,1553571057,Python,Python (3.4.3),py,Accepted,18.0,3064.0,297,
s941276999,p03209,u052332717,1553559074,C++,C++14 (GCC 5.4.1),cpp,Accepted,1.0,256.0,772,
s360767976,p03209,u052332717,1553558474,C++,C++14 (GCC 5.4.1),cpp,Accepted,1.0,256.0,800,
s364532817,p03209,u729008627,1553546924,Python,Python (3.4.3),py,Accepted,18.0,3064.0,539,
s220356486,p03209,u729008627,1553546912,Python,Python (3.4.3),py,Accepted,18.0,3064.0,539,
s772931146,p03209,u464540027,1553545109,C++,C++14 (GCC 5.4.1),cpp,Accepted,1.0,256.0,744,
s562911518,p03209,u353542198,1553540323,C++,C++14 (GCC 5.4.1),cpp,Accepted,1.0,256.0,998,
s211006633,p03209,u913836622,1553517479,C++,C++14 (GCC 5.4.1),cpp,Accepted,1.0,256.0,1810,
s305915737,p03209,u619819312,1553474492,Python,Python (3.4.3),py,Accepted,19.0,3316.0,382,
s555865426,p03209,u655503310,1553472620,C++,C++14 (GCC 5.4.1),cpp,Accepted,1.0,256.0,1058,
s356399653,p03209,u575431498,1553406993,Python,Python (3.4.3),py,Accepted,17.0,3064.0,450,
s784859597,p03209,u577579003,1553392305,Python,Python (3.4.3),py,Accepted,17.0,3064.0,646,
s660608064,p03209,u824337972,1553387182,C++,C++14 (GCC 5.4.1),cpp,Accepted,1.0,256.0,1021,
s083421525,p03209,u633967774,1553363148,Python,Python (3.4.3),py,Accepted,17.0,3064.0,279,
s233779172,p03209,u633967774,1553362521,C++,C++14 (GCC 5.4.1),cpp,Accepted,1.0,256.0,522,
s821564316,p03209,u305138467,1553357874,C++,C++14 (GCC 5.4.1),cpp,Accepted,1.0,256.0,2926,
s407891208,p03209,u410878763,1553354669,C++,C++14 (GCC 5.4.1),cpp,Accepted,1.0,256.0,755,
s467527561,p03209,u391731808,1553306020,Python,Python (3.4.3),py,Accepted,17.0,3064.0,487,
s251948620,p03209,u766262621,1553301095,Python,Python (3.4.3),py,Accepted,17.0,3064.0,1061,
s264576747,p03209,u093219895,1553295553,C++,C++14 (GCC 5.4.1),cpp,Accepted,2.0,1024.0,8746,
s338025981,p03209,u652081898,1553281080,Python,Python (3.4.3),py,Accepted,18.0,3064.0,385,
s214258006,p03209,u476124554,1553275184,Python,Python (3.4.3),py,Accepted,17.0,3064.0,434,
s380350930,p03209,u734548018,1553253620,Python,PyPy3 (2.4.0),py,Accepted,174.0,38256.0,315,
s666068498,p03209,u423585790,1553226344,Python,Python (3.4.3),py,Accepted,25.0,3820.0,2369,
s149817459,p03209,u393512980,1553226061,Python,Python (3.4.3),py,Accepted,20.0,3188.0,701,
s845435074,p03209,u487641373,1553224132,C++,C++14 (GCC 5.4.1),cpp,Accepted,1.0,256.0,854,
s075056549,p03209,u585482323,1553222716,Python,PyPy3 (2.4.0),py,Accepted,176.0,38640.0,1701,
s029673478,p03209,u780950519,1553190428,C++,C++14 (GCC 5.4.1),cpp,Accepted,1.0,256.0,726,
s877190028,p03209,u314057689,1553181809,C++,C++14 (GCC 5.4.1),cpp,Accepted,1.0,256.0,2299,
s940673176,p03209,u048791623,1553065841,C++,C++14 (GCC 5.4.1),cpp,Accepted,3.0,384.0,1610,
s922314630,p03209,u336721073,1553038610,C++,C++14 (GCC 5.4.1),cpp,Accepted,1.0,256.0,936,
s233132827,p03209,u945017646,1553033859,C++,C++14 (GCC 5.4.1),cpp,Accepted,1.0,256.0,909,
s289488552,p03209,u838742270,1552947125,C++,C++14 (GCC 5.4.1),cpp,Accepted,1.0,256.0,1313,
s856916811,p03209,u977389981,1552939292,Python,Python (3.4.3),py,Accepted,17.0,3064.0,664,
s370354166,p03209,u977389981,1552938898,Python,Python (3.4.3),py,Accepted,18.0,3064.0,660,
s121344806,p03209,u977389981,1552938404,Python,Python (3.4.3),py,Accepted,17.0,3064.0,448,
s416483937,p03209,u977389981,1552937438,Python,Python (3.4.3),py,Accepted,18.0,3064.0,681,
s281060062,p03209,u561468649,1552901731,C++,C++14 (GCC 5.4.1),cpp,Accepted,1.0,256.0,876,
s425540824,p03209,u740232619,1552893487,C++,C++14 (GCC 5.4.1),cpp,Accepted,1.0,256.0,888,
s208685335,p03209,u620059302,1552874110,C++,C++14 (GCC 5.4.1),cpp,Accepted,1.0,256.0,641,
s911821912,p03209,u033602950,1552871033,C++,C++ (GCC 5.4.1),cpp,Accepted,1.0,256.0,1022,
s753906402,p03209,u157322125,1552864877,C++,C++14 (GCC 5.4.1),cpp,Accepted,1.0,256.0,663,
s799740729,p03209,u041513069,1552863877,C++,C++14 (GCC 5.4.1),cpp,Accepted,1.0,256.0,954,
s290516022,p03209,u310678820,1552793148,Python,Python (3.4.3),py,Accepted,17.0,3064.0,436,
s262248410,p03209,u124087379,1552790032,C++,C++14 (GCC 5.4.1),cpp,Accepted,1.0,256.0,812,
s558474604,p03209,u572532976,1552757810,C++,C++14 (GCC 5.4.1),cpp,Accepted,1.0,256.0,939,
s497323671,p03209,u454533540,1552710239,C++,C++14 (GCC 5.4.1),cpp,Accepted,1.0,128.0,658,
s075391272,p03209,u324303263,1552705733,C++,C++14 (GCC 5.4.1),cpp,Accepted,1.0,256.0,1337,
s124004542,p03209,u050698451,1552704514,Python,Python (3.4.3),py,Accepted,19.0,3064.0,358,
s980764041,p03209,u862095327,1552701967,C++,C++14 (GCC 5.4.1),cpp,Accepted,1.0,256.0,1337,
s290305995,p03209,u806800460,1552672864,C++,C++14 (GCC 5.4.1),cpp,Accepted,1.0,256.0,786,
s067903776,p03209,u806800460,1552672748,C++,C++14 (GCC 5.4.1),cpp,Accepted,1.0,256.0,785,
s192610797,p03209,u806800460,1552671913,C++,C++14 (GCC 5.4.1),cpp,Accepted,1.0,256.0,797,
s979483293,p03209,u966854856,1552667668,C++,C++14 (GCC 5.4.1),cpp,Accepted,1.0,256.0,1829,
s479711113,p03209,u438319362,1552628161,C++,C++14 (GCC 5.4.1),cpp,Accepted,1.0,256.0,939,
s469479499,p03209,u725458677,1552621982,C++,C++14 (GCC 5.4.1),cpp,Accepted,1.0,256.0,1416,
s855483799,p03209,u997325490,1552617457,C++,C++14 (GCC 5.4.1),cpp,Accepted,1.0,128.0,879,
s706414567,p03209,u387258288,1552609657,C++,C++14 (GCC 5.4.1),cpp,Accepted,1.0,256.0,626,
s567150632,p03209,u823451365,1552574169,C++,C++14 (GCC 5.4.1),cpp,Accepted,1.0,256.0,1380,
s396337706,p03209,u908318580,1552573700,C++,C++14 (GCC 5.4.1),cpp,Accepted,3.0,384.0,786,
s641451775,p03209,u526367939,1552529959,C++,C++14 (GCC 5.4.1),cpp,Accepted,1.0,256.0,543,
s051646519,p03209,u352499693,1552511520,C++,C++14 (Clang 3.8.0),cpp,Accepted,1.0,256.0,571,
s971248869,p03209,u483737025,1552490467,C++,C++14 (GCC 5.4.1),cpp,Accepted,1.0,256.0,775,
s819452847,p03209,u010708243,1552451797,C++,C++14 (GCC 5.4.1),cpp,Accepted,1.0,256.0,1086,
s673706294,p03209,u340010271,1552443242,Python,Python (3.4.3),py,Accepted,17.0,3064.0,441,
s458689377,p03209,u052499405,1552429016,Python,Python (3.4.3),py,Accepted,19.0,3064.0,607,
s199072124,p03209,u842401785,1552353615,C++,C++14 (GCC 5.4.1),cpp,Accepted,2.0,2304.0,936,
s897929252,p03209,u069450081,1552332558,C++,C++14 (GCC 5.4.1),cpp,Accepted,1.0,256.0,530,
s747804584,p03209,u699193595,1552271659,C++,C++14 (GCC 5.4.1),cpp,Accepted,1.0,256.0,513,
s300317546,p03209,u782654209,1552243561,Python,Python (3.4.3),py,Accepted,18.0,3064.0,483,
s018917962,p03209,u945017646,1552240564,C++,C++14 (GCC 5.4.1),cpp,Accepted,1.0,256.0,983,
s460162291,p03209,u989740992,1552180401,C++,C++14 (GCC 5.4.1),cpp,Accepted,1.0,256.0,1232,
s482637351,p03209,u394482932,1552173454,C++,C++14 (GCC 5.4.1),cpp,Accepted,1.0,256.0,364,
s458794912,p03209,u280978334,1552172889,Python,Python (3.4.3),py,Accepted,20.0,3064.0,340,
s260273983,p03209,u212904724,1552172409,C++,C++14 (GCC 5.4.1),cpp,Accepted,1.0,256.0,815,
s634083919,p03209,u681557252,1552085953,C++,C++14 (GCC 5.4.1),cpp,Accepted,1.0,256.0,939,
s061998801,p03209,u756088996,1552018489,C++,C++14 (GCC 5.4.1),cpp,Accepted,2.0,256.0,690,
s303836085,p03209,u248306486,1552018273,C++,C++14 (GCC 5.4.1),cpp,Accepted,1.0,256.0,790,
s373347746,p03209,u685892567,1552014368,C++,C++14 (GCC 5.4.1),cpp,Accepted,1.0,256.0,908,
s237587181,p03209,u344122377,1552010835,C++,C++14 (GCC 5.4.1),cpp,Accepted,1.0,256.0,835,
s286019977,p03209,u324139341,1551991287,C++,C++14 (GCC 5.4.1),cpp,Accepted,1.0,256.0,612,
s596978302,p03209,u508729896,1551971944,C++,C++14 (GCC 5.4.1),cpp,Accepted,2.0,256.0,945,
s436543045,p03209,u947883560,1551957669,Python,Python (3.4.3),py,Accepted,18.0,3064.0,392,
s526930095,p03209,u511401499,1551944881,C++,C++14 (GCC 5.4.1),cpp,Accepted,1.0,256.0,1000,
s757878717,p03209,u682686221,1551931301,C++,C++14 (GCC 5.4.1),cpp,Accepted,1.0,256.0,965,
s035036823,p03209,u027681381,1551928922,C++,C++14 (GCC 5.4.1),cpp,Accepted,1.0,256.0,634,
s834811111,p03209,u682686221,1551918704,C++,C++14 (GCC 5.4.1),cpp,Accepted,1.0,256.0,1054,
s522142331,p03209,u129315407,1551892399,Python,Python (3.4.3),py,Accepted,18.0,3064.0,574,
s066830710,p03209,u558720836,1551876819,Python,Python (3.4.3),py,Accepted,18.0,3064.0,331,
s047461482,p03209,u057866967,1551842896,C++,C++14 (GCC 5.4.1),cpp,Accepted,1.0,256.0,1145,
s695711113,p03209,u334712262,1551836253,Python,Python (3.4.3),py,Accepted,70.0,6872.0,1840,
s602137463,p03209,u319818856,1551808866,Python,Python (3.4.3),py,Accepted,18.0,3064.0,1355,
s417380564,p03209,u764058295,1551755349,C++,C++14 (GCC 5.4.1),cpp,Accepted,1.0,256.0,956,
s231377035,p03209,u301030835,1551708162,Python,Python (3.4.3),py,Accepted,17.0,3064.0,531,
s090900057,p03209,u771524928,1551635052,C++,C++14 (GCC 5.4.1),cpp,Accepted,2.0,384.0,2670,
s346636783,p03209,u402629484,1551586914,Python,Python (3.4.3),py,Accepted,18.0,3064.0,351,
s501947158,p03209,u534998883,1551573090,C++,C++14 (GCC 5.4.1),cpp,Accepted,1.0,256.0,612,
s451824783,p03209,u128142352,1551555272,C++,C++14 (GCC 5.4.1),cpp,Accepted,1.0,256.0,386,
s952883891,p03209,u151625340,1551553058,Python,Python (3.4.3),py,Accepted,18.0,3316.0,578,
s009892930,p03209,u993640894,1551542677,C++,C++14 (GCC 5.4.1),cpp,Accepted,1.0,256.0,1059,
s329982868,p03209,u903596281,1551509181,Python,Python (3.4.3),py,Accepted,17.0,3064.0,373,
s851130746,p03209,u743561048,1551502433,C++,C++14 (GCC 5.4.1),cpp,Accepted,1.0,256.0,142,
s779875461,p03209,u743561048,1551502336,C++,C++14 (GCC 5.4.1),cpp,Accepted,1.0,256.0,180,
s180915999,p03209,u743561048,1551502215,C++,C++14 (GCC 5.4.1),cpp,Accepted,1.0,256.0,181,
s838354292,p03209,u743561048,1551501983,C++,C++14 (GCC 5.4.1),cpp,Accepted,1.0,256.0,238,
s366474152,p03209,u597374218,1551500862,Python,Python (3.4.3),py,Accepted,17.0,3064.0,249,
s645056417,p03209,u013629972,1551499710,Python,PyPy3 (2.4.0),py,Accepted,349.0,67564.0,1297,
s306494040,p03209,u547742717,1551499086,C++,C++14 (GCC 5.4.1),cpp,Accepted,1.0,256.0,718,
s086844695,p03209,u896014917,1551498049,C++,C++14 (GCC 5.4.1),cpp,Accepted,1.0,256.0,1658,
s541148490,p03209,u811004127,1551492388,C++,C++14 (GCC 5.4.1),cpp,Accepted,1.0,256.0,2028,
s216905743,p03209,u320567105,1551491716,Python,Python (3.4.3),py,Accepted,17.0,3064.0,648,
s218967201,p03209,u930398193,1551451956,C++,C++14 (GCC 5.4.1),cpp,Accepted,1.0,256.0,546,
s080708641,p03209,u904131021,1551422459,C++,C++14 (GCC 5.4.1),cpp,Accepted,1.0,256.0,1108,
s990829531,p03209,u991974907,1551410022,C++,C++14 (GCC 5.4.1),cpp,Accepted,1.0,256.0,796,
s192961604,p03209,u824237520,1551398365,Python,Python (3.4.3),py,Accepted,18.0,3064.0,574,
s955533135,p03209,u010467501,1551385324,C++,C++14 (GCC 5.4.1),cpp,Accepted,1.0,256.0,1688,
s266807403,p03209,u924406834,1551374102,Python,Python (3.4.3),py,Accepted,18.0,3064.0,877,
s607674758,p03209,u250996767,1551329826,C++,C++14 (GCC 5.4.1),cpp,Accepted,1.0,256.0,1753,
s231528488,p03209,u360564214,1551329472,C++,C++14 (GCC 5.4.1),cpp,Accepted,1.0,256.0,855,
s149891297,p03209,u010767665,1551321087,C++,C++14 (GCC 5.4.1),cpp,Accepted,1.0,256.0,3792,
s833307807,p03209,u712975113,1551320720,Python,Python (3.4.3),py,Accepted,17.0,3064.0,434,
s812951845,p03209,u538445722,1551311208,C++,C++14 (GCC 5.4.1),cpp,Accepted,1.0,256.0,1857,
s431086951,p03209,u538445722,1551303418,C++,C++14 (GCC 5.4.1),cpp,Accepted,1.0,256.0,2473,
s481317048,p03209,u855248478,1551301958,C++,C++14 (GCC 5.4.1),cpp,Accepted,1.0,128.0,580,
s701478733,p03209,u075012704,1551286080,Python,Python (3.4.3),py,Accepted,17.0,3064.0,1019,
s843131708,p03209,u232852711,1551247535,Python,Python (3.4.3),py,Accepted,18.0,3064.0,541,
s965492302,p03209,u788341294,1551246820,C++,C++14 (GCC 5.4.1),cpp,Accepted,1.0,256.0,2047,
s758270328,p03209,u788341294,1551246455,C++,C++14 (GCC 5.4.1),cpp,Accepted,1.0,256.0,2147,
s565035159,p03209,u537905693,1551238104,Python,Python (3.4.3),py,Accepted,18.0,3064.0,646,
s276168973,p03209,u902973687,1551228785,Python,Python (3.4.3),py,Accepted,18.0,3064.0,1099,
s588166935,p03209,u672541593,1551202082,C++,C++14 (GCC 5.4.1),cpp,Accepted,1.0,256.0,575,
s798971615,p03209,u303059352,1551200932,C++,C++14 (GCC 5.4.1),cpp,Accepted,1.0,256.0,485,
s900151494,p03209,u266643907,1551200732,C++,C++14 (GCC 5.4.1),cpp,Accepted,1.0,256.0,1326,
s329678208,p03209,u303059352,1551200480,C++,C++14 (GCC 5.4.1),cpp,Accepted,1.0,256.0,3238,
s791934938,p03209,u379959788,1551150780,Python,Python (3.4.3),py,Accepted,17.0,3188.0,311,
s694778096,p03209,u052332717,1551133868,C++,C++14 (GCC 5.4.1),cpp,Accepted,1.0,256.0,538,
s132695927,p03209,u559765551,1551130711,C++,C++14 (GCC 5.4.1),cpp,Accepted,1.0,256.0,1124,
s895077139,p03209,u604023588,1551101228,C++,C++14 (GCC 5.4.1),cpp,Accepted,1.0,256.0,878,
s696556501,p03209,u604023588,1551100753,C++,C++14 (GCC 5.4.1),cpp,Accepted,1.0,256.0,829,
s772820025,p03209,u394919721,1551035659,C++,C++14 (GCC 5.4.1),cpp,Accepted,1.0,256.0,4161,
s532092627,p03209,u475442247,1551034620,Python,Python (3.4.3),py,Accepted,18.0,3060.0,283,
s053307439,p03209,u061912210,1551032014,C++,C++14 (GCC 5.4.1),cpp,Accepted,1.0,256.0,523,
s171037761,p03209,u525974535,1551027424,C++,C++14 (GCC 5.4.1),cpp,Accepted,1.0,256.0,795,
s738501012,p03209,u968790411,1550991318,C++,C++14 (GCC 5.4.1),cpp,Accepted,1.0,256.0,854,
s013386860,p03209,u931941106,1550981971,C++,C++14 (GCC 5.4.1),cpp,Accepted,1.0,128.0,588,
s773972453,p03209,u846150137,1550975537,Python,Python (3.4.3),py,Accepted,18.0,3064.0,268,
s420619380,p03209,u846150137,1550975299,Python,Python (3.4.3),py,Accepted,18.0,3064.0,286,
s430453992,p03209,u318785595,1550964098,C++,C++14 (GCC 5.4.1),cpp,Accepted,1.0,256.0,789,
s971188235,p03209,u677440371,1550954584,Python,Python (3.4.3),py,Accepted,18.0,3064.0,591,
s166407095,p03209,u325227960,1550912723,Python,Python (3.4.3),py,Accepted,17.0,3064.0,556,
s574580935,p03209,u727099903,1550905095,C++,C++14 (GCC 5.4.1),cpp,Accepted,1.0,256.0,923,
s831535885,p03209,u104741254,1550891445,C++,C++14 (GCC 5.4.1),cpp,Accepted,1.0,256.0,783,
s977344434,p03209,u677440371,1550877721,Python,Python (3.4.3),py,Accepted,17.0,3064.0,584,
s728781552,p03209,u517309493,1550874706,C++,C++14 (GCC 5.4.1),cpp,Accepted,1.0,256.0,940,
s967049557,p03209,u167523937,1550863313,Python,Python (3.4.3),py,Accepted,19.0,3188.0,534,
s078334777,p03209,u085717502,1550814949,Python,Python (3.4.3),py,Accepted,18.0,3064.0,514,
s550013101,p03209,u823444917,1550790122,C++,C++14 (GCC 5.4.1),cpp,Accepted,1.0,256.0,542,
s744891232,p03209,u285598935,1550725957,C++,C++14 (GCC 5.4.1),cpp,Accepted,1.0,256.0,1469,
s500559393,p03209,u484655382,1550718658,C++,C++14 (GCC 5.4.1),cpp,Accepted,1.0,256.0,802,
s361545469,p03209,u704411633,1550705316,C++,C++14 (GCC 5.4.1),cpp,Accepted,1.0,256.0,727,
s593295275,p03209,u254900576,1550702445,C++,C++14 (GCC 5.4.1),cpp,Accepted,1.0,256.0,765,
s050832567,p03209,u900834830,1550608375,C++,C++14 (GCC 5.4.1),cpp,Accepted,1.0,256.0,807,
s302654351,p03209,u593005350,1550598529,Python,Python (3.4.3),py,Accepted,18.0,3064.0,534,
s311365779,p03209,u407614884,1550555472,C++,C++14 (GCC 5.4.1),cpp,Accepted,3.0,256.0,1014,
s022071707,p03209,u568682546,1550518684,C++,C++14 (GCC 5.4.1),cpp,Accepted,1.0,256.0,902,
s831421475,p03209,u726604439,1550480780,C++,C++14 (GCC 5.4.1),cpp,Accepted,1.0,256.0,561,
s789612475,p03209,u533039576,1550477919,C++,C++14 (GCC 5.4.1),cpp,Accepted,1.0,128.0,489,
s093089191,p03209,u102367647,1550435813,Python,Python (3.4.3),py,Accepted,17.0,3064.0,457,
s560877274,p03209,u633065537,1550383684,C++,C++14 (GCC 5.4.1),cpp,Accepted,1.0,256.0,711,
s076679396,p03209,u196497077,1550367745,C++,C++14 (GCC 5.4.1),cpp,Accepted,1.0,256.0,1062,
s262170058,p03209,u219607170,1550362313,Python,Python (3.4.3),py,Accepted,18.0,3064.0,478,
s131999994,p03209,u367602070,1550294138,C++,C++14 (GCC 5.4.1),cpp,Accepted,1.0,256.0,1917,
s166934998,p03209,u047197186,1550283011,Python,Python (3.4.3),py,Accepted,18.0,3064.0,486,
s678801049,p03209,u955251526,1550277105,Python,Python (3.4.3),py,Accepted,18.0,3060.0,395,
s709084609,p03209,u295988383,1550200943,C++,C++14 (GCC 5.4.1),cpp,Accepted,1.0,256.0,863,
s507367407,p03209,u724732842,1550188317,C++,C++14 (GCC 5.4.1),cpp,Accepted,1.0,256.0,984,
s262699746,p03209,u157322125,1550176105,C++,C++14 (GCC 5.4.1),cpp,Accepted,1.0,256.0,661,
s121797865,p03209,u442581202,1550174619,Python,Python (3.4.3),py,Accepted,17.0,3064.0,453,
s825751492,p03209,u146594935,1550173747,C++,C++14 (GCC 5.4.1),cpp,Accepted,1.0,256.0,839,
s259291841,p03209,u146594935,1550173714,C++,C++14 (GCC 5.4.1),cpp,Accepted,1.0,256.0,840,
s944261904,p03209,u374103100,1550168328,Python,Python (3.4.3),py,Accepted,17.0,3064.0,425,
s245658980,p03209,u533184619,1550141825,C++,C++14 (GCC 5.4.1),cpp,Accepted,1.0,256.0,573,
s785514710,p03209,u306142032,1550118834,C++,C++14 (GCC 5.4.1),cpp,Accepted,2.0,384.0,1274,
s482939687,p03209,u181526702,1550116130,Python,Python (3.4.3),py,Accepted,19.0,3060.0,320,
s989424333,p03209,u482969053,1550111351,C++,C++14 (GCC 5.4.1),cpp,Accepted,1.0,256.0,821,
s680885232,p03209,u832039789,1550069312,C++,C++14 (GCC 5.4.1),cpp,Accepted,1.0,256.0,6406,
s843232534,p03209,u932207363,1550023465,C++,C++14 (GCC 5.4.1),cpp,Accepted,2.0,384.0,795,
s092364480,p03209,u355254193,1550009306,C++,C++14 (GCC 5.4.1),cpp,Accepted,1.0,256.0,1333,
s947875273,p03209,u355254193,1550008129,C++,C++14 (GCC 5.4.1),cpp,Accepted,1.0,256.0,1365,
s855273995,p03209,u355254193,1550007903,C++,C++14 (GCC 5.4.1),cpp,Accepted,1.0,256.0,1269,
s929049741,p03209,u307578234,1550000805,C++,C++14 (GCC 5.4.1),cpp,Accepted,1.0,256.0,1653,
s216680296,p03209,u307578234,1550000345,C++,C++14 (GCC 5.4.1),cpp,Accepted,1.0,256.0,1710,
s680999715,p03209,u050138914,1549956605,C++,C++14 (GCC 5.4.1),cpp,Accepted,1.0,256.0,1143,
s459036479,p03209,u426683236,1549944220,Python,Python (3.4.3),py,Accepted,22.0,3684.0,877,
s120636305,p03209,u426683236,1549943965,Python,Python (3.4.3),py,Accepted,23.0,3684.0,863,
s720263137,p03209,u766684188,1549939606,Python,Python (3.4.3),py,Accepted,19.0,3064.0,278,
s286353147,p03209,u277665747,1549929435,Python,Python (3.4.3),py,Accepted,17.0,3064.0,1174,
s068849834,p03209,u690700473,1549918189,Python,Python (3.4.3),py,Accepted,19.0,3064.0,935,
s129318501,p03209,u324090406,1549910150,C++,C++14 (GCC 5.4.1),cpp,Accepted,1.0,256.0,632,
s255895609,p03209,u500092662,1549877397,C++,C++14 (Clang 3.8.0),cpp,Accepted,1.0,256.0,1039,
s635118267,p03209,u427052796,1549860960,C++,C++14 (GCC 5.4.1),cpp,Accepted,1.0,256.0,696,
s217230900,p03209,u645369394,1549856849,C++,C++14 (GCC 5.4.1),cpp,Accepted,1.0,256.0,679,
s593382846,p03209,u782098901,1549856714,C++,C++14 (GCC 5.4.1),cpp,Accepted,1.0,256.0,545,
s858943541,p03209,u055148700,1549826850,C++,C++14 (GCC 5.4.1),cpp,Accepted,1.0,256.0,592,
s567109667,p03209,u187205913,1549823997,Python,Python (3.4.3),py,Accepted,20.0,3188.0,285,
s382904364,p03209,u546897790,1549766508,C++,C++14 (GCC 5.4.1),cpp,Accepted,1.0,256.0,1578,
s475708613,p03209,u335038698,1549747567,Python,Python (3.4.3),py,Accepted,18.0,3064.0,516,
s339327322,p03209,u910158862,1549741847,Python,Python (3.4.3),py,Accepted,18.0,3064.0,315,
s318239474,p03209,u763741681,1549739486,Python,Python (3.4.3),py,Accepted,18.0,3064.0,357,
s960180723,p03209,u845152373,1549722481,C++,C++14 (GCC 5.4.1),cpp,Accepted,8.0,764.0,984,
s628687484,p03209,u566755496,1549698868,C++,C++14 (GCC 5.4.1),cpp,Accepted,2.0,2304.0,638,
s073982806,p03209,u332906195,1549695560,Python,Python (3.4.3),py,Accepted,18.0,3064.0,454,
s073594276,p03209,u045547337,1549672652,C++,C++14 (GCC 5.4.1),cpp,Accepted,1.0,256.0,782,
s463837617,p03209,u729133443,1549626708,Python,PyPy3 (2.4.0),py,Accepted,197.0,38256.0,351,
s116058574,p03209,u729133443,1549626681,Python,Python (3.4.3),py,Accepted,26.0,3684.0,351,
s101545482,p03209,u350248178,1549607195,Python,Python (3.4.3),py,Accepted,18.0,3060.0,273,
s584144793,p03209,u255768548,1549582609,C++,C++14 (GCC 5.4.1),cpp,Accepted,1.0,256.0,1017,
s507405170,p03209,u087917227,1549573184,Python,Python (3.4.3),py,Accepted,19.0,3064.0,348,
s485230909,p03209,u295212746,1549543159,C++,C++14 (GCC 5.4.1),cpp,Accepted,1.0,256.0,873,
s828133141,p03209,u174394352,1549528187,Python,PyPy3 (2.4.0),py,Accepted,178.0,40368.0,440,
s998691393,p03209,u626129192,1549522050,C++,C++14 (GCC 5.4.1),cpp,Accepted,2.0,384.0,1316,
s074108153,p03209,u619458041,1549498799,Python,Python (3.4.3),py,Accepted,19.0,3064.0,427,
s750006024,p03209,u503052349,1549483168,C++,C++14 (GCC 5.4.1),cpp,Accepted,1.0,256.0,859,
s180566757,p03209,u596276291,1549477005,Python,Python (3.4.3),py,Accepted,28.0,3956.0,1716,
s035489665,p03209,u343930666,1549448490,C++,C++14 (GCC 5.4.1),cpp,Accepted,1.0,256.0,1209,
s638000018,p03209,u335278042,1549425672,C++,C++14 (GCC 5.4.1),cpp,Accepted,1.0,256.0,816,
s177207620,p03209,u030090262,1549392899,C++,C++14 (GCC 5.4.1),cpp,Accepted,1.0,256.0,548,
s282633699,p03209,u878615689,1549359770,C++,C++14 (GCC 5.4.1),cpp,Accepted,1.0,256.0,2058,
s013712220,p03209,u278446060,1549346063,C++,C++14 (GCC 5.4.1),cpp,Accepted,1.0,256.0,828,
s732731725,p03209,u210440747,1549342951,Python,Python (3.4.3),py,Accepted,19.0,3064.0,766,
s482279580,p03209,u651032293,1549339458,C++,C++14 (GCC 5.4.1),cpp,Accepted,1.0,256.0,596,
s870954269,p03209,u362800497,1549306745,C++,C++14 (GCC 5.4.1),cpp,Accepted,1.0,256.0,912,
s206702242,p03209,u352811222,1549299483,C++,C++14 (GCC 5.4.1),cpp,Accepted,1.0,256.0,526,
s099369167,p03209,u465317453,1549281111,C++,C++14 (GCC 5.4.1),cpp,Accepted,1.0,256.0,2870,
s347414459,p03209,u465317453,1549271853,C++,C++14 (GCC 5.4.1),cpp,Accepted,1.0,256.0,2888,
s383324090,p03209,u317918118,1549268948,C++,C++14 (GCC 5.4.1),cpp,Accepted,1.0,256.0,694,
s180635076,p03209,u406158207,1549235274,C++,C++14 (GCC 5.4.1),cpp,Accepted,1.0,256.0,1132,
s757458245,p03209,u741397536,1549224689,Python,Python (3.4.3),py,Accepted,18.0,3064.0,392,
s570562337,p03209,u758765597,1549223154,C++,C++14 (GCC 5.4.1),cpp,Accepted,1.0,256.0,814,
s309073914,p03209,u770161743,1549184071,C++,C++14 (GCC 5.4.1),cpp,Accepted,1.0,256.0,917,
s409959886,p03209,u937529125,1549171250,Python,Python (3.4.3),py,Accepted,18.0,3064.0,507,
s150097477,p03209,u489197691,1549167183,C++,C++14 (Clang 3.8.0),cpp,Accepted,1.0,256.0,837,
s160582751,p03209,u903948194,1549159800,Python,Python (3.4.3),py,Accepted,18.0,3064.0,321,
s314891784,p03209,u751964641,1549145154,C++,C++14 (GCC 5.4.1),cpp,Accepted,1.0,256.0,708,
s117481409,p03209,u751964641,1549145097,C++,C++14 (GCC 5.4.1),cpp,Accepted,1.0,256.0,716,
s479354896,p03209,u506689504,1549123854,Python,Python (3.4.3),py,Accepted,19.0,3064.0,568,
s425560224,p03209,u506689504,1549123807,Python,Python (3.4.3),py,Accepted,18.0,3064.0,1104,
s029180571,p03209,u332172571,1549093075,C++,C++14 (GCC 5.4.1),cpp,Accepted,2.0,256.0,1202,
s799721090,p03209,u540511377,1549087176,C++,C++14 (GCC 5.4.1),cpp,Accepted,1.0,256.0,1139,
s830960725,p03209,u983918956,1549056240,Python,Python (3.4.3),py,Accepted,19.0,3064.0,710,
s349059558,p03209,u983918956,1549056108,Python,Python (3.4.3),py,Accepted,18.0,3064.0,967,
s425591981,p03209,u220904910,1549050024,Python,Python (3.4.3),py,Accepted,18.0,3064.0,389,
s284284484,p03209,u722397179,1549007406,C++,C++14 (GCC 5.4.1),cpp,Accepted,1.0,256.0,621,
s281279107,p03209,u866879589,1548920978,C++,C++14 (GCC 5.4.1),cpp,Accepted,2.0,256.0,1941,
s544220311,p03209,u355335354,1548833397,C++,C++14 (GCC 5.4.1),cpp,Accepted,1.0,256.0,2403,
s155547052,p03209,u901098617,1548810282,Python,Python (3.4.3),py,Accepted,18.0,3064.0,387,
s927822184,p03209,u309977459,1548792209,Python,Python (3.4.3),py,Accepted,18.0,3064.0,483,
s938739911,p03209,u785578220,1548727408,Python,Python (3.4.3),py,Accepted,18.0,3064.0,298,
s990348189,p03209,u580502851,1548704176,Python,Python (3.4.3),py,Accepted,18.0,3064.0,266,
s195664052,p03209,u131213364,1548687900,Python,Python (3.4.3),py,Accepted,18.0,3060.0,512,
s456734545,p03209,u843522325,1548632562,C++,C++14 (GCC 5.4.1),cpp,Accepted,1.0,256.0,898,
s742172594,p03209,u688782964,1548614594,C++,C++14 (GCC 5.4.1),cpp,Accepted,1.0,256.0,435,
s267608807,p03209,u633105820,1548613892,Python,Python (3.4.3),py,Accepted,19.0,3064.0,1061,
s961810781,p03209,u806201407,1548608385,C++,C++14 (GCC 5.4.1),cpp,Accepted,1.0,256.0,559,
s383207020,p03209,u806201407,1548607115,C++,C++14 (GCC 5.4.1),cpp,Accepted,1.0,256.0,836,
s340540438,p03209,u000623733,1548566684,Python,Python (3.4.3),py,Accepted,18.0,3064.0,395,
s950540576,p03209,u415041731,1548541386,C++,C++14 (GCC 5.4.1),cpp,Accepted,1.0,256.0,1665,
s160958366,p03209,u160244242,1548538381,Python,Python (3.4.3),py,Accepted,18.0,3064.0,861,
s068231556,p03209,u255657363,1548535352,C++,C++14 (GCC 5.4.1),cpp,Accepted,1.0,256.0,384,
s317993774,p03209,u142878260,1548516625,C++,C++14 (GCC 5.4.1),cpp,Accepted,1.0,256.0,5634,
s379056931,p03209,u855219015,1548511344,Python,Python (3.4.3),py,Accepted,18.0,3064.0,471,
s407247707,p03209,u152315108,1548488526,C++,C++14 (GCC 5.4.1),cpp,Accepted,1.0,256.0,617,
s082590872,p03209,u230265105,1548467654,C++,C++14 (GCC 5.4.1),cpp,Accepted,1.0,256.0,446,
s387698607,p03209,u093170535,1548453274,C++,C++14 (GCC 5.4.1),cpp,Accepted,1.0,256.0,286,
s394999244,p03209,u866169813,1548412662,Python,Python (3.4.3),py,Accepted,18.0,3064.0,499,
s158660521,p03209,u820560680,1548371569,C++,C++14 (GCC 5.4.1),cpp,Accepted,1.0,256.0,2007,
s431931063,p03209,u994577348,1548313544,C++,C++14 (GCC 5.4.1),cpp,Accepted,1.0,256.0,635,
s986398518,p03209,u218356514,1548303982,C++,C++14 (GCC 5.4.1),cpp,Accepted,1.0,256.0,718,
s470106452,p03209,u923712635,1548303056,Python,Python (3.4.3),py,Accepted,18.0,3064.0,549,
s532387589,p03209,u188117876,1548278539,C++,C++14 (GCC 5.4.1),cpp,Accepted,1.0,256.0,675,
s870124056,p03209,u920624488,1548275059,Python,Python (3.4.3),py,Accepted,18.0,3064.0,342,
s015495720,p03209,u136869985,1548217582,C++,C++14 (GCC 5.4.1),cpp,Accepted,1.0,256.0,1401,
s028780827,p03209,u368780724,1548217100,Python,Python (3.4.3),py,Accepted,18.0,3064.0,498,
s208745366,p03209,u540300321,1548213576,C++,C++14 (GCC 5.4.1),cpp,Accepted,1.0,256.0,565,
s497736104,p03209,u879870653,1548205924,Python,Python (3.4.3),py,Accepted,18.0,3064.0,494,
s766242441,p03209,u879870653,1548205880,Python,Python (3.4.3),py,Accepted,18.0,3064.0,503,
s933008282,p03209,u861466636,1548201723,Python,Python (3.4.3),py,Accepted,19.0,3064.0,468,
s177205905,p03209,u218842729,1548180608,C++,C++14 (GCC 5.4.1),cpp,Accepted,1.0,256.0,1281,
s764663185,p03209,u798942590,1548152149,C++,C++14 (GCC 5.4.1),cpp,Accepted,1.0,256.0,541,
s398958415,p03209,u745685739,1548130018,C++,C++14 (GCC 5.4.1),cpp,Accepted,1.0,256.0,609,
s196930975,p03209,u791238464,1548127933,C++,C++14 (GCC 5.4.1),cpp,Accepted,1.0,256.0,510,
s925957367,p03209,u369142620,1548100926,Python,Python (3.4.3),py,Accepted,18.0,3064.0,291,
s949471904,p03209,u316170293,1548022057,C++,C++ (GCC 5.4.1),cpp,Accepted,1.0,256.0,1168,
s230975885,p03209,u180262908,1548021274,C++,C++14 (GCC 5.4.1),cpp,Accepted,1.0,256.0,636,
s631637217,p03209,u687343821,1548000888,C++,C++14 (GCC 5.4.1),cpp,Accepted,1.0,256.0,859,
s695759704,p03209,u821084099,1548000466,Python,Python (3.4.3),py,Accepted,19.0,3064.0,289,
s615715440,p03209,u828706986,1547995999,C++,C++14 (GCC 5.4.1),cpp,Accepted,2.0,384.0,1812,
s720668039,p03209,u426057057,1547995712,C++,C++14 (GCC 5.4.1),cpp,Accepted,1.0,256.0,811,
s985056021,p03209,u992183107,1547982718,Python,Python (3.4.3),py,Accepted,18.0,3064.0,317,
s761756579,p03209,u445167028,1547968569,C++,C++14 (GCC 5.4.1),cpp,Accepted,1.0,256.0,458,
s359297180,p03209,u842690472,1547964972,C++,C++14 (GCC 5.4.1),cpp,Accepted,1.0,256.0,526,
s948011800,p03209,u355661029,1547963989,Python,Python (3.4.3),py,Accepted,20.0,3064.0,481,
s605540957,p03209,u123896133,1547957349,C++,C++14 (GCC 5.4.1),cpp,Accepted,1.0,256.0,945,
s123282308,p03209,u059262067,1547954958,Python,Python (3.4.3),py,Accepted,17.0,3064.0,476,
s092149406,p03209,u262869085,1547949316,Python,Python (3.4.3),py,Accepted,18.0,3064.0,395,
s932001334,p03209,u416434647,1547947353,C++,C++14 (GCC 5.4.1),cpp,Accepted,1.0,256.0,499,
s505234000,p03209,u724732842,1547941646,Python,Python (3.4.3),py,Accepted,18.0,3064.0,447,
s406035206,p03209,u526455835,1547933300,C++,C++14 (GCC 5.4.1),cpp,Accepted,1.0,256.0,980,
s084385189,p03209,u031448582,1547927909,C++,C++14 (GCC 5.4.1),cpp,Accepted,1.0,256.0,546,
s982875232,p03209,u031448582,1547927651,C++,C++14 (GCC 5.4.1),cpp,Accepted,2.0,384.0,561,
s919242172,p03209,u228214259,1547910926,C++,C++14 (GCC 5.4.1),cpp,Accepted,1.0,256.0,558,
s870247293,p03209,u811925505,1547878599,C++,C++ (GCC 5.4.1),cpp,Accepted,1.0,128.0,993,
s413057211,p03209,u784706568,1547874354,C++,C++14 (GCC 5.4.1),cpp,Accepted,1.0,256.0,735,
s655804577,p03209,u784706568,1547874013,C++,C++14 (GCC 5.4.1),cpp,Accepted,2.0,128.0,1107,
s954568838,p03209,u784706568,1547873872,C++,C++14 (GCC 5.4.1),cpp,Accepted,1.0,256.0,1758,
s313780387,p03209,u650369601,1547856777,C++,C++14 (GCC 5.4.1),cpp,Accepted,1.0,256.0,543,
s005574690,p03209,u356738755,1547852437,C++,C++14 (GCC 5.4.1),cpp,Accepted,1.0,256.0,865,
s620707480,p03209,u868040597,1547787637,Python,Python (3.4.3),py,Accepted,18.0,3064.0,450,
s314669940,p03209,u898749314,1547772677,C++,C++14 (GCC 5.4.1),cpp,Accepted,1.0,256.0,1173,
s686997641,p03209,u656732735,1547763686,C++,C++14 (GCC 5.4.1),cpp,Accepted,1.0,256.0,856,
s657898376,p03209,u495267515,1547761884,C++,C++14 (GCC 5.4.1),cpp,Accepted,1.0,256.0,4048,
s828620315,p03209,u068362919,1547705606,C++,C++14 (GCC 5.4.1),cpp,Accepted,1.0,256.0,1573,
s917830843,p03209,u320267096,1547682983,C++,C++14 (GCC 5.4.1),cpp,Accepted,1.0,256.0,714,
s047074346,p03209,u182870307,1547681288,Python,Python (3.4.3),py,Accepted,18.0,3064.0,323,
s197945863,p03209,u254634413,1547637528,C++,C++14 (GCC 5.4.1),cpp,Accepted,1.0,256.0,1184,
s641334982,p03209,u820389622,1547613436,C++,C++14 (GCC 5.4.1),cpp,Accepted,1.0,256.0,738,
s093405985,p03209,u537963083,1547611055,C++,C++14 (GCC 5.4.1),cpp,Accepted,1.0,256.0,863,
s115467222,p03209,u794173881,1547609286,Python,PyPy3 (2.4.0),py,Accepted,184.0,38256.0,284,
s546074152,p03209,u102602414,1547568703,C++,C++14 (GCC 5.4.1),cpp,Accepted,1.0,256.0,1010,
s677156495,p03209,u205367115,1547550170,C++,C++14 (Clang 3.8.0),cpp,Accepted,1.0,256.0,972,
s506778600,p03209,u683134447,1547536653,C++,C++14 (GCC 5.4.1),cpp,Accepted,1.0,256.0,1239,
s071851440,p03209,u379710681,1547482440,C++,C++14 (GCC 5.4.1),cpp,Accepted,1.0,256.0,776,
s255510904,p03209,u977389981,1547477989,Python,Python (3.4.3),py,Accepted,18.0,3064.0,325,
s571376407,p03209,u102902647,1547453131,Python,PyPy3 (2.4.0),py,Accepted,173.0,38384.0,347,
s362311000,p03209,u350561621,1547448066,C++,C++14 (GCC 5.4.1),cpp,Accepted,1.0,128.0,465,
s447237966,p03209,u517309493,1547418290,C++,C++14 (GCC 5.4.1),cpp,Accepted,3.0,256.0,940,
s031006413,p03209,u450883456,1547409342,C++,C++14 (GCC 5.4.1),cpp,Accepted,1.0,256.0,584,
s022192341,p03209,u747911055,1547381761,Python,Python (2.7.6),py,Accepted,12.0,2696.0,1240,
s385579594,p03209,u091659432,1547334336,C++,C++14 (GCC 5.4.1),cpp,Accepted,1.0,256.0,1274,
s529541765,p03209,u076635704,1547332564,C++,C++14 (GCC 5.4.1),cpp,Accepted,1.0,256.0,931,
s700799850,p03209,u360116509,1547331894,Python,Python (3.4.3),py,Accepted,18.0,3064.0,434,
s532564243,p03209,u774652316,1547323029,C++,C++14 (GCC 5.4.1),cpp,Accepted,1.0,256.0,740,
s563263966,p03209,u340980616,1547258051,C++,C++14 (GCC 5.4.1),cpp,Accepted,1.0,256.0,1104,
s091101680,p03209,u513876365,1547239281,Python,Python (3.4.3),py,Accepted,18.0,3064.0,493,
s709000648,p03209,u846522771,1547235676,Python,Python (3.4.3),py,Accepted,18.0,3064.0,261,
s568409157,p03209,u388927326,1547195760,Python,Python (3.4.3),py,Accepted,34.0,4068.0,1203,
s722929454,p03209,u136090046,1547172850,Python,Python (3.4.3),py,Accepted,19.0,3064.0,1308,
s775054831,p03209,u535907456,1547170245,Python,Python (3.4.3),py,Accepted,18.0,3064.0,464,
s145888573,p03209,u147049801,1547158647,C++,C++14 (GCC 5.4.1),cpp,Accepted,1.0,256.0,1684,
s955185955,p03209,u205580583,1547098654,Python,Python (3.4.3),py,Accepted,18.0,3064.0,433,
s164982823,p03209,u848504701,1547012058,C++,C++14 (GCC 5.4.1),cpp,Accepted,3.0,384.0,734,
s837286476,p03209,u794250528,1547001451,Python,Python (3.4.3),py,Accepted,18.0,3064.0,328,
s254286227,p03209,u977389981,1546964084,Python,Python (3.4.3),py,Accepted,18.0,3064.0,328,
s277231872,p03209,u055045643,1546913803,C++,C++14 (GCC 5.4.1),cpp,Accepted,1.0,256.0,535,
s610289118,p03209,u119098168,1546889726,C++,C++14 (GCC 5.4.1),cpp,Accepted,1.0,256.0,652,
s695396286,p03209,u119098168,1546847109,C++,C++14 (GCC 5.4.1),cpp,Accepted,1.0,256.0,880,
s015394228,p03209,u134896569,1546839322,C++,C++14 (GCC 5.4.1),cpp,Accepted,1.0,256.0,888,
s277245565,p03209,u414939626,1546799281,C++,C++14 (GCC 5.4.1),cpp,Accepted,2.0,256.0,584,
s703702996,p03209,u794547224,1546752803,C++,C++14 (GCC 5.4.1),cpp,Accepted,1.0,256.0,1527,
s449090754,p03209,u394634573,1546742097,C++,C++14 (GCC 5.4.1),cpp,Accepted,1.0,256.0,690,
s039195293,p03209,u735499035,1546740160,C++,C++14 (GCC 5.4.1),cpp,Accepted,1.0,256.0,1261,
s175898338,p03209,u004025573,1546738631,Python,Python (3.4.3),py,Accepted,18.0,3064.0,431,
s140406076,p03209,u443501811,1546706479,C++,C++14 (Clang 3.8.0),cpp,Accepted,1.0,256.0,2413,
s042748122,p03209,u045291627,1546658697,C++,C++14 (GCC 5.4.1),cpp,Accepted,1.0,256.0,735,
s331449419,p03209,u045291627,1546658636,C++,C++14 (GCC 5.4.1),cpp,Accepted,1.0,256.0,746,
s236508652,p03209,u045291627,1546657555,C++,C++14 (GCC 5.4.1),cpp,Accepted,1.0,256.0,820,
s726208547,p03209,u209857301,1546631715,C++,C++14 (GCC 5.4.1),cpp,Accepted,1.0,256.0,1512,
s739450245,p03209,u061916079,1546612450,C++,C++14 (GCC 5.4.1),cpp,Accepted,1.0,256.0,5442,
s923036759,p03209,u561339958,1546568322,Python,Python (3.4.3),py,Accepted,17.0,3064.0,317,
s810788595,p03209,u593063683,1546557210,Python,Python (3.4.3),py,Accepted,19.0,3064.0,1426,
s872974722,p03209,u477320129,1546552851,Python,Python (3.4.3),py,Accepted,19.0,3064.0,434,
s453496176,p03209,u114445216,1546549030,C++,C++14 (GCC 5.4.1),cpp,Accepted,1.0,256.0,671,
s409043151,p03209,u513244786,1546534990,C++,C++14 (GCC 5.4.1),cpp,Accepted,1.0,256.0,823,
s155468936,p03209,u011300844,1546506565,Python,Python (3.4.3),py,Accepted,18.0,3064.0,627,
s853211509,p03209,u575653048,1546492899,Python,Python (3.4.3),py,Accepted,19.0,3064.0,716,
s989158917,p03209,u768152935,1546484104,C++,C++14 (GCC 5.4.1),cpp,Accepted,1.0,256.0,1031,
s327001444,p03209,u768152935,1546481441,C++,C++14 (GCC 5.4.1),cpp,Accepted,1.0,256.0,1027,
s047938923,p03209,u093922224,1546476900,C++,C++14 (GCC 5.4.1),cpp,Accepted,1.0,256.0,2137,
s474870981,p03209,u093922224,1546476757,C++,C++14 (GCC 5.4.1),cpp,Accepted,1.0,256.0,2131,
s785165584,p03209,u406158207,1546467185,C++,C++14 (GCC 5.4.1),cpp,Accepted,1.0,256.0,1139,
s289964334,p03209,u071730284,1546447580,C++,C++14 (GCC 5.4.1),cpp,Accepted,1.0,256.0,24330,
s316522528,p03209,u342051078,1546433640,C++,C++14 (GCC 5.4.1),cpp,Accepted,1.0,256.0,616,
s463913596,p03209,u904833081,1546415989,C++,C++14 (GCC 5.4.1),cpp,Accepted,1.0,256.0,752,
s857481418,p03209,u451748673,1546404914,C++,C++14 (GCC 5.4.1),cpp,Accepted,1.0,256.0,1145,
s512839494,p03209,u064246852,1546394058,Python,Python (3.4.3),py,Accepted,18.0,3064.0,320,
s726012271,p03209,u174463135,1546391439,C++,C++14 (GCC 5.4.1),cpp,Accepted,1.0,256.0,510,
s767659007,p03209,u852158538,1546389046,C++,C++14 (GCC 5.4.1),cpp,Accepted,1.0,256.0,1023,
s491428717,p03209,u667084803,1546339647,Python,Python (3.4.3),py,Accepted,17.0,3064.0,358,
s887160816,p03209,u501148202,1546321503,C++,C++14 (GCC 5.4.1),cpp,Accepted,1.0,256.0,592,
s559445629,p03209,u977389981,1546291129,Python,Python (3.4.3),py,Accepted,18.0,3064.0,360,
s116414404,p03209,u075012704,1546227635,Python,Python (3.4.3),py,Accepted,18.0,3064.0,556,
s436983535,p03209,u075012704,1546226703,Python,Python (3.4.3),py,Accepted,18.0,3064.0,1113,
s539369880,p03209,u239342230,1546224352,Python,Python (3.4.3),py,Accepted,17.0,3064.0,372,
s575215240,p03209,u389498936,1546216363,C++,C++14 (GCC 5.4.1),cpp,Accepted,1.0,256.0,2192,
s785162428,p03209,u555962250,1546211125,Python,PyPy3 (2.4.0),py,Accepted,169.0,38384.0,254,
s658785891,p03209,u434822333,1546177077,Python,Python (3.4.3),py,Accepted,19.0,3064.0,355,
s753473503,p03209,u415580658,1546170959,C++,C++14 (GCC 5.4.1),cpp,Accepted,3.0,256.0,565,
s038530074,p03209,u808916291,1546150702,C++,C++14 (GCC 5.4.1),cpp,Accepted,1.0,256.0,846,
s575868000,p03209,u858402748,1546138887,C++,C++14 (GCC 5.4.1),cpp,Accepted,1.0,256.0,1051,
s824978285,p03209,u268210555,1546117461,Python,Python (3.4.3),py,Accepted,18.0,3064.0,351,
s694380570,p03209,u657541767,1546115982,Python,Python (3.4.3),py,Accepted,20.0,3064.0,567,
s315256400,p03209,u023515228,1546114011,Python,Python (3.4.3),py,Accepted,17.0,3064.0,940,
s275575472,p03209,u879309973,1546113523,Python,Python (2.7.6),py,Accepted,11.0,2696.0,568,
s342936071,p03209,u879309973,1546113288,Python,Python (2.7.6),py,Accepted,11.0,2696.0,707,
s382490395,p03209,u886274153,1546112669,Python,Python (3.4.3),py,Accepted,18.0,3064.0,640,
s433169896,p03209,u098510720,1546069998,C++,C++14 (GCC 5.4.1),cpp,Accepted,1.0,256.0,7119,
s912113527,p03209,u091454649,1546059584,C++,C++14 (GCC 5.4.1),cpp,Accepted,1.0,256.0,722,
s970905467,p03209,u136930834,1546051744,Python,Python (3.4.3),py,Accepted,20.0,3064.0,354,
s974932943,p03209,u261886891,1546036974,Python,Python (3.4.3),py,Accepted,18.0,3064.0,433,
s335340233,p03209,u620480037,1546017134,Python,Python (3.4.3),py,Accepted,18.0,3064.0,407,
s747847121,p03209,u269963329,1545974108,C++,C++14 (GCC 5.4.1),cpp,Accepted,1.0,256.0,731,
s235663551,p03209,u269963329,1545971565,C++,C++14 (GCC 5.4.1),cpp,Accepted,1.0,256.0,731,
s111054104,p03209,u269963329,1545971505,C++,C++14 (GCC 5.4.1),cpp,Accepted,1.0,256.0,735,
s835255091,p03209,u123756661,1545970943,Python,PyPy3 (2.4.0),py,Accepted,181.0,38256.0,256,
s497112311,p03209,u816645498,1545953006,C++,C++14 (GCC 5.4.1),cpp,Accepted,1.0,256.0,843,
s169033642,p03209,u706604735,1545952046,C++,C++14 (GCC 5.4.1),cpp,Accepted,1.0,256.0,1129,
s421152811,p03209,u677955137,1545947422,C++,C++14 (GCC 5.4.1),cpp,Accepted,1.0,256.0,427,
s576941579,p03209,u677955137,1545945415,C++,C++14 (GCC 5.4.1),cpp,Accepted,1.0,256.0,440,
s124076168,p03209,u637175065,1545938825,Python,Python (3.4.3),py,Accepted,79.0,7620.0,1082,
s106452222,p03209,u467763786,1545938402,C++,C++14 (GCC 5.4.1),cpp,Accepted,1.0,256.0,555,
s286207503,p03209,u723297297,1545937141,C++,C++14 (GCC 5.4.1),cpp,Accepted,1.0,256.0,729,
s615623842,p03209,u513736711,1545926525,C++,C++14 (GCC 5.4.1),cpp,Accepted,1.0,256.0,510,
s832941468,p03209,u013756322,1545891923,Python,Python (3.4.3),py,Accepted,18.0,3064.0,536,
s073113673,p03209,u013756322,1545891712,Python,Python (3.4.3),py,Accepted,18.0,3064.0,531,
s975847408,p03209,u539402331,1545870692,C++,C++14 (GCC 5.4.1),cpp,Accepted,1.0,256.0,405,
s277822837,p03209,u854183149,1545868008,C++,C++14 (GCC 5.4.1),cpp,Accepted,1.0,256.0,515,
s984329533,p03209,u863507492,1545847976,C++,C++14 (GCC 5.4.1),cpp,Accepted,1.0,256.0,1117,
s608007515,p03209,u483896240,1545846066,Python,Python (3.4.3),py,Accepted,18.0,3064.0,341,
s429501716,p03209,u917872461,1545817621,C++,C++14 (GCC 5.4.1),cpp,Accepted,1.0,256.0,573,
s332357917,p03209,u791593901,1545812106,C++,C++14 (GCC 5.4.1),cpp,Accepted,1.0,256.0,2960,
s822167349,p03209,u737455052,1545809081,Python,Python (3.4.3),py,Accepted,17.0,3064.0,446,
s602945165,p03209,u090097090,1545802103,C++,C++14 (GCC 5.4.1),cpp,Accepted,1.0,256.0,749,
s212614307,p03209,u277556971,1545799135,C++,C++14 (GCC 5.4.1),cpp,Accepted,1.0,256.0,821,
s909214486,p03209,u076564993,1545797478,C++,C++14 (GCC 5.4.1),cpp,Accepted,1.0,256.0,1083,
s161215621,p03209,u589432040,1545797086,Python,Python (3.4.3),py,Accepted,18.0,3064.0,1007,
s859845635,p03209,u505825680,1545780045,C++,C++14 (GCC 5.4.1),cpp,Accepted,1.0,256.0,614,
s964037573,p03209,u722038449,1545778911,Python,Python (3.4.3),py,Accepted,18.0,3064.0,465,
s907309363,p03209,u067214952,1545775879,C++,C++14 (GCC 5.4.1),cpp,Accepted,1.0,256.0,1031,
s226378191,p03209,u738810131,1545771951,C++,C++14 (GCC 5.4.1),cpp,Accepted,1.0,256.0,2236,
s893539104,p03209,u611509859,1545763481,Python,Python (3.4.3),py,Accepted,18.0,3064.0,352,
s392915404,p03209,u687548330,1545762898,C++,C++14 (GCC 5.4.1),cpp,Accepted,1.0,256.0,367,
s621012039,p03209,u337802798,1545756247,C++,C++14 (GCC 5.4.1),cpp,Accepted,1.0,256.0,3577,
s857975843,p03209,u128451003,1545731714,C++,C++14 (GCC 5.4.1),cpp,Accepted,1.0,256.0,677,
s948609478,p03209,u128451003,1545731576,C++,C++14 (GCC 5.4.1),cpp,Accepted,1.0,256.0,719,
s695407179,p03209,u846041485,1545723581,C++,C++14 (GCC 5.4.1),cpp,Accepted,1.0,256.0,665,
s284517630,p03209,u353464699,1545721911,C++,C++14 (GCC 5.4.1),cpp,Accepted,1.0,256.0,899,
s998278495,p03209,u147310836,1545705547,Python,Python (2.7.6),py,Accepted,11.0,2568.0,218,
s611432561,p03209,u342566144,1545702992,C++,C++14 (GCC 5.4.1),cpp,Accepted,1.0,256.0,482,
s869294938,p03209,u378419207,1545676443,C++,C++14 (GCC 5.4.1),cpp,Accepted,1.0,256.0,513,
s663051078,p03209,u636273931,1545670500,C++,C++14 (GCC 5.4.1),cpp,Accepted,1.0,128.0,1185,
s833961054,p03209,u713539685,1545626303,Python,Python (3.4.3),py,Accepted,18.0,3064.0,318,
s377391298,p03209,u728732647,1545613784,C++,C++14 (GCC 5.4.1),cpp,Accepted,1.0,256.0,2438,
s080634377,p03209,u879870653,1545611770,Python,Python (3.4.3),py,Accepted,20.0,3064.0,536,
s195600532,p03209,u052746401,1545610966,C++,C++14 (GCC 5.4.1),cpp,Accepted,1.0,256.0,488,
s206799908,p03209,u644265148,1545607979,C++,C++14 (GCC 5.4.1),cpp,Accepted,1.0,256.0,536,
s155583167,p03209,u014655172,1545604061,C++,C++14 (GCC 5.4.1),cpp,Accepted,1.0,256.0,631,
s903496330,p03209,u209713918,1545591087,C++,C++14 (GCC 5.4.1),cpp,Accepted,1.0,128.0,910,
s098992283,p03209,u216772548,1545589189,C++,C++14 (GCC 5.4.1),cpp,Accepted,1.0,256.0,729,
s498214774,p03209,u961595602,1545554193,Python,Python (3.4.3),py,Accepted,18.0,3064.0,971,
s164390094,p03209,u595893956,1545541818,C++,C++14 (GCC 5.4.1),cpp,Accepted,1.0,256.0,529,
s063547848,p03209,u839416285,1545539776,C++,C++14 (GCC 5.4.1),cpp,Accepted,1.0,256.0,964,
s416447248,p03209,u219873012,1545527604,C++,C++14 (GCC 5.4.1),cpp,Accepted,1.0,256.0,2014,
s984962971,p03209,u404075706,1545527594,C++,C++14 (GCC 5.4.1),cpp,Accepted,1.0,256.0,1398,
s017958734,p03209,u219873012,1545527346,C++,C++14 (GCC 5.4.1),cpp,Accepted,1.0,256.0,2011,
s977324210,p03209,u219873012,1545527147,C++,C++14 (GCC 5.4.1),cpp,Accepted,1.0,256.0,2009,
s616217077,p03209,u601812291,1545514311,C++,C++14 (GCC 5.4.1),cpp,Accepted,1.0,256.0,906,
s837011019,p03209,u219873012,1545513126,C++,C++14 (GCC 5.4.1),cpp,Accepted,1.0,256.0,2547,
s865296176,p03209,u219873012,1545512072,C++,C++14 (GCC 5.4.1),cpp,Accepted,1.0,256.0,2073,
s994783658,p03209,u219873012,1545511924,C++,C++14 (GCC 5.4.1),cpp,Accepted,1.0,256.0,2032,
s004485606,p03209,u138486156,1545511793,Python,Python (3.4.3),py,Accepted,18.0,3064.0,304,
s308360655,p03209,u978451970,1545510006,C++,C++14 (GCC 5.4.1),cpp,Accepted,1.0,256.0,1766,
s645009282,p03209,u219873012,1545508091,C++,C++14 (GCC 5.4.1),cpp,Accepted,1.0,256.0,2027,
s895725914,p03209,u646738016,1545507520,C++,C++14 (GCC 5.4.1),cpp,Accepted,1.0,256.0,1750,
s838845422,p03209,u219873012,1545501751,C++,C++14 (GCC 5.4.1),cpp,Accepted,1.0,256.0,1177,
s278208017,p03209,u219873012,1545501281,C++,C++14 (GCC 5.4.1),cpp,Accepted,1.0,256.0,1033,
s234140898,p03209,u864171425,1545494266,C++,C++14 (GCC 5.4.1),cpp,Accepted,1.0,256.0,627,
s436292475,p03209,u678631835,1545471652,C++,C++14 (GCC 5.4.1),cpp,Accepted,1.0,256.0,914,
s676070009,p03209,u219873012,1545465763,C++,C++14 (GCC 5.4.1),cpp,Accepted,1.0,256.0,1801,
s253293479,p03209,u219873012,1545463881,C++,C++14 (GCC 5.4.1),cpp,Accepted,1.0,256.0,2153,
s515667166,p03209,u521364030,1545460128,C++,C++14 (GCC 5.4.1),cpp,Accepted,1.0,256.0,558,
s697447875,p03209,u200030766,1545452014,C++,C++14 (GCC 5.4.1),cpp,Accepted,1.0,256.0,1265,
s785694017,p03209,u518556834,1545450761,Python,Python (3.4.3),py,Accepted,18.0,3064.0,282,
s592614585,p03209,u921592714,1545436392,C++,C++14 (GCC 5.4.1),cpp,Accepted,1.0,256.0,964,
s544065598,p03209,u258530206,1545433477,C++,C++14 (GCC 5.4.1),cpp,Accepted,1.0,256.0,620,
s023670962,p03209,u561186440,1545429538,C++,C++14 (GCC 5.4.1),cpp,Accepted,1.0,256.0,773,
s998115819,p03209,u219873012,1545426035,C++,C++14 (GCC 5.4.1),cpp,Accepted,2.0,384.0,2075,
s378952621,p03209,u756388720,1545423498,C++,C++14 (GCC 5.4.1),cpp,Accepted,1.0,256.0,626,
s030469883,p03209,u054106284,1545419471,Python,Python (3.4.3),py,Accepted,21.0,3064.0,526,
s559905251,p03209,u741895052,1545393442,C++,C++14 (GCC 5.4.1),cpp,Accepted,1.0,256.0,1246,
s536708985,p03209,u756388720,1545369769,C++,C++14 (GCC 5.4.1),cpp,Accepted,1.0,256.0,771,
s288067589,p03209,u156163787,1545369454,C++,C++14 (GCC 5.4.1),cpp,Accepted,1.0,256.0,2492,
s819678158,p03209,u169027725,1545368451,Python,Python (3.4.3),py,Accepted,18.0,3064.0,450,
s644216911,p03209,u789417951,1545364350,C++,C++14 (GCC 5.4.1),cpp,Accepted,1.0,256.0,1235,
s208747393,p03209,u169027725,1545361557,Python,Python (3.4.3),py,Accepted,18.0,3064.0,351,
s853980248,p03209,u758411830,1545346682,C++,C++14 (GCC 5.4.1),cpp,Accepted,1.0,256.0,653,
s199902306,p03209,u219873012,1545346674,C++,C++14 (GCC 5.4.1),cpp,Accepted,1.0,256.0,1943,
s723597327,p03209,u543284218,1545346497,C++,C++14 (Clang 3.8.0),cpp,Accepted,1.0,256.0,1440,
s033867829,p03209,u905802918,1545344206,Python,Python (3.4.3),py,Accepted,18.0,3064.0,854,
s812869071,p03209,u848736574,1545343919,C++,C++14 (GCC 5.4.1),cpp,Accepted,1.0,256.0,1186,
s934063315,p03209,u627803856,1545343322,C++,C++14 (GCC 5.4.1),cpp,Accepted,1.0,256.0,528,
s415919630,p03209,u797740860,1545336884,Python,Python (3.4.3),py,Accepted,18.0,3064.0,451,
s876731939,p03209,u141642872,1545331218,C++,C++14 (GCC 5.4.1),cpp,Accepted,1.0,256.0,691,
s065774118,p03209,u934105772,1545305061,C++,C++14 (GCC 5.4.1),cpp,Accepted,1.0,256.0,538,
s869364523,p03209,u765857778,1545287623,C++,C++14 (GCC 5.4.1),cpp,Accepted,1.0,256.0,1819,
s065286889,p03209,u360980679,1545279123,C++,C++14 (GCC 5.4.1),cpp,Accepted,1.0,256.0,1131,
s448063366,p03209,u820628270,1545271582,C++,C++14 (GCC 5.4.1),cpp,Accepted,1.0,256.0,543,
s582038073,p03209,u914135866,1545269862,C++,C++14 (GCC 5.4.1),cpp,Accepted,1.0,256.0,592,
s603337228,p03209,u049420296,1545264430,C++,C++14 (GCC 5.4.1),cpp,Accepted,1.0,256.0,841,
s090777929,p03209,u790399429,1545259628,C++,C++14 (GCC 5.4.1),cpp,Accepted,1.0,256.0,576,
s130359723,p03209,u472675932,1545259534,C++,C++14 (GCC 5.4.1),cpp,Accepted,1.0,256.0,1126,
s097864174,p03209,u902376752,1545256964,Python,Python (3.4.3),py,Accepted,18.0,3064.0,1093,
s040720890,p03209,u902376752,1545256831,Python,Python (3.4.3),py,Accepted,19.0,3064.0,1031,
s594200882,p03209,u837745858,1545242571,C++,C++14 (GCC 5.4.1),cpp,Accepted,1.0,256.0,545,
s219688949,p03209,u504103417,1545238465,C++,C++14 (GCC 5.4.1),cpp,Accepted,1.0,256.0,774,
s157480784,p03209,u009579822,1545218885,C++,C++14 (GCC 5.4.1),cpp,Accepted,1.0,256.0,835,
s606815744,p03209,u365058393,1545205379,C++,C++14 (GCC 5.4.1),cpp,Accepted,1.0,256.0,791,
s706897751,p03209,u811005174,1545173421,C++,C++14 (GCC 5.4.1),cpp,Accepted,1.0,256.0,724,
s082374559,p03209,u631277801,1545156086,Python,Python (3.4.3),py,Accepted,19.0,3064.0,1077,
s036791560,p03209,u621551154,1545155151,C++,C++14 (GCC 5.4.1),cpp,Accepted,1.0,256.0,661,
s521865569,p03209,u081029414,1545140780,C++,C++14 (GCC 5.4.1),cpp,Accepted,1.0,256.0,1060,
s661911687,p03209,u550943777,1545106773,Python,Python (3.4.3),py,Accepted,18.0,3060.0,329,
s285866836,p03209,u242680486,1545104890,C++,C++14 (GCC 5.4.1),cpp,Accepted,1.0,256.0,1374,
s043836015,p03209,u424110125,1545102476,C++,C++14 (GCC 5.4.1),cpp,Accepted,1.0,256.0,1179,
s377178904,p03209,u125910907,1545095826,C++,C++14 (GCC 5.4.1),cpp,Accepted,1.0,256.0,548,
s702331130,p03209,u177040005,1545095757,Python,Python (3.4.3),py,Accepted,18.0,3064.0,607,
s675345634,p03209,u482544950,1545089511,C++,C++14 (GCC 5.4.1),cpp,Accepted,1.0,256.0,618,
s076914349,p03209,u263654061,1545078788,Python,Python (3.4.3),py,Accepted,18.0,3064.0,336,
s569765132,p03209,u758411830,1545078422,Python,Python (3.4.3),py,Accepted,18.0,3064.0,313,
s689151768,p03209,u859396346,1545064642,C++,C++14 (GCC 5.4.1),cpp,Accepted,1.0,256.0,2256,
s383453500,p03209,u300752229,1545011012,C++,C++14 (GCC 5.4.1),cpp,Accepted,1.0,256.0,6776,
s374019592,p03209,u564902833,1545004893,Python,Python (3.4.3),py,Accepted,18.0,3064.0,323,
s467826290,p03209,u211710805,1545003211,C++,C++14 (GCC 5.4.1),cpp,Accepted,1.0,256.0,947,
s757680744,p03209,u261132915,1544998585,C++,C++14 (GCC 5.4.1),cpp,Accepted,1.0,256.0,295,
s899742353,p03209,u727522039,1544994656,C++,C++14 (GCC 5.4.1),cpp,Accepted,1.0,256.0,1164,
s624168203,p03209,u464804957,1544994017,C++,C++14 (GCC 5.4.1),cpp,Accepted,1.0,256.0,472,
s269592990,p03209,u977554186,1544991409,C++,C++14 (GCC 5.4.1),cpp,Accepted,1.0,256.0,550,
s393876263,p03209,u381416158,1544990014,Python,Python (3.4.3),py,Accepted,17.0,3064.0,773,
s698326332,p03209,u381416158,1544989137,Python,Python (3.4.3),py,Accepted,18.0,3064.0,756,
s434086761,p03209,u716669898,1544988153,Python,Python (2.7.6),py,Accepted,11.0,2568.0,275,
s966794168,p03209,u813098295,1544969186,C++,C++14 (GCC 5.4.1),cpp,Accepted,1.0,256.0,753,
s450270526,p03209,u813098295,1544967735,Python,Python (3.4.3),py,Accepted,18.0,3064.0,589,
s754687950,p03209,u279278928,1544942024,C++,C++14 (GCC 5.4.1),cpp,Accepted,1.0,256.0,918,
s191551867,p03209,u090150453,1544916010,C++,C++14 (GCC 5.4.1),cpp,Accepted,1.0,256.0,836,
s033584478,p03209,u196585321,1544915435,C++,C++14 (GCC 5.4.1),cpp,Accepted,1.0,256.0,838,
s806079448,p03209,u196585321,1544915333,C++,C++14 (GCC 5.4.1),cpp,Accepted,1.0,256.0,814,
s380326794,p03209,u029169777,1544911801,Python,Python (3.4.3),py,Accepted,18.0,3064.0,551,
s274620356,p03209,u227951688,1544910030,C++,C++14 (GCC 5.4.1),cpp,Accepted,1.0,256.0,495,
s054398769,p03209,u925364229,1544909514,Python,Python (3.4.3),py,Accepted,18.0,3064.0,516,
s793436865,p03209,u680806346,1544908895,C++,C++14 (Clang 3.8.0),cpp,Accepted,1.0,256.0,826,
s491839397,p03209,u347163009,1544907870,C++,C++14 (GCC 5.4.1),cpp,Accepted,1.0,256.0,3372,
s870773101,p03209,u056043043,1544894284,C++,C++14 (GCC 5.4.1),cpp,Accepted,1.0,256.0,436,
s362810350,p03209,u537070312,1544885966,C++,C++14 (GCC 5.4.1),cpp,Accepted,1.0,256.0,639,
s005130221,p03209,u084871864,1544869582,C++,C++14 (GCC 5.4.1),cpp,Accepted,1.0,256.0,580,
s581789994,p03209,u813098295,1544854406,Python,Python (3.4.3),py,Accepted,21.0,3188.0,890,
s268404128,p03209,u229842440,1544850829,C++,C++14 (GCC 5.4.1),cpp,Accepted,1.0,256.0,1046,
s142918131,p03209,u293285787,1544849695,C++,C++14 (GCC 5.4.1),cpp,Accepted,2.0,512.0,1907,
s147988315,p03209,u398000383,1544843731,Python,Python (3.4.3),py,Accepted,18.0,3064.0,327,
s095154473,p03209,u398000383,1544840355,Python,Python (3.4.3),py,Accepted,19.0,3064.0,551,
s633189899,p03209,u313427116,1544839368,C++,C++14 (GCC 5.4.1),cpp,Accepted,1.0,256.0,390,
s178362908,p03209,u313427116,1544839112,C++,C++14 (GCC 5.4.1),cpp,Accepted,1.0,256.0,426,
s742241212,p03209,u837286475,1544826489,C++,C++14 (Clang 3.8.0),cpp,Accepted,1.0,256.0,903,
s145899703,p03209,u837286475,1544826386,C++,C++14 (Clang 3.8.0),cpp,Accepted,1.0,256.0,869,
s661432323,p03209,u981861542,1544826026,C++,C++14 (GCC 5.4.1),cpp,Accepted,1.0,256.0,759,
s740812777,p03209,u282280353,1544824055,C++,C++14 (GCC 5.4.1),cpp,Accepted,1.0,256.0,783,
s596961552,p03209,u111840562,1544817526,C++,C++14 (GCC 5.4.1),cpp,Accepted,3.0,256.0,988,
s921677970,p03209,u748069390,1544816708,C++,C++14 (GCC 5.4.1),cpp,Accepted,1.0,256.0,1336,
s735907093,p03209,u010004797,1544813775,C++,C++14 (GCC 5.4.1),cpp,Accepted,1.0,256.0,2719,
s649271542,p03209,u755830696,1544793149,C++,C++14 (GCC 5.4.1),cpp,Accepted,1.0,256.0,764,
s523614833,p03209,u588341295,1544770654,Python,Python (3.4.3),py,Accepted,18.0,3064.0,1249,
s457790583,p03209,u772304668,1544762775,C++,C++14 (GCC 5.4.1),cpp,Accepted,1.0,256.0,774,
s245255794,p03209,u559651225,1544758975,C++,C++14 (GCC 5.4.1),cpp,Accepted,1.0,256.0,905,
s079715056,p03209,u080665644,1544758685,C++,C++14 (GCC 5.4.1),cpp,Accepted,1.0,256.0,521,
s961807921,p03209,u742987397,1544757976,C++,C++14 (GCC 5.4.1),cpp,Accepted,1.0,256.0,1073,
s878066110,p03209,u905872604,1544754765,C++,C++14 (GCC 5.4.1),cpp,Accepted,3.0,384.0,520,
s582763800,p03209,u301556725,1544748947,C++,C++14 (GCC 5.4.1),cpp,Accepted,2.0,384.0,530,
s653794408,p03209,u591440280,1544748377,C++,C++14 (GCC 5.4.1),cpp,Accepted,1.0,256.0,926,
s821503383,p03209,u817142576,1544744497,C++,C++14 (GCC 5.4.1),cpp,Accepted,9.0,764.0,859,
s702211445,p03209,u816587940,1544740989,Python,Python (3.4.3),py,Accepted,18.0,3064.0,618,
s612800836,p03209,u165567408,1544737954,C++,C++14 (GCC 5.4.1),cpp,Accepted,1.0,256.0,898,
s606540288,p03209,u471823753,1544736078,C++,C++14 (GCC 5.4.1),cpp,Accepted,1.0,256.0,663,
s444397872,p03209,u372550522,1544734410,C++,C++14 (GCC 5.4.1),cpp,Accepted,2.0,512.0,588,
s467591067,p03209,u248995595,1544732688,C++,C++14 (Clang 3.8.0),cpp,Accepted,1.0,256.0,1362,
s484045293,p03209,u465233477,1544732658,C++,C++14 (GCC 5.4.1),cpp,Accepted,1.0,256.0,633,
s316109828,p03209,u077025302,1544728165,C++,C++14 (GCC 5.4.1),cpp,Accepted,1.0,256.0,2166,
s264809176,p03209,u905715926,1544715678,C++,C++14 (GCC 5.4.1),cpp,Accepted,1.0,256.0,990,
s639905526,p03209,u412151982,1544714399,Python,Python (3.4.3),py,Accepted,18.0,3064.0,620,
s336060491,p03209,u359413838,1544711885,C++,C++14 (GCC 5.4.1),cpp,Accepted,1.0,128.0,944,
s606082157,p03209,u837286475,1544706477,C++,C++14 (Clang 3.8.0),cpp,Accepted,1.0,256.0,798,
s344039235,p03209,u976045235,1544695044,C++,C++14 (GCC 5.4.1),cpp,Accepted,1.0,256.0,2307,
s374486760,p03209,u189697391,1544674407,Python,Python (3.4.3),py,Accepted,18.0,3064.0,338,
s159510451,p03209,u022317850,1544674298,C++,C++14 (GCC 5.4.1),cpp,Accepted,1.0,256.0,1075,
s521007756,p03209,u837286475,1544674101,Python,Python (3.4.3),py,Accepted,17.0,3064.0,459,
s476094259,p03209,u927764913,1544673746,Python,Python (3.4.3),py,Accepted,22.0,3316.0,411,
s220936574,p03209,u085430333,1544672167,C++,C++14 (GCC 5.4.1),cpp,Accepted,1.0,256.0,809,
s136832293,p03209,u075012704,1544668040,Python,Python (3.4.3),py,Accepted,18.0,3064.0,425,
s914570614,p03209,u949692208,1544667710,C++,C++14 (GCC 5.4.1),cpp,Accepted,1.0,256.0,494,
s356517886,p03209,u273352618,1544667594,C++,C++14 (GCC 5.4.1),cpp,Accepted,1.0,256.0,1301,
s060490722,p03209,u219731436,1544661327,C++,C++14 (GCC 5.4.1),cpp,Accepted,1.0,256.0,660,
s361894886,p03209,u798707628,1544661262,C++,C++14 (GCC 5.4.1),cpp,Accepted,1.0,128.0,1078,
s184154443,p03209,u577189232,1544661047,C++,C++14 (GCC 5.4.1),cpp,Accepted,1.0,256.0,254,
s145581383,p03209,u499373855,1544659924,C++,C++14 (GCC 5.4.1),cpp,Accepted,1.0,256.0,854,
s763949366,p03209,u499373855,1544659852,C++,C++14 (GCC 5.4.1),cpp,Accepted,1.0,256.0,791,
s338098413,p03209,u572665222,1544654759,C++,C++14 (GCC 5.4.1),cpp,Accepted,1.0,256.0,628,
s478010030,p03209,u854144714,1544643996,Python,Python (3.4.3),py,Accepted,18.0,3064.0,520,
s321525215,p03209,u745087332,1544640400,Python,Python (3.4.3),py,Accepted,20.0,3064.0,874,
s536736604,p03209,u745087332,1544640160,Python,Python (3.4.3),py,Accepted,22.0,3316.0,811,
s341879082,p03209,u499966353,1544634246,Python,Python (3.4.3),py,Accepted,19.0,3064.0,722,
s261963843,p03209,u629650917,1544632933,C++,C++14 (GCC 5.4.1),cpp,Accepted,1.0,256.0,1164,
s720234015,p03209,u557171945,1544630556,Python,PyPy3 (2.4.0),py,Accepted,179.0,38384.0,297,
s553810667,p03209,u680195439,1544624561,C++,C++14 (GCC 5.4.1),cpp,Accepted,1.0,256.0,537,
s736382412,p03209,u034865202,1544621094,C++,C++14 (GCC 5.4.1),cpp,Accepted,1.0,256.0,4740,
s945011779,p03209,u819123139,1544597561,C++,C++14 (GCC 5.4.1),cpp,Accepted,1.0,256.0,527,
s444216352,p03209,u949478092,1544597465,C++,C++14 (GCC 5.4.1),cpp,Accepted,1.0,256.0,527,
s158319601,p03209,u964299793,1544594704,C++,C++14 (GCC 5.4.1),cpp,Accepted,1.0,256.0,555,
s908817724,p03209,u181719868,1544594284,C++,C++14 (GCC 5.4.1),cpp,Accepted,1.0,256.0,985,
s100044456,p03209,u021625360,1544593321,C++,C++14 (GCC 5.4.1),cpp,Accepted,1.0,256.0,1256,
s980813712,p03209,u901295506,1544591083,C++,C++14 (GCC 5.4.1),cpp,Accepted,1.0,256.0,1341,
s095079975,p03209,u895641117,1544588042,C++,C++14 (GCC 5.4.1),cpp,Accepted,1.0,256.0,1124,
s538222573,p03209,u334519666,1544585429,C++,C++14 (GCC 5.4.1),cpp,Accepted,1.0,128.0,480,
s469560578,p03209,u898749314,1544585338,C++,C++14 (GCC 5.4.1),cpp,Accepted,2.0,256.0,1065,
s467557702,p03209,u155216115,1544584392,C++,C++14 (GCC 5.4.1),cpp,Accepted,3.0,256.0,579,
s807698464,p03209,u825215512,1544583857,C++,C++14 (GCC 5.4.1),cpp,Accepted,1.0,256.0,991,
s442161242,p03209,u504142483,1544583366,C++,C++14 (GCC 5.4.1),cpp,Accepted,2.0,384.0,1658,
s670144791,p03209,u136378781,1544583201,C++,C++14 (GCC 5.4.1),cpp,Accepted,1.0,256.0,1121,
s452715546,p03209,u157322125,1544578569,C++,C++14 (GCC 5.4.1),cpp,Accepted,1.0,256.0,846,
s462073664,p03209,u554116180,1544572791,C++,C++14 (GCC 5.4.1),cpp,Accepted,1.0,256.0,602,
s546591225,p03209,u997521090,1544570304,Python,Python (2.7.6),py,Accepted,11.0,2568.0,161,
s668970630,p03209,u997521090,1544570242,Python,Python (2.7.6),py,Accepted,11.0,2568.0,175,
s550835425,p03209,u077337864,1544570201,Python,Python (3.4.3),py,Accepted,18.0,3064.0,289,
s136850056,p03209,u997521090,1544570166,Python,Python (2.7.6),py,Accepted,10.0,2568.0,183,
s448286319,p03209,u997521090,1544569900,Python,Python (2.7.6),py,Accepted,12.0,2692.0,184,
s673925189,p03209,u997521090,1544569697,Python,Python (2.7.6),py,Accepted,11.0,2692.0,244,
s468031786,p03209,u997521090,1544569645,Python,Python (2.7.6),py,Accepted,11.0,2692.0,269,
s625992587,p03209,u997521090,1544569561,Python,Python (2.7.6),py,Accepted,11.0,2692.0,286,
s029630737,p03209,u997521090,1544569403,Python,Python (2.7.6),py,Accepted,12.0,2820.0,293,
s804491578,p03209,u997521090,1544569219,Python,Python (2.7.6),py,Accepted,10.0,2692.0,347,
s200597778,p03209,u997521090,1544568893,Python,Python (2.7.6),py,Accepted,11.0,2568.0,420,
s938010171,p03209,u997521090,1544568812,Python,Python (2.7.6),py,Accepted,11.0,2568.0,439,
s937351331,p03209,u997521090,1544568793,Python,Python (2.7.6),py,Accepted,13.0,2936.0,605,
s363181167,p03209,u997521090,1544568632,Python,Python (2.7.6),py,Accepted,13.0,2936.0,617,
s765527190,p03209,u398846051,1544568481,Python,Python (3.4.3),py,Accepted,19.0,3064.0,478,
s818364648,p03209,u997521090,1544567853,Python,Python (2.7.6),py,Accepted,12.0,2692.0,505,
s907801189,p03209,u997521090,1544567510,Python,Python (2.7.6),py,Accepted,12.0,2808.0,704,
s566936029,p03209,u275726913,1544562484,C++,C++14 (GCC 5.4.1),cpp,Accepted,1.0,256.0,546,
s256763708,p03209,u949798495,1544562080,C++,C++14 (GCC 5.4.1),cpp,Accepted,1.0,256.0,1127,
s326041547,p03209,u949798495,1544562042,C++,C++14 (GCC 5.4.1),cpp,Accepted,1.0,256.0,1127,
s658476522,p03209,u798086274,1544559116,C++,C++14 (GCC 5.4.1),cpp,Accepted,1.0,256.0,588,
s722872907,p03209,u987476436,1544557324,C++,C++14 (GCC 5.4.1),cpp,Accepted,1.0,256.0,605,
s984499807,p03209,u498467508,1544557207,C++,C++14 (GCC 5.4.1),cpp,Accepted,1.0,256.0,659,
s219937659,p03209,u817240026,1544551238,C++,C++14 (GCC 5.4.1),cpp,Accepted,1.0,256.0,839,
s574135484,p03209,u690536347,1544547331,Python,Python (3.4.3),py,Accepted,18.0,3064.0,488,
s896313148,p03209,u322568242,1544547052,C++,C++14 (GCC 5.4.1),cpp,Accepted,1.0,256.0,582,
s601151038,p03209,u697421413,1544545305,C++,C++14 (GCC 5.4.1),cpp,Accepted,1.0,256.0,1193,
s512531032,p03209,u081445141,1544544486,C++,C++14 (Clang 3.8.0),cpp,Accepted,1.0,256.0,465,
s192863762,p03209,u081445141,1544544035,C++,C++14 (Clang 3.8.0),cpp,Accepted,1.0,256.0,509,
s214287652,p03209,u898749314,1544543271,C++,C++14 (GCC 5.4.1),cpp,Accepted,2.0,384.0,952,
s653385978,p03209,u468700753,1544538010,C++,C++14 (GCC 5.4.1),cpp,Accepted,1.0,256.0,1254,
s584240253,p03209,u020746846,1544529323,C++,C++14 (GCC 5.4.1),cpp,Accepted,1.0,256.0,972,
s118620586,p03209,u889183882,1544529281,C++,C++14 (GCC 5.4.1),cpp,Accepted,2.0,384.0,701,
s341402932,p03209,u020746846,1544529004,C++,C++14 (GCC 5.4.1),cpp,Accepted,2.0,384.0,980,
s348205156,p03209,u297367372,1544528876,C++,C++14 (GCC 5.4.1),cpp,Accepted,1.0,256.0,435,
s041581940,p03209,u867763103,1544518716,C++,C++14 (GCC 5.4.1),cpp,Accepted,1.0,256.0,1830,
s712373134,p03209,u752316093,1544518704,C++,C++14 (GCC 5.4.1),cpp,Accepted,1.0,256.0,753,
s638269494,p03209,u752146271,1544516487,C++,C++14 (GCC 5.4.1),cpp,Accepted,1.0,256.0,483,
s568044874,p03209,u995102075,1544513541,C++,C++14 (Clang 3.8.0),cpp,Accepted,1.0,256.0,933,
s704731645,p03209,u073367451,1544511862,C++,C++14 (GCC 5.4.1),cpp,Accepted,2.0,2304.0,1003,
s546331445,p03209,u737715061,1544511563,Python,Python (3.4.3),py,Accepted,18.0,3064.0,378,
s599376383,p03209,u576434377,1544511391,Python,Python (3.4.3),py,Accepted,18.0,3064.0,343,
s347072689,p03209,u576434377,1544510617,Python,Python (3.4.3),py,Accepted,19.0,3064.0,343,
s415157246,p03209,u214981784,1544510121,C++,C++14 (GCC 5.4.1),cpp,Accepted,1.0,256.0,782,
s116846025,p03209,u995102075,1544508750,C++,C++14 (Clang 3.8.0),cpp,Accepted,1.0,256.0,730,
s463074196,p03209,u566529875,1544507496,Python,Python (3.4.3),py,Accepted,18.0,3064.0,307,
s841247232,p03209,u764228018,1544507400,C++,C++14 (GCC 5.4.1),cpp,Accepted,1.0,256.0,1519,
s090035995,p03209,u271719815,1544506502,C++,C++14 (GCC 5.4.1),cpp,Accepted,1.0,256.0,1755,
s253731243,p03209,u271719815,1544505531,C++,C++14 (GCC 5.4.1),cpp,Accepted,1.0,256.0,1757,
s434891772,p03209,u271719815,1544504345,C++,C++14 (GCC 5.4.1),cpp,Accepted,1.0,256.0,1765,
s479558499,p03209,u271719815,1544503138,C++,C++14 (GCC 5.4.1),cpp,Accepted,1.0,256.0,1753,
s206935261,p03209,u808427016,1544502784,Python,Python (3.4.3),py,Accepted,18.0,3064.0,509,
s794745398,p03209,u545314527,1544502480,Python,Python (3.4.3),py,Accepted,18.0,3064.0,344,
s947646219,p03209,u722628899,1544502275,C++,C++14 (GCC 5.4.1),cpp,Accepted,1.0,256.0,663,
s472438314,p03209,u808427016,1544501981,Python,Python (3.4.3),py,Accepted,20.0,3188.0,722,
s454099553,p03209,u271719815,1544501571,C++,C++14 (GCC 5.4.1),cpp,Accepted,1.0,256.0,1745,
s321681187,p03209,u278272597,1544501332,C++,C++14 (Clang 3.8.0),cpp,Accepted,1.0,256.0,1072,
s447645770,p03209,u333917945,1544501313,C++,C++14 (GCC 5.4.1),cpp,Accepted,1.0,256.0,2228,
s383918731,p03209,u764228018,1544498895,C++,C++14 (GCC 5.4.1),cpp,Accepted,1.0,256.0,1178,
s892382923,p03209,u764228018,1544498866,C++,C++14 (GCC 5.4.1),cpp,Accepted,1.0,256.0,1303,
s116315376,p03209,u379393519,1544498852,C++,C++14 (GCC 5.4.1),cpp,Accepted,1.0,256.0,632,
s262796313,p03209,u950909548,1544498145,C++,C++14 (GCC 5.4.1),cpp,Accepted,2.0,256.0,881,
s220186512,p03209,u126361752,1544495729,C++,C++14 (GCC 5.4.1),cpp,Accepted,1.0,256.0,472,
s274130008,p03209,u977365687,1544495678,C++,C++14 (GCC 5.4.1),cpp,Accepted,1.0,256.0,975,
s618298586,p03209,u468811760,1544491488,C++,C++14 (GCC 5.4.1),cpp,Accepted,1.0,256.0,889,
s128657049,p03209,u267144086,1544490972,C++,C++14 (GCC 5.4.1),cpp,Accepted,1.0,256.0,668,
s595970394,p03209,u076865901,1544490465,C++,C++14 (GCC 5.4.1),cpp,Accepted,1.0,256.0,696,
s883311686,p03209,u084266712,1544488430,C++,C++14 (GCC 5.4.1),cpp,Accepted,3.0,256.0,1488,
s051594928,p03209,u416915042,1544488188,C++,C++14 (GCC 5.4.1),cpp,Accepted,1.0,256.0,1263,
s624980122,p03209,u448407332,1544487382,C++,C++14 (GCC 5.4.1),cpp,Accepted,1.0,256.0,857,
s941588694,p03209,u995102075,1544486686,C++,C++14 (Clang 3.8.0),cpp,Accepted,1.0,256.0,733,
s530201596,p03209,u995102075,1544485941,C++,C++14 (Clang 3.8.0),cpp,Accepted,1.0,256.0,766,
s446598729,p03209,u995102075,1544485842,C++,C++14 (Clang 3.8.0),cpp,Accepted,1.0,256.0,924,
s166107068,p03209,u548768105,1544483420,C++,C++14 (GCC 5.4.1),cpp,Accepted,1.0,256.0,1453,
s270433772,p03209,u907049739,1544482733,C++,C++14 (GCC 5.4.1),cpp,Accepted,1.0,256.0,788,
s234575666,p03209,u318334550,1544482517,C++,C++14 (GCC 5.4.1),cpp,Accepted,1.0,256.0,625,
s541520253,p03209,u873433793,1544481874,C++,C++14 (GCC 5.4.1),cpp,Accepted,1.0,128.0,681,
s425576130,p03209,u318334550,1544481393,C++,C++14 (GCC 5.4.1),cpp,Accepted,1.0,256.0,1596,
s303892005,p03209,u318334550,1544481182,C++,C++14 (GCC 5.4.1),cpp,Accepted,1.0,256.0,1670,
s927894265,p03209,u955501568,1544480807,Python,Python (3.4.3),py,Accepted,18.0,3064.0,907,
s095957672,p03209,u493750228,1544479475,C++,C++14 (GCC 5.4.1),cpp,Accepted,1.0,256.0,1254,
s256654720,p03209,u564056510,1544476349,C++,C++14 (GCC 5.4.1),cpp,Accepted,1.0,256.0,514,
s840397072,p03209,u987039629,1544475254,C++,C++14 (GCC 5.4.1),cpp,Accepted,1.0,256.0,935,
s899643331,p03209,u386769326,1544474906,C++,C++14 (GCC 5.4.1),cpp,Accepted,1.0,256.0,593,
s502210836,p03209,u903460784,1544474309,Python,Python (3.4.3),py,Accepted,18.0,3064.0,391,
s552926623,p03209,u677440371,1544472144,Python,Python (3.4.3),py,Accepted,18.0,3064.0,581,
s201510066,p03209,u946026022,1544471250,Python,Python (3.4.3),py,Accepted,18.0,3064.0,313,
s754579448,p03209,u354638986,1544470796,C++,C++14 (GCC 5.4.1),cpp,Accepted,1.0,256.0,501,
s035434709,p03209,u236433947,1544469396,C++,C++14 (GCC 5.4.1),cpp,Accepted,1.0,256.0,1755,
s097974813,p03209,u667458133,1544468288,Python,Python (3.4.3),py,Accepted,18.0,3064.0,423,
s070065993,p03209,u636387751,1544467462,C++,C++14 (GCC 5.4.1),cpp,Accepted,1.0,256.0,574,
s255444620,p03209,u543301644,1544466131,C++,C++14 (GCC 5.4.1),cpp,Accepted,1.0,256.0,1387,
s507441753,p03209,u935845450,1544466013,C++,C++14 (Clang 3.8.0),cpp,Accepted,1.0,256.0,743,
s553906795,p03209,u695857481,1544464131,Python,Python (3.4.3),py,Accepted,18.0,3064.0,333,
s955599375,p03209,u543657872,1544463469,C++,C++14 (GCC 5.4.1),cpp,Accepted,1.0,256.0,889,
s450681571,p03209,u633020228,1544462705,C++,C++14 (GCC 5.4.1),cpp,Accepted,1.0,256.0,1193,
s227036259,p03209,u633020228,1544462525,C++,C++14 (GCC 5.4.1),cpp,Accepted,1.0,256.0,1331,
s268896555,p03209,u986437843,1544461408,C++,C++14 (GCC 5.4.1),cpp,Accepted,6.0,14080.0,22106,
s699563501,p03209,u986437843,1544460809,C++,C++14 (GCC 5.4.1),cpp,Accepted,5.0,14080.0,22275,
s520835807,p03209,u640248738,1544458678,C++,C++14 (GCC 5.4.1),cpp,Accepted,1.0,256.0,553,
s140927660,p03209,u243356275,1544457357,C++,C++14 (GCC 5.4.1),cpp,Accepted,1.0,256.0,1035,
s733540944,p03209,u613658617,1544456891,C++,C++14 (GCC 5.4.1),cpp,Accepted,1.0,256.0,1553,
s310833467,p03209,u425351967,1544456296,C++,C++14 (GCC 5.4.1),cpp,Accepted,1.0,256.0,651,
s287487146,p03209,u676323984,1544455668,C++,C++14 (GCC 5.4.1),cpp,Accepted,1.0,256.0,374,
s505789782,p03209,u081445141,1544448867,C++,C++14 (Clang 3.8.0),cpp,Accepted,1.0,256.0,523,
s940918661,p03209,u824755607,1544445837,C++,C++14 (GCC 5.4.1),cpp,Accepted,1.0,256.0,2384,
s780434954,p03209,u349222099,1544441049,C++,C++14 (Clang 3.8.0),cpp,Accepted,1.0,256.0,695,
s185973791,p03209,u864171425,1544431206,C++,C++14 (GCC 5.4.1),cpp,Accepted,1.0,256.0,508,
s336521305,p03209,u856169020,1544431057,Python,Python (3.4.3),py,Accepted,18.0,3064.0,677,
s736087764,p03209,u496407619,1544427594,Python,Python (3.4.3),py,Accepted,162.0,14548.0,713,
s757420528,p03209,u222030240,1544426717,C++,C++14 (GCC 5.4.1),cpp,Accepted,1.0,256.0,1187,
s461495409,p03209,u042751985,1544426661,C++,C++14 (GCC 5.4.1),cpp,Accepted,1.0,256.0,1739,
s763614664,p03209,u492605584,1544425805,Python,Python (3.4.3),py,Accepted,18.0,3064.0,297,
s861488649,p03209,u621935300,1544422330,Python,PyPy2 (5.6.0),py,Accepted,40.0,28396.0,356,
s340072426,p03209,u864197622,1544421754,Python,PyPy3 (2.4.0),py,Accepted,174.0,38256.0,478,
s150910199,p03209,u557437077,1544421297,Python,Python (3.4.3),py,Accepted,18.0,3064.0,1446,
s919572181,p03209,u803848678,1544421185,Python,Python (3.4.3),py,Accepted,17.0,3060.0,430,
s931459544,p03209,u285991898,1544421013,C++,C++14 (GCC 5.4.1),cpp,Accepted,1.0,256.0,1034,
s971613667,p03209,u462437857,1544419493,C++,C++14 (GCC 5.4.1),cpp,Accepted,1.0,256.0,363,
s175489654,p03209,u672765904,1544418737,C++,C++14 (GCC 5.4.1),cpp,Accepted,1.0,256.0,839,
s809343074,p03209,u733823138,1544417871,C++,C++14 (GCC 5.4.1),cpp,Accepted,1.0,256.0,874,
s157413218,p03209,u785897267,1544416797,C++,C++14 (GCC 5.4.1),cpp,Accepted,1.0,256.0,635,
s073338837,p03209,u003019316,1544416773,C++,C++14 (GCC 5.4.1),cpp,Accepted,1.0,256.0,696,
s236516182,p03209,u261965335,1544416179,C++,C++14 (GCC 5.4.1),cpp,Accepted,1.0,256.0,874,
s382573264,p03209,u065125881,1544415174,C++,C++14 (GCC 5.4.1),cpp,Accepted,1.0,256.0,666,
s668126673,p03209,u204866605,1544414165,C++,C++14 (GCC 5.4.1),cpp,Accepted,1.0,256.0,517,
s583432876,p03209,u351482714,1544413718,C++,C++14 (GCC 5.4.1),cpp,Accepted,1.0,256.0,523,
s125976004,p03209,u879195240,1544413607,C++,C++14 (GCC 5.4.1),cpp,Accepted,1.0,256.0,801,
s135852203,p03209,u403453297,1544413176,C++,C++14 (GCC 5.4.1),cpp,Accepted,1.0,256.0,826,
s864187300,p03209,u597243424,1544413172,C++,C++14 (GCC 5.4.1),cpp,Accepted,1.0,256.0,282,
s179656392,p03209,u271719815,1544411785,C++,C++14 (GCC 5.4.1),cpp,Accepted,1.0,256.0,2302,
s630450674,p03209,u693386219,1544410850,C++,C++14 (GCC 5.4.1),cpp,Accepted,1.0,256.0,1275,
s851363160,p03209,u787690200,1544410205,C++,C++14 (GCC 5.4.1),cpp,Accepted,1.0,256.0,2048,
s208563257,p03209,u152997492,1544409935,C++,C++14 (GCC 5.4.1),cpp,Accepted,1.0,256.0,534,
s295398022,p03209,u151816629,1544409808,C++,C++14 (GCC 5.4.1),cpp,Accepted,1.0,256.0,665,
s879317192,p03209,u171252458,1544409546,C++,C++14 (GCC 5.4.1),cpp,Accepted,1.0,256.0,543,
s432103530,p03209,u194193990,1544409258,C++,C++14 (GCC 5.4.1),cpp,Accepted,1.0,256.0,534,
s097163287,p03209,u891178744,1544409026,C++,C++14 (GCC 5.4.1),cpp,Accepted,1.0,256.0,535,
s894616919,p03209,u174678554,1544408921,C++,C++14 (GCC 5.4.1),cpp,Accepted,1.0,256.0,278,
s599163641,p03209,u790754494,1544408530,C++,C++14 (GCC 5.4.1),cpp,Accepted,1.0,128.0,673,
s627022033,p03209,u957084285,1544408009,C++,C++14 (GCC 5.4.1),cpp,Accepted,1.0,256.0,655,
s024309152,p03209,u953383198,1544406110,C++,C++14 (GCC 5.4.1),cpp,Accepted,1.0,256.0,971,
s361852211,p03209,u921168761,1544405726,C++,C++14 (GCC 5.4.1),cpp,Accepted,1.0,256.0,659,
s498520109,p03209,u274841648,1544403670,Python,Python (3.4.3),py,Accepted,18.0,3064.0,426,
s629777713,p03209,u070561949,1544403045,Python,Python (3.4.3),py,Accepted,18.0,3064.0,1000,
s200185746,p03209,u744314647,1544402641,C++,C++14 (GCC 5.4.1),cpp,Accepted,1.0,256.0,1116,
s805310349,p03209,u653187094,1544402392,C++,C++14 (GCC 5.4.1),cpp,Accepted,1.0,256.0,294,
s783961888,p03209,u349222099,1544402185,Python,Python (3.4.3),py,Accepted,19.0,3064.0,565,
s045267968,p03209,u990764614,1544401514,C++,C++14 (GCC 5.4.1),cpp,Accepted,1.0,256.0,564,
s314495073,p03209,u069838609,1544400846,Python,Python (3.4.3),py,Accepted,18.0,3064.0,633,
s632085139,p03209,u796069639,1544399081,C++,C++14 (GCC 5.4.1),cpp,Accepted,1.0,256.0,3153,
s114306740,p03209,u784713101,1544398326,C++,C++14 (GCC 5.4.1),cpp,Accepted,1.0,256.0,576,
s207852197,p03209,u702996070,1544397359,C++,C++14 (GCC 5.4.1),cpp,Accepted,2.0,2304.0,15458,
s270637741,p03209,u457901067,1544397227,Python,Python (3.4.3),py,Accepted,18.0,3064.0,584,
s919491169,p03209,u277556971,1544397030,C++,C++14 (GCC 5.4.1),cpp,Accepted,1.0,256.0,1437,
s844687193,p03209,u570522509,1544397024,C++,C++14 (GCC 5.4.1),cpp,Accepted,1.0,256.0,3169,
s576448691,p03209,u724892495,1544396987,Python,Python (3.4.3),py,Accepted,23.0,3572.0,801,
s859491140,p03209,u095266283,1544396941,C++,C++14 (GCC 5.4.1),cpp,Accepted,1.0,256.0,1135,
s897857162,p03209,u795888561,1544395809,C++,C++14 (GCC 5.4.1),cpp,Accepted,1.0,256.0,550,
s788283876,p03209,u604231488,1544395755,C++,C++14 (GCC 5.4.1),cpp,Accepted,1.0,256.0,809,
s053073790,p03209,u418527037,1544394873,Python,Python (3.4.3),py,Accepted,20.0,3188.0,502,
s649271590,p03209,u851185342,1544394469,C++,C++14 (GCC 5.4.1),cpp,Accepted,1.0,256.0,461,
s108506175,p03209,u562016607,1544394194,Python,Python (3.4.3),py,Accepted,18.0,3064.0,389,
s758995698,p03209,u504955860,1544393819,C++,C++14 (GCC 5.4.1),cpp,Accepted,1.0,256.0,502,
s276277578,p03209,u314499126,1544393772,C++,C++14 (GCC 5.4.1),cpp,Accepted,1.0,256.0,436,
s736650391,p03209,u399527088,1544393070,C++,C++14 (GCC 5.4.1),cpp,Accepted,10.0,24832.0,2174,
s651421885,p03209,u431047462,1544392897,C++,C++14 (GCC 5.4.1),cpp,Accepted,1.0,256.0,493,
s334395754,p03209,u199371251,1544392512,C++,C++14 (GCC 5.4.1),cpp,Accepted,1.0,256.0,1125,
s009411962,p03209,u226155577,1544391798,Python,Python (3.4.3),py,Accepted,17.0,3064.0,456,
s201919532,p03209,u277556971,1544391707,C++,C++14 (GCC 5.4.1),cpp,Accepted,1.0,256.0,1283,
s712970045,p03209,u782098901,1544391010,C++,C++14 (Clang 3.8.0),cpp,Accepted,1.0,256.0,480,
s577940734,p03209,u434208140,1544390944,C++,C++14 (GCC 5.4.1),cpp,Accepted,1.0,256.0,502,
s983301490,p03209,u926242698,1544390840,C++,C++14 (GCC 5.4.1),cpp,Accepted,1.0,256.0,1125,
s460630520,p03209,u782098901,1544390669,Python,Python (3.4.3),py,Accepted,17.0,3064.0,378,
s265638689,p03209,u219786796,1544389507,C++,C++14 (GCC 5.4.1),cpp,Accepted,1.0,256.0,1307,
s380748815,p03209,u287060310,1544389144,C++,C++14 (GCC 5.4.1),cpp,Accepted,2.0,256.0,955,
s969250554,p03209,u287060310,1544389032,C++,C++14 (GCC 5.4.1),cpp,Accepted,1.0,256.0,889,
s094253463,p03209,u220562677,1544388659,C++,C++14 (GCC 5.4.1),cpp,Accepted,1.0,256.0,896,
s950824705,p03209,u287060310,1544388642,C++,C++14 (GCC 5.4.1),cpp,Accepted,1.0,256.0,725,
s063123685,p03209,u965118468,1544387307,C++,C++14 (GCC 5.4.1),cpp,Accepted,2.0,256.0,930,
s154399612,p03209,u960524878,1544387075,C++,C++14 (GCC 5.4.1),cpp,Accepted,1.0,256.0,2350,
s513908836,p03209,u246275061,1544384240,C++,C++14 (GCC 5.4.1),cpp,Accepted,1.0,256.0,1218,
s013269849,p03209,u101341410,1544383946,C++,C++14 (GCC 5.4.1),cpp,Accepted,1.0,128.0,1054,
s958964501,p03209,u940988583,1544383896,C++,C++14 (GCC 5.4.1),cpp,Accepted,1.0,128.0,1053,
s494690945,p03209,u012619688,1544383582,C++,C++14 (GCC 5.4.1),cpp,Accepted,1.0,128.0,1057,
s618262319,p03209,u391752022,1544383253,C++,C++14 (GCC 5.4.1),cpp,Accepted,2.0,256.0,581,
s434431461,p03209,u768152935,1544382593,C++,C++14 (GCC 5.4.1),cpp,Accepted,1.0,256.0,1017,
s167786164,p03209,u898651494,1544382166,C++,C++14 (GCC 5.4.1),cpp,Accepted,1.0,256.0,3034,
s258027223,p03209,u897282055,1544381902,C++,C++14 (GCC 5.4.1),cpp,Accepted,3.0,512.0,8328,
s018877110,p03209,u346193734,1544381437,C++,C++14 (GCC 5.4.1),cpp,Accepted,1.0,256.0,579,
s227904360,p03209,u634461820,1544381107,Python,Python (3.4.3),py,Accepted,17.0,3064.0,513,
s194928221,p03209,u065125881,1544381056,C++,C++14 (GCC 5.4.1),cpp,Accepted,1.0,256.0,2527,
s640847474,p03209,u093420647,1544380558,C++,C++14 (GCC 5.4.1),cpp,Accepted,1.0,256.0,1073,
s478568708,p03209,u170650966,1544380108,C++,C++14 (GCC 5.4.1),cpp,Accepted,1.0,256.0,1014,
s777796990,p03209,u866107333,1544379949,C++,C++14 (GCC 5.4.1),cpp,Accepted,1.0,256.0,2014,
s527926876,p03209,u819951421,1544379390,C++,C++14 (GCC 5.4.1),cpp,Accepted,1.0,256.0,1167,
s672079369,p03209,u780122303,1544379290,C++,C++14 (GCC 5.4.1),cpp,Accepted,1.0,256.0,1190,
s140952018,p03209,u815501404,1544377103,C++,C++14 (GCC 5.4.1),cpp,Accepted,5.0,768.0,1428,
s047783263,p03209,u102795616,1544376646,C++,C++14 (GCC 5.4.1),cpp,Accepted,1.0,256.0,517,
s867891128,p03209,u938389536,1544375576,C++,C++14 (GCC 5.4.1),cpp,Accepted,1.0,256.0,2155,
s358685822,p03209,u049420296,1544375297,C++,C++14 (GCC 5.4.1),cpp,Accepted,1.0,256.0,1188,
s409753590,p03209,u419686324,1544375271,Python,Python (3.4.3),py,Accepted,17.0,3064.0,448,
s687957573,p03209,u635277286,1544375142,C++,C++14 (GCC 5.4.1),cpp,Accepted,1.0,256.0,957,
s838249709,p03209,u152424169,1544374632,C++,C++14 (GCC 5.4.1),cpp,Accepted,1.0,256.0,504,
s111296899,p03209,u340980616,1544373836,C++,C++14 (GCC 5.4.1),cpp,Accepted,1.0,256.0,1029,
s827248036,p03209,u285022453,1544373819,Python,Python (3.4.3),py,Accepted,19.0,3064.0,499,
s034199785,p03209,u934246119,1544373706,C++,C++14 (GCC 5.4.1),cpp,Accepted,1.0,256.0,854,
s935225163,p03209,u635277286,1544373286,C++,C++14 (GCC 5.4.1),cpp,Accepted,1.0,256.0,1308,
s869837100,p03209,u258009780,1544373150,C++,C++14 (GCC 5.4.1),cpp,Accepted,1.0,256.0,860,
s508505573,p03209,u192903163,1544372843,C++,C++14 (GCC 5.4.1),cpp,Accepted,2.0,384.0,526,
s931795971,p03209,u166696759,1544372625,C++,C++14 (GCC 5.4.1),cpp,Accepted,1.0,256.0,602,
s759329500,p03209,u685263709,1544372213,Python,Python (3.4.3),py,Accepted,18.0,3064.0,365,
s636100207,p03209,u077728090,1544371803,C++,C++14 (GCC 5.4.1),cpp,Accepted,1.0,256.0,683,
s605832583,p03209,u045531009,1544371676,C++,C++14 (GCC 5.4.1),cpp,Accepted,1.0,256.0,531,
s575121807,p03209,u923279197,1544370469,Python,Python (3.4.3),py,Accepted,19.0,3060.0,283,
s038980467,p03209,u986437843,1544370266,C++,C++14 (GCC 5.4.1),cpp,Accepted,6.0,14080.0,22128,
s452707699,p03209,u986437843,1544370139,C++,C++14 (GCC 5.4.1),cpp,Accepted,6.0,14080.0,22315,
s255525228,p03209,u215860196,1544369584,C++,C++14 (GCC 5.4.1),cpp,Accepted,1.0,256.0,792,
s805883769,p03209,u319242216,1544369524,C++,C++14 (GCC 5.4.1),cpp,Accepted,1.0,256.0,526,
s101242061,p03209,u038209366,1544369292,C++,C++14 (GCC 5.4.1),cpp,Accepted,1.0,256.0,690,
s415969326,p03209,u012298376,1544369233,C++,C++14 (GCC 5.4.1),cpp,Accepted,1.0,256.0,963,
s909781598,p03209,u876335718,1544368926,C++,C++14 (GCC 5.4.1),cpp,Accepted,2.0,2304.0,1274,
s387678188,p03209,u610253537,1544368636,C++,C++14 (GCC 5.4.1),cpp,Accepted,1.0,256.0,802,
s405537508,p03209,u452725238,1544368436,C++,C++14 (GCC 5.4.1),cpp,Accepted,1.0,256.0,1133,
s129423150,p03209,u215860196,1544367856,C++,C++14 (GCC 5.4.1),cpp,Accepted,1.0,256.0,832,
s361698075,p03209,u430527172,1544367714,C++,C++14 (GCC 5.4.1),cpp,Accepted,1.0,256.0,632,
s034952462,p03209,u081445141,1544366621,C++,C++14 (Clang 3.8.0),cpp,Accepted,1.0,256.0,572,
s898104449,p03209,u001024152,1544366336,Python,Python (3.4.3),py,Accepted,19.0,3188.0,320,
s086723142,p03209,u986437843,1544365861,C++,C++14 (GCC 5.4.1),cpp,Accepted,6.0,14080.0,22315,
s049024276,p03209,u631277801,1544365225,Python,Python (3.4.3),py,Accepted,19.0,3064.0,1045,
s993226138,p03209,u549743442,1544364240,C++,C++14 (GCC 5.4.1),cpp,Accepted,1.0,256.0,1322,
s325985056,p03209,u681917640,1544364087,Python,Python (3.4.3),py,Accepted,18.0,3060.0,537,
s559571524,p03209,u940102677,1544356761,Python,Python (3.4.3),py,Accepted,17.0,3064.0,288,
s940571643,p03209,u371763408,1544355416,Python,Python (3.4.3),py,Accepted,22.0,3064.0,261,
s169756875,p03209,u912359563,1544355224,C++,C++14 (GCC 5.4.1),cpp,Accepted,1.0,256.0,973,
s374418359,p03209,u303037478,1544350559,Python,Python (3.4.3),py,Accepted,18.0,3064.0,611,
s302183803,p03209,u685726857,1544347616,C++,C++14 (GCC 5.4.1),cpp,Accepted,1.0,256.0,867,
s355958441,p03209,u621509943,1544347441,C++,C++14 (GCC 5.4.1),cpp,Accepted,3.0,512.0,317,
s588682887,p03209,u480806810,1544344416,C++,C++14 (GCC 5.4.1),cpp,Accepted,1.0,256.0,661,
s134015169,p03209,u607865971,1544343654,Python,Python (3.4.3),py,Accepted,30.0,3700.0,592,
s582325098,p03209,u004208081,1544341462,Python,Python (3.4.3),py,Accepted,18.0,3064.0,598,
s908274825,p03209,u906651641,1544341367,C++,C++14 (GCC 5.4.1),cpp,Accepted,1.0,256.0,545,
s934691985,p03209,u745250049,1544341275,C++,C++14 (GCC 5.4.1),cpp,Accepted,1.0,256.0,1335,
s450486613,p03209,u422104747,1544340975,Python,PyPy3 (2.4.0),py,Accepted,165.0,38256.0,667,
s260688594,p03209,u422104747,1544340957,Python,PyPy3 (2.4.0),py,Accepted,167.0,38336.0,1639,
s651322144,p03209,u422104747,1544340898,Python,PyPy3 (2.4.0),py,Accepted,176.0,38384.0,674,
s608647402,p03209,u752767312,1544340682,Python,Python (3.4.3),py,Accepted,17.0,3064.0,830,
s164447872,p03209,u550314572,1544340497,C++,C++14 (GCC 5.4.1),cpp,Accepted,1.0,256.0,254,
s255238389,p03209,u012619688,1544340368,C++,C++14 (GCC 5.4.1),cpp,Accepted,1.0,128.0,742,
s690244991,p03209,u219873012,1544340328,C++,C++14 (GCC 5.4.1),cpp,Accepted,1.0,256.0,2249,
s433043395,p03209,u422104747,1544340298,Python,PyPy3 (2.4.0),py,Accepted,194.0,38256.0,354,
s947184158,p03209,u550314572,1544340182,C++,C++14 (GCC 5.4.1),cpp,Accepted,1.0,256.0,253,
s671882431,p03209,u895971408,1544340070,C++,C++14 (GCC 5.4.1),cpp,Accepted,1.0,256.0,1027,
s763323114,p03209,u290693410,1544339976,C++,C++14 (GCC 5.4.1),cpp,Accepted,1.0,256.0,2170,
s271282410,p03209,u137747137,1544339976,C++,C++14 (GCC 5.4.1),cpp,Accepted,6.0,512.0,703,
s604702695,p03209,u012619688,1544339828,C++,C++14 (GCC 5.4.1),cpp,Accepted,1.0,128.0,684,
s000177206,p03209,u422104747,1544339725,Python,PyPy3 (2.4.0),py,Accepted,174.0,38256.0,339,
s202426150,p03209,u012619688,1544339604,C++,C++14 (GCC 5.4.1),cpp,Accepted,2.0,128.0,705,
s259310203,p03209,u290693410,1544339562,C++,C++14 (GCC 5.4.1),cpp,Accepted,1.0,256.0,2212,
s530707009,p03209,u080348635,1544339360,C++,C++14 (GCC 5.4.1),cpp,Accepted,1.0,256.0,1191,
s822279154,p03209,u080348635,1544339320,C++,C++14 (GCC 5.4.1),cpp,Accepted,1.0,256.0,1191,
s276885839,p03209,u550314572,1544339204,C++,C++14 (Clang 3.8.0),cpp,Accepted,1.0,256.0,290,
s029017169,p03209,u290693410,1544339197,C++,C++14 (GCC 5.4.1),cpp,Accepted,1.0,256.0,2209,
s691583990,p03209,u749907841,1544339139,C++,C++14 (GCC 5.4.1),cpp,Accepted,1.0,256.0,720,
s858521918,p03209,u465516065,1544339126,C++,C++14 (GCC 5.4.1),cpp,Accepted,1.0,256.0,650,
s430508718,p03209,u310790595,1544338871,C++,C++14 (GCC 5.4.1),cpp,Accepted,3.0,384.0,1038,
s377048659,p03209,u456353530,1544337788,Python,Python (3.4.3),py,Accepted,17.0,3064.0,380,
s575319397,p03209,u287632390,1544337668,C++,C++14 (GCC 5.4.1),cpp,Accepted,1.0,256.0,568,
s801456501,p03209,u658655325,1544337301,C++,C++14 (GCC 5.4.1),cpp,Accepted,1.0,256.0,830,
s541727893,p03209,u870998297,1544337163,C++,C++14 (GCC 5.4.1),cpp,Accepted,1.0,256.0,1673,
s881167856,p03209,u021423660,1544337140,C++,C++14 (GCC 5.4.1),cpp,Accepted,1.0,256.0,536,
s806991393,p03209,u658655325,1544336951,C++,C++14 (GCC 5.4.1),cpp,Accepted,1.0,256.0,701,
s304779141,p03209,u562935282,1544336661,Python,Python (3.4.3),py,Accepted,18.0,3064.0,403,
s257209248,p03209,u426855695,1544336578,C++,C++14 (GCC 5.4.1),cpp,Accepted,2.0,256.0,1503,
s057418488,p03209,u232829151,1544335992,C++,C++14 (Clang 3.8.0),cpp,Accepted,8.0,888.0,729,
s103201460,p03209,u411517988,1544335802,C++,C++14 (GCC 5.4.1),cpp,Accepted,1.0,256.0,1072,
s056584401,p03209,u693027786,1544335753,C++,C++14 (GCC 5.4.1),cpp,Accepted,1.0,256.0,1555,
s876882360,p03209,u880333629,1544335732,C++,C++14 (GCC 5.4.1),cpp,Accepted,1.0,256.0,963,
s996228214,p03209,u136378781,1544335677,C++,C++14 (GCC 5.4.1),cpp,Accepted,1.0,256.0,1203,
s743029164,p03209,u876875284,1544335548,C++,C++14 (GCC 5.4.1),cpp,Accepted,1.0,256.0,580,
s338179389,p03209,u082673785,1544335524,C++,C++14 (GCC 5.4.1),cpp,Accepted,1.0,256.0,724,
s603563875,p03209,u787562674,1544335519,Python,Python (3.4.3),py,Accepted,18.0,3064.0,372,
s591105002,p03209,u783861517,1544335256,C++,C++14 (GCC 5.4.1),cpp,Accepted,1.0,256.0,1882,
s566286910,p03209,u082673785,1544335131,C++,C++14 (GCC 5.4.1),cpp,Accepted,1.0,256.0,536,
s235344180,p03209,u698760125,1544335016,C++,C++14 (GCC 5.4.1),cpp,Accepted,3.0,512.0,1879,
s631213318,p03209,u341087021,1544335011,Python,Python (3.4.3),py,Accepted,17.0,3064.0,430,
s924197975,p03209,u820351940,1544334853,Python,Python (3.4.3),py,Accepted,18.0,3064.0,1918,
s770235608,p03209,u983918956,1544334852,Python,Python (3.4.3),py,Accepted,18.0,3064.0,502,
s535239820,p03209,u640303028,1544334832,C++,C++14 (GCC 5.4.1),cpp,Accepted,1.0,256.0,1021,
s672845907,p03209,u652150585,1544334810,Python,Python (3.4.3),py,Accepted,18.0,3064.0,262,
s131652249,p03209,u394482932,1544334127,C++,C++14 (GCC 5.4.1),cpp,Accepted,1.0,256.0,308,
s166105775,p03209,u394482932,1544333994,C++,C++14 (GCC 5.4.1),cpp,Accepted,1.0,256.0,313,
s086139165,p03209,u972398652,1544333965,Python,Python (3.4.3),py,Accepted,19.0,3064.0,312,
s176967195,p03209,u546943614,1544333919,C++,C++14 (GCC 5.4.1),cpp,Accepted,1.0,256.0,817,
s062010345,p03209,u077536797,1544333741,C++,C++14 (GCC 5.4.1),cpp,Accepted,1.0,256.0,549,
s979993469,p03209,u394482932,1544333730,C++,C++14 (GCC 5.4.1),cpp,Accepted,1.0,256.0,431,
s563147840,p03209,u714538557,1544333544,C++,C++14 (GCC 5.4.1),cpp,Accepted,1.0,256.0,694,
s260573115,p03209,u394482932,1544333537,C++,C++14 (GCC 5.4.1),cpp,Accepted,1.0,256.0,437,
s168676516,p03209,u038209366,1544333492,C++,C++14 (GCC 5.4.1),cpp,Accepted,2.0,256.0,1210,
s618376788,p03209,u630567900,1544333450,C++,C++14 (GCC 5.4.1),cpp,Accepted,1.0,256.0,1400,
s287749300,p03209,u550573951,1544333405,C++,C++14 (GCC 5.4.1),cpp,Accepted,1.0,256.0,1106,
s562510589,p03209,u366644013,1544333379,C++,C++14 (GCC 5.4.1),cpp,Accepted,1.0,256.0,802,
s176501753,p03209,u915934642,1544333358,C++,C++14 (GCC 5.4.1),cpp,Accepted,1.0,256.0,1016,
s323183249,p03209,u394482932,1544333265,C++,C++14 (GCC 5.4.1),cpp,Accepted,1.0,256.0,447,
s075656922,p03209,u006686215,1544333212,C++,C++14 (GCC 5.4.1),cpp,Accepted,1.0,256.0,667,
s217529361,p03209,u661686644,1544333095,C++,C++14 (GCC 5.4.1),cpp,Accepted,1.0,256.0,2775,
s234282179,p03209,u872581897,1544332924,C++,C++14 (GCC 5.4.1),cpp,Accepted,1.0,256.0,521,
s334709954,p03209,u623115612,1544332880,C++,C++14 (GCC 5.4.1),cpp,Accepted,1.0,256.0,610,
s297104644,p03209,u952708174,1544332778,Python,Python (3.4.3),py,Accepted,19.0,3064.0,790,
s933043972,p03209,u017810624,1544332662,Python,Python (3.4.3),py,Accepted,17.0,3064.0,294,
s452920312,p03209,u872581897,1544332660,C++,C++14 (GCC 5.4.1),cpp,Accepted,1.0,256.0,559,
s000952350,p03209,u388817534,1544332592,C++,C++14 (GCC 5.4.1),cpp,Accepted,1.0,256.0,1266,
s879885727,p03209,u017810624,1544332452,Python,Python (3.4.3),py,Accepted,18.0,3064.0,323,
s377168775,p03209,u817760251,1544332332,C++,C++14 (GCC 5.4.1),cpp,Accepted,1.0,256.0,738,
s950429512,p03209,u903722062,1544332256,C++,C++14 (GCC 5.4.1),cpp,Accepted,1.0,256.0,2010,
s806163163,p03209,u681917640,1544332207,Python,Python (3.4.3),py,Accepted,18.0,3064.0,631,
s926376253,p03209,u637771514,1544331997,C++,C++14 (GCC 5.4.1),cpp,Accepted,1.0,256.0,901,
s500001554,p03209,u394482932,1544331871,C++,C++14 (GCC 5.4.1),cpp,Accepted,1.0,256.0,502,
s247035129,p03209,u394482932,1544331823,C++,C++14 (GCC 5.4.1),cpp,Accepted,1.0,256.0,512,
s626978399,p03209,u394482932,1544331795,C++,C++14 (GCC 5.4.1),cpp,Accepted,1.0,256.0,533,
s382997730,p03209,u693027786,1544331788,C++,C++14 (GCC 5.4.1),cpp,Accepted,1.0,256.0,1586,
s885324506,p03209,u394482932,1544331754,C++,C++14 (GCC 5.4.1),cpp,Accepted,1.0,256.0,548,
s702111662,p03209,u657901243,1544331753,Python,Python (3.4.3),py,Accepted,18.0,3060.0,276,
s751221060,p03209,u115086397,1544331743,C++,C++14 (GCC 5.4.1),cpp,Accepted,1.0,256.0,633,
s061537857,p03209,u394482932,1544331731,C++,C++14 (GCC 5.4.1),cpp,Accepted,1.0,256.0,579,
s812020668,p03209,u965730380,1544331626,C++,C++14 (GCC 5.4.1),cpp,Accepted,1.0,256.0,1012,
s015444502,p03209,u394482932,1544331598,C++,C++14 (GCC 5.4.1),cpp,Accepted,1.0,256.0,589,
s762112972,p03209,u794573819,1544331453,C++,C++14 (GCC 5.4.1),cpp,Accepted,1.0,256.0,1726,
s845881099,p03209,u734519000,1544331361,C++,C++14 (GCC 5.4.1),cpp,Accepted,1.0,256.0,618,
s080178515,p03209,u067267922,1544331335,C++,C++14 (GCC 5.4.1),cpp,Accepted,1.0,256.0,677,
s125622016,p03209,u734519000,1544331323,C++,C++14 (GCC 5.4.1),cpp,Accepted,1.0,256.0,693,
s584330521,p03209,u342643216,1544331288,C++,C++14 (GCC 5.4.1),cpp,Accepted,1.0,128.0,1178,
s141059067,p03209,u572144347,1544331278,Python,Python (3.4.3),py,Accepted,18.0,3060.0,446,
s755994482,p03209,u898143674,1544331257,C++,C++14 (GCC 5.4.1),cpp,Accepted,1.0,256.0,746,
s971831376,p03209,u069838609,1544331255,Python,Python (3.4.3),py,Accepted,29.0,3940.0,657,
s618263296,p03209,u320267258,1544331229,C++,C++14 (GCC 5.4.1),cpp,Accepted,1.0,256.0,835,
s777670771,p03209,u244583418,1544331212,C++,C++14 (GCC 5.4.1),cpp,Accepted,1.0,256.0,1184,
s417183557,p03209,u049420296,1544331203,C++,C++14 (GCC 5.4.1),cpp,Accepted,1.0,256.0,907,
s814427994,p03209,u711985352,1544331201,C++,C++14 (GCC 5.4.1),cpp,Accepted,1.0,256.0,1194,
s918546152,p03209,u844133200,1544331191,C++,C++14 (GCC 5.4.1),cpp,Accepted,1.0,256.0,1188,
s274150708,p03209,u394482932,1544331179,C++,C++14 (GCC 5.4.1),cpp,Accepted,1.0,256.0,562,
s549302036,p03209,u492373312,1544331124,C++,C++14 (GCC 5.4.1),cpp,Accepted,1.0,256.0,1251,
s869711571,p03209,u624475441,1544331119,Python,Python (3.4.3),py,Accepted,18.0,3064.0,331,
s837249581,p03209,u007637377,1544331065,C++,C++14 (GCC 5.4.1),cpp,Accepted,1.0,256.0,1375,
s460589927,p03209,u504142483,1544330969,C++,C++14 (GCC 5.4.1),cpp,Accepted,1.0,256.0,2056,
s260680999,p03209,u856232850,1544330920,C++,C++14 (GCC 5.4.1),cpp,Accepted,1.0,256.0,1023,
s018742876,p03209,u394482932,1544330897,C++,C++14 (GCC 5.4.1),cpp,Accepted,1.0,256.0,588,
s411278684,p03209,u657901243,1544330854,Python,Python (3.4.3),py,Accepted,18.0,3064.0,289,
s429194921,p03209,u062147869,1544330845,Python,PyPy3 (2.4.0),py,Accepted,178.0,38384.0,563,
s318694293,p03209,u836207173,1544330791,Python,Python (3.4.3),py,Accepted,18.0,3060.0,273,
s610669439,p03209,u790502959,1544330737,C++,C++14 (GCC 5.4.1),cpp,Accepted,1.0,256.0,941,
s068814986,p03209,u394482932,1544330734,C++,C++14 (GCC 5.4.1),cpp,Accepted,1.0,256.0,617,
s788264983,p03209,u994767958,1544330723,Python,Python (3.4.3),py,Accepted,18.0,3060.0,305,
s560117993,p03209,u874996917,1544330701,C++,C++14 (GCC 5.4.1),cpp,Accepted,1.0,256.0,2530,
s139867553,p03209,u185802209,1544330679,Python,Python (3.4.3),py,Accepted,19.0,3064.0,361,
s454764377,p03209,u427344224,1544330672,Python,Python (3.4.3),py,Accepted,18.0,3064.0,388,
s211406944,p03209,u775224245,1544330630,C++,C++14 (GCC 5.4.1),cpp,Accepted,1.0,256.0,881,
s010771458,p03209,u119951791,1544330579,C++,C++14 (GCC 5.4.1),cpp,Accepted,1.0,256.0,1398,
s493347990,p03209,u394482932,1544330574,C++,C++14 (GCC 5.4.1),cpp,Accepted,1.0,256.0,635,
s423228002,p03209,u244583418,1544330551,C++,C++14 (GCC 5.4.1),cpp,Accepted,1.0,256.0,1132,
s675759465,p03209,u142415823,1544330518,Python,Python (3.4.3),py,Accepted,18.0,3064.0,442,
s883809409,p03209,u569367525,1544330491,C++,C++14 (GCC 5.4.1),cpp,Accepted,1.0,256.0,1158,
s518427768,p03209,u734519000,1544330485,C++,C++14 (GCC 5.4.1),cpp,Accepted,1.0,256.0,683,
s782208189,p03209,u118642796,1544330482,Python,Python (3.4.3),py,Accepted,17.0,3064.0,312,
s175562717,p03209,u986276444,1544330446,C++,C++14 (GCC 5.4.1),cpp,Accepted,1.0,256.0,852,
s863694952,p03209,u185802209,1544330393,Python,Python (3.4.3),py,Accepted,18.0,3064.0,360,
s184573537,p03209,u310101703,1544330380,C++,C++14 (GCC 5.4.1),cpp,Accepted,1.0,256.0,1389,
s333016538,p03209,u478530879,1544330369,C++,C++14 (GCC 5.4.1),cpp,Accepted,1.0,256.0,4771,
s791895518,p03209,u513081876,1544330268,Python,Python (3.4.3),py,Accepted,17.0,3064.0,312,
s837608320,p03209,u824327013,1544330215,C++,C++14 (GCC 5.4.1),cpp,Accepted,1.0,256.0,1992,
s450294655,p03209,u625092455,1544330166,C++,C++14 (Clang 3.8.0),cpp,Accepted,1.0,256.0,1589,
s392160879,p03209,u451017206,1544330161,Python,Python (3.4.3),py,Accepted,18.0,3064.0,548,
s316737177,p03209,u525672296,1544330156,C++,C++14 (GCC 5.4.1),cpp,Accepted,2.0,384.0,838,
s188695960,p03209,u128527648,1544330115,C++,C++14 (GCC 5.4.1),cpp,Accepted,1.0,256.0,1363,
s156860015,p03209,u550314572,1544330114,C++,C++14 (Clang 3.8.0),cpp,Accepted,7.0,888.0,1711,
s918327714,p03209,u513726585,1544330103,C++,C++14 (GCC 5.4.1),cpp,Accepted,1.0,256.0,647,
s578390836,p03209,u272028993,1544330070,C++,C++14 (GCC 5.4.1),cpp,Accepted,1.0,256.0,3897,
s895220960,p03209,u264304509,1544330040,C++,C++14 (GCC 5.4.1),cpp,Accepted,1.0,256.0,569,
s193406042,p03209,u874706642,1544330026,C++,C++14 (GCC 5.4.1),cpp,Accepted,1.0,256.0,971,
s175862895,p03209,u164300951,1544330005,C++,C++14 (GCC 5.4.1),cpp,Accepted,1.0,256.0,1526,
s555048684,p03209,u279013117,1544329953,Python,Python (2.7.6),py,Accepted,10.0,2696.0,648,
s360685970,p03209,u743574271,1544329937,Python,Python (3.4.3),py,Accepted,18.0,3064.0,326,
s937901895,p03209,u093170535,1544329865,C++,C++14 (GCC 5.4.1),cpp,Accepted,1.0,256.0,268,
s730752125,p03209,u303037478,1544329831,Python,Python (3.4.3),py,Accepted,17.0,3192.0,2040,
s590447072,p03209,u031178961,1544329810,C++,C++14 (GCC 5.4.1),cpp,Accepted,1.0,256.0,920,
s898703792,p03209,u757738907,1544329784,C++,C++14 (GCC 5.4.1),cpp,Accepted,1.0,256.0,2933,
s716184384,p03209,u581040514,1544329754,Python,Python (3.4.3),py,Accepted,18.0,3064.0,279,
s880235396,p03209,u480806810,1544329752,C++,C++14 (GCC 5.4.1),cpp,Accepted,1.0,256.0,801,
s392431467,p03209,u381120152,1544329742,C++,C++14 (Clang 3.8.0),cpp,Accepted,1.0,256.0,1469,
s828232671,p03209,u313707981,1544329691,C++,C++14 (GCC 5.4.1),cpp,Accepted,1.0,256.0,436,
s759239030,p03209,u637824361,1544329583,Python,Python (3.4.3),py,Accepted,18.0,3064.0,410,
s589115914,p03209,u352067440,1544329577,C++,C++14 (GCC 5.4.1),cpp,Accepted,1.0,256.0,754,
s282079805,p03209,u920161031,1544329570,C++,C++14 (GCC 5.4.1),cpp,Accepted,1.0,256.0,1018,
s766468461,p03209,u660656117,1544329560,C++,C++14 (GCC 5.4.1),cpp,Accepted,1.0,256.0,3168,
s139738573,p03209,u365956698,1544329512,C++,C++14 (GCC 5.4.1),cpp,Accepted,1.0,256.0,646,
s883667202,p03209,u173380057,1544329447,C++,C++14 (GCC 5.4.1),cpp,Accepted,1.0,256.0,1546,
s015827561,p03209,u568652083,1544329403,C++,C++14 (GCC 5.4.1),cpp,Accepted,1.0,256.0,2009,
s948439525,p03209,u426501657,1544329385,Python,Python (3.4.3),py,Accepted,18.0,3064.0,747,
s038301069,p03209,u810671118,1544329377,C++,C++14 (GCC 5.4.1),cpp,Accepted,2.0,256.0,1061,
s502193586,p03209,u404676457,1544329330,Python,Python (3.4.3),py,Accepted,17.0,3064.0,718,
s635226273,p03209,u020604402,1544329276,Python,Python (3.4.3),py,Accepted,19.0,3064.0,559,
s025888834,p03209,u747463345,1544329265,C++,C++14 (GCC 5.4.1),cpp,Accepted,1.0,128.0,758,
s796817771,p03209,u244583418,1544329262,C++,C++14 (GCC 5.4.1),cpp,Accepted,1.0,256.0,1539,
s179180697,p03209,u759799264,1544329221,C++,C++14 (GCC 5.4.1),cpp,Accepted,1.0,256.0,1437,
s661629305,p03209,u742897895,1544329182,Python,PyPy3 (2.4.0),py,Accepted,166.0,38728.0,744,
s471694015,p03209,u229381761,1544329141,C++,C++14 (GCC 5.4.1),cpp,Accepted,1.0,256.0,1709,
s277091932,p03209,u811176339,1544329109,C++,C++14 (GCC 5.4.1),cpp,Accepted,1.0,256.0,956,
s051649626,p03209,u470101103,1544329089,Python,Python (3.4.3),py,Accepted,17.0,3064.0,909,
s325481526,p03209,u317806971,1544329058,C++,C++14 (GCC 5.4.1),cpp,Accepted,1.0,256.0,933,
s284517342,p03209,u576357314,1544329047,Python,Python (3.4.3),py,Accepted,18.0,3064.0,604,
s023953945,p03209,u796269639,1544329021,C++,C++14 (GCC 5.4.1),cpp,Accepted,1.0,256.0,1030,
s799456400,p03209,u895641117,1544329000,C++,C++14 (GCC 5.4.1),cpp,Accepted,1.0,256.0,1293,
s636219996,p03209,u884982181,1544328996,Python,PyPy3 (2.4.0),py,Accepted,188.0,38384.0,274,
s489067620,p03209,u017810624,1544328927,Python,Python (3.4.3),py,Accepted,17.0,3064.0,407,
s220439803,p03209,u036561304,1544328915,C++,C++14 (GCC 5.4.1),cpp,Accepted,1.0,256.0,513,
s640841596,p03209,u338225045,1544328898,C++,C++14 (GCC 5.4.1),cpp,Accepted,1.0,256.0,706,
s697296116,p03209,u858748695,1544328892,C++,C++14 (GCC 5.4.1),cpp,Accepted,1.0,256.0,685,
s269523638,p03209,u747463345,1544328888,C++,C++14 (GCC 5.4.1),cpp,Accepted,1.0,128.0,758,
s571739366,p03209,u026075806,1544328855,Python,Python (3.4.3),py,Accepted,19.0,3064.0,991,
s078287301,p03209,u612721349,1544328831,Python,Python (3.4.3),py,Accepted,18.0,3064.0,690,
s573653661,p03209,u555933327,1544328827,C++,C++14 (GCC 5.4.1),cpp,Accepted,1.0,256.0,557,
s176562069,p03209,u993619636,1544328799,C++,C++14 (GCC 5.4.1),cpp,Accepted,1.0,256.0,634,
s036327740,p03209,u681917640,1544328797,Python,Python (3.4.3),py,Accepted,17.0,3064.0,427,
s865703272,p03209,u338225045,1544328776,C++,C++14 (GCC 5.4.1),cpp,Accepted,1.0,256.0,910,
s296740317,p03209,u643840641,1544328638,Python,Python (3.4.3),py,Accepted,18.0,3064.0,293,
s037228343,p03209,u612721349,1544328572,Python,Python (3.4.3),py,Accepted,17.0,3064.0,738,
s460883008,p03209,u677312543,1544328560,Python,Python (3.4.3),py,Accepted,17.0,3064.0,308,
s502761563,p03209,u986334889,1544328550,C++,C++14 (GCC 5.4.1),cpp,Accepted,1.0,256.0,652,
s384832884,p03209,u943004959,1544328526,C++,C++14 (GCC 5.4.1),cpp,Accepted,1.0,256.0,1236,
s966000751,p03209,u142996493,1544328505,C++,C++14 (GCC 5.4.1),cpp,Accepted,1.0,256.0,2264,
s372302601,p03209,u384299515,1544328498,C++,C++14 (GCC 5.4.1),cpp,Accepted,1.0,256.0,1520,
s796297496,p03209,u621935300,1544328497,Python,PyPy2 (5.6.0),py,Accepted,34.0,28524.0,256,
s790160258,p03209,u964494353,1544328406,Python,Python (3.4.3),py,Accepted,18.0,3064.0,369,
s805813500,p03209,u911147723,1544328267,C++,C++14 (GCC 5.4.1),cpp,Accepted,2.0,256.0,519,
s748430962,p03209,u000403082,1544328259,C++,C++14 (GCC 5.4.1),cpp,Accepted,1.0,256.0,789,
s961440947,p03209,u466497827,1544328259,C++,C++14 (GCC 5.4.1),cpp,Accepted,1.0,256.0,595,
s041123279,p03209,u127194462,1544328181,C++,C++14 (GCC 5.4.1),cpp,Accepted,1.0,256.0,516,
s938997123,p03209,u050428930,1544328173,C++,C++14 (GCC 5.4.1),cpp,Accepted,1.0,256.0,608,
s199857468,p03209,u013936801,1544328170,C++,C++14 (GCC 5.4.1),cpp,Accepted,1.0,256.0,784,
s524571319,p03209,u325820449,1544328166,C++,C++14 (GCC 5.4.1),cpp,Accepted,1.0,256.0,630,
s225691625,p03209,u394482932,1544328129,C++,C++14 (GCC 5.4.1),cpp,Accepted,1.0,256.0,341,
s660675767,p03209,u078356320,1544328051,C++,C++14 (GCC 5.4.1),cpp,Accepted,1.0,256.0,645,
s278200056,p03209,u118642796,1544328027,Python,Python (3.4.3),py,Accepted,17.0,3064.0,559,
s892128087,p03209,u928627615,1544327988,C++,C++14 (GCC 5.4.1),cpp,Accepted,1.0,256.0,919,
s220845690,p03209,u432688695,1544327899,C++,C++14 (GCC 5.4.1),cpp,Accepted,1.0,256.0,2038,
s789861578,p03209,u241615199,1544327881,C++,C++14 (GCC 5.4.1),cpp,Accepted,1.0,256.0,532,
s753625678,p03209,u284854859,1544327862,Python,Python (3.4.3),py,Accepted,18.0,3188.0,1784,
s389344692,p03209,u832039789,1544327708,Python,Python (3.4.3),py,Accepted,18.0,3064.0,697,
s944620404,p03209,u918753189,1544327645,C++,C++14 (GCC 5.4.1),cpp,Accepted,1.0,256.0,834,
s385383677,p03209,u568831989,1544327635,C++,C++14 (GCC 5.4.1),cpp,Accepted,2.0,2304.0,880,
s345582854,p03209,u199295501,1544327611,Python,Python (3.4.3),py,Accepted,17.0,3064.0,853,
s066291660,p03209,u027284591,1544327599,C++,C++14 (GCC 5.4.1),cpp,Accepted,1.0,256.0,1204,
s267907617,p03209,u278670845,1544327562,Python,Python (3.4.3),py,Accepted,21.0,3192.0,1657,
s479186240,p03209,u007808656,1544327514,Python,Python (3.4.3),py,Accepted,17.0,3064.0,741,
s530486092,p03209,u364618491,1544327397,C++,C++14 (GCC 5.4.1),cpp,Accepted,1.0,256.0,1229,
s409270732,p03209,u995102075,1544327382,C++,C++14 (Clang 3.8.0),cpp,Accepted,1.0,256.0,980,
s135812386,p03209,u906779583,1544327376,C++,C++14 (GCC 5.4.1),cpp,Accepted,1.0,256.0,760,
s003445517,p03209,u463360790,1544327361,C++,C++14 (GCC 5.4.1),cpp,Accepted,1.0,256.0,707,
s787984066,p03209,u790171360,1544327358,C++,C++14 (GCC 5.4.1),cpp,Accepted,513.0,256.0,1083,
s146317213,p03209,u174434198,1544327347,C++,C++14 (GCC 5.4.1),cpp,Accepted,1.0,256.0,1156,
s382668754,p03209,u860649643,1544327337,C++,C++14 (GCC 5.4.1),cpp,Accepted,1.0,256.0,779,
s236217555,p03209,u507408564,1544327318,C++,C++14 (GCC 5.4.1),cpp,Accepted,1.0,256.0,916,
s897337791,p03209,u423143252,1544327317,C++,C++14 (GCC 5.4.1),cpp,Accepted,1.0,256.0,1537,
s741184001,p03209,u556487440,1544327316,Python,Python (3.4.3),py,Accepted,17.0,3064.0,792,
s139656206,p03209,u780122303,1544327315,C++,C++14 (GCC 5.4.1),cpp,Accepted,1.0,256.0,1238,
s631835657,p03209,u073082475,1544327298,C++,C++14 (GCC 5.4.1),cpp,Accepted,1.0,256.0,465,
s446507821,p03209,u110996038,1544327254,C++,C++14 (GCC 5.4.1),cpp,Accepted,1.0,256.0,604,
s141023216,p03209,u403323882,1544327242,C++,C++14 (GCC 5.4.1),cpp,Accepted,1.0,256.0,1297,
s129379030,p03209,u153798346,1544327232,C++,C++14 (GCC 5.4.1),cpp,Accepted,1.0,128.0,2888,
s550996322,p03209,u507408564,1544327227,C++,C++14 (GCC 5.4.1),cpp,Accepted,1.0,256.0,1274,
s191247676,p03209,u344412812,1544327217,Python,Python (3.4.3),py,Accepted,17.0,3064.0,359,
s034214271,p03209,u061597928,1544327213,C++,C++14 (GCC 5.4.1),cpp,Accepted,1.0,256.0,490,
s984839433,p03209,u906208439,1544327202,C++,C++14 (GCC 5.4.1),cpp,Accepted,3.0,512.0,973,
s833549628,p03209,u547457320,1544327191,C++,C++14 (GCC 5.4.1),cpp,Accepted,1.0,256.0,718,
s845815471,p03209,u889914341,1544327174,C++,C++14 (GCC 5.4.1),cpp,Accepted,1.0,256.0,2281,
s702751728,p03209,u634208461,1544327163,Python,Python (3.4.3),py,Accepted,17.0,3064.0,570,
s785781042,p03209,u935239805,1544327150,C++,C++14 (GCC 5.4.1),cpp,Accepted,1.0,256.0,1487,
s057181101,p03209,u462437857,1544327135,C++,C++14 (GCC 5.4.1),cpp,Accepted,1.0,256.0,377,
s837210484,p03209,u711849178,1544327134,C++,C++14 (GCC 5.4.1),cpp,Accepted,1.0,256.0,960,
s773960190,p03209,u634923505,1544327128,C++,C++14 (GCC 5.4.1),cpp,Accepted,1.0,256.0,681,
s360849906,p03209,u795707846,1544327115,C++,C++14 (GCC 5.4.1),cpp,Accepted,5.0,640.0,408,
s223875452,p03209,u711849178,1544327110,C++,C++14 (GCC 5.4.1),cpp,Accepted,1.0,256.0,960,
s756219998,p03209,u889914341,1544327097,C++,C++14 (GCC 5.4.1),cpp,Accepted,1.0,256.0,2291,
s836479210,p03209,u705085875,1544327063,C++,C++14 (GCC 5.4.1),cpp,Accepted,1.0,256.0,1775,
s987039479,p03209,u853947407,1544327063,C++,C++14 (GCC 5.4.1),cpp,Accepted,1.0,256.0,616,
s698662131,p03209,u389009751,1544327056,C++,C++14 (GCC 5.4.1),cpp,Accepted,1.0,256.0,791,
s188821474,p03209,u301893320,1544327056,C++,C++14 (GCC 5.4.1),cpp,Accepted,1.0,256.0,855,
s020876764,p03209,u108990937,1544327039,Python,Python (3.4.3),py,Accepted,19.0,3064.0,1016,
s185783096,p03209,u680355644,1544327033,C++,C++14 (GCC 5.4.1),cpp,Accepted,1.0,128.0,873,
s331105050,p03209,u991083615,1544327030,C++,C++14 (GCC 5.4.1),cpp,Accepted,1.0,256.0,1143,
s566864340,p03209,u556672233,1544327014,Python,Python (3.4.3),py,Accepted,18.0,3064.0,790,
s797355095,p03209,u711849178,1544327012,C++,C++14 (GCC 5.4.1),cpp,Accepted,1.0,256.0,914,
s240069291,p03209,u202260176,1544327005,C++,C++14 (GCC 5.4.1),cpp,Accepted,1.0,128.0,748,
s242365917,p03209,u219041750,1544326998,C++,C++14 (GCC 5.4.1),cpp,Accepted,1.0,256.0,620,
s511254703,p03209,u875361824,1544326994,Python,Python (3.4.3),py,Accepted,20.0,3064.0,1882,
s678139688,p03209,u572077985,1544326993,C++,C++14 (GCC 5.4.1),cpp,Accepted,1.0,256.0,793,
s372181415,p03209,u414768457,1544326992,C++,C++14 (GCC 5.4.1),cpp,Accepted,1.0,256.0,885,
s306078429,p03209,u257304866,1544326981,C++,C++14 (GCC 5.4.1),cpp,Accepted,1.0,256.0,1963,
s608814984,p03209,u241615199,1544326973,C++,C++14 (GCC 5.4.1),cpp,Accepted,1.0,256.0,541,
s355066813,p03209,u344412812,1544326964,Python,Python (3.4.3),py,Accepted,19.0,3188.0,435,
s764912811,p03209,u605284854,1544326957,C++,C++14 (GCC 5.4.1),cpp,Accepted,1.0,256.0,1080,
s348730939,p03209,u401614948,1544326937,Python,Python (3.4.3),py,Accepted,19.0,3064.0,549,
s817636823,p03209,u602850810,1544326926,C++,C++14 (GCC 5.4.1),cpp,Accepted,1.0,256.0,734,
s537321511,p03209,u996749146,1544326924,Python,Python (3.4.3),py,Accepted,17.0,3064.0,500,
s485570801,p03209,u310431893,1544326920,Python,Python (3.4.3),py,Accepted,19.0,3064.0,480,
s057241350,p03209,u221119670,1544326913,C++,C++14 (GCC 5.4.1),cpp,Accepted,1.0,256.0,799,
s978302394,p03209,u192435461,1544326907,C++,C++14 (Clang 3.8.0),cpp,Accepted,1.0,256.0,634,
s353199754,p03209,u528744583,1544326907,C++,C++14 (GCC 5.4.1),cpp,Accepted,1.0,256.0,1500,
s749778621,p03209,u604896914,1544326900,Python,Python (3.4.3),py,Accepted,17.0,3064.0,789,
s301115001,p03209,u391331433,1544326872,Python,Python (2.7.6),py,Accepted,20.0,2968.0,1439,
s811704073,p03209,u088751997,1544326867,C++,C++14 (GCC 5.4.1),cpp,Accepted,1.0,256.0,608,
s712069715,p03209,u085486962,1544326861,C++,C++14 (GCC 5.4.1),cpp,Accepted,1.0,256.0,923,
s967101825,p03209,u283869437,1544326858,C++,C++14 (GCC 5.4.1),cpp,Accepted,1.0,256.0,8568,
s694567119,p03209,u258009780,1544326849,C++,C++14 (GCC 5.4.1),cpp,Accepted,1.0,256.0,2084,
s906522205,p03209,u470208427,1544326838,Python,Python (3.4.3),py,Accepted,17.0,3064.0,612,
s960684252,p03209,u465574608,1544326791,C++,C++14 (GCC 5.4.1),cpp,Accepted,1.0,256.0,2308,
s979189224,p03209,u709304134,1544326789,Python,Python (3.4.3),py,Accepted,18.0,3064.0,536,
s922823472,p03209,u209011781,1544326785,C++,C++14 (GCC 5.4.1),cpp,Accepted,3.0,384.0,427,
s981525807,p03209,u647656433,1544326782,Python,Python (3.4.3),py,Accepted,17.0,3064.0,1459,
s787531486,p03209,u603286134,1544326739,C++,C++14 (GCC 5.4.1),cpp,Accepted,1.0,256.0,1163,
s159397848,p03209,u140997927,1544326718,C++,C++14 (GCC 5.4.1),cpp,Accepted,1.0,256.0,1124,
s550870568,p03209,u341087021,1544326716,Python,Python (3.4.3),py,Accepted,17.0,3064.0,561,
s413468612,p03209,u317715099,1544326715,C++,C++14 (GCC 5.4.1),cpp,Accepted,1.0,256.0,1144,
s730033041,p03209,u153798346,1544326711,C++,C++14 (GCC 5.4.1),cpp,Accepted,1.0,128.0,3073,
s893814899,p03209,u803481017,1544326703,Python,Python (3.4.3),py,Accepted,18.0,3060.0,387,
s966369265,p03209,u973997867,1544326693,C++,C++14 (GCC 5.4.1),cpp,Accepted,1.0,256.0,949,
s406081494,p03209,u628047647,1544326658,C++,C++14 (GCC 5.4.1),cpp,Accepted,1.0,256.0,1028,
s815450141,p03209,u768152935,1544326648,C++,C++14 (GCC 5.4.1),cpp,Accepted,1.0,256.0,1219,
s201532131,p03209,u406407674,1544326647,C++,C++14 (GCC 5.4.1),cpp,Accepted,1.0,256.0,1554,
s671577928,p03209,u702133921,1544326636,C++,C++14 (GCC 5.4.1),cpp,Accepted,1.0,256.0,3292,
s513615972,p03209,u627562722,1544326633,C++,C++14 (GCC 5.4.1),cpp,Accepted,1.0,256.0,1551,
s554037606,p03209,u511268447,1544326632,Python,Python (3.4.3),py,Accepted,17.0,3060.0,219,
s129432892,p03209,u544732702,1544326625,C++,C++14 (GCC 5.4.1),cpp,Accepted,1.0,256.0,983,
s663394722,p03209,u922018373,1544326616,C++,C++14 (GCC 5.4.1),cpp,Accepted,1.0,256.0,1543,
s334575797,p03209,u768152935,1544326606,C++,C++14 (GCC 5.4.1),cpp,Accepted,1.0,256.0,1402,
s308532807,p03209,u816800341,1544326601,C++,C++14 (GCC 5.4.1),cpp,Accepted,1.0,256.0,2062,
s314719025,p03209,u611384918,1544326595,C++,C++14 (GCC 5.4.1),cpp,Accepted,1.0,256.0,1282,
s470124926,p03209,u304318875,1544326593,C++,C++14 (GCC 5.4.1),cpp,Accepted,1.0,256.0,5450,
s974281418,p03209,u017167684,1544326589,C++,C++14 (GCC 5.4.1),cpp,Accepted,1.0,256.0,547,
s972459046,p03209,u726615467,1544326586,Python,Python (3.4.3),py,Accepted,17.0,3064.0,496,
s969367787,p03209,u025235255,1544326581,Python,Python (3.4.3),py,Accepted,18.0,3064.0,545,
s257636892,p03209,u449422108,1544326578,C++,C++14 (GCC 5.4.1),cpp,Accepted,2.0,256.0,1591,
s245141904,p03209,u003873207,1544326548,C++,C++14 (Clang 3.8.0),cpp,Accepted,1.0,256.0,1992,
s386287223,p03209,u562244452,1544326545,C++,C++14 (GCC 5.4.1),cpp,Accepted,1.0,256.0,1055,
s276759847,p03209,u714489093,1544326540,C++,C++14 (GCC 5.4.1),cpp,Accepted,1.0,256.0,696,
s207554993,p03209,u388697579,1544326529,Python,Python (3.4.3),py,Accepted,153.0,12504.0,404,
s931183033,p03209,u294283114,1544326526,C++,C++14 (GCC 5.4.1),cpp,Accepted,1.0,256.0,1889,
s982075818,p03209,u504588563,1544326489,Python,PyPy3 (2.4.0),py,Accepted,171.0,38384.0,1046,
s287029552,p03209,u057611820,1544326487,C++,C++14 (GCC 5.4.1),cpp,Accepted,1.0,256.0,1561,
s827705293,p03209,u872959410,1544326471,C++,C++14 (GCC 5.4.1),cpp,Accepted,1.0,256.0,1204,
s431669941,p03209,u610798793,1544326461,C++,C++14 (GCC 5.4.1),cpp,Accepted,1.0,256.0,673,
s151696972,p03209,u845674689,1544326431,C++,C++14 (GCC 5.4.1),cpp,Accepted,1.0,256.0,1952,
s928760892,p03209,u209467566,1544326415,C++,C++14 (GCC 5.4.1),cpp,Accepted,1.0,256.0,538,
s711649569,p03209,u272557899,1544326411,Python,Python (3.4.3),py,Accepted,19.0,3064.0,509,
s412731146,p03209,u694340687,1544326409,C++,C++14 (GCC 5.4.1),cpp,Accepted,1.0,256.0,693,
s836332287,p03209,u711582524,1544326409,C++,C++14 (GCC 5.4.1),cpp,Accepted,1.0,256.0,1406,
s238730293,p03209,u617525345,1544326402,C++,C++14 (GCC 5.4.1),cpp,Accepted,1.0,256.0,676,
s966028932,p03209,u185294445,1544326396,C++,C++ (Clang 3.8.0),cpp,Accepted,1.0,256.0,1093,
s324695450,p03209,u041075929,1544326396,C++,C++14 (GCC 5.4.1),cpp,Accepted,1.0,256.0,1516,
s245545446,p03209,u874706642,1544326394,C++,C++14 (GCC 5.4.1),cpp,Accepted,1.0,256.0,1220,
s102316809,p03209,u899220667,1544326388,C++,C++14 (GCC 5.4.1),cpp,Accepted,1.0,256.0,1450,
s221194493,p03209,u569367525,1544326379,C++,C++14 (GCC 5.4.1),cpp,Accepted,1.0,256.0,766,
s215109729,p03209,u194743874,1544326349,C++,C++14 (GCC 5.4.1),cpp,Accepted,1.0,256.0,1423,
s654470650,p03209,u757742820,1544326343,C++,C++14 (GCC 5.4.1),cpp,Accepted,1.0,128.0,1181,
s954004020,p03209,u347746039,1544326335,C++,C++14 (GCC 5.4.1),cpp,Accepted,1.0,256.0,1219,
s242757563,p03209,u735763891,1544326313,Python,Python (3.4.3),py,Accepted,20.0,3064.0,490,
s444198114,p03209,u482544950,1544326303,C++,C++14 (GCC 5.4.1),cpp,Accepted,1.0,256.0,1098,
s300949806,p03209,u172929647,1544326295,C++,C++14 (GCC 5.4.1),cpp,Accepted,1.0,256.0,8556,
s397789217,p03209,u466335531,1544326284,Python,Python (3.4.3),py,Accepted,17.0,3064.0,353,
s855855537,p03209,u108493359,1544326273,C++,C++14 (GCC 5.4.1),cpp,Accepted,1.0,256.0,411,
s736553289,p03209,u050865477,1544326273,C++,C++14 (GCC 5.4.1),cpp,Accepted,1.0,256.0,3129,
s856314227,p03209,u236127431,1544326265,Python,PyPy3 (2.4.0),py,Accepted,167.0,38384.0,335,
s854748052,p03209,u297109012,1544326258,Python,Python (3.4.3),py,Accepted,17.0,3064.0,694,
s462343211,p03209,u605284854,1544326247,C++,C++14 (GCC 5.4.1),cpp,Accepted,1.0,256.0,1304,
s318825001,p03209,u962829271,1544326223,Python,Python (3.4.3),py,Accepted,67.0,5768.0,953,
s167498035,p03209,u364618491,1544326223,C++,C++14 (GCC 5.4.1),cpp,Accepted,1.0,256.0,1329,
s994496742,p03209,u711849178,1544326221,C++,C++14 (GCC 5.4.1),cpp,Accepted,1.0,256.0,907,
s565827677,p03209,u108990937,1544326209,Python,Python (3.4.3),py,Accepted,17.0,3064.0,1042,
s515461602,p03209,u845333844,1544326208,Python,Python (3.4.3),py,Accepted,17.0,3064.0,317,
s617576389,p03209,u502314533,1544326207,Python,Python (3.4.3),py,Accepted,17.0,3064.0,501,
s346694118,p03209,u207036582,1544326206,C++,C++14 (GCC 5.4.1),cpp,Accepted,1.0,256.0,663,
s819150939,p03209,u375616706,1544326194,Python,Python (3.4.3),py,Accepted,17.0,3064.0,690,
s415738974,p03209,u501008235,1544326156,C++,C++14 (GCC 5.4.1),cpp,Accepted,1.0,256.0,429,
s211040536,p03209,u965103758,1544326153,C++,C++14 (GCC 5.4.1),cpp,Accepted,1.0,256.0,538,
s651562211,p03209,u317754719,1544326149,C++,C++14 (GCC 5.4.1),cpp,Accepted,1.0,256.0,713,
s098011522,p03209,u650243369,1544326132,C++,C++14 (GCC 5.4.1),cpp,Accepted,1.0,256.0,663,
s056525680,p03209,u099918199,1544326132,C++,C++14 (GCC 5.4.1),cpp,Accepted,1.0,256.0,1473,
s561190722,p03209,u229056063,1544326124,C++,C++14 (GCC 5.4.1),cpp,Accepted,1.0,128.0,542,
s869984442,p03209,u062621835,1544326121,Python,Python (3.4.3),py,Accepted,17.0,3064.0,439,
s878142127,p03209,u314396879,1544326115,C++,C++14 (GCC 5.4.1),cpp,Accepted,1.0,256.0,855,
s116108521,p03209,u024809932,1544326103,C++,C++14 (GCC 5.4.1),cpp,Accepted,1.0,256.0,510,
s446451867,p03209,u394919721,1544326103,C++,C++14 (GCC 5.4.1),cpp,Accepted,1.0,256.0,1937,
s499417409,p03209,u459307549,1544326101,C++,C++14 (GCC 5.4.1),cpp,Accepted,1.0,256.0,1997,
s838533707,p03209,u588454863,1544326097,C++,C++14 (GCC 5.4.1),cpp,Accepted,1.0,256.0,1413,
s979649542,p03209,u054652697,1544326084,C++,C++14 (GCC 5.4.1),cpp,Accepted,1.0,256.0,679,
s004568481,p03209,u341957179,1544326060,C++,C++14 (GCC 5.4.1),cpp,Accepted,1.0,256.0,761,
s512031440,p03209,u811561461,1544326052,C++,C++14 (GCC 5.4.1),cpp,Accepted,1.0,256.0,1270,
s259527731,p03209,u213143275,1544326000,C++,C++14 (GCC 5.4.1),cpp,Accepted,2.0,256.0,2799,
s663861979,p03209,u409753607,1544325990,C++,C++14 (GCC 5.4.1),cpp,Accepted,1.0,256.0,1682,
s268296322,p03209,u198355306,1544325975,C++,C++14 (GCC 5.4.1),cpp,Accepted,1.0,256.0,1358,
s604369156,p03209,u482808969,1544325967,C++,C++14 (GCC 5.4.1),cpp,Accepted,1.0,256.0,904,
s439140345,p03209,u410943667,1544325946,C++,C++14 (GCC 5.4.1),cpp,Accepted,1.0,256.0,448,
s847188623,p03209,u611384918,1544325944,C++,C++14 (GCC 5.4.1),cpp,Accepted,1.0,256.0,762,
s477727254,p03209,u531531196,1544325931,C++,C++14 (GCC 5.4.1),cpp,Accepted,1.0,256.0,908,
s852597483,p03209,u675296835,1544325922,C++,C++14 (GCC 5.4.1),cpp,Accepted,1.0,256.0,4121,
s584612205,p03209,u544732702,1544325913,C++,C++14 (GCC 5.4.1),cpp,Accepted,1.0,256.0,949,
s980066848,p03209,u231826562,1544325909,C++,C++14 (GCC 5.4.1),cpp,Accepted,1.0,256.0,956,
s841005360,p03209,u325264482,1544325880,Python,Python (3.4.3),py,Accepted,17.0,3064.0,550,
s617480838,p03209,u732159958,1544325880,C++,C++14 (Clang 3.8.0),cpp,Accepted,1.0,256.0,1618,
s131194601,p03209,u391475811,1544325875,Python,Python (3.4.3),py,Accepted,17.0,3064.0,418,
s022118456,p03209,u297045966,1544325866,C++,C++14 (GCC 5.4.1),cpp,Accepted,1.0,256.0,1114,
s844841133,p03209,u093170535,1544325866,C++,C++14 (GCC 5.4.1),cpp,Accepted,1.0,256.0,401,
s100216588,p03209,u629015299,1544325855,C++,C++14 (GCC 5.4.1),cpp,Accepted,1.0,256.0,5128,
s888018715,p03209,u373586461,1544325855,C++,C++14 (Clang 3.8.0),cpp,Accepted,2.0,384.0,1172,
s029108256,p03209,u711582524,1544325853,C++,C++14 (GCC 5.4.1),cpp,Accepted,1.0,256.0,1365,
s900373463,p03209,u701131323,1544325846,C++,C++14 (GCC 5.4.1),cpp,Accepted,1.0,256.0,1239,
s299192034,p03209,u346193734,1544325824,C++,C++14 (GCC 5.4.1),cpp,Accepted,1.0,256.0,711,
s281380720,p03209,u764234894,1544325796,C++,C++14 (GCC 5.4.1),cpp,Accepted,1.0,256.0,1312,
s688647079,p03209,u103717566,1544325779,Python,Python (3.4.3),py,Accepted,19.0,3060.0,517,
s246360525,p03209,u128676584,1544325762,C++,C++14 (GCC 5.4.1),cpp,Accepted,1.0,256.0,1195,
s494280729,p03209,u573019226,1544325762,C++,C++14 (GCC 5.4.1),cpp,Accepted,1.0,256.0,898,
s772090525,p03209,u012619688,1544325760,C++,C++14 (GCC 5.4.1),cpp,Accepted,1.0,256.0,1372,
s865840358,p03209,u127394455,1544325751,C++,C++14 (GCC 5.4.1),cpp,Accepted,1.0,256.0,1702,
s039677474,p03209,u285556352,1544325746,C++,C++14 (Clang 3.8.0),cpp,Accepted,7.0,888.0,1155,
s916994172,p03209,u094534482,1544325744,C++,C++14 (GCC 5.4.1),cpp,Accepted,1.0,256.0,2090,
s093592398,p03209,u084967730,1544325721,C++,C++14 (GCC 5.4.1),cpp,Accepted,1.0,256.0,694,
s120538955,p03209,u029329478,1544325683,Python,Python (3.4.3),py,Accepted,20.0,3896.0,1246,
s005670011,p03209,u502709453,1544325667,C++,C++14 (GCC 5.4.1),cpp,Accepted,1.0,256.0,1937,
s336347499,p03209,u858136677,1544325663,Python,Python (3.4.3),py,Accepted,17.0,3064.0,807,
s097610687,p03209,u524343822,1544325662,C++,C++14 (GCC 5.4.1),cpp,Accepted,1.0,256.0,630,
s345945664,p03209,u956758464,1544325660,C++,C++14 (GCC 5.4.1),cpp,Accepted,1.0,128.0,884,
s954127890,p03209,u773916255,1544325654,C++,C++14 (GCC 5.4.1),cpp,Accepted,1.0,256.0,933,
s807914319,p03209,u348155686,1544325640,C++,C++14 (GCC 5.4.1),cpp,Accepted,1.0,256.0,1054,
s124413354,p03209,u926080943,1544325628,C++,C++14 (GCC 5.4.1),cpp,Accepted,1.0,256.0,1395,
s691912527,p03209,u503170128,1544325616,C++,C++14 (GCC 5.4.1),cpp,Accepted,3.0,512.0,730,
s528000710,p03209,u134519179,1544325615,C++,C++14 (GCC 5.4.1),cpp,Accepted,1.0,256.0,1277,
s920793111,p03209,u516353059,1544325594,C++,C++14 (Clang 3.8.0),cpp,Accepted,1.0,256.0,1598,
s255058511,p03209,u819439307,1544325594,C++,C++14 (GCC 5.4.1),cpp,Accepted,1.0,256.0,861,
s856024898,p03209,u026075806,1544325591,Python,Python (3.4.3),py,Accepted,17.0,3064.0,724,
s938328475,p03209,u258602643,1544325582,C++,C++14 (GCC 5.4.1),cpp,Accepted,2.0,256.0,5048,
s496955600,p03209,u731882889,1544325579,C++,C++14 (GCC 5.4.1),cpp,Accepted,1.0,128.0,760,
s593661129,p03209,u966921248,1544325579,C++,C++14 (GCC 5.4.1),cpp,Accepted,1.0,256.0,1399,
s348628600,p03209,u480472958,1544325578,Python,Python (3.4.3),py,Accepted,17.0,3064.0,510,
s656675988,p03209,u883048396,1544325564,Python,Python (3.4.3),py,Accepted,18.0,3064.0,869,
s926816295,p03209,u243196226,1544325547,C++,C++14 (GCC 5.4.1),cpp,Accepted,1.0,256.0,1256,
s989016211,p03209,u974620347,1544325525,Python,Python (3.4.3),py,Accepted,17.0,3064.0,891,
s307171142,p03209,u909162870,1544325519,Python,Python (3.4.3),py,Accepted,17.0,3060.0,416,
s337590488,p03209,u353602031,1544325513,C++,C++14 (GCC 5.4.1),cpp,Accepted,1.0,256.0,3438,
s706004567,p03209,u837080674,1544325512,C++,C++14 (GCC 5.4.1),cpp,Accepted,1.0,256.0,659,
s680803714,p03209,u247996218,1544325504,C++,C++14 (GCC 5.4.1),cpp,Accepted,1.0,256.0,1201,
s291474445,p03209,u601344838,1544325481,C++,C++14 (Clang 3.8.0),cpp,Accepted,1.0,256.0,706,
s609719380,p03209,u284095476,1544325477,C++,C++14 (GCC 5.4.1),cpp,Accepted,1.0,256.0,1238,
s719644907,p03209,u267325300,1544325470,Python,Python (3.4.3),py,Accepted,18.0,3064.0,430,
s570067160,p03209,u833393891,1544325446,C++,C++14 (GCC 5.4.1),cpp,Accepted,1.0,256.0,1346,
s202446070,p03209,u297574184,1544325446,Python,Python (3.4.3),py,Accepted,19.0,3064.0,419,
s360843798,p03209,u946322619,1544325392,C++,C++14 (GCC 5.4.1),cpp,Accepted,1.0,256.0,1660,
s710731708,p03209,u178152729,1544325391,C++,C++14 (GCC 5.4.1),cpp,Accepted,1.0,256.0,933,
s065610697,p03209,u039805629,1544325389,C++,C++14 (Clang 3.8.0),cpp,Accepted,6.0,888.0,1072,
s084386679,p03209,u047554023,1544325381,C++,C++14 (GCC 5.4.1),cpp,Accepted,1.0,256.0,394,
s701623836,p03209,u659781897,1544325354,C++,C++14 (GCC 5.4.1),cpp,Accepted,1.0,256.0,596,
s285443649,p03209,u213143275,1544325351,C++,C++14 (GCC 5.4.1),cpp,Accepted,1.0,256.0,2800,
s429026723,p03209,u585101972,1544325343,C++,C++14 (GCC 5.4.1),cpp,Accepted,1.0,256.0,871,
s556838267,p03209,u485287469,1544325341,C++,C++14 (GCC 5.4.1),cpp,Accepted,1.0,256.0,1390,
s292773001,p03209,u986399983,1544325338,C++,C++14 (GCC 5.4.1),cpp,Accepted,1.0,256.0,1511,
s103325004,p03209,u941407962,1544325336,Python,Python (3.4.3),py,Accepted,17.0,3064.0,445,
s158425124,p03209,u029876051,1544325336,C++,C++14 (GCC 5.4.1),cpp,Accepted,1.0,256.0,1498,
s615561913,p03209,u807772568,1544325332,Python,Python (3.4.3),py,Accepted,17.0,3188.0,432,
s241768488,p03209,u012619688,1544325327,C++,C++14 (GCC 5.4.1),cpp,Accepted,1.0,256.0,1408,
s103280426,p03209,u353542198,1544325323,C++,C++14 (GCC 5.4.1),cpp,Accepted,1.0,256.0,838,
s888982299,p03209,u309977459,1544325312,C++,C++ (GCC 5.4.1),cpp,Accepted,1.0,256.0,1437,
s052040611,p03209,u192058345,1544325300,Python,Python (3.4.3),py,Accepted,17.0,3064.0,538,
s001322708,p03209,u676010686,1544325298,C++,C++14 (GCC 5.4.1),cpp,Accepted,1.0,256.0,629,
s946508451,p03209,u500451627,1544325275,C++,C++14 (GCC 5.4.1),cpp,Accepted,1.0,256.0,2118,
s414690681,p03209,u249955257,1544325262,C++,C++14 (GCC 5.4.1),cpp,Accepted,1.0,256.0,1608,
s834112911,p03209,u677421794,1544325257,C++,C++14 (GCC 5.4.1),cpp,Accepted,1.0,256.0,1056,
s832588850,p03209,u089032001,1544325247,Python,Python (3.4.3),py,Accepted,17.0,3064.0,835,
s437159851,p03209,u253759478,1544325230,Python,Python (3.4.3),py,Accepted,17.0,3060.0,433,
s499883627,p03209,u942774736,1544325229,C++,C++14 (GCC 5.4.1),cpp,Accepted,198.0,797056.0,759,
s273787061,p03209,u817240026,1544325223,C++,C++14 (GCC 5.4.1),cpp,Accepted,1.0,128.0,749,
s760109456,p03209,u228966124,1544325209,C++,C++14 (GCC 5.4.1),cpp,Accepted,1.0,256.0,772,
s171179177,p03209,u155024797,1544325198,Python,PyPy3 (2.4.0),py,Accepted,165.0,38256.0,520,
s493851002,p03209,u551351269,1544325197,C++,C++14 (GCC 5.4.1),cpp,Accepted,1.0,256.0,461,
s236569430,p03209,u118797367,1544325191,C++,C++14 (GCC 5.4.1),cpp,Accepted,1.0,256.0,781,
s197922642,p03209,u143220121,1544325173,C++,C++14 (GCC 5.4.1),cpp,Accepted,1.0,256.0,42839,
s755635697,p03209,u783675879,1544325155,C++,C++14 (GCC 5.4.1),cpp,Accepted,1.0,256.0,1593,
s327948728,p03209,u049278965,1544325153,C++,C++14 (GCC 5.4.1),cpp,Accepted,2.0,2304.0,1264,
s727146741,p03209,u270681687,1544325150,Python,Python (3.4.3),py,Accepted,17.0,3064.0,562,
s880743933,p03209,u060392346,1544325138,Python,Python (3.4.3),py,Accepted,19.0,3188.0,434,
s967906347,p03209,u897304429,1544325137,C++,C++14 (GCC 5.4.1),cpp,Accepted,1.0,256.0,3951,
s427053029,p03209,u441296840,1544325115,C++,C++14 (GCC 5.4.1),cpp,Accepted,1.0,256.0,469,
s920311796,p03209,u839298869,1544325106,C++,C++14 (GCC 5.4.1),cpp,Accepted,1.0,256.0,589,
s902735577,p03209,u259396003,1544325103,C++,C++14 (GCC 5.4.1),cpp,Accepted,1.0,256.0,1226,
s440519606,p03209,u009275459,1544325102,C++,C++14 (GCC 5.4.1),cpp,Accepted,1.0,256.0,1225,
s957083019,p03209,u606045429,1544325095,Python,Python (3.4.3),py,Accepted,18.0,3064.0,486,
s304492651,p03209,u536712674,1544325081,C++,C++14 (GCC 5.4.1),cpp,Accepted,3.0,512.0,681,
s612972482,p03209,u287015418,1544325080,C++,C++14 (GCC 5.4.1),cpp,Accepted,1.0,256.0,1378,
s994182911,p03209,u314988220,1544325077,C++,C++14 (GCC 5.4.1),cpp,Accepted,1.0,256.0,583,
s857622431,p03209,u233367006,1544325076,Python,Python (3.4.3),py,Accepted,17.0,3064.0,582,
s807794973,p03209,u599568485,1544325073,C++,C++14 (GCC 5.4.1),cpp,Accepted,1.0,256.0,899,
s266388089,p03209,u190449731,1544325057,C++,C++14 (GCC 5.4.1),cpp,Accepted,1.0,256.0,733,
s476841148,p03209,u618697411,1544325051,C++,C++14 (GCC 5.4.1),cpp,Accepted,1.0,256.0,833,
s873699477,p03209,u215122692,1544325040,C++,C++14 (GCC 5.4.1),cpp,Accepted,1.0,256.0,1644,
s368623041,p03209,u759266806,1544325037,C++,C++14 (GCC 5.4.1),cpp,Accepted,1.0,256.0,1254,
s586094020,p03209,u099566485,1544325031,Python,Python (3.4.3),py,Accepted,17.0,3064.0,561,
s386872053,p03209,u401013791,1544325030,C++,C++14 (GCC 5.4.1),cpp,Accepted,1.0,128.0,1323,
s968713914,p03209,u394853232,1544325027,Python,Python (3.4.3),py,Accepted,17.0,3064.0,486,
s146075820,p03209,u864550097,1544325026,C++,C++14 (GCC 5.4.1),cpp,Accepted,1.0,256.0,1038,
s975666692,p03209,u028516426,1544325021,C++,C++14 (GCC 5.4.1),cpp,Accepted,1.0,256.0,623,
s904602103,p03209,u832039789,1544325020,Python,Python (3.4.3),py,Accepted,18.0,3064.0,555,
s482473307,p03209,u666721654,1544325008,C++,C++14 (GCC 5.4.1),cpp,Accepted,1.0,256.0,1142,
s068395450,p03209,u168456252,1544325003,C++,C++14 (GCC 5.4.1),cpp,Accepted,1.0,256.0,879,
s793824451,p03209,u864550097,1544324981,C++,C++14 (GCC 5.4.1),cpp,Accepted,1.0,256.0,1152,
s109910193,p03209,u271063202,1544324973,C++,C++14 (GCC 5.4.1),cpp,Accepted,1.0,256.0,1073,
s907796120,p03209,u357265888,1544324973,C++,C++14 (GCC 5.4.1),cpp,Accepted,1.0,256.0,617,
s550905431,p03209,u475007080,1544324970,C++,C++14 (GCC 5.4.1),cpp,Accepted,4.0,512.0,627,
s651600679,p03209,u208002342,1544324957,C++,C++14 (GCC 5.4.1),cpp,Accepted,1.0,256.0,1093,
s680002255,p03209,u280512618,1544324956,C++,C++14 (GCC 5.4.1),cpp,Accepted,1.0,256.0,756,
s530276593,p03209,u700986952,1544324923,C++,C++14 (GCC 5.4.1),cpp,Accepted,1.0,256.0,963,
s088051223,p03209,u607741489,1544324879,C++,C++14 (GCC 5.4.1),cpp,Accepted,1.0,256.0,991,
s886292027,p03209,u509661905,1544324868,Python,Python (3.4.3),py,Accepted,17.0,3064.0,1416,
s017544903,p03209,u653187094,1544324862,C++,C++14 (GCC 5.4.1),cpp,Accepted,1.0,256.0,917,
s165377680,p03209,u646339490,1544324855,C++,C++14 (GCC 5.4.1),cpp,Accepted,1.0,256.0,900,
s523590029,p03209,u658993896,1544324845,Python,Python (3.4.3),py,Accepted,18.0,3064.0,467,
s156466538,p03209,u952247386,1544324833,C++,C++14 (GCC 5.4.1),cpp,Accepted,1.0,256.0,1002,
s357546015,p03209,u751550626,1544324822,C++,C++14 (GCC 5.4.1),cpp,Accepted,1.0,256.0,430,
s419969670,p03209,u731882889,1544324804,C++,C++14 (GCC 5.4.1),cpp,Accepted,1.0,128.0,834,
s007943897,p03209,u853132965,1544324800,C++,C++14 (GCC 5.4.1),cpp,Accepted,5.0,512.0,1355,
s350679289,p03209,u268977772,1544324797,C++,C++14 (GCC 5.4.1),cpp,Accepted,1.0,256.0,612,
s923577896,p03209,u550398291,1544324748,C++,C++14 (GCC 5.4.1),cpp,Accepted,1.0,256.0,1871,
s996614881,p03209,u137523493,1544324740,C++,C++14 (GCC 5.4.1),cpp,Accepted,1.0,256.0,711,
s624423233,p03209,u693133807,1544324709,C++,C++14 (GCC 5.4.1),cpp,Accepted,1.0,256.0,830,
s381225242,p03209,u036411476,1544324703,C++,C++14 (GCC 5.4.1),cpp,Accepted,2.0,384.0,1076,
s943627920,p03209,u807919574,1544324702,C++,C++14 (GCC 5.4.1),cpp,Accepted,1.0,256.0,742,
s666972210,p03209,u712822150,1544324695,C++,C++14 (GCC 5.4.1),cpp,Accepted,1.0,256.0,940,
s755090620,p03209,u637771514,1544324693,Python,Python (3.4.3),py,Accepted,19.0,3188.0,1128,
s983095248,p03209,u666394517,1544324693,C++,C++14 (GCC 5.4.1),cpp,Accepted,1.0,256.0,864,
s725280900,p03209,u495716845,1544324690,C++,C++14 (GCC 5.4.1),cpp,Accepted,1.0,256.0,590,
s865828405,p03209,u090994275,1544324676,C++,C++14 (GCC 5.4.1),cpp,Accepted,1.0,256.0,804,
s149110100,p03209,u675296835,1544324672,C++,C++14 (GCC 5.4.1),cpp,Accepted,1.0,256.0,4142,
s000026148,p03209,u891876603,1544324668,C++,C++14 (GCC 5.4.1),cpp,Accepted,1.0,256.0,2027,
s610630489,p03209,u176645218,1544324668,Python,Python (3.4.3),py,Accepted,17.0,3064.0,401,
s929978806,p03209,u482092601,1544324659,C++,C++14 (GCC 5.4.1),cpp,Accepted,1.0,256.0,780,
s434755237,p03209,u319282133,1544324603,C++,C++14 (GCC 5.4.1),cpp,Accepted,1.0,256.0,449,
s760560241,p03209,u777923818,1544324603,Python,Python (3.4.3),py,Accepted,18.0,3064.0,659,
s392190500,p03209,u494610174,1544324600,Python,Python (3.4.3),py,Accepted,17.0,3064.0,745,
s306570207,p03209,u105725117,1544324593,C++,C++14 (GCC 5.4.1),cpp,Accepted,1.0,256.0,662,
s307156237,p03209,u474183756,1544324585,C++,C++14 (GCC 5.4.1),cpp,Accepted,1.0,256.0,761,
s314704107,p03209,u595557971,1544324557,C++,C++14 (GCC 5.4.1),cpp,Accepted,1.0,256.0,612,
s665686214,p03209,u440920318,1544324554,C++,C++14 (GCC 5.4.1),cpp,Accepted,1.0,128.0,423,
s966570742,p03209,u691536343,1544324548,C++,C++14 (GCC 5.4.1),cpp,Accepted,1.0,256.0,1003,
s988751852,p03209,u986434826,1544324531,Python,Python (3.4.3),py,Accepted,17.0,3060.0,388,
s445737915,p03209,u480831358,1544324529,C++,C++14 (GCC 5.4.1),cpp,Accepted,3.0,512.0,686,
s678240749,p03209,u663843442,1544324528,C++,C++14 (GCC 5.4.1),cpp,Accepted,2.0,384.0,1400,
s759657082,p03209,u924885571,1544324522,C++,C++14 (GCC 5.4.1),cpp,Accepted,1.0,256.0,627,
s186767300,p03209,u923279197,1544324514,Python,Python (3.4.3),py,Accepted,18.0,3064.0,337,
s709103654,p03209,u385577213,1544324504,C++,C++14 (GCC 5.4.1),cpp,Accepted,1.0,256.0,419,
s209683369,p03209,u354638986,1544324494,Python,Python (3.4.3),py,Accepted,23.0,3064.0,759,
s485140183,p03209,u651068030,1544324488,C++,C++14 (GCC 5.4.1),cpp,Accepted,1.0,256.0,2712,
s297902161,p03209,u515603926,1544324478,C++,C++14 (GCC 5.4.1),cpp,Accepted,1.0,256.0,599,
s705859268,p03209,u064408584,1544324477,Python,Python (3.4.3),py,Accepted,17.0,3064.0,368,
s221310028,p03209,u736729525,1544324472,Python,Python (3.4.3),py,Accepted,17.0,3064.0,726,
s913030857,p03209,u352499693,1544324460,C++,C++14 (GCC 5.4.1),cpp,Accepted,1.0,128.0,541,
s487909595,p03209,u884163918,1544324454,C++,C++14 (GCC 5.4.1),cpp,Accepted,1.0,256.0,731,
s580513708,p03209,u994831328,1544324453,C++,C++14 (GCC 5.4.1),cpp,Accepted,1.0,256.0,791,
s555565099,p03209,u333603042,1544324427,C++,C++14 (GCC 5.4.1),cpp,Accepted,1.0,256.0,987,
s965084847,p03209,u316341119,1544324413,Python,Python (3.4.3),py,Accepted,18.0,3064.0,489,
s254860622,p03209,u335839000,1544324412,C++,C++14 (GCC 5.4.1),cpp,Accepted,1.0,256.0,1323,
s331199860,p03209,u965103758,1544324406,C++,C++14 (GCC 5.4.1),cpp,Accepted,1.0,256.0,611,
s542362624,p03209,u334351654,1544324400,C++,C++14 (GCC 5.4.1),cpp,Accepted,6.0,256.0,1434,
s306432649,p03209,u382880969,1544324397,C++,C++14 (GCC 5.4.1),cpp,Accepted,1.0,256.0,1442,
s118080079,p03209,u057866967,1544324393,C++,C++14 (GCC 5.4.1),cpp,Accepted,2.0,384.0,542,
s249911024,p03209,u467736898,1544324384,C++,C++14 (GCC 5.4.1),cpp,Accepted,1.0,256.0,1341,
s691893994,p03209,u480472958,1544324382,Python,Python (3.4.3),py,Accepted,17.0,3064.0,674,
s685074711,p03209,u550314572,1544324375,C++,C++14 (GCC 5.4.1),cpp,Accepted,1.0,256.0,1774,
s672562498,p03209,u876978301,1544324372,C++,C++14 (GCC 5.4.1),cpp,Accepted,1.0,256.0,2335,
s880317313,p03209,u467041847,1544324371,Python,Python (3.4.3),py,Accepted,24.0,3064.0,536,
s837552328,p03209,u203927510,1544324355,C++,C++14 (GCC 5.4.1),cpp,Accepted,1.0,256.0,874,
s422344151,p03209,u326966549,1544324351,C++,C++14 (GCC 5.4.1),cpp,Accepted,1.0,256.0,725,
s871654049,p03209,u603303736,1544324347,C++,C++14 (GCC 5.4.1),cpp,Accepted,1.0,256.0,544,
s339080241,p03209,u761320129,1544324326,Python,Python (3.4.3),py,Accepted,18.0,3064.0,403,
s735092637,p03209,u558092537,1544324323,C++,C++14 (Clang 3.8.0),cpp,Accepted,1.0,256.0,1500,
s117988200,p03209,u927221551,1544324319,C++,C++14 (GCC 5.4.1),cpp,Accepted,1.0,256.0,1068,
s436248686,p03209,u086849314,1544324300,C++,C++14 (GCC 5.4.1),cpp,Accepted,1.0,256.0,725,
s697687810,p03209,u398072911,1544324292,C++,C++14 (GCC 5.4.1),cpp,Accepted,1.0,256.0,1189,
s748192911,p03209,u356608129,1544324285,C++,C++14 (Clang 3.8.0),cpp,Accepted,7.0,888.0,975,
s434743194,p03209,u995997203,1544324280,C++,C++14 (GCC 5.4.1),cpp,Accepted,1.0,256.0,1377,
s264572741,p03209,u775224245,1544324260,C++,C++14 (GCC 5.4.1),cpp,Accepted,1.0,256.0,881,
s907917371,p03209,u580792230,1544324260,C++,C++14 (GCC 5.4.1),cpp,Accepted,1.0,128.0,569,
s329656197,p03209,u554953477,1544324256,C++,C++14 (GCC 5.4.1),cpp,Accepted,1.0,256.0,1702,
s446086464,p03209,u489053642,1544324255,C++,C++14 (GCC 5.4.1),cpp,Accepted,1.0,256.0,1269,
s473978271,p03209,u535773602,1544324253,C++,C++14 (GCC 5.4.1),cpp,Accepted,1.0,256.0,1110,
s842661167,p03209,u497422208,1544324228,C++,C++14 (GCC 5.4.1),cpp,Accepted,1.0,256.0,1138,
s661246528,p03209,u479953984,1544324219,C++,C++14 (GCC 5.4.1),cpp,Accepted,1.0,256.0,1541,
s569946683,p03209,u158253287,1544324215,C++,C++14 (GCC 5.4.1),cpp,Accepted,1.0,256.0,830,
s647172471,p03209,u239493918,1544324212,C++,C++14 (GCC 5.4.1),cpp,Accepted,1.0,256.0,5835,
s170108139,p03209,u614421689,1544324208,C++,C++14 (GCC 5.4.1),cpp,Accepted,1.0,256.0,1184,
s375221880,p03209,u224756887,1544324201,C++,C++14 (GCC 5.4.1),cpp,Accepted,1.0,256.0,1064,
s231035700,p03209,u137332130,1544324175,C++,C++14 (GCC 5.4.1),cpp,Accepted,2.0,504.0,1680,
s838754006,p03209,u562935282,1544324174,Python,Python (3.4.3),py,Accepted,17.0,3064.0,1043,
s302091404,p03209,u965730380,1544324171,C++,C++14 (GCC 5.4.1),cpp,Accepted,1.0,256.0,1103,
s521869083,p03209,u592610268,1544324152,C++,C++14 (GCC 5.4.1),cpp,Accepted,3.0,512.0,713,
s377501863,p03209,u432456012,1544324141,C++,C++14 (GCC 5.4.1),cpp,Accepted,1.0,256.0,722,
s272154580,p03209,u651317892,1544324139,C++,C++14 (GCC 5.4.1),cpp,Accepted,2.0,512.0,493,
s300679987,p03209,u336011173,1544324126,C++,C++14 (GCC 5.4.1),cpp,Accepted,1.0,256.0,1464,
s913546927,p03209,u539339654,1544324125,C++,C++14 (GCC 5.4.1),cpp,Accepted,1.0,128.0,2673,
s294106161,p03209,u995792346,1544324125,C++,C++14 (GCC 5.4.1),cpp,Accepted,1.0,256.0,865,
s505142402,p03209,u077536797,1544324124,C++,C++14 (GCC 5.4.1),cpp,Accepted,1.0,256.0,589,
s626758558,p03209,u268793453,1544324119,Python,Python (3.4.3),py,Accepted,17.0,3064.0,519,
s489160041,p03209,u436702582,1544324118,C++,C++14 (GCC 5.4.1),cpp,Accepted,1.0,256.0,762,
s275853568,p03209,u702582248,1544324116,Python,Python (3.4.3),py,Accepted,17.0,3064.0,558,
s910931995,p03209,u691493208,1544324112,C++,C++14 (GCC 5.4.1),cpp,Accepted,1.0,256.0,2451,
s459288289,p03209,u048945791,1544324111,Python,Python (3.4.3),py,Accepted,17.0,3064.0,515,
s951850206,p03209,u174404613,1544324107,C++,C++14 (GCC 5.4.1),cpp,Accepted,1.0,256.0,950,
s521087409,p03209,u454097714,1544324098,C++,C++14 (GCC 5.4.1),cpp,Accepted,1.0,256.0,644,
s640537913,p03209,u777468981,1544324093,C++,C++14 (GCC 5.4.1),cpp,Accepted,1.0,256.0,405,
s756082139,p03209,u484460274,1544324084,C++,C++14 (GCC 5.4.1),cpp,Accepted,1.0,256.0,819,
s508852549,p03209,u799021348,1544324080,C++,C++14 (GCC 5.4.1),cpp,Accepted,1.0,256.0,1048,
s895479462,p03209,u402581932,1544324079,C++,C++14 (GCC 5.4.1),cpp,Accepted,1.0,256.0,675,
s776667758,p03209,u237362582,1544324074,Python,Python (3.4.3),py,Accepted,17.0,3064.0,584,
s752831752,p03209,u032327689,1544324069,C++,C++14 (GCC 5.4.1),cpp,Accepted,1.0,256.0,746,
s514335039,p03209,u352557224,1544324069,C++,C++14 (GCC 5.4.1),cpp,Accepted,1.0,256.0,863,
s962165250,p03209,u658396882,1544324053,C++,C++14 (GCC 5.4.1),cpp,Accepted,1.0,256.0,721,
s798076342,p03209,u660613376,1544324042,C++,C++14 (GCC 5.4.1),cpp,Accepted,1.0,256.0,988,
s879209294,p03209,u440213743,1544324014,C++,C++14 (GCC 5.4.1),cpp,Accepted,1.0,256.0,694,
s226898467,p03209,u107292917,1544324003,C++,C++14 (GCC 5.4.1),cpp,Accepted,2.0,256.0,1497,
s175551114,p03209,u864550097,1544323994,C++,C++14 (GCC 5.4.1),cpp,Accepted,1.0,256.0,892,
s572533182,p03209,u587366956,1544323988,C++,C++14 (GCC 5.4.1),cpp,Accepted,1.0,256.0,521,
s131098214,p03209,u770256251,1544323985,C++,C++14 (GCC 5.4.1),cpp,Accepted,1.0,256.0,949,
s691668552,p03209,u415905784,1544323980,Python,Python (3.4.3),py,Accepted,17.0,3064.0,433,
s324995745,p03209,u141378465,1544323979,C++,C++14 (GCC 5.4.1),cpp,Accepted,1.0,256.0,2040,
s573130227,p03209,u917944707,1544323977,C++,C++14 (GCC 5.4.1),cpp,Accepted,1.0,256.0,1194,
s735798138,p03209,u809153881,1544323957,C++,C++14 (GCC 5.4.1),cpp,Accepted,1.0,256.0,536,
s586138921,p03209,u497625442,1544323938,Python,Python (3.4.3),py,Accepted,17.0,3064.0,434,
s385233803,p03209,u844789719,1544323936,Python,Python (3.4.3),py,Accepted,22.0,3064.0,487,
s494804163,p03209,u140450365,1544323930,C++,C++14 (GCC 5.4.1),cpp,Accepted,1.0,256.0,657,
s069509620,p03209,u424655672,1544323924,C++,C++14 (GCC 5.4.1),cpp,Accepted,1.0,256.0,449,
s162827304,p03209,u667469290,1544323913,Python,Python (3.4.3),py,Accepted,18.0,3064.0,686,
s869159466,p03209,u369402805,1544323905,Python,Python (3.4.3),py,Accepted,18.0,3064.0,562,
s873292090,p03209,u587665681,1544323904,C++,C++14 (GCC 5.4.1),cpp,Accepted,1.0,256.0,830,
s233174433,p03209,u368780724,1544323899,Python,Python (3.4.3),py,Accepted,18.0,3064.0,509,
s967299531,p03209,u357887823,1544323893,C++,C++14 (GCC 5.4.1),cpp,Accepted,1.0,256.0,1808,
s561532590,p03209,u560301081,1544323889,C++,C++14 (GCC 5.4.1),cpp,Accepted,1.0,256.0,1135,
s858837672,p03209,u073946233,1544323870,C++,C++14 (GCC 5.4.1),cpp,Accepted,1.0,256.0,1262,
s859020821,p03209,u474270503,1544323865,Python,Python (3.4.3),py,Accepted,17.0,3064.0,323,
s617553826,p03209,u591883167,1544323864,C++,C++14 (GCC 5.4.1),cpp,Accepted,1.0,256.0,1781,
s991018186,p03209,u874644572,1544323862,C++,C++14 (GCC 5.4.1),cpp,Accepted,1.0,256.0,5035,
s675140727,p03209,u304121198,1544323858,C++,C++14 (GCC 5.4.1),cpp,Accepted,1.0,256.0,6178,
s901963175,p03209,u828847847,1544323849,C++,C++14 (GCC 5.4.1),cpp,Accepted,1.0,256.0,2341,
s744020800,p03209,u584355711,1544323844,C++,C++14 (GCC 5.4.1),cpp,Accepted,1.0,256.0,2635,
s300478662,p03209,u480892088,1544323841,C++,C++14 (GCC 5.4.1),cpp,Accepted,1.0,256.0,1229,
s851339178,p03209,u201234972,1544323832,Python,Python (3.4.3),py,Accepted,17.0,3064.0,426,
s124158198,p03209,u092002408,1544323828,C++,C++14 (GCC 5.4.1),cpp,Accepted,1.0,256.0,1007,
s859660926,p03209,u224756408,1544323827,C++,C++14 (GCC 5.4.1),cpp,Accepted,4.0,256.0,630,
s165715209,p03209,u449491657,1544323826,C++,C++14 (GCC 5.4.1),cpp,Accepted,1.0,256.0,740,
s234168711,p03209,u226364820,1544323799,C++,C++14 (GCC 5.4.1),cpp,Accepted,1.0,256.0,4259,
s403246752,p03209,u869282786,1544323798,C++,C++14 (GCC 5.4.1),cpp,Accepted,1.0,256.0,717,
s649504730,p03209,u458926813,1544323774,C++,C++14 (GCC 5.4.1),cpp,Accepted,4.0,512.0,1519,
s909388594,p03209,u562016607,1544323772,Python,Python (3.4.3),py,Accepted,17.0,3064.0,389,
s431476700,p03209,u586336940,1544323759,C++,C++14 (GCC 5.4.1),cpp,Accepted,1.0,256.0,613,
s811047007,p03209,u986437843,1544323754,C++,C++14 (GCC 5.4.1),cpp,Accepted,5.0,14080.0,21548,
s510559950,p03209,u465638326,1544323752,C++,C++14 (GCC 5.4.1),cpp,Accepted,1.0,256.0,834,
s066114463,p03209,u922901775,1544323742,Python,Python (3.4.3),py,Accepted,18.0,3064.0,541,
s816512572,p03209,u470405634,1544323737,C++,C++14 (GCC 5.4.1),cpp,Accepted,1.0,256.0,700,
s500247493,p03209,u896838289,1544323736,C++,C++14 (GCC 5.4.1),cpp,Accepted,1.0,256.0,1758,
s158096361,p03209,u785989355,1544323717,Python,Python (3.4.3),py,Accepted,17.0,3064.0,329,
s001979422,p03209,u013628553,1544323711,C++,C++14 (GCC 5.4.1),cpp,Accepted,1.0,256.0,1261,
s507743862,p03209,u548920851,1544323706,C++,C++14 (GCC 5.4.1),cpp,Accepted,1.0,256.0,476,
s062043625,p03209,u235155157,1544323703,C++,C++14 (GCC 5.4.1),cpp,Accepted,2.0,512.0,588,
s017278825,p03209,u296096665,1544323701,C++,C++14 (GCC 5.4.1),cpp,Accepted,2.0,384.0,412,
s037304312,p03209,u127473726,1544323690,C++,C++14 (GCC 5.4.1),cpp,Accepted,1.0,128.0,1178,
s257245865,p03209,u915020369,1544323682,C++,C++14 (GCC 5.4.1),cpp,Accepted,1.0,256.0,1178,
s717619693,p03209,u088893297,1544323676,C++,C++14 (GCC 5.4.1),cpp,Accepted,1.0,256.0,751,
s439621865,p03209,u145035045,1544323675,Python,Python (3.4.3),py,Accepted,17.0,3064.0,541,
s804604129,p03209,u423335028,1544323670,C++,C++ (GCC 5.4.1),cpp,Accepted,1.0,128.0,383,
s718722455,p03209,u920299620,1544323669,C++,C++14 (GCC 5.4.1),cpp,Accepted,1.0,256.0,1540,
s725437838,p03209,u937608388,1544323658,C++,C++14 (GCC 5.4.1),cpp,Accepted,1.0,256.0,952,
s450841018,p03209,u291278680,1544323654,C++,C++14 (GCC 5.4.1),cpp,Accepted,1.0,256.0,1008,
s497840344,p03209,u619248223,1544323650,C++,C++14 (GCC 5.4.1),cpp,Accepted,1.0,128.0,847,
s813068342,p03209,u810735437,1544323643,Python,Python (3.4.3),py,Accepted,68.0,6860.0,1505,
s228445095,p03209,u827202523,1544323639,Python,Python (3.4.3),py,Accepted,18.0,3064.0,890,
s921377931,p03209,u628253919,1544323635,Python,Python (3.4.3),py,Accepted,18.0,3064.0,615,
s532429848,p03209,u996252264,1544323629,C++,C++14 (GCC 5.4.1),cpp,Accepted,1.0,256.0,772,
s180269161,p03209,u627427672,1544323621,C++,C++14 (GCC 5.4.1),cpp,Accepted,1.0,256.0,1164,
s649657328,p03209,u620868411,1544323614,Python,Python (3.4.3),py,Accepted,17.0,3064.0,552,
s329253218,p03209,u835297884,1544323600,C++,C++14 (GCC 5.4.1),cpp,Accepted,1.0,256.0,650,
s218351119,p03209,u021034020,1544323593,C++,C++14 (GCC 5.4.1),cpp,Accepted,1.0,256.0,937,
s192438551,p03209,u309985845,1544323592,C++,C++14 (GCC 5.4.1),cpp,Accepted,1.0,256.0,536,
s100556532,p03209,u190952243,1544323592,Python,Python (3.4.3),py,Accepted,18.0,3064.0,546,
s587698141,p03209,u855429581,1544323591,C++,C++14 (GCC 5.4.1),cpp,Accepted,1.0,128.0,588,
s835238524,p03209,u732285858,1544323581,C++,C++14 (GCC 5.4.1),cpp,Accepted,1.0,256.0,1035,
s532978738,p03209,u708618797,1544323561,C++,C++14 (Clang 3.8.0),cpp,Accepted,1.0,256.0,3491,
s315746449,p03209,u107995903,1544323554,C++,C++14 (GCC 5.4.1),cpp,Accepted,1.0,256.0,1845,
s701225258,p03209,u806661586,1544323553,Python,Python (2.7.6),py,Accepted,13.0,2820.0,559,
s130715936,p03209,u729438995,1544323551,C++,C++14 (GCC 5.4.1),cpp,Accepted,1.0,256.0,1102,
s857219927,p03209,u398942100,1544323547,C++,C++14 (GCC 5.4.1),cpp,Accepted,1.0,256.0,3681,
s540589458,p03209,u708618797,1544323540,C++,C++14 (GCC 5.4.1),cpp,Accepted,1.0,128.0,3491,
s325287590,p03209,u565795452,1544323535,C++,C++14 (GCC 5.4.1),cpp,Accepted,2.0,256.0,785,
s565185357,p03209,u471289663,1544323527,C++,C++14 (GCC 5.4.1),cpp,Accepted,1.0,256.0,1370,
s769743055,p03209,u968834127,1544323510,C++,C++14 (GCC 5.4.1),cpp,Accepted,1.0,256.0,1278,
s713787755,p03209,u233393801,1544323498,C++,C++14 (GCC 5.4.1),cpp,Accepted,1.0,256.0,919,
s577939284,p03209,u764076797,1544323495,C++,C++14 (GCC 5.4.1),cpp,Accepted,1.0,256.0,1334,
s256703643,p03209,u449722246,1544323492,C++,C++14 (GCC 5.4.1),cpp,Accepted,1.0,256.0,779,
s209549125,p03209,u319410662,1544323485,Python,Python (2.7.6),py,Accepted,10.0,2696.0,363,
s292882295,p03209,u729707098,1544323485,Python,Python (3.4.3),py,Accepted,17.0,3064.0,263,
s270116854,p03209,u608965386,1544323476,C++,C++14 (GCC 5.4.1),cpp,Accepted,1.0,256.0,2172,
s168158009,p03209,u785220618,1544323476,Python,Python (3.4.3),py,Accepted,18.0,3064.0,742,
s908401067,p03209,u095030775,1544323473,C++,C++14 (GCC 5.4.1),cpp,Accepted,2.0,384.0,1051,
s353424829,p03209,u659725815,1544323471,C++,C++14 (GCC 5.4.1),cpp,Accepted,1.0,256.0,1042,
s605840474,p03209,u640323045,1544323444,C++,C++14 (GCC 5.4.1),cpp,Accepted,1.0,256.0,884,
s627979321,p03209,u740122945,1544323437,C++,C++14 (GCC 5.4.1),cpp,Accepted,1.0,256.0,1726,
s137006147,p03209,u378945900,1544323434,C++,C++14 (GCC 5.4.1),cpp,Accepted,2.0,512.0,1054,
s266122067,p03209,u917944707,1544323433,C++,C++14 (GCC 5.4.1),cpp,Accepted,1.0,256.0,1253,
s432857697,p03209,u096883693,1544323428,C++,C++14 (GCC 5.4.1),cpp,Accepted,1.0,256.0,1057,
s337581542,p03209,u884686498,1544323425,C++,C++14 (GCC 5.4.1),cpp,Accepted,1.0,256.0,650,
s685496834,p03209,u271545619,1544323410,C++,C++14 (Clang 3.8.0),cpp,Accepted,5.0,888.0,717,
s726607528,p03209,u623954643,1544323397,Python,Python (3.4.3),py,Accepted,17.0,3064.0,444,
s665051075,p03209,u161596299,1544323395,C++,C++14 (GCC 5.4.1),cpp,Accepted,1.0,256.0,1046,
s148216918,p03209,u205561862,1544323388,C++,C++14 (GCC 5.4.1),cpp,Accepted,1.0,256.0,1233,
s824766756,p03209,u816742421,1544323388,C++,C++14 (GCC 5.4.1),cpp,Accepted,3.0,384.0,442,
s045944313,p03209,u388552482,1544323386,C++,C++14 (GCC 5.4.1),cpp,Accepted,1.0,256.0,1292,
s962710457,p03209,u369508054,1544323382,C++,C++14 (GCC 5.4.1),cpp,Accepted,1.0,256.0,1147,
s799652035,p03209,u914762730,1544323380,C++,C++14 (GCC 5.4.1),cpp,Accepted,1.0,256.0,847,
s671541338,p03209,u375405838,1544323332,C++,C++14 (GCC 5.4.1),cpp,Accepted,1.0,256.0,631,
s711958090,p03209,u216962796,1544323324,C++,C++14 (GCC 5.4.1),cpp,Accepted,1.0,256.0,755,
s925987188,p03209,u049421539,1544323318,C++,C++14 (GCC 5.4.1),cpp,Accepted,1.0,256.0,2993,
s592326318,p03209,u817722036,1544323313,C++,C++14 (GCC 5.4.1),cpp,Accepted,1.0,256.0,1501,
s270409255,p03209,u708618797,1544323306,C++,C++14 (GCC 5.4.1),cpp,Accepted,1.0,128.0,3467,
s426537867,p03209,u792078574,1544323283,Python,Python (3.4.3),py,Accepted,20.0,3064.0,496,
s939403402,p03209,u705918648,1544323273,C++,C++14 (GCC 5.4.1),cpp,Accepted,1.0,256.0,894,
s545095122,p03209,u503549962,1544323268,C++,C++14 (GCC 5.4.1),cpp,Accepted,1.0,256.0,571,
s933621527,p03209,u259459360,1544323255,C++,C++14 (GCC 5.4.1),cpp,Accepted,1.0,256.0,711,
s547867057,p03209,u624678037,1544323253,C++,C++14 (GCC 5.4.1),cpp,Accepted,1.0,256.0,782,
s134570238,p03209,u422592877,1544323250,C++,C++14 (GCC 5.4.1),cpp,Accepted,3.0,256.0,2043,
s111610834,p03209,u314906167,1544323233,Python,Python (3.4.3),py,Accepted,18.0,3064.0,466,
s260598207,p03209,u579152247,1544323228,C++,C++14 (GCC 5.4.1),cpp,Accepted,1.0,256.0,3002,
s757540293,p03209,u542382285,1544323222,C++,C++14 (GCC 5.4.1),cpp,Accepted,1.0,256.0,1117,
s576750054,p03209,u543167400,1544323214,C++,C++14 (GCC 5.4.1),cpp,Accepted,1.0,256.0,1077,
s194351844,p03209,u219786796,1544323206,C++,C++14 (GCC 5.4.1),cpp,Accepted,1.0,256.0,1283,
s943003068,p03209,u334624175,1544323194,C++,C++14 (GCC 5.4.1),cpp,Accepted,1.0,256.0,840,
s484825391,p03209,u536580583,1544323190,C++,C++14 (GCC 5.4.1),cpp,Accepted,1.0,256.0,953,
s171321031,p03209,u852113235,1544323182,C++,C++14 (GCC 5.4.1),cpp,Accepted,1.0,256.0,2122,
s241879053,p03209,u195201371,1544323176,C++,C++14 (GCC 5.4.1),cpp,Accepted,1.0,256.0,1370,
s412208069,p03209,u910288980,1544323167,C++,C++14 (GCC 5.4.1),cpp,Accepted,1.0,256.0,1265,
s837612597,p03209,u215860196,1544323165,C++,C++14 (GCC 5.4.1),cpp,Accepted,1.0,256.0,836,
s039836862,p03209,u390694622,1544323163,Python,Python (3.4.3),py,Accepted,17.0,3064.0,565,
s088926378,p03209,u410132794,1544323149,C++,C++14 (GCC 5.4.1),cpp,Accepted,1.0,256.0,484,
s449261679,p03209,u030685402,1544323117,C++,C++14 (GCC 5.4.1),cpp,Accepted,1.0,256.0,1097,
s748828528,p03209,u405923605,1544323106,C++,C++14 (GCC 5.4.1),cpp,Accepted,1.0,256.0,1072,
s109514777,p03209,u722628899,1544323100,C++,C++14 (GCC 5.4.1),cpp,Accepted,1.0,256.0,728,
s112367000,p03209,u864197622,1544323100,Python,Python (3.4.3),py,Accepted,17.0,3064.0,477,
s394153205,p03209,u456065785,1544323097,C++,C++14 (GCC 5.4.1),cpp,Accepted,1.0,256.0,856,
s174807253,p03209,u268571052,1544323076,C++,C++14 (GCC 5.4.1),cpp,Accepted,3.0,256.0,617,
s725975860,p03209,u717168969,1544323058,C++,C++14 (GCC 5.4.1),cpp,Accepted,1.0,256.0,672,
s225942289,p03209,u709604332,1544323048,C++,C++14 (GCC 5.4.1),cpp,Accepted,1.0,256.0,831,
s172761140,p03209,u652737716,1544323028,C++,C++14 (Clang 3.8.0),cpp,Accepted,4.0,888.0,615,
s702309260,p03209,u894258749,1544323027,Python,Python (3.4.3),py,Accepted,17.0,3064.0,438,
s672532514,p03209,u218843509,1544323017,Python,Python (3.4.3),py,Accepted,17.0,3064.0,445,
s334277688,p03209,u372786981,1544323005,C++,C++14 (GCC 5.4.1),cpp,Accepted,1.0,256.0,907,
s635917550,p03209,u259210975,1544322997,C++,C++14 (GCC 5.4.1),cpp,Accepted,1.0,256.0,605,
s527675764,p03209,u545022164,1544322983,C++,C++14 (Clang 3.8.0),cpp,Accepted,5.0,888.0,2889,
s683741757,p03209,u454290303,1544322982,C++,C++14 (GCC 5.4.1),cpp,Accepted,1.0,256.0,728,
s631870442,p03209,u695811449,1544322979,Python,Python (3.4.3),py,Accepted,19.0,3064.0,515,
s802860602,p03209,u783174124,1544322970,C++,C++14 (GCC 5.4.1),cpp,Accepted,1.0,256.0,626,
s711725126,p03209,u157085392,1544322968,C++,C++14 (GCC 5.4.1),cpp,Accepted,1.0,256.0,2287,
s995220898,p03209,u984730891,1544322967,C++,C++14 (GCC 5.4.1),cpp,Accepted,1.0,256.0,1013,
s108927627,p03209,u439471309,1544322967,C++,C++14 (GCC 5.4.1),cpp,Accepted,1.0,256.0,1048,
s244816158,p03209,u211681714,1544322963,C++,C++14 (GCC 5.4.1),cpp,Accepted,1.0,256.0,17697,
s089565973,p03209,u545022164,1544322949,C++,C++14 (Clang 3.8.0),cpp,Accepted,2.0,384.0,2897,
s059722983,p03209,u708618797,1544322946,C++,C++14 (GCC 5.4.1),cpp,Accepted,1.0,256.0,2521,
s875766051,p03209,u205655980,1544322938,C++,C++14 (GCC 5.4.1),cpp,Accepted,1.0,256.0,799,
s803129142,p03209,u733618878,1544322935,C++,C++14 (GCC 5.4.1),cpp,Accepted,1.0,256.0,805,
s942812235,p03209,u042308128,1544322931,C++,C++14 (GCC 5.4.1),cpp,Accepted,1.0,256.0,891,
s294653995,p03209,u107077660,1544322926,C++,C++14 (GCC 5.4.1),cpp,Accepted,1.0,256.0,363,
s527022401,p03209,u545022164,1544322921,C++,C++14 (Clang 3.8.0),cpp,Accepted,4.0,888.0,2920,
s448900370,p03209,u007610006,1544322908,C++,C++14 (Clang 3.8.0),cpp,Accepted,7.0,888.0,877,
s364256896,p03209,u743900647,1544322880,C++,C++14 (GCC 5.4.1),cpp,Accepted,1.0,256.0,782,
s357585738,p03209,u545022164,1544322879,C++,C++14 (GCC 5.4.1),cpp,Accepted,1.0,256.0,2920,
s870301471,p03209,u318857467,1544322867,C++,C++14 (GCC 5.4.1),cpp,Accepted,2.0,384.0,1221,
s767376401,p03209,u279984983,1544322859,C++,C++14 (GCC 5.4.1),cpp,Accepted,1.0,256.0,1066,
s743390143,p03209,u708618797,1544322836,C++,C++14 (GCC 5.4.1),cpp,Accepted,1.0,256.0,2504,
s170718165,p03209,u858730739,1544322834,C++,C++14 (GCC 5.4.1),cpp,Accepted,1.0,256.0,568,
s951747641,p03209,u101146604,1544322830,C++,C++14 (GCC 5.4.1),cpp,Accepted,1.0,256.0,828,
s947587231,p03209,u608088992,1544322807,Python,Python (3.4.3),py,Accepted,18.0,3064.0,563,
s498021586,p03209,u918714262,1544322806,Python,Python (3.4.3),py,Accepted,19.0,3064.0,334,
s427233097,p03209,u781091740,1544322805,C++,C++14 (GCC 5.4.1),cpp,Accepted,1.0,256.0,560,
s184527106,p03209,u852585808,1544322790,C++,C++14 (GCC 5.4.1),cpp,Accepted,1.0,256.0,798,
s865530537,p03209,u656572785,1544322780,C++,C++14 (GCC 5.4.1),cpp,Accepted,1.0,256.0,856,
s123319774,p03209,u372633838,1544322772,C++,C++14 (GCC 5.4.1),cpp,Accepted,1.0,256.0,1661,
s814894534,p03209,u495699318,1544322770,C++,C++14 (GCC 5.4.1),cpp,Accepted,2.0,2304.0,2095,
s513328547,p03209,u059727354,1544322769,C++,C++14 (GCC 5.4.1),cpp,Accepted,1.0,256.0,2750,
s425990408,p03209,u508192873,1544322767,C++,C++14 (GCC 5.4.1),cpp,Accepted,1.0,256.0,713,
s670502918,p03209,u693386219,1544322764,C++,C++14 (GCC 5.4.1),cpp,Accepted,1.0,256.0,1275,
s420422284,p03209,u015514760,1544322759,C++,C++14 (GCC 5.4.1),cpp,Accepted,2.0,256.0,675,
s740694175,p03209,u340781749,1544322757,Python,Python (3.4.3),py,Accepted,41.0,3064.0,461,
s471808077,p03209,u040490988,1544322755,C++,C++14 (GCC 5.4.1),cpp,Accepted,1.0,256.0,2657,
s377689904,p03209,u434747175,1544322751,C++,C++14 (GCC 5.4.1),cpp,Accepted,1.0,256.0,981,
s539999175,p03209,u016612263,1544322747,C++,C++14 (GCC 5.4.1),cpp,Accepted,2.0,512.0,507,
s699446818,p03209,u069838609,1544322744,Python,PyPy3 (2.4.0),py,Accepted,206.0,42224.0,644,
s189990094,p03209,u696805736,1544322714,C++,C++14 (GCC 5.4.1),cpp,Accepted,1.0,256.0,1001,
s126993719,p03209,u434231045,1544322708,C++,C++14 (GCC 5.4.1),cpp,Accepted,1.0,256.0,1494,
s359458443,p03209,u917944707,1544322705,C++,C++14 (GCC 5.4.1),cpp,Accepted,1.0,256.0,1196,
s043575087,p03209,u548624367,1544322701,C++,C++14 (GCC 5.4.1),cpp,Accepted,1.0,256.0,764,
s516950873,p03209,u045939752,1544322700,C++,C++14 (GCC 5.4.1),cpp,Accepted,1.0,256.0,1220,
s803402891,p03209,u510611356,1544322688,C++,C++14 (GCC 5.4.1),cpp,Accepted,1.0,128.0,831,
s523575367,p03209,u110383845,1544322688,C++,C++14 (GCC 5.4.1),cpp,Accepted,1.0,256.0,2732,
s091849103,p03209,u352642493,1544322687,C++,C++14 (GCC 5.4.1),cpp,Accepted,1.0,256.0,936,
s150095024,p03209,u553623615,1544322684,C++,C++14 (GCC 5.4.1),cpp,Accepted,1.0,256.0,944,
s793083063,p03209,u899635344,1544322657,C++,C++14 (GCC 5.4.1),cpp,Accepted,1.0,256.0,1166,
s471770140,p03209,u852599784,1544322640,C++,C++14 (GCC 5.4.1),cpp,Accepted,1.0,256.0,4183,
s443795919,p03209,u763881112,1544322614,C++,C++14 (GCC 5.4.1),cpp,Accepted,1.0,256.0,1348,
s893228971,p03209,u070422134,1544322612,C++,C++14 (GCC 5.4.1),cpp,Accepted,1.0,128.0,390,
s560903864,p03209,u745250049,1544322611,C++,C++14 (GCC 5.4.1),cpp,Accepted,1.0,256.0,1394,
s409854581,p03209,u614497125,1544322581,C++,C++14 (GCC 5.4.1),cpp,Accepted,1.0,256.0,2088,
s998014994,p03209,u379822620,1544322557,C++,C++14 (GCC 5.4.1),cpp,Accepted,1.0,256.0,648,
s440279399,p03209,u243961437,1544322556,C++,C++14 (GCC 5.4.1),cpp,Accepted,1.0,256.0,504,
s139892963,p03209,u374099594,1544322552,Python,Python (2.7.6),py,Accepted,10.0,2696.0,420,
s943735452,p03209,u657913472,1544322537,C++,C++14 (GCC 5.4.1),cpp,Accepted,1.0,256.0,533,
s117597779,p03209,u935586669,1544322526,C++,C++14 (Clang 3.8.0),cpp,Accepted,1.0,256.0,1295,
s861426517,p03209,u696805736,1544322522,C++,C++14 (GCC 5.4.1),cpp,Accepted,1.0,256.0,1076,
s007550396,p03209,u337381518,1544322520,C++,C++14 (GCC 5.4.1),cpp,Accepted,1.0,256.0,422,
s072685386,p03209,u500496457,1544322495,C++,C++14 (Clang 3.8.0),cpp,Accepted,6.0,888.0,3994,
s793097137,p03209,u781091740,1544322494,C++,C++14 (GCC 5.4.1),cpp,Accepted,1.0,256.0,577,
s567345990,p03209,u579152247,1544322487,C++,C++14 (GCC 5.4.1),cpp,Accepted,1.0,256.0,2933,
s575178118,p03209,u854869949,1544322480,C++,C++14 (GCC 5.4.1),cpp,Accepted,1.0,256.0,785,
s335795439,p03209,u872322009,1544322470,C++,C++14 (GCC 5.4.1),cpp,Accepted,1.0,256.0,1076,
s128274451,p03209,u462437857,1544322461,C++,C++14 (GCC 5.4.1),cpp,Accepted,1.0,256.0,385,
s431009663,p03209,u752161277,1544322446,C++,C++14 (GCC 5.4.1),cpp,Accepted,1.0,256.0,534,
s921013667,p03209,u006493569,1544322442,C++,C++14 (GCC 5.4.1),cpp,Accepted,1.0,256.0,785,
s512853895,p03209,u210718367,1544322418,C++,C++14 (GCC 5.4.1),cpp,Accepted,1.0,256.0,621,
s536418075,p03209,u437391064,1544322394,C++,C++14 (GCC 5.4.1),cpp,Accepted,1.0,256.0,1213,
s453744201,p03209,u016572066,1544322383,C++,C++14 (GCC 5.4.1),cpp,Accepted,2.0,256.0,1276,
s874098250,p03209,u525288965,1544322381,C++,C++14 (GCC 5.4.1),cpp,Accepted,1.0,256.0,1955,
s486150205,p03209,u639225163,1544322373,C++,C++14 (GCC 5.4.1),cpp,Accepted,1.0,128.0,536,
s441894287,p03209,u591343832,1544322353,C++,C++14 (GCC 5.4.1),cpp,Accepted,1.0,256.0,6235,
s364920015,p03209,u119460590,1544322353,C++,C++14 (GCC 5.4.1),cpp,Accepted,1.0,256.0,1817,
s424074345,p03209,u930898631,1544322337,C++,C++14 (GCC 5.4.1),cpp,Accepted,1.0,256.0,770,
s940927641,p03209,u864888234,1544322335,C++,C++14 (GCC 5.4.1),cpp,Accepted,1.0,256.0,846,
s787282144,p03209,u294531924,1544322314,C++,C++14 (GCC 5.4.1),cpp,Accepted,1.0,256.0,1475,
s574980306,p03209,u283229916,1544322311,C++,C++14 (GCC 5.4.1),cpp,Accepted,1.0,256.0,530,
s612410420,p03209,u438621426,1544322308,C++,C++14 (GCC 5.4.1),cpp,Accepted,21.0,512.0,399,
s767767789,p03209,u924339359,1544322307,C++,C++14 (GCC 5.4.1),cpp,Accepted,1.0,256.0,814,
s784435392,p03209,u374416262,1544322279,C++,C++14 (GCC 5.4.1),cpp,Accepted,1.0,256.0,594,
s996498435,p03209,u159079884,1544322260,C++,C++14 (GCC 5.4.1),cpp,Accepted,1.0,256.0,1758,
s763446718,p03209,u108808596,1544322247,C++,C++14 (GCC 5.4.1),cpp,Accepted,1.0,256.0,2081,
s262681956,p03209,u006204672,1544322236,C++,C++14 (GCC 5.4.1),cpp,Accepted,1.0,256.0,1813,
s930646132,p03209,u672858382,1544322233,C++,C++14 (GCC 5.4.1),cpp,Accepted,1.0,128.0,1107,
s433377509,p03209,u115888500,1544322187,C++,C++14 (GCC 5.4.1),cpp,Accepted,1.0,256.0,2958,
s565268063,p03209,u687214625,1544322174,C++,C++14 (GCC 5.4.1),cpp,Accepted,1.0,256.0,585,
s191547068,p03209,u834777932,1544322136,C++,C++14 (GCC 5.4.1),cpp,Accepted,1.0,256.0,12352,
s323247787,p03209,u601717680,1544322134,C++,C++14 (GCC 5.4.1),cpp,Accepted,1.0,256.0,415,
s357613788,p03209,u778204640,1544322104,C++,C++14 (GCC 5.4.1),cpp,Accepted,1.0,256.0,907,
s585382289,p03209,u452725238,1544322031,C++,C++14 (GCC 5.4.1),cpp,Accepted,2.0,256.0,1133,
s304756708,p03209,u462560753,1544321984,C++,C++14 (GCC 5.4.1),cpp,Accepted,1.0,256.0,912,
