submission_id,problem_id,user_id,date,language,original_language,filename_ext,status,cpu_time,memory,code_size,accuracy
s256649373,p03567,u163783894,1601506450,Python,Python (3.8.2),py,Accepted,27.0,9120.0,405,
s850778432,p03567,u469315559,1601396783,C++,C++ (GCC 9.2.1),cpp,Accepted,6.0,3628.0,241,
s597816266,p03567,u603234915,1601341692,C++,C++ (GCC 9.2.1),cpp,Accepted,6.0,3600.0,419,
s395181028,p03567,u114137758,1601331388,C++,C++ (GCC 9.2.1),cpp,Accepted,6.0,3596.0,4512,
s774613371,p03567,u210545407,1601142129,Python,Python (3.8.2),py,Accepted,25.0,9072.0,65,
s343067207,p03567,u083006500,1601066690,C++,C++ (GCC 9.2.1),cpp,Accepted,8.0,3576.0,297,
s193580378,p03567,u666550725,1600890121,Python,PyPy3 (7.3.0),py,Accepted,65.0,61900.0,145,
s554164920,p03567,u406647332,1600862926,C++,C++ (GCC 9.2.1),cpp,Accepted,6.0,3624.0,750,
s657151767,p03567,u994074033,1600659364,C++,C++ (GCC 9.2.1),cpp,Accepted,6.0,3588.0,216,
s883366712,p03567,u014139588,1600615253,Python,Python (3.8.2),py,Accepted,25.0,9088.0,50,
s249872159,p03567,u516525290,1600615033,C++,C++ (GCC 9.2.1),cpp,Accepted,8.0,3628.0,1276,
s767264483,p03567,u428341537,1600614986,Python,Python (3.8.2),py,Accepted,23.0,9092.0,66,
s595359978,p03567,u983563612,1600549580,C++,C++ (GCC 9.2.1),cpp,Accepted,10.0,3552.0,485,
s986993074,p03567,u629603666,1600490021,C++,C++ (GCC 9.2.1),cpp,Accepted,7.0,3632.0,312,
s325647591,p03567,u286623856,1600391430,C++,C++ (GCC 9.2.1),cpp,Accepted,6.0,3604.0,265,
s622942420,p03567,u848148267,1600288815,C++,C++ (GCC 9.2.1),cpp,Accepted,12.0,3552.0,430,
s367598178,p03567,u714642046,1600271241,Python,Python (3.8.2),py,Accepted,27.0,8916.0,116,
s531697258,p03567,u999989620,1600148162,C++,C++ (GCC 9.2.1),cpp,Accepted,10.0,3608.0,278,
s044006860,p03567,u629540524,1600097948,Python,PyPy3 (7.3.0),py,Accepted,63.0,61764.0,48,
s796849432,p03567,u629540524,1600097934,Python,Python (3.8.2),py,Accepted,25.0,9092.0,48,
s195599645,p03567,u977605150,1600036831,Python,Python (3.8.2),py,Accepted,30.0,8984.0,164,
s202963714,p03567,u780698286,1600014807,Python,Python (3.8.2),py,Accepted,27.0,9068.0,64,
s288904607,p03567,u682413606,1599970859,C++,C++ (GCC 9.2.1),cpp,Accepted,8.0,3536.0,310,
s712084045,p03567,u034855798,1599940737,Python,PyPy3 (7.3.0),py,Accepted,64.0,61840.0,127,
s938991167,p03567,u135265051,1599856888,Python,Python (3.8.2),py,Accepted,26.0,8952.0,272,
s630033473,p03567,u587589241,1599688566,Python,PyPy3 (7.3.0),py,Accepted,71.0,61836.0,121,
s780133621,p03567,u336949031,1599683413,C++,C++ (GCC 9.2.1),cpp,Accepted,10.0,3620.0,272,
s806066352,p03567,u357751375,1599536357,Python,Python (3.8.2),py,Accepted,27.0,9088.0,64,
s812193032,p03567,u521389909,1599531747,C++,C++ (GCC 9.2.1),cpp,Accepted,8.0,3616.0,1663,
s753432924,p03567,u359358631,1599513419,Python,PyPy3 (7.3.0),py,Accepted,306.0,80176.0,137,
s900879231,p03567,u681444474,1599501713,Python,PyPy3 (7.3.0),py,Accepted,62.0,61764.0,159,
s687373929,p03567,u528258842,1599442269,C++,C++ (GCC 9.2.1),cpp,Accepted,8.0,3624.0,275,
s021866241,p03567,u947236878,1599334237,C++,C++ (GCC 9.2.1),cpp,Accepted,7.0,3588.0,14939,
s013117888,p03567,u976940619,1599327096,C++,C++ (GCC 9.2.1),cpp,Accepted,10.0,3628.0,2572,
s728311261,p03567,u506464494,1599324887,C++,C++ (GCC 9.2.1),cpp,Accepted,7.0,3596.0,5097,
s206081590,p03567,u510331904,1599238479,Python,Python (3.8.2),py,Accepted,29.0,9088.0,221,
s316562483,p03567,u239725287,1599185319,Python,Python (3.8.2),py,Accepted,29.0,8976.0,382,
s226513233,p03567,u145483532,1599185073,C++,C++ (GCC 9.2.1),cpp,Accepted,11.0,3604.0,6450,
s912455854,p03567,u368796742,1599161912,Python,Python (3.8.2),py,Accepted,25.0,8836.0,42,
s226383209,p03567,u312172322,1599002199,C++,C++ (GCC 9.2.1),cpp,Accepted,6.0,3536.0,319,
s214621008,p03567,u546853743,1598996804,Python,Python (3.8.2),py,Accepted,27.0,9088.0,63,
s765133986,p03567,u214685595,1598923868,C++,C++ (GCC 9.2.1),cpp,Accepted,8.0,3628.0,511,
s239959224,p03567,u067694854,1598921831,C++,C++ (GCC 9.2.1),cpp,Accepted,6.0,3628.0,517,
s940829126,p03567,u760831084,1598909764,Python,Python (3.8.2),py,Accepted,27.0,9016.0,48,
s375162010,p03567,u500376440,1598901665,C++,C++ (GCC 9.2.1),cpp,Accepted,8.0,3644.0,423,
s430996436,p03567,u537962130,1598877448,Python,PyPy3 (7.3.0),py,Accepted,61.0,61732.0,38,
s750399614,p03567,u260907804,1598856095,C++,C++ (GCC 9.2.1),cpp,Accepted,8.0,3604.0,484,
s337743290,p03567,u923105140,1598799282,C++,C++ (GCC 9.2.1),cpp,Accepted,9.0,3592.0,306,
s395848457,p03567,u457699673,1598679501,C++,C++ (GCC 9.2.1),cpp,Accepted,9.0,3632.0,674,
s569768007,p03567,u025469035,1598676580,C++,C++ (GCC 9.2.1),cpp,Accepted,7.0,3620.0,465,
s086858248,p03567,u450179832,1598671696,C++,C++ (GCC 9.2.1),cpp,Accepted,7.0,3576.0,661,
s055395465,p03567,u121698457,1598506124,Python,Python (3.8.2),py,Accepted,28.0,8940.0,58,
s632397799,p03567,u770077083,1598506099,Python,Python (3.8.2),py,Accepted,29.0,8960.0,49,
s782547292,p03567,u391589398,1598494763,Python,Python (3.8.2),py,Accepted,29.0,8968.0,48,
s035124752,p03567,u614181788,1598494263,Python,Python (3.8.2),py,Accepted,26.0,9096.0,64,
s569535634,p03567,u199441105,1598485783,C++,C++ (GCC 9.2.1),cpp,Accepted,7.0,3596.0,249,
s738070102,p03567,u316603606,1598463070,Python,Python (3.8.2),py,Accepted,31.0,8980.0,63,
s820863144,p03567,u220212997,1598410279,C++,C++ (GCC 9.2.1),cpp,Accepted,8.0,3640.0,3086,
s973898887,p03567,u045547337,1598383442,C++,C++ (GCC 9.2.1),cpp,Accepted,6.0,3560.0,298,
s796264774,p03567,u495667483,1598323385,Python,Python (3.8.2),py,Accepted,25.0,8948.0,41,
s173658301,p03567,u369630760,1598293920,Python,Python (3.8.2),py,Accepted,28.0,9012.0,65,
s197217479,p03567,u926046014,1598223426,C++,C++ (GCC 9.2.1),cpp,Accepted,7.0,3580.0,608,
s985624930,p03567,u010686961,1598222269,C++,C++ (GCC 9.2.1),cpp,Accepted,6.0,3624.0,757,
s924104691,p03567,u823885866,1598204914,Python,Python (3.8.2),py,Accepted,33.0,8940.0,34,
s720779657,p03567,u927053131,1598203318,C++,C++ (GCC 9.2.1),cpp,Accepted,6.0,3632.0,403,
s832228336,p03567,u016843859,1598110560,Python,Python (3.8.2),py,Accepted,26.0,8996.0,126,
s244168977,p03567,u468972478,1598108771,Python,Python (3.8.2),py,Accepted,28.0,8772.0,88,
s090531790,p03567,u595949581,1598103318,C++,C++ (GCC 9.2.1),cpp,Accepted,3.0,3636.0,493,
s725000401,p03567,u350248178,1598067990,Python,Python (3.8.2),py,Accepted,25.0,9020.0,62,
s854106507,p03567,u006717664,1598064073,C++,C++ (GCC 9.2.1),cpp,Accepted,8.0,3620.0,2988,
s669643889,p03567,u904172714,1597937265,C++,C++ (GCC 9.2.1),cpp,Accepted,6.0,3608.0,437,
s085488655,p03567,u519339498,1597931851,Python,Python (3.8.2),py,Accepted,35.0,9868.0,282,
s584638576,p03567,u817769480,1597902045,C++,C++ (GCC 9.2.1),cpp,Accepted,11.0,3624.0,253,
s703032102,p03567,u642012866,1597900372,Python,Python (3.8.2),py,Accepted,25.0,8844.0,64,
s420082647,p03567,u073852194,1597895203,Python,Python (3.8.2),py,Accepted,30.0,8976.0,41,
s116679837,p03567,u118434175,1597871375,C++,C++ (GCC 9.2.1),cpp,Accepted,6.0,3596.0,926,
s844902429,p03567,u189479417,1597702899,Python,Python (3.8.2),py,Accepted,27.0,8932.0,64,
s901538700,p03567,u723583932,1597640770,Python,Python (3.8.2),py,Accepted,28.0,8956.0,91,
s248051399,p03567,u195036695,1597607643,C++,C++ (GCC 9.2.1),cpp,Accepted,9.0,3612.0,2448,
s154051985,p03567,u533039576,1597512328,Python,Python (3.8.2),py,Accepted,29.0,8936.0,99,
s134753951,p03567,u915047926,1597480113,C++,C++ (GCC 9.2.1),cpp,Accepted,6.0,3600.0,386,
s507173760,p03567,u644972721,1597463764,Python,Python (3.8.2),py,Accepted,28.0,9032.0,133,
s310802369,p03567,u193264896,1597410412,Python,Python (3.8.2),py,Accepted,26.0,8952.0,137,
s765836353,p03567,u201660334,1597390452,Python,Python (3.8.2),py,Accepted,29.0,8680.0,169,
s848949717,p03567,u309141201,1597357823,Python,Python (3.8.2),py,Accepted,26.0,9012.0,64,
s045248386,p03567,u273359100,1597280618,C++,C++ (GCC 9.2.1),cpp,Accepted,8.0,3656.0,494,
s765064022,p03567,u086503932,1597270901,Python,Python (3.8.2),py,Accepted,28.0,9072.0,54,
s028871689,p03567,u033937898,1597244308,C++,C++ (GCC 9.2.1),cpp,Accepted,7.0,3576.0,392,
s786594998,p03567,u531461815,1597210878,C++,C++ (GCC 9.2.1),cpp,Accepted,6.0,3600.0,1043,
s750775133,p03567,u025773431,1597206315,C++,C++ (GCC 9.2.1),cpp,Accepted,7.0,3572.0,390,
s909003416,p03567,u765590009,1597202791,Python,Python (3.8.2),py,Accepted,24.0,9044.0,62,
s257607533,p03567,u548791035,1597100756,C++,C++ (GCC 9.2.1),cpp,Accepted,8.0,3600.0,967,
s862709016,p03567,u501451051,1597078935,Python,Python (3.8.2),py,Accepted,29.0,9016.0,114,
s830608302,p03567,u984427208,1596959780,C++,C++ (GCC 9.2.1),cpp,Accepted,6.0,3580.0,701,
s521509560,p03567,u680851063,1596910402,Python,Python (3.8.2),py,Accepted,29.0,8912.0,121,
s097582778,p03567,u684448032,1596899666,C++,C++ (GCC 9.2.1),cpp,Accepted,10.0,3556.0,278,
s114686488,p03567,u395202850,1596855983,Python,Python (3.8.2),py,Accepted,30.0,9396.0,231,
s724096464,p03567,u397953026,1596824822,Python,Python (3.8.2),py,Accepted,28.0,8964.0,61,
s975538488,p03567,u492660436,1596644981,C++,C++ (GCC 9.2.1),cpp,Accepted,9.0,3544.0,3433,
s281765182,p03567,u572032237,1596624039,Python,Python (3.8.2),py,Accepted,27.0,8844.0,55,
s421045655,p03567,u817523595,1596591760,C++,C++ (GCC 9.2.1),cpp,Accepted,5.0,3592.0,401,
s097843124,p03567,u096616343,1596426890,C++,C++ (GCC 9.2.1),cpp,Accepted,8.0,3608.0,548,
s891523321,p03567,u970690920,1596258049,C++,C++ (GCC 9.2.1),cpp,Accepted,7.0,3496.0,312,
s214139177,p03567,u225777148,1596220337,C++,C++ (GCC 9.2.1),cpp,Accepted,9.0,3620.0,249,
s099672609,p03567,u826189900,1596143998,Python,Python (3.8.2),py,Accepted,28.0,8976.0,42,
s536380967,p03567,u209275335,1595995526,Python,Python (3.8.2),py,Accepted,25.0,9032.0,120,
s372308321,p03567,u037563046,1595989175,C++,C++ (GCC 9.2.1),cpp,Accepted,5.0,3528.0,6568,
s641981416,p03567,u093973314,1595908130,C++,C++ (GCC 9.2.1),cpp,Accepted,8.0,3612.0,550,
s092084749,p03567,u934442292,1595908122,Python,Python (3.8.2),py,Accepted,26.0,8960.0,210,
s310089194,p03567,u739489568,1595902780,C++,C++ (GCC 9.2.1),cpp,Accepted,9.0,3628.0,263,
s892494129,p03567,u026155812,1595875464,Python,Python (3.8.2),py,Accepted,25.0,9076.0,121,
s741663897,p03567,u763410402,1595802130,Python,Python (3.8.2),py,Accepted,26.0,9028.0,111,
s942618197,p03567,u426572476,1595791686,Python,PyPy3 (7.3.0),py,Accepted,93.0,61616.0,131,
s419840673,p03567,u598684283,1595743583,Python,Python (3.8.2),py,Accepted,29.0,9108.0,170,
s633693451,p03567,u592686932,1595718584,C++,C++ (GCC 9.2.1),cpp,Accepted,7.0,3652.0,3116,
s379575223,p03567,u597374218,1595708828,Python,Python (3.8.2),py,Accepted,29.0,9012.0,45,
s936849647,p03567,u527652459,1595696770,C++,C++ (GCC 9.2.1),cpp,Accepted,7.0,3632.0,2596,
s857532601,p03567,u269963329,1595612494,C++,C++ (GCC 9.2.1),cpp,Accepted,7.0,3616.0,251,
s909618280,p03567,u641446860,1595560757,Python,Python (3.8.2),py,Accepted,29.0,8928.0,60,
s006694355,p03567,u652420316,1595560612,C++,C++ (GCC 9.2.1),cpp,Accepted,8.0,3572.0,1030,
s976328854,p03567,u768896740,1595543456,Python,Python (3.8.2),py,Accepted,28.0,8976.0,123,
s971490856,p03567,u289288647,1595538107,Python,Python (3.8.2),py,Accepted,29.0,9016.0,70,
s678889773,p03567,u394244719,1595467426,Python,PyPy3 (7.3.0),py,Accepted,73.0,61268.0,66,
s317857470,p03567,u627803856,1595462642,Python,PyPy3 (7.3.0),py,Accepted,58.0,61680.0,48,
s821853080,p03567,u697968316,1595301126,C++,C++ (GCC 9.2.1),cpp,Accepted,7.0,3580.0,1144,
s523777438,p03567,u242679311,1595270103,C++,C++ (GCC 9.2.1),cpp,Accepted,9.0,3608.0,1793,
s995673372,p03567,u312172322,1595237899,C++,C++ (GCC 9.2.1),cpp,Accepted,8.0,3628.0,322,
s819612659,p03567,u164181205,1595210616,C++,C++ (GCC 9.2.1),cpp,Accepted,5.0,3624.0,706,
s010365903,p03567,u978167553,1595191326,Python,Python (3.8.2),py,Accepted,30.0,9016.0,42,
s330886233,p03567,u937238023,1595169578,Python,Python (3.8.2),py,Accepted,31.0,9080.0,60,
s049929937,p03567,u011233602,1595168826,C++,C++ (GCC 9.2.1),cpp,Accepted,12.0,3524.0,331,
s508730413,p03567,u134896569,1595086082,C++,C++ (GCC 9.2.1),cpp,Accepted,6.0,3580.0,430,
s582115906,p03567,u629350026,1595080174,Python,Python (3.8.2),py,Accepted,27.0,9052.0,157,
s908890857,p03567,u991567869,1595012160,Python,Python (3.8.2),py,Accepted,28.0,9040.0,60,
s931004491,p03567,u662871912,1594993592,C++,C++ (GCC 9.2.1),cpp,Accepted,7.0,3652.0,667,
s846855020,p03567,u089230684,1594991735,C++,C++ (GCC 9.2.1),cpp,Accepted,3.0,3644.0,222,
s725548208,p03567,u018679195,1594991633,C++,C++ (GCC 9.2.1),cpp,Accepted,3.0,3560.0,326,
s332764416,p03567,u863370423,1594991469,C++,C++ (GCC 9.2.1),cpp,Accepted,8.0,3628.0,296,
s244275464,p03567,u863370423,1594991284,C++,C++ (GCC 9.2.1),cpp,Accepted,4.0,1632.0,141,
s633398139,p03567,u863370423,1594991093,C++,C++ (GCC 9.2.1),cpp,Accepted,8.0,3524.0,290,
s697777537,p03567,u178536051,1594953693,C++,C++ (GCC 9.2.1),cpp,Accepted,6.0,3580.0,532,
s270933024,p03567,u446371873,1594786082,Python,Python (3.8.2),py,Accepted,28.0,9104.0,116,
s539654085,p03567,u498487134,1594784131,Python,PyPy3 (7.3.0),py,Accepted,62.0,61960.0,242,
s416812312,p03567,u313890617,1594776309,Python,Python (3.8.2),py,Accepted,26.0,8988.0,111,
s452316074,p03567,u125669112,1594582344,C++,C++ (GCC 9.2.1),cpp,Accepted,8.0,3560.0,1723,
s721401811,p03567,u587622858,1594441562,C++,C++ (GCC 9.2.1),cpp,Accepted,7.0,3596.0,303,
s457976078,p03567,u158677249,1594409602,C++,C++ (GCC 9.2.1),cpp,Accepted,10.0,3604.0,357,
s411134605,p03567,u746428948,1594385514,C++,C++ (GCC 9.2.1),cpp,Accepted,9.0,3612.0,269,
s483519286,p03567,u211109468,1594210432,Python,PyPy3 (7.3.0),py,Accepted,71.0,61940.0,86,
s606941454,p03567,u691380397,1594012061,C++,C++ (GCC 9.2.1),cpp,Accepted,7.0,3636.0,229,
s826850835,p03567,u075303794,1593995587,Python,Python (3.8.2),py,Accepted,29.0,8948.0,45,
s306230205,p03567,u934119021,1593910957,Python,Python (3.8.2),py,Accepted,27.0,9076.0,60,
s223623795,p03567,u657208344,1593902919,Python,Python (3.8.2),py,Accepted,27.0,8868.0,95,
s184212303,p03567,u548624367,1593833700,Python,Python (3.8.2),py,Accepted,27.0,8840.0,82,
s862276165,p03567,u615324924,1593831748,C++,C++ (GCC 9.2.1),cpp,Accepted,6.0,3604.0,273,
s121507267,p03567,u071396528,1593830410,C++,C++ (GCC 9.2.1),cpp,Accepted,8.0,3608.0,275,
s985986403,p03567,u840269340,1593797940,C++,C++ (GCC 9.2.1),cpp,Accepted,9.0,3652.0,748,
s184022355,p03567,u083447997,1593733416,C++,C++ (GCC 9.2.1),cpp,Accepted,9.0,3556.0,254,
s684076000,p03567,u930734502,1593702699,C++,C++ (GCC 9.2.1),cpp,Accepted,6.0,3624.0,153,
s404451306,p03567,u350093546,1593699407,Python,Python (3.8.2),py,Accepted,31.0,9040.0,63,
s583204252,p03567,u021657949,1593663759,C++,C++ (GCC 9.2.1),cpp,Accepted,10.0,3636.0,373,
s509281932,p03567,u088488125,1593646650,Python,Python (3.8.2),py,Accepted,28.0,8896.0,45,
s027632569,p03567,u652907854,1593629086,Python,PyPy3 (7.3.0),py,Accepted,63.0,61684.0,41,
s667067385,p03567,u941047297,1593628031,Python,Python (3.8.2),py,Accepted,27.0,8980.0,191,
s626469247,p03567,u500376440,1593626946,Python,Python (3.8.2),py,Accepted,30.0,8968.0,100,
s021001364,p03567,u321962979,1593591630,C++,C++ (GCC 9.2.1),cpp,Accepted,8.0,3572.0,794,
s250064710,p03567,u418892821,1593564798,C++,C++ (GCC 9.2.1),cpp,Accepted,6.0,3640.0,233,
s808848760,p03567,u480300350,1593558857,Python,Python (3.8.2),py,Accepted,28.0,9016.0,48,
s917125319,p03567,u991713078,1593558139,C++,C++ (GCC 9.2.1),cpp,Accepted,5.0,3600.0,352,
s980044522,p03567,u485821416,1593542690,C++,C++ (GCC 9.2.1),cpp,Accepted,7.0,3600.0,255,
s297389060,p03567,u648881683,1593490441,Python,Python (3.8.2),py,Accepted,38.0,9984.0,711,
s191751780,p03567,u338418253,1593457323,C++,C++ (GCC 9.2.1),cpp,Accepted,6.0,3576.0,797,
s762710466,p03567,u960080897,1593438637,Python,Python (3.8.2),py,Accepted,34.0,9656.0,70,
s182538949,p03567,u722640678,1593399338,C++,C++ (GCC 9.2.1),cpp,Accepted,4.0,3592.0,593,
s167691822,p03567,u045289115,1593365815,C++,C++ (GCC 9.2.1),cpp,Accepted,6.0,3716.0,163,
s072881767,p03567,u279493135,1593317633,Python,Python (3.8.2),py,Accepted,31.0,8976.0,46,
s737722245,p03567,u486773779,1593276367,Python,Python (3.8.2),py,Accepted,28.0,9076.0,64,
s158874267,p03567,u277394423,1593225304,C++,C++ (GCC 9.2.1),cpp,Accepted,7.0,3584.0,1225,
s863834096,p03567,u013202780,1593222661,Python,Python (3.8.2),py,Accepted,26.0,8976.0,41,
s681722365,p03567,u984529214,1593094032,Python,Python (3.8.2),py,Accepted,28.0,8960.0,60,
s578574767,p03567,u814986259,1592967250,Python,Python (3.8.2),py,Accepted,29.0,9024.0,61,
s708963222,p03567,u255657363,1592964025,C++,C++ (GCC 9.2.1),cpp,Accepted,7.0,3588.0,212,
s328336448,p03567,u358765098,1592948680,C++,C++ (GCC 9.2.1),cpp,Accepted,8.0,3600.0,300,
s557414507,p03567,u143051858,1592915209,Python,Python (3.8.2),py,Accepted,27.0,9092.0,151,
s523366835,p03567,u200215998,1592859493,C++,C++ (GCC 9.2.1),cpp,Accepted,8.0,3588.0,4196,
s876657747,p03567,u813098295,1592835308,Python,Python (3.8.2),py,Accepted,27.0,9040.0,90,
s770752529,p03567,u610897920,1592750626,C++,C++ (GCC 9.2.1),cpp,Accepted,7.0,3632.0,3596,
s862820139,p03567,u376420711,1592594283,Python,Python (3.8.2),py,Accepted,29.0,9024.0,42,
s083550859,p03567,u201304522,1592516280,C++,C++ (GCC 9.2.1),cpp,Accepted,7.0,3616.0,907,
s087418677,p03567,u019355060,1592453574,Python,Python (3.4.3),py,Accepted,17.0,2940.0,60,
s360508324,p03567,u112364985,1592448926,Python,Python (3.4.3),py,Accepted,19.0,3060.0,48,
s752304238,p03567,u600261652,1592447528,Python,Python (3.4.3),py,Accepted,17.0,2940.0,47,
s067898529,p03567,u285891772,1592441510,Python,Python (3.4.3),py,Accepted,41.0,5396.0,990,
s193481796,p03567,u705990127,1592387240,C++,C++14 (GCC 5.4.1),cpp,Accepted,1.0,256.0,670,
s565258369,p03567,u555767343,1592361037,Python,PyPy3 (2.4.0),py,Accepted,180.0,38256.0,48,
s565730657,p03567,u358254559,1592324378,Python,PyPy3 (2.4.0),py,Accepted,166.0,38384.0,59,
s301094721,p03567,u565624841,1592266740,C++,C++14 (GCC 5.4.1),cpp,Accepted,2.0,256.0,3192,
s364581275,p03567,u942393279,1592259446,C++,C++14 (GCC 5.4.1),cpp,Accepted,1.0,256.0,5997,
s267937769,p03567,u280966279,1592240693,C++,C++14 (GCC 5.4.1),cpp,Accepted,1.0,256.0,279,
s649036291,p03567,u596385287,1592158525,C++,C++14 (GCC 5.4.1),cpp,Accepted,1.0,256.0,237,
s517393322,p03567,u765815947,1592147681,C++,C++14 (GCC 5.4.1),cpp,Accepted,1.0,256.0,242,
s138458269,p03567,u312172322,1592101478,C++,C++14 (GCC 5.4.1),cpp,Accepted,1.0,256.0,236,
s819443685,p03567,u896726004,1592072483,Python,Python (3.4.3),py,Accepted,19.0,3188.0,163,
s111400371,p03567,u496821919,1592072339,Python,Python (3.4.3),py,Accepted,19.0,2940.0,47,
s012545595,p03567,u298620933,1592060849,C++,C++14 (GCC 5.4.1),cpp,Accepted,1.0,256.0,731,
s667681041,p03567,u579699847,1592019528,Python,Python (3.4.3),py,Accepted,17.0,2940.0,101,
s331839719,p03567,u835283937,1591892771,Python,Python (3.4.3),py,Accepted,17.0,3064.0,135,
s634414655,p03567,u539011156,1591741436,C++,C++14 (GCC 5.4.1),cpp,Accepted,1.0,256.0,3817,
s763772339,p03567,u283907492,1591706770,C++,C++14 (GCC 5.4.1),cpp,Accepted,1.0,256.0,408,
s163901597,p03567,u357751375,1591672239,Python,Python (3.4.3),py,Accepted,17.0,3064.0,152,
s080329215,p03567,u665598835,1591670536,C++,C++14 (GCC 5.4.1),cpp,Accepted,1.0,256.0,467,
s110228779,p03567,u493130708,1591649726,Python,PyPy3 (2.4.0),py,Accepted,171.0,38512.0,54,
s474139994,p03567,u230139835,1591629062,C++,C++14 (GCC 5.4.1),cpp,Accepted,1.0,256.0,499,
s372158721,p03567,u552357043,1591586991,Python,Python (3.4.3),py,Accepted,17.0,2940.0,60,
s999151472,p03567,u620269708,1591578100,C++,C++14 (GCC 5.4.1),cpp,Accepted,1.0,256.0,340,
s306215027,p03567,u983853152,1591452786,Python,Python (3.4.3),py,Accepted,17.0,2940.0,59,
s254346684,p03567,u036411476,1591409613,C++,C++14 (GCC 5.4.1),cpp,Accepted,1.0,256.0,342,
s287558050,p03567,u288430479,1591322482,Python,Python (3.4.3),py,Accepted,17.0,2940.0,60,
s416796615,p03567,u391819434,1591292596,Python,Python (3.4.3),py,Accepted,17.0,2940.0,37,
s197714962,p03567,u106181248,1591195996,Python,Python (3.4.3),py,Accepted,17.0,2940.0,124,
s750868595,p03567,u798339690,1591160142,C++,C++14 (GCC 5.4.1),cpp,Accepted,1.0,256.0,3196,
s701629212,p03567,u274635633,1591090444,Python,Python (3.4.3),py,Accepted,17.0,2940.0,41,
s537832787,p03567,u306482197,1591055290,C++,C++14 (GCC 5.4.1),cpp,Accepted,1.0,256.0,221,
s037088352,p03567,u582684800,1591038769,C++,C++14 (GCC 5.4.1),cpp,Accepted,1.0,256.0,266,
s142936786,p03567,u225660136,1590961833,C++,C++14 (GCC 5.4.1),cpp,Accepted,1.0,256.0,303,
s953701436,p03567,u489959379,1590941243,Python,Python (3.4.3),py,Accepted,20.0,3060.0,198,
s945939543,p03567,u945901686,1590912065,C++,C++14 (GCC 5.4.1),cpp,Accepted,1.0,256.0,344,
s141868079,p03567,u543584809,1590875930,C++,C++14 (GCC 5.4.1),cpp,Accepted,1.0,256.0,303,
s626647273,p03567,u547099897,1590867969,C++,C++14 (GCC 5.4.1),cpp,Accepted,1.0,256.0,406,
s314147725,p03567,u314089899,1590808144,Python,Python (3.4.3),py,Accepted,17.0,2940.0,73,
s181039746,p03567,u349444371,1590669507,Python,Python (3.4.3),py,Accepted,17.0,2940.0,62,
s030749601,p03567,u227085629,1590609735,Python,Python (3.4.3),py,Accepted,18.0,2940.0,60,
s651196499,p03567,u242031676,1590554149,C++,C++14 (GCC 5.4.1),cpp,Accepted,1.0,256.0,879,
s649027581,p03567,u629548179,1590520136,C++,C++14 (GCC 5.4.1),cpp,Accepted,1.0,256.0,356,
s255382392,p03567,u590927341,1590454880,C++,C++14 (GCC 5.4.1),cpp,Accepted,1.0,256.0,1948,
s790838518,p03567,u325956328,1590414577,Python,Python (3.4.3),py,Accepted,17.0,2940.0,66,
s498827418,p03567,u877415670,1590376736,Python,Python (3.4.3),py,Accepted,17.0,2940.0,118,
s246989904,p03567,u930841425,1590368498,C++,C++14 (GCC 5.4.1),cpp,Accepted,1.0,256.0,328,
s684748607,p03567,u179778090,1590322604,C++,C++14 (GCC 5.4.1),cpp,Accepted,1.0,256.0,1144,
s368363533,p03567,u079022116,1590291125,Python,Python (3.4.3),py,Accepted,17.0,2940.0,59,
s306304760,p03567,u760794812,1590291014,Python,Python (3.4.3),py,Accepted,17.0,2940.0,100,
s185433259,p03567,u428132025,1590114229,Python,Python (3.4.3),py,Accepted,17.0,3064.0,123,
s122133546,p03567,u671446913,1590019526,Python,PyPy3 (2.4.0),py,Accepted,172.0,38384.0,303,
s596854573,p03567,u998733244,1590019266,Python,Python (3.4.3),py,Accepted,17.0,2940.0,56,
s182271730,p03567,u027557357,1589925132,Python,Python (3.4.3),py,Accepted,17.0,2940.0,64,
s353883380,p03567,u027557357,1589923354,Python,Python (3.4.3),py,Accepted,17.0,2940.0,64,
s838157023,p03567,u212246706,1589923213,Python,Python (3.4.3),py,Accepted,17.0,2940.0,65,
s620421560,p03567,u548163222,1589898345,C++,C++14 (GCC 5.4.1),cpp,Accepted,1.0,256.0,420,
s512434293,p03567,u597374218,1589837827,Python,Python (3.4.3),py,Accepted,17.0,2940.0,45,
s380666904,p03567,u502731482,1589682468,Python,Python (3.4.3),py,Accepted,17.0,2940.0,47,
s024682686,p03567,u119982001,1589615872,Python,Python (3.4.3),py,Accepted,17.0,2940.0,122,
s187967324,p03567,u266643907,1589600000,C++,C++14 (GCC 5.4.1),cpp,Accepted,1.0,256.0,1666,
s902250840,p03567,u718758485,1589597713,C++,C++14 (GCC 5.4.1),cpp,Accepted,1.0,256.0,414,
s950093998,p03567,u341447450,1589587224,C++,C++14 (GCC 5.4.1),cpp,Accepted,1.0,256.0,800,
s426367806,p03567,u931071094,1589577761,C++,C++14 (GCC 5.4.1),cpp,Accepted,1.0,256.0,657,
s195612249,p03567,u196953553,1589572090,C++,C++14 (GCC 5.4.1),cpp,Accepted,1.0,256.0,1721,
s856559834,p03567,u227604873,1589563887,C++,C++14 (GCC 5.4.1),cpp,Accepted,1.0,256.0,304,
s612495157,p03567,u371385198,1589560051,Python,Python (3.4.3),py,Accepted,18.0,3188.0,36,
s792402775,p03567,u363936720,1589557399,C++,C++14 (GCC 5.4.1),cpp,Accepted,1.0,256.0,1264,
s403416914,p03567,u802963389,1589554484,Python,Python (3.4.3),py,Accepted,17.0,2940.0,175,
s680620039,p03567,u340980616,1589553667,C++,C++14 (GCC 5.4.1),cpp,Accepted,1.0,256.0,564,
s391247351,p03567,u905715926,1589552864,C++,C++14 (GCC 5.4.1),cpp,Accepted,1.0,256.0,631,
s544060096,p03567,u317754719,1589545132,C++,C++14 (GCC 5.4.1),cpp,Accepted,1.0,256.0,4127,
s865272757,p03567,u803684095,1589544769,C++,C++14 (GCC 5.4.1),cpp,Accepted,1.0,256.0,638,
s005851435,p03567,u857428111,1589544556,Python,PyPy3 (2.4.0),py,Accepted,176.0,38256.0,389,
s964328560,p03567,u617826263,1589544050,C++,C++14 (GCC 5.4.1),cpp,Accepted,1.0,256.0,656,
s095606699,p03567,u209457657,1589543204,C++,C++14 (GCC 5.4.1),cpp,Accepted,1.0,256.0,344,
s653026371,p03567,u765690804,1589543025,Python,Python (3.4.3),py,Accepted,17.0,3064.0,187,
s779990075,p03567,u501163846,1589542919,C++,C++14 (GCC 5.4.1),cpp,Accepted,1.0,256.0,574,
s526700292,p03567,u596311864,1589542909,C++,C++14 (GCC 5.4.1),cpp,Accepted,1.0,256.0,519,
s858645705,p03567,u389009751,1589542858,C++,C++14 (Clang 3.8.0),cpp,Accepted,7.0,888.0,618,
s780962847,p03567,u222866518,1589542806,C++,C++14 (GCC 5.4.1),cpp,Accepted,1.0,256.0,703,
s844886888,p03567,u486105630,1589542795,C++,C++14 (GCC 5.4.1),cpp,Accepted,1.0,256.0,940,
s540184203,p03567,u312025627,1589542703,Python,Python (3.4.3),py,Accepted,17.0,2940.0,141,
s923089539,p03567,u395287054,1589542700,C++,C++14 (GCC 5.4.1),cpp,Accepted,1.0,256.0,514,
s685937368,p03567,u371149954,1589542555,C++,C++14 (GCC 5.4.1),cpp,Accepted,1.0,256.0,1064,
s384385315,p03567,u237390401,1589542543,C++,C++14 (GCC 5.4.1),cpp,Accepted,1.0,256.0,327,
s456350683,p03567,u069652661,1589542459,C++,C++14 (GCC 5.4.1),cpp,Accepted,1.0,256.0,341,
s572552319,p03567,u057964173,1589542443,Python,Python (3.4.3),py,Accepted,17.0,2940.0,175,
s903109437,p03567,u226233437,1589542402,Python,Python (3.4.3),py,Accepted,17.0,2940.0,117,
s123792059,p03567,u733814820,1589542399,Python,Python (3.4.3),py,Accepted,17.0,2940.0,135,
s011130387,p03567,u563743611,1589542394,C++,C++14 (GCC 5.4.1),cpp,Accepted,1.0,256.0,725,
s682299411,p03567,u893239355,1589542388,C++,C++14 (GCC 5.4.1),cpp,Accepted,1.0,256.0,446,
s020147357,p03567,u634967948,1589542376,C++,C++14 (GCC 5.4.1),cpp,Accepted,1.0,256.0,298,
s231768307,p03567,u184929210,1589542373,C++,C++14 (GCC 5.4.1),cpp,Accepted,1.0,256.0,254,
s443653493,p03567,u892687772,1589542370,C++,C++14 (GCC 5.4.1),cpp,Accepted,1.0,256.0,1767,
s066818050,p03567,u907525511,1589542359,C++,C++14 (GCC 5.4.1),cpp,Accepted,1.0,256.0,357,
s667286761,p03567,u273352618,1589542334,C++,C++14 (GCC 5.4.1),cpp,Accepted,1.0,256.0,1091,
s545563250,p03567,u415325136,1589542333,C++,C++14 (GCC 5.4.1),cpp,Accepted,1.0,256.0,599,
s708886928,p03567,u991846372,1589542321,C++,C++14 (GCC 5.4.1),cpp,Accepted,1.0,256.0,367,
s138954129,p03567,u711238850,1589542320,Python,Python (3.4.3),py,Accepted,22.0,2940.0,98,
s059584736,p03567,u495881622,1589542320,C++,C++14 (GCC 5.4.1),cpp,Accepted,1.0,256.0,605,
s937979915,p03567,u320211890,1589542317,C++,C++14 (GCC 5.4.1),cpp,Accepted,1.0,256.0,487,
s614156205,p03567,u939401127,1589542316,C++,C++14 (GCC 5.4.1),cpp,Accepted,1.0,256.0,1681,
s843265788,p03567,u376082984,1589542315,C++,C++14 (GCC 5.4.1),cpp,Accepted,1.0,256.0,5344,
s661794067,p03567,u609061751,1589542311,Python,PyPy3 (2.4.0),py,Accepted,177.0,38508.0,113,
s485805527,p03567,u010090035,1589542309,Python,Python (3.4.3),py,Accepted,17.0,2940.0,63,
s750885097,p03567,u186838327,1589542308,Python,PyPy3 (2.4.0),py,Accepted,183.0,38256.0,74,
s768557095,p03567,u191484928,1589542303,C++,C++14 (GCC 5.4.1),cpp,Accepted,1.0,256.0,336,
s035465558,p03567,u189487046,1589542299,Python,Python (3.4.3),py,Accepted,17.0,2940.0,74,
s662580023,p03567,u034865202,1589542294,C++,C++14 (GCC 5.4.1),cpp,Accepted,1.0,256.0,5996,
s120944010,p03567,u047796752,1589542293,Python,PyPy3 (2.4.0),py,Accepted,168.0,38384.0,135,
s088387162,p03567,u824905100,1589542292,C++,C++14 (GCC 5.4.1),cpp,Accepted,1.0,256.0,21824,
s429268486,p03567,u174509352,1589542287,C++,C++14 (GCC 5.4.1),cpp,Accepted,1.0,256.0,768,
s603572217,p03567,u263830634,1589542285,Python,Python (3.4.3),py,Accepted,17.0,2940.0,160,
s762593463,p03567,u156815136,1589542282,Python,Python (3.4.3),py,Accepted,17.0,2940.0,46,
s705509489,p03567,u241159583,1589542268,Python,Python (3.4.3),py,Accepted,18.0,2940.0,47,
s452112902,p03567,u134519179,1589542265,C++,C++14 (GCC 5.4.1),cpp,Accepted,1.0,256.0,753,
s909897272,p03567,u497952650,1589542249,Python,Python (3.4.3),py,Accepted,17.0,2940.0,65,
s471967866,p03567,u227082700,1589542242,Python,Python (3.4.3),py,Accepted,17.0,2940.0,52,
s521786989,p03567,u178079174,1589506728,Python,Python (3.4.3),py,Accepted,17.0,2940.0,73,
s585511402,p03567,u410118019,1589496381,Python,Python (3.4.3),py,Accepted,18.0,2940.0,102,
s251194408,p03567,u057964173,1589426774,Python,PyPy3 (7.3.0),py,Accepted,63.0,61860.0,177,
s400034672,p03567,u057964173,1589406805,Python,Python (3.4.3),py,Accepted,17.0,2940.0,218,
s344890337,p03567,u992910889,1589405751,Python,PyPy3 (2.4.0),py,Accepted,169.0,38256.0,262,
s978162197,p03567,u735016696,1589394601,C++,C++14 (GCC 5.4.1),cpp,Accepted,1.0,256.0,610,
s581683979,p03567,u564182781,1589334282,C++,C++14 (GCC 5.4.1),cpp,Accepted,1.0,256.0,1257,
s231994412,p03567,u864667985,1589304273,C++,C++14 (GCC 5.4.1),cpp,Accepted,1.0,256.0,241,
s084310406,p03567,u241159583,1589235133,Python,Python (3.4.3),py,Accepted,17.0,2940.0,47,
s256763069,p03567,u995725911,1589138185,C++,C++14 (GCC 5.4.1),cpp,Accepted,1.0,256.0,1588,
s507097913,p03567,u945452839,1589122068,C++,C++14 (GCC 5.4.1),cpp,Accepted,1.0,256.0,297,
s880730340,p03567,u652057333,1589089412,C++,C++14 (GCC 5.4.1),cpp,Accepted,1.0,256.0,911,
s811467017,p03567,u948522631,1589072601,Python,Python (3.4.3),py,Accepted,17.0,2940.0,47,
s057697888,p03567,u810356688,1589055346,Python,PyPy3 (2.4.0),py,Accepted,167.0,38256.0,244,
s565832820,p03567,u978749394,1589039106,C++,C++14 (GCC 5.4.1),cpp,Accepted,1.0,256.0,255,
s445392976,p03567,u209457657,1588996591,C++,C++14 (GCC 5.4.1),cpp,Accepted,1.0,256.0,201,
s959960231,p03567,u462257825,1588966460,C++,C++14 (GCC 5.4.1),cpp,Accepted,1.0,256.0,425,
s809653087,p03567,u890331732,1588907869,C++,C++14 (GCC 5.4.1),cpp,Accepted,1.0,256.0,277,
s332518873,p03567,u781095600,1588905010,C++,C++14 (GCC 5.4.1),cpp,Accepted,1.0,256.0,218,
s851762479,p03567,u366886346,1588832790,Python,Python (3.4.3),py,Accepted,17.0,2940.0,140,
s148770865,p03567,u321168841,1588812085,C++,C++14 (GCC 5.4.1),cpp,Accepted,1.0,256.0,368,
s547112008,p03567,u849229491,1588781047,Python,Python (3.4.3),py,Accepted,17.0,2940.0,65,
s035402107,p03567,u849229491,1588780772,Python,Python (3.4.3),py,Accepted,18.0,2940.0,182,
s699722526,p03567,u050698451,1588740863,C++,C++14 (GCC 5.4.1),cpp,Accepted,1.0,256.0,1164,
s933352489,p03567,u166419774,1588737555,C++,C++14 (GCC 5.4.1),cpp,Accepted,1.0,256.0,362,
s095708002,p03567,u519939795,1588734234,Python,Python (3.4.3),py,Accepted,17.0,2940.0,41,
s520581202,p03567,u519939795,1588734127,Python,Python (3.4.3),py,Accepted,17.0,2940.0,62,
s588547439,p03567,u658283466,1588689596,C++,C++14 (GCC 5.4.1),cpp,Accepted,1.0,256.0,302,
s268938794,p03567,u408375121,1588630408,Python,Python (3.4.3),py,Accepted,20.0,2940.0,154,
s838389181,p03567,u275797573,1588623855,C++,C++14 (Clang 3.8.0),cpp,Accepted,1.0,256.0,8494,
s361148258,p03567,u346812984,1588601110,Python,Python (3.4.3),py,Accepted,17.0,2940.0,133,
s172752979,p03567,u652656291,1588530962,Python,Python (3.4.3),py,Accepted,17.0,3064.0,60,
s570783260,p03567,u312172322,1588480467,C++,C++14 (GCC 5.4.1),cpp,Accepted,1.0,256.0,304,
s694059566,p03567,u965529378,1588375362,C++,C++14 (GCC 5.4.1),cpp,Accepted,1.0,256.0,467,
s366596812,p03567,u820225607,1588350838,C++,C++14 (GCC 5.4.1),cpp,Accepted,1.0,256.0,407,
s067431066,p03567,u057964173,1588307115,Python,Python (3.4.3),py,Accepted,18.0,3060.0,235,
s392299841,p03567,u604329931,1588276016,C++,C++14 (GCC 5.4.1),cpp,Accepted,1.0,256.0,772,
s322192332,p03567,u409306788,1588250863,Python,Python (3.4.3),py,Accepted,17.0,2940.0,113,
s389072382,p03567,u288087195,1588205844,C++,C++14 (GCC 5.4.1),cpp,Accepted,1.0,256.0,782,
s649021545,p03567,u868237899,1588191655,C++,C++14 (GCC 5.4.1),cpp,Accepted,1.0,256.0,396,
s692732769,p03567,u187878098,1588186832,C++,C++14 (GCC 5.4.1),cpp,Accepted,1.0,256.0,1024,
s092184542,p03567,u758973277,1588145608,Python,Python (3.4.3),py,Accepted,17.0,2940.0,60,
s626737664,p03567,u896741788,1588128302,Python,Python (3.4.3),py,Accepted,18.0,2940.0,41,
s797789403,p03567,u622585907,1588125660,C++,C++14 (GCC 5.4.1),cpp,Accepted,1.0,256.0,3917,
s482784734,p03567,u328811800,1588124640,C++,C++14 (GCC 5.4.1),cpp,Accepted,1.0,256.0,595,
s860469973,p03567,u811528179,1588122782,C++,C++14 (GCC 5.4.1),cpp,Accepted,1.0,256.0,1530,
s163297297,p03567,u191484928,1588122305,C++,C++14 (GCC 5.4.1),cpp,Accepted,1.0,256.0,347,
s904948285,p03567,u179643082,1588122210,C++,C++14 (GCC 5.4.1),cpp,Accepted,1.0,256.0,624,
s540314693,p03567,u190580703,1588122197,C++,C++14 (GCC 5.4.1),cpp,Accepted,1.0,256.0,863,
s145147951,p03567,u907470767,1588122183,C++,C++14 (GCC 5.4.1),cpp,Accepted,1.0,256.0,620,
s290409147,p03567,u036492525,1588122173,Python,Python (3.4.3),py,Accepted,17.0,2940.0,140,
s011144700,p03567,u675296835,1588122107,C++,C++14 (GCC 5.4.1),cpp,Accepted,1.0,256.0,10067,
s842566750,p03567,u614128939,1588122100,C++,C++14 (GCC 5.4.1),cpp,Accepted,1.0,256.0,624,
s471340558,p03567,u342075214,1588122077,C++,C++14 (GCC 5.4.1),cpp,Accepted,1.0,256.0,336,
s359591362,p03567,u145600939,1588122051,Python,Python (3.4.3),py,Accepted,18.0,3064.0,60,
s230611520,p03567,u202570162,1588115525,Python,Python (3.4.3),py,Accepted,18.0,2940.0,45,
s082939763,p03567,u607744897,1588060872,C++,C++14 (GCC 5.4.1),cpp,Accepted,1.0,256.0,243,
s798658120,p03567,u593934357,1588045079,C++,C++14 (GCC 5.4.1),cpp,Accepted,1.0,256.0,608,
s443755808,p03567,u927801748,1587996302,C++,C++14 (GCC 5.4.1),cpp,Accepted,1.0,256.0,914,
s680877703,p03567,u504142483,1587995326,C++,C++14 (GCC 5.4.1),cpp,Accepted,1.0,256.0,6949,
s399493335,p03567,u264681142,1587944646,Python,Python (3.4.3),py,Accepted,17.0,2940.0,153,
s931823081,p03567,u000770457,1587933877,C++,C++14 (GCC 5.4.1),cpp,Accepted,1.0,256.0,163,
s471347367,p03567,u308463793,1587931294,C++,C++14 (GCC 5.4.1),cpp,Accepted,1.0,256.0,438,
s089839734,p03567,u886613668,1587929487,C++,C++14 (GCC 5.4.1),cpp,Accepted,1.0,256.0,234,
s901104246,p03567,u752898745,1587922926,Python,Python (3.4.3),py,Accepted,19.0,3060.0,37,
s627484569,p03567,u752898745,1587922801,Python,Python (3.4.3),py,Accepted,19.0,3060.0,121,
s984034299,p03567,u158290747,1587915496,C++,C++14 (GCC 5.4.1),cpp,Accepted,1.0,256.0,260,
s744185514,p03567,u722535636,1587871658,C++,C++14 (GCC 5.4.1),cpp,Accepted,1.0,256.0,1524,
s274550485,p03567,u231354686,1587867629,C++,C++14 (GCC 5.4.1),cpp,Accepted,1.0,256.0,367,
s686516620,p03567,u754114382,1587841398,C++,C++14 (GCC 5.4.1),cpp,Accepted,1.0,256.0,298,
s414638597,p03567,u385617244,1587797055,C++,C++14 (GCC 5.4.1),cpp,Accepted,1.0,256.0,39795,
s117009182,p03567,u459025138,1587796944,C++,C++14 (GCC 5.4.1),cpp,Accepted,1.0,256.0,382,
s505683585,p03567,u211160392,1587796912,Python,Python (3.4.3),py,Accepted,17.0,2940.0,44,
s578843279,p03567,u498867392,1587796326,C++,C++14 (GCC 5.4.1),cpp,Accepted,1.0,256.0,252,
s376491970,p03567,u589734885,1587796170,Python,Python (3.4.3),py,Accepted,19.0,3188.0,88,
s672151989,p03567,u669403424,1587780285,C++,C++14 (GCC 5.4.1),cpp,Accepted,1.0,256.0,262,
s992768987,p03567,u852770206,1587757930,C++,C++14 (GCC 5.4.1),cpp,Accepted,1.0,256.0,425,
s848729095,p03567,u720829795,1587695998,C++,C++14 (GCC 5.4.1),cpp,Accepted,1.0,256.0,809,
s809402160,p03567,u896791216,1587693290,Python,Python (3.4.3),py,Accepted,17.0,2940.0,80,
s021935857,p03567,u501163846,1587615952,C++,C++14 (GCC 5.4.1),cpp,Accepted,1.0,256.0,560,
s454336835,p03567,u164730704,1587611492,C++,C++14 (GCC 5.4.1),cpp,Accepted,1.0,256.0,291,
s375595689,p03567,u691018832,1587608898,Python,Python (3.4.3),py,Accepted,18.0,2940.0,213,
s385835836,p03567,u863442865,1587583194,Python,Python (3.4.3),py,Accepted,21.0,3316.0,598,
s513516661,p03567,u518064858,1587527828,Python,Python (3.4.3),py,Accepted,17.0,2940.0,107,
s083772299,p03567,u482157295,1587433105,Python,Python (3.4.3),py,Accepted,17.0,2940.0,244,
s161653840,p03567,u047102107,1587386141,Python,PyPy3 (2.4.0),py,Accepted,195.0,38384.0,102,
s503514961,p03567,u690037900,1587351389,Python,PyPy3 (2.4.0),py,Accepted,169.0,38384.0,57,
s615067823,p03567,u335667012,1587270607,C++,C++14 (GCC 5.4.1),cpp,Accepted,1.0,256.0,505,
s084131499,p03567,u732578115,1587264799,C++,C++14 (GCC 5.4.1),cpp,Accepted,1.0,256.0,252,
s393948314,p03567,u868132236,1587260151,C++,C++14 (GCC 5.4.1),cpp,Accepted,1.0,256.0,176,
s677898185,p03567,u127768253,1587236539,C++,C++14 (GCC 5.4.1),cpp,Accepted,1.0,256.0,602,
s620757532,p03567,u952467214,1587236473,Python,Python (3.4.3),py,Accepted,17.0,2940.0,103,
s556188219,p03567,u641145334,1587181681,C++,C++14 (GCC 5.4.1),cpp,Accepted,1.0,256.0,211,
s069370660,p03567,u246343119,1587180532,Python,Python (3.4.3),py,Accepted,17.0,2940.0,66,
s913204859,p03567,u379168673,1587177618,C++,C++14 (GCC 5.4.1),cpp,Accepted,1.0,256.0,150,
s416133105,p03567,u097396733,1587153151,C++,C++14 (GCC 5.4.1),cpp,Accepted,1.0,256.0,487,
s577921976,p03567,u221285045,1587145384,C++,C++14 (GCC 5.4.1),cpp,Accepted,1.0,256.0,2032,
s646334709,p03567,u373047809,1587139625,Python,Python (3.4.3),py,Accepted,17.0,2940.0,36,
s493319034,p03567,u409872261,1587092175,C++,C++14 (GCC 5.4.1),cpp,Accepted,1.0,256.0,6362,
s457727706,p03567,u810356688,1587066326,Python,Python (3.4.3),py,Accepted,17.0,2940.0,244,
s388806741,p03567,u004411048,1587050409,C++,C++14 (GCC 5.4.1),cpp,Accepted,2.0,504.0,2152,
s586342810,p03567,u325227960,1587026110,Python,PyPy3 (2.4.0),py,Accepted,166.0,38256.0,132,
s952930274,p03567,u093170535,1586964117,C++,C++14 (GCC 5.4.1),cpp,Accepted,1.0,256.0,211,
s707687546,p03567,u955202970,1586961171,C++,C++14 (GCC 5.4.1),cpp,Accepted,1.0,256.0,258,
s594925131,p03567,u089142196,1586910727,Python,Python (3.4.3),py,Accepted,17.0,2940.0,59,
s821882353,p03567,u216849520,1586884043,C++,C++14 (GCC 5.4.1),cpp,Accepted,1.0,256.0,425,
s515674798,p03567,u358859892,1586875564,C++,C++14 (GCC 5.4.1),cpp,Accepted,1.0,256.0,319,
s267935487,p03567,u471342385,1586828019,C++,C++14 (GCC 5.4.1),cpp,Accepted,1.0,256.0,249,
s299584043,p03567,u207235471,1586822393,C++,C++14 (GCC 5.4.1),cpp,Accepted,1.0,256.0,1277,
s424481584,p03567,u222643545,1586821305,C++,C++14 (GCC 5.4.1),cpp,Accepted,1.0,256.0,203,
s093320305,p03567,u289162337,1586801502,Python,Python (3.4.3),py,Accepted,17.0,2940.0,110,
s014121189,p03567,u965730380,1586754633,C++,C++14 (GCC 5.4.1),cpp,Accepted,1.0,256.0,660,
s610644536,p03567,u460185449,1586663343,Python,PyPy3 (2.4.0),py,Accepted,182.0,38256.0,57,
s146739509,p03567,u141410514,1586662619,Python,Python (3.4.3),py,Accepted,17.0,2940.0,119,
s000876570,p03567,u743889070,1586574048,C++,C++14 (GCC 5.4.1),cpp,Accepted,1.0,256.0,1242,
s160162517,p03567,u461833298,1586544258,Python,Python (3.4.3),py,Accepted,17.0,2940.0,139,
s782019206,p03567,u198469037,1586508864,C++,C++14 (GCC 5.4.1),cpp,Accepted,1.0,256.0,313,
s116985825,p03567,u174404613,1586470405,Python,PyPy3 (2.4.0),py,Accepted,169.0,38384.0,54,
s995524303,p03567,u163874353,1586462965,Python,Python (3.4.3),py,Accepted,17.0,3064.0,147,
s324288052,p03567,u393512980,1586407607,Python,PyPy3 (2.4.0),py,Accepted,171.0,38384.0,64,
s970996245,p03567,u913226400,1586404755,C++,C++14 (Clang 3.8.0),cpp,Accepted,2.0,384.0,286,
s481252500,p03567,u654240084,1586378867,C++,C++14 (GCC 5.4.1),cpp,Accepted,1.0,256.0,346,
s046126464,p03567,u282636125,1586311178,C++,C++14 (GCC 5.4.1),cpp,Accepted,1.0,256.0,270,
s651441926,p03567,u375398641,1586308123,C++,C++14 (GCC 5.4.1),cpp,Accepted,1.0,256.0,316,
s645686036,p03567,u063131621,1586299134,C++,C++14 (GCC 5.4.1),cpp,Accepted,1.0,256.0,760,
s854089221,p03567,u528470578,1586292289,Python,Python (3.4.3),py,Accepted,19.0,2940.0,64,
s149742844,p03567,u255302563,1586228897,C++,C++14 (GCC 5.4.1),cpp,Accepted,1.0,256.0,359,
s362300614,p03567,u961443099,1586227770,C++,C++14 (GCC 5.4.1),cpp,Accepted,1.0,256.0,321,
s000084827,p03567,u071019032,1586227739,C++,C++14 (GCC 5.4.1),cpp,Accepted,1.0,256.0,553,
s094179091,p03567,u923270446,1586219344,Python,Python (3.4.3),py,Accepted,17.0,2940.0,145,
s545455220,p03567,u010090035,1586219214,Python,Python (3.4.3),py,Accepted,17.0,2940.0,70,
s724069705,p03567,u863717702,1586216743,C++,C++14 (GCC 5.4.1),cpp,Accepted,1.0,256.0,575,
s049392615,p03567,u363836311,1586211296,Python,Python (3.4.3),py,Accepted,18.0,2940.0,68,
s823942015,p03567,u979163294,1586121447,C++,C++14 (GCC 5.4.1),cpp,Accepted,1.0,256.0,306,
s727135415,p03567,u433195318,1586047700,C++,C++14 (GCC 5.4.1),cpp,Accepted,1.0,256.0,1638,
s552706264,p03567,u195132800,1586034751,C++,C++14 (GCC 5.4.1),cpp,Accepted,1.0,256.0,1553,
s161902998,p03567,u276115223,1585967078,Python,Python (3.4.3),py,Accepted,17.0,2940.0,100,
s896075072,p03567,u759721333,1585881360,C++,C++14 (GCC 5.4.1),cpp,Accepted,1.0,256.0,983,
s461170759,p03567,u742306624,1585875743,C++,C++14 (GCC 5.4.1),cpp,Accepted,1.0,256.0,2964,
s121449896,p03567,u168017191,1585847589,C++,C++14 (GCC 5.4.1),cpp,Accepted,1.0,256.0,192,
s956183708,p03567,u931911335,1585842494,C++,C++14 (GCC 5.4.1),cpp,Accepted,1.0,256.0,346,
s312054418,p03567,u136086822,1585839141,C++,C++14 (GCC 5.4.1),cpp,Accepted,1.0,256.0,272,
s281202195,p03567,u290187182,1585760334,Python,Python (3.4.3),py,Accepted,28.0,3828.0,327,
s740817203,p03567,u187013893,1585713847,C++,C++14 (GCC 5.4.1),cpp,Accepted,1.0,256.0,513,
s615401189,p03567,u423585790,1585687859,Python,PyPy3 (2.4.0),py,Accepted,171.0,38512.0,1038,
s018587719,p03567,u764118909,1585686288,C++,C++14 (GCC 5.4.1),cpp,Accepted,1.0,256.0,356,
s057458044,p03567,u559765551,1585667967,C++,C++14 (GCC 5.4.1),cpp,Accepted,1.0,256.0,283,
s584673690,p03567,u194908943,1585665707,C++,C++14 (GCC 5.4.1),cpp,Accepted,1.0,256.0,1256,
s256690554,p03567,u672475305,1585629435,Python,Python (3.4.3),py,Accepted,17.0,2940.0,47,
s575928833,p03567,u813559924,1585541870,C++,C++14 (GCC 5.4.1),cpp,Accepted,1.0,256.0,929,
s606085937,p03567,u459105164,1585525081,C++,C++14 (GCC 5.4.1),cpp,Accepted,1.0,256.0,309,
s543936812,p03567,u902151549,1585496241,Python,Python (3.4.3),py,Accepted,17.0,2940.0,101,
s823581366,p03567,u021916304,1585458845,Python,Python (3.4.3),py,Accepted,17.0,2940.0,64,
s264675500,p03567,u414458988,1585438727,Python,PyPy3 (2.4.0),py,Accepted,182.0,38384.0,62,
s646570229,p03567,u379959788,1585427212,Python,Python (3.4.3),py,Accepted,17.0,2940.0,68,
s195631777,p03567,u549579601,1585420937,Python,PyPy3 (2.4.0),py,Accepted,178.0,38384.0,65,
s970371138,p03567,u721970149,1585399438,Python,PyPy3 (2.4.0),py,Accepted,171.0,38384.0,115,
s934727948,p03567,u202634017,1585365973,Python,Python (3.4.3),py,Accepted,18.0,2940.0,108,
s521980578,p03567,u760961723,1585364312,Python,Python (3.4.3),py,Accepted,17.0,2940.0,147,
s842955632,p03567,u179970156,1585342579,C++,C++14 (GCC 5.4.1),cpp,Accepted,1.0,256.0,1281,
s230868988,p03567,u275786410,1585277582,C++,C++14 (GCC 5.4.1),cpp,Accepted,1.0,256.0,261,
s132573864,p03567,u374531474,1585274846,Python,Python (3.4.3),py,Accepted,17.0,2940.0,48,
s612363230,p03567,u670898337,1585263396,Python,Python (3.4.3),py,Accepted,17.0,2940.0,64,
s571009394,p03567,u690781906,1585228581,Python,Python (3.4.3),py,Accepted,17.0,2940.0,64,
s364711119,p03567,u970809473,1585149634,Python,Python (3.4.3),py,Accepted,17.0,2940.0,69,
s258535594,p03567,u617380180,1585147982,C++,C++14 (GCC 5.4.1),cpp,Accepted,1.0,256.0,1553,
s881045675,p03567,u812973725,1585074986,C++,C++14 (GCC 5.4.1),cpp,Accepted,1.0,256.0,1308,
s651436977,p03567,u729703601,1585008277,C++,C++14 (GCC 5.4.1),cpp,Accepted,1.0,256.0,202,
s388651717,p03567,u702786238,1584984048,Python,PyPy3 (2.4.0),py,Accepted,170.0,38256.0,62,
s837938135,p03567,u729337236,1584821772,C++,C++14 (GCC 5.4.1),cpp,Accepted,1.0,256.0,1726,
s740667964,p03567,u022979415,1584742235,Python,Python (3.4.3),py,Accepted,18.0,2940.0,99,
s613743387,p03567,u767481489,1584739166,C++,C++14 (GCC 5.4.1),cpp,Accepted,1.0,256.0,478,
s249458313,p03567,u600402037,1584676011,Python,Python (3.4.3),py,Accepted,17.0,3060.0,240,
s750380295,p03567,u217508499,1584621922,C++,C++14 (GCC 5.4.1),cpp,Accepted,1.0,256.0,197,
s946095435,p03567,u881116515,1584543209,C++,C++14 (GCC 5.4.1),cpp,Accepted,1.0,256.0,230,
s649404479,p03567,u886142147,1584504845,Python,Python (3.4.3),py,Accepted,17.0,2940.0,65,
s793577268,p03567,u993074316,1584483025,C++,C++14 (GCC 5.4.1),cpp,Accepted,1.0,256.0,1140,
s970926014,p03567,u075575942,1584478630,C++,C++14 (GCC 5.4.1),cpp,Accepted,1.0,256.0,343,
s479755370,p03567,u839397805,1584416787,C++,C++14 (GCC 5.4.1),cpp,Accepted,1.0,256.0,3739,
s777764758,p03567,u906839513,1584386227,C++,C++14 (GCC 5.4.1),cpp,Accepted,1.0,256.0,222,
s008959771,p03567,u633728454,1584332365,C++,C++14 (GCC 5.4.1),cpp,Accepted,1.0,256.0,296,
s564955554,p03567,u962609087,1584196991,C++,C++14 (GCC 5.4.1),cpp,Accepted,1.0,256.0,281,
s289037932,p03567,u893063840,1584195305,Python,Python (3.4.3),py,Accepted,17.0,2940.0,76,
s515612071,p03567,u368249389,1584160471,Python,PyPy3 (2.4.0),py,Accepted,174.0,38384.0,253,
s665837861,p03567,u618649215,1584069699,C++,C++14 (GCC 5.4.1),cpp,Accepted,1.0,256.0,250,
s534335992,p03567,u578501242,1584060681,Python,Python (3.4.3),py,Accepted,17.0,2940.0,131,
s528165206,p03567,u863044225,1584037483,C++,C++14 (GCC 5.4.1),cpp,Accepted,1.0,256.0,2195,
s671273209,p03567,u751843916,1583998218,Python,Python (3.4.3),py,Accepted,17.0,2940.0,55,
s754377673,p03567,u747703115,1583935804,Python,Python (3.4.3),py,Accepted,17.0,2940.0,41,
s239130675,p03567,u071680334,1583925472,Python,Python (3.4.3),py,Accepted,17.0,2940.0,244,
s895807658,p03567,u672611103,1583855656,C++,C++14 (GCC 5.4.1),cpp,Accepted,1.0,256.0,472,
s509453665,p03567,u465760322,1583809016,C++,C++14 (GCC 5.4.1),cpp,Accepted,1.0,256.0,647,
s791252960,p03567,u316440712,1583800496,C++,C++14 (GCC 5.4.1),cpp,Accepted,1.0,256.0,5941,
s638639891,p03567,u031178961,1583741353,C++,C++14 (GCC 5.4.1),cpp,Accepted,1.0,256.0,513,
s665287744,p03567,u896325626,1583724626,C++,C++14 (GCC 5.4.1),cpp,Accepted,1.0,256.0,309,
s711654186,p03567,u317754719,1583715378,C++,C++14 (GCC 5.4.1),cpp,Accepted,1.0,256.0,4466,
s289856604,p03567,u317754719,1583715337,C++,C++14 (GCC 5.4.1),cpp,Accepted,6.0,768.0,4433,
s433508934,p03567,u317754719,1583715297,C++,C++14 (GCC 5.4.1),cpp,Accepted,1.0,256.0,4403,
s828187213,p03567,u164316941,1583708842,C++,C++14 (Clang 3.8.0),cpp,Accepted,1.0,256.0,1626,
s041606804,p03567,u261103969,1583693612,Python,PyPy3 (2.4.0),py,Accepted,162.0,38256.0,557,
s914718523,p03567,u596311864,1583679702,C++,C++14 (GCC 5.4.1),cpp,Accepted,1.0,256.0,466,
s807287428,p03567,u901555384,1583668948,C++,C++14 (GCC 5.4.1),cpp,Accepted,1.0,256.0,648,
s363474669,p03567,u679159704,1583618914,C++,C++14 (GCC 5.4.1),cpp,Accepted,1.0,256.0,1027,
s602004647,p03567,u755830696,1583587181,C++,C++14 (GCC 5.4.1),cpp,Accepted,1.0,256.0,359,
s301070410,p03567,u545364250,1583437999,C++,C++14 (GCC 5.4.1),cpp,Accepted,1.0,256.0,1331,
s702604164,p03567,u088895504,1583430071,C++,C++14 (GCC 5.4.1),cpp,Accepted,1.0,256.0,331,
s869017677,p03567,u685800831,1583366254,C++,C++14 (GCC 5.4.1),cpp,Accepted,1.0,256.0,320,
s290273416,p03567,u995004106,1583362518,Python,PyPy3 (2.4.0),py,Accepted,160.0,38256.0,165,
s973966981,p03567,u255836250,1583339538,C++,C++14 (GCC 5.4.1),cpp,Accepted,1.0,256.0,405,
s748637773,p03567,u298768617,1583307002,C++,C++14 (GCC 5.4.1),cpp,Accepted,1.0,256.0,193,
s964340488,p03567,u561143568,1583278487,C++,C++14 (GCC 5.4.1),cpp,Accepted,1.0,256.0,462,
s571772053,p03567,u457196771,1583212307,C++,C++14 (GCC 5.4.1),cpp,Accepted,1.0,256.0,312,
s949691425,p03567,u539517139,1583210773,Python,Python (3.4.3),py,Accepted,17.0,2940.0,41,
s460937296,p03567,u433189059,1583102022,C++,C++14 (GCC 5.4.1),cpp,Accepted,1.0,256.0,284,
s920716408,p03567,u519194615,1583044564,C++,C++14 (GCC 5.4.1),cpp,Accepted,1.0,256.0,290,
s039820121,p03567,u820224016,1583033024,C++,C++14 (GCC 5.4.1),cpp,Accepted,1.0,256.0,209,
s903768146,p03567,u905582793,1583002706,Python,Python (3.4.3),py,Accepted,17.0,2940.0,107,
s507656610,p03567,u347057617,1582998618,C++,C++14 (GCC 5.4.1),cpp,Accepted,1.0,256.0,791,
s730159186,p03567,u386089355,1582974439,Python,Python (3.4.3),py,Accepted,17.0,2940.0,125,
s878513117,p03567,u483992368,1582951992,C++,C++14 (GCC 5.4.1),cpp,Accepted,1.0,256.0,402,
s749054247,p03567,u423656246,1582913623,C++,C++14 (GCC 5.4.1),cpp,Accepted,1.0,256.0,345,
s924433686,p03567,u094191970,1582693088,Python,Python (3.4.3),py,Accepted,17.0,2940.0,45,
s319415080,p03567,u113971909,1582636203,Python,Python (3.4.3),py,Accepted,17.0,2940.0,35,
s991450075,p03567,u192903163,1582527760,C++,C++14 (GCC 5.4.1),cpp,Accepted,1.0,256.0,518,
s361730895,p03567,u217627525,1582523355,Python,Python (3.4.3),py,Accepted,19.0,2940.0,122,
s987636481,p03567,u139458416,1582523077,C++,C++14 (GCC 5.4.1),cpp,Accepted,1.0,256.0,827,
s001387007,p03567,u189487046,1582521273,Python,Python (3.4.3),py,Accepted,18.0,2940.0,74,
s438375980,p03567,u723721005,1582500575,Python,Python (3.4.3),py,Accepted,19.0,2940.0,52,
s652005248,p03567,u521364030,1582486359,C++,C++14 (GCC 5.4.1),cpp,Accepted,1.0,256.0,323,
s331286601,p03567,u732412551,1582478470,Python,Python (3.4.3),py,Accepted,17.0,2940.0,45,
s780120315,p03567,u723721005,1582473847,C++,C++ (GCC 5.4.1),cpp,Accepted,1.0,256.0,177,
s774955382,p03567,u263933075,1582422602,C++,C++ (GCC 5.4.1),cpp,Accepted,1.0,128.0,229,
s823928421,p03567,u476418095,1582421450,C++,C++ (GCC 5.4.1),cpp,Accepted,1.0,256.0,221,
s550972010,p03567,u247366051,1582339764,C++,C++ (GCC 5.4.1),cpp,Accepted,1.0,256.0,278,
s498756521,p03567,u112775098,1582328280,C++,C++14 (GCC 5.4.1),cpp,Accepted,2.0,256.0,476,
s047806225,p03567,u002459665,1582263118,Python,Python (3.4.3),py,Accepted,17.0,2940.0,146,
s493784981,p03567,u002459665,1582262429,Python,Python (3.4.3),py,Accepted,17.0,2940.0,55,
s398338348,p03567,u002459665,1582262256,Python,Python (3.4.3),py,Accepted,17.0,2940.0,64,
s325772576,p03567,u960687982,1582237360,C++,C++14 (GCC 5.4.1),cpp,Accepted,3.0,256.0,215,
s903004783,p03567,u247366051,1582160691,C++,C++ (GCC 5.4.1),cpp,Accepted,1.0,256.0,177,
s142419807,p03567,u723721005,1582148563,C++,C++ (GCC 5.4.1),cpp,Accepted,1.0,256.0,223,
s270652426,p03567,u037276799,1582043699,C++,C++14 (GCC 5.4.1),cpp,Accepted,1.0,256.0,381,
s017986667,p03567,u476418095,1581995462,C++,C++ (GCC 5.4.1),cpp,Accepted,1.0,256.0,254,
s491354864,p03567,u909520889,1581903430,C++,C++ (GCC 5.4.1),cpp,Accepted,5.0,764.0,558,
s381552219,p03567,u955282280,1581894027,C++,C++14 (GCC 5.4.1),cpp,Accepted,1.0,256.0,246,
s586510686,p03567,u832152513,1581888951,Python,PyPy3 (2.4.0),py,Accepted,163.0,38256.0,65,
s565334946,p03567,u124843595,1581840531,Python,Python (3.4.3),py,Accepted,21.0,3188.0,103,
s608706401,p03567,u476418095,1581817547,C++,C++ (GCC 5.4.1),cpp,Accepted,0.0,128.0,166,
s246078150,p03567,u247366051,1581787521,C++,C++ (GCC 5.4.1),cpp,Accepted,1.0,256.0,558,
s376625276,p03567,u263933075,1581786703,C++,C++ (GCC 5.4.1),cpp,Accepted,1.0,256.0,277,
s161355194,p03567,u426964396,1581782580,C++,C++ (GCC 5.4.1),cpp,Accepted,1.0,256.0,219,
s178191630,p03567,u393754572,1581742438,C++,C++14 (GCC 5.4.1),cpp,Accepted,1.0,256.0,796,
s751674752,p03567,u704625420,1581722839,C++,C++14 (GCC 5.4.1),cpp,Accepted,1.0,256.0,1992,
s548431398,p03567,u315078622,1581722828,Python,Python (3.4.3),py,Accepted,17.0,2940.0,150,
s713792335,p03567,u806201407,1581722819,C++,C++14 (GCC 5.4.1),cpp,Accepted,1.0,256.0,251,
s170373735,p03567,u700986952,1581722817,C++,C++14 (GCC 5.4.1),cpp,Accepted,1.0,256.0,783,
s758329464,p03567,u692336506,1581722797,C++,C++14 (GCC 5.4.1),cpp,Accepted,1.0,256.0,1340,
s590864561,p03567,u312810722,1581721925,C++,C++ (GCC 5.4.1),cpp,Accepted,1.0,256.0,222,
s082793118,p03567,u151107315,1581666709,Python,Python (3.4.3),py,Accepted,17.0,2940.0,42,
s556684443,p03567,u263933075,1581657610,C++,C++ (GCC 5.4.1),cpp,Accepted,1.0,256.0,198,
s440461133,p03567,u476418095,1581647259,C++,C++ (GCC 5.4.1),cpp,Accepted,1.0,256.0,176,
s263906654,p03567,u426964396,1581624055,C++,C++ (GCC 5.4.1),cpp,Accepted,1.0,256.0,279,
s657268910,p03567,u476418095,1581606381,C++,C++ (GCC 5.4.1),cpp,Accepted,1.0,256.0,290,
s298047109,p03567,u476418095,1581606352,C++,C++ (GCC 5.4.1),cpp,Accepted,1.0,256.0,290,
s180536466,p03567,u835924161,1581593615,Python,Python (3.4.3),py,Accepted,17.0,2940.0,58,
s531054694,p03567,u094746828,1581567307,C++,C++14 (GCC 5.4.1),cpp,Accepted,1.0,256.0,275,
s541028092,p03567,u247366051,1581549939,C++,C++ (GCC 5.4.1),cpp,Accepted,1.0,256.0,274,
s893173675,p03567,u263933075,1581549494,C++,C++ (GCC 5.4.1),cpp,Accepted,1.0,256.0,274,
s086955606,p03567,u426964396,1581545798,C++,C++ (GCC 5.4.1),cpp,Accepted,1.0,256.0,226,
s875088486,p03567,u115867677,1581541102,C++,C++ (GCC 5.4.1),cpp,Accepted,1.0,256.0,205,
s514910145,p03567,u247366051,1581519024,C++,C++ (GCC 5.4.1),cpp,Accepted,1.0,256.0,214,
s681535580,p03567,u168774513,1581483872,C++,C++14 (GCC 5.4.1),cpp,Accepted,1.0,256.0,548,
s857077532,p03567,u710789518,1581472414,C++,C++14 (Clang 3.8.0),cpp,Accepted,5.0,504.0,363,
s968270169,p03567,u492030100,1581396609,C++,C++14 (GCC 5.4.1),cpp,Accepted,1.0,256.0,747,
s899405904,p03567,u462329577,1581277224,Python,PyPy3 (2.4.0),py,Accepted,178.0,38256.0,133,
s802997270,p03567,u716530146,1581269391,Python,Python (3.4.3),py,Accepted,22.0,3444.0,278,
s592884416,p03567,u749770850,1581205444,Python,Python (3.4.3),py,Accepted,17.0,2940.0,50,
s991799827,p03567,u761362252,1581168389,C++,C++14 (GCC 5.4.1),cpp,Accepted,0.0,128.0,201,
s511911806,p03567,u724742135,1581125146,Python,Python (3.4.3),py,Accepted,17.0,2940.0,104,
s852414815,p03567,u340010271,1581109288,C++,C++14 (GCC 5.4.1),cpp,Accepted,1.0,256.0,1751,
s145921483,p03567,u440632112,1581046697,C++,C++14 (GCC 5.4.1),cpp,Accepted,1.0,256.0,300,
s269682485,p03567,u154645927,1580975171,C++,C++14 (GCC 5.4.1),cpp,Accepted,1.0,256.0,2480,
s467564496,p03567,u353855427,1580926254,Python,Python (3.4.3),py,Accepted,17.0,2940.0,100,
s877656925,p03567,u816645498,1580833129,C++,C++14 (GCC 5.4.1),cpp,Accepted,1.0,256.0,370,
s977016709,p03567,u268792407,1580818869,Python,Python (3.4.3),py,Accepted,17.0,2940.0,58,
s952267853,p03567,u785492958,1580730881,C++,C++14 (GCC 5.4.1),cpp,Accepted,1.0,256.0,275,
s861678176,p03567,u239087789,1580684444,C++,C++14 (GCC 5.4.1),cpp,Accepted,1.0,256.0,266,
s799334944,p03567,u026620445,1580630466,C++,C++14 (GCC 5.4.1),cpp,Accepted,1.0,256.0,2077,
s341294225,p03567,u366398972,1580623802,C++,C++14 (GCC 5.4.1),cpp,Accepted,1.0,256.0,485,
s266747578,p03567,u994307795,1580617736,Python,Python (3.4.3),py,Accepted,17.0,2940.0,108,
s449200823,p03567,u613658617,1580590327,C++,C++14 (GCC 5.4.1),cpp,Accepted,1.0,256.0,11230,
s126743959,p03567,u878116546,1580587868,C++,C++14 (GCC 5.4.1),cpp,Accepted,1.0,256.0,245,
s961050490,p03567,u842596864,1580507979,C++,C++14 (GCC 5.4.1),cpp,Accepted,1.0,256.0,311,
s036735393,p03567,u246639932,1580436785,C++,C++14 (GCC 5.4.1),cpp,Accepted,1.0,256.0,818,
s181203421,p03567,u996290370,1580359683,C++,C++14 (GCC 5.4.1),cpp,Accepted,1.0,256.0,311,
s504648527,p03567,u539011156,1580328714,C++,C++14 (GCC 5.4.1),cpp,Accepted,1.0,256.0,1324,
s533177025,p03567,u374051158,1580318881,C++,C++14 (GCC 5.4.1),cpp,Accepted,1.0,256.0,451,
s989364710,p03567,u374051158,1580318758,Python,Python (3.4.3),py,Accepted,17.0,2940.0,55,
s421808209,p03567,u788137651,1580192537,Python,Python (3.4.3),py,Accepted,17.0,2940.0,54,
s987389101,p03567,u366644013,1580186716,C++,C++14 (GCC 5.4.1),cpp,Accepted,1.0,256.0,643,
s461033215,p03567,u473023730,1580161694,C++,C++14 (GCC 5.4.1),cpp,Accepted,1.0,256.0,407,
s762078508,p03567,u683134447,1580069558,Python,Python (3.4.3),py,Accepted,17.0,2940.0,156,
s873654590,p03567,u547448704,1580050571,C++,C++ (GCC 5.4.1),cpp,Accepted,1.0,256.0,820,
s301150481,p03567,u516353059,1580012188,C++,C++14 (GCC 5.4.1),cpp,Accepted,1.0,256.0,1701,
s357973259,p03567,u094191970,1579910787,Python,Python (3.4.3),py,Accepted,18.0,2940.0,45,
s534346396,p03567,u572537642,1579815742,C++,C++14 (GCC 5.4.1),cpp,Accepted,1.0,256.0,400,
s099287816,p03567,u118797367,1579806135,C++,C++14 (GCC 5.4.1),cpp,Accepted,1.0,256.0,324,
s245007247,p03567,u807028974,1579755105,Python,PyPy3 (2.4.0),py,Accepted,259.0,59340.0,2474,
s549826440,p03567,u374802266,1579753766,Python,Python (3.4.3),py,Accepted,17.0,2940.0,118,
s646399630,p03567,u073549161,1579745728,Python,PyPy3 (2.4.0),py,Accepted,169.0,38324.0,73,
s368179435,p03567,u323864528,1579743740,C++,C++14 (GCC 5.4.1),cpp,Accepted,1.0,256.0,227,
s995608231,p03567,u075155299,1579628373,Python,Python (3.4.3),py,Accepted,18.0,2940.0,59,
s819134246,p03567,u133886644,1579456877,C++,C++14 (GCC 5.4.1),cpp,Accepted,1.0,256.0,1170,
s618623000,p03567,u028572059,1579366550,C++,C++14 (GCC 5.4.1),cpp,Accepted,1.0,256.0,429,
s465140997,p03567,u475503988,1579138079,C++,C++14 (GCC 5.4.1),cpp,Accepted,1.0,256.0,644,
s863062164,p03567,u172111219,1579126010,Python,PyPy3 (2.4.0),py,Accepted,180.0,38256.0,182,
s970101544,p03567,u803893892,1579068002,C++,C++14 (GCC 5.4.1),cpp,Accepted,1.0,256.0,2426,
s833179334,p03567,u324549724,1579058228,Python,Python (3.4.3),py,Accepted,17.0,2940.0,61,
s439160502,p03567,u995062424,1578893146,Python,Python (3.4.3),py,Accepted,17.0,2940.0,63,
s408206405,p03567,u623819879,1578877282,Python,PyPy3 (2.4.0),py,Accepted,165.0,38384.0,34,
s950435950,p03567,u990037841,1578867504,C++,C++14 (GCC 5.4.1),cpp,Accepted,1.0,256.0,334,
s892033594,p03567,u646792990,1578788206,C++,C++14 (GCC 5.4.1),cpp,Accepted,1.0,256.0,274,
s307155667,p03567,u045368371,1578722889,C++,C++14 (GCC 5.4.1),cpp,Accepted,1.0,256.0,219,
s905822351,p03567,u263226212,1578444843,Python,Python (3.4.3),py,Accepted,17.0,2940.0,182,
s439176730,p03567,u813174766,1578365752,Python,Python (3.4.3),py,Accepted,115.0,3316.0,133,
s384266600,p03567,u468647389,1578169824,C++,C++14 (GCC 5.4.1),cpp,Accepted,1.0,256.0,961,
s104351680,p03567,u021358975,1578157677,C++,C++14 (GCC 5.4.1),cpp,Accepted,1.0,256.0,267,
s404200466,p03567,u545666277,1578121935,Python,PyPy3 (2.4.0),py,Accepted,172.0,38384.0,280,
s404157689,p03567,u954176652,1578075073,C++,C++14 (GCC 5.4.1),cpp,Accepted,1.0,256.0,3979,
s237373195,p03567,u816587940,1578043138,C++,C++14 (Clang 3.8.0),cpp,Accepted,1.0,256.0,753,
s820183028,p03567,u258994590,1578034677,C++,C++14 (GCC 5.4.1),cpp,Accepted,1.0,256.0,337,
s028384105,p03567,u440213743,1578019071,C++,C++14 (GCC 5.4.1),cpp,Accepted,1.0,256.0,229,
s058038932,p03567,u673361376,1577969453,Python,PyPy3 (2.4.0),py,Accepted,176.0,38256.0,71,
s443434557,p03567,u063073794,1577932511,Python,Python (3.4.3),py,Accepted,17.0,2940.0,58,
s235431772,p03567,u629133942,1577855616,C++,C++14 (GCC 5.4.1),cpp,Accepted,1.0,256.0,352,
s672696334,p03567,u311379832,1577847953,Python,Python (3.4.3),py,Accepted,17.0,2940.0,78,
s441142383,p03567,u334712262,1577841157,Python,Python (3.4.3),py,Accepted,17.0,2940.0,42,
s142121334,p03567,u577914737,1577811328,Python,Python (3.4.3),py,Accepted,19.0,3060.0,61,
s531693844,p03567,u518987899,1577770273,Python,PyPy3 (2.4.0),py,Accepted,171.0,38288.0,109,
s876001690,p03567,u013408661,1577632627,C++,C++14 (GCC 5.4.1),cpp,Accepted,1.0,256.0,286,
s216833612,p03567,u573909039,1577592786,C++,C++14 (GCC 5.4.1),cpp,Accepted,1.0,256.0,487,
s575419080,p03567,u503228842,1577549258,C++,C++14 (GCC 5.4.1),cpp,Accepted,1.0,256.0,396,
s733688025,p03567,u247679666,1577502376,C++,C++14 (GCC 5.4.1),cpp,Accepted,1.0,256.0,1713,
s461894424,p03567,u977642052,1577367898,Python,Python (3.4.3),py,Accepted,20.0,3188.0,170,
s965964909,p03567,u426143712,1577347750,C++,C++14 (GCC 5.4.1),cpp,Accepted,1.0,256.0,395,
s958504644,p03567,u256464928,1577335828,Python,Python (3.4.3),py,Accepted,17.0,2940.0,68,
s699298464,p03567,u863279562,1577335723,C++,C++14 (GCC 5.4.1),cpp,Accepted,1.0,256.0,265,
s582925271,p03567,u281840563,1577314798,C++,C++14 (GCC 5.4.1),cpp,Accepted,1.0,256.0,933,
s451857723,p03567,u834415466,1577286683,C++,C++14 (GCC 5.4.1),cpp,Accepted,1.0,256.0,1026,
s772203067,p03567,u357752130,1577141859,C++,C++14 (GCC 5.4.1),cpp,Accepted,1.0,256.0,210,
s437554028,p03567,u480892088,1576992885,C++,C++14 (GCC 5.4.1),cpp,Accepted,1.0,256.0,668,
s255804494,p03567,u832995587,1576968040,C++,C++14 (GCC 5.4.1),cpp,Accepted,1.0,256.0,1120,
s393914023,p03567,u994988729,1576967505,Python,Python (3.4.3),py,Accepted,18.0,2940.0,95,
s477720475,p03567,u416223629,1576938465,Python,Python (3.4.3),py,Accepted,19.0,3060.0,64,
s601832081,p03567,u987164499,1576901080,Python,Python (3.4.3),py,Accepted,17.0,2940.0,155,
s986287806,p03567,u398355880,1576869365,Python,Python (3.4.3),py,Accepted,19.0,2940.0,58,
s760632473,p03567,u994307795,1576791524,C++,C++14 (GCC 5.4.1),cpp,Accepted,1.0,256.0,507,
s979112607,p03567,u503111914,1576643658,Python,Python (3.4.3),py,Accepted,18.0,2940.0,119,
s602387904,p03567,u561186440,1576607768,C++,C++14 (GCC 5.4.1),cpp,Accepted,1.0,256.0,404,
s935988606,p03567,u094746828,1576594327,C++,C++14 (GCC 5.4.1),cpp,Accepted,1.0,256.0,249,
s901483911,p03567,u511965386,1576559979,Python,PyPy3 (2.4.0),py,Accepted,165.0,38384.0,62,
s634031527,p03567,u451206510,1576554048,C++,C++14 (GCC 5.4.1),cpp,Accepted,1.0,256.0,313,
s091429094,p03567,u673981655,1576550944,C++,C++14 (GCC 5.4.1),cpp,Accepted,1.0,256.0,660,
s309968596,p03567,u845937249,1576549439,Python,PyPy3 (2.4.0),py,Accepted,162.0,38384.0,110,
s250649904,p03567,u548834738,1576545834,C++,C++14 (GCC 5.4.1),cpp,Accepted,1.0,256.0,308,
s518706059,p03567,u644907318,1576413315,Python,Python (3.4.3),py,Accepted,17.0,2940.0,161,
s758179593,p03567,u134181243,1576375074,C++,C++14 (GCC 5.4.1),cpp,Accepted,1.0,256.0,318,
s877995023,p03567,u572559885,1576366925,C++,C++14 (GCC 5.4.1),cpp,Accepted,1.0,256.0,271,
s268563460,p03567,u043443359,1576347908,C++,C++14 (GCC 5.4.1),cpp,Accepted,1.0,256.0,5444,
s886493598,p03567,u137087473,1576295452,C++,C++14 (GCC 5.4.1),cpp,Accepted,1.0,256.0,270,
s454274052,p03567,u598229387,1576273261,Python,Python (3.4.3),py,Accepted,17.0,2940.0,112,
s947887619,p03567,u681557252,1576191270,C++,C++14 (GCC 5.4.1),cpp,Accepted,1.0,256.0,303,
s303087020,p03567,u319945100,1576170438,C++,C++14 (GCC 5.4.1),cpp,Accepted,1.0,256.0,1420,
s748381493,p03567,u334351654,1576134955,C++,C++14 (GCC 5.4.1),cpp,Accepted,1.0,256.0,846,
s175498229,p03567,u385244248,1575958923,Python,Python (3.4.3),py,Accepted,17.0,2940.0,156,
s809133035,p03567,u452512115,1575917958,C++,C++14 (GCC 5.4.1),cpp,Accepted,1.0,256.0,447,
s008701319,p03567,u828766688,1575870658,Python,PyPy3 (2.4.0),py,Accepted,166.0,38384.0,136,
s637176907,p03567,u558115145,1575775595,C++,C++14 (GCC 5.4.1),cpp,Accepted,1.0,256.0,297,
s194767468,p03567,u918009437,1575688714,Python,Python (3.4.3),py,Accepted,17.0,2940.0,134,
s071774769,p03567,u919633157,1575650345,Python,Python (3.4.3),py,Accepted,18.0,3064.0,54,
s108363884,p03567,u815878613,1575586573,Python,Python (3.4.3),py,Accepted,17.0,2940.0,124,
s952030447,p03567,u069450081,1575525766,C++,C++14 (GCC 5.4.1),cpp,Accepted,1.0,256.0,1267,
s150139578,p03567,u774160580,1575500223,Python,Python (3.4.3),py,Accepted,17.0,2940.0,116,
s881486881,p03567,u472645805,1575350560,C++,C++14 (GCC 5.4.1),cpp,Accepted,1.0,256.0,220,
s387264879,p03567,u952130512,1575338286,C++,C++14 (GCC 5.4.1),cpp,Accepted,1.0,256.0,238,
s445335218,p03567,u696290869,1575123537,C++,C++14 (Clang 3.8.0),cpp,Accepted,1.0,256.0,520,
s921047247,p03567,u157433024,1574983875,C++,C++14 (GCC 5.4.1),cpp,Accepted,1.0,256.0,381,
s589149159,p03567,u508571192,1574974346,C++,C++14 (GCC 5.4.1),cpp,Accepted,1.0,256.0,1713,
s352447219,p03567,u042802884,1574948798,Python,PyPy3 (2.4.0),py,Accepted,170.0,38384.0,41,
s293581166,p03567,u680707192,1574923487,C++,C++14 (GCC 5.4.1),cpp,Accepted,1.0,256.0,374,
s128063709,p03567,u369039955,1574911071,Python,Python (3.4.3),py,Accepted,17.0,2940.0,41,
s915497972,p03567,u356754940,1574902835,C++,C++14 (GCC 5.4.1),cpp,Accepted,1.0,256.0,288,
s362278819,p03567,u356754940,1574902783,C++,C++14 (GCC 5.4.1),cpp,Accepted,1.0,256.0,288,
s214163701,p03567,u094191970,1574896223,Python,Python (3.4.3),py,Accepted,17.0,2940.0,45,
s426896108,p03567,u207048881,1574894948,C++,C++14 (GCC 5.4.1),cpp,Accepted,1.0,256.0,511,
s536575050,p03567,u165771525,1574816264,C++,C++14 (GCC 5.4.1),cpp,Accepted,1.0,256.0,443,
s132888187,p03567,u121057299,1574799968,C++,C++14 (GCC 5.4.1),cpp,Accepted,1.0,256.0,331,
s507604233,p03567,u102960641,1574783595,Python,Python (3.4.3),py,Accepted,17.0,2940.0,110,
s038891168,p03567,u677523557,1574730057,Python,Python (3.4.3),py,Accepted,17.0,2940.0,60,
s814087407,p03567,u945181840,1574658399,Python,Python (3.4.3),py,Accepted,17.0,2940.0,58,
s344122035,p03567,u729535891,1574531521,Python,Python (3.4.3),py,Accepted,17.0,2940.0,48,
s921456046,p03567,u241367243,1574483908,C++,C++14 (GCC 5.4.1),cpp,Accepted,1.0,256.0,2006,
s891470174,p03567,u753803401,1574481799,Python,PyPy3 (2.4.0),py,Accepted,165.0,38256.0,298,
s461807776,p03567,u762420987,1574443556,Python,Python (3.4.3),py,Accepted,17.0,2940.0,124,
s979962152,p03567,u950046716,1574258720,C++,C++14 (GCC 5.4.1),cpp,Accepted,1.0,256.0,347,
s446906266,p03567,u183896397,1574225511,Python,Python (3.4.3),py,Accepted,17.0,2940.0,154,
s278404206,p03567,u782098901,1574193540,Python,Python (3.4.3),py,Accepted,18.0,2940.0,42,
s874986740,p03567,u896775745,1573947690,Python,Python (3.4.3),py,Accepted,17.0,2940.0,65,
s966076963,p03567,u802963389,1573876826,Python,Python (3.4.3),py,Accepted,17.0,2940.0,63,
s648191979,p03567,u642120132,1573793987,C++,C++14 (GCC 5.4.1),cpp,Accepted,1.0,256.0,247,
s510971458,p03567,u670047797,1573793903,C++,C++14 (GCC 5.4.1),cpp,Accepted,1.0,256.0,1577,
s027155673,p03567,u592610268,1573788201,C++,C++14 (GCC 5.4.1),cpp,Accepted,1.0,256.0,2570,
s804165405,p03567,u167908302,1573786431,Python,Python (3.4.3),py,Accepted,17.0,2940.0,144,
s203319247,p03567,u167908302,1573697088,Python,Python (3.4.3),py,Accepted,17.0,2940.0,76,
s971986018,p03567,u960267905,1573672119,C++,C++14 (GCC 5.4.1),cpp,Accepted,1.0,256.0,1014,
s568809605,p03567,u186838327,1573637594,Python,PyPy3 (2.4.0),py,Accepted,161.0,38384.0,119,
s700871142,p03567,u186838327,1573637567,Python,Python (3.4.3),py,Accepted,17.0,2940.0,119,
s052045518,p03567,u754022296,1573503272,Python,Python (3.4.3),py,Accepted,17.0,2940.0,41,
s671548547,p03567,u940061594,1573487327,Python,Python (3.4.3),py,Accepted,17.0,2940.0,198,
s025594910,p03567,u022832318,1573484512,Python,Python (3.4.3),py,Accepted,17.0,2940.0,58,
s430928544,p03567,u936985471,1573481884,Python,Python (3.4.3),py,Accepted,17.0,2940.0,36,
s671816181,p03567,u525974535,1573448536,C++,C++14 (GCC 5.4.1),cpp,Accepted,1.0,256.0,230,
s020031026,p03567,u061912210,1573448525,Python,Python (3.4.3),py,Accepted,17.0,2940.0,170,
s119896581,p03567,u110653681,1573441040,C++,C++14 (GCC 5.4.1),cpp,Accepted,1.0,256.0,260,
s621981195,p03567,u586598623,1573414537,C++,C++14 (GCC 5.4.1),cpp,Accepted,1.0,256.0,315,
s646623842,p03567,u346395915,1573189370,Python,Python (3.4.3),py,Accepted,17.0,2940.0,122,
s196741609,p03567,u377989038,1573183401,Python,Python (3.4.3),py,Accepted,17.0,2940.0,47,
s184580015,p03567,u276115223,1573153760,Python,Python (3.4.3),py,Accepted,19.0,3060.0,100,
s898002045,p03567,u591914971,1573153043,C++,C++14 (GCC 5.4.1),cpp,Accepted,1.0,256.0,717,
s873407112,p03567,u091552241,1573139462,C++,C++14 (GCC 5.4.1),cpp,Accepted,1.0,256.0,252,
s153763736,p03567,u815026012,1573084266,C++,C++14 (GCC 5.4.1),cpp,Accepted,1.0,256.0,272,
s782510610,p03567,u392319141,1573043980,Python,Python (3.4.3),py,Accepted,18.0,2940.0,73,
s139373370,p03567,u182321487,1573014526,C++,C++14 (GCC 5.4.1),cpp,Accepted,1.0,256.0,438,
s786945023,p03567,u600244905,1572839218,C++,C++14 (GCC 5.4.1),cpp,Accepted,1.0,256.0,750,
s982841233,p03567,u727787724,1572759414,Python,Python (3.4.3),py,Accepted,17.0,2940.0,113,
s493324962,p03567,u045643130,1572744820,C++,C++14 (GCC 5.4.1),cpp,Accepted,1.0,256.0,397,
s924544847,p03567,u420514616,1572696446,C++,C++14 (GCC 5.4.1),cpp,Accepted,1.0,256.0,750,
s375794866,p03567,u309985845,1572666511,C++,C++14 (GCC 5.4.1),cpp,Accepted,1.0,256.0,227,
s066812738,p03567,u091051505,1572658790,Python,Python (3.4.3),py,Accepted,17.0,2940.0,64,
s215284861,p03567,u820341516,1572655867,C++,C++14 (GCC 5.4.1),cpp,Accepted,1.0,256.0,749,
s071714869,p03567,u521652313,1572635808,C++,C++14 (GCC 5.4.1),cpp,Accepted,1.0,256.0,282,
s011277626,p03567,u845000384,1572580742,C++,C++14 (GCC 5.4.1),cpp,Accepted,1.0,256.0,1352,
s256612019,p03567,u314050667,1572553442,Python,Python (3.4.3),py,Accepted,17.0,2940.0,96,
s725599026,p03567,u259356079,1572540748,C++,C++14 (GCC 5.4.1),cpp,Accepted,1.0,256.0,165,
s533495429,p03567,u597455618,1572492263,Python,Python (3.4.3),py,Accepted,17.0,2940.0,60,
s264223450,p03567,u386819480,1572407199,Python,Python (3.4.3),py,Accepted,17.0,3060.0,460,
s910466436,p03567,u476124554,1572352728,Python,Python (3.4.3),py,Accepted,17.0,2940.0,197,
s079265288,p03567,u476124554,1572351757,Python,Python (3.4.3),py,Accepted,17.0,2940.0,197,
s713699595,p03567,u730476362,1572351417,C++,C++14 (GCC 5.4.1),cpp,Accepted,1.0,256.0,1091,
s067116267,p03567,u415325136,1572310351,C++,C++14 (GCC 5.4.1),cpp,Accepted,1.0,256.0,278,
s501194291,p03567,u455757400,1572262832,C++,C++14 (GCC 5.4.1),cpp,Accepted,1.0,256.0,344,
s618934064,p03567,u366959492,1572246191,Python,PyPy3 (2.4.0),py,Accepted,164.0,38384.0,119,
s559722376,p03567,u511379665,1572153182,Python,Python (3.4.3),py,Accepted,17.0,2940.0,120,
s205150650,p03567,u764228018,1572147432,C++,C++14 (GCC 5.4.1),cpp,Accepted,1.0,256.0,255,
s872235619,p03567,u201082459,1572102063,Python,Python (3.4.3),py,Accepted,17.0,2940.0,69,
s262213308,p03567,u154756110,1572069945,Python,Python (3.4.3),py,Accepted,17.0,3060.0,134,
s042691091,p03567,u940569542,1572052706,C++,C++14 (GCC 5.4.1),cpp,Accepted,1.0,256.0,640,
s614377860,p03567,u517447467,1571968439,Python,Python (3.4.3),py,Accepted,17.0,2940.0,54,
s461415492,p03567,u777283665,1571956575,C++,C++14 (GCC 5.4.1),cpp,Accepted,1.0,256.0,343,
s013540140,p03567,u328364772,1571937094,Python,Python (3.4.3),py,Accepted,17.0,2940.0,41,
s002703295,p03567,u512624048,1571928685,C++,C++14 (GCC 5.4.1),cpp,Accepted,1.0,256.0,190,
s257859999,p03567,u363369454,1571922966,C++,C++14 (GCC 5.4.1),cpp,Accepted,1.0,256.0,238,
s682333634,p03567,u633284019,1571896283,C++,C++14 (GCC 5.4.1),cpp,Accepted,1.0,256.0,3313,
s455717255,p03567,u423624748,1571851759,C++,C++14 (GCC 5.4.1),cpp,Accepted,1.0,256.0,196,
s601193251,p03567,u228295160,1571761236,C++,C++14 (GCC 5.4.1),cpp,Accepted,1.0,256.0,2078,
s483830522,p03567,u937275419,1571713592,C++,C++14 (GCC 5.4.1),cpp,Accepted,1.0,256.0,254,
s276382298,p03567,u378718242,1571686999,C++,C++14 (GCC 5.4.1),cpp,Accepted,1.0,256.0,314,
s318380930,p03567,u222293734,1571630639,C++,C++ (GCC 5.4.1),cpp,Accepted,1.0,256.0,1117,
s919600280,p03567,u676029460,1571627105,C++,C++14 (GCC 5.4.1),cpp,Accepted,1.0,256.0,157,
s096809320,p03567,u357630630,1571536351,Python,Python (3.4.3),py,Accepted,17.0,2940.0,38,
s095847371,p03567,u357630630,1571536177,Python,Python (3.4.3),py,Accepted,17.0,2940.0,49,
s529682151,p03567,u898167769,1571526230,C++,C++14 (GCC 5.4.1),cpp,Accepted,1.0,256.0,2275,
s460734187,p03567,u132033278,1571433609,C++,C++14 (GCC 5.4.1),cpp,Accepted,1.0,256.0,1022,
s774288920,p03567,u653388379,1571369269,C++,C++14 (GCC 5.4.1),cpp,Accepted,1.0,256.0,287,
s586170788,p03567,u670180528,1571262019,Python,Python (3.4.3),py,Accepted,18.0,2940.0,34,
s048206578,p03567,u373958718,1571111058,C++,C++14 (GCC 5.4.1),cpp,Accepted,1.0,256.0,157,
s258285644,p03567,u923712635,1571110932,Python,Python (3.4.3),py,Accepted,17.0,2940.0,44,
s088983011,p03567,u223904637,1571096405,Python,Python (3.4.3),py,Accepted,18.0,2940.0,118,
s933166614,p03567,u167988719,1571026181,C++,C++14 (GCC 5.4.1),cpp,Accepted,1.0,256.0,177,
s828412930,p03567,u828388155,1570929865,C++,C++14 (GCC 5.4.1),cpp,Accepted,1.0,256.0,523,
s805097607,p03567,u215315599,1570896003,Python,Python (3.4.3),py,Accepted,17.0,2940.0,65,
s207330280,p03567,u375405838,1570779457,C++,C++14 (GCC 5.4.1),cpp,Accepted,1.0,256.0,2009,
s196986496,p03567,u375405838,1570779319,C++,C++14 (GCC 5.4.1),cpp,Accepted,1.0,256.0,2295,
s681840733,p03567,u126823513,1570764340,Python,Python (3.4.3),py,Accepted,17.0,2940.0,66,
s311068245,p03567,u291766461,1570720572,Python,Python (3.4.3),py,Accepted,17.0,2940.0,110,
s430976649,p03567,u318727472,1570622220,C++,C++14 (GCC 5.4.1),cpp,Accepted,1.0,256.0,254,
s223391093,p03567,u698883164,1570588347,C++,C++14 (GCC 5.4.1),cpp,Accepted,1.0,256.0,1029,
s893409040,p03567,u753803401,1570587504,Python,PyPy3 (2.4.0),py,Accepted,165.0,38384.0,199,
s004363561,p03567,u801513186,1570581157,C++,C++14 (GCC 5.4.1),cpp,Accepted,1.0,256.0,833,
s159647066,p03567,u561765782,1570577255,C++,C++14 (GCC 5.4.1),cpp,Accepted,1.0,256.0,542,
s771247265,p03567,u931819817,1570498421,C++,C++14 (GCC 5.4.1),cpp,Accepted,1.0,128.0,213,
s540855158,p03567,u209713918,1570446257,C++,C++14 (GCC 5.4.1),cpp,Accepted,1.0,128.0,780,
s261462335,p03567,u370608397,1570348210,C++,C++14 (GCC 5.4.1),cpp,Accepted,1.0,256.0,311,
s517239380,p03567,u794173881,1570341748,Python,PyPy3 (2.4.0),py,Accepted,164.0,38256.0,112,
s557363864,p03567,u941438707,1570301352,Python,Python (3.4.3),py,Accepted,17.0,2940.0,41,
s633896081,p03567,u657512990,1570254047,Python,Python (3.4.3),py,Accepted,17.0,3060.0,141,
s766927076,p03567,u324139341,1570244839,C++,C++14 (GCC 5.4.1),cpp,Accepted,1.0,256.0,657,
s910136622,p03567,u251847465,1570244552,C++,C++14 (GCC 5.4.1),cpp,Accepted,1.0,256.0,2244,
s164258347,p03567,u386769326,1570244517,C++,C++14 (GCC 5.4.1),cpp,Accepted,2.0,256.0,570,
s131559902,p03567,u558092537,1570171485,C++,C++14 (Clang 3.8.0),cpp,Accepted,2.0,384.0,1243,
s628776805,p03567,u312025627,1570161522,Python,PyPy3 (2.4.0),py,Accepted,166.0,38256.0,107,
s322491324,p03567,u059066226,1570113915,C++,C++14 (GCC 5.4.1),cpp,Accepted,1.0,256.0,1204,
s762879335,p03567,u059066226,1570112957,C++,C++14 (GCC 5.4.1),cpp,Accepted,1.0,256.0,432,
s010316275,p03567,u756659922,1570061195,C++,C++14 (GCC 5.4.1),cpp,Accepted,1.0,256.0,225,
s704716856,p03567,u395634329,1570060726,C++,C++14 (GCC 5.4.1),cpp,Accepted,1.0,256.0,326,
s872638470,p03567,u924293285,1570058183,C++,C++14 (GCC 5.4.1),cpp,Accepted,1.0,256.0,267,
s471376491,p03567,u249957118,1570057190,C++,C++14 (GCC 5.4.1),cpp,Accepted,1.0,256.0,213,
s977138359,p03567,u322162884,1570056457,C++,C++14 (GCC 5.4.1),cpp,Accepted,1.0,256.0,405,
s092806336,p03567,u272628953,1570055573,C++,C++14 (GCC 5.4.1),cpp,Accepted,1.0,128.0,263,
s183004788,p03567,u973456608,1570055183,C++,C++14 (GCC 5.4.1),cpp,Accepted,1.0,256.0,234,
s261031871,p03567,u085486962,1570054894,C++,C++14 (GCC 5.4.1),cpp,Accepted,1.0,256.0,466,
s854387324,p03567,u554096168,1570054821,C++,C++14 (GCC 5.4.1),cpp,Accepted,1.0,256.0,259,
s777087461,p03567,u008229752,1570054678,C++,C++14 (GCC 5.4.1),cpp,Accepted,1.0,256.0,1624,
s656414964,p03567,u526894223,1570054644,C++,C++14 (GCC 5.4.1),cpp,Accepted,1.0,256.0,410,
s871294893,p03567,u354638986,1570054619,Python,PyPy3 (2.4.0),py,Accepted,167.0,38384.0,250,
s147935431,p03567,u756659922,1570054617,C++,C++14 (GCC 5.4.1),cpp,Accepted,1.0,256.0,166,
s230986536,p03567,u322162884,1570054606,C++,C++14 (GCC 5.4.1),cpp,Accepted,1.0,256.0,404,
s147950331,p03567,u598273654,1570054596,C++,C++14 (GCC 5.4.1),cpp,Accepted,1.0,256.0,340,
s331042138,p03567,u297651868,1570054576,Python,Python (3.4.3),py,Accepted,17.0,2940.0,62,
s146885557,p03567,u644568158,1569993561,C++,C++14 (GCC 5.4.1),cpp,Accepted,1.0,256.0,913,
s250680453,p03567,u921773161,1569983410,Python,Python (3.4.3),py,Accepted,17.0,3060.0,327,
s159972329,p03567,u083910207,1569936100,C++,C++14 (GCC 5.4.1),cpp,Accepted,1.0,256.0,318,
s914496681,p03567,u225581241,1569853216,C++,C++14 (GCC 5.4.1),cpp,Accepted,1.0,256.0,757,
s230195518,p03567,u488352661,1569771623,C++,C++14 (GCC 5.4.1),cpp,Accepted,1.0,256.0,327,
s435453554,p03567,u215743476,1569767769,Python,Python (3.4.3),py,Accepted,17.0,2940.0,72,
s685196812,p03567,u623349537,1569553052,Python,Python (3.4.3),py,Accepted,17.0,2940.0,149,
s020365845,p03567,u824327013,1569470438,C++,C++14 (GCC 5.4.1),cpp,Accepted,1.0,256.0,1757,
s070213309,p03567,u372299304,1569465513,C++,C++14 (GCC 5.4.1),cpp,Accepted,1.0,256.0,263,
s369938595,p03567,u167931717,1569433889,C++,C++14 (GCC 5.4.1),cpp,Accepted,1.0,256.0,18618,
s606005682,p03567,u264265458,1569384851,C++,C++14 (GCC 5.4.1),cpp,Accepted,1.0,256.0,579,
s588740923,p03567,u490965711,1569358628,C++,C++14 (GCC 5.4.1),cpp,Accepted,1.0,256.0,276,
s555052340,p03567,u899084195,1569358537,C++,C++14 (GCC 5.4.1),cpp,Accepted,1.0,256.0,282,
s748275081,p03567,u899084195,1569358501,C++,C++14 (GCC 5.4.1),cpp,Accepted,1.0,256.0,282,
s592530965,p03567,u623468376,1569357812,C++,C++14 (GCC 5.4.1),cpp,Accepted,1.0,256.0,243,
s773739321,p03567,u396495667,1569336332,Python,Python (3.4.3),py,Accepted,17.0,2940.0,115,
s420443332,p03567,u322177979,1569316961,C++,C++14 (GCC 5.4.1),cpp,Accepted,1.0,256.0,2824,
s531585234,p03567,u941353562,1569292663,C++,C++14 (GCC 5.4.1),cpp,Accepted,1.0,256.0,201,
s404456588,p03567,u615258936,1569262686,C++,C++14 (GCC 5.4.1),cpp,Accepted,1.0,256.0,266,
s761730810,p03567,u424374375,1569196453,C++,C++14 (GCC 5.4.1),cpp,Accepted,1.0,256.0,269,
s998884353,p03567,u303039933,1569165506,Python,PyPy3 (2.4.0),py,Accepted,161.0,38256.0,215,
s196133507,p03567,u296518383,1569101709,Python,Python (3.4.3),py,Accepted,17.0,2940.0,112,
s020207114,p03567,u871596687,1569094886,Python,Python (3.4.3),py,Accepted,18.0,2940.0,131,
s220310481,p03567,u623468376,1569093197,C++,C++14 (GCC 5.4.1),cpp,Accepted,1.0,256.0,214,
s557630641,p03567,u608258653,1569071926,C++,C++14 (GCC 5.4.1),cpp,Accepted,1.0,256.0,745,
s305554451,p03567,u852449189,1569017580,C++,C++14 (GCC 5.4.1),cpp,Accepted,1.0,256.0,1000,
s715212628,p03567,u987039629,1568832068,C++,C++14 (GCC 5.4.1),cpp,Accepted,7.0,764.0,179,
s213604630,p03567,u652908807,1568756706,C++,C++14 (GCC 5.4.1),cpp,Accepted,1.0,256.0,166,
s690232944,p03567,u180077477,1568608117,C++,C++14 (GCC 5.4.1),cpp,Accepted,1.0,256.0,1559,
s085358031,p03567,u831161882,1568587536,C++,C++14 (GCC 5.4.1),cpp,Accepted,1.0,256.0,274,
s035005566,p03567,u116002573,1568543889,Python,Python (3.4.3),py,Accepted,17.0,2940.0,174,
s340847994,p03567,u539199630,1568520573,C++,C++14 (GCC 5.4.1),cpp,Accepted,1.0,256.0,480,
s467427207,p03567,u792670114,1568512258,Python,Python (3.4.3),py,Accepted,17.0,2940.0,61,
s015909250,p03567,u522200796,1568503768,C++,C++14 (GCC 5.4.1),cpp,Accepted,1.0,256.0,243,
s571914062,p03567,u351265848,1568461371,C++,C++14 (GCC 5.4.1),cpp,Accepted,1.0,256.0,215,
s279344206,p03567,u556589653,1568406145,Python,Python (3.4.3),py,Accepted,18.0,2940.0,70,
s088165306,p03567,u937642029,1568320786,Python,Python (3.4.3),py,Accepted,18.0,3060.0,118,
s764660868,p03567,u244626757,1568169320,C++,C++14 (GCC 5.4.1),cpp,Accepted,1.0,256.0,265,
s418621043,p03567,u475843109,1568090543,C++,C++14 (GCC 5.4.1),cpp,Accepted,1.0,256.0,368,
s009488600,p03567,u931071094,1568063954,C++,C++14 (GCC 5.4.1),cpp,Accepted,1.0,256.0,398,
s418371099,p03567,u625963200,1568022295,Python,Python (3.4.3),py,Accepted,17.0,2940.0,104,
s045672372,p03567,u753803401,1567975674,Python,PyPy3 (2.4.0),py,Accepted,168.0,38384.0,267,
s325294199,p03567,u451256159,1567965688,C++,C++14 (GCC 5.4.1),cpp,Accepted,1.0,256.0,219,
s878140206,p03567,u787456042,1567915730,Python,Python (3.4.3),py,Accepted,17.0,2940.0,34,
s824015559,p03567,u102795616,1567822452,C++,C++14 (GCC 5.4.1),cpp,Accepted,1.0,256.0,166,
s041387824,p03567,u051493691,1567821421,C++,C++14 (GCC 5.4.1),cpp,Accepted,1.0,256.0,12508,
s186603049,p03567,u396391104,1567785651,Python,Python (3.4.3),py,Accepted,17.0,2940.0,48,
s847099179,p03567,u504322356,1567649991,C++,C++14 (GCC 5.4.1),cpp,Accepted,1.0,256.0,1702,
s938419449,p03567,u017271745,1567626565,C++,C++14 (GCC 5.4.1),cpp,Accepted,1.0,256.0,523,
s516110029,p03567,u649915042,1567577797,C++,C++14 (GCC 5.4.1),cpp,Accepted,1.0,256.0,473,
s407514339,p03567,u607229598,1567539179,C++,C++14 (GCC 5.4.1),cpp,Accepted,1.0,256.0,396,
s906830434,p03567,u376234649,1567517150,C++,C++14 (GCC 5.4.1),cpp,Accepted,1.0,256.0,455,
s101953934,p03567,u143903328,1567511613,Python,Python (3.4.3),py,Accepted,17.0,2940.0,64,
s303011227,p03567,u564004296,1567471102,C++,C++14 (GCC 5.4.1),cpp,Accepted,1.0,256.0,203,
s937966617,p03567,u273355214,1567455010,C++,C++14 (GCC 5.4.1),cpp,Accepted,1.0,256.0,353,
s940666199,p03567,u757584836,1567437695,C++,C++14 (GCC 5.4.1),cpp,Accepted,1.0,256.0,293,
s378186195,p03567,u218759384,1567294169,C++,C++14 (GCC 5.4.1),cpp,Accepted,1.0,256.0,262,
s278070979,p03567,u840958781,1567186762,Python,Python (3.4.3),py,Accepted,17.0,2940.0,62,
s940111693,p03567,u282228874,1567141074,C++,C++14 (GCC 5.4.1),cpp,Accepted,1.0,256.0,838,
s504504433,p03567,u432688695,1567029940,C++,C++14 (GCC 5.4.1),cpp,Accepted,1.0,256.0,3133,
s420485804,p03567,u703890795,1566966995,Python,Python (3.4.3),py,Accepted,18.0,2940.0,122,
s825574328,p03567,u430223993,1566921863,Python,Python (3.4.3),py,Accepted,17.0,2940.0,54,
s483101827,p03567,u095453583,1566918718,C++,C++14 (GCC 5.4.1),cpp,Accepted,1.0,256.0,648,
s829621640,p03567,u414558682,1566911659,Python,Python (3.4.3),py,Accepted,17.0,2940.0,133,
s038444074,p03567,u879309973,1566822195,Python,Python (3.4.3),py,Accepted,17.0,2940.0,75,
s892479073,p03567,u758799884,1566782571,C++,C++14 (GCC 5.4.1),cpp,Accepted,1.0,256.0,1002,
s551348471,p03567,u192280767,1566750675,C++,C++14 (GCC 5.4.1),cpp,Accepted,1.0,256.0,301,
s334845405,p03567,u643840641,1566694719,Python,Python (3.4.3),py,Accepted,17.0,2940.0,41,
s127604784,p03567,u259334183,1566689964,Python,Python (3.4.3),py,Accepted,17.0,2940.0,42,
s932610805,p03567,u214617707,1566688963,Python,PyPy3 (2.4.0),py,Accepted,166.0,38256.0,41,
s999722806,p03567,u671257784,1566612472,C++,C++14 (GCC 5.4.1),cpp,Accepted,1.0,256.0,485,
s498725115,p03567,u708550576,1566575981,C++,C++14 (GCC 5.4.1),cpp,Accepted,1.0,256.0,613,
s402401144,p03567,u143492911,1566438021,Python,Python (3.4.3),py,Accepted,17.0,2940.0,245,
s514578677,p03567,u803754262,1566359230,C++,C++14 (GCC 5.4.1),cpp,Accepted,1.0,256.0,804,
s418538477,p03567,u732963817,1566357288,Python,Python (3.4.3),py,Accepted,19.0,3188.0,61,
s377339492,p03567,u399721252,1566356380,Python,PyPy3 (2.4.0),py,Accepted,174.0,38384.0,127,
s772384327,p03567,u371149954,1566304948,C++,C++14 (GCC 5.4.1),cpp,Accepted,1.0,256.0,403,
s545027714,p03567,u887207211,1566268600,C++,C++14 (GCC 5.4.1),cpp,Accepted,1.0,256.0,296,
s708276126,p03567,u943355851,1566246883,C++,C++14 (GCC 5.4.1),cpp,Accepted,1.0,256.0,128,
s910767629,p03567,u092650292,1566244985,Python,Python (3.4.3),py,Accepted,150.0,14500.0,356,
s871264415,p03567,u536377809,1566141993,Python,Python (3.4.3),py,Accepted,17.0,2940.0,108,
s467363414,p03567,u203033720,1566055796,C++,C++14 (GCC 5.4.1),cpp,Accepted,1.0,256.0,21832,
s556743700,p03567,u296150111,1566053235,C++,C++14 (GCC 5.4.1),cpp,Accepted,1.0,256.0,285,
s535584563,p03567,u606045429,1566046538,Python,Python (3.4.3),py,Accepted,17.0,2940.0,66,
s988755386,p03567,u266874640,1565998412,Python,Python (3.4.3),py,Accepted,19.0,3060.0,176,
s613175678,p03567,u168578024,1565901828,C++,C++14 (GCC 5.4.1),cpp,Accepted,1.0,256.0,2541,
s768701691,p03567,u902787159,1565895644,C++,C++14 (GCC 5.4.1),cpp,Accepted,1.0,256.0,256,
s417716562,p03567,u000113982,1565833226,C++,C++14 (GCC 5.4.1),cpp,Accepted,1.0,256.0,487,
s832800774,p03567,u405660020,1565807822,Python,Python (3.4.3),py,Accepted,17.0,2940.0,164,
s749541907,p03567,u775013393,1565675942,C++,C++14 (GCC 5.4.1),cpp,Accepted,1.0,256.0,1971,
s328781952,p03567,u363713811,1565578614,C++,C++14 (GCC 5.4.1),cpp,Accepted,1.0,256.0,342,
s954727680,p03567,u041282550,1565495912,C++,C++14 (GCC 5.4.1),cpp,Accepted,1.0,256.0,619,
s972222589,p03567,u598902504,1565459626,C++,C++14 (GCC 5.4.1),cpp,Accepted,1.0,256.0,581,
s032213666,p03567,u942697937,1565455176,Python,Python (3.4.3),py,Accepted,17.0,2940.0,75,
s400309975,p03567,u917972976,1565381529,C++,C++14 (GCC 5.4.1),cpp,Accepted,1.0,256.0,1121,
s329177754,p03567,u298297089,1565379625,Python,Python (3.4.3),py,Accepted,17.0,2940.0,45,
s661811894,p03567,u263715385,1565368554,C++,C++14 (GCC 5.4.1),cpp,Accepted,1.0,256.0,1442,
s687842948,p03567,u024469792,1565096890,C++,C++14 (GCC 5.4.1),cpp,Accepted,1.0,256.0,168,
s832476161,p03567,u007550226,1564779356,Python,Python (3.4.3),py,Accepted,17.0,2940.0,47,
s399286792,p03567,u969190727,1564628277,Python,Python (3.4.3),py,Accepted,17.0,2940.0,93,
s503691849,p03567,u668503853,1564618444,Python,Python (3.4.3),py,Accepted,17.0,2940.0,62,
s163451639,p03567,u668503853,1564618387,Python,Python (3.4.3),py,Accepted,18.0,2940.0,97,
s922331146,p03567,u948524308,1564444326,Python,Python (3.4.3),py,Accepted,17.0,2940.0,64,
s778948078,p03567,u948524308,1564444238,Python,Python (3.4.3),py,Accepted,18.0,2940.0,111,
s640087768,p03567,u948524308,1564444087,Python,Python (3.4.3),py,Accepted,17.0,2940.0,118,
s208625117,p03567,u970449052,1564292041,Python,Python (3.4.3),py,Accepted,17.0,2940.0,45,
s065377931,p03567,u247366051,1564271380,C++,C++ (GCC 5.4.1),cpp,Accepted,1.0,256.0,218,
s884822162,p03567,u238205921,1564158000,C++,C++14 (GCC 5.4.1),cpp,Accepted,1.0,256.0,278,
s901415084,p03567,u273928723,1564029598,C++,C++14 (GCC 5.4.1),cpp,Accepted,2.0,384.0,489,
s264185719,p03567,u052499405,1563968283,C++,C++14 (GCC 5.4.1),cpp,Accepted,1.0,256.0,213,
s724524410,p03567,u444349080,1563911699,Python,Python (3.4.3),py,Accepted,17.0,2940.0,58,
s037634871,p03567,u618604643,1563762597,C++,C++14 (GCC 5.4.1),cpp,Accepted,1.0,256.0,177,
s385568928,p03567,u174814671,1563401553,C++,C++14 (GCC 5.4.1),cpp,Accepted,1.0,128.0,270,
s667310187,p03567,u835534008,1563391312,C++,C++14 (GCC 5.4.1),cpp,Accepted,1.0,256.0,247,
s478132066,p03567,u881647420,1563328194,C++,C++14 (GCC 5.4.1),cpp,Accepted,1.0,256.0,687,
s031353565,p03567,u465233477,1563225232,C++,C++14 (GCC 5.4.1),cpp,Accepted,1.0,256.0,293,
s864845627,p03567,u811000506,1563218017,Python,Python (3.4.3),py,Accepted,17.0,2940.0,107,
s885571363,p03567,u995792346,1563173652,C++,C++14 (GCC 5.4.1),cpp,Accepted,1.0,256.0,594,
s962117997,p03567,u391731808,1562930146,Python,Python (3.4.3),py,Accepted,17.0,2940.0,49,
s244844213,p03567,u159619403,1562731700,C++,C++14 (GCC 5.4.1),cpp,Accepted,1.0,256.0,260,
s667720440,p03567,u093744128,1562703429,C++,C++14 (GCC 5.4.1),cpp,Accepted,1.0,256.0,245,
s421360855,p03567,u614314290,1562684782,Python,Python (3.4.3),py,Accepted,19.0,2940.0,46,
s047669024,p03567,u167755809,1562639151,C++,C++14 (GCC 5.4.1),cpp,Accepted,1.0,256.0,537,
s088190647,p03567,u077291787,1562504909,Python,Python (3.4.3),py,Accepted,17.0,2940.0,154,
s402083576,p03567,u155024797,1562464295,Python,PyPy3 (2.4.0),py,Accepted,178.0,38384.0,36,
s286367641,p03567,u155024797,1562464089,Python,PyPy3 (2.4.0),py,Accepted,168.0,38832.0,137,
s031158604,p03567,u993622994,1562367881,Python,Python (3.4.3),py,Accepted,17.0,2940.0,95,
s016419869,p03567,u449722246,1562256809,C++,C++14 (GCC 5.4.1),cpp,Accepted,1.0,256.0,296,
s339423946,p03567,u449722246,1562256741,C++,C++14 (GCC 5.4.1),cpp,Accepted,1.0,256.0,295,
s972586008,p03567,u473291366,1562193615,Python,Python (3.4.3),py,Accepted,17.0,2940.0,123,
s480902660,p03567,u630664279,1562079951,C++,C++14 (GCC 5.4.1),cpp,Accepted,1.0,256.0,265,
s242567744,p03567,u970308980,1561864209,Python,Python (3.4.3),py,Accepted,19.0,3188.0,76,
s278177380,p03567,u072080927,1561825320,C++,C++14 (GCC 5.4.1),cpp,Accepted,1.0,256.0,202,
s836974602,p03567,u223646582,1561769931,Python,Python (3.4.3),py,Accepted,18.0,2940.0,54,
s520223915,p03567,u977193988,1561742482,Python,Python (3.4.3),py,Accepted,18.0,2940.0,132,
s770832979,p03567,u497046426,1561613950,Python,Python (3.4.3),py,Accepted,17.0,2940.0,47,
s418291123,p03567,u018872912,1561572193,C++,C++14 (GCC 5.4.1),cpp,Accepted,1.0,256.0,1023,
s801361346,p03567,u864197622,1561513007,Python,Python (3.4.3),py,Accepted,17.0,2940.0,120,
s855577889,p03567,u864197622,1561512946,Python,Python (3.4.3),py,Accepted,19.0,2940.0,120,
s916167344,p03567,u928536113,1561512406,C++,C++14 (GCC 5.4.1),cpp,Accepted,1.0,256.0,289,
s108393358,p03567,u864197622,1561512033,Python,Python (3.4.3),py,Accepted,17.0,2940.0,119,
s084239095,p03567,u864171425,1561511104,C++,C++14 (GCC 5.4.1),cpp,Accepted,1.0,256.0,478,
s371065077,p03567,u458798873,1561510943,C++,C++14 (GCC 5.4.1),cpp,Accepted,1.0,256.0,691,
s707845882,p03567,u950901760,1561492139,C++,C++14 (GCC 5.4.1),cpp,Accepted,1.0,256.0,223,
s243877121,p03567,u495699318,1561483008,C++,C++14 (GCC 5.4.1),cpp,Accepted,1.0,256.0,1301,
s444931534,p03567,u371409687,1561393808,Python,Python (3.4.3),py,Accepted,17.0,2940.0,71,
s961129229,p03567,u598726179,1561243585,C++,C++14 (GCC 5.4.1),cpp,Accepted,1.0,256.0,257,
s352063764,p03567,u407416173,1561169421,C++,C++14 (GCC 5.4.1),cpp,Accepted,1.0,256.0,360,
s505527755,p03567,u116670634,1561160592,Python,Python (3.4.3),py,Accepted,17.0,2940.0,73,
s447158629,p03567,u504562455,1561061379,Python,Python (3.4.3),py,Accepted,17.0,2940.0,64,
s511925333,p03567,u623687794,1560966195,Python,Python (3.4.3),py,Accepted,17.0,3064.0,118,
s093765648,p03567,u569272329,1560913990,C++,C++14 (GCC 5.4.1),cpp,Accepted,1.0,256.0,323,
s927800998,p03567,u392569193,1560907437,C++,C++14 (GCC 5.4.1),cpp,Accepted,1.0,256.0,269,
s460823588,p03567,u491550356,1560733052,C++,C++14 (GCC 5.4.1),cpp,Accepted,9.0,764.0,2524,
s982810125,p03567,u280096880,1560617609,C++,C++14 (GCC 5.4.1),cpp,Accepted,1.0,256.0,385,
s411486909,p03567,u389910364,1560578082,Python,Python (3.4.3),py,Accepted,157.0,13568.0,452,
s817318815,p03567,u281168735,1560568994,C++,C++14 (GCC 5.4.1),cpp,Accepted,1.0,256.0,1088,
s963418540,p03567,u401900157,1560560779,C++,C++14 (GCC 5.4.1),cpp,Accepted,1.0,256.0,262,
s489801770,p03567,u079470909,1560314412,C++,C++14 (GCC 5.4.1),cpp,Accepted,1.0,256.0,297,
s146426153,p03567,u102461423,1560277075,Python,Python (3.4.3),py,Accepted,17.0,2940.0,49,
s031931688,p03567,u203927510,1560221603,C++,C++14 (GCC 5.4.1),cpp,Accepted,1.0,256.0,297,
s230702424,p03567,u267300160,1560023820,Python,Python (3.4.3),py,Accepted,17.0,2940.0,65,
s580297466,p03567,u735909278,1560011849,C++,C++14 (GCC 5.4.1),cpp,Accepted,1.0,256.0,300,
s796850893,p03567,u480938608,1559968499,C++,C++14 (GCC 5.4.1),cpp,Accepted,2.0,384.0,392,
s126526192,p03567,u682730715,1559709627,Python,Python (3.4.3),py,Accepted,51.0,6480.0,595,
s744116434,p03567,u387258288,1559691987,C++,C++14 (GCC 5.4.1),cpp,Accepted,1.0,256.0,424,
s960501372,p03567,u166378830,1559662461,C++,C++14 (GCC 5.4.1),cpp,Accepted,1.0,256.0,237,
s330813501,p03567,u371535422,1559432269,C++,C++14 (GCC 5.4.1),cpp,Accepted,1.0,256.0,4310,
s666979601,p03567,u778814286,1559175585,Python,PyPy3 (2.4.0),py,Accepted,162.0,38256.0,187,
s112677970,p03567,u423143252,1559010101,C++,C++14 (GCC 5.4.1),cpp,Accepted,1.0,256.0,964,
s692693395,p03567,u767664985,1558938408,Python,Python (3.4.3),py,Accepted,17.0,2940.0,53,
s569474068,p03567,u300637346,1558890710,Python,Python (3.4.3),py,Accepted,17.0,2940.0,52,
s915858444,p03567,u591779169,1558863590,Python,Python (3.4.3),py,Accepted,19.0,3188.0,61,
s237080380,p03567,u960997735,1558827754,C++,C++14 (GCC 5.4.1),cpp,Accepted,1.0,256.0,269,
s107738774,p03567,u743561048,1558737692,C++,C++14 (GCC 5.4.1),cpp,Accepted,1.0,256.0,2222,
s420397458,p03567,u885899351,1558703669,Python,Python (3.4.3),py,Accepted,17.0,2940.0,38,
s370752806,p03567,u540491484,1558625035,C++,C++14 (GCC 5.4.1),cpp,Accepted,1.0,256.0,369,
s254260141,p03567,u764600134,1558613588,Python,Python (3.4.3),py,Accepted,17.0,2940.0,341,
s432177859,p03567,u143383345,1558282678,C++,C++14 (GCC 5.4.1),cpp,Accepted,1.0,256.0,231,
s702616206,p03567,u030685402,1558237079,C++,C++14 (GCC 5.4.1),cpp,Accepted,1.0,256.0,987,
s525910414,p03567,u912862653,1558155230,Python,Python (3.4.3),py,Accepted,17.0,2940.0,129,
s193672236,p03567,u303059352,1558153239,Python,Python (3.4.3),py,Accepted,17.0,2940.0,41,
s798628081,p03567,u906208439,1558075124,C++,C++14 (GCC 5.4.1),cpp,Accepted,1.0,256.0,652,
s217062144,p03567,u500297289,1557996819,Python,Python (3.4.3),py,Accepted,17.0,2940.0,66,
s070550783,p03567,u876978301,1557940952,C++,C++14 (GCC 5.4.1),cpp,Accepted,1.0,256.0,2400,
s548441948,p03567,u109256064,1557904942,C++,C++14 (GCC 5.4.1),cpp,Accepted,1.0,256.0,639,
s916053636,p03567,u077019541,1557887913,Python,Python (3.4.3),py,Accepted,17.0,2940.0,63,
s452716351,p03567,u315703650,1557846802,Python,Python (3.4.3),py,Accepted,17.0,2940.0,71,
s990705235,p03567,u120691615,1557800973,Python,Python (3.4.3),py,Accepted,17.0,2940.0,36,
s525222803,p03567,u936602931,1557774427,C++,C++14 (GCC 5.4.1),cpp,Accepted,1.0,256.0,226,
s886091409,p03567,u507116804,1557709274,Python,Python (3.4.3),py,Accepted,18.0,2940.0,67,
s618460288,p03567,u908318580,1557703153,C++,C++14 (GCC 5.4.1),cpp,Accepted,1.0,256.0,1913,
s730265472,p03567,u635484372,1557623713,C++,C++14 (GCC 5.4.1),cpp,Accepted,1.0,256.0,1257,
s339326577,p03567,u721367699,1557620045,C++,C++14 (GCC 5.4.1),cpp,Accepted,1.0,256.0,836,
s046018871,p03567,u413492096,1557552821,C++,C++14 (GCC 5.4.1),cpp,Accepted,1.0,256.0,146,
s270225457,p03567,u029169777,1557384363,Python,Python (3.4.3),py,Accepted,17.0,2940.0,109,
s718733410,p03567,u532966492,1557322224,Python,Python (3.4.3),py,Accepted,17.0,2940.0,34,
s801570105,p03567,u601825761,1557175672,C++,C++14 (GCC 5.4.1),cpp,Accepted,1.0,256.0,628,
s657887343,p03567,u601825761,1557172881,C++,C++14 (GCC 5.4.1),cpp,Accepted,1.0,256.0,627,
s230116867,p03567,u714538557,1557109108,C++,C++14 (GCC 5.4.1),cpp,Accepted,1.0,256.0,485,
s057203584,p03567,u374929478,1557105317,C++,C++14 (GCC 5.4.1),cpp,Accepted,1.0,256.0,342,
s233200447,p03567,u513726585,1556949465,C++,C++14 (GCC 5.4.1),cpp,Accepted,1.0,256.0,227,
s566990744,p03567,u133391510,1556936410,C++,C++14 (GCC 5.4.1),cpp,Accepted,1.0,256.0,219,
s655025329,p03567,u890807039,1556499079,C++,C++14 (GCC 5.4.1),cpp,Accepted,2.0,256.0,427,
s024981885,p03567,u340980616,1556494932,C++,C++14 (GCC 5.4.1),cpp,Accepted,1.0,256.0,519,
s316500811,p03567,u493750228,1556464719,C++,C++14 (GCC 5.4.1),cpp,Accepted,1.0,256.0,1020,
s282070764,p03567,u052332717,1556256491,C++,C++14 (GCC 5.4.1),cpp,Accepted,1.0,256.0,694,
s840874446,p03567,u555962250,1556240351,Python,Python (3.4.3),py,Accepted,17.0,2940.0,102,
s904204946,p03567,u151625340,1555977189,Python,Python (3.4.3),py,Accepted,17.0,2940.0,158,
s435260111,p03567,u256868077,1555817033,Python,Python (3.4.3),py,Accepted,17.0,2940.0,183,
s564161506,p03567,u623954643,1555721740,C++,C++14 (GCC 5.4.1),cpp,Accepted,1.0,256.0,235,
s091683935,p03567,u331464808,1555696441,Python,Python (3.4.3),py,Accepted,20.0,2940.0,118,
s712988009,p03567,u343930666,1555573311,C++,C++14 (GCC 5.4.1),cpp,Accepted,2.0,384.0,1480,
s378317453,p03567,u392423112,1555564856,C++,C++14 (GCC 5.4.1),cpp,Accepted,1.0,256.0,247,
s878792227,p03567,u980655160,1555309558,C++,C++14 (GCC 5.4.1),cpp,Accepted,1.0,256.0,520,
s767113947,p03567,u809967037,1555272283,C++,C++14 (GCC 5.4.1),cpp,Accepted,1.0,256.0,413,
s895246844,p03567,u163320134,1555243814,Python,Python (3.4.3),py,Accepted,17.0,2940.0,126,
s609728298,p03567,u875541682,1555194161,C++,C++14 (GCC 5.4.1),cpp,Accepted,1.0,256.0,545,
s598917362,p03567,u363610900,1555088682,Python,Python (3.4.3),py,Accepted,17.0,2940.0,47,
s662735816,p03567,u811472478,1554672626,C++,C++14 (GCC 5.4.1),cpp,Accepted,1.0,256.0,780,
s325757456,p03567,u134519179,1554638325,C++,C++14 (GCC 5.4.1),cpp,Accepted,1.0,256.0,355,
s438126204,p03567,u996252264,1554533192,C++,C++14 (GCC 5.4.1),cpp,Accepted,1.0,256.0,500,
s759243454,p03567,u616522759,1554412855,Python,Python (3.4.3),py,Accepted,18.0,2940.0,60,
s969039611,p03567,u032337012,1554344914,C++,C++14 (Clang 3.8.0),cpp,Accepted,1.0,256.0,351,
s977445882,p03567,u545411641,1554338747,C++,C++14 (GCC 5.4.1),cpp,Accepted,1.0,256.0,3907,
s720584311,p03567,u727626797,1554324542,C++,C++14 (GCC 5.4.1),cpp,Accepted,1.0,256.0,456,
s597827020,p03567,u141004837,1554318235,C++,C++14 (GCC 5.4.1),cpp,Accepted,1.0,256.0,402,
s430113634,p03567,u591779169,1554224512,Python,Python (3.4.3),py,Accepted,19.0,3188.0,60,
s200992743,p03567,u274962354,1554080103,C++,C++14 (GCC 5.4.1),cpp,Accepted,1.0,256.0,489,
s691464698,p03567,u681869152,1554078373,C++,C++14 (GCC 5.4.1),cpp,Accepted,1.0,256.0,4906,
s630285923,p03567,u588341295,1554076067,Python,Python (3.4.3),py,Accepted,17.0,3064.0,603,
s415115323,p03567,u426108351,1554072411,Python,Python (3.4.3),py,Accepted,17.0,2940.0,131,
s161256498,p03567,u988961969,1554051885,C++,C++14 (GCC 5.4.1),cpp,Accepted,1.0,256.0,361,
s095891256,p03567,u280512618,1553957794,Python,Python (3.4.3),py,Accepted,17.0,2940.0,48,
s723808186,p03567,u859897687,1553865680,Python,Python (3.4.3),py,Accepted,17.0,2940.0,34,
s328359143,p03567,u859897687,1553864126,Python,Python (3.4.3),py,Accepted,17.0,2940.0,37,
s671948987,p03567,u859897687,1553864063,Python,Python (3.4.3),py,Accepted,17.0,2940.0,36,
s475802868,p03567,u223133214,1553636082,Python,Python (3.4.3),py,Accepted,17.0,2940.0,41,
s125332351,p03567,u802905102,1553523725,C++,C++14 (GCC 5.4.1),cpp,Accepted,1.0,256.0,959,
s042883687,p03567,u598050616,1553371794,C++,C++14 (GCC 5.4.1),cpp,Accepted,1.0,256.0,4905,
s971632257,p03567,u143509139,1553354312,Python,Python (3.4.3),py,Accepted,19.0,2940.0,35,
s186294488,p03567,u363610900,1553328727,Python,Python (3.4.3),py,Accepted,17.0,2940.0,47,
s852642650,p03567,u379692329,1553284562,Python,Python (3.4.3),py,Accepted,17.0,2940.0,121,
s330489581,p03567,u227082700,1553215770,Python,Python (3.4.3),py,Accepted,17.0,2940.0,47,
s773302685,p03567,u782654209,1553090909,Python,Python (3.4.3),py,Accepted,17.0,2940.0,48,
s126779304,p03567,u619197965,1553051047,Python,Python (3.4.3),py,Accepted,19.0,3060.0,115,
s412594299,p03567,u114838227,1552949686,C++,C++14 (GCC 5.4.1),cpp,Accepted,1.0,256.0,255,
s995742785,p03567,u879581330,1552866166,C++,C++14 (GCC 5.4.1),cpp,Accepted,1.0,256.0,178,
s737252535,p03567,u640800420,1552801254,C++,C++14 (GCC 5.4.1),cpp,Accepted,1.0,256.0,253,
s649644279,p03567,u990764614,1552792316,C++,C++14 (GCC 5.4.1),cpp,Accepted,1.0,256.0,244,
s875992766,p03567,u118642796,1552665770,Python,PyPy3 (2.4.0),py,Accepted,187.0,38384.0,105,
s046489674,p03567,u086366728,1552627225,C++,C++14 (GCC 5.4.1),cpp,Accepted,1.0,256.0,386,
s410076767,p03567,u516272298,1552610528,Python,Python (3.4.3),py,Accepted,17.0,2940.0,135,
s904330268,p03567,u050138914,1552492018,C++,C++14 (GCC 5.4.1),cpp,Accepted,2.0,256.0,296,
s224235806,p03567,u887207211,1552446829,Python,Python (3.4.3),py,Accepted,19.0,3060.0,99,
s250021851,p03567,u232429509,1552427393,C++,C++14 (GCC 5.4.1),cpp,Accepted,1.0,256.0,873,
s500419794,p03567,u385617244,1552356957,C++,C++14 (GCC 5.4.1),cpp,Accepted,1.0,256.0,426,
s109679879,p03567,u543954314,1552228270,Python,Python (3.4.3),py,Accepted,18.0,2940.0,100,
s395930855,p03567,u138486156,1552166530,Python,Python (3.4.3),py,Accepted,17.0,2940.0,60,
s824679688,p03567,u341957179,1552090967,C++,C++14 (GCC 5.4.1),cpp,Accepted,1.0,256.0,392,
s170697162,p03567,u098652914,1552032089,C++,C++14 (GCC 5.4.1),cpp,Accepted,1.0,256.0,628,
s674752714,p03567,u493080913,1552018021,C++,C++14 (GCC 5.4.1),cpp,Accepted,1.0,256.0,229,
s544855193,p03567,u076564993,1551995509,Python,Python (3.4.3),py,Accepted,22.0,3188.0,57,
s681132268,p03567,u658901072,1551969210,C++,C++14 (GCC 5.4.1),cpp,Accepted,1.0,256.0,273,
s136242709,p03567,u678146855,1551927299,C++,C++14 (GCC 5.4.1),cpp,Accepted,1.0,256.0,1984,
s177121722,p03567,u071730284,1551925191,Python,Python (3.4.3),py,Accepted,20.0,2940.0,128,
s037574328,p03567,u986276444,1551892416,C++,C++14 (GCC 5.4.1),cpp,Accepted,1.0,256.0,661,
s871415521,p03567,u357265888,1551836005,C++,C++14 (GCC 5.4.1),cpp,Accepted,1.0,256.0,204,
s539971135,p03567,u217596176,1551806534,C++,C++14 (GCC 5.4.1),cpp,Accepted,1.0,256.0,366,
s799922204,p03567,u411858517,1551756805,Python,Python (3.4.3),py,Accepted,17.0,2940.0,143,
s432721183,p03567,u454087021,1551749639,C++,C++14 (GCC 5.4.1),cpp,Accepted,1.0,256.0,277,
s247883360,p03567,u254187258,1551736359,C++,C++14 (GCC 5.4.1),cpp,Accepted,1.0,256.0,808,
s114617470,p03567,u533920479,1551733147,C++,C++14 (GCC 5.4.1),cpp,Accepted,1.0,256.0,298,
s639212524,p03567,u432456012,1551618643,C++,C++14 (GCC 5.4.1),cpp,Accepted,1.0,256.0,327,
s496788895,p03567,u434231045,1551618161,C++,C++14 (GCC 5.4.1),cpp,Accepted,4.0,636.0,1905,
s348847547,p03567,u110383845,1551618109,C++,C++14 (GCC 5.4.1),cpp,Accepted,1.0,256.0,3153,
s391480309,p03567,u785578220,1551583488,Python,Python (3.4.3),py,Accepted,18.0,2940.0,56,
s693577690,p03567,u791593901,1551552535,C++,C++14 (GCC 5.4.1),cpp,Accepted,1.0,256.0,2938,
s508167671,p03567,u923279197,1551502733,Python,PyPy3 (2.4.0),py,Accepted,173.0,38384.0,113,
s981034855,p03567,u107995903,1551342262,C++,C++14 (GCC 5.4.1),cpp,Accepted,1.0,256.0,1708,
s341469392,p03567,u167161639,1551215478,C++,C++14 (GCC 5.4.1),cpp,Accepted,1.0,256.0,231,
s202749218,p03567,u367130284,1551175108,Python,Python (3.4.3),py,Accepted,18.0,2940.0,53,
s010400797,p03567,u941753895,1551088895,Python,Python (3.4.3),py,Accepted,17.0,2940.0,58,
s757507780,p03567,u272557899,1550807613,Python,Python (3.4.3),py,Accepted,17.0,2940.0,64,
s671577316,p03567,u318785595,1550676822,C++,C++14 (GCC 5.4.1),cpp,Accepted,1.0,256.0,614,
s344168143,p03567,u218842729,1550552647,C++,C++14 (GCC 5.4.1),cpp,Accepted,1.0,256.0,794,
s419402914,p03567,u740284863,1550291926,Python,Python (3.4.3),py,Accepted,18.0,2940.0,128,
s671608981,p03567,u913110564,1550206054,Python,Python (3.4.3),py,Accepted,18.0,2940.0,123,
s465572476,p03567,u461044076,1550112884,C++,C++14 (GCC 5.4.1),cpp,Accepted,1.0,256.0,580,
s621244193,p03567,u722397179,1550095284,C++,C++14 (GCC 5.4.1),cpp,Accepted,2.0,256.0,263,
s260877400,p03567,u970831327,1550090371,C++,C++14 (GCC 5.4.1),cpp,Accepted,1.0,256.0,434,
s504538757,p03567,u013803727,1550080805,C++,C++14 (GCC 5.4.1),cpp,Accepted,1.0,256.0,1374,
s133476135,p03567,u352642493,1550035602,C++,C++14 (GCC 5.4.1),cpp,Accepted,1.0,256.0,695,
s455839256,p03567,u301893320,1550024475,C++,C++14 (GCC 5.4.1),cpp,Accepted,1.0,256.0,592,
s733199915,p03567,u106297876,1550006406,C++,C++14 (GCC 5.4.1),cpp,Accepted,1.0,256.0,221,
s786439949,p03567,u903311413,1549998630,C++,C++14 (GCC 5.4.1),cpp,Accepted,1.0,256.0,601,
s392327259,p03567,u672541593,1549996988,C++,C++14 (GCC 5.4.1),cpp,Accepted,1.0,256.0,245,
s723975805,p03567,u811528179,1549851299,C++,C++14 (GCC 5.4.1),cpp,Accepted,1.0,256.0,661,
s997724321,p03567,u465638326,1549815460,C++,C++14 (GCC 5.4.1),cpp,Accepted,1.0,256.0,259,
s254999975,p03567,u127856129,1549471261,C++,C++14 (Clang 3.8.0),cpp,Accepted,1.0,256.0,386,
s131797461,p03567,u224756887,1549376090,C++,C++14 (GCC 5.4.1),cpp,Accepted,1.0,256.0,1568,
s966527796,p03567,u835937527,1549159601,C++,C++14 (GCC 5.4.1),cpp,Accepted,1.0,256.0,261,
s681411553,p03567,u846679133,1549074567,C++,C++14 (GCC 5.4.1),cpp,Accepted,1.0,256.0,429,
s597938012,p03567,u376082984,1549074060,C++,C++14 (GCC 5.4.1),cpp,Accepted,1.0,256.0,380,
s574766451,p03567,u185896732,1549049993,Python,Python (3.4.3),py,Accepted,19.0,2940.0,137,
s415952982,p03567,u950708010,1548975355,Python,Python (3.4.3),py,Accepted,18.0,2940.0,99,
s970085615,p03567,u127844950,1548919499,C++,C++14 (GCC 5.4.1),cpp,Accepted,1.0,256.0,11255,
s186951744,p03567,u361777955,1548801248,C++,C++14 (GCC 5.4.1),cpp,Accepted,1.0,256.0,361,
s939693921,p03567,u437973379,1548539350,C++,C++14 (GCC 5.4.1),cpp,Accepted,1.0,256.0,381,
s080232262,p03567,u845980916,1548254777,C++,C++14 (GCC 5.4.1),cpp,Accepted,1.0,256.0,370,
s627095612,p03567,u350997995,1547946450,Python,Python (3.4.3),py,Accepted,17.0,2940.0,109,
s292670240,p03567,u350997995,1547946364,Python,Python (3.4.3),py,Accepted,17.0,2940.0,185,
s754652092,p03567,u828847847,1547875907,C++,C++14 (GCC 5.4.1),cpp,Accepted,1.0,256.0,2007,
s587746339,p03567,u344412812,1547792277,C++,C++14 (GCC 5.4.1),cpp,Accepted,1.0,256.0,240,
s276827154,p03567,u619819312,1547633590,Python,Python (3.4.3),py,Accepted,19.0,2940.0,104,
s682595064,p03567,u492373312,1547621389,C++,C++14 (GCC 5.4.1),cpp,Accepted,1.0,256.0,1040,
s441607434,p03567,u004025573,1547582617,Python,Python (3.4.3),py,Accepted,17.0,2940.0,136,
s431337560,p03567,u989336028,1547507129,C++,C++14 (GCC 5.4.1),cpp,Accepted,1.0,256.0,321,
s077035363,p03567,u336011173,1547505963,C++,C++14 (GCC 5.4.1),cpp,Accepted,1.0,256.0,796,
s657183451,p03567,u057619905,1547444018,C++,C++14 (GCC 5.4.1),cpp,Accepted,1.0,256.0,289,
s022599811,p03567,u971256474,1547417819,C++,C++14 (GCC 5.4.1),cpp,Accepted,1.0,256.0,1048,
s448629558,p03567,u258009780,1547267593,C++,C++14 (GCC 5.4.1),cpp,Accepted,1.0,256.0,244,
s431627499,p03567,u196497077,1547257110,C++,C++14 (GCC 5.4.1),cpp,Accepted,1.0,256.0,703,
s255278354,p03567,u946090308,1547235721,C++,C++14 (GCC 5.4.1),cpp,Accepted,1.0,256.0,470,
s329878603,p03567,u302870145,1547055095,C++,C++14 (GCC 5.4.1),cpp,Accepted,1.0,256.0,210,
s205327422,p03567,u560135121,1546807287,C++,C++14 (GCC 5.4.1),cpp,Accepted,1.0,256.0,199,
s658783181,p03567,u466161487,1546775255,C++,C++14 (GCC 5.4.1),cpp,Accepted,1.0,256.0,215,
s531509697,p03567,u897304429,1546569412,C++,C++14 (GCC 5.4.1),cpp,Accepted,1.0,256.0,643,
s617733048,p03567,u637515289,1546468747,C++,C++14 (GCC 5.4.1),cpp,Accepted,1.0,256.0,190,
s901118287,p03567,u816742421,1546443631,C++,C++14 (GCC 5.4.1),cpp,Accepted,1.0,256.0,225,
s436612803,p03567,u089032001,1546313356,Python,Python (3.4.3),py,Accepted,17.0,2940.0,100,
s284810425,p03567,u297367372,1546215788,C++,C++14 (GCC 5.4.1),cpp,Accepted,1.0,256.0,292,
s563651471,p03567,u038027079,1546054028,C++,C++14 (GCC 5.4.1),cpp,Accepted,1.0,256.0,470,
s339282324,p03567,u077337864,1546053655,C++,C++14 (GCC 5.4.1),cpp,Accepted,1.0,256.0,281,
s150257921,p03567,u561468649,1545895588,C++,C++14 (GCC 5.4.1),cpp,Accepted,1.0,256.0,502,
s316947512,p03567,u987267288,1545594782,C++,C++14 (GCC 5.4.1),cpp,Accepted,1.0,256.0,342,
s616066548,p03567,u434208140,1544980010,Python,Python (3.4.3),py,Accepted,20.0,3060.0,45,
s747664234,p03567,u414947284,1544237580,C++,C++14 (GCC 5.4.1),cpp,Accepted,1.0,256.0,348,
s677502519,p03567,u393086221,1544133023,C++,C++14 (GCC 5.4.1),cpp,Accepted,1.0,256.0,588,
s554541430,p03567,u198062737,1543861796,Python,Python (3.4.3),py,Accepted,18.0,2940.0,68,
s252044973,p03567,u480806810,1543719937,C++,C++14 (GCC 5.4.1),cpp,Accepted,1.0,256.0,222,
s127333281,p03567,u513736711,1543714508,C++,C++14 (GCC 5.4.1),cpp,Accepted,1.0,256.0,363,
s422477984,p03567,u844789719,1543377436,Python,Python (3.4.3),py,Accepted,17.0,2940.0,59,
s942719090,p03567,u799021348,1543375395,C++,C++14 (GCC 5.4.1),cpp,Accepted,1.0,256.0,584,
s532756318,p03567,u817760251,1543252099,C++,C++14 (GCC 5.4.1),cpp,Accepted,1.0,256.0,331,
s423622338,p03567,u226951654,1543091148,C++,C++14 (GCC 5.4.1),cpp,Accepted,1.0,256.0,780,
s457947618,p03567,u457901067,1543013561,Python,Python (3.4.3),py,Accepted,17.0,3064.0,138,
s705266984,p03567,u942393279,1542992015,C++,C++14 (GCC 5.4.1),cpp,Accepted,1.0,256.0,198,
s052314776,p03567,u054475353,1542909357,C++,C++14 (GCC 5.4.1),cpp,Accepted,1.0,256.0,254,
s721465830,p03567,u220562677,1542677252,C++,C++14 (GCC 5.4.1),cpp,Accepted,1.0,256.0,616,
s950456022,p03567,u130196064,1542660890,C++,C++14 (GCC 5.4.1),cpp,Accepted,1.0,256.0,2103,
s657330206,p03567,u382826454,1542491150,C++,C++14 (GCC 5.4.1),cpp,Accepted,1.0,256.0,261,
s352189314,p03567,u095266283,1542313627,C++,C++14 (GCC 5.4.1),cpp,Accepted,1.0,256.0,419,
s107886527,p03567,u102602414,1542259686,C++,C++14 (GCC 5.4.1),cpp,Accepted,1.0,256.0,494,
s100925394,p03567,u798086274,1542002900,Python,Python (3.4.3),py,Accepted,17.0,2940.0,60,
s792773009,p03567,u879870653,1541651433,Python,Python (3.4.3),py,Accepted,17.0,2940.0,65,
s033882818,p03567,u940102677,1541630429,Python,Python (3.4.3),py,Accepted,18.0,2940.0,102,
s846565255,p03567,u239493918,1541561944,C++,C++14 (GCC 5.4.1),cpp,Accepted,1.0,256.0,9316,
s297085849,p03567,u876386943,1541557398,C++,C++14 (GCC 5.4.1),cpp,Accepted,1.0,256.0,213,
s286818354,p03567,u944209426,1541376944,Python,PyPy3 (2.4.0),py,Accepted,162.0,38384.0,105,
s619983184,p03567,u855429581,1541133421,C++,C++14 (GCC 5.4.1),cpp,Accepted,1.0,128.0,243,
s234314941,p03567,u856232850,1541111291,C++,C++14 (GCC 5.4.1),cpp,Accepted,1.0,256.0,253,
s680600122,p03567,u353602031,1540877351,C++,C++14 (GCC 5.4.1),cpp,Accepted,1.0,256.0,3998,
s971947749,p03567,u594221936,1540838045,C++,C++14 (GCC 5.4.1),cpp,Accepted,1.0,256.0,175,
s050611317,p03567,u724892495,1540830986,Python,Python (3.4.3),py,Accepted,17.0,2940.0,37,
s654663660,p03567,u277153875,1540697360,C++,C++14 (GCC 5.4.1),cpp,Accepted,1.0,256.0,296,
s312326905,p03567,u177040005,1540679469,Python,Python (3.4.3),py,Accepted,17.0,2940.0,163,
s561677301,p03567,u676578971,1540520663,C++,C++14 (GCC 5.4.1),cpp,Accepted,1.0,256.0,305,
s909472137,p03567,u424110125,1540358772,C++,C++14 (GCC 5.4.1),cpp,Accepted,1.0,256.0,765,
s982821471,p03567,u480831358,1540329257,C++,C++14 (GCC 5.4.1),cpp,Accepted,1.0,256.0,396,
s787711576,p03567,u895641117,1540298323,C++,C++14 (GCC 5.4.1),cpp,Accepted,1.0,256.0,256,
s211989589,p03567,u628871447,1540089702,C++,C++14 (GCC 5.4.1),cpp,Accepted,1.0,256.0,534,
s316121269,p03567,u953110527,1540006987,C++,C++14 (GCC 5.4.1),cpp,Accepted,1.0,256.0,243,
s006754425,p03567,u987476436,1539960165,C++,C++14 (GCC 5.4.1),cpp,Accepted,1.0,256.0,233,
s611740853,p03567,u222030240,1539586857,C++,C++14 (GCC 5.4.1),cpp,Accepted,1.0,256.0,863,
s979739330,p03567,u099918199,1539565039,Python,Python (3.4.3),py,Accepted,17.0,2940.0,149,
s781416787,p03567,u273352618,1539560201,C++,C++14 (GCC 5.4.1),cpp,Accepted,3.0,384.0,1099,
s595186591,p03567,u912752743,1539377809,C++,C++14 (GCC 5.4.1),cpp,Accepted,1.0,256.0,231,
s535148864,p03567,u089230684,1538958210,C++,C++14 (Clang 3.8.0),cpp,Accepted,1.0,256.0,268,
s137358527,p03567,u018679195,1538957592,C++,C++14 (GCC 5.4.1),cpp,Accepted,1.0,256.0,266,
s297403166,p03567,u816631826,1538957532,C++,C++14 (GCC 5.4.1),cpp,Accepted,1.0,256.0,161,
s671801568,p03567,u796269639,1538873106,C++,C++14 (GCC 5.4.1),cpp,Accepted,1.0,256.0,531,
s691015424,p03567,u017810624,1538535599,Python,Python (3.4.3),py,Accepted,17.0,2940.0,48,
s885040667,p03567,u010467501,1538498587,C++,C++14 (GCC 5.4.1),cpp,Accepted,1.0,256.0,1662,
s826344276,p03567,u064408584,1538450430,Python,Python (3.4.3),py,Accepted,19.0,3060.0,52,
s851755383,p03567,u222509161,1538138628,C++,C++14 (GCC 5.4.1),cpp,Accepted,1.0,256.0,527,
s930185060,p03567,u172873334,1538086960,C++,C++14 (GCC 5.4.1),cpp,Accepted,2.0,256.0,216,
s207222812,p03567,u785220618,1538073146,Python,Python (3.4.3),py,Accepted,17.0,2940.0,34,
s052667407,p03567,u785220618,1538073071,Python,Python (3.4.3),py,Accepted,17.0,2940.0,35,
s311115701,p03567,u467736898,1538007017,Python,Python (3.4.3),py,Accepted,17.0,2940.0,111,
s848646081,p03567,u073398103,1538003308,C++,C++14 (GCC 5.4.1),cpp,Accepted,1.0,256.0,136,
s354973904,p03567,u099918199,1537931295,Python,Python (3.4.3),py,Accepted,17.0,2940.0,70,
s086533310,p03567,u120143737,1537754502,C++,C++14 (GCC 5.4.1),cpp,Accepted,1.0,256.0,890,
s727789263,p03567,u050428930,1537627269,Python,Python (3.4.3),py,Accepted,17.0,2940.0,63,
s607846715,p03567,u213156132,1537577334,C++,C++14 (GCC 5.4.1),cpp,Accepted,1.0,256.0,859,
s425436850,p03567,u924339359,1537500204,C++,C++14 (GCC 5.4.1),cpp,Accepted,1.0,256.0,402,
s813192472,p03567,u946322619,1537476943,C++,C++14 (GCC 5.4.1),cpp,Accepted,1.0,256.0,1226,
s633850245,p03567,u344425917,1537464544,C++,C++14 (GCC 5.4.1),cpp,Accepted,1.0,256.0,1459,
s878823399,p03567,u869282786,1537464403,C++,C++14 (GCC 5.4.1),cpp,Accepted,1.0,256.0,319,
s845899339,p03567,u984730891,1537464237,C++,C++14 (GCC 5.4.1),cpp,Accepted,1.0,256.0,529,
s062116695,p03567,u141642872,1537464230,C++,C++14 (GCC 5.4.1),cpp,Accepted,1.0,256.0,400,
s820045360,p03567,u833393891,1537417426,C++,C++14 (GCC 5.4.1),cpp,Accepted,1.0,256.0,962,
s653057074,p03567,u219873012,1537347587,C++,C++14 (GCC 5.4.1),cpp,Accepted,1.0,256.0,1794,
s213137794,p03567,u403753892,1537224503,Python,Python (3.4.3),py,Accepted,19.0,3188.0,91,
s742352436,p03567,u146382803,1537150406,Python,Python (3.4.3),py,Accepted,17.0,2940.0,65,
s211593460,p03567,u146382803,1537148756,Python,Python (3.4.3),py,Accepted,17.0,2940.0,65,
s291447226,p03567,u108617242,1537148729,Python,Python (3.4.3),py,Accepted,17.0,2940.0,65,
s027041474,p03567,u916743460,1537148565,C++,C++14 (GCC 5.4.1),cpp,Accepted,1.0,256.0,389,
s383986287,p03567,u409064224,1537146673,Python,Python (3.4.3),py,Accepted,17.0,2940.0,134,
s675394589,p03567,u536580583,1537078745,C++,C++14 (GCC 5.4.1),cpp,Accepted,1.0,256.0,607,
s344486649,p03567,u353412420,1537018605,Python,Python (3.4.3),py,Accepted,17.0,2940.0,41,
s790837247,p03567,u525423408,1536962707,C++,C++14 (GCC 5.4.1),cpp,Accepted,1.0,256.0,718,
s206211023,p03567,u898651494,1536944901,C++,C++14 (GCC 5.4.1),cpp,Accepted,1.0,256.0,1990,
s726042908,p03567,u921168761,1536888713,C++,C++14 (GCC 5.4.1),cpp,Accepted,1.0,256.0,356,
s183109723,p03567,u205561862,1536802175,C++,C++14 (GCC 5.4.1),cpp,Accepted,1.0,256.0,436,
s134607560,p03567,u932465688,1536799234,Python,Python (3.4.3),py,Accepted,17.0,2940.0,64,
s802952379,p03567,u177398299,1536779643,Python,Python (3.4.3),py,Accepted,17.0,2940.0,41,
s868087342,p03567,u102126195,1536685999,Python,Python (3.4.3),py,Accepted,17.0,2940.0,175,
s312296493,p03567,u761989513,1536371279,Python,Python (3.4.3),py,Accepted,17.0,2940.0,64,
s329976749,p03567,u598382605,1536205585,C++,C++14 (GCC 5.4.1),cpp,Accepted,1.0,256.0,186,
s750929977,p03567,u748069390,1535989008,C++,C++14 (GCC 5.4.1),cpp,Accepted,1.0,256.0,219,
s061278353,p03567,u846150137,1535977903,Python,Python (3.4.3),py,Accepted,17.0,2940.0,41,
s830112211,p03567,u690536347,1535913884,Python,Python (3.4.3),py,Accepted,19.0,3060.0,54,
s815950953,p03567,u461636820,1535878787,Python,Python (3.4.3),py,Accepted,17.0,2940.0,47,
s834074737,p03567,u772304668,1535870125,C++,C++14 (GCC 5.4.1),cpp,Accepted,1.0,256.0,276,
s489465563,p03567,u372550522,1535663536,C++,C++14 (GCC 5.4.1),cpp,Accepted,1.0,256.0,354,
s806744179,p03567,u128258399,1535614220,C++,C++14 (GCC 5.4.1),cpp,Accepted,1.0,256.0,257,
s226253279,p03567,u350561621,1535602728,C++,C++14 (GCC 5.4.1),cpp,Accepted,1.0,128.0,254,
s436507106,p03567,u090967649,1535521607,C++,C++14 (GCC 5.4.1),cpp,Accepted,1.0,256.0,274,
s797119109,p03567,u502709453,1535386331,C++,C++14 (GCC 5.4.1),cpp,Accepted,1.0,256.0,936,
s570357513,p03567,u394919721,1535237536,C++,C++14 (GCC 5.4.1),cpp,Accepted,1.0,256.0,958,
s988770200,p03567,u281964543,1535170989,C++,C++14 (GCC 5.4.1),cpp,Accepted,1.0,256.0,160,
s466651344,p03567,u858520692,1535124908,C++,C++14 (GCC 5.4.1),cpp,Accepted,1.0,256.0,447,
s190266249,p03567,u664743926,1535068813,C++,C++14 (GCC 5.4.1),cpp,Accepted,1.0,256.0,262,
s922539509,p03567,u122365993,1535004349,C++,C++14 (GCC 5.4.1),cpp,Accepted,1.0,256.0,322,
s323631283,p03567,u132344815,1534901806,Python,Python (3.4.3),py,Accepted,19.0,3060.0,69,
s475883266,p03567,u500026208,1534627162,C++,C++14 (GCC 5.4.1),cpp,Accepted,1.0,256.0,224,
s638222929,p03567,u271063202,1534386555,Python,Python (3.4.3),py,Accepted,17.0,2940.0,48,
s131996723,p03567,u899220667,1534174090,C++,C++14 (GCC 5.4.1),cpp,Accepted,1.0,256.0,745,
s192437779,p03567,u932066890,1534017747,C++,C++14 (GCC 5.4.1),cpp,Accepted,1.0,256.0,749,
s154571620,p03567,u098844816,1534007955,C++,C++14 (GCC 5.4.1),cpp,Accepted,1.0,256.0,594,
s076568961,p03567,u415720053,1534000770,C++,C++14 (GCC 5.4.1),cpp,Accepted,1.0,256.0,454,
s272483060,p03567,u605917063,1533964533,C++,C++14 (GCC 5.4.1),cpp,Accepted,1.0,256.0,578,
s113344147,p03567,u915020369,1533957630,C++,C++14 (GCC 5.4.1),cpp,Accepted,1.0,256.0,295,
s177305949,p03567,u333945892,1533822901,Python,Python (3.4.3),py,Accepted,30.0,4212.0,362,
s727870684,p03567,u108808596,1533086067,Python,Python (2.7.6),py,Accepted,10.0,2568.0,60,
s707202838,p03567,u891178744,1533065545,C++,C++14 (GCC 5.4.1),cpp,Accepted,1.0,256.0,234,
s781694902,p03567,u129134470,1533006150,C++,C++14 (GCC 5.4.1),cpp,Accepted,1.0,256.0,259,
s603257043,p03567,u729133443,1532907176,Python,PyPy3 (2.4.0),py,Accepted,180.0,38384.0,35,
s386893244,p03567,u053227023,1532850495,C++,C++14 (GCC 5.4.1),cpp,Accepted,1.0,256.0,240,
s161958828,p03567,u137332130,1532827981,C++,C++14 (GCC 5.4.1),cpp,Accepted,1.0,256.0,1051,
s391503918,p03567,u832039789,1532657769,Python,Python (3.4.3),py,Accepted,17.0,2940.0,41,
s085331070,p03567,u506255180,1532641802,C++,C++14 (GCC 5.4.1),cpp,Accepted,1.0,256.0,262,
s123828586,p03567,u562935282,1532285640,Python,Python (3.4.3),py,Accepted,20.0,3060.0,112,
s961664204,p03567,u734519000,1531677346,C++,C++14 (GCC 5.4.1),cpp,Accepted,1.0,256.0,300,
s055838405,p03567,u024333896,1531454011,C++,C++14 (GCC 5.4.1),cpp,Accepted,1.0,256.0,286,
s902172470,p03567,u570706557,1531312876,C++,C++14 (GCC 5.4.1),cpp,Accepted,1.0,256.0,326,
s027395161,p03567,u627417051,1531281076,Python,Python (3.4.3),py,Accepted,17.0,2940.0,58,
s571814061,p03567,u623115612,1531255392,C++,C++14 (GCC 5.4.1),cpp,Accepted,1.0,256.0,283,
s249671362,p03567,u259210975,1531099409,C++,C++14 (GCC 5.4.1),cpp,Accepted,1.0,256.0,311,
s041991130,p03567,u147049801,1531099347,C++,C++14 (GCC 5.4.1),cpp,Accepted,1.0,256.0,214,
s633480643,p03567,u379822620,1531099245,C++,C++14 (GCC 5.4.1),cpp,Accepted,1.0,256.0,377,
s956308920,p03567,u006686215,1531099202,C++,C++14 (GCC 5.4.1),cpp,Accepted,1.0,256.0,377,
s710014326,p03567,u275337945,1531019549,C++,C++14 (GCC 5.4.1),cpp,Accepted,1.0,256.0,311,
s034214236,p03567,u015514760,1530895749,C++,C++14 (GCC 5.4.1),cpp,Accepted,1.0,256.0,304,
s916242442,p03567,u870965055,1530830949,C++,C++14 (GCC 5.4.1),cpp,Accepted,1.0,256.0,563,
s857699326,p03567,u546943614,1530654442,C++,C++14 (GCC 5.4.1),cpp,Accepted,1.0,256.0,651,
s254115163,p03567,u745250049,1530351001,C++,C++14 (GCC 5.4.1),cpp,Accepted,2.0,384.0,1049,
s341504522,p03567,u394482932,1530159896,C++,C++14 (GCC 5.4.1),cpp,Accepted,1.0,256.0,253,
s287157780,p03567,u544732702,1529794077,C++,C++14 (GCC 5.4.1),cpp,Accepted,1.0,256.0,245,
s903722838,p03567,u854243627,1529695839,C++,C++14 (GCC 5.4.1),cpp,Accepted,1.0,256.0,490,
s971093649,p03567,u333139319,1529694789,Python,Python (3.4.3),py,Accepted,17.0,2940.0,138,
s225121503,p03567,u692336506,1529424636,C++,C++14 (GCC 5.4.1),cpp,Accepted,1.0,256.0,311,
s846672890,p03567,u399527088,1529256473,C++,C++14 (GCC 5.4.1),cpp,Accepted,3.0,5632.0,1012,
s935099965,p03567,u813450984,1529040494,Python,Python (3.4.3),py,Accepted,17.0,2940.0,60,
s905332105,p03567,u033378815,1529006472,C++,C++14 (GCC 5.4.1),cpp,Accepted,1.0,256.0,1557,
s274853701,p03567,u846686917,1528859460,C++,C++14 (GCC 5.4.1),cpp,Accepted,1.0,256.0,175,
s205851910,p03567,u521992338,1528850657,C++,C++14 (GCC 5.4.1),cpp,Accepted,1.0,256.0,262,
s273226348,p03567,u018679195,1528561719,Python,Python (3.4.3),py,Accepted,17.0,2940.0,69,
s415851422,p03567,u147049801,1528318721,C++,C++14 (GCC 5.4.1),cpp,Accepted,1.0,256.0,215,
s963900277,p03567,u147049801,1528318647,C++,C++14 (GCC 5.4.1),cpp,Accepted,1.0,256.0,215,
s423526492,p03567,u421777980,1527979281,C++,C++14 (GCC 5.4.1),cpp,Accepted,1.0,256.0,658,
s376981045,p03567,u930898631,1527972680,C++,C++14 (GCC 5.4.1),cpp,Accepted,2.0,256.0,503,
s336462382,p03567,u379822620,1527709016,C++,C++14 (GCC 5.4.1),cpp,Accepted,1.0,256.0,202,
s300815076,p03567,u006686215,1527624838,C++,C++14 (GCC 5.4.1),cpp,Accepted,1.0,256.0,284,
s200566837,p03567,u399280934,1527611973,Python,Python (3.4.3),py,Accepted,17.0,2940.0,41,
s303138813,p03567,u855186748,1527482363,C++,C++14 (GCC 5.4.1),cpp,Accepted,1.0,256.0,216,
s996247915,p03567,u566529875,1527278737,C++,C++14 (GCC 5.4.1),cpp,Accepted,1.0,256.0,314,
s065171426,p03567,u159757494,1527164866,C++,C++14 (GCC 5.4.1),cpp,Accepted,1.0,256.0,886,
s053299732,p03567,u157322125,1527163478,C++,C++14 (GCC 5.4.1),cpp,Accepted,1.0,256.0,259,
s441311457,p03567,u620084012,1527101170,Python,Python (3.4.3),py,Accepted,17.0,2940.0,113,
s538627340,p03567,u952708174,1526770433,Python,Python (3.4.3),py,Accepted,17.0,2940.0,118,
s539226185,p03567,u047535298,1526679188,Python,Python (3.4.3),py,Accepted,17.0,2940.0,44,
s669591127,p03567,u942774736,1526521095,C++,C++14 (GCC 5.4.1),cpp,Accepted,1.0,256.0,249,
s389474084,p03567,u550995059,1526327340,C++,C++14 (GCC 5.4.1),cpp,Accepted,1.0,256.0,219,
s166607079,p03567,u226108478,1526210938,Python,Python (3.4.3),py,Accepted,17.0,2940.0,179,
s056482801,p03567,u059727354,1526188245,C++,C++14 (GCC 5.4.1),cpp,Accepted,1.0,256.0,3276,
s973393390,p03567,u729707098,1526076057,Python,Python (3.4.3),py,Accepted,17.0,2940.0,56,
s561672022,p03567,u941884460,1526026793,Python,Python (3.4.3),py,Accepted,17.0,2940.0,69,
s950294436,p03567,u161708646,1525733951,C++,C++14 (GCC 5.4.1),cpp,Accepted,1.0,256.0,335,
s867688378,p03567,u416915042,1525733859,C++,C++14 (GCC 5.4.1),cpp,Accepted,1.0,256.0,1205,
s705513763,p03567,u263518976,1525733112,C++,C++14 (GCC 5.4.1),cpp,Accepted,1.0,256.0,250,
s554052898,p03567,u119125335,1525733085,C++,C++14 (GCC 5.4.1),cpp,Accepted,1.0,256.0,298,
s892774222,p03567,u132681722,1525732831,C++,C++14 (GCC 5.4.1),cpp,Accepted,1.0,256.0,297,
s996348063,p03567,u715033989,1525732552,C++,C++14 (GCC 5.4.1),cpp,Accepted,1.0,256.0,249,
s512891544,p03567,u973997867,1525732472,C++,C++14 (GCC 5.4.1),cpp,Accepted,1.0,256.0,291,
s756969397,p03567,u905715926,1525732376,C++,C++14 (GCC 5.4.1),cpp,Accepted,1.0,256.0,406,
s916394125,p03567,u416560151,1525732356,C++,C++14 (GCC 5.4.1),cpp,Accepted,1.0,256.0,496,
s798658609,p03567,u382880969,1525732302,C++,C++14 (GCC 5.4.1),cpp,Accepted,1.0,256.0,927,
s544740361,p03567,u259053514,1525610558,C++,C++14 (GCC 5.4.1),cpp,Accepted,1.0,256.0,15653,
s462823360,p03567,u766407523,1525403080,Python,Python (3.4.3),py,Accepted,17.0,2940.0,58,
s650808087,p03567,u617379890,1525291711,C++,C++14 (GCC 5.4.1),cpp,Accepted,1.0,256.0,248,
s661990647,p03567,u918753189,1525124213,C++,C++14 (GCC 5.4.1),cpp,Accepted,1.0,256.0,261,
s724634993,p03567,u539402331,1524783994,C++,C++14 (GCC 5.4.1),cpp,Accepted,1.0,256.0,212,
s369842857,p03567,u136869985,1524713490,C++,C++14 (GCC 5.4.1),cpp,Accepted,1.0,256.0,318,
s165656962,p03567,u200239931,1523932416,Python,Python (3.4.3),py,Accepted,17.0,3064.0,560,
s925734495,p03567,u856232850,1523829047,Python,Python (3.4.3),py,Accepted,17.0,2940.0,65,
s984402216,p03567,u476418095,1523063101,C++,C++ (GCC 5.4.1),cpp,Accepted,1.0,256.0,315,
s687827013,p03567,u426964396,1523057775,C++,C++ (GCC 5.4.1),cpp,Accepted,1.0,256.0,261,
s415996690,p03567,u247366051,1523047659,C++,C++ (GCC 5.4.1),cpp,Accepted,1.0,256.0,220,
s359029719,p03567,u247366051,1523039651,C++,C++ (GCC 5.4.1),cpp,Accepted,1.0,256.0,261,
s149741572,p03567,u426964396,1523039216,C++,C++ (GCC 5.4.1),cpp,Accepted,1.0,256.0,335,
s436588464,p03567,u426964396,1523038604,C++,C++ (GCC 5.4.1),cpp,Accepted,2.0,256.0,140,
s370912103,p03567,u263933075,1523036770,C++,C++ (GCC 5.4.1),cpp,Accepted,1.0,256.0,421,
s436644853,p03567,u476418095,1523024313,C++,C++ (GCC 5.4.1),cpp,Accepted,1.0,256.0,288,
s171418841,p03567,u723721005,1522986141,C++,C++ (GCC 5.4.1),cpp,Accepted,1.0,256.0,108,
s233884390,p03567,u426964396,1522985771,C++,C++ (GCC 5.4.1),cpp,Accepted,1.0,256.0,261,
s789366450,p03567,u723721005,1522960456,C++,C++ (GCC 5.4.1),cpp,Accepted,1.0,256.0,271,
s099001131,p03567,u713631639,1522959719,C++,C++ (GCC 5.4.1),cpp,Accepted,1.0,256.0,315,
s387238489,p03567,u247366051,1522955139,C++,C++ (GCC 5.4.1),cpp,Accepted,1.0,256.0,303,
s572330781,p03567,u247366051,1522949896,C++,C++ (GCC 5.4.1),cpp,Accepted,2.0,256.0,213,
s775750744,p03567,u723721005,1522946720,C++,C++ (GCC 5.4.1),cpp,Accepted,1.0,256.0,683,
s320860221,p03567,u476418095,1522939579,C++,C++ (GCC 5.4.1),cpp,Accepted,1.0,256.0,314,
s237442571,p03567,u476418095,1522907348,C++,C++ (GCC 5.4.1),cpp,Accepted,1.0,256.0,281,
s307474006,p03567,u228214259,1522895937,C++,C++14 (GCC 5.4.1),cpp,Accepted,1.0,256.0,431,
s753496405,p03567,u101341410,1522894994,C++,C++ (GCC 5.4.1),cpp,Accepted,1.0,256.0,429,
s319972634,p03567,u476418095,1522887521,C++,C++ (GCC 5.4.1),cpp,Accepted,1.0,256.0,246,
s395911633,p03567,u722555249,1522886943,C++,C++ (GCC 5.4.1),cpp,Accepted,1.0,256.0,196,
s149178976,p03567,u247366051,1522884215,C++,C++ (GCC 5.4.1),cpp,Accepted,1.0,256.0,392,
s906054415,p03567,u426964396,1522883347,C++,C++ (GCC 5.4.1),cpp,Accepted,2.0,384.0,292,
s866228685,p03567,u247366051,1522880511,C++,C++ (GCC 5.4.1),cpp,Accepted,1.0,256.0,241,
s812183917,p03567,u476418095,1522878995,C++,C++ (GCC 5.4.1),cpp,Accepted,1.0,256.0,251,
s578478340,p03567,u263933075,1522868450,C++,C++ (GCC 5.4.1),cpp,Accepted,1.0,256.0,260,
s888357410,p03567,u426964396,1522860378,C++,C++ (GCC 5.4.1),cpp,Accepted,1.0,256.0,206,
s519056727,p03567,u054410388,1522854153,C++,C++ (GCC 5.4.1),cpp,Accepted,1.0,256.0,238,
s279257254,p03567,u263933075,1522846881,C++,C++ (GCC 5.4.1),cpp,Accepted,1.0,256.0,278,
s404809324,p03567,u723721005,1522845052,C++,C++ (GCC 5.4.1),cpp,Accepted,1.0,256.0,197,
s341553185,p03567,u723721005,1522844923,C++,C++ (GCC 5.4.1),cpp,Accepted,1.0,256.0,268,
s260666614,p03567,u476418095,1522801484,C++,C++ (GCC 5.4.1),cpp,Accepted,1.0,256.0,229,
s531205098,p03567,u263933075,1522789572,C++,C++ (GCC 5.4.1),cpp,Accepted,1.0,128.0,210,
s230450909,p03567,u426964396,1522787788,C++,C++ (GCC 5.4.1),cpp,Accepted,2.0,384.0,188,
s911255361,p03567,u723721005,1522778236,C++,C++ (GCC 5.4.1),cpp,Accepted,1.0,256.0,261,
s498457419,p03567,u263933075,1522773518,C++,C++ (GCC 5.4.1),cpp,Accepted,1.0,256.0,212,
s955612579,p03567,u426964396,1522758965,Python,Python (3.4.3),py,Accepted,17.0,2940.0,59,
s463307318,p03567,u476418095,1522728926,C++,C++ (GCC 5.4.1),cpp,Accepted,2.0,256.0,642,
s425173290,p03567,u883955480,1522728765,C++,C++ (GCC 5.4.1),cpp,Accepted,1.0,256.0,265,
s517067630,p03567,u451795062,1522728762,C++,C++14 (GCC 5.4.1),cpp,Accepted,1.0,256.0,317,
s744344946,p03567,u426964396,1522728432,C++,C++14 (GCC 5.4.1),cpp,Accepted,1.0,256.0,317,
s170702869,p03567,u263933075,1522726324,C++,C++ (GCC 5.4.1),cpp,Accepted,1.0,256.0,305,
s838437352,p03567,u263933075,1522725504,C++,C++ (GCC 5.4.1),cpp,Accepted,1.0,256.0,237,
s292160842,p03567,u723721005,1522721438,C++,C++ (GCC 5.4.1),cpp,Accepted,1.0,256.0,1307,
s383151242,p03567,u476418095,1522721069,C++,C++ (GCC 5.4.1),cpp,Accepted,1.0,256.0,285,
s782667871,p03567,u476418095,1522721010,C++,C++ (GCC 5.4.1),cpp,Accepted,1.0,256.0,232,
s255302192,p03567,u263933075,1522696142,C++,C++ (GCC 5.4.1),cpp,Accepted,1.0,256.0,315,
s442607327,p03567,u247366051,1522694885,C++,C++ (GCC 5.4.1),cpp,Accepted,1.0,256.0,232,
s738269566,p03567,u247366051,1522693616,C++,C++ (GCC 5.4.1),cpp,Accepted,1.0,256.0,272,
s936638729,p03567,u732334496,1522638046,C++,C++14 (GCC 5.4.1),cpp,Accepted,1.0,256.0,139,
s880700749,p03567,u247366051,1522626503,C++,C++ (GCC 5.4.1),cpp,Accepted,1.0,256.0,406,
s056853956,p03567,u426964396,1522625701,C++,C++14 (GCC 5.4.1),cpp,Accepted,1.0,256.0,1340,
s675868845,p03567,u723721005,1522624721,C++,C++ (GCC 5.4.1),cpp,Accepted,1.0,256.0,241,
s469399338,p03567,u426964396,1522617636,C++,C++ (GCC 5.4.1),cpp,Accepted,1.0,256.0,258,
s717969273,p03567,u247366051,1522590437,C++,C++ (GCC 5.4.1),cpp,Accepted,1.0,256.0,275,
s400310542,p03567,u263933075,1522588094,C++,C++ (GCC 5.4.1),cpp,Accepted,1.0,256.0,377,
s576229048,p03567,u263933075,1522587573,C++,C++ (GCC 5.4.1),cpp,Accepted,1.0,256.0,326,
s506451173,p03567,u974239829,1522367496,C++,C++14 (GCC 5.4.1),cpp,Accepted,1.0,256.0,360,
s260806348,p03567,u685892567,1522043348,C++,C++14 (GCC 5.4.1),cpp,Accepted,4.0,256.0,560,
s686445104,p03567,u426578126,1522035768,C++,C++14 (GCC 5.4.1),cpp,Accepted,1.0,256.0,289,
s019956866,p03567,u710232726,1521916765,C++,C++14 (GCC 5.4.1),cpp,Accepted,1.0,256.0,239,
s686658587,p03567,u476418095,1521758439,C++,C++ (GCC 5.4.1),cpp,Accepted,1.0,256.0,199,
s960824965,p03567,u064359585,1521699909,C++,C++14 (GCC 5.4.1),cpp,Accepted,1.0,256.0,481,
s675260708,p03567,u831929072,1521664571,C++,C++14 (GCC 5.4.1),cpp,Accepted,1.0,256.0,1294,
s674816213,p03567,u477678256,1521576734,C++,C++14 (GCC 5.4.1),cpp,Accepted,1.0,256.0,161,
s991125766,p03567,u030726788,1521575730,Python,Python (3.4.3),py,Accepted,19.0,2940.0,49,
s720978226,p03567,u878615689,1521539847,C++,C++14 (GCC 5.4.1),cpp,Accepted,1.0,256.0,1219,
s768612514,p03567,u728732647,1521406839,C++,C++14 (GCC 5.4.1),cpp,Accepted,1.0,256.0,9111,
s162046279,p03567,u875361824,1521275704,Python,Python (3.4.3),py,Accepted,18.0,3188.0,137,
s714256033,p03567,u562016607,1521150360,Python,Python (3.4.3),py,Accepted,18.0,2940.0,85,
s457017565,p03567,u517700219,1521036241,C++,C++14 (GCC 5.4.1),cpp,Accepted,2.0,256.0,226,
s996905230,p03567,u729133443,1520845675,Python,Python (3.4.3),py,Accepted,17.0,2940.0,48,
s597658583,p03567,u526367939,1520055251,C++,C++14 (GCC 5.4.1),cpp,Accepted,1.0,256.0,398,
s006390803,p03567,u181719868,1519865345,C++,C++14 (GCC 5.4.1),cpp,Accepted,1.0,256.0,368,
s558502691,p03567,u211964883,1518710209,C++,C++14 (GCC 5.4.1),cpp,Accepted,1.0,256.0,2492,
s605453190,p03567,u178681512,1518414588,C++,C++14 (GCC 5.4.1),cpp,Accepted,1.0,256.0,232,
s774243168,p03567,u048251253,1517633400,C++,C++14 (GCC 5.4.1),cpp,Accepted,1.0,256.0,288,
s208121114,p03567,u828706986,1516936377,C++,C++11 (GCC 4.8.1),cpp,Accepted,1.0,256.0,392,
s932499147,p03567,u171026188,1516719518,C++,C++14 (GCC 5.4.1),cpp,Accepted,1.0,256.0,188,
s821971859,p03567,u687470137,1516472275,C++,C++14 (GCC 5.4.1),cpp,Accepted,1.0,256.0,772,
s097359334,p03567,u226223646,1516308122,C++,C++14 (GCC 5.4.1),cpp,Accepted,1.0,256.0,369,
s882744108,p03567,u917715822,1516064508,C++,C++14 (GCC 5.4.1),cpp,Accepted,1.0,256.0,701,
s515160950,p03567,u580402951,1515534470,C++,C++14 (GCC 5.4.1),cpp,Accepted,1.0,256.0,401,
s011335230,p03567,u499259667,1515534214,Python,Python (3.4.3),py,Accepted,17.0,2940.0,47,
s196049200,p03567,u705918648,1515533128,C++,C++14 (GCC 5.4.1),cpp,Accepted,1.0,256.0,1390,
s705549122,p03567,u773548422,1515358698,C++,C++14 (GCC 5.4.1),cpp,Accepted,1.0,256.0,300,
s806241069,p03567,u115259771,1514859105,C++,C++14 (GCC 5.4.1),cpp,Accepted,1.0,256.0,157,
s511557953,p03567,u010733367,1514858277,Python,Python (3.4.3),py,Accepted,17.0,2940.0,65,
s288830330,p03567,u679904527,1514837106,C++,C++14 (GCC 5.4.1),cpp,Accepted,1.0,256.0,497,
s224395992,p03567,u707053380,1514319973,C++,C++14 (GCC 5.4.1),cpp,Accepted,1.0,256.0,483,
s366216278,p03567,u089360788,1514167253,C++,C++14 (GCC 5.4.1),cpp,Accepted,1.0,256.0,452,
s948814874,p03567,u904666233,1514129764,C++,C++14 (GCC 5.4.1),cpp,Accepted,1.0,256.0,1769,
s544395847,p03567,u732285858,1513917466,C++,C++14 (GCC 5.4.1),cpp,Accepted,1.0,256.0,355,
s774754309,p03567,u065125881,1513608672,C++,C++14 (GCC 5.4.1),cpp,Accepted,1.0,256.0,1769,
s241178472,p03567,u587366956,1513561064,C++,C++14 (GCC 5.4.1),cpp,Accepted,1.0,256.0,253,
s208619418,p03567,u276192130,1513028527,Python,Python (3.4.3),py,Accepted,17.0,2940.0,54,
s455011031,p03567,u914739916,1512955395,C++,C++14 (GCC 5.4.1),cpp,Accepted,1.0,256.0,404,
s287442116,p03567,u591824072,1512918943,C++,C++14 (GCC 5.4.1),cpp,Accepted,1.0,256.0,648,
s685863336,p03567,u942228791,1512425908,C++,C++14 (GCC 5.4.1),cpp,Accepted,1.0,256.0,349,
s009117741,p03567,u214021794,1512423344,C++,C++14 (GCC 5.4.1),cpp,Accepted,1.0,256.0,517,
s730712386,p03567,u515019830,1512421777,C++,C++14 (GCC 5.4.1),cpp,Accepted,1.0,256.0,1401,
s635756349,p03567,u018679195,1512343327,C++,C++14 (GCC 5.4.1),cpp,Accepted,1.0,256.0,686,
s956249512,p03567,u707053380,1512146607,C++,C++14 (GCC 5.4.1),cpp,Accepted,1.0,256.0,582,
s154808954,p03567,u016612263,1511724664,C++,C++14 (GCC 5.4.1),cpp,Accepted,1.0,256.0,489,
s817763763,p03567,u567779590,1511632360,Python,Python (3.4.3),py,Accepted,17.0,2940.0,65,
s578705679,p03567,u857605629,1511610172,Python,Python (2.7.6),py,Accepted,11.0,2568.0,50,
s065395356,p03567,u987564901,1511412369,C++,C++14 (GCC 5.4.1),cpp,Accepted,1.0,256.0,348,
s705689298,p03567,u015757516,1511396646,C++,C++14 (GCC 5.4.1),cpp,Accepted,1.0,256.0,241,
s493792232,p03567,u134616445,1511126163,C++,C++14 (GCC 5.4.1),cpp,Accepted,1.0,256.0,774,
s129849230,p03567,u742591936,1511058206,C++,C++14 (GCC 5.4.1),cpp,Accepted,1.0,256.0,277,
s466040393,p03567,u314902127,1510874365,Python,Python (3.4.3),py,Accepted,17.0,2940.0,66,
s501867156,p03567,u924194799,1510587948,C++,C++14 (GCC 5.4.1),cpp,Accepted,1.0,256.0,274,
s321974149,p03567,u093823266,1510547873,C++,C++14 (GCC 5.4.1),cpp,Accepted,1.0,256.0,204,
s246577573,p03567,u693386219,1510492693,C++,C++14 (GCC 5.4.1),cpp,Accepted,1.0,256.0,821,
s809541775,p03567,u089230684,1510457828,C++,C++14 (GCC 5.4.1),cpp,Accepted,1.0,256.0,301,
s449601549,p03567,u635277286,1510415547,C++,C++14 (GCC 5.4.1),cpp,Accepted,1.0,256.0,433,
s870532569,p03567,u468700753,1510343153,C++,C++14 (GCC 5.4.1),cpp,Accepted,1.0,256.0,544,
s805454709,p03567,u207036582,1510284925,C++,C++14 (GCC 5.4.1),cpp,Accepted,0.0,128.0,216,
s338018822,p03567,u667084803,1510210281,Python,Python (3.4.3),py,Accepted,17.0,3060.0,117,
s179624538,p03567,u523915521,1510174831,C++,C++14 (GCC 5.4.1),cpp,Accepted,1.0,128.0,536,
s257682768,p03567,u348670055,1510108226,C++,C++14 (GCC 5.4.1),cpp,Accepted,1.0,256.0,391,
s991768238,p03567,u272319314,1510105950,C++,C++14 (GCC 5.4.1),cpp,Accepted,1.0,256.0,293,
s995401113,p03567,u243127472,1510093363,C++,C++14 (GCC 5.4.1),cpp,Accepted,1.0,256.0,267,
s793048906,p03567,u698176572,1510030151,C++,C++14 (GCC 5.4.1),cpp,Accepted,1.0,256.0,272,
s318711383,p03567,u743272507,1509998183,Python,Python (3.4.3),py,Accepted,19.0,2940.0,119,
s080413164,p03567,u475834133,1509981124,C++,C++14 (GCC 5.4.1),cpp,Accepted,1.0,256.0,903,
s821687502,p03567,u240776358,1509818576,C++,C++14 (GCC 5.4.1),cpp,Accepted,1.0,256.0,229,
s026154731,p03567,u703048741,1509800808,C++,C++14 (GCC 5.4.1),cpp,Accepted,1.0,256.0,288,
s999879604,p03567,u434449690,1509750292,C++,C++14 (GCC 5.4.1),cpp,Accepted,1.0,256.0,889,
s187694481,p03567,u379947938,1509702937,C++,C++14 (GCC 5.4.1),cpp,Accepted,1.0,256.0,793,
s601300658,p03567,u729417323,1509689236,Python,Python (3.4.3),py,Accepted,18.0,2940.0,321,
s782953577,p03567,u294642518,1509671575,C++,C++14 (GCC 5.4.1),cpp,Accepted,1.0,256.0,230,
s431190614,p03567,u752074356,1509639951,C++,C++14 (GCC 5.4.1),cpp,Accepted,1.0,256.0,680,
s508685774,p03567,u516020496,1509629069,C++,C++14 (GCC 5.4.1),cpp,Accepted,1.0,128.0,213,
s837210382,p03567,u031893718,1509609491,C++,C++14 (GCC 5.4.1),cpp,Accepted,1.0,256.0,1357,
s316884911,p03567,u458190722,1509583451,C++,C++14 (GCC 5.4.1),cpp,Accepted,1.0,256.0,284,
s728850713,p03567,u504715104,1509571329,Python,Python (3.4.3),py,Accepted,19.0,2940.0,80,
s700684494,p03567,u942473024,1509570551,C++,C++14 (GCC 5.4.1),cpp,Accepted,1.0,256.0,416,
s254491553,p03567,u870307668,1509556117,C++,C++14 (GCC 5.4.1),cpp,Accepted,2.0,256.0,1442,
s959031308,p03567,u165757239,1509544475,C++,C++14 (GCC 5.4.1),cpp,Accepted,1.0,256.0,271,
s567780148,p03567,u139147798,1509526513,C++,C++14 (GCC 5.4.1),cpp,Accepted,1.0,256.0,3655,
s829709714,p03567,u452725238,1509516456,C++,C++14 (GCC 5.4.1),cpp,Accepted,1.0,256.0,819,
s974255753,p03567,u551313534,1509508522,C++,C++14 (Clang 3.8.0),cpp,Accepted,1.0,256.0,694,
s225569003,p03567,u444856278,1509499096,Python,Python (3.4.3),py,Accepted,18.0,2940.0,140,
s863162659,p03567,u894744967,1509490436,C++,C++14 (GCC 5.4.1),cpp,Accepted,2.0,256.0,214,
s800448693,p03567,u725515700,1509481744,C++,C++14 (GCC 5.4.1),cpp,Accepted,1.0,256.0,346,
s584902436,p03567,u417189754,1509477296,C++,C++14 (GCC 5.4.1),cpp,Accepted,1.0,256.0,853,
s702732935,p03567,u104928587,1509469214,C++,C++14 (GCC 5.4.1),cpp,Accepted,1.0,256.0,453,
s538401509,p03567,u598016178,1509432882,Python,Python (3.4.3),py,Accepted,17.0,2940.0,35,
s443949033,p03567,u313338521,1509413273,C++,C++14 (GCC 5.4.1),cpp,Accepted,1.0,256.0,272,
s191592495,p03567,u948424648,1509379121,C++,C++14 (GCC 5.4.1),cpp,Accepted,1.0,256.0,462,
s658922424,p03567,u016572066,1509314499,C++,C++14 (GCC 5.4.1),cpp,Accepted,1.0,256.0,817,
s797387571,p03567,u999891524,1509287058,C++,C++14 (GCC 5.4.1),cpp,Accepted,1.0,256.0,1064,
s867774199,p03567,u677910391,1509271284,C++,C++14 (GCC 5.4.1),cpp,Accepted,1.0,128.0,460,
s998943278,p03567,u993235301,1509257044,C++,C++14 (GCC 5.4.1),cpp,Accepted,1.0,256.0,685,
s135328072,p03567,u554547282,1509237695,C++,C++14 (GCC 5.4.1),cpp,Accepted,1.0,256.0,246,
s358371787,p03567,u141642872,1509237428,C++,C++14 (GCC 5.4.1),cpp,Accepted,5.0,764.0,243,
s635600677,p03567,u057611820,1509237204,C++,C++14 (GCC 5.4.1),cpp,Accepted,5.0,764.0,527,
s074755502,p03567,u351426847,1509236770,Python,Python (2.7.6),py,Accepted,11.0,2568.0,138,
s446548503,p03567,u226963522,1509236554,C++,C++14 (GCC 5.4.1),cpp,Accepted,1.0,256.0,438,
s570240467,p03567,u582577761,1509232843,Python,PyPy3 (2.4.0),py,Accepted,177.0,38384.0,41,
s082622508,p03567,u191512529,1509221563,C++,C++14 (GCC 5.4.1),cpp,Accepted,1.0,256.0,679,
s310073423,p03567,u475674103,1509220624,C++,C++14 (GCC 5.4.1),cpp,Accepted,1.0,256.0,216,
s857436776,p03567,u943824427,1509215466,C++,C++14 (GCC 5.4.1),cpp,Accepted,1.0,256.0,644,
s358689443,p03567,u962966398,1509213440,C++,C++14 (GCC 5.4.1),cpp,Accepted,1.0,256.0,2307,
s308798755,p03567,u833990553,1509212565,Python,Python (2.7.6),py,Accepted,11.0,2568.0,50,
s561549433,p03567,u351426847,1509203524,Python,Python (2.7.6),py,Accepted,11.0,2568.0,130,
s156054365,p03567,u351426847,1509203443,Python,Python (2.7.6),py,Accepted,14.0,2696.0,311,
s552060668,p03567,u351426847,1509203045,C++,C++14 (Clang 3.8.0),cpp,Accepted,3.0,380.0,245,
s795703743,p03567,u056636437,1509199691,C++,C++14 (GCC 5.4.1),cpp,Accepted,1.0,256.0,208,
s998647240,p03567,u159757494,1509155359,C++,C++14 (GCC 5.4.1),cpp,Accepted,1.0,256.0,870,
s466856618,p03567,u038740763,1509149861,Python,Python (3.4.3),py,Accepted,17.0,2940.0,69,
s276862747,p03567,u106989372,1509138812,C++,C++14 (GCC 5.4.1),cpp,Accepted,1.0,256.0,198,
s826919051,p03567,u409125742,1509137960,C++,C++14 (GCC 5.4.1),cpp,Accepted,1.0,256.0,921,
s070234087,p03567,u085117197,1509132595,C++,C++14 (GCC 5.4.1),cpp,Accepted,3.0,256.0,225,
s330110207,p03567,u493610446,1509128628,C++,C++14 (GCC 5.4.1),cpp,Accepted,3.0,256.0,301,
s602954933,p03567,u871334392,1509127382,Python,Python (3.4.3),py,Accepted,18.0,2940.0,151,
s253902716,p03567,u393843179,1509127205,C++,C++14 (GCC 5.4.1),cpp,Accepted,1.0,256.0,287,
s315144580,p03567,u138919616,1509099464,C++,C++14 (GCC 5.4.1),cpp,Accepted,1.0,256.0,992,
s589914116,p03567,u997023236,1509070823,Python,Python (3.4.3),py,Accepted,18.0,2940.0,69,
s138950449,p03567,u997023236,1509070743,Python,PyPy3 (2.4.0),py,Accepted,174.0,38292.0,69,
s528107375,p03567,u464909832,1509069660,C++,C++14 (GCC 5.4.1),cpp,Accepted,1.0,128.0,277,
s735689739,p03567,u678383142,1509069250,C++,C++14 (GCC 5.4.1),cpp,Accepted,1.0,128.0,214,
s522476728,p03567,u863370423,1509063470,C++,C++14 (GCC 5.4.1),cpp,Accepted,1.0,256.0,2285,
s802162407,p03567,u428012835,1509060566,Python,Python (3.4.3),py,Accepted,18.0,2940.0,65,
s636922077,p03567,u003873207,1509056997,C++,C++14 (GCC 5.4.1),cpp,Accepted,1.0,256.0,1466,
s472915200,p03567,u957188497,1509052703,C++,C++14 (GCC 5.4.1),cpp,Accepted,1.0,256.0,542,
s495444696,p03567,u115888500,1509048135,C++,C++14 (GCC 5.4.1),cpp,Accepted,1.0,256.0,271,
s847356714,p03567,u696865277,1509037196,C++,C++14 (GCC 5.4.1),cpp,Accepted,1.0,256.0,181,
s198002380,p03567,u657930597,1509020583,Python,Python (2.7.6),py,Accepted,11.0,2568.0,63,
s364469749,p03567,u323885069,1508998516,C++,C++14 (GCC 5.4.1),cpp,Accepted,1.0,256.0,719,
s491075652,p03567,u277971517,1508998108,C++,C++14 (GCC 5.4.1),cpp,Accepted,1.0,256.0,337,
s036268685,p03567,u482969053,1508990978,Python,Python (3.4.3),py,Accepted,17.0,2940.0,64,
s425750424,p03567,u970348538,1508987733,Python,Python (3.4.3),py,Accepted,17.0,2940.0,60,
s804444248,p03567,u846249652,1508987621,C++,C++14 (GCC 5.4.1),cpp,Accepted,1.0,256.0,552,
s627879295,p03567,u426025492,1508984652,C++,C++14 (GCC 5.4.1),cpp,Accepted,1.0,256.0,653,
s832173375,p03567,u157322125,1508976752,C++,C++14 (GCC 5.4.1),cpp,Accepted,1.0,256.0,222,
s306748573,p03567,u363306002,1508970779,C++,C++14 (GCC 5.4.1),cpp,Accepted,1.0,256.0,214,
s805382480,p03567,u832389061,1508966345,C++,C++14 (GCC 5.4.1),cpp,Accepted,1.0,256.0,1746,
s027488916,p03567,u774202056,1508950959,C++,C++14 (GCC 5.4.1),cpp,Accepted,1.0,256.0,277,
s867233416,p03567,u607034173,1508923250,C++,C++14 (GCC 5.4.1),cpp,Accepted,1.0,256.0,812,
s923021976,p03567,u466446264,1508920198,C++,C++14 (GCC 5.4.1),cpp,Accepted,2.0,256.0,294,
s921308434,p03567,u890465662,1508914288,C++,C++14 (GCC 5.4.1),cpp,Accepted,1.0,256.0,223,
s696154797,p03567,u345759767,1508901793,C++,C++14 (GCC 5.4.1),cpp,Accepted,1.0,256.0,680,
s501804149,p03567,u733823138,1508900809,C++,C++14 (GCC 5.4.1),cpp,Accepted,1.0,256.0,405,
s777879169,p03567,u940299034,1508900289,C++,C++14 (GCC 5.4.1),cpp,Accepted,1.0,256.0,362,
s939784747,p03567,u189237887,1508895302,C++,C++14 (GCC 5.4.1),cpp,Accepted,1.0,128.0,331,
s326602842,p03567,u965730380,1508895198,C++,C++14 (GCC 5.4.1),cpp,Accepted,1.0,256.0,528,
s678003912,p03567,u439176910,1508886420,Python,Python (3.4.3),py,Accepted,20.0,3060.0,90,
s034676860,p03567,u367393577,1508884239,Python,Python (3.4.3),py,Accepted,18.0,2940.0,41,
s435121568,p03567,u986898382,1508882808,C++,C++14 (GCC 5.4.1),cpp,Accepted,1.0,256.0,527,
s103248987,p03567,u094322844,1508882550,C++,C++14 (GCC 5.4.1),cpp,Accepted,1.0,256.0,450,
s982274016,p03567,u294051048,1508881664,C++,C++14 (GCC 5.4.1),cpp,Accepted,1.0,256.0,235,
s183838759,p03567,u846463155,1508878799,C++,C++14 (GCC 5.4.1),cpp,Accepted,1.0,256.0,238,
s198831820,p03567,u682776229,1508878213,C++,C++14 (GCC 5.4.1),cpp,Accepted,2.0,256.0,249,
s084686520,p03567,u591883167,1508873711,C++,C++14 (GCC 5.4.1),cpp,Accepted,1.0,256.0,247,
s815116970,p03567,u111806692,1508873288,Python,Python (3.4.3),py,Accepted,19.0,2940.0,167,
s940154457,p03567,u903384309,1508872984,C++,C++14 (GCC 5.4.1),cpp,Accepted,2.0,256.0,891,
s160552716,p03567,u701131323,1508861119,Python,Python (3.4.3),py,Accepted,24.0,3064.0,156,
s584399825,p03567,u127194462,1508859509,C++,C++14 (GCC 5.4.1),cpp,Accepted,1.0,256.0,253,
s277056725,p03567,u194412908,1508851984,Python,Python (3.4.3),py,Accepted,17.0,3060.0,163,
s373804883,p03567,u821262411,1508849802,Python,Python (3.4.3),py,Accepted,19.0,2940.0,67,
s449726923,p03567,u854367220,1508841189,C++,C++14 (GCC 5.4.1),cpp,Accepted,1.0,256.0,231,
s256690265,p03567,u981861542,1508830622,C++,C++14 (GCC 5.4.1),cpp,Accepted,1.0,256.0,325,
s231478324,p03567,u021026869,1508824042,C++,C++14 (GCC 5.4.1),cpp,Accepted,1.0,256.0,697,
s593652908,p03567,u993487648,1508817423,C++,C++14 (GCC 5.4.1),cpp,Accepted,1.0,256.0,237,
s478458826,p03567,u495913622,1508815942,C++,C++14 (GCC 5.4.1),cpp,Accepted,1.0,256.0,1036,
s282828533,p03567,u093420647,1508813313,C++,C++14 (GCC 5.4.1),cpp,Accepted,1.0,256.0,632,
s401581353,p03567,u150117535,1508812056,Python,PyPy3 (2.4.0),py,Accepted,203.0,38768.0,80,
s119739202,p03567,u346222974,1508812039,Python,Python (3.4.3),py,Accepted,17.0,2940.0,48,
s911118197,p03567,u902644648,1508811809,Python,Python (3.4.3),py,Accepted,17.0,2940.0,56,
s813810602,p03567,u428267713,1508811635,C++,C++14 (GCC 5.4.1),cpp,Accepted,1.0,256.0,377,
s293455000,p03567,u020950131,1508811489,Python,Python (2.7.6),py,Accepted,12.0,2692.0,159,
s865673386,p03567,u026391774,1508811262,C++,C++14 (GCC 5.4.1),cpp,Accepted,1.0,256.0,292,
s188349800,p03567,u546363768,1508810597,C++,C++14 (GCC 5.4.1),cpp,Accepted,1.0,256.0,732,
s072768033,p03567,u411537765,1508810545,Python,Python (3.4.3),py,Accepted,18.0,3064.0,176,
s165613143,p03567,u375054715,1508810063,C++,C++14 (GCC 5.4.1),cpp,Accepted,1.0,256.0,184,
s163023994,p03567,u272360651,1508809504,C++,C++14 (GCC 5.4.1),cpp,Accepted,1.0,256.0,428,
s931874427,p03567,u997623304,1508807257,C++,C++14 (GCC 5.4.1),cpp,Accepted,1.0,128.0,225,
s109967494,p03567,u483551214,1508806761,C++,C++14 (GCC 5.4.1),cpp,Accepted,1.0,256.0,581,
s600307916,p03567,u245232453,1508804078,C++,C++14 (GCC 5.4.1),cpp,Accepted,1.0,256.0,252,
s230187014,p03567,u105791541,1508803974,C++,C++14 (GCC 5.4.1),cpp,Accepted,1.0,256.0,806,
s428102468,p03567,u205655980,1508803146,C++,C++14 (GCC 5.4.1),cpp,Accepted,1.0,256.0,323,
s893097135,p03567,u407844880,1508802895,C++,C++14 (GCC 5.4.1),cpp,Accepted,1.0,256.0,184,
s600802567,p03567,u926678805,1508802701,Python,Python (3.4.3),py,Accepted,18.0,2940.0,41,
s401421795,p03567,u422104747,1508798222,Python,Python (3.4.3),py,Accepted,19.0,2940.0,56,
s913979104,p03567,u839766856,1508797299,C++,C++14 (GCC 5.4.1),cpp,Accepted,1.0,256.0,1698,
s430910926,p03567,u604693716,1508796783,C++,C++14 (GCC 5.4.1),cpp,Accepted,1.0,256.0,234,
s223706233,p03567,u640323045,1508795223,C++,C++14 (GCC 5.4.1),cpp,Accepted,1.0,256.0,190,
s969284345,p03567,u869835499,1508795042,C++,C++14 (GCC 5.4.1),cpp,Accepted,1.0,256.0,932,
s265137104,p03567,u937018609,1508794699,C++,C++14 (GCC 5.4.1),cpp,Accepted,1.0,256.0,1406,
s985811311,p03567,u609658790,1508794633,C++,C++14 (GCC 5.4.1),cpp,Accepted,1.0,256.0,319,
s604539331,p03567,u428070871,1508794005,C++,C++14 (GCC 5.4.1),cpp,Accepted,2.0,2304.0,944,
s071570133,p03567,u154574371,1508793926,C++,C++14 (GCC 5.4.1),cpp,Accepted,1.0,256.0,3636,
s439812647,p03567,u549743442,1508793875,C++,C++14 (GCC 5.4.1),cpp,Accepted,1.0,128.0,274,
s389240581,p03567,u126747509,1508793264,Python,Python (3.4.3),py,Accepted,18.0,2940.0,110,
s752927217,p03567,u009012332,1508792854,C++,C++14 (GCC 5.4.1),cpp,Accepted,1.0,256.0,447,
s523604582,p03567,u945409169,1508791578,C++,C++14 (GCC 5.4.1),cpp,Accepted,2.0,256.0,216,
s788479728,p03567,u851965109,1508786930,C++,C++14 (GCC 5.4.1),cpp,Accepted,1.0,256.0,238,
s482493948,p03567,u263170104,1508786821,C++,C++14 (GCC 5.4.1),cpp,Accepted,1.0,256.0,241,
s584619688,p03567,u687214625,1508785960,C++,C++14 (GCC 5.4.1),cpp,Accepted,2.0,256.0,260,
s555218202,p03567,u846552659,1508785067,Python,Python (3.4.3),py,Accepted,18.0,2940.0,154,
s303063673,p03567,u253103029,1508784978,C++,C++14 (GCC 5.4.1),cpp,Accepted,1.0,128.0,250,
s938849109,p03567,u858136677,1508782005,Python,Python (3.4.3),py,Accepted,18.0,2940.0,81,
s637166651,p03567,u783930685,1508776981,C++,C++14 (GCC 5.4.1),cpp,Accepted,1.0,256.0,211,
s888277183,p03567,u823112986,1508776235,C++,C++14 (GCC 5.4.1),cpp,Accepted,1.0,256.0,287,
s953804122,p03567,u823112986,1508775295,C++,C++14 (GCC 5.4.1),cpp,Accepted,1.0,256.0,287,
s808401490,p03567,u555559431,1508773672,C++,C++14 (GCC 5.4.1),cpp,Accepted,1.0,128.0,196,
s990748562,p03567,u155216115,1508773317,C++,C++14 (GCC 5.4.1),cpp,Accepted,1.0,256.0,307,
s219330213,p03567,u553982470,1508772553,C++,C++14 (GCC 5.4.1),cpp,Accepted,1.0,256.0,284,
s904109745,p03567,u623736960,1508769208,C++,C++14 (GCC 5.4.1),cpp,Accepted,1.0,128.0,304,
s196077827,p03567,u596276291,1508769150,Python,Python (3.4.3),py,Accepted,26.0,3444.0,357,
s240539976,p03567,u219833145,1508768957,C++,C++14 (GCC 5.4.1),cpp,Accepted,1.0,256.0,357,
s670121700,p03567,u374028781,1508768395,C++,C++14 (GCC 5.4.1),cpp,Accepted,1.0,256.0,495,
s043986287,p03567,u781091740,1508764940,Python,Python (3.4.3),py,Accepted,18.0,2940.0,41,
s581217779,p03567,u156390495,1508764402,C++,C++14 (GCC 5.4.1),cpp,Accepted,1.0,256.0,236,
s248036281,p03567,u692218408,1508762447,C++,C++14 (GCC 5.4.1),cpp,Accepted,1.0,256.0,227,
s887686826,p03567,u927547616,1508752427,Python,Python (3.4.3),py,Accepted,17.0,2940.0,36,
s669364395,p03567,u109171136,1508749739,C++,C++14 (GCC 5.4.1),cpp,Accepted,1.0,256.0,269,
s266985968,p03567,u983351380,1508740519,C++,C++14 (GCC 5.4.1),cpp,Accepted,1.0,256.0,275,
s016741130,p03567,u269204430,1508738709,C++,C++14 (GCC 5.4.1),cpp,Accepted,1.0,256.0,746,
s047767677,p03567,u205655980,1508735159,C++,C++14 (GCC 5.4.1),cpp,Accepted,1.0,256.0,303,
s025352282,p03567,u661686644,1508733886,C++,C++14 (GCC 5.4.1),cpp,Accepted,5.0,764.0,175,
s603104666,p03567,u905270643,1508733058,C++,C++14 (GCC 5.4.1),cpp,Accepted,1.0,256.0,232,
s665973704,p03567,u514275138,1508732860,C++,C++14 (GCC 5.4.1),cpp,Accepted,1.0,256.0,319,
s352282323,p03567,u926089862,1508732643,C++,C++14 (GCC 5.4.1),cpp,Accepted,1.0,256.0,172,
s925895448,p03567,u466062134,1508732115,C++,C++14 (GCC 5.4.1),cpp,Accepted,1.0,256.0,2949,
s434615040,p03567,u063020782,1508731713,C++,C++14 (GCC 5.4.1),cpp,Accepted,1.0,256.0,540,
s419830530,p03567,u063020782,1508731595,C++,C++14 (GCC 5.4.1),cpp,Accepted,1.0,256.0,540,
s996662194,p03567,u855192343,1508731332,C++,C++14 (GCC 5.4.1),cpp,Accepted,1.0,256.0,320,
s518825373,p03567,u528824249,1508731278,C++,C++14 (GCC 5.4.1),cpp,Accepted,3.0,2560.0,2644,
s766463329,p03567,u789366780,1508731262,C++,C++14 (GCC 5.4.1),cpp,Accepted,1.0,256.0,776,
s726263062,p03567,u239552561,1508730716,C++,C++14 (GCC 5.4.1),cpp,Accepted,1.0,256.0,447,
s794198588,p03567,u141378465,1508730151,C++,C++14 (GCC 5.4.1),cpp,Accepted,1.0,256.0,1228,
s661604391,p03567,u198221484,1508729364,C++,C++14 (GCC 5.4.1),cpp,Accepted,1.0,256.0,359,
s551586857,p03567,u633275945,1508729220,C++,C++14 (GCC 5.4.1),cpp,Accepted,1.0,256.0,244,
s264388206,p03567,u984351908,1508728865,C++,C++14 (GCC 5.4.1),cpp,Accepted,1.0,128.0,264,
s130556566,p03567,u307692990,1508728841,C++,C++14 (GCC 5.4.1),cpp,Accepted,2.0,384.0,1277,
s055787693,p03567,u599857640,1508728311,C++,C++14 (GCC 5.4.1),cpp,Accepted,1.0,256.0,524,
s779387136,p03567,u264342238,1508728052,C++,C++14 (GCC 5.4.1),cpp,Accepted,1.0,256.0,761,
s101823423,p03567,u688193975,1508728006,C++,C++14 (GCC 5.4.1),cpp,Accepted,1.0,256.0,713,
s625107162,p03567,u797623740,1508727889,C++,C++14 (GCC 5.4.1),cpp,Accepted,1.0,256.0,249,
s579217931,p03567,u848278177,1508727878,C++,C++14 (GCC 5.4.1),cpp,Accepted,1.0,256.0,240,
s817262710,p03567,u376103660,1508727776,C++,C++14 (GCC 5.4.1),cpp,Accepted,1.0,256.0,601,
s937906426,p03567,u399827056,1508727728,C++,C++14 (GCC 5.4.1),cpp,Accepted,3.0,256.0,2269,
s283798867,p03567,u274463010,1508727466,C++,C++14 (GCC 5.4.1),cpp,Accepted,1.0,256.0,207,
s543334328,p03567,u159695843,1508727446,C++,C++14 (GCC 5.4.1),cpp,Accepted,1.0,256.0,267,
s746571317,p03567,u725818030,1508727442,C++,C++14 (GCC 5.4.1),cpp,Accepted,1.0,256.0,267,
s550120766,p03567,u757805901,1508727379,Python,Python (2.7.6),py,Accepted,11.0,2568.0,111,
s861899761,p03567,u022609480,1508727377,C++,C++14 (GCC 5.4.1),cpp,Accepted,1.0,256.0,302,
s953608222,p03567,u251104445,1508727307,C++,C++14 (GCC 5.4.1),cpp,Accepted,1.0,256.0,852,
s420498777,p03567,u949890711,1508727147,C++,C++14 (GCC 5.4.1),cpp,Accepted,1.0,256.0,578,
s710012718,p03567,u935787060,1508727072,C++,C++14 (GCC 5.4.1),cpp,Accepted,1.0,256.0,183,
s496009783,p03567,u904221771,1508726948,C++,C++14 (GCC 5.4.1),cpp,Accepted,1.0,256.0,559,
s080875900,p03567,u926636247,1508726760,C++,C++14 (GCC 5.4.1),cpp,Accepted,1.0,256.0,427,
s586949579,p03567,u141601696,1508726740,C++,C++14 (GCC 5.4.1),cpp,Accepted,3.0,256.0,619,
s427745001,p03567,u978355964,1508726725,C++,C++14 (GCC 5.4.1),cpp,Accepted,1.0,256.0,1131,
s935102742,p03567,u986620720,1508726720,C++,C++14 (GCC 5.4.1),cpp,Accepted,1.0,256.0,419,
s537018889,p03567,u303964289,1508726711,C++,C++14 (GCC 5.4.1),cpp,Accepted,1.0,256.0,652,
s283092675,p03567,u545001286,1508726708,C++,C++14 (GCC 5.4.1),cpp,Accepted,1.0,256.0,3219,
s657928167,p03567,u413888809,1508726708,C++,C++14 (GCC 5.4.1),cpp,Accepted,1.0,256.0,774,
s182316271,p03567,u232061947,1508726704,C++,C++14 (GCC 5.4.1),cpp,Accepted,1.0,256.0,266,
s631000591,p03567,u809633132,1508726679,C++,C++14 (GCC 5.4.1),cpp,Accepted,1.0,128.0,299,
s801553676,p03567,u633437581,1508726591,C++,C++14 (GCC 5.4.1),cpp,Accepted,1.0,256.0,244,
s177290714,p03567,u333877810,1508726552,C++,C++14 (GCC 5.4.1),cpp,Accepted,1.0,256.0,265,
s636827765,p03567,u751675422,1508726337,C++,C++14 (GCC 5.4.1),cpp,Accepted,1.0,256.0,314,
s483499878,p03567,u711805440,1508726103,C++,C++14 (GCC 5.4.1),cpp,Accepted,1.0,256.0,348,
s432665680,p03567,u006980054,1508725916,C++,C++14 (GCC 5.4.1),cpp,Accepted,1.0,128.0,272,
s092207040,p03567,u782516204,1508725862,Python,Python (3.4.3),py,Accepted,17.0,2940.0,72,
s329513678,p03567,u106940443,1508725813,C++,C++14 (GCC 5.4.1),cpp,Accepted,1.0,256.0,371,
s179780946,p03567,u994793728,1508725666,C++,C++14 (GCC 5.4.1),cpp,Accepted,1.0,256.0,247,
s289049327,p03567,u165538494,1508725644,C++,C++14 (GCC 5.4.1),cpp,Accepted,1.0,256.0,359,
s266283921,p03567,u000351359,1508725494,C++,C++14 (GCC 5.4.1),cpp,Accepted,1.0,256.0,1409,
s193800562,p03567,u744314647,1508725297,C++,C++14 (GCC 5.4.1),cpp,Accepted,1.0,256.0,667,
s409997755,p03567,u926089862,1508725297,C++,C++14 (GCC 5.4.1),cpp,Accepted,1.0,256.0,204,
s859594337,p03567,u169867439,1508725285,C++,C++14 (GCC 5.4.1),cpp,Accepted,1.0,256.0,351,
s482555775,p03567,u667024514,1508725175,Python,Python (3.4.3),py,Accepted,17.0,2940.0,58,
s917261705,p03567,u636525672,1508724996,C++,C++14 (GCC 5.4.1),cpp,Accepted,1.0,256.0,203,
s011461316,p03567,u488026700,1508724901,C++,C++14 (GCC 5.4.1),cpp,Accepted,1.0,256.0,2113,
s015047105,p03567,u371668760,1508724867,C++,C++14 (GCC 5.4.1),cpp,Accepted,1.0,256.0,322,
s305477946,p03567,u302873946,1508724854,C++,C++14 (GCC 5.4.1),cpp,Accepted,1.0,128.0,389,
s918004814,p03567,u291111534,1508724750,Python,PyPy2 (5.6.0),py,Accepted,34.0,27756.0,48,
s773701426,p03567,u886886119,1508724720,C++,C++14 (GCC 5.4.1),cpp,Accepted,1.0,256.0,385,
s912498092,p03567,u297574184,1508724657,Python,Python (3.4.3),py,Accepted,17.0,2940.0,75,
s432821909,p03567,u964287256,1508724629,C++,C++14 (GCC 5.4.1),cpp,Accepted,1.0,256.0,1946,
s071255085,p03567,u187709523,1508724572,C++,C++14 (GCC 5.4.1),cpp,Accepted,1.0,256.0,257,
s757579164,p03567,u027938964,1508724509,C++,C++14 (GCC 5.4.1),cpp,Accepted,1.0,128.0,411,
s036560742,p03567,u768816323,1508724403,Python,Python (3.4.3),py,Accepted,18.0,2940.0,136,
s204546428,p03567,u159822072,1508724366,C++,C++14 (GCC 5.4.1),cpp,Accepted,1.0,256.0,408,
s477656143,p03567,u035336908,1508724308,C++,C++14 (GCC 5.4.1),cpp,Accepted,1.0,256.0,235,
s883147505,p03567,u780300092,1508724292,C++,C++14 (GCC 5.4.1),cpp,Accepted,1.0,256.0,828,
s531217635,p03567,u418810472,1508724205,C++,C++14 (GCC 5.4.1),cpp,Accepted,1.0,256.0,310,
s196564822,p03567,u407446053,1508724139,C++,C++14 (GCC 5.4.1),cpp,Accepted,1.0,256.0,1476,
s634973487,p03567,u091190881,1508724136,C++,C++14 (GCC 5.4.1),cpp,Accepted,1.0,256.0,370,
s678481686,p03567,u857134943,1508724124,C++,C++14 (GCC 5.4.1),cpp,Accepted,1.0,256.0,349,
s584540553,p03567,u385577213,1508724089,C++,C++14 (GCC 5.4.1),cpp,Accepted,1.0,256.0,324,
s155184645,p03567,u525117558,1508724068,Python,Python (3.4.3),py,Accepted,17.0,2940.0,56,
s701899569,p03567,u490250098,1508723971,C++,C++14 (Clang 3.8.0),cpp,Accepted,1.0,256.0,210,
s702928979,p03567,u372626764,1508723894,C++,C++14 (GCC 5.4.1),cpp,Accepted,1.0,256.0,209,
s316796727,p03567,u615860077,1508723875,C++,C++14 (GCC 5.4.1),cpp,Accepted,1.0,256.0,420,
s395716624,p03567,u476044037,1508723814,Python,Python (3.4.3),py,Accepted,19.0,2940.0,83,
s825034755,p03567,u498467508,1508723782,C++,C++14 (GCC 5.4.1),cpp,Accepted,1.0,256.0,369,
s535359186,p03567,u174678554,1508723725,C++,C++14 (GCC 5.4.1),cpp,Accepted,1.0,256.0,224,
s933363781,p03567,u619384481,1508723633,Python,Python (2.7.6),py,Accepted,10.0,2568.0,225,
s676139785,p03567,u518383459,1508723626,C++,C++14 (GCC 5.4.1),cpp,Accepted,1.0,256.0,201,
s965431564,p03567,u111121874,1508723584,C++,C++14 (GCC 5.4.1),cpp,Accepted,1.0,256.0,258,
s178859975,p03567,u774122773,1508723544,C++,C++14 (GCC 5.4.1),cpp,Accepted,1.0,256.0,292,
s600125708,p03567,u344068002,1508723529,C++,C++14 (GCC 5.4.1),cpp,Accepted,1.0,256.0,310,
s777742940,p03567,u616184430,1508723487,C++,C++14 (GCC 5.4.1),cpp,Accepted,6.0,764.0,222,
s381829712,p03567,u211785576,1508723456,C++,C++14 (GCC 5.4.1),cpp,Accepted,1.0,256.0,214,
s242354027,p03567,u529444555,1508723435,C++,C++14 (GCC 5.4.1),cpp,Accepted,1.0,256.0,374,
s707669263,p03567,u516869225,1508723423,C++,C++14 (GCC 5.4.1),cpp,Accepted,1.0,256.0,281,
s453149667,p03567,u502813058,1508723415,C++,C++14 (GCC 5.4.1),cpp,Accepted,1.0,256.0,276,
s218939930,p03567,u294586215,1508723393,C++,C++14 (GCC 5.4.1),cpp,Accepted,1.0,256.0,408,
s410754707,p03567,u711746266,1508723358,C++,C++14 (GCC 5.4.1),cpp,Accepted,1.0,256.0,557,
s119574680,p03567,u886710809,1508723283,C++,C++14 (GCC 5.4.1),cpp,Accepted,1.0,256.0,310,
s880060328,p03567,u157322125,1508723224,C++,C++14 (GCC 5.4.1),cpp,Accepted,1.0,256.0,322,
s685990282,p03567,u017167684,1508723220,C++,C++14 (GCC 5.4.1),cpp,Accepted,1.0,256.0,298,
s934258955,p03567,u413727604,1508723183,C++,C++14 (GCC 5.4.1),cpp,Accepted,1.0,256.0,1229,
s433209876,p03567,u885958935,1508723129,C++,C++14 (GCC 5.4.1),cpp,Accepted,1.0,256.0,254,
s492788571,p03567,u867069435,1508723125,Python,Python (3.4.3),py,Accepted,17.0,2940.0,58,
s316216436,p03567,u763312130,1508723049,C++,C++14 (GCC 5.4.1),cpp,Accepted,2.0,256.0,176,
s314040923,p03567,u688382329,1508723047,C++,C++14 (GCC 5.4.1),cpp,Accepted,1.0,256.0,312,
s649027535,p03567,u876335718,1508723035,C++,C++14 (GCC 5.4.1),cpp,Accepted,1.0,256.0,369,
s330800161,p03567,u552668967,1508723018,Python,Python (2.7.6),py,Accepted,10.0,2568.0,98,
s968965463,p03567,u452198080,1508722998,Python,Python (3.4.3),py,Accepted,19.0,2940.0,65,
s632984941,p03567,u971801396,1508722997,C++,C++14 (GCC 5.4.1),cpp,Accepted,1.0,256.0,196,
s853866039,p03567,u346308892,1508722980,Python,Python (3.4.3),py,Accepted,18.0,2940.0,109,
s852249187,p03567,u879016462,1508722971,C++,C++14 (GCC 5.4.1),cpp,Accepted,1.0,256.0,171,
s376653313,p03567,u053115096,1508722970,C++,C++14 (GCC 5.4.1),cpp,Accepted,1.0,256.0,195,
s049313482,p03567,u617749925,1508722956,C++,C++14 (GCC 5.4.1),cpp,Accepted,1.0,256.0,1629,
s680653784,p03567,u446436253,1508722871,C++,C++14 (GCC 5.4.1),cpp,Accepted,1.0,128.0,217,
s279627097,p03567,u084871864,1508722858,C++,C++14 (GCC 5.4.1),cpp,Accepted,2.0,256.0,214,
s765608208,p03567,u653860865,1508722808,Python,Python (2.7.6),py,Accepted,10.0,2568.0,76,
s646349580,p03567,u174028570,1508722710,C++,C++14 (GCC 5.4.1),cpp,Accepted,1.0,128.0,212,
s993681588,p03567,u502478865,1508722653,C++,C++14 (GCC 5.4.1),cpp,Accepted,0.0,128.0,212,
s807912490,p03567,u264510475,1508722614,C++,C++14 (GCC 5.4.1),cpp,Accepted,1.0,128.0,303,
s384211700,p03567,u491405052,1508722598,C++,C++14 (GCC 5.4.1),cpp,Accepted,1.0,256.0,292,
s781002312,p03567,u239375815,1508722575,Python,Python (3.4.3),py,Accepted,17.0,2940.0,42,
s679868420,p03567,u866349326,1508722574,C++,C++14 (GCC 5.4.1),cpp,Accepted,1.0,256.0,222,
s889677896,p03567,u168202142,1508722521,C++,C++14 (GCC 5.4.1),cpp,Accepted,1.0,256.0,234,
s043285601,p03567,u890700092,1508722519,C++,C++14 (GCC 5.4.1),cpp,Accepted,1.0,256.0,1766,
s305852225,p03567,u849818989,1508722460,Python,Python (3.4.3),py,Accepted,17.0,2940.0,64,
s582644325,p03567,u053596739,1508722460,C++,C++14 (GCC 5.4.1),cpp,Accepted,1.0,256.0,496,
s280219911,p03567,u972347344,1508722367,C++,C++14 (GCC 5.4.1),cpp,Accepted,0.0,128.0,254,
s876393009,p03567,u535773602,1508722344,C++,C++14 (GCC 5.4.1),cpp,Accepted,1.0,256.0,403,
s023704637,p03567,u104922648,1508722314,Python,Python (3.4.3),py,Accepted,18.0,2940.0,72,
s168296284,p03567,u249895018,1508722298,C++,C++14 (GCC 5.4.1),cpp,Accepted,1.0,256.0,340,
s730147184,p03567,u102930666,1508722270,Python,Python (3.4.3),py,Accepted,18.0,2940.0,67,
s312761018,p03567,u320842515,1508722252,C++,C++14 (GCC 5.4.1),cpp,Accepted,1.0,256.0,312,
s551568014,p03567,u797674884,1508722237,C++,C++14 (GCC 5.4.1),cpp,Accepted,1.0,128.0,185,
s532926091,p03567,u132681722,1508722217,C++,C++14 (GCC 5.4.1),cpp,Accepted,1.0,256.0,237,
s769644039,p03567,u867014525,1508722193,C++,C++14 (GCC 5.4.1),cpp,Accepted,1.0,256.0,330,
s762372581,p03567,u378419207,1508722139,C++,C++14 (GCC 5.4.1),cpp,Accepted,1.0,256.0,753,
s488721666,p03567,u412116291,1508722136,C++,C++14 (Clang 3.8.0),cpp,Accepted,4.0,888.0,573,
s595764742,p03567,u221519228,1508722135,C++,C++14 (GCC 5.4.1),cpp,Accepted,1.0,256.0,269,
s968101495,p03567,u519182891,1508722130,C++,C++14 (GCC 5.4.1),cpp,Accepted,1.0,256.0,382,
s293788175,p03567,u813615206,1508722096,C++,C++14 (GCC 5.4.1),cpp,Accepted,1.0,256.0,257,
s000364995,p03567,u884994886,1508722086,Python,Python (3.4.3),py,Accepted,18.0,3060.0,223,
s736103715,p03567,u738475443,1508722058,C++,C++14 (GCC 5.4.1),cpp,Accepted,1.0,256.0,335,
s897154908,p03567,u261400234,1508722039,C++,C++14 (GCC 5.4.1),cpp,Accepted,1.0,256.0,270,
s090333080,p03567,u587116875,1508722029,C++,C++14 (GCC 5.4.1),cpp,Accepted,1.0,256.0,305,
s753581419,p03567,u386379599,1508722026,C++,C++14 (GCC 5.4.1),cpp,Accepted,1.0,256.0,751,
s248943045,p03567,u369346738,1508722018,C++,C++14 (GCC 5.4.1),cpp,Accepted,1.0,256.0,211,
s301599754,p03567,u209951743,1508721999,Python,Python (3.4.3),py,Accepted,18.0,2940.0,112,
s424959709,p03567,u090032462,1508721978,C++,C++14 (GCC 5.4.1),cpp,Accepted,27.0,384.0,324,
s076858557,p03567,u514426694,1508721977,C++,C++14 (GCC 5.4.1),cpp,Accepted,1.0,256.0,412,
s969763477,p03567,u232829151,1508721947,C++,C++14 (GCC 5.4.1),cpp,Accepted,1.0,256.0,279,
s357182777,p03567,u575715390,1508721915,C++,C++14 (GCC 5.4.1),cpp,Accepted,1.0,256.0,215,
s608040985,p03567,u922018373,1508721878,C++,C++14 (GCC 5.4.1),cpp,Accepted,1.0,256.0,232,
s271744896,p03567,u535523790,1508721866,C++,C++14 (GCC 5.4.1),cpp,Accepted,1.0,256.0,387,
s859519782,p03567,u803610411,1508721863,C++,C++14 (GCC 5.4.1),cpp,Accepted,3.0,384.0,301,
s641814436,p03567,u586336940,1508721847,C++,C++14 (GCC 5.4.1),cpp,Accepted,1.0,256.0,220,
s926213249,p03567,u062173177,1508721821,C++,C++14 (GCC 5.4.1),cpp,Accepted,7.0,256.0,268,
s396908375,p03567,u406225550,1508721808,C++,C++14 (GCC 5.4.1),cpp,Accepted,1.0,256.0,244,
s343242871,p03567,u475414739,1508721805,C++,C++14 (GCC 5.4.1),cpp,Accepted,1.0,256.0,616,
s055429858,p03567,u102541731,1508721785,C++,C++14 (GCC 5.4.1),cpp,Accepted,1.0,256.0,277,
s958277469,p03567,u705085875,1508721757,C++,C++14 (GCC 5.4.1),cpp,Accepted,1.0,256.0,185,
s543899275,p03567,u724018727,1508721756,C++,C++14 (GCC 5.4.1),cpp,Accepted,1.0,256.0,247,
s982066672,p03567,u375516740,1508721743,C++,C++14 (GCC 5.4.1),cpp,Accepted,1.0,256.0,196,
s757372612,p03567,u396976991,1508721718,C++,C++14 (GCC 5.4.1),cpp,Accepted,1.0,256.0,315,
s805081423,p03567,u047170835,1508721714,C++,C++14 (GCC 5.4.1),cpp,Accepted,1.0,256.0,256,
s701313839,p03567,u809038097,1508721712,C++,C++14 (GCC 5.4.1),cpp,Accepted,1.0,128.0,245,
s914032812,p03567,u900351535,1508721709,C++,C++14 (GCC 5.4.1),cpp,Accepted,1.0,128.0,259,
s821246587,p03567,u719413131,1508721699,C++,C++14 (GCC 5.4.1),cpp,Accepted,0.0,128.0,278,
s538484035,p03567,u774885411,1508721675,C++,C++14 (GCC 5.4.1),cpp,Accepted,1.0,128.0,358,
s957926930,p03567,u204819248,1508721649,C++,C++14 (GCC 5.4.1),cpp,Accepted,1.0,256.0,300,
s541543679,p03567,u789447954,1508721620,C++,C++14 (GCC 5.4.1),cpp,Accepted,1.0,256.0,208,
s327781879,p03567,u954659213,1508721614,C++,C++14 (GCC 5.4.1),cpp,Accepted,1.0,256.0,211,
s115483614,p03567,u255122982,1508721602,Python,Python (3.4.3),py,Accepted,18.0,2940.0,151,
s834306077,p03567,u202619899,1508721588,Python,Python (3.4.3),py,Accepted,18.0,3064.0,50,
s040963819,p03567,u693569496,1508721585,C++,C++14 (GCC 5.4.1),cpp,Accepted,1.0,256.0,1213,
s604715107,p03567,u065262590,1508721580,C++,C++14 (GCC 5.4.1),cpp,Accepted,1.0,256.0,440,
s640064071,p03567,u269175074,1508721577,C++,C++14 (GCC 5.4.1),cpp,Accepted,1.0,256.0,1347,
s932423580,p03567,u396496228,1508721575,C++,C++14 (GCC 5.4.1),cpp,Accepted,1.0,256.0,292,
s326355932,p03567,u115795598,1508721575,C++,C++14 (GCC 5.4.1),cpp,Accepted,1.0,256.0,319,
s720037247,p03567,u833691830,1508721561,C++,C++14 (GCC 5.4.1),cpp,Accepted,1.0,256.0,224,
s016386279,p03567,u818163258,1508721561,C++,C++14 (GCC 5.4.1),cpp,Accepted,1.0,256.0,254,
s247791006,p03567,u765606693,1508721556,C++,C++14 (GCC 5.4.1),cpp,Accepted,1.0,256.0,570,
s775877183,p03567,u373958718,1508721521,C++,C++14 (GCC 5.4.1),cpp,Accepted,1.0,256.0,232,
s103999228,p03567,u048500986,1508721496,C++,C++14 (GCC 5.4.1),cpp,Accepted,1.0,256.0,319,
s244117150,p03567,u826153828,1508721483,Python,Python (3.4.3),py,Accepted,18.0,2940.0,73,
s538766337,p03567,u945080461,1508721471,Python,Python (2.7.6),py,Accepted,10.0,2568.0,59,
s656575143,p03567,u204866605,1508721470,Python,Python (3.4.3),py,Accepted,20.0,3060.0,198,
s657834750,p03567,u476468228,1508721460,C++,C++14 (GCC 5.4.1),cpp,Accepted,1.0,256.0,576,
s260112144,p03567,u642276427,1508721458,C++,C++14 (GCC 5.4.1),cpp,Accepted,1.0,256.0,2549,
s222790948,p03567,u072291645,1508721448,C++,C++14 (GCC 5.4.1),cpp,Accepted,1.0,256.0,221,
s937885379,p03567,u067267922,1508721430,C++,C++14 (GCC 5.4.1),cpp,Accepted,1.0,256.0,261,
s977370110,p03567,u207562714,1508721408,C++,C++14 (GCC 5.4.1),cpp,Accepted,1.0,256.0,414,
s539817473,p03567,u154124112,1508721408,C++,C++14 (GCC 5.4.1),cpp,Accepted,1.0,256.0,296,
s543764875,p03567,u179558147,1508721405,C++,C++14 (GCC 5.4.1),cpp,Accepted,1.0,256.0,153,
s059483691,p03567,u318857467,1508721393,C++,C++14 (GCC 5.4.1),cpp,Accepted,1.0,256.0,630,
s569797152,p03567,u752466217,1508721387,C++,C++14 (GCC 5.4.1),cpp,Accepted,1.0,256.0,282,
s001577946,p03567,u181850456,1508721384,C++,C++14 (GCC 5.4.1),cpp,Accepted,1.0,256.0,596,
s837911975,p03567,u438546032,1508721382,C++,C++14 (GCC 5.4.1),cpp,Accepted,1.0,256.0,579,
s309857599,p03567,u224756408,1508721375,C++,C++14 (GCC 5.4.1),cpp,Accepted,1.0,256.0,185,
s590392970,p03567,u364618491,1508721373,C++,C++14 (GCC 5.4.1),cpp,Accepted,1.0,256.0,1883,
s426318921,p03567,u676264453,1508721369,Python,Python (3.4.3),py,Accepted,33.0,2940.0,142,
s860651622,p03567,u671462082,1508721350,C++,C++14 (GCC 5.4.1),cpp,Accepted,1.0,256.0,367,
s381678855,p03567,u595408833,1508721334,C++,C++14 (GCC 5.4.1),cpp,Accepted,1.0,256.0,299,
s810765543,p03567,u725861733,1508721332,C++,C++14 (GCC 5.4.1),cpp,Accepted,1.0,256.0,506,
s514055002,p03567,u327305978,1508721301,C++,C++14 (GCC 5.4.1),cpp,Accepted,1.0,256.0,212,
s726836918,p03567,u633757735,1508721288,C++,C++14 (GCC 5.4.1),cpp,Accepted,1.0,256.0,302,
s435256415,p03567,u819300485,1508721288,C++,C++14 (GCC 5.4.1),cpp,Accepted,1.0,256.0,2636,
s326163762,p03567,u825168842,1508721278,C++,C++14 (GCC 5.4.1),cpp,Accepted,1.0,256.0,451,
s588180173,p03567,u767755175,1508721271,C++,C++14 (GCC 5.4.1),cpp,Accepted,1.0,256.0,1102,
s974020617,p03567,u996280748,1508721269,C++,C++14 (GCC 5.4.1),cpp,Accepted,1.0,256.0,300,
s302353935,p03567,u998010831,1508721264,C++,C++14 (GCC 5.4.1),cpp,Accepted,1.0,256.0,321,
s774416521,p03567,u580402951,1508721240,C++,C++14 (GCC 5.4.1),cpp,Accepted,1.0,256.0,447,
s966588713,p03567,u697814999,1508721227,C++,C++14 (GCC 5.4.1),cpp,Accepted,1.0,256.0,2612,
s479063981,p03567,u292929213,1508721200,C++,C++14 (GCC 5.4.1),cpp,Accepted,1.0,256.0,819,
s166340991,p03567,u375261463,1508721198,C++,C++14 (GCC 5.4.1),cpp,Accepted,1.0,256.0,847,
s887354968,p03567,u449998745,1508721189,C++,C++14 (GCC 5.4.1),cpp,Accepted,1.0,256.0,372,
s639242067,p03567,u565822940,1508721180,C++,C++14 (GCC 5.4.1),cpp,Accepted,1.0,256.0,1077,
s988201844,p03567,u305608514,1508721173,C++,C++14 (GCC 5.4.1),cpp,Accepted,1.0,256.0,336,
s355349514,p03567,u574117434,1508721169,C++,C++14 (GCC 5.4.1),cpp,Accepted,1.0,256.0,271,
s990181240,p03567,u207308907,1508721146,C++,C++14 (GCC 5.4.1),cpp,Accepted,1.0,256.0,264,
s496813065,p03567,u158586419,1508721144,C++,C++14 (GCC 5.4.1),cpp,Accepted,1.0,256.0,305,
s948481154,p03567,u960286066,1508721144,C++,C++14 (GCC 5.4.1),cpp,Accepted,4.0,384.0,388,
s835863979,p03567,u947238359,1508721134,C++,C++14 (GCC 5.4.1),cpp,Accepted,1.0,256.0,310,
s112400589,p03567,u404075706,1508721126,C++,C++14 (GCC 5.4.1),cpp,Accepted,1.0,256.0,1142,
s402312744,p03567,u552341427,1508721125,C++,C++14 (GCC 5.4.1),cpp,Accepted,1.0,256.0,478,
s459421167,p03567,u518886523,1508721122,C++,C++14 (GCC 5.4.1),cpp,Accepted,1.0,256.0,219,
s217356427,p03567,u316046218,1508721121,C++,C++14 (GCC 5.4.1),cpp,Accepted,0.0,128.0,318,
s756434400,p03567,u318334550,1508721103,C++,C++14 (GCC 5.4.1),cpp,Accepted,1.0,256.0,850,
s845032442,p03567,u095015466,1508721099,C++,C++14 (GCC 5.4.1),cpp,Accepted,1.0,256.0,1873,
s312004921,p03567,u219949952,1508721098,C++,C++14 (GCC 5.4.1),cpp,Accepted,1.0,256.0,230,
s465389239,p03567,u430494842,1508721093,C++,C++14 (GCC 5.4.1),cpp,Accepted,1.0,128.0,473,
s162430624,p03567,u007446928,1508721091,C++,C++14 (GCC 5.4.1),cpp,Accepted,1.0,256.0,690,
s326344010,p03567,u586567203,1508721087,C++,C++14 (GCC 5.4.1),cpp,Accepted,1.0,256.0,244,
s430074540,p03567,u533242606,1508721084,C++,C++14 (GCC 5.4.1),cpp,Accepted,1.0,256.0,298,
s824205470,p03567,u233747425,1508721081,Python,Python (3.4.3),py,Accepted,18.0,2940.0,158,
s543189397,p03567,u719378199,1508721071,C++,C++14 (GCC 5.4.1),cpp,Accepted,1.0,256.0,186,
s001427019,p03567,u993235301,1508721071,C++,C++14 (GCC 5.4.1),cpp,Accepted,1.0,256.0,531,
s136627305,p03567,u607110445,1508721069,C++,C++14 (GCC 5.4.1),cpp,Accepted,1.0,256.0,183,
s390110956,p03567,u564375731,1508721059,C++,C++14 (GCC 5.4.1),cpp,Accepted,1.0,256.0,870,
s737936696,p03567,u993235301,1508721054,C++,C++14 (GCC 5.4.1),cpp,Accepted,1.0,256.0,529,
s388985328,p03567,u103675740,1508721053,C++,C++14 (GCC 5.4.1),cpp,Accepted,1.0,256.0,541,
s422551774,p03567,u285598935,1508721052,C++,C++14 (GCC 5.4.1),cpp,Accepted,1.0,256.0,1858,
s548758212,p03567,u148789636,1508721052,C++,C++14 (GCC 5.4.1),cpp,Accepted,1.0,256.0,283,
s733266156,p03567,u935845450,1508721050,C++,C++14 (GCC 5.4.1),cpp,Accepted,1.0,256.0,226,
s911020258,p03567,u353628407,1508721049,C++,C++14 (GCC 5.4.1),cpp,Accepted,1.0,256.0,316,
s072820713,p03567,u241716904,1508721013,C++,C++14 (GCC 5.4.1),cpp,Accepted,1.0,256.0,228,
s424877069,p03567,u122929783,1508721009,C++,C++14 (GCC 5.4.1),cpp,Accepted,1.0,256.0,253,
s743974716,p03567,u100442156,1508721007,C++,C++14 (GCC 5.4.1),cpp,Accepted,15.0,256.0,379,
s230568306,p03567,u293745895,1508721003,C++,C++14 (GCC 5.4.1),cpp,Accepted,1.0,256.0,347,
s227550752,p03567,u617973057,1508721003,C++,C++14 (GCC 5.4.1),cpp,Accepted,1.0,256.0,237,
s714834479,p03567,u110336920,1508721001,C++,C++14 (GCC 5.4.1),cpp,Accepted,1.0,256.0,269,
s572521011,p03567,u694731294,1508720999,C++,C++14 (GCC 5.4.1),cpp,Accepted,1.0,256.0,408,
s051201672,p03567,u055459962,1508720996,Python,Python (3.4.3),py,Accepted,22.0,3188.0,261,
s891303869,p03567,u224362762,1508720996,C++,C++14 (GCC 5.4.1),cpp,Accepted,1.0,256.0,263,
s173054648,p03567,u129220625,1508720993,C++,C++14 (GCC 5.4.1),cpp,Accepted,1.0,256.0,432,
s040662075,p03567,u340781749,1508720984,Python,Python (3.4.3),py,Accepted,17.0,2940.0,50,
s737655126,p03567,u897726798,1508720984,C++,C++14 (GCC 5.4.1),cpp,Accepted,1.0,256.0,579,
s391960212,p03567,u852113235,1508720983,C++,C++14 (Clang 3.8.0),cpp,Accepted,1.0,256.0,266,
s876851298,p03567,u072743768,1508720982,C++,C++14 (GCC 5.4.1),cpp,Accepted,1.0,256.0,322,
s552500725,p03567,u832726997,1508720979,C++,C++14 (GCC 5.4.1),cpp,Accepted,1.0,256.0,414,
s796581039,p03567,u911868265,1508720978,C++,C++14 (GCC 5.4.1),cpp,Accepted,1.0,256.0,467,
s360433609,p03567,u150133308,1508720977,C++,C++14 (GCC 5.4.1),cpp,Accepted,1.0,256.0,885,
s900871493,p03567,u521456548,1508720976,C++,C++14 (GCC 5.4.1),cpp,Accepted,1.0,256.0,370,
s411560116,p03567,u540307496,1508720976,Python,Python (3.4.3),py,Accepted,17.0,3060.0,220,
s618660588,p03567,u428012835,1508720969,Python,Python (3.4.3),py,Accepted,23.0,3188.0,84,
s076294446,p03567,u876175386,1508720967,C++,C++14 (GCC 5.4.1),cpp,Accepted,1.0,256.0,335,
s902425006,p03567,u584355711,1508720964,C++,C++14 (GCC 5.4.1),cpp,Accepted,1.0,256.0,911,
s638669746,p03567,u374517378,1508720961,C++,C++14 (GCC 5.4.1),cpp,Accepted,2.0,2304.0,1545,
s449158908,p03567,u586712352,1508720960,C++,C++14 (GCC 5.4.1),cpp,Accepted,1.0,256.0,238,
s797774309,p03567,u112902287,1508720959,Python,Python (3.4.3),py,Accepted,17.0,2940.0,65,
s708914647,p03567,u650736793,1508720957,C++,C++14 (Clang 3.8.0),cpp,Accepted,5.0,888.0,420,
s211885410,p03567,u777468981,1508720956,C++,C++14 (GCC 5.4.1),cpp,Accepted,1.0,256.0,301,
s944723133,p03567,u937633344,1508720945,C++,C++14 (GCC 5.4.1),cpp,Accepted,1.0,256.0,285,
s965174841,p03567,u413502127,1508720945,C++,C++14 (GCC 5.4.1),cpp,Accepted,1.0,256.0,1094,
s754435209,p03567,u011213027,1508720944,C++,C++14 (GCC 5.4.1),cpp,Accepted,1.0,256.0,1461,
s674185576,p03567,u762471013,1508720944,C++,C++14 (GCC 5.4.1),cpp,Accepted,1.0,256.0,271,
s116897451,p03567,u996283645,1508720941,C++,C++14 (GCC 5.4.1),cpp,Accepted,1.0,256.0,559,
s223761554,p03567,u521966784,1508720940,C++,C++14 (GCC 5.4.1),cpp,Accepted,1.0,256.0,334,
s572883594,p03567,u955649185,1508720937,C++,C++14 (GCC 5.4.1),cpp,Accepted,1.0,256.0,5025,
s148877859,p03567,u054652697,1508720936,C++,C++14 (GCC 5.4.1),cpp,Accepted,1.0,256.0,363,
s548647455,p03567,u629449150,1508720933,C++,C++14 (GCC 5.4.1),cpp,Accepted,1.0,256.0,1386,
s671677015,p03567,u971544426,1508720929,Python,Python (3.4.3),py,Accepted,18.0,2940.0,124,
s440543127,p03567,u742529680,1508720929,C++,C++14 (GCC 5.4.1),cpp,Accepted,1.0,256.0,497,
s671076238,p03567,u934544251,1508720927,C++,C++14 (GCC 5.4.1),cpp,Accepted,1.0,256.0,1699,
s639221560,p03567,u169018444,1508720927,C++,C++14 (GCC 5.4.1),cpp,Accepted,1.0,256.0,222,
s725047155,p03567,u828732026,1508720921,C++,C++14 (GCC 5.4.1),cpp,Accepted,1.0,128.0,345,
s979158076,p03567,u722521803,1508720921,C++,C++14 (GCC 5.4.1),cpp,Accepted,1.0,256.0,330,
s289779299,p03567,u320354968,1508720912,C++,C++14 (GCC 5.4.1),cpp,Accepted,1.0,256.0,354,
s343992611,p03567,u153785335,1508720906,C++,C++14 (GCC 5.4.1),cpp,Accepted,1.0,256.0,4839,
s331305075,p03567,u137747137,1508720901,C++,C++14 (GCC 5.4.1),cpp,Accepted,1.0,256.0,335,
s877025786,p03567,u321397347,1508720895,C++,C++14 (GCC 5.4.1),cpp,Accepted,0.0,128.0,209,
s580137020,p03567,u216962796,1508720895,C++,C++14 (GCC 5.4.1),cpp,Accepted,1.0,256.0,262,
s682899440,p03567,u482379433,1508720891,C++,C++14 (GCC 5.4.1),cpp,Accepted,1.0,256.0,738,
s148853846,p03567,u546461594,1508720889,C++,C++14 (GCC 5.4.1),cpp,Accepted,1.0,256.0,274,
s632203129,p03567,u260638714,1508720888,C++,C++14 (GCC 5.4.1),cpp,Accepted,1.0,256.0,796,
s298557861,p03567,u466826467,1508720887,Python,Python (3.4.3),py,Accepted,17.0,2940.0,120,
s644300458,p03567,u030953514,1508720877,C++,C++14 (GCC 5.4.1),cpp,Accepted,1.0,128.0,291,
s365691960,p03567,u791011926,1508720870,C++,C++14 (GCC 5.4.1),cpp,Accepted,23.0,256.0,160,
s397730803,p03567,u688522869,1508720868,Python,Python (3.4.3),py,Accepted,17.0,2940.0,145,
s510840466,p03567,u825528847,1508720868,Python,Python (3.4.3),py,Accepted,19.0,3064.0,64,
s270804647,p03567,u284102701,1508720856,C++,C++14 (GCC 5.4.1),cpp,Accepted,1.0,256.0,443,
s658152808,p03567,u063896676,1508720852,Python,Python (3.4.3),py,Accepted,19.0,2940.0,193,
s076224946,p03567,u413254802,1508720848,Python,Python (3.4.3),py,Accepted,18.0,2940.0,97,
s166238980,p03567,u927367692,1508720845,C++,C++14 (GCC 5.4.1),cpp,Accepted,1.0,256.0,199,
s101997147,p03567,u354075848,1508720845,Python,Python (3.4.3),py,Accepted,17.0,2940.0,61,
s157150988,p03567,u422592877,1508720843,C++,C++14 (GCC 5.4.1),cpp,Accepted,1.0,256.0,390,
s239699048,p03567,u044976779,1508720841,Python,Python (2.7.6),py,Accepted,10.0,2568.0,166,
s684328649,p03567,u153388994,1508720836,C++,C++14 (GCC 5.4.1),cpp,Accepted,1.0,256.0,258,
s203018475,p03567,u645363029,1508720835,C++,C++14 (GCC 5.4.1),cpp,Accepted,1.0,128.0,242,
s572396382,p03567,u059407991,1508720834,C++,C++14 (GCC 5.4.1),cpp,Accepted,1.0,256.0,246,
s087730593,p03567,u536625271,1508720831,C++,C++14 (GCC 5.4.1),cpp,Accepted,1.0,256.0,246,
s644213480,p03567,u806091766,1508720827,C++,C++14 (GCC 5.4.1),cpp,Accepted,1.0,256.0,415,
s465898971,p03567,u518019145,1508720820,C++,C++14 (GCC 5.4.1),cpp,Accepted,1.0,256.0,1391,
s207601811,p03567,u708772519,1508720819,C++,C++14 (GCC 5.4.1),cpp,Accepted,1.0,256.0,177,
s025400734,p03567,u209551477,1508720818,C++,C++14 (GCC 5.4.1),cpp,Accepted,1.0,256.0,288,
s125885923,p03567,u494546941,1508720815,C++,C++14 (GCC 5.4.1),cpp,Accepted,1.0,256.0,260,
s678999735,p03567,u819160021,1508720812,C++,C++14 (GCC 5.4.1),cpp,Accepted,1.0,256.0,370,
s577078633,p03567,u265628533,1508720810,C++,C++14 (GCC 5.4.1),cpp,Accepted,1.0,256.0,223,
s191432633,p03567,u596976719,1508720809,C++,C++14 (GCC 5.4.1),cpp,Accepted,1.0,256.0,263,
s523500167,p03567,u579191570,1508720803,C++,C++14 (GCC 5.4.1),cpp,Accepted,1.0,256.0,506,
s584383858,p03567,u999534525,1508720802,C++,C++14 (GCC 5.4.1),cpp,Accepted,0.0,128.0,223,
s671795043,p03567,u813238682,1508720801,Python,Python (3.4.3),py,Accepted,17.0,2940.0,210,
s609830453,p03567,u860316098,1508720801,C++,C++14 (GCC 5.4.1),cpp,Accepted,1.0,256.0,357,
s129019151,p03567,u337381518,1508720800,C++,C++14 (GCC 5.4.1),cpp,Accepted,1.0,256.0,187,
s213457952,p03567,u471797506,1508720799,Python,Python (2.7.6),py,Accepted,10.0,2568.0,44,
s535002149,p03567,u347579043,1508720793,C++,C++14 (GCC 5.4.1),cpp,Accepted,28.0,384.0,376,
s913743045,p03567,u649310245,1508720793,C++,C++14 (GCC 5.4.1),cpp,Accepted,1.0,256.0,4222,
s855424747,p03567,u840027980,1508720792,Python,Python (3.4.3),py,Accepted,18.0,2940.0,37,
s810824526,p03567,u515635861,1508720792,C++,C++14 (GCC 5.4.1),cpp,Accepted,1.0,256.0,1010,
s200144684,p03567,u022004976,1508720791,C++,C++14 (GCC 5.4.1),cpp,Accepted,1.0,256.0,190,
s941628731,p03567,u564084899,1508720791,C++,C++14 (GCC 5.4.1),cpp,Accepted,3.0,256.0,355,
s033601574,p03567,u043408408,1508720790,C++,C++14 (GCC 5.4.1),cpp,Accepted,1.0,256.0,392,
s906787308,p03567,u703805376,1508720787,C++,C++14 (GCC 5.4.1),cpp,Accepted,1.0,256.0,863,
s577862251,p03567,u584299958,1508720787,C++,C++14 (GCC 5.4.1),cpp,Accepted,1.0,128.0,334,
s818993494,p03567,u635277286,1508720786,C++,C++14 (GCC 5.4.1),cpp,Accepted,1.0,256.0,430,
s388164362,p03567,u839270100,1508720784,C++,C++14 (GCC 5.4.1),cpp,Accepted,1.0,256.0,819,
s679190501,p03567,u964185015,1508720782,C++,C++14 (GCC 5.4.1),cpp,Accepted,1.0,256.0,207,
s158724679,p03567,u791507389,1508720781,C++,C++14 (GCC 5.4.1),cpp,Accepted,1.0,256.0,811,
s897702362,p03567,u297287410,1508720780,C++,C++14 (GCC 5.4.1),cpp,Accepted,1.0,256.0,533,
s931215421,p03567,u397916247,1508720779,C++,C++14 (GCC 5.4.1),cpp,Accepted,1.0,256.0,122,
s023188370,p03567,u308795363,1508720777,C++,C++14 (GCC 5.4.1),cpp,Accepted,1.0,256.0,242,
s607528488,p03567,u929829215,1508720775,C++,C++14 (GCC 5.4.1),cpp,Accepted,3.0,384.0,305,
s259957041,p03567,u456636587,1508720775,C++,C++14 (GCC 5.4.1),cpp,Accepted,1.0,128.0,261,
s438560590,p03567,u155908073,1508720774,C++,C++14 (GCC 5.4.1),cpp,Accepted,1.0,256.0,236,
s264945148,p03567,u303071965,1508720772,C++,C++14 (GCC 5.4.1),cpp,Accepted,1.0,256.0,290,
s223436295,p03567,u355700299,1508720771,C++,C++14 (GCC 5.4.1),cpp,Accepted,1.0,256.0,303,
s626753597,p03567,u358838535,1508720767,C++,C++14 (GCC 5.4.1),cpp,Accepted,1.0,256.0,369,
s644903311,p03567,u327466606,1508720767,Python,Python (3.4.3),py,Accepted,17.0,2940.0,41,
s120445674,p03567,u212904724,1508720767,C++,C++14 (GCC 5.4.1),cpp,Accepted,1.0,256.0,319,
s362619698,p03567,u577747009,1508720766,C++,C++14 (GCC 5.4.1),cpp,Accepted,1.0,256.0,374,
s411651496,p03567,u661995320,1508720764,C++,C++14 (GCC 5.4.1),cpp,Accepted,1.0,256.0,234,
s370976338,p03567,u415907460,1508720764,C++,C++14 (GCC 5.4.1),cpp,Accepted,1.0,256.0,329,
s294173126,p03567,u436051658,1508720763,C++,C++14 (GCC 5.4.1),cpp,Accepted,1.0,256.0,314,
s004218006,p03567,u704411633,1508720762,C++,C++14 (GCC 5.4.1),cpp,Accepted,1.0,256.0,489,
s813184625,p03567,u273017918,1508720758,C++,C++14 (GCC 5.4.1),cpp,Accepted,1.0,256.0,293,
s437618817,p03567,u664481257,1508720758,Python,Python (3.4.3),py,Accepted,17.0,2940.0,400,
s952861865,p03567,u475329018,1508720754,C++,C++14 (GCC 5.4.1),cpp,Accepted,1.0,256.0,227,
s718043912,p03567,u140672616,1508720751,Python,Python (3.4.3),py,Accepted,17.0,2940.0,58,
s612614247,p03567,u188338175,1508720749,C++,C++14 (GCC 5.4.1),cpp,Accepted,1.0,256.0,1160,
s852514152,p03567,u351372349,1508720744,C++,C++14 (GCC 5.4.1),cpp,Accepted,1.0,256.0,3277,
s215535840,p03567,u595893956,1508720743,C++,C++14 (GCC 5.4.1),cpp,Accepted,1.0,256.0,219,
s335155078,p03567,u558720836,1508720743,Python,Python (3.4.3),py,Accepted,17.0,2940.0,245,
s285639859,p03567,u704369296,1508720742,C++,C++14 (GCC 5.4.1),cpp,Accepted,1.0,256.0,374,
s610296500,p03567,u113345753,1508720738,C++,C++14 (GCC 5.4.1),cpp,Accepted,1.0,256.0,600,
s581834730,p03567,u626881915,1508720738,Python,Python (3.4.3),py,Accepted,17.0,2940.0,73,
s197321415,p03567,u086355897,1508720738,C++,C++14 (GCC 5.4.1),cpp,Accepted,1.0,256.0,657,
s316263560,p03567,u621935300,1508720734,Python,Python (2.7.6),py,Accepted,11.0,2568.0,130,
s360713612,p03567,u271719815,1508720732,C++,C++14 (GCC 5.4.1),cpp,Accepted,1.0,256.0,359,
s073922607,p03567,u485196090,1508720732,C++,C++14 (GCC 5.4.1),cpp,Accepted,1.0,256.0,271,
s972932688,p03567,u048128931,1508720731,C++,C++14 (GCC 5.4.1),cpp,Accepted,1.0,256.0,255,
s458524181,p03567,u679161548,1508720730,C++,C++14 (GCC 5.4.1),cpp,Accepted,1.0,128.0,221,
s506093204,p03567,u637771514,1508720725,C++,C++14 (GCC 5.4.1),cpp,Accepted,1.0,256.0,344,
s296714346,p03567,u200729311,1508720721,C++,C++14 (GCC 5.4.1),cpp,Accepted,1.0,256.0,419,
s123018648,p03567,u864949552,1508720720,C++,C++14 (GCC 5.4.1),cpp,Accepted,1.0,256.0,287,
s489717007,p03567,u016612263,1508720720,C++,C++14 (GCC 5.4.1),cpp,Accepted,1.0,256.0,488,
s373712295,p03567,u635607854,1508720719,C++,C++14 (GCC 5.4.1),cpp,Accepted,1.0,256.0,381,
s517193769,p03567,u039462798,1508720718,C++,C++14 (GCC 5.4.1),cpp,Accepted,1.0,256.0,347,
s900063108,p03567,u959498604,1508720718,C++,C++14 (GCC 5.4.1),cpp,Accepted,1.0,256.0,2989,
s607570708,p03567,u143220121,1508720717,C++,C++14 (GCC 5.4.1),cpp,Accepted,1.0,256.0,35371,
s494114060,p03567,u616651250,1508720717,Python,Python (3.4.3),py,Accepted,17.0,2940.0,155,
s405001822,p03567,u420071596,1508720716,C++,C++14 (GCC 5.4.1),cpp,Accepted,1.0,256.0,570,
s002684077,p03567,u294603230,1508720715,C++,C++14 (GCC 5.4.1),cpp,Accepted,1.0,256.0,452,
s995147324,p03567,u294876844,1508720713,C++,C++14 (GCC 5.4.1),cpp,Accepted,1.0,256.0,269,
s723113178,p03567,u939106434,1508720711,C++,C++14 (GCC 5.4.1),cpp,Accepted,1.0,256.0,763,
s621039530,p03567,u928782751,1508720711,Python,Python (3.4.3),py,Accepted,20.0,3188.0,82,
s512690624,p03567,u405579229,1508720710,C++,C++14 (GCC 5.4.1),cpp,Accepted,1.0,256.0,1925,
s126584866,p03567,u187266709,1508720710,C++,C++14 (GCC 5.4.1),cpp,Accepted,1.0,256.0,297,
s140566589,p03567,u012774664,1508720709,C++,C++14 (GCC 5.4.1),cpp,Accepted,1.0,256.0,233,
s458957507,p03567,u926207630,1508720708,C++,C++14 (GCC 5.4.1),cpp,Accepted,1.0,256.0,388,
s954801385,p03567,u442158182,1508720705,C++,C++14 (GCC 5.4.1),cpp,Accepted,1.0,128.0,244,
s265512373,p03567,u692632484,1508720704,C++,C++14 (GCC 5.4.1),cpp,Accepted,1.0,256.0,859,
s269266841,p03567,u479953984,1508720703,C++,C++14 (GCC 5.4.1),cpp,Accepted,1.0,256.0,947,
s759144937,p03567,u153147777,1508720703,Python,Python (3.4.3),py,Accepted,17.0,2940.0,47,
s975822616,p03567,u711985352,1508720702,C++,C++14 (GCC 5.4.1),cpp,Accepted,1.0,256.0,606,
s172863341,p03567,u693386219,1508720699,C++,C++14 (GCC 5.4.1),cpp,Accepted,1.0,256.0,821,
s560070276,p03567,u434413111,1508720699,C++,C++14 (GCC 5.4.1),cpp,Accepted,1.0,256.0,5089,
s609007961,p03567,u554116180,1508720698,C++,C++14 (GCC 5.4.1),cpp,Accepted,1.0,256.0,295,
s287194429,p03567,u810724221,1508720697,C++,C++14 (GCC 5.4.1),cpp,Accepted,1.0,256.0,555,
s293383887,p03567,u886628397,1508720696,C++,C++14 (GCC 5.4.1),cpp,Accepted,1.0,256.0,287,
s125380489,p03567,u724704794,1508720696,C++,C++14 (GCC 5.4.1),cpp,Accepted,1.0,256.0,322,
s271684051,p03567,u382880969,1508720694,C++,C++14 (GCC 5.4.1),cpp,Accepted,1.0,256.0,1108,
s632316581,p03567,u509674552,1508720691,C++,C++14 (GCC 5.4.1),cpp,Accepted,1.0,256.0,1339,
s745169545,p03567,u141828885,1508720691,Python,Python (3.4.3),py,Accepted,17.0,2940.0,66,
s884990757,p03567,u196432341,1508720691,C++,C++14 (GCC 5.4.1),cpp,Accepted,1.0,256.0,1232,
s460354926,p03567,u810388173,1508720691,C++,C++14 (GCC 5.4.1),cpp,Accepted,1.0,256.0,306,
s141906559,p03567,u676010686,1508720689,C++,C++14 (GCC 5.4.1),cpp,Accepted,1.0,256.0,320,
s879285178,p03567,u951583261,1508720688,C++,C++14 (GCC 5.4.1),cpp,Accepted,1.0,256.0,424,
s999236234,p03567,u603253967,1508720688,Python,Python (3.4.3),py,Accepted,18.0,2940.0,261,
s677998902,p03567,u464804957,1508720687,C++,C++14 (GCC 5.4.1),cpp,Accepted,1.0,256.0,238,
s104015518,p03567,u218252548,1508720687,C++,C++14 (GCC 5.4.1),cpp,Accepted,1.0,256.0,346,
s861312694,p03567,u737836687,1508720687,C++,C++14 (GCC 5.4.1),cpp,Accepted,1.0,256.0,477,
s466668712,p03567,u437858118,1508720686,C++,C++14 (GCC 5.4.1),cpp,Accepted,1.0,256.0,1150,
s397266151,p03567,u287060310,1508720686,C++,C++14 (GCC 5.4.1),cpp,Accepted,1.0,256.0,528,
s291275398,p03567,u619631862,1508720686,Python,PyPy3 (2.4.0),py,Accepted,186.0,38384.0,63,
s936842117,p03567,u370478299,1508720685,C++,C++14 (GCC 5.4.1),cpp,Accepted,1.0,256.0,564,
s423206797,p03567,u172929647,1508720685,C++,C++14 (GCC 5.4.1),cpp,Accepted,1.0,256.0,528,
s390940943,p03567,u421726244,1508720685,C++,C++14 (GCC 5.4.1),cpp,Accepted,1.0,128.0,469,
s534514028,p03567,u869282786,1508720684,C++,C++14 (GCC 5.4.1),cpp,Accepted,1.0,256.0,329,
s871379466,p03567,u354915818,1508720683,Python,Python (3.4.3),py,Accepted,253.0,13564.0,344,
s443968066,p03567,u558671021,1508720683,C++,C++14 (Clang 3.8.0),cpp,Accepted,4.0,888.0,679,
s469962257,p03567,u432042540,1508720682,Python,Python (3.4.3),py,Accepted,17.0,3060.0,195,
s789907180,p03567,u654231177,1508720674,C++,C++14 (GCC 5.4.1),cpp,Accepted,1.0,256.0,308,
s907279126,p03567,u645369394,1508720674,C++,C++14 (GCC 5.4.1),cpp,Accepted,1.0,256.0,350,
s430123672,p03567,u946140993,1508720674,C++,C++14 (GCC 5.4.1),cpp,Accepted,1.0,256.0,845,
s226403440,p03567,u459605145,1508720672,C++,C++14 (GCC 5.4.1),cpp,Accepted,1.0,256.0,221,
s255815709,p03567,u119236007,1508720670,C++,C++14 (GCC 5.4.1),cpp,Accepted,1.0,256.0,5183,
s498211167,p03567,u161060557,1508720669,C++,C++14 (GCC 5.4.1),cpp,Accepted,1.0,256.0,674,
s602813679,p03567,u497422208,1508720668,C++,C++14 (GCC 5.4.1),cpp,Accepted,1.0,256.0,261,
s055340714,p03567,u489883555,1508720668,C++,C++14 (GCC 5.4.1),cpp,Accepted,1.0,256.0,219,
s675423588,p03567,u566924053,1508720665,Python,Python (3.4.3),py,Accepted,17.0,2940.0,199,
s947323489,p03567,u580801719,1508720664,C++,C++14 (GCC 5.4.1),cpp,Accepted,1.0,256.0,515,
s152420910,p03567,u245943609,1508720663,C++,C++14 (GCC 5.4.1),cpp,Accepted,1.0,256.0,351,
s122271265,p03567,u802071009,1508720662,C++,C++14 (GCC 5.4.1),cpp,Accepted,1.0,256.0,137,
s167586828,p03567,u456065785,1508720661,C++,C++14 (GCC 5.4.1),cpp,Accepted,1.0,256.0,210,
s364022824,p03567,u104282757,1508720661,Python,Python (3.4.3),py,Accepted,17.0,2940.0,170,
s388924298,p03567,u560670090,1508720661,C++,C++14 (GCC 5.4.1),cpp,Accepted,1.0,256.0,221,
s767547887,p03567,u270853661,1508720661,C++,C++14 (GCC 5.4.1),cpp,Accepted,1.0,256.0,297,
s987311256,p03567,u251433890,1508720661,C++,C++14 (GCC 5.4.1),cpp,Accepted,1.0,256.0,284,
s847838795,p03567,u585284720,1508720661,C++,C++14 (GCC 5.4.1),cpp,Accepted,1.0,256.0,271,
s641526682,p03567,u285975384,1508720661,C++,C++14 (GCC 5.4.1),cpp,Accepted,1.0,256.0,448,
s268894608,p03567,u633774875,1508720660,C++,C++14 (GCC 5.4.1),cpp,Accepted,1.0,256.0,1465,
s382819765,p03567,u965467864,1508720660,C++,C++14 (GCC 5.4.1),cpp,Accepted,1.0,128.0,236,
s952388041,p03567,u476266543,1508720660,Python,PyPy3 (2.4.0),py,Accepted,163.0,39888.0,54,
s384380053,p03567,u755121033,1508720660,C++,C++14 (GCC 5.4.1),cpp,Accepted,1.0,256.0,274,
s775095507,p03567,u258647915,1508720659,Python,Python (3.4.3),py,Accepted,17.0,3064.0,65,
s227802937,p03567,u780122303,1508720657,C++,C++14 (GCC 5.4.1),cpp,Accepted,1.0,256.0,474,
s242714075,p03567,u802736272,1508720657,C++,C++14 (GCC 5.4.1),cpp,Accepted,1.0,256.0,344,
s468028873,p03567,u027214553,1508720655,C++,C++14 (GCC 5.4.1),cpp,Accepted,1.0,256.0,231,
s593166113,p03567,u021111120,1508720654,C++,C++14 (GCC 5.4.1),cpp,Accepted,1.0,256.0,370,
s207705012,p03567,u166538981,1508720654,Python,Python (2.7.6),py,Accepted,11.0,2568.0,44,
s367664039,p03567,u364497081,1508720653,C++,C++14 (GCC 5.4.1),cpp,Accepted,1.0,256.0,272,
s947528094,p03567,u621953952,1508720652,C++,C++14 (GCC 5.4.1),cpp,Accepted,1.0,256.0,252,
s574842223,p03567,u669617963,1508720651,C++,C++14 (GCC 5.4.1),cpp,Accepted,1.0,256.0,450,
s646181676,p03567,u308494653,1508720651,C++,C++14 (GCC 5.4.1),cpp,Accepted,1.0,256.0,324,
s796817222,p03567,u960279094,1508720651,C++,C++14 (GCC 5.4.1),cpp,Accepted,1.0,256.0,440,
s772624960,p03567,u671415134,1508720650,C++,C++14 (GCC 5.4.1),cpp,Accepted,1.0,128.0,287,
s639842987,p03567,u768660218,1508720649,C++,C++14 (GCC 5.4.1),cpp,Accepted,1.0,256.0,248,
s911789605,p03567,u796424048,1508720648,Python,Python (3.4.3),py,Accepted,17.0,2940.0,121,
s560104173,p03567,u995997203,1508720648,C++,C++14 (GCC 5.4.1),cpp,Accepted,1.0,256.0,247,
s955151628,p03567,u798891599,1508720648,C++,C++14 (GCC 5.4.1),cpp,Accepted,1.0,256.0,220,
s755164000,p03567,u311237381,1508720648,C++,C++14 (GCC 5.4.1),cpp,Accepted,1.0,256.0,363,
s142817930,p03567,u798181098,1508720648,C++,C++14 (Clang 3.8.0),cpp,Accepted,4.0,888.0,648,
s736587899,p03567,u367174191,1508720647,C++,C++14 (GCC 5.4.1),cpp,Accepted,1.0,256.0,220,
s254633802,p03567,u683588090,1508720647,C++,C++14 (GCC 5.4.1),cpp,Accepted,1.0,256.0,189,
s889375341,p03567,u341347211,1508720647,C++,C++14 (GCC 5.4.1),cpp,Accepted,1.0,256.0,420,
s355240820,p03567,u780709476,1508720646,C++,C++14 (GCC 5.4.1),cpp,Accepted,1.0,256.0,261,
s697044463,p03567,u001066547,1508720646,C++,C++14 (GCC 5.4.1),cpp,Accepted,1.0,256.0,408,
s165036202,p03567,u032455837,1508720645,C++,C++14 (GCC 5.4.1),cpp,Accepted,1.0,256.0,1007,
s641044017,p03567,u406008428,1508720645,C++,C++14 (GCC 5.4.1),cpp,Accepted,1.0,256.0,312,
s329384728,p03567,u810067372,1508720642,C++,C++14 (GCC 5.4.1),cpp,Accepted,1.0,256.0,241,
s245182632,p03567,u566685944,1508720642,C++,C++14 (GCC 5.4.1),cpp,Accepted,1.0,256.0,431,
s973227279,p03567,u016382081,1508720639,C++,C++14 (GCC 5.4.1),cpp,Accepted,1.0,128.0,187,
s271630422,p03567,u163922356,1508720639,C++,C++14 (GCC 5.4.1),cpp,Accepted,1.0,256.0,393,
s894592667,p03567,u462434199,1508720639,C++,C++14 (GCC 5.4.1),cpp,Accepted,1.0,256.0,809,
s349123854,p03567,u639444166,1508720637,Python,Python (2.7.6),py,Accepted,11.0,2568.0,196,
s490155839,p03567,u877969392,1508720637,C++,C++14 (GCC 5.4.1),cpp,Accepted,1.0,256.0,213,
s215782566,p03567,u498141549,1508720637,C++,C++14 (Clang 3.8.0),cpp,Accepted,5.0,888.0,303,
s245067043,p03567,u806834152,1508720637,C++,C++14 (GCC 5.4.1),cpp,Accepted,1.0,256.0,233,
s848439425,p03567,u498650088,1508720636,C++,C++14 (GCC 5.4.1),cpp,Accepted,1.0,256.0,383,
s815154240,p03567,u033045343,1508720636,C++,C++14 (GCC 5.4.1),cpp,Accepted,1.0,256.0,315,
s158375398,p03567,u990753715,1508720636,C++,C++14 (GCC 5.4.1),cpp,Accepted,1.0,128.0,485,
s761928788,p03567,u880591747,1508720635,C++,C++14 (GCC 5.4.1),cpp,Accepted,3.0,256.0,427,
s976165920,p03567,u431402610,1508720635,C++,C++14 (GCC 5.4.1),cpp,Accepted,1.0,256.0,960,
s138016113,p03567,u391222057,1508720635,C++,C++14 (GCC 5.4.1),cpp,Accepted,1.0,256.0,2073,
s645756361,p03567,u470459790,1508720634,C++,C++14 (GCC 5.4.1),cpp,Accepted,1.0,128.0,251,
s624231746,p03567,u299866043,1508720633,C++,C++14 (GCC 5.4.1),cpp,Accepted,1.0,256.0,464,
s165809876,p03567,u779353743,1508720632,C++,C++14 (GCC 5.4.1),cpp,Accepted,1.0,256.0,198,
s165214028,p03567,u708618797,1508720631,C++,C++14 (GCC 5.4.1),cpp,Accepted,1.0,256.0,756,
s352655000,p03567,u665383279,1508720631,C++,C++14 (GCC 5.4.1),cpp,Accepted,1.0,256.0,265,
s787809070,p03567,u063020782,1508720630,C++,C++14 (GCC 5.4.1),cpp,Accepted,1.0,256.0,633,
s850809883,p03567,u652077816,1508720630,C++,C++14 (GCC 5.4.1),cpp,Accepted,1.0,256.0,908,
s576612700,p03567,u171196335,1508720629,C++,C++14 (GCC 5.4.1),cpp,Accepted,1.0,256.0,406,
s045246985,p03567,u612088391,1508720629,C++,C++14 (GCC 5.4.1),cpp,Accepted,1.0,256.0,242,
s519667351,p03567,u632068728,1508720629,C++,C++14 (GCC 5.4.1),cpp,Accepted,1.0,256.0,227,
s616284058,p03567,u391854513,1508720629,C++,C++14 (GCC 5.4.1),cpp,Accepted,1.0,256.0,233,
s103196442,p03567,u874328125,1508720628,C++,C++14 (GCC 5.4.1),cpp,Accepted,1.0,256.0,246,
s349603806,p03567,u706839656,1508720627,C++,C++14 (GCC 5.4.1),cpp,Accepted,1.0,256.0,1969,
s312464591,p03567,u697354805,1508720627,C++,C++14 (GCC 5.4.1),cpp,Accepted,1.0,256.0,343,
s369766815,p03567,u196520288,1508720625,C++,C++14 (GCC 5.4.1),cpp,Accepted,0.0,128.0,220,
s123114861,p03567,u497285470,1508720625,Python,Python (3.4.3),py,Accepted,17.0,3064.0,183,
s470222196,p03567,u949388753,1508720625,C++,C++14 (GCC 5.4.1),cpp,Accepted,1.0,256.0,268,
s526260988,p03567,u435321965,1508720624,C++,C++14 (GCC 5.4.1),cpp,Accepted,1.0,256.0,910,
s878783534,p03567,u326542954,1508720624,C++,C++14 (GCC 5.4.1),cpp,Accepted,1.0,128.0,259,
s735955972,p03567,u619903269,1508720623,C++,C++14 (GCC 5.4.1),cpp,Accepted,1.0,256.0,879,
s173747784,p03567,u951877352,1508720623,C++,C++14 (GCC 5.4.1),cpp,Accepted,1.0,256.0,375,
s870510179,p03567,u722096509,1508720622,C++,C++14 (GCC 5.4.1),cpp,Accepted,1.0,256.0,249,
s834206143,p03567,u302521274,1508720621,C++,C++14 (GCC 5.4.1),cpp,Accepted,1.0,128.0,259,
s378951868,p03567,u525495151,1508720621,C++,C++14 (GCC 5.4.1),cpp,Accepted,1.0,256.0,616,
s154470167,p03567,u817108777,1508720621,C++,C++14 (GCC 5.4.1),cpp,Accepted,1.0,256.0,220,
s340149020,p03567,u571550592,1508720621,C++,C++14 (GCC 5.4.1),cpp,Accepted,1.0,256.0,588,
s515065313,p03567,u554727058,1508720620,C++,C++14 (GCC 5.4.1),cpp,Accepted,1.0,256.0,728,
s864266673,p03567,u875570028,1508720620,C++,C++14 (GCC 5.4.1),cpp,Accepted,1.0,256.0,247,
s176469136,p03567,u580820298,1508720620,C++,C++14 (GCC 5.4.1),cpp,Accepted,1.0,256.0,1710,
s424775070,p03567,u047554023,1508720620,C++,C++14 (GCC 5.4.1),cpp,Accepted,1.0,256.0,202,
s621702487,p03567,u396524567,1508720618,C++,C++14 (GCC 5.4.1),cpp,Accepted,1.0,256.0,300,
s430217982,p03567,u454670021,1508720618,C++,C++14 (GCC 5.4.1),cpp,Accepted,1.0,256.0,581,
s942538406,p03567,u958581328,1508720617,C++,C++14 (GCC 5.4.1),cpp,Accepted,1.0,256.0,382,
s195701842,p03567,u323928260,1508720617,C++,C++14 (GCC 5.4.1),cpp,Accepted,1.0,256.0,372,
s180516090,p03567,u306733288,1508720615,C++,C++14 (GCC 5.4.1),cpp,Accepted,1.0,256.0,483,
s746465783,p03567,u812724608,1508720615,C++,C++14 (GCC 5.4.1),cpp,Accepted,1.0,256.0,365,
s719263212,p03567,u817328209,1508720614,Python,Python (3.4.3),py,Accepted,17.0,2940.0,45,
s388454698,p03567,u913177916,1508720614,C++,C++14 (GCC 5.4.1),cpp,Accepted,1.0,256.0,1432,
s923997588,p03567,u125205981,1508720614,Python,Python (3.4.3),py,Accepted,17.0,2940.0,106,
s653708568,p03567,u745906650,1508720613,C++,C++14 (GCC 5.4.1),cpp,Accepted,1.0,256.0,267,
s233740235,p03567,u547532427,1508720613,C++,C++14 (GCC 5.4.1),cpp,Accepted,1.0,256.0,271,
s645335321,p03567,u279851587,1508720612,C++,C++14 (GCC 5.4.1),cpp,Accepted,1.0,256.0,681,
s463711128,p03567,u949939602,1508720611,C++,C++14 (GCC 5.4.1),cpp,Accepted,1.0,256.0,241,
s882355804,p03567,u792078574,1508720611,Python,Python (2.7.6),py,Accepted,11.0,2568.0,65,
s937405247,p03567,u710933969,1508720610,C++,C++14 (GCC 5.4.1),cpp,Accepted,1.0,256.0,9489,
s342087179,p03567,u099648805,1508720610,C++,C++14 (GCC 5.4.1),cpp,Accepted,1.0,256.0,253,
s724831781,p03567,u432579356,1508720610,C++,C++14 (GCC 5.4.1),cpp,Accepted,1.0,256.0,1276,
s713211055,p03567,u412192776,1508720609,C++,C++14 (GCC 5.4.1),cpp,Accepted,1.0,256.0,440,
s203277356,p03567,u429832088,1508720608,C++,C++14 (GCC 5.4.1),cpp,Accepted,1.0,256.0,270,
s057449041,p03567,u230583048,1508720607,C++,C++14 (GCC 5.4.1),cpp,Accepted,1.0,256.0,161,
s848586629,p03567,u672608953,1508720607,C++,C++14 (GCC 5.4.1),cpp,Accepted,1.0,256.0,260,
s845850134,p03567,u140784415,1508720607,C++,C++14 (GCC 5.4.1),cpp,Accepted,1.0,256.0,251,
s659134189,p03567,u589038340,1508720606,C++,C++14 (GCC 5.4.1),cpp,Accepted,2.0,256.0,216,
s526855163,p03567,u501289321,1508720606,C++,C++14 (GCC 5.4.1),cpp,Accepted,1.0,256.0,540,
s715345566,p03567,u993640894,1508720605,C++,C++14 (GCC 5.4.1),cpp,Accepted,1.0,256.0,1120,
s242218675,p03567,u849272825,1508720605,C++,C++14 (GCC 5.4.1),cpp,Accepted,1.0,256.0,506,
s286188316,p03567,u332108407,1508720605,C++,C++14 (GCC 5.4.1),cpp,Accepted,1.0,256.0,848,
s630281960,p03567,u063863531,1508720604,C++,C++14 (GCC 5.4.1),cpp,Accepted,1.0,256.0,282,
s665743419,p03567,u205803237,1508720604,Python,Python (3.4.3),py,Accepted,19.0,2940.0,169,
s253197610,p03567,u440018562,1508720604,Python,Python (3.4.3),py,Accepted,17.0,2940.0,189,
s696213870,p03567,u321141651,1508720603,C++,C++14 (GCC 5.4.1),cpp,Accepted,1.0,256.0,537,
s465396895,p03567,u654557481,1508720603,C++,C++14 (GCC 5.4.1),cpp,Accepted,1.0,256.0,286,
s345006175,p03567,u994767958,1508720601,C++,C++14 (GCC 5.4.1),cpp,Accepted,1.0,256.0,245,
s822674271,p03567,u677421794,1508720601,Python,Python (3.4.3),py,Accepted,17.0,2940.0,165,
s202783577,p03567,u404186223,1508720601,C++,C++14 (GCC 5.4.1),cpp,Accepted,1.0,256.0,152,
s067992119,p03567,u193001831,1508720600,C++,C++14 (GCC 5.4.1),cpp,Accepted,1.0,256.0,420,
s799132717,p03567,u587217971,1508720600,C++,C++14 (GCC 5.4.1),cpp,Accepted,1.0,256.0,281,
s224888100,p03567,u285359987,1508720598,C++,C++14 (GCC 5.4.1),cpp,Accepted,1.0,256.0,492,
s158749031,p03567,u666192864,1508720598,C++,C++14 (GCC 5.4.1),cpp,Accepted,1.0,256.0,1165,
s072094490,p03567,u821608744,1508720598,C++,C++14 (GCC 5.4.1),cpp,Accepted,1.0,256.0,239,
s882973103,p03567,u015768390,1508720597,C++,C++14 (GCC 5.4.1),cpp,Accepted,1.0,256.0,522,
s374644851,p03567,u703122780,1508720597,C++,C++14 (GCC 5.4.1),cpp,Accepted,1.0,256.0,804,
s869187308,p03567,u229621546,1508720596,C++,C++14 (GCC 5.4.1),cpp,Accepted,0.0,128.0,334,
s952188889,p03567,u698535708,1508720596,Python,Python (3.4.3),py,Accepted,17.0,2940.0,41,
s305507665,p03567,u449234500,1508720594,C++,C++14 (GCC 5.4.1),cpp,Accepted,1.0,256.0,422,
s903671057,p03567,u416560151,1508720594,C++,C++14 (GCC 5.4.1),cpp,Accepted,1.0,256.0,279,
s728277266,p03567,u494965628,1508720593,C++,C++14 (GCC 5.4.1),cpp,Accepted,1.0,256.0,250,
s616626076,p03567,u031482407,1508720593,C++,C++14 (GCC 5.4.1),cpp,Accepted,1.0,256.0,179,
s880302112,p03567,u188223376,1508720593,C++,C++14 (GCC 5.4.1),cpp,Accepted,0.0,128.0,228,
s189146021,p03567,u332570575,1508720593,C++,C++14 (GCC 5.4.1),cpp,Accepted,1.0,256.0,235,
s398953130,p03567,u886479534,1508720593,C++,C++14 (GCC 5.4.1),cpp,Accepted,1.0,256.0,474,
s013914601,p03567,u723297297,1508720592,C++,C++14 (GCC 5.4.1),cpp,Accepted,1.0,256.0,488,
s510385948,p03567,u462688983,1508720592,C++,C++14 (GCC 5.4.1),cpp,Accepted,1.0,256.0,250,
s818835073,p03567,u063280006,1508720592,C++,C++14 (GCC 5.4.1),cpp,Accepted,1.0,256.0,299,
s082043894,p03567,u164998927,1508720592,C++,C++14 (GCC 5.4.1),cpp,Accepted,1.0,256.0,380,
s191744181,p03567,u802614675,1508720591,C++,C++14 (GCC 5.4.1),cpp,Accepted,1.0,256.0,392,
s151083403,p03567,u493920733,1508720590,C++,C++14 (GCC 5.4.1),cpp,Accepted,1.0,256.0,184,
s768658141,p03567,u777923818,1508720589,Python,Python (3.4.3),py,Accepted,17.0,2940.0,201,
s545476161,p03567,u925364229,1508720589,Python,Python (3.4.3),py,Accepted,17.0,2940.0,91,
s888149384,p03567,u831695469,1508720589,C++,C++14 (GCC 5.4.1),cpp,Accepted,1.0,256.0,331,
s977411749,p03567,u872191059,1508720588,Python,PyPy3 (2.4.0),py,Accepted,162.0,38384.0,136,
s277956897,p03567,u080348635,1508720588,C++,C++14 (GCC 5.4.1),cpp,Accepted,1.0,256.0,1010,
s294019134,p03567,u042946584,1508720587,C++,C++14 (GCC 5.4.1),cpp,Accepted,1.0,256.0,368,
s667285604,p03567,u190952243,1508720587,Python,Python (3.4.3),py,Accepted,17.0,2940.0,111,
s262268153,p03567,u448852296,1508720587,C++,C++14 (GCC 5.4.1),cpp,Accepted,2.0,256.0,299,
s735173327,p03567,u464560338,1508720587,C++,C++14 (GCC 5.4.1),cpp,Accepted,1.0,256.0,628,
s171607444,p03567,u780015263,1508720586,C++,C++14 (GCC 5.4.1),cpp,Accepted,1.0,128.0,420,
s026779839,p03567,u902089124,1508720586,C++,C++14 (GCC 5.4.1),cpp,Accepted,1.0,256.0,302,
s319103428,p03567,u531990245,1508720586,C++,C++14 (GCC 5.4.1),cpp,Accepted,1.0,256.0,781,
s133263922,p03567,u451017206,1508720586,Python,Python (3.4.3),py,Accepted,18.0,2940.0,85,
s434350716,p03567,u942033906,1508720586,Python,Python (3.4.3),py,Accepted,17.0,2940.0,49,
s668523075,p03567,u370986618,1508720585,C++,C++14 (GCC 5.4.1),cpp,Accepted,1.0,256.0,16287,
s280876497,p03567,u737214831,1508720584,C++,C++14 (GCC 5.4.1),cpp,Accepted,1.0,256.0,736,
s833142336,p03567,u852585808,1508720584,C++,C++14 (GCC 5.4.1),cpp,Accepted,1.0,256.0,313,
s155536697,p03567,u642905089,1508720583,Python,Python (3.4.3),py,Accepted,18.0,2940.0,130,
s912499199,p03567,u814280135,1508720583,C++,C++14 (GCC 5.4.1),cpp,Accepted,1.0,256.0,520,
s397973393,p03567,u428493673,1508720583,C++,C++14 (GCC 5.4.1),cpp,Accepted,1.0,256.0,221,
s007479674,p03567,u811982971,1508720583,C++,C++14 (GCC 5.4.1),cpp,Accepted,1.0,256.0,2842,
s179702886,p03567,u573800593,1508720582,C++,C++14 (GCC 5.4.1),cpp,Accepted,1.0,256.0,291,
s866793135,p03567,u372101102,1508720582,C++,C++14 (GCC 5.4.1),cpp,Accepted,1.0,128.0,281,
s450813060,p03567,u451748673,1508720581,C++,C++14 (GCC 5.4.1),cpp,Accepted,1.0,256.0,317,
s856786714,p03567,u991183712,1508720581,C++,C++14 (GCC 5.4.1),cpp,Accepted,1.0,256.0,261,
s637825522,p03567,u780143117,1508720580,C++,C++14 (GCC 5.4.1),cpp,Accepted,1.0,256.0,312,
s609821411,p03567,u314341898,1508720580,C++,C++14 (GCC 5.4.1),cpp,Accepted,1.0,256.0,1829,
s015191165,p03567,u208983616,1508720580,C++,C++14 (GCC 5.4.1),cpp,Accepted,1.0,256.0,368,
s885081020,p03567,u753982487,1508720580,C++,C++14 (GCC 5.4.1),cpp,Accepted,1.0,256.0,550,
s732392906,p03567,u169441068,1508720580,C++,C++14 (GCC 5.4.1),cpp,Accepted,1.0,256.0,202,
s647909586,p03567,u422653647,1508720578,C++,C++14 (GCC 5.4.1),cpp,Accepted,1.0,256.0,274,
s730946203,p03567,u089343408,1508720578,C++,C++14 (GCC 5.4.1),cpp,Accepted,0.0,128.0,238,
s072479788,p03567,u118784386,1508720578,C++,C++14 (GCC 5.4.1),cpp,Accepted,1.0,256.0,309,
s657589892,p03567,u568682546,1508720577,C++,C++14 (GCC 5.4.1),cpp,Accepted,1.0,256.0,693,
s363485384,p03567,u717704872,1508720577,C++,C++14 (GCC 5.4.1),cpp,Accepted,1.0,256.0,817,
s172413850,p03567,u858748695,1508720577,C++,C++14 (GCC 5.4.1),cpp,Accepted,1.0,256.0,139,
s382813594,p03567,u710480858,1508720577,C++,C++14 (GCC 5.4.1),cpp,Accepted,1.0,256.0,778,
s227886176,p03567,u294283114,1508720576,C++,C++14 (GCC 5.4.1),cpp,Accepted,2.0,256.0,845,
s381538393,p03567,u753175612,1508720576,C++,C++14 (GCC 5.4.1),cpp,Accepted,1.0,256.0,1142,
s700158296,p03567,u082912851,1508720576,C++,C++14 (GCC 5.4.1),cpp,Accepted,1.0,256.0,186,
s621833170,p03567,u437328758,1508720575,C++,C++14 (GCC 5.4.1),cpp,Accepted,3.0,256.0,1369,
s444963310,p03567,u295988383,1508720575,C++,C++14 (GCC 5.4.1),cpp,Accepted,1.0,256.0,401,
s264739145,p03567,u786831102,1508720575,C++,C++14 (GCC 5.4.1),cpp,Accepted,1.0,256.0,517,
s219205743,p03567,u378667182,1508720575,C++,C++14 (GCC 5.4.1),cpp,Accepted,1.0,256.0,1629,
s297998897,p03567,u489346725,1508720574,C++,C++14 (GCC 5.4.1),cpp,Accepted,1.0,256.0,341,
s992341248,p03567,u572468811,1508720574,C++,C++14 (GCC 5.4.1),cpp,Accepted,1.0,256.0,1157,
s726526643,p03567,u202928696,1508720573,C++,C++14 (GCC 5.4.1),cpp,Accepted,1.0,256.0,1071,
s091515849,p03567,u820612421,1508720572,C++,C++14 (GCC 5.4.1),cpp,Accepted,1.0,256.0,402,
s372130268,p03567,u652895610,1508720572,Python,Python (3.4.3),py,Accepted,17.0,2940.0,67,
s357978943,p03567,u129074747,1508720571,C++,C++14 (GCC 5.4.1),cpp,Accepted,1.0,256.0,938,
s701711283,p03567,u541410431,1508720571,C++,C++14 (GCC 5.4.1),cpp,Accepted,1.0,256.0,530,
s126218655,p03567,u772679600,1508720570,C++,C++14 (GCC 5.4.1),cpp,Accepted,1.0,256.0,799,
s235848994,p03567,u833492079,1508720569,Python,Python (3.4.3),py,Accepted,18.0,2940.0,96,
s630843131,p03567,u848736574,1508720569,C++,C++14 (GCC 5.4.1),cpp,Accepted,1.0,256.0,264,
s708123633,p03567,u601082779,1508720569,C++,C++14 (GCC 5.4.1),cpp,Accepted,47.0,256.0,1305,
s501864359,p03567,u300752229,1508720568,C++,C++14 (GCC 5.4.1),cpp,Accepted,4.0,4992.0,3428,
s151208438,p03567,u482969053,1508720568,Python,Python (3.4.3),py,Accepted,17.0,2940.0,64,
s511608740,p03567,u706549938,1508720567,C++,C++14 (GCC 5.4.1),cpp,Accepted,1.0,256.0,262,
s054029126,p03567,u978451970,1508720567,C++,C++14 (GCC 5.4.1),cpp,Accepted,1.0,256.0,1079,
s096578632,p03567,u905731899,1508720567,C++,C++14 (GCC 5.4.1),cpp,Accepted,1.0,256.0,394,
s402640110,p03567,u909643606,1508720567,Python,Python (3.4.3),py,Accepted,17.0,2940.0,64,
s512320139,p03567,u148251220,1508720567,C++,C++14 (GCC 5.4.1),cpp,Accepted,1.0,128.0,227,
s797467953,p03567,u297571711,1508720567,C++,C++14 (GCC 5.4.1),cpp,Accepted,1.0,256.0,3446,
s403207398,p03567,u795680032,1508720567,C++,C++14 (GCC 5.4.1),cpp,Accepted,1.0,128.0,476,
s194538541,p03567,u901862155,1508720566,C++,C++14 (GCC 5.4.1),cpp,Accepted,1.0,256.0,382,
s238523225,p03567,u097479715,1508720566,Python,Python (3.4.3),py,Accepted,17.0,2940.0,64,
s577508281,p03567,u238510421,1508720566,Python,Python (3.4.3),py,Accepted,18.0,2940.0,158,
s017100217,p03567,u178194978,1508720565,C++,C++14 (GCC 5.4.1),cpp,Accepted,1.0,256.0,530,
s304631188,p03567,u241615199,1508720565,C++,C++14 (GCC 5.4.1),cpp,Accepted,1.0,256.0,284,
s922299174,p03567,u624279229,1508720565,C++,C++14 (GCC 5.4.1),cpp,Accepted,1.0,128.0,852,
s874624769,p03567,u484902431,1508720564,Python,Python (3.4.3),py,Accepted,17.0,2940.0,48,
s813491437,p03567,u122451018,1508720564,C++,C++14 (GCC 5.4.1),cpp,Accepted,1.0,256.0,1203,
s617968149,p03567,u467094811,1508720564,C++,C++14 (GCC 5.4.1),cpp,Accepted,1.0,256.0,284,
s272771078,p03567,u460147385,1508720564,C++,C++14 (GCC 5.4.1),cpp,Accepted,1.0,256.0,406,
s666762375,p03567,u161904081,1508720564,C++,C++14 (GCC 5.4.1),cpp,Accepted,1.0,256.0,1015,
s980607231,p03567,u846271630,1508720564,C++,C++14 (GCC 5.4.1),cpp,Accepted,1.0,256.0,301,
s707949961,p03567,u500496457,1508720564,C++,C++14 (Clang 3.8.0),cpp,Accepted,4.0,888.0,1009,
s625664654,p03567,u365077014,1508720564,C++,C++14 (GCC 5.4.1),cpp,Accepted,1.0,256.0,332,
s321984795,p03567,u445860050,1508720564,C++,C++14 (GCC 5.4.1),cpp,Accepted,1.0,256.0,839,
s052122885,p03567,u021140967,1508720563,C++,C++14 (GCC 5.4.1),cpp,Accepted,1.0,256.0,379,
s441373484,p03567,u087249330,1508720563,C++,C++14 (GCC 5.4.1),cpp,Accepted,1.0,256.0,1072,
s747820850,p03567,u409753607,1508720563,C++,C++14 (GCC 5.4.1),cpp,Accepted,1.0,256.0,771,
s637242638,p03567,u192442087,1508720562,C++,C++14 (GCC 5.4.1),cpp,Accepted,1.0,256.0,1021,
s235217329,p03567,u009497225,1508720562,C++,C++14 (GCC 5.4.1),cpp,Accepted,0.0,128.0,244,
s902378002,p03567,u854012554,1508720562,C++,C++14 (GCC 5.4.1),cpp,Accepted,1.0,128.0,213,
s558953898,p03567,u241094943,1508720562,C++,C++14 (GCC 5.4.1),cpp,Accepted,1.0,128.0,322,
s716647800,p03567,u559923837,1508720561,C++,C++14 (GCC 5.4.1),cpp,Accepted,1.0,256.0,388,
s493815822,p03567,u193548733,1508720561,C++,C++14 (GCC 5.4.1),cpp,Accepted,1.0,256.0,210,
s364195273,p03567,u137147951,1508720561,C++,C++14 (GCC 5.4.1),cpp,Accepted,1.0,256.0,235,
s309937081,p03567,u402472923,1508720560,C++,C++14 (GCC 5.4.1),cpp,Accepted,5.0,764.0,276,
s892650860,p03567,u076609281,1508720560,C++,C++14 (GCC 5.4.1),cpp,Accepted,1.0,256.0,236,
s336291077,p03567,u105346690,1508720559,C++,C++14 (GCC 5.4.1),cpp,Accepted,1.0,256.0,771,
s291277392,p03567,u767700714,1508720559,C++,C++14 (GCC 5.4.1),cpp,Accepted,1.0,128.0,242,
s071797104,p03567,u523964576,1508720558,Python,Python (3.4.3),py,Accepted,17.0,2940.0,62,
s750593220,p03567,u568652083,1508720558,C++,C++14 (GCC 5.4.1),cpp,Accepted,1.0,256.0,1712,
s357672128,p03567,u424103788,1508720558,C++,C++14 (GCC 5.4.1),cpp,Accepted,1.0,256.0,609,
s058688123,p03567,u462437857,1508720557,C++,C++14 (GCC 5.4.1),cpp,Accepted,1.0,256.0,255,
s015345950,p03567,u207599678,1508720557,C++,C++14 (GCC 5.4.1),cpp,Accepted,1.0,128.0,204,
s637187532,p03567,u484902431,1508720557,Python,Python (3.4.3),py,Accepted,19.0,2940.0,48,
s593411942,p03567,u136509923,1508720557,C++,C++14 (GCC 5.4.1),cpp,Accepted,1.0,256.0,761,
s356603074,p03567,u198497692,1508720557,C++,C++14 (GCC 5.4.1),cpp,Accepted,1.0,256.0,156,
s538403899,p03567,u020499417,1508720557,C++,C++14 (GCC 5.4.1),cpp,Accepted,1.0,256.0,463,
s506249420,p03567,u426694255,1508720557,C++,C++14 (GCC 5.4.1),cpp,Accepted,1.0,256.0,160,
s554943178,p03567,u403239401,1508720556,C++,C++14 (GCC 5.4.1),cpp,Accepted,1.0,256.0,570,
s224541798,p03567,u915894437,1508720556,C++,C++14 (GCC 5.4.1),cpp,Accepted,1.0,256.0,614,
s513202406,p03567,u608106113,1508720556,C++,C++14 (GCC 5.4.1),cpp,Accepted,1.0,128.0,376,
s396899862,p03567,u635974378,1508720555,Python,Python (3.4.3),py,Accepted,17.0,2940.0,48,
s540985202,p03567,u879226168,1508720555,C++,C++14 (GCC 5.4.1),cpp,Accepted,1.0,256.0,230,
s089253925,p03567,u483814783,1508720555,C++,C++14 (GCC 5.4.1),cpp,Accepted,1.0,256.0,1462,
s168426867,p03567,u502314533,1508720555,Python,Python (3.4.3),py,Accepted,16.0,2940.0,68,
s473711235,p03567,u418568023,1508720555,C++,C++14 (GCC 5.4.1),cpp,Accepted,8.0,256.0,217,
s981171749,p03567,u022102552,1508720554,Python,Python (2.7.6),py,Accepted,11.0,2568.0,405,
s739065559,p03567,u076428621,1508720554,C++,C++14 (GCC 5.4.1),cpp,Accepted,1.0,256.0,700,
s820304869,p03567,u184907406,1508720554,C++,C++14 (GCC 5.4.1),cpp,Accepted,1.0,256.0,517,
s638944729,p03567,u729652692,1508720554,C++,C++14 (GCC 5.4.1),cpp,Accepted,1.0,256.0,1354,
s025762175,p03567,u421502518,1508720554,C++,C++14 (GCC 5.4.1),cpp,Accepted,1.0,256.0,736,
s821550279,p03567,u996252264,1508720554,Python,Python (3.4.3),py,Accepted,17.0,3064.0,340,
s489401539,p03567,u232660139,1508720554,C++,C++14 (GCC 5.4.1),cpp,Accepted,1.0,256.0,295,
s088814742,p03567,u089869622,1508720553,C++,C++14 (GCC 5.4.1),cpp,Accepted,1.0,256.0,623,
s333243785,p03567,u099770093,1508720553,C++,C++14 (GCC 5.4.1),cpp,Accepted,1.0,256.0,743,
s409929722,p03567,u759266806,1508720553,C++,C++14 (GCC 5.4.1),cpp,Accepted,1.0,256.0,943,
s353082120,p03567,u425007056,1508720552,C++,C++14 (GCC 5.4.1),cpp,Accepted,1.0,256.0,242,
s860366812,p03567,u152129372,1508720552,C++,C++14 (GCC 5.4.1),cpp,Accepted,1.0,256.0,2148,
s278871667,p03567,u580996582,1508720552,C++,C++14 (GCC 5.4.1),cpp,Accepted,1.0,256.0,448,
s905497064,p03567,u605284854,1508720552,C++,C++14 (GCC 5.4.1),cpp,Accepted,1.0,256.0,524,
s330347639,p03567,u607778053,1508720552,C++,C++14 (GCC 5.4.1),cpp,Accepted,1.0,256.0,465,
s855505713,p03567,u446135838,1508720552,C++,C++14 (GCC 5.4.1),cpp,Accepted,1.0,256.0,384,
s882288618,p03567,u647940094,1508720552,C++,C++14 (GCC 5.4.1),cpp,Accepted,1.0,256.0,509,
s362761961,p03567,u112723190,1508720552,C++,C++14 (GCC 5.4.1),cpp,Accepted,1.0,256.0,1181,
s052164005,p03567,u443170850,1508720552,Python,Python (3.4.3),py,Accepted,17.0,2940.0,173,
s135848805,p03567,u756607506,1508720551,C++,C++14 (GCC 5.4.1),cpp,Accepted,1.0,256.0,247,
s241818384,p03567,u300516143,1508720551,C++,C++14 (GCC 5.4.1),cpp,Accepted,1.0,256.0,349,
s722587626,p03567,u012251824,1508720550,C++,C++14 (GCC 5.4.1),cpp,Accepted,1.0,256.0,289,
s952453047,p03567,u658130751,1508720550,C++,C++14 (GCC 5.4.1),cpp,Accepted,3.0,256.0,340,
s186459308,p03567,u648693898,1508720550,C++,C++14 (GCC 5.4.1),cpp,Accepted,1.0,256.0,744,
s220315442,p03567,u545509850,1508720550,C++,C++14 (GCC 5.4.1),cpp,Accepted,1.0,256.0,1282,
s722334095,p03567,u517935400,1508720549,C++,C++14 (GCC 5.4.1),cpp,Accepted,1.0,256.0,532,
s913624984,p03567,u677724546,1508720549,C++,C++14 (GCC 5.4.1),cpp,Accepted,1.0,256.0,746,
s599427024,p03567,u480543763,1508720549,C++,C++14 (GCC 5.4.1),cpp,Accepted,1.0,256.0,8378,
s236167223,p03567,u228297051,1508720548,C++,C++14 (GCC 5.4.1),cpp,Accepted,1.0,256.0,860,
s225132601,p03567,u991083615,1508720548,C++,C++14 (GCC 5.4.1),cpp,Accepted,1.0,256.0,743,
s467462860,p03567,u910444501,1508720548,C++,C++14 (Clang 3.8.0),cpp,Accepted,4.0,888.0,840,
s777599380,p03567,u003080851,1508720548,C++,C++14 (GCC 5.4.1),cpp,Accepted,1.0,256.0,232,
s918588724,p03567,u943004959,1508720548,Python,Python (3.4.3),py,Accepted,16.0,2940.0,60,
s506340552,p03567,u786160584,1508720548,C++,C++14 (GCC 5.4.1),cpp,Accepted,1.0,256.0,520,
s006060904,p03567,u481321809,1508720547,C++,C++14 (GCC 5.4.1),cpp,Accepted,1.0,256.0,590,
s368582971,p03567,u085486962,1508720547,C++,C++14 (GCC 5.4.1),cpp,Accepted,1.0,256.0,390,
s393233336,p03567,u805692198,1508720546,C++,C++14 (GCC 5.4.1),cpp,Accepted,1.0,256.0,754,
s217291485,p03567,u487769730,1508720545,C++,C++14 (GCC 5.4.1),cpp,Accepted,1.0,256.0,1082,
s687275288,p03567,u743900647,1508720545,C++,C++14 (GCC 5.4.1),cpp,Accepted,1.0,256.0,431,
s961002647,p03567,u231737808,1508720545,C++,C++14 (GCC 5.4.1),cpp,Accepted,1.0,256.0,226,
s496867118,p03567,u424270557,1508720544,C++,C++14 (GCC 5.4.1),cpp,Accepted,1.0,256.0,869,
s161808393,p03567,u089727559,1508720544,C++,C++14 (GCC 5.4.1),cpp,Accepted,1.0,256.0,175,
s378945797,p03567,u200354215,1508720544,C++,C++14 (GCC 5.4.1),cpp,Accepted,1.0,256.0,563,
s195802478,p03567,u986399983,1508720543,Python,Python (3.4.3),py,Accepted,17.0,2940.0,101,
s271848403,p03567,u977652465,1508720543,C++,C++14 (GCC 5.4.1),cpp,Accepted,1.0,256.0,889,
s803736992,p03567,u843522325,1508720543,C++,C++14 (GCC 5.4.1),cpp,Accepted,1.0,256.0,433,
s475921588,p03567,u761320129,1508720543,Python,Python (3.4.3),py,Accepted,17.0,2940.0,48,
s650948282,p03567,u601345180,1508720543,C++,C++14 (GCC 5.4.1),cpp,Accepted,1.0,128.0,224,
s472001555,p03567,u682365081,1508720543,C++,C++14 (GCC 5.4.1),cpp,Accepted,1.0,256.0,190,
s199507180,p03567,u067983636,1508720542,Python,Python (3.4.3),py,Accepted,17.0,2940.0,58,
s531334456,p03567,u191859370,1508720542,C++,C++14 (GCC 5.4.1),cpp,Accepted,1.0,256.0,755,
s076005320,p03567,u740807458,1508720542,C++,C++14 (GCC 5.4.1),cpp,Accepted,1.0,256.0,1178,
s376185504,p03567,u948882066,1508720542,C++,C++14 (GCC 5.4.1),cpp,Accepted,1.0,256.0,399,
s885771041,p03567,u423512488,1508720542,C++,C++14 (GCC 5.4.1),cpp,Accepted,1.0,256.0,307,
s671880678,p03567,u700986952,1508720541,C++,C++14 (GCC 5.4.1),cpp,Accepted,1.0,256.0,539,
s063972131,p03567,u298026919,1508720541,C++,C++14 (GCC 5.4.1),cpp,Accepted,1.0,256.0,493,
s720656199,p03567,u369650048,1508720541,C++,C++14 (GCC 5.4.1),cpp,Accepted,1.0,256.0,1011,
s736235315,p03567,u162315084,1508720540,C++,C++14 (GCC 5.4.1),cpp,Accepted,1.0,256.0,888,
s055474818,p03567,u215693191,1508720540,C++,C++14 (GCC 5.4.1),cpp,Accepted,1.0,256.0,18748,
s790123905,p03567,u562554924,1508720540,C++,C++14 (GCC 5.4.1),cpp,Accepted,1.0,256.0,655,
s325870866,p03567,u476369138,1508720540,C++,C++14 (GCC 5.4.1),cpp,Accepted,1.0,256.0,236,
s726203849,p03567,u454582483,1508720539,C++,C++14 (GCC 5.4.1),cpp,Accepted,1.0,256.0,1459,
s609949182,p03567,u771306245,1508720539,C++,C++14 (GCC 5.4.1),cpp,Accepted,1.0,256.0,985,
s135542933,p03567,u987346383,1508720539,C++,C++14 (GCC 5.4.1),cpp,Accepted,1.0,256.0,409,
s896627331,p03567,u618738555,1508720539,C++,C++14 (GCC 5.4.1),cpp,Accepted,0.0,128.0,235,
s187387970,p03567,u007610006,1508720539,C++,C++14 (GCC 5.4.1),cpp,Accepted,1.0,256.0,682,
s398781201,p03567,u874706642,1508720539,C++,C++14 (GCC 5.4.1),cpp,Accepted,1.0,256.0,544,
s633755517,p03567,u362884401,1508720539,C++,C++14 (GCC 5.4.1),cpp,Accepted,1.0,256.0,233,
s412782969,p03567,u543657872,1508720538,C++,C++14 (GCC 5.4.1),cpp,Accepted,1.0,256.0,378,
s526884724,p03567,u130140706,1508720538,C++,C++14 (GCC 5.4.1),cpp,Accepted,1.0,256.0,612,
s456111622,p03567,u075551644,1508720538,C++,C++14 (GCC 5.4.1),cpp,Accepted,1.0,256.0,3465,
s544132068,p03567,u056030038,1508720538,C++,C++14 (GCC 5.4.1),cpp,Accepted,1.0,256.0,1770,
s322370875,p03567,u785802366,1508720538,C++,C++14 (GCC 5.4.1),cpp,Accepted,1.0,256.0,709,
s368847987,p03567,u602850810,1508720537,C++,C++14 (GCC 5.4.1),cpp,Accepted,1.0,256.0,1188,
s613319118,p03567,u221758210,1508720537,C++,C++14 (GCC 5.4.1),cpp,Accepted,1.0,256.0,5702,
s699542257,p03567,u459737327,1508720537,C++,C++14 (GCC 5.4.1),cpp,Accepted,1.0,256.0,471,
s251537365,p03567,u327432293,1508720537,C++,C++14 (GCC 5.4.1),cpp,Accepted,1.0,256.0,514,
s444612930,p03567,u341855122,1508720536,Python,Python (2.7.6),py,Accepted,10.0,2568.0,60,
s419190529,p03567,u976162616,1508720536,Python,Python (3.4.3),py,Accepted,19.0,2940.0,181,
s883564626,p03567,u094534482,1508720536,C++,C++14 (GCC 5.4.1),cpp,Accepted,5.0,764.0,440,
s895819977,p03567,u538244943,1508720535,C++,C++14 (GCC 5.4.1),cpp,Accepted,1.0,256.0,431,
s527543570,p03567,u387110752,1508720535,C++,C++14 (GCC 5.4.1),cpp,Accepted,1.0,256.0,1990,
s571096402,p03567,u189979591,1508720535,C++,C++14 (GCC 5.4.1),cpp,Accepted,1.0,256.0,312,
s406286141,p03567,u503820274,1508720534,C++,C++14 (GCC 5.4.1),cpp,Accepted,1.0,256.0,490,
s381951174,p03567,u959960486,1508720534,C++,C++14 (GCC 5.4.1),cpp,Accepted,1.0,256.0,273,
s414098442,p03567,u204337666,1508720534,C++,C++14 (GCC 5.4.1),cpp,Accepted,1.0,256.0,469,
s802650970,p03567,u797697667,1508720534,C++,C++14 (GCC 5.4.1),cpp,Accepted,40.0,121088.0,2979,
s206353587,p03567,u758661720,1508720533,Python,Python (2.7.6),py,Accepted,11.0,2572.0,68,
s487190090,p03567,u475834133,1508720533,C++,C++14 (GCC 5.4.1),cpp,Accepted,1.0,256.0,897,
s777613140,p03567,u211510540,1508720533,C++,C++14 (GCC 5.4.1),cpp,Accepted,1.0,256.0,166,
s771554831,p03567,u659446817,1508720533,C++,C++14 (GCC 5.4.1),cpp,Accepted,0.0,128.0,224,
s682655162,p03567,u665415433,1508720533,Python,Python (3.4.3),py,Accepted,17.0,2940.0,58,
s625924200,p03567,u388877002,1508720532,C++,C++14 (GCC 5.4.1),cpp,Accepted,1.0,128.0,446,
s814919420,p03567,u252102891,1508720532,C++,C++14 (GCC 5.4.1),cpp,Accepted,1.0,256.0,673,
s383147659,p03567,u198847193,1508720532,C++,C++14 (GCC 5.4.1),cpp,Accepted,1.0,256.0,246,
s234821893,p03567,u432897824,1508720531,C++,C++14 (GCC 5.4.1),cpp,Accepted,1.0,256.0,367,
s886609344,p03567,u461151831,1508720531,C++,C++14 (GCC 5.4.1),cpp,Accepted,1.0,256.0,775,
s510563087,p03567,u655723240,1508720531,C++,C++14 (GCC 5.4.1),cpp,Accepted,1.0,256.0,2746,
s814525931,p03567,u060105478,1508720531,C++,C++14 (GCC 5.4.1),cpp,Accepted,1.0,256.0,343,
s322099252,p03567,u867802371,1508720530,C++,C++14 (GCC 5.4.1),cpp,Accepted,1.0,256.0,231,
s024807483,p03567,u143934185,1508720530,C++,C++14 (GCC 5.4.1),cpp,Accepted,1.0,256.0,327,
s816238079,p03567,u703634590,1508720530,C++,C++14 (GCC 5.4.1),cpp,Accepted,1.0,256.0,639,
s044515164,p03567,u144695182,1508720530,C++,C++14 (GCC 5.4.1),cpp,Accepted,1.0,256.0,1537,
s135231912,p03567,u535411406,1508720529,C++,C++14 (GCC 5.4.1),cpp,Accepted,73.0,384.0,172,
s822353084,p03567,u549743442,1508720529,C++,C++14 (GCC 5.4.1),cpp,Accepted,1.0,256.0,835,
s046377677,p03567,u763881112,1508720529,C++,C++14 (GCC 5.4.1),cpp,Accepted,1.0,128.0,394,
s340799945,p03567,u528127755,1508720529,C++,C++14 (GCC 5.4.1),cpp,Accepted,1.0,256.0,415,
s062181987,p03567,u776189585,1508720529,Python,Python (3.4.3),py,Accepted,17.0,2940.0,41,
s085302465,p03567,u944838431,1508720528,C++,C++14 (GCC 5.4.1),cpp,Accepted,1.0,256.0,1246,
s124566531,p03567,u099161694,1508720528,C++,C++14 (GCC 5.4.1),cpp,Accepted,1.0,256.0,474,
s004095401,p03567,u254456372,1508720528,Python,Python (3.4.3),py,Accepted,18.0,2940.0,168,
s102638115,p03567,u284124505,1508720528,C++,C++14 (GCC 5.4.1),cpp,Accepted,1.0,256.0,1241,
s731424417,p03567,u327854949,1508720528,C++,C++14 (GCC 5.4.1),cpp,Accepted,1.0,256.0,181,
s557966581,p03567,u261965335,1508720527,C++,C++14 (GCC 5.4.1),cpp,Accepted,1.0,256.0,582,
s433754144,p03567,u344627992,1508720527,C++,C++14 (GCC 5.4.1),cpp,Accepted,1.0,128.0,282,
s612229314,p03567,u701131323,1508720527,C++,C++14 (GCC 5.4.1),cpp,Accepted,1.0,256.0,888,
s243933706,p03567,u284759714,1508720527,C++,C++14 (GCC 5.4.1),cpp,Accepted,107.0,384.0,881,
s022192139,p03567,u130529502,1508720526,C++,C++14 (GCC 5.4.1),cpp,Accepted,1.0,256.0,408,
s982505021,p03567,u554953477,1508720526,C++,C++14 (GCC 5.4.1),cpp,Accepted,1.0,256.0,296,
s605792946,p03567,u426438490,1508720526,Python,Python (3.4.3),py,Accepted,17.0,2940.0,52,
s153572294,p03567,u091970605,1508720526,C++,C++14 (GCC 5.4.1),cpp,Accepted,1.0,256.0,844,
s420596729,p03567,u241347678,1508720525,C++,C++14 (GCC 5.4.1),cpp,Accepted,1.0,256.0,199,
s479966608,p03567,u407106303,1508720525,C++,C++14 (GCC 5.4.1),cpp,Accepted,1.0,256.0,1190,
s942870705,p03567,u703634590,1508720524,C++,C++14 (GCC 5.4.1),cpp,Accepted,1.0,256.0,639,
s240753206,p03567,u159757494,1508720524,C++,C++14 (GCC 5.4.1),cpp,Accepted,1.0,256.0,758,
s359491723,p03567,u460095023,1508720524,C++,C++14 (GCC 5.4.1),cpp,Accepted,1.0,256.0,444,
s698353536,p03567,u518883877,1508720524,C++,C++14 (GCC 5.4.1),cpp,Accepted,1.0,256.0,744,
s643795840,p03567,u965730380,1508720524,C++,C++14 (GCC 5.4.1),cpp,Accepted,1.0,256.0,532,
s103621005,p03567,u093420647,1508720524,C++,C++14 (GCC 5.4.1),cpp,Accepted,3.0,256.0,526,
s396318809,p03567,u668453858,1508720523,Python,PyPy2 (5.6.0),py,Accepted,34.0,27884.0,41,
s577691816,p03567,u743334576,1508720523,C++,C++14 (GCC 5.4.1),cpp,Accepted,1.0,256.0,519,
s167249463,p03567,u308650788,1508720523,C++,C++14 (GCC 5.4.1),cpp,Accepted,1.0,256.0,1155,
s189909634,p03567,u332272134,1508720523,C++,C++14 (GCC 5.4.1),cpp,Accepted,1.0,256.0,409,
s117543906,p03567,u013844500,1508720522,C++,C++14 (GCC 5.4.1),cpp,Accepted,1.0,128.0,905,
s172961798,p03567,u334899184,1508720522,C++,C++14 (GCC 5.4.1),cpp,Accepted,1.0,256.0,2432,
s958840861,p03567,u486122973,1508720522,C++,C++14 (GCC 5.4.1),cpp,Accepted,1.0,256.0,331,
s553224753,p03567,u695267175,1508720521,C++,C++14 (GCC 5.4.1),cpp,Accepted,1.0,256.0,523,
s791912193,p03567,u297381749,1508720521,C++,C++14 (GCC 5.4.1),cpp,Accepted,1.0,256.0,319,
s996757540,p03567,u993619636,1508720520,C++,C++14 (GCC 5.4.1),cpp,Accepted,1.0,256.0,2127,
s849150586,p03567,u840927272,1508720520,C++,C++14 (GCC 5.4.1),cpp,Accepted,5.0,764.0,995,
s358466175,p03567,u315288101,1508720520,C++,C++14 (GCC 5.4.1),cpp,Accepted,1.0,256.0,315,
s000732912,p03567,u624800360,1508720520,C++,C++14 (GCC 5.4.1),cpp,Accepted,1.0,256.0,1128,
s107487415,p03567,u636784987,1508720520,C++,C++14 (GCC 5.4.1),cpp,Accepted,1.0,256.0,455,
s449654722,p03567,u052065730,1508720519,C++,C++14 (GCC 5.4.1),cpp,Accepted,1.0,256.0,215,
s482836915,p03567,u566384158,1508720519,C++,C++14 (GCC 5.4.1),cpp,Accepted,1.0,256.0,767,
s121391576,p03567,u234435881,1508720519,C++,C++14 (GCC 5.4.1),cpp,Accepted,1.0,256.0,275,
s456591357,p03567,u201165602,1508720518,C++,C++14 (Clang 3.8.0),cpp,Accepted,1.0,256.0,264,
s912317177,p03567,u987309835,1508720518,C++,C++14 (GCC 5.4.1),cpp,Accepted,1.0,256.0,381,
s062696883,p03567,u713023102,1508720517,Python,Python (2.7.6),py,Accepted,10.0,2568.0,57,
s002912950,p03567,u466991912,1508720517,C++,C++14 (GCC 5.4.1),cpp,Accepted,1.0,256.0,4081,
s126206342,p03567,u867933941,1508720516,Python,Python (2.7.6),py,Accepted,10.0,2568.0,154,
s842876529,p03567,u373844230,1508720516,C++,C++14 (GCC 5.4.1),cpp,Accepted,1.0,256.0,564,
s125454021,p03567,u482770395,1508720516,Python,Python (3.4.3),py,Accepted,18.0,2940.0,64,
s250330166,p03567,u249726977,1508720516,C++,C++14 (GCC 5.4.1),cpp,Accepted,1.0,256.0,238,
s768625729,p03567,u184659204,1508720516,C++,C++14 (GCC 5.4.1),cpp,Accepted,1.0,256.0,320,
s984596628,p03567,u319282133,1508720515,C++,C++14 (GCC 5.4.1),cpp,Accepted,1.0,256.0,189,
s992753785,p03567,u213441713,1508720515,C++,C++14 (GCC 5.4.1),cpp,Accepted,1.0,256.0,2777,
s528005193,p03567,u399035122,1508720515,C++,C++14 (GCC 5.4.1),cpp,Accepted,1.0,256.0,320,
s221517774,p03567,u034865202,1508720515,C++,C++14 (GCC 5.4.1),cpp,Accepted,1.0,256.0,2115,
s998599373,p03567,u437553474,1508720515,C++,C++14 (GCC 5.4.1),cpp,Accepted,1.0,256.0,837,
s385964428,p03567,u884379688,1508720515,C++,C++14 (GCC 5.4.1),cpp,Accepted,1.0,256.0,1421,
s076257156,p03567,u848737670,1508720515,C++,C++14 (GCC 5.4.1),cpp,Accepted,1.0,256.0,233,
s488349593,p03567,u977692759,1508720515,C++,C++14 (GCC 5.4.1),cpp,Accepted,1.0,256.0,1105,
s154084980,p03567,u731407159,1508720514,C++,C++14 (GCC 5.4.1),cpp,Accepted,1.0,256.0,564,
s011446498,p03567,u293976191,1508720514,Python,Python (2.7.6),py,Accepted,12.0,2572.0,83,
s969618367,p03567,u660656117,1508720514,C++,C++14 (GCC 5.4.1),cpp,Accepted,10.0,384.0,899,
s969181582,p03567,u400235146,1508720514,C++,C++14 (GCC 5.4.1),cpp,Accepted,1.0,256.0,194,
s632380587,p03567,u905715926,1508720514,C++,C++14 (GCC 5.4.1),cpp,Accepted,1.0,256.0,536,
s456615265,p03567,u424967964,1508720514,Python,Python (3.4.3),py,Accepted,17.0,2940.0,59,
s945795676,p03567,u693013394,1508720513,C++,C++14 (GCC 5.4.1),cpp,Accepted,1.0,256.0,345,
s383324079,p03567,u162364634,1508720513,C++,C++14 (GCC 5.4.1),cpp,Accepted,1.0,256.0,819,
s959313865,p03567,u273357559,1508720512,C++,C++14 (GCC 5.4.1),cpp,Accepted,1.0,256.0,1029,
s846540562,p03567,u499119456,1508720512,C++,C++14 (GCC 5.4.1),cpp,Accepted,1.0,128.0,236,
s558603667,p03567,u879801745,1508720512,C++,C++14 (GCC 5.4.1),cpp,Accepted,1.0,256.0,433,
s021330557,p03567,u772093261,1508720512,C++,C++14 (GCC 5.4.1),cpp,Accepted,1.0,256.0,1689,
s998936078,p03567,u750673980,1508720512,Python,Python (3.4.3),py,Accepted,17.0,2940.0,71,
s459017847,p03567,u178222375,1508720511,C++,C++14 (GCC 5.4.1),cpp,Accepted,1.0,256.0,651,
s111510036,p03567,u052685836,1508720511,C++,C++14 (GCC 5.4.1),cpp,Accepted,1.0,256.0,1401,
s409163077,p03567,u819604704,1508720511,C++,C++14 (GCC 5.4.1),cpp,Accepted,2.0,384.0,1028,
s867345483,p03567,u482737578,1508720511,C++,C++14 (GCC 5.4.1),cpp,Accepted,1.0,256.0,924,
s271161337,p03567,u086012568,1508720510,Python,Python (2.7.6),py,Accepted,10.0,2568.0,47,
s878323121,p03567,u633020228,1508720510,C++,C++14 (GCC 5.4.1),cpp,Accepted,1.0,256.0,613,
s979123688,p03567,u133038626,1508720510,Python,Python (3.4.3),py,Accepted,17.0,2940.0,202,
s404416895,p03567,u997521090,1508720510,C++,C++14 (GCC 5.4.1),cpp,Accepted,1.0,256.0,327,
s240635088,p03567,u361767189,1508720510,C++,C++14 (GCC 5.4.1),cpp,Accepted,5.0,764.0,783,
s438568274,p03567,u657011188,1508720510,C++,C++14 (GCC 5.4.1),cpp,Accepted,1.0,256.0,469,
s080207875,p03567,u025765249,1508720509,C++,C++14 (GCC 5.4.1),cpp,Accepted,1.0,128.0,311,
s935713573,p03567,u590241855,1508720509,C++,C++14 (GCC 5.4.1),cpp,Accepted,1.0,256.0,297,
s142186883,p03567,u922299738,1508720508,C++,C++14 (GCC 5.4.1),cpp,Accepted,2.0,384.0,1484,
s371724607,p03567,u898331860,1508720507,C++,C++14 (GCC 5.4.1),cpp,Accepted,2.0,504.0,397,
s084842464,p03567,u443701185,1508720507,C++,C++14 (GCC 5.4.1),cpp,Accepted,1.0,256.0,886,
s102260341,p03567,u856889969,1508720507,C++,C++14 (GCC 5.4.1),cpp,Accepted,1.0,256.0,275,
s897039911,p03567,u488078009,1508720507,C++,C++14 (GCC 5.4.1),cpp,Accepted,1.0,256.0,333,
s066439055,p03567,u764076797,1508720507,C++,C++14 (GCC 5.4.1),cpp,Accepted,1.0,256.0,970,
s214307144,p03567,u570522509,1508720506,C++,C++14 (GCC 5.4.1),cpp,Accepted,1.0,256.0,860,
s099015514,p03567,u996540583,1508720506,Python,Python (3.4.3),py,Accepted,18.0,2940.0,59,
s910340446,p03567,u941440321,1508720506,C++,C++14 (GCC 5.4.1),cpp,Accepted,1.0,256.0,305,
s791508878,p03567,u427416313,1508720506,C++,C++14 (GCC 5.4.1),cpp,Accepted,1.0,256.0,2153,
s722617021,p03567,u857259336,1508720505,C++,C++14 (GCC 5.4.1),cpp,Accepted,12.0,764.0,686,
s771426586,p03567,u107077805,1508720505,C++,C++14 (GCC 5.4.1),cpp,Accepted,5.0,768.0,193,
s221602506,p03567,u915153673,1508720505,C++,C++14 (GCC 5.4.1),cpp,Accepted,1.0,256.0,477,
s801134992,p03567,u864888234,1508720505,C++,C++14 (GCC 5.4.1),cpp,Accepted,1.0,256.0,478,
s809584011,p03567,u628047647,1508720505,C++,C++14 (GCC 5.4.1),cpp,Accepted,1.0,256.0,718,
s195680366,p03567,u451610133,1508720505,C++,C++14 (GCC 5.4.1),cpp,Accepted,1.0,256.0,1183,
s289672025,p03567,u416915042,1508720505,C++,C++14 (GCC 5.4.1),cpp,Accepted,1.0,256.0,1166,
s169638402,p03567,u752952720,1508720505,C++,C++14 (GCC 5.4.1),cpp,Accepted,1.0,256.0,1145,
s100916330,p03567,u516828244,1508720505,C++,C++14 (GCC 5.4.1),cpp,Accepted,1.0,256.0,935,
s407300950,p03567,u246275061,1508720505,C++,C++14 (GCC 5.4.1),cpp,Accepted,1.0,256.0,280,
s153172372,p03567,u987564901,1508720504,C++,C++14 (GCC 5.4.1),cpp,Accepted,1.0,256.0,540,
s660841830,p03567,u783174124,1508720504,C++,C++14 (GCC 5.4.1),cpp,Accepted,1.0,256.0,354,
s383086016,p03567,u103991222,1508720504,C++,C++14 (GCC 5.4.1),cpp,Accepted,1.0,256.0,291,
s471099945,p03567,u451983180,1508720504,C++,C++14 (GCC 5.4.1),cpp,Accepted,1.0,256.0,482,
s664921242,p03567,u694433776,1508720504,C++,C++14 (GCC 5.4.1),cpp,Accepted,1.0,256.0,1375,
s643971293,p03567,u347163009,1508720503,C++,C++14 (GCC 5.4.1),cpp,Accepted,5.0,768.0,6696,
s699743988,p03567,u542392634,1508720503,C++,C++14 (GCC 5.4.1),cpp,Accepted,1.0,256.0,1155,
s461399485,p03567,u136090046,1508720503,Python,Python (3.4.3),py,Accepted,17.0,2940.0,64,
s936993679,p03567,u239239546,1508720503,C++,C++14 (GCC 5.4.1),cpp,Accepted,1.0,256.0,503,
s826364054,p03567,u656572785,1508720502,C++,C++14 (GCC 5.4.1),cpp,Accepted,1.0,256.0,418,
s470889145,p03567,u682764246,1508720502,C++,C++14 (GCC 5.4.1),cpp,Accepted,1.0,256.0,671,
s030137194,p03567,u844771757,1508720502,C++,C++14 (GCC 5.4.1),cpp,Accepted,2.0,256.0,160,
s159700930,p03567,u897416094,1508720502,C++,C++14 (GCC 5.4.1),cpp,Accepted,1.0,256.0,374,
s612761103,p03567,u280110001,1508720502,C++,C++14 (GCC 5.4.1),cpp,Accepted,1.0,256.0,250,
s091162809,p03567,u214380782,1508720501,Python,Python (3.4.3),py,Accepted,18.0,2940.0,65,
s227348101,p03567,u494032549,1508720501,C++,C++14 (GCC 5.4.1),cpp,Accepted,1.0,256.0,158,
s862188995,p03567,u369883202,1508720501,C++,C++14 (GCC 5.4.1),cpp,Accepted,1.0,256.0,598,
s062261097,p03567,u272028993,1508720500,C++,C++14 (GCC 5.4.1),cpp,Accepted,1.0,256.0,1499,
s629569962,p03567,u141968173,1508720500,C++,C++14 (Clang 3.8.0),cpp,Accepted,5.0,888.0,275,
s795815672,p03567,u345118158,1508720500,C++,C++14 (GCC 5.4.1),cpp,Accepted,1.0,256.0,1080,
s278965658,p03567,u626414215,1508720500,C++,C++14 (GCC 5.4.1),cpp,Accepted,5.0,764.0,534,
s474919889,p03567,u373008269,1508720500,C++,C++14 (GCC 5.4.1),cpp,Accepted,1.0,256.0,753,
s810864770,p03567,u569427587,1508720500,C++,C++14 (GCC 5.4.1),cpp,Accepted,0.0,128.0,217,
s564828592,p03567,u386131832,1508720500,C++,C++14 (GCC 5.4.1),cpp,Accepted,1.0,256.0,675,
s595287892,p03567,u656771711,1508720499,Python,Python (2.7.6),py,Accepted,10.0,2568.0,58,
s248376761,p03567,u821802586,1508720499,C++,C++14 (Clang 3.8.0),cpp,Accepted,4.0,888.0,5058,
s740127372,p03567,u251828455,1508720499,C++,C++14 (GCC 5.4.1),cpp,Accepted,1.0,256.0,284,
s024617782,p03567,u791622911,1508720498,Python,Python (3.4.3),py,Accepted,17.0,2940.0,119,
s114409326,p03567,u743272507,1508720498,Python,Python (3.4.3),py,Accepted,17.0,2940.0,120,
s494645323,p03567,u292868516,1508720498,C++,C++14 (GCC 5.4.1),cpp,Accepted,58.0,764.0,202,
s331152196,p03567,u878355493,1508720498,C++,C++14 (GCC 5.4.1),cpp,Accepted,1.0,256.0,315,
s250032881,p03567,u258096065,1508720497,C++,C++14 (GCC 5.4.1),cpp,Accepted,1.0,256.0,261,
s348092285,p03567,u374099594,1508720497,Python,Python (2.7.6),py,Accepted,10.0,2568.0,45,
s552618931,p03567,u514809528,1508720497,C++,C++14 (GCC 5.4.1),cpp,Accepted,1.0,256.0,1534,
s437756253,p03567,u394551978,1508720496,C++,C++14 (GCC 5.4.1),cpp,Accepted,1.0,256.0,1294,
s482431513,p03567,u234413973,1508720495,C++,C++14 (GCC 5.4.1),cpp,Accepted,1.0,256.0,208,
s331551669,p03567,u981861542,1508720495,C++,C++14 (GCC 5.4.1),cpp,Accepted,5.0,764.0,323,
s890638367,p03567,u037304230,1508720495,C++,C++14 (GCC 5.4.1),cpp,Accepted,1.0,256.0,255,
s049011068,p03567,u412820911,1508720495,C++,C++14 (GCC 5.4.1),cpp,Accepted,1.0,256.0,1740,
s141886144,p03567,u691764803,1508720495,C++,C++14 (GCC 5.4.1),cpp,Accepted,1.0,256.0,379,
s098330942,p03567,u550314572,1508720495,C++,C++14 (GCC 5.4.1),cpp,Accepted,5.0,768.0,239,
s565509646,p03567,u121645082,1508720494,C++,C++14 (GCC 5.4.1),cpp,Accepted,1.0,256.0,1022,
s874730197,p03567,u667875288,1508720494,C++,C++14 (GCC 5.4.1),cpp,Accepted,1.0,256.0,186,
s450424313,p03567,u845152373,1508720494,C++,C++14 (GCC 5.4.1),cpp,Accepted,1.0,256.0,644,
s004020084,p03567,u157085392,1508720494,C++,C++14 (GCC 5.4.1),cpp,Accepted,1.0,256.0,1307,
s719018511,p03567,u635303504,1508720494,C++,C++14 (GCC 5.4.1),cpp,Accepted,1.0,256.0,227,
s494588197,p03567,u957457849,1508720493,C++,C++14 (GCC 5.4.1),cpp,Accepted,1.0,256.0,1134,
s839411125,p03567,u752161277,1508720493,C++,C++14 (GCC 5.4.1),cpp,Accepted,1.0,256.0,258,
s097016494,p03567,u920717317,1508720493,C++,C++14 (GCC 5.4.1),cpp,Accepted,1.0,256.0,324,
s516307876,p03567,u663935973,1508720493,C++,C++14 (GCC 5.4.1),cpp,Accepted,1.0,256.0,1582,
s884207925,p03567,u836644468,1508720492,C++,C++14 (GCC 5.4.1),cpp,Accepted,1.0,256.0,964,
s776296757,p03567,u637175065,1508720492,Python,Python (3.4.3),py,Accepted,524.0,8132.0,728,
s704888689,p03567,u714564133,1508720492,C++,C++14 (GCC 5.4.1),cpp,Accepted,1.0,256.0,620,
s574576880,p03567,u807562710,1508720492,C++,C++14 (GCC 5.4.1),cpp,Accepted,1.0,256.0,447,
s310252798,p03567,u200679581,1508720492,C++,C++14 (GCC 5.4.1),cpp,Accepted,1.0,256.0,1510,
s296915521,p03567,u053547321,1508720492,C++,C++14 (GCC 5.4.1),cpp,Accepted,1.0,256.0,618,
s077397988,p03567,u785205215,1508720491,Python,Python (3.4.3),py,Accepted,20.0,2940.0,134,
s433071024,p03567,u055221623,1508720491,C++,C++14 (GCC 5.4.1),cpp,Accepted,38.0,764.0,377,
s837757891,p03567,u078953005,1508720491,C++,C++14 (GCC 5.4.1),cpp,Accepted,1.0,256.0,384,
s076584236,p03567,u798441421,1508720491,C++,C++14 (GCC 5.4.1),cpp,Accepted,1.0,256.0,601,
s370456274,p03567,u587248350,1508720491,C++,C++14 (GCC 5.4.1),cpp,Accepted,1.0,256.0,986,
s982151339,p03567,u131156882,1508720490,C++,C++14 (GCC 5.4.1),cpp,Accepted,1.0,256.0,289,
s415293041,p03567,u834777932,1508720489,C++,C++14 (GCC 5.4.1),cpp,Accepted,1.0,256.0,6103,
s825781347,p03567,u925042673,1508720489,C++,C++14 (GCC 5.4.1),cpp,Accepted,1.0,256.0,488,
s415190644,p03567,u132048139,1508720489,C++,C++14 (GCC 5.4.1),cpp,Accepted,6.0,768.0,422,
s466527961,p03567,u003873207,1508720488,C++,C++14 (GCC 5.4.1),cpp,Accepted,1.0,256.0,1560,
s070231968,p03567,u549360357,1508720488,C++,C++14 (GCC 5.4.1),cpp,Accepted,1.0,256.0,694,
s723555089,p03567,u083440680,1508720487,C++,C++14 (GCC 5.4.1),cpp,Accepted,7.0,764.0,309,
s578120623,p03567,u968834127,1508720486,C++,C++14 (GCC 5.4.1),cpp,Accepted,1.0,256.0,603,
s637589813,p03567,u845674689,1508720486,C++,C++14 (GCC 5.4.1),cpp,Accepted,1.0,256.0,288,
s560588287,p03567,u646315014,1508720486,C++,C++14 (GCC 5.4.1),cpp,Accepted,1.0,256.0,198,
s804552564,p03567,u310790595,1508720485,C++,C++14 (GCC 5.4.1),cpp,Accepted,1.0,256.0,646,
s747599651,p03567,u791826833,1508720485,C++,C++14 (GCC 5.4.1),cpp,Accepted,1.0,256.0,537,
s528640593,p03567,u344425917,1508720485,C++,C++14 (GCC 5.4.1),cpp,Accepted,8.0,764.0,1066,
s556654665,p03567,u172773620,1508720485,Python,Python (3.4.3),py,Accepted,18.0,2940.0,62,
s621556792,p03567,u478808605,1508720485,C++,C++14 (GCC 5.4.1),cpp,Accepted,1.0,128.0,490,
s211230914,p03567,u075949767,1508720485,C++,C++14 (GCC 5.4.1),cpp,Accepted,1.0,256.0,547,
s688106092,p03567,u479082130,1508720485,C++,C++14 (GCC 5.4.1),cpp,Accepted,1.0,256.0,1005,
s109824099,p03567,u608965386,1508720484,C++,C++14 (GCC 5.4.1),cpp,Accepted,5.0,764.0,1461,
s700773021,p03567,u265881782,1508720484,C++,C++14 (Clang 3.8.0),cpp,Accepted,4.0,888.0,586,
s352452457,p03567,u078907766,1508720484,C++,C++14 (GCC 5.4.1),cpp,Accepted,1.0,256.0,712,
s927291427,p03567,u366676780,1508720484,C++,C++14 (GCC 5.4.1),cpp,Accepted,1.0,256.0,2008,
s859958621,p03567,u624678037,1508720483,C++,C++14 (GCC 5.4.1),cpp,Accepted,6.0,764.0,510,
s332474911,p03567,u969112347,1508720483,Python,Python (2.7.6),py,Accepted,13.0,2952.0,197,
s461596441,p03567,u029876051,1508720483,C++,C++14 (GCC 5.4.1),cpp,Accepted,1.0,256.0,856,
s118440120,p03567,u075012704,1508720483,Python,Python (3.4.3),py,Accepted,16.0,2940.0,65,
s887500807,p03567,u379457973,1508720483,C++,C++14 (GCC 5.4.1),cpp,Accepted,1.0,256.0,1658,
s558863625,p03567,u492926158,1508720483,C++,C++14 (GCC 5.4.1),cpp,Accepted,1.0,256.0,165,
s052857992,p03567,u579152247,1508720482,C++,C++14 (GCC 5.4.1),cpp,Accepted,1.0,256.0,953,
s110488010,p03567,u678841350,1508720482,C++,C++14 (GCC 5.4.1),cpp,Accepted,1.0,256.0,483,
s612190082,p03567,u610441939,1508720482,C++,C++14 (GCC 5.4.1),cpp,Accepted,1.0,256.0,489,
s704732119,p03567,u032627078,1508720482,C++,C++14 (GCC 5.4.1),cpp,Accepted,1.0,256.0,561,
s633335065,p03567,u893242457,1508720481,C++,C++14 (GCC 5.4.1),cpp,Accepted,1.0,256.0,373,
s211827491,p03567,u728732647,1508720481,C++,C++14 (GCC 5.4.1),cpp,Accepted,1.0,256.0,406,
s025102993,p03567,u846372029,1508720481,Python,Python (3.4.3),py,Accepted,17.0,2940.0,87,
s559793733,p03567,u926591917,1508720481,C++,C++14 (GCC 5.4.1),cpp,Accepted,1.0,256.0,1238,
s055149371,p03567,u615167754,1508720481,C++,C++14 (GCC 5.4.1),cpp,Accepted,1.0,256.0,14329,
s230195224,p03567,u663723138,1508720481,C++,C++14 (GCC 5.4.1),cpp,Accepted,8.0,764.0,368,
s797774665,p03567,u823112986,1508720480,C++,C++14 (GCC 5.4.1),cpp,Accepted,7.0,768.0,286,
s402823982,p03567,u357887823,1508720480,C++,C++14 (GCC 5.4.1),cpp,Accepted,1.0,256.0,805,
s536765853,p03567,u434747175,1508720480,C++,C++14 (GCC 5.4.1),cpp,Accepted,1.0,256.0,1210,
s099757387,p03567,u159856210,1508720480,C++,C++14 (GCC 5.4.1),cpp,Accepted,1.0,256.0,229,
s713850292,p03567,u424163068,1508720480,C++,C++14 (GCC 5.4.1),cpp,Accepted,5.0,764.0,363,
s459763754,p03567,u107077660,1508720479,Python,Python (3.4.3),py,Accepted,16.0,2940.0,65,
s984964188,p03567,u564111936,1508720479,C++,C++14 (GCC 5.4.1),cpp,Accepted,1.0,256.0,502,
s882792440,p03567,u010004797,1508720479,C++,C++14 (GCC 5.4.1),cpp,Accepted,1.0,256.0,1499,
s965342208,p03567,u113268066,1508720478,C++,C++14 (GCC 5.4.1),cpp,Accepted,1.0,256.0,765,
s717627944,p03567,u811004127,1508720478,C++,C++14 (GCC 5.4.1),cpp,Accepted,1.0,256.0,1699,
s526676081,p03567,u890465662,1508720478,C++,C++14 (GCC 5.4.1),cpp,Accepted,5.0,768.0,222,
s442513583,p03567,u866107333,1508720478,C++,C++14 (GCC 5.4.1),cpp,Accepted,1.0,256.0,1044,
s605195296,p03567,u682550266,1508720478,C++,C++14 (GCC 5.4.1),cpp,Accepted,5.0,768.0,662,
s588809174,p03567,u563764376,1508720478,C++,C++14 (GCC 5.4.1),cpp,Accepted,1.0,256.0,1660,
s839285676,p03567,u426004201,1508720476,C++,C++14 (GCC 5.4.1),cpp,Accepted,1.0,256.0,471,
s362876971,p03567,u696805736,1508720476,C++,C++14 (GCC 5.4.1),cpp,Accepted,1.0,256.0,712,
s368378609,p03567,u496434612,1508720476,C++,C++14 (GCC 5.4.1),cpp,Accepted,1.0,256.0,255,
s561523981,p03567,u495185733,1508720476,C++,C++14 (GCC 5.4.1),cpp,Accepted,1.0,256.0,283,
s469863934,p03567,u755090102,1508720475,C++,C++14 (GCC 5.4.1),cpp,Accepted,1.0,256.0,255,
s609707141,p03567,u261886891,1508720475,Python,Python (3.4.3),py,Accepted,17.0,2940.0,65,
s209615766,p03567,u471289663,1508720474,C++,C++14 (GCC 5.4.1),cpp,Accepted,8.0,764.0,760,
s275934998,p03567,u115888500,1508720474,C++,C++14 (GCC 5.4.1),cpp,Accepted,8.0,764.0,270,
s782027226,p03567,u704625420,1508720474,C++,C++14 (GCC 5.4.1),cpp,Accepted,1.0,256.0,1982,
s660038332,p03567,u155202361,1508720474,C++,C++14 (GCC 5.4.1),cpp,Accepted,1.0,256.0,430,
s504700553,p03567,u215860196,1508720474,C++,C++14 (GCC 5.4.1),cpp,Accepted,6.0,768.0,266,
s971602041,p03567,u524343822,1508720474,C++,C++14 (GCC 5.4.1),cpp,Accepted,9.0,764.0,264,
s347698807,p03567,u875032968,1508720474,C++,C++14 (GCC 5.4.1),cpp,Accepted,6.0,768.0,1510,
s091879884,p03567,u233367006,1508720474,Python,Python (3.4.3),py,Accepted,17.0,2940.0,42,
s110934577,p03567,u467590184,1508720474,C++,C++14 (GCC 5.4.1),cpp,Accepted,6.0,768.0,2353,
s127900929,p03567,u929150664,1508720474,C++,C++14 (GCC 5.4.1),cpp,Accepted,5.0,764.0,298,
s578739120,p03567,u663710122,1508720473,Python,Python (3.4.3),py,Accepted,25.0,3060.0,41,
s532586563,p03567,u875817673,1508720473,C++,C++14 (GCC 5.4.1),cpp,Accepted,5.0,768.0,3016,
s661714859,p03567,u907194047,1508720473,C++,C++14 (GCC 5.4.1),cpp,Accepted,5.0,764.0,308,
s876372474,p03567,u988832865,1508720473,Python,Python (3.4.3),py,Accepted,17.0,2940.0,65,
s633026796,p03567,u571347098,1508720473,C++,C++14 (GCC 5.4.1),cpp,Accepted,5.0,768.0,275,
s227246764,p03567,u257374434,1508720473,Python,Python (3.4.3),py,Accepted,17.0,2940.0,67,
s001350871,p03567,u687214625,1508720472,C++,C++14 (GCC 5.4.1),cpp,Accepted,5.0,768.0,260,
s120292443,p03567,u443010331,1508720472,C++,C++14 (GCC 5.4.1),cpp,Accepted,5.0,768.0,1924,
s319991974,p03567,u233602244,1508720472,C++,C++14 (GCC 5.4.1),cpp,Accepted,5.0,764.0,1526,
s875596732,p03567,u341988233,1508720472,C++,C++14 (GCC 5.4.1),cpp,Accepted,6.0,764.0,609,
s225497523,p03567,u334829320,1508720472,C++,C++14 (GCC 5.4.1),cpp,Accepted,6.0,764.0,1038,
s301115362,p03567,u906880177,1508720472,C++,C++14 (GCC 5.4.1),cpp,Accepted,5.0,764.0,443,
s338847910,p03567,u254521846,1508720471,C++,C++14 (GCC 5.4.1),cpp,Accepted,1.0,256.0,2149,
s044424256,p03567,u029888376,1508720471,C++,C++14 (GCC 5.4.1),cpp,Accepted,5.0,768.0,843,
s663300785,p03567,u085110627,1508720471,C++,C++14 (GCC 5.4.1),cpp,Accepted,7.0,768.0,717,
s032576273,p03567,u399766504,1508720470,C++,C++14 (GCC 5.4.1),cpp,Accepted,5.0,764.0,364,
s760247792,p03567,u278868910,1508720470,C++,C++14 (GCC 5.4.1),cpp,Accepted,1.0,256.0,525,
s844337934,p03567,u754062784,1508720470,C++,C++14 (GCC 5.4.1),cpp,Accepted,1.0,256.0,342,
s216026268,p03567,u977113052,1508720470,C++,C++14 (GCC 5.4.1),cpp,Accepted,1.0,256.0,147,
s319840757,p03567,u071730284,1508720470,C++,C++14 (GCC 5.4.1),cpp,Accepted,1.0,256.0,6379,
s248160136,p03567,u912359563,1508720469,C++,C++14 (GCC 5.4.1),cpp,Accepted,5.0,764.0,923,
s817988541,p03567,u192912097,1508720469,C++,C++14 (GCC 5.4.1),cpp,Accepted,6.0,764.0,215,
s366345892,p03567,u920254817,1508720469,C++,C++14 (GCC 5.4.1),cpp,Accepted,1.0,256.0,249,
s482961764,p03567,u903215911,1508720469,C++,C++14 (GCC 5.4.1),cpp,Accepted,1.0,256.0,2903,
s008528225,p03567,u006493569,1508720469,C++,C++14 (GCC 5.4.1),cpp,Accepted,6.0,764.0,204,
s703871435,p03567,u839537730,1508720469,Python,Python (3.4.3),py,Accepted,17.0,2940.0,64,
s237502810,p03567,u222745664,1508720469,C++,C++14 (GCC 5.4.1),cpp,Accepted,5.0,764.0,767,
s895618297,p03567,u886790158,1508720468,Python,Python (3.4.3),py,Accepted,17.0,2940.0,67,
s548011653,p03567,u815524843,1508720468,C++,C++14 (GCC 5.4.1),cpp,Accepted,5.0,768.0,308,
s748965530,p03567,u315078622,1508720468,Python,Python (3.4.3),py,Accepted,17.0,2940.0,42,
s587083860,p03567,u093922224,1508720467,C++,C++14 (GCC 5.4.1),cpp,Accepted,5.0,768.0,793,
s340463348,p03567,u452725238,1508720467,C++,C++14 (GCC 5.4.1),cpp,Accepted,5.0,764.0,819,
s026445858,p03567,u723512447,1508720467,C++,C++14 (GCC 5.4.1),cpp,Accepted,1.0,256.0,1976,
s817222756,p03567,u471585927,1508720466,C++,C++14 (GCC 5.4.1),cpp,Accepted,5.0,764.0,546,
s661059943,p03567,u810735437,1508720466,Python,Python (3.4.3),py,Accepted,226.0,6100.0,265,
s751809115,p03567,u673823726,1508720466,C++,C++14 (GCC 5.4.1),cpp,Accepted,6.0,764.0,2224,
s359166880,p03567,u424655672,1508720465,C++,C++14 (GCC 5.4.1),cpp,Accepted,1.0,256.0,455,
s237231681,p03567,u133129810,1508720465,C++,C++14 (GCC 5.4.1),cpp,Accepted,1.0,256.0,1902,
s214127152,p03567,u854869949,1508720465,C++,C++14 (GCC 5.4.1),cpp,Accepted,1.0,256.0,315,
s419743069,p03567,u248711665,1508720465,Python,Python (3.4.3),py,Accepted,17.0,2940.0,42,
s171031901,p03567,u910288980,1508720465,C++,C++14 (GCC 5.4.1),cpp,Accepted,1.0,256.0,1061,
s695007578,p03567,u105791541,1508720465,C++,C++14 (GCC 5.4.1),cpp,Accepted,5.0,764.0,806,
s709039910,p03567,u788341294,1508720464,C++,C++14 (GCC 5.4.1),cpp,Accepted,5.0,764.0,1396,
s022395054,p03567,u352499693,1508720464,Python,Python (2.7.6),py,Accepted,10.0,2568.0,44,
s826782856,p03567,u670220889,1508720464,C++,C++14 (GCC 5.4.1),cpp,Accepted,1.0,256.0,1287,
s991739134,p03567,u924885571,1508720464,C++,C++14 (GCC 5.4.1),cpp,Accepted,1.0,256.0,359,
s123403007,p03567,u057611820,1508720464,C++,C++14 (GCC 5.4.1),cpp,Accepted,1.0,256.0,519,
s153712571,p03567,u795689468,1508720463,C++,C++14 (GCC 5.4.1),cpp,Accepted,5.0,768.0,739,
s873539461,p03567,u243961437,1508720463,C++,C++14 (GCC 5.4.1),cpp,Accepted,9.0,764.0,376,
s786919555,p03567,u226155577,1508720463,Python,Python (3.4.3),py,Accepted,17.0,2940.0,59,
s350613201,p03567,u360980679,1508720463,C++,C++14 (GCC 5.4.1),cpp,Accepted,8.0,764.0,887,
s610291376,p03567,u600916050,1508720462,C++,C++14 (GCC 5.4.1),cpp,Accepted,0.0,128.0,445,
s034485173,p03567,u324586345,1508720461,Python,Python (3.4.3),py,Accepted,17.0,2940.0,721,
s998010058,p03567,u456611841,1508720461,C++,C++14 (GCC 5.4.1),cpp,Accepted,1.0,256.0,848,
s499140151,p03567,u762921614,1508720460,C++,C++14 (GCC 5.4.1),cpp,Accepted,1.0,256.0,804,
s055525334,p03567,u722628899,1508720460,C++,C++14 (GCC 5.4.1),cpp,Accepted,1.0,256.0,402,
s359078836,p03567,u280354208,1508720460,C++,C++14 (GCC 5.4.1),cpp,Accepted,7.0,764.0,2175,
s835597968,p03567,u468700753,1508720459,C++,C++14 (GCC 5.4.1),cpp,Accepted,3.0,384.0,534,
s673671522,p03567,u814534994,1508720459,C++,C++14 (GCC 5.4.1),cpp,Accepted,1.0,256.0,240,
s221346121,p03567,u142053164,1508720459,C++,C++14 (GCC 5.4.1),cpp,Accepted,1.0,128.0,402,
s439311482,p03567,u839857256,1508720459,Python,Python (3.4.3),py,Accepted,17.0,2940.0,66,
s111655139,p03567,u120810144,1508720458,C++,C++14 (GCC 5.4.1),cpp,Accepted,5.0,764.0,699,
s019060354,p03567,u545022164,1508720458,C++,C++14 (GCC 5.4.1),cpp,Accepted,7.0,764.0,1062,
s400507284,p03567,u984730891,1508720457,C++,C++14 (GCC 5.4.1),cpp,Accepted,1.0,256.0,560,
s911093260,p03567,u607034173,1508720456,C++,C++14 (GCC 5.4.1),cpp,Accepted,1.0,256.0,812,
s420823440,p03567,u437391064,1508720456,C++,C++14 (GCC 5.4.1),cpp,Accepted,1.0,256.0,668,
s330403652,p03567,u603303736,1508720456,C++,C++14 (GCC 5.4.1),cpp,Accepted,1.0,256.0,957,
s134099654,p03567,u951704061,1508720455,C++,C++14 (GCC 5.4.1),cpp,Accepted,1.0,256.0,1456,
s706798262,p03567,u733618878,1508720455,C++,C++14 (GCC 5.4.1),cpp,Accepted,1.0,256.0,435,
s858686558,p03567,u817722036,1508720454,C++,C++14 (Clang 3.8.0),cpp,Accepted,4.0,888.0,785,
s124548483,p03567,u830390742,1508720454,Python,Python (2.7.6),py,Accepted,10.0,2568.0,45,
s014730907,p03567,u022317850,1508720454,C++,C++14 (GCC 5.4.1),cpp,Accepted,5.0,764.0,1035,
s554692893,p03567,u333917945,1508720453,C++,C++14 (GCC 5.4.1),cpp,Accepted,6.0,764.0,1021,
s854243572,p03567,u837745858,1508720453,C++,C++14 (GCC 5.4.1),cpp,Accepted,6.0,764.0,208,
s565370961,p03567,u045939752,1508720453,Python,Python (3.4.3),py,Accepted,17.0,2940.0,54,
s192186386,p03567,u309470177,1508720453,C++,C++14 (GCC 5.4.1),cpp,Accepted,5.0,764.0,734,
s850133263,p03567,u061916079,1508720453,C++,C++14 (GCC 5.4.1),cpp,Accepted,6.0,764.0,6223,
s260992734,p03567,u864550097,1508720453,C++,C++14 (GCC 5.4.1),cpp,Accepted,5.0,768.0,412,
s805677422,p03567,u781091740,1508720452,C++,C++14 (GCC 5.4.1),cpp,Accepted,1.0,256.0,357,
s840359053,p03567,u509661905,1508720451,Python,Python (3.4.3),py,Accepted,16.0,2940.0,42,
s219399101,p03567,u536081558,1508720451,Python,Python (2.7.6),py,Accepted,10.0,2572.0,69,
s716327626,p03567,u591343832,1508720449,C++,C++14 (GCC 5.4.1),cpp,Accepted,1.0,256.0,4891,
s136080887,p03567,u287015418,1508720448,C++,C++14 (GCC 5.4.1),cpp,Accepted,6.0,764.0,1213,
s802348974,p03567,u013750540,1508720447,C++,C++14 (GCC 5.4.1),cpp,Accepted,1.0,256.0,1870,
s041223554,p03567,u085430333,1508720447,Python,Python (2.7.6),py,Accepted,11.0,2572.0,69,
s974854288,p03567,u555577504,1508720445,C++,C++14 (GCC 5.4.1),cpp,Accepted,1.0,256.0,386,
s587193158,p03567,u900485130,1508720445,C++,C++14 (GCC 5.4.1),cpp,Accepted,1.0,256.0,808,
s262207990,p03567,u648138491,1508720445,C++,C++14 (GCC 5.4.1),cpp,Accepted,0.0,128.0,599,
s431271455,p03567,u466917094,1508720442,C++,C++14 (GCC 5.4.1),cpp,Accepted,1.0,256.0,174,
s228630236,p03567,u065298260,1508720442,C++,C++14 (GCC 5.4.1),cpp,Accepted,5.0,764.0,273,
s723788284,p03567,u652737716,1508720442,Python,Python (3.4.3),py,Accepted,18.0,2940.0,41,
s091596362,p03567,u119460590,1508720442,C++,C++14 (GCC 5.4.1),cpp,Accepted,7.0,764.0,1173,
s454414447,p03567,u504103417,1508720440,C++,C++14 (GCC 5.4.1),cpp,Accepted,1.0,256.0,328,
s739736441,p03567,u016572066,1508720439,C++,C++14 (GCC 5.4.1),cpp,Accepted,1.0,256.0,816,
s247560410,p03567,u462560753,1508720434,C++,C++14 (GCC 5.4.1),cpp,Accepted,1.0,256.0,998,
