submission_id,problem_id,user_id,date,language,original_language,filename_ext,status,cpu_time,memory,code_size,accuracy
s171685917,p03675,u752774573,1601436958,Python,PyPy3 (7.3.0),py,Accepted,145.0,99616.0,118,
s931098135,p03675,u123896133,1601322629,C++,C++ (GCC 9.2.1),cpp,Accepted,88.0,4712.0,621,
s136201520,p03675,u512551187,1601096716,Python,PyPy3 (7.3.0),py,Accepted,253.0,110116.0,215,
s063514577,p03675,u859541564,1601075146,C++,C++ (GCC 9.2.1),cpp,Accepted,49.0,4708.0,1772,
s433405156,p03675,u925478083,1600820091,C++,C++ (GCC 9.2.1),cpp,Accepted,94.0,9972.0,3005,
s925867333,p03675,u735075555,1600721319,C++,C++ (GCC 9.2.1),cpp,Accepted,56.0,4864.0,1213,
s920573513,p03675,u018984506,1600716402,C++,C++ (GCC 9.2.1),cpp,Accepted,87.0,5588.0,803,
s835676677,p03675,u678295385,1600702310,C++,C++ (GCC 9.2.1),cpp,Accepted,41.0,4528.0,791,
s231839140,p03675,u863370423,1600663895,C++,C++ (GCC 9.2.1),cpp,Accepted,57.0,5368.0,728,
s399684481,p03675,u734397606,1600661573,C++,C++ (GCC 9.2.1),cpp,Accepted,49.0,5164.0,1444,
s483772753,p03675,u825601908,1600561745,C++,C++ (GCC 9.2.1),cpp,Accepted,48.0,4484.0,1781,
s205761240,p03675,u739489568,1600301155,C++,C++ (GCC 9.2.1),cpp,Accepted,89.0,4032.0,357,
s800789738,p03675,u367701763,1600136969,Python,PyPy3 (7.3.0),py,Accepted,169.0,116080.0,200,
s965475233,p03675,u158677249,1599539014,C++,C++ (GCC 9.2.1),cpp,Accepted,87.0,4740.0,1345,
s015409796,p03675,u353919145,1599483557,C++,C++ (GCC 9.2.1),cpp,Accepted,85.0,4372.0,969,
s200721599,p03675,u353919145,1599480624,C++,C++ (GCC 9.2.1),cpp,Accepted,48.0,4360.0,370,
s577249080,p03675,u353919145,1599478101,C++,C++ (GCC 9.2.1),cpp,Accepted,47.0,5176.0,1072,
s127327948,p03675,u103611264,1599435975,C++,C++ (GCC 9.2.1),cpp,Accepted,56.0,4620.0,464,
s441470844,p03675,u542196092,1599195494,C++,C++ (GCC 9.2.1),cpp,Accepted,86.0,5144.0,442,
s853743932,p03675,u973972117,1599181471,Python,Python (3.8.2),py,Accepted,150.0,32416.0,375,
s389600833,p03675,u235396011,1598934181,C++,C++ (GCC 9.2.1),cpp,Accepted,51.0,5932.0,1875,
s698122617,p03675,u093681822,1598676190,C++,C++ (GCC 9.2.1),cpp,Accepted,47.0,3992.0,939,
s627437015,p03675,u277104886,1598410450,Python,PyPy3 (7.3.0),py,Accepted,193.0,106592.0,289,
s785848956,p03675,u859781218,1598119254,C++,C++ (GCC 9.2.1),cpp,Accepted,86.0,4416.0,593,
s960574673,p03675,u324973749,1598057786,C++,C++ (GCC 9.2.1),cpp,Accepted,85.0,4440.0,562,
s949352795,p03675,u324973749,1598057069,C++,C++ (GCC 9.2.1),cpp,Accepted,87.0,5020.0,788,
s394305853,p03675,u893920400,1598027916,C++,C++ (GCC 9.2.1),cpp,Accepted,47.0,5172.0,2743,
s978252443,p03675,u388971072,1597889359,Python,PyPy3 (7.3.0),py,Accepted,1971.0,124644.0,340,
s782013351,p03675,u915913072,1597513606,C++,C++ (GCC 9.2.1),cpp,Accepted,53.0,4608.0,317,
s318542714,p03675,u736788838,1596320080,C++,C++ (GCC 9.2.1),cpp,Accepted,47.0,4380.0,970,
s914996214,p03675,u423966555,1595427295,Python,Python (3.8.2),py,Accepted,152.0,32508.0,263,
s967685354,p03675,u134678977,1594948017,C++,C++ (GCC 9.2.1),cpp,Accepted,87.0,5264.0,813,
s518094783,p03675,u541848061,1594878409,C++,C++ (GCC 9.2.1),cpp,Accepted,88.0,5180.0,429,
s542798307,p03675,u222668979,1594865812,Python,PyPy3 (7.3.0),py,Accepted,235.0,106384.0,263,
s728431056,p03675,u730065868,1594808560,C++,C++ (GCC 9.2.1),cpp,Accepted,46.0,4436.0,431,
s864216063,p03675,u318042557,1594772123,C++,C++ (GCC 9.2.1),cpp,Accepted,47.0,4784.0,901,
s216383192,p03675,u362345573,1594626765,C++,C++ (GCC 9.2.1),cpp,Accepted,61.0,12708.0,1558,
s017805896,p03675,u875291233,1594590538,Python,Python (3.8.2),py,Accepted,157.0,31188.0,365,
s534934217,p03675,u110044127,1594590518,C++,C++ (GCC 9.2.1),cpp,Accepted,86.0,4772.0,600,
s872896134,p03675,u587589241,1594588957,Python,PyPy3 (7.3.0),py,Accepted,163.0,107376.0,238,
s321143847,p03675,u479329399,1594568048,C++,C++ (GCC 9.2.1),cpp,Accepted,47.0,5408.0,655,
s993664346,p03675,u323819429,1594567198,C++,C++ (GCC 9.2.1),cpp,Accepted,96.0,9856.0,616,
s220223969,p03675,u576150954,1594476536,C++,C++ (GCC 9.2.1),cpp,Accepted,49.0,4488.0,329,
s587482516,p03675,u655490856,1594339197,C++,C++ (GCC 9.2.1),cpp,Accepted,48.0,6368.0,902,
s203957966,p03675,u353919145,1594205978,C++,C++ (GCC 9.2.1),cpp,Accepted,47.0,6672.0,893,
s784413705,p03675,u089230684,1594195220,C++,C++ (GCC 9.2.1),cpp,Accepted,88.0,4764.0,1047,
s878182132,p03675,u353919145,1594192412,C++,C++ (GCC 9.2.1),cpp,Accepted,46.0,4344.0,1223,
s632976501,p03675,u018679195,1594190640,C++,C++ (GCC 9.2.1),cpp,Accepted,90.0,4448.0,329,
s607690321,p03675,u089230684,1594188973,C++,C++ (GCC 9.2.1),cpp,Accepted,48.0,5904.0,1875,
s109179864,p03675,u937618939,1594166655,C++,C++ (GCC 9.2.1),cpp,Accepted,85.0,5856.0,956,
s988293242,p03675,u379822620,1594154644,C++,C++ (GCC 9.2.1),cpp,Accepted,85.0,5184.0,2789,
s951298853,p03675,u237390401,1594153000,C++,C++ (GCC 9.2.1),cpp,Accepted,83.0,4048.0,406,
s582036440,p03675,u926006934,1594151939,C++,C++ (GCC 9.2.1),cpp,Accepted,86.0,3968.0,565,
s790307584,p03675,u740002394,1594151744,C++,C++ (GCC 9.2.1),cpp,Accepted,87.0,6660.0,932,
s257063851,p03675,u608773191,1594149854,C++,C++ (GCC 9.2.1),cpp,Accepted,86.0,5104.0,1387,
s060382859,p03675,u237390401,1594149165,C++,C++ (GCC 9.2.1),cpp,Accepted,86.0,4800.0,546,
s039746967,p03675,u306482197,1594149149,C++,C++ (GCC 9.2.1),cpp,Accepted,86.0,5048.0,595,
s505843329,p03675,u126859973,1594090324,C++,C++ (GCC 9.2.1),cpp,Accepted,49.0,5156.0,2032,
s010724283,p03675,u236935954,1593935203,C++,C++ (GCC 9.2.1),cpp,Accepted,47.0,6688.0,784,
s879701607,p03675,u549453401,1593464842,C++,C++ (GCC 9.2.1),cpp,Accepted,46.0,5160.0,474,
s971734956,p03675,u871027181,1593088036,C++,C++ (GCC 9.2.1),cpp,Accepted,50.0,6808.0,3230,
s168173534,p03675,u385825353,1592284265,C++,C++14 (GCC 5.4.1),cpp,Accepted,100.0,2944.0,548,
s761921640,p03675,u349444371,1592239176,Python,Python (3.4.3),py,Accepted,114.0,26564.0,235,
s968831241,p03675,u722640678,1592113164,C++,C++14 (GCC 5.4.1),cpp,Accepted,102.0,6912.0,457,
s041507071,p03675,u813174766,1591896352,Python,Python (3.4.3),py,Accepted,220.0,25412.0,204,
s360998901,p03675,u422430159,1591780514,C++,C++14 (GCC 5.4.1),cpp,Accepted,39.0,3828.0,566,
s181937931,p03675,u478462004,1591627322,C++,C++14 (GCC 5.4.1),cpp,Accepted,99.0,3712.0,785,
s649249459,p03675,u957513998,1591224517,C++,C++14 (GCC 5.4.1),cpp,Accepted,38.0,3072.0,824,
s489625119,p03675,u563422568,1591092210,C++,C++14 (GCC 5.4.1),cpp,Accepted,105.0,2944.0,514,
s426443116,p03675,u816631826,1591092158,C++,C++14 (GCC 5.4.1),cpp,Accepted,103.0,2944.0,514,
s435662219,p03675,u433685759,1590908736,C++,C++14 (GCC 5.4.1),cpp,Accepted,41.0,3712.0,547,
s440636715,p03675,u100858029,1590872137,C++,C++14 (Clang 3.8.0),cpp,Accepted,267.0,3072.0,437,
s318560837,p03675,u190580703,1590869727,C++,C++14 (GCC 5.4.1),cpp,Accepted,39.0,5376.0,1892,
s853526965,p03675,u058742919,1590866011,C++,C++14 (GCC 5.4.1),cpp,Accepted,107.0,3712.0,615,
s661967895,p03675,u742529680,1590800082,C++,C++14 (GCC 5.4.1),cpp,Accepted,100.0,3840.0,1702,
s617751624,p03675,u473023730,1590799404,C++,C++14 (GCC 5.4.1),cpp,Accepted,98.0,3712.0,1295,
s828052244,p03675,u527652459,1590785280,C++,C++14 (GCC 5.4.1),cpp,Accepted,105.0,5248.0,1451,
s700898667,p03675,u222668979,1590608883,Python,Python (3.4.3),py,Accepted,227.0,25412.0,258,
s139198736,p03675,u222668979,1590608853,Python,Python (3.4.3),py,Accepted,221.0,25416.0,277,
s911085120,p03675,u222668979,1590608435,Python,Python (3.4.3),py,Accepted,206.0,25416.0,284,
s432302383,p03675,u679520304,1590546085,Python,PyPy3 (2.4.0),py,Accepted,368.0,123476.0,368,
s728679357,p03675,u134678977,1590541802,C++,C++14 (GCC 5.4.1),cpp,Accepted,100.0,3840.0,802,
s549801167,p03675,u976833038,1590431450,C++,C++14 (GCC 5.4.1),cpp,Accepted,100.0,2944.0,445,
s715186546,p03675,u242031676,1590377455,C++,C++14 (GCC 5.4.1),cpp,Accepted,42.0,2944.0,1024,
s414107710,p03675,u780475861,1590259206,Python,Python (3.4.3),py,Accepted,49.0,26616.0,187,
s710205661,p03675,u798339690,1590185021,C++,C++14 (GCC 5.4.1),cpp,Accepted,38.0,5376.0,2697,
s177097697,p03675,u309470177,1590043273,C++,C++14 (GCC 5.4.1),cpp,Accepted,39.0,3072.0,1871,
s135992950,p03675,u671861352,1590006580,Python,Python (3.4.3),py,Accepted,184.0,25404.0,398,
s305579892,p03675,u752907966,1589826228,Python,Python (3.4.3),py,Accepted,243.0,25412.0,255,
s910188049,p03675,u138156173,1589482342,C++,C++14 (GCC 5.4.1),cpp,Accepted,39.0,3072.0,1010,
s555435928,p03675,u096840034,1589451933,C++,C++ (GCC 9.2.1),cpp,Accepted,39.0,4452.0,475,
s084019183,p03675,u848647227,1589424311,Python,Python (3.8.2),py,Accepted,168.0,30984.0,259,
s015394650,p03675,u858670323,1589390484,C++,C++14 (GCC 5.4.1),cpp,Accepted,40.0,5376.0,1827,
s150511153,p03675,u424374375,1588491271,C++,C++14 (GCC 5.4.1),cpp,Accepted,249.0,3072.0,662,
s739311378,p03675,u940743763,1588295165,Python,PyPy3 (2.4.0),py,Accepted,325.0,118620.0,290,
s428019560,p03675,u806657856,1588259231,C++,C++14 (GCC 5.4.1),cpp,Accepted,104.0,3712.0,539,
s172654095,p03675,u881359256,1588218941,C++,C++14 (Clang 3.8.0),cpp,Accepted,273.0,3712.0,1008,
s055425172,p03675,u986025116,1588110610,C++,C++14 (GCC 5.4.1),cpp,Accepted,38.0,3072.0,484,
s698794079,p03675,u062736195,1587994080,C++,C++14 (GCC 5.4.1),cpp,Accepted,101.0,3188.0,789,
s333663267,p03675,u062736195,1587993977,C++,C++14 (GCC 5.4.1),cpp,Accepted,102.0,3188.0,859,
s391618682,p03675,u062736195,1587993948,C++,C++14 (GCC 5.4.1),cpp,Accepted,113.0,3188.0,871,
s379881874,p03675,u062736195,1587993906,C++,C++14 (GCC 5.4.1),cpp,Accepted,102.0,3188.0,917,
s055228573,p03675,u192903163,1587883700,C++,C++14 (GCC 5.4.1),cpp,Accepted,38.0,3840.0,741,
s975707943,p03675,u375398641,1587593370,C++,C++14 (GCC 5.4.1),cpp,Accepted,104.0,3840.0,774,
s393877958,p03675,u751717561,1587323190,Python,Python (3.4.3),py,Accepted,223.0,26020.0,228,
s000363538,p03675,u809967037,1587257360,C++,C++14 (GCC 5.4.1),cpp,Accepted,329.0,3840.0,5283,
s553683927,p03675,u816631826,1587073515,C++,C++14 (GCC 5.4.1),cpp,Accepted,98.0,3060.0,2185,
s531915666,p03675,u702496216,1587047028,C++,C++14 (GCC 5.4.1),cpp,Accepted,102.0,3072.0,1210,
s124292518,p03675,u957457849,1586919322,C++,C++14 (GCC 5.4.1),cpp,Accepted,46.0,4332.0,429,
s877483583,p03675,u879436400,1586790650,C++,C++14 (GCC 5.4.1),cpp,Accepted,100.0,2944.0,921,
s289218679,p03675,u548163222,1586697801,C++,C++14 (GCC 5.4.1),cpp,Accepted,101.0,5760.0,507,
s621605969,p03675,u192208612,1586669474,C++,C++14 (GCC 5.4.1),cpp,Accepted,39.0,3072.0,668,
s883128105,p03675,u720150053,1586431438,C++,C++14 (GCC 5.4.1),cpp,Accepted,38.0,3072.0,1572,
s338003703,p03675,u275488634,1586366109,C++,C++14 (GCC 5.4.1),cpp,Accepted,103.0,3840.0,779,
s315212772,p03675,u714262341,1586329584,C++,C++14 (GCC 5.4.1),cpp,Accepted,127.0,3712.0,517,
s222792481,p03675,u995062424,1586097072,Python,Python (3.4.3),py,Accepted,111.0,29816.0,204,
s441225208,p03675,u491569419,1585961070,C++,C++14 (GCC 5.4.1),cpp,Accepted,39.0,3840.0,2077,
s095074175,p03675,u813182415,1585890340,C++,C++14 (GCC 5.4.1),cpp,Accepted,43.0,2944.0,338,
s392282106,p03675,u348090788,1585848020,C++,C++14 (GCC 5.4.1),cpp,Accepted,101.0,3188.0,851,
s841007031,p03675,u089230684,1585277188,C++,C++14 (GCC 5.4.1),cpp,Accepted,100.0,2944.0,575,
s643840631,p03675,u019233781,1585268526,C++,C++14 (GCC 5.4.1),cpp,Accepted,43.0,4480.0,446,
s908681103,p03675,u816631826,1584935323,C++,C++14 (GCC 5.4.1),cpp,Accepted,38.0,2944.0,443,
s408006057,p03675,u316440712,1584914067,C++,C++14 (GCC 5.4.1),cpp,Accepted,14.0,2944.0,6045,
s112997129,p03675,u089230684,1584912166,C++,C++14 (GCC 5.4.1),cpp,Accepted,99.0,3824.0,579,
s515626849,p03675,u316440712,1584911911,C++,C++14 (GCC 5.4.1),cpp,Accepted,14.0,2944.0,6240,
s369521104,p03675,u816631826,1584906978,C++,C++14 (GCC 5.4.1),cpp,Accepted,126.0,3840.0,826,
s601917972,p03675,u018679195,1584850325,C++,C++14 (GCC 5.4.1),cpp,Accepted,171.0,15984.0,677,
s539426023,p03675,u863370423,1584850213,C++,C++14 (GCC 5.4.1),cpp,Accepted,110.0,3824.0,308,
s604647656,p03675,u353919145,1584849786,C++,C++14 (GCC 5.4.1),cpp,Accepted,99.0,3060.0,372,
s227954430,p03675,u018679195,1584849464,C++,C++14 (GCC 5.4.1),cpp,Accepted,104.0,5360.0,1088,
s579814784,p03675,u816631826,1584848772,C++,C++14 (GCC 5.4.1),cpp,Accepted,98.0,3712.0,648,
s562384412,p03675,u353919145,1584847881,C++,C++14 (GCC 5.4.1),cpp,Accepted,101.0,3712.0,922,
s245274436,p03675,u353919145,1584847659,C++,C++14 (GCC 5.4.1),cpp,Accepted,104.0,7808.0,902,
s777932498,p03675,u089230684,1584847561,C++,C++14 (GCC 5.4.1),cpp,Accepted,101.0,2944.0,688,
s805778397,p03675,u353919145,1584846560,C++,C++14 (GCC 5.4.1),cpp,Accepted,100.0,3948.0,843,
s669499005,p03675,u089230684,1584845875,C++,C++14 (GCC 5.4.1),cpp,Accepted,99.0,3824.0,562,
s415326229,p03675,u816631826,1584845302,C++,C++14 (GCC 5.4.1),cpp,Accepted,100.0,3712.0,475,
s568120371,p03675,u816631826,1584845050,C++,C++14 (GCC 5.4.1),cpp,Accepted,43.0,3948.0,1455,
s771041885,p03675,u089230684,1584844726,C++,C++14 (GCC 5.4.1),cpp,Accepted,105.0,2944.0,547,
s149635461,p03675,u018679195,1584844588,C++,C++14 (GCC 5.4.1),cpp,Accepted,125.0,2944.0,937,
s006079766,p03675,u353919145,1584843632,C++,C++14 (GCC 5.4.1),cpp,Accepted,104.0,3824.0,629,
s230717766,p03675,u545770260,1584760165,C++,C++14 (GCC 5.4.1),cpp,Accepted,44.0,5376.0,468,
s163349640,p03675,u190875453,1584736166,C++,C++14 (GCC 5.4.1),cpp,Accepted,102.0,3960.0,846,
s961602929,p03675,u512624048,1584648470,C++,C++14 (GCC 5.4.1),cpp,Accepted,106.0,3840.0,581,
s861008110,p03675,u168017191,1584635819,C++,C++14 (GCC 5.4.1),cpp,Accepted,98.0,3712.0,1327,
s969664747,p03675,u202634017,1584329086,Python,Python (3.4.3),py,Accepted,101.0,26568.0,241,
s035767233,p03675,u394759653,1583985243,C++,C++14 (GCC 5.4.1),cpp,Accepted,40.0,3072.0,588,
s481297275,p03675,u143100985,1583665471,C++,C++14 (GCC 5.4.1),cpp,Accepted,64.0,13184.0,4925,
s775266461,p03675,u365730500,1583398622,C++,C++14 (GCC 5.4.1),cpp,Accepted,44.0,3960.0,3283,
s739746459,p03675,u488401358,1583070921,Python,PyPy3 (2.4.0),py,Accepted,340.0,101844.0,293,
s270749578,p03675,u110383845,1582865914,C++,C++14 (GCC 5.4.1),cpp,Accepted,100.0,4332.0,434,
s985714882,p03675,u761362252,1582267670,C++,C++14 (GCC 5.4.1),cpp,Accepted,112.0,3956.0,515,
s337746259,p03675,u136342563,1582086808,C++,C++14 (GCC 5.4.1),cpp,Accepted,104.0,3840.0,800,
s869815149,p03675,u047685308,1581927321,C++,C++14 (GCC 5.4.1),cpp,Accepted,43.0,2944.0,400,
s755113175,p03675,u785492958,1581512728,C++,C++14 (GCC 5.4.1),cpp,Accepted,99.0,3712.0,999,
s728694065,p03675,u477343425,1581282114,C++,C++14 (GCC 5.4.1),cpp,Accepted,47.0,2944.0,1282,
s279094368,p03675,u357265888,1580794232,C++,C++14 (GCC 5.4.1),cpp,Accepted,39.0,3840.0,1358,
s318620104,p03675,u569272329,1580705101,Python,Python (3.4.3),py,Accepted,189.0,25156.0,284,
s136142101,p03675,u592818901,1580692787,C++,C++14 (GCC 5.4.1),cpp,Accepted,38.0,5376.0,630,
s580702095,p03675,u303039933,1580223215,Python,PyPy3 (2.4.0),py,Accepted,340.0,89680.0,1909,
s992936020,p03675,u993435350,1580181404,Python,Python (3.4.3),py,Accepted,188.0,26564.0,334,
s413428862,p03675,u923894160,1580097832,C++,C++14 (GCC 5.4.1),cpp,Accepted,40.0,3960.0,1406,
s085264139,p03675,u200215998,1580081498,C++,C++14 (GCC 5.4.1),cpp,Accepted,38.0,5376.0,3808,
s311003777,p03675,u634721785,1579930964,C++,C++14 (GCC 5.4.1),cpp,Accepted,99.0,3824.0,992,
s216114485,p03675,u272105488,1579735240,C++,C++14 (GCC 5.4.1),cpp,Accepted,38.0,2944.0,535,
s231188970,p03675,u319700996,1579509116,C++,C++14 (GCC 5.4.1),cpp,Accepted,102.0,3840.0,557,
s522137243,p03675,u402530314,1579422781,C++,C++14 (GCC 5.4.1),cpp,Accepted,38.0,5376.0,630,
s558344189,p03675,u018679195,1579422724,C++,C++14 (GCC 5.4.1),cpp,Accepted,40.0,5376.0,630,
s917297662,p03675,u954176652,1579361882,C++,C++14 (GCC 5.4.1),cpp,Accepted,39.0,5376.0,2765,
s368192417,p03675,u406126927,1579353992,C++,C++14 (GCC 5.4.1),cpp,Accepted,45.0,5376.0,1110,
s675915812,p03675,u863370423,1579353877,C++,C++14 (GCC 5.4.1),cpp,Accepted,42.0,5376.0,597,
s654976659,p03675,u089230684,1579316276,C++,C++14 (GCC 5.4.1),cpp,Accepted,100.0,2944.0,426,
s798890371,p03675,u028970401,1579316249,C++,C++14 (GCC 5.4.1),cpp,Accepted,111.0,2944.0,426,
s317153683,p03675,u665236246,1579292491,C++,C++14 (GCC 5.4.1),cpp,Accepted,38.0,2944.0,1439,
s466077667,p03675,u581441843,1579254097,C++,C++14 (GCC 5.4.1),cpp,Accepted,100.0,2944.0,411,
s805449024,p03675,u816631826,1579253967,C++,C++14 (GCC 5.4.1),cpp,Accepted,100.0,2944.0,411,
s792090253,p03675,u277032399,1579238043,C++,C++14 (GCC 5.4.1),cpp,Accepted,44.0,2944.0,1585,
s236929505,p03675,u089230684,1579238040,C++,C++14 (GCC 5.4.1),cpp,Accepted,46.0,2944.0,1585,
s136163340,p03675,u353919145,1579235913,C++,C++14 (GCC 5.4.1),cpp,Accepted,104.0,5376.0,705,
s903556246,p03675,u853060245,1579235868,C++,C++14 (GCC 5.4.1),cpp,Accepted,109.0,5376.0,705,
s886914862,p03675,u089230684,1579209793,C++,C++14 (GCC 5.4.1),cpp,Accepted,101.0,5488.0,589,
s365707942,p03675,u089230684,1579209610,C++,C++14 (GCC 5.4.1),cpp,Accepted,101.0,2944.0,638,
s267658261,p03675,u863370423,1579209461,C++,C++14 (GCC 5.4.1),cpp,Accepted,102.0,3824.0,1063,
s718257706,p03675,u089230684,1579208873,C++,C++14 (GCC 5.4.1),cpp,Accepted,102.0,2944.0,704,
s878684109,p03675,u018679195,1579208782,C++,C++14 (GCC 5.4.1),cpp,Accepted,174.0,12288.0,692,
s726979745,p03675,u353919145,1579208685,C++,C++14 (GCC 5.4.1),cpp,Accepted,99.0,3840.0,558,
s176704718,p03675,u089230684,1579208301,C++,C++14 (GCC 5.4.1),cpp,Accepted,128.0,2944.0,566,
s266559767,p03675,u556589653,1579191916,Python,Python (3.4.3),py,Accepted,227.0,26180.0,398,
s653812562,p03675,u633402865,1579078424,C++,C++14 (GCC 5.4.1),cpp,Accepted,101.0,2944.0,383,
s868828768,p03675,u071282706,1578503478,C++,C++14 (GCC 5.4.1),cpp,Accepted,105.0,2944.0,409,
s913898407,p03675,u504836877,1578326363,Python,Python (3.4.3),py,Accepted,254.0,25412.0,361,
s388069216,p03675,u103850114,1578319701,C++,C++14 (GCC 5.4.1),cpp,Accepted,100.0,5488.0,1386,
s642932707,p03675,u167931717,1578252798,C++,C++14 (GCC 5.4.1),cpp,Accepted,102.0,5360.0,19511,
s250099113,p03675,u266763028,1578107783,C++,C++14 (GCC 5.4.1),cpp,Accepted,173.0,16000.0,2266,
s313464879,p03675,u633402865,1577939790,C++,C++14 (GCC 5.4.1),cpp,Accepted,100.0,2944.0,381,
s785031920,p03675,u335667012,1577618274,C++,C++14 (GCC 5.4.1),cpp,Accepted,99.0,5248.0,714,
s307929162,p03675,u912752743,1577304971,C++,C++14 (GCC 5.4.1),cpp,Accepted,127.0,2944.0,501,
s642175013,p03675,u048791623,1576619835,C++,C++14 (GCC 5.4.1),cpp,Accepted,100.0,3840.0,721,
s385837562,p03675,u048791623,1576618172,C++,C++14 (GCC 5.4.1),cpp,Accepted,106.0,5504.0,1088,
s611783039,p03675,u846041485,1575952530,C++,C++14 (GCC 5.4.1),cpp,Accepted,40.0,5612.0,2211,
s668367015,p03675,u102461423,1575952496,Python,Python (3.4.3),py,Accepted,157.0,30664.0,385,
s222178075,p03675,u697658632,1575783159,C++,C++14 (GCC 5.4.1),cpp,Accepted,101.0,2944.0,387,
s880321436,p03675,u281840563,1575587502,C++,C++14 (GCC 5.4.1),cpp,Accepted,39.0,3956.0,1147,
s596070776,p03675,u216459554,1575587010,Python,PyPy3 (2.4.0),py,Accepted,469.0,100948.0,415,
s706855673,p03675,u353919145,1575148825,C++,C++14 (GCC 5.4.1),cpp,Accepted,38.0,3072.0,1365,
s110617495,p03675,u324139341,1575078259,C++,C++14 (GCC 5.4.1),cpp,Accepted,99.0,3840.0,1226,
s112724256,p03675,u771541325,1575045753,C++,C++14 (GCC 5.4.1),cpp,Accepted,100.0,3840.0,548,
s296122756,p03675,u241367243,1574997546,C++,C++14 (GCC 5.4.1),cpp,Accepted,40.0,5376.0,1999,
s378230854,p03675,u771276542,1574801454,C++,C++14 (GCC 5.4.1),cpp,Accepted,39.0,2944.0,478,
s758875603,p03675,u487618988,1574322328,C++,C++14 (GCC 5.4.1),cpp,Accepted,101.0,2944.0,541,
s650224038,p03675,u111555888,1574306235,Python,Python (3.4.3),py,Accepted,177.0,33808.0,299,
s117887162,p03675,u018679195,1574300471,C++,C++14 (GCC 5.4.1),cpp,Accepted,42.0,2944.0,974,
s131750551,p03675,u746419473,1574288943,Python,Python (3.4.3),py,Accepted,116.0,29380.0,144,
s033524660,p03675,u570944601,1574199363,C++,C++14 (GCC 5.4.1),cpp,Accepted,41.0,3956.0,405,
s768881287,p03675,u827202523,1574107156,Python,PyPy3 (2.4.0),py,Accepted,354.0,91192.0,578,
s944640172,p03675,u409373192,1574094881,C++,C++14 (GCC 5.4.1),cpp,Accepted,40.0,4084.0,459,
s380899981,p03675,u111121874,1574028169,C++,C++14 (GCC 5.4.1),cpp,Accepted,38.0,2944.0,404,
s375210451,p03675,u803893892,1573777801,C++,C++14 (GCC 5.4.1),cpp,Accepted,128.0,3072.0,672,
s032158258,p03675,u530329977,1573157224,C++,C++14 (GCC 5.4.1),cpp,Accepted,99.0,5248.0,667,
s422939083,p03675,u340293807,1573111411,C++,C++14 (GCC 5.4.1),cpp,Accepted,100.0,2944.0,1588,
s823886778,p03675,u801513186,1572825224,C++,C++14 (GCC 5.4.1),cpp,Accepted,99.0,5248.0,1322,
s419617439,p03675,u192280767,1572650616,C++,C++14 (GCC 5.4.1),cpp,Accepted,99.0,2944.0,463,
s325676456,p03675,u816631826,1572131666,C++,C++14 (GCC 5.4.1),cpp,Accepted,129.0,2944.0,347,
s533774997,p03675,u562229411,1572102841,C++,C++14 (GCC 5.4.1),cpp,Accepted,129.0,3712.0,455,
s793640200,p03675,u635358463,1572051806,C++,C++14 (GCC 5.4.1),cpp,Accepted,99.0,2944.0,486,
s751174737,p03675,u452343113,1571971269,C++,C++14 (GCC 5.4.1),cpp,Accepted,101.0,2944.0,445,
s622696931,p03675,u072528456,1571962509,C++,C++14 (GCC 5.4.1),cpp,Accepted,44.0,5376.0,1477,
s481404288,p03675,u763410402,1571201087,C++,C++14 (GCC 5.4.1),cpp,Accepted,126.0,2944.0,545,
s891020155,p03675,u026620445,1571034751,C++,C++14 (GCC 5.4.1),cpp,Accepted,49.0,8448.0,1710,
s898498413,p03675,u351265848,1570914865,C++,C++14 (GCC 5.4.1),cpp,Accepted,99.0,2944.0,463,
s354025118,p03675,u637938292,1570743884,C++,C++14 (GCC 5.4.1),cpp,Accepted,100.0,3840.0,391,
s658284280,p03675,u274883254,1570318616,C++,C++14 (GCC 5.4.1),cpp,Accepted,40.0,3072.0,436,
s924060805,p03675,u762540523,1569520815,Python,Python (3.4.3),py,Accepted,156.0,26020.0,128,
s865232027,p03675,u031986221,1569465772,C++,C++14 (GCC 5.4.1),cpp,Accepted,39.0,3072.0,437,
s048375648,p03675,u225581241,1569424874,C++,C++14 (GCC 5.4.1),cpp,Accepted,48.0,2944.0,815,
s537015677,p03675,u225581241,1569424274,C++,C++14 (GCC 5.4.1),cpp,Accepted,49.0,2944.0,884,
s364219404,p03675,u225581241,1569423464,C++,C++14 (GCC 5.4.1),cpp,Accepted,1516.0,4464.0,877,
s485732207,p03675,u759162415,1569376045,C++,C++14 (GCC 5.4.1),cpp,Accepted,102.0,2944.0,1798,
s749938671,p03675,u980322611,1569364399,Python,PyPy3 (2.4.0),py,Accepted,396.0,93212.0,470,
s490698818,p03675,u022832318,1569268321,C++,C++14 (GCC 5.4.1),cpp,Accepted,100.0,2944.0,979,
s380384953,p03675,u825429292,1569255613,C++,C++14 (GCC 5.4.1),cpp,Accepted,40.0,3072.0,1039,
s868025272,p03675,u123648284,1569245439,Python,Python (3.4.3),py,Accepted,175.0,29124.0,257,
s454276412,p03675,u073486874,1569125349,C++,C++14 (GCC 5.4.1),cpp,Accepted,39.0,3840.0,1390,
s424564389,p03675,u753803401,1568822073,Python,PyPy3 (2.4.0),py,Accepted,382.0,91216.0,379,
s315113325,p03675,u251847465,1568679291,C++,C++14 (GCC 5.4.1),cpp,Accepted,100.0,5248.0,2423,
s883799159,p03675,u885134476,1568668789,C++,C++14 (GCC 5.4.1),cpp,Accepted,99.0,2944.0,647,
s759818229,p03675,u607229598,1568507894,C++,C++14 (GCC 5.4.1),cpp,Accepted,396.0,5248.0,546,
s201404231,p03675,u489315616,1567953897,Python,Python (3.4.3),py,Accepted,202.0,26180.0,333,
s902751750,p03675,u489315616,1567953676,Python,Python (3.4.3),py,Accepted,185.0,26180.0,373,
s536120449,p03675,u207048881,1567721494,C++,C++14 (GCC 5.4.1),cpp,Accepted,101.0,3840.0,715,
s953722014,p03675,u095453583,1567487408,C++,C++14 (GCC 5.4.1),cpp,Accepted,105.0,4712.0,1157,
s578445097,p03675,u753803401,1567482495,Python,Python (3.4.3),py,Accepted,188.0,26180.0,345,
s213688185,p03675,u401382183,1567100837,C++,C++14 (GCC 5.4.1),cpp,Accepted,414.0,10496.0,414,
s511146875,p03675,u025592199,1566922310,C++,C++14 (GCC 5.4.1),cpp,Accepted,38.0,3072.0,675,
s337030566,p03675,u371149954,1566476888,C++,C++14 (GCC 5.4.1),cpp,Accepted,100.0,3840.0,534,
s006330301,p03675,u371149954,1566476830,C++,C++14 (GCC 5.4.1),cpp,Accepted,111.0,3840.0,575,
s049272012,p03675,u637824361,1566133659,Python,Python (3.4.3),py,Accepted,185.0,25156.0,210,
s593378241,p03675,u930841425,1566009537,C++,C++14 (GCC 5.4.1),cpp,Accepted,101.0,3840.0,462,
s666094159,p03675,u116670634,1565925693,C++,C++14 (GCC 5.4.1),cpp,Accepted,37.0,3712.0,1801,
s376188707,p03675,u833150479,1565871865,C++,C++14 (GCC 5.4.1),cpp,Accepted,38.0,3072.0,466,
s330044348,p03675,u499381410,1565834941,Python,PyPy3 (2.4.0),py,Accepted,386.0,98872.0,255,
s174051149,p03675,u151855078,1565717527,C++,C++14 (GCC 5.4.1),cpp,Accepted,38.0,2944.0,452,
s112113933,p03675,u970449052,1565652165,Python,Python (3.4.3),py,Accepted,198.0,26356.0,184,
s106231811,p03675,u623349537,1565562189,Python,Python (3.4.3),py,Accepted,139.0,30404.0,253,
s093017436,p03675,u256868077,1565484407,Python,Python (3.4.3),py,Accepted,409.0,25744.0,463,
s828476188,p03675,u331081465,1565475512,C++,C++14 (GCC 5.4.1),cpp,Accepted,38.0,3712.0,541,
s924305537,p03675,u671257784,1565475092,C++,C++14 (GCC 5.4.1),cpp,Accepted,41.0,3956.0,1248,
s610440097,p03675,u803754262,1565473525,C++,C++14 (GCC 5.4.1),cpp,Accepted,103.0,3712.0,995,
s449055983,p03675,u707870100,1565359991,Python,Python (3.4.3),py,Accepted,256.0,32576.0,457,
s964296750,p03675,u322177979,1565234321,C++,C++14 (GCC 5.4.1),cpp,Accepted,111.0,5488.0,1454,
s382123019,p03675,u263715385,1565207272,C++,C++14 (GCC 5.4.1),cpp,Accepted,39.0,5376.0,1667,
s239736367,p03675,u268284127,1564929558,C++,C++14 (GCC 5.4.1),cpp,Accepted,38.0,5376.0,5859,
s835637678,p03675,u928536113,1564884278,C++,C++14 (GCC 5.4.1),cpp,Accepted,101.0,4608.0,455,
s738544064,p03675,u022832318,1564275032,C++,C++14 (GCC 5.4.1),cpp,Accepted,102.0,5488.0,802,
s681689794,p03675,u052247353,1564249629,C++,C++14 (GCC 5.4.1),cpp,Accepted,101.0,3956.0,823,
s363057173,p03675,u473291366,1564190772,Python,Python (3.4.3),py,Accepted,434.0,21664.0,569,
s639579764,p03675,u992394626,1563972888,C++,C++14 (GCC 5.4.1),cpp,Accepted,126.0,3712.0,1243,
s082056353,p03675,u558299650,1563788023,C++,C++14 (GCC 5.4.1),cpp,Accepted,41.0,3840.0,5642,
s182355895,p03675,u671252250,1563762394,Python,PyPy3 (2.4.0),py,Accepted,487.0,100692.0,393,
s152132727,p03675,u050607149,1563400536,C++,C++14 (GCC 5.4.1),cpp,Accepted,44.0,3832.0,962,
s165391503,p03675,u167931717,1563335051,C++,C++14 (GCC 5.4.1),cpp,Accepted,101.0,6640.0,16977,
s556365419,p03675,u991846372,1563162550,C++,C++14 (GCC 5.4.1),cpp,Accepted,98.0,3712.0,510,
s577313007,p03675,u187878098,1563137833,C++,C++14 (GCC 5.4.1),cpp,Accepted,38.0,5376.0,1205,
s108506073,p03675,u379976159,1563114378,C++,C++ (GCC 5.4.1),cpp,Accepted,35.0,2944.0,704,
s858077764,p03675,u366125700,1563077308,C++,C++14 (GCC 5.4.1),cpp,Accepted,100.0,3840.0,895,
s203862093,p03675,u093744128,1563073049,C++,C++14 (GCC 5.4.1),cpp,Accepted,104.0,2944.0,361,
s191881866,p03675,u532966492,1562992902,Python,Python (3.4.3),py,Accepted,177.0,25156.0,77,
s808594779,p03675,u404459933,1562954502,Python,PyPy3 (2.4.0),py,Accepted,367.0,122532.0,315,
s869395980,p03675,u630664279,1562933823,C++,C++14 (GCC 5.4.1),cpp,Accepted,99.0,2944.0,731,
s589516329,p03675,u101513772,1562799183,C++,C++14 (GCC 5.4.1),cpp,Accepted,38.0,3072.0,1273,
s135428152,p03675,u946090308,1562765240,C++,C++14 (GCC 5.4.1),cpp,Accepted,101.0,5376.0,480,
s105537375,p03675,u157195505,1562726863,C++,C++14 (GCC 5.4.1),cpp,Accepted,127.0,3712.0,527,
s776257965,p03675,u485731913,1562547503,C++,C++14 (GCC 5.4.1),cpp,Accepted,107.0,6400.0,737,
s045541168,p03675,u893330446,1562436925,C++,C++14 (GCC 5.4.1),cpp,Accepted,103.0,3712.0,584,
s212014503,p03675,u787456042,1561968078,Python,Python (3.4.3),py,Accepted,362.0,25540.0,278,
s517463766,p03675,u195054737,1561759007,C++,C++14 (GCC 5.4.1),cpp,Accepted,121.0,9216.0,2165,
s466421922,p03675,u854831509,1561477814,C++,C++14 (GCC 5.4.1),cpp,Accepted,100.0,2944.0,480,
s646303967,p03675,u785989355,1561237383,Python,PyPy3 (2.4.0),py,Accepted,367.0,111828.0,412,
s480155349,p03675,u593555034,1561235451,C++,C++14 (GCC 5.4.1),cpp,Accepted,103.0,2944.0,385,
s320126846,p03675,u077291787,1561218416,Python,Python (3.4.3),py,Accepted,195.0,25536.0,370,
s875421835,p03675,u989336028,1561136887,C++,C++14 (GCC 5.4.1),cpp,Accepted,102.0,2944.0,577,
s084639769,p03675,u319396308,1561092306,C++,C++ (GCC 5.4.1),cpp,Accepted,42.0,3712.0,434,
s972016926,p03675,u166378830,1560640762,C++,C++14 (GCC 5.4.1),cpp,Accepted,162.0,15984.0,362,
s595850431,p03675,u061167184,1560610899,C++,C++14 (GCC 5.4.1),cpp,Accepted,44.0,3840.0,431,
s734736130,p03675,u903311413,1560566151,C++,C++14 (GCC 5.4.1),cpp,Accepted,48.0,8448.0,1594,
s796073279,p03675,u344305918,1560557914,C++,C++14 (GCC 5.4.1),cpp,Accepted,42.0,2944.0,937,
s337363432,p03675,u876386943,1560486348,C++,C++14 (GCC 5.4.1),cpp,Accepted,105.0,2944.0,691,
s888326296,p03675,u497046426,1560486134,Python,Python (3.4.3),py,Accepted,209.0,25412.0,243,
s391496704,p03675,u598050616,1560374103,C++,C++14 (GCC 5.4.1),cpp,Accepted,127.0,2944.0,224,
s368268913,p03675,u083188145,1560316075,C++,C++14 (GCC 5.4.1),cpp,Accepted,127.0,3712.0,671,
s608566926,p03675,u156027844,1560301817,C++,C++14 (GCC 5.4.1),cpp,Accepted,126.0,3712.0,439,
s474793810,p03675,u077291787,1560236573,Python,Python (3.4.3),py,Accepted,222.0,25412.0,276,
s530416805,p03675,u850266651,1559942921,C++,C++14 (GCC 5.4.1),cpp,Accepted,1509.0,3956.0,1936,
s897540046,p03675,u347579224,1559831070,C++,C++14 (GCC 5.4.1),cpp,Accepted,98.0,3712.0,1769,
s135619825,p03675,u090629957,1559358194,C++,C++14 (GCC 5.4.1),cpp,Accepted,103.0,3712.0,563,
s606597218,p03675,u180908266,1559340911,Python,PyPy3 (2.4.0),py,Accepted,258.0,115672.0,381,
s311399929,p03675,u885879831,1559338192,C++,C++14 (GCC 5.4.1),cpp,Accepted,39.0,5376.0,779,
s481577474,p03675,u429526425,1559337190,C++,C++14 (GCC 5.4.1),cpp,Accepted,42.0,3712.0,945,
s261962864,p03675,u039805629,1559335547,C++,C++14 (Clang 3.8.0),cpp,Accepted,275.0,3072.0,1430,
s927840128,p03675,u505831576,1559132824,C++,C++14 (GCC 5.4.1),cpp,Accepted,102.0,5504.0,1469,
s255621118,p03675,u876335718,1558917876,C++,C++14 (GCC 5.4.1),cpp,Accepted,43.0,6012.0,1462,
s681640877,p03675,u540491484,1558724768,C++,C++14 (GCC 5.4.1),cpp,Accepted,101.0,2944.0,640,
s771327811,p03675,u813102292,1558303458,C++,C++14 (GCC 5.4.1),cpp,Accepted,100.0,3712.0,924,
s012043387,p03675,u222293734,1558277315,C++,C++14 (GCC 5.4.1),cpp,Accepted,102.0,3712.0,2577,
s634319941,p03675,u737214831,1558225433,C++,C++14 (GCC 5.4.1),cpp,Accepted,35.0,2944.0,1166,
s397813296,p03675,u500297289,1558163172,Python,Python (3.4.3),py,Accepted,107.0,26564.0,236,
s498910792,p03675,u941439948,1558141911,C++,C++14 (GCC 5.4.1),cpp,Accepted,39.0,3072.0,654,
s055956059,p03675,u276508791,1558141491,C++,C++14 (GCC 5.4.1),cpp,Accepted,39.0,3840.0,1322,
s368107761,p03675,u220114950,1558141489,C++,C++14 (GCC 5.4.1),cpp,Accepted,100.0,3956.0,478,
s285227198,p03675,u917282863,1558062014,C++,C++14 (GCC 5.4.1),cpp,Accepted,100.0,3712.0,915,
s237133536,p03675,u265768297,1557964992,C++,C++14 (GCC 5.4.1),cpp,Accepted,162.0,18052.0,553,
s766844531,p03675,u597869446,1557961159,C++,C++14 (GCC 5.4.1),cpp,Accepted,126.0,2944.0,252,
s411356064,p03675,u114589485,1557960724,C++,C++14 (GCC 5.4.1),cpp,Accepted,1573.0,3828.0,454,
s448639223,p03675,u344425917,1557960498,C++,C++14 (GCC 5.4.1),cpp,Accepted,111.0,3712.0,1082,
s648101485,p03675,u983918956,1557960343,Python,Python (3.4.3),py,Accepted,230.0,25532.0,257,
s421781151,p03675,u869282786,1557959914,C++,C++14 (GCC 5.4.1),cpp,Accepted,37.0,3712.0,907,
s655917908,p03675,u984730891,1557959903,C++,C++14 (GCC 5.4.1),cpp,Accepted,39.0,5376.0,730,
s550879949,p03675,u141642872,1557959743,C++,C++14 (GCC 5.4.1),cpp,Accepted,38.0,5376.0,1392,
s046591958,p03675,u813098295,1557862355,Python,Python (3.4.3),py,Accepted,228.0,25416.0,232,
s235330514,p03675,u034055199,1557534383,C++,C++14 (GCC 5.4.1),cpp,Accepted,99.0,2944.0,794,
s837779558,p03675,u454087021,1556664264,C++,C++14 (GCC 5.4.1),cpp,Accepted,126.0,2944.0,586,
s814861787,p03675,u802905102,1556234094,C++,C++14 (GCC 5.4.1),cpp,Accepted,115.0,8960.0,1465,
s444600682,p03675,u846686917,1556216167,C++,C++14 (GCC 5.4.1),cpp,Accepted,128.0,3712.0,895,
s932474781,p03675,u983918956,1555616679,Python,Python (3.4.3),py,Accepted,213.0,25532.0,245,
s064250944,p03675,u071343905,1555348917,C++,C++14 (GCC 5.4.1),cpp,Accepted,42.0,2944.0,258,
s399325401,p03675,u591914971,1554921137,C++,C++14 (GCC 5.4.1),cpp,Accepted,126.0,3712.0,484,
s572247530,p03675,u450339194,1554875460,Python,Python (3.4.3),py,Accepted,93.0,27204.0,252,
s809170622,p03675,u782654209,1554855608,Python,Python (3.4.3),py,Accepted,64.0,25412.0,183,
s569556072,p03675,u656771711,1554823323,C++,C++14 (GCC 5.4.1),cpp,Accepted,45.0,2944.0,3102,
s132273566,p03675,u430494842,1554596305,C++,C++14 (GCC 5.4.1),cpp,Accepted,41.0,3956.0,1815,
s332823591,p03675,u077019541,1554585488,Python,Python (3.4.3),py,Accepted,112.0,30404.0,178,
s588628036,p03675,u077025302,1554581488,C++,C++14 (GCC 5.4.1),cpp,Accepted,40.0,3564.0,1674,
s941658229,p03675,u986568278,1554464639,C++,C++14 (GCC 5.4.1),cpp,Accepted,100.0,2944.0,713,
s196227785,p03675,u617380180,1554422254,C++,C++14 (GCC 5.4.1),cpp,Accepted,126.0,2944.0,325,
s513312941,p03675,u118642796,1554356554,Python,Python (3.4.3),py,Accepted,192.0,26020.0,134,
s998277376,p03675,u394853232,1554311220,C++,C++14 (Clang 3.8.0),cpp,Accepted,46.0,2944.0,2784,
s760238746,p03675,u987267288,1553922886,C++,C++14 (GCC 5.4.1),cpp,Accepted,40.0,5376.0,2537,
s044447242,p03675,u258009780,1553823539,C++,C++14 (GCC 5.4.1),cpp,Accepted,102.0,5488.0,635,
s694818302,p03675,u374929478,1553823183,C++,C++14 (GCC 5.4.1),cpp,Accepted,99.0,3328.0,466,
s222694868,p03675,u756388720,1553822438,C++,C++14 (GCC 5.4.1),cpp,Accepted,101.0,3956.0,860,
s153191806,p03675,u258009780,1553821857,C++,C++14 (GCC 5.4.1),cpp,Accepted,106.0,5488.0,635,
s285695382,p03675,u379692329,1553717549,Python,Python (3.4.3),py,Accepted,190.0,26020.0,140,
s796841377,p03675,u855186748,1553619355,C++,C++14 (GCC 5.4.1),cpp,Accepted,111.0,3712.0,873,
s187486610,p03675,u845980916,1553283468,C++,C++14 (GCC 5.4.1),cpp,Accepted,37.0,2944.0,1170,
s483223873,p03675,u043443359,1553099414,C++,C++14 (GCC 5.4.1),cpp,Accepted,99.0,3712.0,2972,
s978499725,p03675,u625092455,1552938469,C++,C++14 (Clang 3.8.0),cpp,Accepted,234.0,3712.0,3143,
s785749746,p03675,u271719815,1552922604,C++,C++14 (GCC 5.4.1),cpp,Accepted,100.0,8448.0,2471,
s208112041,p03675,u406158207,1552854492,C++,C++14 (GCC 5.4.1),cpp,Accepted,1580.0,3060.0,1433,
s590345772,p03675,u434208140,1552827480,C++,C++14 (GCC 5.4.1),cpp,Accepted,103.0,3840.0,431,
s921560800,p03675,u243961437,1552237915,C++,C++14 (GCC 5.4.1),cpp,Accepted,126.0,2944.0,612,
s912315596,p03675,u965730380,1552175211,C++,C++14 (GCC 5.4.1),cpp,Accepted,39.0,3840.0,767,
s860858829,p03675,u766684188,1552095166,Python,Python (3.4.3),py,Accepted,206.0,26192.0,360,
s613163070,p03675,u804594341,1551789809,C++,C++14 (GCC 5.4.1),cpp,Accepted,40.0,3712.0,521,
s850584000,p03675,u341957179,1551758546,C++,C++14 (GCC 5.4.1),cpp,Accepted,99.0,3712.0,482,
s380677536,p03675,u790455432,1551680125,C++,C++14 (GCC 5.4.1),cpp,Accepted,40.0,3072.0,426,
s347885938,p03675,u161305303,1551679801,C++,C++14 (GCC 5.4.1),cpp,Accepted,39.0,3712.0,416,
s194154663,p03675,u747788639,1551679726,C++,C++14 (GCC 5.4.1),cpp,Accepted,38.0,3840.0,546,
s641619581,p03675,u280512618,1551652710,C++,C++14 (GCC 5.4.1),cpp,Accepted,103.0,2944.0,549,
s807915868,p03675,u394919721,1551213500,C++,C++14 (GCC 5.4.1),cpp,Accepted,39.0,5488.0,4012,
s830441517,p03675,u791593901,1551188006,C++,C++14 (GCC 5.4.1),cpp,Accepted,46.0,5248.0,3348,
s033726155,p03675,u330039499,1551158911,Python,Python (2.7.6),py,Accepted,171.0,28672.0,276,
s046490128,p03675,u330039499,1551158888,Python,Python (2.7.6),py,Accepted,166.0,28672.0,276,
s202019306,p03675,u527260048,1550982701,C++,C++14 (GCC 5.4.1),cpp,Accepted,43.0,3840.0,382,
s530770058,p03675,u430527172,1550338839,C++,C++14 (GCC 5.4.1),cpp,Accepted,100.0,2944.0,589,
s630074867,p03675,u901862155,1550237381,C++,C++14 (GCC 5.4.1),cpp,Accepted,38.0,5376.0,451,
s829141093,p03675,u991382421,1550237127,C++,C++14 (GCC 5.4.1),cpp,Accepted,99.0,3712.0,665,
s720163660,p03675,u388697579,1550221066,C++,C++14 (GCC 5.4.1),cpp,Accepted,99.0,5248.0,577,
s014081116,p03675,u645369394,1550179469,C++,C++14 (GCC 5.4.1),cpp,Accepted,111.0,2944.0,304,
s350266425,p03675,u645369394,1550179269,C++,C++14 (GCC 5.4.1),cpp,Accepted,100.0,2944.0,546,
s145916326,p03675,u352499693,1550139145,C++,C++14 (Clang 3.8.0),cpp,Accepted,48.0,2944.0,435,
s306729232,p03675,u285991898,1550075000,C++,C++14 (GCC 5.4.1),cpp,Accepted,38.0,3072.0,885,
s779406372,p03675,u274783858,1550012723,C++,C++14 (GCC 5.4.1),cpp,Accepted,50.0,8448.0,351,
s039212889,p03675,u619819312,1549999051,Python,Python (3.4.3),py,Accepted,123.0,27172.0,187,
s544886643,p03675,u593063683,1549819874,Python,Python (3.4.3),py,Accepted,1210.0,26360.0,1476,
s957160033,p03675,u480892088,1549755883,C++,C++14 (GCC 5.4.1),cpp,Accepted,111.0,3824.0,543,
s113676408,p03675,u212904724,1549653383,C++,C++14 (GCC 5.4.1),cpp,Accepted,111.0,8448.0,403,
s938848436,p03675,u303059352,1549239402,Python,Python (3.4.3),py,Accepted,174.0,25156.0,511,
s369085332,p03675,u375616706,1548791352,Python,Python (3.4.3),py,Accepted,61.0,27204.0,191,
s092958814,p03675,u375616706,1548791115,Python,Python (3.4.3),py,Accepted,122.0,31172.0,217,
s007129674,p03675,u375616706,1548791070,Python,PyPy3 (2.4.0),py,Accepted,315.0,119252.0,258,
s494286102,p03675,u235155157,1548630890,C++,C++14 (GCC 5.4.1),cpp,Accepted,39.0,5376.0,931,
s855359520,p03675,u235155157,1548630885,C++,C++14 (GCC 5.4.1),cpp,Accepted,39.0,5376.0,931,
s116341423,p03675,u950708010,1548442539,Python,Python (3.4.3),py,Accepted,224.0,26020.0,289,
s260134601,p03675,u384299515,1547934251,C++,C++14 (GCC 5.4.1),cpp,Accepted,100.0,2944.0,969,
s757808670,p03675,u721367699,1547907078,C++,C++14 (GCC 5.4.1),cpp,Accepted,101.0,5488.0,1033,
s098361532,p03675,u715750943,1547883202,C++,C++14 (GCC 5.4.1),cpp,Accepted,98.0,3712.0,6170,
s146393733,p03675,u840810569,1547851909,C++,C++14 (GCC 5.4.1),cpp,Accepted,103.0,3840.0,695,
s828632129,p03675,u587248350,1547851407,C++,C++14 (GCC 5.4.1),cpp,Accepted,101.0,3712.0,1461,
s919821645,p03675,u266602249,1547781952,C++,C++14 (GCC 5.4.1),cpp,Accepted,43.0,3712.0,478,
s149234861,p03675,u094821005,1547781890,C++,C++14 (GCC 5.4.1),cpp,Accepted,47.0,3960.0,772,
s119169277,p03675,u676010686,1547767207,C++,C++14 (GCC 5.4.1),cpp,Accepted,43.0,2944.0,402,
s782572271,p03675,u275726913,1547755527,C++,C++14 (GCC 5.4.1),cpp,Accepted,128.0,2944.0,259,
s487312747,p03675,u196497077,1547706353,C++,C++14 (GCC 5.4.1),cpp,Accepted,133.0,3060.0,1050,
s981221915,p03675,u811561461,1547426485,C++,C++14 (GCC 5.4.1),cpp,Accepted,39.0,2944.0,1037,
s055894546,p03675,u570770016,1547226378,C++,C++14 (GCC 5.4.1),cpp,Accepted,100.0,3840.0,420,
s712574988,p03675,u541786453,1546925898,C++,C++14 (GCC 5.4.1),cpp,Accepted,126.0,2944.0,280,
s815760477,p03675,u841972291,1546492781,C++,C++14 (GCC 5.4.1),cpp,Accepted,39.0,3072.0,2312,
s315924472,p03675,u089329978,1546064901,C++,C++14 (GCC 5.4.1),cpp,Accepted,44.0,3840.0,496,
s212951561,p03675,u237362582,1545944768,Python,Python (3.4.3),py,Accepted,54.0,26948.0,263,
s314945273,p03675,u693133807,1545877748,C++,C++14 (GCC 5.4.1),cpp,Accepted,126.0,2944.0,383,
s069567857,p03675,u848647227,1545599945,Python,Python (3.4.3),py,Accepted,356.0,25748.0,402,
s439293767,p03675,u584998222,1545597560,C++,C++14 (GCC 5.4.1),cpp,Accepted,55.0,8448.0,789,
s376244045,p03675,u556812955,1545596391,C++,C++14 (GCC 5.4.1),cpp,Accepted,44.0,2944.0,377,
s286299637,p03675,u329802369,1545596284,C++,C++14 (GCC 5.4.1),cpp,Accepted,44.0,2944.0,370,
s199766073,p03675,u685009987,1545485110,C++,C++14 (GCC 5.4.1),cpp,Accepted,99.0,3712.0,695,
s850885439,p03675,u799021348,1545447143,C++,C++14 (GCC 5.4.1),cpp,Accepted,38.0,2944.0,940,
s759025826,p03675,u111742294,1545025800,C++,C++14 (GCC 5.4.1),cpp,Accepted,104.0,3840.0,832,
s155899813,p03675,u111742294,1545025433,C++,C++14 (GCC 5.4.1),cpp,Accepted,127.0,3712.0,926,
s692861485,p03675,u828706986,1544943471,C++,C++14 (GCC 5.4.1),cpp,Accepted,74.0,5892.0,2528,
s457557042,p03675,u663710122,1544745287,Python,Python (3.4.3),py,Accepted,198.0,26020.0,235,
s630669905,p03675,u397531548,1544680628,Python,Python (3.4.3),py,Accepted,464.0,26020.0,274,
s461621268,p03675,u415041731,1544401512,C++,C++14 (GCC 5.4.1),cpp,Accepted,1508.0,3060.0,1401,
s536636507,p03675,u394919721,1544400577,C++,C++14 (GCC 5.4.1),cpp,Accepted,40.0,3840.0,1843,
s322285718,p03675,u415041731,1544150229,C++,C++14 (GCC 5.4.1),cpp,Accepted,1512.0,3060.0,1378,
s192110626,p03675,u054652697,1544149837,C++,C++14 (GCC 5.4.1),cpp,Accepted,113.0,8448.0,774,
s983125562,p03675,u259053514,1544149603,C++,C++14 (GCC 5.4.1),cpp,Accepted,101.0,4728.0,1518,
s888191158,p03675,u550398291,1544149521,C++,C++14 (GCC 5.4.1),cpp,Accepted,43.0,2944.0,1177,
s316369613,p03675,u657429065,1544040822,C++,C++14 (GCC 5.4.1),cpp,Accepted,102.0,5488.0,1480,
s482115651,p03675,u480806810,1543859366,C++,C++14 (GCC 5.4.1),cpp,Accepted,139.0,10500.0,505,
s255807568,p03675,u368780724,1543639608,Python,Python (3.4.3),py,Accepted,266.0,26180.0,398,
s471553679,p03675,u784706568,1543514127,C++,C++14 (GCC 5.4.1),cpp,Accepted,45.0,3712.0,1101,
s970847163,p03675,u004342119,1543438015,C++,C++14 (GCC 5.4.1),cpp,Accepted,50.0,2944.0,716,
s981906910,p03675,u922018373,1542837039,C++,C++14 (GCC 5.4.1),cpp,Accepted,101.0,3564.0,1426,
s159086718,p03675,u987476436,1542729405,C++,C++14 (GCC 5.4.1),cpp,Accepted,100.0,2944.0,332,
s001370149,p03675,u359025499,1542492164,C++,C++14 (GCC 5.4.1),cpp,Accepted,44.0,3712.0,432,
s788681760,p03675,u190021513,1542441370,C++,C++14 (GCC 5.4.1),cpp,Accepted,107.0,3580.0,301,
s202026450,p03675,u172929647,1542392433,C++,C++14 (GCC 5.4.1),cpp,Accepted,98.0,3712.0,7931,
s785906697,p03675,u200030766,1542250801,Python,Python (3.4.3),py,Accepted,166.0,30660.0,256,
s464011750,p03675,u353602031,1542219236,C++,C++14 (GCC 5.4.1),cpp,Accepted,112.0,9216.0,5463,
s237272502,p03675,u654191866,1541673288,C++,C++14 (GCC 5.4.1),cpp,Accepted,41.0,3072.0,392,
s695731684,p03675,u480831358,1541658127,C++,C++14 (GCC 5.4.1),cpp,Accepted,39.0,3712.0,834,
s713466760,p03675,u065163270,1541646149,C++,C++14 (GCC 5.4.1),cpp,Accepted,38.0,2944.0,917,
s638371232,p03675,u129134470,1541470636,C++,C++14 (GCC 5.4.1),cpp,Accepted,99.0,3840.0,565,
s211411267,p03675,u678146855,1541455537,C++,C++14 (GCC 5.4.1),cpp,Accepted,38.0,3072.0,1118,
s052039587,p03675,u317976413,1541451700,C++,C++14 (GCC 5.4.1),cpp,Accepted,103.0,3828.0,446,
s786091133,p03675,u183530284,1541381684,C++,C++14 (GCC 5.4.1),cpp,Accepted,50.0,9176.0,653,
s221273015,p03675,u607865971,1541359876,Python,Python (3.4.3),py,Accepted,167.0,29124.0,355,
s747458694,p03675,u607865971,1541358873,Python,Python (3.4.3),py,Accepted,182.0,29252.0,293,
s891350713,p03675,u832241789,1541189426,C++,C++14 (GCC 5.4.1),cpp,Accepted,126.0,2944.0,477,
s475326454,p03675,u317976413,1541188278,C++,C++14 (GCC 5.4.1),cpp,Accepted,100.0,3828.0,463,
s227970447,p03675,u854012554,1541102989,C++,C++14 (GCC 5.4.1),cpp,Accepted,43.0,3712.0,371,
s158418266,p03675,u098742302,1541102874,C++,C++14 (GCC 5.4.1),cpp,Accepted,43.0,2944.0,376,
s579371554,p03675,u317976413,1540938027,C++,C++14 (GCC 5.4.1),cpp,Accepted,104.0,3828.0,484,
s574166240,p03675,u423952731,1540913359,C++,C++14 (GCC 5.4.1),cpp,Accepted,43.0,3712.0,372,
s678930263,p03675,u372550522,1540586947,C++,C++14 (GCC 5.4.1),cpp,Accepted,114.0,9984.0,743,
s545575282,p03675,u334351654,1540285119,C++,C++14 (GCC 5.4.1),cpp,Accepted,97.0,3956.0,910,
s770006680,p03675,u243196226,1540246111,C++,C++14 (GCC 5.4.1),cpp,Accepted,104.0,5248.0,670,
s758557025,p03675,u957739106,1540156000,C++,C++14 (GCC 5.4.1),cpp,Accepted,35.0,3712.0,650,
s067965326,p03675,u546943614,1540101983,C++,C++14 (GCC 5.4.1),cpp,Accepted,125.0,2944.0,414,
s994027207,p03675,u320853829,1539900664,C++,C++14 (GCC 5.4.1),cpp,Accepted,131.0,9984.0,617,
s312723852,p03675,u254187258,1539898567,C++,C++14 (GCC 5.4.1),cpp,Accepted,100.0,2944.0,363,
s103566716,p03675,u437622890,1539897876,C++,C++14 (GCC 5.4.1),cpp,Accepted,39.0,3828.0,1697,
s554906286,p03675,u188534680,1539897634,C++,C++14 (GCC 5.4.1),cpp,Accepted,38.0,3712.0,506,
s314425407,p03675,u426592387,1539897608,C++,C++14 (GCC 5.4.1),cpp,Accepted,126.0,2944.0,483,
s410094613,p03675,u604928622,1539896951,C++,C++14 (GCC 5.4.1),cpp,Accepted,43.0,2944.0,584,
s279411792,p03675,u858520692,1539896859,C++,C++14 (GCC 5.4.1),cpp,Accepted,38.0,2944.0,775,
s822356707,p03675,u683588090,1539896673,C++,C++14 (GCC 5.4.1),cpp,Accepted,105.0,4084.0,1027,
s675505481,p03675,u230583048,1539896532,C++,C++14 (GCC 5.4.1),cpp,Accepted,44.0,3840.0,920,
s330290159,p03675,u897304429,1539895864,C++,C++14 (GCC 5.4.1),cpp,Accepted,44.0,3840.0,4236,
s006082195,p03675,u121794232,1539458225,C++,C++14 (GCC 5.4.1),cpp,Accepted,98.0,3712.0,873,
s478533537,p03675,u350561621,1539281925,C++,C++14 (GCC 5.4.1),cpp,Accepted,41.0,2816.0,228,
s127994763,p03675,u024809932,1539105214,C++,C++14 (GCC 5.4.1),cpp,Accepted,127.0,2944.0,284,
s552383515,p03675,u874996917,1538911994,C++,C++14 (GCC 5.4.1),cpp,Accepted,106.0,4608.0,2321,
s017864246,p03675,u095029955,1538816235,C++,C++14 (GCC 5.4.1),cpp,Accepted,38.0,2944.0,1504,
s047854352,p03675,u550398291,1538803623,C++,C++14 (GCC 5.4.1),cpp,Accepted,43.0,3712.0,1212,
s975727179,p03675,u308650788,1538411082,C++,C++14 (GCC 5.4.1),cpp,Accepted,41.0,2944.0,1230,
s228498414,p03675,u407233506,1538268474,C++,C++14 (GCC 5.4.1),cpp,Accepted,107.0,4464.0,785,
s095289218,p03675,u629650917,1538145553,C++,C++14 (GCC 5.4.1),cpp,Accepted,38.0,3072.0,1103,
s337064629,p03675,u903951856,1537995903,C++,C++14 (GCC 5.4.1),cpp,Accepted,42.0,2944.0,4066,
s696227223,p03675,u605917063,1537715681,C++,C++14 (GCC 5.4.1),cpp,Accepted,112.0,9216.0,1214,
s487206482,p03675,u394919721,1536945185,C++,C++14 (GCC 5.4.1),cpp,Accepted,39.0,3840.0,1099,
s593137878,p03675,u394919721,1536945157,C++,C++14 (GCC 5.4.1),cpp,Accepted,39.0,3840.0,1094,
s188634466,p03675,u903722062,1536890774,C++,C++14 (GCC 5.4.1),cpp,Accepted,111.0,5484.0,2193,
s657521744,p03675,u533920479,1536842836,C++,C++14 (GCC 5.4.1),cpp,Accepted,100.0,2944.0,497,
s126515704,p03675,u342703951,1536780589,C++,C++14 (GCC 5.4.1),cpp,Accepted,104.0,2944.0,285,
s565087786,p03675,u980655160,1536693611,C++,C++14 (GCC 5.4.1),cpp,Accepted,127.0,2944.0,644,
s378397014,p03675,u898749314,1536677657,C++,C++14 (GCC 5.4.1),cpp,Accepted,105.0,3840.0,961,
s043987928,p03675,u898749314,1536675607,C++,C++14 (GCC 5.4.1),cpp,Accepted,111.0,5488.0,1134,
s073601438,p03675,u550995059,1536611792,C++,C++14 (GCC 5.4.1),cpp,Accepted,38.0,2944.0,803,
s670681365,p03675,u536113865,1536560758,Python,Python (3.4.3),py,Accepted,171.0,26020.0,139,
s202246986,p03675,u915020369,1536336307,C++,C++14 (GCC 5.4.1),cpp,Accepted,44.0,2944.0,794,
s032802113,p03675,u853623480,1536284424,C++,C++14 (GCC 5.4.1),cpp,Accepted,44.0,2944.0,723,
s609963492,p03675,u426057057,1536184222,C++,C++14 (GCC 5.4.1),cpp,Accepted,100.0,2944.0,611,
s514151838,p03675,u960524878,1536075371,C++,C++14 (GCC 5.4.1),cpp,Accepted,100.0,5376.0,1652,
s893144875,p03675,u062147869,1535848794,Python,Python (3.4.3),py,Accepted,152.0,27072.0,377,
s635553524,p03675,u872959410,1535824042,C++,C++14 (GCC 5.4.1),cpp,Accepted,38.0,3840.0,1944,
s216874874,p03675,u284854859,1535583554,Python,Python (3.4.3),py,Accepted,226.0,26180.0,345,
s615512883,p03675,u478870821,1535530813,Python,PyPy3 (2.4.0),py,Accepted,357.0,123860.0,457,
s148877681,p03675,u423143252,1535417244,C++,C++14 (GCC 5.4.1),cpp,Accepted,1574.0,3060.0,874,
s146746208,p03675,u620868411,1535156906,Python,Python (3.4.3),py,Accepted,211.0,38564.0,367,
s029521053,p03675,u502709453,1535061709,C++,C++14 (GCC 5.4.1),cpp,Accepted,105.0,2944.0,1398,
s198039516,p03675,u288444854,1534818372,C++,C++14 (GCC 5.4.1),cpp,Accepted,38.0,3840.0,857,
s584429168,p03675,u874996917,1534795667,C++,C++14 (GCC 5.4.1),cpp,Accepted,100.0,2944.0,910,
s087188208,p03675,u554395749,1534632136,C++,C++14 (GCC 5.4.1),cpp,Accepted,126.0,2944.0,684,
s776199197,p03675,u879581330,1534008106,C++,C++14 (GCC 5.4.1),cpp,Accepted,99.0,3712.0,678,
s207844748,p03675,u109256064,1533483492,C++,C++14 (GCC 5.4.1),cpp,Accepted,44.0,4084.0,1572,
s068600360,p03675,u006686215,1532993329,C++,C++14 (GCC 5.4.1),cpp,Accepted,127.0,3712.0,366,
s899392716,p03675,u211681714,1532956282,C++,C++14 (GCC 5.4.1),cpp,Accepted,99.0,3712.0,3379,
s194295976,p03675,u394919721,1532618774,C++,C++14 (GCC 5.4.1),cpp,Accepted,41.0,3072.0,849,
s373467391,p03675,u856232850,1532402143,Python,Python (3.4.3),py,Accepted,113.0,31300.0,255,
s558715916,p03675,u015514760,1532202989,C++,C++14 (GCC 5.4.1),cpp,Accepted,126.0,2944.0,620,
s424604556,p03675,u384679440,1532106757,Python,Python (3.4.3),py,Accepted,340.0,26020.0,329,
s164209673,p03675,u024075299,1531593518,C++,C++14 (GCC 5.4.1),cpp,Accepted,42.0,2944.0,371,
s849681343,p03675,u929618357,1531402012,C++,C++14 (GCC 5.4.1),cpp,Accepted,42.0,2944.0,374,
s361835785,p03675,u691493208,1531351976,C++,C++14 (GCC 5.4.1),cpp,Accepted,64.0,7428.0,1090,
s658263624,p03675,u691493208,1531351380,C++,C++14 (GCC 5.4.1),cpp,Accepted,47.0,5376.0,1047,
s019192981,p03675,u150376070,1530925095,C++,C++14 (GCC 5.4.1),cpp,Accepted,101.0,2944.0,3478,
s109557558,p03675,u572258309,1530458762,C++,C++14 (GCC 5.4.1),cpp,Accepted,41.0,5376.0,767,
s708984755,p03675,u398846051,1530216302,C++,C++14 (GCC 5.4.1),cpp,Accepted,38.0,2944.0,919,
s559217380,p03675,u314057689,1529985144,C++,C++14 (GCC 5.4.1),cpp,Accepted,1500.0,4724.0,2973,
s525787373,p03675,u110383845,1529885372,C++,C++14 (GCC 5.4.1),cpp,Accepted,100.0,2944.0,301,
s734966665,p03675,u181719868,1529872237,C++,C++14 (GCC 5.4.1),cpp,Accepted,99.0,3060.0,747,
s337413769,p03675,u623954643,1529690929,C++,C++14 (GCC 5.4.1),cpp,Accepted,127.0,3712.0,372,
s061404720,p03675,u388927326,1529627845,C++,C++14 (GCC 5.4.1),cpp,Accepted,105.0,3828.0,719,
s841403369,p03675,u539402331,1529298822,C++,C++14 (GCC 5.4.1),cpp,Accepted,126.0,2944.0,400,
s191710661,p03675,u537871123,1529269743,C++,C++14 (GCC 5.4.1),cpp,Accepted,38.0,3072.0,545,
s745936885,p03675,u200729311,1529096707,C++,C++14 (GCC 5.4.1),cpp,Accepted,108.0,3712.0,609,
s435516631,p03675,u628871447,1528512146,C++,C++14 (GCC 5.4.1),cpp,Accepted,126.0,3712.0,540,
s759501738,p03675,u677143726,1528232061,C++,C++14 (GCC 5.4.1),cpp,Accepted,44.0,3960.0,437,
s099135886,p03675,u621509943,1528068943,C++,C++14 (GCC 5.4.1),cpp,Accepted,125.0,3072.0,392,
s595588565,p03675,u207036582,1527806388,C++,C++14 (GCC 5.4.1),cpp,Accepted,127.0,4212.0,660,
s647377685,p03675,u886956383,1527775333,C++,C++14 (GCC 5.4.1),cpp,Accepted,101.0,3712.0,581,
s513765612,p03675,u124087379,1527725194,C++,C++14 (GCC 5.4.1),cpp,Accepted,56.0,8448.0,671,
s139558776,p03675,u218843509,1527698295,Python,Python (3.4.3),py,Accepted,143.0,31940.0,249,
s503005619,p03675,u651633098,1527363443,C++,C++14 (GCC 5.4.1),cpp,Accepted,43.0,3712.0,389,
s602841880,p03675,u636387751,1527273131,Python,Python (3.4.3),py,Accepted,112.0,25792.0,322,
s369275853,p03675,u127390603,1527213372,C++,C++14 (GCC 5.4.1),cpp,Accepted,41.0,3072.0,606,
s470105559,p03675,u657429065,1527089460,C++,C++14 (GCC 5.4.1),cpp,Accepted,100.0,3952.0,1304,
s158167666,p03675,u034865202,1526784233,C++,C++14 (GCC 5.4.1),cpp,Accepted,38.0,3072.0,3776,
s818657328,p03675,u093576105,1526601831,C++,C++14 (GCC 5.4.1),cpp,Accepted,42.0,3840.0,1197,
s343030049,p03675,u415580658,1526526967,C++,C++14 (GCC 5.4.1),cpp,Accepted,100.0,3828.0,558,
s782058196,p03675,u918753189,1526433131,C++,C++14 (GCC 5.4.1),cpp,Accepted,126.0,2944.0,473,
s021248824,p03675,u325729964,1526403135,C++,C++14 (GCC 5.4.1),cpp,Accepted,42.0,3712.0,936,
s190490529,p03675,u942774736,1526402209,C++,C++14 (GCC 5.4.1),cpp,Accepted,105.0,3712.0,408,
s073049333,p03675,u965605751,1526309955,C++,C++14 (GCC 5.4.1),cpp,Accepted,125.0,2944.0,1053,
s251462200,p03675,u520158330,1525972250,Python,Python (3.4.3),py,Accepted,61.0,27044.0,226,
s640673980,p03675,u596227625,1525712908,C++,C++14 (GCC 5.4.1),cpp,Accepted,101.0,3828.0,476,
s987188963,p03675,u047147443,1525560884,C++,C++14 (GCC 5.4.1),cpp,Accepted,128.0,2944.0,261,
s628127809,p03675,u226108478,1525400561,Python,Python (3.4.3),py,Accepted,69.0,26948.0,316,
s677012775,p03675,u089230684,1525241845,C++,C++14 (Clang 3.8.0),cpp,Accepted,283.0,8576.0,355,
s984843481,p03675,u182715976,1525241822,C++,C++14 (Clang 3.8.0),cpp,Accepted,283.0,8448.0,355,
s481457839,p03675,u810356688,1525222844,C++,C++14 (GCC 5.4.1),cpp,Accepted,39.0,3072.0,749,
s613013284,p03675,u089230684,1525192625,C++,C++14 (GCC 5.4.1),cpp,Accepted,126.0,3712.0,446,
s187284266,p03675,u536580583,1524861154,C++,C++14 (GCC 5.4.1),cpp,Accepted,41.0,3840.0,575,
s718955791,p03675,u992076031,1524852317,C++,C++14 (GCC 5.4.1),cpp,Accepted,100.0,3824.0,596,
s205792522,p03675,u591883167,1524247115,C++,C++14 (GCC 5.4.1),cpp,Accepted,111.0,8448.0,1207,
s564431961,p03675,u089230684,1524114999,C++,C++14 (GCC 5.4.1),cpp,Accepted,49.0,6272.0,503,
s733673588,p03675,u018679195,1524084569,C++,C++14 (GCC 5.4.1),cpp,Accepted,141.0,8448.0,281,
s993155775,p03675,u658655325,1523478947,C++,C++14 (GCC 5.4.1),cpp,Accepted,44.0,2944.0,367,
s225272585,p03675,u353919145,1523321271,C++,C++14 (GCC 5.4.1),cpp,Accepted,126.0,2944.0,667,
s916396052,p03675,u863370423,1523315718,C++,C++14 (GCC 5.4.1),cpp,Accepted,44.0,3712.0,515,
s510653483,p03675,u093219895,1523059094,C++,C++14 (GCC 5.4.1),cpp,Accepted,45.0,2944.0,1267,
s571459577,p03675,u045939752,1523056379,C++,C++14 (GCC 5.4.1),cpp,Accepted,44.0,2944.0,940,
s767141242,p03675,u657429065,1522962327,C++,C++14 (GCC 5.4.1),cpp,Accepted,102.0,3824.0,1130,
s092061254,p03675,u657429065,1522962267,C++,C++14 (GCC 5.4.1),cpp,Accepted,96.0,7668.0,1225,
s885090729,p03675,u657429065,1522962146,C++,C++14 (GCC 5.4.1),cpp,Accepted,96.0,7668.0,1223,
s243551246,p03675,u164644833,1522841052,C++,C++14 (GCC 5.4.1),cpp,Accepted,38.0,3188.0,1655,
s236422824,p03675,u525288965,1522630282,C++,C++14 (GCC 5.4.1),cpp,Accepted,39.0,3840.0,1748,
s258224694,p03675,u426578126,1521677356,C++,C++14 (GCC 5.4.1),cpp,Accepted,121.0,8448.0,478,
s357561182,p03675,u426578126,1521677268,C++,C++14 (GCC 5.4.1),cpp,Accepted,103.0,3840.0,500,
s026189473,p03675,u576332644,1521595406,C++,C++14 (GCC 5.4.1),cpp,Accepted,45.0,2944.0,480,
s110236170,p03675,u576332644,1521595069,C++,C++14 (GCC 5.4.1),cpp,Accepted,129.0,2944.0,473,
s677612982,p03675,u353919145,1521591966,C++,C++14 (GCC 5.4.1),cpp,Accepted,112.0,2944.0,577,
s964872149,p03675,u258009780,1521312936,C++,C++14 (GCC 5.4.1),cpp,Accepted,42.0,3840.0,1274,
s200407831,p03675,u064359585,1521168744,C++,C++14 (GCC 5.4.1),cpp,Accepted,126.0,2944.0,396,
s248856046,p03675,u210718367,1521139941,C++,C++14 (GCC 5.4.1),cpp,Accepted,101.0,7024.0,740,
s957610720,p03675,u353919145,1520997815,C++,C++14 (GCC 5.4.1),cpp,Accepted,126.0,2944.0,658,
s670966865,p03675,u284140331,1520964841,C++,C++14 (GCC 5.4.1),cpp,Accepted,126.0,3712.0,537,
s780316226,p03675,u717074010,1520846206,C++,C++14 (GCC 5.4.1),cpp,Accepted,38.0,3712.0,419,
s609425909,p03675,u320267096,1520622563,C++,C++14 (GCC 5.4.1),cpp,Accepted,103.0,3060.0,564,
s846568782,p03675,u425351967,1520522784,C++,C++14 (GCC 5.4.1),cpp,Accepted,45.0,2944.0,525,
s008244790,p03675,u817328209,1520392726,C++,C++14 (GCC 5.4.1),cpp,Accepted,126.0,2944.0,449,
s885587655,p03675,u884379688,1520373023,C++,C++14 (GCC 5.4.1),cpp,Accepted,100.0,2944.0,3315,
s565034327,p03675,u143492911,1520313349,Python,Python (3.4.3),py,Accepted,127.0,31300.0,244,
s434616339,p03675,u831929072,1519706414,C++,C++14 (GCC 5.4.1),cpp,Accepted,43.0,2944.0,1451,
s492946999,p03675,u451017206,1519190649,Python,PyPy3 (2.4.0),py,Accepted,382.0,100664.0,230,
s031311575,p03675,u451017206,1519190067,Python,Python (3.4.3),py,Accepted,219.0,25412.0,229,
s754103871,p03675,u394919721,1518886297,C++,C++14 (GCC 5.4.1),cpp,Accepted,101.0,3840.0,514,
s553063392,p03675,u863370423,1518742742,C++,C++14 (GCC 5.4.1),cpp,Accepted,38.0,3840.0,1431,
s109436081,p03675,u728732647,1518742723,C++,C++14 (GCC 5.4.1),cpp,Accepted,38.0,3840.0,1431,
s000217228,p03675,u833272463,1518306828,C++,C++14 (GCC 5.4.1),cpp,Accepted,115.0,5892.0,441,
s046998502,p03675,u833272463,1518306289,C++,C++14 (GCC 5.4.1),cpp,Accepted,1585.0,5752.0,609,
s088386130,p03675,u373844230,1518263993,C++,C++14 (GCC 5.4.1),cpp,Accepted,127.0,2944.0,869,
s274008412,p03675,u251433890,1518225722,C++,C++14 (GCC 5.4.1),cpp,Accepted,100.0,3712.0,596,
s559440281,p03675,u107292917,1518061134,C++,C++14 (GCC 5.4.1),cpp,Accepted,99.0,3712.0,471,
s862747111,p03675,u107292917,1518060989,C++,C++14 (GCC 5.4.1),cpp,Accepted,99.0,3712.0,512,
s613392290,p03675,u927253988,1518058851,C++,C++14 (GCC 5.4.1),cpp,Accepted,43.0,3712.0,622,
s948566673,p03675,u215860196,1517957446,C++,C++14 (GCC 5.4.1),cpp,Accepted,39.0,3712.0,574,
s967663955,p03675,u108482030,1517164516,C++,C++11 (GCC 4.8.1),cpp,Accepted,105.0,3712.0,3379,
s303156640,p03675,u018679195,1516898322,C++,C++14 (Clang 3.8.0),cpp,Accepted,46.0,3712.0,910,
s860532079,p03675,u764924328,1516672565,C++,C++14 (GCC 5.4.1),cpp,Accepted,101.0,3956.0,1310,
s447612004,p03675,u842695276,1516284201,C++,C++14 (GCC 5.4.1),cpp,Accepted,42.0,2944.0,343,
s982478181,p03675,u707053380,1516204601,C++,C++14 (GCC 5.4.1),cpp,Accepted,125.0,2944.0,423,
s326730395,p03675,u391854513,1516141972,C++,C++14 (GCC 5.4.1),cpp,Accepted,103.0,3712.0,539,
s058110758,p03675,u648138491,1515689727,C++,C++14 (GCC 5.4.1),cpp,Accepted,43.0,2944.0,782,
s971974168,p03675,u705918648,1515506000,C++,C++14 (GCC 5.4.1),cpp,Accepted,101.0,3840.0,1451,
s397618882,p03675,u803848678,1515383970,Python,Python (3.4.3),py,Accepted,308.0,26020.0,316,
s400610970,p03675,u978109511,1515375196,C++,C++14 (GCC 5.4.1),cpp,Accepted,1578.0,3188.0,2153,
s388805984,p03675,u866879589,1515366846,C++,C++14 (GCC 5.4.1),cpp,Accepted,115.0,9984.0,2034,
s493578288,p03675,u763881112,1515363244,C++,C++14 (GCC 5.4.1),cpp,Accepted,127.0,3712.0,775,
s200129971,p03675,u267638701,1515208451,Python,Python (3.4.3),py,Accepted,216.0,26356.0,225,
s093516151,p03675,u300752229,1514867289,C++,C++14 (GCC 5.4.1),cpp,Accepted,114.0,8448.0,4080,
s532165383,p03675,u635277286,1514831281,Python,Python (3.4.3),py,Accepted,113.0,28100.0,203,
s318896232,p03675,u635277286,1514830986,Python,Python (3.4.3),py,Accepted,153.0,30404.0,330,
s987540150,p03675,u348670055,1514682386,C++,C++14 (GCC 5.4.1),cpp,Accepted,103.0,5488.0,605,
s992984274,p03675,u777923818,1514569890,Python,Python (3.4.3),py,Accepted,117.0,27940.0,283,
s404015722,p03675,u660834360,1514496285,C++,C++14 (GCC 5.4.1),cpp,Accepted,101.0,3072.0,598,
s905619763,p03675,u899712094,1514488705,C++,C++14 (GCC 5.4.1),cpp,Accepted,37.0,3712.0,598,
s685571602,p03675,u680817506,1514481689,C++,C++14 (GCC 5.4.1),cpp,Accepted,42.0,3712.0,474,
s135109317,p03675,u680817506,1514448478,C++,C++14 (GCC 5.4.1),cpp,Accepted,42.0,3712.0,942,
s123274162,p03675,u957126665,1513547441,C++,C++14 (GCC 5.4.1),cpp,Accepted,41.0,2944.0,326,
s468748988,p03675,u496434612,1513313854,C++,C++14 (GCC 5.4.1),cpp,Accepted,41.0,4480.0,479,
s541159631,p03675,u093170535,1512755377,C++,C++14 (GCC 5.4.1),cpp,Accepted,41.0,2816.0,216,
s457035780,p03675,u093170535,1512755176,C++,C++14 (GCC 5.4.1),cpp,Accepted,41.0,2816.0,222,
s226408603,p03675,u845152373,1512662098,C++,C++14 (GCC 5.4.1),cpp,Accepted,121.0,14720.0,803,
s198579427,p03675,u332272134,1512401644,C++,C++14 (GCC 5.4.1),cpp,Accepted,106.0,2944.0,512,
s756641854,p03675,u272028993,1512352726,C++,C++14 (GCC 5.4.1),cpp,Accepted,39.0,3072.0,2186,
s856179504,p03675,u692336506,1512162375,C++,C++14 (GCC 5.4.1),cpp,Accepted,101.0,2944.0,1678,
s359312947,p03675,u143934185,1512063035,C++,C++14 (GCC 5.4.1),cpp,Accepted,42.0,3712.0,454,
s259638004,p03675,u514809528,1511980555,C++,C++14 (GCC 5.4.1),cpp,Accepted,100.0,3072.0,1882,
s858920839,p03675,u788341294,1511971165,C++,C++14 (GCC 5.4.1),cpp,Accepted,40.0,3072.0,1470,
s016947705,p03675,u120654602,1511875433,C++,C++14 (GCC 5.4.1),cpp,Accepted,39.0,3840.0,960,
s361126465,p03675,u653985644,1511740063,C++,C++14 (GCC 5.4.1),cpp,Accepted,45.0,2944.0,534,
s094646384,p03675,u873041360,1511739241,C++,C++14 (GCC 5.4.1),cpp,Accepted,98.0,3712.0,697,
s401926345,p03675,u936665693,1511726298,C++,C++14 (GCC 5.4.1),cpp,Accepted,128.0,3840.0,598,
s013524059,p03675,u507692040,1511725500,C++,C++14 (GCC 5.4.1),cpp,Accepted,126.0,2944.0,674,
s745747687,p03675,u133066166,1511725354,C++,C++14 (GCC 5.4.1),cpp,Accepted,127.0,3072.0,405,
s129651343,p03675,u985106134,1511725238,C++,C++14 (GCC 5.4.1),cpp,Accepted,112.0,3072.0,477,
s507257048,p03675,u292400681,1511725096,C++,C++14 (GCC 5.4.1),cpp,Accepted,102.0,3072.0,993,
s550919551,p03675,u974239829,1511710661,C++,C++14 (GCC 5.4.1),cpp,Accepted,393.0,2944.0,392,
s666533133,p03675,u125024777,1511560647,C++,C++14 (GCC 5.4.1),cpp,Accepted,126.0,2944.0,217,
s007197675,p03675,u417189754,1511479223,C++,C++14 (GCC 5.4.1),cpp,Accepted,45.0,3712.0,1017,
s930312881,p03675,u945017646,1510617224,C++,C++14 (GCC 5.4.1),cpp,Accepted,100.0,3712.0,863,
s364913681,p03675,u778204640,1510598616,C++,C++14 (GCC 5.4.1),cpp,Accepted,99.0,2944.0,306,
s077703050,p03675,u115888500,1510540784,C++,C++14 (GCC 5.4.1),cpp,Accepted,144.0,10500.0,559,
s484045428,p03675,u770509135,1510274993,C++,C++14 (GCC 5.4.1),cpp,Accepted,1569.0,7028.0,627,
s519068272,p03675,u636185144,1510023017,C++,C++14 (GCC 5.4.1),cpp,Accepted,102.0,2944.0,647,
s199184046,p03675,u921795412,1510008392,C++,C++14 (GCC 5.4.1),cpp,Accepted,44.0,2944.0,316,
s454389628,p03675,u921795412,1510006221,C++,C++14 (GCC 5.4.1),cpp,Accepted,45.0,2944.0,320,
s224101335,p03675,u424655672,1509990248,C++,C++14 (GCC 5.4.1),cpp,Accepted,100.0,2944.0,547,
s403930341,p03675,u419859762,1509843905,C++,C++14 (GCC 5.4.1),cpp,Accepted,38.0,3072.0,1078,
s960811376,p03675,u666259851,1509565279,C++,C++14 (GCC 5.4.1),cpp,Accepted,36.0,2944.0,966,
s357227714,p03675,u061916079,1509221664,Python,Python (3.4.3),py,Accepted,397.0,47624.0,1293,
s011870046,p03675,u367393577,1509011948,Python,Python (3.4.3),py,Accepted,181.0,29124.0,233,
s947356664,p03675,u098844816,1508777584,C++,C++14 (GCC 5.4.1),cpp,Accepted,120.0,3188.0,951,
s260713359,p03675,u479953984,1508469117,C++,C++14 (GCC 5.4.1),cpp,Accepted,55.0,8576.0,1122,
s022451732,p03675,u993640894,1508269136,C++,C++14 (GCC 5.4.1),cpp,Accepted,39.0,3840.0,1024,
s073851175,p03675,u416915042,1508124351,C++,C++14 (GCC 5.4.1),cpp,Accepted,100.0,3828.0,1011,
s744085151,p03675,u234395310,1507960522,C++,C++14 (GCC 5.4.1),cpp,Accepted,45.0,3188.0,925,
s613132271,p03675,u672956630,1507926933,C++,C++14 (GCC 5.4.1),cpp,Accepted,103.0,3840.0,412,
s075287034,p03675,u284102701,1507805948,C++,C++14 (GCC 5.4.1),cpp,Accepted,334.0,3712.0,608,
s149968277,p03675,u644994661,1507609051,C++,C++14 (GCC 5.4.1),cpp,Accepted,126.0,3828.0,550,
s482959182,p03675,u743900647,1507487519,C++,C++14 (GCC 5.4.1),cpp,Accepted,126.0,2944.0,470,
s535302812,p03675,u700986952,1507188781,C++,C++14 (GCC 5.4.1),cpp,Accepted,107.0,3712.0,893,
s121821878,p03675,u057611820,1507076751,C++,C++14 (GCC 5.4.1),cpp,Accepted,99.0,2944.0,816,
s848810288,p03675,u243127472,1506645158,C++,C++14 (GCC 5.4.1),cpp,Accepted,40.0,3840.0,567,
s108575842,p03675,u993619636,1506535427,C++,C++14 (GCC 5.4.1),cpp,Accepted,143.0,8448.0,1800,
s467018577,p03675,u352499693,1506321454,C++,C++14 (GCC 5.4.1),cpp,Accepted,45.0,3828.0,374,
s240776188,p03675,u708618797,1506302810,C++,C++14 (GCC 5.4.1),cpp,Accepted,127.0,3712.0,670,
s435623231,p03675,u968834127,1506211690,C++,C++14 (GCC 5.4.1),cpp,Accepted,334.0,4864.0,815,
s055720445,p03675,u152129372,1506186346,C++,C++14 (GCC 5.4.1),cpp,Accepted,43.0,3188.0,2691,
s662610085,p03675,u085486962,1506046407,C++,C++14 (GCC 5.4.1),cpp,Accepted,38.0,3712.0,984,
s682931566,p03675,u085486962,1506046365,C++,C++14 (Clang 3.8.0),cpp,Accepted,264.0,3712.0,984,
s838349896,p03675,u085486962,1506046106,C++,C++14 (GCC 5.4.1),cpp,Accepted,38.0,3712.0,984,
s117794626,p03675,u196432341,1505164948,C++,C++14 (GCC 5.4.1),cpp,Accepted,102.0,2944.0,1119,
s929362470,p03675,u133083455,1504915274,C++,C++14 (GCC 5.4.1),cpp,Accepted,42.0,2816.0,371,
s007193493,p03675,u457721459,1504831796,C++,C++14 (GCC 5.4.1),cpp,Accepted,35.0,2944.0,556,
s964697914,p03675,u962206827,1504801889,C++,C++14 (GCC 5.4.1),cpp,Accepted,107.0,8448.0,786,
s212429442,p03675,u894177330,1504451506,C++,C++14 (GCC 5.4.1),cpp,Accepted,41.0,2816.0,556,
s102980720,p03675,u637771514,1504326233,C++,C++14 (GCC 5.4.1),cpp,Accepted,128.0,3712.0,694,
s162662572,p03675,u272319314,1504157300,C++,C++14 (GCC 5.4.1),cpp,Accepted,99.0,3840.0,836,
s931581469,p03675,u364386647,1503934046,Python,Python (3.4.3),py,Accepted,171.0,29128.0,230,
s795763432,p03675,u785802366,1503911374,C++,C++14 (GCC 5.4.1),cpp,Accepted,43.0,3828.0,807,
s392344453,p03675,u332619970,1503880930,C++,C++14 (GCC 5.4.1),cpp,Accepted,42.0,6912.0,278,
s215811819,p03675,u717435563,1503761777,C++,C++14 (GCC 5.4.1),cpp,Accepted,39.0,3072.0,444,
s258967466,p03675,u362884401,1503715598,C++,C++14 (GCC 5.4.1),cpp,Accepted,126.0,2944.0,506,
s292299183,p03675,u318857467,1503705612,C++,C++14 (GCC 5.4.1),cpp,Accepted,100.0,3840.0,721,
s226857637,p03675,u699354332,1503699160,C++,C++14 (GCC 5.4.1),cpp,Accepted,98.0,3712.0,2226,
s270438142,p03675,u533606242,1503533136,C++,C++14 (GCC 5.4.1),cpp,Accepted,42.0,2944.0,439,
s387035554,p03675,u318334550,1503515050,C++,C++14 (GCC 5.4.1),cpp,Accepted,102.0,5376.0,1480,
s921528461,p03675,u967654064,1503344814,C++,C++14 (GCC 5.4.1),cpp,Accepted,99.0,3712.0,568,
s238612925,p03675,u466255019,1503339396,C++,C++14 (GCC 5.4.1),cpp,Accepted,43.0,6912.0,484,
s793791571,p03675,u243961437,1503332495,C++,C++14 (GCC 5.4.1),cpp,Accepted,126.0,3712.0,610,
s192874051,p03675,u557791172,1503254617,C++,C++14 (GCC 5.4.1),cpp,Accepted,41.0,4596.0,941,
s360882355,p03675,u198872861,1503227484,C++,C++14 (GCC 5.4.1),cpp,Accepted,124.0,2944.0,301,
s577412637,p03675,u127194462,1503204864,C++,C++14 (GCC 5.4.1),cpp,Accepted,103.0,2944.0,329,
s064311154,p03675,u703122780,1503138812,C++,C++14 (GCC 5.4.1),cpp,Accepted,44.0,5248.0,883,
s397895637,p03675,u343991457,1503104684,C++,C++14 (GCC 5.4.1),cpp,Accepted,43.0,2944.0,733,
s116630454,p03675,u987346383,1502995323,C++,C++14 (GCC 5.4.1),cpp,Accepted,1556.0,3828.0,651,
s379555573,p03675,u704411633,1502981378,C++,C++14 (GCC 5.4.1),cpp,Accepted,396.0,2944.0,473,
s651667303,p03675,u561468649,1502957975,C++,C++14 (GCC 5.4.1),cpp,Accepted,43.0,2944.0,839,
s741379294,p03675,u837208565,1502873043,C++,C++14 (GCC 5.4.1),cpp,Accepted,105.0,5348.0,1565,
s836879882,p03675,u753982487,1502869069,C++,C++14 (GCC 5.4.1),cpp,Accepted,105.0,3828.0,615,
s698800145,p03675,u753982487,1502868888,C++,C++14 (GCC 5.4.1),cpp,Accepted,112.0,9204.0,624,
s184770914,p03675,u101761130,1502760813,C++,C++14 (GCC 5.4.1),cpp,Accepted,42.0,2816.0,516,
s848904836,p03675,u723297297,1502741062,C++,C++14 (GCC 5.4.1),cpp,Accepted,102.0,6236.0,666,
s798345446,p03675,u864619693,1502704745,C++,C++14 (GCC 5.4.1),cpp,Accepted,38.0,3072.0,864,
s575395376,p03675,u035336908,1502673664,Python,Python (3.4.3),py,Accepted,90.0,28148.0,224,
s376507656,p03675,u196538414,1502646929,C++,C++14 (GCC 5.4.1),cpp,Accepted,38.0,3072.0,493,
s736497560,p03675,u906441740,1502515466,C++,C++14 (GCC 5.4.1),cpp,Accepted,42.0,2944.0,821,
s565366998,p03675,u844771757,1502407092,C++,C++14 (Clang 3.8.0),cpp,Accepted,52.0,3576.0,324,
s077378210,p03675,u354773735,1502206469,C++,C++14 (GCC 5.4.1),cpp,Accepted,105.0,3840.0,614,
s890091193,p03675,u834777932,1502146516,C++,C++14 (GCC 5.4.1),cpp,Accepted,98.0,3712.0,4353,
s707477059,p03675,u864550097,1502117419,C++,C++14 (GCC 5.4.1),cpp,Accepted,111.0,3840.0,549,
s812945015,p03675,u834771741,1502051462,C++,C++14 (GCC 5.4.1),cpp,Accepted,107.0,9984.0,947,
s557218227,p03675,u617574080,1501990019,C++,C++14 (GCC 5.4.1),cpp,Accepted,128.0,2944.0,741,
s004978119,p03675,u512464928,1501965643,C++,C++14 (GCC 5.4.1),cpp,Accepted,39.0,2944.0,1233,
s590101666,p03675,u093420647,1501871731,C++,C++14 (GCC 5.4.1),cpp,Accepted,102.0,5376.0,749,
s823430729,p03675,u886545507,1501871080,Python,Python (2.7.6),py,Accepted,863.0,17448.0,209,
s680665889,p03675,u639444166,1501772043,Python,Python (2.7.6),py,Accepted,230.0,24956.0,479,
s754628728,p03675,u526532903,1501768738,C++,C++14 (GCC 5.4.1),cpp,Accepted,111.0,8448.0,918,
s578359989,p03675,u406810545,1501440175,C++,C++14 (GCC 5.4.1),cpp,Accepted,1560.0,3060.0,565,
s614146917,p03675,u493500152,1501336401,C++,C++14 (GCC 5.4.1),cpp,Accepted,101.0,2944.0,362,
s386388072,p03675,u057619905,1501300955,C++,C++14 (GCC 5.4.1),cpp,Accepted,100.0,3840.0,702,
s392435177,p03675,u628047647,1501253991,C++,C++14 (GCC 5.4.1),cpp,Accepted,102.0,3712.0,838,
s651573649,p03675,u857259336,1501226763,C++,C++14 (GCC 5.4.1),cpp,Accepted,111.0,9204.0,1687,
s850668191,p03675,u857259336,1501226725,C++,C++14 (GCC 5.4.1),cpp,Accepted,112.0,9332.0,1684,
s299739148,p03675,u462243215,1501218289,C++,C++14 (GCC 5.4.1),cpp,Accepted,39.0,3712.0,1914,
s965088047,p03675,u117110443,1501215985,C++,C++14 (GCC 5.4.1),cpp,Accepted,35.0,2944.0,1021,
s588411307,p03675,u445860050,1501197711,C++,C++14 (GCC 5.4.1),cpp,Accepted,50.0,5248.0,1375,
s093935576,p03675,u685892567,1501085448,C++,C++14 (GCC 5.4.1),cpp,Accepted,100.0,5376.0,725,
s777982385,p03675,u138919616,1501051198,C++,C++14 (GCC 5.4.1),cpp,Accepted,42.0,3840.0,1219,
s374747759,p03675,u418377544,1500989853,C++,C++14 (GCC 5.4.1),cpp,Accepted,41.0,2816.0,419,
s977492232,p03675,u920254817,1500931055,C++,C++14 (GCC 5.4.1),cpp,Accepted,111.0,5488.0,608,
s844528885,p03675,u694083533,1500906184,C++,C++14 (GCC 5.4.1),cpp,Accepted,41.0,3200.0,872,
s739977998,p03675,u835482198,1500868103,Python,Python (3.4.3),py,Accepted,69.0,26180.0,378,
s472581046,p03675,u845152373,1500821686,C++,C++14 (GCC 5.4.1),cpp,Accepted,110.0,9216.0,468,
s519135783,p03675,u996252264,1500776592,Python,Python (3.4.3),py,Accepted,136.0,29328.0,455,
s294452577,p03675,u874706642,1500712753,C++,C++14 (GCC 5.4.1),cpp,Accepted,100.0,6640.0,831,
s400753312,p03675,u674236668,1500656721,C++,C++14 (GCC 5.4.1),cpp,Accepted,126.0,3828.0,775,
s838628221,p03675,u092665151,1500612768,C++,C++14 (GCC 5.4.1),cpp,Accepted,100.0,2944.0,580,
s943069869,p03675,u837116837,1500598844,C++,C++14 (GCC 5.4.1),cpp,Accepted,42.0,7040.0,425,
s975447835,p03675,u807562710,1500545601,C++,C++14 (GCC 5.4.1),cpp,Accepted,44.0,3840.0,778,
s559014233,p03675,u327466606,1500470844,Python,Python (3.4.3),py,Accepted,135.0,23972.0,56,
s587853644,p03675,u987564901,1500416110,C++,C++14 (GCC 5.4.1),cpp,Accepted,112.0,2944.0,726,
s551177759,p03675,u233367006,1500415271,C++,C++14 (GCC 5.4.1),cpp,Accepted,41.0,3840.0,1398,
s624818722,p03675,u029876051,1500415163,C++,C++14 (GCC 5.4.1),cpp,Accepted,101.0,4728.0,986,
s543074433,p03675,u207056619,1500415023,Python,Python (3.4.3),py,Accepted,175.0,26988.0,153,
s170596357,p03675,u327466606,1500411792,Python,Python (3.4.3),py,Accepted,107.0,26020.0,123,
s356033478,p03675,u276726767,1500409110,C++,C++14 (GCC 5.4.1),cpp,Accepted,126.0,3712.0,695,
s586107551,p03675,u014237950,1500395872,C++,C++14 (GCC 5.4.1),cpp,Accepted,98.0,9064.0,1820,
s407251091,p03675,u391944680,1500339876,C++,C++14 (GCC 5.4.1),cpp,Accepted,126.0,2944.0,460,
s892091541,p03675,u482969053,1500339353,Python,Python (3.4.3),py,Accepted,116.0,23332.0,156,
s543319500,p03675,u942697937,1500338683,Python,Python (2.7.6),py,Accepted,144.0,25808.0,162,
s249423547,p03675,u602971951,1500333527,C++,C++14 (GCC 5.4.1),cpp,Accepted,42.0,2944.0,407,
s016872026,p03675,u090717779,1500301277,C++,C++14 (GCC 5.4.1),cpp,Accepted,42.0,4480.0,499,
s556856023,p03675,u226814348,1500301006,C++,C++14 (GCC 5.4.1),cpp,Accepted,42.0,2944.0,389,
s086224548,p03675,u891061025,1500241062,C++,C++14 (GCC 5.4.1),cpp,Accepted,38.0,2944.0,695,
s305472410,p03675,u401411506,1500203166,C++,C++14 (GCC 5.4.1),cpp,Accepted,43.0,2944.0,403,
s678694505,p03675,u826216111,1500194320,C++,C++14 (GCC 5.4.1),cpp,Accepted,102.0,3188.0,408,
s647967368,p03675,u343441882,1500167824,Python,Python (3.4.3),py,Accepted,182.0,28864.0,398,
s422941261,p03675,u603930240,1500167533,C++,C++14 (GCC 5.4.1),cpp,Accepted,42.0,2944.0,624,
s041227731,p03675,u676508927,1500166572,C++,C++14 (GCC 5.4.1),cpp,Accepted,106.0,3712.0,576,
s805415535,p03675,u823812334,1500163854,C++,C++14 (GCC 5.4.1),cpp,Accepted,42.0,3712.0,384,
s081317040,p03675,u903859092,1500163278,C++,C++14 (GCC 5.4.1),cpp,Accepted,49.0,9216.0,1048,
s080899071,p03675,u071094158,1500162061,C++,C++14 (GCC 5.4.1),cpp,Accepted,42.0,2944.0,586,
s380459274,p03675,u071094158,1500161926,C++,C++14 (GCC 5.4.1),cpp,Accepted,127.0,2944.0,567,
s223199593,p03675,u854367220,1500151661,C++,C++14 (GCC 5.4.1),cpp,Accepted,44.0,2944.0,440,
s414443140,p03675,u503549962,1500146327,C++,C++14 (GCC 5.4.1),cpp,Accepted,101.0,3840.0,497,
s606427325,p03675,u976162616,1500137032,Python,Python (3.4.3),py,Accepted,167.0,28404.0,360,
s651444343,p03675,u269451586,1500133214,C++,C++14 (GCC 5.4.1),cpp,Accepted,100.0,3840.0,437,
s359621358,p03675,u514242025,1500104603,C++,C++14 (GCC 5.4.1),cpp,Accepted,1599.0,4980.0,620,
s816879547,p03675,u999862410,1500058675,C++,C++14 (GCC 5.4.1),cpp,Accepted,101.0,3188.0,921,
s771684752,p03675,u381924606,1500051272,C++,C++14 (GCC 5.4.1),cpp,Accepted,110.0,8448.0,530,
s968210308,p03675,u067729694,1499965635,C++,C++14 (GCC 5.4.1),cpp,Accepted,1559.0,6904.0,538,
s778806194,p03675,u722318795,1499962706,C++,C++14 (GCC 5.4.1),cpp,Accepted,100.0,3840.0,922,
s502565678,p03675,u885280662,1499951295,C++,C++14 (GCC 5.4.1),cpp,Accepted,42.0,3712.0,479,
s815335764,p03675,u495267515,1499917004,C++,C++14 (GCC 5.4.1),cpp,Accepted,99.0,5376.0,3077,
s751105168,p03675,u016119075,1499915184,C++,C++14 (GCC 5.4.1),cpp,Accepted,126.0,2944.0,439,
s662579962,p03675,u309744970,1499902771,C++,C++14 (GCC 5.4.1),cpp,Accepted,42.0,2944.0,273,
s189283879,p03675,u082221664,1499885376,C++,C++14 (GCC 5.4.1),cpp,Accepted,40.0,6912.0,1678,
s084285223,p03675,u266272131,1499803477,C++,C++14 (GCC 5.4.1),cpp,Accepted,99.0,3712.0,986,
s456293913,p03675,u549743442,1499799446,C++,C++14 (GCC 5.4.1),cpp,Accepted,39.0,3840.0,1130,
s592920846,p03675,u660613376,1499799139,C++,C++14 (GCC 5.4.1),cpp,Accepted,99.0,5376.0,505,
s508135010,p03675,u101596363,1499797103,C++,C++14 (GCC 5.4.1),cpp,Accepted,40.0,3712.0,555,
s847054018,p03675,u101596363,1499796944,C++,C++14 (GCC 5.4.1),cpp,Accepted,127.0,3712.0,520,
s609940242,p03675,u424239411,1499746226,C++,C++14 (GCC 5.4.1),cpp,Accepted,38.0,2944.0,755,
s246391995,p03675,u894351592,1499745599,C++,C++14 (GCC 5.4.1),cpp,Accepted,101.0,5108.0,502,
s057285957,p03675,u676264453,1499725204,Python,Python (3.4.3),py,Accepted,161.0,29252.0,251,
s939410382,p03675,u537963083,1499723633,Python,Python (3.4.3),py,Accepted,188.0,29604.0,242,
s454400191,p03675,u976162616,1499722484,Python,Python (3.4.3),py,Accepted,166.0,28228.0,361,
s363211303,p03675,u846463155,1499719456,C++,C++14 (GCC 5.4.1),cpp,Accepted,43.0,3072.0,302,
s221708913,p03675,u656732735,1499697416,C++,C++14 (GCC 5.4.1),cpp,Accepted,100.0,3712.0,442,
s024011862,p03675,u428518950,1499676078,C++,C++14 (GCC 5.4.1),cpp,Accepted,112.0,8448.0,460,
s511989713,p03675,u498141549,1499665512,C++,C++14 (Clang 3.8.0),cpp,Accepted,1741.0,3188.0,441,
s142608254,p03675,u665172861,1499658609,C++,C++14 (GCC 5.4.1),cpp,Accepted,40.0,3072.0,1408,
s974882736,p03675,u665172861,1499658226,C++,C++14 (GCC 5.4.1),cpp,Accepted,988.0,3712.0,1498,
s900440044,p03675,u032301038,1499649417,C++,C++14 (GCC 5.4.1),cpp,Accepted,43.0,2816.0,544,
s560281181,p03675,u032301038,1499648618,C++,C++14 (GCC 5.4.1),cpp,Accepted,44.0,3712.0,671,
s882317420,p03675,u890700092,1499645875,C++,C++14 (GCC 5.4.1),cpp,Accepted,38.0,2944.0,714,
s855899664,p03675,u673505824,1499645809,C++,C++14 (GCC 5.4.1),cpp,Accepted,42.0,3712.0,699,
s930287044,p03675,u646818123,1499639119,C++,C++14 (GCC 5.4.1),cpp,Accepted,100.0,4088.0,697,
s259429744,p03675,u018648960,1499635571,C++,C++14 (GCC 5.4.1),cpp,Accepted,42.0,6912.0,501,
s795373769,p03675,u435037050,1499634966,C++,C++14 (GCC 5.4.1),cpp,Accepted,127.0,2944.0,400,
s480199777,p03675,u636614373,1499620749,C++,C++14 (GCC 5.4.1),cpp,Accepted,100.0,2944.0,546,
s853001624,p03675,u184491026,1499596749,C++,C++14 (GCC 5.4.1),cpp,Accepted,126.0,3712.0,363,
s773363120,p03675,u088980475,1499568047,C++,C++14 (GCC 5.4.1),cpp,Accepted,126.0,3712.0,456,
s310083684,p03675,u046136258,1499566301,C++,C++14 (GCC 5.4.1),cpp,Accepted,107.0,2944.0,576,
s549380506,p03675,u224756408,1499554303,C++,C++14 (GCC 5.4.1),cpp,Accepted,106.0,4728.0,547,
s698508889,p03675,u407458523,1499538560,C++,C++14 (GCC 5.4.1),cpp,Accepted,56.0,8448.0,361,
s198520705,p03675,u179184333,1499522003,C++,C++14 (GCC 5.4.1),cpp,Accepted,100.0,3188.0,700,
s103323926,p03675,u190525112,1499484219,Python,Python (3.4.3),py,Accepted,404.0,25156.0,288,
s274374299,p03675,u982462365,1499480902,C++,C++14 (GCC 5.4.1),cpp,Accepted,1568.0,3060.0,392,
s143042610,p03675,u471289663,1499480567,C++,C++14 (GCC 5.4.1),cpp,Accepted,100.0,3828.0,826,
s156155721,p03675,u468700753,1499479862,C++,C++14 (GCC 5.4.1),cpp,Accepted,127.0,2944.0,1152,
s753678283,p03675,u997521090,1499464972,C++,C++14 (GCC 5.4.1),cpp,Accepted,126.0,3712.0,473,
s806681134,p03675,u568016586,1499464141,C++,C++14 (GCC 5.4.1),cpp,Accepted,101.0,3828.0,990,
s051129859,p03675,u208050817,1499461989,C++,C++14 (GCC 5.4.1),cpp,Accepted,47.0,3072.0,942,
s528274120,p03675,u464804957,1499439233,C++,C++14 (GCC 5.4.1),cpp,Accepted,126.0,2944.0,318,
s154429512,p03675,u953484888,1499405528,C++,C++14 (GCC 5.4.1),cpp,Accepted,43.0,3960.0,784,
s826369458,p03675,u039462798,1499384941,C++,C++14 (GCC 5.4.1),cpp,Accepted,46.0,3828.0,709,
s335560286,p03675,u916098128,1499381769,C++,C++14 (GCC 5.4.1),cpp,Accepted,126.0,2944.0,416,
s443224051,p03675,u257875794,1499376311,C++,C++14 (GCC 5.4.1),cpp,Accepted,44.0,2944.0,472,
s024866547,p03675,u025803699,1499375640,C++,C++14 (GCC 5.4.1),cpp,Accepted,106.0,3072.0,332,
s117375345,p03675,u682776229,1499359574,C++,C++14 (GCC 5.4.1),cpp,Accepted,99.0,3060.0,529,
s209343520,p03675,u734266451,1499348600,C++,C++14 (GCC 5.4.1),cpp,Accepted,101.0,2944.0,367,
s235359074,p03675,u241076487,1499331640,C++,C++14 (GCC 5.4.1),cpp,Accepted,100.0,2944.0,384,
s396969944,p03675,u142451063,1499324329,C++,C++14 (GCC 5.4.1),cpp,Accepted,126.0,3712.0,746,
s867155557,p03675,u805468645,1499320329,C++,C++14 (GCC 5.4.1),cpp,Accepted,126.0,3712.0,949,
s241411583,p03675,u067226246,1499313116,C++,C++14 (GCC 5.4.1),cpp,Accepted,129.0,3712.0,563,
s101031464,p03675,u879063650,1499289313,C++,C++14 (GCC 5.4.1),cpp,Accepted,44.0,3956.0,821,
s704908450,p03675,u316170293,1499284521,C++,C++14 (GCC 5.4.1),cpp,Accepted,100.0,2944.0,735,
s404751079,p03675,u455009866,1499278819,C++,C++14 (GCC 5.4.1),cpp,Accepted,126.0,2944.0,477,
s613795188,p03675,u166538981,1499265321,C++,C++14 (GCC 5.4.1),cpp,Accepted,43.0,2944.0,505,
s439736262,p03675,u626568900,1499239659,C++,C++14 (GCC 5.4.1),cpp,Accepted,1565.0,3060.0,740,
s619895659,p03675,u626568900,1499239424,C++,C++14 (GCC 5.4.1),cpp,Accepted,1561.0,3828.0,788,
s489980451,p03675,u902500155,1499228855,C++,C++14 (GCC 5.4.1),cpp,Accepted,105.0,3840.0,490,
s473897793,p03675,u750436322,1499218998,C++,C++14 (GCC 5.4.1),cpp,Accepted,39.0,3840.0,1096,
s244960499,p03675,u987564901,1499192296,C++,C++14 (GCC 5.4.1),cpp,Accepted,101.0,2944.0,726,
s214400528,p03675,u380823639,1499185719,C++,C++14 (GCC 5.4.1),cpp,Accepted,54.0,8320.0,960,
s651225727,p03675,u340781749,1499175604,Python,Python (3.4.3),py,Accepted,168.0,26180.0,172,
s698167558,p03675,u981966125,1499138632,C++,C++14 (GCC 5.4.1),cpp,Accepted,42.0,2944.0,461,
s250663890,p03675,u768334187,1499126852,C++,C++14 (Clang 3.8.0),cpp,Accepted,280.0,9848.0,741,
s065507102,p03675,u458486313,1499126157,Python,Python (3.4.3),py,Accepted,254.0,25644.0,472,
s386844235,p03675,u768334187,1499124092,C++,C++14 (GCC 5.4.1),cpp,Accepted,50.0,9216.0,836,
s833268590,p03675,u572143076,1499119510,C++,C++14 (GCC 5.4.1),cpp,Accepted,43.0,3840.0,491,
s293797890,p03675,u584355711,1499111890,C++,C++14 (GCC 5.4.1),cpp,Accepted,42.0,2944.0,1076,
s978121301,p03675,u978451970,1499104803,C++,C++14 (GCC 5.4.1),cpp,Accepted,101.0,2944.0,947,
s753722198,p03675,u155216115,1499101778,C++,C++14 (GCC 5.4.1),cpp,Accepted,106.0,2944.0,468,
s278586808,p03675,u668711082,1499092793,C++,C++14 (GCC 5.4.1),cpp,Accepted,104.0,3824.0,2453,
s372645046,p03675,u543247671,1499055415,C++,C++14 (GCC 5.4.1),cpp,Accepted,39.0,3072.0,786,
s385192234,p03675,u551313534,1499054971,C++,C++14 (GCC 5.4.1),cpp,Accepted,97.0,3060.0,624,
s397925689,p03675,u744314647,1499053007,C++,C++14 (GCC 5.4.1),cpp,Accepted,42.0,2944.0,892,
s809902408,p03675,u487769730,1499052733,C++,C++14 (GCC 5.4.1),cpp,Accepted,126.0,3712.0,953,
s659707966,p03675,u785421275,1499048331,C++,C++14 (GCC 5.4.1),cpp,Accepted,44.0,2944.0,325,
s827292714,p03675,u759266806,1499045892,C++,C++14 (GCC 5.4.1),cpp,Accepted,39.0,3948.0,1424,
s845130768,p03675,u916961675,1499045861,C++,C++14 (GCC 5.4.1),cpp,Accepted,42.0,2944.0,686,
s380942775,p03675,u537234062,1499044539,C++,C++14 (GCC 5.4.1),cpp,Accepted,101.0,3840.0,512,
s752448254,p03675,u948819035,1499044211,C++,C++14 (GCC 5.4.1),cpp,Accepted,100.0,3832.0,1152,
s857212300,p03675,u793168726,1499044105,C++,C++14 (GCC 5.4.1),cpp,Accepted,41.0,2944.0,518,
s801789952,p03675,u108808596,1499043311,C++,C++14 (GCC 5.4.1),cpp,Accepted,31.0,5760.0,2727,
s864236317,p03675,u765237551,1499040608,Python,Python (3.4.3),py,Accepted,164.0,26020.0,93,
s395476909,p03675,u344810310,1499036518,C++,C++14 (GCC 5.4.1),cpp,Accepted,127.0,2944.0,596,
s564860140,p03675,u745865391,1499035853,C++,C++14 (GCC 5.4.1),cpp,Accepted,39.0,3712.0,589,
s287566491,p03675,u771306245,1499034910,C++,C++14 (GCC 5.4.1),cpp,Accepted,105.0,5488.0,1691,
s670155741,p03675,u353412420,1499034530,C++,C++14 (GCC 5.4.1),cpp,Accepted,101.0,2944.0,639,
s716586681,p03675,u205655980,1499032621,C++,C++14 (GCC 5.4.1),cpp,Accepted,42.0,2944.0,410,
s087403187,p03675,u772968086,1499030643,C++,C++14 (GCC 5.4.1),cpp,Accepted,100.0,5248.0,1461,
s951942759,p03675,u150117535,1499030038,Python,PyPy3 (2.4.0),py,Accepted,248.0,114264.0,230,
s363276473,p03675,u455505352,1499028246,C++,C++14 (GCC 5.4.1),cpp,Accepted,99.0,5488.0,882,
s526895574,p03675,u126361752,1499027520,C++,C++14 (GCC 5.4.1),cpp,Accepted,127.0,3188.0,693,
s487575968,p03675,u637175065,1499027316,Python,Python (3.4.3),py,Accepted,142.0,33364.0,734,
s260840160,p03675,u633020228,1499026280,C++,C++14 (GCC 5.4.1),cpp,Accepted,112.0,8448.0,885,
s583437618,p03675,u778419378,1499023828,C++,C++14 (GCC 5.4.1),cpp,Accepted,104.0,3712.0,1244,
s514461207,p03675,u386321778,1499023072,C++,C++14 (GCC 5.4.1),cpp,Accepted,44.0,5248.0,520,
s254726817,p03675,u274002867,1499022687,C++,C++14 (GCC 5.4.1),cpp,Accepted,46.0,2816.0,322,
s308638595,p03675,u976045235,1499020352,C++,C++14 (GCC 5.4.1),cpp,Accepted,38.0,3188.0,717,
s435085962,p03675,u641254828,1499019032,C++,C++14 (GCC 5.4.1),cpp,Accepted,135.0,8448.0,744,
s200117418,p03675,u027164721,1499018292,C++,C++14 (GCC 5.4.1),cpp,Accepted,38.0,7808.0,961,
s123648536,p03675,u105791541,1499018061,C++,C++14 (GCC 5.4.1),cpp,Accepted,46.0,4728.0,928,
s251565358,p03675,u783174124,1499015023,C++,C++14 (GCC 5.4.1),cpp,Accepted,113.0,9216.0,643,
s374169925,p03675,u723736091,1499013566,C++,C++14 (GCC 5.4.1),cpp,Accepted,102.0,2944.0,613,
s938868032,p03675,u598057917,1499012563,C++,C++14 (GCC 5.4.1),cpp,Accepted,100.0,2944.0,268,
s970955854,p03675,u602850810,1499011927,C++,C++14 (GCC 5.4.1),cpp,Accepted,100.0,3072.0,634,
s453492384,p03675,u420303440,1499010774,C++,C++14 (GCC 5.4.1),cpp,Accepted,128.0,3072.0,512,
s570710262,p03675,u123025781,1499010194,C++,C++14 (GCC 5.4.1),cpp,Accepted,49.0,2944.0,903,
s371605219,p03675,u441096482,1499009312,C++,C++14 (GCC 5.4.1),cpp,Accepted,39.0,3840.0,1681,
s855710445,p03675,u790673289,1499008364,C++,C++14 (GCC 5.4.1),cpp,Accepted,106.0,3828.0,450,
s345446307,p03675,u851965109,1499006623,C++,C++14 (GCC 5.4.1),cpp,Accepted,42.0,3828.0,540,
s930766862,p03675,u029416900,1499004511,C++,C++14 (GCC 5.4.1),cpp,Accepted,44.0,3712.0,399,
s678403924,p03675,u497068147,1499003581,C++,C++14 (GCC 5.4.1),cpp,Accepted,126.0,3712.0,359,
s468126831,p03675,u805114384,1499002824,C++,C++14 (GCC 5.4.1),cpp,Accepted,100.0,3840.0,1637,
s368686846,p03675,u870965055,1499002814,C++,C++14 (GCC 5.4.1),cpp,Accepted,125.0,3712.0,622,
s670540154,p03675,u037389976,1498988479,C++,C++14 (GCC 5.4.1),cpp,Accepted,40.0,3828.0,841,
s893734765,p03675,u898125054,1498987513,C++,C++14 (GCC 5.4.1),cpp,Accepted,38.0,3712.0,2192,
s143938647,p03675,u679017160,1498984198,C++,C++14 (GCC 5.4.1),cpp,Accepted,44.0,2944.0,406,
s562465637,p03675,u398184357,1498975447,C++,C++14 (GCC 5.4.1),cpp,Accepted,41.0,2816.0,326,
s191164920,p03675,u024612773,1498974568,C++,C++14 (GCC 5.4.1),cpp,Accepted,41.0,3072.0,1996,
s991610892,p03675,u748871552,1498973843,C++,C++14 (GCC 5.4.1),cpp,Accepted,45.0,6912.0,1701,
s526120339,p03675,u443010331,1498972949,C++,C++14 (GCC 5.4.1),cpp,Accepted,53.0,9984.0,584,
s360325004,p03675,u993487648,1498971422,C++,C++14 (GCC 5.4.1),cpp,Accepted,125.0,2944.0,343,
s167841771,p03675,u905715926,1498970505,C++,C++14 (GCC 5.4.1),cpp,Accepted,104.0,3060.0,533,
s477547277,p03675,u028217518,1498970231,C++,C++14 (GCC 5.4.1),cpp,Accepted,38.0,2944.0,922,
s835369884,p03675,u352021237,1498970176,Python,Python (2.7.6),py,Accepted,201.0,20060.0,269,
s019954010,p03675,u429978706,1498970038,C++,C++14 (GCC 5.4.1),cpp,Accepted,98.0,4480.0,1118,
s899693700,p03675,u964287256,1498970011,C++,C++14 (GCC 5.4.1),cpp,Accepted,39.0,3840.0,1259,
s329684704,p03675,u981861542,1498969809,C++,C++14 (GCC 5.4.1),cpp,Accepted,127.0,3188.0,439,
s081786466,p03675,u338990986,1498968911,C++,C++14 (GCC 5.4.1),cpp,Accepted,42.0,3072.0,396,
s802894737,p03675,u375516740,1498968216,C++,C++14 (GCC 5.4.1),cpp,Accepted,100.0,2944.0,338,
s625785219,p03675,u226155577,1498967769,Python,Python (3.4.3),py,Accepted,135.0,24132.0,60,
s402305648,p03675,u140621697,1498967744,C++,C++14 (GCC 5.4.1),cpp,Accepted,42.0,3712.0,284,
s126944852,p03675,u232660139,1498966862,C++,C++14 (GCC 5.4.1),cpp,Accepted,43.0,10752.0,530,
s599567734,p03675,u931166518,1498966547,C++,C++14 (GCC 5.4.1),cpp,Accepted,42.0,3712.0,566,
s958314004,p03675,u031893718,1498966520,C++,C++14 (GCC 5.4.1),cpp,Accepted,38.0,3712.0,1242,
s982160108,p03675,u133038626,1498966483,Python,Python (3.4.3),py,Accepted,170.0,29124.0,561,
s339599199,p03675,u603303736,1498965958,C++,C++14 (GCC 5.4.1),cpp,Accepted,99.0,3712.0,1201,
s574525962,p03675,u733823138,1498965781,C++,C++14 (GCC 5.4.1),cpp,Accepted,1563.0,3060.0,526,
s745528081,p03675,u271942794,1498965481,C++,C++14 (GCC 5.4.1),cpp,Accepted,39.0,3072.0,776,
s091059429,p03675,u902552232,1498965394,C++,C++14 (GCC 5.4.1),cpp,Accepted,127.0,3828.0,627,
s401054796,p03675,u181911385,1498965369,C++,C++14 (GCC 5.4.1),cpp,Accepted,44.0,4608.0,974,
s408844554,p03675,u870307668,1498965152,C++,C++14 (GCC 5.4.1),cpp,Accepted,38.0,3072.0,1412,
s839244346,p03675,u600853993,1498964781,C++,C++14 (GCC 5.4.1),cpp,Accepted,126.0,2944.0,297,
s208011103,p03675,u181911385,1498964464,C++,C++14 (GCC 5.4.1),cpp,Accepted,43.0,3712.0,1073,
s763272595,p03675,u637440917,1498964285,C++,C++14 (GCC 5.4.1),cpp,Accepted,105.0,3316.0,778,
s782855203,p03675,u088764266,1498964166,C++,C++14 (GCC 5.4.1),cpp,Accepted,102.0,3840.0,475,
s470694496,p03675,u587248350,1498964062,C++,C++14 (GCC 5.4.1),cpp,Accepted,1560.0,3060.0,964,
s519313051,p03675,u848654988,1498963815,C++,C++14 (GCC 5.4.1),cpp,Accepted,45.0,3712.0,381,
s268551344,p03675,u572012381,1498963773,C++,C++14 (GCC 5.4.1),cpp,Accepted,41.0,3840.0,4241,
s528964636,p03675,u875570028,1498963598,C++,C++14 (GCC 5.4.1),cpp,Accepted,98.0,3712.0,419,
s613384174,p03675,u722786435,1498963464,C++,C++14 (GCC 5.4.1),cpp,Accepted,128.0,2944.0,571,
s289720702,p03675,u565795452,1498963255,C++,C++14 (GCC 5.4.1),cpp,Accepted,42.0,3712.0,405,
s984269515,p03675,u561437761,1498962822,C++,C++14 (GCC 5.4.1),cpp,Accepted,135.0,8448.0,692,
s972811658,p03675,u933821389,1498962580,C++,C++14 (GCC 5.4.1),cpp,Accepted,35.0,2944.0,2447,
s603718727,p03675,u233632872,1498962423,C++,C++14 (GCC 5.4.1),cpp,Accepted,46.0,2944.0,361,
s238005669,p03675,u279598991,1498962331,C++,C++14 (GCC 5.4.1),cpp,Accepted,100.0,2944.0,620,
s840042167,p03675,u152951600,1498962086,C++,C++14 (GCC 5.4.1),cpp,Accepted,43.0,3712.0,441,
s010296151,p03675,u308055739,1498961886,C++,C++14 (GCC 5.4.1),cpp,Accepted,41.0,5876.0,1114,
s766755595,p03675,u928627615,1498961877,C++,C++14 (GCC 5.4.1),cpp,Accepted,100.0,5376.0,688,
s659872911,p03675,u268670448,1498961792,C++,C++14 (GCC 5.4.1),cpp,Accepted,103.0,2944.0,632,
s927046004,p03675,u162364634,1498961727,C++,C++14 (GCC 5.4.1),cpp,Accepted,127.0,3840.0,938,
s176523448,p03675,u202922874,1498961711,C++,C++14 (GCC 5.4.1),cpp,Accepted,126.0,2944.0,482,
s957605285,p03675,u718277423,1498961671,C++,C++14 (GCC 5.4.1),cpp,Accepted,138.0,8448.0,493,
s472689303,p03675,u975094521,1498961579,C++,C++14 (GCC 5.4.1),cpp,Accepted,101.0,3712.0,830,
s103536121,p03675,u647348088,1498961569,C++,C++14 (GCC 5.4.1),cpp,Accepted,42.0,3072.0,520,
s131540972,p03675,u809038097,1498961482,Python,Python (2.7.6),py,Accepted,39.0,20596.0,80,
s705500578,p03675,u656572785,1498961405,C++,C++14 (GCC 5.4.1),cpp,Accepted,100.0,5612.0,848,
s989404175,p03675,u079603018,1498961328,C++,C++14 (GCC 5.4.1),cpp,Accepted,125.0,2944.0,266,
s711623473,p03675,u756609156,1498961216,C++,C++14 (GCC 5.4.1),cpp,Accepted,108.0,5884.0,3220,
s608097660,p03675,u908537729,1498961185,C++,C++14 (GCC 5.4.1),cpp,Accepted,46.0,2944.0,304,
s194939176,p03675,u977652465,1498961169,C++,C++14 (GCC 5.4.1),cpp,Accepted,46.0,2944.0,1198,
s914101944,p03675,u790142428,1498961162,C++,C++14 (GCC 5.4.1),cpp,Accepted,100.0,3840.0,1425,
s123393071,p03675,u402189762,1498961081,Python,Python (3.4.3),py,Accepted,417.0,21524.0,428,
s653761810,p03675,u819300485,1498961017,C++,C++14 (GCC 5.4.1),cpp,Accepted,39.0,5488.0,2911,
s883737907,p03675,u604693716,1498960970,C++,C++14 (GCC 5.4.1),cpp,Accepted,98.0,5248.0,355,
s364578315,p03675,u821262411,1498960849,Python,Python (3.4.3),py,Accepted,256.0,26180.0,391,
s952507883,p03675,u412270772,1498960750,C++,C++14 (GCC 5.4.1),cpp,Accepted,36.0,3712.0,536,
s134003932,p03675,u826144345,1498960684,C++,C++14 (GCC 5.4.1),cpp,Accepted,100.0,2944.0,443,
s392406931,p03675,u217771695,1498960676,C++,C++14 (GCC 5.4.1),cpp,Accepted,44.0,3712.0,1424,
s162460538,p03675,u198090343,1498960583,C++,C++14 (GCC 5.4.1),cpp,Accepted,42.0,3712.0,395,
s240131729,p03675,u232829151,1498960540,C++,C++14 (GCC 5.4.1),cpp,Accepted,99.0,5376.0,610,
s249522666,p03675,u319282133,1498960538,C++,C++14 (GCC 5.4.1),cpp,Accepted,1563.0,3828.0,452,
s921155862,p03675,u795689468,1498960513,C++,C++14 (GCC 5.4.1),cpp,Accepted,38.0,5376.0,897,
s319204719,p03675,u789453078,1498960510,C++,C++14 (GCC 5.4.1),cpp,Accepted,38.0,2944.0,334,
s181084521,p03675,u275145490,1498960480,Python,PyPy3 (2.4.0),py,Accepted,368.0,102556.0,258,
s052415941,p03675,u529631547,1498960444,C++,C++14 (GCC 5.4.1),cpp,Accepted,45.0,4992.0,485,
s726620211,p03675,u296893452,1498960352,C++,C++14 (GCC 5.4.1),cpp,Accepted,44.0,2944.0,857,
s590150040,p03675,u696805736,1498960312,C++,C++14 (GCC 5.4.1),cpp,Accepted,108.0,6912.0,970,
s160125667,p03675,u613658617,1498960286,C++,C++14 (GCC 5.4.1),cpp,Accepted,39.0,3960.0,1046,
s799741887,p03675,u889049754,1498960272,C++,C++14 (GCC 5.4.1),cpp,Accepted,1565.0,3188.0,495,
s815356853,p03675,u533242606,1498960215,C++,C++14 (GCC 5.4.1),cpp,Accepted,43.0,3712.0,577,
s671762099,p03675,u098930106,1498960213,C++,C++14 (GCC 5.4.1),cpp,Accepted,47.0,2944.0,508,
s816887229,p03675,u485196090,1498960209,C++,C++14 (GCC 5.4.1),cpp,Accepted,42.0,3712.0,467,
s204261175,p03675,u510611356,1498960202,C++,C++14 (GCC 5.4.1),cpp,Accepted,41.0,2816.0,446,
s417091635,p03675,u458925609,1498960168,C++,C++14 (GCC 5.4.1),cpp,Accepted,126.0,2944.0,649,
s492797403,p03675,u810634416,1498960157,C++,C++14 (GCC 5.4.1),cpp,Accepted,44.0,3712.0,1199,
s720612446,p03675,u848983424,1498960153,C++,C++14 (GCC 5.4.1),cpp,Accepted,39.0,3072.0,967,
s637741039,p03675,u346308892,1498960139,Python,Python (3.4.3),py,Accepted,197.0,26180.0,348,
s266790093,p03675,u451610133,1498960134,C++,C++14 (GCC 5.4.1),cpp,Accepted,112.0,3948.0,747,
s606674927,p03675,u183203023,1498960099,C++,C++14 (GCC 5.4.1),cpp,Accepted,126.0,2944.0,426,
s501927762,p03675,u356764723,1498960056,C++,C++14 (GCC 5.4.1),cpp,Accepted,101.0,2944.0,375,
s406310194,p03675,u534998883,1498960028,C++,C++ (G++ 4.6.4),cpp,Accepted,105.0,5376.0,603,
s533164765,p03675,u843522325,1498960020,C++,C++14 (GCC 5.4.1),cpp,Accepted,127.0,2944.0,961,
s059902468,p03675,u806639090,1498959987,C++,C++14 (GCC 5.4.1),cpp,Accepted,99.0,5484.0,733,
s386635286,p03675,u561502977,1498959964,C++,C++14 (GCC 5.4.1),cpp,Accepted,42.0,3712.0,1813,
s268122661,p03675,u561502977,1498959964,C++,C++14 (GCC 5.4.1),cpp,Accepted,43.0,3712.0,1813,
s047887146,p03675,u352241486,1498959902,C++,C++14 (GCC 5.4.1),cpp,Accepted,126.0,2944.0,413,
s270798158,p03675,u828732026,1498959878,C++,C++14 (GCC 5.4.1),cpp,Accepted,42.0,3712.0,336,
s836560647,p03675,u188338175,1498959870,C++,C++14 (GCC 5.4.1),cpp,Accepted,43.0,2944.0,1082,
s003748296,p03675,u733639264,1498959769,C++,C++14 (GCC 5.4.1),cpp,Accepted,42.0,3712.0,736,
s788829500,p03675,u193507170,1498959697,C++,C++14 (GCC 5.4.1),cpp,Accepted,101.0,2944.0,733,
s719011438,p03675,u536625271,1498959669,C++,C++14 (GCC 5.4.1),cpp,Accepted,126.0,3712.0,493,
s404650555,p03675,u687214625,1498959615,C++,C++14 (GCC 5.4.1),cpp,Accepted,101.0,5376.0,382,
s282974673,p03675,u281742447,1498959532,C++,C++14 (GCC 5.4.1),cpp,Accepted,42.0,2944.0,1021,
s383583316,p03675,u517935400,1498959476,C++,C++14 (GCC 5.4.1),cpp,Accepted,126.0,2944.0,793,
s709999099,p03675,u639297580,1498959454,C++,C++14 (GCC 5.4.1),cpp,Accepted,101.0,3072.0,574,
s781824721,p03675,u569778242,1498959450,C++,C++14 (GCC 5.4.1),cpp,Accepted,99.0,2944.0,1133,
s211470208,p03675,u006493569,1498959401,C++,C++14 (GCC 5.4.1),cpp,Accepted,101.0,2944.0,460,
s369404625,p03675,u714878632,1498959378,Python,Python (3.4.3),py,Accepted,171.0,31760.0,575,
s845597976,p03675,u469820989,1498959349,C++,C++14 (GCC 5.4.1),cpp,Accepted,44.0,3712.0,397,
s402061522,p03675,u995997203,1498959279,C++,C++14 (GCC 5.4.1),cpp,Accepted,127.0,3712.0,522,
s691588722,p03675,u263047979,1498959270,C++,C++14 (GCC 5.4.1),cpp,Accepted,128.0,2944.0,992,
s534350019,p03675,u540005219,1498959243,C++,C++14 (GCC 5.4.1),cpp,Accepted,103.0,3840.0,922,
s708360041,p03675,u416560151,1498959177,C++,C++14 (GCC 5.4.1),cpp,Accepted,100.0,3824.0,651,
s592554889,p03675,u059940903,1498959165,C++,C++14 (Clang 3.8.0),cpp,Accepted,49.0,3576.0,626,
s315119180,p03675,u819735120,1498959135,C++,C++14 (GCC 5.4.1),cpp,Accepted,125.0,2944.0,508,
s868340356,p03675,u382880969,1498959133,C++,C++14 (GCC 5.4.1),cpp,Accepted,42.0,2944.0,569,
s427275052,p03675,u123756661,1498959099,Python,PyPy3 (2.4.0),py,Accepted,398.0,103252.0,387,
s762880592,p03675,u972347344,1498959098,C++,C++14 (GCC 5.4.1),cpp,Accepted,42.0,5120.0,588,
s407135225,p03675,u798441421,1498959087,C++,C++14 (GCC 5.4.1),cpp,Accepted,127.0,3828.0,1374,
s480925651,p03675,u913525771,1498959056,C++,C++14 (GCC 5.4.1),cpp,Accepted,44.0,5376.0,1360,
s782323992,p03675,u294283114,1498959046,C++,C++14 (GCC 5.4.1),cpp,Accepted,127.0,2944.0,587,
s180901482,p03675,u815524843,1498959023,C++,C++14 (GCC 5.4.1),cpp,Accepted,39.0,3072.0,394,
s802765395,p03675,u524343822,1498959021,C++,C++14 (GCC 5.4.1),cpp,Accepted,38.0,3072.0,457,
s872563265,p03675,u691327803,1498958997,C++,C++14 (GCC 5.4.1),cpp,Accepted,43.0,4480.0,469,
s577053760,p03675,u416511777,1498958984,C++,C++14 (GCC 5.4.1),cpp,Accepted,115.0,8448.0,729,
s220078870,p03675,u935586669,1498958979,C++,C++14 (GCC 5.4.1),cpp,Accepted,38.0,3072.0,1020,
s522031822,p03675,u263633696,1498958961,C++,C++14 (GCC 5.4.1),cpp,Accepted,42.0,2816.0,269,
s766801303,p03675,u280269055,1498958916,Python,Python (3.4.3),py,Accepted,160.0,29124.0,278,
s446274104,p03675,u975789781,1498958906,C++,C++14 (GCC 5.4.1),cpp,Accepted,38.0,3840.0,1432,
s525095543,p03675,u260663008,1498958892,Python,Python (3.4.3),py,Accepted,181.0,29600.0,193,
s195878127,p03675,u860729283,1498958885,C++,C++14 (GCC 5.4.1),cpp,Accepted,44.0,3712.0,1946,
s471674337,p03675,u243492642,1498958859,Python,Python (3.4.3),py,Accepted,151.0,30176.0,960,
s292017267,p03675,u635167670,1498958856,C++,C++14 (GCC 5.4.1),cpp,Accepted,100.0,4608.0,429,
s674950254,p03675,u452644771,1498958841,C++,C++14 (GCC 5.4.1),cpp,Accepted,41.0,2944.0,478,
s598095032,p03675,u716217417,1498958840,C++,C++14 (GCC 5.4.1),cpp,Accepted,39.0,2944.0,875,
s169028713,p03675,u310790595,1498958817,C++,C++14 (GCC 5.4.1),cpp,Accepted,46.0,5248.0,729,
s028099735,p03675,u313229050,1498958817,C++,C++14 (GCC 5.4.1),cpp,Accepted,40.0,3072.0,765,
s738818634,p03675,u768660218,1498958791,C++,C++14 (GCC 5.4.1),cpp,Accepted,42.0,3712.0,465,
s625240403,p03675,u360564214,1498958780,C++,C++14 (GCC 5.4.1),cpp,Accepted,38.0,2944.0,867,
s418507373,p03675,u400673400,1498958775,C++,C++14 (GCC 5.4.1),cpp,Accepted,41.0,3072.0,755,
s257253760,p03675,u347579043,1498958773,C++,C++14 (GCC 5.4.1),cpp,Accepted,101.0,3956.0,812,
s646830359,p03675,u177155600,1498958765,Python,Python (3.4.3),py,Accepted,170.0,27204.0,366,
s998512499,p03675,u840220558,1498958747,C++,C++14 (GCC 5.4.1),cpp,Accepted,43.0,7040.0,1544,
s581506687,p03675,u051209198,1498958739,C++,C++14 (GCC 5.4.1),cpp,Accepted,63.0,13952.0,1873,
s977010563,p03675,u541631820,1498958720,C++,C++14 (GCC 5.4.1),cpp,Accepted,99.0,2944.0,857,
s175615864,p03675,u871933975,1498958689,C++,C++14 (GCC 5.4.1),cpp,Accepted,44.0,3840.0,583,
s236098307,p03675,u046747023,1498958677,C++,C++14 (GCC 5.4.1),cpp,Accepted,129.0,3712.0,363,
s274089153,p03675,u299626104,1498958672,C++,C++14 (GCC 5.4.1),cpp,Accepted,46.0,3828.0,446,
s223959105,p03675,u692632484,1498958631,Python,Python (3.4.3),py,Accepted,572.0,26180.0,351,
s507807813,p03675,u269175074,1498958630,C++,C++14 (GCC 5.4.1),cpp,Accepted,100.0,2944.0,1417,
s169245934,p03675,u551583448,1498958629,C++,C++14 (GCC 5.4.1),cpp,Accepted,43.0,5632.0,778,
s660843850,p03675,u791622911,1498958627,C++,C++14 (GCC 5.4.1),cpp,Accepted,101.0,5488.0,947,
s451196140,p03675,u550314572,1498958616,C++,C++14 (GCC 5.4.1),cpp,Accepted,125.0,2944.0,447,
s118637617,p03675,u391331433,1498958607,Python,Python (2.7.6),py,Accepted,72.0,27316.0,811,
s180498655,p03675,u805420484,1498958594,C++,C++14 (GCC 5.4.1),cpp,Accepted,103.0,2944.0,482,
s920121531,p03675,u177481830,1498958555,Python,Python (3.4.3),py,Accepted,1439.0,43112.0,491,
s684651330,p03675,u435321965,1498958552,C++,C++14 (GCC 5.4.1),cpp,Accepted,126.0,3712.0,1158,
s113024941,p03675,u960094718,1498958545,C++,C++14 (GCC 5.4.1),cpp,Accepted,103.0,3712.0,988,
s814629638,p03675,u617655442,1498958541,C++,C++14 (GCC 5.4.1),cpp,Accepted,126.0,3712.0,450,
s741304302,p03675,u878708956,1498958534,C++,C++14 (GCC 5.4.1),cpp,Accepted,106.0,3960.0,596,
s936545270,p03675,u802994000,1498958534,C++,C++14 (GCC 5.4.1),cpp,Accepted,43.0,3712.0,419,
s493664760,p03675,u031482407,1498958532,C++,C++14 (GCC 5.4.1),cpp,Accepted,43.0,2944.0,510,
s887793573,p03675,u985443069,1498958530,Python,Python (3.4.3),py,Accepted,152.0,29344.0,619,
s897838758,p03675,u323885069,1498958527,C++,C++14 (GCC 5.4.1),cpp,Accepted,55.0,9216.0,742,
s376215153,p03675,u741930662,1498958520,C++,C++14 (GCC 5.4.1),cpp,Accepted,99.0,2944.0,1058,
s169653892,p03675,u201165602,1498958516,C++,C++14 (Clang 3.8.0),cpp,Accepted,277.0,4588.0,722,
s551779417,p03675,u372101102,1498958499,C++,C++14 (GCC 5.4.1),cpp,Accepted,43.0,5888.0,600,
s393148723,p03675,u481321809,1498958498,C++,C++14 (GCC 5.4.1),cpp,Accepted,126.0,3712.0,844,
s107614974,p03675,u476468228,1498958453,C++,C++14 (GCC 5.4.1),cpp,Accepted,42.0,2944.0,616,
s836612507,p03675,u372786981,1498958442,C++,C++14 (GCC 5.4.1),cpp,Accepted,100.0,3712.0,882,
s133656689,p03675,u335590796,1498958440,C++,C++14 (GCC 5.4.1),cpp,Accepted,145.0,15872.0,476,
s382197156,p03675,u389009751,1498958439,C++,C++14 (GCC 5.4.1),cpp,Accepted,129.0,3840.0,465,
s210143162,p03675,u943353704,1498958432,C++,C++14 (GCC 5.4.1),cpp,Accepted,44.0,3712.0,962,
s502385632,p03675,u664950429,1498958422,C++,C++14 (GCC 5.4.1),cpp,Accepted,38.0,3188.0,1447,
s736897558,p03675,u032455837,1498958410,C++,C++14 (GCC 5.4.1),cpp,Accepted,37.0,3712.0,888,
s174413293,p03675,u449234500,1498958403,C++,C++14 (GCC 5.4.1),cpp,Accepted,99.0,3712.0,850,
s684022585,p03675,u332570575,1498958390,C++,C++14 (GCC 5.4.1),cpp,Accepted,101.0,3072.0,629,
s984655570,p03675,u722659083,1498958370,C++,C++14 (GCC 5.4.1),cpp,Accepted,38.0,3712.0,653,
s943182128,p03675,u314841395,1498958366,C++,C++14 (GCC 5.4.1),cpp,Accepted,35.0,2944.0,1012,
s159186209,p03675,u134833921,1498958359,C++,C++14 (GCC 5.4.1),cpp,Accepted,42.0,3072.0,270,
s259995659,p03675,u180421499,1498958358,C++,C++14 (GCC 5.4.1),cpp,Accepted,42.0,2944.0,525,
s549533230,p03675,u050865477,1498958357,C++,C++14 (GCC 5.4.1),cpp,Accepted,98.0,3712.0,585,
s146454841,p03675,u864949552,1498958353,C++,C++14 (GCC 5.4.1),cpp,Accepted,35.0,2944.0,628,
s114796625,p03675,u387110752,1498958352,C++,C++14 (GCC 5.4.1),cpp,Accepted,42.0,7040.0,1617,
s524967318,p03675,u268571052,1498958350,C++,C++14 (GCC 5.4.1),cpp,Accepted,127.0,3840.0,581,
s422362052,p03675,u669432519,1498958348,C++,C++14 (GCC 5.4.1),cpp,Accepted,42.0,2944.0,354,
s618349056,p03675,u649310245,1498958347,C++,C++14 (GCC 5.4.1),cpp,Accepted,128.0,7680.0,5124,
s251642407,p03675,u104888333,1498958310,C++,C++14 (GCC 5.4.1),cpp,Accepted,37.0,6272.0,1562,
s970164046,p03675,u858595366,1498958292,Python,Python (2.7.6),py,Accepted,190.0,20060.0,149,
s392361623,p03675,u421566489,1498958289,C++,C++14 (GCC 5.4.1),cpp,Accepted,106.0,3840.0,395,
s712444772,p03675,u834771741,1498958285,C++,C++14 (GCC 5.4.1),cpp,Accepted,99.0,5248.0,1881,
s513584324,p03675,u704369296,1498958284,C++,C++14 (GCC 5.4.1),cpp,Accepted,42.0,2944.0,511,
s888650304,p03675,u688417467,1498958278,C++,C++14 (GCC 5.4.1),cpp,Accepted,125.0,2944.0,434,
s816043049,p03675,u033599596,1498958263,C++,C++14 (GCC 5.4.1),cpp,Accepted,99.0,2944.0,870,
s684887123,p03675,u130140706,1498958263,C++,C++14 (GCC 5.4.1),cpp,Accepted,39.0,5376.0,601,
s334484153,p03675,u164889916,1498958258,C++,C++14 (GCC 5.4.1),cpp,Accepted,42.0,3712.0,422,
s879748206,p03675,u858635411,1498958244,C++,C++14 (GCC 5.4.1),cpp,Accepted,42.0,2816.0,458,
s238120129,p03675,u148251220,1498958242,C++,C++14 (GCC 5.4.1),cpp,Accepted,41.0,2816.0,303,
s258864443,p03675,u221700604,1498958238,C++,C++14 (GCC 5.4.1),cpp,Accepted,127.0,3712.0,1118,
s693365077,p03675,u258096065,1498958237,C++,C++14 (GCC 5.4.1),cpp,Accepted,126.0,5248.0,529,
s916379471,p03675,u309335075,1498958221,C++,C++14 (GCC 5.4.1),cpp,Accepted,100.0,5376.0,847,
s332769186,p03675,u709306558,1498958217,C++,C++14 (GCC 5.4.1),cpp,Accepted,54.0,9336.0,617,
s741982219,p03675,u768334187,1498958212,C++,C++14 (GCC 5.4.1),cpp,Accepted,39.0,3712.0,1047,
s393988477,p03675,u237653619,1498958212,C++,C++14 (GCC 5.4.1),cpp,Accepted,100.0,3840.0,4203,
s083656402,p03675,u150378881,1498958206,C++,C++14 (GCC 5.4.1),cpp,Accepted,126.0,2944.0,591,
s128359674,p03675,u783675879,1498958196,C++,C++14 (GCC 5.4.1),cpp,Accepted,106.0,5368.0,946,
s153230319,p03675,u549743442,1498958187,C++,C++14 (GCC 5.4.1),cpp,Accepted,39.0,3840.0,1123,
s338500367,p03675,u502941913,1498958186,C++,C++14 (GCC 5.4.1),cpp,Accepted,38.0,2944.0,1164,
s509956297,p03675,u946912540,1498958186,C++,C++14 (GCC 5.4.1),cpp,Accepted,139.0,8448.0,528,
s154694171,p03675,u017167684,1498958183,C++,C++14 (GCC 5.4.1),cpp,Accepted,126.0,2944.0,299,
s691685087,p03675,u794986990,1498958176,C++,C++14 (GCC 5.4.1),cpp,Accepted,42.0,2944.0,303,
s560107010,p03675,u900309151,1498958159,C++,C++14 (GCC 5.4.1),cpp,Accepted,42.0,3712.0,323,
s717734210,p03675,u803390429,1498958158,C++,C++14 (GCC 5.4.1),cpp,Accepted,42.0,3840.0,644,
s451615077,p03675,u382748202,1498958134,Python,Python (3.4.3),py,Accepted,147.0,31944.0,363,
s621883133,p03675,u848737670,1498958132,C++,C++14 (GCC 5.4.1),cpp,Accepted,100.0,3188.0,552,
s934711630,p03675,u879016462,1498958127,C++,C++14 (GCC 5.4.1),cpp,Accepted,39.0,3188.0,659,
s413481689,p03675,u375516740,1498958123,C++,C++14 (GCC 5.4.1),cpp,Accepted,1588.0,3828.0,371,
s162897381,p03675,u922245841,1498958117,C++,C++14 (GCC 5.4.1),cpp,Accepted,45.0,2944.0,418,
s886615441,p03675,u764844841,1498958117,C++,C++14 (GCC 5.4.1),cpp,Accepted,111.0,9216.0,1005,
s484262850,p03675,u139529968,1498958116,C++,C++14 (GCC 5.4.1),cpp,Accepted,38.0,3712.0,484,
s983797047,p03675,u501169786,1498958115,C++,C++14 (GCC 5.4.1),cpp,Accepted,100.0,2944.0,520,
s811724650,p03675,u790614328,1498958110,C++,C++14 (GCC 5.4.1),cpp,Accepted,43.0,5248.0,638,
s496821670,p03675,u898331860,1498958109,C++,C++14 (GCC 5.4.1),cpp,Accepted,105.0,3436.0,749,
s288722656,p03675,u728525259,1498958105,C++,C++14 (GCC 5.4.1),cpp,Accepted,41.0,3956.0,769,
s652000814,p03675,u385909309,1498958104,C++,C++14 (GCC 5.4.1),cpp,Accepted,53.0,9216.0,571,
s885582553,p03675,u330728946,1498958098,C++,C++14 (GCC 5.4.1),cpp,Accepted,141.0,2944.0,421,
s094997122,p03675,u337911666,1498958090,C++,C++14 (GCC 5.4.1),cpp,Accepted,41.0,2816.0,372,
s682956819,p03675,u231737808,1498958086,C++,C++14 (GCC 5.4.1),cpp,Accepted,44.0,3712.0,410,
s387853823,p03675,u399391169,1498958080,C++,C++14 (GCC 5.4.1),cpp,Accepted,39.0,3712.0,475,
s012058742,p03675,u899220667,1498958080,C++,C++14 (GCC 5.4.1),cpp,Accepted,126.0,3712.0,1008,
s581321098,p03675,u190449731,1498958073,C++,C++14 (GCC 5.4.1),cpp,Accepted,51.0,8448.0,616,
s516629494,p03675,u314960567,1498958073,C++,C++14 (GCC 5.4.1),cpp,Accepted,115.0,8448.0,620,
s872996030,p03675,u447351908,1498958072,C++,C++14 (GCC 5.4.1),cpp,Accepted,105.0,3712.0,1660,
s721447621,p03675,u635974378,1498958072,Python,Python (3.4.3),py,Accepted,138.0,29604.0,196,
s566359928,p03675,u163803051,1498958059,C++,C++14 (GCC 5.4.1),cpp,Accepted,42.0,3712.0,520,
s364056130,p03675,u341404361,1498958057,C++,C++14 (GCC 5.4.1),cpp,Accepted,44.0,7808.0,2899,
s440637520,p03675,u950925609,1498958057,C++,C++14 (GCC 5.4.1),cpp,Accepted,40.0,3828.0,730,
s912063837,p03675,u337015642,1498958055,C++,C++14 (GCC 5.4.1),cpp,Accepted,44.0,3712.0,1130,
s586980113,p03675,u857259336,1498958055,C++,C++14 (GCC 5.4.1),cpp,Accepted,112.0,9204.0,1639,
s601510610,p03675,u964817510,1498958049,C++,C++14 (GCC 5.4.1),cpp,Accepted,98.0,2944.0,4299,
s334399858,p03675,u890171625,1498958041,C++,C++14 (GCC 5.4.1),cpp,Accepted,42.0,2944.0,534,
s916052462,p03675,u570921956,1498958040,C++,C++14 (GCC 5.4.1),cpp,Accepted,42.0,2944.0,341,
s220976294,p03675,u613970675,1498958040,C++,C++14 (GCC 5.4.1),cpp,Accepted,42.0,2944.0,319,
s808023848,p03675,u120143737,1498958039,C++,C++14 (GCC 5.4.1),cpp,Accepted,127.0,3828.0,486,
s051802625,p03675,u409753607,1498958036,C++,C++14 (GCC 5.4.1),cpp,Accepted,118.0,8448.0,1495,
s748495494,p03675,u428478077,1498958020,C++,C++14 (GCC 5.4.1),cpp,Accepted,42.0,3840.0,1449,
s278936331,p03675,u555577504,1498958019,C++,C++14 (GCC 5.4.1),cpp,Accepted,101.0,3828.0,758,
s789276816,p03675,u482544950,1498958014,C++,C++14 (GCC 5.4.1),cpp,Accepted,100.0,3712.0,510,
s149473605,p03675,u242718608,1498958014,C++,C++14 (GCC 5.4.1),cpp,Accepted,39.0,2944.0,1131,
s953536415,p03675,u897236214,1498958013,C++,C++14 (GCC 5.4.1),cpp,Accepted,42.0,3712.0,875,
s796563889,p03675,u849090733,1498958012,C++,C++14 (GCC 5.4.1),cpp,Accepted,44.0,3828.0,1318,
s206414525,p03675,u210033542,1498958008,C++,C++14 (GCC 5.4.1),cpp,Accepted,102.0,3712.0,1368,
s042546326,p03675,u937058140,1498958008,C++,C++14 (GCC 5.4.1),cpp,Accepted,99.0,2944.0,1219,
s470992578,p03675,u033407970,1498957994,Python,Python (3.4.3),py,Accepted,402.0,27612.0,458,
s625505593,p03675,u904843200,1498957993,C++,C++14 (GCC 5.4.1),cpp,Accepted,42.0,2944.0,595,
s163575580,p03675,u800551451,1498957993,C++,C++14 (GCC 5.4.1),cpp,Accepted,103.0,5488.0,1243,
s801484905,p03675,u451748673,1498957988,C++,C++14 (GCC 5.4.1),cpp,Accepted,100.0,3712.0,574,
s094889514,p03675,u972669913,1498957988,Python,Python (2.7.6),py,Accepted,83.0,26972.0,241,
s565451828,p03675,u114738674,1498957980,C++,C++14 (GCC 5.4.1),cpp,Accepted,58.0,8448.0,880,
s683968229,p03675,u646434509,1498957978,C++,C++14 (GCC 5.4.1),cpp,Accepted,42.0,3840.0,339,
s575530255,p03675,u509674552,1498957976,C++,C++14 (GCC 5.4.1),cpp,Accepted,100.0,2944.0,1301,
s301869868,p03675,u931652865,1498957975,C++,C++14 (GCC 5.4.1),cpp,Accepted,50.0,3712.0,563,
s471098421,p03675,u513944454,1498957971,C++,C++14 (GCC 5.4.1),cpp,Accepted,43.0,2944.0,293,
s894226106,p03675,u833691830,1498957968,C++,C++14 (GCC 5.4.1),cpp,Accepted,41.0,4992.0,710,
s364101176,p03675,u844299698,1498957963,C++,C++14 (GCC 5.4.1),cpp,Accepted,44.0,4608.0,605,
s251811626,p03675,u608965386,1498957960,C++,C++14 (GCC 5.4.1),cpp,Accepted,101.0,2944.0,1980,
s639222006,p03675,u836644468,1498957956,C++,C++14 (GCC 5.4.1),cpp,Accepted,101.0,3572.0,967,
s682628758,p03675,u570821703,1498957950,C++,C++14 (GCC 5.4.1),cpp,Accepted,126.0,2944.0,223,
s918419817,p03675,u570522509,1498957942,C++,C++14 (GCC 5.4.1),cpp,Accepted,39.0,3956.0,1124,
s163451177,p03675,u608624039,1498957940,C++,C++14 (GCC 5.4.1),cpp,Accepted,102.0,3840.0,620,
s012376293,p03675,u907146198,1498957940,C++,C++14 (GCC 5.4.1),cpp,Accepted,100.0,2944.0,558,
s513436452,p03675,u280984892,1498957940,C++,C++14 (GCC 5.4.1),cpp,Accepted,43.0,3060.0,957,
s243677763,p03675,u239859796,1498957934,C++,C++14 (GCC 5.4.1),cpp,Accepted,42.0,3276.0,1327,
s509300390,p03675,u402472923,1498957932,C++,C++14 (GCC 5.4.1),cpp,Accepted,101.0,2944.0,502,
s319254728,p03675,u242521956,1498957932,C++,C++14 (GCC 5.4.1),cpp,Accepted,41.0,2944.0,472,
s285636723,p03675,u924885571,1498957928,C++,C++14 (GCC 5.4.1),cpp,Accepted,125.0,2944.0,395,
s240158485,p03675,u167590247,1498957922,C++,C++14 (GCC 5.4.1),cpp,Accepted,125.0,2944.0,526,
s280480132,p03675,u922299738,1498957919,C++,C++14 (GCC 5.4.1),cpp,Accepted,99.0,3828.0,1607,
s872340028,p03675,u089343408,1498957919,C++,C++14 (GCC 5.4.1),cpp,Accepted,54.0,5376.0,503,
s559307873,p03675,u547226055,1498957918,C++,C++14 (GCC 5.4.1),cpp,Accepted,52.0,9216.0,544,
s982577497,p03675,u629650917,1498957909,C++,C++14 (GCC 5.4.1),cpp,Accepted,46.0,4336.0,1036,
s523960180,p03675,u089869622,1498957909,C++,C++14 (GCC 5.4.1),cpp,Accepted,101.0,2944.0,932,
s116490579,p03675,u274463010,1498957907,C++,C++14 (GCC 5.4.1),cpp,Accepted,36.0,3712.0,1720,
s012553034,p03675,u130529502,1498957906,C++,C++14 (GCC 5.4.1),cpp,Accepted,39.0,2944.0,787,
s795089752,p03675,u554953477,1498957905,C++,C++14 (GCC 5.4.1),cpp,Accepted,126.0,2944.0,800,
s425277755,p03675,u615860077,1498957903,C++,C++14 (GCC 5.4.1),cpp,Accepted,127.0,2944.0,504,
s938749202,p03675,u586336940,1498957902,C++,C++14 (GCC 5.4.1),cpp,Accepted,113.0,8576.0,592,
s703961919,p03675,u470459790,1498957901,C++,C++14 (GCC 5.4.1),cpp,Accepted,35.0,2816.0,518,
s458432584,p03675,u141642872,1498957901,C++,C++14 (GCC 5.4.1),cpp,Accepted,111.0,9216.0,641,
s785145693,p03675,u822140506,1498957901,C++,C++14 (GCC 5.4.1),cpp,Accepted,42.0,2944.0,877,
s131001791,p03675,u900485130,1498957901,C++,C++14 (GCC 5.4.1),cpp,Accepted,126.0,2944.0,1090,
s980612042,p03675,u753982487,1498957896,C++,C++14 (GCC 5.4.1),cpp,Accepted,1611.0,3060.0,611,
s360916391,p03675,u550168561,1498957896,C++,C++14 (GCC 5.4.1),cpp,Accepted,38.0,3712.0,1405,
s423408808,p03675,u753391427,1498957894,C++,C++14 (GCC 5.4.1),cpp,Accepted,46.0,3840.0,412,
s810932601,p03675,u241171378,1498957892,C++,C++14 (GCC 5.4.1),cpp,Accepted,41.0,2944.0,464,
s357865487,p03675,u140172805,1498957891,C++,C++14 (GCC 5.4.1),cpp,Accepted,41.0,2816.0,455,
s951952533,p03675,u374028781,1498957890,C++,C++14 (GCC 5.4.1),cpp,Accepted,101.0,3840.0,758,
s336234475,p03675,u844177429,1498957888,C++,C++14 (GCC 5.4.1),cpp,Accepted,100.0,2944.0,986,
s908440969,p03675,u686395650,1498957888,C++,C++14 (GCC 5.4.1),cpp,Accepted,42.0,2944.0,767,
s577640899,p03675,u251828455,1498957887,C++,C++14 (GCC 5.4.1),cpp,Accepted,44.0,3960.0,657,
s357325535,p03675,u643465705,1498957886,C++,C++14 (GCC 5.4.1),cpp,Accepted,43.0,3712.0,423,
s341255684,p03675,u821802586,1498957883,C++,C++14 (GCC 5.4.1),cpp,Accepted,40.0,4332.0,5272,
s333569805,p03675,u705091734,1498957877,C++,C++14 (GCC 5.4.1),cpp,Accepted,42.0,7040.0,878,
s160324976,p03675,u714115074,1498957874,C++,C++14 (GCC 5.4.1),cpp,Accepted,126.0,8448.0,804,
s416004567,p03675,u007610006,1498957872,C++,C++14 (GCC 5.4.1),cpp,Accepted,100.0,3828.0,492,
s929988490,p03675,u755830696,1498957872,C++,C++14 (GCC 5.4.1),cpp,Accepted,37.0,3712.0,572,
s407613614,p03675,u024612773,1498957871,C++,C++14 (GCC 5.4.1),cpp,Accepted,39.0,3828.0,2279,
s444073596,p03675,u475950249,1498957869,C++,C++14 (GCC 5.4.1),cpp,Accepted,38.0,2944.0,705,
s099614207,p03675,u250996767,1498957866,C++,C++14 (GCC 5.4.1),cpp,Accepted,100.0,2944.0,1574,
s065198255,p03675,u080348635,1498957863,C++,C++14 (GCC 5.4.1),cpp,Accepted,112.0,4592.0,935,
s733727397,p03675,u172025528,1498957862,C++,C++14 (GCC 5.4.1),cpp,Accepted,43.0,3712.0,703,
s174118430,p03675,u615790403,1498957859,C++,C++14 (GCC 5.4.1),cpp,Accepted,37.0,2944.0,1916,
s459743464,p03675,u147410404,1498957857,C++,C++14 (GCC 5.4.1),cpp,Accepted,103.0,3960.0,2336,
s520617765,p03675,u107077660,1498957856,Python,Python (3.4.3),py,Accepted,208.0,26016.0,254,
s627892515,p03675,u012632903,1498957854,C++,C++14 (GCC 5.4.1),cpp,Accepted,71.0,4608.0,612,
s050000695,p03675,u036385662,1498957852,C++,C++14 (GCC 5.4.1),cpp,Accepted,126.0,3840.0,1737,
s081171139,p03675,u019489252,1498957850,C++,C++14 (GCC 5.4.1),cpp,Accepted,127.0,3712.0,357,
s225480605,p03675,u379710681,1498957850,C++,C++14 (GCC 5.4.1),cpp,Accepted,41.0,2816.0,526,
s288127370,p03675,u098188959,1498957847,C++,C++14 (GCC 5.4.1),cpp,Accepted,38.0,5376.0,919,
s362482319,p03675,u812545883,1498957846,C++,C++14 (GCC 5.4.1),cpp,Accepted,43.0,3712.0,3783,
s715888528,p03675,u879801745,1498957843,C++,C++14 (GCC 5.4.1),cpp,Accepted,100.0,2944.0,674,
s513295895,p03675,u498391595,1498957841,C++,C++14 (GCC 5.4.1),cpp,Accepted,38.0,2944.0,1104,
s198380486,p03675,u194587369,1498957840,C++,C++14 (GCC 5.4.1),cpp,Accepted,38.0,3712.0,633,
s377157312,p03675,u261965335,1498957837,C++,C++14 (GCC 5.4.1),cpp,Accepted,105.0,2944.0,784,
s942887747,p03675,u226963522,1498957837,C++,C++14 (GCC 5.4.1),cpp,Accepted,43.0,2944.0,435,
s331492137,p03675,u032627078,1498957833,C++,C++14 (GCC 5.4.1),cpp,Accepted,837.0,3956.0,802,
s520470123,p03675,u359942167,1498957832,C++,C++14 (GCC 5.4.1),cpp,Accepted,39.0,3956.0,542,
s772356989,p03675,u444069166,1498957826,C++,C++14 (GCC 5.4.1),cpp,Accepted,103.0,3828.0,676,
s716921756,p03675,u890465662,1498957826,C++,C++14 (GCC 5.4.1),cpp,Accepted,100.0,2944.0,446,
s155708216,p03675,u220900792,1498957825,C++,C++14 (GCC 5.4.1),cpp,Accepted,43.0,3072.0,415,
s979705909,p03675,u831426163,1498957824,C++,C++14 (GCC 5.4.1),cpp,Accepted,40.0,3072.0,761,
s338161670,p03675,u756268584,1498957820,C++,C++14 (GCC 5.4.1),cpp,Accepted,128.0,2944.0,544,
s418742096,p03675,u903215911,1498957818,C++,C++14 (GCC 5.4.1),cpp,Accepted,99.0,5248.0,623,
s845595617,p03675,u144695182,1498957818,C++,C++14 (GCC 5.4.1),cpp,Accepted,100.0,3840.0,985,
s222614479,p03675,u237316771,1498957817,Python,Python (2.7.6),py,Accepted,185.0,21084.0,227,
s916488159,p03675,u779353743,1498957814,C++,C++14 (GCC 5.4.1),cpp,Accepted,112.0,9984.0,670,
s317446473,p03675,u975141800,1498957813,C++,C++14 (GCC 5.4.1),cpp,Accepted,43.0,3712.0,392,
s330156546,p03675,u258647915,1498957807,C++,C++14 (GCC 5.4.1),cpp,Accepted,44.0,3840.0,840,
s069587971,p03675,u402629484,1498957806,Python,Python (3.4.3),py,Accepted,222.0,26180.0,254,
s112771702,p03675,u115770202,1498957806,C++,C++14 (GCC 5.4.1),cpp,Accepted,39.0,3956.0,1499,
s575748443,p03675,u571550592,1498957805,C++,C++14 (GCC 5.4.1),cpp,Accepted,38.0,3072.0,761,
s010851849,p03675,u417702611,1498957805,C++,C++14 (GCC 5.4.1),cpp,Accepted,100.0,3824.0,1171,
s204724565,p03675,u742493978,1498957804,C++,C++14 (GCC 5.4.1),cpp,Accepted,39.0,2944.0,549,
s534802661,p03675,u399766504,1498957803,C++,C++14 (GCC 5.4.1),cpp,Accepted,127.0,3840.0,558,
s733217258,p03675,u541582681,1498957803,C++,C++14 (GCC 5.4.1),cpp,Accepted,42.0,3712.0,641,
s176212304,p03675,u603486542,1498957790,C++,C++14 (GCC 5.4.1),cpp,Accepted,42.0,2816.0,431,
s426927616,p03675,u546128193,1498957789,C++,C++14 (GCC 5.4.1),cpp,Accepted,1500.0,3060.0,568,
s135445164,p03675,u184659204,1498957788,C++,C++14 (GCC 5.4.1),cpp,Accepted,99.0,5376.0,594,
s020628817,p03675,u272028993,1498957785,Python,PyPy2 (5.6.0),py,Accepted,116.0,62812.0,383,
s925452673,p03675,u161904081,1498957782,C++,C++14 (GCC 5.4.1),cpp,Accepted,39.0,2944.0,988,
s246748506,p03675,u215860196,1498957781,C++,C++14 (GCC 5.4.1),cpp,Accepted,39.0,2944.0,539,
s968391297,p03675,u947235869,1498957774,C++,C++14 (GCC 5.4.1),cpp,Accepted,38.0,3072.0,958,
s446475037,p03675,u488078009,1498957773,C++,C++14 (GCC 5.4.1),cpp,Accepted,100.0,2944.0,504,
s558613774,p03675,u986399983,1498957772,C++,C++14 (GCC 5.4.1),cpp,Accepted,101.0,2944.0,1330,
s203737741,p03675,u984264252,1498957771,C++,C++14 (GCC 5.4.1),cpp,Accepted,101.0,2944.0,2134,
s790228666,p03675,u691764803,1498957770,C++,C++14 (GCC 5.4.1),cpp,Accepted,51.0,8448.0,531,
s839103652,p03675,u242259691,1498957770,C++,C++14 (GCC 5.4.1),cpp,Accepted,43.0,3712.0,572,
s098040088,p03675,u901685019,1498957770,C++,C++14 (GCC 5.4.1),cpp,Accepted,45.0,3828.0,1174,
s374478994,p03675,u147714325,1498957770,C++,C++14 (GCC 5.4.1),cpp,Accepted,43.0,2944.0,381,
s856362466,p03675,u165143556,1498957769,C++,C++14 (GCC 5.4.1),cpp,Accepted,36.0,3712.0,823,
s232808545,p03675,u468273690,1498957769,C++,C++14 (GCC 5.4.1),cpp,Accepted,100.0,4608.0,1674,
s958952142,p03675,u906765537,1498957765,C++,C++14 (GCC 5.4.1),cpp,Accepted,39.0,2944.0,611,
s597465533,p03675,u752088919,1498957764,C++,C++14 (GCC 5.4.1),cpp,Accepted,41.0,2944.0,872,
s457607575,p03675,u704089794,1498957764,C++,C++14 (GCC 5.4.1),cpp,Accepted,45.0,2944.0,1117,
s424535713,p03675,u904666233,1498957762,C++,C++14 (GCC 5.4.1),cpp,Accepted,46.0,7024.0,2163,
s901134620,p03675,u621243798,1498957760,C++,C++14 (GCC 5.4.1),cpp,Accepted,36.0,2944.0,1036,
s868280092,p03675,u534998883,1498957760,C++,C++ (G++ 4.6.4),cpp,Accepted,104.0,5504.0,603,
s414680616,p03675,u109635851,1498957758,C++,C++14 (GCC 5.4.1),cpp,Accepted,127.0,7040.0,472,
s849121651,p03675,u044638166,1498957755,C++,C++14 (GCC 5.4.1),cpp,Accepted,42.0,3072.0,600,
s375950349,p03675,u431402610,1498957755,C++,C++14 (GCC 5.4.1),cpp,Accepted,396.0,3712.0,1025,
s296494533,p03675,u232710987,1498957753,C++,C++14 (GCC 5.4.1),cpp,Accepted,100.0,3188.0,742,
s596507323,p03675,u552898112,1498957751,C++,C++14 (GCC 5.4.1),cpp,Accepted,98.0,3840.0,574,
s401918995,p03675,u907194047,1498957750,C++,C++14 (GCC 5.4.1),cpp,Accepted,38.0,2944.0,692,
s093594993,p03675,u326542954,1498957747,C++,C++14 (GCC 5.4.1),cpp,Accepted,42.0,3188.0,480,
s374135176,p03675,u234413973,1498957744,C++,C++14 (GCC 5.4.1),cpp,Accepted,100.0,5488.0,652,
s535809955,p03675,u846271630,1498957743,C++,C++14 (GCC 5.4.1),cpp,Accepted,39.0,3712.0,718,
s134187480,p03675,u346222974,1498957739,C++,C++14 (GCC 5.4.1),cpp,Accepted,44.0,3712.0,439,
s140197202,p03675,u462688983,1498957738,C++,C++14 (GCC 5.4.1),cpp,Accepted,43.0,4352.0,374,
s820938633,p03675,u910146840,1498957737,C++,C++14 (GCC 5.4.1),cpp,Accepted,43.0,3712.0,484,
s161217650,p03675,u796800483,1498957737,C++,C++14 (GCC 5.4.1),cpp,Accepted,127.0,2944.0,436,
s593368788,p03675,u180074277,1498957734,C++,C++14 (GCC 5.4.1),cpp,Accepted,41.0,2816.0,391,
s352034971,p03675,u667084803,1498957734,Python,Python (3.4.3),py,Accepted,171.0,29768.0,292,
s153952036,p03675,u210511199,1498957734,C++,C++14 (GCC 5.4.1),cpp,Accepted,42.0,2944.0,378,
s173814535,p03675,u332272134,1498957734,C++,C++14 (GCC 5.4.1),cpp,Accepted,101.0,2944.0,512,
s505084857,p03675,u802071009,1498957733,C++,C++14 (GCC 5.4.1),cpp,Accepted,99.0,2944.0,1325,
s568394058,p03675,u646470498,1498957733,C++,C++14 (GCC 5.4.1),cpp,Accepted,43.0,2944.0,353,
s750956081,p03675,u842401785,1498957732,C++,C++14 (GCC 5.4.1),cpp,Accepted,101.0,5484.0,896,
s643932781,p03675,u806920157,1498957730,C++,C++14 (GCC 5.4.1),cpp,Accepted,44.0,4480.0,574,
s186802974,p03675,u424103788,1498957730,C++,C++14 (GCC 5.4.1),cpp,Accepted,98.0,7808.0,718,
s730203127,p03675,u089360788,1498957728,C++,C++14 (GCC 5.4.1),cpp,Accepted,386.0,3840.0,528,
s343201208,p03675,u928041186,1498957725,C++,C++14 (GCC 5.4.1),cpp,Accepted,126.0,2944.0,229,
s152760428,p03675,u664031692,1498957723,C++,C++14 (GCC 5.4.1),cpp,Accepted,100.0,2944.0,1337,
s734215659,p03675,u947605292,1498957722,C++,C++14 (GCC 5.4.1),cpp,Accepted,42.0,3712.0,766,
s313018731,p03675,u227731374,1498957719,C++,C++14 (GCC 5.4.1),cpp,Accepted,45.0,3840.0,526,
s785910310,p03675,u777468981,1498957717,C++,C++14 (GCC 5.4.1),cpp,Accepted,127.0,2944.0,373,
s413222474,p03675,u663639206,1498957716,C++,C++14 (GCC 5.4.1),cpp,Accepted,43.0,4864.0,391,
s631353151,p03675,u025912589,1498957714,C++,C++14 (GCC 5.4.1),cpp,Accepted,43.0,3072.0,756,
s679808944,p03675,u459737327,1498957714,C++,C++14 (GCC 5.4.1),cpp,Accepted,47.0,5248.0,1351,
s206358487,p03675,u396746872,1498957713,C++,C++14 (GCC 5.4.1),cpp,Accepted,42.0,2944.0,480,
s700753879,p03675,u782516204,1498957713,C++,C++14 (GCC 5.4.1),cpp,Accepted,129.0,2944.0,676,
s066986185,p03675,u611093049,1498957712,C++,C++14 (GCC 5.4.1),cpp,Accepted,42.0,3712.0,782,
s225091764,p03675,u249955257,1498957712,C++,C++11 (GCC 4.8.1),cpp,Accepted,42.0,3840.0,3489,
s833367667,p03675,u216962796,1498957711,C++,C++14 (GCC 5.4.1),cpp,Accepted,1565.0,3060.0,358,
s167932084,p03675,u657913472,1498957710,C++,C++14 (GCC 5.4.1),cpp,Accepted,126.0,3712.0,320,
s953676391,p03675,u895971408,1498957709,C++,C++14 (GCC 5.4.1),cpp,Accepted,101.0,5376.0,680,
s918405976,p03675,u456178666,1498957709,C++,C++14 (GCC 5.4.1),cpp,Accepted,51.0,6272.0,1012,
s514543281,p03675,u566921593,1498957708,C++,C++14 (GCC 5.4.1),cpp,Accepted,43.0,2944.0,735,
s643939865,p03675,u115464345,1498957708,C++,C++14 (GCC 5.4.1),cpp,Accepted,39.0,3840.0,832,
s028094823,p03675,u521272340,1498957708,C++,C++14 (GCC 5.4.1),cpp,Accepted,101.0,4728.0,1496,
s398409893,p03675,u491153752,1498957707,C++,C++14 (GCC 5.4.1),cpp,Accepted,39.0,3072.0,2001,
s155945127,p03675,u087249330,1498957705,C++,C++14 (GCC 5.4.1),cpp,Accepted,126.0,3712.0,708,
s068609870,p03675,u986451763,1498957702,C++,C++14 (GCC 5.4.1),cpp,Accepted,39.0,3712.0,1316,
s325740527,p03675,u836428271,1498957701,C++,C++14 (GCC 5.4.1),cpp,Accepted,45.0,2944.0,1197,
s507106679,p03675,u209377718,1498957700,C++,C++14 (GCC 5.4.1),cpp,Accepted,44.0,3840.0,1600,
s585559328,p03675,u239200005,1498957699,C++,C++14 (GCC 5.4.1),cpp,Accepted,47.0,2944.0,590,
s994725061,p03675,u133038626,1498957698,C++,C++14 (GCC 5.4.1),cpp,Accepted,41.0,2944.0,779,
s114984458,p03675,u552871939,1498957695,C++,C++14 (GCC 5.4.1),cpp,Accepted,47.0,2944.0,406,
s073428010,p03675,u013671577,1498957690,C++,C++14 (GCC 5.4.1),cpp,Accepted,126.0,3712.0,1653,
s963453890,p03675,u779159595,1498957688,C++,C++14 (GCC 5.4.1),cpp,Accepted,109.0,9984.0,711,
s318243592,p03675,u061935128,1498957683,C++,C++14 (GCC 5.4.1),cpp,Accepted,1561.0,3060.0,600,
s073014368,p03675,u277971517,1498957681,Python,Python (3.4.3),py,Accepted,230.0,25540.0,234,
s777361618,p03675,u990753715,1498957681,C++,C++14 (GCC 5.4.1),cpp,Accepted,42.0,2816.0,651,
s915378313,p03675,u541410431,1498957680,C++,C++14 (GCC 5.4.1),cpp,Accepted,126.0,3712.0,526,
s364160109,p03675,u696668463,1498957679,C++,C++14 (GCC 5.4.1),cpp,Accepted,126.0,2944.0,392,
s249220757,p03675,u104282757,1498957678,Python,Python (3.4.3),py,Accepted,78.0,25668.0,310,
s112169736,p03675,u224477171,1498957678,C++,C++14 (GCC 5.4.1),cpp,Accepted,36.0,2944.0,973,
s460013863,p03675,u003223716,1498957677,C++,C++14 (GCC 5.4.1),cpp,Accepted,38.0,3072.0,510,
s673638269,p03675,u125500736,1498957677,C++,C++14 (GCC 5.4.1),cpp,Accepted,127.0,7040.0,2440,
s151794092,p03675,u094322844,1498957674,C++,C++14 (GCC 5.4.1),cpp,Accepted,39.0,2944.0,529,
s056056628,p03675,u590961184,1498957673,C++,C++14 (GCC 5.4.1),cpp,Accepted,42.0,2944.0,724,
s397956234,p03675,u886743443,1498957673,C++,C++14 (GCC 5.4.1),cpp,Accepted,43.0,3840.0,553,
s384953989,p03675,u977113052,1498957671,C++,C++14 (GCC 5.4.1),cpp,Accepted,102.0,3840.0,525,
s398654933,p03675,u378419207,1498957671,C++,C++14 (GCC 5.4.1),cpp,Accepted,46.0,3828.0,959,
s532495951,p03675,u545022164,1498957670,C++,C++14 (GCC 5.4.1),cpp,Accepted,100.0,3828.0,1196,
s458670022,p03675,u114314135,1498957670,C++,C++14 (GCC 5.4.1),cpp,Accepted,42.0,3712.0,505,
s198023851,p03675,u694433776,1498957669,C++,C++14 (GCC 5.4.1),cpp,Accepted,101.0,3712.0,1374,
s874494634,p03675,u010733367,1498957667,Python,Python (3.4.3),py,Accepted,134.0,29604.0,252,
s973684039,p03675,u405859235,1498957665,C++,C++14 (GCC 5.4.1),cpp,Accepted,102.0,5488.0,767,
s185045838,p03675,u733618878,1498957665,C++,C++14 (GCC 5.4.1),cpp,Accepted,402.0,3712.0,716,
s696204551,p03675,u701131323,1498957661,C++,C++14 (GCC 5.4.1),cpp,Accepted,43.0,2944.0,692,
s786729495,p03675,u450163883,1498957661,C++,C++14 (GCC 5.4.1),cpp,Accepted,38.0,3072.0,1172,
s534795451,p03675,u668677216,1498957658,C++,C++14 (GCC 5.4.1),cpp,Accepted,128.0,3712.0,519,
s451500750,p03675,u120718002,1498957658,C++,C++14 (GCC 5.4.1),cpp,Accepted,42.0,2944.0,359,
s556301812,p03675,u608234874,1498957657,C++,C++14 (GCC 5.4.1),cpp,Accepted,39.0,3072.0,582,
s475151117,p03675,u488026700,1498957657,C++,C++14 (GCC 5.4.1),cpp,Accepted,43.0,3712.0,1984,
s169503671,p03675,u818170692,1498957654,C++,C++14 (GCC 5.4.1),cpp,Accepted,37.0,3712.0,2143,
s274698385,p03675,u648890761,1498957653,C++,C++14 (GCC 5.4.1),cpp,Accepted,39.0,3960.0,884,
s915066668,p03675,u811004127,1498957652,C++,C++14 (GCC 5.4.1),cpp,Accepted,110.0,8448.0,845,
s388213796,p03675,u263170104,1498957650,C++,C++14 (GCC 5.4.1),cpp,Accepted,42.0,3712.0,357,
s240916302,p03675,u722668661,1498957650,C++,C++14 (GCC 5.4.1),cpp,Accepted,42.0,2944.0,526,
s174510869,p03675,u821608744,1498957650,C++,C++14 (GCC 5.4.1),cpp,Accepted,43.0,2944.0,2887,
s820131393,p03675,u392924658,1498957647,C++,C++14 (GCC 5.4.1),cpp,Accepted,106.0,2944.0,1468,
s189718214,p03675,u820389622,1498957646,C++,C++14 (GCC 5.4.1),cpp,Accepted,101.0,2944.0,573,
s647445202,p03675,u026245891,1498957645,C++,C++14 (GCC 5.4.1),cpp,Accepted,42.0,2944.0,313,
s098711810,p03675,u872191059,1498957644,Python,PyPy3 (2.4.0),py,Accepted,330.0,123220.0,245,
s182436206,p03675,u345432788,1498957644,C++,C++14 (GCC 5.4.1),cpp,Accepted,111.0,3828.0,479,
s005353305,p03675,u816910105,1498957643,C++,C++14 (GCC 5.4.1),cpp,Accepted,99.0,3712.0,1136,
s187481567,p03675,u344425917,1498957643,C++,C++14 (GCC 5.4.1),cpp,Accepted,127.0,3956.0,1450,
s724587777,p03675,u260267808,1498957643,C++,C++14 (GCC 5.4.1),cpp,Accepted,41.0,2816.0,295,
s006739279,p03675,u399542755,1498957642,C++,C++14 (GCC 5.4.1),cpp,Accepted,58.0,8448.0,442,
s638968872,p03675,u377182487,1498957642,C++,C++14 (GCC 5.4.1),cpp,Accepted,37.0,2944.0,480,
s584931741,p03675,u139147798,1498957642,C++,C++14 (GCC 5.4.1),cpp,Accepted,13.0,3712.0,3971,
s174746159,p03675,u277975641,1498957642,C++,C++14 (GCC 5.4.1),cpp,Accepted,42.0,3072.0,1874,
s352624186,p03675,u462349313,1498957640,C++,C++14 (GCC 5.4.1),cpp,Accepted,44.0,3840.0,1418,
s165966880,p03675,u297287410,1498957638,C++,C++14 (GCC 5.4.1),cpp,Accepted,103.0,3840.0,729,
s410920507,p03675,u500496457,1498957637,C++,C++14 (Clang 3.8.0),cpp,Accepted,49.0,5228.0,1370,
s820818008,p03675,u693568613,1498957636,C++,C++14 (GCC 5.4.1),cpp,Accepted,44.0,2944.0,673,
s564087153,p03675,u989833740,1498957634,C++,C++14 (GCC 5.4.1),cpp,Accepted,52.0,9216.0,1140,
s138135603,p03675,u027214553,1498957633,C++,C++14 (GCC 5.4.1),cpp,Accepted,43.0,2944.0,463,
s533813847,p03675,u140784415,1498957633,C++,C++14 (GCC 5.4.1),cpp,Accepted,102.0,3840.0,533,
s897870831,p03675,u105097625,1498957632,C++,C++14 (GCC 5.4.1),cpp,Accepted,45.0,10752.0,753,
s139694691,p03675,u590241855,1498957632,C++,C++14 (GCC 5.4.1),cpp,Accepted,100.0,2944.0,407,
s063025735,p03675,u284759714,1498957631,C++,C++14 (GCC 5.4.1),cpp,Accepted,100.0,3712.0,842,
s351325620,p03675,u764076797,1498957631,C++,C++14 (GCC 5.4.1),cpp,Accepted,105.0,5376.0,1089,
s424771970,p03675,u635990401,1498957630,C++,C++14 (GCC 5.4.1),cpp,Accepted,38.0,2944.0,1332,
s006737910,p03675,u145484461,1498957630,C++,C++14 (GCC 5.4.1),cpp,Accepted,126.0,3712.0,566,
s080413206,p03675,u284759714,1498957630,C++,C++14 (GCC 5.4.1),cpp,Accepted,100.0,3712.0,842,
s102907513,p03675,u738163962,1498957628,C++,C++14 (GCC 5.4.1),cpp,Accepted,101.0,2944.0,608,
s084415550,p03675,u605284854,1498957628,C++,C++14 (GCC 5.4.1),cpp,Accepted,103.0,2944.0,687,
s393276401,p03675,u113715975,1498957627,C++,C++14 (GCC 5.4.1),cpp,Accepted,38.0,2944.0,757,
s501217656,p03675,u983351380,1498957626,C++,C++14 (GCC 5.4.1),cpp,Accepted,42.0,2944.0,969,
s125201909,p03675,u418548803,1498957624,C++,C++14 (GCC 5.4.1),cpp,Accepted,39.0,3072.0,1095,
s716984951,p03675,u030869492,1498957623,C++,C++14 (GCC 5.4.1),cpp,Accepted,42.0,2944.0,482,
s054340395,p03675,u770961604,1498957622,C++,C++14 (GCC 5.4.1),cpp,Accepted,42.0,2944.0,871,
s824036766,p03675,u804093140,1498957620,C++,C++14 (GCC 5.4.1),cpp,Accepted,43.0,3828.0,420,
s175368803,p03675,u870307668,1498957617,C++,C++14 (GCC 5.4.1),cpp,Accepted,38.0,2944.0,1516,
s494608380,p03675,u610441939,1498957616,C++,C++14 (GCC 5.4.1),cpp,Accepted,103.0,4724.0,603,
s484613689,p03675,u085110627,1498957614,C++,C++14 (GCC 5.4.1),cpp,Accepted,38.0,3712.0,889,
s427170703,p03675,u036411476,1498957613,C++,C++14 (GCC 5.4.1),cpp,Accepted,112.0,2944.0,434,
s517602571,p03675,u552668967,1498957612,C++,C++14 (GCC 5.4.1),cpp,Accepted,42.0,3712.0,391,
s894356311,p03675,u456065785,1498957611,C++,C++14 (GCC 5.4.1),cpp,Accepted,1568.0,3828.0,523,
s839740268,p03675,u568652083,1498957610,C++,C++14 (GCC 5.4.1),cpp,Accepted,100.0,3840.0,1903,
s014168468,p03675,u256439455,1498957608,C++,C++14 (GCC 5.4.1),cpp,Accepted,45.0,3712.0,726,
s844464117,p03675,u007446928,1498957607,C++,C++14 (GCC 5.4.1),cpp,Accepted,47.0,3840.0,954,
s418872695,p03675,u056944756,1498957605,C++,C++14 (GCC 5.4.1),cpp,Accepted,41.0,2816.0,288,
s835556828,p03675,u663195864,1498957602,C++,C++14 (GCC 5.4.1),cpp,Accepted,126.0,4992.0,369,
s563605597,p03675,u016572066,1498957602,C++,C++14 (GCC 5.4.1),cpp,Accepted,104.0,2944.0,934,
s802810411,p03675,u798181098,1498957601,C++,C++14 (GCC 5.4.1),cpp,Accepted,40.0,3712.0,944,
s800394710,p03675,u134020944,1498957600,C++,C++14 (GCC 5.4.1),cpp,Accepted,39.0,2944.0,967,
s805127299,p03675,u790584437,1498957600,C++,C++14 (GCC 5.4.1),cpp,Accepted,42.0,3712.0,421,
s320969736,p03675,u300921255,1498957599,C++,C++14 (GCC 5.4.1),cpp,Accepted,129.0,3712.0,1347,
s302703823,p03675,u568344360,1498957598,C++,C++14 (GCC 5.4.1),cpp,Accepted,47.0,9756.0,2466,
s442408611,p03675,u105791541,1498957597,C++,C++14 (GCC 5.4.1),cpp,Accepted,45.0,3712.0,1029,
s773040927,p03675,u640209154,1498957597,C++,C++14 (GCC 5.4.1),cpp,Accepted,50.0,8048.0,1493,
s698787327,p03675,u476369138,1498957595,C++,C++14 (GCC 5.4.1),cpp,Accepted,126.0,2944.0,214,
s823940290,p03675,u789453078,1498957594,C++,C++14 (GCC 5.4.1),cpp,Accepted,38.0,2944.0,333,
s762133161,p03675,u158072123,1498957594,C++,C++14 (GCC 5.4.1),cpp,Accepted,44.0,3276.0,956,
s114818092,p03675,u943199919,1498957593,C++,C++14 (GCC 5.4.1),cpp,Accepted,43.0,3712.0,836,
s505954375,p03675,u299869545,1498957593,C++,C++14 (GCC 5.4.1),cpp,Accepted,126.0,2944.0,398,
s490008115,p03675,u222745664,1498957593,C++,C++14 (GCC 5.4.1),cpp,Accepted,1500.0,3060.0,981,
s510442224,p03675,u039623862,1498957593,Python,Python (3.4.3),py,Accepted,219.0,25540.0,236,
s973245672,p03675,u630452895,1498957589,C++,C++14 (GCC 5.4.1),cpp,Accepted,126.0,3712.0,809,
s705962602,p03675,u375463172,1498957588,C++,C++14 (GCC 5.4.1),cpp,Accepted,38.0,2944.0,1874,
s147976070,p03675,u293500581,1498957587,C++,C++14 (GCC 5.4.1),cpp,Accepted,35.0,2944.0,1689,
s375632951,p03675,u864888234,1498957586,C++,C++14 (GCC 5.4.1),cpp,Accepted,105.0,3712.0,644,
s033687943,p03675,u015768390,1498957585,C++,C++14 (GCC 5.4.1),cpp,Accepted,103.0,3840.0,480,
s825914061,p03675,u908189211,1498957585,C++,C++14 (GCC 5.4.1),cpp,Accepted,37.0,2944.0,1241,
s116875034,p03675,u768642868,1498957582,C++,C++14 (GCC 5.4.1),cpp,Accepted,100.0,2944.0,788,
s183294957,p03675,u288444854,1498957581,C++,C++14 (GCC 5.4.1),cpp,Accepted,39.0,3840.0,764,
s177238039,p03675,u265073302,1498957581,C++,C++14 (GCC 5.4.1),cpp,Accepted,35.0,2944.0,835,
s537140240,p03675,u397355629,1498957579,C++,C++14 (GCC 5.4.1),cpp,Accepted,41.0,2944.0,1512,
s266934376,p03675,u333917945,1498957578,C++,C++14 (GCC 5.4.1),cpp,Accepted,100.0,3840.0,1038,
s254017259,p03675,u583422503,1498957578,C++,C++14 (GCC 5.4.1),cpp,Accepted,39.0,3072.0,932,
s489916695,p03675,u934544251,1498957576,C++,C++14 (GCC 5.4.1),cpp,Accepted,38.0,5376.0,1738,
s995206289,p03675,u283229916,1498957575,C++,C++14 (GCC 5.4.1),cpp,Accepted,105.0,3712.0,394,
s439240784,p03675,u412820911,1498957572,C++,C++14 (GCC 5.4.1),cpp,Accepted,44.0,4336.0,2100,
s262227603,p03675,u196520288,1498957571,C++,C++14 (GCC 5.4.1),cpp,Accepted,43.0,2944.0,491,
s004030737,p03675,u060105478,1498957571,C++,C++14 (GCC 5.4.1),cpp,Accepted,38.0,3712.0,499,
s947372633,p03675,u536671335,1498957571,C++,C++14 (GCC 5.4.1),cpp,Accepted,42.0,3712.0,434,
s640948603,p03675,u700303800,1498957570,C++,C++14 (GCC 5.4.1),cpp,Accepted,105.0,3840.0,412,
s106545624,p03675,u513208218,1498957569,C++,C++14 (GCC 5.4.1),cpp,Accepted,41.0,2816.0,396,
s654528407,p03675,u243723098,1498957568,C++,C++14 (GCC 5.4.1),cpp,Accepted,41.0,2816.0,540,
s861155967,p03675,u196691978,1498957568,C++,C++14 (GCC 5.4.1),cpp,Accepted,39.0,3712.0,577,
s071639925,p03675,u357887823,1498957567,C++,C++14 (GCC 5.4.1),cpp,Accepted,38.0,3712.0,1434,
s685524891,p03675,u926636247,1498957567,C++,C++14 (GCC 5.4.1),cpp,Accepted,39.0,3712.0,612,
s574696862,p03675,u673119813,1498957566,C++,C++14 (GCC 5.4.1),cpp,Accepted,42.0,3712.0,388,
s089104707,p03675,u581132014,1498957566,C++,C++14 (GCC 5.4.1),cpp,Accepted,40.0,3712.0,793,
s966031338,p03675,u670787997,1498957561,C++,C++14 (GCC 5.4.1),cpp,Accepted,39.0,6912.0,735,
s682756783,p03675,u210200535,1498957561,C++,C++14 (GCC 5.4.1),cpp,Accepted,128.0,3712.0,642,
s512719547,p03675,u304961585,1498957560,C++,C++14 (GCC 5.4.1),cpp,Accepted,36.0,2944.0,754,
s570759941,p03675,u233602244,1498957559,C++,C++14 (GCC 5.4.1),cpp,Accepted,38.0,5376.0,1835,
s952196325,p03675,u943199424,1498957559,C++,C++14 (GCC 5.4.1),cpp,Accepted,38.0,3072.0,643,
s298467631,p03675,u602447032,1498957559,C++,C++14 (GCC 5.4.1),cpp,Accepted,100.0,3712.0,835,
s913245055,p03675,u569427587,1498957559,C++,C++14 (GCC 5.4.1),cpp,Accepted,126.0,3712.0,408,
s613701704,p03675,u021249344,1498957558,C++,C++14 (GCC 5.4.1),cpp,Accepted,43.0,3712.0,398,
s986855977,p03675,u508063691,1498957558,C++,C++14 (GCC 5.4.1),cpp,Accepted,43.0,3840.0,1117,
s873581869,p03675,u239239546,1498957557,C++,C++14 (GCC 5.4.1),cpp,Accepted,101.0,3840.0,416,
s143108467,p03675,u471568152,1498957557,C++,C++14 (GCC 5.4.1),cpp,Accepted,40.0,3072.0,627,
s730866568,p03675,u496599392,1498957556,C++,C++14 (GCC 5.4.1),cpp,Accepted,102.0,2944.0,793,
s943483865,p03675,u743334576,1498957556,C++,C++14 (GCC 5.4.1),cpp,Accepted,42.0,2944.0,864,
s950555528,p03675,u804209422,1498957555,C++,C++14 (GCC 5.4.1),cpp,Accepted,43.0,3712.0,1398,
s338619664,p03675,u588108150,1498957554,C++,C++14 (GCC 5.4.1),cpp,Accepted,113.0,2944.0,560,
s268285961,p03675,u572468811,1498957554,C++,C++14 (GCC 5.4.1),cpp,Accepted,100.0,5376.0,1360,
s627565467,p03675,u805729268,1498957553,C++,C++14 (GCC 5.4.1),cpp,Accepted,44.0,3712.0,1101,
s535486469,p03675,u530406081,1498957552,C++,C++14 (GCC 5.4.1),cpp,Accepted,42.0,2944.0,825,
s542035473,p03675,u607034173,1498957551,C++,C++14 (GCC 5.4.1),cpp,Accepted,101.0,3828.0,913,
s808600070,p03675,u855015242,1498957550,C++,C++14 (GCC 5.4.1),cpp,Accepted,38.0,7040.0,2022,
s150559565,p03675,u078907766,1498957549,C++,C++14 (GCC 5.4.1),cpp,Accepted,103.0,3828.0,634,
s277723560,p03675,u966495857,1498957548,C++,C++14 (GCC 5.4.1),cpp,Accepted,101.0,3840.0,478,
s281697048,p03675,u756584946,1498957547,C++,C++14 (GCC 5.4.1),cpp,Accepted,46.0,4608.0,633,
s941734590,p03675,u764058295,1498957546,C++,C++14 (GCC 5.4.1),cpp,Accepted,41.0,3072.0,868,
s746153666,p03675,u660402389,1498957545,C++,C++14 (GCC 5.4.1),cpp,Accepted,101.0,3712.0,956,
s819202003,p03675,u083314595,1498957543,C++,C++14 (GCC 5.4.1),cpp,Accepted,103.0,2944.0,381,
s857141419,p03675,u029888376,1498957542,C++,C++14 (GCC 5.4.1),cpp,Accepted,39.0,3712.0,1029,
s594518156,p03675,u655723240,1498957537,C++,C++14 (GCC 5.4.1),cpp,Accepted,99.0,3840.0,2953,
s696985550,p03675,u365702995,1498957536,C++,C++14 (GCC 5.4.1),cpp,Accepted,39.0,2944.0,465,
s320106976,p03675,u060232355,1498957533,Python,PyPy3 (2.4.0),py,Accepted,341.0,123220.0,326,
s145464474,p03675,u969112347,1498957533,C++,C++14 (GCC 5.4.1),cpp,Accepted,54.0,8448.0,2309,
s359655389,p03675,u379457973,1498957532,C++,C++14 (GCC 5.4.1),cpp,Accepted,39.0,3840.0,1871,
s453257006,p03675,u703805376,1498957531,C++,C++14 (GCC 5.4.1),cpp,Accepted,106.0,3956.0,1018,
s183203421,p03675,u459751291,1498957531,C++,C++14 (GCC 5.4.1),cpp,Accepted,38.0,5376.0,718,
s223317245,p03675,u348745043,1498957530,C++,C++14 (GCC 5.4.1),cpp,Accepted,27.0,3712.0,4521,
s121072555,p03675,u402685795,1498957530,C++,C++14 (GCC 5.4.1),cpp,Accepted,40.0,3072.0,630,
s844485653,p03675,u479429581,1498957529,C++,C++14 (GCC 5.4.1),cpp,Accepted,102.0,2944.0,559,
s252047808,p03675,u826438738,1498957528,C++,C++14 (GCC 5.4.1),cpp,Accepted,41.0,2816.0,459,
s282321637,p03675,u728732647,1498957528,C++,C++14 (GCC 5.4.1),cpp,Accepted,38.0,5376.0,515,
s213739747,p03675,u363306002,1498957527,C++,C++14 (GCC 5.4.1),cpp,Accepted,100.0,2944.0,304,
s454618574,p03675,u925042673,1498957525,C++,C++14 (GCC 5.4.1),cpp,Accepted,101.0,3840.0,600,
s143945280,p03675,u083440680,1498957525,C++,C++14 (GCC 5.4.1),cpp,Accepted,102.0,2944.0,507,
s534317017,p03675,u834904578,1498957524,C++,C++14 (GCC 5.4.1),cpp,Accepted,38.0,2944.0,629,
s012825133,p03675,u220113889,1498957524,C++,C++14 (GCC 5.4.1),cpp,Accepted,44.0,2944.0,466,
s258308325,p03675,u032865163,1498957522,C++,C++14 (GCC 5.4.1),cpp,Accepted,103.0,5376.0,1156,
s412417586,p03675,u810735437,1498957522,C++,C++14 (GCC 5.4.1),cpp,Accepted,39.0,3840.0,1146,
s816558090,p03675,u464006849,1498957521,C++,C++14 (GCC 5.4.1),cpp,Accepted,44.0,2944.0,566,
s420240486,p03675,u184907406,1498957520,C++,C++14 (GCC 5.4.1),cpp,Accepted,39.0,3840.0,602,
s798424639,p03675,u586175587,1498957520,C++,C++14 (GCC 5.4.1),cpp,Accepted,42.0,3712.0,1431,
s768945259,p03675,u500547581,1498957519,Python,Python (3.4.3),py,Accepted,226.0,29504.0,245,
s676588007,p03675,u722096509,1498957518,C++,C++14 (GCC 5.4.1),cpp,Accepted,43.0,2944.0,439,
s232265262,p03675,u817026203,1498957517,Python,Python (3.4.3),py,Accepted,120.0,31300.0,189,
s523511349,p03675,u349496321,1498957516,C++,C++14 (GCC 5.4.1),cpp,Accepted,41.0,3712.0,1617,
s293568204,p03675,u265881782,1498957516,C++,C++14 (GCC 5.4.1),cpp,Accepted,99.0,2944.0,399,
s095951247,p03675,u925397194,1498957515,C++,C++14 (GCC 5.4.1),cpp,Accepted,44.0,4728.0,1152,
s802412788,p03675,u276456254,1498957514,C++,C++14 (GCC 5.4.1),cpp,Accepted,99.0,2944.0,457,
s154252136,p03675,u684583379,1498957513,C++,C++14 (GCC 5.4.1),cpp,Accepted,43.0,3828.0,1999,
s331026309,p03675,u087802005,1498957510,C++,C++14 (GCC 5.4.1),cpp,Accepted,48.0,3712.0,590,
s628759017,p03675,u264312457,1498957508,C++,C++14 (GCC 5.4.1),cpp,Accepted,70.0,42880.0,7105,
s229523899,p03675,u103991222,1498957507,C++,C++14 (GCC 5.4.1),cpp,Accepted,103.0,3712.0,442,
s446484517,p03675,u912359563,1498957506,C++,C++14 (GCC 5.4.1),cpp,Accepted,100.0,3712.0,723,
s674346996,p03675,u010004797,1498957505,C++,C++14 (GCC 5.4.1),cpp,Accepted,106.0,3712.0,1260,
s611741773,p03675,u071730284,1498957505,C++,C++14 (GCC 5.4.1),cpp,Accepted,37.0,3712.0,11354,
s667074661,p03675,u659083922,1498957505,C++,C++14 (GCC 5.4.1),cpp,Accepted,43.0,3712.0,1004,
s894850900,p03675,u563889699,1498957504,C++,C++14 (GCC 5.4.1),cpp,Accepted,42.0,2944.0,1094,
s768634880,p03675,u600916050,1498957503,C++,C++14 (GCC 5.4.1),cpp,Accepted,42.0,2816.0,443,
s124057663,p03675,u241287823,1498957503,C++,C++14 (GCC 5.4.1),cpp,Accepted,38.0,3072.0,835,
s638320591,p03675,u435842501,1498957502,C++,C++14 (GCC 5.4.1),cpp,Accepted,42.0,3712.0,344,
s413430268,p03675,u698441727,1498957502,C++,C++14 (GCC 5.4.1),cpp,Accepted,41.0,2816.0,335,
s247920341,p03675,u411509336,1498957499,C++,C++14 (GCC 5.4.1),cpp,Accepted,43.0,2944.0,439,
s946635622,p03675,u374099594,1498957498,C++,C++14 (GCC 5.4.1),cpp,Accepted,52.0,3712.0,349,
s180440366,p03675,u959498604,1498957497,C++,C++14 (GCC 5.4.1),cpp,Accepted,56.0,8448.0,3293,
s291465760,p03675,u068121974,1498957496,C++,C++14 (GCC 5.4.1),cpp,Accepted,100.0,3960.0,927,
s303143768,p03675,u693386219,1498957495,C++,C++14 (GCC 5.4.1),cpp,Accepted,106.0,2944.0,907,
s551474724,p03675,u075949767,1498957495,C++,C++14 (GCC 5.4.1),cpp,Accepted,40.0,2944.0,567,
s546717625,p03675,u624678037,1498957494,C++,C++14 (GCC 5.4.1),cpp,Accepted,112.0,3824.0,814,
s378587706,p03675,u333877810,1498957493,C++,C++14 (GCC 5.4.1),cpp,Accepted,43.0,3840.0,459,
s583164857,p03675,u134616445,1498957492,C++,C++14 (GCC 5.4.1),cpp,Accepted,36.0,3840.0,1164,
s743990998,p03675,u366676780,1498957491,C++,C++14 (GCC 5.4.1),cpp,Accepted,99.0,3712.0,1857,
s095772009,p03675,u347163009,1498957490,C++,C++14 (GCC 5.4.1),cpp,Accepted,40.0,2944.0,4896,
s461727850,p03675,u462437857,1498957490,C++,C++14 (GCC 5.4.1),cpp,Accepted,44.0,5484.0,821,
s463660803,p03675,u394963944,1498957488,C++,C++14 (GCC 5.4.1),cpp,Accepted,42.0,2944.0,487,
s261466432,p03675,u527876446,1498957487,C++,C++14 (GCC 5.4.1),cpp,Accepted,44.0,3072.0,1221,
s533552608,p03675,u534802591,1498957487,C++,C++14 (GCC 5.4.1),cpp,Accepted,127.0,2944.0,753,
s614901194,p03675,u983859231,1498957486,C++,C++14 (GCC 5.4.1),cpp,Accepted,42.0,3712.0,465,
s635084859,p03675,u053547321,1498957485,C++,C++14 (GCC 5.4.1),cpp,Accepted,99.0,3824.0,831,
s072403556,p03675,u781261742,1498957485,C++,C++14 (GCC 5.4.1),cpp,Accepted,44.0,2944.0,1330,
s400093563,p03675,u688198990,1498957485,C++,C++14 (GCC 5.4.1),cpp,Accepted,43.0,2944.0,587,
s006805058,p03675,u426694255,1498957484,C++,C++14 (GCC 5.4.1),cpp,Accepted,100.0,2944.0,489,
s105529781,p03675,u063280006,1498957484,C++,C++14 (GCC 5.4.1),cpp,Accepted,41.0,2816.0,316,
s401955425,p03675,u673823726,1498957484,C++,C++14 (GCC 5.4.1),cpp,Accepted,39.0,3956.0,2341,
s902204911,p03675,u266485840,1498957484,C++,C++14 (GCC 5.4.1),cpp,Accepted,42.0,3712.0,335,
s044737247,p03675,u752161277,1498957483,C++,C++14 (GCC 5.4.1),cpp,Accepted,101.0,3840.0,397,
s308470767,p03675,u041084329,1498957483,C++,C++14 (GCC 5.4.1),cpp,Accepted,35.0,3712.0,681,
s687128568,p03675,u542392634,1498957482,C++,C++14 (GCC 5.4.1),cpp,Accepted,42.0,2944.0,1167,
s618041634,p03675,u278868910,1498957481,C++,C++14 (GCC 5.4.1),cpp,Accepted,100.0,3840.0,385,
s224749289,p03675,u647100698,1498957481,C++,C++14 (GCC 5.4.1),cpp,Accepted,44.0,2944.0,482,
s784864354,p03675,u837745858,1498957480,C++,C++14 (GCC 5.4.1),cpp,Accepted,39.0,3712.0,397,
s518812565,p03675,u959365020,1498957478,C++,C++14 (GCC 5.4.1),cpp,Accepted,46.0,3712.0,472,
s781387755,p03675,u549859850,1498957477,C++,C++14 (GCC 5.4.1),cpp,Accepted,39.0,3968.0,1393,
s306255271,p03675,u705681632,1498957476,C++,C++14 (GCC 5.4.1),cpp,Accepted,38.0,2944.0,389,
s707098312,p03675,u914739916,1498957476,C++,C++14 (GCC 5.4.1),cpp,Accepted,102.0,3712.0,3398,
s191276704,p03675,u781091740,1498957476,C++,C++14 (GCC 5.4.1),cpp,Accepted,44.0,2944.0,597,
s194744688,p03675,u013750540,1498957474,C++,C++14 (GCC 5.4.1),cpp,Accepted,111.0,5376.0,1992,
s352388394,p03675,u261886891,1498957474,C++,C++14 (GCC 5.4.1),cpp,Accepted,39.0,3072.0,489,
s232089979,p03675,u085932369,1498957474,C++,C++14 (GCC 5.4.1),cpp,Accepted,42.0,3712.0,749,
s392476781,p03675,u237902530,1498957473,C++,C++14 (GCC 5.4.1),cpp,Accepted,43.0,3960.0,446,
s537388198,p03675,u252102891,1498957473,C++,C++14 (GCC 5.4.1),cpp,Accepted,46.0,3712.0,875,
s601254842,p03675,u631007830,1498957471,C++,C++14 (GCC 5.4.1),cpp,Accepted,39.0,4332.0,1129,
s284625373,p03675,u483814783,1498957470,C++,C++14 (GCC 5.4.1),cpp,Accepted,102.0,3840.0,1003,
s289451865,p03675,u120810144,1498957470,C++,C++14 (GCC 5.4.1),cpp,Accepted,99.0,3712.0,990,
s417554126,p03675,u658971049,1498957469,C++,C++14 (GCC 5.4.1),cpp,Accepted,39.0,3840.0,705,
s233735740,p03675,u040557592,1498957468,C++,C++14 (GCC 5.4.1),cpp,Accepted,35.0,3712.0,1583,
s737179327,p03675,u133129810,1498957468,C++,C++14 (GCC 5.4.1),cpp,Accepted,39.0,5376.0,2151,
s787252421,p03675,u331121156,1498957467,C++,C++14 (GCC 5.4.1),cpp,Accepted,35.0,3712.0,502,
s784251381,p03675,u761582382,1498957466,C++,C++14 (GCC 5.4.1),cpp,Accepted,37.0,3840.0,1908,
s427808774,p03675,u647940094,1498957466,C++,C++14 (GCC 5.4.1),cpp,Accepted,48.0,3840.0,451,
s848669801,p03675,u984730891,1498957466,C++,C++14 (GCC 5.4.1),cpp,Accepted,100.0,5248.0,742,
s464603625,p03675,u039529825,1498957465,C++,C++14 (GCC 5.4.1),cpp,Accepted,39.0,3072.0,634,
s728032736,p03675,u880862257,1498957464,C++,C++14 (GCC 5.4.1),cpp,Accepted,42.0,2944.0,425,
s914081753,p03675,u909006409,1498957463,C++,C++14 (GCC 5.4.1),cpp,Accepted,39.0,3072.0,374,
s791865243,p03675,u016612263,1498957463,C++,C++14 (GCC 5.4.1),cpp,Accepted,111.0,9728.0,386,
s766950080,p03675,u344006221,1498957463,C++,C++14 (GCC 5.4.1),cpp,Accepted,41.0,2816.0,323,
s952944348,p03675,u404934434,1498957462,C++,C++14 (GCC 5.4.1),cpp,Accepted,42.0,3712.0,3412,
s218691116,p03675,u819604704,1498957462,C++,C++14 (GCC 5.4.1),cpp,Accepted,40.0,4728.0,1443,
s079264739,p03675,u266557836,1498957461,C++,C++14 (GCC 5.4.1),cpp,Accepted,39.0,3072.0,551,
s731220602,p03675,u594787653,1498957461,C++,C++14 (GCC 5.4.1),cpp,Accepted,37.0,2816.0,870,
s894877845,p03675,u516249808,1498957460,C++,C++14 (GCC 5.4.1),cpp,Accepted,35.0,3712.0,533,
s923808057,p03675,u347119353,1498957459,C++,C++14 (GCC 5.4.1),cpp,Accepted,98.0,3712.0,677,
s547112930,p03675,u640496019,1498957458,C++,C++14 (GCC 5.4.1),cpp,Accepted,125.0,2944.0,365,
s989244794,p03675,u918179235,1498957456,C++,C++14 (GCC 5.4.1),cpp,Accepted,36.0,2944.0,1238,
s548022358,p03675,u630419572,1498957454,C++,C++14 (GCC 5.4.1),cpp,Accepted,99.0,2944.0,737,
s717468337,p03675,u785665526,1498957454,C++,C++14 (GCC 5.4.1),cpp,Accepted,50.0,8448.0,926,
s079511215,p03675,u721869365,1498957452,C++,C++14 (GCC 5.4.1),cpp,Accepted,105.0,3840.0,494,
s885288834,p03675,u555866810,1498957449,C++,C++14 (GCC 5.4.1),cpp,Accepted,38.0,5376.0,701,
s874576660,p03675,u931404549,1498957449,C++,C++14 (GCC 5.4.1),cpp,Accepted,42.0,2944.0,395,
s525899611,p03675,u516828244,1498957447,C++,C++14 (GCC 5.4.1),cpp,Accepted,102.0,3840.0,1259,
s915201197,p03675,u762921614,1498957447,C++,C++14 (GCC 5.4.1),cpp,Accepted,45.0,5488.0,971,
s952796794,p03675,u157085392,1498957446,C++,C++14 (GCC 5.4.1),cpp,Accepted,38.0,3072.0,1460,
s102181942,p03675,u456611841,1498957446,C++,C++14 (GCC 5.4.1),cpp,Accepted,99.0,5248.0,1141,
s022712436,p03675,u893242457,1498957445,C++,C++14 (GCC 5.4.1),cpp,Accepted,40.0,5148.0,502,
s172782970,p03675,u063921081,1498957444,C++,C++14 (GCC 5.4.1),cpp,Accepted,112.0,2944.0,426,
s663033085,p03675,u484505863,1498957444,C++,C++14 (GCC 5.4.1),cpp,Accepted,45.0,3960.0,1468,
s284439198,p03675,u459746049,1498957444,C++,C++14 (GCC 5.4.1),cpp,Accepted,101.0,6256.0,1056,
s282958397,p03675,u558671021,1498957442,C++,C++14 (GCC 5.4.1),cpp,Accepted,134.0,8948.0,941,
s766005222,p03675,u999891524,1498957442,C++,C++14 (GCC 5.4.1),cpp,Accepted,100.0,2944.0,506,
s629348071,p03675,u827494676,1498957442,C++,C++14 (GCC 5.4.1),cpp,Accepted,38.0,3712.0,1527,
s746327732,p03675,u745250049,1498957441,C++,C++14 (GCC 5.4.1),cpp,Accepted,100.0,3840.0,852,
s211903268,p03675,u278134259,1498957440,C++,C++14 (GCC 5.4.1),cpp,Accepted,39.0,3072.0,1065,
s934568211,p03675,u468700753,1498957438,C++,C++14 (GCC 5.4.1),cpp,Accepted,39.0,2944.0,1055,
s240242855,p03675,u495913622,1498957437,C++,C++14 (GCC 5.4.1),cpp,Accepted,44.0,4480.0,1379,
s105688630,p03675,u032793834,1498957437,C++,C++14 (GCC 5.4.1),cpp,Accepted,44.0,2944.0,1242,
s874849892,p03675,u029271449,1498957437,C++,C++14 (GCC 5.4.1),cpp,Accepted,39.0,3072.0,434,
s326519830,p03675,u150391254,1498957437,C++,C++14 (GCC 5.4.1),cpp,Accepted,43.0,2944.0,383,
s310162081,p03675,u938723972,1498957437,C++,C++14 (GCC 5.4.1),cpp,Accepted,43.0,3712.0,400,
s512796699,p03675,u618738555,1498957436,C++,C++14 (GCC 5.4.1),cpp,Accepted,42.0,3712.0,349,
s181277617,p03675,u705210544,1498957436,C++,C++14 (GCC 5.4.1),cpp,Accepted,39.0,3072.0,728,
s921197936,p03675,u387061829,1498957435,C++,C++14 (GCC 5.4.1),cpp,Accepted,42.0,3712.0,453,
s462972515,p03675,u711428009,1498957435,C++,C++14 (GCC 5.4.1),cpp,Accepted,43.0,2944.0,1000,
s860284974,p03675,u387876802,1498957433,C++,C++14 (GCC 5.4.1),cpp,Accepted,42.0,2944.0,1017,
s494419981,p03675,u618264943,1498957433,C++,C++14 (GCC 5.4.1),cpp,Accepted,42.0,3840.0,2539,
s397814206,p03675,u182373912,1498957432,C++,C++14 (GCC 5.4.1),cpp,Accepted,35.0,3712.0,456,
s166915219,p03675,u483551214,1498957431,C++,C++14 (GCC 5.4.1),cpp,Accepted,38.0,2944.0,971,
s132854320,p03675,u119460590,1498957431,C++,C++14 (GCC 5.4.1),cpp,Accepted,99.0,5376.0,1045,
s512014609,p03675,u591343832,1498957430,C++,C++14 (GCC 5.4.1),cpp,Accepted,43.0,7156.0,5051,
s408925357,p03675,u489207355,1498957428,C++,C++14 (GCC 5.4.1),cpp,Accepted,100.0,3072.0,431,
s210770793,p03675,u938487838,1498957428,C++,C++14 (GCC 5.4.1),cpp,Accepted,38.0,3072.0,579,
s559675792,p03675,u226155577,1498957422,Python,Python (2.7.6),py,Accepted,40.0,21364.0,145,
s368385366,p03675,u308377927,1498957417,C++,C++11 (GCC 4.8.1),cpp,Accepted,104.0,3840.0,716,
s127154409,p03675,u988832865,1498957417,C++,C++14 (GCC 5.4.1),cpp,Accepted,100.0,3840.0,533,
s253941374,p03675,u156163787,1498957417,C++,C++14 (GCC 5.4.1),cpp,Accepted,106.0,2944.0,1621,
s928747853,p03675,u061978627,1498957417,C++,C++14 (GCC 5.4.1),cpp,Accepted,44.0,3828.0,1505,
s711504156,p03675,u614707198,1498957416,C++,C++14 (GCC 5.4.1),cpp,Accepted,42.0,2944.0,243,
s042910406,p03675,u197964611,1498957413,C++,C++14 (GCC 5.4.1),cpp,Accepted,100.0,2944.0,769,
s320455198,p03675,u079330987,1498957413,C++,C++14 (GCC 5.4.1),cpp,Accepted,35.0,8448.0,3420,
s659442976,p03675,u405611259,1498957412,C++,C++14 (GCC 5.4.1),cpp,Accepted,41.0,2816.0,219,
s260293536,p03675,u854869949,1498957411,C++,C++14 (GCC 5.4.1),cpp,Accepted,51.0,3584.0,511,
s959885246,p03675,u242522964,1498957409,C++,C++14 (GCC 5.4.1),cpp,Accepted,37.0,2944.0,1086,
s963166566,p03675,u360980679,1498957405,C++,C++14 (GCC 5.4.1),cpp,Accepted,38.0,2944.0,4037,
s859375211,p03675,u789366780,1498957405,C++,C++14 (GCC 5.4.1),cpp,Accepted,43.0,2944.0,953,
s404672644,p03675,u817722036,1498957402,C++,C++14 (GCC 5.4.1),cpp,Accepted,106.0,3840.0,1097,
s053338318,p03675,u959443493,1498957397,C++,C++14 (GCC 5.4.1),cpp,Accepted,43.0,2944.0,317,
s313806896,p03675,u406010268,1498957395,C++,C++14 (GCC 5.4.1),cpp,Accepted,43.0,3840.0,1168,
s761615703,p03675,u504103417,1498957390,C++,C++14 (GCC 5.4.1),cpp,Accepted,127.0,3828.0,507,
s147708680,p03675,u945143813,1498957390,C++,C++14 (GCC 5.4.1),cpp,Accepted,38.0,2944.0,1186,
s314645287,p03675,u910288980,1498957389,C++,C++14 (GCC 5.4.1),cpp,Accepted,100.0,4608.0,1106,
s946069051,p03675,u753175612,1498957388,C++,C++14 (GCC 5.4.1),cpp,Accepted,43.0,3840.0,1308,
s794847489,p03675,u022317850,1498957387,C++,C++14 (GCC 5.4.1),cpp,Accepted,106.0,3840.0,1032,
s924696033,p03675,u615167754,1498957383,C++,C++14 (GCC 5.4.1),cpp,Accepted,40.0,3840.0,12631,
s106097044,p03675,u112723190,1498957383,C++,C++14 (GCC 5.4.1),cpp,Accepted,45.0,3072.0,1255,
s417099463,p03675,u021857012,1498957379,C++,C++14 (GCC 5.4.1),cpp,Accepted,38.0,3072.0,833,
s304587032,p03675,u657011188,1498957378,C++,C++14 (GCC 5.4.1),cpp,Accepted,52.0,3840.0,696,
s446342762,p03675,u247904511,1498957377,C++,C++14 (GCC 5.4.1),cpp,Accepted,39.0,3072.0,2025,
s083532545,p03675,u452725238,1498957376,C++,C++14 (GCC 5.4.1),cpp,Accepted,41.0,3072.0,950,
s558638028,p03675,u089727559,1498957376,C++,C++14 (GCC 5.4.1),cpp,Accepted,107.0,3072.0,403,
s690029058,p03675,u852599784,1498957374,C++,C++14 (GCC 5.4.1),cpp,Accepted,46.0,7040.0,1550,
s021019840,p03675,u045939752,1498957373,C++,C++14 (GCC 5.4.1),cpp,Accepted,43.0,2944.0,923,
s582885109,p03675,u769914802,1498957367,C++,C++14 (GCC 5.4.1),cpp,Accepted,52.0,3840.0,463,
s436156830,p03675,u741323508,1498957362,C++,C++14 (GCC 5.4.1),cpp,Accepted,101.0,2944.0,501,
s464978849,p03675,u665611537,1498957360,C++,C++14 (GCC 5.4.1),cpp,Accepted,42.0,3200.0,893,
s727561339,p03675,u955723966,1498957357,C++,C++14 (GCC 5.4.1),cpp,Accepted,39.0,4720.0,863,
s627800979,p03675,u075551644,1498957354,C++,C++14 (GCC 5.4.1),cpp,Accepted,97.0,6660.0,3670,
s076756196,p03675,u918357423,1498957352,C++,C++14 (GCC 5.4.1),cpp,Accepted,39.0,3712.0,1257,
s840971040,p03675,u938924220,1498957351,C++,C++14 (GCC 5.4.1),cpp,Accepted,39.0,4608.0,3634,
s882967503,p03675,u183044463,1498957347,C++,C++14 (GCC 5.4.1),cpp,Accepted,39.0,3956.0,975,
s809197185,p03675,u287015418,1498957347,C++,C++14 (GCC 5.4.1),cpp,Accepted,40.0,5496.0,1373,
s856519952,p03675,u101662185,1498957346,C++,C++14 (GCC 5.4.1),cpp,Accepted,40.0,2944.0,826,
s822791494,p03675,u303438665,1498957343,C++,C++14 (GCC 5.4.1),cpp,Accepted,43.0,3840.0,350,
s070578445,p03675,u424163068,1498957343,C++,C++14 (GCC 5.4.1),cpp,Accepted,46.0,4348.0,486,
s821294567,p03675,u248711665,1498957341,C++,C++14 (GCC 5.4.1),cpp,Accepted,38.0,3840.0,2138,
s115489530,p03675,u653773478,1498957331,C++,C++14 (GCC 5.4.1),cpp,Accepted,39.0,3840.0,835,
s044636190,p03675,u917944707,1498957328,C++,C++14 (GCC 5.4.1),cpp,Accepted,104.0,4352.0,876,
s575828119,p03675,u217568477,1498957325,C++,C++14 (GCC 5.4.1),cpp,Accepted,43.0,4348.0,1865,
s354362482,p03675,u279196402,1498957321,C++,C++14 (GCC 5.4.1),cpp,Accepted,18.0,4608.0,4065,
s175838000,p03675,u949649888,1498957317,C++,C++14 (GCC 5.4.1),cpp,Accepted,44.0,2944.0,533,
s575258918,p03675,u462560753,1498957306,C++,C++14 (GCC 5.4.1),cpp,Accepted,45.0,2944.0,1159,
