submission_id,problem_id,user_id,date,language,original_language,filename_ext,status,cpu_time,memory,code_size,accuracy
s777571980,p03805,u337018543,1601444645,C++,C++ (GCC 9.2.1),cpp,Accepted,3.0,3604.0,819,
s442825529,p03805,u925478083,1601439028,C++,C++ (GCC 9.2.1),cpp,Accepted,12.0,3672.0,3245,
s264446023,p03805,u515254225,1601434689,C++,C++ (GCC 9.2.1),cpp,Accepted,7.0,3632.0,961,
s405191575,p03805,u950935344,1601418583,C++,C++ (GCC 9.2.1),cpp,Accepted,23.0,3616.0,1130,
s788987520,p03805,u950935344,1601417009,C++,C++ (GCC 9.2.1),cpp,Accepted,7.0,3632.0,1249,
s640367586,p03805,u308711469,1601377953,C++,C++ (GCC 9.2.1),cpp,Accepted,9.0,3596.0,800,
s756763209,p03805,u528258842,1601377770,C++,C++ (GCC 9.2.1),cpp,Accepted,13.0,3624.0,735,
s589088205,p03805,u726536681,1601364473,C++,C++ (GCC 9.2.1),cpp,Accepted,10.0,3632.0,796,
s859388240,p03805,u493750228,1601348467,C++,C++ (GCC 9.2.1),cpp,Accepted,12.0,3648.0,8745,
s039676070,p03805,u289288647,1601348467,Python,Python (3.8.2),py,Accepted,90.0,9476.0,721,
s994484733,p03805,u289288647,1601348452,Python,PyPy3 (7.3.0),py,Accepted,107.0,70284.0,721,
s650333115,p03805,u748712781,1601348035,C++,C++ (GCC 9.2.1),cpp,Accepted,6.0,3656.0,808,
s985906881,p03805,u416758623,1601257093,C++,C++ (GCC 9.2.1),cpp,Accepted,8.0,3632.0,681,
s467480146,p03805,u962609087,1601249296,C++,C++ (GCC 9.2.1),cpp,Accepted,22.0,3636.0,979,
s281968645,p03805,u962609087,1601249262,C++,C++ (GCC 9.2.1),cpp,Accepted,24.0,3636.0,1004,
s921907558,p03805,u106342872,1601239597,C++,C++ (GCC 9.2.1),cpp,Accepted,14.0,3640.0,682,
s330152628,p03805,u188687538,1601237713,C++,C++ (GCC 9.2.1),cpp,Accepted,48.0,3644.0,1157,
s684988873,p03805,u133745933,1601234844,Python,PyPy3 (7.3.0),py,Accepted,80.0,68816.0,481,
s328624972,p03805,u366886346,1601223627,Python,Python (3.8.2),py,Accepted,36.0,9364.0,452,
s011995420,p03805,u942393279,1601218506,C++,C++ (GCC 9.2.1),cpp,Accepted,8.0,3648.0,6415,
s657466772,p03805,u784283302,1601175367,C++,C++ (GCC 9.2.1),cpp,Accepted,8.0,3636.0,535,
s710414359,p03805,u705418271,1601170379,Python,Python (3.8.2),py,Accepted,33.0,9208.0,342,
s591976674,p03805,u043048943,1601165068,Python,PyPy3 (7.3.0),py,Accepted,69.0,68352.0,956,
s717541406,p03805,u172248855,1601092055,C++,C++ (GCC 9.2.1),cpp,Accepted,8.0,3604.0,555,
s271030800,p03805,u651663683,1601079486,Python,Python (3.8.2),py,Accepted,33.0,9152.0,341,
s743213458,p03805,u038107109,1601075590,Python,Python (3.8.2),py,Accepted,34.0,9124.0,503,
s230003780,p03805,u708625735,1601073343,C++,C++ (GCC 9.2.1),cpp,Accepted,15.0,3660.0,1329,
s161789848,p03805,u379288456,1601052871,C++,C++ (GCC 9.2.1),cpp,Accepted,8.0,3824.0,595,
s277053263,p03805,u148981246,1601007590,Python,Python (3.8.2),py,Accepted,60.0,9096.0,415,
s344257185,p03805,u521323621,1600990276,Python,Python (3.8.2),py,Accepted,37.0,9636.0,381,
s695116374,p03805,u590427200,1600982931,C++,C++ (GCC 9.2.1),cpp,Accepted,12.0,3536.0,627,
s617719855,p03805,u556046719,1600979354,C++,C++ (GCC 9.2.1),cpp,Accepted,8.0,3604.0,750,
s244097622,p03805,u552058878,1600968681,C++,C++ (GCC 9.2.1),cpp,Accepted,6.0,3600.0,875,
s948982185,p03805,u416758623,1600967291,C++,C++ (GCC 9.2.1),cpp,Accepted,9.0,3600.0,551,
s900385534,p03805,u416758623,1600958537,C++,C++ (GCC 9.2.1),cpp,Accepted,7.0,3632.0,517,
s403393553,p03805,u416758623,1600956470,C++,C++ (GCC 9.2.1),cpp,Accepted,8.0,3628.0,772,
s421427482,p03805,u446371873,1600925403,C++,C++ (GCC 9.2.1),cpp,Accepted,8.0,3640.0,1013,
s525123119,p03805,u209457657,1600923133,C++,C++ (GCC 9.2.1),cpp,Accepted,6.0,3604.0,869,
s559368386,p03805,u731544174,1600920505,C++,C++ (GCC 9.2.1),cpp,Accepted,8.0,3676.0,1389,
s667683504,p03805,u516483179,1600906219,Python,PyPy3 (7.3.0),py,Accepted,90.0,74636.0,590,
s891905582,p03805,u682467216,1600902728,Python,PyPy3 (7.3.0),py,Accepted,87.0,74724.0,1814,
s455644942,p03805,u682467216,1600901479,Python,PyPy3 (7.3.0),py,Accepted,82.0,73708.0,901,
s916434043,p03805,u993868326,1600891620,C++,C++ (GCC 9.2.1),cpp,Accepted,6.0,3616.0,922,
s774933971,p03805,u280859559,1600880633,C++,C++ (GCC 9.2.1),cpp,Accepted,7.0,3652.0,518,
s764578732,p03805,u130492706,1600876357,C++,C++ (GCC 9.2.1),cpp,Accepted,6.0,3636.0,938,
s331702443,p03805,u648315264,1600874262,Python,PyPy3 (7.3.0),py,Accepted,83.0,74688.0,1212,
s633135596,p03805,u648315264,1600868688,Python,PyPy3 (7.3.0),py,Accepted,86.0,73912.0,1153,
s628744245,p03805,u765590009,1600840513,Python,Python (3.8.2),py,Accepted,33.0,9076.0,517,
s662073897,p03805,u597553490,1600831121,C++,C++ (GCC 9.2.1),cpp,Accepted,5.0,3640.0,1143,
s519273476,p03805,u809918012,1600827632,C++,C++ (GCC 9.2.1),cpp,Accepted,4.0,3572.0,1281,
s007509728,p03805,u625417564,1600824551,C++,C++ (GCC 9.2.1),cpp,Accepted,5.0,3620.0,1768,
s602759851,p03805,u344655022,1600820432,Python,PyPy3 (7.3.0),py,Accepted,74.0,72148.0,484,
s512271919,p03805,u306241759,1600816912,Python,Python (3.8.2),py,Accepted,47.0,13776.0,774,
s904183498,p03805,u714642046,1600811640,C++,C++ (GCC 9.2.1),cpp,Accepted,8.0,3624.0,573,
s010573049,p03805,u684901760,1600805187,C++,C++ (GCC 9.2.1),cpp,Accepted,6.0,3628.0,3273,
s667940718,p03805,u931173291,1600802673,C++,C++ (GCC 9.2.1),cpp,Accepted,8.0,3672.0,1814,
s760996995,p03805,u132589242,1600802410,C++,C++ (GCC 9.2.1),cpp,Accepted,8.0,3632.0,1343,
s247827962,p03805,u752802582,1600802251,Python,PyPy3 (7.3.0),py,Accepted,107.0,74984.0,852,
s440388142,p03805,u670580484,1600802119,C++,C++ (GCC 9.2.1),cpp,Accepted,9.0,3640.0,4192,
s754365929,p03805,u882564128,1600800251,Python,Python (3.8.2),py,Accepted,178.0,13968.0,475,
s182365124,p03805,u768347697,1600752499,C++,C++ (GCC 9.2.1),cpp,Accepted,6.0,3636.0,1259,
s180201282,p03805,u306241759,1600744120,Python,Python (3.8.2),py,Accepted,34.0,9160.0,975,
s700905988,p03805,u188687538,1600707985,C++,C++ (GCC 9.2.1),cpp,Accepted,11.0,3616.0,1449,
s345225919,p03805,u415370212,1600701385,C++,C++ (GCC 9.2.1),cpp,Accepted,9.0,3580.0,884,
s148854282,p03805,u339199690,1600696086,Python,Python (3.8.2),py,Accepted,35.0,9204.0,413,
s955542820,p03805,u339199690,1600696073,Python,PyPy3 (7.3.0),py,Accepted,74.0,73584.0,413,
s788655307,p03805,u821882713,1600669072,C++,C++ (GCC 9.2.1),cpp,Accepted,7.0,3592.0,892,
s581793584,p03805,u526923396,1600629189,C++,C++ (GCC 9.2.1),cpp,Accepted,11.0,3632.0,2387,
s712718776,p03805,u526923396,1600629101,C++,C++ (GCC 9.2.1),cpp,Accepted,9.0,3604.0,2292,
s887313551,p03805,u633967774,1600627741,C++,C++ (GCC 9.2.1),cpp,Accepted,6.0,3628.0,711,
s492150106,p03805,u374051158,1600626696,C++,C++ (GCC 9.2.1),cpp,Accepted,8.0,3600.0,927,
s066872847,p03805,u374051158,1600625874,C++,C++ (GCC 9.2.1),cpp,Accepted,6.0,3660.0,812,
s256398943,p03805,u572193732,1600616834,Python,Python (3.8.2),py,Accepted,71.0,13948.0,505,
s092846518,p03805,u911449886,1600607007,Python,PyPy3 (7.3.0),py,Accepted,64.0,66556.0,596,
s113586716,p03805,u184572586,1600559225,C++,C++ (GCC 9.2.1),cpp,Accepted,25.0,3580.0,2282,
s699483787,p03805,u745561510,1600555124,Python,PyPy3 (7.3.0),py,Accepted,74.0,67644.0,493,
s482650791,p03805,u745561510,1600554687,Python,PyPy3 (7.3.0),py,Accepted,78.0,73616.0,455,
s369522539,p03805,u882564128,1600544018,Python,Python (3.8.2),py,Accepted,212.0,13872.0,499,
s019113948,p03805,u280728543,1600503815,C++,C++ (GCC 9.2.1),cpp,Accepted,6.0,3580.0,885,
s904186316,p03805,u745561510,1600493295,Python,Python (3.8.2),py,Accepted,30.0,9088.0,509,
s677782453,p03805,u787059958,1600473660,Python,Python (3.8.2),py,Accepted,43.0,9436.0,466,
s050582294,p03805,u160852270,1600459636,C++,C++ (GCC 9.2.1),cpp,Accepted,11.0,3620.0,901,
s818367729,p03805,u160852270,1600459113,C++,C++ (GCC 9.2.1),cpp,Accepted,7.0,3636.0,1397,
s720259427,p03805,u398221039,1600443554,C++,C++ (GCC 9.2.1),cpp,Accepted,8.0,3660.0,991,
s854792161,p03805,u787059958,1600396324,Python,Python (3.8.2),py,Accepted,36.0,9368.0,442,
s136697544,p03805,u238205921,1600387775,C++,C++ (GCC 9.2.1),cpp,Accepted,6.0,3656.0,2017,
s826999627,p03805,u869519920,1600379483,Python,Python (3.8.2),py,Accepted,32.0,9016.0,400,
s762197033,p03805,u399298563,1600372679,Python,Python (3.8.2),py,Accepted,35.0,9120.0,398,
s420998967,p03805,u589969467,1600360454,Python,Python (3.8.2),py,Accepted,62.0,9600.0,624,
s296906125,p03805,u130076114,1600309646,Python,Python (3.8.2),py,Accepted,41.0,8972.0,524,
s311951104,p03805,u926861984,1600307416,C++,C++ (Clang 10.0.0),cpp,Accepted,11.0,3180.0,614,
s054086149,p03805,u100858029,1600298987,Python,Python (3.8.2),py,Accepted,35.0,9016.0,370,
s756124590,p03805,u693025087,1600279800,Python,PyPy3 (7.3.0),py,Accepted,105.0,75144.0,811,
s218514111,p03805,u278557766,1600236042,C++,C++ (GCC 9.2.1),cpp,Accepted,6.0,3548.0,1421,
s268339842,p03805,u934630944,1600227122,C++,C++ (GCC 9.2.1),cpp,Accepted,5.0,3572.0,1931,
s555754234,p03805,u901282405,1600221229,C++,C++ (GCC 9.2.1),cpp,Accepted,8.0,3612.0,12831,
s704767352,p03805,u285443936,1600220023,Python,Python (3.8.2),py,Accepted,38.0,9268.0,509,
s089475066,p03805,u806976856,1600210882,Python,Python (3.8.2),py,Accepted,34.0,8780.0,371,
s023427782,p03805,u771383254,1600210357,Python,Python (3.8.2),py,Accepted,29.0,9188.0,439,
s970076680,p03805,u806976856,1600209771,Python,PyPy3 (7.3.0),py,Accepted,68.0,67992.0,380,
s156521571,p03805,u470497486,1600201834,Python,PyPy3 (7.3.0),py,Accepted,75.0,74124.0,661,
s106655764,p03805,u942675949,1600200092,Python,Python (3.8.2),py,Accepted,122.0,27064.0,1580,
s694656288,p03805,u119171625,1600179457,C++,C++ (GCC 9.2.1),cpp,Accepted,8.0,3628.0,1004,
s545682982,p03805,u119171625,1600179416,C++,C++ (GCC 9.2.1),cpp,Accepted,10.0,3636.0,1004,
s379788302,p03805,u386530730,1600144128,C++,C++ (GCC 9.2.1),cpp,Accepted,5.0,3608.0,496,
s372024420,p03805,u325282913,1600143690,Python,Python (3.8.2),py,Accepted,30.0,8964.0,428,
s430969779,p03805,u806976856,1600141619,Python,PyPy3 (7.3.0),py,Accepted,72.0,73196.0,371,
s545295855,p03805,u806976856,1600141157,Python,PyPy3 (7.3.0),py,Accepted,77.0,73760.0,394,
s124077703,p03805,u936985471,1600119686,Python,Python (3.8.2),py,Accepted,36.0,9100.0,503,
s418898148,p03805,u893239355,1600097723,C++,C++ (GCC 9.2.1),cpp,Accepted,8.0,3628.0,733,
s545755806,p03805,u097161601,1600026855,C++,C++ (GCC 9.2.1),cpp,Accepted,7.0,3604.0,691,
s931350198,p03805,u097161601,1600026439,C++,C++ (GCC 9.2.1),cpp,Accepted,6.0,3600.0,1077,
s674990403,p03805,u620846115,1600005761,Python,Python (3.8.2),py,Accepted,37.0,9216.0,479,
s899463938,p03805,u825429469,1599959245,Python,Python (3.8.2),py,Accepted,39.0,9224.0,502,
s841493664,p03805,u667375816,1599953352,C++,C++ (GCC 9.2.1),cpp,Accepted,6.0,3640.0,1115,
s181850759,p03805,u607563136,1599948836,Python,Python (3.8.2),py,Accepted,36.0,9108.0,421,
s303070906,p03805,u045643130,1599948309,C++,C++ (GCC 9.2.1),cpp,Accepted,11.0,3744.0,1361,
s832313612,p03805,u673338219,1599929279,Python,PyPy3 (7.3.0),py,Accepted,69.0,69792.0,475,
s597512979,p03805,u145231176,1599913557,Python,PyPy3 (7.3.0),py,Accepted,158.0,83800.0,2690,
s088913974,p03805,u633402865,1599900763,C++,C++ (GCC 9.2.1),cpp,Accepted,6.0,3600.0,587,
s989243676,p03805,u244839008,1599893793,C++,C++ (GCC 9.2.1),cpp,Accepted,7.0,3636.0,1864,
s345927379,p03805,u619557935,1599892208,C++,C++ (GCC 9.2.1),cpp,Accepted,10.0,3576.0,1679,
s658466103,p03805,u619557935,1599890667,C++,C++ (GCC 9.2.1),cpp,Accepted,10.0,3516.0,1641,
s320684624,p03805,u607563136,1599852138,Python,Python (3.8.2),py,Accepted,44.0,9220.0,555,
s115497161,p03805,u590057656,1599850219,C++,C++ (GCC 9.2.1),cpp,Accepted,14.0,3596.0,1773,
s587603035,p03805,u014377276,1599840488,C++,C++ (GCC 9.2.1),cpp,Accepted,6.0,3604.0,1582,
s595159743,p03805,u776056110,1599827614,C++,C++ (GCC 9.2.1),cpp,Accepted,10.0,3696.0,2366,
s276799759,p03805,u582599197,1599825818,Python,Python (3.8.2),py,Accepted,42.0,9052.0,503,
s067877351,p03805,u892166393,1599776567,Python,Python (3.8.2),py,Accepted,52.0,13904.0,490,
s866682172,p03805,u309168663,1599769133,C++,C++ (GCC 9.2.1),cpp,Accepted,10.0,3592.0,682,
s579436224,p03805,u720558413,1599756424,Python,Python (3.8.2),py,Accepted,252.0,9168.0,612,
s847287446,p03805,u701131323,1599704278,C++,C++ (Clang 10.0.0),cpp,Accepted,11.0,3192.0,1350,
s061918264,p03805,u194542339,1599687538,Python,PyPy3 (7.3.0),py,Accepted,82.0,74708.0,899,
s149344713,p03805,u084949493,1599682557,C++,C++ (GCC 9.2.1),cpp,Accepted,6.0,3604.0,1286,
s160195296,p03805,u637289184,1599664097,Python,PyPy3 (7.3.0),py,Accepted,73.0,73572.0,408,
s167103702,p03805,u936176493,1599660061,C++,C++ (GCC 9.2.1),cpp,Accepted,8.0,3516.0,878,
s248250632,p03805,u134156483,1599624687,C++,C++ (GCC 9.2.1),cpp,Accepted,8.0,3592.0,964,
s321140840,p03805,u114407770,1599623613,C++,C++ (GCC 9.2.1),cpp,Accepted,9.0,3648.0,528,
s825708443,p03805,u552738814,1599623307,Python,Python (3.8.2),py,Accepted,40.0,9204.0,854,
s907660069,p03805,u552738814,1599623265,Python,Python (3.8.2),py,Accepted,30.0,9216.0,863,
s267776912,p03805,u552738814,1599623133,Python,Python (3.8.2),py,Accepted,39.0,9208.0,872,
s519308861,p03805,u552738814,1599622996,Python,Python (3.8.2),py,Accepted,37.0,9212.0,870,
s683171305,p03805,u450883456,1599622395,C++,C++ (GCC 9.2.1),cpp,Accepted,9.0,3640.0,947,
s902944834,p03805,u450922311,1599621532,C++,C++ (GCC 9.2.1),cpp,Accepted,9.0,3660.0,4600,
s137765649,p03805,u435019079,1599617063,C++,C++ (GCC 9.2.1),cpp,Accepted,6.0,3616.0,632,
s148411943,p03805,u934469795,1599614326,C++,C++ (GCC 9.2.1),cpp,Accepted,8.0,3632.0,1304,
s787898910,p03805,u434398296,1599593583,C++,C++ (GCC 9.2.1),cpp,Accepted,14.0,3640.0,2048,
s722233031,p03805,u863537799,1599537083,C++,C++ (GCC 9.2.1),cpp,Accepted,7.0,3628.0,2373,
s489788364,p03805,u552738814,1599536872,Python,Python (3.8.2),py,Accepted,37.0,9032.0,465,
s555107109,p03805,u798316285,1599533721,Python,Python (3.8.2),py,Accepted,37.0,9228.0,409,
s549291042,p03805,u324825702,1599532884,C++,C++ (GCC 9.2.1),cpp,Accepted,14.0,3612.0,1551,
s882952291,p03805,u037563046,1599532036,C++,C++ (GCC 9.2.1),cpp,Accepted,7.0,3580.0,11143,
s092496322,p03805,u037563046,1599531978,C++,C++ (GCC 9.2.1),cpp,Accepted,7.0,3636.0,11084,
s407066287,p03805,u037563046,1599531823,C++,C++ (GCC 9.2.1),cpp,Accepted,10.0,3632.0,11052,
s713017617,p03805,u926412290,1599530824,Python,Python (3.8.2),py,Accepted,29.0,9140.0,521,
s824245006,p03805,u926412290,1599530391,Python,PyPy3 (7.3.0),py,Accepted,85.0,74536.0,524,
s779096182,p03805,u601444374,1599526399,C++,C++ (GCC 9.2.1),cpp,Accepted,15.0,8304.0,1740,
s581253020,p03805,u612975321,1599525969,Python,PyPy3 (7.3.0),py,Accepted,158.0,77104.0,537,
s983939481,p03805,u612975321,1599525952,Python,Python (3.8.2),py,Accepted,269.0,9528.0,537,
s961650788,p03805,u499810514,1599519779,C++,C++ (GCC 9.2.1),cpp,Accepted,9.0,3744.0,924,
s143609328,p03805,u070600790,1599519183,C++,C++ (GCC 9.2.1),cpp,Accepted,6.0,3624.0,2628,
s093832008,p03805,u643840641,1599515199,C++,C++ (GCC 9.2.1),cpp,Accepted,8.0,3800.0,1535,
s975984525,p03805,u867848444,1599506814,C++,C++ (GCC 9.2.1),cpp,Accepted,6.0,3632.0,795,
s028200601,p03805,u896941378,1599484723,C++,C++ (GCC 9.2.1),cpp,Accepted,19.0,3604.0,935,
s743377387,p03805,u867826040,1599479289,Python,Python (3.8.2),py,Accepted,41.0,9192.0,396,
s768834690,p03805,u010415482,1599451702,C++,C++ (GCC 9.2.1),cpp,Accepted,9.0,3640.0,1509,
s053347465,p03805,u863370423,1599451427,C++,C++ (GCC 9.2.1),cpp,Accepted,11.0,6004.0,570,
s998196521,p03805,u915582296,1599449862,C++,C++ (GCC 9.2.1),cpp,Accepted,7.0,3620.0,1052,
s000258836,p03805,u915582296,1599449548,C++,C++ (GCC 9.2.1),cpp,Accepted,7.0,3504.0,958,
s219730507,p03805,u376366206,1599448168,C++,C++ (GCC 9.2.1),cpp,Accepted,7.0,3628.0,976,
s700319798,p03805,u979823197,1599446910,Python,PyPy3 (7.3.0),py,Accepted,74.0,73720.0,376,
s449812506,p03805,u190018920,1599444272,C++,C++ (GCC 9.2.1),cpp,Accepted,7.0,3664.0,1591,
s599605359,p03805,u313013569,1599433656,C++,C++ (GCC 9.2.1),cpp,Accepted,10.0,3636.0,1368,
s979472585,p03805,u578958929,1599432285,Python,PyPy3 (7.3.0),py,Accepted,67.0,67852.0,383,
s397091922,p03805,u337734014,1599422954,C++,C++ (GCC 9.2.1),cpp,Accepted,13.0,3644.0,843,
s593987624,p03805,u944325914,1599356895,Python,PyPy3 (7.3.0),py,Accepted,78.0,73860.0,451,
s634220259,p03805,u006880673,1599355399,Python,PyPy3 (7.3.0),py,Accepted,81.0,73944.0,476,
s343242428,p03805,u222188267,1599347023,C++,C++ (GCC 9.2.1),cpp,Accepted,6.0,3620.0,1582,
s713621577,p03805,u693209970,1599335604,C++,C++ (GCC 9.2.1),cpp,Accepted,6.0,3620.0,1514,
s256708865,p03805,u426572476,1599335051,C++,C++ (GCC 9.2.1),cpp,Accepted,7.0,3644.0,1665,
s783134504,p03805,u756388720,1599320706,Python,PyPy3 (7.3.0),py,Accepted,72.0,73968.0,452,
s057012633,p03805,u756388720,1599320637,Python,Python (3.8.2),py,Accepted,36.0,9108.0,452,
s098558796,p03805,u450028885,1599292230,Python,Python (3.8.2),py,Accepted,66.0,9500.0,605,
s475960030,p03805,u272628953,1599271977,C++,C++ (GCC 9.2.1),cpp,Accepted,8.0,3636.0,1262,
s316733547,p03805,u798359674,1599271690,C++,C++ (GCC 9.2.1),cpp,Accepted,8.0,3676.0,1219,
s995333889,p03805,u119171625,1599266873,C++,C++ (GCC 9.2.1),cpp,Accepted,6.0,3620.0,1094,
s200588084,p03805,u043844098,1599251186,Python,Python (3.8.2),py,Accepted,44.0,10252.0,670,
s848906620,p03805,u043844098,1599251014,Python,Python (3.8.2),py,Accepted,54.0,10256.0,655,
s195809554,p03805,u204514518,1599248859,C++,C++ (GCC 9.2.1),cpp,Accepted,7.0,3620.0,1629,
s028816999,p03805,u043844098,1599234001,Python,Python (3.8.2),py,Accepted,39.0,10080.0,767,
s701872041,p03805,u505122009,1599211624,C++,C++ (GCC 9.2.1),cpp,Accepted,6.0,3604.0,4025,
s503081199,p03805,u882923761,1599205637,C++,C++ (GCC 9.2.1),cpp,Accepted,8.0,3660.0,2643,
s706491895,p03805,u074220993,1599197151,Python,Python (3.8.2),py,Accepted,36.0,9192.0,411,
s105899016,p03805,u074220993,1599197008,Python,Python (3.8.2),py,Accepted,38.0,9220.0,434,
s671331956,p03805,u074220993,1599196851,Python,Python (3.8.2),py,Accepted,33.0,9108.0,435,
s358279741,p03805,u131946248,1599195396,C++,C++ (GCC 9.2.1),cpp,Accepted,13.0,3640.0,1749,
s345946836,p03805,u951145045,1599194941,Python,Python (3.8.2),py,Accepted,40.0,9236.0,504,
s919509023,p03805,u951145045,1599193041,Python,Python (3.8.2),py,Accepted,46.0,9052.0,532,
s841769943,p03805,u917382715,1599192311,C++,C++ (GCC 9.2.1),cpp,Accepted,5.0,3584.0,915,
s355170347,p03805,u668785999,1599189976,C++,C++ (GCC 9.2.1),cpp,Accepted,10.0,3664.0,2349,
s590974092,p03805,u516554284,1599183236,Python,Python (3.8.2),py,Accepted,35.0,9136.0,410,
s276608887,p03805,u649171296,1599182273,C++,C++ (GCC 9.2.1),cpp,Accepted,5.0,3632.0,1137,
s937892557,p03805,u646646724,1599160661,C++,C++ (GCC 9.2.1),cpp,Accepted,10.0,3624.0,677,
s832434096,p03805,u350093546,1599130593,Python,PyPy3 (7.3.0),py,Accepted,66.0,68892.0,453,
s295896105,p03805,u649171296,1599125552,C++,C++ (GCC 9.2.1),cpp,Accepted,9.0,5980.0,1079,
s151676140,p03805,u570601094,1599123100,C++,C++ (GCC 9.2.1),cpp,Accepted,9.0,3596.0,1092,
s390065402,p03805,u191114518,1599103951,C++,C++ (GCC 9.2.1),cpp,Accepted,8.0,3600.0,817,
s549740929,p03805,u931901821,1599098005,C++,C++ (GCC 9.2.1),cpp,Accepted,8.0,3648.0,1221,
s231067988,p03805,u153390822,1599093492,C++,C++ (GCC 9.2.1),cpp,Accepted,6.0,3636.0,3958,
s311243414,p03805,u188891508,1599078923,C++,C++ (GCC 9.2.1),cpp,Accepted,14.0,3644.0,1939,
s438950592,p03805,u384793271,1599076151,Python,Python (3.8.2),py,Accepted,33.0,9132.0,500,
s185976718,p03805,u489823438,1599061406,C++,C++ (GCC 9.2.1),cpp,Accepted,8.0,3640.0,974,
s605675712,p03805,u859987056,1599021702,Python,Python (3.8.2),py,Accepted,39.0,9212.0,513,
s964423751,p03805,u419963262,1599009972,Python,Python (3.8.2),py,Accepted,71.0,9236.0,430,
s874456741,p03805,u419963262,1599009945,Python,PyPy3 (7.3.0),py,Accepted,165.0,73812.0,430,
s378656986,p03805,u252405453,1598988025,Python,Python (3.8.2),py,Accepted,31.0,9212.0,519,
s595410924,p03805,u699193595,1598935667,C++,C++ (GCC 9.2.1),cpp,Accepted,10.0,3600.0,705,
s129523963,p03805,u699193595,1598935652,C++,C++ (GCC 9.2.1),cpp,Accepted,6.0,3704.0,705,
s104461669,p03805,u282813849,1598920391,Python,Python (3.8.2),py,Accepted,38.0,9152.0,490,
s647043591,p03805,u573154728,1598909035,C++,C++ (GCC 9.2.1),cpp,Accepted,7.0,3616.0,1276,
s929607301,p03805,u758223800,1598898095,C++,C++ (GCC 9.2.1),cpp,Accepted,5.0,3656.0,1110,
s439917605,p03805,u798260206,1598889520,Python,PyPy3 (7.3.0),py,Accepted,81.0,74380.0,481,
s201414699,p03805,u434587934,1598888548,C++,C++ (GCC 9.2.1),cpp,Accepted,5.0,3640.0,1680,
s295010184,p03805,u427344224,1598830144,C++,C++ (GCC 9.2.1),cpp,Accepted,7.0,3668.0,1580,
s076497031,p03805,u579001504,1598804358,C++,C++ (GCC 9.2.1),cpp,Accepted,6.0,3608.0,1131,
s937192950,p03805,u579001504,1598803856,C++,C++ (GCC 9.2.1),cpp,Accepted,17.0,3604.0,1027,
s650402152,p03805,u104613587,1598771257,C++,C++ (GCC 9.2.1),cpp,Accepted,5.0,3664.0,583,
s892719145,p03805,u104613587,1598771143,C++,C++ (GCC 9.2.1),cpp,Accepted,4.0,3632.0,600,
s490670085,p03805,u000212387,1598750319,C++,C++ (GCC 9.2.1),cpp,Accepted,6.0,3612.0,1907,
s085992555,p03805,u779805689,1598746228,Python,PyPy3 (7.3.0),py,Accepted,66.0,70108.0,338,
s253601147,p03805,u291332466,1598744835,C++,C++ (GCC 9.2.1),cpp,Accepted,6.0,3604.0,919,
s462929621,p03805,u975768774,1598743001,C++,C++ (GCC 9.2.1),cpp,Accepted,8.0,3616.0,946,
s919738433,p03805,u171046846,1598735240,C++,C++ (GCC 9.2.1),cpp,Accepted,9.0,3604.0,831,
s182389824,p03805,u047796752,1598734812,Python,PyPy3 (7.3.0),py,Accepted,76.0,73592.0,439,
s317036395,p03805,u304058693,1598728497,Python,Python (3.8.2),py,Accepted,65.0,10172.0,770,
s762433647,p03805,u284045566,1598728317,Python,Python (3.8.2),py,Accepted,66.0,10172.0,630,
s663488379,p03805,u978260507,1598728163,C++,C++ (GCC 9.2.1),cpp,Accepted,28.0,3628.0,1864,
s019421647,p03805,u684814987,1598725541,Python,Python (3.8.2),py,Accepted,55.0,13948.0,484,
s556399632,p03805,u115672517,1598715526,C++,C++ (GCC 9.2.1),cpp,Accepted,7.0,3572.0,615,
s985357873,p03805,u538283043,1598713289,C++,C++ (GCC 9.2.1),cpp,Accepted,8.0,3564.0,664,
s804964761,p03805,u225581241,1598651492,C++,C++ (GCC 9.2.1),cpp,Accepted,8.0,3676.0,1286,
s071221436,p03805,u678167152,1598641991,Python,Python (3.8.2),py,Accepted,127.0,26812.0,442,
s636758572,p03805,u423966555,1598625409,Python,Python (3.8.2),py,Accepted,38.0,9232.0,544,
s623442037,p03805,u539011156,1598596201,C++,C++ (GCC 9.2.1),cpp,Accepted,7.0,3648.0,4895,
s742629951,p03805,u126905253,1598591541,C++,C++ (GCC 9.2.1),cpp,Accepted,8.0,3644.0,856,
s071378183,p03805,u677393869,1598581262,Python,Python (3.8.2),py,Accepted,32.0,9152.0,899,
s012174110,p03805,u563502845,1598580346,C++,C++ (GCC 9.2.1),cpp,Accepted,6.0,3668.0,2570,
s991031419,p03805,u813174766,1598578368,C++,C++ (GCC 9.2.1),cpp,Accepted,8.0,3588.0,495,
s421255758,p03805,u813174766,1598578318,C++,C++ (GCC 9.2.1),cpp,Accepted,6.0,3596.0,513,
s061472840,p03805,u946467231,1598575482,C++,C++ (Clang 10.0.0),cpp,Accepted,6.0,3136.0,1063,
s994471696,p03805,u063318293,1598563939,C++,C++ (GCC 9.2.1),cpp,Accepted,8.0,3584.0,861,
s716930420,p03805,u108540384,1598558974,C++,C++ (GCC 9.2.1),cpp,Accepted,6.0,3580.0,643,
s993921744,p03805,u986555878,1598557828,C++,C++ (GCC 9.2.1),cpp,Accepted,17.0,3636.0,662,
s043845834,p03805,u604839890,1598555673,Python,Python (3.8.2),py,Accepted,46.0,13868.0,398,
s073601286,p03805,u726501606,1598543357,C++,C++ (GCC 9.2.1),cpp,Accepted,287.0,61028.0,1289,
s011780493,p03805,u888092736,1598541836,Python,Python (3.8.2),py,Accepted,35.0,9216.0,434,
s294798234,p03805,u888092736,1598540999,Python,Python (3.8.2),py,Accepted,36.0,9200.0,355,
s544128050,p03805,u888092736,1598540948,Python,Python (3.8.2),py,Accepted,39.0,9324.0,559,
s528960180,p03805,u888092736,1598539956,Python,Python (3.8.2),py,Accepted,31.0,9208.0,380,
s900784361,p03805,u506422964,1598539168,C++,C++ (GCC 9.2.1),cpp,Accepted,6.0,3616.0,1054,
s568096283,p03805,u506422964,1598534883,C++,C++ (GCC 9.2.1),cpp,Accepted,6.0,3636.0,1515,
s233479175,p03805,u416106853,1598516308,C++,C++ (GCC 9.2.1),cpp,Accepted,9.0,5992.0,2039,
s190624898,p03805,u285681431,1598505299,Python,PyPy3 (7.3.0),py,Accepted,73.0,73636.0,545,
s169202512,p03805,u450179832,1598498056,C++,C++ (GCC 9.2.1),cpp,Accepted,6.0,3664.0,770,
s627086907,p03805,u506422964,1598489500,C++,C++ (GCC 9.2.1),cpp,Accepted,8.0,3624.0,1220,
s754580696,p03805,u433195318,1598488410,C++,C++ (GCC 9.2.1),cpp,Accepted,13.0,10232.0,19724,
s757420393,p03805,u378691508,1598486541,Python,Python (3.8.2),py,Accepted,41.0,9140.0,610,
s040404515,p03805,u992471673,1598476910,C++,C++ (GCC 9.2.1),cpp,Accepted,6.0,3884.0,1150,
s137246395,p03805,u072293789,1598474777,C++,C++ (GCC 9.2.1),cpp,Accepted,6.0,3636.0,794,
s040352219,p03805,u815878613,1598473241,Python,Python (3.8.2),py,Accepted,269.0,9228.0,636,
s430478979,p03805,u220246363,1598470744,Python,Python (3.8.2),py,Accepted,225.0,9080.0,498,
s790981119,p03805,u597455618,1598429980,Python,Python (3.8.2),py,Accepted,43.0,9128.0,534,
s194369822,p03805,u338791285,1598411389,C++,C++ (GCC 9.2.1),cpp,Accepted,5.0,3488.0,1327,
s220865049,p03805,u926006934,1598411229,C++,C++ (GCC 9.2.1),cpp,Accepted,8.0,3732.0,2829,
s345042929,p03805,u338791285,1598409159,C++,C++ (GCC 9.2.1),cpp,Accepted,8.0,3564.0,1356,
s195587392,p03805,u308463793,1598408859,C++,C++ (GCC 9.2.1),cpp,Accepted,6.0,3572.0,1145,
s260223408,p03805,u843929518,1598393630,C++,C++ (GCC 9.2.1),cpp,Accepted,6.0,3624.0,895,
s937667307,p03805,u642384509,1598383570,C++,C++ (GCC 9.2.1),cpp,Accepted,16.0,3636.0,843,
s787558237,p03805,u017415492,1598361456,Python,Python (3.8.2),py,Accepted,36.0,9384.0,384,
s160146095,p03805,u906157186,1598340494,C++,C++ (GCC 9.2.1),cpp,Accepted,8.0,3600.0,961,
s100879795,p03805,u842170774,1598317079,Python,PyPy3 (7.3.0),py,Accepted,117.0,74848.0,323,
s660853730,p03805,u170199544,1598316986,C++,C++ (GCC 9.2.1),cpp,Accepted,7.0,3600.0,1340,
s704299568,p03805,u864667985,1598314222,C++,C++ (GCC 9.2.1),cpp,Accepted,9.0,3608.0,1284,
s348317252,p03805,u893584578,1598313367,C++,C++ (GCC 9.2.1),cpp,Accepted,9.0,3728.0,816,
s851959667,p03805,u481250941,1598308747,Python,Python (3.8.2),py,Accepted,139.0,16160.0,1330,
s166072671,p03805,u993074316,1598308224,C++,C++ (GCC 9.2.1),cpp,Accepted,7.0,3600.0,1555,
s347531839,p03805,u759412327,1598302572,Python,Python (3.8.2),py,Accepted,365.0,53196.0,232,
s216036185,p03805,u990726146,1598299260,Python,Python (3.8.2),py,Accepted,35.0,9168.0,371,
s043973282,p03805,u521271655,1598286923,Python,Python (3.8.2),py,Accepted,40.0,9300.0,492,
s462958971,p03805,u017415492,1598258857,Python,PyPy3 (7.3.0),py,Accepted,71.0,74264.0,416,
s871076388,p03805,u045408189,1598235962,Python,Python (3.8.2),py,Accepted,40.0,9216.0,381,
s634396462,p03805,u285991898,1598235296,C++,C++ (GCC 9.2.1),cpp,Accepted,7.0,3628.0,1509,
s645124218,p03805,u285991898,1598235040,C++,C++ (GCC 9.2.1),cpp,Accepted,7.0,3668.0,1626,
s115456135,p03805,u761320129,1598222724,Python,Python (3.8.2),py,Accepted,35.0,9120.0,375,
s350422291,p03805,u389007679,1598217336,C++,C++ (GCC 9.2.1),cpp,Accepted,6.0,3620.0,1554,
s898315684,p03805,u617826263,1598217238,C++,C++ (GCC 9.2.1),cpp,Accepted,8.0,3576.0,1111,
s125617721,p03805,u608773191,1598211909,C++,C++ (GCC 9.2.1),cpp,Accepted,11.0,3724.0,2941,
s303574942,p03805,u250795848,1598211447,Python,Python (3.8.2),py,Accepted,43.0,9408.0,663,
s658858917,p03805,u897304429,1598200537,C++,C++ (GCC 9.2.1),cpp,Accepted,7.0,3612.0,2581,
s970261687,p03805,u437351386,1598142623,Python,Python (3.8.2),py,Accepted,36.0,9144.0,969,
s923178340,p03805,u896588506,1598126745,Python,PyPy3 (7.3.0),py,Accepted,92.0,75116.0,918,
s710058459,p03805,u107639613,1598117457,Python,PyPy3 (7.3.0),py,Accepted,95.0,74840.0,722,
s782991849,p03805,u569690172,1598063020,C++,C++ (GCC 9.2.1),cpp,Accepted,7.0,3560.0,808,
s202697211,p03805,u851745087,1598032863,C++,C++ (GCC 9.2.1),cpp,Accepted,7.0,3624.0,696,
s418531275,p03805,u632679464,1598026227,C++,C++ (GCC 9.2.1),cpp,Accepted,10.0,3616.0,703,
s124785529,p03805,u070201429,1598022823,Python,PyPy3 (7.3.0),py,Accepted,124.0,74616.0,729,
s465356207,p03805,u123756661,1597979596,C++,C++ (GCC 9.2.1),cpp,Accepted,7.0,3796.0,696,
s395450958,p03805,u991713078,1597979573,C++,C++ (GCC 9.2.1),cpp,Accepted,8.0,3636.0,522,
s560866275,p03805,u563170985,1597978820,C++,C++ (GCC 9.2.1),cpp,Accepted,7.0,3572.0,802,
s184220268,p03805,u123756661,1597978794,Python,PyPy3 (7.3.0),py,Accepted,80.0,79752.0,363,
s334128327,p03805,u959519702,1597976523,C++,C++ (GCC 9.2.1),cpp,Accepted,17.0,3584.0,2984,
s833530158,p03805,u563170985,1597976090,C++,C++ (GCC 9.2.1),cpp,Accepted,9.0,3640.0,1024,
s285063556,p03805,u200916944,1597975446,Python,Python (3.8.2),py,Accepted,29.0,9224.0,490,
s297346182,p03805,u495704746,1597956153,C++,C++ (GCC 9.2.1),cpp,Accepted,8.0,3616.0,1003,
s470090793,p03805,u239023686,1597952459,C++,C++ (Clang 10.0.0),cpp,Accepted,7.0,3192.0,976,
s593071237,p03805,u186838327,1597940360,Python,Python (3.8.2),py,Accepted,30.0,9020.0,518,
s616177697,p03805,u186838327,1597940335,Python,PyPy3 (7.3.0),py,Accepted,313.0,80072.0,518,
s114404001,p03805,u779618803,1597913560,C++,C++ (GCC 9.2.1),cpp,Accepted,6.0,3608.0,949,
s822414751,p03805,u812793098,1597897914,C++,C++ (GCC 9.2.1),cpp,Accepted,8.0,3628.0,1236,
s401666104,p03805,u030090262,1597897253,C++,C++ (GCC 9.2.1),cpp,Accepted,9.0,3524.0,8940,
s335614430,p03805,u030090262,1597897148,C++,C++ (GCC 9.2.1),cpp,Accepted,8.0,3660.0,8969,
s608711699,p03805,u359358631,1597875630,Python,Python (3.8.2),py,Accepted,84.0,9204.0,786,
s833240142,p03805,u955248595,1597873302,Python,Python (3.8.2),py,Accepted,39.0,9212.0,545,
s470313009,p03805,u905203728,1597872424,Python,PyPy3 (7.3.0),py,Accepted,125.0,73748.0,434,
s014716914,p03805,u779159351,1597870746,C++,C++ (GCC 9.2.1),cpp,Accepted,8.0,3704.0,3776,
s920912518,p03805,u905203728,1597865814,Python,PyPy3 (7.3.0),py,Accepted,79.0,73112.0,419,
s242466530,p03805,u043125923,1597865066,C++,C++ (Clang 10.0.0),cpp,Accepted,14.0,3156.0,894,
s923895426,p03805,u255137505,1597859720,C++,C++ (GCC 9.2.1),cpp,Accepted,9.0,3648.0,678,
s552224007,p03805,u378256086,1597859061,C++,C++ (GCC 9.2.1),cpp,Accepted,8.0,3740.0,624,
s661594125,p03805,u437351386,1597853954,Python,Python (3.8.2),py,Accepted,36.0,9072.0,877,
s849187366,p03805,u280276822,1597853666,C++,C++ (Clang 10.0.0),cpp,Accepted,9.0,3152.0,741,
s007549996,p03805,u430726059,1597850553,Python,Python (3.8.2),py,Accepted,278.0,13840.0,397,
s789400987,p03805,u430726059,1597850477,Python,Python (3.8.2),py,Accepted,308.0,13812.0,399,
s995419501,p03805,u378256086,1597849914,C++,C++ (GCC 9.2.1),cpp,Accepted,1189.0,3756.0,1143,
s812691486,p03805,u437351386,1597808448,Python,PyPy3 (7.3.0),py,Accepted,71.0,71396.0,575,
s515881469,p03805,u106971015,1597805805,Python,Python (3.8.2),py,Accepted,36.0,9168.0,528,
s132608586,p03805,u506464494,1597797231,C++,C++ (GCC 9.2.1),cpp,Accepted,7.0,3580.0,779,
s826862484,p03805,u941753895,1597792183,Python,Python (3.8.2),py,Accepted,52.0,10720.0,1012,
s985531864,p03805,u204523044,1597791469,C++,C++ (GCC 9.2.1),cpp,Accepted,6.0,3608.0,696,
s518761724,p03805,u296155726,1597783091,C++,C++ (Clang 10.0.0),cpp,Accepted,10.0,3168.0,1157,
s925580678,p03805,u185935459,1597771406,C++,C++ (GCC 9.2.1),cpp,Accepted,14.0,3632.0,817,
s435332965,p03805,u761529120,1597757587,Python,PyPy3 (7.3.0),py,Accepted,79.0,74324.0,773,
s895477689,p03805,u790949059,1597745425,C++,C++ (GCC 9.2.1),cpp,Accepted,8.0,3596.0,1274,
s318588387,p03805,u504183161,1597732851,C++,C++ (GCC 9.2.1),cpp,Accepted,6.0,3784.0,809,
s754195136,p03805,u993904785,1597732654,C++,C++ (GCC 9.2.1),cpp,Accepted,8.0,3588.0,923,
s081043390,p03805,u993904785,1597732565,C++,C++ (GCC 9.2.1),cpp,Accepted,9.0,3648.0,923,
s000134478,p03805,u031240034,1597722941,C++,C++ (GCC 9.2.1),cpp,Accepted,10.0,3640.0,649,
s125294714,p03805,u031240034,1597719113,C++,C++ (GCC 9.2.1),cpp,Accepted,5.0,3624.0,511,
s597860886,p03805,u054652697,1597700145,C++,C++ (GCC 9.2.1),cpp,Accepted,8.0,3704.0,1608,
s189898062,p03805,u192154323,1597689251,Python,Python (3.8.2),py,Accepted,39.0,9000.0,532,
s850330676,p03805,u063318293,1597680825,C++,C++ (GCC 9.2.1),cpp,Accepted,8.0,3600.0,1000,
s350675024,p03805,u754114382,1597675510,C++,C++ (GCC 9.2.1),cpp,Accepted,13.0,3644.0,605,
s302168104,p03805,u721652634,1597631790,C++,C++ (GCC 9.2.1),cpp,Accepted,4.0,3568.0,441,
s949919212,p03805,u449663955,1597629665,C++,C++ (GCC 9.2.1),cpp,Accepted,11.0,3596.0,1016,
s226431832,p03805,u589539514,1597619216,C++,C++ (GCC 9.2.1),cpp,Accepted,7.0,3608.0,856,
s853136804,p03805,u146066372,1597607187,Python,Python (3.8.2),py,Accepted,33.0,9216.0,507,
s235297708,p03805,u648881683,1597607048,Python,Python (3.8.2),py,Accepted,40.0,10052.0,965,
s036208921,p03805,u035210736,1597605700,Python,Python (3.8.2),py,Accepted,363.0,53328.0,242,
s859846222,p03805,u731886385,1597592777,C++,C++ (GCC 9.2.1),cpp,Accepted,7.0,3628.0,1051,
s975511937,p03805,u524981247,1597536285,C++,C++ (GCC 9.2.1),cpp,Accepted,14.0,3628.0,1479,
s048288705,p03805,u262597910,1597530647,Python,Python (3.8.2),py,Accepted,38.0,9180.0,534,
s253501400,p03805,u604839890,1597527086,Python,Python (3.8.2),py,Accepted,53.0,14008.0,422,
s666664585,p03805,u604839890,1597526980,Python,Python (3.8.2),py,Accepted,49.0,13900.0,483,
s220810679,p03805,u644789826,1597526870,C++,C++ (GCC 9.2.1),cpp,Accepted,9.0,3636.0,927,
s439419097,p03805,u054514819,1597522484,Python,PyPy3 (7.3.0),py,Accepted,66.0,67352.0,559,
s614257668,p03805,u604839890,1597516808,Python,Python (3.8.2),py,Accepted,47.0,13744.0,413,
s605195420,p03805,u192154323,1597510193,Python,Python (3.8.2),py,Accepted,42.0,9160.0,568,
s785204614,p03805,u821588465,1597494378,Python,Python (3.8.2),py,Accepted,45.0,9160.0,321,
s422119814,p03805,u950002813,1597471160,C++,C++ (GCC 9.2.1),cpp,Accepted,6.0,1704.0,6022,
s002111697,p03805,u074220993,1597470515,Python,Python (3.8.2),py,Accepted,35.0,9156.0,733,
s820029550,p03805,u074220993,1597470008,Python,Python (3.8.2),py,Accepted,42.0,9096.0,501,
s194338959,p03805,u605687528,1597459218,C++,C++ (GCC 9.2.1),cpp,Accepted,16.0,3572.0,899,
s462839665,p03805,u489959379,1597457478,Python,Python (3.8.2),py,Accepted,33.0,9068.0,678,
s005483009,p03805,u024340351,1597449106,Python,Python (3.8.2),py,Accepted,150.0,31060.0,497,
s557961704,p03805,u821102066,1597442651,C++,C++ (GCC 9.2.1),cpp,Accepted,8.0,3668.0,682,
s170874906,p03805,u821588465,1597435013,Python,Python (3.8.2),py,Accepted,39.0,9512.0,439,
s749425477,p03805,u804182086,1597431948,Python,Python (3.8.2),py,Accepted,73.0,9096.0,396,
s228988082,p03805,u860546679,1597426611,C++,C++ (GCC 9.2.1),cpp,Accepted,6.0,3620.0,1141,
s408970133,p03805,u948911484,1597416978,Python,PyPy3 (7.3.0),py,Accepted,79.0,73756.0,421,
s029148431,p03805,u985929170,1597401966,Python,Python (3.8.2),py,Accepted,44.0,9212.0,425,
s624747594,p03805,u945359338,1597389594,C++,C++ (GCC 9.2.1),cpp,Accepted,6.0,3620.0,790,
s177201456,p03805,u835523614,1597375264,C++,C++ (GCC 9.2.1),cpp,Accepted,12.0,5948.0,629,
s118074116,p03805,u436733497,1597370670,Python,PyPy3 (7.3.0),py,Accepted,77.0,73672.0,546,
s863602494,p03805,u035210736,1597366712,Python,Python (3.8.2),py,Accepted,53.0,9504.0,373,
s186161865,p03805,u760961723,1597348036,Python,Python (3.8.2),py,Accepted,63.0,9652.0,865,
s070251809,p03805,u442810826,1597338036,C++,C++ (GCC 9.2.1),cpp,Accepted,633.0,6248.0,5640,
s487494332,p03805,u475843109,1597278419,C++,C++ (GCC 9.2.1),cpp,Accepted,6.0,3648.0,647,
s096672786,p03805,u965730380,1597278045,C++,C++ (GCC 9.2.1),cpp,Accepted,7.0,3652.0,1162,
s831459297,p03805,u045176840,1597272476,C++,C++ (GCC 9.2.1),cpp,Accepted,8.0,3612.0,990,
s005084246,p03805,u045176840,1597272141,C++,C++ (GCC 9.2.1),cpp,Accepted,8.0,3588.0,982,
s439269769,p03805,u699330893,1597271129,C++,C++ (GCC 9.2.1),cpp,Accepted,7.0,3576.0,1481,
s553685810,p03805,u835575472,1597268996,C++,C++ (GCC 9.2.1),cpp,Accepted,9.0,3656.0,937,
s463396838,p03805,u741144749,1597265107,C++,C++ (GCC 9.2.1),cpp,Accepted,7.0,3628.0,726,
s878110837,p03805,u682672120,1597254675,Python,Python (3.8.2),py,Accepted,41.0,9140.0,514,
s159052733,p03805,u493520238,1597252789,Python,PyPy3 (7.3.0),py,Accepted,213.0,67476.0,463,
s497799678,p03805,u338597441,1597246876,Python,Python (3.8.2),py,Accepted,69.0,9128.0,435,
s690840400,p03805,u729119068,1597242800,C++,C++ (GCC 9.2.1),cpp,Accepted,7.0,3604.0,498,
s443655284,p03805,u423665486,1597208411,C++,C++ (GCC 9.2.1),cpp,Accepted,9.0,3580.0,880,
s508434195,p03805,u668650380,1597195369,C++,C++ (GCC 9.2.1),cpp,Accepted,6.0,3620.0,607,
s055753503,p03805,u266874640,1597174718,C++,C++ (GCC 9.2.1),cpp,Accepted,7.0,3616.0,3317,
s234006748,p03805,u355853184,1597152313,Python,Python (3.8.2),py,Accepted,165.0,9164.0,919,
s161189227,p03805,u508183081,1597133622,C++,C++ (GCC 9.2.1),cpp,Accepted,32.0,3552.0,863,
s241985822,p03805,u288430479,1597117620,Python,Python (3.8.2),py,Accepted,35.0,9164.0,464,
s650270038,p03805,u600480888,1597113554,C++,C++ (GCC 9.2.1),cpp,Accepted,9.0,3520.0,748,
s744464687,p03805,u016754603,1597106278,C++,C++ (GCC 9.2.1),cpp,Accepted,7.0,3588.0,752,
s086351962,p03805,u583507988,1597105948,Python,Python (3.8.2),py,Accepted,41.0,9216.0,408,
s433393680,p03805,u592944963,1597081141,Python,Python (3.8.2),py,Accepted,38.0,9464.0,490,
s523375784,p03805,u423665486,1597078357,C++,C++ (GCC 9.2.1),cpp,Accepted,10.0,4008.0,1388,
s571608851,p03805,u154300519,1597073250,Python,Python (3.8.2),py,Accepted,36.0,9216.0,532,
s951845255,p03805,u340121166,1597064948,C++,C++ (GCC 9.2.1),cpp,Accepted,14.0,3636.0,1207,
s058634885,p03805,u401686269,1597059227,Python,Python (3.8.2),py,Accepted,34.0,9148.0,536,
s893746655,p03805,u752774573,1597037417,Python,PyPy3 (7.3.0),py,Accepted,119.0,74852.0,361,
s876097981,p03805,u380491044,1597028914,C++,C++ (GCC 9.2.1),cpp,Accepted,11.0,3576.0,748,
s862560381,p03805,u851745087,1597025984,C++,C++ (GCC 9.2.1),cpp,Accepted,13.0,3636.0,936,
s698855861,p03805,u901555384,1596995296,C++,C++ (GCC 9.2.1),cpp,Accepted,6.0,3600.0,1285,
s007058221,p03805,u556594202,1596991863,Python,Python (3.8.2),py,Accepted,158.0,31924.0,475,
s637238309,p03805,u332946309,1596991508,C++,C++ (GCC 9.2.1),cpp,Accepted,7.0,3624.0,977,
s937604722,p03805,u068727970,1596978355,Python,Python (3.8.2),py,Accepted,38.0,9004.0,475,
s543636473,p03805,u068727970,1596977597,Python,Python (3.8.2),py,Accepted,98.0,9568.0,1221,
s349519986,p03805,u137226361,1596968868,Python,Python (3.8.2),py,Accepted,43.0,9120.0,420,
s511068558,p03805,u070200692,1596942456,C++,C++ (GCC 9.2.1),cpp,Accepted,10.0,3588.0,642,
s500548181,p03805,u622045059,1596931684,C++,C++ (GCC 9.2.1),cpp,Accepted,20.0,3616.0,1348,
s842202722,p03805,u020548905,1596923860,C++,C++ (GCC 9.2.1),cpp,Accepted,7.0,3628.0,1225,
s538849817,p03805,u023229441,1596909010,Python,Python (3.8.2),py,Accepted,44.0,9908.0,1019,
s181140998,p03805,u958958520,1596907051,Python,Python (3.8.2),py,Accepted,32.0,9136.0,544,
s559707806,p03805,u345188429,1596861946,C++,C++ (GCC 9.2.1),cpp,Accepted,6.0,3612.0,1472,
s733196934,p03805,u730769327,1596855812,Python,PyPy3 (7.3.0),py,Accepted,97.0,79436.0,402,
s547914168,p03805,u730769327,1596855039,Python,PyPy3 (7.3.0),py,Accepted,81.0,73608.0,297,
s953891548,p03805,u730769327,1596855003,Python,PyPy3 (7.3.0),py,Accepted,70.0,73868.0,332,
s903561682,p03805,u790877102,1596793153,C++,C++ (GCC 9.2.1),cpp,Accepted,7.0,3600.0,825,
s546712493,p03805,u596311864,1596726679,C++,C++ (GCC 9.2.1),cpp,Accepted,6.0,3584.0,974,
s975512520,p03805,u248364740,1596725479,Python,Python (3.8.2),py,Accepted,46.0,9260.0,1533,
s294508650,p03805,u642657797,1596699504,C++,C++ (GCC 9.2.1),cpp,Accepted,31.0,27048.0,1062,
s711065135,p03805,u360574092,1596688073,Python,PyPy3 (7.3.0),py,Accepted,106.0,76300.0,573,
s789322113,p03805,u412255932,1596669194,Python,PyPy3 (7.3.0),py,Accepted,84.0,74404.0,563,
s817846244,p03805,u338597441,1596662336,Python,Python (3.8.2),py,Accepted,65.0,9220.0,434,
s277728790,p03805,u338597441,1596662219,Python,Python (3.8.2),py,Accepted,66.0,9232.0,478,
s648654844,p03805,u919394785,1596661238,C++,C++ (GCC 9.2.1),cpp,Accepted,6.0,3568.0,815,
s045736903,p03805,u919394785,1596659742,C++,C++ (GCC 9.2.1),cpp,Accepted,8.0,3640.0,777,
s862357725,p03805,u675042710,1596585040,C++,C++ (GCC 9.2.1),cpp,Accepted,6.0,3620.0,762,
s109869920,p03805,u071282706,1596583851,C++,C++ (GCC 9.2.1),cpp,Accepted,7.0,3652.0,714,
s101620243,p03805,u330518333,1596583235,C++,C++ (GCC 9.2.1),cpp,Accepted,5.0,3612.0,1383,
s457760540,p03805,u651235280,1596506826,C++,C++ (GCC 9.2.1),cpp,Accepted,8.0,3656.0,1171,
s672940911,p03805,u651235280,1596505817,C++,C++ (GCC 9.2.1),cpp,Accepted,3.0,3620.0,747,
s526682436,p03805,u345693891,1596487391,C++,C++ (GCC 9.2.1),cpp,Accepted,5.0,3632.0,4247,
s046964436,p03805,u337734014,1596486644,C++,C++ (GCC 9.2.1),cpp,Accepted,7.0,3608.0,677,
s789932343,p03805,u823585596,1596479031,Python,Python (3.8.2),py,Accepted,67.0,9180.0,396,
s697016326,p03805,u375536099,1596471035,C++,C++ (Clang 10.0.0),cpp,Accepted,11.0,3184.0,928,
s395059358,p03805,u469315559,1596394510,C++,C++ (GCC 9.2.1),cpp,Accepted,8.0,3600.0,1257,
s981395521,p03805,u458478346,1596392226,C++,C++ (GCC 9.2.1),cpp,Accepted,8.0,3608.0,694,
s366175648,p03805,u141580535,1596347289,C++,C++ (GCC 9.2.1),cpp,Accepted,7.0,3636.0,3291,
s521447352,p03805,u168684371,1596336795,C++,C++ (GCC 9.2.1),cpp,Accepted,7.0,3564.0,1075,
s991628832,p03805,u168684371,1596335295,C++,C++ (GCC 9.2.1),cpp,Accepted,6.0,3600.0,955,
s820930627,p03805,u334928930,1596328159,Python,Python (3.8.2),py,Accepted,29.0,9160.0,526,
s539186707,p03805,u841568901,1596325735,Python,Python (3.8.2),py,Accepted,1533.0,10784.0,501,
s101203787,p03805,u459402168,1596315542,C++,C++ (GCC 9.2.1),cpp,Accepted,8.0,3696.0,1427,
s280278451,p03805,u102655885,1596309429,Python,Python (3.8.2),py,Accepted,40.0,9400.0,879,
s134182585,p03805,u923172145,1596308974,Python,PyPy3 (7.3.0),py,Accepted,71.0,70996.0,479,
s929052300,p03805,u987155832,1596290865,C++,C++ (GCC 9.2.1),cpp,Accepted,15.0,3652.0,986,
s042937391,p03805,u516525290,1596211134,C++,C++ (GCC 9.2.1),cpp,Accepted,6.0,3608.0,1576,
s260128708,p03805,u747703115,1596201262,Python,Python (3.8.2),py,Accepted,33.0,9360.0,385,
s931439024,p03805,u116774833,1596178441,C++,C++ (GCC 9.2.1),cpp,Accepted,3.0,3612.0,820,
s833607589,p03805,u319589470,1596152047,Python,Python (3.8.2),py,Accepted,40.0,10032.0,1100,
s505747888,p03805,u576150954,1596149942,C++,C++ (GCC 9.2.1),cpp,Accepted,8.0,3656.0,509,
s822896806,p03805,u383713431,1596135218,Python,PyPy3 (7.3.0),py,Accepted,86.0,74756.0,724,
s295778361,p03805,u008182229,1596131394,C++,C++ (GCC 9.2.1),cpp,Accepted,8.0,3572.0,547,
s797733697,p03805,u531461815,1596127511,C++,C++ (GCC 9.2.1),cpp,Accepted,7.0,3596.0,1212,
s142424680,p03805,u653837719,1596120629,Python,PyPy3 (7.3.0),py,Accepted,71.0,73632.0,446,
s206635587,p03805,u180133008,1596082304,C++,C++ (GCC 9.2.1),cpp,Accepted,10.0,3596.0,893,
s222654280,p03805,u424103788,1596068389,C++,C++ (GCC 9.2.1),cpp,Accepted,5.0,3612.0,596,
s305202700,p03805,u844789719,1596052934,Python,Python (3.8.2),py,Accepted,40.0,8964.0,365,
s019948991,p03805,u343478489,1596051378,C++,C++ (GCC 9.2.1),cpp,Accepted,8.0,3556.0,628,
s696591698,p03805,u841111730,1596039730,Python,Python (3.8.2),py,Accepted,29.0,9208.0,571,
s899633628,p03805,u758872405,1596027628,Python,Python (3.8.2),py,Accepted,40.0,9108.0,1240,
s994148579,p03805,u511379665,1595995947,C++,C++ (GCC 9.2.1),cpp,Accepted,8.0,3668.0,1151,
s748667791,p03805,u654427816,1595981426,C++,C++ (GCC 9.2.1),cpp,Accepted,7.0,3580.0,731,
s390793681,p03805,u814271993,1595974448,Python,Python (3.8.2),py,Accepted,31.0,9196.0,490,
s848897941,p03805,u430928274,1595973795,Python,Python (3.8.2),py,Accepted,58.0,9264.0,461,
s529374929,p03805,u309716323,1595967123,Python,PyPy3 (7.3.0),py,Accepted,95.0,74488.0,708,
s393667421,p03805,u405497807,1595902321,C++,C++ (GCC 9.2.1),cpp,Accepted,6.0,3604.0,548,
s351396896,p03805,u556799364,1595900492,Python,Python (3.8.2),py,Accepted,31.0,9116.0,593,
s883771473,p03805,u870559097,1595894234,Python,PyPy3 (7.3.0),py,Accepted,132.0,74080.0,413,
s199242991,p03805,u247679666,1595886577,C++,C++ (GCC 9.2.1),cpp,Accepted,4.0,3592.0,1241,
s363754425,p03805,u818349438,1595882361,C++,C++ (GCC 9.2.1),cpp,Accepted,11.0,3628.0,2172,
s717656308,p03805,u112364985,1595862149,Python,Python (3.8.2),py,Accepted,75.0,13984.0,440,
s773701808,p03805,u904406968,1595857826,Python,PyPy3 (7.3.0),py,Accepted,80.0,73808.0,469,
s300603315,p03805,u179376941,1595810739,Python,Python (3.8.2),py,Accepted,109.0,9492.0,571,
s839337572,p03805,u885634168,1595752988,Python,PyPy3 (7.3.0),py,Accepted,80.0,68112.0,512,
s776320417,p03805,u213868052,1595685659,C++,C++ (GCC 9.2.1),cpp,Accepted,6.0,3616.0,993,
s226931370,p03805,u893063840,1595681837,Python,Python (3.8.2),py,Accepted,34.0,9216.0,451,
s579274377,p03805,u893063840,1595681270,Python,Python (3.8.2),py,Accepted,31.0,9192.0,416,
s297178924,p03805,u045289115,1595663686,C++,C++ (GCC 9.2.1),cpp,Accepted,10.0,3616.0,525,
s846839094,p03805,u133936772,1595656490,Python,Python (3.8.2),py,Accepted,30.0,9244.0,277,
s960201100,p03805,u133936772,1595652814,Python,Python (3.8.2),py,Accepted,37.0,9360.0,278,
s461951084,p03805,u133936772,1595652336,Python,Python (3.8.2),py,Accepted,35.0,9364.0,284,
s409436851,p03805,u424621178,1595652227,C++,C++ (Clang 10.0.0),cpp,Accepted,8.0,3168.0,931,
s549679620,p03805,u561231954,1595642235,C++,C++ (GCC 9.2.1),cpp,Accepted,8.0,3608.0,1021,
s152884772,p03805,u870092796,1595638188,C++,C++ (GCC 9.2.1),cpp,Accepted,8.0,3600.0,782,
s936655840,p03805,u601256797,1595621837,C++,C++ (GCC 9.2.1),cpp,Accepted,9.0,3632.0,1209,
s459065058,p03805,u361381049,1595620358,Python,PyPy3 (7.3.0),py,Accepted,81.0,74724.0,452,
s574980452,p03805,u375387318,1595620322,C++,C++ (GCC 9.2.1),cpp,Accepted,6.0,3884.0,824,
s077327396,p03805,u722928342,1595608082,C++,C++ (GCC 9.2.1),cpp,Accepted,7.0,3588.0,645,
s788590255,p03805,u966257731,1595534107,C++,C++ (GCC 9.2.1),cpp,Accepted,8.0,3632.0,638,
s336856395,p03805,u453366189,1595529718,C++,C++ (GCC 9.2.1),cpp,Accepted,6.0,3624.0,804,
s880778120,p03805,u978749394,1595516544,C++,C++ (GCC 9.2.1),cpp,Accepted,9.0,3612.0,1341,
s546930247,p03805,u968166680,1595497679,Python,Python (3.8.2),py,Accepted,29.0,9220.0,715,
s035479303,p03805,u968166680,1595497266,Python,Python (3.8.2),py,Accepted,28.0,9044.0,727,
s296252391,p03805,u171400122,1595486752,C++,C++ (GCC 9.2.1),cpp,Accepted,11.0,3544.0,913,
s538107894,p03805,u362195835,1595483199,C++,C++ (GCC 9.2.1),cpp,Accepted,8.0,3568.0,3028,
s592771534,p03805,u488493347,1595460312,C++,C++ (GCC 9.2.1),cpp,Accepted,8.0,3540.0,1209,
s075878045,p03805,u801049006,1595449327,Python,Python (3.8.2),py,Accepted,34.0,9172.0,421,
s143304882,p03805,u623814058,1595445049,Python,Python (3.8.2),py,Accepted,64.0,10140.0,250,
s068904708,p03805,u114354092,1595443519,C++,C++ (GCC 9.2.1),cpp,Accepted,7.0,3640.0,548,
s659676192,p03805,u114354092,1595442831,C++,C++ (GCC 9.2.1),cpp,Accepted,7.0,3652.0,642,
s913474905,p03805,u552058878,1595432341,C++,C++ (GCC 9.2.1),cpp,Accepted,6.0,3632.0,752,
s611924097,p03805,u078092861,1595384793,C++,C++ (GCC 9.2.1),cpp,Accepted,9.0,3632.0,1242,
s122679072,p03805,u188332959,1595382328,C++,C++ (GCC 9.2.1),cpp,Accepted,9.0,3544.0,816,
s391723667,p03805,u188332959,1595382269,C++,C++ (GCC 9.2.1),cpp,Accepted,9.0,3604.0,917,
s696501090,p03805,u188332959,1595382222,C++,C++ (GCC 9.2.1),cpp,Accepted,6.0,3568.0,932,
s014572772,p03805,u188332959,1595381910,C++,C++ (GCC 9.2.1),cpp,Accepted,8.0,3600.0,834,
s374407278,p03805,u188332959,1595381765,C++,C++ (GCC 9.2.1),cpp,Accepted,8.0,3524.0,846,
s153272701,p03805,u188332959,1595381491,C++,C++ (GCC 9.2.1),cpp,Accepted,8.0,3600.0,938,
s868632000,p03805,u364386647,1595376458,Python,Python (3.8.2),py,Accepted,183.0,9632.0,605,
s780240475,p03805,u675040086,1595371731,C++,C++ (GCC 9.2.1),cpp,Accepted,16.0,3592.0,862,
s577050186,p03805,u600244905,1595366231,C++,C++ (GCC 9.2.1),cpp,Accepted,7.0,3616.0,2602,
s486683725,p03805,u623468376,1595365713,C++,C++ (GCC 9.2.1),cpp,Accepted,5.0,3604.0,2912,
s505422632,p03805,u331081465,1595365674,C++,C++ (GCC 9.2.1),cpp,Accepted,15.0,3648.0,1367,
s124255576,p03805,u899084195,1595362337,C++,C++ (GCC 9.2.1),cpp,Accepted,9.0,3628.0,694,
s057377513,p03805,u803754262,1595362330,C++,C++ (GCC 9.2.1),cpp,Accepted,6.0,3640.0,1669,
s394682882,p03805,u899084195,1595362322,C++,C++ (GCC 9.2.1),cpp,Accepted,7.0,3624.0,694,
s854805317,p03805,u183407347,1595356606,C++,C++ (GCC 9.2.1),cpp,Accepted,7.0,3644.0,573,
s748253854,p03805,u174671936,1595354690,C++,C++ (GCC 9.2.1),cpp,Accepted,6.0,3624.0,827,
s709174673,p03805,u722640678,1595316575,C++,C++ (GCC 9.2.1),cpp,Accepted,9.0,3624.0,4481,
s665092809,p03805,u053699292,1595298245,Python,PyPy3 (7.3.0),py,Accepted,92.0,73564.0,536,
s350337265,p03805,u904131021,1595297505,C++,C++ (GCC 9.2.1),cpp,Accepted,7.0,3632.0,911,
s935242111,p03805,u999788719,1595290668,C++,C++ (GCC 9.2.1),cpp,Accepted,7.0,3584.0,1149,
s290476198,p03805,u829260400,1595285491,C++,C++ (GCC 9.2.1),cpp,Accepted,9.0,3616.0,2264,
s363211338,p03805,u109489258,1595278336,C++,C++ (GCC 9.2.1),cpp,Accepted,8.0,3524.0,959,
s058606845,p03805,u229596090,1595259847,C++,C++ (GCC 9.2.1),cpp,Accepted,9.0,3600.0,815,
s879908288,p03805,u036104576,1595247219,Python,Python (3.8.2),py,Accepted,32.0,9296.0,913,
s521483916,p03805,u535803878,1595220524,Python,PyPy3 (7.3.0),py,Accepted,125.0,71520.0,611,
s312836353,p03805,u466330895,1595219408,Python,Python (3.8.2),py,Accepted,34.0,9476.0,1690,
s081755896,p03805,u060936992,1595218146,C++,C++ (GCC 9.2.1),cpp,Accepted,5.0,3632.0,619,
s883159062,p03805,u465101448,1595213845,Python,Python (3.8.2),py,Accepted,36.0,9156.0,596,
s592146873,p03805,u786020649,1595205928,Python,Python (3.8.2),py,Accepted,44.0,10164.0,801,
s598314840,p03805,u657556512,1595202956,C++,C++ (GCC 9.2.1),cpp,Accepted,7.0,3596.0,2943,
s411068401,p03805,u790616011,1595195462,C++,C++ (GCC 9.2.1),cpp,Accepted,29.0,3604.0,1585,
s991185878,p03805,u804049891,1595185675,C++,C++ (GCC 9.2.1),cpp,Accepted,11.0,3536.0,953,
s594357273,p03805,u804049891,1595185149,C++,C++ (GCC 9.2.1),cpp,Accepted,9.0,3648.0,938,
s575406774,p03805,u489247698,1595182349,Python,Python (3.8.2),py,Accepted,47.0,10184.0,528,
s315170127,p03805,u450093740,1595141265,C++,C++ (GCC 9.2.1),cpp,Accepted,6.0,3640.0,940,
s451061974,p03805,u450093740,1595140813,C++,C++ (GCC 9.2.1),cpp,Accepted,7.0,3648.0,1012,
s854142183,p03805,u073015397,1595128441,C++,C++ (GCC 9.2.1),cpp,Accepted,9.0,3600.0,942,
s617628815,p03805,u759412327,1595122635,Python,Python (3.8.2),py,Accepted,60.0,9200.0,293,
s449221651,p03805,u412837450,1595107018,C++,C++ (GCC 9.2.1),cpp,Accepted,6.0,3608.0,607,
s968903521,p03805,u778814286,1595091695,C++,C++ (GCC 9.2.1),cpp,Accepted,10.0,3668.0,3805,
s876480508,p03805,u137228327,1595087988,Python,Python (3.8.2),py,Accepted,40.0,9192.0,563,
s995418283,p03805,u658243311,1595081104,C++,C++ (GCC 9.2.1),cpp,Accepted,6.0,3692.0,28680,
s509281965,p03805,u135626132,1595063716,C++,C++ (GCC 9.2.1),cpp,Accepted,8.0,3612.0,892,
s953692800,p03805,u650236619,1595007580,C++,C++ (GCC 9.2.1),cpp,Accepted,6.0,3620.0,910,
s640861266,p03805,u907128973,1595003234,C++,C++ (GCC 9.2.1),cpp,Accepted,1267.0,3620.0,1120,
s365962285,p03805,u860546679,1594999118,C++,C++ (GCC 9.2.1),cpp,Accepted,9.0,3628.0,1115,
s890427351,p03805,u507351098,1594996105,C++,C++ (GCC 9.2.1),cpp,Accepted,5.0,3712.0,1105,
s962585755,p03805,u354638986,1594979506,C++,C++ (GCC 9.2.1),cpp,Accepted,6.0,3608.0,1849,
s249551114,p03805,u354638986,1594977445,C++,C++ (GCC 9.2.1),cpp,Accepted,6.0,3600.0,2234,
s702831667,p03805,u965093879,1594947356,C++,C++ (GCC 9.2.1),cpp,Accepted,9.0,3608.0,1148,
s702448695,p03805,u422725381,1594940904,C++,C++ (GCC 9.2.1),cpp,Accepted,4.0,3588.0,1071,
s023888097,p03805,u970197315,1594930231,Python,Python (3.8.2),py,Accepted,30.0,9088.0,394,
s115148757,p03805,u841568901,1594928541,Python,Python (3.8.2),py,Accepted,52.0,9128.0,311,
s963798307,p03805,u618369407,1594924729,Python,Python (3.8.2),py,Accepted,72.0,9092.0,1250,
s166997314,p03805,u337734014,1594915405,C++,C++ (GCC 9.2.1),cpp,Accepted,11.0,3636.0,811,
s131036323,p03805,u370785250,1594868724,C++,C++ (GCC 9.2.1),cpp,Accepted,8.0,3632.0,1398,
s913313379,p03805,u595952233,1594867162,Python,Python (3.8.2),py,Accepted,29.0,9212.0,522,
s497017176,p03805,u595952233,1594866970,Python,Python (3.8.2),py,Accepted,28.0,9244.0,557,
s271983594,p03805,u970197315,1594858609,Python,Python (3.8.2),py,Accepted,40.0,9304.0,354,
s121249886,p03805,u926046014,1594857206,Python,PyPy3 (7.3.0),py,Accepted,68.0,69720.0,433,
s035930507,p03805,u048004795,1594844173,Python,Python (3.8.2),py,Accepted,32.0,9144.0,470,
s497052534,p03805,u901282405,1594842039,C++,C++ (GCC 9.2.1),cpp,Accepted,10.0,3576.0,1851,
s938750268,p03805,u861231819,1594786952,C++,C++ (GCC 9.2.1),cpp,Accepted,5.0,3612.0,890,
s924310165,p03805,u443975466,1594785639,C++,C++ (GCC 9.2.1),cpp,Accepted,9.0,3616.0,1571,
s508535125,p03805,u443975466,1594781704,C++,C++ (GCC 9.2.1),cpp,Accepted,6.0,3560.0,1741,
s917168287,p03805,u672362356,1594764295,C++,C++ (GCC 9.2.1),cpp,Accepted,15.0,3600.0,784,
s754931211,p03805,u489959379,1594735108,Python,Python (3.8.2),py,Accepted,31.0,9348.0,1794,
s434916769,p03805,u489959379,1594734867,Python,Python (3.8.2),py,Accepted,34.0,9316.0,1167,
s256520678,p03805,u977879365,1594734610,C++,C++ (GCC 9.2.1),cpp,Accepted,10.0,3636.0,1017,
s676207996,p03805,u271263611,1594684206,C++,C++ (GCC 9.2.1),cpp,Accepted,7.0,3504.0,1017,
s718073199,p03805,u050087249,1594679373,C++,C++ (GCC 9.2.1),cpp,Accepted,7.0,3644.0,1124,
s163907210,p03805,u014442925,1594672412,C++,C++ (GCC 9.2.1),cpp,Accepted,11.0,3640.0,1911,
s360900235,p03805,u503221936,1594653073,C++,C++ (GCC 9.2.1),cpp,Accepted,6.0,3568.0,754,
s866668651,p03805,u934462215,1594644581,C++,C++ (GCC 9.2.1),cpp,Accepted,7.0,3608.0,588,
s089756352,p03805,u733866054,1594620121,Python,Python (3.8.2),py,Accepted,36.0,9120.0,657,
s802337506,p03805,u866538547,1594612222,C++,C++ (GCC 9.2.1),cpp,Accepted,8.0,3924.0,820,
s055712089,p03805,u915622184,1594591908,C++,C++ (GCC 9.2.1),cpp,Accepted,8.0,3604.0,584,
s094180519,p03805,u948524308,1594587823,Python,Python (3.8.2),py,Accepted,37.0,9144.0,389,
s535474049,p03805,u941047297,1594581969,Python,Python (3.8.2),py,Accepted,35.0,9148.0,501,
s761791224,p03805,u834987206,1594581702,C++,C++ (GCC 9.2.1),cpp,Accepted,6.0,3644.0,1098,
s534139132,p03805,u948524308,1594580116,Python,Python (3.8.2),py,Accepted,37.0,9164.0,403,
s973092237,p03805,u532514769,1594545339,C++,C++ (GCC 9.2.1),cpp,Accepted,8.0,3564.0,1143,
s128728048,p03805,u089925107,1594514587,Python,Python (3.8.2),py,Accepted,73.0,9204.0,413,
s356983171,p03805,u842917248,1594511965,C++,C++ (GCC 9.2.1),cpp,Accepted,6.0,3640.0,5040,
s725581547,p03805,u842917248,1594511111,C++,C++ (GCC 9.2.1),cpp,Accepted,6.0,3660.0,4752,
s460759701,p03805,u701467599,1594505879,C++,C++ (Clang 10.0.0),cpp,Accepted,16.0,3188.0,3097,
s317356163,p03805,u372177994,1594484168,C++,C++ (GCC 9.2.1),cpp,Accepted,7.0,3648.0,1327,
s128416642,p03805,u372177994,1594483675,C++,C++ (GCC 9.2.1),cpp,Accepted,6.0,3648.0,1323,
s118858300,p03805,u906839513,1594420731,C++,C++ (GCC 9.2.1),cpp,Accepted,7.0,3576.0,1207,
s393204284,p03805,u201387466,1594385907,Python,Python (3.8.2),py,Accepted,152.0,10560.0,1246,
s576589930,p03805,u762603420,1594384667,C++,C++ (GCC 9.2.1),cpp,Accepted,8.0,3588.0,763,
s820173444,p03805,u823391732,1594352942,Python,PyPy3 (7.3.0),py,Accepted,152.0,80468.0,439,
s104963808,p03805,u524534026,1594340794,Python,PyPy3 (7.3.0),py,Accepted,133.0,81824.0,465,
s042831545,p03805,u817769480,1594339710,C++,C++ (GCC 9.2.1),cpp,Accepted,9.0,3620.0,677,
s604194206,p03805,u258649540,1594324165,C++,C++ (GCC 9.2.1),cpp,Accepted,9.0,3676.0,3175,
s834125826,p03805,u413021823,1594308940,Python,Python (3.8.2),py,Accepted,33.0,9156.0,675,
s682167924,p03805,u370852395,1594299773,Python,Python (3.8.2),py,Accepted,28.0,9120.0,548,
s280117527,p03805,u454557108,1594276363,Python,Python (3.8.2),py,Accepted,31.0,9212.0,469,
s743667282,p03805,u454557108,1594276004,Python,Python (3.8.2),py,Accepted,32.0,9404.0,614,
s001767899,p03805,u521712919,1594247157,C++,C++ (GCC 9.2.1),cpp,Accepted,11.0,3924.0,1261,
s973227236,p03805,u065898443,1594191077,C++,C++ (GCC 9.2.1),cpp,Accepted,6.0,3660.0,3524,
s761543254,p03805,u657556512,1594180990,C++,C++ (GCC 9.2.1),cpp,Accepted,6.0,3664.0,2016,
s866159978,p03805,u338824669,1594171318,Python,Python (3.8.2),py,Accepted,32.0,9144.0,494,
s523388643,p03805,u169350228,1594161086,Python,PyPy3 (7.3.0),py,Accepted,90.0,75152.0,827,
s954552534,p03805,u405660020,1594153153,Python,Python (3.8.2),py,Accepted,31.0,8844.0,430,
s523190656,p03805,u405660020,1594152770,Python,Python (3.8.2),py,Accepted,30.0,9156.0,451,
s936079554,p03805,u462257825,1594124093,C++,C++ (GCC 9.2.1),cpp,Accepted,3.0,3620.0,462,
s979566414,p03805,u477343425,1594121957,C++,C++ (GCC 9.2.1),cpp,Accepted,7.0,3612.0,853,
s965632208,p03805,u477343425,1594121539,C++,C++ (GCC 9.2.1),cpp,Accepted,5.0,3644.0,888,
s481919979,p03805,u200215998,1594087989,C++,C++ (GCC 9.2.1),cpp,Accepted,6.0,3656.0,4698,
s192844288,p03805,u154289649,1594075285,C++,C++ (GCC 9.2.1),cpp,Accepted,8.0,3576.0,622,
s487822543,p03805,u154289649,1594075191,C++,C++ (GCC 9.2.1),cpp,Accepted,10.0,3624.0,657,
s124757316,p03805,u347397127,1593981529,Python,Python (3.8.2),py,Accepted,40.0,8972.0,376,
s662497023,p03805,u319899784,1593974171,Python,Python (3.8.2),py,Accepted,34.0,9196.0,387,
s101797791,p03805,u319899784,1593972002,Python,Python (3.8.2),py,Accepted,44.0,9132.0,360,
s151839604,p03805,u623231048,1593959922,Python,PyPy3 (7.3.0),py,Accepted,114.0,75032.0,704,
s841443705,p03805,u377061679,1593953280,C++,C++ (GCC 9.2.1),cpp,Accepted,7.0,3568.0,604,
s382262941,p03805,u062691227,1593953113,Python,PyPy3 (7.3.0),py,Accepted,74.0,74004.0,443,
s942991044,p03805,u377061679,1593953074,C++,C++ (GCC 9.2.1),cpp,Accepted,9.0,3904.0,667,
s140815346,p03805,u395287054,1593926431,C++,C++ (GCC 9.2.1),cpp,Accepted,7.0,3560.0,1747,
s023685878,p03805,u472064753,1593923762,C++,C++ (GCC 9.2.1),cpp,Accepted,9.0,3536.0,1417,
s367677011,p03805,u127890024,1593915319,C++,C++ (GCC 9.2.1),cpp,Accepted,8.0,3580.0,1445,
s482449213,p03805,u009414205,1593914418,C++,C++ (GCC 9.2.1),cpp,Accepted,5.0,3632.0,1546,
s585151880,p03805,u692550512,1593913888,C++,C++ (GCC 9.2.1),cpp,Accepted,6.0,3628.0,585,
s478487193,p03805,u305824645,1593913260,C++,C++ (GCC 9.2.1),cpp,Accepted,8.0,3572.0,1228,
s711227144,p03805,u644907318,1593913241,Python,PyPy3 (7.3.0),py,Accepted,74.0,69552.0,531,
s211882200,p03805,u137747137,1593913239,C++,C++ (GCC 9.2.1),cpp,Accepted,7.0,3592.0,968,
s758140005,p03805,u096616343,1593912270,C++,C++ (GCC 9.2.1),cpp,Accepted,6.0,3548.0,800,
s991065680,p03805,u345966487,1593912193,C++,C++ (GCC 9.2.1),cpp,Accepted,7.0,3640.0,1369,
s874134018,p03805,u809967037,1593911819,C++,C++ (GCC 9.2.1),cpp,Accepted,5.0,3672.0,7114,
s324112963,p03805,u617826263,1593911815,C++,C++ (GCC 9.2.1),cpp,Accepted,8.0,3572.0,1097,
s158262612,p03805,u873915460,1593911787,Python,PyPy3 (7.3.0),py,Accepted,82.0,69012.0,342,
s001973818,p03805,u275797573,1593911775,C++,C++ (Clang 10.0.0),cpp,Accepted,9.0,3172.0,7293,
s722677958,p03805,u754022296,1593911727,Python,Python (3.8.2),py,Accepted,34.0,9192.0,365,
s683021581,p03805,u763280125,1593894869,Python,Python (3.8.2),py,Accepted,39.0,10020.0,478,
s775137179,p03805,u763280125,1593894346,C++,C++ (Clang 10.0.0),cpp,Accepted,6.0,3220.0,604,
s653477648,p03805,u840773955,1593893759,C++,C++ (GCC 9.2.1),cpp,Accepted,6.0,3584.0,902,
s888054555,p03805,u978167553,1593887564,Python,Python (3.8.2),py,Accepted,31.0,9460.0,531,
s035705339,p03805,u385825353,1593885697,C++,C++ (GCC 9.2.1),cpp,Accepted,8.0,3652.0,1227,
s632527182,p03805,u418810472,1593880279,C++,C++ (GCC 9.2.1),cpp,Accepted,10.0,3628.0,935,
s306496527,p03805,u706414019,1593865343,Python,Python (3.8.2),py,Accepted,46.0,9240.0,755,
s958549894,p03805,u531631168,1593822179,Python,Python (3.8.2),py,Accepted,34.0,9104.0,471,
s870212635,p03805,u109489258,1593813134,C++,C++ (GCC 9.2.1),cpp,Accepted,8.0,3604.0,1305,
s964078838,p03805,u216015528,1593802197,Python,Python (3.8.2),py,Accepted,42.0,9120.0,713,
s078181654,p03805,u216015528,1593802048,Python,Python (3.8.2),py,Accepted,45.0,9216.0,697,
s192190688,p03805,u907075753,1593794461,C++,C++ (GCC 9.2.1),cpp,Accepted,8.0,3612.0,893,
s354155869,p03805,u228232845,1593788261,Python,Python (3.8.2),py,Accepted,31.0,9632.0,1252,
s965999873,p03805,u506549878,1593768847,Python,Python (3.8.2),py,Accepted,65.0,9260.0,541,
s190274460,p03805,u506549878,1593768590,Python,Python (3.8.2),py,Accepted,69.0,9312.0,543,
s227326713,p03805,u345966487,1593766902,C++,C++ (GCC 9.2.1),cpp,Accepted,6.0,3584.0,1313,
s206549976,p03805,u924852499,1593753176,Python,Python (3.8.2),py,Accepted,50.0,13916.0,478,
s739306321,p03805,u017050982,1593736857,Python,Python (3.8.2),py,Accepted,91.0,9260.0,723,
s232847044,p03805,u124498235,1593727708,Python,Python (3.8.2),py,Accepted,37.0,9652.0,373,
s942883550,p03805,u221391729,1593715711,C++,C++ (GCC 9.2.1),cpp,Accepted,9.0,3580.0,1274,
s773783305,p03805,u950831819,1593684958,C++,C++ (GCC 9.2.1),cpp,Accepted,9.0,3596.0,710,
s591697927,p03805,u410434188,1593683935,C++,C++ (GCC 9.2.1),cpp,Accepted,7.0,3656.0,866,
s289628074,p03805,u560381579,1593674207,C++,C++ (GCC 9.2.1),cpp,Accepted,8.0,3628.0,1057,
s182102837,p03805,u608178601,1593657784,Python,Python (3.8.2),py,Accepted,978.0,9152.0,437,
s128910655,p03805,u025287757,1593642409,C++,C++ (GCC 9.2.1),cpp,Accepted,9.0,3612.0,993,
s802932897,p03805,u950831819,1593632953,C++,C++ (GCC 9.2.1),cpp,Accepted,5.0,3564.0,850,
s393561262,p03805,u222668979,1593632661,Python,Python (3.8.2),py,Accepted,30.0,9172.0,522,
s878473473,p03805,u548791035,1593612253,C++,C++ (GCC 9.2.1),cpp,Accepted,8.0,3624.0,1332,
s074977259,p03805,u025469035,1593608843,C++,C++ (GCC 9.2.1),cpp,Accepted,7.0,3608.0,750,
s401014262,p03805,u369633456,1593597987,C++,C++ (GCC 9.2.1),cpp,Accepted,7.0,3600.0,588,
s887868296,p03805,u896137920,1593580965,C++,C++ (GCC 9.2.1),cpp,Accepted,6.0,3616.0,699,
s134179038,p03805,u564902833,1593571737,C++,C++ (GCC 9.2.1),cpp,Accepted,12.0,3624.0,3346,
s182541667,p03805,u762557532,1593571477,Python,PyPy3 (7.3.0),py,Accepted,92.0,69392.0,2032,
s739320958,p03805,u050865477,1593569258,C++,C++ (GCC 9.2.1),cpp,Accepted,8.0,3672.0,3146,
s538319816,p03805,u554988565,1593557166,C++,C++ (GCC 9.2.1),cpp,Accepted,8.0,3580.0,1531,
s662630844,p03805,u212831449,1593537504,Python,Python (3.8.2),py,Accepted,33.0,9212.0,492,
s183256180,p03805,u336661848,1593534337,C++,C++ (GCC 9.2.1),cpp,Accepted,9.0,3616.0,1001,
s489762547,p03805,u489959379,1593532210,Python,Python (3.8.2),py,Accepted,32.0,9216.0,670,
s621247037,p03805,u336661848,1593531782,C++,C++ (GCC 9.2.1),cpp,Accepted,6.0,3600.0,1022,
s644806160,p03805,u999332340,1593528676,C++,C++ (GCC 9.2.1),cpp,Accepted,6.0,3600.0,1252,
s807524739,p03805,u115672517,1593491639,C++,C++ (GCC 9.2.1),cpp,Accepted,6.0,3604.0,707,
s365117719,p03805,u025469035,1593490197,C++,C++ (GCC 9.2.1),cpp,Accepted,5.0,3608.0,683,
s101127939,p03805,u025469035,1593489813,C++,C++ (GCC 9.2.1),cpp,Accepted,5.0,3612.0,731,
s636510015,p03805,u025469035,1593488744,C++,C++ (GCC 9.2.1),cpp,Accepted,5.0,3608.0,715,
s527703245,p03805,u025469035,1593488498,C++,C++ (GCC 9.2.1),cpp,Accepted,7.0,3616.0,667,
s579373214,p03805,u640922335,1593487101,Python,Python (3.8.2),py,Accepted,293.0,9144.0,416,
s554633775,p03805,u852449189,1593483223,C++,C++ (GCC 9.2.1),cpp,Accepted,9.0,3660.0,2707,
s574521608,p03805,u729119068,1593454594,Python,Python (3.8.2),py,Accepted,47.0,9120.0,271,
s952587415,p03805,u729119068,1593454561,Python,Python (3.8.2),py,Accepted,48.0,9044.0,275,
s321181661,p03805,u392058778,1593416743,C++,C++ (GCC 9.2.1),cpp,Accepted,6.0,3660.0,1889,
s948282541,p03805,u067983636,1593399499,Python,PyPy3 (7.3.0),py,Accepted,103.0,69040.0,853,
s860307340,p03805,u873336868,1593395757,C++,C++ (GCC 9.2.1),cpp,Accepted,6.0,3636.0,1002,
s052930867,p03805,u648212584,1593380547,C++,C++ (GCC 9.2.1),cpp,Accepted,8.0,3576.0,851,
s468841075,p03805,u648212584,1593380523,C++,C++ (GCC 9.2.1),cpp,Accepted,4.0,3576.0,840,
s617107827,p03805,u790012205,1593370057,Python,Python (3.8.2),py,Accepted,38.0,9192.0,372,
s005271047,p03805,u860002137,1593369333,Python,Python (3.8.2),py,Accepted,46.0,9516.0,520,
s998725711,p03805,u261103969,1593364837,Python,PyPy3 (7.3.0),py,Accepted,77.0,73800.0,733,
s891297537,p03805,u864329440,1593361953,C++,C++ (Clang 10.0.0),cpp,Accepted,6.0,3196.0,1195,
s812368363,p03805,u864329440,1593361876,C++,C++ (Clang 10.0.0),cpp,Accepted,6.0,3180.0,1183,
s374672304,p03805,u128572736,1593321071,C++,C++ (GCC 9.2.1),cpp,Accepted,7.0,3752.0,1845,
s083471681,p03805,u441296840,1593299884,C++,C++ (GCC 9.2.1),cpp,Accepted,6.0,3616.0,832,
s487084566,p03805,u403668916,1593295638,C++,C++ (GCC 9.2.1),cpp,Accepted,9.0,3616.0,934,
s075274139,p03805,u328811800,1593287587,C++,C++ (GCC 9.2.1),cpp,Accepted,8.0,3620.0,1151,
s639757650,p03805,u855831834,1593250775,Python,Python (3.8.2),py,Accepted,39.0,9320.0,500,
s777125262,p03805,u716903426,1593233056,C++,C++ (GCC 9.2.1),cpp,Accepted,8.0,3568.0,464,
s994410707,p03805,u536916602,1593231952,C++,C++ (GCC 9.2.1),cpp,Accepted,9.0,3600.0,1233,
s433342179,p03805,u367701763,1593230388,Python,PyPy3 (7.3.0),py,Accepted,200.0,70024.0,435,
s184283446,p03805,u675509234,1593229690,C++,C++ (GCC 9.2.1),cpp,Accepted,8.0,3648.0,575,
s453542782,p03805,u163783894,1593225960,Python,Python (3.8.2),py,Accepted,40.0,9364.0,853,
s821470493,p03805,u163783894,1593225918,Python,PyPy3 (7.3.0),py,Accepted,85.0,74392.0,910,
s593635897,p03805,u729133443,1593192233,Python,Python (3.8.2),py,Accepted,370.0,52948.0,149,
s857656534,p03805,u729133443,1593192068,Python,Python (3.8.2),py,Accepted,380.0,53376.0,150,
s973737265,p03805,u289545075,1593170411,C++,C++ (GCC 9.2.1),cpp,Accepted,7.0,3632.0,664,
s990285459,p03805,u353706368,1593144861,C++,C++ (GCC 9.2.1),cpp,Accepted,8.0,3664.0,852,
s116194062,p03805,u081293028,1593134293,C++,C++ (GCC 9.2.1),cpp,Accepted,6.0,3560.0,1213,
s407154317,p03805,u842028864,1593109600,C++,C++ (GCC 9.2.1),cpp,Accepted,9.0,3576.0,969,
s687051648,p03805,u651314218,1593059872,C++,C++ (GCC 9.2.1),cpp,Accepted,8.0,3636.0,869,
s415618106,p03805,u481705177,1593052938,C++,C++ (GCC 9.2.1),cpp,Accepted,5.0,1704.0,1052,
s767006766,p03805,u015418292,1593039095,C++,C++ (GCC 9.2.1),cpp,Accepted,7.0,3592.0,1176,
s278919999,p03805,u015418292,1593038903,C++,C++ (GCC 9.2.1),cpp,Accepted,9.0,3528.0,1163,
s631084616,p03805,u048773461,1593033805,C++,C++ (GCC 9.2.1),cpp,Accepted,6.0,3616.0,6684,
s071559262,p03805,u169190252,1593030632,C++,C++ (GCC 9.2.1),cpp,Accepted,6.0,3636.0,918,
s301639351,p03805,u432487773,1593026329,C++,C++ (GCC 9.2.1),cpp,Accepted,6.0,3640.0,1348,
s377991479,p03805,u597584295,1593013564,C++,C++ (GCC 9.2.1),cpp,Accepted,19.0,3604.0,1077,
s675468511,p03805,u481705177,1593012605,C++,C++ (GCC 9.2.1),cpp,Accepted,6.0,1680.0,842,
s905946059,p03805,u714724786,1593002691,C++,C++ (GCC 9.2.1),cpp,Accepted,10.0,3640.0,2017,
s119849561,p03805,u545368057,1593001498,Python,Python (3.8.2),py,Accepted,40.0,9196.0,512,
s268240933,p03805,u525302207,1592982309,C++,C++ (GCC 9.2.1),cpp,Accepted,8.0,3624.0,1134,
s967386198,p03805,u882923761,1592975397,C++,C++ (GCC 9.2.1),cpp,Accepted,8.0,3640.0,647,
s905683329,p03805,u757628628,1592961103,C++,C++ (GCC 9.2.1),cpp,Accepted,7.0,3612.0,2048,
s765453409,p03805,u522140891,1592949142,Python,Python (3.8.2),py,Accepted,28.0,9164.0,636,
s900273384,p03805,u790493075,1592941876,C++,C++ (GCC 9.2.1),cpp,Accepted,11.0,3584.0,747,
s185452721,p03805,u134019875,1592890012,Python,Python (3.8.2),py,Accepted,36.0,9164.0,433,
s498016066,p03805,u078975668,1592884973,C++,C++ (GCC 9.2.1),cpp,Accepted,3.0,3620.0,1364,
s347124422,p03805,u025501820,1592883233,C++,C++ (GCC 9.2.1),cpp,Accepted,8.0,3576.0,1105,
s147092543,p03805,u759987571,1592880003,C++,C++ (GCC 9.2.1),cpp,Accepted,6.0,3584.0,714,
s531336209,p03805,u025501820,1592879833,C++,C++ (GCC 9.2.1),cpp,Accepted,7.0,3604.0,1083,
s241557309,p03805,u679390859,1592873692,Python,Python (3.8.2),py,Accepted,35.0,9012.0,379,
s882721703,p03805,u407355496,1592860547,C++,C++ (GCC 9.2.1),cpp,Accepted,8.0,3588.0,796,
s378127870,p03805,u765815947,1592856540,C++,C++ (GCC 9.2.1),cpp,Accepted,4.0,3608.0,1015,
s815218253,p03805,u058720266,1592850594,C++,C++ (GCC 9.2.1),cpp,Accepted,5.0,3612.0,630,
s200997795,p03805,u131881594,1592849070,Python,Python (3.8.2),py,Accepted,69.0,13900.0,379,
s026661776,p03805,u062835864,1592842011,C++,C++ (GCC 9.2.1),cpp,Accepted,8.0,3628.0,652,
s842507485,p03805,u476027087,1592802864,C++,C++ (GCC 9.2.1),cpp,Accepted,5.0,3636.0,847,
s046998083,p03805,u476027087,1592802668,C++,C++ (GCC 9.2.1),cpp,Accepted,11.0,3632.0,830,
s621261511,p03805,u681851526,1592794798,C++,C++ (Clang 10.0.0),cpp,Accepted,10.0,3204.0,696,
s450385864,p03805,u796877631,1592792387,C++,C++ (GCC 9.2.1),cpp,Accepted,8.0,3636.0,1337,
s206929195,p03805,u984427208,1592785342,C++,C++ (GCC 9.2.1),cpp,Accepted,7.0,3564.0,1912,
s714599245,p03805,u223160139,1592784101,C++,C++ (GCC 9.2.1),cpp,Accepted,8.0,3604.0,4157,
s448150387,p03805,u984427208,1592783872,C++,C++ (GCC 9.2.1),cpp,Accepted,5.0,3544.0,1148,
s633317940,p03805,u188138642,1592783189,Python,Python (3.8.2),py,Accepted,37.0,9140.0,393,
s488118908,p03805,u593019570,1592783155,Python,Python (3.8.2),py,Accepted,40.0,9388.0,487,
s525988782,p03805,u188138642,1592782929,Python,Python (3.8.2),py,Accepted,35.0,9220.0,465,
s090463700,p03805,u801083963,1592768069,C++,C++ (GCC 9.2.1),cpp,Accepted,8.0,3616.0,966,
s619073344,p03805,u755310927,1592739987,C++,C++ (GCC 9.2.1),cpp,Accepted,7.0,3544.0,1188,
s589234018,p03805,u078975668,1592715527,C++,C++ (GCC 9.2.1),cpp,Accepted,8.0,3644.0,1458,
s352232323,p03805,u094999522,1592712034,Python,Python (3.8.2),py,Accepted,56.0,9504.0,271,
s631031388,p03805,u099918199,1592710003,C++,C++ (GCC 9.2.1),cpp,Accepted,8.0,3576.0,1310,
s682251016,p03805,u801916231,1592709433,C++,C++ (GCC 9.2.1),cpp,Accepted,7.0,3604.0,632,
s331548744,p03805,u859566721,1592685527,C++,C++ (GCC 9.2.1),cpp,Accepted,8.0,3572.0,794,
s232413915,p03805,u992910889,1592678791,Python,PyPy3 (7.3.0),py,Accepted,68.0,71496.0,1395,
s652929650,p03805,u581625805,1592678413,Python,PyPy3 (7.3.0),py,Accepted,70.0,69024.0,495,
s962611624,p03805,u002236156,1592673220,C++,C++ (GCC 9.2.1),cpp,Accepted,7.0,3600.0,1639,
s692784959,p03805,u599114793,1592632222,Python,Python (3.8.2),py,Accepted,38.0,9616.0,620,
s849498690,p03805,u583507988,1592626056,Python,Python (3.8.2),py,Accepted,41.0,9204.0,418,
s279351646,p03805,u221061152,1592623931,Python,Python (3.8.2),py,Accepted,39.0,9212.0,340,
s686203937,p03805,u379142263,1592622196,Python,Python (3.8.2),py,Accepted,36.0,9400.0,638,
s098811718,p03805,u078349616,1592620759,Python,Python (3.8.2),py,Accepted,35.0,9208.0,419,
s155232173,p03805,u316464887,1592618164,C++,C++ (GCC 9.2.1),cpp,Accepted,8.0,3612.0,852,
s932850833,p03805,u316464887,1592617338,Python,Python (3.8.2),py,Accepted,31.0,9040.0,506,
s902421141,p03805,u353519457,1592617049,Python,PyPy3 (7.3.0),py,Accepted,77.0,73092.0,533,
s871513958,p03805,u858742833,1592616735,Python,Python (3.8.2),py,Accepted,32.0,9132.0,454,
s649298485,p03805,u101350975,1592599978,Python,Python (3.8.2),py,Accepted,38.0,9212.0,456,
s926881190,p03805,u110044127,1592589505,C++,C++ (GCC 9.2.1),cpp,Accepted,9.0,3608.0,1064,
s252396510,p03805,u730769327,1592589481,Python,PyPy3 (7.3.0),py,Accepted,74.0,73528.0,345,
s950222157,p03805,u297738015,1592585013,C++,C++ (GCC 9.2.1),cpp,Accepted,6.0,3644.0,2492,
s678336804,p03805,u325282913,1592543771,Python,Python (3.8.2),py,Accepted,34.0,9352.0,505,
s199820017,p03805,u302934691,1592541693,C++,C++ (GCC 9.2.1),cpp,Accepted,9.0,3636.0,1224,
s072260748,p03805,u715727430,1592535620,C++,C++ (GCC 9.2.1),cpp,Accepted,7.0,3588.0,553,
s482245700,p03805,u528388170,1592532848,C++,C++ (GCC 9.2.1),cpp,Accepted,9.0,3652.0,737,
s356633351,p03805,u319965179,1592527926,C++,C++ (GCC 9.2.1),cpp,Accepted,59.0,3604.0,737,
s462691433,p03805,u747515887,1592519375,Python,Python (3.8.2),py,Accepted,33.0,9388.0,670,
s748955089,p03805,u306950978,1592518596,Python,PyPy3 (7.3.0),py,Accepted,67.0,67732.0,493,
s442139190,p03805,u096666488,1592491363,C++,C++14 (GCC 5.4.1),cpp,Accepted,4.0,256.0,1201,
s402596941,p03805,u096666488,1592491225,C++,C++14 (GCC 5.4.1),cpp,Accepted,1.0,256.0,796,
s596775916,p03805,u096666488,1592490992,C++,C++14 (GCC 5.4.1),cpp,Accepted,2.0,384.0,778,
s985074171,p03805,u519759783,1592490256,C++,C++14 (GCC 5.4.1),cpp,Accepted,1.0,256.0,666,
s661877446,p03805,u023774715,1592451472,C++,C++14 (GCC 5.4.1),cpp,Accepted,1.0,256.0,6841,
s642784605,p03805,u209254942,1592448275,C++,C++14 (GCC 5.4.1),cpp,Accepted,1.0,256.0,705,
s314472314,p03805,u669819350,1592444996,Python,PyPy3 (2.4.0),py,Accepted,193.0,44784.0,615,
s577360239,p03805,u373047809,1592424215,Python,Python (3.4.3),py,Accepted,30.0,3188.0,358,
s367698492,p03805,u781262926,1592418726,Python,Python (3.4.3),py,Accepted,132.0,4212.0,644,
s506568625,p03805,u955202970,1592417964,C++,C++14 (GCC 5.4.1),cpp,Accepted,2.0,256.0,689,
s986766352,p03805,u603496599,1592412522,C++,C++14 (GCC 5.4.1),cpp,Accepted,10.0,768.0,787,
s309745167,p03805,u814959946,1592392045,C++,C++14 (GCC 5.4.1),cpp,Accepted,3.0,256.0,1983,
s087730130,p03805,u568501780,1592366272,C++,C++14 (GCC 5.4.1),cpp,Accepted,2.0,256.0,798,
s999369645,p03805,u041513069,1592355287,C++,C++14 (GCC 5.4.1),cpp,Accepted,2.0,256.0,1038,
s907931766,p03805,u633967774,1592325980,C++,C++14 (GCC 5.4.1),cpp,Accepted,1.0,256.0,660,
s073545224,p03805,u867627660,1592301276,C++,C++14 (GCC 5.4.1),cpp,Accepted,1.0,256.0,657,
s280349976,p03805,u558115145,1592283509,C++,C++14 (GCC 5.4.1),cpp,Accepted,1.0,256.0,790,
s486926893,p03805,u313994303,1592277864,C++,C++14 (GCC 5.4.1),cpp,Accepted,1.0,256.0,1638,
s204541040,p03805,u271951875,1592276020,C++,C++14 (GCC 5.4.1),cpp,Accepted,1.0,256.0,806,
s473804853,p03805,u552357043,1592275272,C++,C++14 (GCC 5.4.1),cpp,Accepted,2.0,256.0,891,
s774353710,p03805,u568082675,1592272455,C++,C++14 (GCC 5.4.1),cpp,Accepted,1.0,256.0,2651,
s425990733,p03805,u044220565,1592268143,C++,C++14 (GCC 5.4.1),cpp,Accepted,1.0,256.0,642,
s931029649,p03805,u433195318,1592249860,C++,C++14 (GCC 5.4.1),cpp,Accepted,4.0,4992.0,10812,
s339902528,p03805,u582684800,1592248435,C++,C++14 (GCC 5.4.1),cpp,Accepted,7.0,256.0,820,
s710001376,p03805,u525560003,1592222487,C++,C++14 (GCC 5.4.1),cpp,Accepted,1.0,256.0,779,
s887702967,p03805,u450007962,1592192468,C++,C++14 (GCC 5.4.1),cpp,Accepted,1.0,256.0,807,
s492265874,p03805,u708467207,1592176327,Python,Python (3.4.3),py,Accepted,29.0,3064.0,451,
s723053258,p03805,u886613668,1592170750,C++,C++14 (GCC 5.4.1),cpp,Accepted,2.0,256.0,862,
s818883991,p03805,u453815934,1592162317,Python,Python (3.4.3),py,Accepted,36.0,4084.0,514,
s880798539,p03805,u592547545,1592157309,Python,Python (3.4.3),py,Accepted,23.0,3064.0,708,
s369508911,p03805,u436733497,1592156884,C++,C++14 (GCC 5.4.1),cpp,Accepted,14.0,3384.0,987,
s843464319,p03805,u740054550,1592154557,C++,C++14 (GCC 5.4.1),cpp,Accepted,1.0,256.0,2689,
s174486581,p03805,u945078804,1592150066,C++,C++14 (GCC 5.4.1),cpp,Accepted,2.0,256.0,1251,
s197321915,p03805,u976940619,1592142195,C++,C++14 (GCC 5.4.1),cpp,Accepted,2.0,256.0,2033,
s156953957,p03805,u000134728,1592113059,C++,C++14 (GCC 5.4.1),cpp,Accepted,9.0,256.0,929,
s571214431,p03805,u923662841,1592079408,Python,Python (3.4.3),py,Accepted,44.0,3064.0,276,
s900225801,p03805,u955282280,1592070103,C++,C++14 (GCC 5.4.1),cpp,Accepted,1.0,256.0,681,
s833061050,p03805,u782144261,1592057775,C++,C++14 (GCC 5.4.1),cpp,Accepted,1.0,256.0,742,
s748095225,p03805,u844895214,1592054749,Python,Python (3.4.3),py,Accepted,947.0,3444.0,812,
s228392571,p03805,u582588783,1592027898,C++,C++14 (GCC 5.4.1),cpp,Accepted,2.0,256.0,1018,
s468088189,p03805,u184335045,1592018259,C++,C++14 (GCC 5.4.1),cpp,Accepted,1.0,256.0,1149,
s962768420,p03805,u960469574,1592017323,C++,C++14 (GCC 5.4.1),cpp,Accepted,1.0,256.0,880,
s920076048,p03805,u338903636,1592016592,C++,C++14 (GCC 5.4.1),cpp,Accepted,19.0,16128.0,7001,
s802059867,p03805,u318127926,1592016465,Python,Python (3.4.3),py,Accepted,27.0,3064.0,386,
s499778935,p03805,u596952207,1592003335,C++,C++14 (GCC 5.4.1),cpp,Accepted,2.0,256.0,1065,
s956738802,p03805,u079022693,1591997739,Python,Python (3.4.3),py,Accepted,24.0,3064.0,536,
s902466647,p03805,u861141787,1591980231,C++,C++14 (GCC 5.4.1),cpp,Accepted,2.0,256.0,990,
s501515767,p03805,u414920281,1591960602,Python,Python (3.4.3),py,Accepted,24.0,3064.0,423,
s924610813,p03805,u414920281,1591958453,Python,Python (3.4.3),py,Accepted,35.0,3064.0,426,
s537881532,p03805,u671861352,1591937811,Python,Python (3.4.3),py,Accepted,27.0,3064.0,542,
s295806089,p03805,u923662841,1591929604,Python,Python (3.4.3),py,Accepted,26.0,3064.0,404,
s214027711,p03805,u960071235,1591929321,C++,C++14 (GCC 5.4.1),cpp,Accepted,1.0,256.0,2032,
s074410483,p03805,u714888375,1591925526,Python,Python (3.4.3),py,Accepted,26.0,3064.0,460,
s168563671,p03805,u707124227,1591915587,Python,Python (3.4.3),py,Accepted,25.0,3064.0,406,
s171926982,p03805,u861141787,1591899384,C++,C++14 (GCC 5.4.1),cpp,Accepted,1.0,256.0,810,
s607565602,p03805,u787139585,1591852327,C++,C++14 (GCC 5.4.1),cpp,Accepted,2.0,256.0,865,
s240488279,p03805,u000134728,1591843961,C++,C++14 (GCC 5.4.1),cpp,Accepted,60.0,256.0,966,
s345501606,p03805,u504800764,1591842936,C++,C++14 (GCC 5.4.1),cpp,Accepted,1.0,256.0,1012,
s825144702,p03805,u648009244,1591841139,C++,C++14 (GCC 5.4.1),cpp,Accepted,1.0,256.0,745,
s772379925,p03805,u136086822,1591839158,C++,C++14 (GCC 5.4.1),cpp,Accepted,2.0,256.0,753,
s836683635,p03805,u967106822,1591825856,C++,C++14 (GCC 5.4.1),cpp,Accepted,1.0,256.0,785,
s966747140,p03805,u274504193,1591802745,Python,Python (3.4.3),py,Accepted,65.0,8052.0,373,
s226185778,p03805,u070335689,1591801815,C++,C++14 (GCC 5.4.1),cpp,Accepted,1.0,256.0,877,
s417949153,p03805,u634079249,1591767942,Python,Python (3.4.3),py,Accepted,40.0,5192.0,1461,
s118397616,p03805,u105290050,1591757395,Python,Python (3.4.3),py,Accepted,63.0,3064.0,461,
s664009778,p03805,u211355761,1591741586,C++,C++14 (GCC 5.4.1),cpp,Accepted,2.0,256.0,1117,
s674527773,p03805,u745514010,1591740857,Python,Python (3.4.3),py,Accepted,34.0,3064.0,507,
s770269000,p03805,u709144111,1591737568,C++,C++14 (GCC 5.4.1),cpp,Accepted,3.0,256.0,1190,
s113408115,p03805,u816265237,1591737231,Python,Python (3.4.3),py,Accepted,42.0,8052.0,643,
s428716194,p03805,u068817415,1591732312,C++,C++14 (GCC 5.4.1),cpp,Accepted,7.0,640.0,1065,
s389875629,p03805,u116523315,1591726209,C++,C++14 (GCC 5.4.1),cpp,Accepted,5.0,256.0,801,
s409226048,p03805,u116523315,1591725831,C++,C++14 (GCC 5.4.1),cpp,Accepted,1.0,256.0,855,
s923021721,p03805,u105302073,1591708311,C++,C++14 (GCC 5.4.1),cpp,Accepted,1.0,256.0,848,
s200677602,p03805,u029000441,1591701738,Python,Python (3.4.3),py,Accepted,163.0,12308.0,1310,
s955484883,p03805,u083494782,1591698508,C++,C++14 (GCC 5.4.1),cpp,Accepted,2.0,256.0,658,
s124019034,p03805,u538632589,1591678903,Python,Python (3.4.3),py,Accepted,28.0,3064.0,457,
s930187764,p03805,u132365288,1591675693,C++,C++14 (GCC 5.4.1),cpp,Accepted,1.0,256.0,1548,
s456683955,p03805,u010467501,1591675609,C++,C++14 (GCC 5.4.1),cpp,Accepted,2.0,256.0,1704,
s376079352,p03805,u516708338,1591675165,C++,C++14 (GCC 5.4.1),cpp,Accepted,1.0,256.0,1427,
s400936710,p03805,u041756795,1591675146,C++,C++14 (GCC 5.4.1),cpp,Accepted,1.0,256.0,1797,
s814830828,p03805,u378702452,1591673049,C++,C++14 (GCC 5.4.1),cpp,Accepted,3.0,256.0,1265,
s849885638,p03805,u206522261,1591664411,C++,C++14 (GCC 5.4.1),cpp,Accepted,4.0,256.0,941,
s947678837,p03805,u095094246,1591654148,Python,PyPy3 (2.4.0),py,Accepted,182.0,40048.0,362,
s321212579,p03805,u558528117,1591636201,C++,C++14 (GCC 5.4.1),cpp,Accepted,33.0,256.0,2012,
s517032914,p03805,u412039195,1591622852,C++,C++14 (GCC 5.4.1),cpp,Accepted,1.0,256.0,855,
s743533980,p03805,u478462004,1591595514,C++,C++14 (GCC 5.4.1),cpp,Accepted,2.0,384.0,961,
s766181622,p03805,u647999897,1591581832,Python,PyPy3 (2.4.0),py,Accepted,202.0,42332.0,627,
s552204915,p03805,u433189059,1591567756,C++,C++14 (GCC 5.4.1),cpp,Accepted,1.0,256.0,880,
s666314091,p03805,u697739665,1591564849,C++,C++14 (GCC 5.4.1),cpp,Accepted,1.0,256.0,864,
s131313568,p03805,u979362546,1591564549,C++,C++14 (GCC 5.4.1),cpp,Accepted,2.0,256.0,880,
s704049059,p03805,u628335443,1591564166,Python,Python (3.4.3),py,Accepted,38.0,8052.0,529,
s629706575,p03805,u232462132,1591558106,C++,C++14 (GCC 5.4.1),cpp,Accepted,1.0,256.0,1230,
s788074999,p03805,u759412327,1591557984,Python,Python (3.4.3),py,Accepted,58.0,3060.0,310,
s713438888,p03805,u494058663,1591555008,Python,Python (3.4.3),py,Accepted,528.0,6624.0,549,
s279237252,p03805,u790012205,1591554523,Python,Python (3.4.3),py,Accepted,25.0,3064.0,441,
s829272737,p03805,u767545760,1591551949,Python,Python (3.4.3),py,Accepted,147.0,3436.0,606,
s549637217,p03805,u150155436,1591542550,C++,C++14 (GCC 5.4.1),cpp,Accepted,1.0,256.0,971,
s773735993,p03805,u289381123,1591534401,C++,C++14 (GCC 5.4.1),cpp,Accepted,2.0,256.0,713,
s993156111,p03805,u517910772,1591504837,Python,Python (3.4.3),py,Accepted,28.0,3064.0,709,
s423210976,p03805,u517910772,1591504197,Python,Python (3.4.3),py,Accepted,68.0,4328.0,783,
s364728390,p03805,u091870478,1591502722,C++,C++14 (GCC 5.4.1),cpp,Accepted,1.0,256.0,2003,
s513691894,p03805,u366541443,1591499276,Python,PyPy3 (2.4.0),py,Accepted,207.0,45552.0,3858,
s750681190,p03805,u294638337,1591498408,C++,C++14 (GCC 5.4.1),cpp,Accepted,1.0,256.0,646,
s124757280,p03805,u809967037,1591497567,C++,C++14 (GCC 5.4.1),cpp,Accepted,1.0,256.0,6992,
s640963687,p03805,u953110527,1591496375,Python,PyPy3 (2.4.0),py,Accepted,199.0,41564.0,402,
s457571582,p03805,u846041485,1591494626,C++,C++14 (GCC 5.4.1),cpp,Accepted,1.0,256.0,1846,
s232055222,p03805,u206890818,1591493869,Python,Python (3.4.3),py,Accepted,388.0,13004.0,746,
s958092450,p03805,u423327360,1591490581,C++,C++14 (GCC 5.4.1),cpp,Accepted,1.0,256.0,539,
s283433363,p03805,u423327360,1591489102,C++,C++14 (GCC 5.4.1),cpp,Accepted,2.0,256.0,582,
s102818813,p03805,u109191542,1591485474,C++,C++14 (GCC 5.4.1),cpp,Accepted,3.0,256.0,790,
s929466185,p03805,u852862907,1591480345,C++,C++14 (GCC 5.4.1),cpp,Accepted,2.0,256.0,4430,
s182482647,p03805,u591808161,1591470996,Python,PyPy3 (2.4.0),py,Accepted,510.0,58712.0,1189,
s430101219,p03805,u387774811,1591453393,Python,PyPy3 (2.4.0),py,Accepted,211.0,41072.0,359,
s494468876,p03805,u303163217,1591446301,C++,C++14 (GCC 5.4.1),cpp,Accepted,4.0,256.0,697,
s730891575,p03805,u682820318,1591441364,C++,C++14 (GCC 5.4.1),cpp,Accepted,1.0,256.0,1619,
s759210176,p03805,u682820318,1591441210,C++,C++14 (GCC 5.4.1),cpp,Accepted,2.0,256.0,1784,
s259691452,p03805,u682820318,1591440872,C++,C++14 (GCC 5.4.1),cpp,Accepted,2.0,256.0,1733,
s284555672,p03805,u682820318,1591440010,C++,C++14 (GCC 5.4.1),cpp,Accepted,1.0,256.0,1588,
s849888195,p03805,u682820318,1591439455,C++,C++14 (GCC 5.4.1),cpp,Accepted,1.0,256.0,1680,
s301844875,p03805,u237054088,1591415704,C++,C++14 (GCC 5.4.1),cpp,Accepted,2.0,256.0,1231,
s213255369,p03805,u118887775,1591404598,Python,Python (3.4.3),py,Accepted,136.0,3436.0,836,
s619944353,p03805,u432251613,1591387157,Python,Python (3.4.3),py,Accepted,23.0,3064.0,852,
s817029024,p03805,u529089914,1591362226,C++,C++14 (GCC 5.4.1),cpp,Accepted,4.0,256.0,701,
s444048832,p03805,u440129511,1591345382,Python,Python (3.4.3),py,Accepted,28.0,3064.0,856,
s235887461,p03805,u414306460,1591314663,C++,C++14 (GCC 5.4.1),cpp,Accepted,1.0,256.0,762,
s358620544,p03805,u414306460,1591313741,C++,C++14 (GCC 5.4.1),cpp,Accepted,1.0,256.0,623,
s170794917,p03805,u855677173,1591312314,C++,C++14 (GCC 5.4.1),cpp,Accepted,2.0,256.0,606,
s757299851,p03805,u045224675,1591305424,C++,C++14 (GCC 5.4.1),cpp,Accepted,2.0,256.0,1169,
s035609479,p03805,u760379684,1591304714,C++,C++14 (GCC 5.4.1),cpp,Accepted,1.0,256.0,982,
s875669222,p03805,u064434060,1591274641,Python,PyPy3 (2.4.0),py,Accepted,190.0,40176.0,741,
s465981969,p03805,u760569096,1591244710,Python,Python (3.4.3),py,Accepted,64.0,8052.0,392,
s604119770,p03805,u760569096,1591244308,Python,Python (3.4.3),py,Accepted,66.0,8052.0,398,
s706593212,p03805,u604329931,1591243273,C++,C++14 (GCC 5.4.1),cpp,Accepted,1.0,256.0,1936,
s922576606,p03805,u028061225,1591238454,C++,C++14 (GCC 5.4.1),cpp,Accepted,7.0,256.0,1281,
s165222273,p03805,u987170100,1591238368,Python,Python (3.4.3),py,Accepted,27.0,3064.0,443,
s618826958,p03805,u987170100,1591237314,Python,Python (3.4.3),py,Accepted,29.0,3064.0,506,
s678289196,p03805,u534417782,1591236668,C++,C++14 (GCC 5.4.1),cpp,Accepted,1.0,256.0,831,
s001152063,p03805,u535171899,1591231107,Python,Python (3.4.3),py,Accepted,29.0,3316.0,633,
s485763589,p03805,u677121387,1591230142,Python,Python (3.4.3),py,Accepted,25.0,3064.0,371,
s009711505,p03805,u931938233,1591225984,C++,C++14 (GCC 5.4.1),cpp,Accepted,1.0,256.0,508,
s458650254,p03805,u472883337,1591224334,Python,Python (3.4.3),py,Accepted,375.0,3064.0,922,
s506132138,p03805,u028061225,1591223784,C++,C++14 (GCC 5.4.1),cpp,Accepted,1968.0,256.0,1366,
s800532397,p03805,u527652459,1591215624,C++,C++14 (GCC 5.4.1),cpp,Accepted,1.0,256.0,2046,
s810545811,p03805,u278855471,1591215548,Python,Python (3.4.3),py,Accepted,55.0,8052.0,529,
s046625583,p03805,u219197917,1591205128,Python,Python (3.4.3),py,Accepted,29.0,3064.0,448,
s693082530,p03805,u071396528,1591191702,C++,C++14 (GCC 5.4.1),cpp,Accepted,2.0,256.0,2124,
s338734395,p03805,u559424030,1591156352,C++,C++14 (GCC 5.4.1),cpp,Accepted,9.0,1024.0,1183,
s255830293,p03805,u186506670,1591154485,C++,C++14 (GCC 5.4.1),cpp,Accepted,1.0,256.0,809,
s402379095,p03805,u186506670,1591151740,C++,C++14 (GCC 5.4.1),cpp,Accepted,1.0,256.0,703,
s419299152,p03805,u427469869,1591151454,Python,Python (3.4.3),py,Accepted,62.0,8052.0,596,
s885398312,p03805,u057415180,1591149625,Python,PyPy3 (2.4.0),py,Accepted,182.0,40432.0,454,
s516537332,p03805,u057415180,1591149540,Python,Python (3.4.3),py,Accepted,30.0,3572.0,458,
s149555880,p03805,u178888901,1591147657,C++,C++14 (GCC 5.4.1),cpp,Accepted,1.0,256.0,2262,
s328613951,p03805,u317379170,1591138264,C++,C++14 (GCC 5.4.1),cpp,Accepted,2.0,256.0,794,
s601419273,p03805,u493130708,1591132905,Python,PyPy3 (2.4.0),py,Accepted,184.0,40176.0,3835,
s361483147,p03805,u458388104,1591082673,Python,PyPy3 (2.4.0),py,Accepted,192.0,40432.0,765,
s919619008,p03805,u734268715,1591072699,C++,C++14 (GCC 5.4.1),cpp,Accepted,1.0,256.0,1766,
s990868901,p03805,u905329882,1591069632,Python,PyPy3 (2.4.0),py,Accepted,185.0,39920.0,527,
s019726745,p03805,u451962874,1591069579,C++,C++14 (GCC 5.4.1),cpp,Accepted,211.0,256.0,877,
s275731929,p03805,u916974091,1591066941,C++,C++14 (GCC 5.4.1),cpp,Accepted,1.0,256.0,2461,
s728102441,p03805,u237390401,1591064748,C++,C++14 (GCC 5.4.1),cpp,Accepted,2.0,256.0,857,
s602413944,p03805,u237390401,1591064704,C++,C++14 (GCC 5.4.1),cpp,Accepted,2.0,256.0,878,
s434027566,p03805,u567906952,1591063681,C++,C++14 (GCC 5.4.1),cpp,Accepted,3.0,3328.0,2048,
s294397177,p03805,u237390401,1591063344,C++,C++14 (GCC 5.4.1),cpp,Accepted,2.0,256.0,768,
s735084558,p03805,u878454346,1591043187,C++,C++14 (Clang 3.8.0),cpp,Accepted,2.0,256.0,750,
s808212100,p03805,u991134049,1591041345,Python,PyPy3 (2.4.0),py,Accepted,217.0,42972.0,494,
s301879495,p03805,u024782094,1591039115,Python,PyPy3 (2.4.0),py,Accepted,291.0,66028.0,670,
s768680043,p03805,u362444129,1591039085,C++,C++14 (GCC 5.4.1),cpp,Accepted,1.0,256.0,580,
s519727263,p03805,u362444129,1591038758,C++,C++14 (GCC 5.4.1),cpp,Accepted,1.0,256.0,570,
s188379419,p03805,u922449550,1591038537,Python,Python (3.4.3),py,Accepted,27.0,3572.0,415,
s757280007,p03805,u058742919,1591035515,C++,C++14 (GCC 5.4.1),cpp,Accepted,2.0,256.0,794,
s470439005,p03805,u883866798,1591034798,Python,Python (3.4.3),py,Accepted,36.0,8052.0,452,
s897077146,p03805,u847923740,1590968966,Python,PyPy3 (2.4.0),py,Accepted,185.0,40048.0,397,
s214134726,p03805,u392200830,1590965874,C++,C++14 (GCC 5.4.1),cpp,Accepted,1.0,256.0,1166,
s265300759,p03805,u000022466,1590961365,C++,C++14 (GCC 5.4.1),cpp,Accepted,1.0,256.0,896,
s491374217,p03805,u408958033,1590959368,C++,C++14 (GCC 5.4.1),cpp,Accepted,1.0,256.0,7143,
s702783572,p03805,u294700660,1590956159,C++,C++14 (GCC 5.4.1),cpp,Accepted,2.0,256.0,3690,
s844512753,p03805,u208844959,1590955716,C++,C++14 (GCC 5.4.1),cpp,Accepted,2.0,256.0,944,
s762702528,p03805,u323068559,1590950366,C++,C++14 (GCC 5.4.1),cpp,Accepted,1.0,256.0,612,
s510263867,p03805,u506422964,1590949005,C++,C++14 (GCC 5.4.1),cpp,Accepted,1.0,256.0,1154,
s521275899,p03805,u575802441,1590943430,C++,C++14 (GCC 5.4.1),cpp,Accepted,1.0,256.0,1258,
s280866771,p03805,u591808161,1590902190,Python,PyPy3 (2.4.0),py,Accepted,193.0,40432.0,590,
s850751526,p03805,u443736699,1590899608,Python,PyPy3 (2.4.0),py,Accepted,204.0,42716.0,827,
s510559245,p03805,u854061980,1590895258,Python,Python (3.4.3),py,Accepted,30.0,3316.0,785,
s718440352,p03805,u016302627,1590893173,Python,PyPy3 (2.4.0),py,Accepted,216.0,43504.0,749,
s427992406,p03805,u016302627,1590893139,Python,PyPy3 (2.4.0),py,Accepted,182.0,39920.0,878,
s249240155,p03805,u016302627,1590893079,Python,Python (3.4.3),py,Accepted,21.0,3064.0,878,
s290664436,p03805,u527652459,1590890398,C++,C++14 (GCC 5.4.1),cpp,Accepted,2.0,256.0,1709,
s451034769,p03805,u489603283,1590872545,C++,C++14 (GCC 5.4.1),cpp,Accepted,1.0,256.0,876,
s583884461,p03805,u901282405,1590870985,C++,C++14 (GCC 5.4.1),cpp,Accepted,17.0,256.0,1670,
s337471837,p03805,u658901072,1590870088,C++,C++14 (GCC 5.4.1),cpp,Accepted,1.0,256.0,614,
s265211768,p03805,u648901783,1590866955,Python,Python (3.4.3),py,Accepted,28.0,3316.0,651,
s413050815,p03805,u146597538,1590865560,Python,Python (3.4.3),py,Accepted,29.0,3064.0,598,
s850559665,p03805,u532151853,1590862637,C++,C++14 (GCC 5.4.1),cpp,Accepted,1.0,256.0,522,
s642165424,p03805,u532151853,1590861693,C++,C++14 (GCC 5.4.1),cpp,Accepted,2.0,256.0,717,
s356029084,p03805,u314260680,1590847945,C++,C++14 (GCC 5.4.1),cpp,Accepted,2.0,256.0,1689,
s212410860,p03805,u314260680,1590846910,C++,C++14 (GCC 5.4.1),cpp,Accepted,2.0,256.0,1705,
s879134436,p03805,u314260680,1590846053,C++,C++14 (GCC 5.4.1),cpp,Accepted,9.0,256.0,1719,
s563119320,p03805,u603958124,1590844430,C++,C++14 (GCC 5.4.1),cpp,Accepted,3.0,256.0,664,
s085330949,p03805,u802237789,1590822442,C++,C++14 (GCC 5.4.1),cpp,Accepted,1.0,256.0,4869,
s888917472,p03805,u263000123,1590802220,C++,C++14 (GCC 5.4.1),cpp,Accepted,2.0,256.0,778,
s124650160,p03805,u851035514,1590797187,C++,C++14 (GCC 5.4.1),cpp,Accepted,104.0,256.0,1124,
s301846990,p03805,u045939752,1590795688,C++,C++14 (GCC 5.4.1),cpp,Accepted,1.0,256.0,1258,
s588298535,p03805,u332793228,1590788764,Python,PyPy3 (2.4.0),py,Accepted,339.0,52316.0,272,
s271808942,p03805,u590293411,1590783155,C++,C++14 (GCC 5.4.1),cpp,Accepted,17.0,256.0,824,
s102941000,p03805,u532151853,1590779132,C++,C++14 (GCC 5.4.1),cpp,Accepted,1.0,256.0,850,
s063160660,p03805,u532151853,1590778129,C++,C++14 (GCC 5.4.1),cpp,Accepted,1.0,256.0,798,
s626516472,p03805,u894339989,1590758385,C++,C++14 (GCC 5.4.1),cpp,Accepted,2.0,256.0,919,
s469590782,p03805,u051484887,1590758148,C++,C++14 (GCC 5.4.1),cpp,Accepted,2.0,384.0,1295,
s634125359,p03805,u099619676,1590752017,C++,C++14 (GCC 5.4.1),cpp,Accepted,2.0,256.0,901,
s071622714,p03805,u086503932,1590730348,Python,Python (3.4.3),py,Accepted,29.0,3316.0,586,
s036636558,p03805,u086503932,1590729931,Python,Python (3.4.3),py,Accepted,29.0,3316.0,552,
s196607464,p03805,u299311763,1590722350,Python,Python (3.4.3),py,Accepted,66.0,3064.0,393,
s965989169,p03805,u106922076,1590721807,C++,C++14 (GCC 5.4.1),cpp,Accepted,1.0,256.0,1461,
s221037161,p03805,u462329577,1590717652,Python,Python (3.4.3),py,Accepted,34.0,3316.0,666,
s317296458,p03805,u515740713,1590715316,Python,Python (3.4.3),py,Accepted,60.0,3064.0,425,
s513770210,p03805,u192154323,1590709776,Python,Python (3.4.3),py,Accepted,35.0,3064.0,743,
s825973574,p03805,u192154323,1590709197,Python,Python (3.4.3),py,Accepted,36.0,3064.0,678,
s359266511,p03805,u873190923,1590691601,Python,PyPy3 (2.4.0),py,Accepted,213.0,43996.0,707,
s122680402,p03805,u936985471,1590690049,Python,Python (3.4.3),py,Accepted,47.0,3064.0,482,
s686937459,p03805,u071019032,1590683709,C++,C++14 (GCC 5.4.1),cpp,Accepted,1.0,256.0,967,
s902173773,p03805,u967822229,1590655678,C++,C++14 (GCC 5.4.1),cpp,Accepted,1.0,256.0,1122,
s367160763,p03805,u467041847,1590647976,C++,C++14 (GCC 5.4.1),cpp,Accepted,3.0,256.0,920,
s048240183,p03805,u174181999,1590639067,Python,Python (3.4.3),py,Accepted,42.0,3064.0,404,
s605110247,p03805,u174181999,1590639025,Python,Python (3.4.3),py,Accepted,44.0,3064.0,479,
s514894867,p03805,u743889070,1590635644,C++,C++14 (GCC 5.4.1),cpp,Accepted,4.0,384.0,2750,
s668584029,p03805,u543584809,1590632351,C++,C++14 (GCC 5.4.1),cpp,Accepted,2.0,256.0,701,
s863966798,p03805,u507850687,1590631916,C++,C++14 (GCC 5.4.1),cpp,Accepted,1.0,256.0,548,
s880447842,p03805,u375172966,1590630292,Python,Python (3.4.3),py,Accepted,37.0,8052.0,473,
s348099303,p03805,u281303342,1590627345,Python,Python (3.4.3),py,Accepted,25.0,3064.0,893,
s218761893,p03805,u221391729,1590624125,C++,C++14 (GCC 5.4.1),cpp,Accepted,2.0,256.0,1256,
s573471280,p03805,u415347296,1590623079,C++,C++14 (GCC 5.4.1),cpp,Accepted,2.0,512.0,1525,
s948812537,p03805,u691180220,1590612811,C++,C++14 (GCC 5.4.1),cpp,Accepted,1.0,256.0,716,
s214946853,p03805,u886613668,1590607667,C++,C++14 (GCC 5.4.1),cpp,Accepted,2.0,256.0,785,
s338182848,p03805,u594956556,1590592321,Python,Python (3.4.3),py,Accepted,24.0,3064.0,380,
s475197683,p03805,u861141787,1590591544,C++,C++14 (GCC 5.4.1),cpp,Accepted,2.0,256.0,870,
s756899363,p03805,u594956556,1590591133,Python,Python (3.4.3),py,Accepted,43.0,3316.0,471,
s859922869,p03805,u340688691,1590580549,C++,C++14 (GCC 5.4.1),cpp,Accepted,2.0,256.0,909,
s155422780,p03805,u692550512,1590559289,C++,C++14 (GCC 5.4.1),cpp,Accepted,1.0,256.0,567,
s562390606,p03805,u811436126,1590550726,Python,Python (3.4.3),py,Accepted,27.0,3064.0,481,
s289547555,p03805,u811436126,1590550685,Python,Python (3.4.3),py,Accepted,30.0,3064.0,475,
s329269281,p03805,u503227287,1590550622,Python,PyPy3 (2.4.0),py,Accepted,183.0,40304.0,996,
s451155310,p03805,u004482945,1590543656,Python,Python (3.4.3),py,Accepted,35.0,3064.0,409,
s950380772,p03805,u033963510,1590543619,Python,Python (3.4.3),py,Accepted,194.0,4568.0,963,
s339945868,p03805,u415727168,1590542439,C++,C++14 (GCC 5.4.1),cpp,Accepted,1.0,256.0,1166,
s117660032,p03805,u115454768,1590539660,C++,C++14 (GCC 5.4.1),cpp,Accepted,3.0,256.0,901,
s067948435,p03805,u189023301,1590529148,Python,Python (3.4.3),py,Accepted,33.0,3572.0,492,
s040937694,p03805,u189479417,1590528666,Python,Python (3.4.3),py,Accepted,31.0,3064.0,407,
s957300100,p03805,u932291797,1590519795,C++,C++14 (GCC 5.4.1),cpp,Accepted,1.0,256.0,894,
s131661139,p03805,u393698851,1590506828,C++,C++14 (GCC 5.4.1),cpp,Accepted,2.0,256.0,1144,
s602298193,p03805,u884323674,1590500506,Python,Python (3.4.3),py,Accepted,29.0,3064.0,470,
s512723783,p03805,u884323674,1590498552,Python,Python (3.4.3),py,Accepted,25.0,3064.0,477,
s696898255,p03805,u884323674,1590498502,Python,Python (3.4.3),py,Accepted,24.0,3064.0,493,
s785650292,p03805,u861141787,1590489515,C++,C++14 (GCC 5.4.1),cpp,Accepted,1.0,256.0,686,
s610013252,p03805,u985949234,1590487458,Python,PyPy3 (2.4.0),py,Accepted,193.0,41200.0,509,
s001397266,p03805,u985949234,1590486478,Python,PyPy3 (2.4.0),py,Accepted,272.0,48088.0,468,
s543045922,p03805,u736647947,1590481051,C++,C++14 (GCC 5.4.1),cpp,Accepted,1.0,256.0,808,
s723321481,p03805,u373442126,1590462226,Python,PyPy3 (2.4.0),py,Accepted,215.0,42968.0,794,
s126728705,p03805,u893866265,1590461139,C++,C++14 (GCC 5.4.1),cpp,Accepted,1.0,256.0,1203,
s435830193,p03805,u145179061,1590457902,C++,C++14 (GCC 5.4.1),cpp,Accepted,1.0,256.0,1225,
s728827696,p03805,u945901686,1590433399,C++,C++14 (GCC 5.4.1),cpp,Accepted,2.0,256.0,639,
s711126241,p03805,u678487576,1590424550,C++,C++14 (GCC 5.4.1),cpp,Accepted,3.0,256.0,1099,
s082310233,p03805,u391589398,1590413943,Python,Python (3.4.3),py,Accepted,26.0,3064.0,369,
s274415445,p03805,u929569377,1590407200,C++,C++14 (GCC 5.4.1),cpp,Accepted,2.0,256.0,641,
s707817886,p03805,u957680339,1590383027,C++,C++14 (GCC 5.4.1),cpp,Accepted,1.0,256.0,1021,
s032693050,p03805,u006167882,1590379068,C++,C++14 (GCC 5.4.1),cpp,Accepted,1.0,256.0,904,
s366855385,p03805,u347184682,1590376962,Python,Python (3.4.3),py,Accepted,49.0,4212.0,455,
s190633153,p03805,u957680339,1590376791,C++,C++14 (GCC 5.4.1),cpp,Accepted,2.0,256.0,971,
s460755173,p03805,u166201488,1590366251,Python,Python (3.4.3),py,Accepted,56.0,3828.0,363,
s200073834,p03805,u994064513,1590365814,Python,Python (3.4.3),py,Accepted,33.0,3064.0,426,
s441484169,p03805,u714732628,1590360233,C++,C++14 (GCC 5.4.1),cpp,Accepted,2.0,256.0,1061,
s255201319,p03805,u455067221,1590357163,C++,C++14 (GCC 5.4.1),cpp,Accepted,2.0,256.0,897,
s320221191,p03805,u991134049,1590346546,Python,PyPy3 (2.4.0),py,Accepted,197.0,42972.0,551,
s581573396,p03805,u242435425,1590345488,C++,C++14 (Clang 3.8.0),cpp,Accepted,2.0,256.0,1040,
s010777767,p03805,u329407311,1590343720,Python,Python (3.4.3),py,Accepted,31.0,3064.0,414,
s286995435,p03805,u936050991,1590342890,Python,Python (3.4.3),py,Accepted,28.0,3064.0,390,
s396239959,p03805,u164471280,1590294499,Python,Python (3.4.3),py,Accepted,28.0,3064.0,415,
s191355214,p03805,u426572476,1590292716,Python,Python (3.4.3),py,Accepted,54.0,6204.0,4724,
s160362853,p03805,u177388368,1590288523,Python,Python (3.4.3),py,Accepted,28.0,3064.0,435,
s678482868,p03805,u145231176,1590275285,Python,PyPy3 (2.4.0),py,Accepted,277.0,65900.0,981,
s648210046,p03805,u651235280,1590262115,C++,C++14 (GCC 5.4.1),cpp,Accepted,1.0,256.0,696,
s944842098,p03805,u633967774,1590261636,C++,C++14 (GCC 5.4.1),cpp,Accepted,1.0,256.0,752,
s474701968,p03805,u513081876,1590259267,Python,Python (3.4.3),py,Accepted,39.0,8052.0,429,
s101067177,p03805,u459419927,1590258896,Python,Python (3.4.3),py,Accepted,32.0,3064.0,492,
s929060712,p03805,u306482197,1590253144,C++,C++14 (GCC 5.4.1),cpp,Accepted,7.0,256.0,740,
s608758819,p03805,u043363214,1590241000,C++,C++14 (GCC 5.4.1),cpp,Accepted,2.0,256.0,1768,
s266742831,p03805,u557659226,1590240569,Python,Python (3.4.3),py,Accepted,308.0,13828.0,575,
s987982091,p03805,u876953939,1590223774,C++,C++14 (GCC 5.4.1),cpp,Accepted,1.0,256.0,1716,
s236344788,p03805,u867529352,1590222832,C++,C++14 (GCC 5.4.1),cpp,Accepted,1.0,256.0,1139,
s599607733,p03805,u120198153,1590205551,C++,C++14 (GCC 5.4.1),cpp,Accepted,1.0,256.0,1946,
s757642327,p03805,u630355552,1590193154,C++,C++14 (GCC 5.4.1),cpp,Accepted,1.0,256.0,716,
s337666106,p03805,u154148649,1590176856,C++,C++14 (GCC 5.4.1),cpp,Accepted,2.0,256.0,973,
s642570412,p03805,u658987783,1590173877,Python,Python (3.4.3),py,Accepted,49.0,3064.0,307,
s262873491,p03805,u113971909,1590157917,Python,Python (3.4.3),py,Accepted,33.0,8052.0,712,
s116884867,p03805,u497952650,1590156046,Python,Python (3.4.3),py,Accepted,112.0,3064.0,449,
s399275626,p03805,u115418613,1590155801,Python,Python (3.4.3),py,Accepted,38.0,3064.0,546,
s746574429,p03805,u790012205,1590151474,Python,PyPy3 (2.4.0),py,Accepted,212.0,42716.0,675,
s556533973,p03805,u774417629,1590145634,C++,C++14 (GCC 5.4.1),cpp,Accepted,10.0,23680.0,721,
s587683196,p03805,u480300350,1590125921,Python,PyPy3 (2.4.0),py,Accepted,193.0,41068.0,4132,
s349919840,p03805,u164181205,1590116943,C++,C++14 (GCC 5.4.1),cpp,Accepted,7.0,256.0,1089,
s978292640,p03805,u229213815,1590116339,C++,C++14 (GCC 5.4.1),cpp,Accepted,2.0,256.0,1145,
s025847284,p03805,u366581326,1590111708,C++,C++14 (GCC 5.4.1),cpp,Accepted,2.0,256.0,1794,
s815928790,p03805,u374678351,1590111301,C++,C++14 (GCC 5.4.1),cpp,Accepted,2.0,256.0,1280,
s699935018,p03805,u900068183,1590110751,C++,C++14 (GCC 5.4.1),cpp,Accepted,4.0,256.0,1230,
s479832821,p03805,u587801819,1590093049,C++,C++14 (GCC 5.4.1),cpp,Accepted,12.0,256.0,1341,
s589948060,p03805,u606600497,1590061286,C++,C++14 (GCC 5.4.1),cpp,Accepted,2.0,256.0,931,
s820481878,p03805,u132687480,1590045196,Python,Python (3.4.3),py,Accepted,27.0,3064.0,828,
s948061038,p03805,u285891772,1590042803,Python,Python (3.4.3),py,Accepted,71.0,5964.0,1177,
s526251384,p03805,u285891772,1590042379,Python,Python (3.4.3),py,Accepted,51.0,5204.0,1171,
s082770242,p03805,u285891772,1590041890,Python,Python (3.4.3),py,Accepted,45.0,5316.0,1211,
s576224758,p03805,u617718239,1590034866,Python,PyPy3 (2.4.0),py,Accepted,198.0,39920.0,748,
s988859483,p03805,u285891772,1590032973,Python,Python (3.4.3),py,Accepted,61.0,5160.0,1240,
s628390642,p03805,u681283552,1590031917,C++,C++14 (GCC 5.4.1),cpp,Accepted,1.0,256.0,546,
s330447247,p03805,u290563917,1590028588,Python,PyPy3 (2.4.0),py,Accepted,188.0,39920.0,428,
s379665229,p03805,u548649937,1590026285,C++,C++14 (Clang 3.8.0),cpp,Accepted,3.0,256.0,1217,
s757135197,p03805,u866538547,1590021160,C++,C++14 (GCC 5.4.1),cpp,Accepted,1.0,256.0,818,
s428655880,p03805,u896741788,1590006025,Python,Python (3.4.3),py,Accepted,24.0,3064.0,375,
s151661156,p03805,u177907787,1589993761,C++,C++14 (GCC 5.4.1),cpp,Accepted,1.0,256.0,690,
s448107012,p03805,u112315075,1589982894,Python,Python (3.4.3),py,Accepted,31.0,3692.0,717,
s800956201,p03805,u595984176,1589968023,C++,C++14 (GCC 5.4.1),cpp,Accepted,1.0,256.0,925,
s712445620,p03805,u362295543,1589948223,C++,C++14 (GCC 5.4.1),cpp,Accepted,6.0,256.0,1754,
s373767346,p03805,u362295543,1589947859,C++,C++14 (GCC 5.4.1),cpp,Accepted,1.0,256.0,1794,
s519224182,p03805,u687041133,1589945821,Python,Python (3.4.3),py,Accepted,53.0,3064.0,474,
s971467712,p03805,u244203620,1589942806,C++,C++14 (GCC 5.4.1),cpp,Accepted,1.0,256.0,789,
s469041861,p03805,u876438858,1589940070,Python,Python (3.4.3),py,Accepted,164.0,12492.0,698,
s782707057,p03805,u461336793,1589936832,C++,C++14 (GCC 5.4.1),cpp,Accepted,1.0,256.0,2199,
s395431123,p03805,u071396528,1589935381,C++,C++14 (GCC 5.4.1),cpp,Accepted,2.0,256.0,717,
s995870122,p03805,u296339856,1589932339,C++,C++14 (GCC 5.4.1),cpp,Accepted,2.0,256.0,1301,
s643078799,p03805,u590927341,1589926246,C++,C++14 (GCC 5.4.1),cpp,Accepted,2.0,256.0,2807,
s969358388,p03805,u417959834,1589917830,C++,C++14 (GCC 5.4.1),cpp,Accepted,1.0,256.0,916,
s184342375,p03805,u686036872,1589885326,Python,Python (3.4.3),py,Accepted,24.0,3064.0,447,
s921434876,p03805,u279200089,1589869314,C++,C++14 (GCC 5.4.1),cpp,Accepted,1.0,256.0,825,
s324287962,p03805,u279200089,1589869229,C++,C++14 (GCC 5.4.1),cpp,Accepted,1.0,256.0,825,
s974410689,p03805,u279200089,1589869215,C++,C++14 (GCC 5.4.1),cpp,Accepted,1.0,256.0,825,
s423078263,p03805,u860546679,1589867204,C++,C++14 (GCC 5.4.1),cpp,Accepted,1.0,256.0,1091,
s757280465,p03805,u010090035,1589863087,Python,Python (3.4.3),py,Accepted,154.0,3444.0,464,
s142495196,p03805,u319065189,1589857685,Python,Python (3.4.3),py,Accepted,166.0,4340.0,612,
s093358360,p03805,u491256431,1589854858,C++,C++14 (GCC 5.4.1),cpp,Accepted,1.0,256.0,1273,
s994931437,p03805,u354281482,1589849709,C++,C++14 (GCC 5.4.1),cpp,Accepted,1.0,256.0,843,
s965409984,p03805,u606878291,1589841986,Python,Python (3.4.3),py,Accepted,28.0,3316.0,468,
s570583679,p03805,u923270446,1589837793,Python,Python (3.4.3),py,Accepted,31.0,3064.0,483,
s629090768,p03805,u803754262,1589830019,C++,C++14 (GCC 5.4.1),cpp,Accepted,1.0,256.0,2337,
s726050943,p03805,u736788838,1589826297,C++,C++14 (GCC 5.4.1),cpp,Accepted,1.0,256.0,685,
s269162648,p03805,u747853119,1589825952,C++,C++14 (GCC 5.4.1),cpp,Accepted,2.0,256.0,638,
s833804053,p03805,u736788838,1589825491,C++,C++14 (GCC 5.4.1),cpp,Accepted,1.0,256.0,762,
s761713889,p03805,u071396528,1589825011,C++,C++14 (GCC 5.4.1),cpp,Accepted,2.0,256.0,1945,
s632297036,p03805,u011716617,1589792361,C++,C++14 (GCC 5.4.1),cpp,Accepted,2.0,256.0,1330,
s357096532,p03805,u011716617,1589792000,C++,C++14 (GCC 5.4.1),cpp,Accepted,2.0,256.0,1316,
s041702960,p03805,u537359793,1589783647,C++,C++14 (GCC 5.4.1),cpp,Accepted,1.0,256.0,674,
s810145248,p03805,u172248855,1589772500,C++,C++14 (GCC 5.4.1),cpp,Accepted,1.0,256.0,684,
s196834105,p03805,u721166818,1589769481,C++,C++14 (GCC 5.4.1),cpp,Accepted,3.0,256.0,2408,
s849603943,p03805,u873269440,1589761145,C++,C++14 (GCC 5.4.1),cpp,Accepted,3.0,256.0,887,
s078154216,p03805,u707960254,1589760106,Python,Python (3.4.3),py,Accepted,947.0,12532.0,637,
s486478647,p03805,u246343119,1589758795,C++,C++14 (GCC 5.4.1),cpp,Accepted,2.0,256.0,932,
s236823017,p03805,u691501673,1589754341,Python,Python (3.4.3),py,Accepted,91.0,3188.0,753,
s251659197,p03805,u211263387,1589752152,C++,C++14 (GCC 5.4.1),cpp,Accepted,2.0,256.0,1078,
s014354433,p03805,u312245175,1589748397,C++,C++14 (GCC 5.4.1),cpp,Accepted,3.0,256.0,695,
s316097397,p03805,u879391720,1589739671,C++,C++14 (GCC 5.4.1),cpp,Accepted,1.0,256.0,570,
s389025575,p03805,u265359795,1589737338,C++,C++14 (GCC 5.4.1),cpp,Accepted,1.0,256.0,646,
s562701188,p03805,u740260565,1589736668,Python,Python (3.4.3),py,Accepted,108.0,3064.0,571,
s634330923,p03805,u811528179,1589736232,C++,C++14 (GCC 5.4.1),cpp,Accepted,1.0,256.0,2373,
s824375937,p03805,u548545174,1589735808,Python,Python (3.4.3),py,Accepted,25.0,3064.0,572,
s932502828,p03805,u428138851,1589735542,C++,C++14 (GCC 5.4.1),cpp,Accepted,2.0,256.0,1103,
s968577449,p03805,u587589241,1589728846,Python,PyPy3 (2.4.0),py,Accepted,186.0,40432.0,748,
s092324579,p03805,u909117696,1589705505,C++,C++14 (GCC 5.4.1),cpp,Accepted,1.0,256.0,1013,
s838966475,p03805,u909117696,1589704896,C++,C++14 (GCC 5.4.1),cpp,Accepted,2.0,384.0,1008,
s389469297,p03805,u474180590,1589702203,C++,C++14 (GCC 5.4.1),cpp,Accepted,1.0,256.0,692,
s405511170,p03805,u678167152,1589696468,Python,Python (3.4.3),py,Accepted,46.0,4204.0,534,
s168140809,p03805,u425019904,1589689547,C++,C++14 (GCC 5.4.1),cpp,Accepted,1.0,256.0,1037,
s727896571,p03805,u414689295,1589684978,C++,C++14 (GCC 5.4.1),cpp,Accepted,1.0,256.0,775,
s239798247,p03805,u163829702,1589679728,Python,Python (3.4.3),py,Accepted,31.0,3064.0,426,
s310925060,p03805,u224756887,1589664526,C++,C++14 (GCC 5.4.1),cpp,Accepted,43.0,54016.0,23042,
s223672119,p03805,u062680260,1589659467,C++,C++14 (GCC 5.4.1),cpp,Accepted,5.0,256.0,784,
s587553251,p03805,u129325056,1589655972,Python,PyPy3 (2.4.0),py,Accepted,186.0,42736.0,682,
s737138222,p03805,u703950586,1589655597,Python,PyPy3 (2.4.0),py,Accepted,212.0,40684.0,833,
s067582748,p03805,u393658518,1589647334,C++,C++14 (GCC 5.4.1),cpp,Accepted,2.0,256.0,773,
s258547182,p03805,u786667376,1589625514,C++,C++14 (GCC 5.4.1),cpp,Accepted,1.0,256.0,717,
s698322005,p03805,u914047482,1589619445,C++,C++14 (GCC 5.4.1),cpp,Accepted,1.0,256.0,1308,
s697567983,p03805,u149969145,1589611135,C++,C++14 (GCC 5.4.1),cpp,Accepted,1.0,256.0,808,
s045252129,p03805,u135248164,1589605734,C++,C++14 (GCC 5.4.1),cpp,Accepted,1.0,256.0,1545,
s278074708,p03805,u885634168,1589598760,Python,PyPy3 (2.4.0),py,Accepted,230.0,45020.0,611,
s640258086,p03805,u890331732,1589595488,C++,C++14 (GCC 5.4.1),cpp,Accepted,2.0,256.0,741,
s497559488,p03805,u687204015,1589590707,C++,C++14 (GCC 5.4.1),cpp,Accepted,1.0,256.0,1325,
s344983922,p03805,u344065503,1589590684,Python,PyPy3 (2.4.0),py,Accepted,190.0,39920.0,748,
s656764521,p03805,u705392576,1589590340,C++,C++14 (GCC 5.4.1),cpp,Accepted,2.0,256.0,1235,
s529564289,p03805,u687204015,1589588782,C++,C++14 (GCC 5.4.1),cpp,Accepted,2.0,256.0,1279,
s401055519,p03805,u414689295,1589587912,C++,C++14 (GCC 5.4.1),cpp,Accepted,2.0,256.0,704,
s354487587,p03805,u334624175,1589586357,C++,C++14 (GCC 5.4.1),cpp,Accepted,2.0,256.0,1057,
s273102178,p03805,u334624175,1589586030,C++,C++14 (GCC 5.4.1),cpp,Accepted,2.0,384.0,980,
s565748004,p03805,u471503862,1589580446,Python,Python (3.4.3),py,Accepted,41.0,8052.0,399,
s513611785,p03805,u170054586,1589575758,C++,C++14 (GCC 5.4.1),cpp,Accepted,2.0,256.0,2746,
s914859865,p03805,u006717664,1589573640,C++,C++14 (GCC 5.4.1),cpp,Accepted,1.0,256.0,576,
s225800705,p03805,u170054586,1589572442,C++,C++14 (GCC 5.4.1),cpp,Accepted,7.0,256.0,2584,
s475243319,p03805,u276588887,1589564070,C++,C++14 (GCC 5.4.1),cpp,Accepted,1.0,256.0,4357,
s983596345,p03805,u009937643,1589541524,C++,C++14 (GCC 5.4.1),cpp,Accepted,13.0,256.0,764,
s499382757,p03805,u513064552,1589527803,C++,C++14 (GCC 5.4.1),cpp,Accepted,1.0,256.0,714,
s069445190,p03805,u793829136,1589514541,C++,C++14 (GCC 5.4.1),cpp,Accepted,10.0,768.0,1065,
s443969755,p03805,u802963389,1589513429,Python,Python (3.4.3),py,Accepted,31.0,4332.0,701,
s685243718,p03805,u802963389,1589513391,Python,Python (3.4.3),py,Accepted,30.0,3316.0,697,
s691558440,p03805,u011062360,1589512933,Python,Python (3.4.3),py,Accepted,20.0,3064.0,508,
s409137496,p03805,u011062360,1589512892,Python,Python (3.4.3),py,Accepted,21.0,3064.0,532,
s235857207,p03805,u605901675,1589511059,C++,C++14 (GCC 5.4.1),cpp,Accepted,5.0,640.0,2694,
s681153285,p03805,u550294762,1589506750,Python,Python (3.4.3),py,Accepted,132.0,3064.0,503,
s699231124,p03805,u780962115,1589505619,Python,Python (3.4.3),py,Accepted,76.0,8052.0,522,
s064107485,p03805,u203843959,1589505472,Python,PyPy3 (2.4.0),py,Accepted,201.0,40176.0,415,
s368024529,p03805,u188745744,1589500491,Python,Python (3.4.3),py,Accepted,45.0,7532.0,632,
s021905606,p03805,u755801379,1589499416,Python,PyPy3 (2.4.0),py,Accepted,189.0,39920.0,406,
s998110715,p03805,u153849197,1589496077,C++,C++14 (GCC 5.4.1),cpp,Accepted,11.0,768.0,1065,
s321564805,p03805,u998782229,1589495026,C++,C++14 (GCC 5.4.1),cpp,Accepted,1.0,256.0,712,
s974498069,p03805,u266643907,1589488139,C++,C++14 (GCC 5.4.1),cpp,Accepted,2.0,256.0,1622,
s908978849,p03805,u363936720,1589479792,C++,C++14 (GCC 5.4.1),cpp,Accepted,2.0,256.0,1701,
s249247104,p03805,u335386570,1589479132,C++,C++14 (GCC 5.4.1),cpp,Accepted,1.0,256.0,1035,
s471630725,p03805,u127499732,1589475014,Python,Python (3.4.3),py,Accepted,24.0,3320.0,885,
s164360350,p03805,u127499732,1589473673,Python,Python (3.8.2),py,Accepted,25.0,9112.0,543,
s578995298,p03805,u181195295,1589473471,Python,Python (3.8.2),py,Accepted,33.0,9180.0,473,
s526332702,p03805,u207097826,1589473009,Python,PyPy3 (7.3.0),py,Accepted,65.0,68776.0,605,
s443539474,p03805,u008040394,1589472709,C++,C++ (GCC 9.2.1),cpp,Accepted,2.0,3596.0,643,
s497193248,p03805,u711238850,1589467104,Python,Python (3.8.2),py,Accepted,27.0,9172.0,488,
s638169442,p03805,u170054586,1589466681,C++,C++ (GCC 9.2.1),cpp,Accepted,4.0,3676.0,2969,
s624891545,p03805,u340980616,1589466208,C++,C++ (GCC 9.2.1),cpp,Accepted,2.0,3660.0,956,
s821847356,p03805,u395287054,1589465428,C++,C++ (GCC 9.2.1),cpp,Accepted,5.0,3640.0,1170,
s431106681,p03805,u620084012,1589464556,Python,Python (3.8.2),py,Accepted,28.0,9216.0,461,
s240974235,p03805,u563743611,1589463870,C++,C++ (GCC 9.2.1),cpp,Accepted,3.0,3592.0,1373,
s276510372,p03805,u596311864,1589461673,C++,C++ (GCC 9.2.1),cpp,Accepted,6.0,3640.0,759,
s090206282,p03805,u222866518,1589460861,C++,C++ (GCC 9.2.1),cpp,Accepted,4.0,3644.0,671,
s710599177,p03805,u371149954,1589460820,C++,C++ (GCC 9.2.1),cpp,Accepted,6.0,3604.0,1595,
s916487425,p03805,u371149954,1589460431,C++,C++ (GCC 9.2.1),cpp,Accepted,3.0,3620.0,1405,
s537448790,p03805,u784022244,1589460056,Python,Python (3.8.2),py,Accepted,37.0,9228.0,550,
s528387892,p03805,u170054586,1589459784,C++,C++ (GCC 9.2.1),cpp,Accepted,4.0,3668.0,1346,
s894290346,p03805,u255673886,1589459468,Python,PyPy3 (7.3.0),py,Accepted,85.0,70624.0,2726,
s452014383,p03805,u824905100,1589459327,C++,C++ (GCC 9.2.1),cpp,Accepted,3.0,3632.0,22255,
s398797798,p03805,u274883254,1589458985,C++,C++ (GCC 9.2.1),cpp,Accepted,6.0,3652.0,892,
s871738301,p03805,u733814820,1589458948,C++,C++ (GCC 9.2.1),cpp,Accepted,3.0,3660.0,1373,
s550454254,p03805,u495881622,1589458939,C++,C++ (GCC 9.2.1),cpp,Accepted,4.0,3648.0,984,
s423040298,p03805,u882620594,1589458827,C++,C++ (GCC 9.2.1),cpp,Accepted,6.0,3596.0,713,
s788175564,p03805,u892687772,1589458721,C++,C++ (GCC 9.2.1),cpp,Accepted,6.0,3676.0,2119,
s890300673,p03805,u156815136,1589458542,Python,Python (3.8.2),py,Accepted,30.0,9028.0,504,
s802571932,p03805,u615258936,1589458462,C++,C++ (GCC 9.2.1),cpp,Accepted,2.0,3640.0,649,
s016007395,p03805,u273352618,1589458331,C++,C++ (GCC 9.2.1),cpp,Accepted,3.0,3624.0,1465,
s344078716,p03805,u617826263,1589458276,C++,C++ (GCC 9.2.1),cpp,Accepted,4.0,3620.0,1014,
s733116102,p03805,u596311864,1589458160,C++,C++ (GCC 9.2.1),cpp,Accepted,3.0,3620.0,957,
s942724353,p03805,u312025627,1589458128,Python,PyPy3 (7.3.0),py,Accepted,69.0,67460.0,586,
s539843233,p03805,u009414205,1589458085,C++,C++ (GCC 9.2.1),cpp,Accepted,3.0,3584.0,1403,
s459578724,p03805,u047796752,1589457911,Python,PyPy3 (7.3.0),py,Accepted,64.0,68132.0,417,
s671320911,p03805,u497952650,1589457883,Python,Python (3.8.2),py,Accepted,28.0,9228.0,514,
s499336205,p03805,u376082984,1589457761,C++,C++ (GCC 9.2.1),cpp,Accepted,4.0,3612.0,5634,
s554742526,p03805,u330661451,1589457637,C++,C++ (GCC 9.2.1),cpp,Accepted,4.0,3660.0,1155,
s044189888,p03805,u718758485,1589457617,C++,C++ (GCC 9.2.1),cpp,Accepted,10.0,3644.0,620,
s053469526,p03805,u609061751,1589457522,Python,PyPy3 (7.3.0),py,Accepted,64.0,72064.0,555,
s216413657,p03805,u193182854,1589457456,Python,Python (3.8.2),py,Accepted,27.0,9196.0,382,
s967333415,p03805,u415325136,1589457249,C++,C++ (GCC 9.2.1),cpp,Accepted,2.0,3656.0,972,
s274554976,p03805,u324549724,1589457212,C++,C++ (GCC 9.2.1),cpp,Accepted,3.0,3692.0,1377,
s108576135,p03805,u317754719,1589457196,C++,C++ (GCC 9.2.1),cpp,Accepted,4.0,3580.0,4335,
s399982395,p03805,u843522325,1589457162,C++,C++ (GCC 9.2.1),cpp,Accepted,4.0,3596.0,876,
s082814900,p03805,u994988729,1589457113,Python,Python (3.8.2),py,Accepted,31.0,9208.0,365,
s046828113,p03805,u916743460,1589456703,C++,C++ (GCC 9.2.1),cpp,Accepted,5.0,3640.0,1356,
s912046073,p03805,u392319141,1589456645,Python,Python (3.8.2),py,Accepted,29.0,9136.0,507,
s998277399,p03805,u608088992,1589456259,Python,Python (3.8.2),py,Accepted,27.0,9200.0,524,
s017865124,p03805,u318233626,1589436421,Python,Python (3.8.2),py,Accepted,36.0,9192.0,960,
s319096891,p03805,u356539385,1589428109,C++,C++ (GCC 9.2.1),cpp,Accepted,97.0,3636.0,1892,
s034354555,p03805,u496511996,1589426912,Python,Python (3.8.2),py,Accepted,182.0,9628.0,517,
s506318634,p03805,u124659583,1589426824,C++,C++ (GCC 9.2.1),cpp,Accepted,3.0,3632.0,1256,
s495203706,p03805,u840310460,1589411732,Python,Python (3.4.3),py,Accepted,38.0,8052.0,534,
s974179664,p03805,u809967037,1589411304,C++,C++14 (GCC 5.4.1),cpp,Accepted,1.0,256.0,6974,
s303100542,p03805,u044459372,1589407075,Python,Python (3.4.3),py,Accepted,30.0,3064.0,756,
s122534140,p03805,u876160558,1589404584,C++,C++14 (GCC 5.4.1),cpp,Accepted,1.0,256.0,1783,
s318322083,p03805,u109337586,1589397601,C++,C++14 (GCC 5.4.1),cpp,Accepted,1.0,256.0,879,
s739897769,p03805,u109337586,1589390445,C++,C++14 (GCC 5.4.1),cpp,Accepted,2.0,256.0,899,
s822546381,p03805,u109337586,1589390326,C++,C++14 (GCC 5.4.1),cpp,Accepted,1.0,256.0,919,
s134669380,p03805,u422813672,1589386780,C++,C++14 (GCC 5.4.1),cpp,Accepted,1.0,256.0,722,
s118736689,p03805,u422813672,1589386516,C++,C++14 (GCC 5.4.1),cpp,Accepted,1.0,256.0,705,
s704191489,p03805,u329191514,1589362603,C++,C++14 (GCC 5.4.1),cpp,Accepted,1.0,256.0,1039,
s919411007,p03805,u880128069,1589342786,Python,Python (3.4.3),py,Accepted,35.0,3064.0,672,
s450026684,p03805,u197457087,1589340280,Python,PyPy3 (2.4.0),py,Accepted,206.0,46316.0,639,
s592492304,p03805,u602140789,1589338607,C++,C++14 (GCC 5.4.1),cpp,Accepted,3.0,256.0,905,
s245405075,p03805,u681349918,1589335639,C++,C++14 (GCC 5.4.1),cpp,Accepted,1.0,256.0,1185,
s304056056,p03805,u011062360,1589334504,Python,Python (3.4.3),py,Accepted,28.0,3188.0,492,
s808315450,p03805,u532151853,1589333741,C++,C++14 (GCC 5.4.1),cpp,Accepted,1.0,256.0,626,
s221615321,p03805,u532151853,1589333677,C++,C++14 (GCC 5.4.1),cpp,Accepted,1.0,256.0,619,
s117385214,p03805,u453815934,1589316858,Python,Python (3.4.3),py,Accepted,58.0,3064.0,412,
s128452097,p03805,u484315555,1589313576,Python,Python (3.4.3),py,Accepted,38.0,3192.0,2318,
s459721597,p03805,u484315555,1589312623,Python,Python (3.4.3),py,Accepted,35.0,3064.0,899,
s707437775,p03805,u089063009,1589307973,C++,C++14 (GCC 5.4.1),cpp,Accepted,1.0,256.0,642,
s488278592,p03805,u856095980,1589263552,C++,C++14 (GCC 5.4.1),cpp,Accepted,1.0,256.0,638,
s340281809,p03805,u601384736,1589258693,C++,C++14 (GCC 5.4.1),cpp,Accepted,1.0,256.0,644,
s603513727,p03805,u601384736,1589258421,C++,C++14 (GCC 5.4.1),cpp,Accepted,1.0,256.0,781,
s543310324,p03805,u524534026,1589256355,Python,Python (3.4.3),py,Accepted,288.0,8052.0,568,
s100265270,p03805,u524534026,1589256216,Python,Python (3.4.3),py,Accepted,237.0,3064.0,578,
s438719102,p03805,u391250239,1589254714,C++,C++14 (GCC 5.4.1),cpp,Accepted,29.0,256.0,943,
s909355246,p03805,u085910248,1589253239,Python,Python (3.4.3),py,Accepted,46.0,3064.0,359,
s358531624,p03805,u348273197,1589248226,C++,C++14 (GCC 5.4.1),cpp,Accepted,1.0,256.0,711,
s826629385,p03805,u383056481,1589248215,C++,C++14 (GCC 5.4.1),cpp,Accepted,1.0,256.0,522,
s827355306,p03805,u014268998,1589239325,Python,Python (3.4.3),py,Accepted,52.0,3060.0,449,
s520691831,p03805,u723711163,1589227925,Python,Python (3.4.3),py,Accepted,27.0,3316.0,587,
s443487186,p03805,u697968316,1589211991,C++,C++14 (GCC 5.4.1),cpp,Accepted,6.0,256.0,1143,
s293713904,p03805,u697968316,1589211301,C++,C++14 (GCC 5.4.1),cpp,Accepted,6.0,256.0,1189,
s387581597,p03805,u603067482,1589210828,C++,C++14 (GCC 5.4.1),cpp,Accepted,2.0,256.0,958,
s134235028,p03805,u514760660,1589161238,C++,C++14 (GCC 5.4.1),cpp,Accepted,2.0,256.0,564,
s853650246,p03805,u905203728,1589158499,Python,PyPy3 (2.4.0),py,Accepted,189.0,41820.0,426,
s178989616,p03805,u511837039,1589154529,C++,C++14 (GCC 5.4.1),cpp,Accepted,3.0,256.0,876,
s810819064,p03805,u564204618,1589152125,C++,C++14 (GCC 5.4.1),cpp,Accepted,2.0,256.0,848,
s019729376,p03805,u855838587,1589149504,C++,C++14 (GCC 5.4.1),cpp,Accepted,2.0,256.0,1092,
s968541492,p03805,u399221188,1589146861,C++,C++14 (GCC 5.4.1),cpp,Accepted,1.0,256.0,1939,
s317497783,p03805,u674574659,1589146475,Python,Python (3.4.3),py,Accepted,32.0,3064.0,375,
s586410068,p03805,u021548497,1589142012,Python,Python (3.4.3),py,Accepted,27.0,3064.0,438,
s463141823,p03805,u518206537,1589140375,C++,C++14 (GCC 5.4.1),cpp,Accepted,1.0,256.0,796,
s810578308,p03805,u223646582,1589138461,Python,Python (3.4.3),py,Accepted,33.0,3064.0,405,
s360189315,p03805,u423966555,1589137496,Python,Python (3.4.3),py,Accepted,35.0,3064.0,710,
s745695995,p03805,u612223903,1589127101,Python,Python (3.4.3),py,Accepted,38.0,3188.0,765,
s116708761,p03805,u190580703,1589125442,C++,C++14 (GCC 5.4.1),cpp,Accepted,1.0,256.0,2201,
s300969028,p03805,u929156598,1589103296,C++,C++14 (GCC 5.4.1),cpp,Accepted,2.0,256.0,677,
s847776134,p03805,u454093752,1589095848,Python,PyPy3 (2.4.0),py,Accepted,189.0,41308.0,528,
s788979372,p03805,u989306199,1589085948,C++,C++14 (GCC 5.4.1),cpp,Accepted,3.0,256.0,1327,
s421091970,p03805,u028906014,1589080919,C++,C++14 (GCC 5.4.1),cpp,Accepted,2.0,256.0,783,
s997892070,p03805,u239981649,1589078521,C++,C++14 (GCC 5.4.1),cpp,Accepted,2.0,256.0,18840,
s533245394,p03805,u325956328,1589075157,Python,Python (3.4.3),py,Accepted,28.0,3316.0,775,
s927560988,p03805,u905203728,1589074101,Python,PyPy3 (2.4.0),py,Accepted,196.0,41820.0,402,
s613656246,p03805,u905203728,1589073710,Python,PyPy3 (2.4.0),py,Accepted,206.0,41820.0,401,
s610222239,p03805,u905203728,1589072337,Python,PyPy3 (2.4.0),py,Accepted,192.0,40048.0,396,
s273814322,p03805,u323051878,1589069848,C++,C++14 (GCC 5.4.1),cpp,Accepted,1.0,256.0,657,
s674865640,p03805,u525008368,1589067370,C++,C++14 (GCC 5.4.1),cpp,Accepted,1.0,256.0,769,
s034168261,p03805,u525008368,1589065513,C++,C++14 (GCC 5.4.1),cpp,Accepted,2.0,256.0,792,
s694113332,p03805,u525008368,1589065435,C++,C++14 (GCC 5.4.1),cpp,Accepted,2.0,256.0,813,
s764303821,p03805,u051393148,1589064232,C++,C++14 (GCC 5.4.1),cpp,Accepted,1.0,256.0,527,
s248504360,p03805,u240096083,1589062285,Python,PyPy3 (2.4.0),py,Accepted,237.0,46704.0,954,
s291372850,p03805,u416491205,1589060339,C++,C++14 (GCC 5.4.1),cpp,Accepted,2.0,256.0,797,
s670924210,p03805,u068177169,1589058569,C++,C++14 (GCC 5.4.1),cpp,Accepted,2.0,256.0,3091,
s170460423,p03805,u969850098,1589056196,Python,Python (3.4.3),py,Accepted,34.0,4076.0,729,
s633256793,p03805,u355424600,1589054671,C++,C++14 (GCC 5.4.1),cpp,Accepted,1.0,256.0,1740,
s656521285,p03805,u376948780,1589046642,C++,C++14 (GCC 5.4.1),cpp,Accepted,2.0,256.0,804,
s524193493,p03805,u289547799,1589045664,Python,PyPy3 (2.4.0),py,Accepted,222.0,44636.0,491,
s421088943,p03805,u010682989,1589041561,C++,C++14 (GCC 5.4.1),cpp,Accepted,6.0,256.0,1120,
s003090917,p03805,u720447689,1589040125,C++,C++14 (GCC 5.4.1),cpp,Accepted,1.0,256.0,1407,
s538706325,p03805,u497418592,1589039918,C++,C++14 (GCC 5.4.1),cpp,Accepted,2.0,256.0,981,
s741523175,p03805,u164730704,1589036825,C++,C++14 (GCC 5.4.1),cpp,Accepted,1.0,256.0,601,
s121860547,p03805,u249438735,1589022288,C++,C++14 (GCC 5.4.1),cpp,Accepted,1.0,256.0,986,
s124171427,p03805,u143618600,1588997479,C++,C++14 (GCC 5.4.1),cpp,Accepted,2.0,256.0,2058,
s393608325,p03805,u313766957,1588992491,C++,C++14 (GCC 5.4.1),cpp,Accepted,1.0,256.0,674,
s777944163,p03805,u663191260,1588991619,C++,C++14 (GCC 5.4.1),cpp,Accepted,1.0,256.0,950,
s350592000,p03805,u546925116,1588990653,C++,C++14 (GCC 5.4.1),cpp,Accepted,1.0,128.0,692,
s862195000,p03805,u663191260,1588990644,C++,C++14 (GCC 5.4.1),cpp,Accepted,3.0,256.0,811,
s631989405,p03805,u045547337,1588990114,C++,C++14 (GCC 5.4.1),cpp,Accepted,2.0,256.0,488,
s218765243,p03805,u220212997,1588988106,C++,C++14 (GCC 5.4.1),cpp,Accepted,6.0,256.0,2899,
s167636903,p03805,u360116509,1588987449,Python,Python (3.4.3),py,Accepted,61.0,3064.0,406,
s771507197,p03805,u657208344,1588983895,C++,C++14 (GCC 5.4.1),cpp,Accepted,1.0,256.0,1103,
s815540988,p03805,u827624348,1588980004,Python,Python (3.4.3),py,Accepted,48.0,3064.0,753,
s845870134,p03805,u255302563,1588979670,C++,C++14 (GCC 5.4.1),cpp,Accepted,1.0,256.0,768,
s774523386,p03805,u691018832,1588963695,Python,Python (3.4.3),py,Accepted,26.0,3064.0,573,
s670315589,p03805,u397070717,1588960538,C++,C++14 (GCC 5.4.1),cpp,Accepted,1.0,256.0,1135,
s872257813,p03805,u118875091,1588957147,C++,C++14 (GCC 5.4.1),cpp,Accepted,3.0,256.0,1072,
s508330855,p03805,u863717702,1588952504,C++,C++14 (GCC 5.4.1),cpp,Accepted,1.0,256.0,1205,
s866165367,p03805,u721082205,1588951636,C++,C++14 (GCC 5.4.1),cpp,Accepted,2.0,256.0,963,
s474778493,p03805,u750466050,1588934851,C++,C++14 (GCC 5.4.1),cpp,Accepted,2.0,256.0,803,
s178500150,p03805,u750466050,1588934658,C++,C++14 (GCC 5.4.1),cpp,Accepted,2.0,256.0,863,
s553630380,p03805,u979852867,1588918708,C++,C++14 (GCC 5.4.1),cpp,Accepted,2.0,256.0,1075,
s150164939,p03805,u929977034,1588916605,C++,C++14 (GCC 5.4.1),cpp,Accepted,1.0,256.0,2128,
s879949032,p03805,u627927445,1588913404,C++,C++14 (GCC 5.4.1),cpp,Accepted,14.0,256.0,690,
s912944883,p03805,u434872492,1588899546,Python,Python (3.4.3),py,Accepted,102.0,3444.0,458,
s910743047,p03805,u743561048,1588899449,C++,C++14 (GCC 5.4.1),cpp,Accepted,2.0,256.0,2928,
s644731877,p03805,u743561048,1588899004,C++,C++14 (GCC 5.4.1),cpp,Accepted,2.0,256.0,2961,
s809636954,p03805,u190907730,1588886678,C++,C++14 (GCC 5.4.1),cpp,Accepted,1.0,256.0,1527,
s977875779,p03805,u111497285,1588885102,Python,PyPy3 (2.4.0),py,Accepted,213.0,41820.0,498,
s341266471,p03805,u942915776,1588884786,C++,C++14 (GCC 5.4.1),cpp,Accepted,2.0,256.0,697,
s376797140,p03805,u418879326,1588884531,C++,C++14 (GCC 5.4.1),cpp,Accepted,1.0,256.0,1200,
s616612836,p03805,u342075214,1588882749,C++,C++14 (GCC 5.4.1),cpp,Accepted,1.0,256.0,902,
s166171111,p03805,u785883180,1588882311,Python,PyPy3 (2.4.0),py,Accepted,273.0,47964.0,328,
s890627970,p03805,u740054550,1588882026,C++,C++14 (GCC 5.4.1),cpp,Accepted,1.0,256.0,2223,
s119599733,p03805,u945452839,1588880281,C++,C++14 (GCC 5.4.1),cpp,Accepted,2.0,256.0,1197,
s148203390,p03805,u809967037,1588878547,C++,C++14 (GCC 5.4.1),cpp,Accepted,1.0,256.0,6860,
s868477036,p03805,u253584031,1588871456,C++,C++14 (GCC 5.4.1),cpp,Accepted,1.0,256.0,712,
s839761590,p03805,u571867512,1588870790,Python,Python (3.4.3),py,Accepted,40.0,8052.0,447,
s011046503,p03805,u045289115,1588860810,C++,C++14 (GCC 5.4.1),cpp,Accepted,1.0,256.0,515,
s156078180,p03805,u789323170,1588859024,C++,C++14 (GCC 5.4.1),cpp,Accepted,1.0,256.0,570,
s227388116,p03805,u211544300,1588854600,C++,C++14 (GCC 5.4.1),cpp,Accepted,1.0,256.0,568,
s849943697,p03805,u519604525,1588818015,C++,C++14 (GCC 5.4.1),cpp,Accepted,2.0,640.0,833,
s161407798,p03805,u189513668,1588816764,Python,Python (3.4.3),py,Accepted,67.0,3572.0,522,
s083533341,p03805,u282657760,1588815371,Python,Python (3.4.3),py,Accepted,59.0,3064.0,388,
s677485547,p03805,u190079347,1588809278,Python,Python (3.4.3),py,Accepted,53.0,8052.0,366,
s522194497,p03805,u567993870,1588805204,C++,C++14 (GCC 5.4.1),cpp,Accepted,2.0,256.0,727,
s331403856,p03805,u028973125,1588800803,Python,PyPy3 (2.4.0),py,Accepted,196.0,41436.0,548,
s026422352,p03805,u016302627,1588800234,Python,Python (3.4.3),py,Accepted,146.0,3064.0,748,
s301161629,p03805,u845650912,1588798665,Python,Python (3.4.3),py,Accepted,36.0,3064.0,639,
s805989609,p03805,u845650912,1588796742,Python,Python (3.4.3),py,Accepted,30.0,3064.0,429,
s500502177,p03805,u084491185,1588795930,Python,Python (3.4.3),py,Accepted,34.0,3064.0,447,
s663532651,p03805,u393486651,1588788410,Python,Python (3.4.3),py,Accepted,24.0,3064.0,712,
s451860147,p03805,u620238824,1588784961,Python,Python (3.4.3),py,Accepted,30.0,3572.0,627,
s661501823,p03805,u919730120,1588779730,Python,Python (3.4.3),py,Accepted,30.0,3572.0,478,
s161900179,p03805,u105302073,1588770904,Python,Python (3.4.3),py,Accepted,30.0,3064.0,441,
s334093061,p03805,u688789047,1588766590,C++,C++14 (GCC 5.4.1),cpp,Accepted,5.0,256.0,897,
s152433842,p03805,u045289115,1588759881,C++,C++14 (GCC 5.4.1),cpp,Accepted,1.0,256.0,523,
s441717830,p03805,u045289115,1588759598,C++,C++14 (GCC 5.4.1),cpp,Accepted,2.0,256.0,517,
s214917481,p03805,u045289115,1588759331,C++,C++14 (GCC 5.4.1),cpp,Accepted,2.0,256.0,479,
s875021419,p03805,u045289115,1588759219,C++,C++14 (GCC 5.4.1),cpp,Accepted,2.0,256.0,491,
s147502972,p03805,u045289115,1588759180,C++,C++14 (GCC 5.4.1),cpp,Accepted,2.0,256.0,476,
s460267620,p03805,u045289115,1588758904,C++,C++14 (GCC 5.4.1),cpp,Accepted,1.0,256.0,485,
s991170605,p03805,u045289115,1588758451,C++,C++14 (GCC 5.4.1),cpp,Accepted,1.0,256.0,501,
s857170456,p03805,u045289115,1588758048,C++,C++14 (GCC 5.4.1),cpp,Accepted,2.0,256.0,497,
s550729062,p03805,u045289115,1588755896,C++,C++14 (GCC 5.4.1),cpp,Accepted,2.0,256.0,606,
s463005621,p03805,u045289115,1588755715,C++,C++14 (GCC 5.4.1),cpp,Accepted,2.0,256.0,660,
s503535429,p03805,u045289115,1588755670,C++,C++14 (GCC 5.4.1),cpp,Accepted,2.0,256.0,663,
s546025083,p03805,u114920558,1588752583,Python,PyPy3 (2.4.0),py,Accepted,177.0,39792.0,596,
s701074488,p03805,u092387689,1588751482,Python,Python (3.4.3),py,Accepted,32.0,3064.0,438,
s596781342,p03805,u124659583,1588749763,C++,C++14 (GCC 5.4.1),cpp,Accepted,1.0,256.0,1255,
s739751046,p03805,u092387689,1588749100,Python,Python (3.4.3),py,Accepted,35.0,3064.0,439,
s990636489,p03805,u691180220,1588743285,C++,C++14 (GCC 5.4.1),cpp,Accepted,1.0,256.0,864,
s373292842,p03805,u606146341,1588739755,Python,Python (3.4.3),py,Accepted,53.0,8052.0,666,
s690896418,p03805,u371385198,1588739369,Python,Python (3.4.3),py,Accepted,54.0,3064.0,700,
s516166174,p03805,u579644164,1588737739,C++,C++14 (GCC 5.4.1),cpp,Accepted,1.0,256.0,1274,
s961142811,p03805,u126936481,1588734481,C++,C++14 (GCC 5.4.1),cpp,Accepted,2.0,256.0,1052,
s314652218,p03805,u072717685,1588732490,Python,Python (3.4.3),py,Accepted,51.0,3064.0,596,
s374856961,p03805,u495881622,1588731932,C++,C++14 (GCC 5.4.1),cpp,Accepted,1.0,256.0,1008,
s978871157,p03805,u065599736,1588729769,C++,C++14 (GCC 5.4.1),cpp,Accepted,2.0,384.0,622,
s883688299,p03805,u542670845,1588728883,C++,C++14 (GCC 5.4.1),cpp,Accepted,1.0,256.0,1026,
s786251141,p03805,u344065503,1588727298,Python,PyPy3 (2.4.0),py,Accepted,185.0,39920.0,388,
s570253656,p03805,u344065503,1588726256,Python,PyPy3 (2.4.0),py,Accepted,195.0,40048.0,748,
s443468012,p03805,u277236383,1588723854,Python,Python (3.4.3),py,Accepted,31.0,3064.0,454,
s132386557,p03805,u233586402,1588722483,C++,C++14 (GCC 5.4.1),cpp,Accepted,2.0,256.0,783,
s000055790,p03805,u274175583,1588706805,C++,C++14 (GCC 5.4.1),cpp,Accepted,5.0,256.0,1804,
s800787554,p03805,u335386570,1588703791,C++,C++14 (GCC 5.4.1),cpp,Accepted,1.0,256.0,1005,
s296781381,p03805,u348231925,1588692959,C++,C++14 (GCC 5.4.1),cpp,Accepted,2.0,256.0,1225,
s543013051,p03805,u588093355,1588688013,C++,C++14 (GCC 5.4.1),cpp,Accepted,2.0,256.0,4118,
s558167789,p03805,u227188449,1588649541,C++,C++14 (GCC 5.4.1),cpp,Accepted,1.0,256.0,655,
s902184475,p03805,u227188449,1588648649,C++,C++14 (GCC 5.4.1),cpp,Accepted,8.0,256.0,685,
s439803473,p03805,u615662061,1588645004,C++,C++14 (GCC 5.4.1),cpp,Accepted,1.0,256.0,968,
s097015490,p03805,u615662061,1588644037,C++,C++14 (GCC 5.4.1),cpp,Accepted,10.0,256.0,859,
s733604151,p03805,u000770457,1588637389,C++,C++14 (GCC 5.4.1),cpp,Accepted,2.0,256.0,680,
s297652111,p03805,u390727364,1588626377,Python,Python (3.4.3),py,Accepted,26.0,3064.0,737,
s170025555,p03805,u890807039,1588625880,C++,C++14 (GCC 5.4.1),cpp,Accepted,2.0,256.0,2203,
s096067116,p03805,u670961163,1588622702,Python,PyPy3 (2.4.0),py,Accepted,279.0,46956.0,1216,
s969592956,p03805,u761154175,1588621734,Python,Python (3.4.3),py,Accepted,33.0,3064.0,460,
s517670173,p03805,u614875193,1588620833,Python,Python (3.4.3),py,Accepted,35.0,3572.0,487,
s039911145,p03805,u232429509,1588618187,C++,C++14 (GCC 5.4.1),cpp,Accepted,1.0,256.0,3112,
s073538641,p03805,u026421211,1588600368,C++,C++14 (GCC 5.4.1),cpp,Accepted,2.0,256.0,898,
s735546265,p03805,u530350853,1588600332,C++,C++14 (Clang 3.8.0),cpp,Accepted,1.0,256.0,816,
s089392284,p03805,u114137758,1588582175,C++,C++14 (GCC 5.4.1),cpp,Accepted,1.0,256.0,4711,
s236775371,p03805,u771184600,1588576795,C++,C++14 (GCC 5.4.1),cpp,Accepted,3.0,256.0,1135,
s680268372,p03805,u470936782,1588553658,Python,Python (3.4.3),py,Accepted,29.0,3064.0,475,
s460247007,p03805,u346812984,1588552958,Python,Python (3.4.3),py,Accepted,21.0,3572.0,704,
s902552283,p03805,u396266329,1588551424,C++,C++14 (GCC 5.4.1),cpp,Accepted,1.0,256.0,800,
s473656670,p03805,u802434195,1588543084,C++,C++14 (GCC 5.4.1),cpp,Accepted,2.0,256.0,926,
s884096960,p03805,u938512271,1588537899,C++,C++14 (GCC 5.4.1),cpp,Accepted,1.0,256.0,964,
s193162334,p03805,u604329931,1588537215,C++,C++14 (GCC 5.4.1),cpp,Accepted,9.0,256.0,1455,
s173634153,p03805,u493928141,1588536029,C++,C++14 (GCC 5.4.1),cpp,Accepted,1.0,256.0,869,
s985219648,p03805,u303621502,1588527311,C++,C++14 (GCC 5.4.1),cpp,Accepted,1.0,256.0,439,
s420530107,p03805,u987594251,1588512110,C++,C++14 (GCC 5.4.1),cpp,Accepted,9.0,256.0,3072,
s986136835,p03805,u335386570,1588466896,C++,C++14 (GCC 5.4.1),cpp,Accepted,1.0,256.0,934,
s300044470,p03805,u227412361,1588464902,C++,C++14 (GCC 5.4.1),cpp,Accepted,1.0,256.0,787,
s773783358,p03805,u131638468,1588463585,Python,Python (3.4.3),py,Accepted,64.0,3064.0,383,
s131431336,p03805,u131638468,1588462857,Python,Python (3.4.3),py,Accepted,80.0,4468.0,497,
s663427778,p03805,u311014146,1588459765,C++,C++14 (GCC 5.4.1),cpp,Accepted,2.0,256.0,2589,
s065345695,p03805,u320027541,1588456491,C++,C++14 (GCC 5.4.1),cpp,Accepted,7.0,256.0,818,
s854527507,p03805,u151785909,1588453061,Python,Python (3.4.3),py,Accepted,58.0,4468.0,478,
s251438159,p03805,u329874011,1588452510,C++,C++14 (GCC 5.4.1),cpp,Accepted,2.0,256.0,1088,
s058901021,p03805,u434347523,1588450358,C++,C++14 (GCC 5.4.1),cpp,Accepted,1.0,256.0,883,
s608132297,p03805,u743420240,1588444101,Python,Python (3.4.3),py,Accepted,138.0,3064.0,1161,
s152585846,p03805,u966584145,1588429544,Python,Python (3.4.3),py,Accepted,119.0,3956.0,1333,
s739739663,p03805,u579165340,1588416338,C++,C++14 (GCC 5.4.1),cpp,Accepted,2.0,384.0,680,
s117645054,p03805,u442523045,1588393932,C++,C++14 (GCC 5.4.1),cpp,Accepted,3.0,256.0,814,
s936886857,p03805,u966584145,1588391577,Python,Python (3.4.3),py,Accepted,25.0,3064.0,535,
s959662315,p03805,u632679464,1588390073,C++,C++14 (GCC 5.4.1),cpp,Accepted,2.0,256.0,676,
s844791713,p03805,u263000123,1588384204,C++,C++14 (GCC 5.4.1),cpp,Accepted,2.0,256.0,895,
s164995858,p03805,u745441445,1588382151,C++,C++14 (GCC 5.4.1),cpp,Accepted,1.0,256.0,565,
s432903600,p03805,u896847891,1588381398,C++,C++14 (GCC 5.4.1),cpp,Accepted,1.0,256.0,597,
s063839699,p03805,u158290747,1588377424,C++,C++14 (GCC 5.4.1),cpp,Accepted,1.0,256.0,573,
s201525751,p03805,u896847891,1588376345,C++,C++14 (GCC 5.4.1),cpp,Accepted,1.0,256.0,562,
s206065913,p03805,u942393279,1588374769,C++,C++14 (GCC 5.4.1),cpp,Accepted,4.0,256.0,4722,
s880267489,p03805,u883725898,1588370771,C++,C++14 (GCC 5.4.1),cpp,Accepted,3.0,256.0,1153,
s447891599,p03805,u475675023,1588370227,Python,Python (3.4.3),py,Accepted,98.0,3060.0,262,
s073221871,p03805,u081029414,1588369814,C++,C++14 (GCC 5.4.1),cpp,Accepted,3.0,384.0,5970,
s961109413,p03805,u817523595,1588367365,C++,C++14 (GCC 5.4.1),cpp,Accepted,2.0,256.0,1075,
s161415462,p03805,u823855263,1588367265,C++,C++14 (GCC 5.4.1),cpp,Accepted,9.0,256.0,756,
s659160708,p03805,u538808095,1588357584,C++,C++14 (GCC 5.4.1),cpp,Accepted,1.0,256.0,596,
s519036900,p03805,u807394250,1588356488,C++,C++14 (GCC 5.4.1),cpp,Accepted,4.0,256.0,1022,
s909475592,p03805,u758223800,1588356436,C++,C++14 (Clang 3.8.0),cpp,Accepted,2.0,256.0,1134,
s248830345,p03805,u472796082,1588332830,C++,C++14 (GCC 5.4.1),cpp,Accepted,1.0,256.0,1010,
s183103689,p03805,u397384480,1588320571,Python,PyPy3 (2.4.0),py,Accepted,215.0,50032.0,591,
s827968329,p03805,u226526398,1588315282,C++,C++14 (GCC 5.4.1),cpp,Accepted,3.0,256.0,1038,
s074895910,p03805,u369712616,1588304755,C++,C++14 (GCC 5.4.1),cpp,Accepted,1.0,256.0,732,
s834417643,p03805,u334624175,1588300305,C++,C++14 (GCC 5.4.1),cpp,Accepted,6.0,256.0,1270,
s554671542,p03805,u747602774,1588281601,Python,Python (3.4.3),py,Accepted,29.0,3064.0,468,
s217922947,p03805,u747602774,1588281425,Python,Python (3.4.3),py,Accepted,30.0,3064.0,505,
s197724569,p03805,u747602774,1588281350,Python,PyPy3 (2.4.0),py,Accepted,202.0,40176.0,505,
s327762860,p03805,u247576416,1588278904,C++,C++14 (GCC 5.4.1),cpp,Accepted,3.0,256.0,926,
s777854485,p03805,u449573758,1588274558,C++,C++14 (GCC 5.4.1),cpp,Accepted,2.0,256.0,2150,
s732532079,p03805,u225053756,1588274316,C++,C++14 (GCC 5.4.1),cpp,Accepted,17.0,256.0,1719,
s716861612,p03805,u599895318,1588273106,C++,C++14 (GCC 5.4.1),cpp,Accepted,2.0,256.0,589,
s937919169,p03805,u473023730,1588270367,C++,C++14 (GCC 5.4.1),cpp,Accepted,1.0,256.0,1491,
s846411015,p03805,u088063513,1588269340,Python,Python (3.4.3),py,Accepted,67.0,3572.0,1383,
s434850576,p03805,u450956662,1588268505,Python,Python (3.4.3),py,Accepted,21.0,3064.0,566,
s691226757,p03805,u450956662,1588266042,Python,Python (3.4.3),py,Accepted,24.0,3064.0,374,
s338225729,p03805,u136086822,1588255471,C++,C++14 (GCC 5.4.1),cpp,Accepted,2.0,256.0,869,
s411561268,p03805,u132452589,1588238189,C++,C++14 (GCC 5.4.1),cpp,Accepted,1.0,256.0,719,
s144131022,p03805,u464355268,1588226313,C++,C++14 (GCC 5.4.1),cpp,Accepted,3.0,640.0,2357,
s305510978,p03805,u464355268,1588224843,C++,C++14 (GCC 5.4.1),cpp,Accepted,3.0,640.0,1978,
s797423459,p03805,u362347649,1588220883,Python,Python (3.4.3),py,Accepted,18.0,3064.0,486,
s991479139,p03805,u597622207,1588219613,Python,Python (3.4.3),py,Accepted,30.0,3064.0,958,
s548759777,p03805,u325282913,1588219243,Python,PyPy3 (2.4.0),py,Accepted,214.0,41692.0,438,
s209054456,p03805,u136086822,1588216998,C++,C++14 (GCC 5.4.1),cpp,Accepted,2.0,256.0,922,
s647730783,p03805,u652656291,1588212285,Python,Python (3.4.3),py,Accepted,33.0,3064.0,459,
s917484606,p03805,u652656291,1588211883,Python,Python (3.4.3),py,Accepted,66.0,8052.0,299,
s057740404,p03805,u652656291,1588211797,Python,Python (3.4.3),py,Accepted,125.0,3064.0,311,
s609494508,p03805,u904655984,1588211610,C++,C++14 (GCC 5.4.1),cpp,Accepted,3.0,256.0,1078,
s733309775,p03805,u513211419,1588211217,C++,C++14 (GCC 5.4.1),cpp,Accepted,6.0,256.0,11555,
s612128651,p03805,u906832993,1588209852,C++,C++14 (GCC 5.4.1),cpp,Accepted,1.0,256.0,1425,
s900982596,p03805,u527105447,1588209596,C++,C++14 (GCC 5.4.1),cpp,Accepted,3.0,256.0,672,
s818390544,p03805,u784838174,1588207932,C++,C++14 (Clang 3.8.0),cpp,Accepted,3.0,504.0,1470,
s199670809,p03805,u167206842,1588199445,C++,C++14 (GCC 5.4.1),cpp,Accepted,3.0,256.0,1073,
s734723262,p03805,u995004106,1588199024,Python,PyPy3 (2.4.0),py,Accepted,254.0,47344.0,672,
s262436404,p03805,u106797249,1588194273,Python,PyPy3 (2.4.0),py,Accepted,248.0,41452.0,483,
s599360934,p03805,u346040900,1588185594,C++,C++14 (GCC 5.4.1),cpp,Accepted,1.0,256.0,1373,
s210373198,p03805,u046847022,1588181663,C++,C++14 (GCC 5.4.1),cpp,Accepted,1.0,256.0,708,
s992319907,p03805,u482770395,1588178616,C++,C++14 (GCC 5.4.1),cpp,Accepted,1.0,256.0,1459,
s540120123,p03805,u572343785,1588177041,Python,Python (3.4.3),py,Accepted,28.0,3064.0,918,
s716405187,p03805,u064963667,1588172595,Python,Python (3.4.3),py,Accepted,37.0,3572.0,830,
s360350218,p03805,u894950682,1588168440,C++,C++14 (GCC 5.4.1),cpp,Accepted,16.0,256.0,6382,
s067617536,p03805,u626708016,1588167501,C++,C++14 (GCC 5.4.1),cpp,Accepted,1.0,256.0,1715,
s238115669,p03805,u481676024,1588163087,C++,C++14 (GCC 5.4.1),cpp,Accepted,3.0,384.0,1876,
s648652639,p03805,u892487306,1588137381,Python,Python (3.4.3),py,Accepted,31.0,3064.0,654,
s530195910,p03805,u739959951,1588134175,Python,Python (3.4.3),py,Accepted,25.0,3064.0,559,
s541880407,p03805,u396919477,1588131530,C++,C++14 (GCC 5.4.1),cpp,Accepted,1.0,256.0,1958,
s582126777,p03805,u503312712,1588126457,C++,C++14 (GCC 5.4.1),cpp,Accepted,1.0,256.0,996,
s801757578,p03805,u428830428,1588115341,C++,C++14 (GCC 5.4.1),cpp,Accepted,1.0,256.0,2282,
s190638317,p03805,u248390424,1588114924,C++,C++14 (GCC 5.4.1),cpp,Accepted,3.0,256.0,927,
s587960067,p03805,u248390424,1588113928,C++,C++14 (GCC 5.4.1),cpp,Accepted,2.0,256.0,781,
s812415566,p03805,u870841038,1588111361,Python,Python (3.4.3),py,Accepted,24.0,3064.0,601,
s126882603,p03805,u282978698,1588103672,Python,PyPy3 (2.4.0),py,Accepted,243.0,41052.0,569,
s220306235,p03805,u496821919,1588095143,Python,Python (3.4.3),py,Accepted,40.0,8052.0,457,
s193870704,p03805,u178814165,1588094254,C++,C++14 (GCC 5.4.1),cpp,Accepted,1.0,256.0,974,
s400568857,p03805,u554988565,1588092397,C++,C++14 (GCC 5.4.1),cpp,Accepted,1.0,256.0,825,
s309984118,p03805,u635510709,1588087977,C++,C++14 (GCC 5.4.1),cpp,Accepted,3.0,256.0,1022,
s052811853,p03805,u062736195,1588087851,C++,C++14 (GCC 5.4.1),cpp,Accepted,21.0,2816.0,1905,
s567199438,p03805,u637983859,1588085746,C++,C++14 (GCC 5.4.1),cpp,Accepted,1.0,256.0,3417,
s855960864,p03805,u666490638,1588053861,C++,C++14 (GCC 5.4.1),cpp,Accepted,1.0,256.0,697,
s760260189,p03805,u325282913,1588047487,Python,Python (3.4.3),py,Accepted,27.0,3064.0,481,
s617574429,p03805,u709144111,1588046728,C++,C++14 (GCC 5.4.1),cpp,Accepted,3.0,256.0,1164,
s934736048,p03805,u666490638,1588041958,C++,C++14 (GCC 5.4.1),cpp,Accepted,1.0,256.0,727,
s083432421,p03805,u548986948,1588038830,Python,Python (3.4.3),py,Accepted,29.0,3064.0,940,
s048523398,p03805,u406476507,1588001953,C++,C++14 (GCC 5.4.1),cpp,Accepted,1.0,256.0,1243,
s047845452,p03805,u086856505,1587992761,C++,C++14 (GCC 5.4.1),cpp,Accepted,1.0,256.0,918,
s703766480,p03805,u320511454,1587991290,Python,Python (3.4.3),py,Accepted,36.0,3064.0,402,
s684089244,p03805,u682820318,1587982536,C++,C++14 (GCC 5.4.1),cpp,Accepted,1.0,256.0,1635,
s043944270,p03805,u682820318,1587982186,C++,C++14 (GCC 5.4.1),cpp,Accepted,2.0,256.0,1790,
s314664562,p03805,u682820318,1587980821,C++,C++14 (GCC 5.4.1),cpp,Accepted,1.0,256.0,1655,
s873376076,p03805,u410679702,1587949477,C++,C++14 (GCC 5.4.1),cpp,Accepted,3.0,256.0,674,
s779191829,p03805,u620269708,1587938163,C++,C++14 (GCC 5.4.1),cpp,Accepted,2.0,256.0,696,
s314359779,p03805,u271430213,1587932742,Python,Python (3.4.3),py,Accepted,119.0,3700.0,455,
s942736888,p03805,u221391729,1587930926,C++,C++14 (GCC 5.4.1),cpp,Accepted,2.0,256.0,1044,
s792373823,p03805,u809967037,1587930514,C++,C++14 (GCC 5.4.1),cpp,Accepted,2.0,256.0,6861,
s885759238,p03805,u881544435,1587898754,C++,C++14 (Clang 3.8.0),cpp,Accepted,4.0,384.0,830,
s357821605,p03805,u552746936,1587881058,Python,Python (3.4.3),py,Accepted,92.0,3064.0,435,
s756062338,p03805,u279460955,1587873937,Python,PyPy3 (2.4.0),py,Accepted,192.0,39792.0,437,
s784489283,p03805,u602252807,1587872208,C++,C++14 (GCC 5.4.1),cpp,Accepted,4.0,256.0,1004,
s098657509,p03805,u711381986,1587866225,C++,C++14 (GCC 5.4.1),cpp,Accepted,2.0,256.0,872,
s536720973,p03805,u034128150,1587863647,Python,PyPy3 (2.4.0),py,Accepted,218.0,41820.0,396,
s931749757,p03805,u816631826,1587863561,C++,C++14 (GCC 5.4.1),cpp,Accepted,1.0,256.0,586,
s407123068,p03805,u999669186,1587863482,C++,C++14 (GCC 5.4.1),cpp,Accepted,1.0,256.0,586,
s945641646,p03805,u568545273,1587861135,C++,C++14 (GCC 5.4.1),cpp,Accepted,1.0,256.0,2484,
s113763171,p03805,u127890024,1587856982,C++,C++14 (GCC 5.4.1),cpp,Accepted,1.0,256.0,929,
s453338280,p03805,u530107518,1587856251,C++,C++14 (GCC 5.4.1),cpp,Accepted,6.0,256.0,1968,
s156255875,p03805,u595084562,1587854131,C++,C++14 (GCC 5.4.1),cpp,Accepted,1.0,256.0,815,
s348666893,p03805,u092312410,1587848819,C++,C++14 (GCC 5.4.1),cpp,Accepted,6.0,256.0,961,
s154281654,p03805,u553159739,1587847796,C++,C++14 (GCC 5.4.1),cpp,Accepted,2.0,256.0,969,
s816815826,p03805,u387371565,1587847644,C++,C++14 (GCC 5.4.1),cpp,Accepted,1.0,256.0,802,
s496836628,p03805,u260216890,1587847024,Python,PyPy3 (2.4.0),py,Accepted,204.0,40304.0,411,
s490287331,p03805,u102795616,1587845673,Python,Python (3.4.3),py,Accepted,31.0,3064.0,405,
s086021609,p03805,u498607746,1587844730,C++,C++14 (GCC 5.4.1),cpp,Accepted,1.0,256.0,1040,
s796258969,p03805,u102795616,1587844699,C++,C++14 (GCC 5.4.1),cpp,Accepted,1.0,256.0,545,
s834665034,p03805,u073251521,1587844689,C++,C++14 (GCC 5.4.1),cpp,Accepted,2.0,256.0,1063,
s530607578,p03805,u866370648,1587844668,C++,C++14 (GCC 5.4.1),cpp,Accepted,1.0,384.0,2387,
s027889866,p03805,u179970156,1587839176,C++,C++14 (GCC 5.4.1),cpp,Accepted,1.0,256.0,1589,
s075935607,p03805,u475280305,1587830613,C++,C++14 (GCC 5.4.1),cpp,Accepted,1.0,256.0,1386,
s420551223,p03805,u475280305,1587827097,C++,C++14 (GCC 5.4.1),cpp,Accepted,3.0,256.0,1363,
s404268718,p03805,u658283466,1587825895,C++,C++14 (GCC 5.4.1),cpp,Accepted,2.0,256.0,969,
s643778316,p03805,u512964959,1587805062,C++,C++14 (GCC 5.4.1),cpp,Accepted,1.0,256.0,1690,
s043661707,p03805,u273352618,1587795296,C++,C++14 (GCC 5.4.1),cpp,Accepted,1.0,256.0,1246,
s225365305,p03805,u576432509,1587793784,Python,Python (3.4.3),py,Accepted,27.0,3064.0,517,
s759348148,p03805,u335756132,1587792976,C++,C++14 (GCC 5.4.1),cpp,Accepted,1.0,256.0,781,
s041660830,p03805,u379716238,1587789254,Python,Python (3.4.3),py,Accepted,18.0,3064.0,488,
s084035718,p03805,u290461751,1587789177,C++,C++14 (GCC 5.4.1),cpp,Accepted,2.0,256.0,886,
s679719159,p03805,u290461751,1587789116,C++,C++14 (GCC 5.4.1),cpp,Accepted,2.0,256.0,888,
s905605028,p03805,u576432509,1587785422,Python,Python (3.4.3),py,Accepted,27.0,3064.0,549,
s755311366,p03805,u576432509,1587784776,Python,Python (3.4.3),py,Accepted,27.0,3064.0,921,
s658388190,p03805,u323864528,1587777371,C++,C++14 (GCC 5.4.1),cpp,Accepted,4.0,256.0,888,
s269411428,p03805,u666683460,1587776599,C++,C++14 (GCC 5.4.1),cpp,Accepted,6.0,256.0,2126,
s141528218,p03805,u302000346,1587756237,C++,C++14 (GCC 5.4.1),cpp,Accepted,1.0,256.0,1057,
s657524276,p03805,u652660628,1587755477,C++,C++14 (GCC 5.4.1),cpp,Accepted,1.0,256.0,597,
s413402430,p03805,u726872801,1587749055,Python,Python (3.4.3),py,Accepted,33.0,3676.0,650,
s487132877,p03805,u191484928,1587741010,C++,C++14 (GCC 5.4.1),cpp,Accepted,2.0,256.0,949,
s442107132,p03805,u405825415,1587708859,C++,C++14 (GCC 5.4.1),cpp,Accepted,1.0,256.0,720,
s766088279,p03805,u379716238,1587707472,Python,Python (3.4.3),py,Accepted,28.0,3064.0,532,
s652375303,p03805,u910028046,1587705750,C++,C++14 (GCC 5.4.1),cpp,Accepted,1.0,256.0,1466,
s383827896,p03805,u581094488,1587699195,C++,C++14 (GCC 5.4.1),cpp,Accepted,2.0,256.0,1214,
s844512625,p03805,u130834452,1587687016,C++,C++14 (GCC 5.4.1),cpp,Accepted,1.0,256.0,962,
s890733918,p03805,u733321071,1587682525,Python,Python (3.4.3),py,Accepted,36.0,3064.0,700,
s350635687,p03805,u108843155,1587679572,C++,C++14 (GCC 5.4.1),cpp,Accepted,2.0,256.0,975,
s351760587,p03805,u188442768,1587672391,C++,C++14 (GCC 5.4.1),cpp,Accepted,1.0,256.0,772,
s330699078,p03805,u190679129,1587658822,C++,C++14 (GCC 5.4.1),cpp,Accepted,1.0,256.0,735,
s649903117,p03805,u265273596,1587655153,C++,C++14 (GCC 5.4.1),cpp,Accepted,7.0,256.0,734,
s758099418,p03805,u527537690,1587650310,C++,C++14 (GCC 5.4.1),cpp,Accepted,2.0,256.0,1063,
s200694714,p03805,u485979475,1587634190,Python,Python (3.4.3),py,Accepted,72.0,8052.0,516,
s734935520,p03805,u379716238,1587612575,Python,Python (3.4.3),py,Accepted,31.0,3064.0,482,
s485477324,p03805,u379716238,1587612401,Python,Python (3.4.3),py,Accepted,30.0,3064.0,429,
s187617462,p03805,u038021590,1587605431,Python,PyPy3 (2.4.0),py,Accepted,192.0,40048.0,476,
s910478478,p03805,u252828980,1587603774,Python,Python (3.4.3),py,Accepted,33.0,3064.0,425,
s412478033,p03805,u821598412,1587573001,C++,C++14 (GCC 5.4.1),cpp,Accepted,2.0,256.0,882,
s433748313,p03805,u462434199,1587569939,Python,Python (3.4.3),py,Accepted,27.0,3064.0,414,
s918811838,p03805,u132364782,1587567060,C++,C++14 (GCC 5.4.1),cpp,Accepted,2.0,256.0,1024,
s622039730,p03805,u202581681,1587566869,C++,C++14 (GCC 5.4.1),cpp,Accepted,1.0,256.0,726,
s570743048,p03805,u970899068,1587563170,Python,PyPy3 (2.4.0),py,Accepted,213.0,43100.0,405,
s936545277,p03805,u970899068,1587561777,Python,PyPy3 (2.4.0),py,Accepted,214.0,42972.0,397,
s101229368,p03805,u050087249,1587537775,C++,C++14 (GCC 5.4.1),cpp,Accepted,1.0,256.0,756,
s763469609,p03805,u050087249,1587537289,C++,C++14 (GCC 5.4.1),cpp,Accepted,2.0,256.0,715,
s290411997,p03805,u970899068,1587528888,Python,PyPy3 (2.4.0),py,Accepted,221.0,43228.0,411,
s688760749,p03805,u514299623,1587520662,C++,C++14 (GCC 5.4.1),cpp,Accepted,1.0,256.0,1042,
s906935879,p03805,u701556979,1587518455,C++,C++14 (GCC 5.4.1),cpp,Accepted,2.0,256.0,890,
s639930588,p03805,u970899068,1587515914,Python,PyPy3 (2.4.0),py,Accepted,1849.0,53340.0,855,
s496476199,p03805,u809967037,1587505110,C++,C++14 (GCC 5.4.1),cpp,Accepted,1.0,256.0,5773,
s902162163,p03805,u404794295,1587504536,C++,C++14 (GCC 5.4.1),cpp,Accepted,1.0,256.0,808,
s365896817,p03805,u427698913,1587501450,C++,C++14 (GCC 5.4.1),cpp,Accepted,1.0,256.0,1913,
s133132478,p03805,u379168673,1587495668,C++,C++14 (GCC 5.4.1),cpp,Accepted,5.0,1280.0,1039,
s192615514,p03805,u410506856,1587493613,C++,C++14 (GCC 5.4.1),cpp,Accepted,1.0,256.0,1891,
s478825411,p03805,u201802797,1587484706,Python,Python (3.4.3),py,Accepted,60.0,3064.0,517,
s802819286,p03805,u729173935,1587475020,C++,C++14 (GCC 5.4.1),cpp,Accepted,2.0,256.0,1267,
s323294713,p03805,u381574135,1587473056,Python,Python (3.4.3),py,Accepted,507.0,3572.0,499,
s601281048,p03805,u085869235,1587450644,C++,C++14 (GCC 5.4.1),cpp,Accepted,2.0,256.0,771,
s564726849,p03805,u824859165,1587438433,C++,C++14 (GCC 5.4.1),cpp,Accepted,2.0,256.0,804,
s143888267,p03805,u892922562,1587438197,C++,C++14 (GCC 5.4.1),cpp,Accepted,9.0,256.0,1703,
s685001449,p03805,u873336868,1587436976,C++,C++14 (GCC 5.4.1),cpp,Accepted,1.0,256.0,770,
s833704455,p03805,u701556979,1587435617,C++,C++14 (GCC 5.4.1),cpp,Accepted,1.0,256.0,782,
s969141153,p03805,u190018920,1587426890,C++,C++14 (GCC 5.4.1),cpp,Accepted,1.0,256.0,1419,
s630338603,p03805,u492447501,1587410072,Python,Python (3.4.3),py,Accepted,496.0,3444.0,469,
s235438370,p03805,u175426149,1587396726,C++,C++14 (GCC 5.4.1),cpp,Accepted,3.0,256.0,1076,
s847270894,p03805,u775681539,1587396008,Python,PyPy3 (2.4.0),py,Accepted,181.0,39664.0,563,
s963180185,p03805,u775681539,1587395719,Python,PyPy3 (2.4.0),py,Accepted,184.0,39664.0,1123,
s513245615,p03805,u858670323,1587364035,C++,C++14 (GCC 5.4.1),cpp,Accepted,1.0,256.0,2345,
s463237762,p03805,u103365231,1587361543,C++,C++14 (GCC 5.4.1),cpp,Accepted,1.0,256.0,882,
s352162320,p03805,u985169429,1587352262,C++,C++14 (GCC 5.4.1),cpp,Accepted,18.0,256.0,850,
s920789794,p03805,u115838990,1587339967,C++,C++14 (GCC 5.4.1),cpp,Accepted,1.0,256.0,637,
s857429294,p03805,u825186577,1587337675,C++,C++14 (GCC 5.4.1),cpp,Accepted,1.0,256.0,749,
s628297254,p03805,u438662618,1587337256,C++,C++14 (GCC 5.4.1),cpp,Accepted,1.0,256.0,753,
s576993325,p03805,u101048376,1587335896,C++,C++14 (GCC 5.4.1),cpp,Accepted,1.0,256.0,683,
s686354146,p03805,u824956430,1587335711,C++,C++14 (GCC 5.4.1),cpp,Accepted,8.0,256.0,1000,
s917638698,p03805,u652037179,1587334985,C++,C++14 (GCC 5.4.1),cpp,Accepted,1.0,256.0,873,
s139167162,p03805,u707498674,1587325215,Python,Python (3.4.3),py,Accepted,26.0,3064.0,499,
s221557512,p03805,u749089333,1587324089,C++,C++14 (GCC 5.4.1),cpp,Accepted,2.0,256.0,937,
s441130077,p03805,u573229834,1587323936,Python,Python (3.4.3),py,Accepted,32.0,3064.0,583,
s995324996,p03805,u697090185,1587320887,C++,C++14 (GCC 5.4.1),cpp,Accepted,2.0,256.0,1323,
s575577237,p03805,u106635407,1587319275,C++,C++14 (GCC 5.4.1),cpp,Accepted,2.0,256.0,1026,
s162281900,p03805,u738898077,1587318008,Python,Python (3.4.3),py,Accepted,39.0,8052.0,417,
s180432836,p03805,u436835360,1587309016,C++,C++14 (GCC 5.4.1),cpp,Accepted,4.0,256.0,1001,
s369755548,p03805,u061912210,1587303284,C++,C++14 (GCC 5.4.1),cpp,Accepted,2.0,256.0,1984,
s227044617,p03805,u570770016,1587286898,C++,C++14 (GCC 5.4.1),cpp,Accepted,1.0,640.0,676,
s319305293,p03805,u738898077,1587286163,Python,Python (3.4.3),py,Accepted,30.0,3064.0,584,
s602002357,p03805,u595893956,1587259373,C++,C++14 (GCC 5.4.1),cpp,Accepted,2.0,256.0,708,
s910804578,p03805,u780122303,1587256870,C++,C++14 (GCC 5.4.1),cpp,Accepted,1.0,256.0,1446,
s744383401,p03805,u656771711,1587255821,C++,C++14 (GCC 5.4.1),cpp,Accepted,1.0,256.0,3866,
s209104645,p03805,u350997995,1587255702,Python,Python (3.4.3),py,Accepted,36.0,3316.0,375,
s840028488,p03805,u934868410,1587248773,Python,Python (3.4.3),py,Accepted,29.0,3064.0,386,
s933333494,p03805,u440276250,1587246160,C++,C++14 (GCC 5.4.1),cpp,Accepted,2.0,256.0,1458,
s500629248,p03805,u171041918,1587244456,C++,C++14 (GCC 5.4.1),cpp,Accepted,1.0,256.0,820,
s798039896,p03805,u807772568,1587244305,Python,PyPy3 (2.4.0),py,Accepted,301.0,50648.0,1699,
s514565450,p03805,u195036695,1587243796,C++,C++14 (GCC 5.4.1),cpp,Accepted,1.0,256.0,5931,
s058357640,p03805,u959390099,1587243621,Python,PyPy3 (2.4.0),py,Accepted,245.0,42220.0,429,
s436037787,p03805,u119148115,1587243403,Python,Python (3.4.3),py,Accepted,83.0,3064.0,722,
s552396654,p03805,u171041918,1587242299,C++,C++14 (GCC 5.4.1),cpp,Accepted,5.0,640.0,836,
s297649320,p03805,u651235280,1587241635,C++,C++14 (GCC 5.4.1),cpp,Accepted,1.0,256.0,698,
s757754333,p03805,u088611962,1587237785,C++,C++14 (GCC 5.4.1),cpp,Accepted,1.0,256.0,939,
s385437385,p03805,u143212659,1587233334,Python,Python (3.4.3),py,Accepted,60.0,3064.0,514,
s250807627,p03805,u806058793,1587229718,C++,C++14 (GCC 5.4.1),cpp,Accepted,1.0,256.0,982,
s368089328,p03805,u298123314,1587222547,C++,C++14 (GCC 5.4.1),cpp,Accepted,2.0,256.0,886,
s687421563,p03805,u314917898,1587218886,C++,C++14 (GCC 5.4.1),cpp,Accepted,1.0,256.0,545,
s670456138,p03805,u396210538,1587190094,Python,Python (3.4.3),py,Accepted,40.0,3064.0,735,
s832329052,p03805,u770161743,1587178085,C++,C++14 (GCC 5.4.1),cpp,Accepted,1.0,256.0,916,
s481408779,p03805,u154818015,1587169491,C++,C++14 (GCC 5.4.1),cpp,Accepted,1.0,128.0,810,
s401505864,p03805,u523545435,1587156416,Python,Python (3.4.3),py,Accepted,37.0,3064.0,712,
s455556213,p03805,u467105252,1587154468,C++,C++14 (GCC 5.4.1),cpp,Accepted,441.0,896.0,947,
s107123762,p03805,u588794534,1587148047,Python,PyPy3 (2.4.0),py,Accepted,210.0,40432.0,610,
s204145207,p03805,u801576633,1587145999,Python,Python (3.4.3),py,Accepted,98.0,3064.0,506,
s723158938,p03805,u801576633,1587145970,Python,PyPy3 (2.4.0),py,Accepted,202.0,40304.0,506,
s505770886,p03805,u919867411,1587142915,C++,C++14 (GCC 5.4.1),cpp,Accepted,8.0,256.0,1946,
s699476409,p03805,u724687935,1587116014,Python,Python (3.4.3),py,Accepted,25.0,3064.0,668,
s299711745,p03805,u083960235,1587090548,Python,Python (3.4.3),py,Accepted,45.0,4980.0,1278,
s835927242,p03805,u807585808,1587087696,C++,C++14 (GCC 5.4.1),cpp,Accepted,2.0,256.0,906,
s677354000,p03805,u288905450,1587085221,C++,C++14 (GCC 5.4.1),cpp,Accepted,1.0,256.0,1506,
s205965174,p03805,u024616993,1587083675,C++,C++14 (GCC 5.4.1),cpp,Accepted,2.0,256.0,1041,
s886525049,p03805,u843739531,1587082280,C++,C++14 (GCC 5.4.1),cpp,Accepted,1.0,256.0,1046,
s518083641,p03805,u638902622,1587082258,Python,Python (3.4.3),py,Accepted,24.0,3064.0,631,
s154762814,p03805,u235396011,1587081718,C++,C++14 (GCC 5.4.1),cpp,Accepted,2.0,256.0,1843,
s298055800,p03805,u348231925,1587076133,C++,C++14 (GCC 5.4.1),cpp,Accepted,2.0,256.0,1260,
s075610808,p03805,u372550522,1587075410,Python,Python (3.4.3),py,Accepted,31.0,3064.0,392,
s418610596,p03805,u211109468,1587072107,C++,C++14 (GCC 5.4.1),cpp,Accepted,2.0,256.0,515,
s182036409,p03805,u255302563,1587054809,C++,C++14 (GCC 5.4.1),cpp,Accepted,1.0,256.0,597,
s975803624,p03805,u506846578,1587047851,C++,C++14 (GCC 5.4.1),cpp,Accepted,2.0,256.0,683,
s143137814,p03805,u757030836,1587040542,Python,Python (3.4.3),py,Accepted,34.0,3064.0,376,
s082007802,p03805,u627600101,1587009269,Python,Python (3.4.3),py,Accepted,68.0,3188.0,503,
s397926180,p03805,u634079249,1587006947,Python,Python (3.4.3),py,Accepted,25.0,3064.0,1147,
s669533285,p03805,u728473456,1587005004,Python,Python (3.4.3),py,Accepted,29.0,3064.0,585,
s569545154,p03805,u634079249,1587004321,Python,Python (3.4.3),py,Accepted,25.0,3064.0,1138,
s260906785,p03805,u453055089,1587004284,Python,PyPy3 (2.4.0),py,Accepted,238.0,46700.0,411,
s727550938,p03805,u601444374,1587004226,C++,C++14 (GCC 5.4.1),cpp,Accepted,2.0,256.0,1251,
s494642578,p03805,u885523920,1587002913,C++,C++14 (GCC 5.4.1),cpp,Accepted,1.0,256.0,1158,
s872070673,p03805,u356754940,1587002355,C++,C++14 (GCC 5.4.1),cpp,Accepted,3.0,256.0,1915,
s484245536,p03805,u979163294,1587001521,C++,C++14 (GCC 5.4.1),cpp,Accepted,3.0,256.0,1010,
s371247883,p03805,u979163294,1587001248,C++,C++14 (GCC 5.4.1),cpp,Accepted,3.0,256.0,970,
s391151006,p03805,u371051907,1587001030,C++,C++14 (GCC 5.4.1),cpp,Accepted,3.0,256.0,819,
s250047258,p03805,u829737781,1587000992,C++,C++14 (GCC 5.4.1),cpp,Accepted,2.0,256.0,1913,
s732612167,p03805,u595446852,1587000886,C++,C++14 (GCC 5.4.1),cpp,Accepted,3.0,256.0,2386,
s241775319,p03805,u712993629,1587000648,C++,C++14 (GCC 5.4.1),cpp,Accepted,3.0,256.0,2203,
s532403582,p03805,u757030836,1586990329,Python,Python (3.4.3),py,Accepted,33.0,3064.0,381,
s011598278,p03805,u757030836,1586988328,Python,Python (3.4.3),py,Accepted,43.0,3060.0,275,
s812467152,p03805,u409617391,1586984910,C++,C++14 (GCC 5.4.1),cpp,Accepted,2.0,256.0,8605,
s657550404,p03805,u404244809,1586965681,C++,C++14 (GCC 5.4.1),cpp,Accepted,2.0,256.0,3070,
s652697174,p03805,u404244809,1586960955,C++,C++14 (GCC 5.4.1),cpp,Accepted,2.0,256.0,2448,
s366239108,p03805,u041940198,1586939757,C++,C++14 (GCC 5.4.1),cpp,Accepted,1.0,256.0,851,
s230104766,p03805,u041940198,1586939726,C++,C++14 (GCC 5.4.1),cpp,Accepted,1.0,256.0,858,
s461723476,p03805,u093941965,1586919438,C++,C++14 (GCC 5.4.1),cpp,Accepted,1.0,256.0,1066,
s475109700,p03805,u666049605,1586918158,C++,C++14 (GCC 5.4.1),cpp,Accepted,5.0,256.0,854,
s469997589,p03805,u867320886,1586914910,Python,Python (3.4.3),py,Accepted,27.0,3064.0,383,
s158934968,p03805,u950174376,1586911531,C++,C++14 (GCC 5.4.1),cpp,Accepted,2.0,256.0,1410,
s485543784,p03805,u950174376,1586908604,C++,C++14 (GCC 5.4.1),cpp,Accepted,2.0,256.0,1417,
s788439923,p03805,u008079810,1586907527,Python,Python (3.4.3),py,Accepted,59.0,3316.0,545,
s659321413,p03805,u390181802,1586900280,C++,C++14 (GCC 5.4.1),cpp,Accepted,1.0,256.0,3957,
s370775083,p03805,u239409893,1586874878,C++,C++14 (GCC 5.4.1),cpp,Accepted,1.0,256.0,1066,
s363447663,p03805,u119737518,1586860727,C++,C++14 (GCC 5.4.1),cpp,Accepted,1.0,256.0,624,
s483985982,p03805,u379168673,1586845442,C++,C++14 (GCC 5.4.1),cpp,Accepted,2.0,256.0,702,
s975571659,p03805,u339199690,1586838560,Python,Python (3.4.3),py,Accepted,54.0,3064.0,346,
s800630722,p03805,u339199690,1586838533,Python,PyPy3 (2.4.0),py,Accepted,202.0,41052.0,346,
s208933890,p03805,u961136005,1586836514,C++,C++14 (GCC 5.4.1),cpp,Accepted,2.0,256.0,972,
s565352289,p03805,u141938981,1586834286,C++,C++14 (GCC 5.4.1),cpp,Accepted,1.0,256.0,970,
s850550556,p03805,u636137609,1586831582,C++,C++14 (GCC 5.4.1),cpp,Accepted,1.0,256.0,1185,
s290312182,p03805,u141938981,1586828358,C++,C++14 (GCC 5.4.1),cpp,Accepted,1.0,256.0,1047,
s465394320,p03805,u141938981,1586822529,C++,C++14 (GCC 5.4.1),cpp,Accepted,2.0,256.0,1106,
s962943525,p03805,u047452365,1586819693,C++,C++14 (GCC 5.4.1),cpp,Accepted,3.0,256.0,956,
s445672463,p03805,u879294842,1586816508,C++,C++14 (GCC 5.4.1),cpp,Accepted,16.0,256.0,1660,
s650516640,p03805,u407213771,1586816318,C++,C++14 (GCC 5.4.1),cpp,Accepted,1.0,256.0,4715,
s169648350,p03805,u662615460,1586813654,Python,Python (3.4.3),py,Accepted,27.0,3064.0,439,
s613017713,p03805,u254871849,1586811587,Python,Python (3.4.3),py,Accepted,30.0,3064.0,557,
s742881795,p03805,u254871849,1586811132,C++,C++14 (GCC 5.4.1),cpp,Accepted,1.0,256.0,783,
s471777344,p03805,u645041608,1586807124,C++,C++14 (GCC 5.4.1),cpp,Accepted,1.0,256.0,1571,
s949621535,p03805,u101405049,1586807119,C++,C++14 (GCC 5.4.1),cpp,Accepted,2.0,256.0,846,
s977169052,p03805,u192903163,1586804345,C++,C++14 (GCC 5.4.1),cpp,Accepted,1.0,256.0,842,
s515479183,p03805,u118474439,1586793075,C++,C++14 (GCC 5.4.1),cpp,Accepted,3.0,256.0,918,
s478515382,p03805,u243407720,1586786635,C++,C++14 (GCC 5.4.1),cpp,Accepted,1.0,256.0,668,
s828154587,p03805,u971124021,1586752934,Python,Python (3.4.3),py,Accepted,33.0,3064.0,749,
s654975993,p03805,u383828019,1586746300,C++,C++14 (GCC 5.4.1),cpp,Accepted,2.0,256.0,684,
s850700399,p03805,u123729319,1586739543,Python,Python (3.4.3),py,Accepted,231.0,14468.0,465,
s031771009,p03805,u315542000,1586735730,C++,C++14 (GCC 5.4.1),cpp,Accepted,2.0,256.0,892,
s920623545,p03805,u054871430,1586732498,Python,PyPy3 (2.4.0),py,Accepted,194.0,41564.0,642,
s980815264,p03805,u199574042,1586729738,C++,C++14 (GCC 5.4.1),cpp,Accepted,2.0,256.0,1811,
s426447682,p03805,u132602393,1586729361,C++,C++14 (GCC 5.4.1),cpp,Accepted,2.0,256.0,750,
s368656552,p03805,u877494916,1586721454,C++,C++14 (GCC 5.4.1),cpp,Accepted,2.0,256.0,763,
s169644392,p03805,u055231161,1586717715,C++,C++14 (GCC 5.4.1),cpp,Accepted,1.0,256.0,872,
s391343225,p03805,u180257813,1586709244,C++,C++14 (GCC 5.4.1),cpp,Accepted,2.0,256.0,759,
s200789175,p03805,u767543103,1586704797,C++,C++14 (GCC 5.4.1),cpp,Accepted,3.0,4992.0,20193,
s509473257,p03805,u413165887,1586689170,Python,Python (3.4.3),py,Accepted,158.0,4980.0,539,
s353362730,p03805,u848058000,1586670274,C++,C++14 (GCC 5.4.1),cpp,Accepted,2.0,256.0,1110,
s042639538,p03805,u469254913,1586664973,Python,Python (3.4.3),py,Accepted,28.0,3064.0,880,
s131142962,p03805,u562319622,1586663641,C++,C++14 (GCC 5.4.1),cpp,Accepted,1.0,256.0,603,
s362963489,p03805,u863370423,1586663619,C++,C++14 (GCC 5.4.1),cpp,Accepted,1.0,256.0,609,
s547157330,p03805,u018679195,1586661920,C++,C++14 (GCC 5.4.1),cpp,Accepted,1.0,256.0,603,
s147322158,p03805,u952081880,1586660973,C++,C++14 (GCC 5.4.1),cpp,Accepted,2.0,256.0,1193,
s969806231,p03805,u068713120,1586660638,C++,C++14 (GCC 5.4.1),cpp,Accepted,2.0,256.0,1052,
s318919507,p03805,u535171899,1586658280,Python,Python (3.4.3),py,Accepted,28.0,3064.0,633,
s771414855,p03805,u212831449,1586656919,Python,Python (3.4.3),py,Accepted,42.0,3064.0,605,
s776681169,p03805,u036492525,1586653321,Python,Python (3.4.3),py,Accepted,35.0,3064.0,466,
s022645723,p03805,u096616343,1586651323,C++,C++14 (GCC 5.4.1),cpp,Accepted,16.0,256.0,799,
s960824767,p03805,u027630431,1586650874,C++,C++14 (GCC 5.4.1),cpp,Accepted,3.0,4992.0,567,
s272876104,p03805,u627803856,1586643551,Python,PyPy3 (2.4.0),py,Accepted,188.0,39920.0,437,
s663351676,p03805,u812973725,1586635945,C++,C++14 (GCC 5.4.1),cpp,Accepted,1.0,256.0,1724,
s009953731,p03805,u812973725,1586635607,C++,C++14 (GCC 5.4.1),cpp,Accepted,2.0,256.0,1725,
s263078513,p03805,u963606569,1586632267,C++,C++14 (GCC 5.4.1),cpp,Accepted,1.0,256.0,906,
s202698651,p03805,u156815136,1586630194,Python,Python (3.4.3),py,Accepted,134.0,3064.0,1672,
s174081474,p03805,u515131769,1586629059,C++,C++14 (GCC 5.4.1),cpp,Accepted,2.0,256.0,885,
s778924940,p03805,u387371565,1586619225,C++,C++14 (GCC 5.4.1),cpp,Accepted,1.0,256.0,931,
s202184442,p03805,u504469481,1586618819,C++,C++14 (GCC 5.4.1),cpp,Accepted,1.0,256.0,1178,
s311705881,p03805,u471069244,1586598008,C++,C++14 (GCC 5.4.1),cpp,Accepted,2.0,256.0,634,
s105796105,p03805,u494982880,1586588293,C++,C++14 (GCC 5.4.1),cpp,Accepted,2.0,256.0,1801,
s449527117,p03805,u138886316,1586587003,C++,C++14 (GCC 5.4.1),cpp,Accepted,2.0,256.0,1276,
s171227169,p03805,u168684371,1586584924,C++,C++14 (GCC 5.4.1),cpp,Accepted,1.0,256.0,803,
s513783932,p03805,u970197315,1586574422,Python,Python (3.4.3),py,Accepted,30.0,3064.0,361,
s830505877,p03805,u231458241,1586574262,C++,C++14 (GCC 5.4.1),cpp,Accepted,3.0,256.0,868,
s179984673,p03805,u748241164,1586573290,Python,PyPy3 (2.4.0),py,Accepted,793.0,42588.0,671,
s472683928,p03805,u940688630,1586571458,C++,C++14 (GCC 5.4.1),cpp,Accepted,2.0,256.0,1033,
s178698090,p03805,u535659144,1586570376,Python,Python (3.4.3),py,Accepted,39.0,3572.0,669,
s311520977,p03805,u813098295,1586569116,C++,C++14 (GCC 5.4.1),cpp,Accepted,1.0,256.0,772,
s950752553,p03805,u001024152,1586564184,Python,Python (3.4.3),py,Accepted,23.0,3064.0,650,
s933582481,p03805,u627214330,1586563966,C++,C++14 (GCC 5.4.1),cpp,Accepted,1.0,256.0,688,
s022438907,p03805,u001024152,1586563049,Python,Python (3.4.3),py,Accepted,24.0,3064.0,455,
s998777405,p03805,u279033107,1586557891,C++,C++14 (GCC 5.4.1),cpp,Accepted,2.0,256.0,1169,
s259398701,p03805,u561143568,1586557308,C++,C++14 (GCC 5.4.1),cpp,Accepted,2.0,256.0,899,
s659222887,p03805,u561143568,1586554913,C++,C++14 (GCC 5.4.1),cpp,Accepted,1.0,256.0,899,
s151283005,p03805,u561143568,1586554840,C++,C++14 (GCC 5.4.1),cpp,Accepted,1.0,256.0,899,
s668479433,p03805,u127194462,1586554821,C++,C++14 (GCC 5.4.1),cpp,Accepted,1.0,256.0,683,
s226133896,p03805,u917282863,1586554368,C++,C++14 (GCC 5.4.1),cpp,Accepted,2.0,256.0,1316,
s706723934,p03805,u974214237,1586552175,C++,C++14 (GCC 5.4.1),cpp,Accepted,2.0,256.0,707,
s179556497,p03805,u098923136,1586546422,C++,C++14 (GCC 5.4.1),cpp,Accepted,1.0,256.0,598,
s653117194,p03805,u009414205,1586539242,C++,C++14 (GCC 5.4.1),cpp,Accepted,2.0,256.0,1151,
s812343254,p03805,u561143568,1586531792,C++,C++14 (GCC 5.4.1),cpp,Accepted,1.0,256.0,899,
s581993048,p03805,u446371873,1586528586,C++,C++14 (GCC 5.4.1),cpp,Accepted,3.0,256.0,1013,
s711838822,p03805,u896014917,1586525775,C++,C++14 (GCC 5.4.1),cpp,Accepted,4.0,256.0,2400,
s708402450,p03805,u562935282,1586495084,Python,Python (3.4.3),py,Accepted,27.0,3064.0,720,
s527273684,p03805,u883323885,1586487834,C++,C++14 (GCC 5.4.1),cpp,Accepted,2.0,256.0,894,
s103516685,p03805,u634967948,1586486706,C++,C++14 (GCC 5.4.1),cpp,Accepted,3.0,256.0,541,
s902106979,p03805,u693391925,1586486699,Python,Python (3.4.3),py,Accepted,165.0,3444.0,821,
s676914722,p03805,u463775490,1586486646,Python,Python (3.4.3),py,Accepted,46.0,3064.0,610,
s345119487,p03805,u883323885,1586486405,C++,C++14 (GCC 5.4.1),cpp,Accepted,1.0,256.0,889,
s450693857,p03805,u075595666,1586486137,Python,Python (3.4.3),py,Accepted,34.0,3064.0,393,
s234293105,p03805,u024383312,1586485860,C++,C++14 (GCC 5.4.1),cpp,Accepted,1.0,256.0,1221,
s967495908,p03805,u385244248,1586485630,C++,C++14 (GCC 5.4.1),cpp,Accepted,1.0,256.0,854,
s771995241,p03805,u694731294,1586485461,C++,C++14 (GCC 5.4.1),cpp,Accepted,1.0,256.0,1244,
s912005528,p03805,u704001626,1586485235,Python,Python (3.4.3),py,Accepted,26.0,3064.0,605,
s539319608,p03805,u733814820,1586485092,C++,C++14 (GCC 5.4.1),cpp,Accepted,1.0,256.0,1516,
s844112425,p03805,u425351967,1586485078,C++,C++14 (Clang 3.8.0),cpp,Accepted,2.0,256.0,689,
s273211806,p03805,u893584578,1586485042,C++,C++14 (GCC 5.4.1),cpp,Accepted,11.0,384.0,1542,
s532505619,p03805,u219417113,1586484815,Python,Python (3.4.3),py,Accepted,27.0,3064.0,440,
s455068872,p03805,u555962250,1586484600,C++,C++14 (GCC 5.4.1),cpp,Accepted,1.0,256.0,615,
s924329276,p03805,u363936720,1586484574,C++,C++14 (GCC 5.4.1),cpp,Accepted,1.0,256.0,1229,
s021340002,p03805,u814986259,1586484566,Python,Python (3.4.3),py,Accepted,29.0,3064.0,515,
s865648363,p03805,u818349438,1586484560,Python,Python (3.4.3),py,Accepted,29.0,3064.0,543,
s302458693,p03805,u915797797,1586484409,C++,C++14 (GCC 5.4.1),cpp,Accepted,2.0,256.0,607,
s929646781,p03805,u312025627,1586484296,Python,PyPy3 (2.4.0),py,Accepted,194.0,39536.0,508,
s817840885,p03805,u242031676,1586484279,C++,C++14 (GCC 5.4.1),cpp,Accepted,1.0,256.0,789,
s111649120,p03805,u185896732,1586484195,Python,Python (3.4.3),py,Accepted,35.0,3064.0,485,
s944664131,p03805,u244626757,1586484125,C++,C++14 (GCC 5.4.1),cpp,Accepted,1.0,256.0,988,
s832631467,p03805,u561143568,1586484033,C++,C++14 (GCC 5.4.1),cpp,Accepted,1.0,256.0,900,
s688885559,p03805,u783675879,1586483966,C++,C++14 (GCC 5.4.1),cpp,Accepted,6.0,11904.0,33852,
s824368631,p03805,u603234915,1586483855,C++,C++14 (GCC 5.4.1),cpp,Accepted,1.0,256.0,1016,
s095375408,p03805,u870307668,1586483802,C++,C++14 (GCC 5.4.1),cpp,Accepted,2.0,384.0,1470,
s182944613,p03805,u756388720,1586483761,C++,C++14 (GCC 5.4.1),cpp,Accepted,2.0,256.0,649,
s522376122,p03805,u034865202,1586483533,C++,C++14 (GCC 5.4.1),cpp,Accepted,1.0,256.0,6801,
s400131910,p03805,u287500079,1586483405,Python,PyPy3 (2.4.0),py,Accepted,401.0,69972.0,1564,
s433463936,p03805,u700484101,1586483399,C++,C++14 (GCC 5.4.1),cpp,Accepted,1.0,256.0,1802,
s116570815,p03805,u221285045,1586483325,C++,C++14 (GCC 5.4.1),cpp,Accepted,2.0,256.0,3387,
s166284645,p03805,u530107518,1586483291,C++,C++14 (GCC 5.4.1),cpp,Accepted,2.0,256.0,1861,
s865695990,p03805,u067237725,1586483251,C++,C++14 (GCC 5.4.1),cpp,Accepted,2.0,256.0,1368,
s905678022,p03805,u275797573,1586483232,C++,C++14 (GCC 5.4.1),cpp,Accepted,1.0,256.0,8331,
s768766324,p03805,u174509352,1586483223,C++,C++14 (GCC 5.4.1),cpp,Accepted,4.0,256.0,1300,
s136042884,p03805,u698760125,1586483155,C++,C++14 (GCC 5.4.1),cpp,Accepted,17.0,256.0,562,
s995117067,p03805,u174509352,1586483154,C++,C++14 (GCC 5.4.1),cpp,Accepted,3.0,256.0,1299,
s543601268,p03805,u638795007,1586483078,Python,Python (3.4.3),py,Accepted,45.0,5232.0,2586,
s708695929,p03805,u617826263,1586483074,C++,C++14 (GCC 5.4.1),cpp,Accepted,4.0,640.0,1187,
s654864681,p03805,u233626335,1586483063,C++,C++14 (GCC 5.4.1),cpp,Accepted,2.0,256.0,2160,
s098786271,p03805,u134678977,1586483032,C++,C++14 (GCC 5.4.1),cpp,Accepted,2.0,256.0,888,
s967444148,p03805,u281168735,1586483001,C++,C++14 (GCC 5.4.1),cpp,Accepted,1.0,256.0,1630,
s342501321,p03805,u050428930,1586482802,C++,C++14 (GCC 5.4.1),cpp,Accepted,1.0,256.0,527,
s284989796,p03805,u340010271,1586482790,C++,C++14 (GCC 5.4.1),cpp,Accepted,2.0,256.0,1948,
s169607205,p03805,u801049006,1586482676,Python,Python (3.4.3),py,Accepted,33.0,3064.0,453,
s837060887,p03805,u500092662,1586482510,C++,C++14 (GCC 5.4.1),cpp,Accepted,7.0,2048.0,867,
s006780915,p03805,u041513069,1586482493,C++,C++14 (GCC 5.4.1),cpp,Accepted,2.0,256.0,1026,
s879059588,p03805,u144913062,1586482316,Python,PyPy3 (2.4.0),py,Accepted,182.0,39792.0,482,
s304858142,p03805,u018872912,1586482231,C++,C++14 (GCC 5.4.1),cpp,Accepted,3.0,256.0,3407,
s109725423,p03805,u882620594,1586482227,C++,C++14 (GCC 5.4.1),cpp,Accepted,2.0,256.0,884,
s886415744,p03805,u415325136,1586482205,C++,C++14 (GCC 5.4.1),cpp,Accepted,2.0,256.0,815,
s804976584,p03805,u993074316,1586482180,C++,C++14 (GCC 5.4.1),cpp,Accepted,2.0,256.0,1599,
s405304099,p03805,u021034020,1586482132,C++,C++14 (GCC 5.4.1),cpp,Accepted,1.0,256.0,4577,
s481868188,p03805,u022979415,1586482104,Python,Python (3.4.3),py,Accepted,30.0,3188.0,509,
s492581916,p03805,u863044225,1586482044,C++,C++14 (GCC 5.4.1),cpp,Accepted,2.0,256.0,2552,
s341764023,p03805,u754022296,1586481961,Python,Python (3.4.3),py,Accepted,32.0,3064.0,362,
s253617853,p03805,u571173211,1586481932,C++,C++14 (GCC 5.4.1),cpp,Accepted,1.0,256.0,1357,
s076393123,p03805,u151005508,1586481925,Python,Python (3.4.3),py,Accepted,28.0,3064.0,486,
s954712836,p03805,u965730380,1586481845,C++,C++14 (GCC 5.4.1),cpp,Accepted,1.0,256.0,1004,
s675951881,p03805,u141610915,1586481789,Python,PyPy3 (2.4.0),py,Accepted,212.0,41968.0,554,
s398224809,p03805,u254187258,1586481771,C++,C++14 (GCC 5.4.1),cpp,Accepted,1.0,256.0,1543,
s300563643,p03805,u986437843,1586481537,C++,C++14 (GCC 5.4.1),cpp,Accepted,2.0,256.0,243853,
s316253876,p03805,u763881112,1586481437,C++,C++14 (GCC 5.4.1),cpp,Accepted,1.0,256.0,1872,
s705864320,p03805,u645250356,1586481362,Python,PyPy3 (2.4.0),py,Accepted,312.0,66156.0,704,
s303957688,p03805,u227082700,1586481309,Python,Python (3.4.3),py,Accepted,31.0,3064.0,341,
s094605707,p03805,u778204640,1586481220,C++,C++14 (GCC 5.4.1),cpp,Accepted,1.0,256.0,754,
s648240319,p03805,u806999568,1586481179,C++,C++14 (GCC 5.4.1),cpp,Accepted,3.0,384.0,1450,
s537426514,p03805,u809967037,1586481034,C++,C++14 (GCC 5.4.1),cpp,Accepted,29.0,4992.0,6222,
s349263608,p03805,u392319141,1586480881,Python,Python (3.4.3),py,Accepted,23.0,3064.0,481,
s161963137,p03805,u929582923,1586480874,C++,C++14 (GCC 5.4.1),cpp,Accepted,1.0,256.0,1504,
s919543824,p03805,u673361376,1586480489,Python,PyPy3 (2.4.0),py,Accepted,186.0,40812.0,543,
s201599976,p03805,u787449825,1586476062,Python,Python (3.4.3),py,Accepted,32.0,3064.0,464,
s204778334,p03805,u881116515,1586472672,C++,C++14 (GCC 5.4.1),cpp,Accepted,2.0,256.0,535,
s590343889,p03805,u816145694,1586470298,C++,C++14 (GCC 5.4.1),cpp,Accepted,1.0,256.0,650,
s147485377,p03805,u878292572,1586448973,C++,C++14 (GCC 5.4.1),cpp,Accepted,3.0,256.0,1090,
s027082936,p03805,u100665987,1586426536,Python,PyPy3 (2.4.0),py,Accepted,198.0,40176.0,585,
s700239222,p03805,u381860804,1586415930,C++,C++14 (GCC 5.4.1),cpp,Accepted,4.0,256.0,2121,
s368885345,p03805,u381860804,1586414630,C++,C++14 (GCC 5.4.1),cpp,Accepted,4.0,384.0,1984,
s679582896,p03805,u381860804,1586414448,C++,C++14 (GCC 5.4.1),cpp,Accepted,4.0,256.0,2111,
s102027733,p03805,u511379665,1586407195,Python,Python (3.4.3),py,Accepted,42.0,3064.0,656,
s296535172,p03805,u139458416,1586404659,C++,C++14 (GCC 5.4.1),cpp,Accepted,1.0,256.0,1229,
s350488901,p03805,u350072791,1586398807,C++,C++14 (GCC 5.4.1),cpp,Accepted,1.0,256.0,649,
s983562640,p03805,u668567364,1586397293,C++,C++14 (GCC 5.4.1),cpp,Accepted,5.0,256.0,781,
s730445514,p03805,u576432509,1586397129,Python,Python (3.4.3),py,Accepted,65.0,3064.0,1000,
s551992823,p03805,u145950990,1586396519,Python,PyPy3 (2.4.0),py,Accepted,183.0,40924.0,427,
s613926209,p03805,u668567364,1586395759,C++,C++14 (GCC 5.4.1),cpp,Accepted,2.0,256.0,809,
s265519643,p03805,u350072791,1586394377,C++,C++14 (GCC 5.4.1),cpp,Accepted,2.0,256.0,1198,
s350373175,p03805,u350072791,1586390943,C++,C++14 (GCC 5.4.1),cpp,Accepted,2.0,256.0,722,
s713604417,p03805,u213143275,1586385796,C++,C++14 (GCC 5.4.1),cpp,Accepted,1.0,256.0,4251,
s459736557,p03805,u751550626,1586385430,C++,C++14 (GCC 5.4.1),cpp,Accepted,1.0,256.0,877,
s863594231,p03805,u281840563,1586370998,C++,C++14 (GCC 5.4.1),cpp,Accepted,2.0,256.0,1440,
s953073137,p03805,u232429509,1586362496,C++,C++14 (GCC 5.4.1),cpp,Accepted,2.0,256.0,2857,
s497969703,p03805,u314917898,1586360447,C++,C++14 (GCC 5.4.1),cpp,Accepted,1.0,256.0,515,
s070048771,p03805,u314917898,1586357636,C++,C++14 (GCC 5.4.1),cpp,Accepted,1.0,256.0,538,
s495273957,p03805,u390193191,1586354652,Python,PyPy3 (2.4.0),py,Accepted,343.0,71020.0,770,
s225783599,p03805,u729173935,1586325726,C++,C++14 (GCC 5.4.1),cpp,Accepted,2.0,256.0,1094,
s372035372,p03805,u773711732,1586314465,Python,Python (3.4.3),py,Accepted,59.0,3572.0,600,
s986041722,p03805,u181801282,1586312440,Python,Python (3.4.3),py,Accepted,30.0,3064.0,360,
s228283717,p03805,u209254942,1586310701,C++,C++14 (GCC 5.4.1),cpp,Accepted,3.0,256.0,697,
s860012461,p03805,u380352571,1586299350,C++,C++14 (GCC 5.4.1),cpp,Accepted,2.0,256.0,2267,
s749582876,p03805,u951519233,1586298210,C++,C++14 (GCC 5.4.1),cpp,Accepted,1.0,256.0,623,
s711313672,p03805,u516566941,1586295937,Python,Python (3.4.3),py,Accepted,28.0,3316.0,650,
s764000381,p03805,u951519233,1586295577,C++,C++14 (GCC 5.4.1),cpp,Accepted,2.0,256.0,809,
s067974741,p03805,u398942100,1586290371,C++,C++14 (GCC 5.4.1),cpp,Accepted,1.0,256.0,4713,
s207378764,p03805,u301624971,1586283031,Python,Python (3.4.3),py,Accepted,37.0,3064.0,751,
s020809381,p03805,u941434715,1586282666,Python,Python (3.4.3),py,Accepted,160.0,12204.0,522,
s093982158,p03805,u840310460,1586282205,Python,Python (3.4.3),py,Accepted,31.0,3064.0,499,
s642035903,p03805,u582588783,1586280498,C++,C++14 (GCC 5.4.1),cpp,Accepted,1.0,256.0,1019,
s477184190,p03805,u582588783,1586280302,C++,C++14 (GCC 5.4.1),cpp,Accepted,1.0,256.0,791,
s133711271,p03805,u471539833,1586230367,Python,Python (3.4.3),py,Accepted,201.0,8052.0,489,
s846927300,p03805,u971124021,1586220970,Python,Python (3.4.3),py,Accepted,20.0,3064.0,552,
s503114815,p03805,u788703383,1586218679,Python,Python (3.4.3),py,Accepted,34.0,8052.0,545,
s482402899,p03805,u346629192,1586217648,C++,C++14 (GCC 5.4.1),cpp,Accepted,15.0,256.0,754,
s328092752,p03805,u611659218,1586207685,C++,C++14 (GCC 5.4.1),cpp,Accepted,2.0,256.0,1133,
s899324256,p03805,u646962247,1586206772,C++,C++14 (GCC 5.4.1),cpp,Accepted,3.0,256.0,987,
s371486195,p03805,u737218615,1586204522,C++,C++14 (GCC 5.4.1),cpp,Accepted,1.0,256.0,715,
s068384681,p03805,u046482892,1586201897,C++,C++14 (GCC 5.4.1),cpp,Accepted,1.0,256.0,1155,
s429207847,p03805,u145600939,1586197853,Python,Python (3.4.3),py,Accepted,26.0,3064.0,389,
s205122557,p03805,u325294447,1586196263,C++,C++14 (GCC 5.4.1),cpp,Accepted,2.0,256.0,892,
s386847949,p03805,u647638648,1586193364,C++,C++14 (GCC 5.4.1),cpp,Accepted,1.0,256.0,1355,
s840194537,p03805,u647638648,1586193302,C++,C++14 (GCC 5.4.1),cpp,Accepted,1.0,256.0,1353,
s116415830,p03805,u596311864,1586184945,C++,C++14 (GCC 5.4.1),cpp,Accepted,6.0,256.0,951,
s332539369,p03805,u454557108,1586171031,Python,Python (3.4.3),py,Accepted,31.0,3316.0,666,
s840584765,p03805,u363074342,1586155458,Python,Python (3.4.3),py,Accepted,33.0,3064.0,712,
s792450431,p03805,u336145516,1586149793,C++,C++14 (GCC 5.4.1),cpp,Accepted,1.0,256.0,617,
s704432504,p03805,u654470292,1586148677,Python,PyPy3 (2.4.0),py,Accepted,307.0,67436.0,813,
s388507392,p03805,u336145516,1586148485,C++,C++14 (GCC 5.4.1),cpp,Accepted,1.0,256.0,973,
s535756202,p03805,u442030035,1586144482,C++,C++14 (GCC 5.4.1),cpp,Accepted,2.0,1024.0,2820,
s718155096,p03805,u532086793,1586134466,C++,C++14 (GCC 5.4.1),cpp,Accepted,7.0,256.0,1018,
s528033275,p03805,u598554142,1586131370,C++,C++14 (GCC 5.4.1),cpp,Accepted,35.0,256.0,969,
s056618475,p03805,u944360325,1586127957,C++,C++14 (GCC 5.4.1),cpp,Accepted,3.0,640.0,1032,
s026262395,p03805,u442030035,1586127447,C++,C++14 (GCC 5.4.1),cpp,Accepted,1.0,256.0,2734,
s380810122,p03805,u442030035,1586127325,C++,C++14 (GCC 5.4.1),cpp,Accepted,2.0,256.0,2732,
s822084877,p03805,u442030035,1586126632,C++,C++14 (GCC 5.4.1),cpp,Accepted,231.0,1024.0,2715,
s560882374,p03805,u765815947,1586125646,C++,C++14 (GCC 5.4.1),cpp,Accepted,2.0,256.0,1098,
s619025071,p03805,u362771726,1586118468,Python,PyPy3 (2.4.0),py,Accepted,281.0,44140.0,681,
s540127413,p03805,u886569237,1586116234,C++,C++14 (GCC 5.4.1),cpp,Accepted,14.0,256.0,962,
s767258909,p03805,u759726213,1586114542,Python,Python (3.4.3),py,Accepted,157.0,14448.0,564,
s859838765,p03805,u584664755,1586109212,C++,C++14 (GCC 5.4.1),cpp,Accepted,4.0,256.0,1178,
s941763979,p03805,u501163846,1586109188,C++,C++14 (GCC 5.4.1),cpp,Accepted,2.0,256.0,801,
s187494931,p03805,u015597249,1586108014,Python,Python (3.4.3),py,Accepted,39.0,3316.0,944,
s101429951,p03805,u281670674,1586079383,C++,C++14 (GCC 5.4.1),cpp,Accepted,1.0,128.0,573,
s345534813,p03805,u946996108,1586071153,Python,PyPy3 (2.4.0),py,Accepted,208.0,43120.0,3678,
s957716329,p03805,u371809725,1586054388,C++,C++14 (GCC 5.4.1),cpp,Accepted,1.0,256.0,1383,
s344571320,p03805,u373908456,1586043508,C++,C++14 (GCC 5.4.1),cpp,Accepted,2.0,256.0,1107,
s969062850,p03805,u291303494,1586043094,Python,Python (3.4.3),py,Accepted,37.0,3064.0,445,
s176201909,p03805,u867848444,1586039103,Python,PyPy3 (2.4.0),py,Accepted,194.0,40944.0,968,
s822990445,p03805,u027402181,1586038536,C++,C++14 (GCC 5.4.1),cpp,Accepted,1.0,256.0,641,
s988444361,p03805,u895393304,1586033099,C++,C++14 (GCC 5.4.1),cpp,Accepted,1.0,256.0,1216,
s137129353,p03805,u614128939,1586033023,C++,C++14 (GCC 5.4.1),cpp,Accepted,2.0,256.0,940,
s982882506,p03805,u411203878,1586013977,Python,PyPy3 (2.4.0),py,Accepted,216.0,42844.0,580,
s613465722,p03805,u751468134,1585982888,C++,C++14 (GCC 5.4.1),cpp,Accepted,2.0,256.0,3651,
s603704506,p03805,u151005508,1585965437,Python,Python (3.4.3),py,Accepted,29.0,3064.0,580,
s822158710,p03805,u151005508,1585963956,Python,Python (3.4.3),py,Accepted,32.0,3064.0,531,
s560169912,p03805,u298633786,1585947370,C++,C++14 (GCC 5.4.1),cpp,Accepted,1.0,256.0,826,
s546564188,p03805,u457204370,1585927141,C++,C++14 (GCC 5.4.1),cpp,Accepted,2.0,256.0,700,
s727891913,p03805,u730271001,1585893622,C++,C++14 (GCC 5.4.1),cpp,Accepted,3.0,256.0,1492,
s483891962,p03805,u877415670,1585890912,Python,PyPy3 (2.4.0),py,Accepted,202.0,41584.0,484,
s950656882,p03805,u255673886,1585886960,Python,PyPy3 (2.4.0),py,Accepted,286.0,46956.0,839,
s385774443,p03805,u766212984,1585877563,C++,C++14 (GCC 5.4.1),cpp,Accepted,2.0,256.0,2249,
s676356390,p03805,u271934630,1585876938,Python,Python (3.4.3),py,Accepted,29.0,3064.0,528,
s444662903,p03805,u550061714,1585872869,Python,Python (3.4.3),py,Accepted,26.0,3064.0,368,
s879119927,p03805,u546338822,1585867960,Python,Python (3.4.3),py,Accepted,251.0,17880.0,617,
s674587377,p03805,u347503894,1585862074,C++,C++14 (GCC 5.4.1),cpp,Accepted,1.0,256.0,805,
s937936651,p03805,u670815700,1585859667,C++,C++14 (GCC 5.4.1),cpp,Accepted,1.0,256.0,602,
s448352862,p03805,u179593519,1585851508,C++,C++14 (GCC 5.4.1),cpp,Accepted,1.0,256.0,984,
s150080503,p03805,u264405855,1585815108,C++,C++14 (GCC 5.4.1),cpp,Accepted,1.0,256.0,4085,
s696104930,p03805,u515019830,1585808685,C++,C++14 (GCC 5.4.1),cpp,Accepted,1.0,256.0,659,
s571579506,p03805,u216772548,1585807882,C++,C++14 (GCC 5.4.1),cpp,Accepted,1.0,256.0,1239,
s234139503,p03805,u023958502,1585804731,C++,C++14 (GCC 5.4.1),cpp,Accepted,1.0,256.0,780,
s171190876,p03805,u115306811,1585792120,C++,C++14 (GCC 5.4.1),cpp,Accepted,1.0,256.0,893,
s643950998,p03805,u983547593,1585787419,C++,C++14 (GCC 5.4.1),cpp,Accepted,2.0,256.0,943,
s496591304,p03805,u375695365,1585779328,Python,Python (3.4.3),py,Accepted,36.0,3444.0,1047,
s440168077,p03805,u609981535,1585778100,C++,C++14 (GCC 5.4.1),cpp,Accepted,2.0,256.0,833,
s213842394,p03805,u708255304,1585777314,Python,Python (3.4.3),py,Accepted,32.0,3188.0,629,
s270175229,p03805,u727057618,1585773774,Python,Python (3.4.3),py,Accepted,22.0,3064.0,541,
s701091874,p03805,u489302942,1585771311,C++,C++14 (GCC 5.4.1),cpp,Accepted,3.0,256.0,795,
s365725117,p03805,u154898295,1585757402,C++,C++14 (GCC 5.4.1),cpp,Accepted,1.0,256.0,427,
s331793834,p03805,u686390526,1585722409,Python,Python (3.4.3),py,Accepted,29.0,3064.0,497,
s585612694,p03805,u783419265,1585713660,C++,C++14 (GCC 5.4.1),cpp,Accepted,2.0,256.0,709,
s192181095,p03805,u480138356,1585693717,Python,Python (3.4.3),py,Accepted,20.0,3064.0,614,
s738406589,p03805,u552290152,1585691065,Python,PyPy3 (2.4.0),py,Accepted,193.0,42076.0,434,
s783302034,p03805,u685800831,1585679233,C++,C++14 (GCC 5.4.1),cpp,Accepted,1.0,256.0,1018,
s154911165,p03805,u346395915,1585670065,Python,Python (3.4.3),py,Accepted,195.0,3188.0,644,
s932564730,p03805,u267983787,1585649197,C++,C++14 (GCC 5.4.1),cpp,Accepted,1.0,256.0,960,
s455216275,p03805,u987913144,1585636641,C++,C++14 (GCC 5.4.1),cpp,Accepted,1.0,256.0,1925,
s591756455,p03805,u750466050,1585624767,C++,C++14 (GCC 5.4.1),cpp,Accepted,9.0,256.0,1602,
s127520088,p03805,u016987091,1585620243,C++,C++14 (GCC 5.4.1),cpp,Accepted,1.0,256.0,845,
s141715139,p03805,u042871414,1585618165,C++,C++14 (GCC 5.4.1),cpp,Accepted,2.0,256.0,1070,
s047266617,p03805,u190018920,1585600233,C++,C++14 (GCC 5.4.1),cpp,Accepted,1.0,256.0,1530,
s415739526,p03805,u993705976,1585594293,C++,C++14 (GCC 5.4.1),cpp,Accepted,2.0,256.0,797,
s594898080,p03805,u003552316,1585562931,C++,C++14 (GCC 5.4.1),cpp,Accepted,1.0,256.0,1040,
s748885898,p03805,u471214054,1585546856,Python,Python (3.4.3),py,Accepted,30.0,3064.0,942,
s305061529,p03805,u471214054,1585546741,Python,PyPy3 (2.4.0),py,Accepted,195.0,41196.0,942,
s950710279,p03805,u888337853,1585531091,Python,Python (3.4.3),py,Accepted,84.0,5640.0,1550,
s014862856,p03805,u623687794,1585516321,Python,PyPy3 (2.4.0),py,Accepted,181.0,39664.0,530,
s771570400,p03805,u280096880,1585515699,C++,C++14 (GCC 5.4.1),cpp,Accepted,1.0,256.0,1134,
s037651713,p03805,u280096880,1585515612,C++,C++14 (GCC 5.4.1),cpp,Accepted,1.0,256.0,1142,
s317522879,p03805,u280096880,1585515239,C++,C++14 (GCC 5.4.1),cpp,Accepted,1.0,256.0,1181,
s016967714,p03805,u760748346,1585512136,C++,C++14 (GCC 5.4.1),cpp,Accepted,1.0,256.0,956,
s939120635,p03805,u543466827,1585511361,C++,C++14 (GCC 5.4.1),cpp,Accepted,1.0,256.0,698,
s200454856,p03805,u968846084,1585510330,Python,Python (3.4.3),py,Accepted,40.0,3064.0,381,
s718285834,p03805,u893584578,1585504173,C++,C++14 (GCC 5.4.1),cpp,Accepted,2.0,256.0,806,
s921110722,p03805,u133936772,1585501470,Python,Python (3.4.3),py,Accepted,24.0,3064.0,277,
s296093761,p03805,u133936772,1585501018,Python,Python (3.4.3),py,Accepted,25.0,3064.0,264,
s455694221,p03805,u133936772,1585500804,Python,Python (3.4.3),py,Accepted,29.0,3064.0,246,
s497402492,p03805,u133936772,1585500221,Python,Python (3.4.3),py,Accepted,26.0,3064.0,290,
s029444621,p03805,u563788821,1585499194,C++,C++14 (GCC 5.4.1),cpp,Accepted,1.0,256.0,952,
s604616198,p03805,u246639932,1585491828,C++,C++14 (GCC 5.4.1),cpp,Accepted,2.0,256.0,974,
s605118979,p03805,u268792407,1585487796,Python,Python (3.4.3),py,Accepted,62.0,3064.0,351,
s815437391,p03805,u964299793,1585470274,Python,Python (3.4.3),py,Accepted,28.0,3064.0,518,
s706685720,p03805,u540877546,1585466886,Python,Python (3.4.3),py,Accepted,437.0,3064.0,457,
s427742139,p03805,u293511800,1585458588,C++,C++14 (GCC 5.4.1),cpp,Accepted,1.0,256.0,716,
s357940860,p03805,u057079894,1585439478,C++,C++14 (GCC 5.4.1),cpp,Accepted,1.0,256.0,2199,
s298279588,p03805,u200887663,1585438107,Python,Python (3.4.3),py,Accepted,33.0,3064.0,632,
s029753404,p03805,u634999820,1585431805,C++,C++14 (GCC 5.4.1),cpp,Accepted,2.0,256.0,999,
s821843944,p03805,u262401582,1585431085,C++,C++14 (GCC 5.4.1),cpp,Accepted,3.0,256.0,1021,
s842247826,p03805,u844646164,1585430242,Python,PyPy3 (2.4.0),py,Accepted,199.0,42332.0,455,
s692787026,p03805,u937275419,1585428006,C++,C++14 (GCC 5.4.1),cpp,Accepted,1.0,256.0,955,
s551840613,p03805,u779216084,1585418773,C++,C++14 (GCC 5.4.1),cpp,Accepted,2.0,256.0,784,
s735628726,p03805,u319569229,1585415284,C++,C++14 (GCC 5.4.1),cpp,Accepted,1.0,256.0,1057,
s355814493,p03805,u367965715,1585410215,Python,Python (3.4.3),py,Accepted,285.0,18720.0,486,
s078731400,p03805,u936558609,1585408218,C++,C++14 (GCC 5.4.1),cpp,Accepted,1.0,256.0,567,
s168102532,p03805,u682820318,1585371138,C++,C++14 (GCC 5.4.1),cpp,Accepted,2.0,256.0,1790,
s354562797,p03805,u682820318,1585369259,C++,C++14 (GCC 5.4.1),cpp,Accepted,1.0,256.0,1600,
s941090154,p03805,u390830889,1585368375,C++,C++14 (GCC 5.4.1),cpp,Accepted,3.0,504.0,847,
s653440169,p03805,u508571192,1585360917,C++,C++14 (GCC 5.4.1),cpp,Accepted,1.0,256.0,2289,
s177529868,p03805,u505466816,1585358900,C++,C++14 (GCC 5.4.1),cpp,Accepted,2.0,256.0,652,
s589444272,p03805,u680046686,1585323595,C++,C++14 (GCC 5.4.1),cpp,Accepted,1.0,256.0,840,
s135577686,p03805,u039805629,1585323094,C++,C++14 (Clang 3.8.0),cpp,Accepted,1.0,256.0,2818,
s777852995,p03805,u039805629,1585322989,C++,C++14 (Clang 3.8.0),cpp,Accepted,1.0,256.0,2770,
s979507694,p03805,u039805629,1585322488,C++,C++14 (Clang 3.8.0),cpp,Accepted,1.0,256.0,2369,
s886250663,p03805,u634999820,1585320776,C++,C++14 (GCC 5.4.1),cpp,Accepted,2.0,256.0,1006,
s499335792,p03805,u634999820,1585320466,C++,C++14 (GCC 5.4.1),cpp,Accepted,2.0,256.0,1090,
s496403222,p03805,u488758942,1585278829,C++,C++14 (GCC 5.4.1),cpp,Accepted,50.0,256.0,1689,
s237903155,p03805,u331991493,1585253403,C++,C++14 (GCC 5.4.1),cpp,Accepted,1.0,256.0,1062,
s597075934,p03805,u095266283,1585251116,C++,C++14 (GCC 5.4.1),cpp,Accepted,2.0,256.0,2831,
s346639291,p03805,u891847179,1585244594,Python,Python (3.4.3),py,Accepted,31.0,3316.0,529,
s190590478,p03805,u293156359,1585226201,C++,C++14 (GCC 5.4.1),cpp,Accepted,3.0,2560.0,555,
s547153345,p03805,u273928723,1585222663,C++,C++14 (GCC 5.4.1),cpp,Accepted,2.0,256.0,2328,
s650107382,p03805,u852839243,1585204794,C++,C++14 (GCC 5.4.1),cpp,Accepted,1.0,256.0,3259,
s831995049,p03805,u086294406,1585199210,C++,C++14 (GCC 5.4.1),cpp,Accepted,1.0,256.0,751,
s279147519,p03805,u787120084,1585193114,C++,C++14 (GCC 5.4.1),cpp,Accepted,6.0,256.0,821,
s902531251,p03805,u549383771,1585185548,Python,Python (3.4.3),py,Accepted,34.0,3064.0,705,
s219352616,p03805,u149752754,1585180012,Python,PyPy3 (2.4.0),py,Accepted,194.0,40944.0,509,
s653849293,p03805,u221285045,1585179458,C++,C++14 (GCC 5.4.1),cpp,Accepted,2.0,256.0,2478,
s690332531,p03805,u624118226,1585161742,C++,C++14 (GCC 5.4.1),cpp,Accepted,2.0,256.0,691,
s035955472,p03805,u009414205,1585160786,C++,C++14 (GCC 5.4.1),cpp,Accepted,1.0,256.0,1090,
s094408120,p03805,u657208344,1585158793,C++,C++14 (GCC 5.4.1),cpp,Accepted,2.0,256.0,1025,
s353751131,p03805,u058186113,1585153452,C++,C++14 (GCC 5.4.1),cpp,Accepted,1.0,256.0,710,
s051030064,p03805,u863370423,1585150881,C++,C++14 (GCC 5.4.1),cpp,Accepted,1.0,256.0,611,
s281704612,p03805,u535423069,1585137380,Python,Python (3.4.3),py,Accepted,100.0,3188.0,1144,
s274511464,p03805,u441250130,1585108300,C++,C++14 (GCC 5.4.1),cpp,Accepted,1.0,256.0,929,
s971990137,p03805,u488401358,1585094805,Python,Python (3.4.3),py,Accepted,36.0,3064.0,562,
s971843546,p03805,u343523553,1585088067,Python,Python (3.4.3),py,Accepted,38.0,3444.0,466,
s123175610,p03805,u863370423,1585087647,C++,C++14 (GCC 5.4.1),cpp,Accepted,1.0,256.0,475,
s248369139,p03805,u018679195,1585086819,C++,C++14 (Clang 3.8.0),cpp,Accepted,2.0,512.0,968,
s981780603,p03805,u394759653,1585084064,C++,C++14 (GCC 5.4.1),cpp,Accepted,1.0,256.0,733,
s506322206,p03805,u353919145,1585083067,C++,C++14 (Clang 3.8.0),cpp,Accepted,6.0,760.0,776,
s957973208,p03805,u863370423,1585079091,C++,C++14 (GCC 5.4.1),cpp,Accepted,1.0,256.0,775,
s538943291,p03805,u455266724,1585076539,C++,C++14 (GCC 5.4.1),cpp,Accepted,3.0,256.0,1185,
s700247112,p03805,u930705402,1585063715,Python,Python (3.4.3),py,Accepted,40.0,3444.0,459,
s813536617,p03805,u644907318,1585056776,Python,Python (3.4.3),py,Accepted,31.0,3188.0,431,
s286347509,p03805,u740626584,1585030234,C++,C++14 (GCC 5.4.1),cpp,Accepted,2.0,256.0,880,
s995386421,p03805,u480938608,1585017480,C++,C++14 (GCC 5.4.1),cpp,Accepted,1.0,256.0,745,
s924281598,p03805,u042751985,1585015794,C++,C++14 (GCC 5.4.1),cpp,Accepted,2.0,384.0,1254,
s251927286,p03805,u547167033,1585007788,Python,Python (3.4.3),py,Accepted,33.0,3064.0,361,
s569813610,p03805,u841623074,1585004815,Python,Python (3.4.3),py,Accepted,20.0,3064.0,660,
s233444989,p03805,u179778090,1584983569,C++,C++14 (GCC 5.4.1),cpp,Accepted,56.0,256.0,1655,
s019693160,p03805,u026620445,1584975713,C++,C++14 (GCC 5.4.1),cpp,Accepted,1.0,256.0,3342,
s033063633,p03805,u026620445,1584975048,C++,C++14 (GCC 5.4.1),cpp,Accepted,1.0,256.0,3346,
s315323751,p03805,u626595726,1584962162,C++,C++14 (GCC 5.4.1),cpp,Accepted,2.0,256.0,1254,
s036563216,p03805,u934442292,1584922083,Python,Python (3.4.3),py,Accepted,35.0,3064.0,645,
s881741747,p03805,u561231954,1584921736,C++,C++14 (GCC 5.4.1),cpp,Accepted,1.0,256.0,854,
s563548720,p03805,u561231954,1584921264,Python,Python (3.4.3),py,Accepted,29.0,3700.0,721,
s424714689,p03805,u934442292,1584919670,Python,Python (3.4.3),py,Accepted,55.0,3064.0,427,
s389874288,p03805,u256833330,1584916472,Python,Python (3.4.3),py,Accepted,43.0,3064.0,275,
s157000392,p03805,u929582923,1584907231,C++,C++14 (GCC 5.4.1),cpp,Accepted,1.0,256.0,1067,
s264610165,p03805,u499966353,1584899246,C++,C++14 (GCC 5.4.1),cpp,Accepted,8.0,256.0,716,
s710575665,p03805,u275488634,1584876907,C++,C++14 (GCC 5.4.1),cpp,Accepted,1.0,256.0,1307,
s625372427,p03805,u102445737,1584854929,Python,PyPy3 (2.4.0),py,Accepted,213.0,41564.0,716,
s232246269,p03805,u074488832,1584846937,C++,C++14 (GCC 5.4.1),cpp,Accepted,1.0,256.0,665,
s419043144,p03805,u247164875,1584819374,C++,C++14 (GCC 5.4.1),cpp,Accepted,3.0,256.0,730,
s389144737,p03805,u132371041,1584805128,C++,C++14 (GCC 5.4.1),cpp,Accepted,3.0,4352.0,4745,
s614245692,p03805,u389009751,1584800299,C++,C++14 (Clang 3.8.0),cpp,Accepted,8.0,888.0,1032,
s788478122,p03805,u995385792,1584768835,C++,C++14 (GCC 5.4.1),cpp,Accepted,1.0,256.0,774,
s239604888,p03805,u202634017,1584764506,Python,Python (3.4.3),py,Accepted,31.0,3064.0,510,
s641990938,p03805,u325573017,1584763845,C++,C++14 (GCC 5.4.1),cpp,Accepted,3.0,256.0,897,
s867019067,p03805,u539145601,1584755071,C++,C++14 (GCC 5.4.1),cpp,Accepted,3.0,256.0,1232,
s034705930,p03805,u565149926,1584754076,C++,C++14 (GCC 5.4.1),cpp,Accepted,1.0,256.0,916,
s259695756,p03805,u192314231,1584750617,C++,C++14 (GCC 5.4.1),cpp,Accepted,1.0,256.0,1845,
s824480099,p03805,u955251526,1584739589,Python,Python (3.4.3),py,Accepted,26.0,3064.0,458,
s332692015,p03805,u447096097,1584673700,C++,C++14 (GCC 5.4.1),cpp,Accepted,4.0,256.0,1204,
s630343337,p03805,u223172354,1584672052,C++,C++14 (GCC 5.4.1),cpp,Accepted,1.0,256.0,628,
s884625178,p03805,u241312295,1584660823,C++,C++14 (GCC 5.4.1),cpp,Accepted,2.0,256.0,825,
s169954661,p03805,u950046716,1584651738,C++,C++14 (GCC 5.4.1),cpp,Accepted,1.0,256.0,689,
s218821338,p03805,u136811344,1584642648,Python,Python (3.4.3),py,Accepted,36.0,3188.0,473,
s724350101,p03805,u984276646,1584633064,Python,Python (3.4.3),py,Accepted,68.0,3188.0,567,
s212009178,p03805,u990300472,1584620537,Python,Python (3.4.3),py,Accepted,27.0,3064.0,620,
s309596696,p03805,u278057806,1584616051,C++,C++14 (GCC 5.4.1),cpp,Accepted,1.0,256.0,1272,
s074242158,p03805,u278057806,1584613173,Python,Python (3.4.3),py,Accepted,29.0,3064.0,600,
s023540082,p03805,u613960672,1584601293,C++,C++14 (GCC 5.4.1),cpp,Accepted,2.0,256.0,1149,
s418654112,p03805,u569322757,1584596075,Python,Python (3.4.3),py,Accepted,149.0,3064.0,464,
s151265966,p03805,u073852194,1584589367,Python,Python (3.4.3),py,Accepted,23.0,3064.0,484,
s415256878,p03805,u073852194,1584588443,Python,Python (3.4.3),py,Accepted,34.0,3064.0,705,
s980777426,p03805,u822961851,1584584957,Python,Python (3.4.3),py,Accepted,24.0,3064.0,473,
s672454836,p03805,u767543103,1584560790,C++,C++14 (GCC 5.4.1),cpp,Accepted,1.0,256.0,12833,
s408124781,p03805,u476604182,1584554093,Python,Python (3.4.3),py,Accepted,30.0,3064.0,341,
s613380833,p03805,u515052479,1584545341,Python,Python (3.4.3),py,Accepted,87.0,3064.0,744,
s241363608,p03805,u183422236,1584518311,Python,Python (3.4.3),py,Accepted,28.0,3064.0,447,
s784424903,p03805,u381486856,1584512383,C++,C++14 (GCC 5.4.1),cpp,Accepted,2.0,256.0,1013,
s529129177,p03805,u536085925,1584508613,C++,C++14 (GCC 5.4.1),cpp,Accepted,7.0,256.0,1223,
s141461792,p03805,u154756110,1584504046,C++,C++14 (GCC 5.4.1),cpp,Accepted,2.0,256.0,1514,
s678526588,p03805,u134520518,1584502373,Python,Python (3.4.3),py,Accepted,30.0,3064.0,442,
s880000301,p03805,u822961851,1584499186,Python,Python (3.4.3),py,Accepted,25.0,3064.0,485,
s721719592,p03805,u822961851,1584498279,Python,Python (3.4.3),py,Accepted,29.0,3064.0,458,
s009022188,p03805,u907668975,1584495110,Python,Python (3.4.3),py,Accepted,34.0,3064.0,500,
s879781133,p03805,u721105158,1584490171,C++,C++14 (GCC 5.4.1),cpp,Accepted,2.0,256.0,850,
s000739887,p03805,u907668975,1584487695,Python,Python (3.4.3),py,Accepted,29.0,3316.0,551,
s290041420,p03805,u286623856,1584484932,C++,C++14 (GCC 5.4.1),cpp,Accepted,1.0,256.0,1050,
s517595548,p03805,u105100688,1584484864,C++,C++14 (GCC 5.4.1),cpp,Accepted,3.0,256.0,1396,
s323869077,p03805,u105100688,1584484765,C++,C++14 (GCC 5.4.1),cpp,Accepted,3.0,256.0,1727,
s460998379,p03805,u223663729,1584481883,Python,Python (3.4.3),py,Accepted,27.0,3064.0,406,
s739816664,p03805,u672898046,1584480477,Python,Python (3.4.3),py,Accepted,34.0,3188.0,617,
s122952885,p03805,u806999568,1584466240,C++,C++14 (GCC 5.4.1),cpp,Accepted,1.0,256.0,1428,
s656092170,p03805,u424374375,1584465033,C++,C++14 (GCC 5.4.1),cpp,Accepted,2.0,256.0,615,
s955433827,p03805,u078932560,1584423045,Python,Python (3.4.3),py,Accepted,29.0,3064.0,330,
s205773520,p03805,u379168673,1584410998,C++,C++14 (GCC 5.4.1),cpp,Accepted,2.0,256.0,864,
s520806923,p03805,u158583803,1584401754,C++,C++14 (GCC 5.4.1),cpp,Accepted,6.0,256.0,1311,
s441940826,p03805,u514390882,1584396084,Python,Python (3.4.3),py,Accepted,75.0,8052.0,485,
s688621117,p03805,u158583803,1584395258,C++,C++14 (GCC 5.4.1),cpp,Accepted,1.0,256.0,932,
s001249814,p03805,u149991748,1584394614,Python,Python (3.4.3),py,Accepted,30.0,3064.0,740,
s887156862,p03805,u861141787,1584382887,Python,Python (3.4.3),py,Accepted,37.0,3064.0,671,
s232985523,p03805,u119088863,1584377209,C++,C++14 (GCC 5.4.1),cpp,Accepted,3.0,256.0,830,
s238081012,p03805,u787576502,1584375783,C++,C++14 (GCC 5.4.1),cpp,Accepted,1.0,256.0,1251,
s205318715,p03805,u416773418,1584362025,C++,C++14 (GCC 5.4.1),cpp,Accepted,2.0,256.0,908,
s495367251,p03805,u803481017,1584321615,C++,C++14 (GCC 5.4.1),cpp,Accepted,3.0,256.0,979,
s305666117,p03805,u289381123,1584320039,C++,C++14 (GCC 5.4.1),cpp,Accepted,1.0,256.0,867,
s192075432,p03805,u670898337,1584304234,C++,C++14 (GCC 5.4.1),cpp,Accepted,1.0,256.0,539,
s575948842,p03805,u564182781,1584302228,C++,C++14 (GCC 5.4.1),cpp,Accepted,1.0,256.0,1735,
s803093599,p03805,u564182781,1584302167,C++,C++14 (GCC 5.4.1),cpp,Accepted,1.0,256.0,1766,
s581516753,p03805,u058748522,1584301459,C++,C++14 (GCC 5.4.1),cpp,Accepted,2.0,256.0,2182,
s292583804,p03805,u920543723,1584297828,C++,C++14 (GCC 5.4.1),cpp,Accepted,1.0,256.0,1222,
s926479877,p03805,u004423772,1584296755,Python,Python (3.4.3),py,Accepted,34.0,3064.0,522,
s467679189,p03805,u211969844,1584267735,C++,C++14 (GCC 5.4.1),cpp,Accepted,1.0,256.0,1137,
s774564672,p03805,u398610336,1584241249,C++,C++14 (GCC 5.4.1),cpp,Accepted,1.0,256.0,675,
s926067976,p03805,u740626584,1584239559,C++,C++14 (GCC 5.4.1),cpp,Accepted,2.0,256.0,1009,
s730921541,p03805,u554116180,1584231318,C++,C++14 (GCC 5.4.1),cpp,Accepted,1.0,256.0,608,
s807282223,p03805,u498487134,1584220560,Python,PyPy3 (2.4.0),py,Accepted,170.0,39024.0,681,
s903672212,p03805,u804455323,1584217649,Python,PyPy3 (2.4.0),py,Accepted,195.0,42076.0,537,
s103605372,p03805,u405256066,1584217612,Python,Python (3.4.3),py,Accepted,303.0,3064.0,475,
s089781957,p03805,u637254885,1584214867,C++,C++14 (GCC 5.4.1),cpp,Accepted,2.0,256.0,774,
s259434388,p03805,u637254885,1584214794,C++,C++14 (GCC 5.4.1),cpp,Accepted,1.0,256.0,774,
s859368177,p03805,u589381719,1584212307,Python,Python (3.4.3),py,Accepted,31.0,3316.0,464,
s809099815,p03805,u433852402,1584209826,C++,C++14 (GCC 5.4.1),cpp,Accepted,2.0,256.0,1109,
s128342314,p03805,u316440712,1584205080,C++,C++14 (GCC 5.4.1),cpp,Accepted,1.0,256.0,7365,
s918954228,p03805,u492296177,1584201287,C++,C++14 (GCC 5.4.1),cpp,Accepted,2.0,256.0,1164,
s569300373,p03805,u734345532,1584200832,C++,C++14 (GCC 5.4.1),cpp,Accepted,1.0,256.0,703,
s967479370,p03805,u190875453,1584197531,C++,C++14 (GCC 5.4.1),cpp,Accepted,5.0,256.0,881,
s072783376,p03805,u037566493,1584181571,C++,C++14 (GCC 5.4.1),cpp,Accepted,1.0,256.0,913,
s460815257,p03805,u353919145,1584166149,C++,C++14 (GCC 5.4.1),cpp,Accepted,1.0,256.0,913,
s533969838,p03805,u491314298,1584147007,C++,C++14 (GCC 5.4.1),cpp,Accepted,2.0,256.0,1512,
s670780239,p03805,u189862528,1584146446,C++,C++14 (GCC 5.4.1),cpp,Accepted,7.0,636.0,809,
s712939905,p03805,u051842502,1584140029,Python,Python (3.4.3),py,Accepted,93.0,3064.0,2071,
s671136136,p03805,u051842502,1584140001,Python,Python (3.4.3),py,Accepted,94.0,3444.0,2056,
s420935153,p03805,u679159704,1584132713,C++,C++14 (GCC 5.4.1),cpp,Accepted,1.0,256.0,937,
s787105872,p03805,u340010271,1584132696,C++,C++14 (GCC 5.4.1),cpp,Accepted,2.0,256.0,2127,
s944785081,p03805,u281610856,1584122442,Python,Python (3.4.3),py,Accepted,35.0,3064.0,774,
s112246537,p03805,u113971909,1584120508,Python,Python (3.4.3),py,Accepted,32.0,4084.0,459,
s155278994,p03805,u281610856,1584120348,Python,Python (3.4.3),py,Accepted,34.0,3064.0,470,
s991465319,p03805,u841623074,1584115264,Python,Python (3.4.3),py,Accepted,298.0,5552.0,692,
s224034064,p03805,u367713721,1584114085,C++,C++14 (GCC 5.4.1),cpp,Accepted,1.0,256.0,1256,
s747894296,p03805,u243740419,1584114002,Python,Python (3.4.3),py,Accepted,49.0,3064.0,682,
s358565295,p03805,u505420467,1584083859,Python,Python (3.4.3),py,Accepted,26.0,3064.0,446,
s491548575,p03805,u305534505,1584066850,Python,Python (3.4.3),py,Accepted,30.0,3572.0,514,
s664474120,p03805,u243535639,1584066157,Python,PyPy3 (2.4.0),py,Accepted,186.0,39920.0,518,
s624367480,p03805,u721970149,1584065910,Python,Python (3.4.3),py,Accepted,35.0,3064.0,472,
s108632727,p03805,u755121033,1584051455,C++,C++14 (GCC 5.4.1),cpp,Accepted,1.0,256.0,633,
s385685568,p03805,u148193222,1584050623,C++,C++14 (GCC 5.4.1),cpp,Accepted,2.0,256.0,1292,
s674665046,p03805,u202826462,1584047796,Python,Python (3.4.3),py,Accepted,30.0,3064.0,486,
s473189484,p03805,u148193222,1584045495,C++,C++14 (GCC 5.4.1),cpp,Accepted,13.0,256.0,2202,
s477107198,p03805,u870205469,1584043588,C++,C++14 (GCC 5.4.1),cpp,Accepted,1.0,128.0,989,
s646128267,p03805,u013956357,1584040550,Python,Python (3.4.3),py,Accepted,317.0,3064.0,529,
s871162546,p03805,u401487574,1584023001,Python,Python (3.4.3),py,Accepted,25.0,3064.0,402,
s544280296,p03805,u952491523,1584016931,Python,Python (3.4.3),py,Accepted,140.0,3572.0,530,
s304037946,p03805,u327310087,1584011113,C++,C++14 (GCC 5.4.1),cpp,Accepted,1.0,256.0,643,
s074076159,p03805,u891504219,1584001473,C++,C++14 (GCC 5.4.1),cpp,Accepted,9.0,3256.0,1123,
s634471968,p03805,u329874011,1583982779,C++,C++14 (GCC 5.4.1),cpp,Accepted,2.0,256.0,1022,
s937387603,p03805,u022832318,1583982607,C++,C++14 (GCC 5.4.1),cpp,Accepted,1.0,256.0,1365,
s563395628,p03805,u518042385,1583968839,C++,C++14 (GCC 5.4.1),cpp,Accepted,2.0,256.0,1190,
s201769668,p03805,u185403320,1583967564,C++,C++14 (GCC 5.4.1),cpp,Accepted,2.0,256.0,613,
s673324937,p03805,u714642046,1583962891,C++,C++14 (GCC 5.4.1),cpp,Accepted,1.0,256.0,915,
s327203726,p03805,u101442050,1583962233,Python,PyPy3 (2.4.0),py,Accepted,194.0,45296.0,457,
s294023920,p03805,u590825760,1583960966,Python,PyPy3 (2.4.0),py,Accepted,204.0,41180.0,341,
s386872639,p03805,u652009496,1583955860,C++,C++14 (GCC 5.4.1),cpp,Accepted,1.0,256.0,2634,
s564333085,p03805,u528470578,1583954797,Python,Python (3.4.3),py,Accepted,54.0,3188.0,579,
s843745437,p03805,u576917603,1583953162,Python,Python (3.4.3),py,Accepted,34.0,3572.0,661,
s015833005,p03805,u137912513,1583951853,Python,Python (3.4.3),py,Accepted,61.0,3188.0,456,
s922031207,p03805,u083960235,1583951198,Python,Python (3.4.3),py,Accepted,52.0,6376.0,1300,
s374052352,p03805,u193264896,1583948339,Python,PyPy3 (2.4.0),py,Accepted,185.0,39536.0,776,
s856038140,p03805,u685800831,1583944277,C++,C++14 (GCC 5.4.1),cpp,Accepted,2.0,256.0,922,
s118173098,p03805,u433195318,1583935055,C++,C++14 (GCC 5.4.1),cpp,Accepted,1.0,256.0,2437,
s709922312,p03805,u642012866,1583916539,Python,Python (3.4.3),py,Accepted,26.0,3064.0,475,
s598146281,p03805,u943966256,1583901736,C++,C++14 (GCC 5.4.1),cpp,Accepted,2.0,256.0,1155,
s045317521,p03805,u702051956,1583899702,C++,C++14 (GCC 5.4.1),cpp,Accepted,4.0,256.0,1067,
s609909644,p03805,u119655368,1583891891,Python,Python (3.4.3),py,Accepted,46.0,3572.0,495,
s063397014,p03805,u568576853,1583891739,Python,PyPy3 (2.4.0),py,Accepted,200.0,40432.0,412,
s491740038,p03805,u119655368,1583891056,Python,Python (3.4.3),py,Accepted,132.0,8052.0,541,
s317522435,p03805,u286623856,1583871879,C++,C++14 (GCC 5.4.1),cpp,Accepted,2.0,256.0,1244,
s711752324,p03805,u030246664,1583870869,C++,C++14 (GCC 5.4.1),cpp,Accepted,2.0,256.0,551,
s882919238,p03805,u868132236,1583842019,C++,C++14 (GCC 5.4.1),cpp,Accepted,1.0,256.0,726,
s233420235,p03805,u519761526,1583806774,C++,C++14 (GCC 5.4.1),cpp,Accepted,2.0,256.0,1143,
s077610237,p03805,u998262711,1583802196,Python,Python (3.4.3),py,Accepted,60.0,3064.0,381,
s319816466,p03805,u190761897,1583802100,C++,C++14 (GCC 5.4.1),cpp,Accepted,1.0,256.0,1212,
s891713777,p03805,u274883254,1583795332,C++,C++14 (GCC 5.4.1),cpp,Accepted,2.0,256.0,818,
s161684343,p03805,u974792613,1583791231,Python,Python (3.4.3),py,Accepted,37.0,3064.0,786,
s891169390,p03805,u468262978,1583790313,C++,C++14 (GCC 5.4.1),cpp,Accepted,1.0,256.0,4397,
s989412113,p03805,u453683890,1583790003,C++,C++14 (GCC 5.4.1),cpp,Accepted,1.0,256.0,751,
s957854212,p03805,u885630173,1583787197,Python,Python (3.4.3),py,Accepted,31.0,3064.0,505,
s742124642,p03805,u390165589,1583784062,C++,C++14 (GCC 5.4.1),cpp,Accepted,1.0,256.0,865,
s653357546,p03805,u671257784,1583782782,C++,C++14 (GCC 5.4.1),cpp,Accepted,1.0,256.0,4777,
s266087670,p03805,u557282438,1583779809,Python,Python (3.4.3),py,Accepted,74.0,3064.0,419,
s097313882,p03805,u594244257,1583759527,Python,Python (3.4.3),py,Accepted,39.0,3444.0,754,
s766405478,p03805,u686036872,1583739758,Python,PyPy3 (2.4.0),py,Accepted,205.0,43100.0,568,
s018827440,p03805,u143575087,1583727906,C++,C++14 (GCC 5.4.1),cpp,Accepted,3.0,256.0,718,
s723489828,p03805,u179169725,1583719222,Python,Python (3.4.3),py,Accepted,30.0,3316.0,836,
s153220112,p03805,u179169725,1583719172,Python,Python (3.4.3),py,Accepted,30.0,3316.0,789,
s714085869,p03805,u179169725,1583719047,Python,Python (3.4.3),py,Accepted,30.0,3316.0,717,
s791682715,p03805,u964763428,1583712887,C++,C++14 (GCC 5.4.1),cpp,Accepted,1.0,256.0,1180,
s569781704,p03805,u537852947,1583711232,C++,C++14 (GCC 5.4.1),cpp,Accepted,1.0,256.0,996,
s926255528,p03805,u231189826,1583700320,Python,Python (3.4.3),py,Accepted,42.0,8052.0,485,
s049598441,p03805,u704284486,1583691431,Python,Python (3.4.3),py,Accepted,34.0,8052.0,639,
s670626781,p03805,u575431498,1583656989,Python,Python (3.4.3),py,Accepted,49.0,3444.0,586,
s907097916,p03805,u146594935,1583634175,C++,C++14 (GCC 5.4.1),cpp,Accepted,1.0,256.0,627,
s544740282,p03805,u198019139,1583631768,C++,C++14 (GCC 5.4.1),cpp,Accepted,1.0,256.0,583,
s055005390,p03805,u699111690,1583629298,C++,C++14 (GCC 5.4.1),cpp,Accepted,1.0,256.0,907,
s226506060,p03805,u168017191,1583620240,C++,C++14 (GCC 5.4.1),cpp,Accepted,3.0,256.0,776,
s623401640,p03805,u571381819,1583617427,C++,C++14 (GCC 5.4.1),cpp,Accepted,2.0,256.0,1185,
s219137941,p03805,u465478140,1583592391,C++,C++14 (GCC 5.4.1),cpp,Accepted,3.0,384.0,1234,
s117718556,p03805,u316543979,1583566737,C++,C++14 (Clang 3.8.0),cpp,Accepted,2.0,256.0,789,
s638248039,p03805,u062707212,1583564864,C++,C++14 (GCC 5.4.1),cpp,Accepted,3.0,256.0,1368,
s363617580,p03805,u219417113,1583561905,Python,Python (3.4.3),py,Accepted,36.0,3064.0,517,
s138954739,p03805,u261607462,1583561705,C++,C++14 (GCC 5.4.1),cpp,Accepted,2.0,256.0,1313,
s729234718,p03805,u731726888,1583561207,C++,C++14 (GCC 5.4.1),cpp,Accepted,2.0,256.0,1014,
s694328042,p03805,u426764965,1583559339,Python,Python (3.4.3),py,Accepted,195.0,13228.0,500,
s361486581,p03805,u548977290,1583558432,C++,C++14 (GCC 5.4.1),cpp,Accepted,1.0,256.0,675,
s068487828,p03805,u559683797,1583544183,C++,C++14 (GCC 5.4.1),cpp,Accepted,7.0,256.0,945,
s027320245,p03805,u170183831,1583539417,Python,Python (3.4.3),py,Accepted,29.0,3064.0,343,
s586992788,p03805,u000212387,1583538424,C++,C++14 (GCC 5.4.1),cpp,Accepted,1.0,256.0,1265,
s786263515,p03805,u245366924,1583530513,C++,C++14 (GCC 5.4.1),cpp,Accepted,1.0,256.0,6513,
s715875392,p03805,u729937959,1583515449,C++,C++14 (GCC 5.4.1),cpp,Accepted,1.0,256.0,693,
s484886576,p03805,u644972721,1583513834,Python,Python (3.4.3),py,Accepted,1259.0,3064.0,618,
s394717969,p03805,u868600519,1583505943,Python,Python (3.4.3),py,Accepted,36.0,6132.0,432,
s425942018,p03805,u953463534,1583500019,C++,C++14 (GCC 5.4.1),cpp,Accepted,1.0,256.0,726,
s045741676,p03805,u381860804,1583497925,C++,C++14 (GCC 5.4.1),cpp,Accepted,1.0,256.0,1252,
s058677877,p03805,u862412671,1583474820,C++,C++14 (GCC 5.4.1),cpp,Accepted,2.0,256.0,698,
s093509850,p03805,u363005934,1583470252,C++,C++14 (GCC 5.4.1),cpp,Accepted,1.0,256.0,678,
s071754523,p03805,u743124029,1583441131,C++,C++14 (GCC 5.4.1),cpp,Accepted,1.0,256.0,660,
s602929960,p03805,u840579553,1583439951,Python,Python (3.4.3),py,Accepted,171.0,14180.0,2164,
s128469978,p03805,u700484101,1583438224,C++,C++14 (GCC 5.4.1),cpp,Accepted,1.0,256.0,1806,
s898865896,p03805,u818349438,1583438139,C++,C++14 (GCC 5.4.1),cpp,Accepted,1.0,256.0,719,
s566931412,p03805,u482982507,1583434853,C++,C++14 (GCC 5.4.1),cpp,Accepted,1.0,256.0,652,
s295180065,p03805,u004411048,1583424585,C++,C++14 (GCC 5.4.1),cpp,Accepted,2.0,504.0,1197,
s299634430,p03805,u024191315,1583423353,C++,C++14 (GCC 5.4.1),cpp,Accepted,2.0,256.0,654,
s039717911,p03805,u024191315,1583423321,C++,C++14 (GCC 5.4.1),cpp,Accepted,2.0,256.0,651,
s766064551,p03805,u204536668,1583383301,C++,C++14 (GCC 5.4.1),cpp,Accepted,1.0,256.0,662,
s697375177,p03805,u359923148,1583380520,C++,C++14 (GCC 5.4.1),cpp,Accepted,1.0,256.0,853,
s997144508,p03805,u713881272,1583358274,C++,C++14 (GCC 5.4.1),cpp,Accepted,2.0,256.0,601,
s536277021,p03805,u809967037,1583356033,C++,C++14 (GCC 5.4.1),cpp,Accepted,1.0,256.0,5977,
s839283273,p03805,u713881272,1583354787,C++,C++14 (GCC 5.4.1),cpp,Accepted,1.0,256.0,709,
s463077734,p03805,u336145516,1583353947,C++,C++14 (GCC 5.4.1),cpp,Accepted,1.0,256.0,1190,
s001159523,p03805,u790272146,1583346529,C++,C++14 (GCC 5.4.1),cpp,Accepted,3.0,256.0,958,
s123349070,p03805,u790272146,1583344968,C++,C++14 (GCC 5.4.1),cpp,Accepted,7.0,384.0,876,
s408675844,p03805,u134678977,1583344791,C++,C++14 (GCC 5.4.1),cpp,Accepted,1.0,256.0,909,
s107637433,p03805,u134678977,1583344615,C++,C++14 (GCC 5.4.1),cpp,Accepted,1.0,256.0,916,
s454042764,p03805,u454081619,1583292603,C++,C++14 (GCC 5.4.1),cpp,Accepted,1.0,256.0,803,
s052214468,p03805,u877847737,1583291880,C++,C++14 (GCC 5.4.1),cpp,Accepted,1.0,256.0,974,
s775236821,p03805,u304862095,1583286819,C++,C++14 (GCC 5.4.1),cpp,Accepted,2.0,256.0,661,
s647772975,p03805,u995062424,1583283868,Python,Python (3.4.3),py,Accepted,26.0,3064.0,406,
s246897398,p03805,u593934357,1583274457,Python,Python (3.4.3),py,Accepted,45.0,5072.0,1061,
s598667648,p03805,u714642046,1583270244,C++,C++14 (GCC 5.4.1),cpp,Accepted,2.0,256.0,1034,
s928056835,p03805,u826189900,1583267461,C++,C++14 (GCC 5.4.1),cpp,Accepted,1.0,256.0,843,
s963251670,p03805,u921144223,1583254472,C++,C++14 (GCC 5.4.1),cpp,Accepted,2.0,256.0,944,
s128837932,p03805,u637170240,1583246896,Python,Python (3.4.3),py,Accepted,29.0,3316.0,464,
s980118252,p03805,u005906204,1583219039,C++,C++14 (GCC 5.4.1),cpp,Accepted,10.0,256.0,1286,
s332749971,p03805,u877847737,1583206527,C++,C++14 (GCC 5.4.1),cpp,Accepted,1.0,256.0,1093,
s899739075,p03805,u365287263,1583205388,C++,C++14 (GCC 5.4.1),cpp,Accepted,1.0,256.0,920,
s872368220,p03805,u685800831,1583189021,C++,C++14 (GCC 5.4.1),cpp,Accepted,2.0,256.0,951,
s568499674,p03805,u940139461,1583185424,Python,PyPy3 (2.4.0),py,Accepted,346.0,62808.0,845,
s756407985,p03805,u921144223,1583181800,C++,C++14 (GCC 5.4.1),cpp,Accepted,1.0,256.0,869,
s178195237,p03805,u535010493,1583181540,C++,C++14 (GCC 5.4.1),cpp,Accepted,2.0,256.0,1200,
s618573575,p03805,u986568278,1583157785,C++,C++14 (GCC 5.4.1),cpp,Accepted,1.0,256.0,683,
s175514086,p03805,u751409274,1583151495,C++,C++14 (GCC 5.4.1),cpp,Accepted,1.0,256.0,771,
s178891559,p03805,u530383736,1583135499,Python,Python (3.4.3),py,Accepted,28.0,3064.0,712,
s252705122,p03805,u530383736,1583133624,Python,Python (3.4.3),py,Accepted,27.0,3064.0,769,
s196274997,p03805,u698883164,1583109307,C++,C++14 (GCC 5.4.1),cpp,Accepted,1.0,256.0,1591,
s405827805,p03805,u075296067,1583105377,C++,C++14 (GCC 5.4.1),cpp,Accepted,1.0,256.0,729,
s359505034,p03805,u132033278,1583104909,C++,C++14 (GCC 5.4.1),cpp,Accepted,2.0,256.0,1570,
s551018160,p03805,u836743234,1583099615,C++,C++14 (GCC 5.4.1),cpp,Accepted,2.0,256.0,966,
s351725268,p03805,u427344224,1583099282,C++,C++14 (GCC 5.4.1),cpp,Accepted,1.0,256.0,1407,
s133602533,p03805,u427344224,1583091625,C++,C++14 (GCC 5.4.1),cpp,Accepted,1.0,256.0,1424,
s423341927,p03805,u623468376,1583090043,C++,C++14 (GCC 5.4.1),cpp,Accepted,2.0,256.0,1224,
s463560502,p03805,u750838232,1583087205,Python,Python (3.4.3),py,Accepted,44.0,3064.0,275,
s224605221,p03805,u965730380,1583084888,C++,C++14 (GCC 5.4.1),cpp,Accepted,3.0,256.0,942,
s613969433,p03805,u404290207,1583084089,Python,PyPy3 (2.4.0),py,Accepted,300.0,65644.0,1529,
s546340947,p03805,u790048565,1583079105,Python,Python (3.4.3),py,Accepted,72.0,3064.0,650,
s901266790,p03805,u748577909,1583078686,C++,C++14 (GCC 5.4.1),cpp,Accepted,1.0,256.0,771,
s198321700,p03805,u427344224,1583077791,C++,C++14 (GCC 5.4.1),cpp,Accepted,1.0,256.0,1444,
s543543308,p03805,u554843701,1583068454,C++,C++14 (GCC 5.4.1),cpp,Accepted,8.0,256.0,3869,
s455883751,p03805,u530107518,1583061125,C++,C++14 (GCC 5.4.1),cpp,Accepted,3.0,256.0,2121,
s493718876,p03805,u530107518,1583060750,C++,C++14 (GCC 5.4.1),cpp,Accepted,1.0,256.0,2105,
s404719526,p03805,u469871018,1583060284,C++,C++14 (GCC 5.4.1),cpp,Accepted,2.0,256.0,689,
s755333298,p03805,u469871018,1583058504,C++,C++14 (GCC 5.4.1),cpp,Accepted,1.0,256.0,584,
s177958250,p03805,u139112865,1583052734,Python,Python (3.4.3),py,Accepted,29.0,3064.0,366,
s216252383,p03805,u318875010,1583049728,C++,C++14 (GCC 5.4.1),cpp,Accepted,2.0,256.0,734,
s312760903,p03805,u535555850,1583048158,C++,C++14 (GCC 5.4.1),cpp,Accepted,1.0,256.0,1376,
s138282260,p03805,u201553784,1583047693,C++,C++14 (GCC 5.4.1),cpp,Accepted,1.0,256.0,635,
s584124342,p03805,u714564133,1583046960,C++,C++14 (GCC 5.4.1),cpp,Accepted,1.0,256.0,1051,
s779760483,p03805,u844646164,1583034582,Python,PyPy3 (2.4.0),py,Accepted,207.0,42204.0,484,
s460505746,p03805,u186089447,1583024467,C++,C++14 (GCC 5.4.1),cpp,Accepted,2.0,1792.0,2791,
s168061366,p03805,u954659213,1583017855,C++,C++14 (GCC 5.4.1),cpp,Accepted,1.0,256.0,1012,
s801780613,p03805,u863442865,1583005785,Python,Python (3.4.3),py,Accepted,27.0,3316.0,886,
s106996808,p03805,u863442865,1583005378,Python,Python (3.4.3),py,Accepted,28.0,3316.0,1814,
s903042232,p03805,u863442865,1583000751,Python,Python (3.4.3),py,Accepted,45.0,3316.0,1009,
s210172758,p03805,u237316771,1583000175,Python,Python (3.4.3),py,Accepted,27.0,3064.0,845,
s608071172,p03805,u879266613,1583000113,Python,Python (3.4.3),py,Accepted,33.0,3316.0,530,
s919823730,p03805,u879266613,1583000057,Python,PyPy3 (2.4.0),py,Accepted,184.0,39920.0,530,
s213625636,p03805,u580923688,1582997272,C++,C++14 (GCC 5.4.1),cpp,Accepted,41.0,256.0,908,
s077097341,p03805,u995062424,1582989911,Python,Python (3.4.3),py,Accepted,27.0,3064.0,381,
s466434956,p03805,u952022797,1582952365,Python,PyPy3 (2.4.0),py,Accepted,192.0,39920.0,4343,
s011905534,p03805,u313403396,1582936603,C++,C++14 (GCC 5.4.1),cpp,Accepted,1.0,256.0,1326,
s255876353,p03805,u058720266,1582907102,C++,C++14 (GCC 5.4.1),cpp,Accepted,1.0,256.0,759,
s447913297,p03805,u160429264,1582882729,C++,C++14 (GCC 5.4.1),cpp,Accepted,1.0,256.0,1253,
s849257608,p03805,u497860952,1582879903,C++,C++14 (GCC 5.4.1),cpp,Accepted,1.0,256.0,1380,
s734775511,p03805,u310014299,1582874444,C++,C++14 (GCC 5.4.1),cpp,Accepted,1.0,256.0,1466,
s411965746,p03805,u342869120,1582865615,Python,PyPy3 (2.4.0),py,Accepted,203.0,42844.0,460,
s694268006,p03805,u238205921,1582864124,C++,C++14 (GCC 5.4.1),cpp,Accepted,1.0,256.0,794,
s168282479,p03805,u329874011,1582863176,C++,C++14 (GCC 5.4.1),cpp,Accepted,1.0,256.0,1005,
s856908376,p03805,u595289165,1582860306,Python,Python (3.4.3),py,Accepted,32.0,3064.0,455,
s210419730,p03805,u929107645,1582853187,C++,C++14 (GCC 5.4.1),cpp,Accepted,1.0,256.0,561,
s618640847,p03805,u047102107,1582844110,Python,PyPy3 (2.4.0),py,Accepted,203.0,40176.0,516,
s581803095,p03805,u746419473,1582843984,Python,Python (3.4.3),py,Accepted,32.0,3064.0,453,
s564139855,p03805,u325956328,1582838318,Python,Python (3.4.3),py,Accepted,39.0,8052.0,514,
s913074829,p03805,u353797797,1582827569,Python,Python (3.4.3),py,Accepted,25.0,3316.0,891,
s425695874,p03805,u690781906,1582812831,Python,Python (3.4.3),py,Accepted,59.0,3064.0,411,
s108556294,p03805,u737321654,1582778825,Python,Python (3.4.3),py,Accepted,1595.0,3316.0,519,
s920259544,p03805,u192903163,1582776128,C++,C++14 (GCC 5.4.1),cpp,Accepted,5.0,256.0,729,
s458706401,p03805,u119098168,1582774626,C++,C++14 (GCC 5.4.1),cpp,Accepted,2.0,256.0,863,
s625421342,p03805,u144913062,1582769543,Python,PyPy3 (2.4.0),py,Accepted,214.0,44124.0,466,
s825951765,p03805,u273010357,1582763496,Python,Python (3.4.3),py,Accepted,39.0,8052.0,463,
s078249799,p03805,u033627628,1582762751,C++,C++14 (GCC 5.4.1),cpp,Accepted,4.0,256.0,1148,
s092238994,p03805,u033627628,1582761085,C++,C++14 (GCC 5.4.1),cpp,Accepted,2.0,256.0,1092,
s825774012,p03805,u944643608,1582754648,Python,Python (3.4.3),py,Accepted,23.0,3064.0,534,
s586524078,p03805,u788137651,1582744753,Python,PyPy3 (2.4.0),py,Accepted,298.0,66792.0,1885,
s309143578,p03805,u117348081,1582743291,C++,C++14 (GCC 5.4.1),cpp,Accepted,1.0,256.0,2223,
s321467957,p03805,u756388720,1582724054,C++,C++14 (GCC 5.4.1),cpp,Accepted,1.0,256.0,616,
s230226913,p03805,u083190434,1582723958,C++,C++14 (GCC 5.4.1),cpp,Accepted,1.0,256.0,855,
s459015452,p03805,u452512115,1582723291,C++,C++14 (GCC 5.4.1),cpp,Accepted,2.0,256.0,1805,
s372549050,p03805,u427344224,1582723262,C++,C++14 (GCC 5.4.1),cpp,Accepted,4.0,768.0,1552,
s378276853,p03805,u616029737,1582723051,C++,C++14 (GCC 5.4.1),cpp,Accepted,3.0,256.0,4392,
s254170789,p03805,u298620933,1582722886,C++,C++14 (GCC 5.4.1),cpp,Accepted,2.0,256.0,1463,
s504158769,p03805,u330661451,1582722767,C++,C++14 (GCC 5.4.1),cpp,Accepted,2.0,256.0,1167,
s957398562,p03805,u108540384,1582722559,C++,C++14 (GCC 5.4.1),cpp,Accepted,1.0,256.0,642,
s990397732,p03805,u845000384,1582722554,C++,C++14 (GCC 5.4.1),cpp,Accepted,3.0,384.0,1950,
s211598066,p03805,u756388720,1582722502,C++,C++14 (GCC 5.4.1),cpp,Accepted,1.0,256.0,694,
s200551789,p03805,u242031676,1582722498,Python,Python (3.4.3),py,Accepted,32.0,3064.0,414,
s808142734,p03805,u863044225,1582722450,C++,C++14 (GCC 5.4.1),cpp,Accepted,1.0,256.0,2523,
s635484946,p03805,u312025627,1582722257,Python,PyPy3 (2.4.0),py,Accepted,187.0,39408.0,545,
s178292460,p03805,u863044225,1582722243,C++,C++14 (GCC 5.4.1),cpp,Accepted,1.0,256.0,2523,
s332091766,p03805,u186838327,1582722103,Python,PyPy3 (2.4.0),py,Accepted,183.0,40048.0,409,
s308902991,p03805,u371149954,1582722026,C++,C++14 (GCC 5.4.1),cpp,Accepted,2.0,256.0,952,
s982727808,p03805,u994988729,1582722020,Python,Python (3.4.3),py,Accepted,23.0,3064.0,434,
s151451295,p03805,u555962250,1582721875,C++,C++14 (GCC 5.4.1),cpp,Accepted,1.0,256.0,790,
s521062199,p03805,u934272719,1582721598,C++,C++14 (GCC 5.4.1),cpp,Accepted,1.0,256.0,1747,
s817266348,p03805,u608088992,1582721545,Python,Python (3.4.3),py,Accepted,69.0,3064.0,712,
s394569341,p03805,u895971408,1582721432,C++,C++14 (GCC 5.4.1),cpp,Accepted,1.0,256.0,1861,
s513631160,p03805,u897304429,1582721207,C++,C++14 (GCC 5.4.1),cpp,Accepted,1.0,256.0,2188,
s303919984,p03805,u828388155,1582721185,C++,C++14 (GCC 5.4.1),cpp,Accepted,1.0,256.0,1467,
s169024743,p03805,u859396346,1582720991,C++,C++14 (GCC 5.4.1),cpp,Accepted,2.0,256.0,2238,
s120719754,p03805,u649915042,1582720980,C++,C++14 (GCC 5.4.1),cpp,Accepted,1.0,256.0,1359,
s707679052,p03805,u061071198,1582720495,C++,C++14 (GCC 5.4.1),cpp,Accepted,2.0,256.0,6535,
s820140777,p03805,u981206782,1582694936,Python,Python (3.4.3),py,Accepted,70.0,8052.0,395,
s807787292,p03805,u607594286,1582687720,C++,C++14 (GCC 5.4.1),cpp,Accepted,1.0,256.0,807,
s377574217,p03805,u873538240,1582661871,C++,C++14 (Clang 3.8.0),cpp,Accepted,1.0,256.0,1158,
s924313853,p03805,u775681539,1582661771,Python,Python (3.4.3),py,Accepted,28.0,3064.0,563,
s549164305,p03805,u632094970,1582661760,C++,C++14 (GCC 5.4.1),cpp,Accepted,2.0,256.0,1734,
s311634964,p03805,u476488060,1582659675,C++,C++14 (GCC 5.4.1),cpp,Accepted,1.0,256.0,800,
s327602400,p03805,u372144784,1582652026,Python,PyPy3 (2.4.0),py,Accepted,188.0,41584.0,749,
s529721240,p03805,u699458609,1582606171,C++,C++14 (GCC 5.4.1),cpp,Accepted,2.0,256.0,905,
s755552775,p03805,u131264627,1582606157,Python,Python (3.4.3),py,Accepted,28.0,3064.0,551,
s501928031,p03805,u895536055,1582603632,C++,C++14 (GCC 5.4.1),cpp,Accepted,2.0,256.0,984,
s215458763,p03805,u638456847,1582602345,Python,Python (3.4.3),py,Accepted,21.0,3064.0,642,
s007489154,p03805,u913226400,1582602203,C++,C++14 (Clang 3.8.0),cpp,Accepted,3.0,256.0,1016,
s853609311,p03805,u239409893,1582593081,C++,C++14 (GCC 5.4.1),cpp,Accepted,2.0,256.0,784,
s131584366,p03805,u860829879,1582588669,Python,Python (3.4.3),py,Accepted,35.0,3064.0,409,
s257331049,p03805,u820224016,1582576364,C++,C++14 (GCC 5.4.1),cpp,Accepted,2.0,256.0,498,
s318529830,p03805,u459930111,1582574658,C++,C++14 (GCC 5.4.1),cpp,Accepted,2.0,256.0,842,
s106011430,p03805,u431981421,1582567438,Python,Python (3.4.3),py,Accepted,57.0,3064.0,565,
s434984712,p03805,u063131621,1582555737,C++,C++14 (GCC 5.4.1),cpp,Accepted,2.0,256.0,852,
s582402321,p03805,u298620933,1582531627,C++,C++14 (GCC 5.4.1),cpp,Accepted,2.0,256.0,1388,
s418006587,p03805,u835297884,1582517616,C++,C++14 (GCC 5.4.1),cpp,Accepted,1.0,256.0,625,
s388856579,p03805,u804831318,1582510166,C++,C++14 (GCC 5.4.1),cpp,Accepted,6.0,256.0,842,
s257517992,p03805,u963353562,1582503879,C++,C++14 (GCC 5.4.1),cpp,Accepted,2.0,256.0,1227,
s021961178,p03805,u963353562,1582494973,C++,C++14 (GCC 5.4.1),cpp,Accepted,2.0,256.0,1180,
s023028128,p03805,u215692812,1582493571,C++,C++14 (GCC 5.4.1),cpp,Accepted,1.0,256.0,1294,
s817758141,p03805,u998880072,1582488936,C++,C++14 (GCC 5.4.1),cpp,Accepted,1.0,256.0,2174,
s145759015,p03805,u115927976,1582483982,C++,C++14 (GCC 5.4.1),cpp,Accepted,3.0,256.0,851,
s140575346,p03805,u476435125,1582474669,Python,Python (3.4.3),py,Accepted,41.0,3064.0,930,
s523962320,p03805,u940569542,1582398840,C++,C++14 (GCC 5.4.1),cpp,Accepted,2.0,256.0,1095,
s230692258,p03805,u144029820,1582398272,C++,C++14 (GCC 5.4.1),cpp,Accepted,2.0,256.0,716,
s334885140,p03805,u640888913,1582398264,C++,C++14 (GCC 5.4.1),cpp,Accepted,1.0,256.0,2375,
s567055902,p03805,u477343425,1582396575,C++,C++14 (GCC 5.4.1),cpp,Accepted,2.0,256.0,935,
s056940471,p03805,u358254559,1582394234,Python,PyPy3 (2.4.0),py,Accepted,179.0,40432.0,434,
s420136322,p03805,u358254559,1582393903,Python,PyPy3 (2.4.0),py,Accepted,199.0,40432.0,497,
s900080081,p03805,u358254559,1582391960,Python,PyPy3 (2.4.0),py,Accepted,198.0,42480.0,570,
s212958576,p03805,u761362252,1582362225,C++,C++14 (GCC 5.4.1),cpp,Accepted,1.0,384.0,727,
s694483297,p03805,u109191542,1582357892,C++,C++14 (GCC 5.4.1),cpp,Accepted,2.0,256.0,603,
s045777726,p03805,u866538547,1582353356,C++,C++14 (GCC 5.4.1),cpp,Accepted,1.0,256.0,641,
s530965342,p03805,u428132025,1582350632,Python,Python (3.4.3),py,Accepted,451.0,3572.0,629,
s438591586,p03805,u625963200,1582346985,Python,Python (3.4.3),py,Accepted,25.0,3064.0,347,
s984487045,p03805,u112317104,1582345577,Python,Python (3.4.3),py,Accepted,23.0,3064.0,485,
s169649876,p03805,u440217234,1582343118,C++,C++14 (GCC 5.4.1),cpp,Accepted,1.0,256.0,746,
s982183639,p03805,u440217234,1582343078,C++,C++14 (GCC 5.4.1),cpp,Accepted,1.0,256.0,662,
s636698109,p03805,u553987207,1582335840,Python,Python (3.4.3),py,Accepted,31.0,3064.0,452,
s348448777,p03805,u168774513,1582328207,C++,C++14 (GCC 5.4.1),cpp,Accepted,1.0,256.0,997,
s712225219,p03805,u609061751,1582280299,Python,Python (3.4.3),py,Accepted,31.0,3572.0,534,
s576427519,p03805,u788137651,1582260578,Python,PyPy3 (2.4.0),py,Accepted,310.0,67176.0,1973,
s204149336,p03805,u139458416,1582260039,C++,C++14 (GCC 5.4.1),cpp,Accepted,2.0,256.0,1134,
s344892671,p03805,u788137651,1582257598,Python,PyPy3 (2.4.0),py,Accepted,330.0,67176.0,1972,
s579337719,p03805,u924451152,1582249684,C++,C++14 (GCC 5.4.1),cpp,Accepted,1.0,256.0,900,
s091660720,p03805,u532022710,1582247547,Python,Python (3.4.3),py,Accepted,63.0,3700.0,1439,
s211427370,p03805,u809967037,1582242845,C++,C++14 (GCC 5.4.1),cpp,Accepted,1.0,256.0,4686,
s197122496,p03805,u768104057,1582235805,C++,C++14 (GCC 5.4.1),cpp,Accepted,4.0,256.0,2631,
s120731712,p03805,u631558039,1582232282,C++,C++14 (GCC 5.4.1),cpp,Accepted,1.0,256.0,1379,
s859758582,p03805,u380412651,1582220136,C++,C++14 (GCC 5.4.1),cpp,Accepted,1.0,256.0,838,
s254237444,p03805,u519756887,1582216758,C++,C++14 (GCC 5.4.1),cpp,Accepted,1.0,256.0,661,
s467979555,p03805,u554990639,1582208129,C++,C++14 (Clang 3.8.0),cpp,Accepted,7.0,888.0,754,
s684042411,p03805,u018872912,1582186908,C++,C++14 (GCC 5.4.1),cpp,Accepted,2.0,256.0,1546,
s001881613,p03805,u217596176,1582174780,C++,C++14 (GCC 5.4.1),cpp,Accepted,7.0,256.0,1330,
s325239012,p03805,u288508891,1582174273,C++,C++14 (GCC 5.4.1),cpp,Accepted,1.0,256.0,593,
s074319894,p03805,u466161487,1582158572,C++,C++14 (GCC 5.4.1),cpp,Accepted,3.0,256.0,775,
s995886331,p03805,u451012573,1582153666,Python,Python (3.4.3),py,Accepted,25.0,3064.0,538,
s255899051,p03805,u350997995,1582151964,Python,Python (3.4.3),py,Accepted,32.0,3064.0,351,
s015188324,p03805,u451012573,1582141659,Python,Python (3.4.3),py,Accepted,31.0,3064.0,442,
s732945073,p03805,u625963200,1582140603,Python,Python (3.4.3),py,Accepted,26.0,3064.0,354,
s600753574,p03805,u832995587,1582134323,C++,C++14 (GCC 5.4.1),cpp,Accepted,1.0,256.0,2286,
s802615901,p03805,u871436624,1582129271,C++,C++14 (GCC 5.4.1),cpp,Accepted,1.0,256.0,755,
s939385303,p03805,u301624971,1582086355,Python,Python (3.4.3),py,Accepted,32.0,3188.0,472,
s159431742,p03805,u340980616,1582080317,C++,C++14 (GCC 5.4.1),cpp,Accepted,1.0,256.0,1077,
s055581732,p03805,u477343425,1582078412,C++,C++14 (GCC 5.4.1),cpp,Accepted,1.0,256.0,923,
s244160681,p03805,u477343425,1582077398,C++,C++14 (GCC 5.4.1),cpp,Accepted,1.0,256.0,1555,
s869951162,p03805,u477343425,1582076057,C++,C++14 (GCC 5.4.1),cpp,Accepted,1.0,256.0,1191,
s843138082,p03805,u820224016,1582068213,C++,C++14 (GCC 5.4.1),cpp,Accepted,3.0,256.0,577,
s341716710,p03805,u326552320,1582057197,Python,Python (3.4.3),py,Accepted,243.0,12516.0,640,
s680137707,p03805,u477343425,1582049184,C++,C++14 (GCC 5.4.1),cpp,Accepted,2.0,256.0,1537,
s862312380,p03805,u217627525,1582042838,Python,Python (3.4.3),py,Accepted,40.0,3064.0,499,
s362909192,p03805,u082801599,1581997311,C++,C++14 (GCC 5.4.1),cpp,Accepted,2.0,256.0,723,
s637894097,p03805,u831873811,1581992742,C++,C++14 (GCC 5.4.1),cpp,Accepted,1.0,256.0,1155,
s067344969,p03805,u746849814,1581986871,Python,Python (3.4.3),py,Accepted,35.0,4084.0,429,
s400652087,p03805,u552122040,1581985043,C++,C++14 (GCC 5.4.1),cpp,Accepted,3.0,256.0,862,
s263847882,p03805,u840974625,1581965030,Python,Python (3.4.3),py,Accepted,855.0,3568.0,715,
s572454049,p03805,u936602931,1581903247,C++,C++14 (GCC 5.4.1),cpp,Accepted,28.0,764.0,1006,
s702818333,p03805,u445784649,1581883953,C++,C++14 (GCC 5.4.1),cpp,Accepted,1.0,256.0,820,
s340834906,p03805,u774818650,1581867825,C++,C++14 (GCC 5.4.1),cpp,Accepted,2.0,256.0,1075,
s869367241,p03805,u103902792,1581826489,Python,Python (3.4.3),py,Accepted,27.0,3064.0,359,
s171864384,p03805,u103902792,1581826459,Python,Python (3.4.3),py,Accepted,28.0,3064.0,354,
s633102518,p03805,u083190434,1581825473,C++,C++14 (GCC 5.4.1),cpp,Accepted,2.0,256.0,771,
s585614826,p03805,u207948013,1581818540,C++,C++14 (GCC 5.4.1),cpp,Accepted,1.0,256.0,640,
s450856566,p03805,u894339989,1581817671,C++,C++14 (GCC 5.4.1),cpp,Accepted,2.0,256.0,685,
s328891670,p03805,u411427373,1581815655,C++,C++14 (GCC 5.4.1),cpp,Accepted,1.0,256.0,655,
s045719898,p03805,u541610817,1581812720,Python,Python (3.4.3),py,Accepted,47.0,3700.0,496,
s606862950,p03805,u770009793,1581806877,C++,C++14 (GCC 5.4.1),cpp,Accepted,2.0,256.0,1122,
s149644046,p03805,u332946309,1581805155,C++,C++14 (GCC 5.4.1),cpp,Accepted,1.0,256.0,772,
s854102821,p03805,u486122973,1581802168,C++,C++14 (Clang 3.8.0),cpp,Accepted,6.0,256.0,796,
s592328222,p03805,u823458368,1581800830,Python,Python (3.4.3),py,Accepted,388.0,12504.0,942,
s138089528,p03805,u038408819,1581798575,Python,PyPy3 (2.4.0),py,Accepted,190.0,39920.0,467,
s180163054,p03805,u038408819,1581798540,Python,Python (3.4.3),py,Accepted,33.0,3064.0,467,
s269396184,p03805,u526459074,1581798238,C++,C++14 (GCC 5.4.1),cpp,Accepted,1.0,256.0,754,
s736214079,p03805,u239087789,1581797096,C++,C++14 (GCC 5.4.1),cpp,Accepted,1.0,256.0,632,
s886032644,p03805,u012298376,1581796080,C++,C++14 (GCC 5.4.1),cpp,Accepted,1.0,256.0,841,
s166467833,p03805,u373958718,1581794745,Python,Python (3.4.3),py,Accepted,24.0,3064.0,477,
s071594424,p03805,u698347787,1581792910,C++,C++14 (GCC 5.4.1),cpp,Accepted,2.0,256.0,1264,
s781082261,p03805,u195132800,1581753038,C++,C++14 (GCC 5.4.1),cpp,Accepted,2.0,256.0,1212,
s039089280,p03805,u924527074,1581743045,C++,C++14 (GCC 5.4.1),cpp,Accepted,2.0,256.0,4427,
s019576206,p03805,u476604182,1581736542,Python,PyPy3 (2.4.0),py,Accepted,201.0,40432.0,399,
s533494034,p03805,u303884911,1581733194,C++,C++14 (GCC 5.4.1),cpp,Accepted,1.0,256.0,779,
s646721037,p03805,u167931717,1581727629,C++,C++14 (GCC 5.4.1),cpp,Accepted,1.0,256.0,19823,
s132261091,p03805,u779216084,1581727289,C++,C++14 (GCC 5.4.1),cpp,Accepted,3.0,256.0,1257,
s307527202,p03805,u843292252,1581719791,C++,C++14 (GCC 5.4.1),cpp,Accepted,1.0,256.0,799,
s868851562,p03805,u572142121,1581710318,Python,Python (3.4.3),py,Accepted,27.0,3064.0,318,
s862619601,p03805,u098923136,1581704965,C++,C++14 (GCC 5.4.1),cpp,Accepted,1.0,256.0,627,
s964283008,p03805,u231095456,1581675486,Python,Python (3.4.3),py,Accepted,28.0,3064.0,360,
s139772524,p03805,u677149117,1581626189,C++,C++14 (GCC 5.4.1),cpp,Accepted,1.0,256.0,1645,
s081309214,p03805,u506910932,1581548875,C++,C++14 (GCC 5.4.1),cpp,Accepted,8.0,256.0,1063,
s458037951,p03805,u596311864,1581538097,C++,C++14 (GCC 5.4.1),cpp,Accepted,2.0,256.0,814,
s263406251,p03805,u885986895,1581537878,Python,PyPy3 (2.4.0),py,Accepted,265.0,42860.0,518,
s516706836,p03805,u559578080,1581525118,C++,C++14 (GCC 5.4.1),cpp,Accepted,1.0,256.0,619,
s443772603,p03805,u828388155,1581524943,C++,C++14 (GCC 5.4.1),cpp,Accepted,1.0,256.0,1519,
s621310438,p03805,u168774513,1581522393,C++,C++14 (GCC 5.4.1),cpp,Accepted,1.0,256.0,887,
s750161081,p03805,u072717685,1581487858,Python,Python (3.4.3),py,Accepted,82.0,3828.0,580,
s312343048,p03805,u094746828,1581483504,C++,C++14 (GCC 5.4.1),cpp,Accepted,1.0,256.0,908,
s788880782,p03805,u732870425,1581466901,Python,Python (3.4.3),py,Accepted,30.0,3064.0,416,
s094753455,p03805,u994784668,1581462706,C++,C++14 (GCC 5.4.1),cpp,Accepted,3.0,256.0,1028,
s082564631,p03805,u941753895,1581456936,Python,Python (3.4.3),py,Accepted,54.0,5428.0,1022,
s585608829,p03805,u622045059,1581453386,Python,Python (3.4.3),py,Accepted,173.0,5292.0,2094,
s698240205,p03805,u350836088,1581437449,C++,C++14 (GCC 5.4.1),cpp,Accepted,1.0,256.0,733,
s478939054,p03805,u016189984,1581434841,C++,C++14 (GCC 5.4.1),cpp,Accepted,1.0,256.0,908,
s448989858,p03805,u464869345,1581428077,C++,C++14 (GCC 5.4.1),cpp,Accepted,2.0,256.0,602,
s263425865,p03805,u973240207,1581416147,Python,Python (3.4.3),py,Accepted,172.0,13684.0,838,
s057772766,p03805,u777890016,1581384144,C++,C++14 (GCC 5.4.1),cpp,Accepted,2.0,384.0,982,
s944071836,p03805,u154289649,1581383592,C++,C++14 (GCC 5.4.1),cpp,Accepted,1.0,256.0,620,
s422623564,p03805,u740054550,1581374823,C++,C++14 (GCC 5.4.1),cpp,Accepted,2.0,256.0,3984,
s548041817,p03805,u098923136,1581369333,C++,C++14 (GCC 5.4.1),cpp,Accepted,1.0,256.0,641,
s102972279,p03805,u682686221,1581369132,C++,C++14 (GCC 5.4.1),cpp,Accepted,1.0,256.0,1570,
s914326002,p03805,u185050799,1581358104,C++,C++14 (GCC 5.4.1),cpp,Accepted,4.0,256.0,3047,
s557363426,p03805,u763410402,1581356508,C++,C++14 (GCC 5.4.1),cpp,Accepted,3.0,384.0,1391,
s033424542,p03805,u996749146,1581315790,C++,C++14 (GCC 5.4.1),cpp,Accepted,2.0,256.0,3194,
s105380292,p03805,u056944756,1581314916,C++,C++14 (GCC 5.4.1),cpp,Accepted,1.0,256.0,611,
s340917191,p03805,u621104964,1581296592,C++,C++14 (GCC 5.4.1),cpp,Accepted,8.0,256.0,1573,
s650847738,p03805,u751468134,1581288778,C++,C++14 (GCC 5.4.1),cpp,Accepted,1.0,256.0,2837,
s497859379,p03805,u751468134,1581288424,C++,C++14 (GCC 5.4.1),cpp,Accepted,1.0,256.0,2223,
s160678605,p03805,u285022453,1581284574,Python,Python (3.4.3),py,Accepted,30.0,3188.0,472,
s510649896,p03805,u930997891,1581278373,C++,C++14 (GCC 5.4.1),cpp,Accepted,2.0,256.0,784,
s025488561,p03805,u424602097,1581274090,C++,C++14 (GCC 5.4.1),cpp,Accepted,3.0,256.0,950,
s331484874,p03805,u369355792,1581273746,C++,C++14 (GCC 5.4.1),cpp,Accepted,2.0,256.0,882,
s717895033,p03805,u389007679,1581253940,C++,C++14 (GCC 5.4.1),cpp,Accepted,1.0,256.0,863,
s789825538,p03805,u820341516,1581220149,C++,C++14 (GCC 5.4.1),cpp,Accepted,1.0,256.0,1219,
s366295738,p03805,u980909653,1581219279,C++,C++14 (GCC 5.4.1),cpp,Accepted,1.0,256.0,756,
s090069655,p03805,u298297089,1581218178,Python,PyPy3 (2.4.0),py,Accepted,183.0,40432.0,469,
s051939965,p03805,u328179672,1581212500,C++,C++14 (GCC 5.4.1),cpp,Accepted,1.0,256.0,755,
s367902499,p03805,u328179672,1581211660,C++,C++14 (GCC 5.4.1),cpp,Accepted,1.0,256.0,893,
s992038980,p03805,u860597287,1581210013,C++,C++14 (GCC 5.4.1),cpp,Accepted,1.0,256.0,774,
s212358880,p03805,u090266528,1581199586,Python,PyPy3 (2.4.0),py,Accepted,189.0,40816.0,483,
s997348550,p03805,u660834360,1581187056,C++,C++14 (GCC 5.4.1),cpp,Accepted,1.0,256.0,839,
s953321826,p03805,u379959788,1581184752,C++,C++14 (GCC 5.4.1),cpp,Accepted,3.0,256.0,1280,
s775725341,p03805,u225388820,1581127613,Python,Python (3.4.3),py,Accepted,24.0,3064.0,390,
s161728834,p03805,u737370221,1581124287,C++,C++14 (GCC 5.4.1),cpp,Accepted,14.0,256.0,955,
s971892848,p03805,u906208439,1581116708,C++,C++14 (GCC 5.4.1),cpp,Accepted,2.0,256.0,1158,
s721975613,p03805,u094155508,1581108901,C++,C++14 (Clang 3.8.0),cpp,Accepted,2.0,256.0,1279,
s421119788,p03805,u767871438,1581104216,C++,C++14 (GCC 5.4.1),cpp,Accepted,1.0,256.0,639,
s883935792,p03805,u767871438,1581104179,C++,C++14 (GCC 5.4.1),cpp,Accepted,1.0,256.0,635,
s145906261,p03805,u314050667,1581102587,Python,Python (3.4.3),py,Accepted,31.0,3064.0,358,
s368192756,p03805,u314050667,1581102168,Python,Python (3.4.3),py,Accepted,35.0,3064.0,575,
s561456437,p03805,u898016053,1581087590,C++,C++14 (GCC 5.4.1),cpp,Accepted,2.0,256.0,792,
s557971692,p03805,u703503553,1581059861,C++,C++14 (GCC 5.4.1),cpp,Accepted,1.0,256.0,1152,
s197102890,p03805,u675751622,1581037672,C++,C++14 (GCC 5.4.1),cpp,Accepted,2.0,256.0,785,
s570529087,p03805,u389007679,1581036948,C++,C++14 (GCC 5.4.1),cpp,Accepted,23.0,256.0,686,
s827315465,p03805,u103850114,1581023443,C++,C++14 (GCC 5.4.1),cpp,Accepted,3.0,256.0,1575,
s780792351,p03805,u067694854,1580957628,C++,C++14 (GCC 5.4.1),cpp,Accepted,1.0,256.0,1066,
s532125614,p03805,u214685595,1580939491,C++,C++14 (GCC 5.4.1),cpp,Accepted,1.0,256.0,1397,
s640103572,p03805,u398437835,1580938572,C++,C++14 (GCC 5.4.1),cpp,Accepted,1.0,256.0,1638,
s653868579,p03805,u176979814,1580883942,C++,C++14 (GCC 5.4.1),cpp,Accepted,1.0,256.0,566,
s036851798,p03805,u180716041,1580879110,C++,C++14 (GCC 5.4.1),cpp,Accepted,2.0,256.0,918,
s200127959,p03805,u554954744,1580876898,Python,PyPy3 (2.4.0),py,Accepted,203.0,43228.0,410,
s528927473,p03805,u045368371,1580863634,C++,C++14 (GCC 5.4.1),cpp,Accepted,2.0,256.0,691,
s991018685,p03805,u996749146,1580846698,C++,C++14 (GCC 5.4.1),cpp,Accepted,1.0,256.0,1911,
s363161143,p03805,u141574039,1580834077,Python,Python (3.4.3),py,Accepted,346.0,14400.0,402,
s944200672,p03805,u554843701,1580833468,C++,C++14 (GCC 5.4.1),cpp,Accepted,3.0,256.0,1053,
s284558342,p03805,u742019337,1580827824,C++,C++14 (GCC 5.4.1),cpp,Accepted,6.0,256.0,1087,
s128662765,p03805,u742019337,1580827788,C++,C++14 (GCC 5.4.1),cpp,Accepted,7.0,256.0,1078,
s858107101,p03805,u650918644,1580827014,C++,C++14 (GCC 5.4.1),cpp,Accepted,1.0,256.0,657,
s240417528,p03805,u443960438,1580770519,C++,C++14 (GCC 5.4.1),cpp,Accepted,2.0,256.0,787,
s723662998,p03805,u488934106,1580754321,Python,Python (3.4.3),py,Accepted,68.0,3064.0,603,
s300372739,p03805,u938389536,1580750343,C++,C++14 (GCC 5.4.1),cpp,Accepted,1.0,256.0,1236,
s474007312,p03805,u885630173,1580706537,Python,Python (3.4.3),py,Accepted,23.0,3064.0,464,
s325594566,p03805,u935620673,1580701159,C++,C++14 (GCC 5.4.1),cpp,Accepted,1.0,256.0,723,
s676006364,p03805,u938841444,1580687144,C++,C++14 (GCC 5.4.1),cpp,Accepted,2.0,256.0,1704,
s674953471,p03805,u660245210,1580682204,Python,Python (3.4.3),py,Accepted,66.0,3064.0,383,
s159698582,p03805,u255382385,1580678372,Python,Python (3.4.3),py,Accepted,39.0,3436.0,696,
s449860128,p03805,u730731139,1580673077,C++,C++14 (GCC 5.4.1),cpp,Accepted,2.0,256.0,642,
s793115989,p03805,u174463135,1580660808,C++,C++14 (GCC 5.4.1),cpp,Accepted,4.0,256.0,636,
s384157288,p03805,u879436400,1580651929,C++,C++14 (GCC 5.4.1),cpp,Accepted,2.0,256.0,1094,
s287180792,p03805,u408620326,1580623143,Python,Python (3.4.3),py,Accepted,30.0,3064.0,508,
s622880734,p03805,u504588563,1580609131,Python,Python (3.4.3),py,Accepted,32.0,3064.0,412,
s864967221,p03805,u686036872,1580605448,Python,Python (3.4.3),py,Accepted,29.0,3064.0,419,
s186926247,p03805,u686036872,1580604987,Python,Python (3.4.3),py,Accepted,30.0,3064.0,430,
s900767888,p03805,u543584809,1580603428,C++,C++14 (GCC 5.4.1),cpp,Accepted,1.0,256.0,652,
s535080755,p03805,u740284863,1580593704,Python,Python (3.4.3),py,Accepted,25.0,3064.0,481,
s376397126,p03805,u221285045,1580593693,C++,C++14 (GCC 5.4.1),cpp,Accepted,2.0,256.0,2384,
s861586064,p03805,u224590796,1580590915,C++,C++14 (GCC 5.4.1),cpp,Accepted,2.0,256.0,785,
s338461544,p03805,u120564432,1580578561,C++,C++14 (GCC 5.4.1),cpp,Accepted,2.0,256.0,960,
s063273837,p03805,u116670634,1580542893,C++,C++14 (GCC 5.4.1),cpp,Accepted,2.0,256.0,2846,
s300248132,p03805,u098012509,1580542666,Python,Python (3.4.3),py,Accepted,251.0,3432.0,576,
s521453747,p03805,u475043664,1580532209,C++,C++14 (GCC 5.4.1),cpp,Accepted,1.0,256.0,592,
s117924946,p03805,u732412551,1580527333,Python,Python (3.4.3),py,Accepted,25.0,3064.0,451,
s758384013,p03805,u594567187,1580512001,Python,Python (3.4.3),py,Accepted,49.0,7996.0,713,
s792734797,p03805,u371409687,1580506647,Python,Python (3.4.3),py,Accepted,58.0,3064.0,424,
s974948395,p03805,u687053495,1580502863,Python,PyPy3 (2.4.0),py,Accepted,277.0,46556.0,561,
s407482158,p03805,u809967037,1580502205,C++,C++14 (GCC 5.4.1),cpp,Accepted,3.0,384.0,2729,
s595399644,p03805,u691896522,1580496598,Python,PyPy3 (2.4.0),py,Accepted,209.0,41948.0,428,
s474592196,p03805,u691896522,1580496346,Python,PyPy3 (2.4.0),py,Accepted,784.0,56408.0,457,
s587243240,p03805,u976833038,1580489813,C++,C++14 (GCC 5.4.1),cpp,Accepted,2.0,256.0,794,
s031788436,p03805,u182791129,1580452779,C++,C++14 (GCC 5.4.1),cpp,Accepted,16.0,256.0,836,
s643359896,p03805,u355254193,1580448014,C++,C++14 (GCC 5.4.1),cpp,Accepted,1.0,256.0,1377,
s702568885,p03805,u797165415,1580438991,C++,C++14 (GCC 5.4.1),cpp,Accepted,1.0,256.0,749,
s845347687,p03805,u779455925,1580432782,Python,PyPy3 (2.4.0),py,Accepted,186.0,40176.0,597,
s831595956,p03805,u779455925,1580432719,Python,PyPy3 (2.4.0),py,Accepted,189.0,40816.0,586,
s469422232,p03805,u779455925,1580432404,Python,PyPy3 (2.4.0),py,Accepted,184.0,39792.0,562,
s142572307,p03805,u831752983,1580407393,Python,Python (3.4.3),py,Accepted,34.0,3064.0,393,
s404907978,p03805,u853721692,1580350881,C++,C++14 (GCC 5.4.1),cpp,Accepted,1.0,256.0,1041,
s609657022,p03805,u414458988,1580349698,Python,PyPy3 (2.4.0),py,Accepted,337.0,52316.0,275,
s992254310,p03805,u267022560,1580348422,C++,C++14 (GCC 5.4.1),cpp,Accepted,2.0,256.0,1150,
s063793435,p03805,u624689667,1580335292,Python,PyPy3 (2.4.0),py,Accepted,187.0,40440.0,464,
s052204412,p03805,u853819426,1580331356,Python,Python (3.4.3),py,Accepted,27.0,3064.0,423,
s721667971,p03805,u488878376,1580330437,C++,C++14 (GCC 5.4.1),cpp,Accepted,1.0,256.0,2191,
s572459331,p03805,u191394596,1580308973,Python,Python (3.4.3),py,Accepted,35.0,3064.0,494,
s315694599,p03805,u675751622,1580297034,C++,C++14 (GCC 5.4.1),cpp,Accepted,2.0,256.0,805,
s995557804,p03805,u671481129,1580276247,C++,C++14 (GCC 5.4.1),cpp,Accepted,3.0,256.0,2547,
s359633995,p03805,u468440139,1580274361,C++,C++14 (GCC 5.4.1),cpp,Accepted,1.0,256.0,1035,
s633479290,p03805,u457985479,1580273404,C++,C++14 (GCC 5.4.1),cpp,Accepted,2.0,256.0,2223,
s262476219,p03805,u036744414,1580264682,C++,C++14 (GCC 5.4.1),cpp,Accepted,5.0,640.0,1248,
s203576260,p03805,u169138653,1580253094,Python,Python (3.4.3),py,Accepted,44.0,8052.0,494,
s076517333,p03805,u692515710,1580236209,Python,Python (3.4.3),py,Accepted,129.0,3432.0,752,
s894190571,p03805,u735707638,1580224933,C++,C++14 (GCC 5.4.1),cpp,Accepted,1.0,256.0,662,
s680781472,p03805,u045289115,1580202825,C++,C++14 (GCC 5.4.1),cpp,Accepted,1.0,256.0,529,
s627109321,p03805,u590725538,1580193164,C++,C++14 (GCC 5.4.1),cpp,Accepted,1.0,256.0,800,
s170872261,p03805,u292810930,1580190858,C++,C++14 (GCC 5.4.1),cpp,Accepted,2.0,256.0,936,
s428594227,p03805,u053699292,1580161464,Python,Python (3.4.3),py,Accepted,31.0,3064.0,749,
s244174809,p03805,u501547554,1580155525,C++,C++14 (GCC 5.4.1),cpp,Accepted,1.0,256.0,1010,
s733606654,p03805,u190086340,1580146934,Python,PyPy3 (2.4.0),py,Accepted,203.0,42332.0,1179,
s722341389,p03805,u045289115,1580073983,C++,C++14 (GCC 5.4.1),cpp,Accepted,1.0,256.0,504,
s947608852,p03805,u045289115,1580073357,C++,C++14 (GCC 5.4.1),cpp,Accepted,1.0,256.0,522,
s818855976,p03805,u153607901,1580071400,C++,C++14 (GCC 5.4.1),cpp,Accepted,2.0,256.0,1626,
s394870940,p03805,u153607901,1580071159,C++,C++14 (GCC 5.4.1),cpp,Accepted,2.0,256.0,1481,
s258848737,p03805,u002459665,1580068671,Python,Python (3.4.3),py,Accepted,28.0,3064.0,602,
s913964022,p03805,u101359868,1580067946,C++,C++14 (GCC 5.4.1),cpp,Accepted,1.0,256.0,743,
s509889669,p03805,u002459665,1580060318,Python,Python (3.4.3),py,Accepted,28.0,3188.0,641,
s242683238,p03805,u002459665,1580057039,Python,Python (3.4.3),py,Accepted,25.0,3572.0,635,
s974288958,p03805,u002459665,1580057019,Python,PyPy3 (2.4.0),py,Accepted,175.0,39920.0,635,
s919501631,p03805,u164727245,1580056441,Python,Python (3.4.3),py,Accepted,35.0,3064.0,637,
s491084469,p03805,u667024514,1580050613,Python,Python (3.4.3),py,Accepted,119.0,3064.0,440,
s757139443,p03805,u592686932,1580020942,C++,C++14 (GCC 5.4.1),cpp,Accepted,2.0,256.0,3014,
s572982054,p03805,u094746828,1579994684,C++,C++14 (GCC 5.4.1),cpp,Accepted,1.0,256.0,854,
s132563978,p03805,u809967037,1579982955,C++,C++14 (GCC 5.4.1),cpp,Accepted,1.0,256.0,2757,
s203320761,p03805,u874525170,1579979559,C++,C++14 (GCC 5.4.1),cpp,Accepted,6.0,256.0,1036,
s171939681,p03805,u798818115,1579966893,Python,Python (3.4.3),py,Accepted,37.0,3188.0,518,
s688793541,p03805,u787696070,1579934715,C++,C++14 (GCC 5.4.1),cpp,Accepted,1.0,256.0,1197,
s286110824,p03805,u777258731,1579923269,C++,C++14 (GCC 5.4.1),cpp,Accepted,1.0,256.0,643,
s963517037,p03805,u068765697,1579915564,C++,C++14 (GCC 5.4.1),cpp,Accepted,1.0,256.0,668,
s577760071,p03805,u630211216,1579910539,C++,C++14 (GCC 5.4.1),cpp,Accepted,3.0,256.0,571,
s495692001,p03805,u527862153,1579903187,C++,C++14 (GCC 5.4.1),cpp,Accepted,1.0,256.0,711,
s415782649,p03805,u228295160,1579845102,C++,C++14 (GCC 5.4.1),cpp,Accepted,1.0,256.0,5175,
s967950137,p03805,u324303263,1579818151,C++,C++14 (GCC 5.4.1),cpp,Accepted,1.0,256.0,2635,
s445037388,p03805,u025469035,1579808279,C++,C++14 (GCC 5.4.1),cpp,Accepted,1.0,256.0,667,
s612348470,p03805,u746419473,1579804548,Python,Python (3.4.3),py,Accepted,25.0,3064.0,502,
s793511067,p03805,u455067221,1579759313,C++,C++14 (GCC 5.4.1),cpp,Accepted,1.0,256.0,678,
s792536985,p03805,u025469035,1579756818,C++,C++14 (GCC 5.4.1),cpp,Accepted,1.0,256.0,657,
s256392395,p03805,u303039933,1579748076,Python,PyPy3 (2.4.0),py,Accepted,201.0,41820.0,609,
s948796112,p03805,u809967037,1579746165,C++,C++14 (GCC 5.4.1),cpp,Accepted,1.0,256.0,2656,
s828746466,p03805,u771369554,1579741004,C++,C++14 (GCC 5.4.1),cpp,Accepted,1.0,256.0,947,
s902228255,p03805,u564482261,1579739725,C++,C++14 (GCC 5.4.1),cpp,Accepted,2.0,256.0,743,
s269371210,p03805,u564482261,1579739008,C++,C++14 (GCC 5.4.1),cpp,Accepted,2.0,256.0,855,
s694447263,p03805,u541784678,1579725967,C++,C++14 (GCC 5.4.1),cpp,Accepted,7.0,4408.0,1655,
s430218031,p03805,u798665594,1579680018,C++,C++14 (GCC 5.4.1),cpp,Accepted,6.0,256.0,846,
s028169264,p03805,u313043608,1579642849,C++,C++14 (GCC 5.4.1),cpp,Accepted,1.0,256.0,858,
s793987894,p03805,u522200796,1579642407,C++,C++14 (GCC 5.4.1),cpp,Accepted,1.0,256.0,499,
s363427647,p03805,u684852523,1579609072,C++,C++14 (GCC 5.4.1),cpp,Accepted,1.0,256.0,525,
s433904137,p03805,u097121858,1579588746,Python,Python (3.4.3),py,Accepted,34.0,3064.0,478,
s470913331,p03805,u715366261,1579558535,C++,C++14 (GCC 5.4.1),cpp,Accepted,1.0,256.0,1596,
s996561343,p03805,u715366261,1579558139,C++,C++14 (GCC 5.4.1),cpp,Accepted,2.0,256.0,1616,
s722598438,p03805,u528523331,1579496288,C++,C++14 (GCC 5.4.1),cpp,Accepted,2.0,256.0,677,
s972225711,p03805,u601256797,1579483776,C++,C++14 (GCC 5.4.1),cpp,Accepted,2.0,256.0,767,
s753521797,p03805,u912115033,1579477126,Python,Python (3.4.3),py,Accepted,93.0,3064.0,515,
s581354126,p03805,u912115033,1579475878,Python,Python (3.4.3),py,Accepted,56.0,3064.0,432,
s737930284,p03805,u684305751,1579475804,Python,Python (3.4.3),py,Accepted,44.0,3064.0,278,
s476692950,p03805,u414458988,1579474460,Python,PyPy3 (2.4.0),py,Accepted,198.0,39920.0,747,
s601207578,p03805,u288101512,1579470432,C++,C++14 (GCC 5.4.1),cpp,Accepted,3.0,256.0,844,
s463467513,p03805,u288101512,1579470315,C++,C++14 (GCC 5.4.1),cpp,Accepted,3.0,256.0,844,
s679791960,p03805,u288101512,1579467293,C++,C++14 (GCC 5.4.1),cpp,Accepted,1.0,256.0,852,
s489652335,p03805,u743561048,1579448601,C++,C++14 (GCC 5.4.1),cpp,Accepted,1.0,256.0,512,
s956257377,p03805,u743561048,1579447812,C++,C++14 (GCC 5.4.1),cpp,Accepted,6.0,256.0,528,
s397289538,p03805,u994510536,1579443204,C++,C++14 (GCC 5.4.1),cpp,Accepted,1.0,256.0,907,
s344345865,p03805,u933341648,1579440999,Python,Python (3.4.3),py,Accepted,25.0,3064.0,435,
s446558684,p03805,u383551754,1579426482,C++,C++14 (GCC 5.4.1),cpp,Accepted,3.0,256.0,1274,
s556024897,p03805,u530786533,1579413208,Python,Python (3.4.3),py,Accepted,30.0,3064.0,327,
s370740002,p03805,u272997285,1579399814,C++,C++14 (GCC 5.4.1),cpp,Accepted,6.0,256.0,1487,
s509612844,p03805,u933341648,1579383554,Python,Python (3.4.3),py,Accepted,26.0,3064.0,411,
s044890876,p03805,u620868411,1579382455,Python,Python (3.4.3),py,Accepted,29.0,3316.0,480,
s454599078,p03805,u288101512,1579381457,C++,C++14 (GCC 5.4.1),cpp,Accepted,1.0,256.0,1069,
s075743105,p03805,u288101512,1579378898,C++,C++14 (GCC 5.4.1),cpp,Accepted,1.0,256.0,1061,
s722703009,p03805,u634999820,1579377510,C++,C++14 (GCC 5.4.1),cpp,Accepted,2.0,256.0,989,
s524078233,p03805,u156778176,1579372123,C++,C++14 (GCC 5.4.1),cpp,Accepted,1.0,256.0,753,
s787651639,p03805,u102334466,1579365463,C++,C++14 (GCC 5.4.1),cpp,Accepted,2.0,512.0,1117,
s749362238,p03805,u389007679,1579359533,C++,C++14 (GCC 5.4.1),cpp,Accepted,1.0,256.0,723,
s255438349,p03805,u968404618,1579331394,Python,Python (3.4.3),py,Accepted,23.0,3064.0,580,
s986412670,p03805,u264265458,1579315155,C++,C++14 (GCC 5.4.1),cpp,Accepted,2.0,256.0,2991,
s669082346,p03805,u200509145,1579311766,C++,C++14 (GCC 5.4.1),cpp,Accepted,2.0,256.0,1754,
s335526868,p03805,u236193715,1579309133,C++,C++14 (GCC 5.4.1),cpp,Accepted,1.0,256.0,437,
s267352860,p03805,u352969025,1579288730,C++,C++14 (GCC 5.4.1),cpp,Accepted,1.0,256.0,754,
s846596578,p03805,u426397594,1579282076,C++,C++14 (GCC 5.4.1),cpp,Accepted,2.0,256.0,772,
s988645700,p03805,u404290207,1579191607,Python,PyPy3 (2.4.0),py,Accepted,214.0,42736.0,713,
s528070654,p03805,u984529214,1579181399,C++,C++14 (GCC 5.4.1),cpp,Accepted,1.0,256.0,1691,
s815644154,p03805,u829260400,1579151732,C++,C++14 (GCC 5.4.1),cpp,Accepted,8.0,256.0,1752,
s488658182,p03805,u138062788,1579151111,C++,C++14 (GCC 5.4.1),cpp,Accepted,1.0,256.0,1271,
s336511272,p03805,u285443936,1579147658,Python,Python (3.4.3),py,Accepted,29.0,3316.0,539,
s763714964,p03805,u058748522,1579147007,C++,C++14 (GCC 5.4.1),cpp,Accepted,1.0,256.0,1122,
s722378373,p03805,u134678977,1579111264,C++,C++14 (GCC 5.4.1),cpp,Accepted,5.0,256.0,790,
s865399462,p03805,u489762173,1579099503,Python,Python (3.4.3),py,Accepted,102.0,3064.0,674,
s701080266,p03805,u121921603,1579047112,Python,PyPy3 (2.4.0),py,Accepted,196.0,45424.0,472,
s094842652,p03805,u976045502,1579046719,C++,C++14 (GCC 5.4.1),cpp,Accepted,1.0,256.0,678,
s575170545,p03805,u809975392,1579045615,C++,C++14 (GCC 5.4.1),cpp,Accepted,1.0,256.0,686,
s620625315,p03805,u874947858,1579042733,C++,C++14 (GCC 5.4.1),cpp,Accepted,2.0,384.0,1791,
s217933160,p03805,u976045502,1579041265,C++,C++14 (GCC 5.4.1),cpp,Accepted,1.0,256.0,976,
s859457523,p03805,u989345508,1579013688,Python,Python (3.4.3),py,Accepted,35.0,8052.0,487,
s952318033,p03805,u123427878,1578981879,Python,Python (3.4.3),py,Accepted,82.0,3064.0,1265,
s699156100,p03805,u964726243,1578974055,C++,C++14 (GCC 5.4.1),cpp,Accepted,1.0,256.0,1019,
s532035267,p03805,u481694065,1578973267,C++,C++14 (GCC 5.4.1),cpp,Accepted,1.0,256.0,582,
s795994213,p03805,u954176652,1578964096,C++,C++14 (GCC 5.4.1),cpp,Accepted,2.0,256.0,2749,
s977389568,p03805,u192262308,1578958717,Python,Python (3.4.3),py,Accepted,64.0,3064.0,494,
s799708870,p03805,u415916075,1578954926,C++,C++14 (GCC 5.4.1),cpp,Accepted,2.0,256.0,1011,
s875377215,p03805,u559765551,1578925001,C++,C++14 (GCC 5.4.1),cpp,Accepted,2.0,256.0,770,
s560024032,p03805,u433685759,1578892811,C++,C++14 (GCC 5.4.1),cpp,Accepted,1.0,256.0,746,
s903519821,p03805,u540761833,1578878872,Python,Python (3.4.3),py,Accepted,28.0,3064.0,480,
s934305801,p03805,u264265458,1578876545,C++,C++14 (GCC 5.4.1),cpp,Accepted,2.0,256.0,3006,
s666309571,p03805,u452512115,1578862497,C++,C++14 (GCC 5.4.1),cpp,Accepted,2.0,256.0,1764,
s291098565,p03805,u127314985,1578860816,C++,C++14 (GCC 5.4.1),cpp,Accepted,3.0,256.0,626,
s256756380,p03805,u246217175,1578852582,Python,Python (3.4.3),py,Accepted,201.0,12416.0,566,
s392075007,p03805,u089177147,1578802376,C++,C++14 (GCC 5.4.1),cpp,Accepted,4.0,256.0,1171,
s250145944,p03805,u921168761,1578798875,Python,Python (3.4.3),py,Accepted,209.0,12496.0,471,
s799667089,p03805,u291766461,1578784147,Python,Python (3.4.3),py,Accepted,42.0,3572.0,709,
s214997103,p03805,u803754262,1578717628,C++,C++14 (GCC 5.4.1),cpp,Accepted,1.0,256.0,1692,
s364982586,p03805,u743229067,1578711414,C++,C++14 (GCC 5.4.1),cpp,Accepted,5.0,256.0,2585,
s481201630,p03805,u417014669,1578674070,Python,Python (3.4.3),py,Accepted,34.0,3064.0,539,
s596651103,p03805,u016531517,1578623247,C++,C++14 (GCC 5.4.1),cpp,Accepted,1.0,256.0,969,
s828160603,p03805,u392319141,1578622058,Python,Python (3.4.3),py,Accepted,25.0,3064.0,421,
s538220570,p03805,u507330326,1578588541,Python,Python (3.4.3),py,Accepted,25.0,3064.0,545,
s486324319,p03805,u941753895,1578548803,Python,Python (3.4.3),py,Accepted,66.0,6612.0,1117,
s573783435,p03805,u090994275,1578531878,C++,C++14 (Clang 3.8.0),cpp,Accepted,7.0,888.0,1437,
s305334390,p03805,u208059640,1578512579,C++,C++14 (GCC 5.4.1),cpp,Accepted,53.0,256.0,1701,
s713369942,p03805,u759721333,1578496941,C++,C++14 (GCC 5.4.1),cpp,Accepted,1.0,256.0,959,
s751421316,p03805,u796408111,1578485956,C++,C++14 (GCC 5.4.1),cpp,Accepted,2.0,256.0,2303,
s007158781,p03805,u251934638,1578476533,C++,C++14 (GCC 5.4.1),cpp,Accepted,1.0,256.0,1780,
s253150612,p03805,u016119075,1578465146,C++,C++14 (GCC 5.4.1),cpp,Accepted,1.0,256.0,640,
s767154142,p03805,u626468554,1578449188,Python,Python (3.4.3),py,Accepted,27.0,3064.0,516,
s118253897,p03805,u387221709,1578438109,C++,C++14 (GCC 5.4.1),cpp,Accepted,1.0,256.0,664,
s233720876,p03805,u375172966,1578416104,Python,Python (3.4.3),py,Accepted,37.0,3064.0,529,
s590798255,p03805,u264265458,1578350472,C++,C++14 (GCC 5.4.1),cpp,Accepted,2.0,256.0,2867,
s748043751,p03805,u264265458,1578349918,C++,C++14 (GCC 5.4.1),cpp,Accepted,2.0,256.0,2837,
s615959015,p03805,u264265458,1578344553,C++,C++14 (GCC 5.4.1),cpp,Accepted,1.0,256.0,753,
s126541146,p03805,u264265458,1578341142,C++,C++14 (GCC 5.4.1),cpp,Accepted,2.0,256.0,754,
s127810852,p03805,u550014122,1578336467,C++,C++14 (GCC 5.4.1),cpp,Accepted,1.0,256.0,1382,
s760279438,p03805,u494904817,1578301815,C++,C++14 (GCC 5.4.1),cpp,Accepted,1.0,256.0,629,
s753239586,p03805,u837843177,1578281977,C++,C++14 (GCC 5.4.1),cpp,Accepted,1.0,256.0,846,
s176348962,p03805,u439396449,1578277723,Python,Python (3.4.3),py,Accepted,24.0,3064.0,569,
s613796040,p03805,u920543723,1578272959,C++,C++ (GCC 5.4.1),cpp,Accepted,1.0,256.0,905,
s713142328,p03805,u920543723,1578271131,C++,C++ (GCC 5.4.1),cpp,Accepted,1.0,256.0,940,
s330108401,p03805,u286623856,1578269429,Python,Python (3.4.3),py,Accepted,40.0,3188.0,1448,
s739625623,p03805,u489959379,1578264395,Python,Python (3.4.3),py,Accepted,25.0,3064.0,400,
s474894887,p03805,u286623856,1578257660,C++,C++14 (GCC 5.4.1),cpp,Accepted,2.0,256.0,1713,
s745438576,p03805,u969227451,1578256676,C++,C++14 (GCC 5.4.1),cpp,Accepted,1.0,256.0,925,
s256336548,p03805,u588341295,1578210012,Python,Python (3.4.3),py,Accepted,21.0,3188.0,1491,
s826589840,p03805,u588341295,1578207874,Python,Python (3.4.3),py,Accepted,35.0,3188.0,1076,
s215069888,p03805,u618649215,1578200057,C++,C++14 (GCC 5.4.1),cpp,Accepted,2.0,256.0,719,
s158252876,p03805,u920543723,1578165681,C++,C++ (GCC 5.4.1),cpp,Accepted,2.0,256.0,873,
s118237772,p03805,u415325136,1578165026,C++,C++14 (GCC 5.4.1),cpp,Accepted,1.0,256.0,528,
s729567396,p03805,u415325136,1578164959,C++,C++14 (GCC 5.4.1),cpp,Accepted,2.0,256.0,552,
s838322912,p03805,u000893497,1578157255,C++,C++14 (GCC 5.4.1),cpp,Accepted,1.0,256.0,584,
s620041033,p03805,u619613160,1578123004,Python,Python (3.4.3),py,Accepted,25.0,3064.0,372,
s512435460,p03805,u347057617,1578121909,C++,C++14 (GCC 5.4.1),cpp,Accepted,6.0,256.0,1010,
s413243519,p03805,u768896740,1578113422,Python,Python (3.4.3),py,Accepted,33.0,3064.0,556,
s150346235,p03805,u383367633,1578112323,C++,C++14 (GCC 5.4.1),cpp,Accepted,2.0,256.0,492,
s288907015,p03805,u852988862,1578084472,C++,C++14 (GCC 5.4.1),cpp,Accepted,1.0,256.0,1199,
s085193395,p03805,u714642969,1578071895,Python,PyPy3 (2.4.0),py,Accepted,183.0,39664.0,647,
s384122021,p03805,u628597699,1578051445,C++,C++14 (GCC 5.4.1),cpp,Accepted,4.0,640.0,704,
s657340177,p03805,u305847048,1578044316,C++,C++14 (GCC 5.4.1),cpp,Accepted,1.0,256.0,4546,
s496651332,p03805,u875407613,1578039757,C++,C++14 (GCC 5.4.1),cpp,Accepted,2.0,256.0,623,
s548783144,p03805,u162948713,1578038427,C++,C++14 (Clang 3.8.0),cpp,Accepted,2.0,384.0,1454,
s755340579,p03805,u506858457,1578023047,Python,Python (3.4.3),py,Accepted,28.0,3064.0,770,
s005861438,p03805,u651802048,1578021811,C++,C++14 (GCC 5.4.1),cpp,Accepted,1.0,256.0,570,
s238335274,p03805,u561143568,1578008345,C++,C++14 (GCC 5.4.1),cpp,Accepted,6.0,256.0,866,
s967757620,p03805,u304903669,1578007385,C++,C++14 (GCC 5.4.1),cpp,Accepted,2.0,384.0,878,
s957309531,p03805,u882821419,1578004948,C++,C++14 (GCC 5.4.1),cpp,Accepted,2.0,256.0,744,
s120819166,p03805,u187878098,1578002039,C++,C++14 (GCC 5.4.1),cpp,Accepted,2.0,256.0,1152,
s011501633,p03805,u711581809,1578001666,C++,C++14 (GCC 5.4.1),cpp,Accepted,7.0,256.0,1189,
s342658240,p03805,u619683748,1578000837,C++,C++14 (GCC 5.4.1),cpp,Accepted,2.0,256.0,1397,
s466565634,p03805,u875600867,1577992836,Python,Python (3.4.3),py,Accepted,23.0,3064.0,1083,
s248897649,p03805,u875600867,1577992556,Python,Python (3.4.3),py,Accepted,23.0,3064.0,716,
s219771524,p03805,u211109468,1577987109,C++,C++14 (GCC 5.4.1),cpp,Accepted,1.0,256.0,558,
s490592639,p03805,u106964380,1577932298,C++,C++14 (GCC 5.4.1),cpp,Accepted,1.0,256.0,3227,
s871944674,p03805,u962127640,1577931520,Python,Python (3.4.3),py,Accepted,23.0,3064.0,468,
s703917480,p03805,u808593466,1577925923,C++,C++14 (GCC 5.4.1),cpp,Accepted,1.0,256.0,1310,
s959600785,p03805,u242680486,1577925800,C++,C++14 (GCC 5.4.1),cpp,Accepted,3.0,256.0,3939,
s083828825,p03805,u381761719,1577925403,C++,C++14 (GCC 5.4.1),cpp,Accepted,2.0,256.0,1290,
s056743932,p03805,u127768253,1577912824,C++,C++14 (GCC 5.4.1),cpp,Accepted,1.0,256.0,1217,
s151098311,p03805,u280175105,1577911854,C++,C++14 (GCC 5.4.1),cpp,Accepted,1.0,256.0,703,
s809167518,p03805,u409872261,1577908431,C++,C++ (GCC 5.4.1),cpp,Accepted,1.0,256.0,2231,
s511425832,p03805,u411910491,1577862049,C++,C++14 (GCC 5.4.1),cpp,Accepted,1.0,256.0,1763,
s179690845,p03805,u378718242,1577851776,C++,C++14 (GCC 5.4.1),cpp,Accepted,1.0,256.0,713,
s437932418,p03805,u962127640,1577848967,Python,Python (3.4.3),py,Accepted,42.0,8052.0,456,
s494713022,p03805,u564182781,1577845338,C++,C++14 (GCC 5.4.1),cpp,Accepted,2.0,256.0,1762,
s473640584,p03805,u865767009,1577834059,C++,C++14 (GCC 5.4.1),cpp,Accepted,2.0,256.0,1304,
s892518135,p03805,u136342563,1577831327,C++,C++14 (GCC 5.4.1),cpp,Accepted,8.0,256.0,883,
s119267785,p03805,u383367633,1577824663,C++,C++14 (GCC 5.4.1),cpp,Accepted,2.0,256.0,492,
s800889166,p03805,u261965335,1577822440,C++,C++14 (GCC 5.4.1),cpp,Accepted,1.0,256.0,1140,
s883132837,p03805,u480831358,1577817324,C++,C++14 (GCC 5.4.1),cpp,Accepted,2.0,256.0,1279,
s482092751,p03805,u401900157,1577811479,C++,C++14 (GCC 5.4.1),cpp,Accepted,1.0,256.0,1002,
s831971119,p03805,u895382169,1577808596,C++,C++14 (GCC 5.4.1),cpp,Accepted,6.0,256.0,1676,
s633199105,p03805,u912359563,1577785603,C++,C++14 (GCC 5.4.1),cpp,Accepted,2.0,256.0,1928,
s349743601,p03805,u819300485,1577776405,C++,C++14 (GCC 5.4.1),cpp,Accepted,1.0,256.0,2365,
s457786188,p03805,u294721290,1577768025,C++,C++14 (GCC 5.4.1),cpp,Accepted,2.0,256.0,375,
s295541080,p03805,u902149880,1577752213,C++,C++14 (GCC 5.4.1),cpp,Accepted,2.0,256.0,999,
s809276822,p03805,u393754572,1577729972,C++,C++14 (GCC 5.4.1),cpp,Accepted,1.0,256.0,817,
s551675224,p03805,u581187895,1577728901,Python,Python (3.4.3),py,Accepted,28.0,3316.0,486,
s057820570,p03805,u601384736,1577728874,Python,Python (3.4.3),py,Accepted,39.0,8052.0,478,
s983566502,p03805,u047816928,1577723804,Python,Python (3.4.3),py,Accepted,37.0,3700.0,621,
s759498497,p03805,u528523331,1577711054,C++,C++14 (GCC 5.4.1),cpp,Accepted,1.0,256.0,714,
s162007452,p03805,u996290370,1577680998,C++,C++14 (GCC 5.4.1),cpp,Accepted,2.0,256.0,829,
s516205183,p03805,u979163294,1577662727,C++,C++14 (GCC 5.4.1),cpp,Accepted,1.0,256.0,963,
s397549337,p03805,u828706986,1577661926,C++,C++14 (GCC 5.4.1),cpp,Accepted,2.0,256.0,23010,
s566860849,p03805,u195132800,1577661117,C++,C++14 (GCC 5.4.1),cpp,Accepted,2.0,256.0,1189,
s009495814,p03805,u886655280,1577652630,Python,Python (3.4.3),py,Accepted,29.0,3444.0,1128,
s543444685,p03805,u886655280,1577652621,Python,Python (3.4.3),py,Accepted,29.0,3444.0,1128,
s350063160,p03805,u745223262,1577648721,Python,Python (3.4.3),py,Accepted,30.0,3064.0,416,
s199174052,p03805,u368796742,1577647923,Python,Python (3.4.3),py,Accepted,30.0,3316.0,482,
s727166412,p03805,u223646582,1577647216,Python,Python (3.4.3),py,Accepted,24.0,3064.0,500,
s025032925,p03805,u745223262,1577646930,Python,Python (3.4.3),py,Accepted,1168.0,3556.0,1340,
s017671819,p03805,u742835247,1577638857,C++,C++14 (GCC 5.4.1),cpp,Accepted,5.0,256.0,492,
s471386146,p03805,u145078207,1577637000,C++,C++14 (GCC 5.4.1),cpp,Accepted,1.0,256.0,1240,
s213207084,p03805,u589698880,1577634708,C++,C++14 (GCC 5.4.1),cpp,Accepted,2.0,256.0,695,
s934148273,p03805,u644276233,1577582469,C++,C++14 (GCC 5.4.1),cpp,Accepted,1.0,256.0,1843,
s991189990,p03805,u045167427,1577574284,C++,C++14 (GCC 5.4.1),cpp,Accepted,1.0,256.0,1248,
s538331056,p03805,u381635950,1577531019,Python,PyPy3 (2.4.0),py,Accepted,176.0,39408.0,626,
s757314982,p03805,u816587940,1577526119,C++,C++14 (Clang 3.8.0),cpp,Accepted,3.0,256.0,1209,
s083309165,p03805,u708255304,1577496918,Python,Python (3.4.3),py,Accepted,28.0,3188.0,475,
s548916078,p03805,u521973174,1577489944,C++,C++14 (GCC 5.4.1),cpp,Accepted,1.0,256.0,981,
s721442308,p03805,u718758485,1577471541,C++,C++14 (GCC 5.4.1),cpp,Accepted,7.0,256.0,676,
s320456607,p03805,u639032323,1577468404,C++,C++14 (GCC 5.4.1),cpp,Accepted,1.0,256.0,637,
s485267165,p03805,u521723672,1577416805,C++,C++14 (GCC 5.4.1),cpp,Accepted,1.0,256.0,1879,
s448582507,p03805,u196579381,1577401388,Python,PyPy3 (2.4.0),py,Accepted,205.0,41692.0,530,
s661560563,p03805,u226912938,1577398790,Python,Python (3.4.3),py,Accepted,24.0,3064.0,619,
s529562630,p03805,u298497862,1577398763,C++,C++14 (GCC 5.4.1),cpp,Accepted,1.0,256.0,2031,
s097675848,p03805,u935984175,1577395235,Python,Python (3.4.3),py,Accepted,25.0,3064.0,504,
s662516001,p03805,u564089749,1577344821,C++,C++14 (GCC 5.4.1),cpp,Accepted,1.0,256.0,818,
s925947643,p03805,u633402865,1577344642,C++,C++14 (GCC 5.4.1),cpp,Accepted,1.0,256.0,715,
s124495096,p03805,u564089749,1577343806,C++,C++14 (GCC 5.4.1),cpp,Accepted,2.0,256.0,1207,
s255187585,p03805,u858575800,1577342115,C++,C++14 (GCC 5.4.1),cpp,Accepted,3.0,256.0,711,
s268893006,p03805,u317713173,1577335584,Python,Python (3.4.3),py,Accepted,23.0,3064.0,715,
s252319333,p03805,u314089899,1577331042,Python,Python (3.4.3),py,Accepted,39.0,8052.0,821,
s932338013,p03805,u141429472,1577314784,Python,Python (3.4.3),py,Accepted,56.0,5700.0,1318,
s865111150,p03805,u523698212,1577313651,C++,C++14 (GCC 5.4.1),cpp,Accepted,29.0,256.0,592,
s335601751,p03805,u275797573,1577308555,C++,C++14 (GCC 5.4.1),cpp,Accepted,2.0,256.0,4083,
s722502811,p03805,u356701928,1577305874,C++,C++14 (GCC 5.4.1),cpp,Accepted,2.0,256.0,658,
s199259938,p03805,u210353419,1577237140,C++,C++14 (GCC 5.4.1),cpp,Accepted,2.0,256.0,4086,
s323366479,p03805,u210353419,1577233668,C++,C++14 (GCC 5.4.1),cpp,Accepted,1.0,256.0,4535,
s034174058,p03805,u561443723,1577230868,C++,C++14 (GCC 5.4.1),cpp,Accepted,1.0,256.0,1127,
s388288098,p03805,u850516963,1577221394,C++,C++14 (GCC 5.4.1),cpp,Accepted,1.0,256.0,1529,
s346403103,p03805,u851266729,1577216642,C++,C++14 (GCC 5.4.1),cpp,Accepted,9.0,256.0,907,
s929182057,p03805,u489762173,1577211177,Python,Python (3.4.3),py,Accepted,102.0,3064.0,663,
s196777029,p03805,u489762173,1577211149,Python,PyPy3 (2.4.0),py,Accepted,199.0,42092.0,663,
s409541425,p03805,u642874916,1577165652,Python,Python (3.4.3),py,Accepted,60.0,7888.0,1540,
s649464436,p03805,u187857228,1577162964,C++,C++14 (GCC 5.4.1),cpp,Accepted,1.0,256.0,776,
s763211945,p03805,u780475861,1577150693,Python,Python (3.4.3),py,Accepted,19.0,3064.0,618,
s276404053,p03805,u624689667,1577136700,Python,PyPy3 (2.4.0),py,Accepted,182.0,39536.0,636,
s590485325,p03805,u799939777,1577133039,C++,C++14 (GCC 5.4.1),cpp,Accepted,2.0,256.0,1484,
s495960078,p03805,u110383054,1577122861,C++,C++ (GCC 5.4.1),cpp,Accepted,6.0,256.0,983,
s527133451,p03805,u110383054,1577122783,C++,C++14 (Clang 3.8.0),cpp,Accepted,6.0,256.0,983,
s108636844,p03805,u588369531,1577117870,C++,C++14 (GCC 5.4.1),cpp,Accepted,2.0,256.0,3433,
s208329683,p03805,u816488327,1577064946,Python,Python (3.4.3),py,Accepted,28.0,3316.0,617,
s676099670,p03805,u252828980,1577051465,Python,Python (3.4.3),py,Accepted,31.0,3064.0,380,
s136974159,p03805,u806601169,1577043395,C++,C++14 (GCC 5.4.1),cpp,Accepted,1.0,256.0,1691,
s111842341,p03805,u261891508,1577022386,Python,Python (3.4.3),py,Accepted,78.0,3188.0,2049,
s793111249,p03805,u209647862,1576982121,C++,C++14 (GCC 5.4.1),cpp,Accepted,4.0,256.0,3970,
s591871913,p03805,u209647862,1576980559,C++,C++14 (GCC 5.4.1),cpp,Accepted,3.0,256.0,4066,
s909359296,p03805,u339419997,1576965752,C++,C++14 (Clang 3.8.0),cpp,Accepted,7.0,888.0,1260,
s446646001,p03805,u694810977,1576959004,Python,Python (3.4.3),py,Accepted,34.0,3064.0,1407,
s053464083,p03805,u258457185,1576956294,C++,C++14 (GCC 5.4.1),cpp,Accepted,1.0,256.0,4487,
s620575090,p03805,u716530146,1576955707,Python,Python (3.4.3),py,Accepted,36.0,3316.0,593,
s644681231,p03805,u357949405,1576909464,Python,Python (3.4.3),py,Accepted,21.0,3064.0,847,
s866416298,p03805,u337199858,1576897405,C++,C++14 (GCC 5.4.1),cpp,Accepted,1.0,256.0,1157,
s386687218,p03805,u828388155,1576874026,C++,C++14 (GCC 5.4.1),cpp,Accepted,1.0,256.0,1333,
s914976573,p03805,u952130512,1576872466,C++,C++14 (GCC 5.4.1),cpp,Accepted,2.0,256.0,2566,
s680092181,p03805,u118642796,1576864423,C++,C++14 (GCC 5.4.1),cpp,Accepted,1.0,256.0,577,
s987613582,p03805,u265187423,1576863984,C++,C++ (GCC 5.4.1),cpp,Accepted,1.0,256.0,565,
s367505934,p03805,u593567568,1576816486,Python,Python (3.4.3),py,Accepted,30.0,3064.0,439,
s019519761,p03805,u499381410,1576807789,Python,PyPy3 (2.4.0),py,Accepted,213.0,40688.0,1392,
s509663587,p03805,u058809975,1576779229,C++,C++14 (GCC 5.4.1),cpp,Accepted,1.0,256.0,858,
s144718421,p03805,u742835247,1576758420,C++,C++14 (GCC 5.4.1),cpp,Accepted,1.0,256.0,778,
s835707403,p03805,u742835247,1576756440,C++,C++14 (GCC 5.4.1),cpp,Accepted,2.0,256.0,581,
s437838261,p03805,u762183504,1576752670,C++,C++14 (GCC 5.4.1),cpp,Accepted,2.0,256.0,717,
s371571670,p03805,u706740637,1576745797,Python,PyPy3 (2.4.0),py,Accepted,212.0,43868.0,711,
s690201920,p03805,u254871849,1576732800,Python,Python (3.4.3),py,Accepted,32.0,3064.0,640,
s083241474,p03805,u254871849,1576732143,Python,Python (3.4.3),py,Accepted,29.0,3064.0,618,
s285278065,p03805,u705561278,1576722132,C++,C++14 (GCC 5.4.1),cpp,Accepted,1.0,256.0,795,
s608509322,p03805,u001687078,1576707405,Python,Python (3.4.3),py,Accepted,29.0,3064.0,423,
s343331570,p03805,u539847834,1576642941,Python,PyPy3 (2.4.0),py,Accepted,202.0,41072.0,604,
s118473191,p03805,u905582793,1576633058,Python,Python (3.4.3),py,Accepted,31.0,3064.0,377,
s455344739,p03805,u993074316,1576628373,C++,C++14 (GCC 5.4.1),cpp,Accepted,1.0,256.0,675,
s200007324,p03805,u048904090,1576628313,C++,C++14 (GCC 5.4.1),cpp,Accepted,2.0,256.0,846,
s368100583,p03805,u160414758,1576606445,Python,Python (3.4.3),py,Accepted,43.0,5100.0,609,
s605762405,p03805,u110653681,1576605389,C++,C++14 (GCC 5.4.1),cpp,Accepted,1.0,256.0,668,
s785187505,p03805,u901561754,1576603098,C++,C++14 (GCC 5.4.1),cpp,Accepted,6.0,256.0,1126,
s672856477,p03805,u318042557,1576560033,C++,C++14 (GCC 5.4.1),cpp,Accepted,2.0,256.0,1634,
s295467738,p03805,u845937249,1576552278,Python,PyPy3 (2.4.0),py,Accepted,175.0,39280.0,798,
s531136511,p03805,u987164499,1576552166,Python,Python (3.4.3),py,Accepted,31.0,3572.0,1130,
s243455420,p03805,u571173211,1576531029,C++,C++14 (GCC 5.4.1),cpp,Accepted,2.0,256.0,1186,
s156903233,p03805,u401900157,1576528958,C++,C++14 (GCC 5.4.1),cpp,Accepted,1.0,256.0,1022,
s909967246,p03805,u839953865,1576510896,C++,C++14 (GCC 5.4.1),cpp,Accepted,5.0,256.0,733,
s412155575,p03805,u521020719,1576510525,Python,Python (3.4.3),py,Accepted,33.0,3064.0,561,
s971034571,p03805,u774160580,1576473255,Python,Python (3.4.3),py,Accepted,30.0,3064.0,522,
s606389491,p03805,u774160580,1576473226,Python,Python (3.4.3),py,Accepted,33.0,3064.0,525,
s618459782,p03805,u089376182,1576468205,Python,Python (3.4.3),py,Accepted,43.0,3064.0,336,
s606184567,p03805,u714596888,1576459757,C++,C++14 (GCC 5.4.1),cpp,Accepted,1.0,256.0,814,
s930269397,p03805,u471212175,1576454441,C++,C++14 (GCC 5.4.1),cpp,Accepted,2.0,384.0,906,
s633516009,p03805,u994521204,1576447115,Python,Python (3.4.3),py,Accepted,855.0,3572.0,604,
s789688345,p03805,u560988566,1576441201,Python,Python (3.4.3),py,Accepted,27.0,3064.0,422,
s990343863,p03805,u298291365,1576434459,C++,C++14 (GCC 5.4.1),cpp,Accepted,2.0,256.0,797,
s625205751,p03805,u828388155,1576430712,C++,C++14 (GCC 5.4.1),cpp,Accepted,1.0,256.0,1333,
s735451433,p03805,u828388155,1576430610,C++,C++14 (GCC 5.4.1),cpp,Accepted,1.0,256.0,1302,
s945131244,p03805,u828388155,1576430558,C++,C++14 (GCC 5.4.1),cpp,Accepted,1.0,256.0,1333,
s797962803,p03805,u130020973,1576374621,C++,C++14 (GCC 5.4.1),cpp,Accepted,4.0,256.0,712,
s862939082,p03805,u136869985,1576374270,C++,C++14 (GCC 5.4.1),cpp,Accepted,2.0,256.0,907,
s523664814,p03805,u742835247,1576370211,C++,C++14 (GCC 5.4.1),cpp,Accepted,6.0,256.0,622,
s925688879,p03805,u882039496,1576369953,C++,C++14 (GCC 5.4.1),cpp,Accepted,1.0,256.0,639,
s586097093,p03805,u159663513,1576363204,C++,C++14 (GCC 5.4.1),cpp,Accepted,2.0,256.0,1226,
s290558967,p03805,u796877631,1576347276,C++,C++14 (GCC 5.4.1),cpp,Accepted,1.0,256.0,552,
s185607177,p03805,u037430802,1576303192,Python,Python (3.4.3),py,Accepted,24.0,3188.0,467,
s292256589,p03805,u332906195,1576300732,Python,Python (3.4.3),py,Accepted,63.0,3188.0,362,
s681341712,p03805,u302000346,1576273497,C++,C++14 (GCC 5.4.1),cpp,Accepted,1.0,256.0,1480,
s109960470,p03805,u645250356,1576263946,Python,PyPy3 (2.4.0),py,Accepted,304.0,68072.0,829,
s340781624,p03805,u645250356,1576259983,Python,PyPy3 (2.4.0),py,Accepted,297.0,69080.0,783,
s320918939,p03805,u607075479,1576257706,Python,Python (3.4.3),py,Accepted,23.0,3064.0,507,
s644374894,p03805,u470542271,1576206371,Python,Python (3.4.3),py,Accepted,37.0,3436.0,576,
s008291481,p03805,u142234618,1576198296,C++,C++14 (GCC 5.4.1),cpp,Accepted,2.0,256.0,628,
s274202041,p03805,u782098901,1576185408,C++,C++14 (GCC 5.4.1),cpp,Accepted,1.0,256.0,654,
s198143587,p03805,u054501336,1576134085,C++,C++14 (GCC 5.4.1),cpp,Accepted,1.0,256.0,1158,
s822068688,p03805,u981931040,1576099661,Python,PyPy3 (2.4.0),py,Accepted,230.0,43612.0,531,
s398106696,p03805,u773265208,1576082185,Python,Python (3.4.3),py,Accepted,94.0,8052.0,410,
s020872647,p03805,u638282348,1576036493,Python,Python (3.4.3),py,Accepted,44.0,3060.0,291,
s519224068,p03805,u638282348,1576036287,Python,Python (3.4.3),py,Accepted,46.0,3064.0,405,
s210991762,p03805,u167988719,1576023748,C++,C++14 (GCC 5.4.1),cpp,Accepted,1.0,256.0,973,
s952755929,p03805,u818349438,1576022253,Python,Python (3.4.3),py,Accepted,36.0,3064.0,582,
s730599951,p03805,u620735210,1576017542,C++,C++14 (GCC 5.4.1),cpp,Accepted,1.0,256.0,575,
s155432821,p03805,u464052933,1576010692,C++,C++14 (GCC 5.4.1),cpp,Accepted,2.0,256.0,649,
s441428572,p03805,u687214625,1575952864,C++,C++14 (GCC 5.4.1),cpp,Accepted,1.0,256.0,846,
s070245634,p03805,u934272719,1575949926,C++,C++14 (GCC 5.4.1),cpp,Accepted,3.0,256.0,2276,
s948084639,p03805,u076506345,1575851785,C++,C++14 (GCC 5.4.1),cpp,Accepted,2.0,256.0,2347,
s289697342,p03805,u495903598,1575851540,C++,C++14 (GCC 5.4.1),cpp,Accepted,7.0,256.0,1283,
s655783056,p03805,u103557284,1575848087,C++,C++14 (GCC 5.4.1),cpp,Accepted,15.0,256.0,1493,
s577605689,p03805,u939552576,1575823899,C++,C++14 (GCC 5.4.1),cpp,Accepted,1.0,256.0,798,
s022508337,p03805,u836939578,1575823710,C++,C++14 (GCC 5.4.1),cpp,Accepted,1.0,256.0,636,
s634541456,p03805,u388697579,1575820455,C++,C++14 (GCC 5.4.1),cpp,Accepted,1.0,256.0,836,
s664031100,p03805,u876386943,1575782547,C++,C++14 (GCC 5.4.1),cpp,Accepted,1.0,256.0,1062,
s654497117,p03805,u480831358,1575779008,C++,C++14 (GCC 5.4.1),cpp,Accepted,2.0,256.0,1003,
s263058171,p03805,u150603590,1575777514,Python,Python (3.4.3),py,Accepted,30.0,3700.0,542,
s883394122,p03805,u222866518,1575755107,C++,C++14 (GCC 5.4.1),cpp,Accepted,6.0,256.0,777,
s714718394,p03805,u053425953,1575750047,C++,C++14 (GCC 5.4.1),cpp,Accepted,2.0,256.0,989,
s997442597,p03805,u329106998,1575690153,C++,C++14 (GCC 5.4.1),cpp,Accepted,1.0,256.0,803,
s697936338,p03805,u547448704,1575637914,C++,C++14 (GCC 5.4.1),cpp,Accepted,1.0,256.0,1047,
s866233380,p03805,u190406011,1575605154,Python,PyPy3 (2.4.0),py,Accepted,192.0,41324.0,724,
s002761893,p03805,u071282706,1575604672,C++,C++14 (GCC 5.4.1),cpp,Accepted,1.0,256.0,698,
s119182964,p03805,u095021077,1575596227,Python,Python (3.4.3),py,Accepted,39.0,3828.0,674,
s778245804,p03805,u625741705,1575585750,C++,C++14 (GCC 5.4.1),cpp,Accepted,1.0,256.0,655,
s738074577,p03805,u019637926,1575573735,Python,PyPy3 (2.4.0),py,Accepted,378.0,63960.0,590,
s626412769,p03805,u782098901,1575531704,C++,C++14 (GCC 5.4.1),cpp,Accepted,1.0,256.0,670,
s631107646,p03805,u782098901,1575527549,C++,C++14 (GCC 5.4.1),cpp,Accepted,1.0,256.0,652,
s579799558,p03805,u337775536,1575524725,C++,C++14 (GCC 5.4.1),cpp,Accepted,1.0,256.0,3502,
s235025657,p03805,u775900747,1575498428,C++,C++14 (GCC 5.4.1),cpp,Accepted,2.0,256.0,954,
s604355413,p03805,u691896522,1575490575,Python,PyPy3 (2.4.0),py,Accepted,809.0,57944.0,568,
s759832179,p03805,u014967455,1575486143,C++,C++14 (GCC 5.4.1),cpp,Accepted,1.0,256.0,1259,
s753494103,p03805,u407431337,1575484195,C++,C++14 (GCC 5.4.1),cpp,Accepted,2.0,256.0,606,
s428721475,p03805,u724687935,1575460981,Python,Python (3.4.3),py,Accepted,31.0,3064.0,423,
s340702913,p03805,u351265848,1575420681,C++,C++14 (GCC 5.4.1),cpp,Accepted,1.0,256.0,546,
s705607096,p03805,u475843109,1575388140,C++,C++14 (GCC 5.4.1),cpp,Accepted,1.0,256.0,743,
s688315337,p03805,u227188449,1575346470,C++,C++14 (GCC 5.4.1),cpp,Accepted,1.0,256.0,716,
s255748067,p03805,u820225607,1575328388,C++,C++14 (GCC 5.4.1),cpp,Accepted,2.0,256.0,675,
s631635697,p03805,u788137651,1575311793,C++,C++14 (GCC 5.4.1),cpp,Accepted,2.0,256.0,2124,
s504087022,p03805,u172035535,1575283186,Python,Python (3.4.3),py,Accepted,133.0,3572.0,607,
s315635512,p03805,u573272932,1575281551,Python,Python (3.4.3),py,Accepted,29.0,3572.0,427,
s611723972,p03805,u842939260,1575270983,C++,C++14 (GCC 5.4.1),cpp,Accepted,2.0,256.0,691,
s060877587,p03805,u803893892,1575248314,C++,C++14 (GCC 5.4.1),cpp,Accepted,2.0,256.0,2402,
s339974393,p03805,u799691369,1575241348,Python,Python (3.4.3),py,Accepted,34.0,3064.0,536,
s022286177,p03805,u747390421,1575241229,C++,C++14 (GCC 5.4.1),cpp,Accepted,1.0,256.0,445,
s959191322,p03805,u514401521,1575240047,Python,Python (3.4.3),py,Accepted,63.0,3572.0,530,
s229724558,p03805,u412164358,1575237158,C++,C++14 (GCC 5.4.1),cpp,Accepted,2.0,256.0,1584,
s520885951,p03805,u204973596,1575228690,C++,C++14 (GCC 5.4.1),cpp,Accepted,2.0,256.0,1189,
s195585833,p03805,u969116807,1575219083,C++,C++14 (GCC 5.4.1),cpp,Accepted,3.0,256.0,1067,
s404578933,p03805,u952289831,1575218434,C++,C++14 (GCC 5.4.1),cpp,Accepted,2.0,256.0,1312,
s829521288,p03805,u091552241,1575177939,C++,C++14 (GCC 5.4.1),cpp,Accepted,1.0,256.0,1367,
s597502161,p03805,u091552241,1575176654,C++,C++14 (GCC 5.4.1),cpp,Accepted,2.0,256.0,1004,
s705599394,p03805,u122034453,1575173362,C++,C++14 (GCC 5.4.1),cpp,Accepted,1.0,256.0,580,
s326279789,p03805,u600935366,1575172619,Python,Python (3.4.3),py,Accepted,29.0,3064.0,489,
s006900526,p03805,u930841425,1575164478,C++,C++14 (GCC 5.4.1),cpp,Accepted,1.0,256.0,792,
s853621940,p03805,u028572059,1575153585,C++,C++14 (GCC 5.4.1),cpp,Accepted,2.0,256.0,1080,
s077448397,p03805,u280114218,1575145931,C++,C++14 (GCC 5.4.1),cpp,Accepted,1.0,256.0,916,
s227098646,p03805,u633548583,1575145256,Python,Python (3.4.3),py,Accepted,31.0,3064.0,356,
s741518527,p03805,u633548583,1575144918,Python,Python (3.4.3),py,Accepted,32.0,3064.0,416,
s885925433,p03805,u371149954,1575091462,C++,C++14 (GCC 5.4.1),cpp,Accepted,2.0,256.0,978,
s711485459,p03805,u371149954,1575091341,C++,C++14 (GCC 5.4.1),cpp,Accepted,2.0,256.0,754,
s880339479,p03805,u645250356,1575089645,Python,PyPy3 (2.4.0),py,Accepted,277.0,65516.0,860,
s362843339,p03805,u283907492,1575062195,C++,C++14 (GCC 5.4.1),cpp,Accepted,1.0,256.0,758,
s689096618,p03805,u353919145,1575060937,C++,C++14 (GCC 5.4.1),cpp,Accepted,1.0,256.0,1443,
s354318691,p03805,u864667985,1575056861,C++,C++14 (GCC 5.4.1),cpp,Accepted,1.0,256.0,1415,
s377982682,p03805,u139300044,1575054519,C++,C++14 (GCC 5.4.1),cpp,Accepted,2.0,256.0,1184,
s754571765,p03805,u586598623,1575002681,C++,C++14 (GCC 5.4.1),cpp,Accepted,2.0,256.0,558,
s415754971,p03805,u038815010,1575000862,Python,PyPy3 (2.4.0),py,Accepted,213.0,43868.0,345,
s891284577,p03805,u379959788,1574996731,Python,Python (3.4.3),py,Accepted,29.0,3064.0,768,
s301977391,p03805,u846634344,1574977835,Python,Python (3.4.3),py,Accepted,40.0,8052.0,568,
s602166328,p03805,u116002573,1574914612,Python,Python (3.4.3),py,Accepted,32.0,4596.0,568,
s467731182,p03805,u152638361,1574894622,Python,Python (3.4.3),py,Accepted,66.0,3064.0,506,
s603854916,p03805,u747602774,1574842193,Python,Python (3.4.3),py,Accepted,54.0,3064.0,455,
s166851391,p03805,u698902360,1574806304,Python,PyPy3 (2.4.0),py,Accepted,210.0,46704.0,451,
s549169112,p03805,u788717734,1574799738,C++,C++14 (GCC 5.4.1),cpp,Accepted,1.0,256.0,714,
s734309690,p03805,u102960641,1574787717,Python,Python (3.4.3),py,Accepted,25.0,3064.0,380,
s239443337,p03805,u408910484,1574785642,C++,C++14 (Clang 3.8.0),cpp,Accepted,7.0,888.0,4589,
s337861105,p03805,u903396129,1574781455,C++,C++14 (GCC 5.4.1),cpp,Accepted,4.0,256.0,1127,
s107822940,p03805,u665871498,1574754872,C++,C++14 (GCC 5.4.1),cpp,Accepted,11.0,3072.0,836,
s201445519,p03805,u926416331,1574743864,C++,C++14 (GCC 5.4.1),cpp,Accepted,1.0,256.0,798,
s566987510,p03805,u814986259,1574727381,Python,Python (3.4.3),py,Accepted,29.0,3064.0,486,
s340875611,p03805,u611777990,1574722651,C++,C++14 (GCC 5.4.1),cpp,Accepted,9.0,640.0,1364,
s676863984,p03805,u957872856,1574711073,Python,Python (3.4.3),py,Accepted,43.0,3064.0,408,
s578198345,p03805,u937642029,1574700747,Python,PyPy3 (2.4.0),py,Accepted,204.0,41836.0,1242,
s709105368,p03805,u279137361,1574637091,C++,C++14 (GCC 5.4.1),cpp,Accepted,1.0,256.0,940,
s208815389,p03805,u456420540,1574636817,C++,C++14 (GCC 5.4.1),cpp,Accepted,1.0,256.0,917,
s249692478,p03805,u456420540,1574636661,C++,C++14 (GCC 5.4.1),cpp,Accepted,1.0,256.0,946,
s192073192,p03805,u943070796,1574619005,C++,C++14 (Clang 3.8.0),cpp,Accepted,7.0,888.0,3909,
s131635376,p03805,u130143533,1574591971,C++,C++14 (GCC 5.4.1),cpp,Accepted,2.0,256.0,606,
s320075545,p03805,u561083515,1574571374,Python,Python (3.4.3),py,Accepted,28.0,3064.0,769,
s896015748,p03805,u533885955,1574571212,Python,Python (3.4.3),py,Accepted,73.0,8052.0,536,
s857581300,p03805,u723080549,1574566185,C++,C++14 (GCC 5.4.1),cpp,Accepted,1.0,256.0,504,
s280647666,p03805,u176645218,1574554559,Python,Python (3.4.3),py,Accepted,32.0,3316.0,489,
s848683227,p03805,u080318287,1574552489,C++,C++14 (GCC 5.4.1),cpp,Accepted,2.0,256.0,2195,
s216998552,p03805,u257402864,1574551060,C++,C++14 (GCC 5.4.1),cpp,Accepted,1.0,256.0,1058,
s611234794,p03805,u823862638,1574540226,C++,C++14 (GCC 5.4.1),cpp,Accepted,1.0,256.0,2411,
s361819823,p03805,u901582103,1574537905,Python,Python (3.4.3),py,Accepted,33.0,3064.0,376,
s989830638,p03805,u936985471,1574522436,Python,Python (3.4.3),py,Accepted,41.0,3064.0,577,
s480728715,p03805,u771541325,1574497851,C++,C++14 (GCC 5.4.1),cpp,Accepted,18.0,256.0,877,
s954689092,p03805,u322229918,1574470687,Python,Python (3.4.3),py,Accepted,518.0,12428.0,431,
s282352201,p03805,u901582103,1574463253,Python,Python (3.4.3),py,Accepted,31.0,3064.0,318,
s830576937,p03805,u970197315,1574454672,Python,Python (3.4.3),py,Accepted,23.0,3064.0,803,
s503979970,p03805,u492030100,1574441780,C++,C++14 (GCC 5.4.1),cpp,Accepted,4.0,256.0,1328,
s223606056,p03805,u801513186,1574437021,C++,C++14 (GCC 5.4.1),cpp,Accepted,1.0,256.0,1507,
s440751836,p03805,u477343425,1574375579,C++,C++14 (GCC 5.4.1),cpp,Accepted,2.0,256.0,1749,
s535169820,p03805,u477343425,1574373314,C++,C++14 (GCC 5.4.1),cpp,Accepted,2.0,256.0,1656,
s415638204,p03805,u477343425,1574373038,C++,C++14 (GCC 5.4.1),cpp,Accepted,1.0,256.0,1353,
s330561175,p03805,u379951749,1574368117,C++,C++14 (GCC 5.4.1),cpp,Accepted,3.0,640.0,1605,
s491058788,p03805,u174509352,1574321103,C++,C++14 (GCC 5.4.1),cpp,Accepted,3.0,384.0,897,
s211442801,p03805,u883323885,1574316400,C++,C++14 (GCC 5.4.1),cpp,Accepted,2.0,256.0,992,
s674414275,p03805,u901397311,1574312057,C++,C++14 (GCC 5.4.1),cpp,Accepted,2.0,256.0,1086,
s202376589,p03805,u901397311,1574311838,C++,C++14 (GCC 5.4.1),cpp,Accepted,2.0,256.0,1073,
s128131652,p03805,u901397311,1574308460,C++,C++14 (GCC 5.4.1),cpp,Accepted,2.0,256.0,1292,
s588137059,p03805,u343935874,1574303575,C++,C++14 (GCC 5.4.1),cpp,Accepted,4.0,256.0,1100,
s240734707,p03805,u042802884,1574301862,Python,PyPy3 (2.4.0),py,Accepted,180.0,40048.0,471,
s377680375,p03805,u893063840,1574301329,Python,Python (3.4.3),py,Accepted,27.0,3064.0,443,
s973924748,p03805,u884888915,1574220602,C++,C++14 (GCC 5.4.1),cpp,Accepted,8.0,256.0,971,
s782786656,p03805,u875541682,1574215593,C++,C++14 (GCC 5.4.1),cpp,Accepted,1.0,256.0,1530,
s262213871,p03805,u875541682,1574214488,C++,C++14 (GCC 5.4.1),cpp,Accepted,2.0,256.0,1609,
s925168134,p03805,u607930911,1574197102,Python,Python (3.4.3),py,Accepted,30.0,3188.0,523,
s013389022,p03805,u696290869,1574160549,C++,C++14 (Clang 3.8.0),cpp,Accepted,1.0,256.0,898,
s874604017,p03805,u483992368,1574141368,C++,C++14 (GCC 5.4.1),cpp,Accepted,1.0,256.0,787,
s230013201,p03805,u864197622,1574137021,Python,Python (3.4.3),py,Accepted,31.0,3064.0,352,
s131788176,p03805,u521652313,1574132328,C++,C++14 (GCC 5.4.1),cpp,Accepted,1.0,256.0,740,
s772671944,p03805,u781095600,1574131727,C++,C++14 (GCC 5.4.1),cpp,Accepted,1.0,256.0,416,
s340657690,p03805,u493750228,1574120089,C++,C++14 (GCC 5.4.1),cpp,Accepted,1.0,256.0,1536,
s033858397,p03805,u770077083,1574063052,Python,Python (3.4.3),py,Accepted,26.0,3064.0,445,
s617258272,p03805,u156896646,1574052061,Python,Python (3.4.3),py,Accepted,38.0,4468.0,496,
s290826704,p03805,u830054172,1574050480,Python,Python (3.4.3),py,Accepted,28.0,3064.0,421,
s458035743,p03805,u136342563,1574028620,C++,C++14 (GCC 5.4.1),cpp,Accepted,1.0,256.0,653,
s575520623,p03805,u514401521,1574025536,Python,Python (3.4.3),py,Accepted,66.0,8052.0,537,
s218830707,p03805,u974214237,1574022511,C++,C++14 (GCC 5.4.1),cpp,Accepted,2.0,256.0,749,
s437213396,p03805,u047178225,1574004201,Python,Python (3.4.3),py,Accepted,38.0,3064.0,668,
s285805876,p03805,u586336940,1573968546,C++,C++14 (GCC 5.4.1),cpp,Accepted,1.0,256.0,626,
s819084692,p03805,u620480037,1573932665,Python,PyPy3 (2.4.0),py,Accepted,202.0,41584.0,443,
s315295118,p03805,u489108157,1573924567,C++,C++14 (GCC 5.4.1),cpp,Accepted,1.0,256.0,614,
s993557517,p03805,u557494880,1573892176,Python,Python (3.4.3),py,Accepted,34.0,3064.0,431,
s693242094,p03805,u617380180,1573880245,C++,C++14 (GCC 5.4.1),cpp,Accepted,2.0,384.0,1553,
s689364567,p03805,u489108157,1573879579,C++,C++14 (GCC 5.4.1),cpp,Accepted,1.0,256.0,801,
s373241972,p03805,u844646164,1573873590,Python,Python (3.4.3),py,Accepted,26.0,3064.0,444,
s290899533,p03805,u518042385,1573867419,Python,Python (3.4.3),py,Accepted,28.0,3700.0,333,
s621129994,p03805,u300866293,1573855139,C++,C++14 (GCC 5.4.1),cpp,Accepted,1.0,256.0,1478,
s643612738,p03805,u052332717,1573851736,C++,C++14 (GCC 5.4.1),cpp,Accepted,1.0,256.0,2579,
s806775433,p03805,u672220554,1573850265,Python,PyPy3 (2.4.0),py,Accepted,188.0,39792.0,443,
s041521721,p03805,u183896397,1573795968,Python,Python (3.4.3),py,Accepted,50.0,3572.0,603,
s871588252,p03805,u571152872,1573763572,C++,C++14 (GCC 5.4.1),cpp,Accepted,1.0,256.0,875,
s010624100,p03805,u571152872,1573762450,C++,C++14 (GCC 5.4.1),cpp,Accepted,1.0,256.0,719,
s501426267,p03805,u457423258,1573757097,Python,Python (3.4.3),py,Accepted,66.0,8052.0,430,
s204546631,p03805,u652348678,1573705880,Python,Python (3.4.3),py,Accepted,28.0,3064.0,870,
s705748894,p03805,u651317892,1573705511,C++,C++14 (GCC 5.4.1),cpp,Accepted,2.0,256.0,611,
s298509392,p03805,u184929210,1573698987,C++,C++14 (GCC 5.4.1),cpp,Accepted,1.0,256.0,871,
s597773154,p03805,u682395093,1573695742,C++,C++14 (GCC 5.4.1),cpp,Accepted,7.0,256.0,763,
s807237374,p03805,u682395093,1573693790,C++,C++14 (GCC 5.4.1),cpp,Accepted,4.0,256.0,819,
s467266620,p03805,u752767312,1573678720,C++,C++14 (GCC 5.4.1),cpp,Accepted,1.0,256.0,2731,
s268702535,p03805,u143278390,1573632974,Python,Python (3.4.3),py,Accepted,26.0,3064.0,386,
s416258821,p03805,u237620737,1573624237,C++,C++14 (GCC 5.4.1),cpp,Accepted,2.0,256.0,988,
s335848102,p03805,u548834738,1573620274,C++,C++14 (GCC 5.4.1),cpp,Accepted,1.0,256.0,944,
s946345483,p03805,u572472538,1573616514,C++,C++14 (GCC 5.4.1),cpp,Accepted,2.0,256.0,8934,
s235362532,p03805,u697354805,1573613262,C++,C++14 (Clang 3.8.0),cpp,Accepted,1.0,256.0,923,
s131917186,p03805,u641851773,1573613137,Python,Python (3.4.3),py,Accepted,31.0,3064.0,803,
s974008182,p03805,u697354805,1573612740,C++,C++14 (Clang 3.8.0),cpp,Accepted,6.0,888.0,1003,
s164152119,p03805,u819048695,1573612469,Python,Python (3.4.3),py,Accepted,28.0,3064.0,442,
s072100273,p03805,u863370423,1573611255,C++,C++14 (GCC 5.4.1),cpp,Accepted,2.0,256.0,784,
s121393713,p03805,u502772848,1573609126,C++,C++14 (GCC 5.4.1),cpp,Accepted,2.0,256.0,1323,
s768914560,p03805,u716529032,1573604259,Python,Python (3.4.3),py,Accepted,30.0,3064.0,356,
s962009288,p03805,u754022296,1573603944,Python,Python (3.4.3),py,Accepted,23.0,3064.0,356,
s818446241,p03805,u910756197,1573592588,Python,Python (3.4.3),py,Accepted,29.0,3064.0,371,
s859903564,p03805,u910756197,1573592450,Python,Python (3.4.3),py,Accepted,30.0,3064.0,372,
s315872561,p03805,u614063956,1573580923,C++,C++14 (Clang 3.8.0),cpp,Accepted,2.0,256.0,1218,
s435449779,p03805,u347640436,1573546633,Python,Python (3.4.3),py,Accepted,34.0,3064.0,669,
s546424378,p03805,u347640436,1573545247,Python,Python (3.4.3),py,Accepted,33.0,3064.0,524,
s402226912,p03805,u534015096,1573544147,C++,C++14 (GCC 5.4.1),cpp,Accepted,2.0,256.0,1305,
s278298699,p03805,u184929210,1573533031,C++,C++14 (GCC 5.4.1),cpp,Accepted,2.0,256.0,928,
s402735778,p03805,u494070244,1573531808,C++,C++14 (GCC 5.4.1),cpp,Accepted,1.0,256.0,1315,
s225957675,p03805,u045575753,1573530352,C++,C++14 (GCC 5.4.1),cpp,Accepted,1.0,256.0,1045,
s266450956,p03805,u521389909,1573523734,C++,C++14 (GCC 5.4.1),cpp,Accepted,1.0,256.0,785,
s598446563,p03805,u980909653,1573523726,C++,C++14 (GCC 5.4.1),cpp,Accepted,1.0,256.0,632,
s616619022,p03805,u809967037,1573523066,C++,C++14 (GCC 5.4.1),cpp,Accepted,1.0,256.0,2522,
s728231954,p03805,u251934638,1573470898,C++,C++14 (GCC 5.4.1),cpp,Accepted,1.0,256.0,1779,
s928716620,p03805,u971089878,1573450686,C++,C++14 (GCC 5.4.1),cpp,Accepted,2.0,256.0,729,
s034795325,p03805,u410118019,1573448465,Python,Python (3.4.3),py,Accepted,32.0,3064.0,367,
s111294356,p03805,u707975836,1573444463,C++,C++14 (GCC 5.4.1),cpp,Accepted,9.0,256.0,1351,
s284011956,p03805,u690115955,1573440834,C++,C++14 (GCC 5.4.1),cpp,Accepted,1.0,256.0,831,
s501476876,p03805,u638795007,1573439458,Python,Python (3.4.3),py,Accepted,433.0,4212.0,1365,
s991195074,p03805,u504836877,1573429220,Python,Python (3.4.3),py,Accepted,29.0,3064.0,507,
s929812986,p03805,u223904637,1573423520,Python,PyPy3 (2.4.0),py,Accepted,273.0,41708.0,392,
s602693419,p03805,u298768617,1573420448,C++,C++14 (GCC 5.4.1),cpp,Accepted,1.0,256.0,1078,
s779439090,p03805,u482982507,1573384659,C++,C++14 (GCC 5.4.1),cpp,Accepted,2.0,256.0,674,
s483096793,p03805,u482982507,1573384087,C++,C++14 (GCC 5.4.1),cpp,Accepted,7.0,256.0,701,
s465558939,p03805,u482982507,1573381828,C++,C++14 (GCC 5.4.1),cpp,Accepted,1.0,256.0,623,
s601754727,p03805,u979605701,1573313869,C++,C++14 (GCC 5.4.1),cpp,Accepted,79.0,256.0,1311,
s595364314,p03805,u185690073,1573306468,C++,C++14 (GCC 5.4.1),cpp,Accepted,1.0,256.0,703,
s867856747,p03805,u686041468,1573272922,C++,C++14 (GCC 5.4.1),cpp,Accepted,8.0,256.0,2162,
s406191811,p03805,u231541008,1573260205,C++,C++14 (GCC 5.4.1),cpp,Accepted,1.0,256.0,952,
s967955727,p03805,u593938737,1573248700,C++,C++14 (GCC 5.4.1),cpp,Accepted,1.0,256.0,785,
s394285811,p03805,u671257784,1573246996,C++,C++14 (GCC 5.4.1),cpp,Accepted,2.0,384.0,1644,
s684919452,p03805,u646792990,1573194955,C++,C++14 (GCC 5.4.1),cpp,Accepted,2.0,256.0,665,
s500328059,p03805,u682395093,1573173139,C++,C++14 (GCC 5.4.1),cpp,Accepted,1.0,256.0,859,
s516775737,p03805,u802234509,1573163298,Python,PyPy3 (2.4.0),py,Accepted,251.0,47832.0,497,
s753302856,p03805,u802234509,1573161744,Python,Python (3.4.3),py,Accepted,36.0,3444.0,473,
s335979129,p03805,u340293807,1573152781,C++,C++14 (GCC 5.4.1),cpp,Accepted,2.0,256.0,1960,
s585830703,p03805,u343454379,1573075977,Python,Python (3.4.3),py,Accepted,28.0,3064.0,341,
s518137253,p03805,u434282696,1573073708,C++,C++14 (GCC 5.4.1),cpp,Accepted,2.0,256.0,606,
s558906254,p03805,u722553038,1573051294,C++,C++14 (GCC 5.4.1),cpp,Accepted,1.0,256.0,465,
s579577122,p03805,u415154163,1573050406,Python,Python (3.4.3),py,Accepted,433.0,4212.0,837,
s691608098,p03805,u810388173,1573022362,C++,C++14 (GCC 5.4.1),cpp,Accepted,2.0,256.0,624,
s187864049,p03805,u803617136,1573017419,Python,Python (3.4.3),py,Accepted,28.0,3064.0,552,
s584683278,p03805,u285358283,1573013478,C++,C++14 (GCC 5.4.1),cpp,Accepted,3.0,256.0,660,
s688856141,p03805,u545154994,1573012258,Python,Python (3.4.3),py,Accepted,1122.0,3444.0,761,
s452671376,p03805,u415325136,1572987840,C++,C++14 (GCC 5.4.1),cpp,Accepted,2.0,256.0,1099,
s037537788,p03805,u155416173,1572984764,C++,C++14 (GCC 5.4.1),cpp,Accepted,2.0,256.0,1618,
s821734039,p03805,u697658632,1572978300,C++,C++14 (GCC 5.4.1),cpp,Accepted,1.0,256.0,638,
s205951903,p03805,u271934630,1572922970,Python,Python (3.4.3),py,Accepted,27.0,3064.0,654,
s844621155,p03805,u118797367,1572889074,C++,C++14 (GCC 5.4.1),cpp,Accepted,1.0,256.0,627,
s420880421,p03805,u814715203,1572881852,C++,C++14 (GCC 5.4.1),cpp,Accepted,3.0,2944.0,764,
s133827336,p03805,u712993629,1572835309,C++,C++14 (GCC 5.4.1),cpp,Accepted,1.0,256.0,2097,
s134028919,p03805,u392029857,1572835114,Python,Python (3.4.3),py,Accepted,37.0,3064.0,861,
s801490692,p03805,u664394831,1572820075,C++,C++14 (GCC 5.4.1),cpp,Accepted,1.0,256.0,2021,
s128117176,p03805,u551689957,1572819304,C++,C++14 (GCC 5.4.1),cpp,Accepted,3.0,256.0,767,
s492333556,p03805,u607229598,1572816313,C++,C++14 (GCC 5.4.1),cpp,Accepted,2.0,256.0,1534,
s830574840,p03805,u647999897,1572816184,Python,Python (3.4.3),py,Accepted,146.0,3444.0,694,
s176126100,p03805,u238197271,1572809884,C++,C++14 (GCC 5.4.1),cpp,Accepted,2.0,256.0,1135,
s152547087,p03805,u686962993,1572788412,C++,C++14 (GCC 5.4.1),cpp,Accepted,2.0,256.0,1615,
s356926490,p03805,u853185302,1572757328,Python,Python (3.4.3),py,Accepted,31.0,3064.0,485,
s210263019,p03805,u816631826,1572756722,C++,C++14 (GCC 5.4.1),cpp,Accepted,4.0,8960.0,1098,
s105195549,p03805,u237620737,1572748531,C++,C++14 (GCC 5.4.1),cpp,Accepted,2.0,256.0,894,
s989444232,p03805,u237620737,1572747940,C++,C++14 (GCC 5.4.1),cpp,Accepted,2.0,256.0,901,
s179569131,p03805,u392029857,1572747120,Python,Python (3.4.3),py,Accepted,1049.0,195692.0,759,
s911068854,p03805,u550014122,1572726014,C++,C++14 (GCC 5.4.1),cpp,Accepted,2.0,256.0,902,
s720107743,p03805,u332153950,1572712004,C++,C++14 (GCC 5.4.1),cpp,Accepted,1.0,256.0,743,
s735501777,p03805,u806657856,1572701773,C++,C++14 (GCC 5.4.1),cpp,Accepted,1.0,256.0,891,
s510356388,p03805,u749420124,1572594070,C++,C++14 (GCC 5.4.1),cpp,Accepted,1.0,256.0,1246,
s556454272,p03805,u042802884,1572580460,Python,PyPy3 (2.4.0),py,Accepted,429.0,43868.0,693,
s128922521,p03805,u415916075,1572567773,C++,C++14 (GCC 5.4.1),cpp,Accepted,2.0,256.0,1167,
s670932384,p03805,u230147738,1572567694,C++,C++14 (GCC 5.4.1),cpp,Accepted,5.0,12160.0,2628,
s260201649,p03805,u693953100,1572546783,C++,C++14 (GCC 5.4.1),cpp,Accepted,2.0,256.0,895,
s486620652,p03805,u030749892,1572487881,Python,Python (3.4.3),py,Accepted,31.0,3064.0,518,
s932327603,p03805,u489108157,1572486824,Python,Python (3.4.3),py,Accepted,30.0,3572.0,512,
s382376147,p03805,u545305086,1572449426,C++,C++14 (GCC 5.4.1),cpp,Accepted,1.0,256.0,1190,
s540869207,p03805,u919025034,1572436106,Python,Python (3.4.3),py,Accepted,37.0,3064.0,597,
s234472580,p03805,u237492812,1572400244,C++,C++14 (GCC 5.4.1),cpp,Accepted,11.0,256.0,2862,
s053894323,p03805,u237620737,1572333125,C++,C++14 (GCC 5.4.1),cpp,Accepted,1.0,256.0,708,
s252669975,p03805,u237620737,1572331751,C++,C++14 (GCC 5.4.1),cpp,Accepted,1.0,256.0,872,
s999899306,p03805,u438265890,1572312705,C++,C++14 (GCC 5.4.1),cpp,Accepted,1.0,256.0,698,
s333772942,p03805,u438265890,1572311995,C++,C++14 (GCC 5.4.1),cpp,Accepted,1.0,256.0,855,
s635894416,p03805,u366959492,1572306328,Python,PyPy3 (2.4.0),py,Accepted,193.0,41436.0,370,
s578972526,p03805,u526476325,1572280314,C++,C++14 (GCC 5.4.1),cpp,Accepted,11.0,256.0,1019,
s743535572,p03805,u625729943,1572223420,Python,Python (3.4.3),py,Accepted,24.0,3064.0,523,
s005185818,p03805,u796942881,1572220323,Python,Python (3.4.3),py,Accepted,19.0,3064.0,733,
s856836472,p03805,u923105140,1572207599,C++,C++14 (GCC 5.4.1),cpp,Accepted,1.0,256.0,967,
s900163306,p03805,u828388155,1572206643,C++,C++14 (GCC 5.4.1),cpp,Accepted,2.0,256.0,1004,
s796526101,p03805,u828388155,1572206466,C++,C++14 (GCC 5.4.1),cpp,Accepted,2.0,256.0,968,
s022670387,p03805,u796942881,1572199569,Python,Python (3.4.3),py,Accepted,30.0,3064.0,650,
s068261289,p03805,u796942881,1572196405,Python,Python (3.4.3),py,Accepted,25.0,3064.0,678,
s122667675,p03805,u796942881,1572196180,Python,Python (3.4.3),py,Accepted,25.0,3064.0,706,
s428985980,p03805,u518883877,1572186362,C++,C++14 (GCC 5.4.1),cpp,Accepted,37.0,256.0,5312,
s934753928,p03805,u073852194,1572147902,Python,Python (3.4.3),py,Accepted,28.0,3064.0,368,
s015878994,p03805,u168333670,1572140746,Python,Python (3.4.3),py,Accepted,31.0,3064.0,880,
s987188688,p03805,u987267288,1572128495,C++,C++14 (GCC 5.4.1),cpp,Accepted,1.0,256.0,5715,
s095682033,p03805,u136090046,1572124125,C++,C++14 (GCC 5.4.1),cpp,Accepted,5.0,256.0,1401,
s036081962,p03805,u644907318,1572111613,Python,PyPy3 (2.4.0),py,Accepted,260.0,45548.0,950,
s082517900,p03805,u834415466,1572109784,C++,C++14 (GCC 5.4.1),cpp,Accepted,1.0,256.0,1173,
s066085720,p03805,u330661451,1572075621,C++,C++14 (GCC 5.4.1),cpp,Accepted,1.0,256.0,1073,
s202885136,p03805,u618604643,1571981818,C++,C++14 (GCC 5.4.1),cpp,Accepted,1.0,256.0,1277,
s844611559,p03805,u816645498,1571863122,C++,C++14 (GCC 5.4.1),cpp,Accepted,3.0,384.0,764,
s794452321,p03805,u660341491,1571856557,C++,C++14 (GCC 5.4.1),cpp,Accepted,2.0,256.0,638,
s223742954,p03805,u660341491,1571854227,C++,C++14 (GCC 5.4.1),cpp,Accepted,2.0,256.0,858,
s499473869,p03805,u999893056,1571835053,Python,Python (3.4.3),py,Accepted,61.0,3316.0,339,
s507887697,p03805,u247407965,1571811391,C++,C++14 (GCC 5.4.1),cpp,Accepted,3.0,256.0,876,
s006756048,p03805,u131625544,1571802126,Python,Python (3.4.3),py,Accepted,35.0,6124.0,861,
s316367962,p03805,u361841553,1571750191,Python,PyPy3 (2.4.0),py,Accepted,204.0,42972.0,947,
s545350027,p03805,u809457879,1571746026,Python,Python (3.4.3),py,Accepted,60.0,3064.0,406,
s357284103,p03805,u879581330,1571723453,C++,C++14 (GCC 5.4.1),cpp,Accepted,2.0,256.0,658,
s429001444,p03805,u020390084,1571723159,Python,Python (3.4.3),py,Accepted,24.0,3064.0,1061,
s290968028,p03805,u354567428,1571697977,C++,C++14 (GCC 5.4.1),cpp,Accepted,1.0,256.0,1084,
s579202493,p03805,u101851939,1571686358,Python,Python (3.4.3),py,Accepted,29.0,3188.0,679,
s387192332,p03805,u693569496,1571681985,C++,C++14 (GCC 5.4.1),cpp,Accepted,4.0,256.0,1027,
s408190747,p03805,u693569496,1571681859,C++,C++14 (GCC 5.4.1),cpp,Accepted,4.0,256.0,997,
s230208605,p03805,u394853232,1571638989,C++,C++14 (Clang 3.8.0),cpp,Accepted,1.0,256.0,942,
s527365730,p03805,u863841238,1571623256,C++,C++14 (GCC 5.4.1),cpp,Accepted,2.0,256.0,888,
s863012053,p03805,u863841238,1571616019,C++,C++14 (GCC 5.4.1),cpp,Accepted,2.0,256.0,888,
s327535383,p03805,u753803401,1571613066,Python,PyPy3 (2.4.0),py,Accepted,392.0,75860.0,886,
s789555138,p03805,u354567428,1571594402,C++,C++14 (GCC 5.4.1),cpp,Accepted,1.0,256.0,1053,
s169924812,p03805,u216849520,1571585699,C++,C++14 (GCC 5.4.1),cpp,Accepted,2.0,256.0,607,
s492807279,p03805,u809967037,1571529801,C++,C++14 (GCC 5.4.1),cpp,Accepted,1.0,256.0,2308,
s980824398,p03805,u354567428,1571528864,C++,C++14 (GCC 5.4.1),cpp,Accepted,1.0,256.0,988,
s858268422,p03805,u354567428,1571528490,C++,C++14 (GCC 5.4.1),cpp,Accepted,1.0,256.0,973,
s922500094,p03805,u335590796,1571525546,C++,C++14 (GCC 5.4.1),cpp,Accepted,1.0,256.0,810,
s201957705,p03805,u593590006,1571518670,Python,PyPy3 (2.4.0),py,Accepted,276.0,48220.0,1795,
s380540419,p03805,u798339690,1571437942,C++,C++14 (GCC 5.4.1),cpp,Accepted,2.0,256.0,2115,
s416810036,p03805,u893063840,1571432559,Python,Python (3.4.3),py,Accepted,31.0,3064.0,796,
s254167111,p03805,u893063840,1571432309,Python,Python (3.4.3),py,Accepted,31.0,3064.0,785,
s772343045,p03805,u893063840,1571431169,Python,Python (3.4.3),py,Accepted,139.0,3444.0,661,
s455858537,p03805,u094191970,1571377981,Python,Python (3.4.3),py,Accepted,32.0,3064.0,469,
s326574475,p03805,u884657429,1571369999,Python,Python (3.4.3),py,Accepted,29.0,3064.0,689,
s895275841,p03805,u732817215,1571369049,C++,C++14 (GCC 5.4.1),cpp,Accepted,1.0,256.0,1147,
s757316474,p03805,u509368316,1571365653,Python,Python (3.4.3),py,Accepted,29.0,3064.0,346,
s670296370,p03805,u330661451,1571347749,C++,C++14 (GCC 5.4.1),cpp,Accepted,2.0,256.0,1086,
s593622402,p03805,u330661451,1571347592,C++,C++14 (GCC 5.4.1),cpp,Accepted,2.0,256.0,1160,
s029242994,p03805,u917048429,1571334703,C++,C++14 (Clang 3.8.0),cpp,Accepted,1.0,256.0,1618,
s955112813,p03805,u370331385,1571331485,Python,Python (3.4.3),py,Accepted,35.0,3700.0,508,
s403756875,p03805,u242679311,1571295799,C++,C++14 (GCC 5.4.1),cpp,Accepted,2.0,256.0,1006,
s564617311,p03805,u657208344,1571279294,C++,C++14 (GCC 5.4.1),cpp,Accepted,2.0,256.0,923,
s236189737,p03805,u530329977,1571275165,C++,C++14 (GCC 5.4.1),cpp,Accepted,2.0,256.0,700,
s692911692,p03805,u927534107,1571261569,Python,Python (3.4.3),py,Accepted,62.0,3572.0,325,
s133931851,p03805,u759177660,1571260594,C++,C++14 (GCC 5.4.1),cpp,Accepted,2.0,256.0,898,
s823471766,p03805,u152023839,1571242464,C++,C++14 (GCC 5.4.1),cpp,Accepted,6.0,256.0,624,
s079649576,p03805,u393167737,1571234295,Python,Python (3.4.3),py,Accepted,89.0,5716.0,670,
s872210348,p03805,u141642872,1571204736,C++,C++14 (GCC 5.4.1),cpp,Accepted,1.0,256.0,3154,
s887459415,p03805,u539011156,1571193770,C++,C++14 (GCC 5.4.1),cpp,Accepted,1.0,256.0,1051,
s890207283,p03805,u241367243,1571191367,C++,C++14 (GCC 5.4.1),cpp,Accepted,1.0,256.0,1578,
s619065335,p03805,u340010271,1571187727,C++,C++14 (GCC 5.4.1),cpp,Accepted,1.0,256.0,941,
s970906771,p03805,u022154897,1571180299,Python,PyPy3 (2.4.0),py,Accepted,188.0,40048.0,609,
s397616791,p03805,u415325136,1571166845,C++,C++14 (GCC 5.4.1),cpp,Accepted,1.0,256.0,832,
s371371535,p03805,u845620905,1571154105,C++,C++14 (GCC 5.4.1),cpp,Accepted,1.0,256.0,1108,
s196501723,p03805,u067237725,1571118177,C++,C++14 (GCC 5.4.1),cpp,Accepted,2.0,256.0,774,
s342006214,p03805,u512007680,1571098238,Python,Python (3.4.3),py,Accepted,39.0,8052.0,499,
s208803488,p03805,u412164358,1571090957,C++,C++14 (GCC 5.4.1),cpp,Accepted,3.0,256.0,1741,
s889618203,p03805,u708255304,1571086657,Python,Python (3.4.3),py,Accepted,25.0,3064.0,706,
s823765984,p03805,u708255304,1571081634,Python,Python (3.4.3),py,Accepted,26.0,3064.0,496,
s382901990,p03805,u296150111,1571080175,Python,Python (3.4.3),py,Accepted,63.0,8052.0,433,
s603269703,p03805,u708255304,1571080025,Python,Python (3.4.3),py,Accepted,25.0,3064.0,477,
s732544941,p03805,u225581241,1571075185,C++,C++14 (GCC 5.4.1),cpp,Accepted,2.0,256.0,1330,
s046083575,p03805,u526459074,1571064521,Python,Python (3.4.3),py,Accepted,22.0,3064.0,397,
s464812731,p03805,u641145334,1571050931,C++,C++14 (GCC 5.4.1),cpp,Accepted,1.0,256.0,5255,
s412834211,p03805,u629133942,1571043165,C++,C++14 (GCC 5.4.1),cpp,Accepted,2.0,256.0,860,
s905156026,p03805,u263654061,1571023559,C++,C++14 (GCC 5.4.1),cpp,Accepted,1.0,256.0,726,
s593477654,p03805,u296518383,1571021261,Python,Python (3.4.3),py,Accepted,33.0,3188.0,443,
s620848605,p03805,u770009793,1570999550,C++,C++14 (GCC 5.4.1),cpp,Accepted,1.0,256.0,833,
s477628376,p03805,u312025627,1570999467,Python,PyPy3 (2.4.0),py,Accepted,191.0,40924.0,613,
s825750465,p03805,u917972976,1570999049,C++,C++14 (GCC 5.4.1),cpp,Accepted,6.0,256.0,5773,
s503434791,p03805,u917972976,1570998684,C++,C++14 (GCC 5.4.1),cpp,Accepted,6.0,256.0,5746,
s916430036,p03805,u917972976,1570998633,C++,C++14 (Clang 3.8.0),cpp,Accepted,6.0,256.0,6038,
s231220460,p03805,u904804404,1570931735,Python,PyPy3 (2.4.0),py,Accepted,185.0,39664.0,574,
s076927518,p03805,u887207211,1570919341,Python,Python (3.4.3),py,Accepted,24.0,3064.0,624,
s803683537,p03805,u123648284,1570915198,Python,Python (3.4.3),py,Accepted,25.0,3064.0,418,
s230122386,p03805,u026537738,1570902316,C++,C++14 (GCC 5.4.1),cpp,Accepted,1.0,256.0,1028,
s479820189,p03805,u233393801,1570890783,C++,C++14 (GCC 5.4.1),cpp,Accepted,1.0,256.0,949,
s238156689,p03805,u432688695,1570889534,C++,C++14 (GCC 5.4.1),cpp,Accepted,2.0,256.0,3419,
s023298700,p03805,u477694598,1570831309,C++,C++14 (GCC 5.4.1),cpp,Accepted,2.0,256.0,728,
s094121508,p03805,u461573913,1570830079,C++,C++14 (GCC 5.4.1),cpp,Accepted,1.0,256.0,730,
s000867881,p03805,u030848580,1570824665,C++,C++14 (GCC 5.4.1),cpp,Accepted,5.0,640.0,1545,
s847967728,p03805,u945181840,1570769759,Python,Python (3.4.3),py,Accepted,25.0,3064.0,491,
s691362523,p03805,u762540523,1570764752,Python,Python (3.4.3),py,Accepted,30.0,3064.0,378,
s446033310,p03805,u048791623,1570756281,C++,C++14 (GCC 5.4.1),cpp,Accepted,7.0,256.0,1287,
s999955130,p03805,u048791623,1570755369,C++,C++14 (GCC 5.4.1),cpp,Accepted,7.0,256.0,1328,
s777209256,p03805,u192903163,1570751240,C++,C++14 (GCC 5.4.1),cpp,Accepted,9.0,2432.0,1051,
s554854950,p03805,u835534008,1570718982,C++,C++14 (GCC 5.4.1),cpp,Accepted,3.0,256.0,924,
s560571633,p03805,u058252012,1570696827,C++,C++14 (GCC 5.4.1),cpp,Accepted,2.0,256.0,665,
s616390270,p03805,u190406011,1570678217,C++,C++14 (GCC 5.4.1),cpp,Accepted,3.0,256.0,836,
s492609049,p03805,u898967808,1570674345,Python,Python (3.4.3),py,Accepted,31.0,3064.0,491,
s545541546,p03805,u533749093,1570595677,C++,C++14 (GCC 5.4.1),cpp,Accepted,2.0,256.0,881,
s258415995,p03805,u044964932,1570580389,Python,Python (3.4.3),py,Accepted,28.0,3064.0,630,
s187433131,p03805,u472216275,1570489635,Python,PyPy3 (2.4.0),py,Accepted,192.0,40816.0,538,
s102974158,p03805,u089376182,1570463096,Python,Python (3.4.3),py,Accepted,56.0,3572.0,418,
s530624421,p03805,u861345985,1570428608,C++,C++14 (GCC 5.4.1),cpp,Accepted,1.0,256.0,1122,
s295425225,p03805,u123896133,1570419289,C++,C++14 (GCC 5.4.1),cpp,Accepted,2.0,256.0,863,
s602941461,p03805,u137747137,1570417196,C++,C++14 (GCC 5.4.1),cpp,Accepted,2.0,256.0,899,
s748291184,p03805,u326152409,1570407531,C++,C++14 (GCC 5.4.1),cpp,Accepted,3.0,256.0,807,
s513901346,p03805,u581187895,1570386165,Python,Python (3.4.3),py,Accepted,29.0,3064.0,473,
s436418466,p03805,u371942102,1570353662,Python,Python (3.4.3),py,Accepted,31.0,4076.0,837,
s159365532,p03805,u371942102,1570351994,Python,Python (3.4.3),py,Accepted,32.0,4084.0,906,
s647767634,p03805,u026620445,1570348287,C++,C++14 (GCC 5.4.1),cpp,Accepted,1.0,256.0,1801,
s455439745,p03805,u639426108,1570335881,C++,C++14 (GCC 5.4.1),cpp,Accepted,12.0,256.0,1497,
s079695308,p03805,u676654593,1570335874,C++,C++14 (GCC 5.4.1),cpp,Accepted,6.0,256.0,950,
s020619371,p03805,u199673618,1570329918,C++,C++14 (GCC 5.4.1),cpp,Accepted,1.0,256.0,637,
s678132792,p03805,u924374652,1570328758,Python,Python (3.4.3),py,Accepted,25.0,3064.0,556,
s162768194,p03805,u025592199,1570316237,C++,C++14 (GCC 5.4.1),cpp,Accepted,1.0,256.0,648,
s983807572,p03805,u752074356,1570315858,C++,C++14 (GCC 5.4.1),cpp,Accepted,1.0,256.0,616,
s311605939,p03805,u642120132,1570295508,C++,C++14 (GCC 5.4.1),cpp,Accepted,1.0,256.0,670,
s729943957,p03805,u813371068,1570291798,Python,Python (3.4.3),py,Accepted,44.0,3064.0,271,
s508625579,p03805,u224050758,1570288155,Python,Python (3.4.3),py,Accepted,48.0,4204.0,620,
s965903109,p03805,u033620890,1570285453,C++,C++14 (GCC 5.4.1),cpp,Accepted,1.0,256.0,973,
s520598082,p03805,u886747123,1570258864,Python,Python (3.4.3),py,Accepted,41.0,3828.0,847,
s747247046,p03805,u931819817,1570255150,C++,C++14 (GCC 5.4.1),cpp,Accepted,1.0,256.0,647,
s745453554,p03805,u316322317,1570250503,C++,C++14 (GCC 5.4.1),cpp,Accepted,1.0,256.0,617,
s607885953,p03805,u403301154,1570229244,C++,C++14 (GCC 5.4.1),cpp,Accepted,1.0,256.0,1197,
s406460481,p03805,u873059840,1570223126,Python,Python (3.4.3),py,Accepted,29.0,3064.0,609,
s592153297,p03805,u091743953,1570210947,C++,C++14 (GCC 5.4.1),cpp,Accepted,2.0,384.0,565,
s601803914,p03805,u600402037,1570208578,Python,Python (3.4.3),py,Accepted,42.0,3064.0,380,
s793111972,p03805,u714724786,1570206339,C++,C++14 (GCC 5.4.1),cpp,Accepted,4.0,640.0,1328,
s891513969,p03805,u887675488,1570188048,C++,C++14 (GCC 5.4.1),cpp,Accepted,17.0,256.0,1865,
s188259009,p03805,u543152022,1570156516,Python,Python (3.4.3),py,Accepted,35.0,3064.0,709,
s757882847,p03805,u543152022,1570152805,Python,Python (3.4.3),py,Accepted,29.0,3064.0,481,
s838742029,p03805,u473635856,1570143938,C++,C++14 (GCC 5.4.1),cpp,Accepted,1.0,256.0,2820,
s485846398,p03805,u668191971,1570141519,C++,C++14 (GCC 5.4.1),cpp,Accepted,1.0,256.0,905,
s555231770,p03805,u530335051,1570127901,Python,Python (3.4.3),py,Accepted,57.0,3064.0,532,
s523342789,p03805,u903311413,1570125468,C++,C++14 (GCC 5.4.1),cpp,Accepted,2.0,256.0,2613,
s358484752,p03805,u841131859,1570046421,C++,C++14 (GCC 5.4.1),cpp,Accepted,1.0,256.0,839,
s169865621,p03805,u939267988,1570044232,C++,C++14 (GCC 5.4.1),cpp,Accepted,3.0,2560.0,1290,
s128008816,p03805,u365512540,1569993104,C++,C++14 (GCC 5.4.1),cpp,Accepted,1.0,256.0,2151,
s685470172,p03805,u223646582,1569988452,Python,Python (3.4.3),py,Accepted,23.0,3064.0,376,
s948682883,p03805,u922487073,1569986586,Python,Python (3.4.3),py,Accepted,86.0,3064.0,578,
s721220820,p03805,u072526305,1569982260,C++,C++14 (GCC 5.4.1),cpp,Accepted,2.0,256.0,2335,
s283477048,p03805,u910756197,1569967991,Python,Python (3.4.3),py,Accepted,29.0,3064.0,371,
s864480923,p03805,u031986221,1569906457,C++,C++14 (GCC 5.4.1),cpp,Accepted,2.0,256.0,703,
s866569039,p03805,u166378830,1569884730,C++,C++14 (GCC 5.4.1),cpp,Accepted,1.0,256.0,530,
s844475874,p03805,u580093517,1569872088,Python,Python (3.4.3),py,Accepted,42.0,3060.0,267,
s089431645,p03805,u718774863,1569866831,C++,C++14 (GCC 5.4.1),cpp,Accepted,1.0,256.0,1479,
s136658004,p03805,u828388155,1569866204,C++,C++14 (GCC 5.4.1),cpp,Accepted,2.0,256.0,1069,
s431295839,p03805,u322568242,1569852562,C++,C++14 (GCC 5.4.1),cpp,Accepted,1.0,256.0,495,
s340353104,p03805,u215268883,1569820946,C++,C++14 (GCC 5.4.1),cpp,Accepted,3.0,256.0,826,
s364015337,p03805,u182321487,1569812017,C++,C++14 (GCC 5.4.1),cpp,Accepted,1.0,256.0,2701,
s334817297,p03805,u637220270,1569796636,C++,C++14 (GCC 5.4.1),cpp,Accepted,1.0,256.0,681,
s695465690,p03805,u598229387,1569791966,Python,Python (3.4.3),py,Accepted,32.0,3064.0,392,
s402028987,p03805,u033627628,1569787608,C++,C++14 (GCC 5.4.1),cpp,Accepted,2.0,256.0,883,
s998645627,p03805,u648212584,1569704672,Python,Python (3.4.3),py,Accepted,24.0,3064.0,617,
s363079366,p03805,u694951525,1569701667,C++,C++14 (GCC 5.4.1),cpp,Accepted,2.0,256.0,881,
s346324904,p03805,u893478938,1569682967,Python,PyPy3 (2.4.0),py,Accepted,202.0,42460.0,602,
s101759750,p03805,u455757400,1569665591,C++,C++14 (Clang 3.8.0),cpp,Accepted,2.0,256.0,790,
s753773954,p03805,u275934251,1569647150,C++,C++14 (GCC 5.4.1),cpp,Accepted,2.0,384.0,1863,
s543082139,p03805,u322162884,1569642465,C++,C++14 (GCC 5.4.1),cpp,Accepted,1.0,256.0,674,
s070622366,p03805,u655777757,1569642193,C++,C++14 (GCC 5.4.1),cpp,Accepted,2.0,256.0,1535,
s478126360,p03805,u988076584,1569615414,C++,C++14 (GCC 5.4.1),cpp,Accepted,2.0,256.0,933,
s450625635,p03805,u621582427,1569612499,C++,C++14 (GCC 5.4.1),cpp,Accepted,1.0,256.0,577,
s354652658,p03805,u994988729,1569606862,Python,Python (3.4.3),py,Accepted,30.0,3064.0,458,
s565329762,p03805,u008229752,1569594619,C++,C++14 (GCC 5.4.1),cpp,Accepted,1.0,256.0,1426,
s486312006,p03805,u679366464,1569553495,C++,C++14 (GCC 5.4.1),cpp,Accepted,2.0,256.0,843,
s955792603,p03805,u679366464,1569552667,C++,C++14 (GCC 5.4.1),cpp,Accepted,2.0,256.0,854,
s857290467,p03805,u679366464,1569552627,C++,C++14 (GCC 5.4.1),cpp,Accepted,2.0,256.0,869,
s307232532,p03805,u270812683,1569542909,C++,C++14 (GCC 5.4.1),cpp,Accepted,1.0,256.0,679,
s399532004,p03805,u708170535,1569532549,C++,C++14 (GCC 5.4.1),cpp,Accepted,2.0,256.0,520,
s419329325,p03805,u446795710,1569514295,C++,C++14 (GCC 5.4.1),cpp,Accepted,2.0,256.0,1003,
s576695712,p03805,u903384309,1569511882,C++,C++14 (GCC 5.4.1),cpp,Accepted,1.0,256.0,1174,
s896124973,p03805,u903384309,1569511123,C++,C++14 (GCC 5.4.1),cpp,Accepted,3.0,512.0,1307,
s346864656,p03805,u970197315,1569465954,Python,Python (3.4.3),py,Accepted,24.0,3064.0,513,
s960204486,p03805,u780962115,1569464276,Python,Python (3.4.3),py,Accepted,61.0,3064.0,536,
s725401707,p03805,u088895504,1569462928,C++,C++14 (GCC 5.4.1),cpp,Accepted,1.0,256.0,557,
s312443110,p03805,u623819879,1569457191,Python,PyPy3 (2.4.0),py,Accepted,199.0,40688.0,1262,
s227803743,p03805,u868089307,1569456992,C++,C++14 (GCC 5.4.1),cpp,Accepted,2.0,256.0,1079,
s015938134,p03805,u760767494,1569453893,Python,Python (3.4.3),py,Accepted,596.0,12480.0,556,
s826192898,p03805,u277556971,1569434955,C++,C++14 (GCC 5.4.1),cpp,Accepted,2.0,256.0,1313,
s007279405,p03805,u828388155,1569434067,C++,C++14 (GCC 5.4.1),cpp,Accepted,1.0,256.0,1978,
s663757442,p03805,u828388155,1569433557,C++,C++14 (GCC 5.4.1),cpp,Accepted,1.0,256.0,1790,
s656409151,p03805,u077898957,1569429603,Python,Python (3.4.3),py,Accepted,44.0,3064.0,275,
s849537844,p03805,u551351897,1569386519,C++,C++14 (GCC 5.4.1),cpp,Accepted,2.0,256.0,1307,
s103075286,p03805,u144432905,1569385336,C++,C++14 (GCC 5.4.1),cpp,Accepted,1.0,256.0,1827,
s265608771,p03805,u551351897,1569385283,C++,C++14 (GCC 5.4.1),cpp,Accepted,1.0,256.0,1719,
s231026229,p03805,u869919400,1569382540,Python,PyPy3 (2.4.0),py,Accepted,183.0,39152.0,379,
s495950474,p03805,u526894223,1569374879,C++,C++14 (GCC 5.4.1),cpp,Accepted,1.0,256.0,788,
s395492714,p03805,u158778550,1569370673,Python,PyPy3 (2.4.0),py,Accepted,185.0,39920.0,465,
s146347374,p03805,u698176039,1569365262,Python,Python (3.4.3),py,Accepted,30.0,3064.0,564,
s939095404,p03805,u300352570,1569364827,C++,C++14 (GCC 5.4.1),cpp,Accepted,1.0,256.0,520,
s131940851,p03805,u577747009,1569349108,C++,C++14 (GCC 5.4.1),cpp,Accepted,2.0,256.0,1010,
s826649922,p03805,u026537738,1569346981,C++,C++14 (GCC 5.4.1),cpp,Accepted,1.0,256.0,1761,
s327875502,p03805,u103611264,1569345494,C++,C++14 (GCC 5.4.1),cpp,Accepted,3.0,256.0,833,
s636105900,p03805,u101513772,1569342146,C++,C++14 (GCC 5.4.1),cpp,Accepted,1.0,256.0,1631,
s628116158,p03805,u598229387,1569342010,Python,Python (3.4.3),py,Accepted,33.0,3064.0,378,
s616623334,p03805,u101513772,1569341896,C++,C++14 (GCC 5.4.1),cpp,Accepted,1.0,256.0,1829,
s144252267,p03805,u101513772,1569311369,C++,C++14 (GCC 5.4.1),cpp,Accepted,2.0,256.0,2112,
s106575765,p03805,u970348538,1569292407,Python,Python (3.4.3),py,Accepted,26.0,3064.0,439,
s203151854,p03805,u615258936,1569287842,C++,C++14 (GCC 5.4.1),cpp,Accepted,1.0,256.0,704,
s232662042,p03805,u615258936,1569285384,C++,C++14 (GCC 5.4.1),cpp,Accepted,2.0,256.0,925,
s080878850,p03805,u725661271,1569278252,C++,C++14 (GCC 5.4.1),cpp,Accepted,2.0,256.0,854,
s292083657,p03805,u009348313,1569275678,Python,PyPy3 (2.4.0),py,Accepted,188.0,41564.0,409,
s598496357,p03805,u485731913,1569273652,C++,C++14 (GCC 5.4.1),cpp,Accepted,1.0,256.0,1444,
s458974887,p03805,u644568158,1569259773,C++,C++14 (GCC 5.4.1),cpp,Accepted,3.0,384.0,1513,
s941727193,p03805,u076917070,1569251190,Python,Python (3.4.3),py,Accepted,38.0,3064.0,703,
s868158848,p03805,u891635666,1569243905,Python,Python (3.4.3),py,Accepted,42.0,3064.0,511,
s383055553,p03805,u621582427,1569198926,C++,C++14 (GCC 5.4.1),cpp,Accepted,1.0,256.0,591,
s527299958,p03805,u826263061,1569192697,Python,Python (3.4.3),py,Accepted,25.0,3064.0,448,
s970891629,p03805,u809967037,1569188576,C++,C++14 (GCC 5.4.1),cpp,Accepted,1.0,256.0,2528,
s588834429,p03805,u278356323,1569185079,Python,Python (3.4.3),py,Accepted,25.0,3064.0,542,
s016534794,p03805,u649915042,1569113201,C++,C++14 (GCC 5.4.1),cpp,Accepted,8.0,764.0,2002,
s686134898,p03805,u892251744,1569111209,Python,PyPy3 (2.4.0),py,Accepted,195.0,40560.0,430,
s617601896,p03805,u709304134,1569108381,C++,C++14 (GCC 5.4.1),cpp,Accepted,1.0,256.0,1148,
s099584278,p03805,u131634965,1569095296,Python,Python (3.4.3),py,Accepted,30.0,3064.0,1080,
s899966733,p03805,u520276780,1569093519,Python,Python (3.4.3),py,Accepted,56.0,3188.0,410,
s915064881,p03805,u047554023,1569093190,C++,C++14 (GCC 5.4.1),cpp,Accepted,1.0,256.0,621,
s355513144,p03805,u680707192,1569090263,C++,C++14 (GCC 5.4.1),cpp,Accepted,1.0,256.0,726,
s102722674,p03805,u753803401,1569080300,Python,PyPy3 (2.4.0),py,Accepted,430.0,58584.0,830,
s616664397,p03805,u365375535,1569038248,Python,Python (3.4.3),py,Accepted,40.0,4460.0,772,
s286778103,p03805,u896741788,1569032445,Python,Python (3.4.3),py,Accepted,48.0,3064.0,260,
s913717125,p03805,u790710233,1569027162,Python,Python (3.4.3),py,Accepted,42.0,3060.0,329,
s619943693,p03805,u166632863,1569023363,C++,C++14 (GCC 5.4.1),cpp,Accepted,2.0,256.0,883,
s561210357,p03805,u542670845,1569004680,C++,C++14 (GCC 5.4.1),cpp,Accepted,1.0,256.0,752,
s349958362,p03805,u141610915,1568956762,Python,Python (3.4.3),py,Accepted,22.0,3436.0,607,
s979838867,p03805,u107995903,1568953970,C++,C++14 (GCC 5.4.1),cpp,Accepted,1.0,256.0,3903,
s778241171,p03805,u433532588,1568946352,Python,Python (3.4.3),py,Accepted,31.0,3064.0,738,
s890834131,p03805,u980322611,1568923874,Python,PyPy3 (2.4.0),py,Accepted,188.0,40816.0,440,
s580336555,p03805,u600118696,1568922458,C++,C++14 (GCC 5.4.1),cpp,Accepted,1.0,256.0,554,
s966302146,p03805,u790710233,1568917104,Python,Python (3.4.3),py,Accepted,44.0,3316.0,319,
s886622505,p03805,u790710233,1568916929,Python,Python (3.4.3),py,Accepted,55.0,3316.0,319,
s594222286,p03805,u432551953,1568861339,Python,PyPy3 (2.4.0),py,Accepted,176.0,39664.0,762,
s896726164,p03805,u332906195,1568859788,Python,Python (3.4.3),py,Accepted,31.0,3064.0,402,
s224587665,p03805,u332906195,1568859696,Python,Python (3.4.3),py,Accepted,33.0,3064.0,382,
s453493180,p03805,u432551953,1568859654,Python,PyPy3 (2.4.0),py,Accepted,203.0,42972.0,794,
s093906163,p03805,u432551953,1568859244,Python,PyPy3 (2.4.0),py,Accepted,230.0,44600.0,745,
s213500433,p03805,u642120132,1568853497,Python,Python (3.4.3),py,Accepted,35.0,3064.0,399,
s407852559,p03805,u408372746,1568849636,C++,C++14 (GCC 5.4.1),cpp,Accepted,1.0,256.0,585,
s458943631,p03805,u375870553,1568841535,Python,Python (3.4.3),py,Accepted,28.0,3064.0,617,
s305076464,p03805,u272025855,1568825779,C++,C++14 (GCC 5.4.1),cpp,Accepted,2.0,256.0,1714,
s734208801,p03805,u733814820,1568814029,C++,C++14 (GCC 5.4.1),cpp,Accepted,2.0,256.0,1305,
s890805158,p03805,u440566786,1568810219,Python,PyPy3 (2.4.0),py,Accepted,202.0,43612.0,558,
s138028144,p03805,u112318601,1568810059,C++,C++14 (GCC 5.4.1),cpp,Accepted,2.0,256.0,684,
s278270309,p03805,u534998883,1568789078,C++,C++14 (GCC 5.4.1),cpp,Accepted,2.0,256.0,864,
s891176326,p03805,u775556337,1568786086,C++,C++14 (GCC 5.4.1),cpp,Accepted,2.0,256.0,1007,
s749675905,p03805,u372299304,1568776308,C++,C++14 (GCC 5.4.1),cpp,Accepted,1.0,256.0,660,
s218342583,p03805,u215743476,1568772350,C++,C++14 (GCC 5.4.1),cpp,Accepted,2.0,256.0,1000,
s844415225,p03805,u372299304,1568765151,C++,C++14 (GCC 5.4.1),cpp,Accepted,2.0,256.0,681,
s520845843,p03805,u378328623,1568754895,Python,Python (3.4.3),py,Accepted,370.0,3064.0,521,
s880382127,p03805,u949755084,1568753014,C++,C++14 (GCC 5.4.1),cpp,Accepted,1.0,256.0,903,
s434173356,p03805,u077291787,1568704144,Python,Python (3.4.3),py,Accepted,28.0,3064.0,455,
s579704178,p03805,u077291787,1568704074,Python,Python (3.4.3),py,Accepted,26.0,3064.0,513,
s553440775,p03805,u077291787,1568703739,Python,Python (3.4.3),py,Accepted,26.0,3064.0,657,
s646608899,p03805,u325227960,1568701051,Python,PyPy3 (2.4.0),py,Accepted,186.0,40816.0,553,
s495084143,p03805,u936790121,1568699069,C++,C++14 (GCC 5.4.1),cpp,Accepted,2.0,256.0,11284,
s166346679,p03805,u600402037,1568694128,Python,Python (3.4.3),py,Accepted,57.0,3064.0,304,
s846816430,p03805,u692336506,1568688261,C++,C++14 (GCC 5.4.1),cpp,Accepted,1.0,256.0,778,
s465067597,p03805,u782930273,1568687681,Python,Python (3.4.3),py,Accepted,24.0,3064.0,395,
s169580470,p03805,u692336506,1568687668,C++,C++14 (GCC 5.4.1),cpp,Accepted,2.0,256.0,755,
s536582098,p03805,u617515020,1568682898,Python,Python (3.4.3),py,Accepted,56.0,3188.0,284,
s757433617,p03805,u184335045,1568681982,C++,C++14 (GCC 5.4.1),cpp,Accepted,2.0,256.0,965,
s497351929,p03805,u551909378,1568671182,Python,Python (3.4.3),py,Accepted,60.0,3444.0,409,
s051036605,p03805,u337054478,1568667477,C++,C++14 (GCC 5.4.1),cpp,Accepted,2.0,256.0,1715,
s298200277,p03805,u802963389,1568644392,Python,PyPy3 (2.4.0),py,Accepted,207.0,43484.0,571,
s795208163,p03805,u600402037,1568644164,Python,Python (3.4.3),py,Accepted,44.0,3064.0,306,
s508988051,p03805,u521602455,1568612387,C++,C++14 (GCC 5.4.1),cpp,Accepted,1.0,256.0,831,
s422352309,p03805,u708170535,1568610097,C++,C++14 (GCC 5.4.1),cpp,Accepted,2.0,256.0,540,
s654227847,p03805,u008582165,1568594882,C++,C++14 (GCC 5.4.1),cpp,Accepted,1.0,256.0,1189,
s473271904,p03805,u970308980,1568594004,Python,Python (3.4.3),py,Accepted,304.0,3956.0,569,
s938380878,p03805,u251847465,1568590512,C++,C++14 (GCC 5.4.1),cpp,Accepted,2.0,256.0,1108,
s445830300,p03805,u670180528,1568590196,Python,Python (3.4.3),py,Accepted,29.0,3064.0,300,
s469869197,p03805,u936790121,1568577986,C++,C++14 (GCC 5.4.1),cpp,Accepted,29.0,21248.0,11407,
s658190800,p03805,u480138356,1568570790,Python,Python (3.4.3),py,Accepted,23.0,3064.0,655,
s048490460,p03805,u390883247,1568537729,Python,Python (3.4.3),py,Accepted,32.0,3064.0,597,
s527305718,p03805,u499381410,1568526856,Python,PyPy3 (2.4.0),py,Accepted,234.0,47216.0,1182,
s819788986,p03805,u341447450,1568521270,C++,C++14 (GCC 5.4.1),cpp,Accepted,1.0,256.0,1092,
s568011076,p03805,u023958502,1568520139,C++,C++14 (GCC 5.4.1),cpp,Accepted,2.0,640.0,1193,
s395377993,p03805,u240031669,1568519037,C++,C++14 (GCC 5.4.1),cpp,Accepted,1.0,256.0,1868,
s708949435,p03805,u655157354,1568477841,C++,C++14 (GCC 5.4.1),cpp,Accepted,1.0,256.0,1583,
s476705238,p03805,u476383383,1568477186,Python,Python (3.4.3),py,Accepted,38.0,3956.0,811,
s983281232,p03805,u655157354,1568474278,C++,C++14 (GCC 5.4.1),cpp,Accepted,2.0,256.0,1881,
s288694783,p03805,u409524357,1568416838,C++,C++14 (GCC 5.4.1),cpp,Accepted,9.0,764.0,512,
s441734484,p03805,u342809635,1568410107,C++,C++14 (GCC 5.4.1),cpp,Accepted,1.0,256.0,1130,
s260351229,p03805,u342809635,1568409528,C++,C++14 (GCC 5.4.1),cpp,Accepted,2.0,256.0,1166,
s989102843,p03805,u634461820,1568405930,Python,PyPy3 (2.4.0),py,Accepted,191.0,41436.0,400,
s575693478,p03805,u595655231,1568405828,C++,C++14 (GCC 5.4.1),cpp,Accepted,2.0,256.0,785,
s317755157,p03805,u787456042,1568387521,Python,Python (3.4.3),py,Accepted,53.0,3064.0,233,
s855279827,p03805,u014967455,1568381556,C++,C++14 (GCC 5.4.1),cpp,Accepted,2.0,256.0,1207,
s347677832,p03805,u623687794,1568346525,Python,Python (3.4.3),py,Accepted,25.0,3064.0,530,
s570547861,p03805,u120564432,1568337349,C++,C++14 (GCC 5.4.1),cpp,Accepted,1.0,256.0,997,
s227750615,p03805,u809967037,1568329687,C++,C++14 (GCC 5.4.1),cpp,Accepted,1.0,256.0,2294,
s877039494,p03805,u850516963,1568326605,C++,C++14 (GCC 5.4.1),cpp,Accepted,2.0,256.0,1896,
s455362048,p03805,u850516963,1568322635,C++,C++14 (GCC 5.4.1),cpp,Accepted,2.0,256.0,1870,
s190563340,p03805,u850516963,1568322468,C++,C++14 (GCC 5.4.1),cpp,Accepted,1.0,256.0,1949,
s174640453,p03805,u842596864,1568322280,C++,C++14 (GCC 5.4.1),cpp,Accepted,1.0,256.0,886,
s915139749,p03805,u850516963,1568319437,C++,C++14 (GCC 5.4.1),cpp,Accepted,2.0,256.0,1875,
s223827028,p03805,u131340563,1568312464,C++,C++14 (GCC 5.4.1),cpp,Accepted,1.0,256.0,1142,
s613695283,p03805,u700484101,1568294228,C++,C++14 (GCC 5.4.1),cpp,Accepted,1.0,256.0,1938,
s809758999,p03805,u700484101,1568293908,C++,C++14 (GCC 5.4.1),cpp,Accepted,1.0,256.0,1952,
s619753309,p03805,u951672936,1568275054,C++,C++14 (GCC 5.4.1),cpp,Accepted,1.0,256.0,3370,
s230308873,p03805,u403800404,1568270534,C++,C++14 (GCC 5.4.1),cpp,Accepted,1.0,256.0,5067,
s133717673,p03805,u187597169,1568264086,C++,C++14 (GCC 5.4.1),cpp,Accepted,2.0,256.0,1391,
s805907535,p03805,u403800404,1568260277,C++,C++14 (GCC 5.4.1),cpp,Accepted,1.0,256.0,8684,
s279871130,p03805,u322568242,1568259101,C++,C++14 (GCC 5.4.1),cpp,Accepted,1.0,256.0,579,
s149688090,p03805,u028973125,1568259025,Python,PyPy3 (2.4.0),py,Accepted,192.0,40688.0,689,
s289035763,p03805,u069172538,1568254420,Python,PyPy3 (2.4.0),py,Accepted,281.0,48732.0,580,
s680540161,p03805,u167681750,1568238028,Python,Python (3.4.3),py,Accepted,39.0,3444.0,423,
s256631665,p03805,u804999113,1568176813,C++,C++14 (GCC 5.4.1),cpp,Accepted,1.0,256.0,478,
s157051776,p03805,u759412327,1568172603,Python,Python (3.4.3),py,Accepted,59.0,3060.0,310,
s822379016,p03805,u940569542,1568161873,C++,C++14 (GCC 5.4.1),cpp,Accepted,2.0,256.0,1493,
s898396167,p03805,u940569542,1568161851,C++,C++14 (GCC 5.4.1),cpp,Accepted,2.0,256.0,1494,
s070132935,p03805,u915934642,1568139478,C++,C++14 (Clang 3.8.0),cpp,Accepted,2.0,256.0,1063,
s764244679,p03805,u961135803,1568138033,C++,C++14 (GCC 5.4.1),cpp,Accepted,3.0,256.0,956,
s226356084,p03805,u069877747,1568129444,C++,C++14 (GCC 5.4.1),cpp,Accepted,1.0,256.0,800,
s922085233,p03805,u882370611,1568091646,Python,Python (3.4.3),py,Accepted,62.0,3316.0,493,
s813679396,p03805,u189326411,1568076886,Python,Python (3.4.3),py,Accepted,34.0,3064.0,444,
s420850604,p03805,u189326411,1568076831,Python,Python (3.4.3),py,Accepted,33.0,3064.0,460,
s782042927,p03805,u745097373,1568066354,C++,C++14 (GCC 5.4.1),cpp,Accepted,1.0,256.0,2012,
s343044943,p03805,u960267905,1568066191,C++,C++14 (GCC 5.4.1),cpp,Accepted,2.0,256.0,1226,
s073706911,p03805,u095453583,1568065647,C++,C++14 (GCC 5.4.1),cpp,Accepted,3.0,256.0,1286,
s554121208,p03805,u397496203,1568062196,Python,Python (3.4.3),py,Accepted,249.0,3440.0,498,
s366220398,p03805,u397496203,1568061868,Python,Python (3.4.3),py,Accepted,516.0,3436.0,494,
s518949219,p03805,u045408189,1568059682,Python,Python (3.4.3),py,Accepted,32.0,3188.0,381,
s482026104,p03805,u289709148,1568058647,C++,C++14 (GCC 5.4.1),cpp,Accepted,2.0,256.0,1052,
s525950243,p03805,u108540384,1568046478,C++,C++14 (GCC 5.4.1),cpp,Accepted,1.0,256.0,609,
s131099935,p03805,u521866787,1568045748,Python,PyPy3 (2.4.0),py,Accepted,204.0,41324.0,344,
s923201359,p03805,u332657092,1568044522,Python,PyPy3 (2.4.0),py,Accepted,339.0,52316.0,275,
s881477517,p03805,u332657092,1568044445,Python,PyPy3 (2.4.0),py,Accepted,277.0,49496.0,687,
s525937853,p03805,u052332717,1568007276,C++,C++14 (GCC 5.4.1),cpp,Accepted,2.0,256.0,686,
s429639115,p03805,u311379832,1567997745,Python,Python (3.4.3),py,Accepted,25.0,3064.0,579,
s408127977,p03805,u468440945,1567995713,C++,C++14 (GCC 5.4.1),cpp,Accepted,6.0,256.0,1545,
s909246060,p03805,u855985627,1567994295,C++,C++14 (GCC 5.4.1),cpp,Accepted,8.0,256.0,958,
s176701174,p03805,u871841829,1567989454,C++,C++14 (GCC 5.4.1),cpp,Accepted,17.0,256.0,972,
s633160787,p03805,u314906167,1567987412,Python,Python (3.4.3),py,Accepted,39.0,3444.0,445,
s780354191,p03805,u463243362,1567976968,C++,C++14 (GCC 5.4.1),cpp,Accepted,1.0,256.0,742,
s750979189,p03805,u055148700,1567976343,C++,C++14 (GCC 5.4.1),cpp,Accepted,2.0,256.0,1062,
s957347109,p03805,u055685044,1567928978,C++,C++14 (GCC 5.4.1),cpp,Accepted,3.0,256.0,1152,
s668283403,p03805,u916002037,1567904621,C++,C++14 (GCC 5.4.1),cpp,Accepted,2.0,256.0,742,
s869858533,p03805,u016189984,1567891230,C++,C++14 (GCC 5.4.1),cpp,Accepted,2.0,256.0,961,
s833522195,p03805,u016189984,1567881735,C++,C++14 (GCC 5.4.1),cpp,Accepted,1.0,256.0,936,
s894800152,p03805,u488352661,1567880129,C++,C++14 (GCC 5.4.1),cpp,Accepted,1.0,256.0,735,
s328602158,p03805,u421426760,1567876949,C++,C++14 (GCC 5.4.1),cpp,Accepted,2.0,256.0,1411,
s693385345,p03805,u532966492,1567867356,Python,Python (3.4.3),py,Accepted,28.0,3064.0,375,
s558403282,p03805,u990987804,1567832260,Python,Python (3.4.3),py,Accepted,37.0,3064.0,346,
s499899187,p03805,u375172966,1567826902,Python,Python (3.4.3),py,Accepted,35.0,3064.0,533,
s881960248,p03805,u329706129,1567826480,C++,C++14 (GCC 5.4.1),cpp,Accepted,1.0,256.0,874,
s117543716,p03805,u622585907,1567820915,C++,C++14 (GCC 5.4.1),cpp,Accepted,1.0,256.0,1486,
s963577994,p03805,u242679311,1567785280,C++,C++14 (GCC 5.4.1),cpp,Accepted,1.0,256.0,1134,
s228831868,p03805,u187516587,1567780057,Python,Python (3.4.3),py,Accepted,279.0,3572.0,455,
s979362990,p03805,u600402037,1567778613,Python,Python (3.4.3),py,Accepted,45.0,3064.0,318,
s170083500,p03805,u489326854,1567777451,C++,C++14 (GCC 5.4.1),cpp,Accepted,2.0,256.0,3143,
s210538857,p03805,u673225336,1567751598,C++,C++ (GCC 5.4.1),cpp,Accepted,38.0,256.0,1161,
s236219954,p03805,u177411511,1567738264,Python,Python (3.4.3),py,Accepted,45.0,3896.0,1031,
s062757365,p03805,u726769307,1567721333,Python,PyPy3 (2.4.0),py,Accepted,188.0,41564.0,421,
s313942598,p03805,u538125576,1567720292,C++,C++14 (GCC 5.4.1),cpp,Accepted,1.0,256.0,1250,
s013552207,p03805,u726769307,1567717872,Python,PyPy3 (2.4.0),py,Accepted,188.0,40560.0,403,
s834322883,p03805,u978494963,1567668001,Python,Python (3.4.3),py,Accepted,35.0,3064.0,574,
s689600860,p03805,u463858127,1567662869,Python,Python (3.4.3),py,Accepted,24.0,3064.0,501,
s886799032,p03805,u167681750,1567649485,Python,Python (3.4.3),py,Accepted,40.0,3444.0,489,
s085104365,p03805,u759162415,1567647193,C++,C++14 (GCC 5.4.1),cpp,Accepted,1.0,256.0,1057,
s904584357,p03805,u096717230,1567628385,C++,C++14 (GCC 5.4.1),cpp,Accepted,1.0,256.0,1346,
s925512340,p03805,u096717230,1567626937,C++,C++14 (GCC 5.4.1),cpp,Accepted,1.0,256.0,1280,
s304028343,p03805,u593019570,1567620579,Python,Python (3.4.3),py,Accepted,30.0,3064.0,586,
s741464718,p03805,u777283665,1567595686,Python,Python (3.4.3),py,Accepted,29.0,3064.0,556,
s016656754,p03805,u797016134,1567576535,Python,Python (3.4.3),py,Accepted,30.0,3064.0,468,
s237485882,p03805,u207539104,1567571936,Python,PyPy3 (2.4.0),py,Accepted,214.0,44892.0,470,
s616658277,p03805,u030992242,1567570372,C++,C++14 (GCC 5.4.1),cpp,Accepted,7.0,640.0,1954,
s574522483,p03805,u673361376,1567570176,Python,PyPy3 (2.4.0),py,Accepted,183.0,39920.0,549,
s379381553,p03805,u947304300,1567561062,C++,C++14 (GCC 5.4.1),cpp,Accepted,1.0,256.0,1230,
s598105638,p03805,u089885969,1567558970,C++,C++14 (GCC 5.4.1),cpp,Accepted,2.0,256.0,1043,
s250298035,p03805,u089885969,1567558878,C++,C++14 (GCC 5.4.1),cpp,Accepted,2.0,256.0,1168,
s535451177,p03805,u987267288,1567556152,C++,C++14 (GCC 5.4.1),cpp,Accepted,1.0,256.0,4719,
s604720216,p03805,u806657856,1567550424,C++,C++14 (GCC 5.4.1),cpp,Accepted,1.0,256.0,831,
s422360588,p03805,u809967037,1567548652,C++,C++14 (GCC 5.4.1),cpp,Accepted,3.0,384.0,2355,
s137457054,p03805,u876442898,1567547963,C++,C++14 (GCC 5.4.1),cpp,Accepted,2.0,256.0,953,
s308081746,p03805,u314050667,1567538928,Python,Python (3.4.3),py,Accepted,185.0,3444.0,502,
s434529223,p03805,u594518120,1567537962,Python,PyPy3 (2.4.0),py,Accepted,174.0,39408.0,492,
s998661371,p03805,u492447501,1567523237,Python,Python (3.4.3),py,Accepted,44.0,3064.0,275,
s881155146,p03805,u752146271,1567490186,C++,C++14 (GCC 5.4.1),cpp,Accepted,1.0,256.0,318,
s816555709,p03805,u806657856,1567484726,C++,C++14 (GCC 5.4.1),cpp,Accepted,40.0,256.0,1163,
s759985270,p03805,u292106243,1567481786,C++,C++14 (GCC 5.4.1),cpp,Accepted,1.0,256.0,919,
s522179228,p03805,u096717230,1567474195,C++,C++14 (GCC 5.4.1),cpp,Accepted,1.0,256.0,1279,
s031478247,p03805,u533039576,1567462901,Python,Python (3.4.3),py,Accepted,29.0,3064.0,478,
s175090335,p03805,u408620326,1567459416,Python,Python (3.4.3),py,Accepted,19.0,3064.0,557,
s601136169,p03805,u509420256,1567405754,C++,C++14 (GCC 5.4.1),cpp,Accepted,3.0,256.0,1173,
s422827134,p03805,u852690916,1567383819,Python,PyPy3 (2.4.0),py,Accepted,194.0,42588.0,475,
s656327117,p03805,u056123277,1567382980,C++,C++14 (GCC 5.4.1),cpp,Accepted,1.0,256.0,658,
s733285092,p03805,u104057163,1567315773,C++,C++14 (GCC 5.4.1),cpp,Accepted,6.0,256.0,5209,
s734048421,p03805,u692207013,1567301557,C++,C++14 (GCC 5.4.1),cpp,Accepted,1.0,256.0,636,
s718465755,p03805,u844646164,1567288129,Python,Python (3.4.3),py,Accepted,26.0,3064.0,730,
s373516505,p03805,u699699071,1567285555,Python,Python (3.4.3),py,Accepted,160.0,12500.0,633,
s039649639,p03805,u251934638,1567252914,C++,C++14 (GCC 5.4.1),cpp,Accepted,1.0,256.0,1781,
s461303902,p03805,u120386623,1567218825,Python,Python (3.4.3),py,Accepted,49.0,5076.0,1447,
s678908334,p03805,u450904670,1567208350,Python,PyPy3 (2.4.0),py,Accepted,808.0,177196.0,1860,
s488908658,p03805,u877470159,1567203077,Python,PyPy3 (2.4.0),py,Accepted,186.0,40304.0,478,
s361376127,p03805,u594956556,1567202374,Python,Python (3.4.3),py,Accepted,31.0,3064.0,514,
s813700592,p03805,u863370423,1567201763,C++,C++14 (Clang 3.8.0),cpp,Accepted,1.0,256.0,969,
s947549785,p03805,u201316840,1567200248,C++,C++14 (GCC 5.4.1),cpp,Accepted,1.0,256.0,661,
s089102170,p03805,u440566786,1567191385,Python,PyPy3 (2.4.0),py,Accepted,204.0,41452.0,337,
s540891663,p03805,u066369439,1567170871,C++,C++14 (GCC 5.4.1),cpp,Accepted,2.0,384.0,1591,
s784764455,p03805,u275786410,1567137204,C++,C++14 (GCC 5.4.1),cpp,Accepted,1.0,256.0,708,
s807216467,p03805,u124735330,1567125221,Python,Python (3.4.3),py,Accepted,122.0,3696.0,813,
s520416401,p03805,u556276145,1567116226,C++,C++14 (GCC 5.4.1),cpp,Accepted,2.0,256.0,1505,
s641718120,p03805,u844005364,1567103680,C++,C++14 (GCC 5.4.1),cpp,Accepted,2.0,256.0,830,
s916150750,p03805,u501643136,1567096690,C++,C++14 (GCC 5.4.1),cpp,Accepted,2.0,256.0,583,
s378728586,p03805,u073486874,1567093139,C++,C++14 (GCC 5.4.1),cpp,Accepted,2.0,256.0,1100,
s624978225,p03805,u587857074,1567081142,C++,C++14 (GCC 5.4.1),cpp,Accepted,2.0,256.0,1275,
s491632972,p03805,u591914971,1567046684,C++,C++14 (Clang 3.8.0),cpp,Accepted,1.0,256.0,711,
s188590185,p03805,u540799318,1567038142,Python,Python (3.4.3),py,Accepted,106.0,3064.0,781,
s619805117,p03805,u500297289,1567024913,Python,Python (3.4.3),py,Accepted,34.0,3064.0,473,
s255822705,p03805,u822169805,1567021626,C++,C++14 (GCC 5.4.1),cpp,Accepted,2.0,256.0,1053,
s395870114,p03805,u350267480,1566968677,C++,C++14 (GCC 5.4.1),cpp,Accepted,3.0,256.0,1546,
s314246895,p03805,u981931040,1566951332,Python,Python (3.4.3),py,Accepted,28.0,3064.0,603,
s313437652,p03805,u209767598,1566951285,C++,C++14 (GCC 5.4.1),cpp,Accepted,4.0,256.0,843,
s538973283,p03805,u209767598,1566950848,C++,C++14 (GCC 5.4.1),cpp,Accepted,4.0,256.0,849,
s178068159,p03805,u919633157,1566916069,Python,Python (3.4.3),py,Accepted,27.0,3064.0,453,
s475538906,p03805,u385617244,1566866575,C++,C++14 (GCC 5.4.1),cpp,Accepted,1.0,256.0,16723,
s722032428,p03805,u423624748,1566866077,C++,C++14 (GCC 5.4.1),cpp,Accepted,5.0,256.0,895,
s973469662,p03805,u703912513,1566854857,C++,C++ (GCC 5.4.1),cpp,Accepted,1.0,256.0,736,
s008491009,p03805,u752460637,1566845550,C++,C++14 (GCC 5.4.1),cpp,Accepted,2.0,256.0,809,
s710191494,p03805,u185948224,1566820438,Python,Python (3.4.3),py,Accepted,494.0,3572.0,564,
s274202574,p03805,u927753745,1566799075,C++,C++14 (GCC 5.4.1),cpp,Accepted,2.0,256.0,753,
s943847872,p03805,u477977638,1566789922,Python,Python (3.4.3),py,Accepted,362.0,12504.0,477,
s740831050,p03805,u477977638,1566787754,Python,Python (3.4.3),py,Accepted,43.0,3064.0,273,
s642871490,p03805,u809967037,1566783870,C++,C++14 (GCC 5.4.1),cpp,Accepted,1.0,256.0,2223,
s438210799,p03805,u228223940,1566780848,Python,Python (3.4.3),py,Accepted,24.0,3064.0,738,
s619747524,p03805,u228223940,1566777674,Python,Python (3.4.3),py,Accepted,28.0,3064.0,544,
s415796320,p03805,u957872856,1566773808,Python,Python (3.4.3),py,Accepted,44.0,3060.0,291,
s717602521,p03805,u008582165,1566771681,C++,C++14 (GCC 5.4.1),cpp,Accepted,1.0,256.0,1069,
s812741365,p03805,u815659544,1566771554,C++,C++14 (GCC 5.4.1),cpp,Accepted,1.0,256.0,881,
s579337641,p03805,u155687575,1566768499,Python,PyPy3 (2.4.0),py,Accepted,173.0,39408.0,407,
s093825744,p03805,u049420296,1566767607,C++,C++14 (GCC 5.4.1),cpp,Accepted,2.0,256.0,1711,
s840463490,p03805,u714642046,1566767525,C++,C++14 (GCC 5.4.1),cpp,Accepted,3.0,256.0,672,
s293976003,p03805,u533232830,1566762726,Python,Python (3.4.3),py,Accepted,31.0,3064.0,419,
s864514339,p03805,u498620941,1566759225,Python,Python (3.4.3),py,Accepted,26.0,3064.0,531,
s979225354,p03805,u494871759,1566738048,Python,Python (3.4.3),py,Accepted,36.0,3820.0,620,
s387009162,p03805,u231095456,1566706767,Python,Python (3.4.3),py,Accepted,32.0,3064.0,462,
s378716488,p03805,u433532588,1566701661,Python,Python (3.4.3),py,Accepted,30.0,3064.0,794,
s134936290,p03805,u433532588,1566701443,Python,Python (3.4.3),py,Accepted,32.0,3064.0,745,
s624070177,p03805,u422558819,1566698111,C++,C++14 (GCC 5.4.1),cpp,Accepted,2.0,256.0,1806,
s450576824,p03805,u374531474,1566683924,Python,Python (3.4.3),py,Accepted,24.0,3444.0,556,
s294485236,p03805,u532573979,1566679217,C++,C++14 (GCC 5.4.1),cpp,Accepted,1.0,256.0,1481,
s893838512,p03805,u374531474,1566678662,Python,Python (3.4.3),py,Accepted,28.0,3064.0,480,
s957052502,p03805,u219331338,1566676818,C++,C++14 (GCC 5.4.1),cpp,Accepted,2.0,256.0,698,
s180389777,p03805,u971089878,1566673554,C++,C++14 (GCC 5.4.1),cpp,Accepted,1.0,256.0,1302,
s649963306,p03805,u227117171,1566665121,C++,C++14 (GCC 5.4.1),cpp,Accepted,3.0,256.0,794,
s317740739,p03805,u207048881,1566654100,C++,C++14 (GCC 5.4.1),cpp,Accepted,2.0,256.0,1073,
s909882641,p03805,u706730549,1566627746,C++,C++14 (GCC 5.4.1),cpp,Accepted,1.0,256.0,1252,
s740737736,p03805,u923285281,1566624371,C++,C++14 (GCC 5.4.1),cpp,Accepted,2.0,256.0,588,
s293896456,p03805,u923285281,1566623870,C++,C++14 (GCC 5.4.1),cpp,Accepted,2.0,256.0,627,
s881084726,p03805,u810838104,1566608999,C++,C++14 (GCC 5.4.1),cpp,Accepted,1.0,256.0,591,
s331467406,p03805,u777068250,1566604982,C++,C++14 (GCC 5.4.1),cpp,Accepted,2.0,256.0,607,
s945134978,p03805,u209643623,1566602406,C++,C++14 (GCC 5.4.1),cpp,Accepted,1.0,256.0,545,
s785865008,p03805,u015993380,1566602224,C++,C++14 (GCC 5.4.1),cpp,Accepted,1.0,256.0,565,
s529653672,p03805,u139000823,1566601176,C++,C++14 (GCC 5.4.1),cpp,Accepted,1.0,256.0,698,
s093848435,p03805,u874212030,1566600963,C++,C++14 (GCC 5.4.1),cpp,Accepted,1.0,256.0,702,
s275102769,p03805,u050698451,1566600948,C++,C++14 (GCC 5.4.1),cpp,Accepted,1.0,256.0,1768,
s450299441,p03805,u116002573,1566595995,Python,Python (3.4.3),py,Accepted,36.0,9204.0,534,
s943002176,p03805,u839537391,1566590157,C++,C++14 (GCC 5.4.1),cpp,Accepted,34.0,764.0,1055,
s086098213,p03805,u905715926,1566534785,C++,C++14 (GCC 5.4.1),cpp,Accepted,1.0,256.0,405,
s269229314,p03805,u849622363,1566532017,Python,Python (3.4.3),py,Accepted,112.0,3188.0,1065,
s305559747,p03805,u060072952,1566526159,C++,C++14 (GCC 5.4.1),cpp,Accepted,1.0,256.0,1112,
s572790968,p03805,u305366205,1566521479,Python,Python (3.4.3),py,Accepted,84.0,3064.0,617,
s422053868,p03805,u096717230,1566489450,C++,C++14 (GCC 5.4.1),cpp,Accepted,1.0,256.0,1462,
s397094124,p03805,u161693347,1566448616,Python,PyPy3 (2.4.0),py,Accepted,222.0,43228.0,447,
s843628861,p03805,u256464928,1566445442,Python,Python (3.4.3),py,Accepted,44.0,3064.0,278,
s813363199,p03805,u666490638,1566439198,C++,C++14 (GCC 5.4.1),cpp,Accepted,10.0,256.0,678,
s035543752,p03805,u666490638,1566438891,C++,C++14 (GCC 5.4.1),cpp,Accepted,7.0,256.0,748,
s569491895,p03805,u531436689,1566413476,Python,Python (3.4.3),py,Accepted,113.0,9372.0,1130,
s135563824,p03805,u360515075,1566405469,Python,Python (3.4.3),py,Accepted,30.0,3316.0,443,
s576571199,p03805,u714378447,1566363891,Python,Python (3.4.3),py,Accepted,47.0,3064.0,540,
s707717616,p03805,u612271542,1566358267,C++,C++14 (GCC 5.4.1),cpp,Accepted,1.0,256.0,1098,
s861762188,p03805,u852517668,1566322668,Python,PyPy3 (2.4.0),py,Accepted,184.0,40176.0,421,
s285764995,p03805,u181806820,1566296823,C++,C++14 (GCC 5.4.1),cpp,Accepted,2.0,256.0,3813,
s036047032,p03805,u160754729,1566279076,C++,C++14 (GCC 5.4.1),cpp,Accepted,1.0,256.0,1057,
s277949608,p03805,u129667379,1566274447,C++,C++14 (GCC 5.4.1),cpp,Accepted,1.0,256.0,683,
s954607645,p03805,u792670114,1566267908,Python,Python (3.4.3),py,Accepted,35.0,3064.0,355,
s538220898,p03805,u741556152,1566261898,C++,C++14 (GCC 5.4.1),cpp,Accepted,1.0,256.0,4614,
s114729050,p03805,u280096880,1566256620,C++,C++14 (GCC 5.4.1),cpp,Accepted,1.0,256.0,1037,
s052960740,p03805,u166378830,1566247622,C++,C++14 (GCC 5.4.1),cpp,Accepted,1.0,256.0,526,
s039932966,p03805,u881647420,1566245517,C++,C++14 (GCC 5.4.1),cpp,Accepted,2.0,256.0,1060,
s093117108,p03805,u571715741,1566243788,C++,C++14 (GCC 5.4.1),cpp,Accepted,1.0,256.0,832,
s189729655,p03805,u653187094,1566234489,C++,C++14 (GCC 5.4.1),cpp,Accepted,1.0,256.0,2317,
s865847467,p03805,u545275811,1566226715,Python,Python (3.4.3),py,Accepted,40.0,3316.0,528,
s367322711,p03805,u098844816,1566185176,C++,C++14 (GCC 5.4.1),cpp,Accepted,7.0,764.0,813,
s061603731,p03805,u706929073,1566173690,Python,Python (3.4.3),py,Accepted,26.0,3064.0,714,
s169653484,p03805,u075628913,1566170284,Python,Python (3.4.3),py,Accepted,29.0,3316.0,503,
s718620587,p03805,u548684908,1566148582,Python,Python (3.4.3),py,Accepted,31.0,3316.0,607,
s179661196,p03805,u219086885,1566146468,Python,Python (3.4.3),py,Accepted,28.0,3064.0,498,
s390192253,p03805,u077291787,1566145816,Python,Python (3.4.3),py,Accepted,29.0,3064.0,623,
s821952997,p03805,u338929851,1566142510,Python,Python (3.4.3),py,Accepted,183.0,12580.0,872,
s915665304,p03805,u947304300,1566141904,C++,C++14 (GCC 5.4.1),cpp,Accepted,1.0,256.0,1286,
s108150917,p03805,u427681070,1566141659,C++,C++14 (GCC 5.4.1),cpp,Accepted,2.0,256.0,700,
s125131508,p03805,u491762407,1566140053,Python,Python (3.4.3),py,Accepted,30.0,3064.0,564,
s511786241,p03805,u855016901,1566117573,C++,C++14 (GCC 5.4.1),cpp,Accepted,2.0,256.0,748,
s834688936,p03805,u837259155,1566106896,C++,C++14 (GCC 5.4.1),cpp,Accepted,1.0,256.0,940,
s283059218,p03805,u837259155,1566106738,C++,C++14 (GCC 5.4.1),cpp,Accepted,1.0,256.0,939,
s053354334,p03805,u921773161,1566094922,Python,Python (3.4.3),py,Accepted,35.0,3572.0,567,
s590646311,p03805,u947883560,1566084619,Python,Python (3.4.3),py,Accepted,29.0,3316.0,1117,
s319726363,p03805,u367713721,1566081195,C++,C++14 (GCC 5.4.1),cpp,Accepted,1.0,256.0,790,
s614563316,p03805,u271934630,1566078514,Python,PyPy3 (2.4.0),py,Accepted,180.0,39920.0,490,
s893020814,p03805,u096616343,1566076680,Python,Python (3.4.3),py,Accepted,64.0,3572.0,411,
s822484305,p03805,u747390421,1566019176,C++,C++14 (GCC 5.4.1),cpp,Accepted,2.0,256.0,781,
s382916495,p03805,u752074356,1565987806,C++,C++14 (GCC 5.4.1),cpp,Accepted,1.0,256.0,742,
s978877249,p03805,u406158207,1565980978,C++,C++14 (GCC 5.4.1),cpp,Accepted,2.0,384.0,1441,
s728690878,p03805,u406158207,1565980458,C++,C++14 (GCC 5.4.1),cpp,Accepted,1.0,256.0,1367,
s281014612,p03805,u494655741,1565977998,C++,C++14 (GCC 5.4.1),cpp,Accepted,2.0,256.0,1241,
s646373940,p03805,u669062920,1565974635,Python,Python (3.4.3),py,Accepted,37.0,3188.0,517,
s317895061,p03805,u850491413,1565949352,Python,PyPy3 (2.4.0),py,Accepted,269.0,46552.0,693,
s677018510,p03805,u497753511,1565940064,C++,C++14 (GCC 5.4.1),cpp,Accepted,1.0,256.0,627,
s928165621,p03805,u074445770,1565928309,C++,C++14 (GCC 5.4.1),cpp,Accepted,2.0,256.0,2107,
s605185020,p03805,u266643907,1565927833,C++,C++14 (GCC 5.4.1),cpp,Accepted,2.0,256.0,1643,
s209315454,p03805,u394561216,1565923218,C++,C++14 (GCC 5.4.1),cpp,Accepted,1.0,256.0,718,
s615121154,p03805,u147544115,1565921776,Python,Python (3.4.3),py,Accepted,40.0,3572.0,806,
s352075689,p03805,u514894322,1565915194,Python,Python (3.4.3),py,Accepted,31.0,3064.0,565,
s510139639,p03805,u787059958,1565913725,Python,Python (3.4.3),py,Accepted,32.0,3572.0,430,
s819422817,p03805,u074445770,1565904813,C++,C++14 (GCC 5.4.1),cpp,Accepted,1.0,256.0,2052,
s272872512,p03805,u807028974,1565896914,C++,C++14 (GCC 5.4.1),cpp,Accepted,1.0,256.0,1039,
s303956188,p03805,u652057333,1565895549,Python,Python (3.4.3),py,Accepted,31.0,3572.0,446,
s245348479,p03805,u690576712,1565894478,Python,Python (3.4.3),py,Accepted,34.0,3064.0,411,
s712001105,p03805,u858748695,1565893077,Python,Python (3.4.3),py,Accepted,26.0,3064.0,414,
s004550851,p03805,u282228874,1565891400,C++,C++14 (GCC 5.4.1),cpp,Accepted,1.0,256.0,468,
s654652029,p03805,u282228874,1565890139,C++,C++14 (GCC 5.4.1),cpp,Accepted,1.0,256.0,825,
s591501645,p03805,u672475305,1565830599,Python,Python (3.4.3),py,Accepted,30.0,3064.0,484,
s937456781,p03805,u627530854,1565822853,C++,C++14 (GCC 5.4.1),cpp,Accepted,2.0,256.0,1301,
s246095272,p03805,u380524497,1565819128,Python,Python (3.4.3),py,Accepted,36.0,3316.0,590,
s121413210,p03805,u229959388,1565808474,Python,Python (3.4.3),py,Accepted,41.0,3064.0,638,
s408048737,p03805,u004707990,1565808396,C++,C++14 (GCC 5.4.1),cpp,Accepted,1.0,256.0,806,
s783705267,p03805,u229959388,1565807823,Python,Python (3.4.3),py,Accepted,32.0,3064.0,601,
s564697402,p03805,u019780057,1565798508,C++,C++14 (GCC 5.4.1),cpp,Accepted,1.0,256.0,1307,
s522795018,p03805,u170077602,1565765824,Python,Python (3.4.3),py,Accepted,67.0,3064.0,558,
s819504212,p03805,u170077602,1565765686,Python,PyPy3 (2.4.0),py,Accepted,210.0,42972.0,558,
s963056242,p03805,u995725911,1565757763,C++,C++14 (GCC 5.4.1),cpp,Accepted,7.0,256.0,1321,
s541005385,p03805,u168579419,1565743851,C++,C++14 (GCC 5.4.1),cpp,Accepted,2.0,256.0,2818,
s276225532,p03805,u889344512,1565738262,Python,PyPy3 (2.4.0),py,Accepted,229.0,43356.0,431,
s097117785,p03805,u185896732,1565730327,Python,PyPy3 (2.4.0),py,Accepted,225.0,42844.0,746,
s821454955,p03805,u733608212,1565722915,Python,Python (3.4.3),py,Accepted,33.0,3064.0,431,
s637563145,p03805,u447034594,1565717369,C++,C++14 (GCC 5.4.1),cpp,Accepted,1.0,256.0,1006,
s285153849,p03805,u550014122,1565711223,C++,C++14 (GCC 5.4.1),cpp,Accepted,1.0,256.0,788,
s218190847,p03805,u599365206,1565659925,C++,C++14 (GCC 5.4.1),cpp,Accepted,7.0,256.0,873,
s560310330,p03805,u239493918,1565659036,C++,C++14 (GCC 5.4.1),cpp,Accepted,1.0,256.0,5013,
s530733477,p03805,u778700306,1565658701,Python,Python (3.4.3),py,Accepted,44.0,3316.0,1109,
s778030689,p03805,u231122239,1565650600,Python,Python (3.4.3),py,Accepted,43.0,3060.0,300,
s022099669,p03805,u111365362,1565649896,Python,Python (3.4.3),py,Accepted,80.0,3064.0,704,
s485020695,p03805,u885134476,1565648726,C++,C++14 (GCC 5.4.1),cpp,Accepted,2.0,256.0,712,
s711279818,p03805,u408760403,1565645148,Python,Python (3.4.3),py,Accepted,34.0,3064.0,552,
s480067159,p03805,u408760403,1565644555,Python,Python (3.4.3),py,Accepted,34.0,3064.0,474,
s427212691,p03805,u484229314,1565626659,Python,Python (3.4.3),py,Accepted,34.0,3064.0,513,
s019482914,p03805,u484229314,1565626116,Python,Python (3.4.3),py,Accepted,62.0,3064.0,463,
s843133237,p03805,u584355627,1565621282,C++,C++14 (GCC 5.4.1),cpp,Accepted,1.0,256.0,1326,
s752498435,p03805,u426683236,1565597306,C++,C++14 (GCC 5.4.1),cpp,Accepted,1.0,256.0,4159,
s394316982,p03805,u379947938,1565589848,C++,C++14 (GCC 5.4.1),cpp,Accepted,3.0,2560.0,1014,
s208333176,p03805,u108540384,1565547729,C++,C++14 (GCC 5.4.1),cpp,Accepted,1.0,256.0,592,
s003869339,p03805,u705230587,1565472695,C++,C++14 (GCC 5.4.1),cpp,Accepted,1.0,256.0,801,
s966424460,p03805,u324549724,1565457990,C++,C++14 (GCC 5.4.1),cpp,Accepted,2.0,256.0,1347,
s614551372,p03805,u969116807,1565365838,C++,C++14 (GCC 5.4.1),cpp,Accepted,2.0,256.0,810,
s027527143,p03805,u591779169,1565310980,C++,C++14 (GCC 5.4.1),cpp,Accepted,1.0,256.0,562,
s236173408,p03805,u744305661,1565300544,C++,C++14 (GCC 5.4.1),cpp,Accepted,2.0,256.0,1117,
s816150838,p03805,u462703607,1565296140,Python,Python (3.4.3),py,Accepted,39.0,3064.0,547,
s539351375,p03805,u552192779,1565284610,Python,Python (3.4.3),py,Accepted,35.0,3064.0,559,
s633053030,p03805,u720628821,1565282470,C++,C++14 (GCC 5.4.1),cpp,Accepted,1.0,256.0,652,
s194840503,p03805,u285443936,1565276899,Python,Python (3.4.3),py,Accepted,29.0,3572.0,441,
s232683362,p03805,u265065462,1565227290,C++,C++14 (GCC 5.4.1),cpp,Accepted,5.0,256.0,1318,
s848927622,p03805,u736729525,1565225183,Python,Python (3.4.3),py,Accepted,28.0,3064.0,425,
s499319841,p03805,u112775098,1565200119,C++,C++14 (GCC 5.4.1),cpp,Accepted,2.0,256.0,732,
s309512016,p03805,u265065462,1565193818,C++,C++14 (GCC 5.4.1),cpp,Accepted,1.0,256.0,1298,
s639132684,p03805,u265065462,1565193749,C++,C++14 (GCC 5.4.1),cpp,Accepted,22.0,256.0,1376,
s207235438,p03805,u732607917,1565192207,Python,Python (3.4.3),py,Accepted,30.0,3064.0,410,
s436674764,p03805,u333190709,1565184207,Python,Python (3.4.3),py,Accepted,42.0,5076.0,1273,
s249025388,p03805,u226108478,1565178768,Python,PyPy3 (2.4.0),py,Accepted,194.0,45168.0,686,
s913352627,p03805,u226108478,1565178702,Python,Python (3.4.3),py,Accepted,36.0,8052.0,686,
s406827998,p03805,u518987899,1565178462,Python,Python (3.4.3),py,Accepted,33.0,3064.0,522,
s397942570,p03805,u077337864,1565177015,C++,C++14 (GCC 5.4.1),cpp,Accepted,2.0,256.0,1408,
s902087608,p03805,u811472478,1565175058,C++,C++14 (GCC 5.4.1),cpp,Accepted,1.0,256.0,1140,
s845269002,p03805,u495046110,1565167139,C++,C++14 (GCC 5.4.1),cpp,Accepted,1.0,256.0,609,
s067590243,p03805,u520841950,1565155389,C++,C++14 (GCC 5.4.1),cpp,Accepted,1.0,256.0,842,
s061818276,p03805,u240733151,1565128706,C++,C++14 (GCC 5.4.1),cpp,Accepted,1.0,256.0,910,
s388572972,p03805,u703205079,1565127045,C++,C++14 (GCC 5.4.1),cpp,Accepted,2.0,256.0,1046,
s518430767,p03805,u080883543,1565125031,Python,Python (3.4.3),py,Accepted,37.0,4084.0,769,
s685698665,p03805,u823862638,1565121944,Python,PyPy3 (2.4.0),py,Accepted,235.0,41564.0,551,
s898993024,p03805,u027479217,1565080745,C++,C++14 (GCC 5.4.1),cpp,Accepted,2.0,256.0,533,
s222460934,p03805,u626337957,1565060289,Python,Python (3.4.3),py,Accepted,62.0,3064.0,575,
s794593086,p03805,u858107870,1565056552,C++,C++14 (GCC 5.4.1),cpp,Accepted,9.0,256.0,1361,
s148660128,p03805,u724742135,1565054138,Python,Python (3.4.3),py,Accepted,23.0,3064.0,626,
s450803304,p03805,u242518667,1565030486,Python,Python (3.4.3),py,Accepted,43.0,3064.0,275,
s939071867,p03805,u076566148,1565027557,C++,C++14 (GCC 5.4.1),cpp,Accepted,1.0,256.0,996,
s118302482,p03805,u714378447,1564964999,Python,Python (3.4.3),py,Accepted,60.0,3064.0,765,
s941471157,p03805,u277556971,1564962867,C++,C++14 (GCC 5.4.1),cpp,Accepted,1.0,256.0,1097,
s115090232,p03805,u370447425,1564958354,C++,C++14 (GCC 5.4.1),cpp,Accepted,1.0,256.0,908,
s248297838,p03805,u432194969,1564957899,C++,C++14 (GCC 5.4.1),cpp,Accepted,3.0,640.0,1443,
s102061936,p03805,u570018655,1564954390,C++,C++14 (GCC 5.4.1),cpp,Accepted,7.0,256.0,971,
s808193869,p03805,u135572611,1564951961,C++,C++14 (GCC 5.4.1),cpp,Accepted,2.0,256.0,7839,
s350545271,p03805,u135572611,1564951940,C++,C++14 (GCC 5.4.1),cpp,Accepted,2.0,256.0,7840,
s288422462,p03805,u135572611,1564950240,C++,C++14 (GCC 5.4.1),cpp,Accepted,2.0,256.0,7839,
s298148948,p03805,u360116509,1564949870,Python,Python (3.4.3),py,Accepted,31.0,3064.0,457,
s934784896,p03805,u503228842,1564948565,Python,Python (3.4.3),py,Accepted,33.0,3064.0,748,
s337672273,p03805,u849073847,1564945404,C++,C++14 (GCC 5.4.1),cpp,Accepted,2.0,256.0,576,
s305187914,p03805,u128142352,1564942941,C++,C++14 (GCC 5.4.1),cpp,Accepted,1.0,256.0,944,
s654451079,p03805,u730946954,1564941828,C++,C++14 (GCC 5.4.1),cpp,Accepted,1.0,256.0,708,
s828178338,p03805,u849073847,1564941511,C++,C++14 (GCC 5.4.1),cpp,Accepted,2.0,256.0,583,
s893595033,p03805,u897328029,1564939895,Python,Python (3.4.3),py,Accepted,77.0,3572.0,590,
s538800622,p03805,u509405951,1564931834,Python,PyPy3 (2.4.0),py,Accepted,197.0,42588.0,550,
s698732191,p03805,u509405951,1564931419,Python,PyPy3 (2.4.0),py,Accepted,187.0,41564.0,628,
s968305201,p03805,u724880258,1564927906,C++,C++14 (GCC 5.4.1),cpp,Accepted,1.0,256.0,1070,
s430625355,p03805,u184819501,1564922923,C++,C++14 (GCC 5.4.1),cpp,Accepted,4.0,256.0,953,
s203249844,p03805,u440312135,1564883042,C++,C++14 (GCC 5.4.1),cpp,Accepted,2.0,256.0,868,
s541934082,p03805,u037430802,1564806932,Python,Python (3.4.3),py,Accepted,24.0,3064.0,617,
s394807454,p03805,u973067113,1564760458,Python,Python (3.4.3),py,Accepted,35.0,3064.0,626,
s128723089,p03805,u074351677,1564743098,C++,C++14 (GCC 5.4.1),cpp,Accepted,1.0,256.0,674,
s637133810,p03805,u656679572,1564742020,C++,C++14 (GCC 5.4.1),cpp,Accepted,1.0,256.0,1328,
s102771415,p03805,u677523557,1564684564,Python,Python (3.4.3),py,Accepted,32.0,3064.0,539,
s942062097,p03805,u928536113,1564675021,C++,C++14 (GCC 5.4.1),cpp,Accepted,1.0,256.0,506,
s476269228,p03805,u263715385,1564597224,C++,C++14 (GCC 5.4.1),cpp,Accepted,1.0,256.0,1717,
s301443175,p03805,u860374704,1564593298,C++,C++14 (GCC 5.4.1),cpp,Accepted,6.0,256.0,991,
s716632148,p03805,u069838609,1564533779,C++,C++14 (GCC 5.4.1),cpp,Accepted,2.0,256.0,3380,
s858495321,p03805,u525065967,1564515156,C++,C++14 (GCC 5.4.1),cpp,Accepted,1.0,256.0,547,
s620633107,p03805,u525065967,1564513117,C++,C++14 (GCC 5.4.1),cpp,Accepted,1.0,256.0,634,
s457072629,p03805,u525065967,1564512379,C++,C++14 (GCC 5.4.1),cpp,Accepted,1.0,256.0,673,
s195272482,p03805,u525065967,1564512285,C++,C++14 (GCC 5.4.1),cpp,Accepted,6.0,256.0,672,
s347331753,p03805,u525065967,1564508839,C++,C++14 (GCC 5.4.1),cpp,Accepted,1.0,256.0,635,
s797095460,p03805,u525065967,1564508312,C++,C++14 (GCC 5.4.1),cpp,Accepted,1.0,256.0,663,
s498061290,p03805,u735089337,1564504621,C++,C++14 (GCC 5.4.1),cpp,Accepted,1.0,256.0,650,
s588143270,p03805,u633402865,1564448697,C++,C++14 (GCC 5.4.1),cpp,Accepted,1.0,256.0,781,
s949092621,p03805,u174404613,1564445993,C++,C++14 (GCC 5.4.1),cpp,Accepted,4.0,640.0,1412,
s830153799,p03805,u211160392,1564444849,Python,Python (3.4.3),py,Accepted,28.0,3064.0,399,
s436759075,p03805,u321094662,1564442984,C++,C++14 (GCC 5.4.1),cpp,Accepted,6.0,256.0,794,
s520395029,p03805,u440773576,1564421624,Python,Python (3.4.3),py,Accepted,75.0,4340.0,872,
s138068389,p03805,u539199630,1564412457,C++,C++14 (GCC 5.4.1),cpp,Accepted,1.0,256.0,694,
s617995837,p03805,u303039933,1564346417,C++,C++14 (GCC 5.4.1),cpp,Accepted,5.0,256.0,2648,
s964611121,p03805,u942230032,1564331034,C++,C++14 (GCC 5.4.1),cpp,Accepted,3.0,384.0,1217,
s003236447,p03805,u942230032,1564330998,C++,C++14 (GCC 5.4.1),cpp,Accepted,3.0,384.0,1217,
s571123965,p03805,u942230032,1564329746,C++,C++14 (GCC 5.4.1),cpp,Accepted,4.0,384.0,1342,
s598483909,p03805,u800258529,1564269522,Python,Python (3.4.3),py,Accepted,58.0,3064.0,489,
s429118467,p03805,u012713668,1564250354,C++,C++14 (GCC 5.4.1),cpp,Accepted,1.0,256.0,743,
s749145501,p03805,u863370423,1564250066,C++,C++14 (GCC 5.4.1),cpp,Accepted,2.0,256.0,743,
s763506737,p03805,u507188501,1564243081,C++,C++14 (GCC 5.4.1),cpp,Accepted,3.0,256.0,783,
s611678975,p03805,u814781830,1564240636,Python,Python (3.4.3),py,Accepted,44.0,3064.0,680,
s979536877,p03805,u188706971,1564234256,C++,C++14 (GCC 5.4.1),cpp,Accepted,8.0,256.0,1190,
s189884315,p03805,u135248164,1564201572,C++,C++14 (GCC 5.4.1),cpp,Accepted,2.0,256.0,1199,
s982803132,p03805,u201660334,1564184575,Python,Python (3.4.3),py,Accepted,31.0,3064.0,497,
s984787770,p03805,u608258653,1564176279,C++,C++14 (GCC 5.4.1),cpp,Accepted,2.0,256.0,1024,
s770223510,p03805,u301893320,1564135071,C++,C++14 (GCC 5.4.1),cpp,Accepted,6.0,256.0,1012,
s580713882,p03805,u353919145,1564121296,C++,C++14 (GCC 5.4.1),cpp,Accepted,1.0,256.0,7917,
s794586427,p03805,u554096168,1564097255,Python,Python (3.4.3),py,Accepted,76.0,3524.0,619,
s882361754,p03805,u459798349,1564086306,Python,Python (3.4.3),py,Accepted,28.0,3064.0,491,
s944858050,p03805,u145078501,1564069551,C++,C++14 (GCC 5.4.1),cpp,Accepted,10.0,2176.0,1130,
s528860996,p03805,u410714465,1564030381,C++,C++14 (GCC 5.4.1),cpp,Accepted,2.0,256.0,1461,
s972986608,p03805,u521723672,1564025894,C++,C++14 (GCC 5.4.1),cpp,Accepted,11.0,256.0,1078,
s354744579,p03805,u392319141,1564017976,C++,C++14 (GCC 5.4.1),cpp,Accepted,5.0,256.0,1858,
s725997441,p03805,u660270504,1564010802,C++,C++14 (GCC 5.4.1),cpp,Accepted,2.0,256.0,2068,
s035982636,p03805,u194268736,1564003023,C++,C++14 (GCC 5.4.1),cpp,Accepted,1.0,256.0,575,
s253821283,p03805,u828388155,1563999020,C++,C++14 (GCC 5.4.1),cpp,Accepted,1.0,256.0,1051,
s890693988,p03805,u423585790,1563993949,Python,PyPy3 (2.4.0),py,Accepted,209.0,42844.0,2381,
s840245336,p03805,u423585790,1563993545,Python,PyPy3 (2.4.0),py,Accepted,204.0,42716.0,2394,
s233811370,p03805,u817845505,1563976009,Python,PyPy3 (2.4.0),py,Accepted,212.0,42224.0,595,
s257979679,p03805,u363063514,1563938057,C++,C++14 (GCC 5.4.1),cpp,Accepted,1.0,256.0,702,
s478552859,p03805,u601082779,1563923729,C++,C++14 (GCC 5.4.1),cpp,Accepted,1.0,256.0,372,
s772160592,p03805,u845000384,1563899264,C++,C++14 (GCC 5.4.1),cpp,Accepted,1.0,256.0,766,
s279864843,p03805,u215692812,1563856773,C++,C++14 (GCC 5.4.1),cpp,Accepted,1.0,256.0,1121,
s113231935,p03805,u215692812,1563856531,C++,C++14 (GCC 5.4.1),cpp,Accepted,1.0,256.0,1196,
s123387330,p03805,u214434454,1563853660,Python,Python (3.4.3),py,Accepted,67.0,3064.0,621,
s578249294,p03805,u324303263,1563830752,C++,C++14 (GCC 5.4.1),cpp,Accepted,3.0,256.0,3157,
s038420197,p03805,u167931717,1563816091,C++,C++14 (GCC 5.4.1),cpp,Accepted,1.0,384.0,14733,
s927240977,p03805,u756514276,1563805727,C++,C++14 (GCC 5.4.1),cpp,Accepted,2.0,256.0,765,
s476945493,p03805,u982234424,1563748715,C++,C++14 (GCC 5.4.1),cpp,Accepted,2.0,256.0,949,
s016276003,p03805,u607728868,1563746852,C++,C++14 (GCC 5.4.1),cpp,Accepted,1.0,256.0,441,
s796542996,p03805,u508486691,1563743999,Python,PyPy3 (2.4.0),py,Accepted,206.0,46064.0,997,
s968824701,p03805,u508486691,1563743970,Python,Python (3.4.3),py,Accepted,52.0,8268.0,997,
s467410815,p03805,u945359338,1563742242,C++,C++14 (GCC 5.4.1),cpp,Accepted,1.0,256.0,665,
s859564990,p03805,u272741005,1563686394,C++,C++14 (GCC 5.4.1),cpp,Accepted,1.0,256.0,1042,
s162527094,p03805,u988961969,1563662609,C++,C++14 (GCC 5.4.1),cpp,Accepted,1.0,256.0,852,
s466704145,p03805,u051401873,1563661865,Python,Python (3.4.3),py,Accepted,44.0,3064.0,582,
s819376042,p03805,u211109468,1563661508,C++,C++14 (GCC 5.4.1),cpp,Accepted,23.0,256.0,666,
s724765156,p03805,u211109468,1563661425,C++,C++14 (GCC 5.4.1),cpp,Accepted,23.0,256.0,886,
s802469318,p03805,u174434198,1563653347,C++,C++14 (GCC 5.4.1),cpp,Accepted,1.0,256.0,879,
s643311399,p03805,u960687982,1563642713,C++,C++14 (GCC 5.4.1),cpp,Accepted,2.0,256.0,803,
s271875101,p03805,u078832908,1563599875,C++,C++14 (Clang 3.8.0),cpp,Accepted,2.0,256.0,1809,
s988888764,p03805,u458798873,1563599680,C++,C++14 (GCC 5.4.1),cpp,Accepted,1.0,256.0,1287,
s278574418,p03805,u054501336,1563461456,C++,C++14 (GCC 5.4.1),cpp,Accepted,1.0,256.0,1221,
s642745527,p03805,u140739684,1563450785,C++,C++14 (GCC 5.4.1),cpp,Accepted,1.0,256.0,3298,
s655022396,p03805,u445619807,1563425439,C++,C++14 (GCC 5.4.1),cpp,Accepted,5.0,256.0,1418,
s125176119,p03805,u497596438,1563424107,C++,C++14 (GCC 5.4.1),cpp,Accepted,1.0,256.0,610,
s582700817,p03805,u593938737,1563419632,Python,Python (3.4.3),py,Accepted,29.0,3064.0,535,
s599162442,p03805,u947426792,1563418170,C++,C++14 (GCC 5.4.1),cpp,Accepted,2.0,256.0,929,
s582525501,p03805,u353919145,1563410183,C++,C++14 (GCC 5.4.1),cpp,Accepted,2.0,256.0,2051,
s735363291,p03805,u228165787,1563410154,C++,C++14 (GCC 5.4.1),cpp,Accepted,2.0,256.0,2051,
s153721421,p03805,u069450081,1563405038,C++,C++14 (GCC 5.4.1),cpp,Accepted,6.0,256.0,1565,
s528436021,p03805,u166378830,1563397794,C++,C++14 (GCC 5.4.1),cpp,Accepted,1.0,256.0,501,
s577769991,p03805,u172111219,1563397584,Python,PyPy3 (2.4.0),py,Accepted,258.0,42844.0,451,
s574640200,p03805,u676059589,1563375229,Python,Python (3.4.3),py,Accepted,31.0,3192.0,1344,
s883781981,p03805,u473291366,1563372495,Python,Python (3.4.3),py,Accepted,27.0,3064.0,444,
s594911964,p03805,u660834360,1563360933,C++,C++14 (GCC 5.4.1),cpp,Accepted,1.0,256.0,843,
s584845732,p03805,u872887731,1563343271,Python,Python (3.4.3),py,Accepted,37.0,3064.0,733,
s575515120,p03805,u532573979,1563339877,C++,C++14 (GCC 5.4.1),cpp,Accepted,3.0,256.0,1047,
s205675799,p03805,u532573979,1563339834,C++,C++14 (GCC 5.4.1),cpp,Accepted,3.0,384.0,1047,
s382647492,p03805,u093744128,1563339801,C++,C++14 (GCC 5.4.1),cpp,Accepted,1.0,256.0,723,
s455785765,p03805,u194908943,1563331781,C++,C++14 (GCC 5.4.1),cpp,Accepted,1.0,256.0,1698,
s363863921,p03805,u241908712,1563324631,C++,C++14 (GCC 5.4.1),cpp,Accepted,1.0,256.0,982,
s963066314,p03805,u620059302,1563306328,C++,C++14 (GCC 5.4.1),cpp,Accepted,17.0,256.0,747,
s198407927,p03805,u561443723,1563298780,C++,C++14 (Clang 3.8.0),cpp,Accepted,1.0,256.0,790,
s918496187,p03805,u194385557,1563281633,C++,C++14 (Clang 3.8.0),cpp,Accepted,1.0,256.0,1226,
s720344605,p03805,u322714721,1563206645,C++,C++14 (GCC 5.4.1),cpp,Accepted,1.0,256.0,622,
s072985669,p03805,u322714721,1563204230,C++,C++14 (GCC 5.4.1),cpp,Accepted,2.0,256.0,930,
s475672676,p03805,u593555034,1563168905,C++,C++14 (GCC 5.4.1),cpp,Accepted,1.0,256.0,966,
s753305407,p03805,u912534104,1563164233,C++,C++14 (GCC 5.4.1),cpp,Accepted,9.0,256.0,861,
s423413308,p03805,u359619351,1563146224,Python,Python (3.4.3),py,Accepted,56.0,5676.0,1663,
s344067488,p03805,u474423089,1563142811,Python,Python (3.4.3),py,Accepted,37.0,3064.0,764,
s377323613,p03805,u442591725,1563115699,C++,C++14 (GCC 5.4.1),cpp,Accepted,6.0,256.0,766,
s023687013,p03805,u191874006,1563092986,Python,Python (3.4.3),py,Accepted,38.0,8052.0,496,
s268830217,p03805,u511965386,1563058228,Python,PyPy3 (2.4.0),py,Accepted,203.0,43996.0,499,
s420053421,p03805,u578938637,1563026177,C++,C++14 (Clang 3.8.0),cpp,Accepted,10.0,888.0,1842,
s365730088,p03805,u863370423,1563012667,C++,C++14 (GCC 5.4.1),cpp,Accepted,2.0,256.0,1883,
s365836749,p03805,u816631826,1563009595,C++,C++14 (GCC 5.4.1),cpp,Accepted,9.0,256.0,924,
s862102209,p03805,u200785298,1562982103,Python,Python (3.4.3),py,Accepted,24.0,3064.0,1248,
s549780690,p03805,u366398972,1562971084,C++,C++14 (GCC 5.4.1),cpp,Accepted,1.0,256.0,712,
s234180241,p03805,u465233477,1562970584,C++,C++14 (GCC 5.4.1),cpp,Accepted,1.0,256.0,740,
s220108817,p03805,u465233477,1562964487,C++,C++14 (GCC 5.4.1),cpp,Accepted,2.0,256.0,915,
s708337542,p03805,u901615543,1562952532,C++,C++14 (GCC 5.4.1),cpp,Accepted,1.0,256.0,1100,
s871425152,p03805,u963055157,1562891028,C++,C++14 (GCC 5.4.1),cpp,Accepted,2.0,256.0,760,
s542765524,p03805,u494379309,1562883363,C++,C++14 (GCC 5.4.1),cpp,Accepted,6.0,256.0,1012,
s009746964,p03805,u828766688,1562870930,Python,Python (3.4.3),py,Accepted,191.0,3700.0,479,
s823524137,p03805,u034865202,1562844741,C++,C++14 (GCC 5.4.1),cpp,Accepted,1.0,256.0,4695,
s986360664,p03805,u532966492,1562814565,Python,Python (3.4.3),py,Accepted,39.0,8052.0,442,
s841084013,p03805,u052247353,1562811533,C++,C++14 (GCC 5.4.1),cpp,Accepted,1.0,256.0,790,
s699519481,p03805,u239316561,1562794717,C++,C++14 (GCC 5.4.1),cpp,Accepted,1.0,256.0,1004,
s211359272,p03805,u869282786,1562769846,C++,C++14 (GCC 5.4.1),cpp,Accepted,1.0,256.0,842,
s491617679,p03805,u779170803,1562735587,Python,Python (3.4.3),py,Accepted,58.0,3064.0,570,
s589644449,p03805,u259335077,1562729547,C++,C++14 (GCC 5.4.1),cpp,Accepted,1.0,256.0,2571,
s628629188,p03805,u865741247,1562718585,Python,Python (3.4.3),py,Accepted,27.0,3568.0,558,
s763642785,p03805,u303059352,1562710887,C++,C++14 (GCC 5.4.1),cpp,Accepted,1.0,256.0,4757,
s158332108,p03805,u809967037,1562703163,C++,C++14 (GCC 5.4.1),cpp,Accepted,3.0,384.0,750,
s188360150,p03805,u314008046,1562700446,C++,C++14 (GCC 5.4.1),cpp,Accepted,2.0,256.0,915,
s748182897,p03805,u761529120,1562636153,Python,Python (3.4.3),py,Accepted,34.0,3064.0,509,
s245475689,p03805,u537859408,1562607534,C++,C++14 (GCC 5.4.1),cpp,Accepted,1.0,256.0,1209,
s656768106,p03805,u285443936,1562604755,Python,Python (3.4.3),py,Accepted,25.0,3188.0,376,
s110397069,p03805,u537859408,1562597903,C++,C++14 (GCC 5.4.1),cpp,Accepted,1.0,256.0,685,
s173812862,p03805,u845152373,1562591389,C++,C++14 (GCC 5.4.1),cpp,Accepted,1.0,256.0,1083,
s167730552,p03805,u914992391,1562480415,C++,C++14 (GCC 5.4.1),cpp,Accepted,3.0,256.0,1325,
s104517632,p03805,u945359338,1562478235,C++,C++14 (GCC 5.4.1),cpp,Accepted,1.0,256.0,563,
s584627813,p03805,u432194969,1562472189,C++,C++14 (GCC 5.4.1),cpp,Accepted,39.0,256.0,1160,
s320204705,p03805,u335667012,1562465669,C++,C++14 (GCC 5.4.1),cpp,Accepted,3.0,256.0,1288,
s367141956,p03805,u822169805,1562456872,C++,C++14 (GCC 5.4.1),cpp,Accepted,2.0,256.0,984,
s560896453,p03805,u090325904,1562442162,C++,C++14 (GCC 5.4.1),cpp,Accepted,2.0,2560.0,980,
s952110363,p03805,u244626757,1562379533,C++,C++14 (GCC 5.4.1),cpp,Accepted,1.0,256.0,758,
s136271063,p03805,u504562455,1562379163,Python,Python (3.4.3),py,Accepted,89.0,3064.0,563,
s337170935,p03805,u244626757,1562378068,C++,C++14 (GCC 5.4.1),cpp,Accepted,2.0,256.0,615,
s235696156,p03805,u389910364,1562369976,Python,Python (3.4.3),py,Accepted,196.0,13656.0,910,
s812846373,p03805,u614314290,1562357158,Python,Python (3.4.3),py,Accepted,46.0,3064.0,390,
s398107582,p03805,u904123392,1562291278,C++,C++14 (GCC 5.4.1),cpp,Accepted,1.0,256.0,840,
s906149788,p03805,u492352831,1562285235,C++,C++14 (Clang 3.8.0),cpp,Accepted,1.0,256.0,754,
s199720340,p03805,u761529120,1562205584,Python,Python (3.4.3),py,Accepted,37.0,3064.0,570,
s570058617,p03805,u397037010,1562194913,C++,C++14 (GCC 5.4.1),cpp,Accepted,3.0,256.0,3007,
s380822810,p03805,u654470292,1562189356,Python,PyPy3 (2.4.0),py,Accepted,341.0,50776.0,548,
s240717469,p03805,u180058306,1562188005,Python,Python (3.4.3),py,Accepted,27.0,3064.0,1019,
s057062135,p03805,u180058306,1562186560,Python,Python (3.4.3),py,Accepted,44.0,3828.0,916,
s191102218,p03805,u677440371,1562129490,Python,Python (3.4.3),py,Accepted,34.0,3064.0,443,
s774875272,p03805,u519194615,1562128385,C++,C++14 (GCC 5.4.1),cpp,Accepted,1.0,256.0,812,
s590888652,p03805,u492352831,1562114855,C++,C++14 (Clang 3.8.0),cpp,Accepted,1.0,256.0,639,
s288152963,p03805,u075250977,1562109860,C++,C++14 (GCC 5.4.1),cpp,Accepted,9.0,256.0,1189,
s203236381,p03805,u677440371,1562035289,Python,Python (3.4.3),py,Accepted,34.0,3064.0,455,
s273014586,p03805,u222293734,1562033491,C++,C++14 (GCC 5.4.1),cpp,Accepted,2.0,256.0,2869,
s673017047,p03805,u007550226,1562016571,Python,Python (3.4.3),py,Accepted,33.0,3064.0,524,
s250984884,p03805,u820047642,1561992419,Python,Python (3.4.3),py,Accepted,94.0,3064.0,414,
s106984986,p03805,u710135612,1561988506,C++,C++14 (GCC 5.4.1),cpp,Accepted,1.0,256.0,667,
s976864058,p03805,u911575040,1561955749,Python,Python (3.4.3),py,Accepted,31.0,3064.0,294,
s997231037,p03805,u087917227,1561927633,Python,PyPy3 (2.4.0),py,Accepted,230.0,43504.0,447,
s713852598,p03805,u133607477,1561899881,C++,C++14 (Clang 3.8.0),cpp,Accepted,7.0,888.0,1167,
s503081694,p03805,u525137785,1561867170,C++,C++14 (GCC 5.4.1),cpp,Accepted,1.0,256.0,796,
s202628733,p03805,u608499300,1561862855,C++,C++14 (GCC 5.4.1),cpp,Accepted,1.0,256.0,912,
s343613276,p03805,u714300041,1561845290,Python,Python (3.4.3),py,Accepted,28.0,3064.0,436,
s733111574,p03805,u450956662,1561840112,Python,Python (3.4.3),py,Accepted,26.0,3064.0,439,
s588445457,p03805,u899645116,1561824086,C++,C++14 (GCC 5.4.1),cpp,Accepted,1.0,256.0,2071,
s760496119,p03805,u899645116,1561822550,C++,C++14 (GCC 5.4.1),cpp,Accepted,1.0,256.0,1266,
s795771961,p03805,u209713918,1561812127,C++,C++14 (GCC 5.4.1),cpp,Accepted,1.0,128.0,1258,
s630593758,p03805,u052332717,1561789871,C++,C++14 (GCC 5.4.1),cpp,Accepted,1.0,256.0,1226,
s833017582,p03805,u623349537,1561763491,C++,C++14 (GCC 5.4.1),cpp,Accepted,1.0,256.0,892,
s991439635,p03805,u265768297,1561760202,C++,C++14 (GCC 5.4.1),cpp,Accepted,1.0,256.0,829,
s434500607,p03805,u711539583,1561727758,Python,Python (3.4.3),py,Accepted,28.0,3064.0,374,
s101407806,p03805,u879870653,1561719643,Python,Python (3.4.3),py,Accepted,28.0,3572.0,448,
s557542080,p03805,u646566591,1561711603,C++,C++14 (GCC 5.4.1),cpp,Accepted,1.0,256.0,2017,
s681552145,p03805,u481187938,1561690839,Python,PyPy3 (2.4.0),py,Accepted,269.0,48092.0,1726,
s459666041,p03805,u651803486,1561689081,Python,Python (3.4.3),py,Accepted,27.0,3064.0,595,
s346039799,p03805,u900045983,1561688603,Python,Python (3.4.3),py,Accepted,869.0,14212.0,1176,
s440118553,p03805,u195054737,1561682494,C++,C++14 (GCC 5.4.1),cpp,Accepted,1.0,256.0,2159,
s644424361,p03805,u371535422,1561660839,C++,C++14 (GCC 5.4.1),cpp,Accepted,4.0,1280.0,4984,
s435525746,p03805,u819300485,1561652019,C++,C++14 (GCC 5.4.1),cpp,Accepted,1.0,256.0,1162,
s457513898,p03805,u290693410,1561623145,C++,C++14 (GCC 5.4.1),cpp,Accepted,2.0,256.0,1081,
s158725536,p03805,u106297876,1561612527,C++,C++14 (GCC 5.4.1),cpp,Accepted,2.0,256.0,1242,
s476068941,p03805,u171366497,1561608475,C++,C++14 (GCC 5.4.1),cpp,Accepted,4.0,256.0,1626,
s427665176,p03805,u306142032,1561579994,C++,C++14 (GCC 5.4.1),cpp,Accepted,1.0,256.0,2170,
s188322679,p03805,u102602414,1561575489,C++,C++14 (GCC 5.4.1),cpp,Accepted,2.0,256.0,988,
s807932846,p03805,u698284709,1561574318,C++,C++14 (GCC 5.4.1),cpp,Accepted,1.0,256.0,565,
s917248377,p03805,u018872912,1561557322,C++,C++14 (GCC 5.4.1),cpp,Accepted,1.0,256.0,911,
s334252835,p03805,u276568758,1561537854,C++,C++14 (GCC 5.4.1),cpp,Accepted,1.0,256.0,925,
s410412116,p03805,u729133443,1561535563,Python,PyPy3 (2.4.0),py,Accepted,205.0,43100.0,200,
s290446472,p03805,u729133443,1561535524,Python,Python (3.4.3),py,Accepted,29.0,3060.0,200,
s687597422,p03805,u584174687,1561517636,Python,PyPy3 (2.4.0),py,Accepted,186.0,40304.0,699,
s417022370,p03805,u334656323,1561516388,C++,C++14 (GCC 5.4.1),cpp,Accepted,1.0,256.0,6075,
s708084465,p03805,u879870653,1561515799,Python,Python (3.4.3),py,Accepted,28.0,3572.0,458,
s590915244,p03805,u528005130,1561507190,C++,C++14 (GCC 5.4.1),cpp,Accepted,6.0,640.0,1175,
s521021213,p03805,u665038048,1561500907,Python,Python (3.4.3),py,Accepted,48.0,3064.0,303,
s065079651,p03805,u894258749,1561499504,Python,Python (3.4.3),py,Accepted,27.0,3064.0,419,
s989903610,p03805,u894258749,1561499391,Python,Python (3.4.3),py,Accepted,27.0,3064.0,419,
s529089715,p03805,u894258749,1561499140,Python,Python (3.4.3),py,Accepted,27.0,3064.0,419,
s256625526,p03805,u379692329,1561496374,Python,Python (3.4.3),py,Accepted,38.0,8052.0,508,
s253086331,p03805,u077337864,1561495636,C++,C++14 (GCC 5.4.1),cpp,Accepted,2.0,256.0,898,
s430951859,p03805,u765690804,1561483997,C++,C++14 (GCC 5.4.1),cpp,Accepted,2.0,256.0,953,
s431202116,p03805,u138062788,1561476125,C++,C++14 (GCC 5.4.1),cpp,Accepted,3.0,384.0,1126,
s460245453,p03805,u777923818,1561434748,Python,PyPy3 (2.4.0),py,Accepted,174.0,39664.0,416,
s473245740,p03805,u226023982,1561412547,C++,C++14 (GCC 5.4.1),cpp,Accepted,1.0,256.0,631,
s120199780,p03805,u973991908,1561412213,C++,C++14 (GCC 5.4.1),cpp,Accepted,1.0,256.0,580,
s349685575,p03805,u863507492,1561406824,C++,C++14 (GCC 5.4.1),cpp,Accepted,1.0,256.0,587,
s437422796,p03805,u133886644,1561399005,Python,Python (3.4.3),py,Accepted,27.0,3064.0,497,
s651500148,p03805,u247554097,1561389474,Python,Python (3.4.3),py,Accepted,27.0,3064.0,663,
s262005554,p03805,u280978334,1561339110,Python,Python (3.4.3),py,Accepted,33.0,3064.0,582,
s582662429,p03805,u116523315,1561324684,C++,C++14 (GCC 5.4.1),cpp,Accepted,6.0,256.0,982,
s248264980,p03805,u116523315,1561324053,C++,C++14 (GCC 5.4.1),cpp,Accepted,6.0,256.0,1002,
s484836196,p03805,u843036991,1561320361,C++,C++14 (GCC 5.4.1),cpp,Accepted,6.0,256.0,640,
s739543850,p03805,u525137785,1561308143,C++,C++14 (GCC 5.4.1),cpp,Accepted,1.0,256.0,841,
s758329071,p03805,u991846372,1561294811,C++,C++14 (GCC 5.4.1),cpp,Accepted,21.0,256.0,665,
s960511897,p03805,u991846372,1561294480,C++,C++14 (GCC 5.4.1),cpp,Accepted,1.0,256.0,556,
s976147978,p03805,u991846372,1561294396,C++,C++14 (GCC 5.4.1),cpp,Accepted,1.0,256.0,1031,
s829721069,p03805,u991846372,1561294314,C++,C++14 (GCC 5.4.1),cpp,Accepted,1.0,256.0,1061,
s343396205,p03805,u991846372,1561294248,C++,C++14 (GCC 5.4.1),cpp,Accepted,1.0,256.0,1063,
s031613977,p03805,u991846372,1561293669,C++,C++14 (GCC 5.4.1),cpp,Accepted,1.0,256.0,576,
s777758126,p03805,u704630096,1561282770,C++,C++14 (GCC 5.4.1),cpp,Accepted,5.0,640.0,2557,
s790819009,p03805,u638320267,1561257992,Python,Python (3.4.3),py,Accepted,27.0,3064.0,497,
s172472524,p03805,u480892088,1561249294,C++,C++14 (GCC 5.4.1),cpp,Accepted,2.0,256.0,613,
s097490413,p03805,u845620905,1561249042,Python,Python (3.4.3),py,Accepted,31.0,3188.0,486,
s796695661,p03805,u022832318,1561248702,C++,C++14 (GCC 5.4.1),cpp,Accepted,1.0,256.0,923,
s601425590,p03805,u877476774,1561212479,C++,C++14 (GCC 5.4.1),cpp,Accepted,2.0,256.0,758,
s376786195,p03805,u403301154,1561186136,Python,Python (3.4.3),py,Accepted,26.0,3316.0,434,
s019671876,p03805,u414425367,1561183973,C++,C++14 (GCC 5.4.1),cpp,Accepted,1.0,256.0,1025,
s005709573,p03805,u298297089,1561150372,Python,Python (3.4.3),py,Accepted,30.0,3444.0,467,
s004128474,p03805,u159117146,1561146329,C++,C++14 (GCC 5.4.1),cpp,Accepted,2.0,256.0,818,
s015143013,p03805,u153867760,1561084165,C++,C++14 (GCC 5.4.1),cpp,Accepted,1.0,256.0,6600,
s201026919,p03805,u256031597,1561083940,Python,Python (3.4.3),py,Accepted,37.0,3064.0,467,
s000963140,p03805,u025592199,1561082606,C++,C++14 (GCC 5.4.1),cpp,Accepted,1.0,256.0,1208,
s397514839,p03805,u025592199,1561082573,C++,C++14 (GCC 5.4.1),cpp,Accepted,1.0,256.0,1242,
s837813428,p03805,u279493135,1561038317,Python,Python (3.4.3),py,Accepted,49.0,5176.0,915,
s302593875,p03805,u702582248,1560996056,C++,C++14 (GCC 5.4.1),cpp,Accepted,1.0,256.0,1710,
s694239576,p03805,u294211484,1560957415,Python,Python (3.4.3),py,Accepted,76.0,3188.0,1146,
s826787047,p03805,u251828455,1560941825,C++,C++14 (GCC 5.4.1),cpp,Accepted,1.0,256.0,492,
s290761731,p03805,u611368136,1560917746,Python,Python (3.4.3),py,Accepted,60.0,3064.0,512,
s306993449,p03805,u102461423,1560917649,Python,Python (3.4.3),py,Accepted,33.0,3064.0,380,
s701900732,p03805,u369105927,1560917343,Python,Python (3.4.3),py,Accepted,54.0,4724.0,434,
s698813267,p03805,u547844563,1560891454,C++,C++14 (GCC 5.4.1),cpp,Accepted,1.0,256.0,677,
s849461028,p03805,u399721252,1560873556,Python,PyPy3 (2.4.0),py,Accepted,329.0,49880.0,680,
s813371295,p03805,u722535636,1560847755,Python,Python (3.4.3),py,Accepted,50.0,4084.0,313,
s033159694,p03805,u782733831,1560824695,C++,C++14 (GCC 5.4.1),cpp,Accepted,1.0,256.0,799,
s388892569,p03805,u580904613,1560822745,Python,Python (3.4.3),py,Accepted,28.0,3064.0,544,
s683020350,p03805,u017271745,1560819288,C++,C++14 (GCC 5.4.1),cpp,Accepted,1.0,256.0,909,
s763722197,p03805,u683667873,1560815629,C++,C++14 (GCC 5.4.1),cpp,Accepted,1.0,256.0,916,
s621763410,p03805,u315703650,1560795791,Python,Python (3.4.3),py,Accepted,38.0,3064.0,1150,
s551896940,p03805,u254521846,1560743494,C++,C++14 (GCC 5.4.1),cpp,Accepted,2.0,256.0,3138,
s367572603,p03805,u185294445,1560742318,C++,C++14 (GCC 5.4.1),cpp,Accepted,6.0,256.0,3233,
s470472477,p03805,u185294445,1560742293,C++,C++14 (GCC 5.4.1),cpp,Accepted,6.0,256.0,3302,
s980173666,p03805,u863279562,1560732176,C++,C++14 (GCC 5.4.1),cpp,Accepted,9.0,764.0,1068,
s132039178,p03805,u898143674,1560715027,C++,C++14 (GCC 5.4.1),cpp,Accepted,2.0,256.0,596,
s613257187,p03805,u575781793,1560699397,C++,C++14 (GCC 5.4.1),cpp,Accepted,1.0,256.0,7044,
s454723207,p03805,u714642046,1560693495,C++,C++14 (GCC 5.4.1),cpp,Accepted,3.0,256.0,850,
s664245400,p03805,u860295211,1560646436,C++,C++14 (GCC 5.4.1),cpp,Accepted,2.0,256.0,908,
s229839483,p03805,u672494157,1560632168,Python,PyPy3 (2.4.0),py,Accepted,193.0,44912.0,1045,
s100663894,p03805,u407416173,1560601184,C++,C++14 (GCC 5.4.1),cpp,Accepted,1.0,256.0,848,
s208567546,p03805,u806855121,1560562681,Python,Python (3.4.3),py,Accepted,35.0,3444.0,452,
s260467924,p03805,u977193988,1560547865,Python,Python (3.4.3),py,Accepted,26.0,3064.0,496,
s809353441,p03805,u190018920,1560544582,C++,C++14 (GCC 5.4.1),cpp,Accepted,1.0,256.0,1006,
s452988998,p03805,u170324846,1560537711,Python,PyPy3 (2.4.0),py,Accepted,189.0,41564.0,456,
s000143848,p03805,u406158207,1560493180,C++,C++14 (GCC 5.4.1),cpp,Accepted,1.0,256.0,1371,
s154014542,p03805,u406158207,1560491823,C++,C++14 (GCC 5.4.1),cpp,Accepted,1.0,256.0,1318,
s320224466,p03805,u997325490,1560484929,C++,C++14 (GCC 5.4.1),cpp,Accepted,1.0,256.0,1031,
s149244180,p03805,u850266651,1560437193,C++,C++14 (GCC 5.4.1),cpp,Accepted,1.0,256.0,2805,
s908092811,p03805,u107750531,1560436101,C++,C++14 (GCC 5.4.1),cpp,Accepted,2.0,384.0,967,
s746093334,p03805,u107750531,1560434919,C++,C++14 (GCC 5.4.1),cpp,Accepted,1.0,256.0,865,
s742764587,p03805,u520129469,1560409292,C++,C++14 (GCC 5.4.1),cpp,Accepted,1.0,256.0,1038,
s469161712,p03805,u623819879,1560396832,Python,PyPy3 (2.4.0),py,Accepted,276.0,49880.0,462,
s765031415,p03805,u898167769,1560391748,C++,C++14 (GCC 5.4.1),cpp,Accepted,1.0,256.0,1544,
s092371013,p03805,u416773418,1560391720,Python,Python (3.4.3),py,Accepted,30.0,3572.0,496,
s497669835,p03805,u130834452,1560386855,C++,C++14 (GCC 5.4.1),cpp,Accepted,1.0,256.0,576,
s442014524,p03805,u614314290,1560375561,Python,Python (3.4.3),py,Accepted,27.0,3064.0,393,
s910368659,p03805,u704001626,1560314634,Python,Python (3.4.3),py,Accepted,133.0,3700.0,535,
s842546385,p03805,u131405882,1560305514,Python,Python (3.4.3),py,Accepted,25.0,3064.0,509,
s857580676,p03805,u547844563,1560284418,C++,C++14 (GCC 5.4.1),cpp,Accepted,1.0,256.0,576,
s171783622,p03805,u547844563,1560283313,C++,C++14 (GCC 5.4.1),cpp,Accepted,2.0,256.0,651,
s418041912,p03805,u166378830,1560269363,C++,C++14 (GCC 5.4.1),cpp,Accepted,2.0,256.0,744,
s690643736,p03805,u923712635,1560223903,Python,Python (3.4.3),py,Accepted,25.0,3064.0,432,
s126010503,p03805,u497046426,1560218899,Python,Python (3.4.3),py,Accepted,56.0,3064.0,367,
s456980427,p03805,u568682546,1560209957,C++,C++14 (GCC 5.4.1),cpp,Accepted,1.0,256.0,796,
s432385278,p03805,u537538698,1560179490,C++,C++14 (GCC 5.4.1),cpp,Accepted,5.0,256.0,861,
s158584889,p03805,u923238225,1560163952,C++,C++14 (GCC 5.4.1),cpp,Accepted,1.0,256.0,1319,
s052374690,p03805,u531436689,1560145264,Python,Python (3.4.3),py,Accepted,53.0,5392.0,704,
s806592150,p03805,u303039933,1560127914,C++,C++14 (GCC 5.4.1),cpp,Accepted,9.0,764.0,1215,
s713872881,p03805,u403800404,1560126077,C++,C++14 (GCC 5.4.1),cpp,Accepted,1.0,256.0,1555,
s106156381,p03805,u403800404,1560116933,C++,C++14 (GCC 5.4.1),cpp,Accepted,2.0,256.0,1307,
s769305462,p03805,u403800404,1560114932,C++,C++14 (GCC 5.4.1),cpp,Accepted,1.0,256.0,968,
s811284399,p03805,u403800404,1560114817,C++,C++14 (GCC 5.4.1),cpp,Accepted,1.0,256.0,957,
s055914964,p03805,u403800404,1560114598,C++,C++14 (GCC 5.4.1),cpp,Accepted,2.0,256.0,1085,
s522986377,p03805,u403800404,1560114170,C++,C++14 (GCC 5.4.1),cpp,Accepted,3.0,384.0,1021,
s174988773,p03805,u047102107,1560112685,C++,C++14 (GCC 5.4.1),cpp,Accepted,1.0,256.0,832,
s865349211,p03805,u346395915,1560108863,Python,Python (3.4.3),py,Accepted,58.0,3064.0,321,
s781337398,p03805,u475503988,1560102865,Python,Python (3.4.3),py,Accepted,33.0,3064.0,748,
s030644673,p03805,u951952491,1560101750,C++,C++14 (GCC 5.4.1),cpp,Accepted,1.0,256.0,842,
s525379782,p03805,u052332717,1560094382,C++,C++14 (GCC 5.4.1),cpp,Accepted,1.0,256.0,1185,
s112983310,p03805,u057109575,1560091389,Python,Python (3.4.3),py,Accepted,27.0,3064.0,527,
s367247548,p03805,u057109575,1560091303,Python,PyPy3 (2.4.0),py,Accepted,205.0,42972.0,571,
s620119754,p03805,u057109575,1560091186,Python,PyPy3 (2.4.0),py,Accepted,202.0,42972.0,575,
s512532627,p03805,u057109575,1560091131,Python,PyPy3 (2.4.0),py,Accepted,203.0,43100.0,579,
s891114522,p03805,u057109575,1560090921,Python,PyPy3 (2.4.0),py,Accepted,199.0,43228.0,529,
s345405293,p03805,u929569377,1560074497,Python,Python (3.4.3),py,Accepted,37.0,3064.0,620,
s516715980,p03805,u138013242,1560054981,Python,PyPy3 (2.4.0),py,Accepted,208.0,43500.0,566,
s820915604,p03805,u633967774,1560043298,C++,C++14 (GCC 5.4.1),cpp,Accepted,1.0,256.0,792,
s889584133,p03805,u280096880,1560007836,C++,C++14 (GCC 5.4.1),cpp,Accepted,1.0,256.0,993,
s188687067,p03805,u630664279,1559944208,C++,C++14 (GCC 5.4.1),cpp,Accepted,2.0,256.0,730,
s619179914,p03805,u321226359,1559941452,C++,C++14 (GCC 5.4.1),cpp,Accepted,2.0,256.0,1046,
s188631844,p03805,u679245300,1559920940,C++,C++14 (GCC 5.4.1),cpp,Accepted,1.0,256.0,722,
s877856619,p03805,u423779789,1559895032,C++,C++14 (GCC 5.4.1),cpp,Accepted,1.0,256.0,1013,
s871647952,p03805,u436045956,1559867403,C++,C++14 (GCC 5.4.1),cpp,Accepted,1.0,256.0,1051,
s588520613,p03805,u462437857,1559847466,C++,C++14 (GCC 5.4.1),cpp,Accepted,1.0,256.0,635,
s510377149,p03805,u968365254,1559847095,C++,C++14 (GCC 5.4.1),cpp,Accepted,1.0,256.0,726,
s543556600,p03805,u462437857,1559847039,C++,C++14 (GCC 5.4.1),cpp,Accepted,1.0,256.0,611,
s079695627,p03805,u879870653,1559834450,Python,Python (3.4.3),py,Accepted,155.0,3064.0,592,
s247237317,p03805,u505420467,1559832556,Python,Python (3.4.3),py,Accepted,26.0,3064.0,391,
s512247877,p03805,u051493691,1559802004,C++,C++14 (GCC 5.4.1),cpp,Accepted,2.0,256.0,7622,
s540987390,p03805,u838644735,1559799287,Python,PyPy3 (2.4.0),py,Accepted,225.0,43996.0,752,
s969481392,p03805,u196697332,1559788660,Python,Python (3.4.3),py,Accepted,35.0,3064.0,788,
s884075750,p03805,u990641118,1559781910,C++,C++14 (GCC 5.4.1),cpp,Accepted,2.0,256.0,833,
s249146064,p03805,u217348908,1559776791,C++,C++14 (GCC 5.4.1),cpp,Accepted,3.0,256.0,1077,
s795015870,p03805,u037430802,1559757091,Python,Python (3.4.3),py,Accepted,138.0,3444.0,507,
s089336471,p03805,u223646582,1559734773,Python,Python (3.4.3),py,Accepted,65.0,8052.0,329,
s606955826,p03805,u160754729,1559709448,C++,C++14 (GCC 5.4.1),cpp,Accepted,1.0,256.0,861,
s136764328,p03805,u572144347,1559704938,C++,C++14 (GCC 5.4.1),cpp,Accepted,2.0,256.0,675,
s497917168,p03805,u992875223,1559702906,C++,C++14 (GCC 5.4.1),cpp,Accepted,2.0,256.0,862,
s057425237,p03805,u424110125,1559702008,C++,C++14 (GCC 5.4.1),cpp,Accepted,1.0,256.0,3759,
s555550257,p03805,u734548018,1559698289,Python,Python (3.4.3),py,Accepted,27.0,3060.0,388,
s934949997,p03805,u288087195,1559697486,C++,C++14 (GCC 5.4.1),cpp,Accepted,2.0,256.0,904,
s653571996,p03805,u734548018,1559697410,Python,Python (3.4.3),py,Accepted,27.0,3064.0,378,
s397831775,p03805,u386819480,1559692965,Python,Python (3.4.3),py,Accepted,24.0,3064.0,1167,
s902581343,p03805,u323226139,1559675692,C++,C++14 (GCC 5.4.1),cpp,Accepted,1.0,256.0,1389,
s141030240,p03805,u083668616,1559674232,Python,PyPy3 (2.4.0),py,Accepted,257.0,43120.0,647,
s644378068,p03805,u990764614,1559672241,C++,C++14 (GCC 5.4.1),cpp,Accepted,2.0,256.0,707,
s079879690,p03805,u885899351,1559671179,Python,Python (3.4.3),py,Accepted,28.0,3064.0,358,
s416207371,p03805,u687044304,1559669558,Python,Python (3.4.3),py,Accepted,77.0,3444.0,1301,
s726723215,p03805,u490932182,1559654645,C++,C++14 (GCC 5.4.1),cpp,Accepted,1.0,256.0,1157,
s905482989,p03805,u777864981,1559612993,C++,C++14 (GCC 5.4.1),cpp,Accepted,1.0,256.0,899,
s474035631,p03805,u843175622,1559582081,C++,C++14 (GCC 5.4.1),cpp,Accepted,1.0,256.0,639,
s356795243,p03805,u881599732,1559516023,C++,C++14 (GCC 5.4.1),cpp,Accepted,182.0,68244.0,746,
s286017163,p03805,u658993896,1559505188,C++,C++14 (GCC 5.4.1),cpp,Accepted,4.0,256.0,899,
s221607761,p03805,u521389909,1559504307,C++,C++14 (GCC 5.4.1),cpp,Accepted,2.0,256.0,779,
s631928769,p03805,u883323885,1559482510,C++,C++14 (GCC 5.4.1),cpp,Accepted,1.0,256.0,882,
s083805200,p03805,u200526653,1559448841,C++,C++14 (GCC 5.4.1),cpp,Accepted,6.0,256.0,1054,
s519247792,p03805,u547844563,1559432628,C++,C++14 (GCC 5.4.1),cpp,Accepted,2.0,256.0,634,
s796470131,p03805,u235057691,1559430762,C++,C++14 (GCC 5.4.1),cpp,Accepted,2.0,256.0,752,
s126767887,p03805,u652057333,1559426955,Python,PyPy3 (2.4.0),py,Accepted,179.0,40048.0,543,
s693382787,p03805,u139031151,1559409090,C++,C++14 (GCC 5.4.1),cpp,Accepted,1.0,256.0,2263,
s244553822,p03805,u147049801,1559401603,C++,C++14 (GCC 5.4.1),cpp,Accepted,1.0,256.0,1557,
s575980763,p03805,u146847434,1559368306,C++,C++14 (GCC 5.4.1),cpp,Accepted,263.0,51712.0,2066,
s092964393,p03805,u188117876,1559339152,C++,C++14 (GCC 5.4.1),cpp,Accepted,1.0,256.0,737,
s019557347,p03805,u476674388,1559271628,Python,Python (3.4.3),py,Accepted,31.0,3316.0,1224,
s785281415,p03805,u503870829,1559270251,C++,C++14 (GCC 5.4.1),cpp,Accepted,1.0,256.0,708,
s572744735,p03805,u138253748,1559270163,C++,C++14 (GCC 5.4.1),cpp,Accepted,1.0,256.0,518,
s889760156,p03805,u057109575,1559263982,Python,Python (3.4.3),py,Accepted,30.0,3064.0,569,
s782591935,p03805,u876386943,1559257917,C++,C++14 (GCC 5.4.1),cpp,Accepted,1.0,256.0,790,
s838026342,p03805,u441723963,1559255508,C++,C++14 (GCC 5.4.1),cpp,Accepted,2.0,256.0,1157,
s962255993,p03805,u697232864,1559249696,C++,C++14 (GCC 5.4.1),cpp,Accepted,2.0,256.0,1014,
s937506906,p03805,u213451288,1559247111,C++,C++14 (GCC 5.4.1),cpp,Accepted,2.0,256.0,916,
s644131544,p03805,u528720841,1559245750,C++,C++14 (GCC 5.4.1),cpp,Accepted,1.0,256.0,1598,
s859887379,p03805,u454557108,1559189374,Python,Python (3.4.3),py,Accepted,172.0,12436.0,573,
s582444817,p03805,u454557108,1559188981,Python,Python (3.4.3),py,Accepted,169.0,12444.0,592,
s440534211,p03805,u386107860,1559179962,C++,C++14 (GCC 5.4.1),cpp,Accepted,1.0,256.0,493,
s156357155,p03805,u756388720,1559171359,C++,C++14 (GCC 5.4.1),cpp,Accepted,1.0,256.0,522,
s240702938,p03805,u756388720,1559170844,C++,C++14 (GCC 5.4.1),cpp,Accepted,1.0,256.0,553,
s289879073,p03805,u756388720,1559169061,C++,C++14 (GCC 5.4.1),cpp,Accepted,1.0,256.0,599,
s268839381,p03805,u973991908,1559168025,C++,C++14 (GCC 5.4.1),cpp,Accepted,2.0,256.0,787,
s163934482,p03805,u348670055,1559160391,C++,C++14 (GCC 5.4.1),cpp,Accepted,1.0,256.0,852,
s009160430,p03805,u555168169,1559119137,C++,C++14 (GCC 5.4.1),cpp,Accepted,2.0,256.0,940,
s083793363,p03805,u133391510,1559111523,C++,C++14 (GCC 5.4.1),cpp,Accepted,1.0,256.0,1001,
s620613246,p03805,u731368968,1559100690,Python,Python (3.4.3),py,Accepted,27.0,3064.0,400,
s092787917,p03805,u041075929,1559067702,C++,C++14 (GCC 5.4.1),cpp,Accepted,2.0,256.0,799,
s994241048,p03805,u720365675,1559058857,C++,C++14 (GCC 5.4.1),cpp,Accepted,1.0,256.0,593,
s032035541,p03805,u059210959,1559025225,Python,Python (3.4.3),py,Accepted,139.0,5460.0,855,
s998967882,p03805,u997113115,1559024084,Python,Python (3.4.3),py,Accepted,47.0,3064.0,377,
s151778567,p03805,u338550320,1559005288,C++,C++14 (GCC 5.4.1),cpp,Accepted,2.0,256.0,628,
s346931606,p03805,u203033720,1558986670,C++,C++14 (GCC 5.4.1),cpp,Accepted,6.0,256.0,593,
s533455812,p03805,u251934638,1558961957,C++,C++14 (GCC 5.4.1),cpp,Accepted,1.0,256.0,1765,
s171445582,p03805,u970868612,1558900800,C++,C++14 (GCC 5.4.1),cpp,Accepted,1.0,256.0,994,
s040403376,p03805,u764600134,1558885278,Python,Python (3.4.3),py,Accepted,51.0,3188.0,635,
s602059385,p03805,u110996038,1558820858,C++,C++14 (GCC 5.4.1),cpp,Accepted,1.0,256.0,1051,
s663476479,p03805,u662614053,1558819903,C++,C++14 (GCC 5.4.1),cpp,Accepted,1.0,256.0,785,
s698221752,p03805,u177382472,1558810821,C++,C++14 (GCC 5.4.1),cpp,Accepted,1.0,256.0,1045,
s733676020,p03805,u177382472,1558810311,C++,C++14 (GCC 5.4.1),cpp,Accepted,1.0,256.0,1079,
s364048857,p03805,u193690465,1558802699,C++,C++14 (Clang 3.8.0),cpp,Accepted,2.0,256.0,16108,
s677667360,p03805,u193690465,1558802046,C++,C++14 (Clang 3.8.0),cpp,Accepted,3.0,256.0,16109,
s594757886,p03805,u197999770,1558766498,C++,C++14 (GCC 5.4.1),cpp,Accepted,5.0,256.0,1291,
s035833885,p03805,u513290715,1558756845,C++,C++14 (GCC 5.4.1),cpp,Accepted,1.0,256.0,2647,
s296956618,p03805,u969190727,1558749666,Python,Python (3.4.3),py,Accepted,57.0,3064.0,439,
s172715330,p03805,u891217808,1558739382,Python,Python (3.4.3),py,Accepted,211.0,3572.0,766,
s403670099,p03805,u394721319,1558725746,Python,Python (3.4.3),py,Accepted,29.0,3064.0,418,
s198167490,p03805,u540491484,1558720662,C++,C++14 (GCC 5.4.1),cpp,Accepted,2.0,256.0,908,
s941052643,p03805,u520703236,1558717161,C++,C++14 (GCC 5.4.1),cpp,Accepted,1.0,256.0,578,
s398938969,p03805,u824905100,1558667327,C++,C++14 (GCC 5.4.1),cpp,Accepted,2.0,256.0,4633,
s560288249,p03805,u190907730,1558641405,C++,C++14 (GCC 5.4.1),cpp,Accepted,1.0,256.0,1192,
s136425722,p03805,u869644355,1558611111,C++,C++14 (GCC 5.4.1),cpp,Accepted,2.0,256.0,676,
s809560713,p03805,u434662823,1558589201,C++,C++14 (GCC 5.4.1),cpp,Accepted,1.0,256.0,1356,
s386403283,p03805,u685774550,1558580956,C++,C++14 (GCC 5.4.1),cpp,Accepted,2.0,256.0,1908,
s452140358,p03805,u656771711,1558580640,C++,C++14 (GCC 5.4.1),cpp,Accepted,16.0,256.0,2213,
s218172588,p03805,u129836004,1558551128,Python,Python (3.4.3),py,Accepted,30.0,3064.0,586,
s263969109,p03805,u129836004,1558549740,Python,Python (3.4.3),py,Accepted,30.0,3064.0,408,
s406910172,p03805,u839397805,1558541162,C++,C++14 (GCC 5.4.1),cpp,Accepted,2.0,256.0,2388,
s653305808,p03805,u711340028,1558492030,C++,C++14 (GCC 5.4.1),cpp,Accepted,11.0,256.0,1157,
s495967397,p03805,u096100827,1558485057,C++,C++14 (GCC 5.4.1),cpp,Accepted,1.0,384.0,1057,
s557316348,p03805,u172873334,1558474923,C++,C++14 (GCC 5.4.1),cpp,Accepted,2.0,256.0,5011,
s858501412,p03805,u500026208,1558455264,C++,C++14 (GCC 5.4.1),cpp,Accepted,1.0,256.0,938,
s780040208,p03805,u497596438,1558444268,Python,PyPy3 (2.4.0),py,Accepted,200.0,39920.0,772,
s747975211,p03805,u039360403,1558432756,Python,Python (3.4.3),py,Accepted,65.0,8052.0,298,
s437534713,p03805,u278886389,1558393878,Python,Python (3.4.3),py,Accepted,27.0,3064.0,372,
s538079909,p03805,u962104148,1558387843,C++,C++14 (GCC 5.4.1),cpp,Accepted,1.0,256.0,991,
s337517696,p03805,u649915042,1558358487,C++,C++14 (GCC 5.4.1),cpp,Accepted,1.0,256.0,701,
s104065712,p03805,u687214625,1558322090,C++,C++14 (GCC 5.4.1),cpp,Accepted,1.0,256.0,943,
s785735137,p03805,u154289649,1558286525,C++,C++ (GCC 5.4.1),cpp,Accepted,1.0,256.0,670,
s455913498,p03805,u452009494,1558275738,C++,C++14 (GCC 5.4.1),cpp,Accepted,1.0,256.0,887,
s349360334,p03805,u924820636,1558271970,C++,C++14 (GCC 5.4.1),cpp,Accepted,2.0,256.0,979,
s469662412,p03805,u795630164,1558247159,Python,Python (3.4.3),py,Accepted,44.0,3064.0,467,
s353958916,p03805,u500944229,1558246845,Python,Python (3.4.3),py,Accepted,32.0,3064.0,497,
s065227044,p03805,u970690920,1558240021,C++,C++14 (GCC 5.4.1),cpp,Accepted,1.0,256.0,535,
s267002124,p03805,u197175300,1558206234,C++,C++14 (GCC 5.4.1),cpp,Accepted,6.0,256.0,1096,
s030813673,p03805,u186294233,1558147268,C++,C++14 (Clang 3.8.0),cpp,Accepted,3.0,256.0,1455,
s399706532,p03805,u785578220,1558129275,Python,Python (3.4.3),py,Accepted,31.0,3064.0,283,
s211852478,p03805,u785578220,1558128512,Python,Python (3.4.3),py,Accepted,29.0,3060.0,293,
s943800549,p03805,u441096482,1558063472,C++,C++14 (Clang 3.8.0),cpp,Accepted,2.0,256.0,1877,
s133321259,p03805,u784751818,1558055424,C++,C++14 (GCC 5.4.1),cpp,Accepted,2.0,256.0,791,
s903212390,p03805,u489109659,1558023656,C++,C++14 (GCC 5.4.1),cpp,Accepted,2.0,256.0,595,
s720073474,p03805,u116670634,1557971129,C++,C++14 (GCC 5.4.1),cpp,Accepted,7.0,256.0,1614,
s987506677,p03805,u143509139,1557969150,Python,Python (3.4.3),py,Accepted,46.0,3064.0,531,
s288133661,p03805,u710789518,1557952133,Python,Python (3.4.3),py,Accepted,34.0,3064.0,382,
s036837934,p03805,u172386990,1557897530,Python,Python (3.4.3),py,Accepted,928.0,14476.0,1065,
s031627208,p03805,u192361952,1557891201,C++,C++14 (GCC 5.4.1),cpp,Accepted,1.0,256.0,2430,
s156635546,p03805,u277153875,1557886061,C++,C++14 (GCC 5.4.1),cpp,Accepted,2.0,256.0,1498,
s276189785,p03805,u692650171,1557875880,C++,C++14 (GCC 5.4.1),cpp,Accepted,1.0,256.0,1486,
s534566322,p03805,u163320134,1557875248,Python,Python (3.4.3),py,Accepted,680.0,3188.0,380,
s161665155,p03805,u874947858,1557865662,C++,C++14 (GCC 5.4.1),cpp,Accepted,1.0,256.0,1659,
s574976891,p03805,u386769326,1557807428,C++,C++14 (GCC 5.4.1),cpp,Accepted,1.0,256.0,644,
s165151888,p03805,u391731808,1557798789,Python,Python (3.4.3),py,Accepted,28.0,3064.0,392,
s911756591,p03805,u971256474,1557778932,C++,C++14 (GCC 5.4.1),cpp,Accepted,1.0,256.0,508,
s977410405,p03805,u412550879,1557707999,C++,C++14 (GCC 5.4.1),cpp,Accepted,5.0,256.0,964,
s454657172,p03805,u912533549,1557706767,C++,C++14 (GCC 5.4.1),cpp,Accepted,1.0,256.0,832,
s684090681,p03805,u143383345,1557698238,C++,C++14 (GCC 5.4.1),cpp,Accepted,1.0,256.0,790,
s667573894,p03805,u166621202,1557677107,Python,Python (3.4.3),py,Accepted,25.0,3188.0,476,
s635838816,p03805,u923279197,1557612745,Python,PyPy3 (2.4.0),py,Accepted,182.0,40560.0,558,
s649639657,p03805,u987267288,1557605748,C++,C++14 (GCC 5.4.1),cpp,Accepted,1.0,256.0,3689,
s938269899,p03805,u863044225,1557601803,C++,C++14 (GCC 5.4.1),cpp,Accepted,1.0,256.0,1083,
s027489964,p03805,u754651673,1557594858,C++,C++14 (GCC 5.4.1),cpp,Accepted,1.0,256.0,812,
s697331918,p03805,u369067792,1557547011,C++,C++14 (GCC 5.4.1),cpp,Accepted,1.0,256.0,963,
s707768789,p03805,u616547520,1557546052,C++,C++14 (GCC 5.4.1),cpp,Accepted,1.0,256.0,1151,
s883024280,p03805,u797165415,1557526230,C++,C++14 (GCC 5.4.1),cpp,Accepted,1.0,256.0,805,
s708136289,p03805,u483645888,1557524454,Python,Python (3.4.3),py,Accepted,44.0,3060.0,299,
s100520543,p03805,u055303078,1557498336,C++,C++14 (GCC 5.4.1),cpp,Accepted,1.0,256.0,1115,
s089561906,p03805,u093219895,1557491476,C++,C++14 (GCC 5.4.1),cpp,Accepted,1.0,256.0,2253,
s410042848,p03805,u551351897,1557472720,C++,C++14 (GCC 5.4.1),cpp,Accepted,1.0,256.0,1382,
s344063523,p03805,u986334889,1557464351,C++,C++14 (GCC 5.4.1),cpp,Accepted,2.0,256.0,785,
s715950509,p03805,u339233484,1557449369,C++,C++14 (GCC 5.4.1),cpp,Accepted,2.0,256.0,1384,
s072058180,p03805,u519130434,1557438571,Python,Python (3.4.3),py,Accepted,27.0,3572.0,584,
s659010588,p03805,u900727536,1557410674,C++,C++14 (GCC 5.4.1),cpp,Accepted,2.0,256.0,5361,
s370060810,p03805,u981890679,1557372356,C++,C++14 (GCC 5.4.1),cpp,Accepted,2.0,256.0,1643,
s648796648,p03805,u480008027,1557371548,C++,C++14 (GCC 5.4.1),cpp,Accepted,2.0,384.0,817,
s005342451,p03805,u981890679,1557371327,C++,C++14 (GCC 5.4.1),cpp,Accepted,1.0,256.0,1556,
s407776152,p03805,u260216890,1557369095,Python,Python (3.4.3),py,Accepted,28.0,3192.0,544,
s565113261,p03805,u339937125,1557361691,C++,C++14 (GCC 5.4.1),cpp,Accepted,4.0,256.0,705,
s684219095,p03805,u713830790,1557320316,C++,C++14 (GCC 5.4.1),cpp,Accepted,1.0,256.0,950,
s467129304,p03805,u615194706,1557319165,C++,C++14 (GCC 5.4.1),cpp,Accepted,1.0,256.0,762,
s841781191,p03805,u633284019,1557311576,C++,C++14 (GCC 5.4.1),cpp,Accepted,1.0,256.0,1255,
s492984856,p03805,u650243369,1557278337,C++,C++14 (GCC 5.4.1),cpp,Accepted,3.0,256.0,887,
s494716804,p03805,u218759384,1557264000,C++,C++14 (GCC 5.4.1),cpp,Accepted,3.0,256.0,1189,
s859220154,p03805,u893523678,1557258336,C++,C++14 (GCC 5.4.1),cpp,Accepted,1.0,256.0,1214,
s976613204,p03805,u615194706,1557237414,C++,C++14 (GCC 5.4.1),cpp,Accepted,2.0,256.0,711,
s125469299,p03805,u606045429,1557214045,Python,Python (3.4.3),py,Accepted,23.0,3064.0,456,
s763709467,p03805,u606045429,1557213864,Python,Python (3.4.3),py,Accepted,23.0,3064.0,489,
s873622981,p03805,u803116068,1557203756,C++,C++14 (GCC 5.4.1),cpp,Accepted,1.0,256.0,961,
s650216046,p03805,u720721463,1557181857,C++,C++14 (GCC 5.4.1),cpp,Accepted,3.0,256.0,864,
s836108504,p03805,u438319362,1557181306,C++,C++14 (GCC 5.4.1),cpp,Accepted,6.0,1536.0,1683,
s091832020,p03805,u637515289,1557168959,C++,C++14 (GCC 5.4.1),cpp,Accepted,6.0,256.0,821,
s952122683,p03805,u491550356,1557134445,C++,C++14 (GCC 5.4.1),cpp,Accepted,1.0,256.0,1130,
s553563834,p03805,u091051505,1557109506,Python,Python (3.4.3),py,Accepted,25.0,3064.0,480,
s535700828,p03805,u407614884,1557085653,C++,C++14 (GCC 5.4.1),cpp,Accepted,2.0,384.0,943,
s726277451,p03805,u614314290,1557038586,Python,Python (3.4.3),py,Accepted,27.0,3064.0,375,
s769768789,p03805,u392220578,1557031307,Python,Python (3.4.3),py,Accepted,35.0,3060.0,304,
s729313343,p03805,u239023686,1557027398,C++,C++14 (Clang 3.8.0),cpp,Accepted,2.0,384.0,843,
s860526213,p03805,u185354171,1557026718,Python,Python (3.4.3),py,Accepted,49.0,3064.0,536,
s658255351,p03805,u394482932,1557022601,C++,C++14 (GCC 5.4.1),cpp,Accepted,1.0,256.0,653,
s579024068,p03805,u394482932,1557022493,C++,C++14 (GCC 5.4.1),cpp,Accepted,2.0,256.0,848,
s771070952,p03805,u451538287,1556971851,C++,C++14 (GCC 5.4.1),cpp,Accepted,2.0,256.0,1072,
s911101799,p03805,u238510421,1556937596,Python,Python (3.4.3),py,Accepted,83.0,3064.0,459,
s545856729,p03805,u404710939,1556920684,C++,C++14 (Clang 3.8.0),cpp,Accepted,7.0,888.0,826,
s321577259,p03805,u361243145,1556916334,Python,Python (3.4.3),py,Accepted,32.0,3064.0,606,
s578276260,p03805,u895795263,1556892318,C++,C++14 (GCC 5.4.1),cpp,Accepted,1.0,256.0,768,
s894701933,p03805,u263830634,1556829066,Python,Python (3.4.3),py,Accepted,61.0,3064.0,1685,
s194016396,p03805,u305824645,1556824574,C++,C++14 (GCC 5.4.1),cpp,Accepted,2.0,256.0,1584,
s414369608,p03805,u442581202,1556816821,Python,Python (3.4.3),py,Accepted,58.0,3316.0,411,
s328044356,p03805,u574189773,1556811284,Python,Python (3.4.3),py,Accepted,30.0,3064.0,838,
s369109533,p03805,u870167017,1556807908,C++,C++14 (GCC 5.4.1),cpp,Accepted,12.0,256.0,1074,
s638355416,p03805,u486448566,1556773483,Python,Python (3.4.3),py,Accepted,47.0,5144.0,1715,
s639367997,p03805,u486448566,1556773417,Python,Python (3.4.3),py,Accepted,48.0,5272.0,1697,
s719615535,p03805,u698883164,1556760574,C++,C++14 (GCC 5.4.1),cpp,Accepted,1.0,256.0,570,
s236796359,p03805,u698883164,1556758261,C++,C++14 (GCC 5.4.1),cpp,Accepted,2.0,256.0,1536,
s221801614,p03805,u698883164,1556757280,C++,C++14 (GCC 5.4.1),cpp,Accepted,1.0,256.0,659,
s618813597,p03805,u240031669,1556750428,C++,C++14 (GCC 5.4.1),cpp,Accepted,1.0,256.0,1343,
s045911558,p03805,u223263261,1556744321,C++,C++14 (GCC 5.4.1),cpp,Accepted,1.0,256.0,1212,
s336855985,p03805,u516922881,1556744153,C++,C++14 (GCC 5.4.1),cpp,Accepted,1.0,256.0,581,
s103064684,p03805,u824327013,1556730395,C++,C++14 (GCC 5.4.1),cpp,Accepted,1.0,256.0,2061,
s441327316,p03805,u063052907,1556729839,Python,Python (3.4.3),py,Accepted,25.0,3064.0,704,
s383233953,p03805,u063052907,1556728136,Python,Python (3.4.3),py,Accepted,27.0,3064.0,613,
s875931091,p03805,u214304095,1556687108,C++,C++14 (GCC 5.4.1),cpp,Accepted,1.0,256.0,823,
s428013214,p03805,u205324159,1556685525,C++,C++14 (GCC 5.4.1),cpp,Accepted,1.0,256.0,641,
s575234715,p03805,u616029737,1556679005,C++,C++14 (GCC 5.4.1),cpp,Accepted,1.0,256.0,646,
s673697874,p03805,u564460375,1556669960,C++,C++14 (GCC 5.4.1),cpp,Accepted,1.0,256.0,956,
s227425115,p03805,u655834330,1556664044,Python,Python (3.4.3),py,Accepted,33.0,3064.0,1471,
s524122554,p03805,u564460375,1556658371,C++,C++14 (GCC 5.4.1),cpp,Accepted,1.0,256.0,1000,
s414684440,p03805,u365364616,1556643420,Python,Python (3.4.3),py,Accepted,28.0,3064.0,417,
s758258753,p03805,u061071198,1556642355,C++,C++14 (GCC 5.4.1),cpp,Accepted,22.0,768.0,2454,
s705119761,p03805,u989336028,1556630310,C++,C++14 (GCC 5.4.1),cpp,Accepted,2.0,256.0,947,
s998140688,p03805,u987267288,1556597883,C++,C++14 (GCC 5.4.1),cpp,Accepted,2.0,256.0,3665,
s627381790,p03805,u030848580,1556597402,Python,Python (3.4.3),py,Accepted,39.0,3444.0,606,
s066532255,p03805,u334904929,1556586947,Python,Python (3.4.3),py,Accepted,38.0,3064.0,499,
s562126359,p03805,u101264341,1556585173,C++,C++14 (GCC 5.4.1),cpp,Accepted,1.0,256.0,1245,
s554045171,p03805,u168578024,1556584636,C++,C++14 (GCC 5.4.1),cpp,Accepted,7.0,256.0,4744,
s203500011,p03805,u230414490,1556564605,C++,C++14 (GCC 5.4.1),cpp,Accepted,9.0,256.0,1151,
s199935233,p03805,u457483230,1556545571,C++,C++14 (GCC 5.4.1),cpp,Accepted,4.0,256.0,1340,
s893902827,p03805,u058297300,1556508889,C++,C++14 (GCC 5.4.1),cpp,Accepted,2.0,256.0,1005,
s531818767,p03805,u251934638,1556488291,C++,C++14 (GCC 5.4.1),cpp,Accepted,1.0,256.0,1775,
s084738456,p03805,u129315407,1556454137,C++,C++14 (GCC 5.4.1),cpp,Accepted,1.0,256.0,757,
s952670146,p03805,u716270596,1556422173,Python,Python (3.4.3),py,Accepted,29.0,3064.0,707,
s800891735,p03805,u967843578,1556411211,C++,C++14 (GCC 5.4.1),cpp,Accepted,7.0,256.0,853,
s772947528,p03805,u314960567,1556397788,C++,C++14 (GCC 5.4.1),cpp,Accepted,3.0,256.0,874,
s802560279,p03805,u442030035,1556385859,Python,Python (3.4.3),py,Accepted,1273.0,3956.0,669,
s412504395,p03805,u404710939,1556380436,Python,Python (3.4.3),py,Accepted,28.0,3064.0,445,
s071498066,p03805,u128456980,1556374266,C++,C++14 (GCC 5.4.1),cpp,Accepted,6.0,256.0,887,
s890625955,p03805,u128456980,1556374041,C++,C++14 (GCC 5.4.1),cpp,Accepted,6.0,256.0,974,
s184907398,p03805,u128456980,1556372860,C++,C++14 (GCC 5.4.1),cpp,Accepted,6.0,256.0,1038,
s872832325,p03805,u731175398,1556330939,C++,C++14 (GCC 5.4.1),cpp,Accepted,1.0,256.0,561,
s080903128,p03805,u591914971,1556327508,C++,C++14 (GCC 5.4.1),cpp,Accepted,1.0,256.0,752,
s924837077,p03805,u168774513,1556317394,C++,C++14 (GCC 5.4.1),cpp,Accepted,1.0,256.0,610,
s327517559,p03805,u573970531,1556207456,Python,Python (3.4.3),py,Accepted,48.0,3064.0,403,
s947392976,p03805,u388817534,1556206180,C++,C++14 (GCC 5.4.1),cpp,Accepted,2.0,256.0,1298,
s111986565,p03805,u382423941,1556168303,Python,Python (3.4.3),py,Accepted,27.0,3064.0,383,
s779552215,p03805,u214304095,1556166749,C++,C++14 (GCC 5.4.1),cpp,Accepted,2.0,256.0,833,
s093261656,p03805,u275812163,1556162955,Python,Python (3.4.3),py,Accepted,45.0,3064.0,299,
s974708747,p03805,u791593901,1556155142,C++,C++14 (GCC 5.4.1),cpp,Accepted,359.0,256.0,4137,
s630374874,p03805,u441575327,1556138559,Python,Python (3.4.3),py,Accepted,166.0,3444.0,602,
s557805791,p03805,u330913290,1556136886,C++,C++14 (GCC 5.4.1),cpp,Accepted,1.0,256.0,644,
s968667235,p03805,u734519000,1556069589,C++,C++14 (GCC 5.4.1),cpp,Accepted,1.0,256.0,685,
s612947908,p03805,u893132811,1556055599,Python,Python (3.4.3),py,Accepted,344.0,12436.0,766,
s246157719,p03805,u784072785,1556052748,C++,C++14 (Clang 3.8.0),cpp,Accepted,1.0,256.0,1129,
s086013560,p03805,u784072785,1556052469,C++,C++14 (Clang 3.8.0),cpp,Accepted,1.0,256.0,1129,
s485282649,p03805,u551408542,1556052061,C++,C++14 (GCC 5.4.1),cpp,Accepted,186.0,256.0,1997,
s951655560,p03805,u980078875,1555996781,C++,C++14 (GCC 5.4.1),cpp,Accepted,1.0,256.0,836,
s913348099,p03805,u862095327,1555990029,C++,C++14 (GCC 5.4.1),cpp,Accepted,1.0,256.0,1214,
s744629338,p03805,u675296835,1555987074,C++,C++14 (GCC 5.4.1),cpp,Accepted,2.0,256.0,4461,
s534781353,p03805,u675296835,1555986976,C++,C++14 (GCC 5.4.1),cpp,Accepted,2.0,256.0,4449,
s082452831,p03805,u675296835,1555986921,C++,C++14 (GCC 5.4.1),cpp,Accepted,2.0,256.0,4455,
s423786639,p03805,u558047531,1555979267,C++,C++14 (GCC 5.4.1),cpp,Accepted,9.0,256.0,1139,
s153835550,p03805,u768334187,1555976171,C++,C++14 (GCC 5.4.1),cpp,Accepted,2.0,256.0,1666,
s253524780,p03805,u013629972,1555940735,Python,PyPy3 (2.4.0),py,Accepted,368.0,68200.0,1008,
s544702725,p03805,u090967649,1555939029,C++,C++14 (GCC 5.4.1),cpp,Accepted,2.0,256.0,573,
s430375713,p03805,u866879589,1555891131,Python,Python (3.4.3),py,Accepted,32.0,3064.0,443,
s482558778,p03805,u756088996,1555875168,C++,C++14 (GCC 5.4.1),cpp,Accepted,25.0,256.0,912,
s174251218,p03805,u935685410,1555802874,Python,Python (3.4.3),py,Accepted,42.0,3064.0,506,
s115138596,p03805,u187205913,1555730704,Python,Python (3.4.3),py,Accepted,42.0,3064.0,361,
s777661450,p03805,u146594935,1555729379,C++,C++14 (GCC 5.4.1),cpp,Accepted,1.0,256.0,872,
s325618275,p03805,u146594935,1555729093,C++,C++14 (GCC 5.4.1),cpp,Accepted,1.0,256.0,882,
s983368273,p03805,u052499405,1555716799,Python,Python (3.4.3),py,Accepted,31.0,3064.0,462,
s992810161,p03805,u135572611,1555700665,C++,C++14 (GCC 5.4.1),cpp,Accepted,1.0,256.0,4016,
s430234815,p03805,u135572611,1555669941,C++,C++14 (GCC 5.4.1),cpp,Accepted,1.0,256.0,4020,
s572716906,p03805,u135572611,1555669486,C++,C++14 (GCC 5.4.1),cpp,Accepted,1.0,256.0,2667,
s351843410,p03805,u622523700,1555666046,Python,Python (3.4.3),py,Accepted,25.0,3064.0,424,
s462557293,p03805,u501643136,1555639343,Python,Python (3.4.3),py,Accepted,30.0,3064.0,429,
s541782166,p03805,u501643136,1555638366,C++,C++14 (GCC 5.4.1),cpp,Accepted,1.0,256.0,484,
s737128470,p03805,u185896732,1555635110,Python,Python (3.4.3),py,Accepted,38.0,3064.0,408,
s749788498,p03805,u944316525,1555626705,C++,C++14 (GCC 5.4.1),cpp,Accepted,1.0,256.0,591,
s127489344,p03805,u983918956,1555620791,Python,Python (3.4.3),py,Accepted,25.0,3064.0,404,
s069651648,p03805,u983918956,1555620651,Python,Python (3.4.3),py,Accepted,30.0,3064.0,429,
s585998685,p03805,u983918956,1555620436,Python,Python (3.4.3),py,Accepted,28.0,3064.0,477,
s281377335,p03805,u854831509,1555551441,C++,C++14 (GCC 5.4.1),cpp,Accepted,1.0,256.0,574,
s692433773,p03805,u046378307,1555542428,C++,C++14 (GCC 5.4.1),cpp,Accepted,1.0,256.0,787,
s723829434,p03805,u708258059,1555540197,C++,C++14 (GCC 5.4.1),cpp,Accepted,1.0,256.0,702,
s624320265,p03805,u708258059,1555539178,C++,C++14 (GCC 5.4.1),cpp,Accepted,1.0,256.0,615,
s907623517,p03805,u724732842,1555525800,C++,C++14 (GCC 5.4.1),cpp,Accepted,1.0,256.0,1156,
s408837952,p03805,u265768297,1555516968,C++,C++14 (GCC 5.4.1),cpp,Accepted,2.0,256.0,631,
s003004792,p03805,u844005364,1555500574,Python,Python (3.4.3),py,Accepted,62.0,3316.0,338,
s980310277,p03805,u583354994,1555476000,C++,C++14 (GCC 5.4.1),cpp,Accepted,1.0,256.0,817,
s101221568,p03805,u926166830,1555460557,C++,C++14 (GCC 5.4.1),cpp,Accepted,4.0,256.0,929,
s114607311,p03805,u551351897,1555456906,C++,C++14 (GCC 5.4.1),cpp,Accepted,1.0,256.0,1318,
s873183011,p03805,u268516119,1555453005,Python,PyPy3 (2.4.0),py,Accepted,198.0,41708.0,429,
s625645943,p03805,u041075929,1555449692,C++,C++14 (GCC 5.4.1),cpp,Accepted,1.0,256.0,782,
s218537395,p03805,u722397179,1555442764,C++,C++14 (GCC 5.4.1),cpp,Accepted,1.0,256.0,1002,
s921345556,p03805,u083668616,1555420928,Python,Python (2.7.6),py,Accepted,74.0,3844.0,623,
s074590635,p03805,u619458041,1555378495,Python,Python (3.4.3),py,Accepted,32.0,3064.0,628,
s029712448,p03805,u223160139,1555376949,C++,C++14 (GCC 5.4.1),cpp,Accepted,1.0,256.0,1146,
s742834020,p03805,u344122377,1555361038,C++,C++14 (GCC 5.4.1),cpp,Accepted,1.0,256.0,714,
s247130702,p03805,u218494572,1555352027,C++,C++14 (GCC 5.4.1),cpp,Accepted,2.0,256.0,772,
s977681697,p03805,u732502311,1555344803,C++,C++14 (GCC 5.4.1),cpp,Accepted,3.0,256.0,620,
s764922188,p03805,u714564133,1555307874,C++,C++14 (GCC 5.4.1),cpp,Accepted,1.0,256.0,956,
s442620558,p03805,u466275789,1555304103,C++,C++14 (GCC 5.4.1),cpp,Accepted,3.0,256.0,994,
s776507856,p03805,u190405389,1555297187,Python,Python (3.4.3),py,Accepted,31.0,3064.0,443,
s898682339,p03805,u190405389,1555296472,Python,Python (3.4.3),py,Accepted,44.0,3064.0,595,
s731133545,p03805,u456333842,1555286598,C++,C++14 (GCC 5.4.1),cpp,Accepted,1.0,256.0,719,
s927550132,p03805,u365956698,1555267246,C++,C++14 (GCC 5.4.1),cpp,Accepted,4.0,256.0,1154,
s853991257,p03805,u186838327,1555232583,Python,Python (3.4.3),py,Accepted,33.0,3064.0,408,
s057725239,p03805,u186838327,1555232475,Python,Python (3.4.3),py,Accepted,33.0,3064.0,508,
s970328495,p03805,u706695185,1555196211,Python,PyPy3 (2.4.0),py,Accepted,216.0,44252.0,483,
s847565540,p03805,u655975843,1555188997,Python,Python (3.4.3),py,Accepted,39.0,3316.0,755,
s492071997,p03805,u375619974,1555174084,C++,C++14 (GCC 5.4.1),cpp,Accepted,2.0,256.0,945,
s642530267,p03805,u210827208,1555173220,Python,Python (3.4.3),py,Accepted,27.0,3064.0,421,
s767460777,p03805,u996171098,1555170391,C++,C++14 (GCC 5.4.1),cpp,Accepted,1.0,256.0,1110,
s147298891,p03805,u677440371,1555134215,Python,Python (3.4.3),py,Accepted,33.0,3064.0,508,
s941966279,p03805,u628332144,1555133786,C++,C++14 (GCC 5.4.1),cpp,Accepted,1.0,256.0,793,
s312664041,p03805,u603745966,1555127307,Python,Python (3.4.3),py,Accepted,129.0,4324.0,1710,
s662733700,p03805,u360396997,1555117390,C++,C++ (Clang 3.8.0),cpp,Accepted,3.0,256.0,1616,
s373774683,p03805,u214712859,1555085818,C++,C++14 (GCC 5.4.1),cpp,Accepted,12.0,256.0,1147,
s952388313,p03805,u912862653,1555077696,Python,Python (3.4.3),py,Accepted,78.0,8052.0,558,
s262482334,p03805,u545411641,1555045415,C++,C++14 (GCC 5.4.1),cpp,Accepted,1.0,256.0,4501,
s873912470,p03805,u227379863,1555023987,C++,C++14 (Clang 3.8.0),cpp,Accepted,2.0,256.0,1053,
s285334462,p03805,u677440371,1555015002,Python,Python (3.4.3),py,Accepted,33.0,3064.0,578,
s294690955,p03805,u454087021,1555007508,C++,C++14 (GCC 5.4.1),cpp,Accepted,2.0,256.0,679,
s033302204,p03805,u328207927,1555003096,Python,Python (3.4.3),py,Accepted,30.0,3064.0,636,
s701825246,p03805,u328207927,1555002731,Python,Python (3.4.3),py,Accepted,30.0,3064.0,631,
s608411631,p03805,u233798657,1554950452,C++,C++14 (GCC 5.4.1),cpp,Accepted,1.0,256.0,1393,
s302100430,p03805,u030685402,1554942866,C++,C++14 (GCC 5.4.1),cpp,Accepted,1.0,256.0,1615,
s426207924,p03805,u239204773,1554942105,Python,Python (3.4.3),py,Accepted,248.0,3064.0,1192,
s037207745,p03805,u569690172,1554932219,C++,C++14 (GCC 5.4.1),cpp,Accepted,2.0,512.0,1059,
s066444116,p03805,u996252264,1554894435,C++,C++14 (GCC 5.4.1),cpp,Accepted,1.0,256.0,888,
s215130285,p03805,u594567187,1554877840,Python,Python (3.4.3),py,Accepted,41.0,3316.0,597,
s476315039,p03805,u660341491,1554869008,C++,C++14 (GCC 5.4.1),cpp,Accepted,2.0,256.0,702,
s291899813,p03805,u461415203,1554858977,C++,C++14 (GCC 5.4.1),cpp,Accepted,2.0,256.0,963,
s644921374,p03805,u359025499,1554854196,C++,C++14 (GCC 5.4.1),cpp,Accepted,1.0,256.0,687,
s754277070,p03805,u359025499,1554854065,C++,C++14 (GCC 5.4.1),cpp,Accepted,1.0,256.0,725,
s591675692,p03805,u359025499,1554853600,C++,C++14 (GCC 5.4.1),cpp,Accepted,14.0,2432.0,877,
s461917875,p03805,u359025499,1554853283,C++,C++14 (GCC 5.4.1),cpp,Accepted,4.0,640.0,812,
s942083368,p03805,u559765551,1554820259,C++,C++14 (GCC 5.4.1),cpp,Accepted,3.0,384.0,869,
s610545664,p03805,u532573979,1554759905,C++,C++14 (GCC 5.4.1),cpp,Accepted,2.0,256.0,1046,
s090764317,p03805,u532573979,1554759758,C++,C++14 (GCC 5.4.1),cpp,Accepted,2.0,256.0,1052,
s272820627,p03805,u532573979,1554759532,C++,C++14 (GCC 5.4.1),cpp,Accepted,3.0,640.0,1054,
s666024886,p03805,u946090308,1554736476,C++,C++14 (GCC 5.4.1),cpp,Accepted,1.0,256.0,1382,
s472197526,p03805,u307990620,1554733593,C++,C++14 (GCC 5.4.1),cpp,Accepted,2.0,256.0,1223,
s599508824,p03805,u227082700,1554679363,Python,Python (3.4.3),py,Accepted,380.0,3064.0,534,
s094276676,p03805,u151625340,1554644868,Python,Python (3.4.3),py,Accepted,27.0,3064.0,565,
s206966641,p03805,u865014539,1554596199,C++,C++14 (GCC 5.4.1),cpp,Accepted,2.0,256.0,1004,
s245196397,p03805,u052332717,1554591088,C++,C++14 (GCC 5.4.1),cpp,Accepted,2.0,256.0,1143,
s203712813,p03805,u404244809,1554585163,C++,C++14 (GCC 5.4.1),cpp,Accepted,2.0,256.0,2067,
s292159500,p03805,u633284019,1554575930,C++,C++14 (GCC 5.4.1),cpp,Accepted,2.0,380.0,924,
s933260208,p03805,u110653681,1554574600,C++,C++14 (GCC 5.4.1),cpp,Accepted,1.0,256.0,783,
s759254147,p03805,u635557235,1554567623,C++,C++14 (GCC 5.4.1),cpp,Accepted,4.0,8448.0,2545,
s549794516,p03805,u285443936,1554519954,Python,Python (3.4.3),py,Accepted,66.0,3064.0,560,
s391881709,p03805,u069838609,1554515144,C++,C++14 (GCC 5.4.1),cpp,Accepted,2.0,256.0,935,
s401206839,p03805,u532573979,1554510476,C++,C++14 (GCC 5.4.1),cpp,Accepted,4.0,640.0,1063,
s164017555,p03805,u319818856,1554509283,Python,Python (3.4.3),py,Accepted,27.0,3064.0,765,
s519547539,p03805,u466331465,1554506887,Python,Python (3.4.3),py,Accepted,29.0,3316.0,502,
s223725142,p03805,u365956698,1554497737,C++,C++14 (GCC 5.4.1),cpp,Accepted,3.0,256.0,918,
s780509955,p03805,u345965293,1554492819,C++,C++14 (GCC 5.4.1),cpp,Accepted,3.0,256.0,862,
s964296580,p03805,u598050616,1554492545,C++,C++14 (GCC 5.4.1),cpp,Accepted,1.0,128.0,763,
s783939470,p03805,u345965293,1554492361,C++,C++14 (GCC 5.4.1),cpp,Accepted,3.0,256.0,890,
s882833777,p03805,u598050616,1554491839,C++,C++14 (GCC 5.4.1),cpp,Accepted,1.0,256.0,844,
s611590708,p03805,u343930666,1554458283,C++,C++14 (GCC 5.4.1),cpp,Accepted,1.0,256.0,1542,
s449240128,p03805,u343930666,1554456964,C++,C++14 (GCC 5.4.1),cpp,Accepted,2.0,256.0,1058,
s565996073,p03805,u281168735,1554447966,C++,C++14 (GCC 5.4.1),cpp,Accepted,1.0,256.0,588,
s181188270,p03805,u532573979,1554434214,C++,C++14 (GCC 5.4.1),cpp,Accepted,4.0,640.0,1199,
s415480500,p03805,u860546679,1554414237,C++,C++14 (GCC 5.4.1),cpp,Accepted,3.0,256.0,1005,
s959927766,p03805,u513900925,1554411235,Python,Python (3.4.3),py,Accepted,27.0,3064.0,436,
s376827668,p03805,u013408661,1554400482,Python,Python (3.4.3),py,Accepted,26.0,3064.0,416,
s091081403,p03805,u313766957,1554341674,C++,C++14 (GCC 5.4.1),cpp,Accepted,2.0,256.0,1079,
s683482026,p03805,u801610392,1554322645,C++,C++14 (GCC 5.4.1),cpp,Accepted,1.0,256.0,1096,
s109094078,p03805,u807998890,1554318651,C++,C++14 (GCC 5.4.1),cpp,Accepted,2.0,256.0,1032,
s823533123,p03805,u330039499,1554266878,Python,Python (2.7.6),py,Accepted,27.0,2568.0,427,
s918747604,p03805,u315485238,1554262508,Python,Python (3.4.3),py,Accepted,27.0,3064.0,479,
s258858577,p03805,u077025302,1554246697,C++,C++14 (GCC 5.4.1),cpp,Accepted,1.0,256.0,2101,
s762643955,p03805,u271469978,1554239568,Python,Python (3.4.3),py,Accepted,90.0,3064.0,792,
s023166072,p03805,u588081069,1554232608,Python,Python (3.4.3),py,Accepted,25.0,3064.0,803,
s912239846,p03805,u620945921,1554232039,Python,Python (3.4.3),py,Accepted,190.0,3188.0,767,
s950980237,p03805,u588081069,1554230797,Python,Python (3.4.3),py,Accepted,26.0,3064.0,845,
s018040795,p03805,u766684188,1554220281,Python,Python (3.4.3),py,Accepted,24.0,3064.0,452,
s649987358,p03805,u085825481,1554202624,C++,C++14 (GCC 5.4.1),cpp,Accepted,2.0,256.0,776,
s432959245,p03805,u450339194,1554184277,Python,Python (3.4.3),py,Accepted,28.0,3316.0,487,
s132033017,p03805,u620945921,1554170143,Python,Python (3.4.3),py,Accepted,192.0,3064.0,766,
s095406016,p03805,u674595447,1554153927,C++,C++14 (GCC 5.4.1),cpp,Accepted,1.0,256.0,673,
s244191165,p03805,u824337972,1554149719,C++,C++14 (GCC 5.4.1),cpp,Accepted,2.0,384.0,1210,
s785311688,p03805,u203377003,1554086932,Python,Python (3.4.3),py,Accepted,28.0,3064.0,453,
s661454742,p03805,u419937670,1554083727,C++,C++14 (GCC 5.4.1),cpp,Accepted,1.0,256.0,906,
s515315447,p03805,u054475353,1554080809,C++,C++14 (GCC 5.4.1),cpp,Accepted,1.0,256.0,1144,
s404013837,p03805,u721316601,1554076905,Python,Python (3.4.3),py,Accepted,165.0,4724.0,566,
s760950589,p03805,u085853565,1554070826,C++,C++14 (GCC 5.4.1),cpp,Accepted,1.0,256.0,852,
s552353134,p03805,u538381753,1554067914,Python,Python (3.4.3),py,Accepted,61.0,3064.0,502,
s596834364,p03805,u502389123,1554060436,Python,Python (3.4.3),py,Accepted,29.0,3064.0,504,
s190383111,p03805,u502389123,1554060322,Python,Python (3.4.3),py,Accepted,27.0,3064.0,450,
s037385923,p03805,u127844950,1554059824,C++,C++14 (GCC 5.4.1),cpp,Accepted,1.0,256.0,14221,
s927911160,p03805,u843175622,1554056292,C++,C++14 (GCC 5.4.1),cpp,Accepted,1.0,256.0,1137,
s938615274,p03805,u228759454,1553973449,Python,Python (3.4.3),py,Accepted,293.0,12500.0,655,
s559822915,p03805,u618697411,1553910779,C++,C++14 (GCC 5.4.1),cpp,Accepted,1.0,256.0,4684,
s784944812,p03805,u707498674,1553909615,Python,Python (3.4.3),py,Accepted,29.0,3064.0,354,
s673645476,p03805,u798129018,1553905070,Python,PyPy3 (2.4.0),py,Accepted,203.0,42972.0,449,
s569153325,p03805,u569742427,1553901651,Python,Python (3.4.3),py,Accepted,29.0,3192.0,716,
s022054701,p03805,u539402331,1553891325,C++,C++14 (GCC 5.4.1),cpp,Accepted,1.0,256.0,904,
s918175954,p03805,u310678820,1553890938,Python,Python (3.4.3),py,Accepted,40.0,3064.0,432,
s728575930,p03805,u987267288,1553889409,C++,C++14 (GCC 5.4.1),cpp,Accepted,1.0,256.0,2477,
s457890115,p03805,u715057603,1553885287,C++,C++14 (GCC 5.4.1),cpp,Accepted,1.0,256.0,761,
s798025618,p03805,u185896732,1553869109,Python,Python (3.4.3),py,Accepted,36.0,3064.0,490,
s987678411,p03805,u227476288,1553833401,Python,Python (3.4.3),py,Accepted,32.0,3064.0,567,
s228624862,p03805,u282228874,1553827718,Python,Python (3.4.3),py,Accepted,25.0,3064.0,344,
s211942752,p03805,u282228874,1553823390,Python,Python (3.4.3),py,Accepted,29.0,3064.0,329,
s100923288,p03805,u899975427,1553805829,Python,Python (3.4.3),py,Accepted,27.0,3064.0,450,
s946536942,p03805,u802905102,1553801112,C++,C++14 (GCC 5.4.1),cpp,Accepted,1.0,256.0,1361,
s027028184,p03805,u594140666,1553787177,C++,C++14 (GCC 5.4.1),cpp,Accepted,1.0,256.0,906,
s541720809,p03805,u374929478,1553746427,C++,C++14 (GCC 5.4.1),cpp,Accepted,1.0,256.0,1087,
s850425930,p03805,u374929478,1553746195,C++,C++14 (GCC 5.4.1),cpp,Accepted,2.0,256.0,726,
s408042649,p03805,u128315898,1553745220,C++,C++14 (GCC 5.4.1),cpp,Accepted,1.0,256.0,1067,
s199600140,p03805,u317711717,1553739516,C++,C++14 (GCC 5.4.1),cpp,Accepted,18.0,256.0,899,
s014221841,p03805,u709604332,1553722175,C++,C++14 (GCC 5.4.1),cpp,Accepted,2.0,256.0,1252,
s442134869,p03805,u775013393,1553713587,C++,C++14 (GCC 5.4.1),cpp,Accepted,7.0,256.0,1170,
s877929586,p03805,u775013393,1553713531,C++,C++14 (GCC 5.4.1),cpp,Accepted,7.0,256.0,1170,
s371278804,p03805,u775013393,1553713191,C++,C++14 (GCC 5.4.1),cpp,Accepted,7.0,256.0,1161,
s011456858,p03805,u775013393,1553712984,C++,C++14 (GCC 5.4.1),cpp,Accepted,7.0,256.0,1172,
s716822807,p03805,u305965165,1553695022,Python,Python (3.4.3),py,Accepted,50.0,3568.0,488,
s189251445,p03805,u782654209,1553602786,Python,Python (3.4.3),py,Accepted,48.0,3064.0,633,
s691110274,p03805,u614550445,1553575067,C++,C++14 (GCC 5.4.1),cpp,Accepted,1.0,256.0,791,
s817917520,p03805,u496744988,1553574729,Python,Python (3.4.3),py,Accepted,54.0,3064.0,944,
s575473525,p03805,u352200121,1553540613,C++,C++14 (GCC 5.4.1),cpp,Accepted,2.0,256.0,792,
s887819155,p03805,u718394671,1553469096,C++,C++14 (GCC 5.4.1),cpp,Accepted,2.0,256.0,1070,
s455061471,p03805,u718394671,1553467392,C++,C++14 (GCC 5.4.1),cpp,Accepted,2.0,256.0,1066,
s754094689,p03805,u190234543,1553465772,C++,C++14 (GCC 5.4.1),cpp,Accepted,1.0,256.0,1841,
s858590435,p03805,u635484372,1553460160,C++,C++14 (GCC 5.4.1),cpp,Accepted,2.0,256.0,1711,
s754473802,p03805,u334712262,1553455606,Python,Python (3.4.3),py,Accepted,48.0,6084.0,1496,
s017294320,p03805,u135572611,1553449148,C++,C++14 (GCC 5.4.1),cpp,Accepted,1.0,256.0,2671,
s988675407,p03805,u140997927,1553446386,C++,C++14 (GCC 5.4.1),cpp,Accepted,2.0,256.0,1117,
s586893281,p03805,u052332717,1553444245,C++,C++14 (GCC 5.4.1),cpp,Accepted,1.0,256.0,986,
s915613785,p03805,u621428339,1553418093,C++,C++14 (GCC 5.4.1),cpp,Accepted,1.0,128.0,1102,
s014349367,p03805,u625729943,1553389410,C++,C++14 (GCC 5.4.1),cpp,Accepted,1.0,256.0,800,
s416329177,p03805,u228223940,1553385706,Python,Python (3.4.3),py,Accepted,67.0,3064.0,719,
s818898778,p03805,u457790148,1553385323,C++,C++14 (GCC 5.4.1),cpp,Accepted,1.0,256.0,899,
s950335147,p03805,u340010271,1553377326,C++,C++14 (GCC 5.4.1),cpp,Accepted,2.0,256.0,3624,
s134392073,p03805,u620242073,1553364572,C++,C++14 (GCC 5.4.1),cpp,Accepted,1.0,256.0,853,
s144603699,p03805,u543954314,1553353649,Python,Python (3.4.3),py,Accepted,27.0,3064.0,354,
s602724323,p03805,u543954314,1553353389,Python,Python (3.4.3),py,Accepted,44.0,3064.0,362,
s190259948,p03805,u155024797,1553319627,Python,PyPy3 (2.4.0),py,Accepted,203.0,44528.0,630,
s274529517,p03805,u487476769,1553313686,C++,C++14 (GCC 5.4.1),cpp,Accepted,1.0,256.0,4568,
s747259626,p03805,u188117876,1553289270,C++,C++14 (GCC 5.4.1),cpp,Accepted,1.0,256.0,539,
s285405139,p03805,u788341294,1553284840,C++,C++14 (GCC 5.4.1),cpp,Accepted,1.0,256.0,1609,
s592246353,p03805,u568326399,1553230309,C++,C++14 (GCC 5.4.1),cpp,Accepted,2.0,256.0,1174,
s412819366,p03805,u672995180,1553204921,C++,C++14 (GCC 5.4.1),cpp,Accepted,2.0,256.0,824,
s355785614,p03805,u582165344,1553203527,C++,C++14 (GCC 5.4.1),cpp,Accepted,1.0,256.0,786,
s444397927,p03805,u995792346,1553149827,C++,C++14 (GCC 5.4.1),cpp,Accepted,12.0,256.0,862,
s162264729,p03805,u153846982,1553061478,C++,C++14 (GCC 5.4.1),cpp,Accepted,6.0,256.0,2512,
s006189817,p03805,u455534744,1553052131,C++,C++14 (GCC 5.4.1),cpp,Accepted,1.0,256.0,1317,
s300932606,p03805,u693953100,1553050671,C++,C++14 (GCC 5.4.1),cpp,Accepted,2.0,256.0,895,
s670713105,p03805,u038027079,1553043058,C++,C++14 (GCC 5.4.1),cpp,Accepted,2.0,256.0,1525,
s370713772,p03805,u074445770,1553034790,C++,C++14 (GCC 5.4.1),cpp,Accepted,1.0,256.0,2407,
s281782278,p03805,u678503521,1553028751,C++,C++14 (GCC 5.4.1),cpp,Accepted,1.0,256.0,739,
s873081567,p03805,u043443359,1553022807,C++,C++14 (GCC 5.4.1),cpp,Accepted,2.0,256.0,2484,
s489167336,p03805,u511401499,1553014791,C++,C++14 (GCC 5.4.1),cpp,Accepted,2.0,256.0,1158,
s806724832,p03805,u715750943,1552974368,C++,C++14 (GCC 5.4.1),cpp,Accepted,2.0,256.0,5683,
s902869798,p03805,u721367699,1552940944,C++,C++14 (GCC 5.4.1),cpp,Accepted,1.0,256.0,1043,
s496985327,p03805,u019356802,1552883628,C++,C++14 (GCC 5.4.1),cpp,Accepted,2.0,256.0,937,
s139969335,p03805,u019356802,1552881976,C++,C++14 (GCC 5.4.1),cpp,Accepted,1.0,256.0,903,
s441226824,p03805,u598501138,1552880714,C++,C++14 (GCC 5.4.1),cpp,Accepted,3.0,256.0,883,
s401219997,p03805,u612175324,1552877207,C++,C++14 (GCC 5.4.1),cpp,Accepted,10.0,256.0,837,
s370620736,p03805,u731175398,1552867050,C++,C++14 (GCC 5.4.1),cpp,Accepted,2.0,256.0,600,
s670095649,p03805,u731175398,1552861146,C++,C++14 (GCC 5.4.1),cpp,Accepted,2.0,256.0,591,
s659878347,p03805,u991664217,1552859440,C++,C++14 (GCC 5.4.1),cpp,Accepted,2.0,256.0,1961,
s393671591,p03805,u492131209,1552843780,C++,C++14 (GCC 5.4.1),cpp,Accepted,1.0,256.0,885,
s085653864,p03805,u591914971,1552838773,C++,C++14 (GCC 5.4.1),cpp,Accepted,2.0,256.0,789,
s283460035,p03805,u445624660,1552828970,Python,Python (3.4.3),py,Accepted,38.0,3064.0,704,
s217816426,p03805,u322568242,1552805935,C++,C++14 (GCC 5.4.1),cpp,Accepted,2.0,256.0,922,
s986671389,p03805,u954488273,1552785449,Python,Python (3.4.3),py,Accepted,39.0,3064.0,661,
s157768865,p03805,u089230684,1552783814,C++,C++14 (Clang 3.8.0),cpp,Accepted,19.0,888.0,2003,
s657148580,p03805,u220293451,1552783792,C++,C++14 (GCC 5.4.1),cpp,Accepted,1.0,256.0,2003,
s207805401,p03805,u844133200,1552777640,C++,C++14 (Clang 3.8.0),cpp,Accepted,1.0,256.0,1140,
s115952982,p03805,u305138467,1552758388,C++,C++14 (GCC 5.4.1),cpp,Accepted,3.0,3584.0,1785,
s009312525,p03805,u676029460,1552701503,C++,C++14 (GCC 5.4.1),cpp,Accepted,265.0,256.0,2328,
s913017674,p03805,u681557252,1552628514,C++,C++14 (GCC 5.4.1),cpp,Accepted,1.0,256.0,789,
s465012842,p03805,u303356821,1552528582,C++,C++14 (GCC 5.4.1),cpp,Accepted,1.0,256.0,651,
s054038202,p03805,u593005350,1552524337,Python,Python (3.4.3),py,Accepted,502.0,3444.0,371,
s505645984,p03805,u024764559,1552519127,C++,C++14 (GCC 5.4.1),cpp,Accepted,2.0,256.0,1016,
s117091658,p03805,u506689504,1552515706,Python,Python (3.4.3),py,Accepted,237.0,12472.0,449,
s057689020,p03805,u239981649,1552503339,C++,C++14 (GCC 5.4.1),cpp,Accepted,3.0,256.0,18908,
s101706811,p03805,u210718367,1552502980,C++,C++14 (GCC 5.4.1),cpp,Accepted,2.0,256.0,804,
s905308880,p03805,u808943968,1552501424,C++,C++14 (GCC 5.4.1),cpp,Accepted,2.0,256.0,1342,
s277185176,p03805,u251934638,1552480994,C++,C++14 (GCC 5.4.1),cpp,Accepted,1.0,256.0,1784,
s505675679,p03805,u620522035,1552469856,C++,C++14 (GCC 5.4.1),cpp,Accepted,1.0,256.0,610,
s983785466,p03805,u726604439,1552447078,C++,C++14 (GCC 5.4.1),cpp,Accepted,2.0,256.0,794,
s386786715,p03805,u010708243,1552425364,C++,C++14 (GCC 5.4.1),cpp,Accepted,6.0,256.0,962,
s688423287,p03805,u168639313,1552411736,C++,C++14 (GCC 5.4.1),cpp,Accepted,2.0,256.0,714,
s613909537,p03805,u620522035,1552411723,C++,C++14 (GCC 5.4.1),cpp,Accepted,2.0,256.0,662,
s681057965,p03805,u354325208,1552411191,C++,C++14 (GCC 5.4.1),cpp,Accepted,2.0,256.0,682,
s642411511,p03805,u068362919,1552410978,C++,C++14 (GCC 5.4.1),cpp,Accepted,5.0,256.0,3721,
s332735325,p03805,u392423112,1552402640,C++,C++14 (GCC 5.4.1),cpp,Accepted,2.0,256.0,768,
s537700314,p03805,u548768105,1552369676,C++,C++14 (GCC 5.4.1),cpp,Accepted,1.0,256.0,1212,
s373300941,p03805,u863279562,1552369636,C++,C++14 (GCC 5.4.1),cpp,Accepted,2.0,256.0,869,
s752256288,p03805,u644070128,1552362501,C++,C++14 (GCC 5.4.1),cpp,Accepted,1.0,256.0,1043,
s306723033,p03805,u644070128,1552361630,C++,C++14 (GCC 5.4.1),cpp,Accepted,1.0,256.0,1071,
s855423388,p03805,u584259868,1552359217,C++,C++14 (GCC 5.4.1),cpp,Accepted,1.0,128.0,707,
s613711914,p03805,u932465688,1552352459,Python,Python (3.4.3),py,Accepted,32.0,3064.0,427,
s987500343,p03805,u171366497,1552347597,Python,Python (3.4.3),py,Accepted,33.0,3316.0,417,
s703696252,p03805,u392423112,1552347192,C++,C++14 (GCC 5.4.1),cpp,Accepted,2.0,256.0,771,
s594392988,p03805,u834513016,1552344965,C++,C++14 (GCC 5.4.1),cpp,Accepted,1.0,128.0,600,
s710603033,p03805,u045354461,1552341090,C++,C++14 (GCC 5.4.1),cpp,Accepted,2.0,256.0,1075,
s865341668,p03805,u848504701,1552314087,C++,C++14 (GCC 5.4.1),cpp,Accepted,1.0,256.0,983,
s305708055,p03805,u376103660,1552260991,C++,C++14 (GCC 5.4.1),cpp,Accepted,195.0,512.0,2241,
s419353963,p03805,u853952087,1552252148,Python,Python (3.4.3),py,Accepted,29.0,3064.0,807,
s919937311,p03805,u376817785,1552251080,C++,C++14 (GCC 5.4.1),cpp,Accepted,2.0,256.0,695,
s146897053,p03805,u372177994,1552236544,C++,C++14 (GCC 5.4.1),cpp,Accepted,3.0,256.0,746,
s300098527,p03805,u154289649,1552181611,C++,C++14 (Clang 3.8.0),cpp,Accepted,4.0,888.0,602,
s038472436,p03805,u845333844,1552175955,Python,Python (3.4.3),py,Accepted,30.0,3064.0,368,
s409159831,p03805,u411858517,1552174174,Python,Python (3.4.3),py,Accepted,296.0,8052.0,820,
s353301436,p03805,u371763408,1552161633,Python,Python (3.4.3),py,Accepted,26.0,3064.0,413,
s146128532,p03805,u090225501,1552159037,Python,Python (3.4.3),py,Accepted,31.0,3316.0,598,
s265646448,p03805,u513726585,1552157463,C++,C++14 (GCC 5.4.1),cpp,Accepted,1.0,256.0,717,
s800251108,p03805,u548472817,1552105785,C++,C++14 (GCC 5.4.1),cpp,Accepted,2.0,256.0,749,
s845634772,p03805,u587217971,1552091148,C++,C++14 (GCC 5.4.1),cpp,Accepted,2.0,256.0,3471,
s365565261,p03805,u806800460,1552090611,C++,C++14 (GCC 5.4.1),cpp,Accepted,2.0,256.0,776,
s737013252,p03805,u497596438,1552088756,Python,PyPy3 (2.4.0),py,Accepted,288.0,43244.0,470,
s850984197,p03805,u030626972,1552013287,Python,Python (3.4.3),py,Accepted,40.0,3064.0,501,
s048032027,p03805,u318785595,1552012043,C++,C++14 (GCC 5.4.1),cpp,Accepted,2.0,256.0,1093,
s431565008,p03805,u525404340,1552010826,Python,Python (3.4.3),py,Accepted,56.0,3572.0,564,
s408503240,p03805,u423624748,1552010763,C++,C++14 (GCC 5.4.1),cpp,Accepted,2.0,256.0,1207,
s973801462,p03805,u551351897,1551996521,C++,C++14 (GCC 5.4.1),cpp,Accepted,2.0,256.0,1199,
s292831339,p03805,u497422208,1551967646,C++,C++14 (GCC 5.4.1),cpp,Accepted,9.0,256.0,786,
s376526911,p03805,u064246852,1551914951,Python,Python (3.4.3),py,Accepted,30.0,3064.0,373,
s848219093,p03805,u672765904,1551904472,C++,C++14 (Clang 3.8.0),cpp,Accepted,2.0,256.0,892,
s129784476,p03805,u457033460,1551848844,C++,C++14 (GCC 5.4.1),cpp,Accepted,2.0,256.0,2015,
s002055446,p03805,u167161639,1551826685,C++,C++14 (GCC 5.4.1),cpp,Accepted,1.0,256.0,639,
s085219975,p03805,u977389981,1551804594,Python,Python (3.4.3),py,Accepted,34.0,3064.0,469,
s860613176,p03805,u375405838,1551784032,C++,C++14 (GCC 5.4.1),cpp,Accepted,1.0,256.0,2363,
s263260582,p03805,u815863697,1551776839,C++,C++14 (GCC 5.4.1),cpp,Accepted,8.0,5632.0,1675,
s302326220,p03805,u585482323,1551733562,Python,Python (3.4.3),py,Accepted,54.0,3700.0,1369,
s233038699,p03805,u603253967,1551722580,Python,Python (3.4.3),py,Accepted,32.0,3316.0,654,
s242906423,p03805,u041513069,1551711480,C++,C++14 (GCC 5.4.1),cpp,Accepted,2.0,384.0,998,
s091042423,p03805,u772304668,1551678578,C++,C++14 (GCC 5.4.1),cpp,Accepted,2.0,256.0,818,
s799161556,p03805,u917282863,1551651169,C++,C++14 (GCC 5.4.1),cpp,Accepted,2.0,256.0,1011,
s695581777,p03805,u882620594,1551646313,Python,Python (3.4.3),py,Accepted,41.0,3064.0,828,
s724706654,p03805,u572537642,1551645817,C++,C++14 (GCC 5.4.1),cpp,Accepted,1.0,256.0,583,
s602283655,p03805,u154289649,1551624699,C++,C++14 (Clang 3.8.0),cpp,Accepted,1.0,256.0,684,
s313792767,p03805,u267389228,1551619106,Python,Python (3.4.3),py,Accepted,35.0,3064.0,757,
s299501726,p03805,u757785496,1551595006,C++,C++14 (GCC 5.4.1),cpp,Accepted,2.0,256.0,860,
s082662404,p03805,u511344501,1551591159,C++,C++14 (GCC 5.4.1),cpp,Accepted,7.0,256.0,826,
s018737024,p03805,u191829404,1551587370,Python,Python (3.4.3),py,Accepted,44.0,3316.0,642,
s645349554,p03805,u191829404,1551586826,Python,Python (3.4.3),py,Accepted,29.0,3316.0,757,
s925424036,p03805,u834415466,1551559806,C++,C++14 (GCC 5.4.1),cpp,Accepted,1.0,256.0,833,
s593670276,p03805,u387258288,1551505226,C++,C++14 (GCC 5.4.1),cpp,Accepted,3.0,256.0,959,
s535988846,p03805,u794173881,1551496795,Python,Python (3.4.3),py,Accepted,29.0,3064.0,519,
s678359394,p03805,u738450435,1551496664,C++,C++14 (GCC 5.4.1),cpp,Accepted,2.0,256.0,563,
s915320254,p03805,u738450435,1551496210,C++,C++14 (GCC 5.4.1),cpp,Accepted,1.0,256.0,577,
s427877000,p03805,u738450435,1551495331,C++,C++14 (GCC 5.4.1),cpp,Accepted,2.0,256.0,563,
s772984796,p03805,u738450435,1551489689,C++,C++14 (GCC 5.4.1),cpp,Accepted,1.0,256.0,553,
s729044852,p03805,u302870145,1551479196,C++,C++14 (GCC 5.4.1),cpp,Accepted,13.0,256.0,545,
s745140195,p03805,u761989513,1551476269,Python,Python (3.4.3),py,Accepted,35.0,3064.0,458,
s669318326,p03805,u850894780,1551381653,C++,C++14 (GCC 5.4.1),cpp,Accepted,1.0,256.0,710,
s035303475,p03805,u243961437,1551377917,C++,C++14 (GCC 5.4.1),cpp,Accepted,1.0,256.0,630,
s689884169,p03805,u026155812,1551373242,Python,Python (3.4.3),py,Accepted,33.0,3064.0,600,
s473750011,p03805,u183866833,1551341391,C++,C++14 (GCC 5.4.1),cpp,Accepted,2.0,256.0,654,
s815856967,p03805,u434208140,1551332892,C++,C++14 (GCC 5.4.1),cpp,Accepted,1.0,256.0,669,
s731647912,p03805,u214502450,1551331353,C++,C++14 (GCC 5.4.1),cpp,Accepted,2.0,256.0,2130,
s233817741,p03805,u367130284,1551266161,Python,Python (3.4.3),py,Accepted,28.0,3316.0,456,
s656922077,p03805,u367130284,1551265815,Python,Python (3.4.3),py,Accepted,28.0,3316.0,636,
s822548960,p03805,u284045566,1551263440,C++,C++14 (GCC 5.4.1),cpp,Accepted,2.0,256.0,766,
s871137362,p03805,u367130284,1551260812,Python,Python (3.4.3),py,Accepted,28.0,3064.0,674,
s487083725,p03805,u192903163,1551235615,C++,C++14 (GCC 5.4.1),cpp,Accepted,3.0,256.0,887,
s117296259,p03805,u540433787,1551232724,C++,C++14 (GCC 5.4.1),cpp,Accepted,2.0,256.0,690,
s814583369,p03805,u406158207,1551230626,C++,C++14 (GCC 5.4.1),cpp,Accepted,2.0,256.0,1504,
s305601382,p03805,u190406011,1551222482,Python,Python (3.4.3),py,Accepted,37.0,3064.0,721,
s976638850,p03805,u698460655,1551219741,Python,Python (3.4.3),py,Accepted,40.0,3188.0,430,
s223018534,p03805,u487641373,1551212842,C++,C++14 (GCC 5.4.1),cpp,Accepted,4.0,256.0,957,
s647441697,p03805,u170650966,1551211334,C++,C++14 (GCC 5.4.1),cpp,Accepted,2.0,256.0,1165,
s147978259,p03805,u921168761,1551210714,C++,C++14 (GCC 5.4.1),cpp,Accepted,114.0,256.0,1060,
s428556606,p03805,u003019316,1551208683,C++,C++14 (GCC 5.4.1),cpp,Accepted,1.0,256.0,1298,
s498279190,p03805,u003019316,1551206717,C++,C++14 (GCC 5.4.1),cpp,Accepted,1.0,256.0,960,
s125570052,p03805,u414220724,1551156674,C++,C++14 (GCC 5.4.1),cpp,Accepted,18.0,256.0,820,
s188799419,p03805,u297590902,1551125524,C++,C++14 (GCC 5.4.1),cpp,Accepted,2.0,256.0,1123,
s670267788,p03805,u346194435,1551074131,Python,Python (3.4.3),py,Accepted,132.0,3444.0,603,
s366229036,p03805,u166777457,1551050380,C++,C++14 (GCC 5.4.1),cpp,Accepted,4.0,256.0,1267,
s653747456,p03805,u934073187,1551043430,C++,C++14 (GCC 5.4.1),cpp,Accepted,2.0,256.0,1767,
s377487741,p03805,u635277286,1551022996,C++,C++14 (GCC 5.4.1),cpp,Accepted,1.0,256.0,793,
s051750195,p03805,u410878763,1550975660,C++,C++14 (GCC 5.4.1),cpp,Accepted,2.0,256.0,750,
s482064838,p03805,u183971632,1550967607,C++,C++14 (GCC 5.4.1),cpp,Accepted,2.0,256.0,871,
s109535345,p03805,u341347211,1550956009,C++,C++14 (GCC 5.4.1),cpp,Accepted,1.0,256.0,838,
s731591507,p03805,u887207211,1550955892,Python,Python (3.4.3),py,Accepted,22.0,3064.0,475,
s721989169,p03805,u362884401,1550942786,C++,C++14 (GCC 5.4.1),cpp,Accepted,1.0,256.0,658,
s198681879,p03805,u031448582,1550942369,C++,C++14 (GCC 5.4.1),cpp,Accepted,2.0,256.0,1085,
s729887235,p03805,u031448582,1550942230,C++,C++14 (GCC 5.4.1),cpp,Accepted,1.0,256.0,1118,
s841616748,p03805,u949798495,1550865229,C++,C++14 (GCC 5.4.1),cpp,Accepted,1.0,256.0,1212,
s942782091,p03805,u422592877,1550800353,C++,C++14 (GCC 5.4.1),cpp,Accepted,1.0,256.0,1253,
s352463521,p03805,u751964641,1550793833,C++,C++14 (GCC 5.4.1),cpp,Accepted,1.0,256.0,1002,
s997876497,p03805,u514383727,1550752727,Python,Python (3.4.3),py,Accepted,24.0,3064.0,475,
s737197519,p03805,u491514832,1550732621,C++,C++ (Clang 3.8.0),cpp,Accepted,1.0,256.0,5504,
s700621969,p03805,u491514832,1550732187,C++,C++14 (GCC 5.4.1),cpp,Accepted,2.0,256.0,976,
s131627341,p03805,u285598935,1550729400,C++,C++14 (GCC 5.4.1),cpp,Accepted,2.0,256.0,975,
s469254212,p03805,u285598935,1550729295,C++,C++14 (GCC 5.4.1),cpp,Accepted,2.0,256.0,961,
s462953680,p03805,u898331860,1550728835,C++,C++14 (GCC 5.4.1),cpp,Accepted,2.0,256.0,929,
s615728933,p03805,u177756077,1550727883,Python,Python (3.4.3),py,Accepted,33.0,3064.0,436,
s398361014,p03805,u319242216,1550724031,C++,C++14 (GCC 5.4.1),cpp,Accepted,1.0,256.0,947,
s279673852,p03805,u808916291,1550707804,C++,C++14 (GCC 5.4.1),cpp,Accepted,3.0,256.0,946,
s373382223,p03805,u977554186,1550702563,C++,C++14 (GCC 5.4.1),cpp,Accepted,1.0,256.0,580,
s427979676,p03805,u498467508,1550699806,C++,C++14 (GCC 5.4.1),cpp,Accepted,2.0,256.0,936,
s742052842,p03805,u228295160,1550680586,C++,C++14 (GCC 5.4.1),cpp,Accepted,2.0,256.0,1384,
s361366009,p03805,u513290715,1550632714,C++,C++14 (GCC 5.4.1),cpp,Accepted,1.0,256.0,2075,
s159586699,p03805,u353919145,1550603881,C++,C++14 (GCC 5.4.1),cpp,Accepted,1.0,256.0,430,
s957328009,p03805,u104605386,1550601025,C++,C++14 (GCC 5.4.1),cpp,Accepted,1.0,256.0,834,
s480223730,p03805,u863370423,1550594244,C++,C++14 (GCC 5.4.1),cpp,Accepted,1.0,256.0,1001,
s665974801,p03805,u018679195,1550549760,C++,C++14 (GCC 5.4.1),cpp,Accepted,1.0,256.0,1650,
s279202446,p03805,u089230684,1550548864,C++,C++14 (GCC 5.4.1),cpp,Accepted,1.0,256.0,959,
s794133411,p03805,u136378781,1550543972,C++,C++14 (GCC 5.4.1),cpp,Accepted,2.0,256.0,1626,
s580829600,p03805,u523303964,1550543216,C++,C++14 (GCC 5.4.1),cpp,Accepted,1.0,256.0,1888,
s053225976,p03805,u353602031,1550541217,C++,C++14 (GCC 5.4.1),cpp,Accepted,7.0,256.0,3527,
s474888313,p03805,u136378781,1550539397,C++,C++14 (GCC 5.4.1),cpp,Accepted,2.0,256.0,1578,
s106481055,p03805,u303454114,1550508292,C++,C++14 (GCC 5.4.1),cpp,Accepted,2.0,384.0,1050,
s682490082,p03805,u136090046,1550453552,Python,Python (3.4.3),py,Accepted,67.0,3064.0,699,
s802881880,p03805,u417660734,1550394837,C++,C++14 (GCC 5.4.1),cpp,Accepted,1.0,256.0,1085,
s419487017,p03805,u945418216,1550364495,Python,Python (3.4.3),py,Accepted,36.0,3064.0,688,
s218282988,p03805,u154289649,1550357479,C++,C++14 (Clang 3.8.0),cpp,Accepted,1.0,256.0,674,
s154519158,p03805,u543181229,1550353645,C++,C++14 (GCC 5.4.1),cpp,Accepted,3.0,256.0,1664,
s249198797,p03805,u624475441,1550304330,C++,C++14 (GCC 5.4.1),cpp,Accepted,2.0,256.0,698,
s937215681,p03805,u624475441,1550303595,C++,C++14 (GCC 5.4.1),cpp,Accepted,2.0,256.0,874,
s510518410,p03805,u624475441,1550302683,C++,C++14 (GCC 5.4.1),cpp,Accepted,2.0,256.0,627,
s102625890,p03805,u148555958,1550300371,C++,C++14 (GCC 5.4.1),cpp,Accepted,2.0,256.0,1166,
s445010410,p03805,u449922162,1550290427,C++,C++14 (GCC 5.4.1),cpp,Accepted,2.0,256.0,862,
s901168129,p03805,u694433776,1550284823,C++,C++14 (GCC 5.4.1),cpp,Accepted,1.0,256.0,3286,
s603443836,p03805,u695811449,1550267033,Python,Python (3.4.3),py,Accepted,29.0,3572.0,465,
s971553699,p03805,u413492096,1550251780,C++,C++14 (GCC 5.4.1),cpp,Accepted,1.0,256.0,788,
s040007401,p03805,u312271733,1550243271,C++,C++14 (GCC 5.4.1),cpp,Accepted,1.0,256.0,1521,
s692471398,p03805,u013803727,1550227575,C++,C++14 (GCC 5.4.1),cpp,Accepted,2.0,256.0,1905,
s816483499,p03805,u555962250,1550192533,Python,PyPy3 (2.4.0),py,Accepted,189.0,40304.0,356,
s446608401,p03805,u555962250,1550191688,Python,PyPy3 (2.4.0),py,Accepted,1375.0,171456.0,661,
s971799547,p03805,u503052349,1550185077,C++,C++14 (GCC 5.4.1),cpp,Accepted,2.0,256.0,877,
s533619795,p03805,u052332717,1550167330,C++,C++14 (GCC 5.4.1),cpp,Accepted,2.0,256.0,713,
s658044672,p03805,u406158207,1550165483,C++,C++14 (GCC 5.4.1),cpp,Accepted,1.0,256.0,1217,
s526168227,p03805,u461044076,1550160344,C++,C++14 (GCC 5.4.1),cpp,Accepted,1.0,256.0,1088,
s848012085,p03805,u244834838,1550155967,C++,C++14 (GCC 5.4.1),cpp,Accepted,3.0,256.0,995,
s545343438,p03805,u154289649,1550144436,C++,C++14 (Clang 3.8.0),cpp,Accepted,1.0,256.0,643,
s488979546,p03805,u209713918,1550123355,C++,C++14 (GCC 5.4.1),cpp,Accepted,3.0,384.0,1166,
s142243022,p03805,u255001744,1550094772,C++,C++14 (GCC 5.4.1),cpp,Accepted,1.0,256.0,1198,
s815561879,p03805,u342051078,1550086087,C++,C++14 (GCC 5.4.1),cpp,Accepted,1.0,256.0,1084,
s971464660,p03805,u999803454,1550069729,C++,C++14 (GCC 5.4.1),cpp,Accepted,4.0,256.0,831,
s126505758,p03805,u154289649,1550064767,C++,C++14 (Clang 3.8.0),cpp,Accepted,1.0,256.0,756,
s971497094,p03805,u251934638,1550058424,C++,C++14 (GCC 5.4.1),cpp,Accepted,1.0,256.0,1773,
s161477539,p03805,u364618491,1550042152,C++,C++14 (GCC 5.4.1),cpp,Accepted,2.0,256.0,2792,
s097022372,p03805,u926678805,1550041908,Python,Python (3.4.3),py,Accepted,30.0,3064.0,425,
s235099195,p03805,u597374218,1550032559,Python,Python (3.4.3),py,Accepted,45.0,3064.0,275,
s682189967,p03805,u615194706,1550030679,C++,C++14 (GCC 5.4.1),cpp,Accepted,1.0,256.0,932,
s743004359,p03805,u266643907,1550019386,C++,C++14 (GCC 5.4.1),cpp,Accepted,2.0,256.0,1510,
s828510678,p03805,u394919721,1550013102,C++,C++14 (GCC 5.4.1),cpp,Accepted,1.0,256.0,4175,
s769491164,p03805,u352248517,1550005956,C++,C++14 (GCC 5.4.1),cpp,Accepted,2.0,256.0,691,
s980295238,p03805,u973997867,1550004187,C++,C++14 (GCC 5.4.1),cpp,Accepted,1.0,256.0,870,
s458547800,p03805,u352499693,1549952015,C++,C++14 (Clang 3.8.0),cpp,Accepted,1.0,256.0,597,
s547641599,p03805,u820262277,1549948387,C++,C++11 (GCC 4.8.1),cpp,Accepted,1.0,256.0,12775,
s702936104,p03805,u171366497,1549946553,Python,Python (3.4.3),py,Accepted,30.0,3444.0,466,
s470595640,p03805,u361777955,1549940793,C++,C++14 (GCC 5.4.1),cpp,Accepted,2.0,256.0,836,
s286773790,p03805,u220904910,1549906646,Python,Python (3.4.3),py,Accepted,62.0,3064.0,426,
s207583587,p03805,u694731294,1549870036,C++,C++14 (GCC 5.4.1),cpp,Accepted,1.0,256.0,735,
s932673147,p03805,u859897687,1549856232,Python,Python (3.4.3),py,Accepted,22.0,3064.0,606,
s220297600,p03805,u131000248,1549816726,Python,Python (3.4.3),py,Accepted,32.0,3064.0,393,
s417801207,p03805,u332906195,1549790123,Python,Python (3.4.3),py,Accepted,44.0,4340.0,469,
s197188920,p03805,u303059352,1549789027,C++,C++14 (GCC 5.4.1),cpp,Accepted,2.0,256.0,1929,
s958757085,p03805,u052332717,1549771940,C++,C++14 (GCC 5.4.1),cpp,Accepted,1.0,256.0,871,
s447442285,p03805,u423143252,1549763624,C++,C++14 (GCC 5.4.1),cpp,Accepted,1.0,256.0,1436,
s636413255,p03805,u748069390,1549762178,C++,C++14 (GCC 5.4.1),cpp,Accepted,2.0,256.0,1285,
s961150863,p03805,u725458677,1549750712,C++,C++14 (GCC 5.4.1),cpp,Accepted,1.0,256.0,637,
s849074108,p03805,u724732842,1549744130,C++,C++14 (GCC 5.4.1),cpp,Accepted,2.0,256.0,1143,
s764819229,p03805,u277556971,1549742913,C++,C++14 (GCC 5.4.1),cpp,Accepted,2.0,256.0,997,
s688792148,p03805,u724732842,1549735195,C++,C++14 (GCC 5.4.1),cpp,Accepted,27.0,256.0,1087,
s469628975,p03805,u034055199,1549715421,C++,C++14 (GCC 5.4.1),cpp,Accepted,2.0,256.0,826,
s828064616,p03805,u034055199,1549714090,C++,C++14 (GCC 5.4.1),cpp,Accepted,2.0,256.0,989,
s420413557,p03805,u309985845,1549665354,C++,C++14 (GCC 5.4.1),cpp,Accepted,1.0,256.0,438,
s006699998,p03805,u406158207,1549659929,C++,C++14 (GCC 5.4.1),cpp,Accepted,2.0,256.0,1141,
s347218237,p03805,u377777817,1549654255,C++,C++14 (GCC 5.4.1),cpp,Accepted,2.0,256.0,1313,
s948997654,p03805,u774652316,1549651092,C++,C++14 (GCC 5.4.1),cpp,Accepted,2.0,256.0,912,
s946569830,p03805,u811528179,1549593793,C++,C++14 (GCC 5.4.1),cpp,Accepted,2.0,256.0,1818,
s439293089,p03805,u374103100,1549575451,Python,Python (3.4.3),py,Accepted,62.0,3064.0,653,
s529336123,p03805,u710232726,1549574803,C++,C++14 (GCC 5.4.1),cpp,Accepted,2.0,256.0,680,
s407452218,p03805,u483737025,1549573442,C++,C++14 (GCC 5.4.1),cpp,Accepted,2.0,256.0,863,
s101429254,p03805,u164300951,1549570805,C++,C++14 (GCC 5.4.1),cpp,Accepted,2.0,256.0,2021,
s942078297,p03805,u702906718,1549517238,C++,C++14 (GCC 5.4.1),cpp,Accepted,1.0,256.0,711,
s325698445,p03805,u979452668,1549490711,C++,C++14 (GCC 5.4.1),cpp,Accepted,2.0,256.0,688,
s598004643,p03805,u979452668,1549489913,C++,C++14 (GCC 5.4.1),cpp,Accepted,2.0,256.0,620,
s529862651,p03805,u817760251,1549485224,C++,C++14 (GCC 5.4.1),cpp,Accepted,2.0,256.0,670,
s021748702,p03805,u394033362,1549429259,C++,C++14 (GCC 5.4.1),cpp,Accepted,2.0,256.0,815,
s088322905,p03805,u618649215,1549417888,C++,C++14 (GCC 5.4.1),cpp,Accepted,2.0,256.0,938,
s661063899,p03805,u618649215,1549417140,C++,C++14 (GCC 5.4.1),cpp,Accepted,2.0,256.0,909,
s410784112,p03805,u335278042,1549416155,C++,C++14 (GCC 5.4.1),cpp,Accepted,2.0,256.0,644,
s087258840,p03805,u634208461,1549412384,Python,Python (3.4.3),py,Accepted,53.0,3700.0,416,
s946760127,p03805,u133038626,1549335208,Python,Python (3.4.3),py,Accepted,29.0,3064.0,637,
s494070300,p03805,u373958718,1549297774,C++,C++14 (GCC 5.4.1),cpp,Accepted,2.0,256.0,1702,
s110722866,p03805,u841641310,1549239602,C++,C++14 (GCC 5.4.1),cpp,Accepted,2.0,256.0,1066,
s737339804,p03805,u762955009,1549223294,Python,Python (3.4.3),py,Accepted,48.0,3064.0,604,
s920308092,p03805,u751488284,1549205595,C++,C++14 (GCC 5.4.1),cpp,Accepted,1.0,256.0,1532,
s621714134,p03805,u876335718,1549177932,C++,C++14 (GCC 5.4.1),cpp,Accepted,12.0,26880.0,1478,
s402525244,p03805,u159208574,1549171226,C++,C++14 (GCC 5.4.1),cpp,Accepted,1.0,256.0,1958,
s111664093,p03805,u551373727,1549162025,C++,C++14 (GCC 5.4.1),cpp,Accepted,1.0,256.0,1050,
s252189969,p03805,u185034753,1549143672,Python,Python (3.4.3),py,Accepted,29.0,3316.0,747,
s999696456,p03805,u239981649,1549085298,Python,Python (3.4.3),py,Accepted,46.0,3064.0,303,
s458404474,p03805,u146594935,1549068550,C++,C++14 (GCC 5.4.1),cpp,Accepted,2.0,256.0,999,
s215921887,p03805,u644778646,1549051283,Python,Python (3.4.3),py,Accepted,30.0,3064.0,485,
s859926521,p03805,u556799364,1549037839,C++,C++14 (GCC 5.4.1),cpp,Accepted,5.0,1408.0,1185,
s500704575,p03805,u219607170,1549002219,Python,Python (3.4.3),py,Accepted,27.0,3064.0,487,
s772819799,p03805,u690536347,1548991279,Python,PyPy3 (2.4.0),py,Accepted,184.0,39152.0,378,
s525203476,p03805,u987267288,1548987579,C++,C++14 (GCC 5.4.1),cpp,Accepted,2.0,256.0,1995,
s802873441,p03805,u966854856,1548904098,C++,C++14 (GCC 5.4.1),cpp,Accepted,2.0,256.0,1432,
s710428095,p03805,u983918956,1548901860,Python,Python (3.4.3),py,Accepted,37.0,3064.0,919,
s987945986,p03805,u983918956,1548901557,Python,Python (3.4.3),py,Accepted,37.0,3064.0,567,
s460317009,p03805,u136869985,1548878757,C++,C++14 (GCC 5.4.1),cpp,Accepted,2.0,256.0,673,
s592394310,p03805,u316386814,1548866689,Python,Python (3.4.3),py,Accepted,36.0,3444.0,538,
s948809882,p03805,u136869985,1548862352,C++,C++14 (GCC 5.4.1),cpp,Accepted,1.0,256.0,695,
s156615512,p03805,u136869985,1548820493,C++,C++14 (GCC 5.4.1),cpp,Accepted,2.0,256.0,618,
s677990883,p03805,u783861517,1548819349,C++,C++14 (GCC 5.4.1),cpp,Accepted,2.0,256.0,2095,
s791981226,p03805,u952437626,1548818361,C++,C++14 (GCC 5.4.1),cpp,Accepted,2.0,256.0,953,
s211560183,p03805,u743561048,1548806030,C++,C++14 (GCC 5.4.1),cpp,Accepted,2.0,256.0,1705,
s029890990,p03805,u309985845,1548800085,C++,C++14 (GCC 5.4.1),cpp,Accepted,1.0,256.0,491,
s340159214,p03805,u946090308,1548702756,C++,C++14 (GCC 5.4.1),cpp,Accepted,2.0,256.0,1616,
s661212727,p03805,u026483463,1548651226,C++,C++14 (GCC 5.4.1),cpp,Accepted,2.0,256.0,657,
s166145194,p03805,u756388720,1548608761,C++,C++14 (GCC 5.4.1),cpp,Accepted,2.0,256.0,591,
s582593473,p03805,u756388720,1548605541,C++,C++14 (GCC 5.4.1),cpp,Accepted,2.0,256.0,609,
s495516916,p03805,u388927326,1548576961,Python,Python (3.4.3),py,Accepted,34.0,4212.0,982,
s467597442,p03805,u745087332,1548559077,Python,Python (3.4.3),py,Accepted,30.0,3316.0,766,
s217991169,p03805,u136869985,1548553442,C++,C++14 (GCC 5.4.1),cpp,Accepted,2.0,256.0,913,
s184838787,p03805,u136869985,1548553228,C++,C++14 (GCC 5.4.1),cpp,Accepted,2.0,256.0,781,
s275223399,p03805,u983918956,1548549719,Python,Python (3.4.3),py,Accepted,32.0,3064.0,540,
s106417026,p03805,u994831328,1548534622,C++,C++14 (GCC 5.4.1),cpp,Accepted,2.0,256.0,1226,
s339139260,p03805,u154289649,1548526304,C++,C++14 (Clang 3.8.0),cpp,Accepted,1.0,256.0,817,
s773848814,p03805,u154289649,1548526169,C++,C++14 (Clang 3.8.0),cpp,Accepted,5.0,632.0,793,
s176400409,p03805,u318345739,1548478059,C++,C++14 (GCC 5.4.1),cpp,Accepted,2.0,256.0,1264,
s709052889,p03805,u906651641,1548469865,C++,C++14 (GCC 5.4.1),cpp,Accepted,2.0,256.0,632,
s432482125,p03805,u375616706,1548450210,Python,Python (3.4.3),py,Accepted,20.0,3064.0,915,
s236799076,p03805,u987267288,1548448079,C++,C++14 (GCC 5.4.1),cpp,Accepted,2.0,256.0,1827,
s101633727,p03805,u375616706,1548444699,Python,Python (3.4.3),py,Accepted,34.0,3188.0,619,
s252670971,p03805,u907049739,1548395559,C++,C++14 (GCC 5.4.1),cpp,Accepted,1.0,256.0,863,
s361201347,p03805,u095266283,1548384814,C++,C++14 (GCC 5.4.1),cpp,Accepted,2.0,256.0,1062,
s491066156,p03805,u801512570,1548298117,Python,Python (3.4.3),py,Accepted,88.0,3064.0,427,
s935218042,p03805,u801512570,1548296908,Python,Python (3.4.3),py,Accepted,56.0,3064.0,473,
s222758201,p03805,u348021363,1548268250,Python,Python (3.4.3),py,Accepted,29.0,3064.0,603,
s093763873,p03805,u190952243,1548134871,Python,Python (3.4.3),py,Accepted,113.0,3064.0,400,
s391243518,p03805,u222509161,1548113733,C++,C++14 (GCC 5.4.1),cpp,Accepted,2.0,256.0,975,
s613229105,p03805,u561468649,1548097750,C++,C++14 (GCC 5.4.1),cpp,Accepted,3.0,256.0,871,
s026885231,p03805,u593063683,1548011822,Python,Python (3.4.3),py,Accepted,59.0,3064.0,1253,
s907569665,p03805,u537234062,1548000325,C++,C++14 (GCC 5.4.1),cpp,Accepted,2.0,256.0,3627,
s052815349,p03805,u987267288,1547962381,C++,C++14 (GCC 5.4.1),cpp,Accepted,1.0,256.0,1109,
s133540751,p03805,u136869985,1547858252,C++,C++14 (GCC 5.4.1),cpp,Accepted,2.0,256.0,1036,
s085115815,p03805,u619819312,1547854535,Python,Python (3.4.3),py,Accepted,50.0,3956.0,488,
s776837462,p03805,u607865971,1547792080,Python,Python (3.4.3),py,Accepted,50.0,3444.0,483,
s569873692,p03805,u775224245,1547760103,C++,C++14 (GCC 5.4.1),cpp,Accepted,2.0,256.0,786,
s228213123,p03805,u879870653,1547755010,Python,Python (3.4.3),py,Accepted,28.0,3064.0,496,
s001701042,p03805,u465317453,1547749200,C++,C++14 (GCC 5.4.1),cpp,Accepted,2.0,256.0,2938,
s478904933,p03805,u950708010,1547696154,Python,Python (3.4.3),py,Accepted,32.0,3064.0,383,
s029813508,p03805,u050428930,1547674719,C++,C++14 (GCC 5.4.1),cpp,Accepted,1.0,256.0,480,
s028724018,p03805,u050428930,1547674094,C++,C++14 (GCC 5.4.1),cpp,Accepted,2.0,256.0,469,
s521350794,p03805,u550178285,1547595787,C++,C++14 (GCC 5.4.1),cpp,Accepted,2.0,256.0,667,
s462992277,p03805,u745250049,1547575593,C++,C++14 (GCC 5.4.1),cpp,Accepted,2.0,256.0,606,
s181657812,p03805,u237362582,1547536930,Python,Python (3.4.3),py,Accepted,26.0,3188.0,465,
s100592566,p03805,u226951654,1547476717,C++,C++14 (GCC 5.4.1),cpp,Accepted,2.0,256.0,1614,
s088346665,p03805,u141642872,1547445869,C++,C++14 (GCC 5.4.1),cpp,Accepted,2.0,256.0,1491,
s625536597,p03805,u251934638,1547397431,C++,C++14 (GCC 5.4.1),cpp,Accepted,1.0,256.0,1691,
s640809457,p03805,u437622890,1547387220,C++,C++14 (GCC 5.4.1),cpp,Accepted,2.0,256.0,3670,
s791063101,p03805,u437622890,1547386860,C++,C++14 (GCC 5.4.1),cpp,Accepted,3.0,256.0,3415,
s774663895,p03805,u560135121,1547321449,C++,C++14 (GCC 5.4.1),cpp,Accepted,1.0,256.0,507,
s970461976,p03805,u768152935,1547246622,C++,C++14 (GCC 5.4.1),cpp,Accepted,2.0,256.0,1148,
s350031103,p03805,u768152935,1547245519,C++,C++14 (GCC 5.4.1),cpp,Accepted,2.0,256.0,1169,
s158648038,p03805,u575431498,1547176119,Python,Python (3.4.3),py,Accepted,32.0,3064.0,464,
s160774470,p03805,u332385682,1547171104,Python,Python (3.4.3),py,Accepted,21.0,3064.0,943,
s262713894,p03805,u394919721,1547067748,C++,C++14 (GCC 5.4.1),cpp,Accepted,2.0,256.0,4132,
s022081814,p03805,u281303342,1546988110,Python,Python (3.4.3),py,Accepted,28.0,3064.0,486,
s074813595,p03805,u817760251,1546881417,C++,C++14 (GCC 5.4.1),cpp,Accepted,1.0,256.0,560,
s282567211,p03805,u817760251,1546881160,C++,C++14 (GCC 5.4.1),cpp,Accepted,1.0,256.0,692,
s796883843,p03805,u882209234,1546797848,Python,Python (3.4.3),py,Accepted,33.0,3064.0,571,
s459963009,p03805,u666394517,1546796222,C++,C++14 (GCC 5.4.1),cpp,Accepted,2.0,256.0,889,
s499351231,p03805,u879870653,1546786359,Python,Python (3.4.3),py,Accepted,34.0,3064.0,550,
s792971858,p03805,u285556352,1546785108,C++,C++14 (Clang 3.8.0),cpp,Accepted,2.0,256.0,1000,
s032120565,p03805,u879870653,1546749191,Python,Python (3.4.3),py,Accepted,31.0,3064.0,559,
s593371411,p03805,u879870653,1546746907,Python,Python (3.4.3),py,Accepted,29.0,3064.0,475,
s168945114,p03805,u216772548,1546746673,C++,C++14 (GCC 5.4.1),cpp,Accepted,2.0,256.0,751,
s125822498,p03805,u561186440,1546745822,C++,C++14 (GCC 5.4.1),cpp,Accepted,2.0,256.0,489,
s692566246,p03805,u898749314,1546743982,C++,C++14 (GCC 5.4.1),cpp,Accepted,2.0,256.0,1075,
s900407161,p03805,u909643606,1546743805,Python,Python (3.4.3),py,Accepted,792.0,3064.0,1650,
s561627446,p03805,u504142483,1546743474,C++,C++14 (GCC 5.4.1),cpp,Accepted,2.0,256.0,1932,
s913873372,p03805,u350248178,1546741537,Python,Python (3.4.3),py,Accepted,97.0,3064.0,497,
s958996706,p03805,u631277801,1546741112,Python,Python (3.4.3),py,Accepted,31.0,3572.0,861,
s031413373,p03805,u895641117,1546741017,C++,C++14 (GCC 5.4.1),cpp,Accepted,2.0,256.0,1201,
s197260745,p03805,u832039789,1546740463,Python,Python (3.4.3),py,Accepted,46.0,5076.0,670,
s327142373,p03805,u271063202,1546740448,C++,C++14 (GCC 5.4.1),cpp,Accepted,1.0,256.0,964,
s615472324,p03805,u196497077,1546737304,C++,C++14 (GCC 5.4.1),cpp,Accepted,1.0,256.0,903,
s569440178,p03805,u028496463,1546728656,C++,C++14 (GCC 5.4.1),cpp,Accepted,2.0,256.0,1311,
s436032143,p03805,u057866967,1546726217,C++,C++14 (GCC 5.4.1),cpp,Accepted,2.0,256.0,637,
s691418867,p03805,u026102659,1546708227,Python,Python (3.4.3),py,Accepted,28.0,3064.0,511,
s118482918,p03805,u026102659,1546708111,Python,Python (3.4.3),py,Accepted,28.0,3064.0,497,
s510075437,p03805,u633967774,1546637089,C++,C++14 (GCC 5.4.1),cpp,Accepted,2.0,256.0,802,
s745209182,p03805,u550943777,1546626023,Python,Python (3.4.3),py,Accepted,33.0,3064.0,544,
s011806924,p03805,u664610890,1546537927,C++,C++14 (GCC 5.4.1),cpp,Accepted,2.0,256.0,1103,
s378888373,p03805,u073731976,1546533426,C++,C++14 (Clang 3.8.0),cpp,Accepted,7.0,888.0,906,
s612521148,p03805,u853947407,1546525087,C++,C++14 (GCC 5.4.1),cpp,Accepted,2.0,256.0,616,
s707673041,p03805,u745527961,1546501566,C++,C++14 (GCC 5.4.1),cpp,Accepted,14.0,2432.0,923,
s511656028,p03805,u089032001,1546479020,Python,Python (3.4.3),py,Accepted,27.0,3064.0,460,
s447291180,p03805,u047535298,1546468720,Python,Python (3.4.3),py,Accepted,32.0,3064.0,399,
s684040502,p03805,u903596281,1546464472,Python,Python (3.4.3),py,Accepted,32.0,3572.0,395,
s933370258,p03805,u243801483,1546460689,C++,C++14 (GCC 5.4.1),cpp,Accepted,19.0,256.0,2430,
s234620016,p03805,u406158207,1546452150,C++,C++14 (GCC 5.4.1),cpp,Accepted,2.0,256.0,1006,
s132045643,p03805,u835297884,1546439173,C++,C++14 (GCC 5.4.1),cpp,Accepted,1.0,256.0,660,
s127693518,p03805,u774380666,1546407553,C++,C++14 (GCC 5.4.1),cpp,Accepted,3.0,256.0,1289,
s044451084,p03805,u243801483,1546394145,C++,C++14 (GCC 5.4.1),cpp,Accepted,3.0,256.0,1545,
s664052453,p03805,u317754719,1546328043,C++,C++14 (GCC 5.4.1),cpp,Accepted,1.0,256.0,732,
s206425303,p03805,u591883167,1546305610,C++,C++14 (GCC 5.4.1),cpp,Accepted,1.0,256.0,1957,
s643959224,p03805,u020604402,1546301207,Python,PyPy3 (2.4.0),py,Accepted,293.0,47452.0,580,
s715134632,p03805,u130196064,1546251326,C++,C++14 (GCC 5.4.1),cpp,Accepted,2.0,256.0,2346,
s075388696,p03805,u024809932,1546231599,C++,C++14 (GCC 5.4.1),cpp,Accepted,1.0,256.0,659,
s385662834,p03805,u341957179,1546153640,C++,C++14 (GCC 5.4.1),cpp,Accepted,1.0,256.0,740,
s783171290,p03805,u610441939,1546127411,C++,C++14 (GCC 5.4.1),cpp,Accepted,2.0,256.0,535,
s929559106,p03805,u693133807,1546119920,C++,C++14 (GCC 5.4.1),cpp,Accepted,1.0,256.0,842,
s960126421,p03805,u620480037,1546109566,Python,Python (3.4.3),py,Accepted,33.0,3064.0,555,
s056663354,p03805,u656643475,1546101913,Python,Python (3.4.3),py,Accepted,38.0,3188.0,792,
s280804607,p03805,u864171425,1546069290,C++,C++14 (GCC 5.4.1),cpp,Accepted,2.0,256.0,761,
s435921824,p03805,u528744583,1546046837,C++,C++14 (GCC 5.4.1),cpp,Accepted,2.0,256.0,1434,
s179522600,p03805,u294159462,1546038647,C++,C++14 (GCC 5.4.1),cpp,Accepted,1.0,256.0,907,
s041673164,p03805,u817760251,1546035422,C++,C++14 (GCC 5.4.1),cpp,Accepted,1.0,256.0,541,
s360169764,p03805,u817760251,1546035013,C++,C++14 (GCC 5.4.1),cpp,Accepted,2.0,256.0,710,
s050567244,p03805,u261243803,1546021206,C++,C++14 (GCC 5.4.1),cpp,Accepted,1.0,256.0,726,
s798526015,p03805,u811561461,1545962788,C++,C++14 (GCC 5.4.1),cpp,Accepted,2.0,384.0,909,
s313493779,p03805,u803848678,1545960138,Python,Python (3.4.3),py,Accepted,27.0,3064.0,485,
s728543865,p03805,u755830696,1545914240,C++,C++14 (GCC 5.4.1),cpp,Accepted,2.0,256.0,869,
s119016149,p03805,u669696235,1545880411,Python,Python (2.7.6),py,Accepted,897.0,2696.0,812,
s064943522,p03805,u154289649,1545843004,C++,C++14 (GCC 5.4.1),cpp,Accepted,1.0,256.0,673,
s774263558,p03805,u154289649,1545841595,C++,C++14 (GCC 5.4.1),cpp,Accepted,1.0,256.0,831,
s949662908,p03805,u921592714,1545786931,C++,C++14 (GCC 5.4.1),cpp,Accepted,2.0,256.0,1081,
s999075719,p03805,u297367372,1545781989,C++,C++14 (GCC 5.4.1),cpp,Accepted,1.0,256.0,582,
s164790595,p03805,u987039629,1545779890,C++,C++14 (GCC 5.4.1),cpp,Accepted,2.0,256.0,670,
s024789546,p03805,u281531581,1545773231,C++,C++14 (GCC 5.4.1),cpp,Accepted,2.0,256.0,778,
s588421800,p03805,u272557899,1545756195,Python,Python (3.4.3),py,Accepted,34.0,3064.0,990,
s846090665,p03805,u427344224,1545691761,Python,Python (3.4.3),py,Accepted,35.0,3064.0,710,
s258096306,p03805,u895971408,1545686139,C++,C++14 (GCC 5.4.1),cpp,Accepted,2.0,256.0,907,
s348565432,p03805,u624475441,1545683995,C++,C++14 (GCC 5.4.1),cpp,Accepted,1.0,256.0,588,
s853203909,p03805,u624475441,1545683035,Python,Python (3.4.3),py,Accepted,1300.0,141808.0,359,
s806535592,p03805,u624475441,1545682984,Python,Python (3.4.3),py,Accepted,28.0,3064.0,301,
s408810987,p03805,u786453831,1545679328,C++,C++14 (GCC 5.4.1),cpp,Accepted,2.0,384.0,5457,
s659125077,p03805,u355254193,1545631947,C++,C++14 (GCC 5.4.1),cpp,Accepted,1.0,256.0,1351,
s869429530,p03805,u589087860,1545603006,Python,Python (3.4.3),py,Accepted,41.0,3064.0,536,
s539195011,p03805,u482092601,1545596121,C++,C++14 (GCC 5.4.1),cpp,Accepted,7.0,2644.0,1511,
s666384787,p03805,u415580658,1545566647,C++,C++14 (GCC 5.4.1),cpp,Accepted,2.0,256.0,1063,
s931298649,p03805,u643840641,1545548783,Python,Python (3.4.3),py,Accepted,40.0,3064.0,439,
s504420795,p03805,u645369394,1545534178,C++,C++14 (GCC 5.4.1),cpp,Accepted,2.0,256.0,678,
s346821448,p03805,u185957331,1545511128,C++,C++14 (GCC 5.4.1),cpp,Accepted,1.0,256.0,924,
s433147066,p03805,u685009987,1545457885,C++,C++14 (GCC 5.4.1),cpp,Accepted,2.0,256.0,871,
s130085765,p03805,u492373312,1545438068,C++,C++14 (GCC 5.4.1),cpp,Accepted,1.0,256.0,1196,
s974503415,p03805,u251934638,1545400887,C++,C++14 (GCC 5.4.1),cpp,Accepted,1.0,256.0,1698,
s781101736,p03805,u513081876,1545365354,Python,Python (3.4.3),py,Accepted,38.0,8052.0,432,
s678643520,p03805,u384299515,1545361943,C++,C++14 (GCC 5.4.1),cpp,Accepted,2.0,256.0,848,
s171791703,p03805,u832039789,1545361765,Python,Python (3.4.3),py,Accepted,29.0,3064.0,372,
s184272481,p03805,u040490988,1545361377,C++,C++14 (GCC 5.4.1),cpp,Accepted,1.0,256.0,6373,
s818384096,p03805,u181937133,1545361357,C++,C++14 (GCC 5.4.1),cpp,Accepted,3.0,1152.0,1324,
s329479868,p03805,u761320129,1545360242,Python,Python (3.4.3),py,Accepted,25.0,3188.0,388,
s925964867,p03805,u623115612,1545359518,C++,C++14 (GCC 5.4.1),cpp,Accepted,3.0,256.0,603,
s153199269,p03805,u876335718,1545359377,C++,C++14 (GCC 5.4.1),cpp,Accepted,15.0,31488.0,1260,
s015662629,p03805,u254187258,1545334363,C++,C++14 (GCC 5.4.1),cpp,Accepted,1.0,256.0,756,
s933610663,p03805,u073057072,1545333222,C++,C++14 (GCC 5.4.1),cpp,Accepted,4.0,504.0,488,
s222288790,p03805,u858520692,1545331785,C++,C++14 (GCC 5.4.1),cpp,Accepted,1.0,256.0,667,
s151815476,p03805,u604928622,1545331218,C++,C++14 (GCC 5.4.1),cpp,Accepted,2.0,256.0,753,
s974519838,p03805,u987476436,1545328757,C++,C++14 (GCC 5.4.1),cpp,Accepted,2.0,256.0,468,
s367785330,p03805,u261243803,1545312220,C++,C++14 (GCC 5.4.1),cpp,Accepted,13.0,1536.0,1081,
s447379684,p03805,u261243803,1545307609,C++,C++14 (GCC 5.4.1),cpp,Accepted,14.0,1536.0,1086,
s650899290,p03805,u642522723,1545283813,C++,C++14 (GCC 5.4.1),cpp,Accepted,1.0,256.0,720,
s785663472,p03805,u642522723,1545282686,C++,C++14 (GCC 5.4.1),cpp,Accepted,2.0,256.0,792,
s298346355,p03805,u702996070,1545267614,C++,C++14 (GCC 5.4.1),cpp,Accepted,2.0,256.0,2463,
s107088264,p03805,u627417051,1545241069,Python,Python (3.4.3),py,Accepted,28.0,3064.0,426,
s109552991,p03805,u880373275,1545230628,Python,Python (3.4.3),py,Accepted,28.0,3064.0,555,
s768296519,p03805,u371763408,1545227114,Python,Python (3.4.3),py,Accepted,27.0,3316.0,350,
s011940857,p03805,u077337864,1545151507,C++,C++14 (GCC 5.4.1),cpp,Accepted,7.0,256.0,935,
s956373578,p03805,u824332405,1545084039,C++,C++14 (GCC 5.4.1),cpp,Accepted,1.0,256.0,780,
s183960575,p03805,u456333842,1544980812,C++,C++14 (GCC 5.4.1),cpp,Accepted,1.0,256.0,826,
s123986715,p03805,u334624175,1544923211,C++,C++14 (GCC 5.4.1),cpp,Accepted,2.0,256.0,1072,
s946894248,p03805,u830782448,1544850706,C++,C++14 (GCC 5.4.1),cpp,Accepted,2.0,256.0,1004,
s316698865,p03805,u923279197,1544824617,Python,Python (3.4.3),py,Accepted,25.0,3188.0,528,
s152557454,p03805,u304318875,1544817927,C++,C++14 (GCC 5.4.1),cpp,Accepted,3.0,256.0,5639,
s954268951,p03805,u536712674,1544759005,C++,C++14 (GCC 5.4.1),cpp,Accepted,1.0,256.0,937,
s445229343,p03805,u799021348,1544644459,C++,C++14 (GCC 5.4.1),cpp,Accepted,4.0,256.0,1211,
s572428584,p03805,u531531196,1544591158,C++,C++14 (GCC 5.4.1),cpp,Accepted,3.0,256.0,756,
s979263276,p03805,u468811760,1544574526,C++,C++14 (GCC 5.4.1),cpp,Accepted,1.0,256.0,732,
s226155198,p03805,u075865455,1544498743,C++,C++14 (GCC 5.4.1),cpp,Accepted,1.0,256.0,823,
s587021366,p03805,u952708174,1544488655,Python,Python (3.4.3),py,Accepted,27.0,3064.0,763,
s931318402,p03805,u956758464,1544397151,C++,C++14 (GCC 5.4.1),cpp,Accepted,1.0,128.0,549,
s386372475,p03805,u086849314,1544303673,C++,C++14 (GCC 5.4.1),cpp,Accepted,5.0,256.0,752,
s350618476,p03805,u086849314,1544301293,C++,C++14 (GCC 5.4.1),cpp,Accepted,2.0,256.0,690,
s646279638,p03805,u844789719,1544266637,Python,Python (3.4.3),py,Accepted,32.0,3064.0,454,
s925299535,p03805,u251934638,1544187682,C++,C++14 (GCC 5.4.1),cpp,Accepted,1.0,256.0,1733,
s827043852,p03805,u274055316,1544150424,C++,C++14 (GCC 5.4.1),cpp,Accepted,4.0,256.0,1058,
s911967190,p03805,u897678961,1544146869,C++,C++14 (GCC 5.4.1),cpp,Accepted,2.0,256.0,887,
s183051384,p03805,u021423660,1544074465,C++,C++14 (GCC 5.4.1),cpp,Accepted,1.0,256.0,558,
s976100779,p03805,u257304866,1544060838,C++,C++14 (GCC 5.4.1),cpp,Accepted,1.0,256.0,1495,
s882171976,p03805,u102602414,1544030515,C++,C++14 (GCC 5.4.1),cpp,Accepted,2.0,256.0,972,
s580041776,p03805,u505420467,1544024375,Python,Python (3.4.3),py,Accepted,31.0,4212.0,367,
s886448482,p03805,u415041731,1544023383,C++,C++14 (GCC 5.4.1),cpp,Accepted,2.0,256.0,1470,
s880808968,p03805,u813098295,1543998795,Python,Python (3.4.3),py,Accepted,37.0,3572.0,766,
s234232709,p03805,u813098295,1543997617,C++,C++14 (GCC 5.4.1),cpp,Accepted,1.0,256.0,945,
s709587239,p03805,u813098295,1543994937,Python,Python (3.4.3),py,Accepted,24.0,3064.0,589,
s452997616,p03805,u813098295,1543993502,C++,C++14 (GCC 5.4.1),cpp,Accepted,1.0,256.0,748,
s841463239,p03805,u813098295,1543991088,C++,C++14 (GCC 5.4.1),cpp,Accepted,2.0,256.0,992,
s990440216,p03805,u322568242,1543989060,C++,C++14 (GCC 5.4.1),cpp,Accepted,1.0,256.0,732,
s547231909,p03805,u334351654,1543952172,C++,C++14 (GCC 5.4.1),cpp,Accepted,2.0,256.0,1298,
s101397697,p03805,u155024797,1543944820,Python,Python (3.4.3),py,Accepted,40.0,6132.0,742,
s809861934,p03805,u280512618,1543899324,C++,C++14 (GCC 5.4.1),cpp,Accepted,2.0,512.0,1003,
s526981603,p03805,u099918199,1543817572,C++,C++14 (GCC 5.4.1),cpp,Accepted,2.0,256.0,1037,
s205601876,p03805,u219786796,1543744062,C++,C++14 (GCC 5.4.1),cpp,Accepted,2.0,256.0,1352,
s187532224,p03805,u548768105,1543642452,C++,C++14 (GCC 5.4.1),cpp,Accepted,1.0,256.0,1114,
s652278021,p03805,u054106284,1543609661,Python,Python (3.4.3),py,Accepted,62.0,8052.0,604,
s741975219,p03805,u657429065,1543519082,C++,C++14 (GCC 5.4.1),cpp,Accepted,1.0,256.0,1839,
s140761753,p03805,u001566280,1543513505,C++,C++14 (GCC 5.4.1),cpp,Accepted,2.0,256.0,618,
s476418337,p03805,u943657163,1543462979,Python,Python (3.4.3),py,Accepted,56.0,3064.0,376,
s838258391,p03805,u623115612,1543381731,C++,C++14 (GCC 5.4.1),cpp,Accepted,1.0,256.0,578,
s656193429,p03805,u347746039,1543370062,C++,C++14 (GCC 5.4.1),cpp,Accepted,8.0,256.0,1242,
s319702226,p03805,u420071596,1543362364,C++,C++14 (GCC 5.4.1),cpp,Accepted,1.0,256.0,1045,
s638932880,p03805,u625092455,1543325688,C++,C++14 (Clang 3.8.0),cpp,Accepted,7.0,888.0,848,
s191993138,p03805,u224756887,1543320483,C++,C++14 (GCC 5.4.1),cpp,Accepted,1.0,256.0,863,
s577448206,p03805,u203927510,1543307826,C++,C++14 (GCC 5.4.1),cpp,Accepted,2.0,256.0,806,
s794875925,p03805,u620868411,1543239316,Python,Python (3.4.3),py,Accepted,23.0,3064.0,492,
s762093730,p03805,u004025573,1543220651,Python,Python (3.4.3),py,Accepted,25.0,3064.0,571,
s414130768,p03805,u493750228,1543196035,C++,C++14 (GCC 5.4.1),cpp,Accepted,1.0,256.0,1223,
s679126183,p03805,u920299620,1543192971,C++,C++14 (GCC 5.4.1),cpp,Accepted,1.0,256.0,1304,
s163116474,p03805,u969850098,1543191026,Python,Python (3.4.3),py,Accepted,85.0,3064.0,1142,
s575069798,p03805,u969850098,1543188849,Python,Python (3.4.3),py,Accepted,84.0,3064.0,963,
s023803222,p03805,u685263709,1543181767,Python,Python (3.4.3),py,Accepted,63.0,8052.0,423,
s518985846,p03805,u557437077,1543135578,Python,Python (3.4.3),py,Accepted,170.0,3444.0,1337,
s509856269,p03805,u667458133,1543135017,Python,Python (3.4.3),py,Accepted,64.0,3064.0,625,
s778984871,p03805,u207171146,1543112862,C++,C++14 (GCC 5.4.1),cpp,Accepted,2.0,256.0,1183,
s192487257,p03805,u200030766,1543096810,C++,C++14 (GCC 5.4.1),cpp,Accepted,1.0,256.0,988,
s345030807,p03805,u432456012,1543022158,C++,C++14 (GCC 5.4.1),cpp,Accepted,5.0,640.0,1012,
s315210359,p03805,u237292518,1543006185,C++,C++14 (GCC 5.4.1),cpp,Accepted,2.0,256.0,1439,
s714237153,p03805,u251934638,1542896153,C++,C++14 (GCC 5.4.1),cpp,Accepted,1.0,256.0,1700,
s837417572,p03805,u519382463,1542883981,C++,C++14 (GCC 5.4.1),cpp,Accepted,1.0,256.0,838,
s108142335,p03805,u884163918,1542867995,C++,C++14 (GCC 5.4.1),cpp,Accepted,2.0,256.0,601,
s022298610,p03805,u543284218,1542862095,C++,C++14 (Clang 3.8.0),cpp,Accepted,6.0,888.0,946,
s395721434,p03805,u599547273,1542824017,Python,Python (3.4.3),py,Accepted,31.0,3064.0,471,
s019619549,p03805,u285118720,1542814920,C++,C++14 (Clang 3.8.0),cpp,Accepted,7.0,888.0,1060,
s467150807,p03805,u136869985,1542753142,C++,C++14 (GCC 5.4.1),cpp,Accepted,1.0,256.0,832,
s462419111,p03805,u813098295,1542699620,C++,C++14 (GCC 5.4.1),cpp,Accepted,1.0,256.0,901,
s349776600,p03805,u013750540,1542695563,C++,C++14 (GCC 5.4.1),cpp,Accepted,2.0,256.0,2243,
s597625588,p03805,u482531476,1542692309,C++,C++14 (GCC 5.4.1),cpp,Accepted,2.0,256.0,827,
s275589202,p03805,u966921248,1542655803,C++,C++14 (GCC 5.4.1),cpp,Accepted,1.0,256.0,1316,
s423677981,p03805,u449722246,1542650626,C++,C++14 (GCC 5.4.1),cpp,Accepted,1.0,256.0,954,
s574774783,p03805,u604896914,1542632429,C++,C++14 (GCC 5.4.1),cpp,Accepted,2.0,256.0,1247,
s949413833,p03805,u090097090,1542630613,C++,C++14 (GCC 5.4.1),cpp,Accepted,1.0,256.0,781,
s674639848,p03805,u424103788,1542582121,C++,C++14 (GCC 5.4.1),cpp,Accepted,1.0,256.0,597,
s382091872,p03805,u297203024,1542517774,C++,C++14 (GCC 5.4.1),cpp,Accepted,1.0,256.0,1014,
s129465376,p03805,u017810624,1542515798,Python,Python (3.4.3),py,Accepted,64.0,3572.0,322,
s265541202,p03805,u498669934,1542439511,C++,C++14 (GCC 5.4.1),cpp,Accepted,5.0,768.0,915,
s967017818,p03805,u366133198,1542420219,Python,Python (3.4.3),py,Accepted,233.0,4748.0,1135,
s133741509,p03805,u271545619,1542407911,C++,C++14 (GCC 5.4.1),cpp,Accepted,249.0,46824.0,1224,
s357992115,p03805,u029329478,1542406543,Python,Python (3.4.3),py,Accepted,58.0,4332.0,1203,
s489506209,p03805,u320853829,1542323934,C++,C++14 (GCC 5.4.1),cpp,Accepted,1.0,256.0,491,
s455993222,p03805,u978178314,1542317516,Python,Python (2.7.6),py,Accepted,28.0,2812.0,459,
s691086178,p03805,u679906187,1542315607,C++,C++14 (GCC 5.4.1),cpp,Accepted,13.0,256.0,1051,
s050141125,p03805,u023195454,1542313394,C++,C++14 (GCC 5.4.1),cpp,Accepted,1.0,256.0,602,
s975466881,p03805,u023195454,1542313340,C++,C++14 (GCC 5.4.1),cpp,Accepted,1.0,256.0,602,
s558889170,p03805,u599547273,1542294278,Python,Python (3.4.3),py,Accepted,28.0,3064.0,500,
s887266039,p03805,u987476436,1542293911,C++,C++14 (GCC 5.4.1),cpp,Accepted,2.0,256.0,649,
s764504470,p03805,u939552576,1542272264,Python,Python (3.4.3),py,Accepted,48.0,3572.0,445,
s366478037,p03805,u314988220,1542262376,C++,C++14 (GCC 5.4.1),cpp,Accepted,1.0,256.0,611,
s069738284,p03805,u269963329,1542262062,C++,C++14 (GCC 5.4.1),cpp,Accepted,1.0,256.0,625,
s944388175,p03805,u243196226,1542255154,C++,C++14 (GCC 5.4.1),cpp,Accepted,1.0,256.0,856,
s952558978,p03805,u465638326,1542235297,C++,C++14 (GCC 5.4.1),cpp,Accepted,1.0,256.0,497,
s221430774,p03805,u451538287,1542208201,C++,C++14 (GCC 5.4.1),cpp,Accepted,1.0,256.0,680,
s007057312,p03805,u451538287,1542208143,C++,C++14 (GCC 5.4.1),cpp,Accepted,1.0,256.0,806,
s055590658,p03805,u451538287,1542163475,C++,C++14 (GCC 5.4.1),cpp,Accepted,2.0,256.0,806,
s111998208,p03805,u236127431,1542007896,Python,Python (3.4.3),py,Accepted,1123.0,150900.0,554,
s676887107,p03805,u172929647,1541956144,C++,C++14 (GCC 5.4.1),cpp,Accepted,1.0,256.0,8061,
s547637669,p03805,u197175300,1541907964,C++,C++14 (GCC 5.4.1),cpp,Accepted,1.0,256.0,630,
s865049613,p03805,u297203024,1541894792,C++,C++14 (GCC 5.4.1),cpp,Accepted,1.0,256.0,1005,
s723409527,p03805,u001024152,1541864946,Python,Python (3.4.3),py,Accepted,34.0,3064.0,593,
s221839676,p03805,u366644013,1541858854,C++,C++14 (GCC 5.4.1),cpp,Accepted,26.0,256.0,705,
s327794212,p03805,u268977772,1541827131,C++,C++14 (GCC 5.4.1),cpp,Accepted,1.0,256.0,761,
s341723812,p03805,u548624367,1541825494,C++,C++14 (GCC 5.4.1),cpp,Accepted,1.0,256.0,938,
s732650722,p03805,u810671118,1541825403,C++,C++14 (GCC 5.4.1),cpp,Accepted,1.0,256.0,796,
s473878531,p03805,u810671118,1541824531,C++,C++14 (GCC 5.4.1),cpp,Accepted,1.0,256.0,634,
s508861131,p03805,u810671118,1541821260,C++,C++14 (GCC 5.4.1),cpp,Accepted,1.0,256.0,855,
s954743303,p03805,u480831358,1541803973,C++,C++14 (GCC 5.4.1),cpp,Accepted,3.0,256.0,596,
s319759653,p03805,u255280439,1541801244,Python,Python (3.4.3),py,Accepted,54.0,4872.0,3614,
s965631650,p03805,u698479721,1541779430,Python,Python (3.4.3),py,Accepted,40.0,3064.0,606,
s587918117,p03805,u251934638,1541687874,C++,C++14 (GCC 5.4.1),cpp,Accepted,1.0,256.0,1705,
s881683292,p03805,u731028462,1541632331,Python,Python (3.4.3),py,Accepted,366.0,4840.0,656,
s462705341,p03805,u211681714,1541590204,C++,C++14 (GCC 5.4.1),cpp,Accepted,1.0,256.0,13872,
s355311559,p03805,u211681714,1541590054,C++,C++14 (GCC 5.4.1),cpp,Accepted,2.0,256.0,13865,
s716396850,p03805,u211681714,1541589802,C++,C++14 (GCC 5.4.1),cpp,Accepted,1.0,256.0,14123,
s749805089,p03805,u211681714,1541589767,C++,C++14 (GCC 5.4.1),cpp,Accepted,2.0,256.0,13865,
s260124024,p03805,u211681714,1541589723,C++,C++14 (GCC 5.4.1),cpp,Accepted,2.0,256.0,13865,
s759252320,p03805,u211681714,1541589127,C++,C++14 (GCC 5.4.1),cpp,Accepted,1.0,256.0,14075,
s804099809,p03805,u741895052,1541554655,C++,C++14 (GCC 5.4.1),cpp,Accepted,1.0,256.0,1093,
s005529215,p03805,u741895052,1541553019,C++,C++14 (GCC 5.4.1),cpp,Accepted,1.0,256.0,1062,
s153608872,p03805,u355254193,1541552514,C++,C++14 (GCC 5.4.1),cpp,Accepted,1.0,256.0,1371,
s581516964,p03805,u603234915,1541527970,Python,Python (3.4.3),py,Accepted,34.0,3064.0,1031,
s313612209,p03805,u603234915,1541474927,Python,Python (3.4.3),py,Accepted,27.0,3188.0,955,
s819568139,p03805,u111742294,1541471379,C++,C++14 (GCC 5.4.1),cpp,Accepted,2.0,256.0,1023,
s913181311,p03805,u726615467,1541470294,Python,Python (3.4.3),py,Accepted,42.0,3064.0,553,
s897194608,p03805,u667458133,1541394431,Python,Python (3.4.3),py,Accepted,35.0,3064.0,494,
s059244778,p03805,u404676457,1541392779,Python,Python (3.4.3),py,Accepted,28.0,3064.0,655,
s112562955,p03805,u482808969,1541360844,C++,C++14 (GCC 5.4.1),cpp,Accepted,1.0,256.0,764,
s470090299,p03805,u773916255,1541303981,C++,C++14 (GCC 5.4.1),cpp,Accepted,1.0,256.0,1041,
s565104954,p03805,u200030766,1541301594,Python,Python (3.4.3),py,Accepted,37.0,3064.0,633,
s384115428,p03805,u166696759,1541295488,C++,C++14 (GCC 5.4.1),cpp,Accepted,2.0,256.0,976,
s195944501,p03805,u415905784,1541224654,Python,Python (3.4.3),py,Accepted,31.0,3064.0,372,
s353865610,p03805,u068654145,1541214300,C++,C++14 (GCC 5.4.1),cpp,Accepted,2.0,640.0,1726,
s055014708,p03805,u411517988,1541213831,C++,C++14 (GCC 5.4.1),cpp,Accepted,1.0,256.0,718,
s520805389,p03805,u874996917,1541210936,C++,C++14 (GCC 5.4.1),cpp,Accepted,1.0,256.0,2540,
s124804142,p03805,u199295501,1541185679,Python,Python (3.4.3),py,Accepted,34.0,3064.0,555,
s690023069,p03805,u136869985,1541046562,C++,C++14 (GCC 5.4.1),cpp,Accepted,1.0,256.0,798,
s855600043,p03805,u278446060,1541032911,C++,C++14 (GCC 5.4.1),cpp,Accepted,3.0,256.0,801,
s654856393,p03805,u904097134,1541015891,C++,C++14 (GCC 5.4.1),cpp,Accepted,1.0,256.0,957,
s737714531,p03805,u987476436,1541011421,C++,C++14 (GCC 5.4.1),cpp,Accepted,2.0,256.0,722,
s697886416,p03805,u376082984,1540960417,C++,C++14 (GCC 5.4.1),cpp,Accepted,6.0,384.0,864,
s173451628,p03805,u897304429,1540958442,C++,C++14 (GCC 5.4.1),cpp,Accepted,1.0,256.0,1192,
s747424601,p03805,u513081876,1540942854,Python,Python (3.4.3),py,Accepted,30.0,3064.0,410,
s122699726,p03805,u816742421,1540940345,C++,C++14 (GCC 5.4.1),cpp,Accepted,1.0,256.0,939,
s544571364,p03805,u391752022,1540917174,C++,C++14 (GCC 5.4.1),cpp,Accepted,1.0,256.0,768,
s659661455,p03805,u497422208,1540874024,C++,C++14 (GCC 5.4.1),cpp,Accepted,2.0,256.0,806,
s152262286,p03805,u497422208,1540873949,C++,C++14 (GCC 5.4.1),cpp,Accepted,2.0,256.0,907,
s666856343,p03805,u516353059,1540869901,C++,C++14 (GCC 5.4.1),cpp,Accepted,2.0,256.0,1669,
s425379864,p03805,u297109012,1540861551,Python,Python (3.4.3),py,Accepted,34.0,3064.0,695,
s736687547,p03805,u357265888,1540857284,C++,C++14 (GCC 5.4.1),cpp,Accepted,1.0,256.0,533,
s781710833,p03805,u764234894,1540848827,C++,C++14 (GCC 5.4.1),cpp,Accepted,1.0,256.0,886,
s051370124,p03805,u883048396,1540847810,Python,Python (3.4.3),py,Accepted,24.0,3064.0,668,
s716529249,p03805,u433685759,1540845843,C++,C++14 (GCC 5.4.1),cpp,Accepted,2.0,256.0,898,
s235916012,p03805,u503170128,1540843529,C++,C++14 (GCC 5.4.1),cpp,Accepted,1.0,256.0,914,
s273151801,p03805,u368780724,1540820625,Python,Python (3.4.3),py,Accepted,23.0,3064.0,406,
s445095042,p03805,u729008627,1540770730,Python,Python (3.4.3),py,Accepted,59.0,3064.0,437,
s664909290,p03805,u516353059,1540762743,C++,C++14 (GCC 5.4.1),cpp,Accepted,1.0,256.0,1642,
s118806665,p03805,u251934638,1540738161,C++,C++14 (GCC 5.4.1),cpp,Accepted,1.0,256.0,1763,
s724984487,p03805,u222030240,1540722994,C++,C++14 (GCC 5.4.1),cpp,Accepted,1.0,256.0,1125,
s546720146,p03805,u129134470,1540680455,C++,C++14 (GCC 5.4.1),cpp,Accepted,2.0,256.0,814,
s229208527,p03805,u474270503,1540660966,Python,Python (3.4.3),py,Accepted,69.0,3064.0,538,
s151971813,p03805,u253759478,1540526201,Python,Python (3.4.3),py,Accepted,31.0,3064.0,394,
s925685390,p03805,u672541593,1540440498,C++,C++14 (GCC 5.4.1),cpp,Accepted,1.0,256.0,845,
s602152774,p03805,u874039158,1540436745,C++,C++14 (GCC 5.4.1),cpp,Accepted,1.0,256.0,1417,
s035124877,p03805,u874039158,1540436470,C++,C++14 (GCC 5.4.1),cpp,Accepted,1.0,256.0,1446,
s824019234,p03805,u344122377,1540432245,C++,C++14 (GCC 5.4.1),cpp,Accepted,1.0,256.0,490,
s760145133,p03805,u739168239,1540399923,C++,C++14 (GCC 5.4.1),cpp,Accepted,1.0,256.0,894,
s607710674,p03805,u290693410,1540395773,C++,C++14 (GCC 5.4.1),cpp,Accepted,1.0,256.0,715,
s994055457,p03805,u401116871,1540360286,C++,C++14 (GCC 5.4.1),cpp,Accepted,2.0,384.0,2610,
s293645648,p03805,u401116871,1540360012,C++,C++14 (GCC 5.4.1),cpp,Accepted,1.0,256.0,2589,
s975910756,p03805,u401116871,1540359751,C++,C++14 (GCC 5.4.1),cpp,Accepted,1.0,256.0,2577,
s109901166,p03805,u401116871,1540359673,C++,C++14 (GCC 5.4.1),cpp,Accepted,1.0,256.0,2622,
s903019288,p03805,u401116871,1540359619,C++,C++14 (GCC 5.4.1),cpp,Accepted,1.0,256.0,2615,
s658399876,p03805,u401116871,1540359548,C++,C++14 (GCC 5.4.1),cpp,Accepted,1.0,256.0,2607,
s781473035,p03805,u401116871,1540359471,C++,C++14 (GCC 5.4.1),cpp,Accepted,1.0,256.0,2610,
s007841716,p03805,u326400916,1540350069,C++,C++14 (GCC 5.4.1),cpp,Accepted,1.0,256.0,600,
s266728151,p03805,u096883693,1540349718,C++,C++14 (GCC 5.4.1),cpp,Accepted,2.0,256.0,802,
s251404469,p03805,u997521090,1540348870,Python,Python (2.7.6),py,Accepted,21.0,2812.0,652,
s431271110,p03805,u426108351,1540342686,Python,Python (3.4.3),py,Accepted,159.0,9844.0,666,
s806781702,p03805,u251934638,1540293324,C++,C++14 (GCC 5.4.1),cpp,Accepted,1.0,256.0,1770,
s373416914,p03805,u864171425,1540261161,C++,C++14 (GCC 5.4.1),cpp,Accepted,1.0,256.0,803,
s823721447,p03805,u390694622,1540251504,Python,Python (3.4.3),py,Accepted,24.0,3064.0,412,
s516275194,p03805,u592610268,1540144307,C++,C++14 (GCC 5.4.1),cpp,Accepted,1.0,256.0,737,
s657818235,p03805,u251934638,1540132390,C++,C++14 (GCC 5.4.1),cpp,Accepted,1.0,256.0,1788,
s976869571,p03805,u940102677,1540112938,Python,Python (3.4.3),py,Accepted,59.0,3700.0,341,
s877346581,p03805,u687548330,1540088911,C++,C++14 (GCC 5.4.1),cpp,Accepted,1.0,256.0,475,
s966549655,p03805,u599568485,1540080620,C++,C++14 (GCC 5.4.1),cpp,Accepted,1.0,256.0,808,
s331091830,p03805,u178152729,1540071173,C++,C++14 (GCC 5.4.1),cpp,Accepted,2.0,256.0,830,
s204272627,p03805,u764228018,1540008615,C++,C++14 (GCC 5.4.1),cpp,Accepted,1.0,256.0,1028,
s153421391,p03805,u297574184,1540003912,Python,Python (3.4.3),py,Accepted,30.0,3064.0,454,
s254216390,p03805,u105155351,1539970615,C++,C++14 (GCC 5.4.1),cpp,Accepted,1.0,256.0,755,
s116387089,p03805,u105155351,1539969250,C++,C++14 (GCC 5.4.1),cpp,Accepted,1.0,256.0,774,
s059385416,p03805,u105155351,1539967803,C++,C++14 (GCC 5.4.1),cpp,Accepted,1.0,256.0,744,
s943007303,p03805,u149583407,1539905718,C++,C++14 (GCC 5.4.1),cpp,Accepted,1.0,256.0,596,
s760682945,p03805,u625362745,1539904951,C++,C++14 (GCC 5.4.1),cpp,Accepted,1.0,256.0,649,
s606442125,p03805,u309507804,1539904949,C++,C++14 (GCC 5.4.1),cpp,Accepted,1.0,256.0,1023,
s387095546,p03805,u424967964,1539903131,C++,C++14 (GCC 5.4.1),cpp,Accepted,1.0,256.0,1033,
s016356527,p03805,u189870205,1539899295,C++,C++14 (GCC 5.4.1),cpp,Accepted,1.0,256.0,743,
s484447412,p03805,u595893956,1539896178,C++,C++14 (GCC 5.4.1),cpp,Accepted,1.0,256.0,563,
s324523887,p03805,u406158207,1539797180,C++,C++14 (GCC 5.4.1),cpp,Accepted,2.0,256.0,702,
s633281401,p03805,u362800497,1539702842,C++,C++14 (GCC 5.4.1),cpp,Accepted,1.0,256.0,836,
s271680853,p03805,u136378781,1539701796,C++,C++14 (GCC 5.4.1),cpp,Accepted,1.0,256.0,1255,
s943929032,p03805,u136378781,1539701586,C++,C++14 (GCC 5.4.1),cpp,Accepted,1.0,256.0,1294,
s974077368,p03805,u136378781,1539664155,C++,C++14 (GCC 5.4.1),cpp,Accepted,1.0,256.0,1295,
s675247681,p03805,u029315034,1539657265,Python,Python (3.4.3),py,Accepted,28.0,3064.0,572,
s138646473,p03805,u184659204,1539644011,C++,C++14 (GCC 5.4.1),cpp,Accepted,1.0,256.0,759,
s944032458,p03805,u827202523,1539575613,Python,Python (3.4.3),py,Accepted,33.0,3064.0,648,
s527189313,p03805,u952094438,1539568899,C++,C++14 (GCC 5.4.1),cpp,Accepted,1.0,256.0,1075,
s749063191,p03805,u371763408,1539559863,Python,Python (3.4.3),py,Accepted,31.0,3064.0,358,
s257256482,p03805,u406158207,1539554549,C++,C++14 (GCC 5.4.1),cpp,Accepted,1.0,256.0,774,
s204047620,p03805,u013628553,1539552186,C++,C++14 (GCC 5.4.1),cpp,Accepted,1.0,256.0,956,
s651690698,p03805,u905510147,1539391816,Python,Python (3.4.3),py,Accepted,106.0,4340.0,550,
s474543031,p03805,u136869985,1539375321,C++,C++14 (GCC 5.4.1),cpp,Accepted,1.0,256.0,1004,
s949838592,p03805,u136869985,1539375256,C++,C++14 (GCC 5.4.1),cpp,Accepted,1.0,256.0,816,
s462874285,p03805,u398846051,1539367491,Python,Python (3.4.3),py,Accepted,33.0,3064.0,429,
s783678677,p03805,u858136677,1539366391,Python,Python (3.4.3),py,Accepted,41.0,8052.0,615,
s461590510,p03805,u724892495,1539318485,C++,C++14 (GCC 5.4.1),cpp,Accepted,2.0,256.0,1245,
s367835334,p03805,u724892495,1539317613,Python,Python (3.4.3),py,Accepted,35.0,3064.0,488,
s196208003,p03805,u480806810,1539290391,C++,C++14 (GCC 5.4.1),cpp,Accepted,1.0,256.0,486,
s669664981,p03805,u908318580,1539237358,C++,C++14 (GCC 5.4.1),cpp,Accepted,2.0,256.0,846,
s111362483,p03805,u911147723,1539230124,C++,C++14 (GCC 5.4.1),cpp,Accepted,2.0,256.0,619,
s141336375,p03805,u467736898,1539228195,Python,Python (3.4.3),py,Accepted,24.0,3064.0,369,
s243281187,p03805,u788023488,1539221392,Python,Python (3.4.3),py,Accepted,70.0,8052.0,761,
s166500318,p03805,u218842729,1539201557,C++,C++14 (GCC 5.4.1),cpp,Accepted,1.0,256.0,1310,
s859252743,p03805,u336011173,1539197277,C++,C++14 (GCC 5.4.1),cpp,Accepted,2.0,256.0,652,
s929384031,p03805,u313707981,1539146457,C++,C++14 (GCC 5.4.1),cpp,Accepted,3.0,256.0,663,
s860366873,p03805,u313707981,1539146302,C++,C++14 (GCC 5.4.1),cpp,Accepted,2.0,256.0,734,
s405797021,p03805,u177040005,1539134294,Python,Python (3.4.3),py,Accepted,41.0,3064.0,580,
s098906869,p03805,u607865971,1539027048,Python,Python (3.4.3),py,Accepted,42.0,3064.0,614,
s201970087,p03805,u273352618,1539003904,C++,C++14 (GCC 5.4.1),cpp,Accepted,3.0,384.0,1326,
s427034583,p03805,u284854859,1538860666,Python,Python (3.4.3),py,Accepted,32.0,3064.0,360,
s412585410,p03805,u874996917,1538833337,C++,C++14 (GCC 5.4.1),cpp,Accepted,2.0,256.0,2466,
s828463848,p03805,u596912804,1538781839,C++,C++14 (GCC 5.4.1),cpp,Accepted,1.0,256.0,888,
s138368488,p03805,u333768710,1538691731,Python,Python (3.4.3),py,Accepted,44.0,3572.0,638,
s707288227,p03805,u659100741,1538691305,Python,Python (3.4.3),py,Accepted,28.0,3064.0,678,
s065267988,p03805,u415041731,1538683633,C++,C++14 (GCC 5.4.1),cpp,Accepted,1.0,256.0,1908,
s908217588,p03805,u235155157,1538623886,C++,C++14 (GCC 5.4.1),cpp,Accepted,2.0,256.0,681,
s214953357,p03805,u608088992,1538582114,Python,Python (3.4.3),py,Accepted,34.0,3064.0,638,
s706317582,p03805,u761989513,1538500363,Python,Python (3.4.3),py,Accepted,30.0,3064.0,482,
s600280120,p03805,u761989513,1538499714,Python,Python (3.4.3),py,Accepted,68.0,3064.0,680,
s052566498,p03805,u317754719,1538352220,C++,C++14 (GCC 5.4.1),cpp,Accepted,2.0,256.0,899,
s881162232,p03805,u785989355,1538293011,Python,Python (2.7.6),py,Accepted,19.0,2692.0,504,
s740200119,p03805,u105155351,1538267936,C++,C++14 (GCC 5.4.1),cpp,Accepted,1.0,256.0,710,
s707447907,p03805,u251934638,1538251653,C++,C++14 (GCC 5.4.1),cpp,Accepted,1.0,256.0,1466,
s535011427,p03805,u371990949,1538240895,C++,C++14 (GCC 5.4.1),cpp,Accepted,6.0,768.0,1378,
s555415351,p03805,u102126195,1538232770,Python,Python (3.4.3),py,Accepted,27.0,3064.0,585,
s913597519,p03805,u582351638,1538215298,C++,C++14 (GCC 5.4.1),cpp,Accepted,1.0,256.0,3797,
s815711939,p03805,u669551866,1538123664,C++,C++14 (GCC 5.4.1),cpp,Accepted,1.0,256.0,1999,
s187460253,p03805,u868099754,1538030131,C++,C++14 (GCC 5.4.1),cpp,Accepted,1.0,256.0,966,
s596611752,p03805,u243196226,1538009778,C++,C++14 (GCC 5.4.1),cpp,Accepted,1.0,256.0,911,
s286188319,p03805,u355798276,1537975165,C++,C++ (Clang 3.8.0),cpp,Accepted,1.0,256.0,897,
s596712322,p03805,u054652697,1537945838,C++,C++14 (GCC 5.4.1),cpp,Accepted,1.0,256.0,804,
s750883027,p03805,u259053514,1537912798,C++,C++14 (GCC 5.4.1),cpp,Accepted,5.0,256.0,16953,
s437652339,p03805,u230583048,1537910521,C++,C++14 (GCC 5.4.1),cpp,Accepted,1.0,256.0,789,
s772166298,p03805,u550995059,1537908052,C++,C++14 (GCC 5.4.1),cpp,Accepted,8.0,256.0,1317,
s805958223,p03805,u393512980,1537904058,C++,C++14 (GCC 5.4.1),cpp,Accepted,1.0,256.0,608,
s166125120,p03805,u105155351,1537891055,C++,C++14 (GCC 5.4.1),cpp,Accepted,1.0,256.0,768,
s052391711,p03805,u426855695,1537735797,C++,C++14 (GCC 5.4.1),cpp,Accepted,3.0,256.0,1286,
s078929141,p03805,u986276444,1537734088,C++,C++14 (GCC 5.4.1),cpp,Accepted,1.0,256.0,785,
s902603839,p03805,u753391427,1537732899,C++,C++14 (GCC 5.4.1),cpp,Accepted,1.0,256.0,594,
s772091399,p03805,u828706986,1537725539,C++,C++14 (GCC 5.4.1),cpp,Accepted,2.0,256.0,7788,
s975402235,p03805,u456333842,1537657488,C++,C++14 (GCC 5.4.1),cpp,Accepted,1.0,256.0,954,
s455671491,p03805,u596276291,1537645771,Python,Python (3.4.3),py,Accepted,34.0,4196.0,1098,
s165443650,p03805,u669844881,1537620652,C++,C++14 (GCC 5.4.1),cpp,Accepted,2.0,128.0,1593,
s249001747,p03805,u997521090,1537565448,C++,C++14 (GCC 5.4.1),cpp,Accepted,1.0,256.0,799,
s793854455,p03805,u050138914,1537464613,C++,C++14 (GCC 5.4.1),cpp,Accepted,1.0,256.0,1153,
s291321884,p03805,u227733891,1537424297,C++,C++14 (GCC 5.4.1),cpp,Accepted,1.0,256.0,596,
s403172996,p03805,u181719868,1537393067,C++,C++14 (GCC 5.4.1),cpp,Accepted,3.0,256.0,1598,
s030397840,p03805,u876978301,1537298900,C++,C++14 (GCC 5.4.1),cpp,Accepted,1.0,256.0,559,
s111227464,p03805,u759651152,1537237044,Python,Python (3.4.3),py,Accepted,31.0,3692.0,723,
s452739037,p03805,u769852547,1537153241,Python,Python (3.4.3),py,Accepted,34.0,3064.0,647,
s914038656,p03805,u838194315,1537151816,C++,C++14 (GCC 5.4.1),cpp,Accepted,12.0,2432.0,1347,
s519200535,p03805,u415905784,1537151292,Python,Python (3.4.3),py,Accepted,31.0,3064.0,360,
s130586821,p03805,u147049801,1537140642,C++,C++14 (GCC 5.4.1),cpp,Accepted,2.0,504.0,1059,
s824368744,p03805,u480831358,1537047199,C++,C++14 (GCC 5.4.1),cpp,Accepted,2.0,256.0,729,
s271978044,p03805,u248967559,1537042908,Python,Python (3.4.3),py,Accepted,120.0,3572.0,881,
s870866397,p03805,u476958115,1537036466,Python,Python (3.4.3),py,Accepted,260.0,14492.0,734,
s847713621,p03805,u620619899,1537036315,C++,C++14 (GCC 5.4.1),cpp,Accepted,2.0,256.0,1926,
s925644210,p03805,u391331433,1537034484,Python,Python (2.7.6),py,Accepted,24.0,3060.0,1282,
s023923866,p03805,u665876801,1537033952,C++,C++14 (GCC 5.4.1),cpp,Accepted,2.0,640.0,1478,
s383530907,p03805,u809665051,1537033930,C++,C++14 (GCC 5.4.1),cpp,Accepted,2.0,256.0,1336,
s204903623,p03805,u809665051,1537033422,C++,C++14 (GCC 5.4.1),cpp,Accepted,2.0,256.0,1333,
s788253099,p03805,u111508936,1537033280,Python,Python (3.4.3),py,Accepted,230.0,12504.0,671,
s733100767,p03805,u683588090,1537030931,C++,C++14 (GCC 5.4.1),cpp,Accepted,1.0,256.0,698,
s006202571,p03805,u100499821,1536865097,C++,C++14 (GCC 5.4.1),cpp,Accepted,2.0,256.0,614,
s259904712,p03805,u142878260,1536851626,C++,C++14 (GCC 5.4.1),cpp,Accepted,1.0,256.0,5747,
s682061547,p03805,u891178744,1536706506,C++,C++14 (GCC 5.4.1),cpp,Accepted,1.0,256.0,464,
s105916863,p03805,u858520692,1536702121,C++,C++14 (GCC 5.4.1),cpp,Accepted,1.0,256.0,743,
s099826417,p03805,u457901067,1536677578,Python,Python (3.4.3),py,Accepted,72.0,3064.0,597,
s211074959,p03805,u138486156,1536591161,Python,Python (3.4.3),py,Accepted,71.0,3064.0,540,
s517725838,p03805,u121794232,1536590071,C++,C++14 (GCC 5.4.1),cpp,Accepted,1.0,256.0,1241,
s464694102,p03805,u138486156,1536550376,Python,Python (3.4.3),py,Accepted,72.0,3572.0,566,
s606783753,p03805,u381585104,1536548608,C++,C++14 (GCC 5.4.1),cpp,Accepted,1.0,256.0,1442,
s895396702,p03805,u381585104,1536548547,C++,C++14 (GCC 5.4.1),cpp,Accepted,1.0,256.0,1440,
s374058875,p03805,u221119670,1536547117,C++,C++14 (GCC 5.4.1),cpp,Accepted,1.0,256.0,558,
s397214367,p03805,u547457320,1536526297,C++,C++14 (GCC 5.4.1),cpp,Accepted,94.0,256.0,605,
s086505912,p03805,u714538557,1536526186,C++,C++14 (GCC 5.4.1),cpp,Accepted,1.0,256.0,438,
s327158616,p03805,u303019816,1536435930,Python,Python (3.4.3),py,Accepted,25.0,3064.0,516,
s741071018,p03805,u547457320,1536430094,C++,C++14 (GCC 5.4.1),cpp,Accepted,22.0,256.0,2248,
s425984959,p03805,u536113865,1536378927,Python,Python (3.4.3),py,Accepted,32.0,3064.0,488,
s632147264,p03805,u543301644,1536377567,C++,C++14 (GCC 5.4.1),cpp,Accepted,1.0,256.0,1219,
s264766374,p03805,u119098168,1536364454,C++,C++14 (GCC 5.4.1),cpp,Accepted,1.0,256.0,696,
s099551891,p03805,u334351654,1536306928,C++,C++14 (GCC 5.4.1),cpp,Accepted,11.0,256.0,853,
s671225001,p03805,u350561621,1536289786,C++,C++14 (GCC 5.4.1),cpp,Accepted,1.0,128.0,559,
s546343553,p03805,u187153832,1536258610,C++,C++14 (GCC 5.4.1),cpp,Accepted,1.0,256.0,628,
s629736948,p03805,u142996493,1536249370,C++,C++14 (GCC 5.4.1),cpp,Accepted,1.0,256.0,1265,
s685361361,p03805,u345965293,1536244225,C++,C++14 (GCC 5.4.1),cpp,Accepted,1.0,256.0,1111,
s995551614,p03805,u550398291,1536201231,C++,C++14 (GCC 5.4.1),cpp,Accepted,1.0,256.0,908,
s736017525,p03805,u484460274,1536187553,C++,C++14 (GCC 5.4.1),cpp,Accepted,5.0,256.0,889,
s249384716,p03805,u411858517,1536162045,Python,Python (3.4.3),py,Accepted,30.0,3064.0,614,
s447960210,p03805,u094534482,1536145332,C++,C++14 (GCC 5.4.1),cpp,Accepted,969.0,256.0,1881,
s061246527,p03805,u258009780,1536145267,C++,C++14 (GCC 5.4.1),cpp,Accepted,1.0,256.0,1456,
s979131905,p03805,u631277801,1536144570,Python,Python (3.4.3),py,Accepted,38.0,3064.0,860,
s615134174,p03805,u761320129,1536144377,Python,Python (3.4.3),py,Accepted,24.0,3064.0,403,
s520902818,p03805,u636387751,1536123476,C++,C++14 (GCC 5.4.1),cpp,Accepted,3.0,256.0,481,
s384971430,p03805,u648901783,1536089965,Python,Python (3.4.3),py,Accepted,37.0,3064.0,828,
s837057557,p03805,u672541593,1536085220,C++,C++14 (GCC 5.4.1),cpp,Accepted,1.0,256.0,993,
s736929378,p03805,u296610335,1536010308,C++,C++14 (GCC 5.4.1),cpp,Accepted,1.0,256.0,614,
s585383129,p03805,u267325300,1535920496,C++,C++14 (GCC 5.4.1),cpp,Accepted,1.0,256.0,971,
s233187693,p03805,u006686215,1535914442,C++,C++14 (GCC 5.4.1),cpp,Accepted,1.0,256.0,981,
s598515782,p03805,u833944274,1535899709,C++,C++14 (GCC 5.4.1),cpp,Accepted,1.0,256.0,594,
s020980341,p03805,u355254193,1535864892,C++,C++14 (GCC 5.4.1),cpp,Accepted,10.0,256.0,1386,
s391505676,p03805,u355254193,1535849378,C++,C++14 (GCC 5.4.1),cpp,Accepted,25.0,256.0,1353,
s350860534,p03805,u903722062,1535848347,C++,C++14 (GCC 5.4.1),cpp,Accepted,1.0,256.0,2143,
s206394254,p03805,u296610335,1535834862,C++,C++14 (GCC 5.4.1),cpp,Accepted,1.0,128.0,648,
s242369684,p03805,u896838289,1535793114,C++,C++14 (GCC 5.4.1),cpp,Accepted,2.0,256.0,2092,
s911530023,p03805,u127194462,1535789092,C++,C++14 (GCC 5.4.1),cpp,Accepted,2.0,256.0,664,
s027327662,p03805,u796269639,1535776732,C++,C++14 (GCC 5.4.1),cpp,Accepted,1.0,256.0,952,
s362035553,p03805,u796269639,1535776194,C++,C++14 (GCC 5.4.1),cpp,Accepted,1.0,256.0,849,
s016040269,p03805,u366644013,1535728072,Python,Python (3.4.3),py,Accepted,31.0,3064.0,418,
s693021691,p03805,u366644013,1535726460,C++,C++14 (GCC 5.4.1),cpp,Accepted,1.0,256.0,633,
s810157858,p03805,u109256064,1535714483,C++,C++14 (GCC 5.4.1),cpp,Accepted,1.0,256.0,458,
s216560517,p03805,u768152935,1535694845,C++,C++14 (GCC 5.4.1),cpp,Accepted,1.0,256.0,1217,
s817134953,p03805,u342703951,1535664245,C++,C++14 (GCC 5.4.1),cpp,Accepted,1.0,256.0,530,
s753734396,p03805,u342703951,1535663625,C++,C++14 (GCC 5.4.1),cpp,Accepted,3.0,256.0,779,
s901779622,p03805,u944209426,1535632867,Python,Python (3.4.3),py,Accepted,37.0,3064.0,672,
s539070483,p03805,u916743460,1535606452,C++,C++14 (GCC 5.4.1),cpp,Accepted,2.0,256.0,1001,
s814712122,p03805,u832039789,1535605954,C++,C++14 (GCC 5.4.1),cpp,Accepted,2.0,384.0,8417,
s285749144,p03805,u207954308,1535593428,C++,C++14 (GCC 5.4.1),cpp,Accepted,2.0,256.0,722,
s038273236,p03805,u108617242,1535593254,Python,Python (3.4.3),py,Accepted,70.0,3444.0,674,
s385479237,p03805,u426057057,1535584344,C++,C++14 (GCC 5.4.1),cpp,Accepted,1.0,256.0,1050,
s227034521,p03805,u336011173,1535575044,C++,C++14 (GCC 5.4.1),cpp,Accepted,2.0,256.0,1322,
s043605583,p03805,u404075706,1535414665,C++,C++14 (Clang 3.8.0),cpp,Accepted,2.0,384.0,1319,
s430775109,p03805,u817760251,1535390861,C++,C++14 (GCC 5.4.1),cpp,Accepted,1.0,256.0,789,
s312999971,p03805,u031178961,1535384892,C++,C++14 (GCC 5.4.1),cpp,Accepted,1.0,256.0,1100,
s055555497,p03805,u878615689,1535380888,C++,C++14 (GCC 5.4.1),cpp,Accepted,2.0,256.0,743,
s053205959,p03805,u946322619,1535339054,C++,C++14 (GCC 5.4.1),cpp,Accepted,1.0,256.0,1443,
s573614923,p03805,u137332130,1535334525,C++,C++14 (GCC 5.4.1),cpp,Accepted,2.0,504.0,1458,
s437024766,p03805,u426057057,1535315239,C++,C++14 (GCC 5.4.1),cpp,Accepted,1.0,256.0,946,
s157684038,p03805,u426057057,1535311534,C++,C++14 (GCC 5.4.1),cpp,Accepted,2.0,256.0,966,
s556963693,p03805,u572665222,1535308093,C++,C++14 (GCC 5.4.1),cpp,Accepted,5.0,256.0,719,
s713514378,p03805,u826263061,1535303656,Python,Python (3.4.3),py,Accepted,45.0,3064.0,682,
s014029499,p03805,u073775598,1535299651,Python,Python (3.4.3),py,Accepted,240.0,3572.0,850,
s549478063,p03805,u394919721,1535286676,C++,C++14 (GCC 5.4.1),cpp,Accepted,1.0,256.0,1318,
s250797244,p03805,u394919721,1535206441,C++,C++14 (GCC 5.4.1),cpp,Accepted,1.0,256.0,1242,
s049995493,p03805,u037525103,1535171971,C++,C++14 (GCC 5.4.1),cpp,Accepted,2.0,256.0,1604,
s889058367,p03805,u758799884,1535094659,C++,C++14 (GCC 5.4.1),cpp,Accepted,3.0,256.0,1997,
s708130537,p03805,u002645231,1535089610,C++,C++14 (GCC 5.4.1),cpp,Accepted,2.0,256.0,1067,
s073723667,p03805,u502709453,1534986709,C++,C++14 (GCC 5.4.1),cpp,Accepted,2.0,256.0,1679,
s672104834,p03805,u879581330,1534976880,C++,C++14 (GCC 5.4.1),cpp,Accepted,3.0,384.0,607,
s078456329,p03805,u496344397,1534903469,Python,Python (3.4.3),py,Accepted,63.0,3064.0,427,
s222086475,p03805,u832039789,1534897361,Python,Python (3.4.3),py,Accepted,30.0,3064.0,497,
s843391386,p03805,u515603926,1534733322,C++,C++14 (GCC 5.4.1),cpp,Accepted,3.0,256.0,975,
s899031862,p03805,u620619899,1534609831,C++,C++14 (GCC 5.4.1),cpp,Accepted,2.0,256.0,1879,
s379470305,p03805,u837654535,1534596649,C++,C++14 (GCC 5.4.1),cpp,Accepted,1.0,256.0,812,
s240069025,p03805,u855186748,1534570333,C++,C++14 (GCC 5.4.1),cpp,Accepted,1.0,256.0,711,
s456259015,p03805,u876335718,1534562687,C++,C++14 (GCC 5.4.1),cpp,Accepted,4.0,256.0,1996,
s985237763,p03805,u379822620,1534560702,C++,C++14 (GCC 5.4.1),cpp,Accepted,1.0,256.0,1031,
s339071746,p03805,u918753189,1534560008,C++,C++14 (GCC 5.4.1),cpp,Accepted,2.0,256.0,664,
s028344280,p03805,u265250376,1534532068,C++,C++14 (GCC 5.4.1),cpp,Accepted,1.0,256.0,686,
s731852196,p03805,u756388720,1534523827,C++,C++14 (GCC 5.4.1),cpp,Accepted,1.0,256.0,822,
s019066549,p03805,u652420316,1534449035,C++,C++14 (GCC 5.4.1),cpp,Accepted,1.0,256.0,1233,
s950100181,p03805,u478530879,1534381462,C++,C++14 (GCC 5.4.1),cpp,Accepted,21.0,256.0,1220,
s474779302,p03805,u174404613,1534356725,C++,C++14 (GCC 5.4.1),cpp,Accepted,558.0,380.0,535,
s510267533,p03805,u333945892,1534353604,Python,Python (3.4.3),py,Accepted,39.0,4584.0,571,
s996562042,p03805,u118605645,1534339432,Python,Python (3.4.3),py,Accepted,37.0,3064.0,576,
s814083903,p03805,u056944756,1534330754,C++,C++14 (GCC 5.4.1),cpp,Accepted,1.0,256.0,478,
s102552075,p03805,u690536347,1534231374,Python,Python (3.4.3),py,Accepted,28.0,3316.0,363,
s834809930,p03805,u884982181,1534216419,Python,Python (3.4.3),py,Accepted,29.0,3572.0,446,
s679689651,p03805,u474183756,1534214650,C++,C++14 (GCC 5.4.1),cpp,Accepted,1.0,256.0,602,
s795878309,p03805,u181451038,1534195140,C++,C++14 (GCC 5.4.1),cpp,Accepted,3.0,256.0,920,
s623890609,p03805,u532065884,1534055207,C++,C++14 (GCC 5.4.1),cpp,Accepted,1.0,256.0,961,
s567090309,p03805,u562935282,1534048997,Python,Python (3.4.3),py,Accepted,70.0,4288.0,682,
s519765597,p03805,u205561862,1533999012,C++,C++14 (GCC 5.4.1),cpp,Accepted,1.0,256.0,504,
s953701561,p03805,u631277801,1533984189,Python,Python (3.4.3),py,Accepted,81.0,3572.0,516,
s189611219,p03805,u915020369,1533873941,C++,C++14 (GCC 5.4.1),cpp,Accepted,1.0,256.0,631,
s630443848,p03805,u134810655,1533830124,C++,C++14 (GCC 5.4.1),cpp,Accepted,2.0,256.0,917,
s522517858,p03805,u424110125,1533782968,C++,C++14 (Clang 3.8.0),cpp,Accepted,7.0,888.0,895,
s739940321,p03805,u816910105,1533768271,C++,C++14 (GCC 5.4.1),cpp,Accepted,2.0,256.0,821,
s575352719,p03805,u088333128,1533735376,C++,C++14 (GCC 5.4.1),cpp,Accepted,1.0,128.0,3078,
s497592258,p03805,u208394180,1533729649,C++,C++14 (GCC 5.4.1),cpp,Accepted,2.0,256.0,1360,
s701122136,p03805,u562935282,1533705597,Python,Python (3.4.3),py,Accepted,72.0,4284.0,749,
s848588033,p03805,u177398299,1533692522,Python,Python (3.4.3),py,Accepted,26.0,3064.0,374,
s203866482,p03805,u426057057,1533684044,C++,C++14 (GCC 5.4.1),cpp,Accepted,1.0,256.0,641,
s596313901,p03805,u879226168,1533656385,C++,C++14 (GCC 5.4.1),cpp,Accepted,1.0,256.0,529,
s922333268,p03805,u268793453,1533645870,Python,Python (3.4.3),py,Accepted,26.0,3064.0,419,
s578009680,p03805,u268793453,1533644068,Python,Python (3.4.3),py,Accepted,27.0,3064.0,453,
s268725674,p03805,u268793453,1533639718,Python,Python (3.4.3),py,Accepted,27.0,3064.0,518,
s997912252,p03805,u640248738,1533588133,C++,C++14 (GCC 5.4.1),cpp,Accepted,1.0,256.0,793,
s975260345,p03805,u184659204,1533505966,C++,C++14 (GCC 5.4.1),cpp,Accepted,1.0,256.0,759,
s906310852,p03805,u140251125,1533480982,Python,Python (3.4.3),py,Accepted,27.0,3064.0,492,
s450774025,p03805,u895641117,1533472750,C++,C++14 (GCC 5.4.1),cpp,Accepted,1.0,256.0,1366,
s023241552,p03805,u201234972,1533450490,Python,Python (3.4.3),py,Accepted,32.0,3064.0,478,
s352856510,p03805,u675296835,1533413451,C++,C++14 (GCC 5.4.1),cpp,Accepted,2.0,256.0,2853,
s789098883,p03805,u214617707,1533386987,Python,Python (3.4.3),py,Accepted,28.0,3316.0,445,
s949812931,p03805,u807782470,1533361272,C++,C++14 (GCC 5.4.1),cpp,Accepted,1.0,256.0,757,
s954213928,p03805,u838954343,1533360488,C++,C++14 (GCC 5.4.1),cpp,Accepted,1.0,256.0,827,
s583739720,p03805,u440920318,1533315849,C++,C++14 (GCC 5.4.1),cpp,Accepted,1.0,128.0,672,
s883841300,p03805,u297045966,1533156523,C++,C++14 (GCC 5.4.1),cpp,Accepted,1.0,256.0,889,
s479493901,p03805,u297045966,1533155167,C++,C++14 (GCC 5.4.1),cpp,Accepted,1.0,256.0,853,
s563846513,p03805,u352642493,1533154552,C++,C++14 (GCC 5.4.1),cpp,Accepted,1.0,256.0,883,
s668958344,p03805,u605917063,1533148158,C++,C++14 (GCC 5.4.1),cpp,Accepted,2.0,256.0,1051,
s639416131,p03805,u519655118,1533093346,C++,C++14 (Clang 3.8.0),cpp,Accepted,1.0,256.0,943,
s376665391,p03805,u340781749,1533080987,Python,Python (3.4.3),py,Accepted,27.0,3064.0,437,
s165788686,p03805,u306142032,1532904721,C++,C++14 (GCC 5.4.1),cpp,Accepted,1.0,256.0,1384,
s553818863,p03805,u637771514,1532818148,C++,C++14 (GCC 5.4.1),cpp,Accepted,1.0,256.0,653,
s454061108,p03805,u281531581,1532793643,C++,C++14 (GCC 5.4.1),cpp,Accepted,1.0,256.0,770,
s901637738,p03805,u734519000,1532792675,C++,C++14 (GCC 5.4.1),cpp,Accepted,1.0,256.0,772,
s548959272,p03805,u734519000,1532792583,C++,C++14 (GCC 5.4.1),cpp,Accepted,1.0,256.0,776,
s942018090,p03805,u763881112,1532739535,C++,C++14 (GCC 5.4.1),cpp,Accepted,1.0,256.0,1231,
s663137414,p03805,u763881112,1532739096,C++,C++14 (GCC 5.4.1),cpp,Accepted,1.0,256.0,1158,
s667271949,p03805,u232852711,1532657861,Python,Python (3.4.3),py,Accepted,480.0,4596.0,827,
s917334712,p03805,u629650917,1532593432,C++,C++14 (GCC 5.4.1),cpp,Accepted,2.0,384.0,1192,
s613272274,p03805,u294531924,1532566161,C++,C++14 (GCC 5.4.1),cpp,Accepted,1.0,256.0,1283,
s376113493,p03805,u271349541,1532396035,C++,C++14 (GCC 5.4.1),cpp,Accepted,2.0,256.0,1098,
s790754482,p03805,u233393801,1532391994,C++,C++14 (GCC 5.4.1),cpp,Accepted,1.0,256.0,684,
s582311982,p03805,u899635344,1532390005,C++,C++14 (GCC 5.4.1),cpp,Accepted,5.0,256.0,1056,
s968462145,p03805,u588341295,1532313591,Python,Python (3.4.3),py,Accepted,134.0,3064.0,1788,
s080231839,p03805,u588341295,1532308737,Python,Python (3.4.3),py,Accepted,45.0,8052.0,1295,
s032601451,p03805,u475007080,1532303732,C++,C++14 (GCC 5.4.1),cpp,Accepted,1.0,256.0,596,
s969165445,p03805,u069838609,1532296902,Python,Python (3.4.3),py,Accepted,36.0,3064.0,647,
s474706346,p03805,u866879589,1532287644,C++,C++14 (GCC 5.4.1),cpp,Accepted,1.0,256.0,1446,
s515363061,p03805,u675296835,1532286955,C++,C++14 (GCC 5.4.1),cpp,Accepted,2.0,256.0,2379,
s712852899,p03805,u488928575,1532209871,Python,Python (3.4.3),py,Accepted,39.0,8052.0,475,
s751115764,p03805,u780950519,1532059432,C++,C++14 (GCC 5.4.1),cpp,Accepted,1.0,256.0,769,
s149954037,p03805,u852113235,1532016277,C++,C++14 (GCC 5.4.1),cpp,Accepted,1.0,256.0,825,
s797901480,p03805,u482531476,1531994274,C++,C++14 (GCC 5.4.1),cpp,Accepted,1.0,256.0,808,
s366340439,p03805,u872959410,1531975862,C++,C++14 (GCC 5.4.1),cpp,Accepted,1.0,256.0,958,
s403189450,p03805,u084871864,1531948877,C++,C++14 (GCC 5.4.1),cpp,Accepted,1.0,256.0,555,
s285687634,p03805,u531864691,1531939621,Python,Python (3.4.3),py,Accepted,22.0,3448.0,6565,
s750480718,p03805,u828847847,1531844558,Python,Python (2.7.6),py,Accepted,23.0,3204.0,491,
s314854648,p03805,u015514760,1531782927,C++,C++14 (GCC 5.4.1),cpp,Accepted,1.0,256.0,839,
s424286719,p03805,u015514760,1531769306,C++,C++14 (GCC 5.4.1),cpp,Accepted,1.0,256.0,1076,
s683076512,p03805,u287060310,1531707800,C++,C++14 (GCC 5.4.1),cpp,Accepted,3.0,256.0,1234,
s487880711,p03805,u012984696,1531704984,C++,C++14 (GCC 5.4.1),cpp,Accepted,1.0,256.0,1189,
s125036458,p03805,u646685002,1531703686,C++,C++14 (GCC 5.4.1),cpp,Accepted,1.0,256.0,6743,
s785106349,p03805,u693027786,1531492699,C++,C++14 (GCC 5.4.1),cpp,Accepted,1.0,256.0,1062,
s087150706,p03805,u858523893,1531425161,Python,Python (3.4.3),py,Accepted,35.0,3064.0,942,
s826343262,p03805,u660270504,1531334152,C++,C++14 (GCC 5.4.1),cpp,Accepted,1.0,256.0,1951,
s250258790,p03805,u159231764,1531315948,C++,C++14 (GCC 5.4.1),cpp,Accepted,2.0,256.0,1024,
s965297478,p03805,u633020228,1531147363,C++,C++14 (GCC 5.4.1),cpp,Accepted,1.0,256.0,1101,
s822415184,p03805,u858523893,1531142892,Python,Python (3.4.3),py,Accepted,106.0,3064.0,624,
s489913011,p03805,u922487073,1531107916,Python,Python (3.4.3),py,Accepted,289.0,18596.0,565,
s361592988,p03805,u229842440,1531107106,C++,C++14 (GCC 5.4.1),cpp,Accepted,1.0,256.0,915,
s968244465,p03805,u576106056,1531078775,C++,C++14 (GCC 5.4.1),cpp,Accepted,1.0,256.0,1595,
s309762173,p03805,u858523893,1531066995,Python,Python (3.4.3),py,Accepted,38.0,3064.0,746,
s000700300,p03805,u181719868,1531066925,C++,C++14 (GCC 5.4.1),cpp,Accepted,2.0,256.0,728,
s876918760,p03805,u858523893,1531064965,Python,Python (3.4.3),py,Accepted,41.0,3064.0,820,
s547319282,p03805,u858523893,1531063684,Python,Python (3.4.3),py,Accepted,25.0,3060.0,290,
s206406103,p03805,u358838535,1531010120,C++,C++14 (GCC 5.4.1),cpp,Accepted,1.0,256.0,1089,
s329866018,p03805,u345076485,1531000181,C++,C++14 (Clang 3.8.0),cpp,Accepted,7.0,888.0,1601,
s368839748,p03805,u624475441,1530993779,Python,Python (3.4.3),py,Accepted,1795.0,141808.0,314,
s564535182,p03805,u898749314,1530978731,C++,C++14 (GCC 5.4.1),cpp,Accepted,1.0,256.0,1118,
s834243335,p03805,u898749314,1530902832,C++,C++14 (GCC 5.4.1),cpp,Accepted,1.0,256.0,1176,
s411804907,p03805,u787562674,1530768886,Python,Python (3.4.3),py,Accepted,25.0,3064.0,542,
s303824941,p03805,u800055444,1530668588,C++,C++14 (GCC 5.4.1),cpp,Accepted,1.0,256.0,1343,
s471949074,p03805,u957513998,1530567561,C++,C++14 (GCC 5.4.1),cpp,Accepted,1.0,256.0,818,
s323831143,p03805,u824237520,1530554142,Python,Python (3.4.3),py,Accepted,87.0,3444.0,518,
s206144628,p03805,u162660367,1530546715,Python,Python (3.4.3),py,Accepted,28.0,3444.0,472,
s547316666,p03805,u162660367,1530546286,Python,Python (3.4.3),py,Accepted,29.0,3316.0,535,
s571841215,p03805,u200729311,1530512717,C++,C++14 (GCC 5.4.1),cpp,Accepted,1.0,256.0,982,
s727585752,p03805,u200729311,1530504826,C++,C++14 (GCC 5.4.1),cpp,Accepted,2.0,256.0,851,
s773788762,p03805,u932066890,1530490766,C++,C++14 (GCC 5.4.1),cpp,Accepted,6.0,764.0,1021,
s686419758,p03805,u463697306,1530490695,C++,C++14 (GCC 5.4.1),cpp,Accepted,5.0,764.0,977,
s895239518,p03805,u394482932,1530450738,C++,C++14 (GCC 5.4.1),cpp,Accepted,1.0,256.0,767,
s845159904,p03805,u653807637,1530418328,Python,Python (3.4.3),py,Accepted,23.0,3572.0,481,
s883078383,p03805,u705085875,1530415033,C++,C++14 (GCC 5.4.1),cpp,Accepted,1.0,256.0,1834,
s499841533,p03805,u648272255,1530407229,C++,C++14 (GCC 5.4.1),cpp,Accepted,1.0,256.0,700,
s629337519,p03805,u598869726,1530234603,C++,C++14 (Clang 3.8.0),cpp,Accepted,1.0,256.0,720,
s415915311,p03805,u244712228,1530211947,C++,C++14 (GCC 5.4.1),cpp,Accepted,2.0,256.0,1179,
s529490664,p03805,u973997867,1530154490,C++,C++14 (GCC 5.4.1),cpp,Accepted,1.0,256.0,772,
s629291174,p03805,u408023666,1530146716,C++,C++ (Clang 3.8.0),cpp,Accepted,1042.0,888.0,1672,
s520592491,p03805,u786607349,1530047515,Python,Python (3.4.3),py,Accepted,26.0,3064.0,488,
s535006161,p03805,u732963817,1529996988,Python,Python (3.4.3),py,Accepted,306.0,12420.0,619,
s987666976,p03805,u408023666,1529983252,C++,C++ (Clang 3.8.0),cpp,Accepted,1044.0,256.0,1672,
s068934721,p03805,u424110125,1529876237,C++,C++14 (GCC 5.4.1),cpp,Accepted,2.0,256.0,723,
s775763247,p03805,u327248573,1529854319,Python,Python (3.4.3),py,Accepted,70.0,3436.0,553,
s874252968,p03805,u064408584,1529799155,Python,Python (3.4.3),py,Accepted,78.0,3064.0,314,
s143487824,p03805,u064408584,1529798080,Python,Python (3.4.3),py,Accepted,125.0,4988.0,394,
s710463754,p03805,u596459662,1529708667,C++,C++14 (GCC 5.4.1),cpp,Accepted,1.0,256.0,2424,
s081677558,p03805,u035372052,1529697051,C++,C++14 (GCC 5.4.1),cpp,Accepted,3.0,256.0,989,
s805466544,p03805,u134519179,1529624245,C++,C++14 (GCC 5.4.1),cpp,Accepted,1.0,256.0,796,
s714099442,p03805,u403301154,1529612227,Python,Python (3.4.3),py,Accepted,32.0,3064.0,477,
s711079340,p03805,u049420296,1529604972,C++,C++14 (GCC 5.4.1),cpp,Accepted,1.0,256.0,820,
s965288179,p03805,u071730284,1529537983,C++,C++14 (GCC 5.4.1),cpp,Accepted,1.0,256.0,37630,
s973822575,p03805,u856232850,1529534270,Python,Python (3.4.3),py,Accepted,33.0,3064.0,585,
s489071346,p03805,u820560680,1529525531,Python,Python (3.4.3),py,Accepted,235.0,3060.0,381,
s997151276,p03805,u270057938,1529513525,Python,Python (3.4.3),py,Accepted,157.0,12492.0,893,
s859200568,p03805,u204337666,1529451434,C++,C++14 (GCC 5.4.1),cpp,Accepted,1.0,256.0,1005,
s505176947,p03805,u594859393,1529366449,Python,Python (3.4.3),py,Accepted,25.0,3060.0,278,
s548412223,p03805,u520158330,1529347411,Python,Python (3.4.3),py,Accepted,38.0,3316.0,530,
s716016664,p03805,u108808596,1529304792,C++,C++14 (GCC 5.4.1),cpp,Accepted,1.0,256.0,2276,
s065808218,p03805,u451017206,1529283238,Python,Python (3.4.3),py,Accepted,32.0,3316.0,440,
s669860261,p03805,u660834360,1529261935,C++,C++14 (GCC 5.4.1),cpp,Accepted,1.0,256.0,875,
s066082834,p03805,u239493918,1529121377,C++,C++14 (GCC 5.4.1),cpp,Accepted,1.0,256.0,1175,
s937065872,p03805,u731427834,1529078866,Python,Python (3.4.3),py,Accepted,48.0,3064.0,493,
s930456130,p03805,u062147869,1529028611,Python,Python (3.4.3),py,Accepted,35.0,3064.0,537,
s810107541,p03805,u646339490,1529020544,C++,C++14 (GCC 5.4.1),cpp,Accepted,2.0,256.0,526,
s466941449,p03805,u136090046,1528929880,Python,Python (3.4.3),py,Accepted,26.0,3064.0,647,
s349465196,p03805,u480847874,1528827183,Python,Python (3.4.3),py,Accepted,34.0,8052.0,603,
s904941585,p03805,u028516426,1528817852,C++,C++14 (GCC 5.4.1),cpp,Accepted,2.0,256.0,1137,
s489928532,p03805,u150861392,1528660256,C++,C++14 (GCC 5.4.1),cpp,Accepted,1.0,256.0,747,
s416842979,p03805,u400620139,1528583922,C++,C++14 (GCC 5.4.1),cpp,Accepted,3.0,256.0,969,
s738703986,p03805,u440032761,1528583804,C++,C++14 (GCC 5.4.1),cpp,Accepted,1.0,256.0,754,
s457756278,p03805,u367602070,1528566261,C++,C++14 (GCC 5.4.1),cpp,Accepted,2.0,256.0,1705,
s226732407,p03805,u143492911,1528512862,Python,Python (3.4.3),py,Accepted,36.0,3064.0,483,
s349441701,p03805,u745250049,1528354519,C++,C++14 (GCC 5.4.1),cpp,Accepted,1.0,256.0,1403,
s106227254,p03805,u203900263,1528350256,Python,Python (3.4.3),py,Accepted,27.0,3064.0,512,
s775797923,p03805,u026788530,1528317822,Python,Python (3.4.3),py,Accepted,24.0,3572.0,551,
s231554482,p03805,u218759384,1528306446,C++,C++14 (GCC 5.4.1),cpp,Accepted,2.0,256.0,1545,
s870154297,p03805,u218759384,1528306220,C++,C++14 (GCC 5.4.1),cpp,Accepted,8.0,764.0,1543,
s102990897,p03805,u628871447,1528252432,C++,C++14 (GCC 5.4.1),cpp,Accepted,1.0,256.0,677,
s980840978,p03805,u628871447,1528252006,C++,C++14 (GCC 5.4.1),cpp,Accepted,1.0,256.0,663,
s184818664,p03805,u527951625,1528154074,C++,C++14 (GCC 5.4.1),cpp,Accepted,1.0,256.0,1011,
s487927999,p03805,u562554924,1528090376,C++,C++14 (GCC 5.4.1),cpp,Accepted,1.0,256.0,1288,
s247084293,p03805,u226108478,1528075948,Python,Python (3.4.3),py,Accepted,31.0,3064.0,806,
s577387385,p03805,u621509943,1528073895,C++,C++14 (GCC 5.4.1),cpp,Accepted,6.0,764.0,722,
s080219472,p03805,u506302470,1528050656,C++,C++14 (GCC 5.4.1),cpp,Accepted,1.0,256.0,486,
s199886578,p03805,u761320129,1528026333,Python,Python (3.4.3),py,Accepted,25.0,3064.0,382,
s381119771,p03805,u652895610,1527903630,C++,C++14 (Clang 3.8.0),cpp,Accepted,1.0,256.0,643,
s299207286,p03805,u994784668,1527896026,C++,C++14 (GCC 5.4.1),cpp,Accepted,2.0,256.0,878,
s730075309,p03805,u119098168,1527659642,C++,C++14 (GCC 5.4.1),cpp,Accepted,2.0,256.0,665,
s891961694,p03805,u488078009,1527658971,C++,C++14 (GCC 5.4.1),cpp,Accepted,1.0,256.0,920,
s550895199,p03805,u798181098,1527647654,C++,C++14 (GCC 5.4.1),cpp,Accepted,1.0,256.0,991,
s509455979,p03805,u688382329,1527645126,C++,C++14 (GCC 5.4.1),cpp,Accepted,6.0,256.0,853,
s789528670,p03805,u778204640,1527645113,C++,C++14 (GCC 5.4.1),cpp,Accepted,1.0,256.0,729,
s982736008,p03805,u521992338,1527479829,C++,C++14 (GCC 5.4.1),cpp,Accepted,1.0,256.0,919,
s515572424,p03805,u415580348,1527477647,C++,C++14 (GCC 5.4.1),cpp,Accepted,2.0,256.0,2229,
s143791439,p03805,u393086221,1527212924,C++,C++14 (GCC 5.4.1),cpp,Accepted,1.0,256.0,1135,
s710401147,p03805,u752466217,1527199980,C++,C++14 (GCC 5.4.1),cpp,Accepted,1.0,256.0,1017,
s676432298,p03805,u752466217,1527199756,C++,C++14 (GCC 5.4.1),cpp,Accepted,1.0,256.0,1015,
s214563348,p03805,u065923107,1527197142,C++,C++14 (GCC 5.4.1),cpp,Accepted,1.0,256.0,678,
s117182352,p03805,u657913472,1527196986,C++,C++14 (GCC 5.4.1),cpp,Accepted,1.0,256.0,447,
s137829404,p03805,u813450984,1527184358,Python,Python (3.4.3),py,Accepted,433.0,3832.0,526,
s225231094,p03805,u786826616,1527096739,C++,C++14 (GCC 5.4.1),cpp,Accepted,1.0,256.0,705,
s764869613,p03805,u265018452,1527026902,C++,C++14 (Clang 3.8.0),cpp,Accepted,2.0,256.0,890,
s259609009,p03805,u982762220,1527026035,Python,Python (3.4.3),py,Accepted,28.0,3064.0,532,
s708959434,p03805,u881612683,1527025681,Python,Python (3.4.3),py,Accepted,547.0,21352.0,503,
s784273773,p03805,u192442087,1527024833,C++,C++14 (GCC 5.4.1),cpp,Accepted,3.0,256.0,1444,
s870766558,p03805,u503901534,1526966185,Python,Python (3.4.3),py,Accepted,30.0,3064.0,665,
s905955974,p03805,u503901534,1526966122,Python,Python (3.4.3),py,Accepted,30.0,3064.0,609,
s012927715,p03805,u503901534,1526966083,Python,Python (3.4.3),py,Accepted,30.0,3064.0,657,
s874097391,p03805,u503901534,1526965558,Python,Python (3.4.3),py,Accepted,31.0,3064.0,814,
s366946710,p03805,u120143737,1526938794,C++,C++14 (GCC 5.4.1),cpp,Accepted,1.0,256.0,1334,
s108164435,p03805,u185249212,1526924058,C++,C++14 (GCC 5.4.1),cpp,Accepted,3.0,384.0,1862,
s480640257,p03805,u879302598,1526770935,Python,Python (3.4.3),py,Accepted,24.0,3064.0,637,
s071962347,p03805,u475007080,1526699739,C++,C++14 (GCC 5.4.1),cpp,Accepted,2.0,256.0,821,
s134674947,p03805,u257960005,1526668152,C++,C++14 (GCC 5.4.1),cpp,Accepted,1.0,256.0,777,
s442629434,p03805,u475007080,1526597497,C++,C++14 (GCC 5.4.1),cpp,Accepted,1.0,256.0,690,
s333831646,p03805,u143492911,1526586530,Python,Python (3.4.3),py,Accepted,36.0,3064.0,482,
s870767462,p03805,u899220667,1526521966,C++,C++14 (GCC 5.4.1),cpp,Accepted,1.0,256.0,928,
s753114410,p03805,u271719815,1526439724,C++,C++14 (GCC 5.4.1),cpp,Accepted,2.0,256.0,1499,
s122771570,p03805,u789417951,1526435277,C++,C++14 (GCC 5.4.1),cpp,Accepted,1.0,256.0,983,
s311633317,p03805,u270681687,1526424770,Python,Python (3.4.3),py,Accepted,38.0,3064.0,633,
s355062291,p03805,u143492911,1526355172,Python,Python (3.4.3),py,Accepted,36.0,3064.0,483,
s444452887,p03805,u258009780,1526270502,C++,C++14 (GCC 5.4.1),cpp,Accepted,3.0,640.0,1599,
s861651917,p03805,u143492911,1526266733,Python,Python (3.4.3),py,Accepted,35.0,3064.0,555,
s479669588,p03805,u203927510,1526261126,C++,C++14 (GCC 5.4.1),cpp,Accepted,1.0,256.0,709,
s085654169,p03805,u118642796,1526243640,Python,Python (3.4.3),py,Accepted,27.0,3064.0,481,
s730270772,p03805,u957084285,1526155664,Python,Python (3.4.3),py,Accepted,26.0,3572.0,441,
s385127016,p03805,u249955257,1526146685,C++,C++14 (GCC 5.4.1),cpp,Accepted,3.0,256.0,2651,
s271991956,p03805,u354638986,1526129568,Python,Python (3.4.3),py,Accepted,30.0,3064.0,792,
s256333780,p03805,u353919145,1526083191,Python,Python (3.4.3),py,Accepted,109.0,3192.0,783,
s966628058,p03805,u037703936,1526022108,C++,C++14 (GCC 5.4.1),cpp,Accepted,1.0,256.0,1095,
s436234641,p03805,u846104076,1525950885,C++,C++14 (GCC 5.4.1),cpp,Accepted,2.0,256.0,649,
s728384461,p03805,u952708174,1525920205,Python,Python (3.4.3),py,Accepted,24.0,3064.0,884,
s104582702,p03805,u905715926,1525918159,C++,C++14 (GCC 5.4.1),cpp,Accepted,1.0,256.0,614,
s760714130,p03805,u249895018,1525879081,C++,C++14 (GCC 5.4.1),cpp,Accepted,1.0,256.0,1042,
s102021925,p03805,u514809528,1525805466,C++,C++14 (GCC 5.4.1),cpp,Accepted,1.0,256.0,2013,
s772371136,p03805,u560670090,1525802079,C++,C++14 (GCC 5.4.1),cpp,Accepted,1.0,256.0,872,
s403081791,p03805,u653699618,1525702926,C++,C++14 (GCC 5.4.1),cpp,Accepted,1.0,256.0,857,
s473465699,p03805,u953700960,1525640849,C++,C++14 (GCC 5.4.1),cpp,Accepted,2.0,256.0,758,
s039699520,p03805,u413106926,1525576189,C++,C++14 (GCC 5.4.1),cpp,Accepted,1.0,256.0,942,
s684677860,p03805,u809889010,1525494129,C++,C++14 (GCC 5.4.1),cpp,Accepted,2.0,256.0,779,
s593662510,p03805,u655122274,1525485273,C++,C++14 (GCC 5.4.1),cpp,Accepted,1.0,256.0,1039,
s240491132,p03805,u623954643,1525483078,C++,C++14 (GCC 5.4.1),cpp,Accepted,1.0,256.0,481,
s825954661,p03805,u536580583,1525482777,C++,C++14 (GCC 5.4.1),cpp,Accepted,1.0,256.0,608,
s820305265,p03805,u980655160,1525482707,C++,C++14 (GCC 5.4.1),cpp,Accepted,1.0,256.0,1201,
s269817279,p03805,u620084012,1525435600,Python,Python (3.4.3),py,Accepted,32.0,3064.0,451,
s404211642,p03805,u859396346,1525429228,C++,C++14 (GCC 5.4.1),cpp,Accepted,1.0,256.0,2131,
s582835344,p03805,u215122692,1525375117,C++,C++14 (GCC 5.4.1),cpp,Accepted,2.0,256.0,1270,
s693904985,p03805,u240456777,1525299011,C++,C++14 (GCC 5.4.1),cpp,Accepted,14.0,2432.0,869,
s966601844,p03805,u028275004,1525286572,C++,C++14 (GCC 5.4.1),cpp,Accepted,1.0,256.0,986,
s315055401,p03805,u521364030,1525229971,C++,C++14 (GCC 5.4.1),cpp,Accepted,1.0,256.0,627,
s901302914,p03805,u218843509,1525209938,Python,Python (3.4.3),py,Accepted,82.0,3064.0,649,
s037888186,p03805,u745906650,1525205924,C++,C++14 (GCC 5.4.1),cpp,Accepted,1.0,256.0,1282,
s491571016,p03805,u941884460,1525170682,Python,Python (3.4.3),py,Accepted,112.0,3316.0,480,
s143657022,p03805,u758551404,1525154903,C++,C++14 (GCC 5.4.1),cpp,Accepted,1.0,256.0,837,
s659576867,p03805,u143492911,1525132360,Python,Python (3.4.3),py,Accepted,36.0,3064.0,875,
s018072936,p03805,u143492911,1525126368,Python,Python (3.4.3),py,Accepted,37.0,3064.0,544,
s520007807,p03805,u758551404,1525125557,C++,C++14 (GCC 5.4.1),cpp,Accepted,1.0,256.0,617,
s037087838,p03805,u926242698,1525123493,C++,C++14 (GCC 5.4.1),cpp,Accepted,1.0,256.0,1289,
s337871522,p03805,u095676321,1525109105,C++,C++14 (GCC 5.4.1),cpp,Accepted,2.0,256.0,753,
s902445893,p03805,u819300485,1525048053,C++,C++14 (GCC 5.4.1),cpp,Accepted,1.0,256.0,1162,
s517111186,p03805,u050428930,1525019689,Python,Python (3.4.3),py,Accepted,30.0,3064.0,390,
s248314123,p03805,u833393891,1524894705,C++,C++14 (GCC 5.4.1),cpp,Accepted,1.0,256.0,693,
s993618362,p03805,u421777980,1524851094,C++,C++14 (GCC 5.4.1),cpp,Accepted,2.0,256.0,926,
s587992131,p03805,u421777980,1524850808,C++,C++14 (GCC 5.4.1),cpp,Accepted,1.0,256.0,952,
s833104563,p03805,u421777980,1524850387,C++,C++14 (GCC 5.4.1),cpp,Accepted,1.0,256.0,920,
s279144259,p03805,u557171945,1524850238,Python,Python (3.4.3),py,Accepted,30.0,3064.0,544,
s034297420,p03805,u421777980,1524849651,C++,C++14 (GCC 5.4.1),cpp,Accepted,1.0,256.0,400,
s274085881,p03805,u494993604,1524787378,C++,C++14 (GCC 5.4.1),cpp,Accepted,77.0,13824.0,2132,
s324843641,p03805,u394919721,1524716608,C++,C++14 (GCC 5.4.1),cpp,Accepted,1.0,256.0,1215,
s688951515,p03805,u922018373,1524705138,C++,C++ (GCC 5.4.1),cpp,Accepted,1.0,256.0,1366,
s287928976,p03805,u986898382,1524694960,C++,C++14 (GCC 5.4.1),cpp,Accepted,3.0,256.0,896,
s343887827,p03805,u783232909,1524684508,Python,Python (3.4.3),py,Accepted,36.0,3064.0,600,
s320981424,p03805,u583010173,1524643369,Python,Python (3.4.3),py,Accepted,39.0,3064.0,480,
s998500026,p03805,u810356688,1524626471,C++,C++14 (GCC 5.4.1),cpp,Accepted,1.0,256.0,862,
s955099368,p03805,u868099754,1524625946,C++,C++14 (GCC 5.4.1),cpp,Accepted,3.0,256.0,1103,
s091237278,p03805,u159757494,1524613630,C++,C++14 (GCC 5.4.1),cpp,Accepted,2.0,256.0,1645,
s703705264,p03805,u159757494,1524607467,C++,C++14 (GCC 5.4.1),cpp,Accepted,2.0,256.0,1233,
s527791611,p03805,u040380068,1524602048,Python,Python (2.7.6),py,Accepted,67.0,3716.0,809,
s717798292,p03805,u849513225,1524577780,C++,C++14 (GCC 5.4.1),cpp,Accepted,1.0,256.0,1139,
s486966255,p03805,u297045966,1524535927,C++,C++14 (GCC 5.4.1),cpp,Accepted,1.0,256.0,1334,
s325434866,p03805,u536580583,1524532814,C++,C++14 (GCC 5.4.1),cpp,Accepted,1.0,256.0,690,
s308256680,p03805,u219873012,1524529560,C++,C++14 (GCC 5.4.1),cpp,Accepted,1.0,256.0,568,
s983257715,p03805,u259053514,1524528901,C++,C++14 (GCC 5.4.1),cpp,Accepted,1.0,256.0,15412,
s289516387,p03805,u199371251,1524516057,C++,C++14 (GCC 5.4.1),cpp,Accepted,1.0,256.0,1150,
s071356029,p03805,u876335718,1524408228,C++,C++14 (GCC 5.4.1),cpp,Accepted,1.0,256.0,4019,
s701050244,p03805,u136869985,1524407650,C++,C++14 (GCC 5.4.1),cpp,Accepted,1.0,256.0,703,
s803294174,p03805,u136869985,1524407603,C++,C++14 (GCC 5.4.1),cpp,Accepted,1.0,256.0,794,
s775815823,p03805,u219873012,1524407375,C++,C++14 (GCC 5.4.1),cpp,Accepted,1.0,256.0,1715,
s094611529,p03805,u705918648,1524407060,C++,C++14 (GCC 5.4.1),cpp,Accepted,2.0,256.0,3081,
s023709685,p03805,u876875284,1524385572,C++,C++14 (GCC 5.4.1),cpp,Accepted,4.0,640.0,1101,
s720419800,p03805,u843984346,1524189031,C++,C++14 (GCC 5.4.1),cpp,Accepted,1.0,256.0,504,
s036376156,p03805,u831695469,1524080454,C++,C++14 (GCC 5.4.1),cpp,Accepted,1.0,256.0,835,
s385921792,p03805,u228214259,1524036132,C++,C++14 (GCC 5.4.1),cpp,Accepted,1.0,256.0,623,
s527494496,p03805,u462626125,1524026300,Python,Python (3.4.3),py,Accepted,25.0,3188.0,548,
s805439764,p03805,u303356821,1524022190,Python,Python (3.4.3),py,Accepted,35.0,3064.0,640,
s026832022,p03805,u281303342,1524014313,Python,Python (3.4.3),py,Accepted,24.0,3064.0,477,
s770648389,p03805,u212258177,1523980206,C++,C++14 (GCC 5.4.1),cpp,Accepted,11.0,256.0,1351,
s213860148,p03805,u212258177,1523980164,C++,C++14 (GCC 5.4.1),cpp,Accepted,1.0,256.0,1197,
s020056389,p03805,u620868411,1523968643,Python,Python (3.4.3),py,Accepted,26.0,3064.0,653,
s330196703,p03805,u231685196,1523909096,Python,Python (3.4.3),py,Accepted,36.0,3064.0,588,
s453105279,p03805,u192442087,1523855305,C++,C++14 (GCC 5.4.1),cpp,Accepted,3.0,256.0,1429,
s643138514,p03805,u437849630,1523850109,C++,C++14 (GCC 5.4.1),cpp,Accepted,1.0,256.0,540,
s505396780,p03805,u801408532,1523648360,C++,C++14 (GCC 5.4.1),cpp,Accepted,2.0,256.0,841,
s310573191,p03805,u284140331,1523583693,C++,C++14 (GCC 5.4.1),cpp,Accepted,2.0,256.0,895,
s990640518,p03805,u942774736,1523562782,C++,C++14 (GCC 5.4.1),cpp,Accepted,2.0,256.0,624,
s153212618,p03805,u677421794,1523560422,C++,C++14 (GCC 5.4.1),cpp,Accepted,1.0,256.0,895,
s290999201,p03805,u059727354,1523497693,C++,C++14 (GCC 5.4.1),cpp,Accepted,1.0,256.0,2673,
s281963992,p03805,u136869985,1523407001,C++,C++14 (GCC 5.4.1),cpp,Accepted,1.0,256.0,709,
s508787123,p03805,u269963329,1523329147,C++,C++14 (GCC 5.4.1),cpp,Accepted,1.0,256.0,453,
s202995572,p03805,u614497125,1523305831,C++,C++14 (GCC 5.4.1),cpp,Accepted,1.0,256.0,2084,
s752202925,p03805,u580402951,1523179579,C++,C++14 (GCC 5.4.1),cpp,Accepted,2.0,256.0,2258,
s301466315,p03805,u562016607,1523148815,Python,Python (3.4.3),py,Accepted,33.0,3700.0,455,
s252898420,p03805,u591883167,1523085962,C++,C++14 (GCC 5.4.1),cpp,Accepted,1.0,256.0,1356,
s447386499,p03805,u810724221,1523074083,C++,C++ (Clang 3.8.0),cpp,Accepted,10.0,384.0,1552,
s253301881,p03805,u236433947,1523066411,C++,C++14 (GCC 5.4.1),cpp,Accepted,1.0,256.0,1104,
s609768412,p03805,u150376070,1523009580,C++,C++14 (GCC 5.4.1),cpp,Accepted,2.0,256.0,1072,
s462302080,p03805,u661686644,1522813607,C++,C++14 (GCC 5.4.1),cpp,Accepted,2.0,256.0,697,
s174584302,p03805,u258989125,1522685660,C++,C++14 (GCC 5.4.1),cpp,Accepted,1.0,256.0,620,
s482532906,p03805,u723512447,1522650304,C++,C++14 (GCC 5.4.1),cpp,Accepted,1.0,256.0,2377,
s811777107,p03805,u780122303,1522648124,C++,C++14 (GCC 5.4.1),cpp,Accepted,2.0,256.0,598,
s861836756,p03805,u780122303,1522647988,C++,C++14 (GCC 5.4.1),cpp,Accepted,3.0,256.0,633,
s393024138,p03805,u340980616,1522637081,C++,C++14 (GCC 5.4.1),cpp,Accepted,3.0,256.0,816,
s194288873,p03805,u147154640,1522590924,C++,C++14 (GCC 5.4.1),cpp,Accepted,1.0,256.0,666,
s952711798,p03805,u273352618,1522588221,C++,C++14 (GCC 5.4.1),cpp,Accepted,1.0,256.0,1113,
s422744145,p03805,u493813116,1522458251,Python,Python (3.4.3),py,Accepted,19.0,3064.0,599,
s321675358,p03805,u493813116,1522458142,Python,Python (3.4.3),py,Accepted,37.0,3064.0,573,
s604841809,p03805,u493813116,1522457741,Python,Python (3.4.3),py,Accepted,37.0,3940.0,505,
s229289288,p03805,u493813116,1522452254,Python,Python (3.4.3),py,Accepted,36.0,3064.0,352,
s503766288,p03805,u516869225,1522426524,C++,C++14 (GCC 5.4.1),cpp,Accepted,6.0,640.0,1120,
s347310659,p03805,u076564993,1522386307,C++,C++14 (GCC 5.4.1),cpp,Accepted,2.0,256.0,1211,
s733865003,p03805,u147154640,1522371035,C++,C++14 (GCC 5.4.1),cpp,Accepted,1.0,256.0,616,
s423572908,p03805,u147154640,1522366026,C++,C++14 (GCC 5.4.1),cpp,Accepted,1.0,256.0,588,
s812985945,p03805,u444856278,1522343942,Python,Python (3.4.3),py,Accepted,37.0,3316.0,507,
s367218677,p03805,u873041360,1522318550,C++,C++14 (GCC 5.4.1),cpp,Accepted,1.0,256.0,657,
s298075655,p03805,u873041360,1522318473,C++,C++14 (GCC 5.4.1),cpp,Accepted,1.0,256.0,635,
s995899090,p03805,u873041360,1522318280,C++,C++14 (GCC 5.4.1),cpp,Accepted,1.0,256.0,587,
s997270881,p03805,u213156132,1522294637,C++,C++14 (GCC 5.4.1),cpp,Accepted,1.0,256.0,807,
s907382653,p03805,u866107333,1522249108,C++,C++14 (GCC 5.4.1),cpp,Accepted,3.0,256.0,1611,
s936279924,p03805,u901295506,1522218152,C++,C++14 (Clang 3.8.0),cpp,Accepted,1.0,256.0,1115,
s986687541,p03805,u426578126,1522201385,C++,C++14 (GCC 5.4.1),cpp,Accepted,1.0,256.0,708,
s132803821,p03805,u394919721,1522195869,C++,C++14 (GCC 5.4.1),cpp,Accepted,1.0,256.0,1134,
s794248871,p03805,u691493208,1522172775,C++,C++14 (GCC 5.4.1),cpp,Accepted,1.0,256.0,849,
s587708575,p03805,u132434645,1522147321,Python,Python (3.4.3),py,Accepted,25.0,3064.0,373,
s913594697,p03805,u416915042,1522130473,C++,C++14 (GCC 5.4.1),cpp,Accepted,1.0,256.0,1202,
s393573739,p03805,u319612498,1522104511,Python,Python (3.4.3),py,Accepted,71.0,8052.0,360,
s595006040,p03805,u657429065,1522095284,C++,C++14 (GCC 5.4.1),cpp,Accepted,1.0,256.0,1591,
s755579749,p03805,u657429065,1522094514,C++,C++14 (GCC 5.4.1),cpp,Accepted,2.0,256.0,1606,
s012909384,p03805,u147154640,1522018455,C++,C++ (Clang 3.8.0),cpp,Accepted,3.0,504.0,723,
s943704526,p03805,u258009780,1521903432,C++,C++14 (GCC 5.4.1),cpp,Accepted,3.0,256.0,1691,
s455601252,p03805,u258009780,1521902956,C++,C++14 (GCC 5.4.1),cpp,Accepted,4.0,640.0,1894,
s796452694,p03805,u475834133,1521900165,C++,C++14 (GCC 5.4.1),cpp,Accepted,1.0,256.0,1438,
s164750964,p03805,u136869985,1521899385,C++,C++14 (GCC 5.4.1),cpp,Accepted,1.0,256.0,704,
s917866570,p03805,u771239421,1521857263,C++,C++14 (GCC 5.4.1),cpp,Accepted,1.0,256.0,352,
s822242855,p03805,u391475811,1521771983,Python,Python (3.4.3),py,Accepted,31.0,3064.0,406,
s394670789,p03805,u546897790,1521764052,C++,C++14 (GCC 5.4.1),cpp,Accepted,2.0,256.0,1724,
s326675387,p03805,u729707098,1521753592,Python,Python (3.4.3),py,Accepted,30.0,3572.0,435,
s979948128,p03805,u653005308,1521692615,Python,Python (3.4.3),py,Accepted,37.0,3064.0,1042,
s753368608,p03805,u653005308,1521692444,Python,Python (3.4.3),py,Accepted,37.0,3064.0,1039,
s218483264,p03805,u386806796,1521678784,C++,C++14 (GCC 5.4.1),cpp,Accepted,1.0,256.0,989,
s133372759,p03805,u653005308,1521663907,Python,Python (3.4.3),py,Accepted,37.0,3064.0,1039,
s751297885,p03805,u353919145,1521656254,C++,C++14 (GCC 5.4.1),cpp,Accepted,1.0,256.0,732,
s714272066,p03805,u089230684,1521655456,C++,C++14 (GCC 5.4.1),cpp,Accepted,1.0,256.0,710,
s693610386,p03805,u833272463,1521627101,C++,C++14 (GCC 5.4.1),cpp,Accepted,1.0,256.0,844,
s222345827,p03805,u131204940,1521572883,C++,C++14 (GCC 5.4.1),cpp,Accepted,1.0,256.0,616,
s534253389,p03805,u259053514,1521556811,C++,C++14 (GCC 5.4.1),cpp,Accepted,2.0,256.0,2963,
s287360393,p03805,u094534482,1521516106,C++,C++14 (GCC 5.4.1),cpp,Accepted,2.0,256.0,1404,
s297758554,p03805,u394919721,1521505956,C++,C++14 (GCC 5.4.1),cpp,Accepted,1.0,256.0,1026,
s367704852,p03805,u142014975,1521495884,C++,C++14 (Clang 3.8.0),cpp,Accepted,1.0,256.0,1076,
s711359081,p03805,u143492911,1521494673,Python,Python (3.4.3),py,Accepted,40.0,3064.0,567,
s568129731,p03805,u275447658,1521424336,C++,C++14 (GCC 5.4.1),cpp,Accepted,1.0,256.0,963,
s229664588,p03805,u202928696,1521388548,C++,C++14 (GCC 5.4.1),cpp,Accepted,2.0,256.0,1901,
s089197769,p03805,u093922224,1521382176,C++,C++14 (GCC 5.4.1),cpp,Accepted,1.0,256.0,1647,
s298101736,p03805,u064359585,1521360554,C++,C++14 (GCC 5.4.1),cpp,Accepted,1.0,256.0,689,
s274832706,p03805,u143492911,1521344330,Python,Python (3.4.3),py,Accepted,38.0,3064.0,1072,
s397540416,p03805,u143492911,1521329449,Python,Python (3.4.3),py,Accepted,38.0,3064.0,878,
s532003571,p03805,u752072022,1521325416,C++,C++14 (GCC 5.4.1),cpp,Accepted,1.0,256.0,2243,
s543648490,p03805,u846150137,1521324409,Python,Python (3.4.3),py,Accepted,133.0,3064.0,312,
s693882917,p03805,u143492911,1521323026,Python,Python (3.4.3),py,Accepted,39.0,3064.0,571,
s074431236,p03805,u143492911,1521322901,Python,Python (3.4.3),py,Accepted,38.0,3188.0,616,
s456955543,p03805,u243961437,1521307605,C++,C++14 (GCC 5.4.1),cpp,Accepted,1.0,256.0,679,
s833376411,p03805,u876335718,1521297700,C++,C++14 (GCC 5.4.1),cpp,Accepted,1.0,256.0,3104,
s067367848,p03805,u258009780,1521297190,C++,C++14 (GCC 5.4.1),cpp,Accepted,1.0,256.0,1180,
s388135424,p03805,u705918648,1521296085,C++,C++14 (GCC 5.4.1),cpp,Accepted,1.0,256.0,3113,
s199369812,p03805,u143492911,1521294164,Python,Python (3.4.3),py,Accepted,30.0,4212.0,433,
s234783353,p03805,u307037394,1521277916,C++,C++14 (GCC 5.4.1),cpp,Accepted,1.0,256.0,650,
s106002120,p03805,u477678256,1521263940,C++,C++14 (GCC 5.4.1),cpp,Accepted,1.0,256.0,962,
s333085689,p03805,u143492911,1521263516,Python,Python (3.4.3),py,Accepted,31.0,3188.0,773,
s860343917,p03805,u143492911,1521260495,Python,Python (3.4.3),py,Accepted,31.0,3064.0,718,
s810058402,p03805,u143492911,1521260273,Python,Python (3.4.3),py,Accepted,32.0,3064.0,474,
s375608787,p03805,u429843511,1521257160,Python,Python (3.4.3),py,Accepted,38.0,3064.0,658,
s481740425,p03805,u210718367,1521226227,C++,C++14 (GCC 5.4.1),cpp,Accepted,4.0,256.0,1030,
s757676084,p03805,u865166300,1521210462,C++,C++14 (GCC 5.4.1),cpp,Accepted,2.0,256.0,982,
s492758369,p03805,u195402105,1521160802,C++,C++14 (GCC 5.4.1),cpp,Accepted,2.0,256.0,1241,
s681821155,p03805,u103539599,1521028620,Python,Python (3.4.3),py,Accepted,31.0,3064.0,805,
s735858656,p03805,u736626080,1521015974,C++,C++14 (GCC 5.4.1),cpp,Accepted,1.0,256.0,813,
s755985326,p03805,u258009780,1520996569,C++,C++14 (GCC 5.4.1),cpp,Accepted,1.0,256.0,1132,
s132431289,p03805,u848736574,1520992150,C++,C++14 (GCC 5.4.1),cpp,Accepted,1346.0,384.0,1694,
s623697784,p03805,u926678805,1520985812,Python,Python (3.4.3),py,Accepted,31.0,3064.0,424,
s626596457,p03805,u085486962,1520973264,C++,C++14 (GCC 5.4.1),cpp,Accepted,1.0,256.0,667,
s935456531,p03805,u605284854,1520814115,C++,C++14 (GCC 5.4.1),cpp,Accepted,2.0,256.0,1214,
s697737301,p03805,u772304668,1520720961,C++,C++14 (GCC 5.4.1),cpp,Accepted,58.0,384.0,664,
s138076900,p03805,u772304668,1520719705,C++,C++14 (GCC 5.4.1),cpp,Accepted,1.0,256.0,682,
s893813473,p03805,u869410342,1520710644,C++,C++14 (GCC 5.4.1),cpp,Accepted,1.0,256.0,898,
s987938914,p03805,u554953477,1520710144,C++,C++14 (GCC 5.4.1),cpp,Accepted,1.0,256.0,716,
s479004111,p03805,u876335718,1520626563,C++,C++14 (GCC 5.4.1),cpp,Accepted,2.0,2304.0,2456,
s792209227,p03805,u878615689,1520597605,C++,C++14 (GCC 5.4.1),cpp,Accepted,2.0,256.0,1381,
s533325025,p03805,u353602031,1520571737,C++,C++14 (GCC 5.4.1),cpp,Accepted,2.0,256.0,3943,
s904740904,p03805,u876335718,1520542608,C++,C++14 (GCC 5.4.1),cpp,Accepted,1.0,256.0,2375,
s681684520,p03805,u900834830,1520542216,C++,C++14 (GCC 5.4.1),cpp,Accepted,1.0,256.0,982,
s934615958,p03805,u663371594,1520479019,C++,C++14 (GCC 5.4.1),cpp,Accepted,1.0,256.0,1079,
s122457027,p03805,u030726788,1520429615,Python,Python (3.4.3),py,Accepted,32.0,3064.0,433,
s136270597,p03805,u504142483,1520398647,C++,C++14 (GCC 5.4.1),cpp,Accepted,1.0,256.0,1127,
s329075978,p03805,u943004959,1520383947,C++,C++14 (GCC 5.4.1),cpp,Accepted,1.0,256.0,1723,
s223582259,p03805,u774202056,1520101105,C++,C++14 (GCC 5.4.1),cpp,Accepted,2.0,256.0,720,
s335970948,p03805,u426578126,1520050062,C++,C++14 (GCC 5.4.1),cpp,Accepted,1.0,256.0,761,
s450663387,p03805,u869282786,1519969886,C++,C++14 (GCC 5.4.1),cpp,Accepted,4.0,256.0,921,
s667091353,p03805,u258009780,1519935744,C++,C++14 (GCC 5.4.1),cpp,Accepted,2.0,256.0,1139,
s757128440,p03805,u390958150,1519871957,Python,Python (3.4.3),py,Accepted,33.0,3064.0,493,
s201453358,p03805,u414947284,1519851008,C++,C++14 (GCC 5.4.1),cpp,Accepted,2.0,384.0,913,
s568854493,p03805,u743272507,1519844891,Python,Python (3.4.3),py,Accepted,28.0,3188.0,371,
s729073019,p03805,u399527088,1519776379,C++,C++14 (GCC 5.4.1),cpp,Accepted,3.0,2560.0,973,
s083038264,p03805,u141642872,1519730802,C++,C++14 (GCC 5.4.1),cpp,Accepted,2.0,256.0,763,
s533136943,p03805,u117835862,1519687873,C++,C++14 (GCC 5.4.1),cpp,Accepted,2.0,256.0,780,
s789715439,p03805,u711985352,1519679921,C++,C++14 (GCC 5.4.1),cpp,Accepted,1.0,256.0,1001,
s775868825,p03805,u129220625,1519679863,C++,C++14 (GCC 5.4.1),cpp,Accepted,2.0,256.0,7983,
s245505658,p03805,u852585808,1519646323,C++,C++14 (GCC 5.4.1),cpp,Accepted,1.0,256.0,796,
s019736998,p03805,u785045070,1519614342,C++,C++14 (GCC 5.4.1),cpp,Accepted,1.0,256.0,659,
s734528660,p03805,u207954308,1519542522,C++,C++14 (Clang 3.8.0),cpp,Accepted,2.0,256.0,914,
s732984680,p03805,u726604439,1519450658,C++,C++14 (GCC 5.4.1),cpp,Accepted,1.0,256.0,854,
s119045093,p03805,u548624367,1519379426,C++,C++14 (GCC 5.4.1),cpp,Accepted,1.0,256.0,930,
s297302630,p03805,u143492911,1519359779,Python,Python (3.4.3),py,Accepted,30.0,4212.0,441,
s126290171,p03805,u143492911,1519357681,Python,Python (3.4.3),py,Accepted,164.0,14424.0,432,
s209048022,p03805,u196432341,1519251335,C++,C++14 (GCC 5.4.1),cpp,Accepted,1.0,256.0,1471,
s964820603,p03805,u257974487,1519191222,Python,Python (3.4.3),py,Accepted,32.0,3064.0,478,
s662120106,p03805,u521992338,1519155397,Python,Python (3.4.3),py,Accepted,22.0,3064.0,701,
s645560483,p03805,u922601216,1518922540,C++,C++14 (GCC 5.4.1),cpp,Accepted,1.0,256.0,667,
s010663660,p03805,u426004201,1518849295,C++,C++14 (GCC 5.4.1),cpp,Accepted,2.0,256.0,741,
s288209083,p03805,u344412812,1518809846,C++,C++14 (GCC 5.4.1),cpp,Accepted,1.0,256.0,959,
s152825578,p03805,u925364229,1518743735,C++,C++ (GCC 5.4.1),cpp,Accepted,1.0,256.0,1304,
s660877789,p03805,u924339359,1518735940,C++,C++14 (GCC 5.4.1),cpp,Accepted,1.0,256.0,1101,
s053397790,p03805,u816631826,1518679116,C++,C++14 (GCC 5.4.1),cpp,Accepted,2.0,256.0,1905,
s024335195,p03805,u816631826,1518633047,C++,C++14 (GCC 5.4.1),cpp,Accepted,1.0,256.0,1681,
s138166941,p03805,u788341294,1518633026,C++,C++14 (GCC 5.4.1),cpp,Accepted,1.0,256.0,1681,
s458802480,p03805,u867069435,1518485621,Python,Python (3.4.3),py,Accepted,161.0,13144.0,454,
s600115238,p03805,u419383010,1518485049,C++,C++14 (GCC 5.4.1),cpp,Accepted,2.0,256.0,1046,
s332163101,p03805,u732285858,1518364123,C++,C++14 (GCC 5.4.1),cpp,Accepted,2.0,384.0,1412,
s070053704,p03805,u566529875,1518349091,C++,C++14 (GCC 5.4.1),cpp,Accepted,1.0,256.0,1970,
s960984526,p03805,u048251253,1518215252,C++,C++14 (GCC 5.4.1),cpp,Accepted,2.0,256.0,849,
s849028319,p03805,u692336506,1518145380,C++,C++14 (GCC 5.4.1),cpp,Accepted,1.0,256.0,2110,
s117956603,p03805,u854869949,1518129744,C++,C++14 (GCC 5.4.1),cpp,Accepted,2.0,384.0,523,
s070180989,p03805,u364618491,1518068649,C++,C++14 (GCC 5.4.1),cpp,Accepted,2.0,256.0,1194,
s651796137,p03805,u995997203,1518064142,C++,C++14 (GCC 5.4.1),cpp,Accepted,1.0,256.0,999,
s148249077,p03805,u672956630,1518059715,C++,C++14 (GCC 5.4.1),cpp,Accepted,1.0,256.0,590,
s554252625,p03805,u143492911,1517894345,Python,Python (3.4.3),py,Accepted,27.0,3188.0,391,
s982903105,p03805,u143492911,1517893957,Python,Python (3.4.3),py,Accepted,27.0,3064.0,383,
s145622647,p03805,u143492911,1517892457,Python,Python (3.4.3),py,Accepted,26.0,3064.0,404,
s339148677,p03805,u489536233,1517890419,C++,C++14 (GCC 5.4.1),cpp,Accepted,1.0,256.0,734,
s289070173,p03805,u075012704,1517799911,Python,Python (3.4.3),py,Accepted,53.0,3572.0,433,
s084448909,p03805,u952708174,1517795801,Python,Python (3.4.3),py,Accepted,27.0,3064.0,878,
s872221916,p03805,u579802357,1517787591,C++,C++14 (GCC 5.4.1),cpp,Accepted,1.0,256.0,669,
s635538471,p03805,u120190063,1517782218,C++,C++14 (GCC 5.4.1),cpp,Accepted,1.0,256.0,681,
s065328547,p03805,u013750540,1517707825,C++,C++14 (GCC 5.4.1),cpp,Accepted,1.0,256.0,2171,
s924844075,p03805,u705918648,1517625277,C++,C++14 (GCC 5.4.1),cpp,Accepted,2.0,256.0,1951,
s849697757,p03805,u640323045,1517548224,C++,C++14 (GCC 5.4.1),cpp,Accepted,1.0,256.0,638,
s226842394,p03805,u640323045,1517547326,C++,C++14 (GCC 5.4.1),cpp,Accepted,1.0,256.0,821,
s906014386,p03805,u869835499,1517112514,C++,C++14 (Clang 3.8.0),cpp,Accepted,2.0,1024.0,1293,
s313847197,p03805,u034865202,1516906175,C++,C++14 (GCC 5.4.1),cpp,Accepted,1.0,256.0,3366,
s257260988,p03805,u587366956,1516795158,C++,C++14 (GCC 5.4.1),cpp,Accepted,2.0,256.0,1425,
s804105135,p03805,u352642493,1516783794,C++,C++14 (GCC 5.4.1),cpp,Accepted,1.0,256.0,832,
s849902418,p03805,u543284218,1516756962,C++,C++14 (GCC 5.4.1),cpp,Accepted,1.0,128.0,1937,
s337433067,p03805,u394919721,1516598829,C++,C++14 (GCC 5.4.1),cpp,Accepted,1.0,256.0,716,
s967849248,p03805,u873041360,1516566376,C++,C++14 (GCC 5.4.1),cpp,Accepted,2.0,256.0,719,
s285516370,p03805,u825215512,1516250738,C++,C++14 (GCC 5.4.1),cpp,Accepted,3.0,256.0,1272,
s461306519,p03805,u825215512,1516229543,C++,C++14 (GCC 5.4.1),cpp,Accepted,3.0,256.0,1272,
s569377395,p03805,u976045235,1516142072,C++,C++14 (GCC 5.4.1),cpp,Accepted,1.0,256.0,1722,
s021142509,p03805,u692632484,1516080545,Python,Python (3.4.3),py,Accepted,26.0,3064.0,403,
s498664865,p03805,u285660186,1516046459,C++,C++14 (GCC 5.4.1),cpp,Accepted,2.0,256.0,1353,
s707696848,p03805,u241615199,1515868478,C++,C++14 (GCC 5.4.1),cpp,Accepted,1.0,256.0,519,
s993122737,p03805,u773548422,1515814228,C++,C++14 (GCC 5.4.1),cpp,Accepted,2.0,256.0,1166,
s420416395,p03805,u271063202,1515736876,C++,C++14 (GCC 5.4.1),cpp,Accepted,3.0,256.0,692,
s451836232,p03805,u229842440,1515727793,C++,C++14 (GCC 5.4.1),cpp,Accepted,2.0,128.0,552,
s607416845,p03805,u823112986,1515713493,C++,C++14 (GCC 5.4.1),cpp,Accepted,2.0,256.0,595,
s471072641,p03805,u648138491,1515689638,C++,C++14 (GCC 5.4.1),cpp,Accepted,1.0,128.0,637,
s542314437,p03805,u038299200,1515613009,C++,C++14 (GCC 5.4.1),cpp,Accepted,2.0,256.0,521,
s884473415,p03805,u084549125,1515027335,C++,C++14 (GCC 5.4.1),cpp,Accepted,1.0,256.0,2029,
s385413900,p03805,u770256251,1515023774,C++,C++14 (GCC 5.4.1),cpp,Accepted,1.0,256.0,779,
s555632606,p03805,u544732702,1514843646,C++,C++14 (GCC 5.4.1),cpp,Accepted,1.0,256.0,1637,
s871003488,p03805,u875361824,1514693322,Python,Python (3.4.3),py,Accepted,27.0,3064.0,876,
s850117052,p03805,u965730380,1514685346,C++,C++14 (GCC 5.4.1),cpp,Accepted,3.0,384.0,1022,
s085794891,p03805,u965730380,1514676259,C++,C++14 (GCC 5.4.1),cpp,Accepted,1.0,256.0,1008,
s094622759,p03805,u670220889,1514492609,C++,C++14 (GCC 5.4.1),cpp,Accepted,1.0,256.0,1436,
s680466025,p03805,u526367939,1513913834,C++,C++14 (GCC 5.4.1),cpp,Accepted,1.0,256.0,723,
s825225296,p03805,u914739916,1513912148,C++,C++14 (GCC 5.4.1),cpp,Accepted,2.0,384.0,884,
s039076603,p03805,u857259336,1513896075,C++,C++14 (GCC 5.4.1),cpp,Accepted,1.0,256.0,801,
s304670702,p03805,u319282133,1513311650,C++,C++14 (GCC 5.4.1),cpp,Accepted,1.0,256.0,491,
s188985682,p03805,u643405868,1513307966,C++,C++14 (Clang 3.8.0),cpp,Accepted,1.0,256.0,1154,
s693865166,p03805,u621935300,1513228088,Python,Python (2.7.6),py,Accepted,62.0,8148.0,416,
s975028951,p03805,u093922224,1513089980,C++,C++14 (GCC 5.4.1),cpp,Accepted,2.0,256.0,1354,
s636205929,p03805,u046768272,1513052081,C++,C++14 (GCC 5.4.1),cpp,Accepted,2.0,256.0,800,
s307453962,p03805,u065125881,1512943644,C++,C++14 (GCC 5.4.1),cpp,Accepted,1.0,256.0,1986,
s636284824,p03805,u645041608,1512613487,C++,C++14 (GCC 5.4.1),cpp,Accepted,1.0,256.0,792,
s240418160,p03805,u518272929,1512534262,C++,C++14 (GCC 5.4.1),cpp,Accepted,2.0,256.0,743,
s975272808,p03805,u255657363,1512514914,C++,C++14 (GCC 5.4.1),cpp,Accepted,2.0,256.0,467,
s413855363,p03805,u136468939,1512345095,C++,C++14 (GCC 5.4.1),cpp,Accepted,2.0,256.0,1674,
s328413646,p03805,u212904724,1512075690,C++,C++14 (GCC 5.4.1),cpp,Accepted,2.0,256.0,886,
s602925274,p03805,u533330158,1512015171,C++,C++14 (GCC 5.4.1),cpp,Accepted,2.0,256.0,1408,
s811135354,p03805,u533330158,1512013494,C++,C++14 (GCC 5.4.1),cpp,Accepted,1.0,256.0,1367,
s144379951,p03805,u974239829,1512007570,C++,C++14 (GCC 5.4.1),cpp,Accepted,1.0,256.0,619,
s443771957,p03805,u635277286,1511972113,C++,C++14 (GCC 5.4.1),cpp,Accepted,2.0,256.0,891,
s966606916,p03805,u092916776,1511834934,C++,C++14 (GCC 5.4.1),cpp,Accepted,1.0,128.0,453,
s684851489,p03805,u093170535,1511802929,C++,C++14 (GCC 5.4.1),cpp,Accepted,1.0,256.0,374,
s640817366,p03805,u093170535,1511802543,C++,C++14 (GCC 5.4.1),cpp,Accepted,1.0,256.0,410,
s529499787,p03805,u207036582,1511559294,C++,C++14 (GCC 5.4.1),cpp,Accepted,1.0,256.0,545,
s988031911,p03805,u219873012,1511446271,C++,C++14 (GCC 5.4.1),cpp,Accepted,1.0,256.0,1013,
s712215843,p03805,u667084803,1511413874,Python,Python (3.4.3),py,Accepted,27.0,3064.0,353,
s019804487,p03805,u667084803,1511413459,Python,Python (3.4.3),py,Accepted,28.0,3064.0,372,
s291610944,p03805,u873041360,1511406394,C++,C++14 (GCC 5.4.1),cpp,Accepted,1.0,256.0,914,
s361409339,p03805,u814472930,1511221515,C++,C++14 (GCC 5.4.1),cpp,Accepted,8.0,384.0,781,
s501015687,p03805,u239239546,1511221079,C++,C++14 (GCC 5.4.1),cpp,Accepted,1.0,256.0,573,
s575679943,p03805,u158635223,1510866534,C++,C++14 (GCC 5.4.1),cpp,Accepted,1.0,256.0,663,
s873166315,p03805,u107077805,1510710553,C++,C++14 (GCC 5.4.1),cpp,Accepted,1.0,256.0,526,
s399015522,p03805,u115888500,1510627804,C++,C++14 (GCC 5.4.1),cpp,Accepted,2.0,256.0,685,
s517945473,p03805,u555199741,1510619954,C++,C++14 (GCC 5.4.1),cpp,Accepted,1.0,256.0,508,
s467543719,p03805,u905715926,1510516895,C++,C++14 (GCC 5.4.1),cpp,Accepted,2.0,256.0,760,
s751499941,p03805,u018679195,1510356054,C++,C++14 (GCC 5.4.1),cpp,Accepted,6.0,256.0,640,
s204771567,p03805,u089230684,1510354398,C++,C++14 (GCC 5.4.1),cpp,Accepted,1.0,256.0,540,
s276573636,p03805,u863370423,1510354395,C++,C++14 (GCC 5.4.1),cpp,Accepted,3.0,384.0,612,
s876583961,p03805,u018679195,1510353843,C++,C++14 (GCC 5.4.1),cpp,Accepted,1.0,128.0,422,
s091133138,p03805,u863370423,1510353834,C++,C++14 (GCC 5.4.1),cpp,Accepted,1.0,256.0,484,
s040633464,p03805,u816631826,1510353657,C++,C++14 (Clang 3.8.0),cpp,Accepted,1.0,256.0,484,
s387250423,p03805,u816631826,1510353639,C++,C++14 (GCC 5.4.1),cpp,Accepted,1.0,256.0,732,
s776824393,p03805,u089230684,1510353399,C++,C++14 (GCC 5.4.1),cpp,Accepted,1.0,256.0,566,
s552681423,p03805,u018679195,1510353316,C++,C++14 (GCC 5.4.1),cpp,Accepted,1.0,256.0,590,
s800172185,p03805,u089230684,1510353036,C++,C++14 (Clang 3.8.0),cpp,Accepted,1.0,256.0,645,
s359836413,p03805,u353919145,1510353031,C++,C++14 (GCC 5.4.1),cpp,Accepted,2.0,256.0,555,
s154188462,p03805,u863370423,1510353028,C++,C++14 (GCC 5.4.1),cpp,Accepted,1.0,256.0,572,
s667008887,p03805,u018679195,1510352982,C++,C++14 (GCC 5.4.1),cpp,Accepted,1.0,128.0,678,
s315038171,p03805,u840927272,1509875815,C++,C++14 (GCC 5.4.1),cpp,Accepted,1.0,256.0,1226,
s559414632,p03805,u723512447,1509831321,C++,C++14 (GCC 5.4.1),cpp,Accepted,30.0,256.0,2740,
s647537870,p03805,u099648805,1509769079,C++,C++14 (GCC 5.4.1),cpp,Accepted,2.0,256.0,790,
s715203729,p03805,u057611820,1509657646,C++,C++14 (GCC 5.4.1),cpp,Accepted,2.0,256.0,1148,
s176497573,p03805,u538244943,1509651654,C++,C++14 (GCC 5.4.1),cpp,Accepted,1.0,256.0,933,
s223076231,p03805,u425007056,1509578826,C++,C++14 (GCC 5.4.1),cpp,Accepted,2.0,256.0,619,
s119858732,p03805,u382880969,1509570001,C++,C++14 (GCC 5.4.1),cpp,Accepted,2.0,256.0,1396,
s876640673,p03805,u662071161,1509417482,C++,C++14 (GCC 5.4.1),cpp,Accepted,2.0,256.0,4540,
s250976976,p03805,u318857467,1509340146,C++,C++14 (GCC 5.4.1),cpp,Accepted,2.0,256.0,1098,
s126893336,p03805,u819160021,1509209114,C++,C++14 (GCC 5.4.1),cpp,Accepted,2.0,256.0,784,
s330237572,p03805,u993619636,1509044040,C++,C++14 (GCC 5.4.1),cpp,Accepted,1.0,256.0,2013,
s599523798,p03805,u945017646,1508971435,C++,C++14 (GCC 5.4.1),cpp,Accepted,2.0,256.0,904,
s401049980,p03805,u254456372,1508701145,C++,C++14 (GCC 5.4.1),cpp,Accepted,1.0,256.0,15480,
s324929223,p03805,u254456372,1508700860,C++,C++14 (GCC 5.4.1),cpp,Accepted,2.0,256.0,15547,
s658096469,p03805,u479953984,1508605913,C++,C++14 (GCC 5.4.1),cpp,Accepted,2.0,256.0,1413,
s430934177,p03805,u743900647,1508550348,C++,C++14 (GCC 5.4.1),cpp,Accepted,1.0,256.0,582,
s216782525,p03805,u494965628,1508368418,C++,C++14 (GCC 5.4.1),cpp,Accepted,2.0,256.0,672,
s289902702,p03805,u993235301,1508357187,C++,C++14 (GCC 5.4.1),cpp,Accepted,2.0,256.0,829,
s521064919,p03805,u845674689,1508190849,C++,C++14 (GCC 5.4.1),cpp,Accepted,2.0,256.0,896,
s967206568,p03805,u022797848,1508187562,C++,C++14 (GCC 5.4.1),cpp,Accepted,2.0,256.0,2091,
s562317593,p03805,u728732647,1508184307,C++,C++14 (GCC 5.4.1),cpp,Accepted,2.0,256.0,839,
s659894445,p03805,u788341294,1508183602,C++,C++14 (GCC 5.4.1),cpp,Accepted,2.0,256.0,1767,
s535010158,p03805,u093420647,1507928011,C++,C++14 (GCC 5.4.1),cpp,Accepted,2.0,256.0,819,
s852349212,p03805,u117835862,1507858685,C++,C++14 (GCC 5.4.1),cpp,Accepted,2.0,256.0,705,
s493072374,p03805,u897726798,1507769100,C++,C++14 (GCC 5.4.1),cpp,Accepted,2.0,256.0,783,
s820895356,p03805,u010004797,1507768421,C++,C++14 (GCC 5.4.1),cpp,Accepted,2.0,256.0,1557,
s432724174,p03805,u740807458,1507684535,C++,C++14 (GCC 5.4.1),cpp,Accepted,1.0,256.0,1943,
s279657787,p03805,u778204640,1507684026,C++,C++14 (GCC 5.4.1),cpp,Accepted,1.0,256.0,1847,
s508214483,p03805,u093420647,1507576263,C++,C++14 (GCC 5.4.1),cpp,Accepted,2.0,256.0,829,
s012939316,p03805,u014237950,1507574361,C++,C++14 (GCC 5.4.1),cpp,Accepted,2.0,256.0,1876,
s094953172,p03805,u663710122,1507526953,Python,Python (3.4.3),py,Accepted,27.0,3064.0,444,
s707810477,p03805,u809665051,1507520699,C++,C++14 (GCC 5.4.1),cpp,Accepted,3.0,256.0,1179,
s132447329,p03805,u905330593,1507318892,C++,C++14 (GCC 5.4.1),cpp,Accepted,30.0,256.0,559,
s603573629,p03805,u764058295,1507246816,C++,C++14 (GCC 5.4.1),cpp,Accepted,1.0,256.0,1062,
s235605461,p03805,u785205215,1507221369,Python,Python (3.4.3),py,Accepted,31.0,3064.0,370,
s380607379,p03805,u365058393,1507116444,C++,C++14 (GCC 5.4.1),cpp,Accepted,2.0,256.0,850,
s448064210,p03805,u921391957,1506916697,C++,C++14 (GCC 5.4.1),cpp,Accepted,2.0,256.0,1079,
s563410970,p03805,u010110540,1506909701,Python,Python (3.4.3),py,Accepted,28.0,3064.0,544,
s625321131,p03805,u010110540,1506879469,Python,Python (3.4.3),py,Accepted,18.0,3064.0,592,
s770426551,p03805,u010110540,1506878514,Python,Python (3.4.3),py,Accepted,30.0,3064.0,415,
s282351272,p03805,u674342364,1506778248,C++,C++14 (GCC 5.4.1),cpp,Accepted,2.0,256.0,1381,
s998163795,p03805,u003873207,1506754814,C++,C++14 (GCC 5.4.1),cpp,Accepted,1.0,256.0,1735,
s313499935,p03805,u665415433,1506615861,Python,Python (3.4.3),py,Accepted,29.0,3064.0,514,
s984250955,p03805,u665415433,1506573453,Python,Python (3.4.3),py,Accepted,388.0,3444.0,773,
s367309167,p03805,u871239364,1506469739,C++,C++14 (GCC 5.4.1),cpp,Accepted,2.0,256.0,1055,
s136719551,p03805,u260638714,1506308543,C++,C++14 (GCC 5.4.1),cpp,Accepted,2.0,256.0,890,
s049759930,p03805,u205655980,1506304184,C++,C++14 (GCC 5.4.1),cpp,Accepted,2.0,256.0,545,
s848249291,p03805,u132159708,1505957522,C++,C++14 (GCC 5.4.1),cpp,Accepted,1.0,256.0,845,
s158750217,p03805,u579152247,1505956943,C++,C++14 (GCC 5.4.1),cpp,Accepted,2.0,256.0,1381,
s879919267,p03805,u284102701,1505955801,C++,C++14 (GCC 5.4.1),cpp,Accepted,1.0,256.0,873,
s257295478,p03805,u141968173,1505706813,C++,C++14 (GCC 5.4.1),cpp,Accepted,1.0,256.0,541,
s014176870,p03805,u424655672,1505698975,C++,C++14 (GCC 5.4.1),cpp,Accepted,1.0,256.0,744,
s391755315,p03805,u498141549,1505684550,C++,C++14 (GCC 5.4.1),cpp,Accepted,1.0,256.0,687,
s168776121,p03805,u252883287,1505514024,C++,C++14 (GCC 5.4.1),cpp,Accepted,1.0,256.0,1441,
s638416247,p03805,u370867568,1505443535,C++,C++14 (GCC 5.4.1),cpp,Accepted,2.0,256.0,1390,
s635617621,p03805,u660656117,1505266571,C++,C++14 (GCC 5.4.1),cpp,Accepted,1.0,256.0,1167,
s597691713,p03805,u198497692,1505166516,C++,C++14 (GCC 5.4.1),cpp,Accepted,1.0,256.0,1067,
s168255266,p03805,u950925609,1505164957,C++,C++14 (GCC 5.4.1),cpp,Accepted,2.0,256.0,755,
s857652623,p03805,u127194462,1505087969,C++,C++14 (GCC 5.4.1),cpp,Accepted,1.0,256.0,752,
s057636349,p03805,u184659204,1505082243,C++,C++14 (GCC 5.4.1),cpp,Accepted,1.0,256.0,772,
s567627288,p03805,u354773735,1505076266,C++,C++14 (GCC 5.4.1),cpp,Accepted,2.0,256.0,1080,
s388271859,p03805,u987346383,1505041794,C++,C++14 (GCC 5.4.1),cpp,Accepted,2.0,256.0,1403,
s549332779,p03805,u778204640,1504990374,C++,C++14 (GCC 5.4.1),cpp,Accepted,1.0,256.0,757,
s600310378,p03805,u755090102,1504989171,C++,C++14 (GCC 5.4.1),cpp,Accepted,1.0,256.0,672,
s598305072,p03805,u131651182,1504988909,C++,C++14 (GCC 5.4.1),cpp,Accepted,1.0,256.0,626,
s168721848,p03805,u777468981,1504988136,C++,C++14 (GCC 5.4.1),cpp,Accepted,1.0,256.0,479,
s050844129,p03805,u864888234,1504986585,C++,C++14 (GCC 5.4.1),cpp,Accepted,1.0,256.0,705,
s546836662,p03805,u864888234,1504986439,C++,C++14 (GCC 5.4.1),cpp,Accepted,1.0,256.0,705,
s105998594,p03805,u294283114,1504986404,C++,C++14 (GCC 5.4.1),cpp,Accepted,1.0,256.0,836,
s012532549,p03805,u524343822,1504986144,C++,C++14 (GCC 5.4.1),cpp,Accepted,1.0,256.0,512,
s690858483,p03805,u234435881,1504883696,C++,C++14 (GCC 5.4.1),cpp,Accepted,1.0,256.0,885,
s343460521,p03805,u210718367,1504794576,C++,C++14 (GCC 5.4.1),cpp,Accepted,1.0,256.0,839,
s572297406,p03805,u960646202,1504749697,C++,C++14 (Clang 3.8.0),cpp,Accepted,1.0,256.0,691,
s489963956,p03805,u125046593,1504718441,C++,C++14 (GCC 5.4.1),cpp,Accepted,1.0,256.0,1273,
s781003530,p03805,u991083615,1504668595,C++,C++14 (GCC 5.4.1),cpp,Accepted,1.0,256.0,1241,
s537413115,p03805,u157322125,1504489206,C++,C++14 (GCC 5.4.1),cpp,Accepted,1.0,256.0,627,
s654633781,p03805,u867014525,1504468411,C++,C++14 (GCC 5.4.1),cpp,Accepted,1.0,256.0,762,
s053360488,p03805,u962206827,1504449298,C++,C++14 (GCC 5.4.1),cpp,Accepted,2.0,256.0,864,
s744576893,p03805,u489883555,1504445195,C++,C++14 (GCC 5.4.1),cpp,Accepted,6.0,256.0,674,
s108788373,p03805,u239239546,1504197096,C++,C++14 (GCC 5.4.1),cpp,Accepted,1.0,256.0,678,
s305658968,p03805,u309744970,1504141954,C++,C++14 (GCC 5.4.1),cpp,Accepted,1.0,256.0,504,
s194151450,p03805,u272319314,1504125407,C++,C++14 (GCC 5.4.1),cpp,Accepted,1377.0,2760.0,1044,
s429815925,p03805,u300752229,1504036785,C++,C++14 (GCC 5.4.1),cpp,Accepted,6.0,256.0,1751,
s766912422,p03805,u131000248,1503808862,C++,C++14 (Clang 3.8.0),cpp,Accepted,7.0,888.0,600,
s354378464,p03805,u133083455,1503590042,C++,C++14 (GCC 5.4.1),cpp,Accepted,1.0,128.0,388,
s092737217,p03805,u898651494,1503467113,C++,C++14 (GCC 5.4.1),cpp,Accepted,8.0,384.0,935,
s215170077,p03805,u456065785,1503453633,C++,C++14 (GCC 5.4.1),cpp,Accepted,2.0,256.0,954,
s628607183,p03805,u646685002,1503187899,C++,C++14 (GCC 5.4.1),cpp,Accepted,1.0,256.0,398,
s028351571,p03805,u771306245,1502644560,C++,C++14 (GCC 5.4.1),cpp,Accepted,1.0,256.0,1159,
s328325302,p03805,u487337562,1502500389,C++,C++14 (GCC 5.4.1),cpp,Accepted,2.0,256.0,1040,
s871216589,p03805,u437391064,1502316220,C++,C++14 (GCC 5.4.1),cpp,Accepted,1.0,256.0,534,
s396108757,p03805,u802614675,1502262592,C++,C++14 (GCC 5.4.1),cpp,Accepted,1.0,256.0,1083,
s123148709,p03805,u987564901,1502252894,C++,C++14 (GCC 5.4.1),cpp,Accepted,1.0,256.0,947,
s479489289,p03805,u254456372,1502070556,C++,C++14 (GCC 5.4.1),cpp,Accepted,1.0,256.0,1518,
s173583872,p03805,u924885571,1502067097,C++,C++14 (GCC 5.4.1),cpp,Accepted,1.0,256.0,496,
s145033161,p03805,u839537730,1501447198,Python,Python (3.4.3),py,Accepted,28.0,3064.0,526,
s908024195,p03805,u839537730,1501447168,Python,Python (3.4.3),py,Accepted,28.0,3064.0,526,
s767753129,p03805,u602850810,1501443775,C++,C++14 (GCC 5.4.1),cpp,Accepted,1.0,256.0,805,
s580409926,p03805,u451610133,1500872857,C++,C++14 (GCC 5.4.1),cpp,Accepted,1.0,256.0,1088,
s988591925,p03805,u596276291,1500402741,Python,Python (3.4.3),py,Accepted,28.0,3572.0,519,
s744420152,p03805,u093922224,1500221348,C++,C++14 (GCC 5.4.1),cpp,Accepted,2.0,256.0,893,
s886569716,p03805,u962206827,1499998889,C++,C++14 (GCC 5.4.1),cpp,Accepted,1.0,128.0,681,
s741670071,p03805,u013936801,1499471352,C++,C++14 (GCC 5.4.1),cpp,Accepted,2.0,256.0,750,
s994776641,p03805,u098968285,1499121573,Python,Python (3.4.3),py,Accepted,25.0,3064.0,536,
s574539693,p03805,u906880177,1498944401,C++,C++14 (GCC 5.4.1),cpp,Accepted,1.0,256.0,710,
s866211683,p03805,u260949693,1498759688,C++,C++14 (GCC 5.4.1),cpp,Accepted,2.0,256.0,1311,
s647745838,p03805,u576018050,1498749887,C++,C++14 (GCC 5.4.1),cpp,Accepted,1.0,256.0,788,
s413667901,p03805,u061916079,1498749156,Python,Python (3.4.3),py,Accepted,31.0,3064.0,360,
s592782611,p03805,u033407970,1498620757,C++,C++14 (GCC 5.4.1),cpp,Accepted,1.0,256.0,824,
s481069305,p03805,u752074356,1498591621,C++,C++14 (GCC 5.4.1),cpp,Accepted,1.0,256.0,1082,
s237171338,p03805,u654191866,1498573321,C++,C++14 (GCC 5.4.1),cpp,Accepted,1.0,256.0,549,
s899339739,p03805,u163703551,1498547823,Python,Python (3.4.3),py,Accepted,30.0,3188.0,741,
s037499522,p03805,u130529502,1498255263,C++,C++14 (GCC 5.4.1),cpp,Accepted,1.0,256.0,811,
s686115842,p03805,u462560753,1498255028,C++,C++14 (GCC 5.4.1),cpp,Accepted,1.0,256.0,640,
s049568911,p03805,u656572785,1498254011,C++,C++14 (GCC 5.4.1),cpp,Accepted,3.0,256.0,907,
s912952792,p03805,u778204640,1498253746,C++,C++14 (GCC 5.4.1),cpp,Accepted,1.0,256.0,559,
s787753030,p03805,u216962796,1498253412,C++,C++14 (GCC 5.4.1),cpp,Accepted,1.0,256.0,626,
s856299352,p03805,u741323508,1497744692,C++,C++14 (GCC 5.4.1),cpp,Accepted,1.0,256.0,691,
s538424441,p03805,u063020782,1497730656,C++,C++14 (GCC 5.4.1),cpp,Accepted,1.0,256.0,625,
s045487703,p03805,u691764803,1497648525,C++,C++14 (GCC 5.4.1),cpp,Accepted,2.0,256.0,913,
s402442831,p03805,u587248350,1497045303,C++,C++14 (GCC 5.4.1),cpp,Accepted,1.0,256.0,1102,
s203786629,p03805,u254521846,1497044500,C++,C++14 (GCC 5.4.1),cpp,Accepted,1.0,256.0,2003,
s805941404,p03805,u988832865,1497043813,C++,C++14 (GCC 5.4.1),cpp,Accepted,1.0,256.0,635,
s172872761,p03805,u299347950,1497042480,C++,C++14 (GCC 5.4.1),cpp,Accepted,5.0,256.0,1399,
s767602746,p03805,u299347950,1496982584,C++,C++14 (GCC 5.4.1),cpp,Accepted,5.0,256.0,1313,
s800167246,p03805,u395676079,1496884672,C++,C++14 (GCC 5.4.1),cpp,Accepted,2.0,256.0,1239,
s788799580,p03805,u467168157,1496693148,C++,C++14 (GCC 5.4.1),cpp,Accepted,1.0,256.0,809,
s051647601,p03805,u849067239,1496691426,C++,C++14 (GCC 5.4.1),cpp,Accepted,1.0,256.0,5277,
s664407135,p03805,u645041608,1496664835,C++,C++14 (GCC 5.4.1),cpp,Accepted,1.0,256.0,860,
s557741023,p03805,u587248350,1496639600,C++,C++14 (GCC 5.4.1),cpp,Accepted,2.0,256.0,861,
s299723379,p03805,u782372423,1496595922,C++,C++14 (GCC 5.4.1),cpp,Accepted,1.0,256.0,3438,
s933472272,p03805,u761320129,1496512550,Python,Python (2.7.6),py,Accepted,34.0,2696.0,618,
s537140631,p03805,u584355711,1496348603,C++,C++14 (GCC 5.4.1),cpp,Accepted,1.0,256.0,1009,
s244452762,p03805,u243961437,1496264418,C++,C++14 (GCC 5.4.1),cpp,Accepted,1.0,256.0,598,
s472210639,p03805,u333917945,1496264320,C++,C++14 (GCC 5.4.1),cpp,Accepted,1.0,256.0,1064,
s892525531,p03805,u946386741,1496242334,Python,Python (3.4.3),py,Accepted,46.0,5236.0,1190,
s368208437,p03805,u234413973,1496150902,C++,C++14 (GCC 5.4.1),cpp,Accepted,1.0,256.0,607,
s538838353,p03805,u704625420,1496094975,C++,C++14 (GCC 5.4.1),cpp,Accepted,1.0,256.0,2345,
s456986694,p03805,u903215911,1495901534,C++,C++14 (GCC 5.4.1),cpp,Accepted,1.0,256.0,844,
s355626843,p03805,u594996658,1495814172,C++,C++14 (GCC 5.4.1),cpp,Accepted,1.0,256.0,942,
s384323751,p03805,u022317850,1495764774,C++,C++14 (GCC 5.4.1),cpp,Accepted,1.0,256.0,1323,
s737172591,p03805,u890465662,1495684588,C++,C++14 (GCC 5.4.1),cpp,Accepted,2.0,256.0,698,
s681676707,p03805,u292929213,1495662120,C++,C++14 (GCC 5.4.1),cpp,Accepted,1.0,256.0,1206,
s950778276,p03805,u404244809,1495653614,C++,C++14 (GCC 5.4.1),cpp,Accepted,2.0,256.0,1344,
s004315141,p03805,u404244809,1495652928,C++,C++14 (GCC 5.4.1),cpp,Accepted,2.0,256.0,1345,
s402754320,p03805,u404244809,1495652249,C++,C++14 (GCC 5.4.1),cpp,Accepted,1.0,256.0,1262,
s698895300,p03805,u802071009,1495651917,C++,C++14 (GCC 5.4.1),cpp,Accepted,1.0,256.0,1371,
s849508816,p03805,u409753607,1495543268,C++,C++14 (GCC 5.4.1),cpp,Accepted,1.0,256.0,1368,
s793118935,p03805,u820351940,1495428136,Python,Python (3.4.3),py,Accepted,45.0,5236.0,659,
s681088434,p03805,u970831327,1495423448,C++,C++14 (GCC 5.4.1),cpp,Accepted,1.0,256.0,759,
s237062510,p03805,u456611841,1495302325,C++,C++14 (GCC 5.4.1),cpp,Accepted,1.0,256.0,515,
s515498179,p03805,u014237950,1495149109,C++,C++14 (GCC 5.4.1),cpp,Accepted,1.0,256.0,1368,
s761722105,p03805,u495267515,1495137302,C++,C++14 (GCC 5.4.1),cpp,Accepted,3.0,256.0,2395,
s468142712,p03805,u495267515,1495137203,C++,C++14 (GCC 5.4.1),cpp,Accepted,32.0,256.0,2389,
s368313577,p03805,u277971517,1494922448,C++,C++14 (GCC 5.4.1),cpp,Accepted,1.0,256.0,1243,
s895399705,p03805,u910146840,1494873345,C++,C++14 (GCC 5.4.1),cpp,Accepted,1.0,128.0,606,
s539354500,p03805,u880862257,1494866709,C++,C++14 (GCC 5.4.1),cpp,Accepted,1.0,128.0,579,
s135543526,p03805,u700986952,1494826994,C++,C++14 (GCC 5.4.1),cpp,Accepted,4.0,256.0,1051,
s247624005,p03805,u282280353,1494554119,C++,C++14 (GCC 5.4.1),cpp,Accepted,126.0,384.0,683,
s403723654,p03805,u371524083,1494547531,C++,C++14 (GCC 5.4.1),cpp,Accepted,1.0,256.0,1008,
s874660266,p03805,u371524083,1494546615,C++,C++14 (GCC 5.4.1),cpp,Accepted,1.0,256.0,1326,
s187851489,p03805,u760868074,1494504468,C++,C++14 (GCC 5.4.1),cpp,Accepted,1.0,256.0,569,
s858813464,p03805,u879309973,1494496251,Python,Python (2.7.6),py,Accepted,210.0,16008.0,410,
s328541742,p03805,u683479402,1494451146,Python,Python (3.4.3),py,Accepted,25.0,3064.0,642,
s220471965,p03805,u216962796,1494285901,C++,C++14 (GCC 5.4.1),cpp,Accepted,3.0,256.0,2604,
s521132080,p03805,u389055093,1493697808,C++,C++14 (GCC 5.4.1),cpp,Accepted,2.0,256.0,1319,
s938982404,p03805,u009275459,1493567328,C++,C++14 (GCC 5.4.1),cpp,Accepted,1.0,256.0,772,
s322229257,p03805,u975024434,1493408506,Python,Python (3.4.3),py,Accepted,28.0,3064.0,491,
s860889466,p03805,u830842621,1493376103,C++,C++14 (GCC 5.4.1),cpp,Accepted,1.0,256.0,6203,
s985097134,p03805,u722628899,1493261412,C++,C++14 (GCC 5.4.1),cpp,Accepted,1.0,256.0,723,
s281323611,p03805,u705296057,1493227951,C++,C++14 (GCC 5.4.1),cpp,Accepted,1.0,256.0,688,
s538151550,p03805,u141642872,1492793907,C++,C++14 (GCC 5.4.1),cpp,Accepted,1.0,256.0,619,
s142845266,p03805,u172773620,1492784749,C++,C++14 (GCC 5.4.1),cpp,Accepted,2.0,256.0,769,
s804227914,p03805,u456950583,1492487538,C++,C++ (Clang 3.8.0),cpp,Accepted,2.0,256.0,1590,
s386399532,p03805,u432688695,1492431064,Python,Python (3.4.3),py,Accepted,24.0,3064.0,886,
s387480614,p03805,u510295687,1492292963,C++,C++14 (GCC 5.4.1),cpp,Accepted,2.0,256.0,1129,
s493959779,p03805,u984264252,1492214563,C++,C++14 (GCC 5.4.1),cpp,Accepted,1.0,256.0,1292,
s524613886,p03805,u086355897,1492029535,C++,C++14 (GCC 5.4.1),cpp,Accepted,5.0,640.0,1257,
s730237261,p03805,u484412230,1491869212,C++,C++14 (GCC 5.4.1),cpp,Accepted,2.0,256.0,1507,
s277056421,p03805,u912359563,1491868294,C++,C++14 (GCC 5.4.1),cpp,Accepted,1.0,256.0,1009,
s587689392,p03805,u080348635,1491693700,C++,C++14 (GCC 5.4.1),cpp,Accepted,1.0,256.0,905,
s964714428,p03805,u254521846,1491581097,C++,C++14 (GCC 5.4.1),cpp,Accepted,1.0,256.0,620,
s809045295,p03805,u209647862,1491546297,C++,C++14 (Clang 3.8.0),cpp,Accepted,12.0,2048.0,3003,
s028268784,p03805,u209647862,1491546163,C++,C++14 (Clang 3.8.0),cpp,Accepted,12.0,2048.0,3013,
s051675452,p03805,u209647862,1491540157,C++,C++14 (Clang 3.8.0),cpp,Accepted,16.0,2304.0,3081,
s477472228,p03805,u209647862,1491539045,C++,C++14 (Clang 3.8.0),cpp,Accepted,16.0,2304.0,3056,
s909522066,p03805,u481165257,1491533630,Python,Python (3.4.3),py,Accepted,129.0,4840.0,657,
s944899851,p03805,u352499693,1491347347,C++,C++14 (GCC 5.4.1),cpp,Accepted,2.0,256.0,772,
s619279521,p03805,u929150664,1491344861,C++,C++14 (GCC 5.4.1),cpp,Accepted,2.0,256.0,780,
s905832533,p03805,u365077014,1491344751,C++,C++14 (GCC 5.4.1),cpp,Accepted,2.0,256.0,905,
s141621999,p03805,u107077660,1491343709,Python,Python (3.4.3),py,Accepted,32.0,3064.0,350,
s603835001,p03805,u119460590,1491342879,C++,C++14 (GCC 5.4.1),cpp,Accepted,1.0,384.0,2384,
s918983577,p03805,u951704061,1491342640,C++,C++14 (GCC 5.4.1),cpp,Accepted,1.0,256.0,569,
s703103101,p03805,u310790595,1491268483,C++,C++14 (GCC 5.4.1),cpp,Accepted,1.0,256.0,1055,
s634912728,p03805,u089230684,1491246340,C++,C++14 (GCC 5.4.1),cpp,Accepted,2.0,256.0,696,
s378281260,p03805,u614613307,1491244399,C++,C++14 (GCC 5.4.1),cpp,Accepted,1.0,256.0,742,
s272828202,p03805,u778204640,1491241743,C++,C++14 (GCC 5.4.1),cpp,Accepted,1.0,256.0,846,
s269292251,p03805,u089230684,1491240967,C++,C++14 (GCC 5.4.1),cpp,Accepted,1.0,128.0,676,
s887433619,p03805,u089230684,1491239110,C++,C++14 (GCC 5.4.1),cpp,Accepted,2.0,256.0,870,
s369110103,p03805,u089230684,1491237056,C++,C++14 (GCC 5.4.1),cpp,Accepted,1.0,128.0,550,
s124217464,p03805,u089230684,1491236173,C++,C++14 (GCC 5.4.1),cpp,Accepted,1.0,128.0,575,
s158568771,p03805,u089230684,1491236046,C++,C++14 (GCC 5.4.1),cpp,Accepted,1.0,256.0,576,
s510311069,p03805,u089230684,1491235813,C++,C++14 (GCC 5.4.1),cpp,Accepted,1.0,128.0,722,
s934108141,p03805,u089230684,1491235586,C++,C++14 (GCC 5.4.1),cpp,Accepted,1.0,128.0,586,
s919309564,p03805,u728732647,1491230345,C++,C++14 (GCC 5.4.1),cpp,Accepted,2.0,256.0,716,
s904111193,p03805,u143220121,1491181405,C++,C++14 (GCC 5.4.1),cpp,Accepted,2.0,256.0,27176,
s583024529,p03805,u181709987,1491104033,Python,Python (3.4.3),py,Accepted,29.0,3064.0,547,
s257269030,p03805,u556160473,1491096509,Python,Python (3.4.3),py,Accepted,30.0,3064.0,416,
s978225568,p03805,u465629938,1491076805,C++,C++14 (GCC 5.4.1),cpp,Accepted,6.0,256.0,1381,
s831851949,p03805,u130529502,1490914060,C++,C++14 (GCC 5.4.1),cpp,Accepted,2.0,256.0,1262,
s678819073,p03805,u131020584,1490850638,C++,C++14 (GCC 5.4.1),cpp,Accepted,1.0,256.0,1025,
s629804113,p03805,u718935188,1490844848,C++,C++14 (GCC 5.4.1),cpp,Accepted,2.0,256.0,1319,
s360685463,p03805,u744170799,1490823219,C++,C++14 (GCC 5.4.1),cpp,Accepted,1.0,256.0,1291,
s796196785,p03805,u744170799,1490821138,C++,C++14 (GCC 5.4.1),cpp,Accepted,1.0,256.0,631,
s505946353,p03805,u239859796,1490818770,C++,C++14 (GCC 5.4.1),cpp,Accepted,1.0,256.0,1637,
s757814889,p03805,u874706642,1490732235,C++,C++14 (GCC 5.4.1),cpp,Accepted,1.0,256.0,996,
s160711950,p03805,u133129810,1490731564,C++,C++14 (GCC 5.4.1),cpp,Accepted,1.0,256.0,2329,
s025737655,p03805,u119460590,1490729956,C++,C++14 (GCC 5.4.1),cpp,Accepted,1.0,256.0,779,
s442255505,p03805,u897612340,1490729394,C++,C++14 (GCC 5.4.1),cpp,Accepted,3.0,256.0,902,
s063031124,p03805,u846586570,1490716131,C++,C++14 (GCC 5.4.1),cpp,Accepted,2.0,256.0,1413,
s298364844,p03805,u628262476,1490676786,C++,C++14 (GCC 5.4.1),cpp,Accepted,1.0,256.0,475,
s730056168,p03805,u285359987,1490667954,C++,C++14 (GCC 5.4.1),cpp,Accepted,3.0,640.0,1209,
s403211532,p03805,u841907810,1490662795,C++,C++14 (GCC 5.4.1),cpp,Accepted,1.0,256.0,1922,
s509787223,p03805,u837745858,1490645949,C++,C++14 (GCC 5.4.1),cpp,Accepted,1.0,256.0,578,
s993446491,p03805,u811004127,1490556964,C++,C++14 (GCC 5.4.1),cpp,Accepted,1.0,256.0,847,
s470038798,p03805,u723550619,1490453362,C++,C++14 (GCC 5.4.1),cpp,Accepted,1.0,256.0,755,
s948356761,p03805,u904666233,1490389715,C++,C++14 (GCC 5.4.1),cpp,Accepted,2.0,768.0,3259,
s456104601,p03805,u904666233,1490389656,C++,C++14 (GCC 5.4.1),cpp,Accepted,2.0,768.0,3615,
s168382113,p03805,u904666233,1490389012,C++,C++14 (GCC 5.4.1),cpp,Accepted,1.0,256.0,2750,
s202018215,p03805,u704411633,1490280724,C++,C++14 (GCC 5.4.1),cpp,Accepted,1.0,256.0,898,
s548217313,p03805,u704411633,1490280589,C++,C++14 (GCC 5.4.1),cpp,Accepted,1.0,256.0,977,
s116731357,p03805,u704411633,1490234266,C++,C++14 (GCC 5.4.1),cpp,Accepted,1.0,256.0,863,
s276524924,p03805,u032168006,1490222237,C++,C++14 (GCC 5.4.1),cpp,Accepted,1.0,128.0,504,
s578047284,p03805,u928236457,1490169948,C++,C++14 (GCC 5.4.1),cpp,Accepted,1.0,256.0,594,
s187169700,p03805,u928236457,1490169451,C++,C++14 (GCC 5.4.1),cpp,Accepted,1.0,256.0,674,
s578426771,p03805,u928236457,1490169317,C++,C++14 (GCC 5.4.1),cpp,Accepted,1.0,256.0,708,
s326028858,p03805,u089360788,1490160423,C++,C++14 (GCC 5.4.1),cpp,Accepted,1.0,256.0,2627,
s858584650,p03805,u796942881,1490000639,C++,C++14 (GCC 5.4.1),cpp,Accepted,1.0,128.0,994,
s351041173,p03805,u749673667,1489969462,C++,C++14 (GCC 5.4.1),cpp,Accepted,1.0,256.0,910,
s625371710,p03805,u518732500,1489889665,Python,Python (3.4.3),py,Accepted,42.0,3064.0,687,
s027421564,p03805,u995267042,1489887413,C++,C++14 (GCC 5.4.1),cpp,Accepted,1.0,256.0,2578,
s532803145,p03805,u889725830,1489887222,C++,C++14 (GCC 5.4.1),cpp,Accepted,3.0,256.0,726,
s249671390,p03805,u451987205,1489886052,Python,Python (2.7.6),py,Accepted,27.0,4484.0,581,
s741563447,p03805,u112902287,1489881461,Python,Python (3.4.3),py,Accepted,34.0,3064.0,1634,
s956855778,p03805,u112902287,1489878686,Python,Python (3.4.3),py,Accepted,35.0,3064.0,600,
s618596606,p03805,u755090102,1489876396,C++,C++14 (GCC 5.4.1),cpp,Accepted,3.0,384.0,539,
s597612605,p03805,u310790595,1489866558,C++,C++14 (GCC 5.4.1),cpp,Accepted,2.0,256.0,1060,
s694240724,p03805,u112581208,1489764908,C++,C++ (Clang 3.8.0),cpp,Accepted,3.0,504.0,1066,
s385860089,p03805,u091367113,1489602760,C++,C++14 (GCC 5.4.1),cpp,Accepted,1.0,256.0,755,
s258144579,p03805,u622568141,1489554405,Python,Python (3.4.3),py,Accepted,308.0,20808.0,662,
s223225152,p03805,u597792534,1489462473,C++,C++14 (GCC 5.4.1),cpp,Accepted,2.0,256.0,780,
s763730796,p03805,u959851887,1489453368,C++,C++14 (GCC 5.4.1),cpp,Accepted,1.0,256.0,781,
s593799313,p03805,u579170193,1489337603,C++,C++14 (GCC 5.4.1),cpp,Accepted,2.0,256.0,1138,
s651176182,p03805,u579170193,1489337331,C++,C++14 (GCC 5.4.1),cpp,Accepted,2.0,256.0,1179,
s450295590,p03805,u653020951,1489206309,C++,C++14 (GCC 5.4.1),cpp,Accepted,1.0,256.0,910,
s153779571,p03805,u863507492,1489125855,C++,C++14 (GCC 5.4.1),cpp,Accepted,2.0,256.0,945,
s849642924,p03805,u798086274,1489115222,C++,C++14 (GCC 5.4.1),cpp,Accepted,2.0,256.0,1119,
s868777572,p03805,u448147959,1489059704,C++,C++14 (GCC 5.4.1),cpp,Accepted,2.0,256.0,1108,
s410702166,p03805,u559722042,1489032777,C++,C++14 (GCC 5.4.1),cpp,Accepted,1.0,256.0,878,
s375914662,p03805,u848983424,1489027442,C++,C++14 (GCC 5.4.1),cpp,Accepted,1.0,256.0,489,
s085913207,p03805,u889725830,1489012788,C++,C++14 (GCC 5.4.1),cpp,Accepted,1.0,256.0,570,
s670474430,p03805,u710736224,1489011778,C++,C++14 (GCC 5.4.1),cpp,Accepted,2.0,256.0,1021,
s979020487,p03805,u859781218,1488961938,C++,C++14 (GCC 5.4.1),cpp,Accepted,1.0,256.0,568,
s188081106,p03805,u549743442,1488905928,C++,C++14 (GCC 5.4.1),cpp,Accepted,1.0,256.0,1132,
s097434308,p03805,u683134447,1488899294,Python,Python (3.4.3),py,Accepted,57.0,3064.0,524,
s347354620,p03805,u900485130,1488872831,C++,C++14 (GCC 5.4.1),cpp,Accepted,1.0,256.0,1308,
s955153810,p03805,u984919195,1488863477,C++,C++14 (GCC 5.4.1),cpp,Accepted,1.0,256.0,932,
s026783298,p03805,u346355901,1488815532,C++,C++ (GCC 5.4.1),cpp,Accepted,5.0,256.0,1756,
s035163450,p03805,u952939556,1488807847,C++,C++ (GCC 5.4.1),cpp,Accepted,1.0,256.0,743,
s449806564,p03805,u952939556,1488807830,C++,C++ (GCC 5.4.1),cpp,Accepted,1.0,256.0,739,
s712330559,p03805,u952939556,1488807170,C++,C++ (GCC 5.4.1),cpp,Accepted,1.0,256.0,739,
s971987602,p03805,u679904527,1488782392,C++,C++14 (GCC 5.4.1),cpp,Accepted,1.0,256.0,943,
s199706310,p03805,u679904527,1488781183,C++,C++14 (GCC 5.4.1),cpp,Accepted,1.0,256.0,999,
s023126558,p03805,u887358261,1488777646,C++,C++14 (GCC 5.4.1),cpp,Accepted,5.0,256.0,792,
s660912079,p03805,u167751176,1488773942,C++,C++14 (GCC 5.4.1),cpp,Accepted,1.0,256.0,1093,
s387781750,p03805,u848877025,1488757984,Python,Python (2.7.6),py,Accepted,22.0,2696.0,605,
s708291236,p03805,u401749983,1488711831,C++,C++14 (GCC 5.4.1),cpp,Accepted,4.0,640.0,913,
s618819089,p03805,u401749983,1488709316,C++,C++14 (GCC 5.4.1),cpp,Accepted,4.0,640.0,733,
s228261392,p03805,u317044805,1488694316,Python,Python (3.4.3),py,Accepted,31.0,3064.0,706,
s782510525,p03805,u084693263,1488687308,C++,C++14 (GCC 5.4.1),cpp,Accepted,1.0,512.0,998,
s308480694,p03805,u084693263,1488684171,C++,C++14 (GCC 5.4.1),cpp,Accepted,1.0,256.0,760,
s245213335,p03805,u515802486,1488517897,Python,Python (3.4.3),py,Accepted,29.0,3064.0,494,
s531502942,p03805,u579170193,1488513953,C++,C++14 (GCC 5.4.1),cpp,Accepted,1.0,256.0,1241,
s461103594,p03805,u089230684,1488431082,C++,C++14 (GCC 5.4.1),cpp,Accepted,2.0,256.0,804,
s917982191,p03805,u125205981,1488423816,Python,Python (3.4.3),py,Accepted,54.0,3064.0,595,
s617026102,p03805,u657011188,1488408685,C++,C++14 (GCC 5.4.1),cpp,Accepted,2.0,256.0,754,
s233419779,p03805,u819300485,1488248220,C++,C++14 (GCC 5.4.1),cpp,Accepted,2.0,256.0,4278,
s647828774,p03805,u483814783,1488239275,C++,C++ (GCC 5.4.1),cpp,Accepted,2.0,256.0,748,
s215171122,p03805,u478856278,1488121547,C++,C++14 (GCC 5.4.1),cpp,Accepted,1.0,256.0,740,
s179468981,p03805,u089230684,1488070984,C++,C++14 (GCC 5.4.1),cpp,Accepted,1.0,256.0,699,
s307286654,p03805,u089230684,1488065091,C++,C++14 (GCC 5.4.1),cpp,Accepted,1.0,256.0,760,
s432126344,p03805,u089230684,1488064203,C++,C++14 (GCC 5.4.1),cpp,Accepted,1.0,384.0,1000,
s780516216,p03805,u089230684,1488063516,C++,C++14 (GCC 5.4.1),cpp,Accepted,1.0,256.0,621,
s640124626,p03805,u089230684,1488061660,C++,C++14 (GCC 5.4.1),cpp,Accepted,1.0,128.0,632,
s870084295,p03805,u089230684,1488057867,C++,C++14 (GCC 5.4.1),cpp,Accepted,1.0,128.0,742,
s664867211,p03805,u010733367,1488048914,C++,C++14 (GCC 5.4.1),cpp,Accepted,3.0,384.0,1499,
s421222882,p03805,u886545507,1488035130,Python,Python (2.7.6),py,Accepted,30.0,7924.0,348,
s087443558,p03805,u964221938,1488015453,C++,C++14 (GCC 5.4.1),cpp,Accepted,5.0,512.0,772,
s003848580,p03805,u560907487,1487997692,C++,C++14 (GCC 5.4.1),cpp,Accepted,1.0,256.0,690,
s930232993,p03805,u339355165,1487996897,C++,C++14 (GCC 5.4.1),cpp,Accepted,1.0,256.0,350,
s135605695,p03805,u478388818,1487992637,C++,C++14 (GCC 5.4.1),cpp,Accepted,1.0,256.0,749,
s449864432,p03805,u745087332,1487805248,Python,Python (2.7.6),py,Accepted,21.0,2696.0,591,
s672789717,p03805,u526532903,1487728012,C++,C++14 (GCC 5.4.1),cpp,Accepted,2.0,256.0,892,
s805001479,p03805,u211710805,1487724839,C++,C++14 (GCC 5.4.1),cpp,Accepted,26.0,256.0,946,
s717298704,p03805,u301556725,1487717905,C++,C++14 (GCC 5.4.1),cpp,Accepted,2.0,256.0,784,
s602670308,p03805,u936034336,1487591793,C++,C++14 (GCC 5.4.1),cpp,Accepted,1.0,256.0,2779,
s090721732,p03805,u888266533,1487549219,C++,C++14 (GCC 5.4.1),cpp,Accepted,1.0,256.0,1158,
s766307746,p03805,u375523145,1487542562,C++,C++14 (GCC 5.4.1),cpp,Accepted,1.0,128.0,1497,
s086640487,p03805,u252805217,1487540260,Python,Python (3.4.3),py,Accepted,24.0,3064.0,485,
s819727891,p03805,u010004797,1487539001,C++,C++14 (GCC 5.4.1),cpp,Accepted,1.0,256.0,1233,
s101600246,p03805,u247015032,1487505907,Python,Python (3.4.3),py,Accepted,33.0,3064.0,519,
s972658971,p03805,u625998290,1487487580,C++,C++14 (GCC 5.4.1),cpp,Accepted,2.0,256.0,901,
s381878863,p03805,u714564133,1487469379,C++,C++14 (GCC 5.4.1),cpp,Accepted,6.0,764.0,745,
s319572904,p03805,u504103417,1487465662,C++,C++14 (GCC 5.4.1),cpp,Accepted,1.0,256.0,400,
s098024353,p03805,u130483775,1487458646,C++,C++14 (GCC 5.4.1),cpp,Accepted,1.0,256.0,796,
s845091548,p03805,u076428621,1487455348,C++,C++14 (GCC 5.4.1),cpp,Accepted,2.0,256.0,995,
s697398082,p03805,u111849942,1487455067,C++,C++14 (GCC 5.4.1),cpp,Accepted,1.0,256.0,491,
s024252843,p03805,u566864240,1487444828,C++,C++14 (GCC 5.4.1),cpp,Accepted,2.0,256.0,1404,
s376825928,p03805,u793339159,1487430087,C++,C++14 (GCC 5.4.1),cpp,Accepted,1.0,256.0,785,
s177103382,p03805,u424270557,1487413540,C++,C++14 (GCC 5.4.1),cpp,Accepted,5.0,768.0,431,
s434708382,p03805,u981861542,1487408339,C++,C++14 (GCC 5.4.1),cpp,Accepted,1.0,256.0,619,
s345269845,p03805,u471289663,1487406515,C++,C++14 (GCC 5.4.1),cpp,Accepted,1.0,256.0,963,
s146963203,p03805,u471289663,1487406468,C++,C++14 (GCC 5.4.1),cpp,Accepted,2.0,256.0,966,
s713408005,p03805,u471289663,1487406020,C++,C++14 (GCC 5.4.1),cpp,Accepted,1.0,256.0,981,
s035718726,p03805,u748871552,1487396335,C++,C++14 (GCC 5.4.1),cpp,Accepted,1.0,256.0,1955,
s715247483,p03805,u726905855,1487390980,Python,Python (3.4.3),py,Accepted,37.0,3064.0,489,
s767390917,p03805,u777923818,1487371437,Python,Python (3.4.3),py,Accepted,96.0,5232.0,627,
s056124411,p03805,u276726767,1487324817,C++,C++14 (GCC 5.4.1),cpp,Accepted,1.0,128.0,583,
s720376638,p03805,u844177429,1487303606,C++,C++14 (GCC 5.4.1),cpp,Accepted,4.0,640.0,1455,
s276666552,p03805,u132940890,1487289206,C++,C++14 (GCC 5.4.1),cpp,Accepted,1.0,256.0,575,
s988556949,p03805,u389055093,1487288823,C++,C++ (Clang 3.8.0),cpp,Accepted,2.0,256.0,1536,
s808016038,p03805,u389055093,1487288779,C++,C++14 (Clang 3.8.0),cpp,Accepted,7.0,888.0,1536,
s798678004,p03805,u830842621,1487288591,C++,C++ (Clang 3.8.0),cpp,Accepted,1.0,256.0,1587,
s214121314,p03805,u695267175,1487288270,C++,C++14 (GCC 5.4.1),cpp,Accepted,1.0,256.0,676,
s507003634,p03805,u085430333,1487288057,C++,C++14 (GCC 5.4.1),cpp,Accepted,2.0,256.0,1044,
s159811724,p03805,u222745664,1487283916,C++,C++14 (GCC 5.4.1),cpp,Accepted,1.0,256.0,1046,
s265526900,p03805,u795689468,1487283332,C++,C++14 (GCC 5.4.1),cpp,Accepted,2.0,256.0,871,
s183547417,p03805,u501494053,1487274186,C++,C++14 (GCC 5.4.1),cpp,Accepted,1.0,256.0,595,
s631717092,p03805,u379559362,1487218659,Python,Python (3.4.3),py,Accepted,41.0,3064.0,922,
s713252514,p03805,u059234158,1487214813,C++,C++14 (GCC 5.4.1),cpp,Accepted,1.0,256.0,892,
s687333354,p03805,u098572984,1487206681,Python,Python (3.4.3),py,Accepted,103.0,3444.0,1396,
s413914308,p03805,u615817983,1487195144,Python,Python (2.7.6),py,Accepted,25.0,2692.0,496,
s093826955,p03805,u815524843,1487193857,C++,C++14 (GCC 5.4.1),cpp,Accepted,3.0,256.0,492,
s076700013,p03805,u067226246,1487180069,C++,C++14 (GCC 5.4.1),cpp,Accepted,3.0,256.0,789,
s987566349,p03805,u424967964,1487149032,C++,C++ (GCC 5.4.1),cpp,Accepted,4.0,256.0,604,
s425117940,p03805,u834777932,1487129752,C++,C++14 (GCC 5.4.1),cpp,Accepted,3.0,256.0,4683,
s977090608,p03805,u972669913,1487124339,Python,Python (2.7.6),py,Accepted,48.0,2948.0,494,
s820230311,p03805,u226963522,1487122200,C++,C++14 (GCC 5.4.1),cpp,Accepted,3.0,256.0,605,
s550601841,p03805,u393971002,1487120890,Python,Python (3.4.3),py,Accepted,44.0,3064.0,841,
s796125420,p03805,u233602244,1487119306,C++,C++14 (GCC 5.4.1),cpp,Accepted,3.0,256.0,1881,
s033655082,p03805,u630233620,1487117203,C++,C++14 (GCC 5.4.1),cpp,Accepted,3.0,256.0,1143,
s134103873,p03805,u373844230,1487116199,C++,C++14 (GCC 5.4.1),cpp,Accepted,5.0,256.0,1075,
s200776416,p03805,u758766851,1487113061,C++,C++14 (GCC 5.4.1),cpp,Accepted,3.0,256.0,4278,
s688696038,p03805,u373844230,1487111962,C++,C++14 (GCC 5.4.1),cpp,Accepted,6.0,256.0,847,
s057799121,p03805,u143818694,1487111571,C++,C++14 (GCC 5.4.1),cpp,Accepted,3.0,256.0,969,
s624300298,p03805,u120810144,1487107313,C++,C++14 (GCC 5.4.1),cpp,Accepted,3.0,256.0,1315,
s043541705,p03805,u024612773,1487090974,Python,Python (3.4.3),py,Accepted,31.0,3064.0,399,
s763249399,p03805,u707053380,1487089031,C++,C++14 (GCC 5.4.1),cpp,Accepted,3.0,256.0,800,
s880625632,p03805,u495319009,1487086085,C++,C++14 (GCC 5.4.1),cpp,Accepted,4.0,512.0,695,
s141801820,p03805,u705597901,1487084213,C++,C++14 (GCC 5.4.1),cpp,Accepted,18.0,12032.0,4034,
s876008196,p03805,u016612263,1487081860,C++,C++14 (GCC 5.4.1),cpp,Accepted,3.0,256.0,658,
s553331016,p03805,u622395341,1487047616,C++,C++14 (GCC 5.4.1),cpp,Accepted,3.0,256.0,1713,
s902253752,p03805,u979920726,1487039819,C++,C++14 (GCC 5.4.1),cpp,Accepted,4.0,256.0,1165,
s014572743,p03805,u643371376,1487038911,C++,C++14 (GCC 5.4.1),cpp,Accepted,4.0,256.0,833,
s581763240,p03805,u759266806,1487029503,C++,C++14 (GCC 5.4.1),cpp,Accepted,3.0,256.0,1283,
s766008581,p03805,u125031511,1487029341,C++,C++14 (GCC 5.4.1),cpp,Accepted,3.0,256.0,930,
s367673265,p03805,u087485980,1487029036,C++,C++14 (GCC 5.4.1),cpp,Accepted,3.0,256.0,530,
s792304608,p03805,u373844230,1487027952,C++,C++14 (GCC 5.4.1),cpp,Accepted,3.0,256.0,523,
s950595327,p03805,u889725830,1487025133,C++,C++14 (GCC 5.4.1),cpp,Accepted,3.0,384.0,564,
s773802623,p03805,u979920726,1487024895,C++,C++14 (GCC 5.4.1),cpp,Accepted,3.0,256.0,990,
s550300587,p03805,u530406081,1487024397,C++,C++14 (GCC 5.4.1),cpp,Accepted,3.0,256.0,926,
s938310460,p03805,u982653403,1487022221,Python,Python (3.4.3),py,Accepted,30.0,3064.0,529,
s401897655,p03805,u294283114,1487021355,C++,C++14 (GCC 5.4.1),cpp,Accepted,3.0,256.0,652,
s317852702,p03805,u287632390,1487018734,C++,C++14 (GCC 5.4.1),cpp,Accepted,2.0,128.0,627,
s517914465,p03805,u805944761,1487015531,Python,Python (2.7.6),py,Accepted,26.0,2692.0,830,
s582915177,p03805,u158395161,1487008363,C++,C++14 (GCC 5.4.1),cpp,Accepted,3.0,256.0,665,
s672366497,p03805,u934105772,1487002037,C++,C++14 (GCC 5.4.1),cpp,Accepted,3.0,256.0,1101,
s636334878,p03805,u966695411,1486998585,Python,Python (3.4.3),py,Accepted,48.0,3064.0,278,
s153977246,p03805,u332385682,1486980200,Python,Python (3.4.3),py,Accepted,26.0,3192.0,981,
s772158290,p03805,u213117974,1486980183,C++,C++14 (GCC 5.4.1),cpp,Accepted,3.0,256.0,1037,
s138823673,p03805,u332385682,1486978249,Python,Python (3.4.3),py,Accepted,29.0,3188.0,939,
s613555632,p03805,u226464773,1486976850,C++,C++14 (GCC 5.4.1),cpp,Accepted,50.0,35584.0,1749,
s674773450,p03805,u332385682,1486975095,Python,Python (3.4.3),py,Accepted,41.0,3188.0,963,
s154450877,p03805,u660656117,1486969262,C++,C++14 (GCC 5.4.1),cpp,Accepted,4.0,256.0,1679,
s487349570,p03805,u858748695,1486962736,C++,C++14 (GCC 5.4.1),cpp,Accepted,3.0,256.0,658,
s838344867,p03805,u365077014,1486961785,C++,C++14 (GCC 5.4.1),cpp,Accepted,4.0,256.0,979,
s016520026,p03805,u189052108,1486961042,C++,C++14 (GCC 5.4.1),cpp,Accepted,3.0,256.0,726,
s639566048,p03805,u434747175,1486958851,C++,C++14 (GCC 5.4.1),cpp,Accepted,4.0,256.0,1440,
s413594177,p03805,u996252264,1486957779,Python,Python (3.4.3),py,Accepted,37.0,3064.0,431,
s879771159,p03805,u261965335,1486952893,C++,C++14 (GCC 5.4.1),cpp,Accepted,3.0,256.0,1334,
s131929839,p03805,u307227472,1486952681,C++,C++14 (GCC 5.4.1),cpp,Accepted,3.0,256.0,636,
s680011341,p03805,u781091740,1486947209,C++,C++14 (GCC 5.4.1),cpp,Accepted,3.0,256.0,502,
s324023610,p03805,u619026946,1486945922,C++,C++14 (GCC 5.4.1),cpp,Accepted,5.0,256.0,1333,
s114409431,p03805,u591295155,1486945078,C++,C++14 (GCC 5.4.1),cpp,Accepted,3.0,256.0,2230,
s167701941,p03805,u411352860,1486942260,C++,C++14 (GCC 5.4.1),cpp,Accepted,3.0,256.0,632,
s033260384,p03805,u087698257,1486941251,C++,C++14 (GCC 5.4.1),cpp,Accepted,3.0,256.0,1033,
s688517665,p03805,u632513996,1486938998,C++,C++14 (GCC 5.4.1),cpp,Accepted,3.0,256.0,940,
s751321288,p03805,u063020782,1486936665,C++,C++14 (GCC 5.4.1),cpp,Accepted,3.0,256.0,672,
s923774755,p03805,u249895018,1486936645,C++,C++ (GCC 5.4.1),cpp,Accepted,3.0,256.0,806,
s111303050,p03805,u553623615,1486934840,C++,C++14 (GCC 5.4.1),cpp,Accepted,3.0,256.0,705,
s813943180,p03805,u032865163,1486933427,C++,C++14 (GCC 5.4.1),cpp,Accepted,11.0,256.0,2155,
s691573964,p03805,u283229916,1486931940,C++,C++14 (GCC 5.4.1),cpp,Accepted,3.0,256.0,529,
s279401341,p03805,u093170535,1486931473,C++,C++14 (GCC 5.4.1),cpp,Accepted,3.0,256.0,415,
s485387759,p03805,u093170535,1486930795,C++,C++14 (GCC 5.4.1),cpp,Accepted,3.0,256.0,441,
s911454696,p03805,u636614373,1486928236,C++,C++14 (GCC 5.4.1),cpp,Accepted,3.0,256.0,2591,
s448399466,p03805,u275447658,1486926839,C++,C++14 (GCC 5.4.1),cpp,Accepted,4.0,256.0,782,
s145147215,p03805,u596276291,1486924939,Python,Python (3.4.3),py,Accepted,32.0,3316.0,580,
s388784760,p03805,u141378465,1486924088,C++,C++14 (GCC 5.4.1),cpp,Accepted,3.0,256.0,552,
s286475312,p03805,u912359563,1486923788,C++,C++14 (GCC 5.4.1),cpp,Accepted,3.0,256.0,768,
s597579993,p03805,u482544950,1486922038,C++,C++14 (GCC 5.4.1),cpp,Accepted,3.0,256.0,817,
s533766564,p03805,u468262978,1486921470,C++,C++14 (GCC 5.4.1),cpp,Accepted,2.0,128.0,757,
s707139257,p03805,u012251824,1486918571,C++,C++14 (GCC 5.4.1),cpp,Accepted,3.0,256.0,660,
s454052208,p03805,u749576000,1486918269,Python,Python (3.4.3),py,Accepted,35.0,3064.0,1139,
s910153973,p03805,u012251824,1486917450,C++,C++14 (GCC 5.4.1),cpp,Accepted,3.0,256.0,683,
s246539747,p03805,u721481043,1486916501,C++,C++14 (GCC 5.4.1),cpp,Accepted,5.0,256.0,1418,
s367460302,p03805,u637175065,1486914275,Python,Python (3.4.3),py,Accepted,56.0,5420.0,744,
s861007537,p03805,u466062134,1486912786,C++,C++14 (GCC 5.4.1),cpp,Accepted,3.0,256.0,1779,
s612469309,p03805,u029888376,1486900071,C++,C++14 (GCC 5.4.1),cpp,Accepted,3.0,256.0,1219,
s784024676,p03805,u572468811,1486899750,C++,C++14 (GCC 5.4.1),cpp,Accepted,3.0,256.0,1241,
s337850544,p03805,u029888376,1486899700,C++,C++14 (GCC 5.4.1),cpp,Accepted,3.0,256.0,1310,
s069504301,p03805,u014413712,1486895103,C++,C++14 (GCC 5.4.1),cpp,Accepted,3.0,256.0,824,
s886238333,p03805,u163703551,1486893260,Python,Python (3.4.3),py,Accepted,36.0,3188.0,535,
s030244798,p03805,u572468811,1486891566,C++,C++14 (GCC 5.4.1),cpp,Accepted,3.0,256.0,1463,
s207586901,p03805,u631007830,1486891091,C++,C++14 (GCC 5.4.1),cpp,Accepted,3.0,256.0,993,
s387219128,p03805,u744779253,1486888959,C++,C++14 (GCC 5.4.1),cpp,Accepted,3.0,256.0,1032,
s733985873,p03805,u631007830,1486888629,C++,C++14 (GCC 5.4.1),cpp,Accepted,4.0,384.0,1106,
s787063961,p03805,u210440747,1486885803,Python,Python (3.4.3),py,Accepted,264.0,18160.0,885,
s286216868,p03805,u987564901,1486883436,C++,C++14 (GCC 5.4.1),cpp,Accepted,3.0,256.0,788,
s511290773,p03805,u455505352,1486882530,C++,C++14 (GCC 5.4.1),cpp,Accepted,3.0,256.0,1102,
s365576391,p03805,u946747875,1486882351,C++,C++14 (GCC 5.4.1),cpp,Accepted,5.0,2560.0,727,
s479865596,p03805,u782516204,1486881450,C++,C++14 (GCC 5.4.1),cpp,Accepted,3.0,256.0,651,
s380172747,p03805,u744314647,1486880882,C++,C++14 (GCC 5.4.1),cpp,Accepted,3.0,384.0,1260,
s269007973,p03805,u979649250,1486880461,C++,C++14 (GCC 5.4.1),cpp,Accepted,3.0,256.0,451,
s491956094,p03805,u088764266,1486879634,C++,C++14 (GCC 5.4.1),cpp,Accepted,4.0,256.0,729,
s653117384,p03805,u628047647,1486879216,C++,C++14 (GCC 5.4.1),cpp,Accepted,3.0,256.0,972,
s941513103,p03805,u918357423,1486877897,C++,C++14 (GCC 5.4.1),cpp,Accepted,3.0,256.0,924,
s285378270,p03805,u961867404,1486877259,C++,C++14 (GCC 5.4.1),cpp,Accepted,3.0,256.0,1925,
s846794047,p03805,u572012381,1486876339,C++,C++14 (GCC 5.4.1),cpp,Accepted,3.0,256.0,2487,
s336284338,p03805,u397933464,1486875823,Python,Python (2.7.6),py,Accepted,29.0,2696.0,544,
s889504083,p03805,u882868478,1486874315,C++,C++14 (GCC 5.4.1),cpp,Accepted,3.0,256.0,550,
s380737303,p03805,u221758210,1486874178,C++,C++14 (GCC 5.4.1),cpp,Accepted,3.0,256.0,4136,
s396601368,p03805,u371524083,1486874150,C++,C++14 (GCC 5.4.1),cpp,Accepted,3.0,256.0,678,
s657659404,p03805,u966695411,1486874146,Python,Python (3.4.3),py,Accepted,53.0,3064.0,301,
s868145214,p03805,u063020782,1486873601,C++,C++14 (GCC 5.4.1),cpp,Accepted,3.0,256.0,600,
s488497506,p03805,u752161277,1486873543,C++,C++14 (GCC 5.4.1),cpp,Accepted,3.0,256.0,549,
s030825116,p03805,u752161277,1486873452,C++,C++14 (GCC 5.4.1),cpp,Accepted,3.0,256.0,561,
s081464439,p03805,u683044142,1486873146,C++,C++14 (GCC 5.4.1),cpp,Accepted,3.0,256.0,835,
s231767854,p03805,u122451018,1486873091,C++,C++14 (GCC 5.4.1),cpp,Accepted,3.0,256.0,1569,
s760352202,p03805,u244646068,1486873051,C++,C++14 (GCC 5.4.1),cpp,Accepted,2.0,128.0,779,
s645164855,p03805,u244646068,1486873051,C++,C++14 (GCC 5.4.1),cpp,Accepted,2.0,128.0,779,
s608181145,p03805,u575639416,1486872573,C++,C++14 (GCC 5.4.1),cpp,Accepted,3.0,256.0,1257,
s552511164,p03805,u851965109,1486872360,C++,C++14 (GCC 5.4.1),cpp,Accepted,3.0,256.0,637,
s161325865,p03805,u415314003,1486872312,C++,C++14 (GCC 5.4.1),cpp,Accepted,9.0,256.0,792,
s022669232,p03805,u566864240,1486871587,C++,C++14 (GCC 5.4.1),cpp,Accepted,3.0,384.0,1376,
s055008001,p03805,u229621546,1486871479,C++,C++14 (GCC 5.4.1),cpp,Accepted,2.0,128.0,864,
s612800864,p03805,u980067871,1486871417,C++,C++14 (GCC 5.4.1),cpp,Accepted,1.0,256.0,1646,
s678964797,p03805,u923213006,1486871275,C++,C++14 (GCC 5.4.1),cpp,Accepted,1.0,256.0,722,
s590768498,p03805,u581337384,1486871172,C++,C++14 (GCC 5.4.1),cpp,Accepted,1.0,128.0,535,
s697961921,p03805,u105791541,1486870807,C++,C++14 (GCC 5.4.1),cpp,Accepted,2.0,256.0,1356,
s940423368,p03805,u318334550,1486870792,C++,C++14 (GCC 5.4.1),cpp,Accepted,3.0,256.0,1208,
s287056793,p03805,u553070003,1486870749,Python,Python (3.4.3),py,Accepted,41.0,4084.0,846,
s692800460,p03805,u455505352,1486870515,C++,C++14 (GCC 5.4.1),cpp,Accepted,7.0,256.0,1190,
s926139092,p03805,u762603420,1486870502,Python,Python (3.4.3),py,Accepted,33.0,3064.0,1057,
s271662591,p03805,u785421275,1486870453,C++,C++ (GCC 5.4.1),cpp,Accepted,1.0,128.0,609,
s883654521,p03805,u185649488,1486870403,C++,C++14 (GCC 5.4.1),cpp,Accepted,2.0,384.0,2437,
s652094163,p03805,u411352860,1486870370,C++,C++14 (GCC 5.4.1),cpp,Accepted,1.0,256.0,653,
s452075155,p03805,u595329648,1486870326,C++,C++14 (GCC 5.4.1),cpp,Accepted,8.0,256.0,1660,
s598610289,p03805,u196360708,1486870311,C++,C++14 (GCC 5.4.1),cpp,Accepted,3.0,256.0,768,
s853733100,p03805,u012251824,1486870281,C++,C++14 (GCC 5.4.1),cpp,Accepted,1.0,256.0,513,
s046690687,p03805,u582243208,1486870059,Python,Python (3.4.3),py,Accepted,30.0,3064.0,487,
s234481264,p03805,u823112986,1486869980,C++,C++14 (GCC 5.4.1),cpp,Accepted,2.0,256.0,879,
s269246091,p03805,u314057689,1486869898,Python,Python (3.4.3),py,Accepted,923.0,3544.0,1082,
s974045975,p03805,u722708893,1486869828,C++,C++14 (GCC 5.4.1),cpp,Accepted,5.0,256.0,1334,
s708626815,p03805,u783675879,1486869823,C++,C++14 (Clang 3.8.0),cpp,Accepted,14.0,2048.0,2578,
s120117646,p03805,u878708956,1486869788,C++,C++ (GCC 5.4.1),cpp,Accepted,1.0,256.0,495,
s806847507,p03805,u367191289,1486869779,C++,C++14 (GCC 5.4.1),cpp,Accepted,2.0,256.0,1238,
s696960881,p03805,u583826716,1486869717,Python,Python (3.4.3),py,Accepted,180.0,3572.0,694,
s601873094,p03805,u908537729,1486869713,C++,C++14 (GCC 5.4.1),cpp,Accepted,1.0,256.0,614,
s142106394,p03805,u029876051,1486869602,C++,C++14 (GCC 5.4.1),cpp,Accepted,1.0,256.0,1122,
s271937091,p03805,u156163787,1486869582,Python,Python (3.4.3),py,Accepted,29.0,3060.0,263,
s562892206,p03805,u193001831,1486869552,C++,C++14 (GCC 5.4.1),cpp,Accepted,28.0,256.0,842,
s385958358,p03805,u471289663,1486869367,C++,C++14 (GCC 5.4.1),cpp,Accepted,11.0,256.0,1078,
s056736602,p03805,u794250528,1486869362,Python,Python (3.4.3),py,Accepted,47.0,3316.0,591,
s026901777,p03805,u493610446,1486869337,C++,C++14 (GCC 5.4.1),cpp,Accepted,1.0,256.0,909,
s263831949,p03805,u418896625,1486869319,C++,C++14 (GCC 5.4.1),cpp,Accepted,1.0,256.0,656,
s832666038,p03805,u565438743,1486869315,C++,C++ (GCC 5.4.1),cpp,Accepted,1.0,128.0,657,
s221963740,p03805,u473040387,1486869295,C++,C++14 (GCC 5.4.1),cpp,Accepted,1.0,256.0,878,
s501440011,p03805,u379457973,1486869247,C++,C++14 (GCC 5.4.1),cpp,Accepted,3.0,512.0,2551,
s130129443,p03805,u546700081,1486869245,Python,Python (2.7.6),py,Accepted,141.0,2696.0,755,
s627505370,p03805,u679261681,1486869219,C++,C++14 (GCC 5.4.1),cpp,Accepted,1.0,128.0,718,
s371690190,p03805,u492926158,1486869192,C++,C++14 (GCC 5.4.1),cpp,Accepted,2.0,256.0,662,
s076539676,p03805,u818416628,1486869134,C++,C++14 (GCC 5.4.1),cpp,Accepted,3.0,256.0,976,
s034199212,p03805,u862090921,1486869064,C++,C++14 (GCC 5.4.1),cpp,Accepted,1.0,256.0,671,
s959843745,p03805,u481326771,1486869055,C++,C++14 (GCC 5.4.1),cpp,Accepted,9.0,2364.0,1781,
s303451873,p03805,u705857870,1486869014,C++,C++ (GCC 5.4.1),cpp,Accepted,1.0,512.0,856,
s656457426,p03805,u025655715,1486869007,C++,C++14 (GCC 5.4.1),cpp,Accepted,1.0,256.0,673,
s401981562,p03805,u831695469,1486868991,C++,C++14 (GCC 5.4.1),cpp,Accepted,2.0,256.0,1764,
s969401289,p03805,u657913472,1486868943,C++,C++14 (GCC 5.4.1),cpp,Accepted,1.0,256.0,493,
s351758005,p03805,u866746776,1486868933,Python,Python (3.4.3),py,Accepted,23.0,3064.0,561,
s746555336,p03805,u721980697,1486868896,C++,C++14 (GCC 5.4.1),cpp,Accepted,1.0,256.0,659,
s768548078,p03805,u821802586,1486868877,C++,C++14 (GCC 5.4.1),cpp,Accepted,1.0,256.0,5443,
s043958909,p03805,u777468981,1486868834,C++,C++14 (GCC 5.4.1),cpp,Accepted,2.0,256.0,499,
s894480086,p03805,u265249432,1486868831,C++,C++14 (GCC 5.4.1),cpp,Accepted,1.0,256.0,968,
s789921468,p03805,u568652083,1486868819,C++,C++14 (GCC 5.4.1),cpp,Accepted,2.0,256.0,3742,
s575426828,p03805,u806779763,1486868810,C++,C++14 (GCC 5.4.1),cpp,Accepted,1.0,256.0,491,
s461952577,p03805,u994355615,1486868773,C++,C++14 (GCC 5.4.1),cpp,Accepted,2.0,128.0,992,
s483920641,p03805,u333917945,1486868729,C++,C++14 (GCC 5.4.1),cpp,Accepted,2.0,256.0,1038,
s044527308,p03805,u724732243,1486868650,C++,C++14 (GCC 5.4.1),cpp,Accepted,1.0,256.0,642,
s861018210,p03805,u123756661,1486868625,Python,PyPy3 (2.4.0),py,Accepted,190.0,41200.0,477,
s067727138,p03805,u019489252,1486868592,C++,C++14 (GCC 5.4.1),cpp,Accepted,1.0,256.0,373,
s165425486,p03805,u836644468,1486868579,C++,C++14 (GCC 5.4.1),cpp,Accepted,1.0,256.0,760,
s104058885,p03805,u705091734,1486868548,C++,C++14 (GCC 5.4.1),cpp,Accepted,5.0,256.0,932,
s466538666,p03805,u352499693,1486868544,C++,C++14 (GCC 5.4.1),cpp,Accepted,5.0,256.0,678,
s897849043,p03805,u713023102,1486868544,Python,Python (2.7.6),py,Accepted,172.0,2696.0,645,
s671624613,p03805,u215860196,1486868528,C++,C++14 (GCC 5.4.1),cpp,Accepted,1.0,256.0,723,
s300908239,p03805,u509674552,1486868473,C++,C++14 (GCC 5.4.1),cpp,Accepted,6.0,256.0,585,
s177279596,p03805,u251795354,1486868384,C++,C++14 (GCC 5.4.1),cpp,Accepted,1.0,256.0,1253,
s264059638,p03805,u925042673,1486868359,C++,C++14 (GCC 5.4.1),cpp,Accepted,1.0,256.0,805,
s126019690,p03805,u670575468,1486868328,C++,C++14 (GCC 5.4.1),cpp,Accepted,3.0,256.0,1309,
s192706125,p03805,u733823138,1486868303,C++,C++14 (GCC 5.4.1),cpp,Accepted,1.0,256.0,693,
s175987197,p03805,u265881782,1486868266,Python,Python (3.4.3),py,Accepted,26.0,3064.0,400,
s313296753,p03805,u739518661,1486868257,C++,C++14 (GCC 5.4.1),cpp,Accepted,2.0,256.0,799,
s314113054,p03805,u036907329,1486868232,C++,C++14 (GCC 5.4.1),cpp,Accepted,1.0,256.0,3097,
s057877880,p03805,u660613376,1486868232,C++,C++14 (GCC 5.4.1),cpp,Accepted,1.0,128.0,1116,
s104345735,p03805,u310790595,1486868215,C++,C++14 (GCC 5.4.1),cpp,Accepted,1.0,256.0,998,
s152826981,p03805,u886956383,1486868183,C++,C++14 (GCC 5.4.1),cpp,Accepted,1.0,256.0,699,
s583793658,p03805,u515019830,1486868149,C++,C++14 (GCC 5.4.1),cpp,Accepted,2.0,256.0,624,
s239304293,p03805,u081275802,1486868125,C++,C++14 (GCC 5.4.1),cpp,Accepted,1.0,256.0,1052,
s599333378,p03805,u360980679,1486868125,C++,C++14 (GCC 5.4.1),cpp,Accepted,1.0,256.0,1440,
s325900007,p03805,u140621697,1486868096,C++,C++14 (GCC 5.4.1),cpp,Accepted,1.0,256.0,863,
s786085738,p03805,u443010331,1486868085,C++,C++14 (GCC 5.4.1),cpp,Accepted,1.0,256.0,2346,
s346642200,p03805,u714564133,1486868074,C++,C++14 (GCC 5.4.1),cpp,Accepted,1.0,256.0,849,
s277635829,p03805,u292974252,1486868057,C++,C++14 (GCC 5.4.1),cpp,Accepted,1.0,256.0,695,
s735837385,p03805,u734835154,1486868051,C++,C++14 (GCC 5.4.1),cpp,Accepted,1.0,256.0,937,
s692636667,p03805,u790554406,1486868038,C++,C++14 (GCC 5.4.1),cpp,Accepted,1.0,256.0,646,
s219184335,p03805,u852158538,1486867917,C++,C++14 (GCC 5.4.1),cpp,Accepted,2.0,256.0,759,
s293155953,p03805,u699347638,1486867915,Python,Python (3.4.3),py,Accepted,88.0,3064.0,714,
s727071605,p03805,u942169544,1486867913,C++,C++ (GCC 5.4.1),cpp,Accepted,1.0,256.0,610,
s362868670,p03805,u468700753,1486867910,C++,C++14 (GCC 5.4.1),cpp,Accepted,3.0,512.0,1111,
s209009814,p03805,u246064085,1486867876,C++,C++14 (GCC 5.4.1),cpp,Accepted,1.0,256.0,638,
s367557170,p03805,u834771741,1486867871,C++,C++14 (GCC 5.4.1),cpp,Accepted,11.0,256.0,1907,
s000493953,p03805,u640496019,1486867770,C++,C++14 (GCC 5.4.1),cpp,Accepted,1.0,256.0,477,
s881169086,p03805,u288466617,1486867760,C++,C++14 (GCC 5.4.1),cpp,Accepted,3.0,256.0,884,
s325621318,p03805,u023463844,1486867721,C++,C++14 (GCC 5.4.1),cpp,Accepted,1.0,128.0,922,
s785190717,p03805,u981966125,1486867680,C++,C++14 (GCC 5.4.1),cpp,Accepted,1.0,256.0,787,
s272357335,p03805,u125046593,1486867676,C++,C++14 (GCC 5.4.1),cpp,Accepted,1.0,256.0,1271,
s472435675,p03805,u759663933,1486867633,C++,C++14 (GCC 5.4.1),cpp,Accepted,1.0,256.0,772,
s532870801,p03805,u184598095,1486867601,C++,C++14 (GCC 5.4.1),cpp,Accepted,13.0,256.0,1283,
s554125755,p03805,u863507492,1486867578,C++,C++14 (GCC 5.4.1),cpp,Accepted,2.0,256.0,737,
s420296373,p03805,u535773602,1486867572,C++,C++14 (GCC 5.4.1),cpp,Accepted,2.0,256.0,795,
s919170313,p03805,u144334330,1486867566,C++,C++14 (GCC 5.4.1),cpp,Accepted,4.0,640.0,2255,
s068833132,p03805,u197650109,1486867557,C++,C++14 (GCC 5.4.1),cpp,Accepted,1.0,256.0,828,
s353541596,p03805,u828732026,1486867539,C++,C++14 (GCC 5.4.1),cpp,Accepted,1.0,128.0,1334,
s742108391,p03805,u607034173,1486867444,C++,C++14 (GCC 5.4.1),cpp,Accepted,3.0,256.0,1360,
s137404763,p03805,u696805736,1486867444,Python,Python (3.4.3),py,Accepted,27.0,3064.0,561,
s861290835,p03805,u361560644,1486867416,C++,C++14 (GCC 5.4.1),cpp,Accepted,1.0,256.0,1677,
s934387087,p03805,u425351967,1486867372,Python,Python (3.4.3),py,Accepted,27.0,3064.0,502,
s071603401,p03805,u017167684,1486867357,C++,C++14 (GCC 5.4.1),cpp,Accepted,2.0,256.0,673,
s653339339,p03805,u065683101,1486867354,Python,Python (3.4.3),py,Accepted,51.0,4084.0,574,
s405487810,p03805,u613067277,1486867340,C++,C++14 (GCC 5.4.1),cpp,Accepted,2.0,256.0,906,
s550100835,p03805,u590241855,1486867331,Python,Python (3.4.3),py,Accepted,24.0,3064.0,454,
s837245947,p03805,u812515043,1486867324,C++,C++14 (GCC 5.4.1),cpp,Accepted,1.0,256.0,1404,
s334431437,p03805,u545022164,1486867219,C++,C++14 (GCC 5.4.1),cpp,Accepted,1.0,256.0,1196,
s155848373,p03805,u918357423,1486867194,C++,C++14 (GCC 5.4.1),cpp,Accepted,1.0,256.0,996,
s125806363,p03805,u570522509,1486867147,C++,C++14 (GCC 5.4.1),cpp,Accepted,2.0,256.0,1080,
s025097657,p03805,u744779253,1486867125,C++,C++14 (GCC 5.4.1),cpp,Accepted,1.0,256.0,1032,
s893560868,p03805,u804209422,1486867114,C++,C++14 (GCC 5.4.1),cpp,Accepted,1.0,256.0,1488,
s384988714,p03805,u443228893,1486867108,C++,C++14 (GCC 5.4.1),cpp,Accepted,4.0,256.0,744,
s950246990,p03805,u384943573,1486867086,C++,C++14 (GCC 5.4.1),cpp,Accepted,2.0,256.0,986,
s633006395,p03805,u807834520,1486867082,C++,C++14 (GCC 5.4.1),cpp,Accepted,1.0,256.0,1695,
s484374797,p03805,u795878034,1486867074,C++,C++14 (GCC 5.4.1),cpp,Accepted,2.0,384.0,992,
s098005076,p03805,u402629484,1486867066,Python,Python (3.4.3),py,Accepted,27.0,3064.0,584,
s114212696,p03805,u466314585,1486867042,C++,C++14 (GCC 5.4.1),cpp,Accepted,7.0,256.0,1280,
s916443725,p03805,u553623615,1486867025,C++,C++14 (GCC 5.4.1),cpp,Accepted,2.0,256.0,753,
s243480158,p03805,u198355306,1486867013,C++,C++14 (GCC 5.4.1),cpp,Accepted,1.0,256.0,2354,
s675721106,p03805,u602150942,1486867010,C++,C++14 (GCC 5.4.1),cpp,Accepted,1.0,256.0,1187,
s746895200,p03805,u619903269,1486866995,C++,C++14 (GCC 5.4.1),cpp,Accepted,1.0,128.0,868,
s320419977,p03805,u360564214,1486866966,C++,C++14 (GCC 5.4.1),cpp,Accepted,1.0,256.0,1148,
s009482894,p03805,u272028993,1486866954,Python,PyPy2 (5.6.0),py,Accepted,49.0,32620.0,468,
s478503795,p03805,u603164373,1486866944,C++,C++14 (GCC 5.4.1),cpp,Accepted,1.0,256.0,1359,
s160832784,p03805,u573800593,1486866935,C++,C++14 (GCC 5.4.1),cpp,Accepted,1.0,256.0,570,
s119087111,p03805,u107077660,1486866916,Python,Python (3.4.3),py,Accepted,41.0,3064.0,406,
s686952654,p03805,u810735437,1486866914,C++,C++14 (Clang 3.8.0),cpp,Accepted,8.0,888.0,1293,
s695041525,p03805,u079330987,1486866908,C++,C++14 (GCC 5.4.1),cpp,Accepted,5.0,256.0,2382,
s722682038,p03805,u524343822,1486866889,C++,C++14 (GCC 5.4.1),cpp,Accepted,1.0,256.0,571,
s852715719,p03805,u022488946,1486866866,Python,PyPy2 (5.6.0),py,Accepted,68.0,33180.0,575,
s019011838,p03805,u078016678,1486866856,C++,C++14 (GCC 5.4.1),cpp,Accepted,1.0,256.0,403,
s115235960,p03805,u258647915,1486866855,Python,Python (3.4.3),py,Accepted,36.0,3064.0,520,
s497764445,p03805,u516828244,1486866836,C++,C++14 (GCC 5.4.1),cpp,Accepted,2.0,256.0,1289,
s492865328,p03805,u561578310,1486866833,C++,C++14 (GCC 5.4.1),cpp,Accepted,1.0,256.0,7706,
s469456439,p03805,u717074010,1486866829,C++,C++14 (GCC 5.4.1),cpp,Accepted,1.0,256.0,509,
s076913215,p03805,u149032155,1486866825,C++,C++14 (GCC 5.4.1),cpp,Accepted,1.0,256.0,883,
s172039007,p03805,u041733737,1486866813,C++,C++14 (GCC 5.4.1),cpp,Accepted,1.0,256.0,1781,
s277734382,p03805,u412270772,1486866812,C++,C++14 (GCC 5.4.1),cpp,Accepted,1.0,256.0,408,
s849732689,p03805,u624800360,1486866791,C++,C++14 (GCC 5.4.1),cpp,Accepted,1.0,256.0,978,
s521270643,p03805,u155216115,1486866779,C++,C++14 (GCC 5.4.1),cpp,Accepted,2.0,256.0,720,
s532757550,p03805,u601070043,1486866776,C++,C++14 (GCC 5.4.1),cpp,Accepted,2.0,256.0,1580,
s805554764,p03805,u429978706,1486866773,C++,C++14 (GCC 5.4.1),cpp,Accepted,1.0,256.0,993,
s878260546,p03805,u926636247,1486866762,C++,C++14 (GCC 5.4.1),cpp,Accepted,1.0,256.0,654,
s951715617,p03805,u509661905,1486866760,Python,Python (3.4.3),py,Accepted,26.0,3064.0,635,
s832997752,p03805,u604651650,1486866730,C++,C++14 (GCC 5.4.1),cpp,Accepted,2.0,256.0,977,
s063679418,p03805,u174107621,1486866729,C++,C++14 (GCC 5.4.1),cpp,Accepted,1.0,256.0,539,
s848812424,p03805,u653058866,1486866714,C++,C++14 (GCC 5.4.1),cpp,Accepted,2.0,256.0,1062,
s251807487,p03805,u344425917,1486866667,C++,C++14 (GCC 5.4.1),cpp,Accepted,1.0,256.0,1269,
s884777393,p03805,u202619899,1486866645,Python,Python (3.4.3),py,Accepted,18.0,3064.0,560,
s833720570,p03805,u156163787,1486866633,Python,Python (3.4.3),py,Accepted,33.0,3064.0,308,
s177908160,p03805,u103900453,1486866596,C++,C++14 (GCC 5.4.1),cpp,Accepted,3.0,256.0,936,
s629846869,p03805,u842401785,1486866594,C++,C++14 (GCC 5.4.1),cpp,Accepted,1.0,256.0,881,
s114847857,p03805,u942697937,1486866588,Python,Python (2.7.6),py,Accepted,33.0,2812.0,419,
s306079432,p03805,u333198421,1486866568,C++,C++14 (GCC 5.4.1),cpp,Accepted,1.0,256.0,620,
s435492104,p03805,u723297297,1486866561,C++,C++14 (GCC 5.4.1),cpp,Accepted,1.0,384.0,896,
s793157793,p03805,u934019430,1486866560,Python,Python (3.4.3),py,Accepted,49.0,5460.0,615,
s516984826,p03805,u330623252,1486866544,C++,C++14 (GCC 5.4.1),cpp,Accepted,1.0,256.0,1017,
s385506669,p03805,u631271972,1486866534,C++,C++14 (GCC 5.4.1),cpp,Accepted,3.0,256.0,1404,
s936188524,p03805,u718469895,1486866533,C++,C++14 (GCC 5.4.1),cpp,Accepted,1.0,256.0,748,
s336426358,p03805,u581807854,1486866529,C++,C++14 (GCC 5.4.1),cpp,Accepted,2.0,256.0,683,
s247211198,p03805,u705597901,1486866523,C++,C++14 (GCC 5.4.1),cpp,Accepted,2.0,2304.0,4054,
s186842798,p03805,u079132749,1486866523,C++,C++14 (GCC 5.4.1),cpp,Accepted,1.0,256.0,1079,
s565093646,p03805,u568652083,1486866521,C++,C++14 (GCC 5.4.1),cpp,Accepted,532.0,256.0,2226,
s385529103,p03805,u977652465,1486866517,C++,C++14 (GCC 5.4.1),cpp,Accepted,3.0,256.0,1113,
s367625663,p03805,u870307668,1486866512,C++,C++14 (GCC 5.4.1),cpp,Accepted,1.0,256.0,1921,
s773470772,p03805,u752161277,1486866506,C++,C++14 (GCC 5.4.1),cpp,Accepted,1.0,256.0,579,
s443454088,p03805,u036411476,1486866497,C++,C++14 (GCC 5.4.1),cpp,Accepted,1.0,256.0,758,
s812285445,p03805,u451748673,1486866497,C++,C++14 (GCC 5.4.1),cpp,Accepted,1.0,256.0,788,
s905009639,p03805,u234413973,1486866495,C++,C++14 (GCC 5.4.1),cpp,Accepted,1.0,256.0,645,
s828608506,p03805,u250996767,1486866492,C++,C++14 (GCC 5.4.1),cpp,Accepted,2.0,256.0,1481,
s843444506,p03805,u985443069,1486866478,Python,Python (3.4.3),py,Accepted,24.0,3064.0,622,
s581337477,p03805,u241716904,1486866474,C++,C++14 (GCC 5.4.1),cpp,Accepted,1.0,256.0,845,
s022430173,p03805,u688370833,1486866451,C++,C++14 (GCC 5.4.1),cpp,Accepted,2.0,1024.0,2200,
s905007172,p03805,u543657872,1486866444,C++,C++14 (GCC 5.4.1),cpp,Accepted,5.0,256.0,1109,
s347063852,p03805,u387110752,1486866441,C++,C++14 (GCC 5.4.1),cpp,Accepted,1.0,256.0,1910,
s806618660,p03805,u118139836,1486866438,C++,C++14 (GCC 5.4.1),cpp,Accepted,1.0,256.0,2905,
s260363453,p03805,u214085642,1486866420,C++,C++14 (GCC 5.4.1),cpp,Accepted,1.0,256.0,837,
s482863733,p03805,u298026919,1486866412,C++,C++14 (GCC 5.4.1),cpp,Accepted,6.0,768.0,922,
s384082557,p03805,u794573819,1486866405,C++,C++14 (GCC 5.4.1),cpp,Accepted,1.0,256.0,975,
s032380539,p03805,u391944680,1486866353,C++,C++14 (GCC 5.4.1),cpp,Accepted,1.0,256.0,503,
s153911342,p03805,u230265105,1486866334,C++,C++14 (GCC 5.4.1),cpp,Accepted,1.0,256.0,531,
s300041862,p03805,u830842621,1486866319,C++,C++14 (GCC 5.4.1),cpp,Accepted,1.0,256.0,2231,
s443239111,p03805,u378419207,1486866317,C++,C++14 (GCC 5.4.1),cpp,Accepted,1.0,256.0,1116,
s207330067,p03805,u846729660,1486866315,C++,C++14 (GCC 5.4.1),cpp,Accepted,1.0,256.0,2312,
s026913432,p03805,u737250838,1486866308,C++,C++14 (GCC 5.4.1),cpp,Accepted,1.0,256.0,791,
s184084007,p03805,u670672659,1486866307,C++,C++14 (GCC 5.4.1),cpp,Accepted,1.0,256.0,648,
s843359398,p03805,u620921501,1486866287,C++,C++14 (GCC 5.4.1),cpp,Accepted,3.0,2560.0,1646,
s859678606,p03805,u673823726,1486866279,C++,C++14 (GCC 5.4.1),cpp,Accepted,1.0,256.0,3032,
s297453736,p03805,u608794390,1486866278,C++,C++14 (GCC 5.4.1),cpp,Accepted,1.0,256.0,5557,
s072548601,p03805,u360240951,1486866263,C++,C++14 (GCC 5.4.1),cpp,Accepted,1.0,256.0,948,
s195281416,p03805,u264988903,1486866253,C++,C++14 (GCC 5.4.1),cpp,Accepted,1.0,256.0,1504,
s957189804,p03805,u841215059,1486866245,C++,C++14 (GCC 5.4.1),cpp,Accepted,1.0,256.0,2073,
s279524262,p03805,u433219236,1486866239,C++,C++14 (GCC 5.4.1),cpp,Accepted,2.0,256.0,676,
s313011205,p03805,u219804689,1486866237,C++,C++14 (GCC 5.4.1),cpp,Accepted,1.0,128.0,828,
s261207318,p03805,u029876051,1486866231,C++,C++14 (GCC 5.4.1),cpp,Accepted,1.0,256.0,1303,
s766528610,p03805,u133129810,1486866231,C++,C++14 (GCC 5.4.1),cpp,Accepted,1.0,256.0,2334,
s163933583,p03805,u904936298,1486866228,C++,C++14 (GCC 5.4.1),cpp,Accepted,1.0,256.0,916,
s408449802,p03805,u968834127,1486866222,C++,C++14 (GCC 5.4.1),cpp,Accepted,1.0,256.0,582,
s535042149,p03805,u383263796,1486866212,C++,C++14 (GCC 5.4.1),cpp,Accepted,1.0,256.0,742,
s098764982,p03805,u433530866,1486866210,C++,C++14 (GCC 5.4.1),cpp,Accepted,2.0,256.0,976,
s270698772,p03805,u231928431,1486866198,C++,C++14 (GCC 5.4.1),cpp,Accepted,1.0,256.0,819,
s363871902,p03805,u940850666,1486866193,C++,C++14 (GCC 5.4.1),cpp,Accepted,1.0,256.0,1874,
s440877705,p03805,u798441421,1486866185,C++,C++14 (GCC 5.4.1),cpp,Accepted,1.0,256.0,964,
s965190509,p03805,u922034315,1486866183,C++,C++14 (Clang 3.8.0),cpp,Accepted,8.0,888.0,1871,
s150679439,p03805,u500496457,1486866183,C++,C++14 (Clang 3.8.0),cpp,Accepted,1.0,256.0,1450,
s566932493,p03805,u397355629,1486866181,C++,C++14 (GCC 5.4.1),cpp,Accepted,1.0,256.0,1581,
s997412383,p03805,u233367006,1486866173,C++,C++14 (GCC 5.4.1),cpp,Accepted,2.0,256.0,581,
s606826768,p03805,u986399983,1486866165,C++,C++14 (GCC 5.4.1),cpp,Accepted,3.0,256.0,969,
s188820590,p03805,u783174124,1486866161,C++,C++14 (GCC 5.4.1),cpp,Accepted,1.0,256.0,750,
s226673466,p03805,u496004050,1486866142,C++,C++14 (GCC 5.4.1),cpp,Accepted,1.0,128.0,378,
s269648184,p03805,u728472449,1486866137,C++,C++14 (GCC 5.4.1),cpp,Accepted,1.0,256.0,1928,
s689449736,p03805,u378667182,1486866134,C++,C++14 (GCC 5.4.1),cpp,Accepted,1.0,256.0,1568,
s101065243,p03805,u620922351,1486866131,C++,C++14 (GCC 5.4.1),cpp,Accepted,1.0,256.0,1138,
s952788637,p03805,u478870821,1486866129,Python,Python (3.4.3),py,Accepted,207.0,3828.0,572,
s368541497,p03805,u753982487,1486866124,C++,C++14 (GCC 5.4.1),cpp,Accepted,1.0,256.0,769,
s843914656,p03805,u703805376,1486866120,C++,C++14 (GCC 5.4.1),cpp,Accepted,1.0,256.0,1339,
s518087415,p03805,u003223716,1486866119,C++,C++14 (GCC 5.4.1),cpp,Accepted,1.0,256.0,505,
s924153836,p03805,u145301301,1486866092,C++,C++14 (GCC 5.4.1),cpp,Accepted,1.0,256.0,562,
s076296316,p03805,u366676780,1486866076,C++,C++14 (GCC 5.4.1),cpp,Accepted,2.0,256.0,1023,
s541089154,p03805,u797623740,1486866076,C++,C++14 (GCC 5.4.1),cpp,Accepted,11.0,29952.0,1112,
s048769061,p03805,u504945969,1486866067,C++,C++14 (GCC 5.4.1),cpp,Accepted,2.0,256.0,1956,
s254872947,p03805,u696805736,1486866051,Python,Python (3.4.3),py,Accepted,27.0,3064.0,639,
s567846645,p03805,u882868478,1486866050,C++,C++14 (GCC 5.4.1),cpp,Accepted,1.0,256.0,680,
s742656094,p03805,u052873655,1486866040,C++,C++ (GCC 5.4.1),cpp,Accepted,1.0,256.0,904,
s647919502,p03805,u467590184,1486866028,C++,C++14 (GCC 5.4.1),cpp,Accepted,1.0,256.0,2012,
s074023788,p03805,u261886891,1486866020,C++,C++14 (GCC 5.4.1),cpp,Accepted,1.0,256.0,881,
s436291422,p03805,u653280732,1486866011,C++,C++14 (GCC 5.4.1),cpp,Accepted,1.0,128.0,609,
s254198673,p03805,u552668967,1486866007,C++,C++14 (GCC 5.4.1),cpp,Accepted,1.0,256.0,634,
s347976535,p03805,u442833431,1486865985,C++,C++14 (GCC 5.4.1),cpp,Accepted,1.0,256.0,1378,
s575653711,p03805,u910288980,1486865954,C++,C++14 (GCC 5.4.1),cpp,Accepted,1.0,256.0,1124,
s719087840,p03805,u687214625,1486865951,C++,C++14 (GCC 5.4.1),cpp,Accepted,4.0,768.0,763,
s977640677,p03805,u614550445,1486865950,Python,Python (3.4.3),py,Accepted,28.0,3064.0,516,
s197812042,p03805,u795689468,1486865946,C++,C++14 (GCC 5.4.1),cpp,Accepted,2.0,256.0,891,
s716669412,p03805,u295617748,1486865929,C++,C++14 (GCC 5.4.1),cpp,Accepted,1.0,256.0,783,
s392057602,p03805,u586175587,1486865926,C++,C++14 (GCC 5.4.1),cpp,Accepted,1.0,256.0,515,
s095480781,p03805,u764076797,1486865923,C++,C++14 (GCC 5.4.1),cpp,Accepted,2.0,256.0,1248,
s531940644,p03805,u154228546,1486865921,C++,C++14 (GCC 5.4.1),cpp,Accepted,1.0,256.0,1091,
s085783204,p03805,u903254500,1486865890,C++,C++14 (GCC 5.4.1),cpp,Accepted,1.0,384.0,864,
s666804571,p03805,u693386219,1486865889,C++,C++14 (GCC 5.4.1),cpp,Accepted,2.0,256.0,1374,
s277751308,p03805,u049095189,1486865884,C++,C++14 (GCC 5.4.1),cpp,Accepted,1.0,256.0,2075,
s819186114,p03805,u252102891,1486865883,C++,C++14 (GCC 5.4.1),cpp,Accepted,1.0,256.0,1036,
s465850226,p03805,u332385682,1486865872,Python,Python (3.4.3),py,Accepted,25.0,3064.0,758,
s735270336,p03805,u491248379,1486865857,C++,C++14 (GCC 5.4.1),cpp,Accepted,1.0,256.0,772,
s769051822,p03805,u106733072,1486865846,C++,C++14 (GCC 5.4.1),cpp,Accepted,2.0,256.0,1129,
s867011492,p03805,u220114950,1486865836,C++,C++14 (GCC 5.4.1),cpp,Accepted,1.0,256.0,598,
s610346526,p03805,u263633696,1486865835,C++,C++14 (GCC 5.4.1),cpp,Accepted,1.0,256.0,795,
s924874631,p03805,u151855078,1486865830,C++,C++14 (GCC 5.4.1),cpp,Accepted,1.0,256.0,697,
s933346989,p03805,u039623862,1486865829,Python,Python (3.4.3),py,Accepted,28.0,3064.0,528,
s879047521,p03805,u521272340,1486865811,C++,C++14 (GCC 5.4.1),cpp,Accepted,2.0,256.0,1375,
s173004368,p03805,u817722036,1486865795,C++,C++14 (Clang 3.8.0),cpp,Accepted,1.0,256.0,1077,
s446807767,p03805,u846271630,1486865780,C++,C++14 (GCC 5.4.1),cpp,Accepted,1.0,256.0,880,
s731962104,p03805,u560301081,1486865758,C++,C++14 (GCC 5.4.1),cpp,Accepted,1.0,256.0,520,
s743299202,p03805,u534072205,1486865753,C++,C++14 (GCC 5.4.1),cpp,Accepted,1.0,256.0,565,
s480691616,p03805,u078907766,1486865746,C++,C++14 (GCC 5.4.1),cpp,Accepted,2.0,256.0,909,
s842842061,p03805,u335911190,1486865743,C++,C++14 (GCC 5.4.1),cpp,Accepted,2.0,256.0,940,
s259728790,p03805,u469820989,1486865740,C++,C++14 (GCC 5.4.1),cpp,Accepted,1.0,256.0,586,
s722647928,p03805,u274463010,1486865740,C++,C++ (GCC 5.4.1),cpp,Accepted,1.0,256.0,484,
s042367027,p03805,u613658617,1486865736,C++,C++14 (GCC 5.4.1),cpp,Accepted,1.0,256.0,1115,
s548249092,p03805,u563862009,1486865722,C++,C++14 (GCC 5.4.1),cpp,Accepted,1.0,256.0,742,
s272300422,p03805,u418568023,1486865715,C++,C++14 (GCC 5.4.1),cpp,Accepted,1.0,256.0,723,
s174927533,p03805,u503549962,1486865712,C++,C++14 (GCC 5.4.1),cpp,Accepted,1.0,256.0,462,
s689578534,p03805,u141848505,1486865707,C++,C++14 (GCC 5.4.1),cpp,Accepted,1.0,256.0,827,
s437981889,p03805,u591343832,1486865704,C++,C++14 (GCC 5.4.1),cpp,Accepted,1.0,256.0,5106,
s177090615,p03805,u471797506,1486865701,Python,Python (2.7.6),py,Accepted,31.0,4392.0,552,
s156963216,p03805,u932038818,1486865699,C++,C++14 (GCC 5.4.1),cpp,Accepted,1.0,256.0,814,
s325226455,p03805,u733618878,1486865690,C++,C++14 (GCC 5.4.1),cpp,Accepted,5.0,256.0,798,
s051592279,p03805,u541410431,1486865672,C++,C++14 (GCC 5.4.1),cpp,Accepted,1.0,256.0,721,
s494744066,p03805,u224477171,1486865667,C++,C++14 (GCC 5.4.1),cpp,Accepted,1.0,256.0,1495,
s567663471,p03805,u045939752,1486865667,Python,Python (3.4.3),py,Accepted,28.0,3064.0,429,
s346703036,p03805,u226155577,1486865666,Python,Python (2.7.6),py,Accepted,13.0,2696.0,517,
s337806464,p03805,u564084899,1486865658,C++,C++14 (GCC 5.4.1),cpp,Accepted,1.0,256.0,813,
s842460406,p03805,u961932331,1486865655,C++,C++14 (GCC 5.4.1),cpp,Accepted,20.0,128.0,541,
s418269135,p03805,u676042970,1486865645,C++,C++14 (GCC 5.4.1),cpp,Accepted,1.0,256.0,860,
s664286110,p03805,u745250049,1486865625,C++,C++14 (GCC 5.4.1),cpp,Accepted,1.0,256.0,1451,
s434021506,p03805,u149667584,1486865625,C++,C++14 (GCC 5.4.1),cpp,Accepted,1.0,256.0,1472,
s331815568,p03805,u016572066,1486865619,C++,C++14 (GCC 5.4.1),cpp,Accepted,2.0,256.0,1143,
s332472284,p03805,u703511577,1486865618,C++,C++14 (GCC 5.4.1),cpp,Accepted,1.0,256.0,667,
s123628658,p03805,u779353743,1486865618,C++,C++14 (GCC 5.4.1),cpp,Accepted,1.0,256.0,606,
s066119962,p03805,u278868910,1486865610,C++,C++14 (GCC 5.4.1),cpp,Accepted,1.0,256.0,531,
s268179405,p03805,u184579862,1486865596,C++,C++14 (GCC 5.4.1),cpp,Accepted,1.0,256.0,739,
s556131589,p03805,u007446928,1486865587,C++,C++14 (GCC 5.4.1),cpp,Accepted,1.0,256.0,1102,
s683382698,p03805,u542392634,1486865582,C++,C++14 (GCC 5.4.1),cpp,Accepted,1.0,256.0,1335,
s957747047,p03805,u223822757,1486865579,C++,C++14 (GCC 5.4.1),cpp,Accepted,1.0,256.0,491,
s199230187,p03805,u805114384,1486865573,C++,C++14 (GCC 5.4.1),cpp,Accepted,1.0,256.0,1692,
s213899909,p03805,u450494974,1486865569,C++,C++14 (GCC 5.4.1),cpp,Accepted,1.0,256.0,1560,
s897160127,p03805,u346797129,1486865566,C++,C++14 (GCC 5.4.1),cpp,Accepted,1.0,256.0,896,
s139848347,p03805,u596276291,1486865555,Python,Python (3.4.3),py,Accepted,132.0,3444.0,572,
s980184834,p03805,u374099594,1486865554,Python,Python (2.7.6),py,Accepted,17.0,2568.0,340,
s224346058,p03805,u657930597,1486865542,C++,C++14 (GCC 5.4.1),cpp,Accepted,1.0,256.0,437,
s528176975,p03805,u076965618,1486865542,C++,C++14 (GCC 5.4.1),cpp,Accepted,1.0,256.0,1813,
s027761270,p03805,u864550097,1486865537,C++,C++14 (GCC 5.4.1),cpp,Accepted,1.0,256.0,628,
s871860826,p03805,u762921614,1486865527,C++,C++14 (GCC 5.4.1),cpp,Accepted,1.0,256.0,1126,
s712058698,p03805,u157796385,1486865516,C++,C++14 (GCC 5.4.1),cpp,Accepted,1.0,256.0,1920,
s535961443,p03805,u024265328,1486865511,C++,C++14 (GCC 5.4.1),cpp,Accepted,1.0,256.0,965,
s338870431,p03805,u251104445,1486865501,C++,C++14 (GCC 5.4.1),cpp,Accepted,1.0,256.0,472,
s331289689,p03805,u984730891,1486865484,C++,C++14 (GCC 5.4.1),cpp,Accepted,1.0,256.0,750,
s853168606,p03805,u484505863,1486865482,C++,C++14 (GCC 5.4.1),cpp,Accepted,1.0,256.0,1497,
s216206641,p03805,u147716701,1486865479,C++,C++14 (GCC 5.4.1),cpp,Accepted,5.0,256.0,2927,
s790273790,p03805,u119460590,1486865477,C++,C++14 (GCC 5.4.1),cpp,Accepted,2.0,256.0,1994,
s750656108,p03805,u582577761,1486865452,C++,C++14 (GCC 5.4.1),cpp,Accepted,1.0,256.0,2447,
s402838536,p03805,u075551644,1486865446,C++,C++14 (GCC 5.4.1),cpp,Accepted,1.0,256.0,4008,
s535147534,p03805,u628285884,1486865445,C++,C++14 (GCC 5.4.1),cpp,Accepted,1.0,256.0,1112,
s695173770,p03805,u830390742,1486865443,Python,Python (2.7.6),py,Accepted,17.0,2692.0,439,
s960322807,p03805,u588568850,1486865442,C++,C++14 (GCC 5.4.1),cpp,Accepted,1.0,256.0,1859,
s908583393,p03805,u903951856,1486865423,C++,C++14 (GCC 5.4.1),cpp,Accepted,1.0,256.0,1694,
s024199450,p03805,u391976963,1486865411,C++,C++14 (GCC 5.4.1),cpp,Accepted,1.0,256.0,752,
s905275004,p03805,u119714109,1486865406,Python,Python (3.4.3),py,Accepted,29.0,3064.0,435,
s439770735,p03805,u917944707,1486865405,C++,C++14 (GCC 5.4.1),cpp,Accepted,1.0,256.0,922,
s563968730,p03805,u708144505,1486865392,C++,C++14 (GCC 5.4.1),cpp,Accepted,1.0,256.0,1477,
s229582679,p03805,u596227625,1486865392,C++,C++14 (GCC 5.4.1),cpp,Accepted,34.0,256.0,864,
s754598629,p03805,u138213552,1486865386,C++,C++14 (GCC 5.4.1),cpp,Accepted,1.0,256.0,4435,
s549731090,p03805,u287015418,1486865359,C++,C++14 (GCC 5.4.1),cpp,Accepted,1.0,256.0,1539,
s569274807,p03805,u955723966,1486865355,C++,C++14 (GCC 5.4.1),cpp,Accepted,1.0,256.0,1043,
s232572425,p03805,u507615642,1486865346,C++,C++14 (GCC 5.4.1),cpp,Accepted,1.0,256.0,866,
s068908282,p03805,u807769665,1486865323,C++,C++14 (GCC 5.4.1),cpp,Accepted,1.0,256.0,850,
s557199570,p03805,u277541046,1486865306,C++,C++14 (GCC 5.4.1),cpp,Accepted,1.0,256.0,1265,
s313189740,p03805,u112723190,1486865270,C++,C++14 (GCC 5.4.1),cpp,Accepted,1.0,256.0,961,
s357580895,p03805,u653773478,1486865239,C++,C++14 (GCC 5.4.1),cpp,Accepted,1.0,256.0,834,
s067834411,p03805,u636185144,1486865219,C++,C++14 (GCC 5.4.1),cpp,Accepted,1.0,256.0,1142,
s107088091,p03805,u006493569,1486865176,C++,C++14 (GCC 5.4.1),cpp,Accepted,1.0,256.0,634,
s457869575,p03805,u462560753,1486865168,C++,C++14 (GCC 5.4.1),cpp,Accepted,1.0,256.0,1220,
s935733048,p03805,u452725238,1486865157,C++,C++14 (GCC 5.4.1),cpp,Accepted,1.0,256.0,1007,
s529205333,p03805,u685892567,1486865148,C++,C++14 (GCC 5.4.1),cpp,Accepted,1.0,256.0,935,
s892748179,p03805,u279196402,1486865088,C++,C++14 (GCC 5.4.1),cpp,Accepted,1.0,256.0,3826,
s392503594,p03805,u642276427,1486864979,C++,C++14 (GCC 5.4.1),cpp,Accepted,1.0,256.0,2416,
s149679014,p03805,u269175074,1486861545,C++,C++14 (GCC 5.4.1),cpp,Accepted,2.0,256.0,742,
