submission_id,problem_id,user_id,date,language,original_language,filename_ext,status,cpu_time,memory,code_size,accuracy
s932462923,p03937,u626337957,1601394979,Python,PyPy3 (7.3.0),py,Accepted,101.0,65040.0,692,
s928980317,p03937,u976940619,1601386070,C++,C++ (GCC 9.2.1),cpp,Accepted,7.0,3608.0,3793,
s133882246,p03937,u282898448,1601328515,C++,C++ (GCC 9.2.1),cpp,Accepted,6.0,3632.0,2632,
s782560724,p03937,u785573018,1601279151,Python,Python (3.8.2),py,Accepted,26.0,9180.0,847,
s078975740,p03937,u171336585,1601244218,C++,C++ (GCC 9.2.1),cpp,Accepted,9.0,3596.0,710,
s326018883,p03937,u326552320,1601234642,Python,Python (3.8.2),py,Accepted,41.0,9344.0,1407,
s507326927,p03937,u831314901,1601229730,C++,C++ (GCC 9.2.1),cpp,Accepted,8.0,3588.0,806,
s731301688,p03937,u198469037,1601212607,C++,C++ (GCC 9.2.1),cpp,Accepted,9.0,3608.0,912,
s615479835,p03937,u036104576,1601097309,Python,Python (3.8.2),py,Accepted,27.0,9464.0,1166,
s216727373,p03937,u764378605,1601080846,C++,C++ (GCC 9.2.1),cpp,Accepted,6.0,3592.0,516,
s201034009,p03937,u038537254,1601044988,C++,C++ (GCC 9.2.1),cpp,Accepted,10.0,3540.0,2919,
s674984075,p03937,u666550725,1601039624,Python,PyPy3 (7.3.0),py,Accepted,80.0,67264.0,552,
s188094263,p03937,u045547337,1601009283,C++,C++ (GCC 9.2.1),cpp,Accepted,9.0,3648.0,528,
s836063637,p03937,u683769494,1601006848,C++,C++ (GCC 9.2.1),cpp,Accepted,7.0,3632.0,1379,
s604301061,p03937,u667375816,1600996902,C++,C++ (GCC 9.2.1),cpp,Accepted,8.0,3640.0,771,
s812419198,p03937,u897135531,1600973003,C++,C++ (GCC 9.2.1),cpp,Accepted,8.0,3624.0,461,
s312006301,p03937,u054473438,1600966384,Python,Python (3.8.2),py,Accepted,30.0,9152.0,681,
s212473019,p03937,u247830763,1600940315,Python,Python (3.8.2),py,Accepted,26.0,9168.0,939,
s482699445,p03937,u758815106,1600925175,Python,Python (3.8.2),py,Accepted,29.0,9180.0,680,
s112818094,p03937,u816631826,1600909761,C++,C++ (GCC 9.2.1),cpp,Accepted,5.0,3784.0,858,
s658429820,p03937,u500376440,1600882170,Python,PyPy3 (7.3.0),py,Accepted,68.0,61876.0,201,
s994755363,p03937,u752774573,1600831914,Python,PyPy3 (7.3.0),py,Accepted,130.0,74664.0,412,
s902736853,p03937,u790949059,1600824477,C++,C++ (GCC 9.2.1),cpp,Accepted,7.0,3608.0,1972,
s891227497,p03937,u190761897,1600558843,C++,C++ (GCC 9.2.1),cpp,Accepted,23.0,3636.0,1372,
s276164092,p03937,u225777148,1600549032,C++,C++ (GCC 9.2.1),cpp,Accepted,7.0,3560.0,297,
s552808742,p03937,u953379577,1600548700,Python,Python (3.8.2),py,Accepted,28.0,9076.0,251,
s896488693,p03937,u942393279,1600547861,C++,C++ (GCC 9.2.1),cpp,Accepted,6.0,3668.0,6545,
s862279432,p03937,u921955618,1600547434,C++,C++ (GCC 9.2.1),cpp,Accepted,7.0,3616.0,6544,
s562311520,p03937,u760448331,1600546676,C++,C++ (GCC 9.2.1),cpp,Accepted,16.0,3628.0,16761,
s128563264,p03937,u606600497,1600504804,C++,C++ (GCC 9.2.1),cpp,Accepted,8.0,3652.0,504,
s666015335,p03937,u067694854,1600474634,C++,C++ (GCC 9.2.1),cpp,Accepted,6.0,3612.0,1153,
s299563605,p03937,u499062271,1600461291,C++,C++ (GCC 9.2.1),cpp,Accepted,4.0,3568.0,583,
s275771342,p03937,u771111729,1600425066,C++,C++ (GCC 9.2.1),cpp,Accepted,7.0,3564.0,489,
s470682175,p03937,u962330718,1600416902,Python,Python (3.8.2),py,Accepted,27.0,9152.0,539,
s282152678,p03937,u453055089,1600344000,Python,PyPy3 (7.3.0),py,Accepted,62.0,61796.0,378,
s077483394,p03937,u495667483,1600312329,Python,Python (3.8.2),py,Accepted,33.0,9496.0,526,
s015248778,p03937,u818755983,1600299546,C++,C++ (GCC 9.2.1),cpp,Accepted,6.0,3580.0,1658,
s089652738,p03937,u476068053,1600291322,Python,PyPy3 (7.3.0),py,Accepted,68.0,61704.0,1116,
s940631974,p03937,u721094090,1600227798,C++,C++ (GCC 9.2.1),cpp,Accepted,4.0,3632.0,1182,
s428626006,p03937,u659209756,1600211797,C++,C++ (GCC 9.2.1),cpp,Accepted,7.0,3624.0,655,
s973753170,p03937,u537852947,1600203331,C++,C++ (GCC 9.2.1),cpp,Accepted,7.0,3620.0,1129,
s980024027,p03937,u509516894,1600186613,C++,C++ (GCC 9.2.1),cpp,Accepted,6.0,3652.0,435,
s409248300,p03937,u987355664,1600128232,C++,C++ (GCC 9.2.1),cpp,Accepted,6.0,3740.0,322,
s077100783,p03937,u634046173,1600095712,Python,PyPy3 (7.3.0),py,Accepted,73.0,61860.0,137,
s426250412,p03937,u634046173,1600095556,Python,PyPy3 (7.3.0),py,Accepted,66.0,61836.0,294,
s148583351,p03937,u829484206,1600092074,C++,C++ (GCC 9.2.1),cpp,Accepted,6.0,3624.0,2315,
s128074190,p03937,u461513098,1600042238,Python,Python (3.8.2),py,Accepted,36.0,9208.0,704,
s772458321,p03937,u277236383,1600041162,Python,PyPy3 (7.3.0),py,Accepted,71.0,62036.0,414,
s627433570,p03937,u947236878,1600041062,C++,C++ (GCC 9.2.1),cpp,Accepted,9.0,3660.0,15188,
s530333841,p03937,u187516587,1600035637,Python,Python (3.8.2),py,Accepted,31.0,9164.0,446,
s190661131,p03937,u248670337,1600016075,Python,Python (3.8.2),py,Accepted,30.0,9180.0,246,
s305501749,p03937,u855831834,1600012820,Python,PyPy3 (7.3.0),py,Accepted,66.0,61996.0,573,
s409731534,p03937,u124498235,1600004123,Python,Python (3.8.2),py,Accepted,28.0,9168.0,179,
s202622680,p03937,u124498235,1600003940,Python,Python (3.8.2),py,Accepted,29.0,9248.0,538,
s945835447,p03937,u450089835,1599965405,C++,C++ (GCC 9.2.1),cpp,Accepted,9.0,3644.0,856,
s434425340,p03937,u230621983,1599964194,Python,Python (3.8.2),py,Accepted,31.0,9148.0,191,
s886557188,p03937,u878860128,1599964011,C++,C++ (GCC 9.2.1),cpp,Accepted,8.0,3644.0,1001,
s820911265,p03937,u583507988,1599929699,Python,Python (3.8.2),py,Accepted,27.0,9116.0,144,
s995163322,p03937,u492968387,1599867729,C++,C++ (GCC 9.2.1),cpp,Accepted,8.0,3624.0,1405,
s392259529,p03937,u261538386,1599863225,C++,C++ (GCC 9.2.1),cpp,Accepted,7.0,3616.0,2393,
s109672875,p03937,u468972478,1599836456,Python,Python (3.8.2),py,Accepted,26.0,9128.0,140,
s405282225,p03937,u411923565,1599783700,Python,Python (3.8.2),py,Accepted,30.0,9208.0,842,
s932522769,p03937,u776439373,1599683519,C++,C++ (GCC 9.2.1),cpp,Accepted,9.0,3620.0,1008,
s465541886,p03937,u746428948,1599676411,C++,C++ (GCC 9.2.1),cpp,Accepted,8.0,3648.0,557,
s655673405,p03937,u746428948,1599676224,C++,C++ (GCC 9.2.1),cpp,Accepted,8.0,3612.0,869,
s892415649,p03937,u277318398,1599575426,C++,C++ (GCC 9.2.1),cpp,Accepted,8.0,3612.0,414,
s640388065,p03937,u538125576,1599513011,C++,C++ (GCC 9.2.1),cpp,Accepted,9.0,3636.0,900,
s028273292,p03937,u050865477,1599444658,C++,C++ (GCC 9.2.1),cpp,Accepted,8.0,3636.0,3309,
s530538581,p03937,u394244719,1599427383,Python,Python (3.8.2),py,Accepted,30.0,9300.0,1628,
s340592874,p03937,u619557935,1599373337,C++,C++ (GCC 9.2.1),cpp,Accepted,8.0,3636.0,923,
s296574465,p03937,u132364782,1599286128,C++,C++ (GCC 9.2.1),cpp,Accepted,7.0,3576.0,675,
s578070543,p03937,u867826040,1599275475,C++,C++ (GCC 9.2.1),cpp,Accepted,7.0,3640.0,407,
s604100807,p03937,u867826040,1599275420,C++,C++ (GCC 9.2.1),cpp,Accepted,11.0,3632.0,406,
s943057647,p03937,u867826040,1599274580,Python,Python (3.8.2),py,Accepted,24.0,9112.0,139,
s335163751,p03937,u867826040,1599273359,Python,Python (3.8.2),py,Accepted,30.0,9268.0,704,
s801588989,p03937,u456353530,1599249214,Python,PyPy3 (7.3.0),py,Accepted,66.0,62104.0,624,
s408417647,p03937,u561231954,1599186903,C++,C++ (GCC 9.2.1),cpp,Accepted,10.0,3568.0,748,
s992962909,p03937,u896588506,1599166207,Python,PyPy3 (7.3.0),py,Accepted,103.0,68212.0,516,
s970400401,p03937,u936558609,1599154009,C++,C++ (GCC 9.2.1),cpp,Accepted,8.0,3624.0,874,
s255945268,p03937,u027630431,1599111805,C++,C++ (GCC 9.2.1),cpp,Accepted,6.0,3644.0,624,
s338945422,p03937,u020239256,1599075446,C++,C++ (GCC 9.2.1),cpp,Accepted,8.0,3608.0,606,
s826011752,p03937,u025469035,1599006294,C++,C++ (GCC 9.2.1),cpp,Accepted,9.0,3564.0,510,
s621292556,p03937,u562015767,1598996858,Python,PyPy3 (7.3.0),py,Accepted,72.0,61876.0,327,
s139147607,p03937,u367701763,1598992715,Python,PyPy3 (7.3.0),py,Accepted,66.0,61932.0,390,
s065487387,p03937,u327466606,1598992485,Python,PyPy3 (7.3.0),py,Accepted,62.0,61932.0,616,
s557479270,p03937,u915913072,1598929397,C++,C++ (GCC 9.2.1),cpp,Accepted,5.0,3732.0,583,
s469945902,p03937,u732578115,1598917590,C++,C++ (GCC 9.2.1),cpp,Accepted,4.0,3588.0,466,
s573707813,p03937,u748819456,1598885654,C++,C++ (GCC 9.2.1),cpp,Accepted,6.0,3636.0,1001,
s195357555,p03937,u978308810,1598837072,C++,C++ (GCC 9.2.1),cpp,Accepted,9.0,3620.0,1469,
s626668644,p03937,u450179832,1598815073,C++,C++ (GCC 9.2.1),cpp,Accepted,9.0,3604.0,747,
s635216667,p03937,u768347697,1598769710,C++,C++ (GCC 9.2.1),cpp,Accepted,8.0,3616.0,1639,
s350104166,p03937,u768347697,1598769574,C++,C++ (GCC 9.2.1),cpp,Accepted,7.0,3628.0,2151,
s413829119,p03937,u821251381,1598662632,Python,Python (3.8.2),py,Accepted,119.0,27152.0,148,
s545643612,p03937,u730499268,1598651363,C++,C++ (GCC 9.2.1),cpp,Accepted,8.0,3616.0,1373,
s629889204,p03937,u713574885,1598650792,C++,C++ (GCC 9.2.1),cpp,Accepted,8.0,3596.0,683,
s367457375,p03937,u654470292,1598644201,Python,PyPy3 (7.3.0),py,Accepted,85.0,69280.0,908,
s033612629,p03937,u554784585,1598637234,Python,Python (3.8.2),py,Accepted,27.0,9160.0,199,
s214280455,p03937,u214685595,1598575256,C++,C++ (GCC 9.2.1),cpp,Accepted,7.0,3600.0,1098,
s183269076,p03937,u185935459,1598471514,C++,C++ (GCC 9.2.1),cpp,Accepted,6.0,3596.0,772,
s907529071,p03937,u397496203,1598412316,Python,PyPy3 (7.3.0),py,Accepted,136.0,62032.0,530,
s281745813,p03937,u730769327,1598399148,Python,PyPy3 (7.3.0),py,Accepted,66.0,62000.0,462,
s700481461,p03937,u714642046,1598386516,C++,C++ (GCC 9.2.1),cpp,Accepted,6.0,3620.0,434,
s331970620,p03937,u633967774,1598361745,C++,C++ (GCC 9.2.1),cpp,Accepted,6.0,3644.0,1195,
s480246657,p03937,u070600790,1598323383,C++,C++ (GCC 9.2.1),cpp,Accepted,6.0,3616.0,2414,
s493279897,p03937,u981931040,1598308123,Python,Python (3.8.2),py,Accepted,27.0,9116.0,1010,
s208755425,p03937,u882098164,1598288191,C++,C++ (GCC 9.2.1),cpp,Accepted,9.0,3640.0,258,
s402925094,p03937,u349449706,1598252395,Python,PyPy3 (7.3.0),py,Accepted,63.0,62180.0,678,
s594022920,p03937,u991713078,1598249895,C++,C++ (GCC 9.2.1),cpp,Accepted,7.0,3576.0,618,
s328103364,p03937,u124605948,1598244658,Python,Python (3.8.2),py,Accepted,28.0,9156.0,439,
s953575420,p03937,u380491044,1598242139,C++,C++ (GCC 9.2.1),cpp,Accepted,11.0,3632.0,244,
s433658765,p03937,u757628628,1598239906,C++,C++ (GCC 9.2.1),cpp,Accepted,10.0,3616.0,3889,
s477848341,p03937,u289288647,1598238460,Python,Python (3.8.2),py,Accepted,34.0,9592.0,799,
s338563508,p03937,u150155436,1598212148,C++,C++ (GCC 9.2.1),cpp,Accepted,6.0,3588.0,747,
s529051672,p03937,u180716041,1598198352,C++,C++ (GCC 9.2.1),cpp,Accepted,12.0,3604.0,1009,
s740053818,p03937,u979944294,1598075294,C++,C++ (GCC 9.2.1),cpp,Accepted,6.0,3672.0,1293,
s608421521,p03937,u487530783,1598072047,C++,C++ (GCC 9.2.1),cpp,Accepted,10.0,3644.0,898,
s384189973,p03937,u476488060,1598064242,C++,C++ (GCC 9.2.1),cpp,Accepted,9.0,3620.0,697,
s618556559,p03937,u926046014,1598063325,C++,C++ (GCC 9.2.1),cpp,Accepted,7.0,3648.0,1461,
s906379399,p03937,u151236434,1598059831,C++,C++ (GCC 9.2.1),cpp,Accepted,10.0,3540.0,542,
s086627212,p03937,u477343425,1598029246,C++,C++ (GCC 9.2.1),cpp,Accepted,8.0,3608.0,333,
s161328900,p03937,u357751375,1598020398,Python,Python (3.8.2),py,Accepted,26.0,9164.0,164,
s197395215,p03937,u359856428,1598019962,C++,C++ (GCC 9.2.1),cpp,Accepted,6.0,3584.0,397,
s165102876,p03937,u228232845,1597977236,Python,Python (3.8.2),py,Accepted,28.0,9132.0,584,
s107728452,p03937,u321168841,1597975689,C++,C++ (GCC 9.2.1),cpp,Accepted,6.0,3620.0,331,
s848176699,p03937,u720447689,1597972175,C++,C++ (GCC 9.2.1),cpp,Accepted,8.0,3652.0,342,
s265801031,p03937,u478462004,1597887872,C++,C++ (GCC 9.2.1),cpp,Accepted,7.0,3576.0,735,
s935938964,p03937,u710877960,1597872974,C++,C++ (GCC 9.2.1),cpp,Accepted,6.0,3596.0,1395,
s866708227,p03937,u882039496,1597808559,C++,C++ (GCC 9.2.1),cpp,Accepted,6.0,3636.0,1633,
s563152245,p03937,u731886385,1597808492,C++,C++ (GCC 9.2.1),cpp,Accepted,6.0,3568.0,1338,
s799602298,p03937,u581403769,1597797825,Python,Python (3.8.2),py,Accepted,30.0,9072.0,287,
s172398392,p03937,u288035794,1597794151,C++,C++ (GCC 9.2.1),cpp,Accepted,7.0,3612.0,527,
s550581056,p03937,u728488418,1597786924,C++,C++ (GCC 9.2.1),cpp,Accepted,8.0,3656.0,1040,
s729750798,p03937,u733814820,1597714947,C++,C++ (GCC 9.2.1),cpp,Accepted,5.0,3644.0,1300,
s601037873,p03937,u733814820,1597714837,C++,C++ (GCC 9.2.1),cpp,Accepted,7.0,3628.0,1789,
s448225162,p03937,u731034732,1597701478,C++,C++ (GCC 9.2.1),cpp,Accepted,7.0,3700.0,814,
s986441565,p03937,u052649041,1597633110,C++,C++ (GCC 9.2.1),cpp,Accepted,8.0,3652.0,2141,
s808248559,p03937,u428199834,1597629157,Python,PyPy3 (7.3.0),py,Accepted,72.0,62036.0,290,
s849371408,p03937,u626891113,1597619197,Python,PyPy3 (7.3.0),py,Accepted,70.0,62080.0,458,
s281522434,p03937,u817769480,1597619007,C++,C++ (GCC 9.2.1),cpp,Accepted,6.0,3552.0,315,
s961113075,p03937,u682672120,1597612416,Python,PyPy3 (7.3.0),py,Accepted,65.0,61908.0,200,
s463361046,p03937,u537859408,1597611485,C++,C++ (GCC 9.2.1),cpp,Accepted,9.0,3644.0,876,
s496131482,p03937,u823855263,1597605547,C++,C++ (GCC 9.2.1),cpp,Accepted,12.0,3624.0,448,
s312436066,p03937,u823855263,1597604208,C++,C++ (GCC 9.2.1),cpp,Accepted,6.0,3644.0,1284,
s193363629,p03937,u901555384,1597592061,C++,C++ (GCC 9.2.1),cpp,Accepted,7.0,3636.0,1551,
s408332247,p03937,u735528230,1597584607,C++,C++ (GCC 9.2.1),cpp,Accepted,7.0,3632.0,361,
s195343890,p03937,u576335153,1597539371,Python,Python (3.8.2),py,Accepted,37.0,9192.0,235,
s908645388,p03937,u412408615,1597532244,C++,C++ (GCC 9.2.1),cpp,Accepted,9.0,3632.0,863,
s076215627,p03937,u708255304,1597526708,Python,Python (3.8.2),py,Accepted,34.0,9468.0,1369,
s190861862,p03937,u409306788,1597503308,Python,Python (3.8.2),py,Accepted,449.0,13720.0,645,
s180744420,p03937,u616360029,1597483113,C++,C++ (GCC 9.2.1),cpp,Accepted,9.0,3652.0,1785,
s723140396,p03937,u480938608,1597469327,C++,C++ (GCC 9.2.1),cpp,Accepted,7.0,3600.0,458,
s899195660,p03937,u614181788,1597450001,Python,Python (3.8.2),py,Accepted,30.0,9236.0,631,
s428965794,p03937,u418810472,1597388425,C++,C++ (GCC 9.2.1),cpp,Accepted,17.0,3612.0,1660,
s614167553,p03937,u201304522,1597377858,C++,C++ (GCC 9.2.1),cpp,Accepted,8.0,3640.0,931,
s387448517,p03937,u201928947,1597369815,Python,PyPy3 (7.3.0),py,Accepted,64.0,62088.0,469,
s178615625,p03937,u509420256,1597368620,C++,C++ (GCC 9.2.1),cpp,Accepted,8.0,3640.0,863,
s201799713,p03937,u190580703,1597354443,C++,C++ (GCC 9.2.1),cpp,Accepted,8.0,3624.0,2917,
s401687491,p03937,u762160119,1597343822,C++,C++ (GCC 9.2.1),cpp,Accepted,6.0,3592.0,1093,
s600181693,p03937,u697690147,1597306506,Python,Python (3.8.2),py,Accepted,26.0,9032.0,849,
s482045029,p03937,u368796742,1597286724,Python,Python (3.8.2),py,Accepted,30.0,9204.0,406,
s680461536,p03937,u192154323,1597264751,Python,Python (3.8.2),py,Accepted,109.0,9288.0,836,
s021780986,p03937,u794128896,1597250644,C++,C++ (GCC 9.2.1),cpp,Accepted,8.0,3760.0,559,
s671940266,p03937,u970198631,1597244982,Python,Python (3.8.2),py,Accepted,31.0,9124.0,259,
s256108514,p03937,u501451051,1597197870,Python,Python (3.8.2),py,Accepted,30.0,9076.0,175,
s206916816,p03937,u201660334,1597186802,Python,Python (3.8.2),py,Accepted,34.0,9488.0,694,
s240741515,p03937,u108617242,1597183069,Python,PyPy3 (7.3.0),py,Accepted,106.0,61700.0,386,
s305918640,p03937,u075303794,1597171743,Python,Python (3.8.2),py,Accepted,32.0,9208.0,420,
s047395057,p03937,u536034761,1597167846,Python,Python (3.8.2),py,Accepted,28.0,9168.0,172,
s904809539,p03937,u600480888,1597117353,C++,C++ (GCC 9.2.1),cpp,Accepted,5.0,3628.0,300,
s924472307,p03937,u892487306,1597114603,Python,Python (3.8.2),py,Accepted,32.0,9444.0,1466,
s384378684,p03937,u054016199,1597101327,C++,C++ (GCC 9.2.1),cpp,Accepted,10.0,3596.0,420,
s407006697,p03937,u202581681,1597098237,C++,C++ (GCC 9.2.1),cpp,Accepted,5.0,3640.0,389,
s211443425,p03937,u175426149,1597097147,C++,C++ (GCC 9.2.1),cpp,Accepted,8.0,3592.0,382,
s261651269,p03937,u175426149,1597095955,C++,C++ (GCC 9.2.1),cpp,Accepted,6.0,3604.0,888,
s684875855,p03937,u212502386,1597080905,Python,Python (3.8.2),py,Accepted,28.0,9208.0,580,
s458616239,p03937,u651235280,1597077460,C++,C++ (GCC 9.2.1),cpp,Accepted,8.0,3624.0,801,
s598045327,p03937,u970267139,1597044713,Python,Python (3.8.2),py,Accepted,31.0,9060.0,233,
s820005946,p03937,u660341491,1597030970,C++,C++ (GCC 9.2.1),cpp,Accepted,9.0,3624.0,497,
s445364744,p03937,u110996038,1597011156,C++,C++ (GCC 9.2.1),cpp,Accepted,7.0,3596.0,1498,
s504754636,p03937,u158677249,1596945143,C++,C++ (GCC 9.2.1),cpp,Accepted,8.0,3548.0,217,
s705287241,p03937,u772652499,1596944224,C++,C++ (GCC 9.2.1),cpp,Accepted,7.0,3604.0,552,
s143250776,p03937,u037563046,1596936173,C++,C++ (GCC 9.2.1),cpp,Accepted,5.0,3624.0,8176,
s932441297,p03937,u844895214,1596928865,Python,Python (3.8.2),py,Accepted,28.0,9052.0,443,
s089293380,p03937,u895382169,1596925771,C++,C++ (GCC 9.2.1),cpp,Accepted,12.0,3620.0,2627,
s211739769,p03937,u425762225,1596854263,Python,Python (3.8.2),py,Accepted,32.0,9228.0,643,
s769140849,p03937,u500376440,1596837538,Python,Python (3.8.2),py,Accepted,28.0,9148.0,268,
s707273056,p03937,u462329577,1596813021,Python,Python (3.8.2),py,Accepted,29.0,9076.0,755,
s157019157,p03937,u282807996,1596753623,C++,C++ (GCC 9.2.1),cpp,Accepted,6.0,3648.0,428,
s023655493,p03937,u363936720,1596738199,C++,C++ (GCC 9.2.1),cpp,Accepted,5.0,3600.0,1141,
s895071862,p03937,u832995587,1596735557,Python,Python (3.8.2),py,Accepted,29.0,9100.0,197,
s740356167,p03937,u739489568,1596684126,C++,C++ (GCC 9.2.1),cpp,Accepted,8.0,3632.0,497,
s688542339,p03937,u704411633,1596641697,C++,C++ (GCC 9.2.1),cpp,Accepted,8.0,3624.0,698,
s789231253,p03937,u902387200,1596593954,C++,C++ (GCC 9.2.1),cpp,Accepted,5.0,3628.0,381,
s012362012,p03937,u413396046,1596589191,C++,C++ (GCC 9.2.1),cpp,Accepted,6.0,3620.0,383,
s864516461,p03937,u475843109,1596586217,C++,C++ (GCC 9.2.1),cpp,Accepted,7.0,3616.0,591,
s213096938,p03937,u965730380,1596586149,C++,C++ (GCC 9.2.1),cpp,Accepted,8.0,3616.0,1402,
s044279527,p03937,u372144784,1596572944,Python,PyPy3 (7.3.0),py,Accepted,92.0,65112.0,1330,
s656611887,p03937,u309168663,1596550808,C++,C++ (GCC 9.2.1),cpp,Accepted,10.0,3572.0,446,
s061370116,p03937,u167906550,1596470639,C++,C++ (GCC 9.2.1),cpp,Accepted,8.0,3624.0,751,
s731212160,p03937,u291332466,1596397265,C++,C++ (GCC 9.2.1),cpp,Accepted,5.0,3604.0,414,
s525727944,p03937,u070335689,1596377389,C++,C++ (GCC 9.2.1),cpp,Accepted,6.0,3676.0,1325,
s170355161,p03937,u077051605,1596335902,C++,C++ (GCC 9.2.1),cpp,Accepted,8.0,3588.0,943,
s065001012,p03937,u231667262,1596314128,C++,C++ (GCC 9.2.1),cpp,Accepted,8.0,3584.0,823,
s843637424,p03937,u678295385,1596312962,C++,C++ (GCC 9.2.1),cpp,Accepted,6.0,3772.0,815,
s082490693,p03937,u692550512,1596309589,C++,C++ (GCC 9.2.1),cpp,Accepted,6.0,3576.0,720,
s139214540,p03937,u131464432,1596308302,Python,Python (3.8.2),py,Accepted,27.0,9196.0,345,
s556809295,p03937,u225660136,1596278261,C++,C++ (GCC 9.2.1),cpp,Accepted,10.0,3712.0,3234,
s504669563,p03937,u280175105,1596164075,C++,C++ (GCC 9.2.1),cpp,Accepted,8.0,3636.0,578,
s477577864,p03937,u930705402,1596157961,Python,PyPy3 (7.3.0),py,Accepted,100.0,65312.0,874,
s457628214,p03937,u509739538,1596117119,Python,Python (3.8.2),py,Accepted,33.0,9404.0,745,
s695265290,p03937,u617380180,1596081386,C++,C++ (GCC 9.2.1),cpp,Accepted,7.0,3668.0,1989,
s697347182,p03937,u608773191,1596075745,C++,C++ (GCC 9.2.1),cpp,Accepted,8.0,3620.0,2341,
s785579848,p03937,u306482197,1596048666,C++,C++ (GCC 9.2.1),cpp,Accepted,6.0,3640.0,224,
s884185684,p03937,u237390401,1596044879,C++,C++ (GCC 9.2.1),cpp,Accepted,6.0,3592.0,570,
s079307376,p03937,u926006934,1596044669,C++,C++ (GCC 9.2.1),cpp,Accepted,6.0,3724.0,2261,
s306865722,p03937,u740002394,1596044533,C++,C++ (GCC 9.2.1),cpp,Accepted,7.0,3596.0,1049,
s917445754,p03937,u306482197,1596044380,C++,C++ (GCC 9.2.1),cpp,Accepted,6.0,3632.0,224,
s562119072,p03937,u170650966,1595997064,C++,C++ (GCC 9.2.1),cpp,Accepted,8.0,3620.0,1141,
s086312001,p03937,u381860804,1595990205,C++,C++ (GCC 9.2.1),cpp,Accepted,8.0,3628.0,306,
s625152613,p03937,u094999522,1595970958,Python,Python (3.8.2),py,Accepted,29.0,9164.0,287,
s010166363,p03937,u790272146,1595950740,C++,C++ (GCC 9.2.1),cpp,Accepted,9.0,3616.0,712,
s746624853,p03937,u297738015,1595899248,C++,C++ (GCC 9.2.1),cpp,Accepted,8.0,3668.0,4307,
s344996892,p03937,u876953939,1595888190,C++,C++ (GCC 9.2.1),cpp,Accepted,6.0,3620.0,2627,
s804866303,p03937,u391819434,1595847405,Python,Python (3.8.2),py,Accepted,29.0,9108.0,221,
s187827031,p03937,u701467599,1595796142,C++,C++ (Clang 10.0.0),cpp,Accepted,13.0,3092.0,3528,
s050593129,p03937,u358055446,1595776564,C++,C++ (GCC 9.2.1),cpp,Accepted,10.0,3636.0,2811,
s184353585,p03937,u434966508,1595705750,Python,PyPy3 (7.3.0),py,Accepted,101.0,61804.0,181,
s870431464,p03937,u443975466,1595703749,C++,C++ (GCC 9.2.1),cpp,Accepted,7.0,3612.0,1751,
s295633561,p03937,u228295160,1595653680,C++,C++ (GCC 9.2.1),cpp,Accepted,7.0,3572.0,4772,
s042718097,p03937,u987591601,1595629711,C++,C++ (GCC 9.2.1),cpp,Accepted,8.0,3600.0,2600,
s226302445,p03937,u931901821,1595611158,C++,C++ (GCC 9.2.1),cpp,Accepted,8.0,3592.0,323,
s402668890,p03937,u158758556,1595606031,C++,C++ (GCC 9.2.1),cpp,Accepted,7.0,3576.0,492,
s722467655,p03937,u989306199,1595556333,Python,Python (3.8.2),py,Accepted,30.0,9160.0,487,
s046431774,p03937,u763280125,1595553635,Python,Python (3.8.2),py,Accepted,30.0,9088.0,259,
s655895884,p03937,u763280125,1595553496,C++,C++ (Clang 10.0.0),cpp,Accepted,7.0,3108.0,413,
s108790808,p03937,u236585484,1595536066,C++,C++ (GCC 9.2.1),cpp,Accepted,5.0,3608.0,799,
s171869385,p03937,u414458988,1595535952,Python,PyPy3 (7.3.0),py,Accepted,65.0,61912.0,330,
s235342440,p03937,u656767904,1595530023,C++,C++ (GCC 9.2.1),cpp,Accepted,10.0,3516.0,505,
s438804032,p03937,u857259336,1595499047,C++,C++ (Clang 10.0.0),cpp,Accepted,5.0,3020.0,550,
s414290808,p03937,u943966256,1595491586,C++,C++ (GCC 9.2.1),cpp,Accepted,6.0,3600.0,426,
s691824448,p03937,u371051907,1595432264,C++,C++ (GCC 9.2.1),cpp,Accepted,5.0,3608.0,775,
s667426899,p03937,u848148267,1595401346,C++,C++ (GCC 9.2.1),cpp,Accepted,6.0,3576.0,502,
s595553837,p03937,u085717502,1595366497,Python,Python (3.8.2),py,Accepted,29.0,9092.0,312,
s087592956,p03937,u180133008,1595306905,C++,C++ (GCC 9.2.1),cpp,Accepted,6.0,3592.0,1560,
s009288729,p03937,u424103788,1595292552,C++,C++ (GCC 9.2.1),cpp,Accepted,8.0,3616.0,350,
s143753751,p03937,u424103788,1595289994,C++,C++ (GCC 9.2.1),cpp,Accepted,8.0,3684.0,893,
s634565786,p03937,u154289843,1595271243,C++,C++ (GCC 9.2.1),cpp,Accepted,28.0,3632.0,848,
s811585309,p03937,u218707541,1595254957,C++,C++ (GCC 9.2.1),cpp,Accepted,6.0,3672.0,1653,
s432899413,p03937,u513064552,1595235556,C++,C++ (GCC 9.2.1),cpp,Accepted,17.0,3640.0,882,
s184899352,p03937,u513083943,1595210554,C++,C++ (GCC 9.2.1),cpp,Accepted,11.0,3608.0,1503,
s694887276,p03937,u222668979,1595207678,Python,PyPy3 (7.3.0),py,Accepted,63.0,61856.0,133,
s844655203,p03937,u110044127,1595206682,C++,C++ (GCC 9.2.1),cpp,Accepted,9.0,3644.0,1350,
s426371632,p03937,u835805357,1595128021,C++,C++ (GCC 9.2.1),cpp,Accepted,8.0,3612.0,679,
s809224584,p03937,u835805357,1595126227,C++,C++ (GCC 9.2.1),cpp,Accepted,7.0,3580.0,1326,
s289477673,p03937,u873190923,1595125605,Python,PyPy3 (7.3.0),py,Accepted,103.0,77400.0,3375,
s211645436,p03937,u842401785,1595125410,C++,C++ (GCC 9.2.1),cpp,Accepted,6.0,3588.0,932,
s481321741,p03937,u103557284,1595053926,C++,C++ (GCC 9.2.1),cpp,Accepted,6.0,3656.0,925,
s846215144,p03937,u103557284,1595053782,C++,C++ (GCC 9.2.1),cpp,Accepted,8.0,3636.0,1940,
s685152303,p03937,u247211039,1595046456,Python,Python (3.8.2),py,Accepted,27.0,9232.0,506,
s813727596,p03937,u506910932,1595022167,Python,Python (3.8.2),py,Accepted,68.0,9440.0,1553,
s338337017,p03937,u089121621,1595021356,Python,Python (3.8.2),py,Accepted,27.0,9100.0,524,
s289404923,p03937,u560708725,1595020801,Python,Python (3.8.2),py,Accepted,32.0,9056.0,391,
s530664963,p03937,u022215787,1595020595,Python,Python (3.8.2),py,Accepted,28.0,9188.0,266,
s965142794,p03937,u528470578,1595018189,Python,Python (3.8.2),py,Accepted,31.0,9184.0,245,
s568810749,p03937,u917013605,1595002217,Python,PyPy3 (7.3.0),py,Accepted,75.0,62008.0,636,
s691067917,p03937,u917013605,1595001953,Python,PyPy3 (7.3.0),py,Accepted,60.0,61812.0,625,
s962918731,p03937,u325956328,1594992000,Python,Python (3.8.2),py,Accepted,31.0,9028.0,184,
s973194653,p03937,u261103969,1594984763,Python,PyPy3 (7.3.0),py,Accepted,81.0,73824.0,832,
s899527149,p03937,u531461815,1594981313,C++,C++ (GCC 9.2.1),cpp,Accepted,6.0,3624.0,1388,
s718662094,p03937,u873190923,1594958280,Python,PyPy3 (7.3.0),py,Accepted,99.0,77404.0,3386,
s679847359,p03937,u370721525,1594949216,Python,Python (3.8.2),py,Accepted,29.0,9164.0,477,
s825154650,p03937,u442030035,1594930181,C++,C++ (GCC 9.2.1),cpp,Accepted,8.0,3648.0,3465,
s960874245,p03937,u485821416,1594905793,C++,C++ (GCC 9.2.1),cpp,Accepted,7.0,3576.0,390,
s389040633,p03937,u557168336,1594870274,Python,PyPy3 (7.3.0),py,Accepted,65.0,61904.0,116,
s990088376,p03937,u527058497,1594869597,C++,C++ (GCC 9.2.1),cpp,Accepted,8.0,3640.0,1553,
s219306479,p03937,u547099897,1594864931,C++,C++ (GCC 9.2.1),cpp,Accepted,9.0,3616.0,494,
s621643687,p03937,u088863512,1594862422,Python,Python (3.8.2),py,Accepted,31.0,9376.0,825,
s813421187,p03937,u962718741,1594820927,Python,Python (3.8.2),py,Accepted,29.0,9180.0,271,
s517572373,p03937,u682191329,1594798460,C++,C++ (GCC 9.2.1),cpp,Accepted,5.0,3660.0,1225,
s546105483,p03937,u706414019,1594778897,Python,Python (3.8.2),py,Accepted,27.0,9120.0,211,
s421285641,p03937,u620638195,1594741576,C++,C++ (GCC 9.2.1),cpp,Accepted,8.0,3644.0,1165,
s979112471,p03937,u366581326,1594686239,C++,C++ (GCC 9.2.1),cpp,Accepted,7.0,3500.0,1493,
s930101078,p03937,u781262926,1594664466,Python,Python (3.8.2),py,Accepted,122.0,27216.0,446,
s049557537,p03937,u847969825,1594646209,C++,C++ (GCC 9.2.1),cpp,Accepted,6.0,3592.0,1166,
s944891260,p03937,u401139594,1594514269,C++,C++ (Clang 10.0.0),cpp,Accepted,4.0,3096.0,716,
s658247492,p03937,u465699806,1594492463,C++,C++ (GCC 9.2.1),cpp,Accepted,6.0,3652.0,11660,
s422371339,p03937,u290187182,1594484319,Python,Python (3.8.2),py,Accepted,113.0,27068.0,1043,
s948012427,p03937,u539011156,1594470480,C++,C++ (GCC 9.2.1),cpp,Accepted,6.0,3620.0,4719,
s871170265,p03937,u752006685,1594425644,C++,C++ (GCC 9.2.1),cpp,Accepted,6.0,3576.0,364,
s239975660,p03937,u088552457,1594387191,Python,PyPy3 (7.3.0),py,Accepted,62.0,62020.0,594,
s812408827,p03937,u143051858,1594352216,Python,Python (3.8.2),py,Accepted,26.0,8992.0,159,
s201713033,p03937,u597455618,1594339623,Python,Python (3.8.2),py,Accepted,26.0,9252.0,726,
s274967846,p03937,u442810826,1594333368,C++,C++ (GCC 9.2.1),cpp,Accepted,14.0,6204.0,4917,
s205723780,p03937,u134896569,1594306069,C++,C++ (GCC 9.2.1),cpp,Accepted,5.0,3596.0,514,
s879137124,p03937,u961683878,1594270846,Python,Python (3.8.2),py,Accepted,29.0,9540.0,1291,
s225881123,p03937,u697968316,1594245418,C++,C++ (GCC 9.2.1),cpp,Accepted,8.0,3624.0,1602,
s253486255,p03937,u143051858,1594222656,Python,Python (3.8.2),py,Accepted,29.0,9076.0,158,
s996613442,p03937,u750058957,1594211940,Python,Python (3.8.2),py,Accepted,32.0,9156.0,153,
s800828268,p03937,u750651325,1594210177,Python,Python (3.8.2),py,Accepted,36.0,9980.0,688,
s819952506,p03937,u619273584,1594185579,C++,C++ (GCC 9.2.1),cpp,Accepted,11.0,3604.0,676,
s949414338,p03937,u373908456,1594095938,C++,C++ (GCC 9.2.1),cpp,Accepted,7.0,3756.0,19130,
s311049092,p03937,u629350026,1594086728,Python,Python (3.8.2),py,Accepted,29.0,9040.0,510,
s339830502,p03937,u535803878,1594079175,Python,PyPy3 (7.3.0),py,Accepted,64.0,62068.0,739,
s700996284,p03937,u437215432,1594050959,Python,Python (3.8.2),py,Accepted,28.0,9096.0,202,
s330707840,p03937,u319279308,1593994432,C++,C++ (GCC 9.2.1),cpp,Accepted,7.0,3624.0,961,
s303267248,p03937,u068713120,1593989871,C++,C++ (GCC 9.2.1),cpp,Accepted,6.0,3616.0,483,
s623964061,p03937,u830770242,1593978001,C++,C++ (GCC 9.2.1),cpp,Accepted,9.0,3680.0,3741,
s966170809,p03937,u999788719,1593970337,C++,C++ (GCC 9.2.1),cpp,Accepted,6.0,3616.0,849,
s037482683,p03937,u768896740,1593961850,Python,Python (3.8.2),py,Accepted,29.0,9132.0,320,
s442678674,p03937,u349444371,1593960708,Python,Python (3.8.2),py,Accepted,27.0,9072.0,203,
s892548404,p03937,u068765697,1593908125,C++,C++ (GCC 9.2.1),cpp,Accepted,8.0,3552.0,1285,
s854283634,p03937,u280966279,1593902882,C++,C++ (GCC 9.2.1),cpp,Accepted,11.0,3568.0,386,
s068433836,p03937,u790710233,1593896139,Python,Python (3.8.2),py,Accepted,28.0,8972.0,155,
s207253514,p03937,u857759499,1593896130,Python,Python (3.8.2),py,Accepted,28.0,9120.0,382,
s143476346,p03937,u167931717,1593875733,C++,C++ (GCC 9.2.1),cpp,Accepted,10.0,3612.0,5013,
s189094377,p03937,u097161601,1593835019,C++,C++ (GCC 9.2.1),cpp,Accepted,7.0,3632.0,1150,
s782119697,p03937,u603958124,1593801095,Python,Python (3.8.2),py,Accepted,38.0,10092.0,1212,
s588210219,p03937,u835283937,1593749103,Python,Python (3.8.2),py,Accepted,27.0,9116.0,257,
s073304105,p03937,u120219556,1593748102,C++,C++ (GCC 9.2.1),cpp,Accepted,7.0,3560.0,470,
s124419629,p03937,u835283937,1593747714,Python,Python (3.8.2),py,Accepted,30.0,9176.0,792,
s475490345,p03937,u193927973,1593723816,Python,Python (3.8.2),py,Accepted,31.0,9156.0,159,
s837987113,p03937,u866370648,1593712693,C++,C++ (GCC 9.2.1),cpp,Accepted,6.0,3640.0,2322,
s323116209,p03937,u045289115,1593705287,C++,C++ (GCC 9.2.1),cpp,Accepted,18.0,3580.0,217,
s995165573,p03937,u006717664,1593691076,C++,C++ (GCC 9.2.1),cpp,Accepted,7.0,3624.0,2410,
s377225509,p03937,u446371873,1593665891,C++,C++ (GCC 9.2.1),cpp,Accepted,8.0,3560.0,1548,
s189746677,p03937,u446371873,1593665648,C++,C++ (GCC 9.2.1),cpp,Accepted,7.0,3632.0,1316,
s105294937,p03937,u699089116,1593662696,Python,PyPy3 (7.3.0),py,Accepted,66.0,62000.0,163,
s680904949,p03937,u054729397,1593661729,C++,C++ (GCC 9.2.1),cpp,Accepted,9.0,3612.0,506,
s129281578,p03937,u587589241,1593626514,Python,Python (3.8.2),py,Accepted,27.0,9120.0,294,
s557737901,p03937,u388463553,1593560395,Python,Python (3.8.2),py,Accepted,29.0,8972.0,202,
s338351369,p03937,u463602788,1593559703,C++,C++ (GCC 9.2.1),cpp,Accepted,6.0,3628.0,1628,
s969766076,p03937,u691169306,1593495917,C++,C++ (GCC 9.2.1),cpp,Accepted,4.0,3600.0,294,
s335483615,p03937,u504800764,1593494800,C++,C++ (GCC 9.2.1),cpp,Accepted,6.0,3624.0,1270,
s749580993,p03937,u547537397,1593489368,Python,Python (3.8.2),py,Accepted,32.0,9148.0,180,
s398893740,p03937,u628335443,1593489062,Python,Python (3.8.2),py,Accepted,31.0,9156.0,180,
s219687704,p03937,u628335443,1593488785,Python,Python (3.8.2),py,Accepted,30.0,9204.0,537,
s475068861,p03937,u434649140,1593464448,C++,C++ (GCC 9.2.1),cpp,Accepted,10.0,3564.0,294,
s950577611,p03937,u277429554,1593456009,Python,Python (3.8.2),py,Accepted,27.0,8980.0,214,
s594205734,p03937,u779805689,1593451158,Python,PyPy3 (7.3.0),py,Accepted,63.0,62060.0,448,
s096582664,p03937,u690781906,1593439948,Python,Python (3.8.2),py,Accepted,30.0,9152.0,170,
s156714993,p03937,u466018786,1593415209,C++,C++ (GCC 9.2.1),cpp,Accepted,8.0,3412.0,437,
s347109583,p03937,u871841829,1593406318,Python,Python (3.8.2),py,Accepted,34.0,9124.0,247,
s977768608,p03937,u417360233,1593401798,C++,C++ (GCC 9.2.1),cpp,Accepted,8.0,3656.0,3520,
s652144257,p03937,u749614185,1593386080,Python,Python (3.8.2),py,Accepted,30.0,9124.0,201,
s591175879,p03937,u412837450,1593360215,C++,C++ (GCC 9.2.1),cpp,Accepted,8.0,3636.0,1147,
s265185682,p03937,u000085263,1593300885,Python,Python (3.8.2),py,Accepted,31.0,9168.0,246,
s270118270,p03937,u367131219,1593297176,C++,C++ (GCC 9.2.1),cpp,Accepted,8.0,3640.0,947,
s132814478,p03937,u298297089,1593295250,Python,Python (3.8.2),py,Accepted,30.0,9168.0,954,
s371759149,p03937,u163501259,1593292194,Python,Python (3.8.2),py,Accepted,33.0,9144.0,379,
s388053891,p03937,u494058663,1593291001,Python,Python (3.8.2),py,Accepted,48.0,9476.0,645,
s858794464,p03937,u224794697,1593287585,C++,C++ (GCC 9.2.1),cpp,Accepted,9.0,3596.0,527,
s622702121,p03937,u244626757,1593283343,C++,C++ (GCC 9.2.1),cpp,Accepted,8.0,3640.0,1003,
s266047678,p03937,u009414205,1593272665,C++,C++ (GCC 9.2.1),cpp,Accepted,8.0,3596.0,1352,
s115447815,p03937,u074488832,1593247788,C++,C++ (GCC 9.2.1),cpp,Accepted,11.0,3624.0,418,
s685659038,p03937,u860546679,1593237778,C++,C++ (GCC 9.2.1),cpp,Accepted,8.0,3584.0,822,
s880696306,p03937,u514118270,1593227573,Python,Python (3.8.2),py,Accepted,121.0,27132.0,946,
s521493524,p03937,u564182781,1593226805,C++,C++ (GCC 9.2.1),cpp,Accepted,10.0,3604.0,1371,
s616874715,p03937,u714724786,1593224373,C++,C++ (GCC 9.2.1),cpp,Accepted,9.0,3640.0,1784,
s358064980,p03937,u862412671,1593223906,C++,C++ (GCC 9.2.1),cpp,Accepted,9.0,3636.0,789,
s018324766,p03937,u886613668,1593223782,C++,C++ (GCC 9.2.1),cpp,Accepted,9.0,3548.0,940,
s717896244,p03937,u190875453,1593223095,C++,C++ (GCC 9.2.1),cpp,Accepted,7.0,3632.0,609,
s304936005,p03937,u263824932,1593222980,Python,PyPy3 (7.3.0),py,Accepted,63.0,62336.0,894,
s413973753,p03937,u075304271,1593222974,Python,Python (3.8.2),py,Accepted,29.0,9080.0,647,
s132555166,p03937,u129134470,1593222890,C++,C++ (GCC 9.2.1),cpp,Accepted,10.0,3592.0,717,
s510416347,p03937,u818349438,1593222659,C++,C++ (GCC 9.2.1),cpp,Accepted,7.0,3624.0,2620,
s741775731,p03937,u644907318,1593221621,Python,PyPy3 (7.3.0),py,Accepted,66.0,62312.0,770,
s102907219,p03937,u017415492,1593221418,Python,Python (3.8.2),py,Accepted,32.0,9328.0,787,
s902198849,p03937,u197457087,1593221297,Python,Python (3.8.2),py,Accepted,29.0,9116.0,280,
s835334806,p03937,u645250356,1593221020,Python,PyPy3 (7.3.0),py,Accepted,326.0,79084.0,870,
s474633930,p03937,u642012866,1593221004,Python,Python (3.8.2),py,Accepted,31.0,9132.0,703,
s632302458,p03937,u062736195,1593220979,C++,C++ (GCC 9.2.1),cpp,Accepted,13.0,3604.0,1375,
s044271462,p03937,u054514819,1593220840,Python,PyPy3 (7.3.0),py,Accepted,64.0,62056.0,667,
s574870881,p03937,u305824645,1593220788,C++,C++ (GCC 9.2.1),cpp,Accepted,6.0,3608.0,957,
s223179838,p03937,u424768586,1593220725,Python,PyPy3 (7.3.0),py,Accepted,131.0,77124.0,2855,
s916095978,p03937,u024782094,1593220551,Python,PyPy3 (7.3.0),py,Accepted,151.0,77372.0,447,
s425442884,p03937,u274657603,1593220399,C++,C++ (Clang 10.0.0),cpp,Accepted,10.0,3120.0,2636,
s258493439,p03937,u136869985,1593220383,C++,C++ (GCC 9.2.1),cpp,Accepted,4.0,3624.0,1150,
s893578476,p03937,u089142196,1593220296,Python,Python (3.8.2),py,Accepted,28.0,9096.0,208,
s059756636,p03937,u280096880,1593220287,C++,C++ (GCC 9.2.1),cpp,Accepted,10.0,3668.0,1558,
s676320822,p03937,u434398296,1593220287,C++,C++ (GCC 9.2.1),cpp,Accepted,8.0,3528.0,1691,
s266477990,p03937,u986437843,1593220174,C++,C++ (GCC 9.2.1),cpp,Accepted,9.0,3744.0,189005,
s566769181,p03937,u179778090,1593220147,C++,C++ (GCC 9.2.1),cpp,Accepted,7.0,3624.0,1168,
s145976148,p03937,u415325136,1593220127,C++,C++ (GCC 9.2.1),cpp,Accepted,6.0,3648.0,1155,
s308534269,p03937,u046158516,1593220035,Python,PyPy3 (7.3.0),py,Accepted,63.0,61920.0,282,
s393018496,p03937,u873915460,1593220021,Python,PyPy3 (7.3.0),py,Accepted,70.0,61656.0,141,
s952659231,p03937,u134678977,1593220010,C++,C++ (GCC 9.2.1),cpp,Accepted,8.0,3572.0,654,
s596767036,p03937,u139300044,1593219992,C++,C++ (GCC 9.2.1),cpp,Accepted,8.0,3624.0,1494,
s700885315,p03937,u227082700,1593219812,Python,Python (3.8.2),py,Accepted,28.0,9160.0,161,
s673008030,p03937,u667375816,1593197609,C++,C++ (GCC 9.2.1),cpp,Accepted,6.0,3608.0,560,
s779996862,p03937,u909017535,1593185886,C++,C++ (GCC 9.2.1),cpp,Accepted,8.0,3612.0,381,
s261454911,p03937,u914707890,1593150078,C++,C++ (GCC 9.2.1),cpp,Accepted,6.0,3600.0,768,
s372652954,p03937,u007463213,1593143606,C++,C++ (GCC 9.2.1),cpp,Accepted,7.0,3596.0,851,
s358118854,p03937,u160429264,1593081214,C++,C++ (GCC 9.2.1),cpp,Accepted,6.0,3620.0,1893,
s434257693,p03937,u361662514,1593077101,C++,C++ (GCC 9.2.1),cpp,Accepted,10.0,3596.0,951,
s201131452,p03937,u605687528,1593064705,C++,C++ (GCC 9.2.1),cpp,Accepted,10.0,3524.0,1035,
s418296850,p03937,u179169725,1593045896,Python,PyPy3 (7.3.0),py,Accepted,78.0,68360.0,2047,
s128419177,p03937,u179169725,1593045387,Python,PyPy3 (7.3.0),py,Accepted,75.0,68688.0,2129,
s988888078,p03937,u563054590,1593043537,C++,C++ (GCC 9.2.1),cpp,Accepted,8.0,3600.0,379,
s720698478,p03937,u563054590,1593039109,C++,C++ (GCC 9.2.1),cpp,Accepted,7.0,3632.0,1268,
s180921000,p03937,u701527888,1593034615,C++,C++ (GCC 9.2.1),cpp,Accepted,8.0,3576.0,1170,
s304154005,p03937,u426649993,1593019716,Python,Python (3.8.2),py,Accepted,29.0,9136.0,334,
s328342333,p03937,u305824645,1592966358,C++,C++ (GCC 9.2.1),cpp,Accepted,7.0,3620.0,959,
s279054141,p03937,u864276028,1592956262,Python,Python (3.8.2),py,Accepted,27.0,9116.0,195,
s248230598,p03937,u095826906,1592954550,C++,C++ (GCC 9.2.1),cpp,Accepted,5.0,1644.0,222,
s518687924,p03937,u223172354,1592935706,C++,C++ (GCC 9.2.1),cpp,Accepted,7.0,3612.0,1355,
s454405092,p03937,u074294821,1592891549,C++,C++ (GCC 9.2.1),cpp,Accepted,8.0,3716.0,4413,
s486810946,p03937,u514118270,1592859957,Python,Python (3.8.2),py,Accepted,38.0,10052.0,963,
s175654545,p03937,u548791035,1592839712,C++,C++ (GCC 9.2.1),cpp,Accepted,8.0,3680.0,1732,
s678645949,p03937,u961443099,1592775127,C++,C++ (GCC 9.2.1),cpp,Accepted,6.0,3592.0,436,
s343057148,p03937,u901282405,1592710328,C++,C++ (GCC 9.2.1),cpp,Accepted,8.0,3596.0,1481,
s072971789,p03937,u630511239,1592705633,Python,Python (3.8.2),py,Accepted,30.0,9076.0,306,
s452254531,p03937,u813559924,1592705439,C++,C++ (GCC 9.2.1),cpp,Accepted,8.0,3672.0,1188,
s600970269,p03937,u474180590,1592632521,C++,C++ (GCC 9.2.1),cpp,Accepted,6.0,3596.0,528,
s404349194,p03937,u650236619,1592631132,C++,C++ (GCC 9.2.1),cpp,Accepted,7.0,3604.0,476,
s551918644,p03937,u102461423,1592624270,Python,Python (3.8.2),py,Accepted,31.0,9240.0,230,
s953090421,p03937,u492030100,1592603721,C++,C++ (GCC 9.2.1),cpp,Accepted,8.0,3596.0,800,
s325945685,p03937,u877470159,1592601728,Python,PyPy3 (7.3.0),py,Accepted,71.0,67068.0,475,
s005428043,p03937,u231685196,1592534748,Python,Python (3.8.2),py,Accepted,26.0,9060.0,266,
s455584594,p03937,u114137758,1592522828,C++,C++ (GCC 9.2.1),cpp,Accepted,6.0,3640.0,4351,
s209821690,p03937,u940139461,1592496078,Python,PyPy3 (2.4.0),py,Accepted,178.0,38256.0,836,
s572117880,p03937,u701556979,1592450653,C++,C++14 (GCC 5.4.1),cpp,Accepted,1.0,256.0,1486,
s093327117,p03937,u593567568,1592446741,Python,Python (3.4.3),py,Accepted,24.0,3064.0,433,
s527157027,p03937,u705990127,1592437350,C++,C++14 (GCC 5.4.1),cpp,Accepted,1.0,256.0,853,
s003483118,p03937,u185424824,1592437214,Python,PyPy3 (2.4.0),py,Accepted,165.0,38452.0,152,
s892241644,p03937,u448570453,1592422177,C++,C++14 (GCC 5.4.1),cpp,Accepted,1.0,256.0,2179,
s731750799,p03937,u759987571,1592383414,C++,C++14 (GCC 5.4.1),cpp,Accepted,1.0,256.0,1175,
s407505594,p03937,u178536051,1592360494,C++,C++14 (GCC 5.4.1),cpp,Accepted,1.0,384.0,1125,
s172140775,p03937,u237022500,1592343848,C++,C++14 (GCC 5.4.1),cpp,Accepted,1.0,256.0,390,
s081511919,p03937,u237022500,1592343380,C++,C++14 (GCC 5.4.1),cpp,Accepted,1.0,256.0,1213,
s331817031,p03937,u562015767,1592340613,Python,Python (3.4.3),py,Accepted,18.0,3064.0,327,
s500581935,p03937,u625046108,1592335918,Python,PyPy3 (2.4.0),py,Accepted,183.0,38256.0,337,
s377897960,p03937,u638033979,1592324960,Python,Python (3.4.3),py,Accepted,23.0,3064.0,541,
s760790844,p03937,u426572476,1592307514,Python,Python (3.4.3),py,Accepted,37.0,5180.0,4470,
s872706824,p03937,u520276780,1592280041,C++,C++14 (GCC 5.4.1),cpp,Accepted,1.0,256.0,551,
s079990804,p03937,u955125992,1592276966,Python,Python (3.4.3),py,Accepted,18.0,3060.0,250,
s008916661,p03937,u485319545,1592265708,Python,Python (3.4.3),py,Accepted,18.0,3064.0,502,
s707010648,p03937,u174434198,1592247298,C++,C++14 (GCC 5.4.1),cpp,Accepted,1.0,256.0,1017,
s131611085,p03937,u113971909,1592245596,Python,Python (3.4.3),py,Accepted,21.0,3316.0,1017,
s493240899,p03937,u656731444,1592164587,C++,C++14 (Clang 3.8.0),cpp,Accepted,1.0,256.0,1074,
s079479796,p03937,u453642820,1592152609,Python,Python (3.4.3),py,Accepted,18.0,3060.0,171,
s909679665,p03937,u822130495,1592093655,C++,C++14 (GCC 5.4.1),cpp,Accepted,1.0,256.0,3175,
s488904862,p03937,u442877951,1592089008,Python,Python (3.4.3),py,Accepted,17.0,3064.0,454,
s553248871,p03937,u572373398,1592088388,Python,Python (3.4.3),py,Accepted,17.0,3060.0,253,
s182413469,p03937,u088552457,1592085852,Python,PyPy3 (2.4.0),py,Accepted,164.0,38256.0,429,
s755844344,p03937,u979552932,1592075878,Python,Python (3.4.3),py,Accepted,21.0,3316.0,683,
s668801992,p03937,u407213771,1592011092,C++,C++14 (GCC 5.4.1),cpp,Accepted,1.0,256.0,3297,
s424305248,p03937,u164181205,1592009239,C++,C++14 (GCC 5.4.1),cpp,Accepted,1.0,256.0,1206,
s977820766,p03937,u376082984,1592006994,C++,C++14 (GCC 5.4.1),cpp,Accepted,1.0,256.0,6033,
s066489103,p03937,u021548497,1591974269,Python,Python (3.4.3),py,Accepted,18.0,3064.0,650,
s319962459,p03937,u987164499,1591922977,Python,Python (3.4.3),py,Accepted,17.0,2940.0,175,
s028787643,p03937,u527652459,1591908682,C++,C++14 (GCC 5.4.1),cpp,Accepted,1.0,256.0,1602,
s976872260,p03937,u285891772,1591871253,Python,Python (3.4.3),py,Accepted,40.0,5200.0,1057,
s300319693,p03937,u285891772,1591871159,Python,Python (3.4.3),py,Accepted,43.0,5396.0,1311,
s871427666,p03937,u222866518,1591848175,C++,C++14 (GCC 5.4.1),cpp,Accepted,1.0,256.0,1075,
s658318451,p03937,u596385287,1591841048,C++,C++14 (GCC 5.4.1),cpp,Accepted,1.0,256.0,442,
s615280185,p03937,u274883254,1591822784,C++,C++14 (GCC 5.4.1),cpp,Accepted,1.0,256.0,1129,
s152283356,p03937,u886743443,1591821105,C++,C++14 (GCC 5.4.1),cpp,Accepted,1.0,1152.0,658,
s236976982,p03937,u765815947,1591819831,C++,C++14 (Clang 3.8.0),cpp,Accepted,1.0,256.0,542,
s892262625,p03937,u936985471,1591818718,Python,Python (3.4.3),py,Accepted,17.0,2940.0,209,
s663799467,p03937,u550374978,1591817930,C++,C++14 (GCC 5.4.1),cpp,Accepted,1.0,256.0,363,
s376347288,p03937,u356069145,1591810217,C++,C++14 (GCC 5.4.1),cpp,Accepted,1.0,256.0,606,
s821685473,p03937,u212328220,1591808764,Python,Python (3.4.3),py,Accepted,17.0,3060.0,170,
s712996766,p03937,u330518333,1591802412,C++,C++14 (GCC 5.4.1),cpp,Accepted,1.0,256.0,966,
s251110961,p03937,u192903163,1591796509,C++,C++14 (GCC 5.4.1),cpp,Accepted,1.0,256.0,1345,
s939395065,p03937,u873762144,1591795882,C++,C++14 (GCC 5.4.1),cpp,Accepted,1.0,256.0,558,
s998220238,p03937,u608088992,1591792426,Python,Python (3.4.3),py,Accepted,21.0,3444.0,392,
s002240082,p03937,u644907318,1591792047,Python,PyPy3 (2.4.0),py,Accepted,167.0,38356.0,354,
s903669282,p03937,u489603283,1591791630,C++,C++14 (GCC 5.4.1),cpp,Accepted,1.0,256.0,834,
s012020663,p03937,u279033107,1591791564,C++,C++14 (GCC 5.4.1),cpp,Accepted,1.0,256.0,1805,
s374535289,p03937,u782733831,1591791242,C++,C++14 (GCC 5.4.1),cpp,Accepted,1.0,256.0,1703,
s896789026,p03937,u617826263,1591790967,C++,C++14 (GCC 5.4.1),cpp,Accepted,1.0,256.0,708,
s435564782,p03937,u317177661,1591790548,C++,C++14 (GCC 5.4.1),cpp,Accepted,1.0,256.0,7617,
s357594839,p03937,u273352618,1591790465,C++,C++14 (GCC 5.4.1),cpp,Accepted,1.0,256.0,1206,
s774199878,p03937,u122743027,1591790427,C++,C++14 (GCC 5.4.1),cpp,Accepted,1.0,256.0,626,
s517796862,p03937,u209457657,1591790300,C++,C++14 (GCC 5.4.1),cpp,Accepted,1.0,256.0,544,
s665552341,p03937,u630511239,1591790144,Python,Python (3.4.3),py,Accepted,17.0,2940.0,215,
s917297156,p03937,u893239355,1591790098,C++,C++14 (GCC 5.4.1),cpp,Accepted,1.0,256.0,1114,
s548600081,p03937,u907525511,1591790049,C++,C++14 (GCC 5.4.1),cpp,Accepted,1.0,256.0,400,
s955519886,p03937,u415325136,1591790025,C++,C++14 (GCC 5.4.1),cpp,Accepted,1.0,256.0,971,
s226262259,p03937,u156815136,1591789694,Python,Python (3.4.3),py,Accepted,21.0,3316.0,862,
s614515771,p03937,u497952650,1591789571,Python,Python (3.4.3),py,Accepted,17.0,3064.0,533,
s357719439,p03937,u740054550,1591789564,C++,C++14 (GCC 5.4.1),cpp,Accepted,1.0,256.0,2916,
s346336282,p03937,u227082700,1591789558,Python,Python (3.4.3),py,Accepted,17.0,2940.0,135,
s579696163,p03937,u241159583,1591789494,Python,Python (3.4.3),py,Accepted,17.0,2940.0,164,
s027642843,p03937,u596311864,1591789273,C++,C++14 (GCC 5.4.1),cpp,Accepted,1.0,256.0,639,
s387732544,p03937,u287132915,1591789263,Python,PyPy3 (2.4.0),py,Accepted,168.0,38256.0,215,
s321476287,p03937,u275797573,1591789225,C++,C++14 (Clang 3.8.0),cpp,Accepted,3.0,504.0,8997,
s177025660,p03937,u493130708,1591771966,Python,PyPy3 (2.4.0),py,Accepted,170.0,38384.0,3726,
s616554843,p03937,u195132800,1591687250,C++,C++14 (GCC 5.4.1),cpp,Accepted,1.0,256.0,2014,
s945646034,p03937,u105001881,1591670830,C++,C++14 (GCC 5.4.1),cpp,Accepted,1.0,256.0,4412,
s709315148,p03937,u830054172,1591670747,Python,Python (3.4.3),py,Accepted,17.0,2940.0,169,
s449467552,p03937,u970809473,1591658083,Python,Python (3.4.3),py,Accepted,18.0,3064.0,428,
s315397968,p03937,u157232135,1591641097,Python,Python (3.4.3),py,Accepted,17.0,3064.0,1106,
s631616025,p03937,u244416763,1591629271,Python,Python (3.4.3),py,Accepted,17.0,3064.0,721,
s800422948,p03937,u641900703,1591590839,C++,C++14 (GCC 5.4.1),cpp,Accepted,1.0,256.0,351,
s094295902,p03937,u754114382,1591577547,C++,C++14 (GCC 5.4.1),cpp,Accepted,1.0,256.0,387,
s021326600,p03937,u237390401,1591572983,C++,C++14 (GCC 5.4.1),cpp,Accepted,1.0,256.0,467,
s883371676,p03937,u491153752,1591568678,C++,C++14 (GCC 5.4.1),cpp,Accepted,1.0,256.0,2640,
s868049707,p03937,u954774382,1591562268,Python,Python (3.4.3),py,Accepted,35.0,5124.0,1138,
s443420120,p03937,u482157295,1591558194,Python,Python (3.4.3),py,Accepted,17.0,3060.0,338,
s768523161,p03937,u306482197,1591548531,C++,C++14 (GCC 5.4.1),cpp,Accepted,1.0,256.0,281,
s470687162,p03937,u159663513,1591536645,C++,C++14 (GCC 5.4.1),cpp,Accepted,1.0,256.0,1541,
s617599623,p03937,u178079174,1591478237,Python,Python (3.4.3),py,Accepted,18.0,3064.0,460,
s354424415,p03937,u474925961,1591477426,Python,Python (3.4.3),py,Accepted,17.0,3064.0,388,
s469059635,p03937,u366886346,1591425517,Python,Python (3.4.3),py,Accepted,18.0,3064.0,954,
s804237719,p03937,u314089899,1591413160,Python,Python (3.4.3),py,Accepted,18.0,3064.0,989,
s867488616,p03937,u112318601,1591412094,C++,C++14 (GCC 5.4.1),cpp,Accepted,1.0,256.0,752,
s448003922,p03937,u590927341,1591393073,C++,C++14 (GCC 5.4.1),cpp,Accepted,1.0,256.0,2665,
s860924801,p03937,u941047297,1591376036,Python,PyPy3 (2.4.0),py,Accepted,170.0,38256.0,612,
s515542744,p03937,u021916304,1591325184,Python,Python (3.4.3),py,Accepted,18.0,3064.0,1027,
s996918473,p03937,u488884575,1591309822,Python,Python (3.4.3),py,Accepted,18.0,3064.0,531,
s014567183,p03937,u767543103,1591308227,C++,C++14 (GCC 5.4.1),cpp,Accepted,1.0,256.0,40204,
s947242599,p03937,u798339690,1591297785,C++,C++14 (GCC 5.4.1),cpp,Accepted,1.0,256.0,3555,
s720174675,p03937,u888092736,1591296266,Python,Python (3.4.3),py,Accepted,21.0,3316.0,696,
s105316420,p03937,u942774736,1591295918,C++,C++14 (GCC 5.4.1),cpp,Accepted,1.0,256.0,551,
s603497629,p03937,u760636024,1591262194,Python,PyPy3 (2.4.0),py,Accepted,172.0,38384.0,159,
s197762626,p03937,u745514010,1591250499,Python,Python (3.4.3),py,Accepted,18.0,3060.0,342,
s844296477,p03937,u651314218,1591246778,C++,C++14 (GCC 5.4.1),cpp,Accepted,1.0,256.0,1472,
s494083633,p03937,u663842230,1591241773,C++,C++14 (GCC 5.4.1),cpp,Accepted,1.0,256.0,855,
s736130501,p03937,u125051909,1591238945,C++,C++14 (GCC 5.4.1),cpp,Accepted,1.0,256.0,1391,
s117812765,p03937,u829260400,1591227763,C++,C++14 (GCC 5.4.1),cpp,Accepted,1.0,256.0,2023,
s980333558,p03937,u555767343,1591226989,Python,PyPy3 (2.4.0),py,Accepted,171.0,38384.0,301,
s474562438,p03937,u408620326,1591224123,Python,Python (3.4.3),py,Accepted,21.0,3316.0,945,
s406164078,p03937,u132371041,1591215373,C++,C++14 (GCC 5.4.1),cpp,Accepted,3.0,4352.0,2914,
s971262538,p03937,u227085629,1591141132,Python,Python (3.4.3),py,Accepted,17.0,3060.0,218,
s939744570,p03937,u923270446,1591138560,Python,Python (3.4.3),py,Accepted,17.0,2940.0,180,
s675251224,p03937,u582684800,1591122624,C++,C++14 (GCC 5.4.1),cpp,Accepted,1.0,256.0,327,
s470044267,p03937,u703214333,1591102606,Python,PyPy3 (2.4.0),py,Accepted,171.0,38384.0,629,
s241610935,p03937,u098012509,1591080698,Python,Python (3.4.3),py,Accepted,21.0,3316.0,918,
s970128327,p03937,u462257825,1591049418,C++,C++14 (GCC 5.4.1),cpp,Accepted,1.0,256.0,434,
s767600068,p03937,u413165887,1590972610,Python,Python (3.4.3),py,Accepted,18.0,3064.0,434,
s879876206,p03937,u344988629,1590963231,C++,C++14 (GCC 5.4.1),cpp,Accepted,1.0,256.0,528,
s860917080,p03937,u858670323,1590906745,C++,C++14 (GCC 5.4.1),cpp,Accepted,1.0,256.0,2895,
s031370942,p03937,u358254559,1590874864,Python,PyPy3 (2.4.0),py,Accepted,170.0,38384.0,203,
s666899815,p03937,u283907492,1590873782,C++,C++14 (GCC 5.4.1),cpp,Accepted,1.0,256.0,550,
s804229547,p03937,u941438707,1590872068,Python,Python (3.4.3),py,Accepted,17.0,2940.0,118,
s331816420,p03937,u941438707,1590871971,Python,Python (3.4.3),py,Accepted,18.0,3060.0,152,
s885298844,p03937,u548163222,1590871508,C++,C++14 (GCC 5.4.1),cpp,Accepted,1.0,256.0,1403,
s960272621,p03937,u687574784,1590867791,Python,Python (3.4.3),py,Accepted,17.0,3064.0,388,
s353091034,p03937,u011438316,1590846816,C++,C++14 (GCC 5.4.1),cpp,Accepted,1.0,256.0,1723,
s865528239,p03937,u487060019,1590841903,C++,C++14 (GCC 5.4.1),cpp,Accepted,1.0,256.0,1174,
s890315164,p03937,u404290207,1590804243,Python,PyPy3 (2.4.0),py,Accepted,288.0,63212.0,1409,
s855517957,p03937,u924691798,1590787405,Python,Python (3.4.3),py,Accepted,17.0,3064.0,509,
s292561938,p03937,u366541443,1590764536,Python,PyPy3 (2.4.0),py,Accepted,267.0,63212.0,3854,
s228042189,p03937,u314543767,1590764150,C++,C++14 (GCC 5.4.1),cpp,Accepted,2.0,256.0,1815,
s797672563,p03937,u158628538,1590714478,C++,C++14 (GCC 5.4.1),cpp,Accepted,1.0,256.0,2469,
s030717546,p03937,u597374218,1590704491,Python,Python (3.4.3),py,Accepted,17.0,2940.0,116,
s499018036,p03937,u597374218,1590704277,Python,Python (3.4.3),py,Accepted,17.0,2940.0,154,
s865447614,p03937,u816645498,1590674758,C++,C++14 (GCC 5.4.1),cpp,Accepted,1.0,256.0,901,
s051499278,p03937,u760961723,1590632647,Python,Python (3.4.3),py,Accepted,17.0,2940.0,214,
s954102898,p03937,u344119694,1590629907,C++,C++14 (GCC 5.4.1),cpp,Accepted,1.0,256.0,3079,
s098186540,p03937,u084411645,1590557770,C++,C++14 (GCC 5.4.1),cpp,Accepted,1.0,256.0,560,
s551760679,p03937,u998733244,1590540765,Python,Python (3.4.3),py,Accepted,17.0,3064.0,177,
s065091612,p03937,u986568278,1590532743,C++,C++14 (GCC 5.4.1),cpp,Accepted,1.0,256.0,904,
s949958508,p03937,u147331814,1590526988,C++,C++14 (GCC 5.4.1),cpp,Accepted,1.0,256.0,441,
s405377708,p03937,u631558039,1590526849,C++,C++14 (GCC 5.4.1),cpp,Accepted,3.0,5120.0,2826,
s014503992,p03937,u060793972,1590525921,Python,Python (3.4.3),py,Accepted,17.0,2940.0,139,
s103198222,p03937,u583701239,1590506347,C++,C++14 (GCC 5.4.1),cpp,Accepted,1.0,256.0,423,
s598427101,p03937,u688789047,1590454162,C++,C++14 (GCC 5.4.1),cpp,Accepted,1.0,256.0,1346,
s244535861,p03937,u033620890,1590427887,C++,C++14 (GCC 5.4.1),cpp,Accepted,1.0,256.0,522,
s431451077,p03937,u062736195,1590412546,C++,C++14 (GCC 5.4.1),cpp,Accepted,1.0,256.0,1079,
s107823964,p03937,u796273093,1590359596,C++,C++14 (GCC 5.4.1),cpp,Accepted,1.0,256.0,426,
s593830838,p03937,u355424600,1590348702,C++,C++14 (GCC 5.4.1),cpp,Accepted,1.0,256.0,1857,
s793111934,p03937,u747703115,1590348148,Python,Python (3.4.3),py,Accepted,17.0,2940.0,133,
s595124014,p03937,u939401127,1590340204,C++,C++14 (GCC 5.4.1),cpp,Accepted,1.0,256.0,2466,
s445287637,p03937,u501163846,1590280857,C++,C++14 (GCC 5.4.1),cpp,Accepted,1.0,256.0,653,
s429054551,p03937,u628332144,1590278581,C++,C++14 (GCC 5.4.1),cpp,Accepted,1.0,256.0,1083,
s910067008,p03937,u502731482,1590275466,Python,Python (3.4.3),py,Accepted,18.0,3060.0,168,
s821880392,p03937,u502731482,1590275069,Python,Python (3.4.3),py,Accepted,22.0,3436.0,911,
s870560236,p03937,u134019875,1590271721,Python,Python (3.4.3),py,Accepted,18.0,3060.0,289,
s997252489,p03937,u742595961,1590262806,C++,C++14 (GCC 5.4.1),cpp,Accepted,2.0,384.0,1609,
s135960672,p03937,u871980676,1590260171,Python,Python (3.4.3),py,Accepted,17.0,3060.0,168,
s350066609,p03937,u525008368,1590251178,C++,C++14 (GCC 5.4.1),cpp,Accepted,1.0,256.0,715,
s664370085,p03937,u275488634,1590248809,C++,C++14 (GCC 5.4.1),cpp,Accepted,1.0,256.0,1395,
s626351003,p03937,u030992242,1590246116,C++,C++14 (GCC 5.4.1),cpp,Accepted,1.0,256.0,969,
s154138260,p03937,u494249944,1590242177,C++,C++14 (GCC 5.4.1),cpp,Accepted,1.0,256.0,774,
s341368741,p03937,u470123394,1590215402,C++,C++14 (GCC 5.4.1),cpp,Accepted,1.0,256.0,700,
s426306639,p03937,u860002137,1590207822,Python,Python (3.4.3),py,Accepted,17.0,3064.0,374,
s376729359,p03937,u077025302,1590185383,C++,C++14 (GCC 5.4.1),cpp,Accepted,1.0,256.0,2251,
s754086388,p03937,u657901243,1590171533,C++,C++14 (GCC 5.4.1),cpp,Accepted,1.0,256.0,689,
s594325534,p03937,u582588783,1590171482,C++,C++14 (GCC 5.4.1),cpp,Accepted,1.0,256.0,1092,
s100703363,p03937,u826189900,1590168276,C++,C++14 (GCC 5.4.1),cpp,Accepted,1.0,256.0,440,
s884596827,p03937,u490642448,1590131591,Python,PyPy3 (2.4.0),py,Accepted,180.0,38256.0,472,
s107509796,p03937,u654978737,1590119384,C++,C++14 (GCC 5.4.1),cpp,Accepted,1.0,256.0,1011,
s194312716,p03937,u213580455,1590107019,Python,Python (3.4.3),py,Accepted,17.0,3064.0,974,
s803414269,p03937,u540491484,1590094387,C++,C++14 (GCC 5.4.1),cpp,Accepted,1.0,256.0,2001,
s349315869,p03937,u882575405,1590093326,C++,C++14 (GCC 5.4.1),cpp,Accepted,1.0,256.0,1337,
s404592585,p03937,u820225607,1590089548,C++,C++14 (GCC 5.4.1),cpp,Accepted,1.0,256.0,600,
s614778435,p03937,u363369454,1590087901,C++,C++14 (GCC 5.4.1),cpp,Accepted,1.0,256.0,331,
s908651874,p03937,u922449550,1590080214,Python,Python (3.4.3),py,Accepted,18.0,3064.0,577,
s534610631,p03937,u788137651,1590037095,Python,Python (3.4.3),py,Accepted,53.0,6232.0,2125,
s306614257,p03937,u863442865,1590029302,Python,Python (3.4.3),py,Accepted,21.0,3316.0,664,
s979609902,p03937,u863442865,1590028806,Python,Python (3.4.3),py,Accepted,21.0,3316.0,833,
s081744720,p03937,u673211643,1590028517,C++,C++14 (GCC 5.4.1),cpp,Accepted,1.0,256.0,1579,
s905605430,p03937,u272628953,1590027399,C++,C++14 (GCC 5.4.1),cpp,Accepted,1.0,256.0,2737,
s058911980,p03937,u712993629,1590020427,C++,C++14 (GCC 5.4.1),cpp,Accepted,1.0,256.0,2319,
s946307868,p03937,u110336920,1590019970,C++,C++14 (GCC 5.4.1),cpp,Accepted,1.0,256.0,1782,
s200061063,p03937,u655490856,1590018520,C++,C++14 (GCC 5.4.1),cpp,Accepted,1.0,256.0,1105,
s251662130,p03937,u000217193,1590016595,C++,C++14 (GCC 5.4.1),cpp,Accepted,1.0,256.0,907,
s808076539,p03937,u870092796,1590015575,C++,C++14 (GCC 5.4.1),cpp,Accepted,1.0,256.0,460,
s980663066,p03937,u418879326,1590009480,C++,C++14 (GCC 5.4.1),cpp,Accepted,1.0,256.0,459,
s084063006,p03937,u135626132,1589985049,C++,C++14 (GCC 5.4.1),cpp,Accepted,1.0,256.0,1305,
s100832839,p03937,u802434195,1589947962,C++,C++14 (GCC 5.4.1),cpp,Accepted,1.0,256.0,592,
s051212045,p03937,u983853152,1589944142,Python,Python (3.4.3),py,Accepted,34.0,3064.0,751,
s115491338,p03937,u346395915,1589943568,Python,Python (3.4.3),py,Accepted,18.0,3064.0,476,
s344148812,p03937,u798260206,1589943448,Python,Python (3.4.3),py,Accepted,19.0,3060.0,239,
s645859178,p03937,u056358163,1589938041,Python,Python (3.4.3),py,Accepted,17.0,3060.0,407,
s111460366,p03937,u535171899,1589931678,Python,Python (3.4.3),py,Accepted,17.0,3060.0,238,
s655385394,p03937,u101018317,1589930039,C++,C++14 (GCC 5.4.1),cpp,Accepted,1.0,256.0,944,
s888704292,p03937,u692704469,1589924274,C++,C++14 (GCC 5.4.1),cpp,Accepted,1.0,256.0,543,
s253360196,p03937,u083494782,1589916031,C++,C++14 (GCC 5.4.1),cpp,Accepted,1.0,256.0,951,
s677844785,p03937,u927801748,1589915713,C++,C++14 (GCC 5.4.1),cpp,Accepted,1.0,256.0,1153,
s581566938,p03937,u332253305,1589905574,C++,C++14 (GCC 5.4.1),cpp,Accepted,1.0,256.0,717,
s973980226,p03937,u190679129,1589877756,C++,C++14 (GCC 5.4.1),cpp,Accepted,1.0,256.0,789,
s831700038,p03937,u347057617,1589859360,C++,C++14 (GCC 5.4.1),cpp,Accepted,1.0,256.0,2686,
s212313822,p03937,u288430479,1589856110,Python,Python (3.4.3),py,Accepted,18.0,3064.0,950,
s948413720,p03937,u932275750,1589828736,C++,C++14 (GCC 5.4.1),cpp,Accepted,2.0,256.0,3095,
s225916722,p03937,u222643545,1589820561,C++,C++14 (GCC 5.4.1),cpp,Accepted,1.0,256.0,289,
s069586440,p03937,u807739806,1589765700,C++,C++14 (GCC 5.4.1),cpp,Accepted,1.0,128.0,480,
s200323035,p03937,u001769145,1589756580,Python,Python (3.4.3),py,Accepted,21.0,3316.0,233,
s356291188,p03937,u896741788,1589750786,Python,Python (3.4.3),py,Accepted,17.0,2940.0,107,
s334697640,p03937,u896741788,1589750746,Python,Python (3.4.3),py,Accepted,17.0,2940.0,109,
s431334788,p03937,u306516971,1589745300,Python,Python (3.4.3),py,Accepted,19.0,3060.0,271,
s211139937,p03937,u045224675,1589745114,C++,C++14 (GCC 5.4.1),cpp,Accepted,2.0,256.0,886,
s490162780,p03937,u182178426,1589741121,Python,Python (3.4.3),py,Accepted,18.0,2940.0,181,
s576242647,p03937,u722640678,1589706600,C++,C++14 (GCC 5.4.1),cpp,Accepted,1.0,256.0,416,
s128835757,p03937,u339937125,1589697558,C++,C++14 (GCC 5.4.1),cpp,Accepted,1.0,256.0,630,
s952274404,p03937,u870092796,1589695808,C++,C++14 (GCC 5.4.1),cpp,Accepted,1.0,256.0,1109,
s606632431,p03937,u089668660,1589694551,C++,C++14 (GCC 5.4.1),cpp,Accepted,1.0,256.0,21537,
s870138722,p03937,u496821919,1589685892,Python,Python (3.4.3),py,Accepted,18.0,3064.0,740,
s511634862,p03937,u268516119,1589683267,Python,PyPy3 (2.4.0),py,Accepted,166.0,38384.0,146,
s481784090,p03937,u276204978,1589680565,Python,Python (3.4.3),py,Accepted,18.0,3192.0,557,
s247118612,p03937,u233586402,1589680285,C++,C++14 (GCC 5.4.1),cpp,Accepted,1.0,256.0,408,
s485134356,p03937,u233586402,1589678699,C++,C++14 (GCC 5.4.1),cpp,Accepted,1.0,256.0,407,
s542928136,p03937,u233586402,1589678097,C++,C++14 (GCC 5.4.1),cpp,Accepted,1.0,256.0,1051,
s060032702,p03937,u028973125,1589663926,Python,PyPy3 (2.4.0),py,Accepted,189.0,38384.0,329,
s594911154,p03937,u610897920,1589662856,C++,C++14 (GCC 5.4.1),cpp,Accepted,1.0,256.0,3700,
s143282349,p03937,u962609087,1589646507,C++,C++14 (GCC 5.4.1),cpp,Accepted,1.0,256.0,396,
s009962369,p03937,u120198153,1589632185,C++,C++14 (GCC 5.4.1),cpp,Accepted,1.0,256.0,2002,
s702979291,p03937,u474423089,1589588470,Python,Python (3.4.3),py,Accepted,17.0,3060.0,198,
s717343350,p03937,u597622207,1589568473,Python,Python (3.4.3),py,Accepted,18.0,3060.0,212,
s887248578,p03937,u272525952,1589523654,Python,PyPy3 (2.4.0),py,Accepted,180.0,38608.0,692,
s247462506,p03937,u168684371,1589518084,C++,C++14 (GCC 5.4.1),cpp,Accepted,1.0,256.0,660,
s287824331,p03937,u873762144,1589517464,C++,C++14 (GCC 5.4.1),cpp,Accepted,1.0,256.0,522,
s731709015,p03937,u136086822,1589499668,C++,C++14 (GCC 5.4.1),cpp,Accepted,1.0,256.0,435,
s213737515,p03937,u048400646,1589489908,C++,C++14 (GCC 5.4.1),cpp,Accepted,1.0,256.0,2121,
s233509053,p03937,u048400646,1589489453,C++,C++14 (GCC 5.4.1),cpp,Accepted,1.0,256.0,2893,
s133014938,p03937,u301624971,1589478758,Python,Python (3.4.3),py,Accepted,18.0,3064.0,886,
s349638651,p03937,u754114382,1589476273,C++,C++14 (GCC 5.4.1),cpp,Accepted,1.0,256.0,363,
s278483209,p03937,u188745744,1589472504,Python,Python (3.8.2),py,Accepted,23.0,9148.0,180,
s859709411,p03937,u724844363,1589461256,Python,Python (3.8.2),py,Accepted,22.0,9208.0,438,
s137896648,p03937,u888337853,1589441337,Python,Python (3.8.2),py,Accepted,31.0,10540.0,1062,
s203721997,p03937,u980205854,1589409491,Python,Python (3.4.3),py,Accepted,17.0,3064.0,441,
s203844880,p03937,u475675023,1589393231,Python,Python (3.4.3),py,Accepted,17.0,3064.0,123,
s207908385,p03937,u664394831,1589392238,C++,C++14 (GCC 5.4.1),cpp,Accepted,1.0,256.0,4238,
s286858704,p03937,u652656291,1589377787,Python,Python (3.4.3),py,Accepted,17.0,2940.0,271,
s994129273,p03937,u393486651,1589375955,Python,Python (3.4.3),py,Accepted,18.0,2940.0,270,
s386398892,p03937,u253681061,1589340835,Python,Python (3.4.3),py,Accepted,17.0,3060.0,237,
s777308316,p03937,u840713046,1589334202,C++,C++14 (GCC 5.4.1),cpp,Accepted,1.0,256.0,2173,
s692104748,p03937,u196953553,1589326123,C++,C++14 (GCC 5.4.1),cpp,Accepted,1.0,256.0,2096,
s909259483,p03937,u729337236,1589314452,C++,C++14 (GCC 5.4.1),cpp,Accepted,1.0,256.0,1030,
s384301384,p03937,u735075555,1589308525,C++,C++14 (GCC 5.4.1),cpp,Accepted,1.0,256.0,1151,
s867805687,p03937,u759721333,1589298859,C++,C++14 (GCC 5.4.1),cpp,Accepted,1.0,256.0,1488,
s766307732,p03937,u844213925,1589275478,C++,C++14 (GCC 5.4.1),cpp,Accepted,1.0,256.0,3271,
s984631291,p03937,u071019032,1589259465,C++,C++14 (GCC 5.4.1),cpp,Accepted,1.0,256.0,1469,
s926400626,p03937,u308463793,1589238965,C++,C++14 (GCC 5.4.1),cpp,Accepted,1.0,256.0,1770,
s326906388,p03937,u948522631,1589147027,Python,Python (3.4.3),py,Accepted,18.0,3064.0,503,
s034114332,p03937,u526459074,1589144041,C++,C++14 (GCC 5.4.1),cpp,Accepted,1.0,256.0,2934,
s647403489,p03937,u378155378,1589140580,C++,C++14 (GCC 5.4.1),cpp,Accepted,1.0,256.0,958,
s406137723,p03937,u398942100,1589132513,C++,C++14 (GCC 5.4.1),cpp,Accepted,1.0,256.0,5621,
s814656690,p03937,u712837698,1589100490,C++,C++14 (GCC 5.4.1),cpp,Accepted,1.0,256.0,707,
s668530771,p03937,u945452839,1589089396,C++,C++14 (GCC 5.4.1),cpp,Accepted,1.0,256.0,1185,
s659433663,p03937,u229427161,1589086298,C++,C++14 (GCC 5.4.1),cpp,Accepted,1.0,256.0,1020,
s641067582,p03937,u604329931,1589083097,C++,C++14 (GCC 5.4.1),cpp,Accepted,1.0,256.0,1395,
s924003367,p03937,u632527507,1589080238,C++,C++14 (GCC 5.4.1),cpp,Accepted,1.0,256.0,704,
s228111599,p03937,u138273120,1589077326,C++,C++14 (GCC 5.4.1),cpp,Accepted,1.0,256.0,790,
s824484570,p03937,u114641312,1589059914,Python,Python (3.4.3),py,Accepted,157.0,12512.0,689,
s244764622,p03937,u103902792,1589056583,Python,Python (3.4.3),py,Accepted,52.0,4980.0,725,
s317895532,p03937,u098923136,1589042366,C++,C++14 (GCC 5.4.1),cpp,Accepted,1.0,256.0,388,
s631029421,p03937,u193264896,1589032038,Python,Python (3.4.3),py,Accepted,21.0,3316.0,380,
s386476624,p03937,u311671153,1588999928,C++,C++14 (GCC 5.4.1),cpp,Accepted,3.0,2944.0,4305,
s113692490,p03937,u749770850,1588998082,Python,Python (3.4.3),py,Accepted,17.0,2940.0,146,
s937346913,p03937,u267486271,1588995901,C++,C++14 (GCC 5.4.1),cpp,Accepted,1.0,256.0,2957,
s616036654,p03937,u368735320,1588990764,C++,C++14 (GCC 5.4.1),cpp,Accepted,1.0,256.0,4073,
s717023792,p03937,u063131621,1588990453,C++,C++14 (GCC 5.4.1),cpp,Accepted,1.0,256.0,1554,
s121360903,p03937,u723721005,1588990147,C++,C++ (GCC 5.4.1),cpp,Accepted,1.0,256.0,266,
s893744407,p03937,u026421211,1588979009,C++,C++14 (GCC 5.4.1),cpp,Accepted,1.0,256.0,929,
s286838252,p03937,u690326065,1588978248,C++,C++14 (GCC 5.4.1),cpp,Accepted,1.0,256.0,1621,
s873628251,p03937,u306950978,1588972651,Python,Python (3.4.3),py,Accepted,17.0,3064.0,338,
s319900619,p03937,u790461875,1588958255,C++,C++14 (GCC 5.4.1),cpp,Accepted,2.0,256.0,4601,
s815329885,p03937,u815026012,1588941529,C++,C++14 (GCC 5.4.1),cpp,Accepted,1.0,256.0,448,
s479970917,p03937,u182326544,1588939083,C++,C++14 (GCC 5.4.1),cpp,Accepted,1.0,256.0,771,
s945205075,p03937,u231455327,1588892995,C++,C++14 (GCC 5.4.1),cpp,Accepted,1.0,256.0,462,
s269486983,p03937,u806657856,1588869456,C++,C++14 (GCC 5.4.1),cpp,Accepted,1.0,256.0,1034,
s389457004,p03937,u950603962,1588851472,C++,C++14 (GCC 5.4.1),cpp,Accepted,1.0,256.0,4363,
s244784698,p03937,u169350228,1588827593,Python,Python (3.4.3),py,Accepted,150.0,12424.0,408,
s915063180,p03937,u591503175,1588820934,Python,Python (3.4.3),py,Accepted,20.0,3316.0,417,
s257337046,p03937,u318127926,1588807567,Python,Python (3.4.3),py,Accepted,17.0,3064.0,556,
s741786094,p03937,u318127926,1588802506,Python,Python (3.4.3),py,Accepted,18.0,3064.0,626,
s300736824,p03937,u321035578,1588795311,Python,Python (3.4.3),py,Accepted,22.0,3316.0,252,
s408897793,p03937,u548778623,1588784037,C++,C++14 (GCC 5.4.1),cpp,Accepted,1.0,256.0,1060,
s417711540,p03937,u004707990,1588783969,C++,C++14 (GCC 5.4.1),cpp,Accepted,1.0,256.0,845,
s516796839,p03937,u366125700,1588756781,C++,C++14 (GCC 5.4.1),cpp,Accepted,1.0,256.0,1162,
s992691303,p03937,u366125700,1588756705,C++,C++14 (GCC 5.4.1),cpp,Accepted,1.0,256.0,1186,
s397004032,p03937,u041733737,1588742123,C++,C++14 (GCC 5.4.1),cpp,Accepted,1.0,256.0,3036,
s531608049,p03937,u941977569,1588742095,C++,C++14 (GCC 5.4.1),cpp,Accepted,1.0,256.0,1042,
s429050791,p03937,u277312083,1588716858,Python,Python (3.4.3),py,Accepted,17.0,2940.0,157,
s161268436,p03937,u934442292,1588705280,Python,Python (3.4.3),py,Accepted,154.0,12192.0,996,
s690479211,p03937,u490965711,1588660695,C++,C++ (GCC 5.4.1),cpp,Accepted,1.0,256.0,568,
s015381005,p03937,u541610817,1588655031,Python,Python (3.4.3),py,Accepted,23.0,3188.0,658,
s543742085,p03937,u998349161,1588652761,C++,C++14 (GCC 5.4.1),cpp,Accepted,1.0,256.0,815,
s678417229,p03937,u190761897,1588645725,C++,C++14 (GCC 5.4.1),cpp,Accepted,1.0,256.0,1179,
s938411512,p03937,u928121696,1588642442,C++,C++14 (GCC 5.4.1),cpp,Accepted,1.0,256.0,2402,
s962561120,p03937,u620269708,1588633926,C++,C++14 (GCC 5.4.1),cpp,Accepted,1.0,256.0,353,
s382488814,p03937,u086407583,1588613446,C++,C++14 (GCC 5.4.1),cpp,Accepted,1.0,256.0,284,
s627679476,p03937,u350072791,1588612031,C++,C++14 (GCC 5.4.1),cpp,Accepted,1.0,256.0,928,
s272737809,p03937,u803705885,1588598104,C++,C++14 (GCC 5.4.1),cpp,Accepted,1.0,256.0,1070,
s882404053,p03937,u714724786,1588596306,C++,C++14 (GCC 5.4.1),cpp,Accepted,1.0,256.0,1719,
s923571292,p03937,u714724786,1588595824,C++,C++14 (GCC 5.4.1),cpp,Accepted,1.0,256.0,2241,
s957780902,p03937,u220212997,1588553254,C++,C++14 (GCC 5.4.1),cpp,Accepted,1.0,256.0,333,
s298978417,p03937,u539826121,1588545721,C++,C++14 (GCC 5.4.1),cpp,Accepted,1.0,256.0,885,
s763240347,p03937,u428132025,1588535748,Python,Python (3.4.3),py,Accepted,17.0,3064.0,817,
s282214439,p03937,u276588887,1588519706,C++,C++14 (GCC 5.4.1),cpp,Accepted,19.0,256.0,5342,
s192793302,p03937,u829249049,1588467201,Python,Python (3.4.3),py,Accepted,18.0,3064.0,691,
s715849538,p03937,u309141201,1588457256,Python,Python (3.4.3),py,Accepted,18.0,2940.0,173,
s610968312,p03937,u127768253,1588447721,C++,C++14 (GCC 5.4.1),cpp,Accepted,1.0,256.0,1573,
s452638665,p03937,u952467214,1588447200,Python,Python (3.4.3),py,Accepted,18.0,3060.0,224,
s886777147,p03937,u073015397,1588446210,C++,C++14 (GCC 5.4.1),cpp,Accepted,1.0,256.0,841,
s499949325,p03937,u164730704,1588442817,C++,C++14 (GCC 5.4.1),cpp,Accepted,1.0,256.0,493,
s497663601,p03937,u923105140,1588387969,C++,C++14 (GCC 5.4.1),cpp,Accepted,3.0,384.0,793,
s435718061,p03937,u329706129,1588368492,Python,Python (3.4.3),py,Accepted,17.0,3060.0,166,
s812147053,p03937,u329706129,1588368386,C++,C++14 (GCC 5.4.1),cpp,Accepted,1.0,256.0,332,
s104890711,p03937,u156815136,1588357473,Python,Python (3.4.3),py,Accepted,37.0,5148.0,2105,
s987604480,p03937,u105124953,1588345481,Python,Python (3.4.3),py,Accepted,18.0,3064.0,892,
s118601212,p03937,u627803856,1588339617,Python,PyPy3 (2.4.0),py,Accepted,184.0,38384.0,170,
s700529185,p03937,u330661451,1588328645,C++,C++14 (GCC 5.4.1),cpp,Accepted,1.0,256.0,1487,
s753571870,p03937,u339199690,1588320190,Python,Python (3.4.3),py,Accepted,20.0,3316.0,867,
s608549468,p03937,u489959379,1588212415,Python,Python (3.4.3),py,Accepted,1060.0,3436.0,1028,
s071371339,p03937,u872538555,1588196818,Python,Python (3.4.3),py,Accepted,17.0,2940.0,166,
s351401367,p03937,u549579601,1588195224,Python,Python (3.4.3),py,Accepted,17.0,3064.0,610,
s012892303,p03937,u586121204,1588189530,C++,C++14 (GCC 5.4.1),cpp,Accepted,1.0,256.0,553,
s880073617,p03937,u145950990,1588168868,Python,Python (3.4.3),py,Accepted,17.0,2940.0,126,
s435616515,p03937,u145950990,1588168718,Python,Python (3.4.3),py,Accepted,18.0,3064.0,385,
s657684028,p03937,u137747137,1588167820,C++,C++14 (GCC 5.4.1),cpp,Accepted,1.0,256.0,685,
s882435375,p03937,u137747137,1588167628,C++,C++14 (GCC 5.4.1),cpp,Accepted,1.0,256.0,1314,
s579895591,p03937,u375695365,1588166648,Python,Python (3.4.3),py,Accepted,18.0,2940.0,193,
s523655257,p03937,u086503932,1588147459,Python,Python (3.4.3),py,Accepted,17.0,3060.0,255,
s794554943,p03937,u619683748,1588123102,C++,C++14 (GCC 5.4.1),cpp,Accepted,1.0,256.0,1219,
s350073030,p03937,u714642969,1588122428,Python,PyPy3 (2.4.0),py,Accepted,166.0,38512.0,475,
s887903591,p03937,u093973314,1588122418,C++,C++14 (GCC 5.4.1),cpp,Accepted,1.0,256.0,652,
s281585183,p03937,u415916075,1588122385,C++,C++14 (GCC 5.4.1),cpp,Accepted,1.0,256.0,616,
s161515923,p03937,u093973314,1588122060,C++,C++14 (GCC 5.4.1),cpp,Accepted,1.0,256.0,852,
s562534902,p03937,u125545880,1588115435,Python,Python (3.4.3),py,Accepted,37.0,3064.0,779,
s123387861,p03937,u620868411,1588113677,Python,Python (3.4.3),py,Accepted,18.0,3064.0,349,
s145464923,p03937,u230621983,1588095831,Python,Python (3.4.3),py,Accepted,17.0,3060.0,166,
s449831057,p03937,u894471318,1588095482,C++,C++14 (GCC 5.4.1),cpp,Accepted,1.0,256.0,699,
s614474317,p03937,u955202970,1588092512,C++,C++14 (GCC 5.4.1),cpp,Accepted,1.0,256.0,325,
s618523498,p03937,u276115223,1588073758,Python,Python (3.4.3),py,Accepted,18.0,3064.0,817,
s874202037,p03937,u102242691,1588070612,Python,Python (3.4.3),py,Accepted,19.0,3060.0,194,
s296146186,p03937,u601444374,1587933525,C++,C++14 (GCC 5.4.1),cpp,Accepted,1.0,256.0,995,
s248867490,p03937,u050087249,1587932220,C++,C++14 (GCC 5.4.1),cpp,Accepted,1.0,256.0,470,
s822128658,p03937,u234762276,1587932028,C++,C++14 (GCC 5.4.1),cpp,Accepted,1.0,256.0,371,
s222922580,p03937,u863717702,1587927107,C++,C++14 (GCC 5.4.1),cpp,Accepted,1.0,256.0,1043,
s994949956,p03937,u533566373,1587915506,C++,C++14 (GCC 5.4.1),cpp,Accepted,1.0,256.0,486,
s866490084,p03937,u461833298,1587852799,Python,Python (3.4.3),py,Accepted,21.0,3316.0,515,
s564138921,p03937,u747602774,1587845318,Python,Python (3.4.3),py,Accepted,17.0,2940.0,208,
s035713343,p03937,u246343119,1587831107,C++,C++14 (GCC 5.4.1),cpp,Accepted,1.0,256.0,739,
s863221556,p03937,u363005934,1587830694,C++,C++14 (GCC 5.4.1),cpp,Accepted,1.0,256.0,4696,
s498593759,p03937,u642883360,1587821636,C++,C++14 (GCC 5.4.1),cpp,Accepted,1.0,256.0,2611,
s163400989,p03937,u886747123,1587807279,Python,Python (3.4.3),py,Accepted,793.0,3444.0,592,
s793556788,p03937,u706341784,1587758981,C++,C++14 (GCC 5.4.1),cpp,Accepted,1.0,256.0,316,
s943115841,p03937,u706341784,1587758704,C++,C++14 (GCC 5.4.1),cpp,Accepted,1.0,256.0,847,
s967447782,p03937,u619653948,1587694748,C++,C++14 (GCC 5.4.1),cpp,Accepted,1.0,256.0,523,
s432729378,p03937,u424110125,1587688165,C++,C++14 (GCC 5.4.1),cpp,Accepted,1.0,256.0,3479,
s347803901,p03937,u877494916,1587675320,C++,C++14 (GCC 5.4.1),cpp,Accepted,2.0,256.0,1376,
s930238196,p03937,u735008991,1587668218,Python,PyPy3 (2.4.0),py,Accepted,179.0,38256.0,367,
s620060903,p03937,u069838609,1587616152,C++,C++14 (GCC 5.4.1),cpp,Accepted,1.0,256.0,3118,
s528749224,p03937,u225581241,1587598981,C++,C++14 (GCC 5.4.1),cpp,Accepted,1.0,256.0,1739,
s959395693,p03937,u030246664,1587589087,C++,C++14 (GCC 5.4.1),cpp,Accepted,1.0,256.0,594,
s109943847,p03937,u603067482,1587571721,C++,C++14 (GCC 5.4.1),cpp,Accepted,1.0,256.0,606,
s238344581,p03937,u223160139,1587541639,C++,C++14 (GCC 5.4.1),cpp,Accepted,1.0,256.0,1411,
s407880004,p03937,u072526305,1587528709,C++,C++14 (GCC 5.4.1),cpp,Accepted,1.0,256.0,3827,
s976584164,p03937,u868132236,1587507927,C++,C++14 (GCC 5.4.1),cpp,Accepted,1.0,256.0,814,
s912397448,p03937,u411203878,1587499759,Python,PyPy3 (2.4.0),py,Accepted,179.0,38384.0,559,
s258276132,p03937,u161616073,1587497342,C++,C++14 (GCC 5.4.1),cpp,Accepted,1.0,256.0,324,
s032505125,p03937,u890331732,1587492145,C++,C++14 (GCC 5.4.1),cpp,Accepted,1.0,256.0,1843,
s925726534,p03937,u521364030,1587437086,C++,C++14 (GCC 5.4.1),cpp,Accepted,1.0,256.0,707,
s861224906,p03937,u482770395,1587431531,C++,C++14 (GCC 5.4.1),cpp,Accepted,1.0,256.0,1215,
s688970374,p03937,u564902833,1587423764,C++,C++14 (GCC 5.4.1),cpp,Accepted,1.0,256.0,2171,
s086245744,p03937,u128572736,1587416864,C++,C++14 (GCC 5.4.1),cpp,Accepted,1.0,256.0,1148,
s460745224,p03937,u877415670,1587396509,Python,Python (3.4.3),py,Accepted,18.0,3064.0,574,
s841851127,p03937,u009414205,1587394045,C++,C++14 (GCC 5.4.1),cpp,Accepted,1.0,256.0,1043,
s611342787,p03937,u124676202,1587367924,C++,C++14 (GCC 5.4.1),cpp,Accepted,1.0,256.0,928,
s511648762,p03937,u931071094,1587347358,C++,C++14 (GCC 5.4.1),cpp,Accepted,1.0,256.0,862,
s617506705,p03937,u317754719,1587339698,C++,C++14 (GCC 5.4.1),cpp,Accepted,1.0,256.0,1750,
s265704301,p03937,u790461875,1587334245,C++,C++14 (GCC 5.4.1),cpp,Accepted,1.0,256.0,9301,
s803695977,p03937,u219417113,1587333424,Python,PyPy3 (2.4.0),py,Accepted,181.0,38384.0,333,
s285192409,p03937,u716530146,1587333267,Python,Python (3.4.3),py,Accepted,22.0,3444.0,674,
s969171551,p03937,u744305661,1587332259,C++,C++14 (GCC 5.4.1),cpp,Accepted,1.0,256.0,638,
s872145684,p03937,u489061952,1587331065,C++,C++14 (GCC 5.4.1),cpp,Accepted,1.0,256.0,1481,
s813281403,p03937,u999788719,1587325967,C++,C++14 (GCC 5.4.1),cpp,Accepted,1.0,256.0,1489,
s638768154,p03937,u905715926,1587325390,C++,C++14 (GCC 5.4.1),cpp,Accepted,1.0,256.0,660,
s144845669,p03937,u406647332,1587314844,C++,C++14 (GCC 5.4.1),cpp,Accepted,1.0,256.0,317,
s519991120,p03937,u986437843,1587314752,C++,C++14 (GCC 5.4.1),cpp,Accepted,2.0,384.0,194070,
s546151172,p03937,u191874006,1587314051,Python,PyPy3 (2.4.0),py,Accepted,183.0,38512.0,1354,
s642941286,p03937,u315542000,1587314016,C++,C++14 (GCC 5.4.1),cpp,Accepted,1.0,256.0,1156,
s300563359,p03937,u986437843,1587313715,C++,C++14 (GCC 5.4.1),cpp,Accepted,1.0,256.0,193659,
s005424296,p03937,u784022244,1587313580,Python,Python (3.4.3),py,Accepted,154.0,12512.0,825,
s547937049,p03937,u368249389,1587313267,Python,PyPy3 (2.4.0),py,Accepted,166.0,38384.0,596,
s819766510,p03937,u986437843,1587312333,C++,C++14 (GCC 5.4.1),cpp,Accepted,1.0,256.0,193655,
s337873146,p03937,u274883254,1587308014,C++,C++14 (GCC 5.4.1),cpp,Accepted,1.0,256.0,996,
s751846097,p03937,u929582923,1587304979,C++,C++14 (GCC 5.4.1),cpp,Accepted,1.0,256.0,2417,
s099173031,p03937,u157195505,1587304868,C++,C++14 (GCC 5.4.1),cpp,Accepted,1.0,256.0,821,
s403334186,p03937,u340980616,1587303673,C++,C++14 (GCC 5.4.1),cpp,Accepted,1.0,256.0,1122,
s619372880,p03937,u432688695,1587300960,C++,C++14 (GCC 5.4.1),cpp,Accepted,1.0,256.0,4086,
s387087082,p03937,u527993431,1587300678,Python,Python (3.4.3),py,Accepted,17.0,3060.0,157,
s900888234,p03937,u438265890,1587300539,C++,C++14 (GCC 5.4.1),cpp,Accepted,1.0,256.0,858,
s161397985,p03937,u907525511,1587300126,C++,C++14 (GCC 5.4.1),cpp,Accepted,1.0,256.0,400,
s389057348,p03937,u422506696,1587299774,C++,C++14 (GCC 5.4.1),cpp,Accepted,1.0,256.0,1064,
s385696272,p03937,u293198424,1587299702,Python,PyPy3 (2.4.0),py,Accepted,165.0,38256.0,584,
s410759127,p03937,u191484928,1587299698,C++,C++14 (GCC 5.4.1),cpp,Accepted,1.0,256.0,767,
s408648295,p03937,u765690804,1587299252,C++,C++14 (GCC 5.4.1),cpp,Accepted,1.0,256.0,4912,
s298693591,p03937,u992910889,1587298938,Python,PyPy3 (2.4.0),py,Accepted,173.0,38384.0,391,
s411479327,p03937,u715750943,1587298769,C++,C++14 (GCC 5.4.1),cpp,Accepted,1.0,256.0,3765,
s862524624,p03937,u273352618,1587298693,C++,C++14 (GCC 5.4.1),cpp,Accepted,1.0,256.0,1042,
s578178896,p03937,u836737505,1587298236,Python,Python (3.4.3),py,Accepted,17.0,3064.0,461,
s333288065,p03937,u634967948,1587298031,C++,C++14 (GCC 5.4.1),cpp,Accepted,1.0,256.0,592,
s159549158,p03937,u150376070,1587297979,C++,C++14 (GCC 5.4.1),cpp,Accepted,1.0,256.0,4434,
s686628510,p03937,u334644046,1587297891,C++,C++14 (GCC 5.4.1),cpp,Accepted,1.0,256.0,1181,
s639857770,p03937,u374051158,1587297816,C++,C++14 (GCC 5.4.1),cpp,Accepted,1.0,256.0,1231,
s396074063,p03937,u174509352,1587297653,C++,C++14 (GCC 5.4.1),cpp,Accepted,1.0,256.0,1475,
s376682562,p03937,u026620445,1587297608,C++,C++14 (GCC 5.4.1),cpp,Accepted,1.0,256.0,3975,
s752404270,p03937,u516525290,1587297573,C++,C++14 (GCC 5.4.1),cpp,Accepted,1.0,256.0,1544,
s359445717,p03937,u726615467,1587297417,Python,Python (3.4.3),py,Accepted,18.0,3064.0,756,
s566794338,p03937,u294721290,1587297269,C++,C++14 (GCC 5.4.1),cpp,Accepted,1.0,256.0,1652,
s322605950,p03937,u213868052,1587297183,C++,C++14 (GCC 5.4.1),cpp,Accepted,1.0,256.0,752,
s282203842,p03937,u184929210,1587297015,C++,C++14 (GCC 5.4.1),cpp,Accepted,1.0,256.0,390,
s493811443,p03937,u426683236,1587296999,C++,C++14 (GCC 5.4.1),cpp,Accepted,1.0,256.0,6826,
s896416460,p03937,u096616343,1587296996,C++,C++14 (GCC 5.4.1),cpp,Accepted,1.0,256.0,520,
s616260039,p03937,u024191315,1587296863,C++,C++14 (GCC 5.4.1),cpp,Accepted,1.0,256.0,405,
s185483365,p03937,u415325136,1587296815,C++,C++14 (GCC 5.4.1),cpp,Accepted,1.0,256.0,1059,
s991974643,p03937,u892687772,1587296775,C++,C++14 (GCC 5.4.1),cpp,Accepted,1.0,256.0,2006,
s919365828,p03937,u118642796,1587296764,C++,C++14 (GCC 5.4.1),cpp,Accepted,1.0,256.0,1700,
s165206493,p03937,u794173881,1587296752,Python,PyPy3 (2.4.0),py,Accepted,170.0,38384.0,608,
s708515284,p03937,u530107518,1587296736,C++,C++14 (GCC 5.4.1),cpp,Accepted,1.0,256.0,1896,
s676956793,p03937,u105791541,1587296645,C++,C++14 (GCC 5.4.1),cpp,Accepted,1.0,256.0,1409,
s709527422,p03937,u241159583,1587296634,Python,Python (3.4.3),py,Accepted,20.0,3060.0,179,
s504628432,p03937,u628597699,1587296624,C++,C++14 (GCC 5.4.1),cpp,Accepted,1.0,256.0,864,
s537345565,p03937,u859396346,1587296598,C++,C++14 (GCC 5.4.1),cpp,Accepted,8.0,256.0,3691,
s863801780,p03937,u761320129,1587296504,Python,Python (3.4.3),py,Accepted,20.0,3316.0,640,
s950386727,p03937,u596311864,1587296483,C++,C++14 (GCC 5.4.1),cpp,Accepted,1.0,256.0,572,
s353401676,p03937,u186838327,1587296439,Python,PyPy3 (2.4.0),py,Accepted,170.0,38384.0,319,
s253866681,p03937,u585482323,1587296353,Python,PyPy3 (2.4.0),py,Accepted,176.0,38256.0,1474,
s552347463,p03937,u806999568,1587265541,C++,C++14 (GCC 5.4.1),cpp,Accepted,2.0,256.0,1658,
s292850037,p03937,u459105164,1587256029,C++,C++14 (GCC 5.4.1),cpp,Accepted,1.0,256.0,606,
s504355332,p03937,u303297838,1587245475,C++,C++14 (GCC 5.4.1),cpp,Accepted,1.0,256.0,3301,
s249831932,p03937,u373047809,1587240742,Python,Python (3.4.3),py,Accepted,17.0,2940.0,103,
s935122261,p03937,u707124227,1587224087,Python,Python (3.4.3),py,Accepted,17.0,2940.0,157,
s814845275,p03937,u471212175,1587224060,C++,C++14 (GCC 5.4.1),cpp,Accepted,1.0,256.0,953,
s718852670,p03937,u567906952,1587179721,C++,C++14 (GCC 5.4.1),cpp,Accepted,1.0,256.0,563,
s055423311,p03937,u133181739,1587173029,C++,C++14 (GCC 5.4.1),cpp,Accepted,2.0,384.0,1141,
s134367367,p03937,u169212791,1587156552,C++,C++14 (GCC 5.4.1),cpp,Accepted,1.0,256.0,677,
s262402717,p03937,u298633786,1587152711,Python,PyPy3 (2.4.0),py,Accepted,171.0,38384.0,827,
s561413549,p03937,u433852402,1587150651,C++,C++14 (GCC 5.4.1),cpp,Accepted,1.0,256.0,365,
s635303042,p03937,u286623856,1587149736,C++,C++14 (GCC 5.4.1),cpp,Accepted,1.0,256.0,1705,
s150228965,p03937,u358859892,1587145888,C++,C++14 (GCC 5.4.1),cpp,Accepted,1.0,256.0,700,
s051954812,p03937,u852770206,1587142675,C++,C++14 (GCC 5.4.1),cpp,Accepted,1.0,256.0,539,
s526479231,p03937,u478888932,1587135492,Python,Python (3.4.3),py,Accepted,17.0,3060.0,291,
s295958287,p03937,u743889070,1587134185,C++,C++14 (GCC 5.4.1),cpp,Accepted,1.0,256.0,1616,
s559515904,p03937,u655723240,1587127881,C++,C++14 (GCC 5.4.1),cpp,Accepted,1.0,256.0,3286,
s951423775,p03937,u764118909,1587090174,C++,C++14 (GCC 5.4.1),cpp,Accepted,1.0,256.0,430,
s975106433,p03937,u893907405,1587067193,C++,C++14 (GCC 5.4.1),cpp,Accepted,1.0,256.0,548,
s186596935,p03937,u297651868,1587066111,Python,Python (3.4.3),py,Accepted,18.0,3060.0,216,
s723851676,p03937,u009414205,1587063684,C++,C++14 (GCC 5.4.1),cpp,Accepted,1.0,256.0,855,
s219181486,p03937,u603496599,1587029336,C++,C++14 (GCC 5.4.1),cpp,Accepted,2.0,256.0,443,
s308934911,p03937,u003019316,1587009007,Python,PyPy3 (2.4.0),py,Accepted,168.0,38384.0,172,
s238864222,p03937,u003019316,1587008781,Python,Python (3.4.3),py,Accepted,18.0,2940.0,172,
s199438322,p03937,u387371565,1587003027,C++,C++14 (GCC 5.4.1),cpp,Accepted,1.0,256.0,981,
s566454545,p03937,u564589929,1586987203,Python,Python (3.4.3),py,Accepted,18.0,3064.0,613,
s090092062,p03937,u174463135,1586985681,C++,C++14 (GCC 5.4.1),cpp,Accepted,1.0,256.0,301,
s505374116,p03937,u818349438,1586980101,Python,Python (3.4.3),py,Accepted,17.0,2940.0,177,
s266763373,p03937,u422272120,1586916077,Python,Python (3.4.3),py,Accepted,17.0,2940.0,211,
s155369182,p03937,u613960672,1586911847,C++,C++14 (GCC 5.4.1),cpp,Accepted,1.0,256.0,1662,
s779969421,p03937,u562319622,1586911408,C++,C++14 (GCC 5.4.1),cpp,Accepted,1.0,256.0,624,
s040892997,p03937,u028906014,1586907602,C++,C++14 (GCC 5.4.1),cpp,Accepted,1.0,256.0,702,
s005358706,p03937,u089230684,1586905941,C++,C++14 (GCC 5.4.1),cpp,Accepted,1.0,256.0,624,
s616130799,p03937,u996290370,1586841646,C++,C++14 (GCC 5.4.1),cpp,Accepted,1.0,256.0,724,
s763188211,p03937,u204973596,1586840953,C++,C++14 (GCC 5.4.1),cpp,Accepted,1.0,256.0,2829,
s300105602,p03937,u386379599,1586840696,C++,C++14 (GCC 5.4.1),cpp,Accepted,1.0,256.0,1111,
s813733237,p03937,u279493135,1586837861,Python,Python (3.4.3),py,Accepted,38.0,5208.0,904,
s787808776,p03937,u363005934,1586832342,C++,C++14 (GCC 5.4.1),cpp,Accepted,1.0,256.0,1678,
s977028815,p03937,u681349918,1586825729,C++,C++14 (GCC 5.4.1),cpp,Accepted,1.0,256.0,1507,
s997317783,p03937,u363074342,1586809042,Python,Python (3.4.3),py,Accepted,17.0,2940.0,182,
s147562665,p03937,u179593519,1586800026,C++,C++14 (GCC 5.4.1),cpp,Accepted,1.0,256.0,886,
s285324017,p03937,u965730380,1586755534,C++,C++14 (GCC 5.4.1),cpp,Accepted,1.0,256.0,902,
s389728810,p03937,u089142196,1586731683,Python,Python (3.4.3),py,Accepted,18.0,2940.0,146,
s600465199,p03937,u056944756,1586729851,C++,C++14 (GCC 5.4.1),cpp,Accepted,1.0,256.0,897,
s745602775,p03937,u885523920,1586728087,C++,C++14 (GCC 5.4.1),cpp,Accepted,1.0,256.0,728,
s763566024,p03937,u046482892,1586727652,C++,C++14 (GCC 5.4.1),cpp,Accepted,1.0,256.0,386,
s855943917,p03937,u309737572,1586727606,C++,C++ (GCC 5.4.1),cpp,Accepted,1.0,256.0,589,
s374950658,p03937,u187878098,1586721105,C++,C++14 (GCC 5.4.1),cpp,Accepted,1.0,256.0,1068,
s822583410,p03937,u151005508,1586702045,Python,PyPy3 (2.4.0),py,Accepted,169.0,38256.0,674,
s779449977,p03937,u810356688,1586645427,Python,Python (3.4.3),py,Accepted,17.0,3060.0,218,
s520723106,p03937,u253681061,1586639575,Python,Python (3.4.3),py,Accepted,18.0,3060.0,273,
s085215379,p03937,u221285045,1586567940,C++,C++14 (GCC 5.4.1),cpp,Accepted,1.0,256.0,2149,
s495823237,p03937,u754114382,1586485359,C++,C++14 (GCC 5.4.1),cpp,Accepted,1.0,256.0,349,
s230617421,p03937,u754114382,1586464808,C++,C++14 (GCC 5.4.1),cpp,Accepted,1.0,256.0,778,
s319910861,p03937,u353895424,1586403634,Python,Python (3.4.3),py,Accepted,17.0,2940.0,165,
s761934230,p03937,u353895424,1586403002,Python,Python (3.4.3),py,Accepted,17.0,3064.0,522,
s743578113,p03937,u353895424,1586402827,Python,Python (3.4.3),py,Accepted,18.0,3064.0,655,
s436014229,p03937,u457483230,1586389863,C++,C++14 (GCC 5.4.1),cpp,Accepted,1.0,256.0,970,
s114002087,p03937,u384683861,1586370927,C++,C++14 (GCC 5.4.1),cpp,Accepted,1.0,256.0,1378,
s494818197,p03937,u721082205,1586358730,C++,C++ (Clang 3.8.0),cpp,Accepted,7.0,888.0,1211,
s378199148,p03937,u807772568,1586225939,Python,Python (3.4.3),py,Accepted,21.0,3316.0,1379,
s350095233,p03937,u840124773,1586208049,C++,C++ (GCC 5.4.1),cpp,Accepted,1.0,256.0,761,
s669156538,p03937,u870575557,1586206056,Python,Python (3.4.3),py,Accepted,17.0,2940.0,179,
s024488628,p03937,u644972721,1586158675,Python,PyPy3 (2.4.0),py,Accepted,165.0,38384.0,621,
s507775426,p03937,u644972721,1586158344,Python,Python (3.4.3),py,Accepted,27.0,3064.0,451,
s531197130,p03937,u606919221,1586106981,C++,C++14 (GCC 5.4.1),cpp,Accepted,2.0,2304.0,1332,
s197270651,p03937,u652760628,1586098945,C++,C++14 (GCC 5.4.1),cpp,Accepted,2.0,256.0,761,
s154841500,p03937,u414458988,1586057663,Python,PyPy3 (2.4.0),py,Accepted,173.0,38384.0,229,
s227720777,p03937,u741815956,1586040306,C++,C++14 (GCC 5.4.1),cpp,Accepted,1.0,256.0,773,
s224457461,p03937,u371535422,1586036973,C++,C++14 (GCC 5.4.1),cpp,Accepted,1.0,256.0,5560,
s352797464,p03937,u115454768,1586034804,C++,C++14 (GCC 5.4.1),cpp,Accepted,1.0,256.0,456,
s239589387,p03937,u896726004,1586024101,Python,Python (3.4.3),py,Accepted,18.0,3060.0,172,
s315815097,p03937,u881116515,1585955812,C++,C++14 (GCC 5.4.1),cpp,Accepted,1.0,256.0,198,
s110271737,p03937,u323864528,1585926607,C++,C++14 (GCC 5.4.1),cpp,Accepted,1.0,256.0,768,
s017843056,p03937,u622045059,1585877917,Python,Python (3.4.3),py,Accepted,38.0,5292.0,2281,
s338964882,p03937,u419965985,1585867090,C++,C++ (GCC 5.4.1),cpp,Accepted,1.0,256.0,440,
s053433488,p03937,u723721005,1585851367,C++,C++ (GCC 5.4.1),cpp,Accepted,1.0,256.0,445,
s756627491,p03937,u864667985,1585811581,C++,C++14 (GCC 5.4.1),cpp,Accepted,1.0,256.0,895,
s659635588,p03937,u078349616,1585794655,Python,Python (3.4.3),py,Accepted,17.0,2940.0,172,
s300386799,p03937,u047102107,1585792512,Python,PyPy3 (2.4.0),py,Accepted,167.0,38256.0,260,
s615726635,p03937,u148425972,1585785341,C++,C++14 (GCC 5.4.1),cpp,Accepted,1.0,256.0,2044,
s590432910,p03937,u426964396,1585783841,C++,C++ (GCC 5.4.1),cpp,Accepted,1.0,256.0,281,
s980002514,p03937,u138273120,1585707071,C++,C++14 (GCC 5.4.1),cpp,Accepted,1.0,256.0,1233,
s241851103,p03937,u639426108,1585698035,C++,C++14 (GCC 5.4.1),cpp,Accepted,1.0,256.0,619,
s574864789,p03937,u845284573,1585687721,C++,C++14 (GCC 5.4.1),cpp,Accepted,1.0,256.0,1452,
s618009564,p03937,u545368057,1585657253,Python,Python (3.4.3),py,Accepted,17.0,3064.0,198,
s832797479,p03937,u545368057,1585653213,Python,Python (3.4.3),py,Accepted,20.0,3316.0,617,
s584364531,p03937,u265250376,1585652760,C++,C++14 (GCC 5.4.1),cpp,Accepted,1.0,256.0,820,
s751509284,p03937,u543584809,1585630720,C++,C++14 (GCC 5.4.1),cpp,Accepted,1.0,256.0,1336,
s684752557,p03937,u331360010,1585606729,C++,C++14 (GCC 5.4.1),cpp,Accepted,1.0,256.0,7384,
s065003779,p03937,u670898337,1585586557,C++,C++14 (GCC 5.4.1),cpp,Accepted,1.0,256.0,311,
s563174356,p03937,u826998403,1585559990,C++,C++14 (GCC 5.4.1),cpp,Accepted,1.0,256.0,1100,
s554220521,p03937,u476418095,1585541068,C++,C++ (GCC 5.4.1),cpp,Accepted,1.0,256.0,1374,
s603496371,p03937,u476418095,1585538410,C++,C++ (GCC 5.4.1),cpp,Accepted,1.0,256.0,390,
s967887656,p03937,u426964396,1585529574,C++,C++ (GCC 5.4.1),cpp,Accepted,1.0,256.0,1319,
s113954242,p03937,u263933075,1585527117,C++,C++ (GCC 5.4.1),cpp,Accepted,1.0,256.0,702,
s206670202,p03937,u476418095,1585526620,C++,C++ (GCC 5.4.1),cpp,Accepted,1.0,128.0,350,
s827225464,p03937,u426964396,1585526568,C++,C++ (GCC 5.4.1),cpp,Accepted,1.0,256.0,1252,
s713509459,p03937,u586940219,1585525792,C++,C++14 (GCC 5.4.1),cpp,Accepted,1.0,256.0,2919,
s910143405,p03937,u325282913,1585515999,Python,PyPy3 (2.4.0),py,Accepted,173.0,38512.0,837,
s533026171,p03937,u347640436,1585456689,Python,Python (3.4.3),py,Accepted,17.0,2940.0,164,
s195322952,p03937,u781095600,1585449631,C++,C++14 (GCC 5.4.1),cpp,Accepted,1.0,256.0,269,
s188788164,p03937,u521973174,1585432111,C++,C++14 (GCC 5.4.1),cpp,Accepted,1.0,256.0,1416,
s663471896,p03937,u539091783,1585422526,C++,C++14 (GCC 5.4.1),cpp,Accepted,1.0,256.0,2575,
s192934950,p03937,u718758485,1585392513,C++,C++14 (GCC 5.4.1),cpp,Accepted,1.0,256.0,493,
s164254040,p03937,u202634017,1585367345,Python,Python (3.4.3),py,Accepted,42.0,3064.0,682,
s789733734,p03937,u434872492,1585349539,Python,PyPy3 (2.4.0),py,Accepted,166.0,38256.0,731,
s370005455,p03937,u691018832,1585343512,Python,Python (3.4.3),py,Accepted,18.0,3060.0,290,
s504262482,p03937,u993074316,1585342462,C++,C++14 (GCC 5.4.1),cpp,Accepted,1.0,256.0,1610,
s910150403,p03937,u543466827,1585330996,C++,C++14 (GCC 5.4.1),cpp,Accepted,1.0,256.0,775,
s019336148,p03937,u347640436,1585281629,Python,Python (3.4.3),py,Accepted,18.0,3064.0,384,
s394256674,p03937,u287500079,1585101504,Python,PyPy3 (2.4.0),py,Accepted,302.0,60140.0,1316,
s354466458,p03937,u287500079,1585101419,Python,PyPy3 (2.4.0),py,Accepted,286.0,59664.0,1316,
s583666437,p03937,u977661421,1585101117,Python,Python (3.4.3),py,Accepted,18.0,3064.0,906,
s700281398,p03937,u287500079,1585100734,Python,PyPy3 (2.4.0),py,Accepted,314.0,64492.0,1321,
s492211843,p03937,u287500079,1585094513,Python,PyPy3 (2.4.0),py,Accepted,274.0,60012.0,1290,
s114359449,p03937,u671257784,1585071276,C++,C++14 (GCC 5.4.1),cpp,Accepted,1.0,256.0,3198,
s054132322,p03937,u813559924,1585033283,C++,C++14 (GCC 5.4.1),cpp,Accepted,1.0,256.0,1302,
s822989760,p03937,u607594286,1585019917,C++,C++14 (GCC 5.4.1),cpp,Accepted,1.0,256.0,1379,
s899908817,p03937,u241159583,1585011475,Python,Python (3.4.3),py,Accepted,24.0,3060.0,180,
s326855201,p03937,u970197315,1585008803,Python,Python (3.4.3),py,Accepted,20.0,3316.0,769,
s458015575,p03937,u799164835,1585008352,C++,C++14 (GCC 5.4.1),cpp,Accepted,2.0,256.0,2367,
s448895746,p03937,u995004106,1585006419,Python,PyPy3 (2.4.0),py,Accepted,168.0,38256.0,242,
s478023528,p03937,u950174376,1585006392,C++,C++14 (GCC 5.4.1),cpp,Accepted,1.0,256.0,1323,
s870697666,p03937,u992875223,1585002932,C++,C++14 (GCC 5.4.1),cpp,Accepted,1.0,256.0,672,
s639836499,p03937,u576917603,1584973513,Python,Python (3.4.3),py,Accepted,20.0,3064.0,409,
s668488152,p03937,u185325486,1584971790,Python,Python (3.4.3),py,Accepted,17.0,3060.0,171,
s302284593,p03937,u868600519,1584970348,Python,Python (3.4.3),py,Accepted,18.0,3060.0,244,
s218386430,p03937,u843135954,1584969914,Python,Python (3.4.3),py,Accepted,17.0,3064.0,330,
s287049076,p03937,u145600939,1584968770,Python,Python (3.4.3),py,Accepted,17.0,3064.0,484,
s258780303,p03937,u924451152,1584968708,C++,C++14 (GCC 5.4.1),cpp,Accepted,1.0,256.0,953,
s617502603,p03937,u368249389,1584967957,Python,Python (3.4.3),py,Accepted,18.0,3060.0,341,
s665966494,p03937,u614128939,1584967161,C++,C++14 (GCC 5.4.1),cpp,Accepted,1.0,256.0,681,
s804760916,p03937,u617826263,1584967159,C++,C++14 (GCC 5.4.1),cpp,Accepted,1.0,256.0,1157,
s362964573,p03937,u893584578,1584966689,C++,C++14 (GCC 5.4.1),cpp,Accepted,1.0,256.0,1066,
s544159306,p03937,u158583803,1584966097,C++,C++14 (GCC 5.4.1),cpp,Accepted,1.0,256.0,1927,
s506063153,p03937,u259755734,1584965861,Python,Python (3.4.3),py,Accepted,17.0,2940.0,187,
s166914301,p03937,u330661451,1584965640,C++,C++14 (GCC 5.4.1),cpp,Accepted,1.0,256.0,1202,
s413479310,p03937,u491256431,1584965487,C++,C++14 (GCC 5.4.1),cpp,Accepted,1.0,256.0,676,
s068542948,p03937,u024191315,1584965346,C++,C++14 (GCC 5.4.1),cpp,Accepted,1.0,256.0,450,
s044995264,p03937,u018872912,1584965228,C++,C++14 (GCC 5.4.1),cpp,Accepted,1.0,256.0,3149,
s287618301,p03937,u174509352,1584964938,C++,C++14 (GCC 5.4.1),cpp,Accepted,1.0,256.0,878,
s727363224,p03937,u154645927,1584964927,C++,C++14 (GCC 5.4.1),cpp,Accepted,1.0,256.0,4513,
s028962779,p03937,u017078415,1584964672,C++,C++14 (GCC 5.4.1),cpp,Accepted,1.0,256.0,1160,
s815515403,p03937,u835924161,1584964663,C++,C++14 (GCC 5.4.1),cpp,Accepted,1.0,384.0,3597,
s337406937,p03937,u430494842,1584964611,C++,C++14 (GCC 5.4.1),cpp,Accepted,1.0,256.0,4539,
s172208940,p03937,u108540384,1584964459,C++,C++14 (GCC 5.4.1),cpp,Accepted,1.0,256.0,434,
s931636476,p03937,u041513069,1584964421,C++,C++14 (GCC 5.4.1),cpp,Accepted,1.0,256.0,918,
s313574290,p03937,u355371431,1584964347,Python,Python (3.4.3),py,Accepted,18.0,2940.0,198,
s055623588,p03937,u189487046,1584964222,Python,Python (3.4.3),py,Accepted,17.0,3064.0,542,
s257248508,p03937,u254187258,1584964193,C++,C++14 (GCC 5.4.1),cpp,Accepted,1.0,256.0,1951,
s544480994,p03937,u608088992,1584964140,Python,Python (3.4.3),py,Accepted,19.0,3064.0,376,
s903851354,p03937,u846041485,1584964130,C++,C++14 (GCC 5.4.1),cpp,Accepted,1.0,256.0,582,
s198721179,p03937,u722535636,1584964126,C++,C++14 (GCC 5.4.1),cpp,Accepted,1.0,256.0,1203,
s011594749,p03937,u287500079,1584964030,Python,PyPy3 (2.4.0),py,Accepted,275.0,60396.0,1393,
s093512944,p03937,u936602931,1584964007,C++,C++14 (GCC 5.4.1),cpp,Accepted,1.0,256.0,1129,
s205047233,p03937,u530107518,1584963891,C++,C++14 (GCC 5.4.1),cpp,Accepted,1.0,256.0,1778,
s727100754,p03937,u634967948,1584963868,C++,C++14 (GCC 5.4.1),cpp,Accepted,2.0,256.0,679,
s237287385,p03937,u882620594,1584963849,C++,C++14 (GCC 5.4.1),cpp,Accepted,1.0,256.0,909,
s509691886,p03937,u336011173,1584963773,C++,C++14 (GCC 5.4.1),cpp,Accepted,1.0,256.0,1840,
s532820931,p03937,u186838327,1584963659,Python,PyPy3 (2.4.0),py,Accepted,166.0,38384.0,434,
s594419195,p03937,u596311864,1584963591,C++,C++14 (GCC 5.4.1),cpp,Accepted,1.0,256.0,452,
s344250676,p03937,u184929210,1584963528,C++,C++14 (GCC 5.4.1),cpp,Accepted,1.0,256.0,366,
s920464661,p03937,u426683236,1584963523,C++,C++14 (GCC 5.4.1),cpp,Accepted,1.0,256.0,4782,
s247998621,p03937,u555962250,1584963493,C++,C++14 (GCC 5.4.1),cpp,Accepted,1.0,256.0,359,
s152726589,p03937,u134678977,1584963454,C++,C++14 (GCC 5.4.1),cpp,Accepted,2.0,256.0,664,
s715088763,p03937,u895971408,1584963433,C++,C++14 (GCC 5.4.1),cpp,Accepted,1.0,256.0,1568,
s299179106,p03937,u392319141,1584963350,Python,Python (3.4.3),py,Accepted,22.0,3316.0,495,
s244928918,p03937,u371149954,1584963343,C++,C++14 (GCC 5.4.1),cpp,Accepted,1.0,256.0,437,
s198052376,p03937,u312025627,1584963315,Python,PyPy3 (2.4.0),py,Accepted,175.0,38256.0,336,
s671049035,p03937,u328811800,1584913724,C++,C++14 (GCC 5.4.1),cpp,Accepted,1.0,256.0,536,
s970574338,p03937,u346812984,1584913615,Python,Python (3.4.3),py,Accepted,17.0,2940.0,231,
s707041679,p03937,u375398641,1584866369,C++,C++14 (GCC 5.4.1),cpp,Accepted,1.0,256.0,1159,
s267753939,p03937,u022979415,1584846254,Python,Python (3.4.3),py,Accepted,17.0,2940.0,283,
s244216262,p03937,u557168336,1584843859,Python,Python (3.4.3),py,Accepted,18.0,3188.0,1042,
s838762901,p03937,u592686932,1584831160,C++,C++14 (GCC 5.4.1),cpp,Accepted,1.0,256.0,4849,
s905484886,p03937,u721970149,1584830685,Python,PyPy3 (2.4.0),py,Accepted,173.0,38512.0,892,
s243858293,p03937,u709604332,1584825933,C++,C++14 (GCC 5.4.1),cpp,Accepted,1.0,256.0,1313,
s891525537,p03937,u463775490,1584807786,Python,Python (3.4.3),py,Accepted,17.0,3060.0,250,
s051678477,p03937,u516525290,1584806004,C++,C++14 (GCC 5.4.1),cpp,Accepted,1.0,256.0,1910,
s351096992,p03937,u987267288,1584769733,C++,C++14 (GCC 5.4.1),cpp,Accepted,2.0,384.0,7178,
s230776234,p03937,u407614884,1584759777,C++,C++14 (GCC 5.4.1),cpp,Accepted,1.0,256.0,795,
s982164824,p03937,u336381735,1584758102,C++,C++14 (GCC 5.4.1),cpp,Accepted,1.0,256.0,581,
s213805733,p03937,u164316941,1584730834,C++,C++14 (Clang 3.8.0),cpp,Accepted,2.0,380.0,2247,
s974140175,p03937,u020390084,1584606839,Python,PyPy3 (2.4.0),py,Accepted,574.0,52952.0,875,
s216138799,p03937,u020390084,1584606816,Python,Python (3.4.3),py,Accepted,1568.0,3572.0,875,
s556369872,p03937,u154756110,1584596731,C++,C++14 (GCC 5.4.1),cpp,Accepted,1.0,256.0,595,
s985088365,p03937,u231541008,1584581768,C++,C++14 (GCC 5.4.1),cpp,Accepted,5.0,256.0,1663,
s415974740,p03937,u138062788,1584578970,C++,C++14 (GCC 5.4.1),cpp,Accepted,1.0,256.0,937,
s267740683,p03937,u323748756,1584573678,C++,C++14 (GCC 5.4.1),cpp,Accepted,1.0,256.0,2686,
s042469130,p03937,u323748756,1584573488,C++,C++14 (GCC 5.4.1),cpp,Accepted,1.0,256.0,2792,
s956186532,p03937,u984276646,1584563371,Python,Python (3.4.3),py,Accepted,17.0,3064.0,609,
s139681238,p03937,u004411048,1584562381,C++,C++14 (GCC 5.4.1),cpp,Accepted,4.0,504.0,1035,
s087865766,p03937,u508571192,1584512959,C++,C++14 (GCC 5.4.1),cpp,Accepted,1.0,256.0,1868,
s230092116,p03937,u722535636,1584503015,C++,C++14 (GCC 5.4.1),cpp,Accepted,1.0,256.0,1194,
s590038794,p03937,u789323170,1584497061,C++,C++14 (GCC 5.4.1),cpp,Accepted,1.0,256.0,1664,
s104621289,p03937,u591824072,1584460897,C++,C++14 (GCC 5.4.1),cpp,Accepted,1.0,256.0,787,
s517714167,p03937,u308684517,1584419176,Python,Python (3.4.3),py,Accepted,17.0,3064.0,508,
s252307549,p03937,u955282280,1584415295,C++,C++14 (GCC 5.4.1),cpp,Accepted,1.0,256.0,432,
s210232600,p03937,u441250130,1584397682,C++,C++14 (GCC 5.4.1),cpp,Accepted,1.0,256.0,627,
s030150680,p03937,u809967037,1584393335,C++,C++14 (GCC 5.4.1),cpp,Accepted,1.0,256.0,6648,
s665972380,p03937,u634967948,1584392269,C++,C++14 (GCC 5.4.1),cpp,Accepted,1.0,256.0,472,
s217222535,p03937,u943070796,1584391876,C++,C++14 (GCC 5.4.1),cpp,Accepted,1.0,256.0,5396,
s312405691,p03937,u893063840,1584285897,Python,Python (3.4.3),py,Accepted,18.0,3064.0,411,
s016163523,p03937,u556799364,1584245335,Python,PyPy3 (2.4.0),py,Accepted,196.0,38384.0,265,
s093279395,p03937,u247679666,1584228067,C++,C++14 (GCC 5.4.1),cpp,Accepted,1.0,256.0,1540,
s915440797,p03937,u600244905,1584227143,C++,C++14 (GCC 5.4.1),cpp,Accepted,1.0,256.0,1012,
s696511927,p03937,u643302598,1584174199,C++,C++14 (GCC 5.4.1),cpp,Accepted,1.0,256.0,965,
s086266731,p03937,u002459665,1584168420,Python,Python (3.4.3),py,Accepted,18.0,3064.0,1169,
s113554725,p03937,u890807039,1584155074,C++,C++14 (GCC 5.4.1),cpp,Accepted,1.0,256.0,1811,
s925587606,p03937,u675296835,1584154354,C++,C++14 (GCC 5.4.1),cpp,Accepted,1.0,256.0,10512,
s239921408,p03937,u732870425,1584128032,Python,Python (3.4.3),py,Accepted,17.0,3060.0,190,
s054517851,p03937,u630211216,1584124541,C++,C++14 (GCC 5.4.1),cpp,Accepted,1.0,256.0,436,
s136562011,p03937,u623468376,1584119957,C++,C++14 (GCC 5.4.1),cpp,Accepted,1.0,256.0,1229,
s748369412,p03937,u521723672,1584062564,C++,C++14 (GCC 5.4.1),cpp,Accepted,1.0,256.0,1929,
s020054405,p03937,u371190543,1584060706,Python,Python (3.4.3),py,Accepted,17.0,2940.0,199,
s588604518,p03937,u644568158,1584059988,C++,C++14 (GCC 5.4.1),cpp,Accepted,1.0,256.0,5366,
s324314002,p03937,u330661451,1584059798,C++,C++14 (GCC 5.4.1),cpp,Accepted,1.0,256.0,976,
s106910105,p03937,u700484101,1584059641,C++,C++14 (GCC 5.4.1),cpp,Accepted,2.0,384.0,2010,
s595008259,p03937,u242031676,1584058976,Python,Python (3.4.3),py,Accepted,155.0,4464.0,725,
s321673568,p03937,u828388155,1584058408,C++,C++14 (GCC 5.4.1),cpp,Accepted,1.0,256.0,1093,
s188347640,p03937,u550014122,1584058196,C++,C++14 (GCC 5.4.1),cpp,Accepted,1.0,256.0,1142,
s688381677,p03937,u994988729,1584058037,Python,Python (3.4.3),py,Accepted,17.0,2940.0,165,
s357056438,p03937,u350388631,1584051646,C++,C++14 (GCC 5.4.1),cpp,Accepted,1.0,256.0,4664,
s804203730,p03937,u863044225,1584047550,C++,C++14 (GCC 5.4.1),cpp,Accepted,1.0,256.0,2243,
s240015545,p03937,u626468554,1584042382,Python,Python (3.4.3),py,Accepted,19.0,3064.0,782,
s738437193,p03937,u645250356,1584038717,Python,Python (3.4.3),py,Accepted,39.0,5080.0,848,
s463094877,p03937,u465669072,1584038621,C++,C++14 (GCC 5.4.1),cpp,Accepted,1.0,256.0,1746,
s213711057,p03937,u426649993,1584037653,Python,Python (3.4.3),py,Accepted,17.0,3060.0,343,
s014679660,p03937,u802963389,1584035362,Python,Python (3.4.3),py,Accepted,18.0,3060.0,192,
s046207175,p03937,u227604873,1584033484,C++,C++14 (GCC 5.4.1),cpp,Accepted,1.0,256.0,317,
s158791861,p03937,u867848444,1584030438,Python,Python (3.4.3),py,Accepted,17.0,3060.0,224,
s852631831,p03937,u179778090,1584029104,C++,C++14 (GCC 5.4.1),cpp,Accepted,1.0,256.0,1058,
s123187709,p03937,u200215998,1584028731,C++,C++14 (GCC 5.4.1),cpp,Accepted,1.0,256.0,4060,
s985624858,p03937,u530107518,1584028542,C++,C++14 (GCC 5.4.1),cpp,Accepted,1.0,256.0,4270,
s444186073,p03937,u108540384,1584028524,C++,C++14 (GCC 5.4.1),cpp,Accepted,1.0,256.0,332,
s066951853,p03937,u312025627,1584023921,Python,PyPy3 (2.4.0),py,Accepted,164.0,38384.0,336,
s888528895,p03937,u576917603,1584022969,Python,Python (3.4.3),py,Accepted,17.0,3064.0,348,
s587715311,p03937,u120564432,1584022812,C++,C++14 (GCC 5.4.1),cpp,Accepted,1.0,256.0,1139,
s025860705,p03937,u120564432,1584021958,C++,C++14 (GCC 5.4.1),cpp,Accepted,1.0,256.0,1104,
s560198034,p03937,u241159583,1584017310,Python,Python (3.4.3),py,Accepted,17.0,3060.0,216,
s705571395,p03937,u430494842,1584016916,C++,C++14 (GCC 5.4.1),cpp,Accepted,1.0,256.0,4181,
s170165632,p03937,u987164499,1584016582,Python,Python (3.4.3),py,Accepted,18.0,3064.0,954,
s809239382,p03937,u846041485,1584016016,C++,C++14 (GCC 5.4.1),cpp,Accepted,1.0,256.0,496,
s928554334,p03937,u620084012,1584015370,Python,Python (3.4.3),py,Accepted,17.0,2940.0,135,
s462961528,p03937,u587857074,1584015358,C++,C++14 (GCC 5.4.1),cpp,Accepted,1.0,256.0,1806,
s336978517,p03937,u572665222,1584015260,C++,C++14 (GCC 5.4.1),cpp,Accepted,1.0,256.0,1134,
s704015493,p03937,u730271001,1584015129,C++,C++14 (GCC 5.4.1),cpp,Accepted,1.0,256.0,1821,
s327743528,p03937,u088895504,1584014935,C++,C++14 (GCC 5.4.1),cpp,Accepted,1.0,256.0,645,
s210969516,p03937,u882620594,1584014925,C++,C++14 (GCC 5.4.1),cpp,Accepted,1.0,256.0,953,
s959844346,p03937,u000113982,1584014902,C++,C++14 (GCC 5.4.1),cpp,Accepted,1.0,256.0,5677,
s377501948,p03937,u987913144,1584014841,C++,C++14 (GCC 5.4.1),cpp,Accepted,1.0,256.0,2649,
s852445006,p03937,u671257784,1584014796,C++,C++14 (GCC 5.4.1),cpp,Accepted,1.0,256.0,3241,
s391818961,p03937,u414947284,1584014794,C++,C++14 (GCC 5.4.1),cpp,Accepted,1.0,256.0,1277,
s891374522,p03937,u817760251,1584014763,C++,C++14 (GCC 5.4.1),cpp,Accepted,1.0,256.0,812,
s183521517,p03937,u184929210,1584014726,C++,C++14 (GCC 5.4.1),cpp,Accepted,1.0,256.0,595,
s445502574,p03937,u379928983,1584014630,C++,C++14 (GCC 5.4.1),cpp,Accepted,1.0,256.0,762,
s847045640,p03937,u119098168,1584014593,C++,C++14 (GCC 5.4.1),cpp,Accepted,1.0,256.0,1630,
s215606639,p03937,u639343026,1584014586,Python,Python (3.4.3),py,Accepted,18.0,3064.0,1078,
s771477922,p03937,u186838327,1584014555,Python,PyPy3 (2.4.0),py,Accepted,167.0,38256.0,404,
s980675235,p03937,u608088992,1584014537,Python,Python (3.4.3),py,Accepted,24.0,3316.0,1132,
s245700746,p03937,u134678977,1584014461,C++,C++14 (GCC 5.4.1),cpp,Accepted,3.0,256.0,1202,
s989875595,p03937,u380412651,1584014449,C++,C++14 (GCC 5.4.1),cpp,Accepted,1.0,256.0,547,
s460562474,p03937,u846041485,1584014204,C++,C++14 (GCC 5.4.1),cpp,Accepted,2.0,256.0,496,
s671384769,p03937,u667024514,1584014131,Python,Python (3.4.3),py,Accepted,17.0,2940.0,175,
s326369331,p03937,u268793453,1584014028,C++,C++14 (GCC 5.4.1),cpp,Accepted,1.0,256.0,310,
s894905775,p03937,u371149954,1584014013,C++,C++14 (GCC 5.4.1),cpp,Accepted,1.0,256.0,671,
s159680053,p03937,u312025627,1584013960,Python,PyPy3 (2.4.0),py,Accepted,166.0,38508.0,1163,
s829216932,p03937,u617826263,1584013954,C++,C++14 (GCC 5.4.1),cpp,Accepted,1.0,256.0,1213,
s626272625,p03937,u643840641,1584013949,C++,C++14 (GCC 5.4.1),cpp,Accepted,1.0,256.0,1079,
s042527361,p03937,u852690916,1584013934,Python,PyPy3 (2.4.0),py,Accepted,171.0,38256.0,693,
s538825115,p03937,u596311864,1584013788,C++,C++14 (GCC 5.4.1),cpp,Accepted,1.0,256.0,598,
s660468929,p03937,u287500079,1584013766,Python,Python (3.4.3),py,Accepted,39.0,5148.0,1336,
s235814995,p03937,u876978301,1584013764,C++,C++14 (GCC 5.4.1),cpp,Accepted,1.0,256.0,420,
s301270701,p03937,u041513069,1584013692,C++,C++14 (GCC 5.4.1),cpp,Accepted,1.0,256.0,1211,
s197613310,p03937,u555962250,1584013617,C++,C++14 (GCC 5.4.1),cpp,Accepted,1.0,256.0,1380,
s817929062,p03937,u259053514,1584013566,C++,C++14 (GCC 5.4.1),cpp,Accepted,1.0,256.0,5144,
s428516227,p03937,u934272719,1584013561,C++,C++14 (GCC 5.4.1),cpp,Accepted,1.0,256.0,1858,
s210666355,p03937,u561083515,1584013515,Python,Python (3.4.3),py,Accepted,17.0,2940.0,241,
s342951323,p03937,u903311413,1584013423,C++,C++14 (GCC 5.4.1),cpp,Accepted,1.0,256.0,3532,
s847537572,p03937,u423624748,1584013389,C++,C++14 (GCC 5.4.1),cpp,Accepted,1.0,256.0,668,
s837868835,p03937,u426683236,1584013291,C++,C++14 (GCC 5.4.1),cpp,Accepted,1.0,256.0,4772,
s085760145,p03937,u227082700,1584013272,Python,Python (3.4.3),py,Accepted,18.0,3064.0,456,
s983414839,p03937,u268571052,1584013162,C++,C++14 (GCC 5.4.1),cpp,Accepted,1.0,256.0,925,
s676361070,p03937,u897304429,1584013135,C++,C++14 (GCC 5.4.1),cpp,Accepted,1.0,256.0,2052,
s606562977,p03937,u898167769,1584013025,C++,C++14 (GCC 5.4.1),cpp,Accepted,1.0,256.0,2519,
s445810466,p03937,u504103417,1584012928,C++,C++14 (GCC 5.4.1),cpp,Accepted,1.0,256.0,789,
s185993312,p03937,u691896522,1583978075,Python,PyPy3 (2.4.0),py,Accepted,176.0,38256.0,349,
s009553504,p03937,u443685186,1583958992,C++,C++14 (GCC 5.4.1),cpp,Accepted,1.0,256.0,3751,
s113914899,p03937,u252729807,1583942347,Python,PyPy3 (2.4.0),py,Accepted,177.0,38384.0,272,
s059327893,p03937,u979852867,1583907096,C++,C++14 (GCC 5.4.1),cpp,Accepted,1.0,256.0,1024,
s604396784,p03937,u151107315,1583906748,Python,Python (3.4.3),py,Accepted,17.0,2940.0,147,
s428398764,p03937,u102242691,1583898550,Python,Python (3.4.3),py,Accepted,19.0,2940.0,285,
s382663147,p03937,u469315559,1583884805,C++,C++14 (GCC 5.4.1),cpp,Accepted,1.0,256.0,739,
s554525725,p03937,u117348081,1583872635,C++,C++14 (GCC 5.4.1),cpp,Accepted,1.0,256.0,3361,
s528861249,p03937,u071680334,1583834412,Python,Python (3.4.3),py,Accepted,18.0,3064.0,718,
s671512830,p03937,u970308980,1583807061,Python,Python (3.4.3),py,Accepted,19.0,3064.0,316,
s322186796,p03937,u596311864,1583787070,C++,C++14 (GCC 5.4.1),cpp,Accepted,1.0,256.0,1396,
s803194413,p03937,u473023730,1583614355,C++,C++14 (GCC 5.4.1),cpp,Accepted,4.0,384.0,916,
s967324801,p03937,u273928723,1583606208,C++,C++14 (GCC 5.4.1),cpp,Accepted,1.0,256.0,1778,
s420749970,p03937,u433189059,1583550857,C++,C++14 (GCC 5.4.1),cpp,Accepted,1.0,256.0,416,
s404718461,p03937,u426764965,1583549842,Python,Python (3.4.3),py,Accepted,18.0,2940.0,200,
s780426427,p03937,u917972976,1583532714,C++,C++14 (Clang 3.8.0),cpp,Accepted,1.0,256.0,3564,
s384828941,p03937,u552847961,1583528932,C++,C++14 (GCC 5.4.1),cpp,Accepted,1.0,256.0,1048,
s234419283,p03937,u572142121,1583527717,Python,Python (3.4.3),py,Accepted,18.0,3060.0,212,
s633638556,p03937,u618604643,1583524949,C++,C++14 (GCC 5.4.1),cpp,Accepted,1.0,256.0,1212,
s810520506,p03937,u492030100,1583512110,C++,C++14 (GCC 5.4.1),cpp,Accepted,1.0,256.0,1437,
s283256152,p03937,u073549161,1583476748,Python,Python (3.4.3),py,Accepted,23.0,3572.0,508,
s412970328,p03937,u168017191,1583464889,C++,C++14 (GCC 5.4.1),cpp,Accepted,1.0,256.0,716,
s192035590,p03937,u003026289,1583454792,C++,C++14 (GCC 5.4.1),cpp,Accepted,1.0,256.0,928,
s358666718,p03937,u507684381,1583380339,C++,C++ (GCC 5.4.1),cpp,Accepted,1.0,256.0,341,
s309746873,p03937,u704563784,1583377675,Python,Python (3.4.3),py,Accepted,17.0,3064.0,684,
s770769437,p03937,u454524105,1583374542,Python,Python (3.4.3),py,Accepted,17.0,2940.0,200,
s350721733,p03937,u744607340,1583367175,C++,C++14 (GCC 5.4.1),cpp,Accepted,1.0,256.0,693,
s513241224,p03937,u644360640,1583362829,Python,Python (3.4.3),py,Accepted,18.0,2940.0,244,
s812095671,p03937,u423656246,1583275624,C++,C++14 (GCC 5.4.1),cpp,Accepted,1.0,256.0,709,
s561773994,p03937,u504836877,1583194260,Python,Python (3.4.3),py,Accepted,18.0,3064.0,424,
s429487130,p03937,u820224016,1583123462,C++,C++14 (GCC 5.4.1),cpp,Accepted,1.0,256.0,216,
s390417779,p03937,u184572586,1583113065,C++,C++14 (GCC 5.4.1),cpp,Accepted,5.0,764.0,2079,
s129401355,p03937,u268792407,1583109579,Python,Python (3.4.3),py,Accepted,17.0,3060.0,155,
s544152229,p03937,u348231925,1583075599,C++,C++14 (GCC 5.4.1),cpp,Accepted,1.0,256.0,680,
s531634906,p03937,u157195505,1583043946,C++,C++14 (GCC 5.4.1),cpp,Accepted,1.0,256.0,700,
s120772882,p03937,u839397805,1583010300,C++,C++14 (GCC 5.4.1),cpp,Accepted,1.0,256.0,4509,
s514497272,p03937,u088552457,1583000953,Python,Python (3.4.3),py,Accepted,17.0,2940.0,151,
s963425948,p03937,u293156359,1582986620,C++,C++14 (GCC 5.4.1),cpp,Accepted,1.0,256.0,1198,
s068465278,p03937,u156778176,1582907911,C++,C++14 (GCC 5.4.1),cpp,Accepted,1.0,256.0,1440,
s601981352,p03937,u849073847,1582867883,C++,C++14 (GCC 5.4.1),cpp,Accepted,1.0,256.0,929,
s336794028,p03937,u797165415,1582858566,C++,C++14 (GCC 5.4.1),cpp,Accepted,1.0,256.0,527,
s365391344,p03937,u155416173,1582836342,C++,C++14 (GCC 5.4.1),cpp,Accepted,1.0,256.0,2105,
s067474733,p03937,u868237899,1582754696,C++,C++14 (GCC 5.4.1),cpp,Accepted,1.0,256.0,499,
s910683270,p03937,u217627525,1582754634,Python,Python (3.4.3),py,Accepted,17.0,3064.0,341,
s712464700,p03937,u780962115,1582692365,Python,Python (3.4.3),py,Accepted,17.0,3064.0,569,
s958756002,p03937,u668191971,1582658380,C++,C++14 (GCC 5.4.1),cpp,Accepted,1.0,256.0,1328,
s441997234,p03937,u984529214,1582607491,C++,C++14 (GCC 5.4.1),cpp,Accepted,1.0,256.0,1086,
s545158209,p03937,u942393279,1582582598,C++,C++14 (GCC 5.4.1),cpp,Accepted,1.0,256.0,2022,
s430733953,p03937,u857428111,1582519296,Python,PyPy3 (2.4.0),py,Accepted,299.0,68332.0,2189,
s192618753,p03937,u732412551,1582517355,Python,Python (3.4.3),py,Accepted,17.0,2940.0,125,
s609299996,p03937,u393754572,1582514910,C++,C++14 (GCC 5.4.1),cpp,Accepted,1.0,256.0,1140,
s217185564,p03937,u374051158,1582490102,C++,C++14 (GCC 5.4.1),cpp,Accepted,2.0,256.0,1376,
s505864591,p03937,u426964396,1582475204,C++,C++ (GCC 5.4.1),cpp,Accepted,1.0,256.0,354,
s750324112,p03937,u316440712,1582462629,C++,C++14 (GCC 5.4.1),cpp,Accepted,1.0,256.0,6502,
s214264502,p03937,u162612857,1582345115,Python,Python (3.4.3),py,Accepted,17.0,2940.0,151,
s994836791,p03937,u995725911,1582333359,C++,C++14 (GCC 5.4.1),cpp,Accepted,1.0,256.0,1690,
s689471575,p03937,u672475305,1582327742,Python,Python (3.4.3),py,Accepted,17.0,3060.0,164,
s031039297,p03937,u275797573,1582311046,C++,C++14 (GCC 5.4.1),cpp,Accepted,1.0,256.0,12619,
s067591649,p03937,u937275419,1582265416,C++,C++14 (GCC 5.4.1),cpp,Accepted,1.0,256.0,527,
s015987540,p03937,u273010357,1582250315,Python,Python (3.4.3),py,Accepted,17.0,3064.0,659,
s950359082,p03937,u273010357,1582235999,Python,Python (3.4.3),py,Accepted,17.0,3064.0,195,
s947236456,p03937,u814265211,1582173114,Python,Python (3.4.3),py,Accepted,173.0,13296.0,185,
s220521526,p03937,u394721319,1582169199,Python,Python (3.4.3),py,Accepted,17.0,3060.0,413,
s527112091,p03937,u328510800,1582165450,Python,Python (3.4.3),py,Accepted,21.0,3316.0,1483,
s164174359,p03937,u721433342,1582095681,C++,C++14 (GCC 5.4.1),cpp,Accepted,9.0,256.0,1370,
s344910652,p03937,u446744054,1582095538,C++,C++14 (GCC 5.4.1),cpp,Accepted,1.0,256.0,903,
s657615358,p03937,u348868667,1582082190,Python,PyPy3 (2.4.0),py,Accepted,168.0,38384.0,1037,
s542581373,p03937,u564182781,1581996425,C++,C++14 (GCC 5.4.1),cpp,Accepted,1.0,256.0,2052,
s227339636,p03937,u550398291,1581978072,C++,C++14 (GCC 5.4.1),cpp,Accepted,1.0,256.0,1434,
s658656663,p03937,u603303736,1581967555,C++,C++14 (GCC 5.4.1),cpp,Accepted,1.0,256.0,6005,
s364812914,p03937,u426964396,1581888214,C++,C++ (GCC 5.4.1),cpp,Accepted,1.0,256.0,813,
s536278933,p03937,u878355493,1581853909,C++,C++14 (GCC 5.4.1),cpp,Accepted,1.0,256.0,867,
s804078837,p03937,u521389909,1581786664,C++,C++14 (GCC 5.4.1),cpp,Accepted,1.0,256.0,1301,
s813513859,p03937,u347057617,1581782071,C++,C++14 (GCC 5.4.1),cpp,Accepted,1.0,256.0,1297,
s893247787,p03937,u337199858,1581617809,C++,C++14 (GCC 5.4.1),cpp,Accepted,1.0,256.0,2683,
s060508453,p03937,u540491484,1581537731,C++,C++14 (GCC 5.4.1),cpp,Accepted,1.0,256.0,1905,
s166866506,p03937,u740916051,1581535142,C++,C++14 (GCC 5.4.1),cpp,Accepted,1.0,256.0,793,
s422967559,p03937,u389007679,1581475885,C++,C++14 (GCC 5.4.1),cpp,Accepted,1.0,256.0,409,
s211381655,p03937,u537234062,1581434586,C++,C++14 (GCC 5.4.1),cpp,Accepted,1.0,256.0,1231,
s203648127,p03937,u170183831,1581433156,Python,Python (3.4.3),py,Accepted,20.0,3316.0,179,
s976819930,p03937,u139458416,1581355187,C++,C++14 (GCC 5.4.1),cpp,Accepted,1.0,256.0,656,
s504738655,p03937,u723721005,1581352825,C++,C++ (GCC 5.4.1),cpp,Accepted,1.0,256.0,681,
s717335254,p03937,u239087789,1581318842,C++,C++14 (GCC 5.4.1),cpp,Accepted,1.0,256.0,270,
s727164343,p03937,u995062424,1581295657,Python,Python (3.4.3),py,Accepted,17.0,3064.0,309,
s268628290,p03937,u452512115,1581117231,C++,C++14 (GCC 5.4.1),cpp,Accepted,1.0,256.0,3958,
s945352805,p03937,u199184624,1581110823,C++,C++14 (GCC 5.4.1),cpp,Accepted,1.0,256.0,406,
s155370377,p03937,u761362252,1581108920,C++,C++14 (GCC 5.4.1),cpp,Accepted,1.0,256.0,653,
s303070540,p03937,u533749093,1581053569,C++,C++14 (GCC 5.4.1),cpp,Accepted,1.0,256.0,265,
s426183391,p03937,u267022560,1581045513,C++,C++14 (GCC 5.4.1),cpp,Accepted,1.0,256.0,1495,
s528192365,p03937,u267022560,1581045355,C++,C++14 (GCC 5.4.1),cpp,Accepted,1.0,256.0,1333,
s248143874,p03937,u426964396,1580963303,C++,C++ (GCC 5.4.1),cpp,Accepted,1.0,256.0,993,
s674783984,p03937,u813098295,1580953467,C++,C++14 (GCC 5.4.1),cpp,Accepted,1.0,256.0,621,
s376895715,p03937,u242031676,1580951273,C++,C++14 (GCC 5.4.1),cpp,Accepted,1.0,256.0,1112,
s928444198,p03937,u424374375,1580873348,C++,C++14 (GCC 5.4.1),cpp,Accepted,1.0,256.0,242,
s421968146,p03937,u183840468,1580770661,Python,Python (3.4.3),py,Accepted,18.0,3060.0,226,
s040798444,p03937,u757584836,1580702202,C++,C++14 (GCC 5.4.1),cpp,Accepted,1.0,256.0,357,
s888888012,p03937,u164859992,1580691638,C++,C++14 (GCC 5.4.1),cpp,Accepted,1.0,256.0,342,
s279181091,p03937,u246639932,1580621910,C++,C++14 (GCC 5.4.1),cpp,Accepted,1.0,256.0,889,
s434551747,p03937,u061892265,1580607272,C++,C++ (GCC 5.4.1),cpp,Accepted,1.0,256.0,952,
s515100165,p03937,u094746828,1580528101,C++,C++14 (GCC 5.4.1),cpp,Accepted,1.0,256.0,520,
s114349698,p03937,u558115145,1580427902,C++,C++14 (GCC 5.4.1),cpp,Accepted,1.0,256.0,893,
s115238620,p03937,u009348313,1580319332,Python,PyPy3 (2.4.0),py,Accepted,171.0,38544.0,340,
s720817163,p03937,u043443359,1580252655,C++,C++14 (GCC 5.4.1),cpp,Accepted,1.0,256.0,5350,
s321021813,p03937,u438093485,1580178866,C++,C++14 (GCC 5.4.1),cpp,Accepted,1.0,256.0,1839,
s995265937,p03937,u683134447,1580084518,Python,Python (3.4.3),py,Accepted,18.0,3064.0,547,
s388030776,p03937,u861141787,1580049644,Python,Python (3.4.3),py,Accepted,17.0,3064.0,621,
s846468871,p03937,u349091349,1579839595,Python,PyPy3 (2.4.0),py,Accepted,170.0,38384.0,321,
s695756302,p03937,u408910484,1579786659,C++,C++14 (Clang 3.8.0),cpp,Accepted,2.0,384.0,5350,
s689590635,p03937,u768735561,1579681037,C++,C++14 (GCC 5.4.1),cpp,Accepted,1.0,256.0,755,
s728568925,p03937,u979163294,1579669233,C++,C++14 (GCC 5.4.1),cpp,Accepted,1.0,256.0,327,
s298164594,p03937,u133886644,1579586969,C++,C++14 (GCC 5.4.1),cpp,Accepted,1.0,256.0,1392,
s083102888,p03937,u247366051,1579535517,C++,C++ (GCC 5.4.1),cpp,Accepted,1.0,128.0,349,
s462032847,p03937,u263933075,1579520645,C++,C++ (GCC 5.4.1),cpp,Accepted,1.0,256.0,354,
s870692452,p03937,u472645805,1579493422,C++,C++14 (GCC 5.4.1),cpp,Accepted,1.0,256.0,833,
s789514097,p03937,u258994590,1579393926,C++,C++14 (GCC 5.4.1),cpp,Accepted,1.0,256.0,523,
s505765436,p03937,u037276799,1579367638,C++,C++14 (GCC 5.4.1),cpp,Accepted,1.0,256.0,778,
s631788931,p03937,u842939260,1579333375,C++,C++14 (GCC 5.4.1),cpp,Accepted,3.0,256.0,1386,
s107130979,p03937,u144029820,1579316594,C++,C++14 (GCC 5.4.1),cpp,Accepted,1.0,256.0,420,
s493875531,p03937,u320367606,1579165312,C++,C++14 (GCC 5.4.1),cpp,Accepted,1.0,256.0,1808,
s831157862,p03937,u970197315,1579138853,Python,Python (3.4.3),py,Accepted,21.0,3316.0,926,
s588068608,p03937,u278356323,1579113251,Python,Python (3.4.3),py,Accepted,17.0,3060.0,335,
s245736582,p03937,u963055157,1579062658,C++,C++14 (GCC 5.4.1),cpp,Accepted,1.0,256.0,548,
s962016984,p03937,u994307795,1579046185,C++,C++14 (GCC 5.4.1),cpp,Accepted,1.0,256.0,1422,
s810091477,p03937,u174434198,1579044175,Python,Python (3.4.3),py,Accepted,18.0,3064.0,704,
s789513401,p03937,u314050667,1579024857,Python,Python (3.4.3),py,Accepted,17.0,3060.0,223,
s191732343,p03937,u314050667,1579024727,Python,Python (3.4.3),py,Accepted,17.0,3064.0,469,
s871560367,p03937,u111121874,1578997742,C++,C++14 (GCC 5.4.1),cpp,Accepted,1.0,256.0,486,
s065120273,p03937,u264265458,1578784416,C++,C++14 (GCC 5.4.1),cpp,Accepted,1.0,256.0,2824,
s163319915,p03937,u163061394,1578736600,C++,C++14 (GCC 5.4.1),cpp,Accepted,1.0,256.0,671,
s689433863,p03937,u264265458,1578728425,C++,C++14 (GCC 5.4.1),cpp,Accepted,1.0,256.0,2824,
s171183823,p03937,u264265458,1578721580,C++,C++14 (GCC 5.4.1),cpp,Accepted,1.0,256.0,2823,
s138058045,p03937,u264265458,1578721432,C++,C++14 (GCC 5.4.1),cpp,Accepted,1.0,256.0,3804,
s945796522,p03937,u960267905,1578671854,C++,C++14 (GCC 5.4.1),cpp,Accepted,1.0,256.0,1752,
s297825970,p03937,u954176652,1578620947,C++,C++14 (GCC 5.4.1),cpp,Accepted,1.0,256.0,1103,
s128207889,p03937,u820341516,1578618775,C++,C++14 (GCC 5.4.1),cpp,Accepted,1.0,256.0,750,
s903878177,p03937,u864197622,1578597430,Python,Python (3.4.3),py,Accepted,18.0,3064.0,508,
s259041155,p03937,u723721005,1578588437,C++,C++ (GCC 5.4.1),cpp,Accepted,1.0,256.0,1009,
s707154214,p03937,u389411299,1578409447,C++,C++14 (GCC 5.4.1),cpp,Accepted,1.0,256.0,307,
s560443126,p03937,u021358975,1578377246,C++,C++14 (GCC 5.4.1),cpp,Accepted,1.0,256.0,804,
s681404254,p03937,u483992368,1578372314,C++,C++14 (GCC 5.4.1),cpp,Accepted,1.0,256.0,1164,
s412624995,p03937,u241190159,1578325761,Python,Python (3.4.3),py,Accepted,18.0,3064.0,763,
s669237116,p03937,u547448704,1578315254,C++,C++14 (GCC 5.4.1),cpp,Accepted,1.0,256.0,984,
s084364729,p03937,u646792990,1578310186,C++,C++14 (GCC 5.4.1),cpp,Accepted,1.0,256.0,971,
s459394598,p03937,u777283665,1578181845,Python,Python (3.4.3),py,Accepted,17.0,2940.0,159,
s287326172,p03937,u709304134,1578152309,Python,Python (3.4.3),py,Accepted,20.0,3060.0,218,
s583527190,p03937,u696290869,1578146746,C++,C++14 (Clang 3.8.0),cpp,Accepted,2.0,256.0,1021,
s593708979,p03937,u747390421,1578116699,C++,C++14 (GCC 5.4.1),cpp,Accepted,2.0,384.0,562,
s981208115,p03937,u423585790,1578079676,Python,PyPy3 (2.4.0),py,Accepted,203.0,40048.0,2209,
s082354366,p03937,u512624048,1578028472,C++,C++14 (GCC 5.4.1),cpp,Accepted,1.0,256.0,683,
s428832231,p03937,u648212584,1578027482,Python,Python (3.4.3),py,Accepted,17.0,3064.0,428,
s131849336,p03937,u460603067,1577990833,C++,C++14 (GCC 5.4.1),cpp,Accepted,1.0,256.0,263,
s568308818,p03937,u045368371,1577981238,C++,C++14 (GCC 5.4.1),cpp,Accepted,1.0,256.0,390,
s691785985,p03937,u445624660,1577940357,Python,Python (3.4.3),py,Accepted,17.0,3064.0,1250,
s389985316,p03937,u476418095,1577925354,C++,C++14 (GCC 5.4.1),cpp,Accepted,1.0,256.0,326,
s751364974,p03937,u917282863,1577845736,C++,C++14 (GCC 5.4.1),cpp,Accepted,1.0,256.0,905,
s455411211,p03937,u305366205,1577832901,Python,Python (3.4.3),py,Accepted,18.0,2940.0,197,
s393075924,p03937,u305366205,1577832343,Python,Python (3.4.3),py,Accepted,18.0,3064.0,411,
s683698240,p03937,u433195318,1577783159,C++,C++14 (GCC 5.4.1),cpp,Accepted,1.0,256.0,1972,
s514007134,p03937,u225388820,1577773071,Python,Python (3.4.3),py,Accepted,17.0,3064.0,427,
s364030778,p03937,u010090035,1577735766,Python,Python (3.4.3),py,Accepted,17.0,3064.0,339,
s633295757,p03937,u013408661,1577731620,C++,C++14 (GCC 5.4.1),cpp,Accepted,1.0,256.0,302,
s201383603,p03937,u580697892,1577659319,Python,Python (3.4.3),py,Accepted,153.0,14408.0,692,
s579871162,p03937,u638795007,1577596566,Python,Python (3.4.3),py,Accepted,23.0,3544.0,754,
s361928161,p03937,u368780724,1577568730,Python,PyPy3 (2.4.0),py,Accepted,167.0,38256.0,225,
s741288014,p03937,u169138653,1577562210,Python,Python (3.4.3),py,Accepted,18.0,3060.0,189,
s219689603,p03937,u806657856,1577556125,C++,C++14 (GCC 5.4.1),cpp,Accepted,1.0,256.0,1885,
s443908809,p03937,u395676079,1577508824,C++,C++14 (GCC 5.4.1),cpp,Accepted,1.0,256.0,831,
s901296090,p03937,u723721005,1577506562,C++,C++ (GCC 5.4.1),cpp,Accepted,1.0,256.0,737,
s777498168,p03937,u376239786,1577505879,C++,C++ (GCC 5.4.1),cpp,Accepted,1.0,256.0,967,
s090024831,p03937,u195036695,1577502782,C++,C++14 (GCC 5.4.1),cpp,Accepted,1.0,256.0,330,
s168089710,p03937,u824337972,1577498488,C++,C++14 (GCC 5.4.1),cpp,Accepted,1.0,256.0,1407,
s890460301,p03937,u523698212,1577404402,C++,C++14 (GCC 5.4.1),cpp,Accepted,1.0,256.0,568,
s726590888,p03937,u134181243,1577396803,C++,C++14 (GCC 5.4.1),cpp,Accepted,1.0,256.0,824,
s094807228,p03937,u727787724,1577393418,Python,PyPy3 (2.4.0),py,Accepted,167.0,38256.0,259,
s303096024,p03937,u102461423,1577382874,Python,Python (3.4.3),py,Accepted,18.0,3064.0,610,
s139721378,p03937,u842596864,1577228659,C++,C++14 (GCC 5.4.1),cpp,Accepted,1.0,256.0,353,
s533105631,p03937,u644907318,1577196022,Python,PyPy3 (2.4.0),py,Accepted,180.0,38384.0,355,
s557414428,p03937,u727787724,1577165959,Python,Python (3.4.3),py,Accepted,17.0,3060.0,258,
s147461592,p03937,u232429509,1577157012,C++,C++14 (GCC 5.4.1),cpp,Accepted,1.0,256.0,1832,
s386651819,p03937,u540761833,1577140941,Python,Python (3.4.3),py,Accepted,17.0,2940.0,170,
s318862779,p03937,u540761833,1577140653,Python,Python (3.4.3),py,Accepted,23.0,3444.0,969,
s221449956,p03937,u905582793,1577049895,Python,Python (3.4.3),py,Accepted,18.0,3064.0,589,
s083376247,p03937,u385825353,1577049455,C++,C++14 (GCC 5.4.1),cpp,Accepted,1.0,256.0,2599,
s356882717,p03937,u724742135,1577046862,Python,Python (3.4.3),py,Accepted,17.0,3060.0,259,
s464839008,p03937,u263933075,1576957440,C++,C++ (GCC 5.4.1),cpp,Accepted,1.0,256.0,326,
s698585120,p03937,u988961969,1576953788,C++,C++14 (GCC 5.4.1),cpp,Accepted,1.0,256.0,1482,
s708772054,p03937,u247366051,1576951141,C++,C++14 (GCC 5.4.1),cpp,Accepted,1.0,256.0,373,
s559505612,p03937,u263933075,1576901170,C++,C++ (GCC 5.4.1),cpp,Accepted,1.0,256.0,340,
s123630009,p03937,u723721005,1576899339,C++,C++ (GCC 5.4.1),cpp,Accepted,10.0,764.0,847,
s750622641,p03937,u094191970,1576889834,Python,Python (3.4.3),py,Accepted,17.0,2940.0,122,
s679905025,p03937,u094191970,1576827162,Python,Python (3.4.3),py,Accepted,21.0,3316.0,555,
s791803196,p03937,u845937249,1576758796,Python,PyPy3 (2.4.0),py,Accepted,185.0,38512.0,442,
s122127688,p03937,u442754977,1576722872,C++,C++14 (GCC 5.4.1),cpp,Accepted,1.0,256.0,342,
s548904507,p03937,u903311413,1576719077,C++,C++14 (GCC 5.4.1),cpp,Accepted,1.0,256.0,2402,
s789221066,p03937,u272015756,1576612888,C++,C++14 (GCC 5.4.1),cpp,Accepted,1.0,256.0,839,
s318107802,p03937,u024469792,1576501370,C++,C++14 (GCC 5.4.1),cpp,Accepted,1.0,256.0,902,
s605722836,p03937,u905203728,1576438828,Python,Python (3.4.3),py,Accepted,19.0,3060.0,165,
s934991711,p03937,u588093355,1576416695,C++,C++14 (GCC 5.4.1),cpp,Accepted,4.0,384.0,860,
s820498233,p03937,u685346012,1576414226,C++,C++14 (GCC 5.4.1),cpp,Accepted,1.0,256.0,1912,
s320972279,p03937,u685346012,1576414046,C++,C++14 (GCC 5.4.1),cpp,Accepted,1.0,256.0,1962,
s812897025,p03937,u028572059,1576398537,C++,C++14 (GCC 5.4.1),cpp,Accepted,1.0,256.0,508,
s219342767,p03937,u622585907,1576384369,C++,C++14 (GCC 5.4.1),cpp,Accepted,1.0,256.0,3418,
s005957294,p03937,u455533363,1576323785,Python,Python (3.4.3),py,Accepted,17.0,3060.0,326,
s965611109,p03937,u475503988,1576272924,Python,Python (3.4.3),py,Accepted,17.0,3064.0,484,
s414978158,p03937,u824237520,1576258925,Python,Python (3.4.3),py,Accepted,17.0,3064.0,589,
s270910101,p03937,u673361376,1576253445,Python,PyPy3 (2.4.0),py,Accepted,178.0,40572.0,505,
s180364959,p03937,u511501183,1576223360,C++,C++14 (GCC 5.4.1),cpp,Accepted,1.0,256.0,1354,
s318201338,p03937,u994988729,1576208331,Python,Python (3.4.3),py,Accepted,274.0,20548.0,697,
s726900508,p03937,u511965386,1576192138,Python,PyPy3 (2.4.0),py,Accepted,195.0,38384.0,423,
s609035474,p03937,u755499606,1576160399,C++,C++14 (GCC 5.4.1),cpp,Accepted,1.0,256.0,538,
s094074249,p03937,u183896397,1576127080,Python,Python (3.4.3),py,Accepted,17.0,2940.0,215,
s028010745,p03937,u503228842,1576102303,Python,Python (3.4.3),py,Accepted,17.0,2940.0,168,
s864022124,p03937,u167988719,1576092495,C++,C++14 (GCC 5.4.1),cpp,Accepted,1.0,256.0,1013,
s180910846,p03937,u252828980,1576071319,Python,Python (3.4.3),py,Accepted,17.0,2940.0,167,
s773117166,p03937,u102067593,1576036215,C++,C++14 (GCC 5.4.1),cpp,Accepted,1.0,256.0,935,
s793009836,p03937,u476418095,1576024919,C++,C++ (GCC 5.4.1),cpp,Accepted,1.0,256.0,305,
s916273391,p03937,u281840563,1576016544,C++,C++14 (GCC 5.4.1),cpp,Accepted,1.0,256.0,1339,
s577385765,p03937,u989345508,1576008990,Python,Python (3.4.3),py,Accepted,20.0,3316.0,979,
s353440966,p03937,u718774863,1575955516,C++,C++14 (GCC 5.4.1),cpp,Accepted,1.0,256.0,2223,
s845565787,p03937,u903396129,1575875827,C++,C++14 (GCC 5.4.1),cpp,Accepted,1.0,256.0,2154,
s622177784,p03937,u476418095,1575768497,C++,C++ (GCC 5.4.1),cpp,Accepted,2.0,256.0,629,
s607543879,p03937,u723721005,1575765279,C++,C++ (GCC 5.4.1),cpp,Accepted,1.0,256.0,272,
s311830304,p03937,u077536797,1575613140,C++,C++14 (GCC 5.4.1),cpp,Accepted,1.0,256.0,337,
s743558420,p03937,u194908943,1575586699,C++,C++14 (GCC 5.4.1),cpp,Accepted,1.0,256.0,1359,
s218919975,p03937,u762420987,1575559078,Python,Python (3.4.3),py,Accepted,17.0,2940.0,209,
s749391175,p03937,u987164499,1575534426,Python,Python (3.4.3),py,Accepted,17.0,3064.0,522,
s034239879,p03937,u987164499,1575534274,Python,Python (3.4.3),py,Accepted,17.0,3064.0,494,
s380500508,p03937,u326034736,1575516708,C++,C++14 (GCC 5.4.1),cpp,Accepted,1.0,256.0,1233,
s219235152,p03937,u277556971,1575351643,C++,C++14 (GCC 5.4.1),cpp,Accepted,7.0,256.0,1694,
s715252560,p03937,u832152513,1575346948,Python,PyPy3 (2.4.0),py,Accepted,167.0,38384.0,544,
s582158861,p03937,u852449189,1575330678,C++,C++14 (GCC 5.4.1),cpp,Accepted,1.0,256.0,1267,
s170359072,p03937,u952130512,1575221819,C++,C++14 (GCC 5.4.1),cpp,Accepted,1.0,256.0,807,
s384687505,p03937,u794173881,1575180945,Python,PyPy3 (2.4.0),py,Accepted,168.0,38384.0,236,
s382323544,p03937,u513434790,1575175266,Python,Python (3.4.3),py,Accepted,20.0,3316.0,220,
s858111792,p03937,u754022296,1575175125,Python,Python (3.4.3),py,Accepted,17.0,2940.0,146,
s703140874,p03937,u798818115,1575152165,Python,Python (3.4.3),py,Accepted,19.0,3188.0,678,
s292793622,p03937,u343935874,1575126908,C++,C++14 (GCC 5.4.1),cpp,Accepted,1.0,256.0,1561,
s628486362,p03937,u298768617,1575092284,C++,C++14 (GCC 5.4.1),cpp,Accepted,1.0,256.0,363,
s221910127,p03937,u862412671,1575089283,C++,C++14 (GCC 5.4.1),cpp,Accepted,1.0,256.0,1163,
s456037932,p03937,u548834738,1575063990,C++,C++14 (GCC 5.4.1),cpp,Accepted,1.0,256.0,343,
s219742911,p03937,u365512540,1575012938,C++,C++14 (GCC 5.4.1),cpp,Accepted,1.0,256.0,2052,
s380603054,p03937,u365512540,1575012780,C++,C++14 (GCC 5.4.1),cpp,Accepted,1.0,256.0,2721,
s486004785,p03937,u936985471,1574987785,Python,Python (3.4.3),py,Accepted,17.0,2940.0,194,
s511615542,p03937,u936985471,1574987531,Python,Python (3.4.3),py,Accepted,18.0,3064.0,490,
s082284785,p03937,u073852194,1574975443,Python,Python (3.4.3),py,Accepted,18.0,3064.0,533,
s485767473,p03937,u600402037,1574920956,Python,Python (3.4.3),py,Accepted,19.0,3188.0,931,
s538854232,p03937,u066369439,1574860467,C++,C++14 (GCC 5.4.1),cpp,Accepted,1.0,256.0,1719,
s802523371,p03937,u354336886,1574795931,C++,C++14 (GCC 5.4.1),cpp,Accepted,1.0,256.0,3745,
s758762054,p03937,u254871849,1574754488,Python,Python (3.4.3),py,Accepted,150.0,12500.0,379,
s186209106,p03937,u254871849,1574753076,Python,Python (3.4.3),py,Accepted,151.0,12508.0,688,
s512768783,p03937,u642120132,1574716903,C++,C++14 (GCC 5.4.1),cpp,Accepted,2.0,256.0,328,
s642329820,p03937,u311379832,1574630900,Python,Python (3.4.3),py,Accepted,18.0,3064.0,429,
s175575508,p03937,u950046716,1574566118,C++,C++14 (GCC 5.4.1),cpp,Accepted,1.0,256.0,427,
s416985266,p03937,u419741873,1574477838,C++,C++14 (GCC 5.4.1),cpp,Accepted,1.0,256.0,1075,
s561519096,p03937,u645250356,1574473897,Python,PyPy3 (2.4.0),py,Accepted,267.0,46812.0,1246,
s975269214,p03937,u815878613,1574388512,Python,Python (3.4.3),py,Accepted,18.0,3064.0,755,
s887337229,p03937,u559765551,1574382378,C++,C++14 (GCC 5.4.1),cpp,Accepted,1.0,256.0,505,
s792914005,p03937,u521652313,1574378042,C++,C++14 (GCC 5.4.1),cpp,Accepted,1.0,256.0,404,
s661554747,p03937,u276115223,1574364080,Python,Python (3.4.3),py,Accepted,17.0,2940.0,268,
s102642230,p03937,u018679195,1574362199,C++,C++14 (GCC 5.4.1),cpp,Accepted,1.0,256.0,860,
s727140947,p03937,u318042557,1574311115,Python,PyPy3 (2.4.0),py,Accepted,170.0,38384.0,345,
s431871707,p03937,u987039629,1574273560,C++,C++14 (GCC 5.4.1),cpp,Accepted,1.0,256.0,374,
s087952833,p03937,u801721993,1574182072,C++,C++14 (GCC 5.4.1),cpp,Accepted,1.0,256.0,1237,
s078198074,p03937,u911575040,1574179986,Python,PyPy3 (2.4.0),py,Accepted,163.0,38420.0,172,
s796421996,p03937,u409064224,1574127028,Python,Python (3.4.3),py,Accepted,18.0,3060.0,204,
s561423645,p03937,u552122040,1574124882,C++,C++14 (GCC 5.4.1),cpp,Accepted,6.0,256.0,1936,
s191038173,p03937,u933129390,1574123991,Python,Python (3.4.3),py,Accepted,18.0,3064.0,572,
s131932354,p03937,u495699318,1574047665,C++,C++14 (GCC 5.4.1),cpp,Accepted,3.0,256.0,1960,
s425852258,p03937,u089032001,1574021012,Python,Python (3.4.3),py,Accepted,18.0,3064.0,545,
s140783725,p03937,u298620933,1573975136,C++,C++14 (GCC 5.4.1),cpp,Accepted,1.0,256.0,1681,
s379770566,p03937,u064983113,1573970389,C++,C++14 (GCC 5.4.1),cpp,Accepted,1.0,256.0,1175,
s980355552,p03937,u633402865,1573953684,C++,C++14 (GCC 5.4.1),cpp,Accepted,1.0,256.0,316,
s670339103,p03937,u511379665,1573932671,Python,Python (3.4.3),py,Accepted,17.0,3060.0,223,
s584561743,p03937,u434282696,1573929744,C++,C++14 (GCC 5.4.1),cpp,Accepted,1.0,256.0,1028,
s290946387,p03937,u779455925,1573922883,Python,PyPy3 (2.4.0),py,Accepted,165.0,38384.0,712,
s955938694,p03937,u331948661,1573864358,C++,C++14 (GCC 5.4.1),cpp,Accepted,1.0,256.0,745,
s285231013,p03937,u450072997,1573846370,C++,C++14 (GCC 5.4.1),cpp,Accepted,1.0,256.0,808,
s463851840,p03937,u814986259,1573825729,Python,Python (3.4.3),py,Accepted,17.0,3060.0,356,
s341319641,p03937,u352248517,1573779820,C++,C++14 (GCC 5.4.1),cpp,Accepted,1.0,256.0,684,
s813329762,p03937,u229842440,1573778019,C++,C++14 (GCC 5.4.1),cpp,Accepted,2.0,256.0,1519,
s819661130,p03937,u603486542,1573756801,C++,C++14 (GCC 5.4.1),cpp,Accepted,1.0,256.0,1054,
s724932453,p03937,u816631826,1573747554,C++,C++14 (GCC 5.4.1),cpp,Accepted,1.0,256.0,1063,
s160954293,p03937,u089230684,1573746979,C++,C++14 (GCC 5.4.1),cpp,Accepted,1.0,256.0,1054,
s196928431,p03937,u476418095,1573624754,C++,C++14 (GCC 5.4.1),cpp,Accepted,1.0,256.0,1232,
s224413758,p03937,u168774513,1573621461,C++,C++14 (GCC 5.4.1),cpp,Accepted,1.0,256.0,500,
s295236077,p03937,u311636831,1573583950,Python,Python (3.4.3),py,Accepted,17.0,3064.0,506,
s631654073,p03937,u722553038,1573582920,C++,C++14 (GCC 5.4.1),cpp,Accepted,1.0,256.0,496,
s038558882,p03937,u377989038,1573581510,Python,Python (3.4.3),py,Accepted,17.0,2940.0,145,
s500438622,p03937,u471684875,1573520059,Python,PyPy3 (2.4.0),py,Accepted,192.0,38256.0,866,
s527405728,p03937,u680707192,1573499976,C++,C++14 (GCC 5.4.1),cpp,Accepted,1.0,256.0,443,
s318187991,p03937,u654115433,1573344875,C++,C++14 (GCC 5.4.1),cpp,Accepted,1.0,256.0,810,
s391948716,p03937,u415325136,1573267462,C++,C++14 (GCC 5.4.1),cpp,Accepted,1.0,256.0,386,
s755015127,p03937,u379959788,1573247705,Python,Python (3.4.3),py,Accepted,17.0,3060.0,234,
s046682204,p03937,u379959788,1573246696,Python,Python (3.4.3),py,Accepted,17.0,3188.0,1521,
s578821633,p03937,u083440680,1573057209,C++,C++ (GCC 5.4.1),cpp,Accepted,1.0,256.0,1175,
s187133478,p03937,u974214237,1573005214,C++,C++14 (GCC 5.4.1),cpp,Accepted,1.0,256.0,405,
s983353559,p03937,u476418095,1572928956,C++,C++14 (GCC 5.4.1),cpp,Accepted,1.0,128.0,251,
s364438266,p03937,u354567428,1572904223,C++,C++14 (GCC 5.4.1),cpp,Accepted,1.0,256.0,1342,
s070726154,p03937,u450832845,1572831518,C++,C++14 (GCC 5.4.1),cpp,Accepted,1.0,256.0,2337,
s887966632,p03937,u644568158,1572825191,C++,C++14 (GCC 5.4.1),cpp,Accepted,1.0,256.0,1110,
s240239335,p03937,u897328029,1572812031,Python,Python (3.4.3),py,Accepted,17.0,3064.0,1665,
s348257886,p03937,u354567428,1572755804,C++,C++14 (GCC 5.4.1),cpp,Accepted,1.0,256.0,1449,
s822064565,p03937,u026620445,1572751066,C++,C++14 (GCC 5.4.1),cpp,Accepted,1.0,256.0,2318,
s491338617,p03937,u625741705,1572730029,C++,C++14 (GCC 5.4.1),cpp,Accepted,1.0,256.0,397,
s175534236,p03937,u665871498,1572653914,C++,C++14 (GCC 5.4.1),cpp,Accepted,1.0,256.0,476,
s963200534,p03937,u286411981,1572620563,C++,C++14 (GCC 5.4.1),cpp,Accepted,1.0,256.0,717,
s155118552,p03937,u455757400,1572608147,C++,C++14 (GCC 5.4.1),cpp,Accepted,1.0,256.0,1168,
s581206706,p03937,u937642029,1572569613,Python,PyPy3 (2.4.0),py,Accepted,160.0,38384.0,308,
s811987655,p03937,u577747009,1572492842,C++,C++14 (GCC 5.4.1),cpp,Accepted,1.0,256.0,1149,
s948111962,p03937,u215315599,1572479547,Python,Python (3.4.3),py,Accepted,18.0,2940.0,190,
s596218034,p03937,u374531474,1572413274,Python,Python (3.4.3),py,Accepted,17.0,2940.0,141,
s146969950,p03937,u263933075,1572405210,C++,C++ (GCC 5.4.1),cpp,Accepted,1.0,256.0,359,
s586530121,p03937,u940569542,1572402019,C++,C++14 (GCC 5.4.1),cpp,Accepted,1.0,256.0,548,
s158888238,p03937,u517411077,1572393187,C++,C++14 (GCC 5.4.1),cpp,Accepted,1.0,256.0,1436,
s212577414,p03937,u225337272,1572392686,C++,C++14 (GCC 5.4.1),cpp,Accepted,1.0,256.0,375,
s956917653,p03937,u247366051,1572197159,C++,C++ (GCC 5.4.1),cpp,Accepted,1.0,256.0,339,
s420394813,p03937,u170350182,1572132190,Python,PyPy3 (2.4.0),py,Accepted,165.0,38384.0,322,
s318094729,p03937,u623954643,1572104018,C++,C++14 (GCC 5.4.1),cpp,Accepted,32.0,3840.0,1082,
s021869464,p03937,u291873788,1572038182,C++,C++14 (GCC 5.4.1),cpp,Accepted,1.0,256.0,439,
s094951847,p03937,u216849520,1571978706,C++,C++14 (GCC 5.4.1),cpp,Accepted,1.0,256.0,901,
s697491770,p03937,u247366051,1571957252,C++,C++14 (GCC 5.4.1),cpp,Accepted,1.0,256.0,354,
s874893149,p03937,u410118019,1571953748,Python,Python (3.4.3),py,Accepted,17.0,3064.0,599,
s323341960,p03937,u750422019,1571892207,C++,C++14 (GCC 5.4.1),cpp,Accepted,1.0,256.0,800,
s895084441,p03937,u735089337,1571863564,C++,C++14 (GCC 5.4.1),cpp,Accepted,1.0,256.0,1660,
s941428899,p03937,u328364772,1571670789,Python,Python (3.4.3),py,Accepted,17.0,3064.0,383,
s451989628,p03937,u146975530,1571648337,C++,C++14 (GCC 5.4.1),cpp,Accepted,1.0,256.0,2439,
s499727597,p03937,u223904637,1571605017,Python,PyPy3 (2.4.0),py,Accepted,444.0,50396.0,451,
s349667893,p03937,u945181840,1571597423,Python,Python (3.4.3),py,Accepted,17.0,3060.0,223,
s323458815,p03937,u089885969,1571581600,C++,C++14 (GCC 5.4.1),cpp,Accepted,1.0,256.0,766,
s270865800,p03937,u334351654,1571564468,C++,C++14 (GCC 5.4.1),cpp,Accepted,1.0,256.0,1142,
s298312171,p03937,u801513186,1571544812,C++,C++14 (GCC 5.4.1),cpp,Accepted,1.0,256.0,1617,
s676038806,p03937,u022832318,1571531933,C++,C++14 (GCC 5.4.1),cpp,Accepted,5.0,896.0,1087,
s673805687,p03937,u598229387,1571521590,Python,Python (3.4.3),py,Accepted,17.0,3188.0,468,
s215812135,p03937,u930841425,1571520120,C++,C++14 (GCC 5.4.1),cpp,Accepted,1.0,256.0,768,
s868515099,p03937,u196697332,1571513389,Python,Python (3.4.3),py,Accepted,17.0,3064.0,604,
s271987209,p03937,u371409687,1571419037,Python,Python (3.4.3),py,Accepted,17.0,2940.0,152,
s468664150,p03937,u325227960,1571379431,Python,PyPy3 (2.4.0),py,Accepted,183.0,38384.0,540,
s971021163,p03937,u969116807,1571279290,C++,C++14 (GCC 5.4.1),cpp,Accepted,1.0,256.0,758,
s827119878,p03937,u476418095,1571267604,C++,C++ (GCC 5.4.1),cpp,Accepted,1.0,256.0,1138,
s940580017,p03937,u184929210,1571176470,C++,C++14 (GCC 5.4.1),cpp,Accepted,1.0,256.0,571,
s311378985,p03937,u069450081,1571169793,C++,C++14 (GCC 5.4.1),cpp,Accepted,1.0,256.0,1735,
s681759151,p03937,u344122377,1571162724,C++,C++14 (GCC 5.4.1),cpp,Accepted,1.0,256.0,474,
s766849678,p03937,u340293807,1571160599,C++,C++14 (GCC 5.4.1),cpp,Accepted,1.0,256.0,1574,
s946640256,p03937,u383233579,1571123708,C++,C++14 (GCC 5.4.1),cpp,Accepted,1.0,256.0,911,
s892456302,p03937,u373958718,1571117318,C++,C++14 (GCC 5.4.1),cpp,Accepted,1.0,256.0,257,
s063741249,p03937,u167931717,1571107126,C++,C++14 (GCC 5.4.1),cpp,Accepted,1.0,256.0,20008,
s522426381,p03937,u542670845,1571106317,C++,C++14 (GCC 5.4.1),cpp,Accepted,1.0,256.0,721,
s198618212,p03937,u386769326,1571105147,C++,C++14 (GCC 5.4.1),cpp,Accepted,1.0,256.0,641,
s525882706,p03937,u530329977,1571082338,C++,C++14 (GCC 5.4.1),cpp,Accepted,1.0,256.0,425,
s119296475,p03937,u031448582,1571057583,C++,C++14 (GCC 5.4.1),cpp,Accepted,1.0,256.0,896,
s082067566,p03937,u713368169,1570913675,C++,C++14 (GCC 5.4.1),cpp,Accepted,1.0,256.0,612,
s564294520,p03937,u723721005,1570855785,C++,C++ (GCC 5.4.1),cpp,Accepted,1.0,256.0,313,
s442300169,p03937,u828521673,1570838780,C++,C++14 (GCC 5.4.1),cpp,Accepted,1.0,256.0,1390,
s337651352,p03937,u828766688,1570737393,Python,Python (3.4.3),py,Accepted,17.0,2940.0,210,
s648566514,p03937,u753803401,1570717828,Python,PyPy3 (2.4.0),py,Accepted,176.0,38420.0,344,
s190190132,p03937,u760505850,1570692514,C++,C++14 (GCC 5.4.1),cpp,Accepted,1.0,256.0,3359,
s230333821,p03937,u042802884,1570673543,Python,Python (3.4.3),py,Accepted,17.0,2940.0,187,
s606551537,p03937,u931819817,1570605188,C++,C++14 (GCC 5.4.1),cpp,Accepted,1.0,128.0,636,
s836204047,p03937,u410878763,1570588970,C++,C++14 (GCC 5.4.1),cpp,Accepted,1.0,256.0,837,
s068769588,p03937,u723721005,1570566525,C++,C++ (GCC 5.4.1),cpp,Accepted,1.0,256.0,430,
s176069062,p03937,u459127263,1570550588,C++,C++14 (GCC 5.4.1),cpp,Accepted,1.0,256.0,881,
s281535298,p03937,u459127263,1570550495,C++,C++14 (GCC 5.4.1),cpp,Accepted,1.0,256.0,889,
s260301973,p03937,u209713918,1570526446,C++,C++14 (GCC 5.4.1),cpp,Accepted,1.0,128.0,1218,
s705208274,p03937,u062908837,1570512016,C++,C++14 (GCC 5.4.1),cpp,Accepted,1.0,256.0,952,
s145138108,p03937,u298297089,1570499923,Python,Python (3.4.3),py,Accepted,17.0,2940.0,153,
s510456804,p03937,u979078704,1570481802,C++,C++14 (GCC 5.4.1),cpp,Accepted,1.0,256.0,529,
s201385059,p03937,u979078704,1570480150,C++,C++14 (GCC 5.4.1),cpp,Accepted,1.0,256.0,699,
s438363407,p03937,u652420316,1570478395,C++,C++14 (GCC 5.4.1),cpp,Accepted,1.0,256.0,1565,
s909655858,p03937,u296150111,1570474230,Python,Python (3.4.3),py,Accepted,18.0,3192.0,833,
s075656835,p03937,u924923133,1570435957,C++,C++14 (GCC 5.4.1),cpp,Accepted,1.0,256.0,668,
s998414340,p03937,u596342425,1570433762,C++,C++14 (GCC 5.4.1),cpp,Accepted,1.0,256.0,587,
s739210939,p03937,u929585607,1570408361,C++,C++14 (GCC 5.4.1),cpp,Accepted,1.0,256.0,310,
s370881539,p03937,u485731913,1570322503,C++,C++14 (GCC 5.4.1),cpp,Accepted,5.0,764.0,1030,
s693334674,p03937,u047554023,1570321159,C++,C++14 (GCC 5.4.1),cpp,Accepted,1.0,256.0,283,
s481504793,p03937,u083910207,1570315302,C++,C++14 (GCC 5.4.1),cpp,Accepted,1.0,256.0,430,
s432273764,p03937,u083910207,1570315118,C++,C++14 (GCC 5.4.1),cpp,Accepted,1.0,256.0,778,
s836243733,p03937,u802963389,1570283492,Python,PyPy3 (2.4.0),py,Accepted,170.0,38256.0,208,
s062712303,p03937,u392319141,1570277637,Python,Python (3.4.3),py,Accepted,17.0,2940.0,158,
s511297690,p03937,u392319141,1570277187,Python,Python (3.4.3),py,Accepted,17.0,3064.0,815,
s751270479,p03937,u289617440,1570262114,C++,C++14 (GCC 5.4.1),cpp,Accepted,1.0,256.0,686,
s981456044,p03937,u289617440,1570262063,C++,C++14 (GCC 5.4.1),cpp,Accepted,1.0,256.0,689,
s838090833,p03937,u741479586,1570260930,C++,C++14 (GCC 5.4.1),cpp,Accepted,1.0,256.0,882,
s640946514,p03937,u900305088,1570259677,C++,C++14 (GCC 5.4.1),cpp,Accepted,1.0,256.0,681,
s173723840,p03937,u834506619,1570238930,C++,C++14 (GCC 5.4.1),cpp,Accepted,1.0,256.0,306,
s403308437,p03937,u192280767,1570223856,C++,C++14 (GCC 5.4.1),cpp,Accepted,1.0,256.0,300,
s570463472,p03937,u782098901,1570213024,C++,C++14 (GCC 5.4.1),cpp,Accepted,1.0,256.0,359,
s000546892,p03937,u521043998,1570208914,C++,C++14 (GCC 5.4.1),cpp,Accepted,1.0,256.0,1145,
s979154961,p03937,u110464018,1570143919,C++,C++14 (GCC 5.4.1),cpp,Accepted,3.0,384.0,1423,
s880580811,p03937,u832995587,1570024883,C++,C++14 (GCC 5.4.1),cpp,Accepted,1.0,256.0,1087,
s596112962,p03937,u668503853,1569978569,Python,Python (3.4.3),py,Accepted,17.0,3064.0,123,
s981325665,p03937,u751730221,1569943101,C++,C++14 (GCC 5.4.1),cpp,Accepted,1.0,256.0,1219,
s043122442,p03937,u322177979,1569900144,C++,C++14 (GCC 5.4.1),cpp,Accepted,1.0,256.0,4027,
s575826652,p03937,u389910364,1569895253,Python,Python (3.4.3),py,Accepted,156.0,13680.0,1143,
s612943663,p03937,u811925250,1569890438,C++,C++14 (GCC 5.4.1),cpp,Accepted,1.0,256.0,841,
s057160849,p03937,u225581241,1569868147,C++,C++14 (GCC 5.4.1),cpp,Accepted,1.0,256.0,1565,
s598766929,p03937,u698883164,1569865864,C++,C++14 (GCC 5.4.1),cpp,Accepted,1.0,256.0,1073,
s452216914,p03937,u698883164,1569865640,C++,C++14 (GCC 5.4.1),cpp,Accepted,1.0,256.0,1384,
s046841113,p03937,u629133942,1569827178,C++,C++14 (GCC 5.4.1),cpp,Accepted,1.0,256.0,437,
s738172685,p03937,u166378830,1569781102,C++,C++14 (GCC 5.4.1),cpp,Accepted,1.0,256.0,342,
s006881001,p03937,u883323885,1569644134,C++,C++14 (GCC 5.4.1),cpp,Accepted,1.0,256.0,665,
s768716389,p03937,u941438707,1569634250,Python,Python (3.4.3),py,Accepted,18.0,3064.0,429,
s266629034,p03937,u465233477,1569624094,C++,C++14 (GCC 5.4.1),cpp,Accepted,1.0,256.0,854,
s564585254,p03937,u634461820,1569617442,Python,PyPy3 (2.4.0),py,Accepted,176.0,38384.0,927,
s888880670,p03937,u351265848,1569533951,C++,C++14 (GCC 5.4.1),cpp,Accepted,1.0,256.0,1229,
s174883280,p03937,u882620594,1569509851,C++,C++14 (GCC 5.4.1),cpp,Accepted,1.0,256.0,605,
s345481287,p03937,u242679311,1569386609,C++,C++14 (GCC 5.4.1),cpp,Accepted,1.0,256.0,886,
s966744197,p03937,u242679311,1569386298,C++,C++14 (GCC 5.4.1),cpp,Accepted,1.0,256.0,1740,
s440919506,p03937,u468262978,1569367747,C++,C++14 (GCC 5.4.1),cpp,Accepted,1.0,256.0,2179,
s979754875,p03937,u838742270,1569326496,C++,C++11 (GCC 4.8.1),cpp,Accepted,1.0,256.0,2580,
s390195574,p03937,u050698451,1569187638,C++,C++14 (GCC 5.4.1),cpp,Accepted,1.0,256.0,2441,
s025265095,p03937,u970690920,1569177912,C++,C++14 (GCC 5.4.1),cpp,Accepted,1.0,256.0,606,
s192616537,p03937,u488352661,1569162696,C++,C++14 (GCC 5.4.1),cpp,Accepted,1.0,256.0,1203,
s356512755,p03937,u077291787,1569148871,Python,Python (3.4.3),py,Accepted,17.0,2940.0,236,
s344196660,p03937,u845000384,1569122611,C++,C++14 (GCC 5.4.1),cpp,Accepted,1.0,256.0,1531,
s493921740,p03937,u480138356,1569105977,Python,Python (3.4.3),py,Accepted,25.0,3444.0,990,
s487846806,p03937,u681557252,1569102950,C++,C++14 (GCC 5.4.1),cpp,Accepted,1.0,256.0,368,
s910543002,p03937,u166378830,1569073776,C++,C++14 (GCC 5.4.1),cpp,Accepted,1.0,256.0,374,
s561788666,p03937,u076917070,1569029235,Python,Python (3.4.3),py,Accepted,18.0,3060.0,327,
s988647750,p03937,u782733831,1569026123,C++,C++14 (GCC 5.4.1),cpp,Accepted,1.0,256.0,259,
s236598289,p03937,u275786410,1569019065,C++,C++14 (GCC 5.4.1),cpp,Accepted,1.0,256.0,632,
s789777469,p03937,u993622994,1568987059,Python,Python (3.4.3),py,Accepted,18.0,3064.0,438,
s832639900,p03937,u372299304,1568846751,C++,C++14 (GCC 5.4.1),cpp,Accepted,1.0,256.0,333,
s132811386,p03937,u801102476,1568811955,C++,C++14 (GCC 5.4.1),cpp,Accepted,1.0,256.0,551,
s911450890,p03937,u792670114,1568774028,Python,Python (3.4.3),py,Accepted,17.0,3064.0,419,
s840158523,p03937,u263933075,1568751954,C++,C++ (GCC 5.4.1),cpp,Accepted,1.0,128.0,354,
s227970591,p03937,u522200796,1568750951,C++,C++14 (GCC 5.4.1),cpp,Accepted,1.0,256.0,465,
s554561668,p03937,u475843109,1568741366,C++,C++14 (GCC 5.4.1),cpp,Accepted,1.0,256.0,497,
s018339883,p03937,u166378830,1568730543,C++,C++14 (GCC 5.4.1),cpp,Accepted,1.0,256.0,747,
s392687981,p03937,u263933075,1568698452,C++,C++ (GCC 5.4.1),cpp,Accepted,1.0,128.0,352,
s733503031,p03937,u247366051,1568698387,C++,C++14 (GCC 5.4.1),cpp,Accepted,1.0,256.0,699,
s591199011,p03937,u085367022,1568636969,C++,C++14 (GCC 5.4.1),cpp,Accepted,1.0,256.0,935,
s234382145,p03937,u314008046,1568503814,C++,C++14 (GCC 5.4.1),cpp,Accepted,1.0,256.0,769,
s189266673,p03937,u025592199,1568497675,C++,C++14 (GCC 5.4.1),cpp,Accepted,1.0,256.0,457,
s935966821,p03937,u053856575,1568480322,Python,Python (3.4.3),py,Accepted,17.0,3064.0,224,
s586356470,p03937,u787456042,1568474524,Python,Python (3.4.3),py,Accepted,19.0,2940.0,106,
s149713251,p03937,u476418095,1568428868,C++,C++ (GCC 5.4.1),cpp,Accepted,1.0,256.0,655,
s822872854,p03937,u365625707,1568421155,C++,C++14 (GCC 5.4.1),cpp,Accepted,1.0,256.0,657,
s294826747,p03937,u759162415,1568404057,C++,C++14 (GCC 5.4.1),cpp,Accepted,1.0,256.0,1355,
s372744989,p03937,u296518383,1568394251,Python,Python (3.4.3),py,Accepted,17.0,3064.0,728,
s583992952,p03937,u723721005,1568385258,C++,C++ (GCC 5.4.1),cpp,Accepted,1.0,256.0,700,
s194556512,p03937,u855985627,1568348226,C++,C++14 (GCC 5.4.1),cpp,Accepted,1.0,256.0,1936,
s180491504,p03937,u127314985,1568303922,C++,C++14 (GCC 5.4.1),cpp,Accepted,1.0,256.0,626,
s838386739,p03937,u095453583,1568256220,C++,C++14 (GCC 5.4.1),cpp,Accepted,1.0,256.0,1229,
s689948097,p03937,u174273188,1568240502,Python,Python (3.4.3),py,Accepted,17.0,2940.0,234,
s906495700,p03937,u266874640,1568223112,Python,Python (3.4.3),py,Accepted,17.0,3064.0,589,
s868947462,p03937,u207048881,1568207432,C++,C++14 (GCC 5.4.1),cpp,Accepted,1.0,256.0,496,
s020096970,p03937,u403301154,1568175591,Python,Python (3.4.3),py,Accepted,17.0,3060.0,225,
s972780958,p03937,u738438318,1568155909,C++,C++14 (GCC 5.4.1),cpp,Accepted,1.0,256.0,823,
s262639499,p03937,u069877747,1568135795,C++,C++14 (GCC 5.4.1),cpp,Accepted,1.0,256.0,315,
s853853311,p03937,u753803401,1568082978,Python,PyPy3 (2.4.0),py,Accepted,166.0,38384.0,305,
s481043588,p03937,u926416331,1568068717,C++,C++14 (GCC 5.4.1),cpp,Accepted,1.0,256.0,445,
s985844472,p03937,u931071094,1568065095,C++,C++14 (GCC 5.4.1),cpp,Accepted,1.0,256.0,512,
s171202519,p03937,u960093366,1567960767,C++,C++14 (GCC 5.4.1),cpp,Accepted,1.0,256.0,1830,
s070413481,p03937,u366959492,1567947915,Python,PyPy3 (2.4.0),py,Accepted,172.0,38384.0,218,
s370045451,p03937,u244626757,1567880120,C++,C++14 (GCC 5.4.1),cpp,Accepted,1.0,256.0,323,
s250793145,p03937,u864497203,1567814519,C++,C++14 (GCC 5.4.1),cpp,Accepted,1.0,256.0,1381,
s903319088,p03937,u615258936,1567812453,C++,C++14 (GCC 5.4.1),cpp,Accepted,1.0,256.0,484,
s821128676,p03937,u426964396,1567809108,C++,C++ (GCC 5.4.1),cpp,Accepted,1.0,256.0,636,
s901276885,p03937,u794250528,1567617987,Python,Python (3.4.3),py,Accepted,17.0,2940.0,177,
s996890627,p03937,u131634965,1567615620,Python,Python (3.4.3),py,Accepted,17.0,3060.0,210,
s092545938,p03937,u458798873,1567595583,C++,C++14 (GCC 5.4.1),cpp,Accepted,1.0,256.0,893,
s260187954,p03937,u960687982,1567544416,C++,C++14 (GCC 5.4.1),cpp,Accepted,1.0,256.0,1088,
s041939480,p03937,u771276542,1567461155,C++,C++14 (GCC 5.4.1),cpp,Accepted,1.0,256.0,421,
s996143365,p03937,u822169805,1567447018,C++,C++14 (GCC 5.4.1),cpp,Accepted,1.0,256.0,1275,
s455639854,p03937,u008582165,1567406534,C++,C++14 (GCC 5.4.1),cpp,Accepted,1.0,256.0,977,
s666447757,p03937,u291766461,1567382150,Python,Python (3.4.3),py,Accepted,23.0,3572.0,965,
s031565407,p03937,u585482323,1567368249,Python,PyPy3 (2.4.0),py,Accepted,191.0,39024.0,1934,
s107357954,p03937,u561765782,1567271090,C++,C++14 (GCC 5.4.1),cpp,Accepted,2.0,384.0,956,
s797082723,p03937,u649915042,1567232111,C++,C++14 (GCC 5.4.1),cpp,Accepted,1.0,256.0,474,
s226007270,p03937,u365625707,1567138785,C++,C++14 (GCC 5.4.1),cpp,Accepted,1.0,256.0,2715,
s616819860,p03937,u116002573,1567109049,Python,Python (3.4.3),py,Accepted,17.0,3064.0,350,
s559244486,p03937,u303039933,1567104300,C++,C++14 (GCC 5.4.1),cpp,Accepted,1.0,256.0,2921,
s531486842,p03937,u365625707,1567036117,C++,C++14 (GCC 5.4.1),cpp,Accepted,1.0,256.0,702,
s893767712,p03937,u409524357,1567035454,C++,C++14 (GCC 5.4.1),cpp,Accepted,1.0,256.0,278,
s130634455,p03937,u365625707,1567035444,C++,C++14 (GCC 5.4.1),cpp,Accepted,1.0,256.0,954,
s111384160,p03937,u379947938,1566996990,C++,C++14 (GCC 5.4.1),cpp,Accepted,1.0,256.0,1299,
s932308504,p03937,u777283665,1566918872,Python,PyPy3 (2.4.0),py,Accepted,172.0,38384.0,154,
s024626477,p03937,u948524308,1566865913,Python,Python (3.4.3),py,Accepted,17.0,2940.0,175,
s780404163,p03937,u401900157,1566839416,C++,C++14 (GCC 5.4.1),cpp,Accepted,1.0,256.0,416,
s103322473,p03937,u203033720,1566655827,C++,C++14 (GCC 5.4.1),cpp,Accepted,1.0,256.0,22317,
s879653419,p03937,u707870100,1566596750,Python,Python (3.4.3),py,Accepted,18.0,3064.0,762,
s926298435,p03937,u322714721,1566524299,C++,C++14 (GCC 5.4.1),cpp,Accepted,1.0,256.0,677,
s626095250,p03937,u936602931,1566504272,C++,C++14 (GCC 5.4.1),cpp,Accepted,1.0,256.0,237,
s856107018,p03937,u371149954,1566415130,C++,C++14 (GCC 5.4.1),cpp,Accepted,1.0,256.0,752,
s085505908,p03937,u155024797,1566412272,Python,PyPy3 (2.4.0),py,Accepted,191.0,38384.0,328,
s040399304,p03937,u236127431,1566408558,C++,C++14 (GCC 5.4.1),cpp,Accepted,1.0,256.0,1979,
s895920221,p03937,u881647420,1566333310,C++,C++14 (GCC 5.4.1),cpp,Accepted,1.0,256.0,1036,
s275430623,p03937,u881647420,1566333235,C++,C++14 (GCC 5.4.1),cpp,Accepted,1.0,256.0,1164,
s236213198,p03937,u997113115,1566298016,Python,Python (3.4.3),py,Accepted,19.0,3060.0,355,
s520168382,p03937,u032189172,1566267881,C++,C++14 (GCC 5.4.1),cpp,Accepted,2.0,384.0,628,
s165371646,p03937,u032189172,1566267580,C++,C++14 (GCC 5.4.1),cpp,Accepted,4.0,256.0,1121,
s892945665,p03937,u333190709,1566160250,Python,Python (3.4.3),py,Accepted,17.0,2940.0,285,
s035423319,p03937,u539199630,1566149617,C++,C++14 (GCC 5.4.1),cpp,Accepted,1.0,256.0,414,
s478577044,p03937,u138301572,1566108199,C++,C++14 (GCC 5.4.1),cpp,Accepted,1.0,256.0,827,
s930698337,p03937,u509607636,1566092727,C++,C++14 (GCC 5.4.1),cpp,Accepted,1.0,256.0,391,
s836936856,p03937,u061071198,1566076125,C++,C++14 (GCC 5.4.1),cpp,Accepted,1.0,256.0,2724,
s215811008,p03937,u089230684,1566057202,C++,C++14 (GCC 5.4.1),cpp,Accepted,1.0,256.0,622,
s190420566,p03937,u506858457,1566051864,C++,C++14 (GCC 5.4.1),cpp,Accepted,1.0,256.0,270,
s352473881,p03937,u758799884,1566022373,C++,C++14 (GCC 5.4.1),cpp,Accepted,1.0,256.0,1914,
s335743918,p03937,u496226775,1566010607,C++,C++14 (GCC 5.4.1),cpp,Accepted,1.0,256.0,1070,
s104659890,p03937,u263933075,1566008027,C++,C++ (GCC 5.4.1),cpp,Accepted,1.0,256.0,1139,
s865055927,p03937,u607229598,1566007571,C++,C++14 (GCC 5.4.1),cpp,Accepted,1.0,256.0,428,
s633601903,p03937,u753803401,1565998879,Python,Python (3.4.3),py,Accepted,19.0,2940.0,135,
s477305974,p03937,u168578024,1565985608,C++,C++14 (GCC 5.4.1),cpp,Accepted,1.0,256.0,3111,
s580172578,p03937,u936790121,1565976017,C++,C++14 (GCC 5.4.1),cpp,Accepted,1.0,256.0,8752,
s263059883,p03937,u919633157,1565974846,Python,Python (3.4.3),py,Accepted,18.0,3064.0,509,
s737660989,p03937,u118797367,1565911690,C++,C++14 (GCC 5.4.1),cpp,Accepted,1.0,256.0,942,
s949817411,p03937,u096883693,1565911408,C++,C++14 (GCC 5.4.1),cpp,Accepted,1.0,256.0,1228,
s207561276,p03937,u263830634,1565902241,Python,Python (3.4.3),py,Accepted,18.0,3064.0,848,
s757128160,p03937,u521723672,1565901972,C++,C++14 (GCC 5.4.1),cpp,Accepted,2.0,256.0,1091,
s746321683,p03937,u947304300,1565896373,C++,C++14 (GCC 5.4.1),cpp,Accepted,1.0,256.0,647,
s265397936,p03937,u324303263,1565893982,C++,C++14 (GCC 5.4.1),cpp,Accepted,1.0,256.0,2221,
s331520331,p03937,u535425458,1565891258,C++,C++14 (GCC 5.4.1),cpp,Accepted,3.0,4224.0,840,
s997777897,p03937,u670180528,1565888765,Python,Python (3.4.3),py,Accepted,17.0,2940.0,100,
s178058747,p03937,u970449052,1565842148,Python,Python (3.4.3),py,Accepted,18.0,3060.0,169,
s631182839,p03937,u949755084,1565836282,C++,C++14 (GCC 5.4.1),cpp,Accepted,1.0,256.0,2023,
s053414268,p03937,u983062344,1565788551,C++,C++14 (GCC 5.4.1),cpp,Accepted,1.0,256.0,314,
s689358942,p03937,u753803401,1565730917,Python,Python (3.4.3),py,Accepted,18.0,3064.0,920,
s719011186,p03937,u335667012,1565636628,C++,C++14 (GCC 5.4.1),cpp,Accepted,1.0,256.0,728,
s056183505,p03937,u671257784,1565581153,C++,C++14 (GCC 5.4.1),cpp,Accepted,1.0,256.0,845,
s616901889,p03937,u803754262,1565578508,C++,C++14 (GCC 5.4.1),cpp,Accepted,1.0,256.0,1761,
s342786762,p03937,u897304429,1565572920,C++,C++14 (GCC 5.4.1),cpp,Accepted,1.0,256.0,1730,
s825376999,p03937,u941753895,1565522747,Python,Python (3.4.3),py,Accepted,18.0,3064.0,482,
s942687233,p03937,u191874006,1565472235,Python,PyPy3 (2.4.0),py,Accepted,181.0,38640.0,677,
s067203602,p03937,u620059302,1565452415,C++,C++14 (GCC 5.4.1),cpp,Accepted,1.0,256.0,925,
s932236433,p03937,u889344512,1565439904,Python,PyPy3 (2.4.0),py,Accepted,173.0,38384.0,635,
s140010525,p03937,u527058497,1565316270,C++,C++14 (GCC 5.4.1),cpp,Accepted,1.0,256.0,867,
s336044724,p03937,u569272329,1565227301,C++,C++14 (GCC 5.4.1),cpp,Accepted,1.0,256.0,716,
s670863877,p03937,u277556971,1565226757,C++,C++14 (GCC 5.4.1),cpp,Accepted,1.0,256.0,1447,
s834300024,p03937,u370447425,1565213482,C++,C++14 (GCC 5.4.1),cpp,Accepted,1.0,256.0,368,
s559672106,p03937,u007550226,1565203978,Python,Python (3.4.3),py,Accepted,17.0,3064.0,454,
s637298174,p03937,u263715385,1565197573,C++,C++14 (GCC 5.4.1),cpp,Accepted,1.0,256.0,1494,
s232067942,p03937,u324549724,1565195211,C++,C++14 (GCC 5.4.1),cpp,Accepted,1.0,256.0,572,
s276954894,p03937,u921773161,1565124689,Python,Python (3.4.3),py,Accepted,18.0,3192.0,1705,
s926192815,p03937,u444349080,1565100370,C++,C++14 (GCC 5.4.1),cpp,Accepted,1.0,256.0,517,
s811871596,p03937,u590725538,1565045463,C++,C++14 (GCC 5.4.1),cpp,Accepted,1.0,256.0,1202,
s759637250,p03937,u407416173,1565021965,C++,C++14 (GCC 5.4.1),cpp,Accepted,1.0,256.0,627,
s399034089,p03937,u767664985,1564932521,Python,Python (3.4.3),py,Accepted,18.0,3064.0,709,
s463081322,p03937,u508486691,1564927482,Python,PyPy3 (2.4.0),py,Accepted,175.0,38256.0,870,
s852192588,p03937,u744305661,1564801229,C++,C++14 (GCC 5.4.1),cpp,Accepted,1.0,256.0,1422,
s843146034,p03937,u269963329,1564799455,C++,C++14 (GCC 5.4.1),cpp,Accepted,1.0,256.0,889,
s092233323,p03937,u172111219,1564756810,Python,PyPy3 (2.4.0),py,Accepted,188.0,38384.0,289,
s937143271,p03937,u056219032,1564750939,C++,C++14 (GCC 5.4.1),cpp,Accepted,3.0,256.0,768,
s612070623,p03937,u923712635,1564715681,Python,Python (3.4.3),py,Accepted,17.0,3064.0,415,
s534763634,p03937,u393512980,1564681442,Python,Python (3.4.3),py,Accepted,17.0,2940.0,171,
s559166229,p03937,u399721252,1564679941,Python,PyPy3 (2.4.0),py,Accepted,189.0,38384.0,164,
s140246341,p03937,u904123392,1564631348,C++,C++14 (GCC 5.4.1),cpp,Accepted,1.0,256.0,377,
s931584280,p03937,u352248517,1564538734,C++,C++14 (GCC 5.4.1),cpp,Accepted,1.0,256.0,342,
s677864625,p03937,u537782349,1564533953,Python,Python (3.4.3),py,Accepted,17.0,3064.0,553,
s620462858,p03937,u072080927,1564409886,C++,C++14 (GCC 5.4.1),cpp,Accepted,1.0,256.0,704,
s227135282,p03937,u991846372,1564347790,C++,C++14 (GCC 5.4.1),cpp,Accepted,1.0,256.0,525,
s271500947,p03937,u391731808,1564100182,Python,Python (3.4.3),py,Accepted,18.0,2940.0,117,
s232406211,p03937,u077291787,1564069490,Python,Python (3.4.3),py,Accepted,17.0,3060.0,314,
s498931552,p03937,u927534107,1564009347,Python,Python (3.4.3),py,Accepted,21.0,3316.0,953,
s188336262,p03937,u706695185,1563930108,C++,C++14 (GCC 5.4.1),cpp,Accepted,1.0,256.0,2365,
s425415429,p03937,u499656581,1563883564,C++,C++14 (GCC 5.4.1),cpp,Accepted,1.0,256.0,898,
s414580447,p03937,u778814286,1563846337,C++,C++14 (GCC 5.4.1),cpp,Accepted,1.0,256.0,6340,
s688280666,p03937,u644778646,1563806009,Python,PyPy3 (2.4.0),py,Accepted,166.0,38256.0,287,
s890815623,p03937,u182321487,1563777541,C++,C++14 (GCC 5.4.1),cpp,Accepted,1.0,256.0,613,
s927907291,p03937,u366398972,1563754255,C++,C++14 (GCC 5.4.1),cpp,Accepted,1.0,256.0,495,
s863064822,p03937,u251847465,1563739328,C++,C++14 (GCC 5.4.1),cpp,Accepted,1.0,256.0,1454,
s364154796,p03937,u949798495,1563638574,C++,C++14 (GCC 5.4.1),cpp,Accepted,1.0,256.0,5406,
s523880268,p03937,u537782349,1563634363,Python,Python (3.4.3),py,Accepted,18.0,3064.0,720,
s610778617,p03937,u835534008,1563551509,C++,C++14 (GCC 5.4.1),cpp,Accepted,1.0,256.0,939,
s737071253,p03937,u313766957,1563499353,C++,C++14 (GCC 5.4.1),cpp,Accepted,1.0,256.0,652,
s327603604,p03937,u995792346,1563463782,C++,C++14 (GCC 5.4.1),cpp,Accepted,1.0,256.0,616,
s931034078,p03937,u646148705,1563415518,C++,C++14 (GCC 5.4.1),cpp,Accepted,1.0,256.0,321,
s283375470,p03937,u466161487,1563415063,C++,C++14 (GCC 5.4.1),cpp,Accepted,1.0,256.0,560,
s341442353,p03937,u227082700,1563414536,Python,Python (3.4.3),py,Accepted,17.0,3060.0,167,
s386232879,p03937,u623687794,1563396153,Python,Python (3.4.3),py,Accepted,19.0,3188.0,308,
s853020928,p03937,u899975427,1563391751,Python,Python (3.4.3),py,Accepted,21.0,3316.0,187,
s209026756,p03937,u608258653,1563375512,C++,C++14 (GCC 5.4.1),cpp,Accepted,1.0,256.0,1035,
s898932928,p03937,u035605655,1563367555,C++,C++14 (GCC 5.4.1),cpp,Accepted,1.0,256.0,523,
s686972688,p03937,u601082779,1563349875,C++,C++14 (GCC 5.4.1),cpp,Accepted,1.0,512.0,696,
s025032117,p03937,u633284019,1563345075,C++,C++14 (GCC 5.4.1),cpp,Accepted,1.0,256.0,3697,
s185821453,p03937,u121794232,1563329032,C++,C++14 (GCC 5.4.1),cpp,Accepted,1.0,256.0,907,
s440707018,p03937,u677523557,1563327077,Python,Python (3.4.3),py,Accepted,17.0,3064.0,205,
s422527543,p03937,u461415203,1563288583,C++,C++14 (GCC 5.4.1),cpp,Accepted,1.0,256.0,965,
s455788442,p03937,u539517139,1563282896,Python,Python (3.4.3),py,Accepted,17.0,3064.0,457,
s050544670,p03937,u623349537,1563252754,C++,C++14 (GCC 5.4.1),cpp,Accepted,1.0,256.0,1149,
s481685751,p03937,u898167769,1563147086,C++,C++14 (GCC 5.4.1),cpp,Accepted,1.0,256.0,1322,
s437543447,p03937,u426683236,1563146876,C++,C++14 (GCC 5.4.1),cpp,Accepted,1.0,256.0,1698,
s357098618,p03937,u167755809,1563137982,C++,C++14 (GCC 5.4.1),cpp,Accepted,1.0,256.0,734,
s923312481,p03937,u593555034,1563120090,C++,C++14 (GCC 5.4.1),cpp,Accepted,1.0,256.0,499,
s350349955,p03937,u340010271,1563117818,C++,C++14 (GCC 5.4.1),cpp,Accepted,1.0,256.0,782,
s536170292,p03937,u147049801,1563109234,C++,C++14 (GCC 5.4.1),cpp,Accepted,1.0,256.0,1370,
s370704347,p03937,u534417782,1562968631,C++,C++14 (GCC 5.4.1),cpp,Accepted,1.0,256.0,434,
s466994410,p03937,u553605501,1562968222,C++,C++14 (Clang 3.8.0),cpp,Accepted,7.0,888.0,778,
s671253158,p03937,u691380397,1562905305,C++,C++14 (GCC 5.4.1),cpp,Accepted,1.0,256.0,344,
s039135156,p03937,u093744128,1562883005,C++,C++14 (GCC 5.4.1),cpp,Accepted,1.0,256.0,297,
s288904359,p03937,u190018920,1562880712,C++,C++14 (GCC 5.4.1),cpp,Accepted,1.0,256.0,533,
s830664298,p03937,u031593168,1562875688,C++,C++14 (GCC 5.4.1),cpp,Accepted,1.0,256.0,1401,
s714669052,p03937,u476418095,1562852186,C++,C++ (GCC 5.4.1),cpp,Accepted,1.0,256.0,734,
s409038250,p03937,u473291366,1562818864,Python,Python (3.4.3),py,Accepted,17.0,2940.0,281,
s679387496,p03937,u307511072,1562540301,C++,C++14 (GCC 5.4.1),cpp,Accepted,1.0,256.0,1277,
s200235008,p03937,u116670634,1562478399,Python,Python (3.4.3),py,Accepted,17.0,2940.0,187,
s454442942,p03937,u223646582,1562459919,Python,Python (3.4.3),py,Accepted,18.0,2940.0,162,
s346472175,p03937,u519194615,1562383964,C++,C++14 (GCC 5.4.1),cpp,Accepted,1.0,256.0,412,
s910198370,p03937,u350248178,1562354926,Python,Python (3.4.3),py,Accepted,17.0,2940.0,173,
s082836898,p03937,u350248178,1562354894,Python,PyPy3 (2.4.0),py,Accepted,166.0,38384.0,173,
s390867610,p03937,u024469792,1562262896,C++,C++14 (GCC 5.4.1),cpp,Accepted,1.0,256.0,943,
s837155046,p03937,u504562455,1562091461,Python,Python (3.4.3),py,Accepted,17.0,2940.0,167,
s042574773,p03937,u525974535,1562037754,C++,C++14 (GCC 5.4.1),cpp,Accepted,2.0,256.0,658,
s495907323,p03937,u583354994,1562020744,C++,C++14 (GCC 5.4.1),cpp,Accepted,1.0,256.0,747,
s887153432,p03937,u591779169,1561934194,C++,C++14 (GCC 5.4.1),cpp,Accepted,1.0,256.0,465,
s200905035,p03937,u977193988,1561855881,Python,Python (3.4.3),py,Accepted,18.0,3316.0,224,
s577474868,p03937,u828388155,1561729818,C++,C++14 (GCC 5.4.1),cpp,Accepted,1.0,256.0,590,
s933099284,p03937,u251828455,1561705856,C++,C++14 (GCC 5.4.1),cpp,Accepted,1.0,256.0,598,
s236290549,p03937,u492131209,1561694595,C++,C++14 (GCC 5.4.1),cpp,Accepted,1.0,256.0,676,
s168400018,p03937,u340494803,1561654687,C++,C++14 (GCC 5.4.1),cpp,Accepted,1.0,256.0,739,
s216570717,p03937,u702582248,1561599313,C++,C++14 (GCC 5.4.1),cpp,Accepted,1.0,256.0,1988,
s823856160,p03937,u278557567,1561590641,C++,C++14 (GCC 5.4.1),cpp,Accepted,1.0,256.0,874,
s118366881,p03937,u879309973,1561556609,Python,Python (3.4.3),py,Accepted,17.0,3064.0,629,
s224862188,p03937,u222293734,1561393649,C++,C++ (GCC 5.4.1),cpp,Accepted,1.0,256.0,3468,
s863548158,p03937,u222293734,1561393376,C++,C++ (GCC 5.4.1),cpp,Accepted,1.0,256.0,3432,
s454747275,p03937,u038027079,1561249852,C++,C++14 (GCC 5.4.1),cpp,Accepted,1.0,256.0,1571,
s334316066,p03937,u497046426,1561239803,Python,Python (3.4.3),py,Accepted,17.0,3064.0,198,
s593558930,p03937,u500297289,1561239720,Python,Python (3.4.3),py,Accepted,17.0,3064.0,606,
s517983357,p03937,u518064858,1561234115,Python,Python (3.4.3),py,Accepted,17.0,3064.0,344,
s632257401,p03937,u520129469,1561052435,C++,C++14 (GCC 5.4.1),cpp,Accepted,1.0,256.0,823,
s308241476,p03937,u190405389,1561032059,Python,PyPy3 (2.4.0),py,Accepted,191.0,38384.0,139,
s546854271,p03937,u947883560,1561027215,Python,Python (3.4.3),py,Accepted,17.0,3060.0,515,
s093817980,p03937,u909643606,1560981818,Python,Python (3.4.3),py,Accepted,69.0,3064.0,650,
s107221296,p03937,u909643606,1560975952,Python,Python (3.4.3),py,Accepted,17.0,2940.0,138,
s203750306,p03937,u491550356,1560913377,C++,C++14 (GCC 5.4.1),cpp,Accepted,1.0,256.0,3202,
s830437792,p03937,u683439001,1560838069,C++,C++14 (GCC 5.4.1),cpp,Accepted,1.0,256.0,430,
s149921738,p03937,u218759384,1560808613,C++,C++14 (GCC 5.4.1),cpp,Accepted,1.0,256.0,1250,
s696251666,p03937,u218759384,1560808464,C++,C++14 (GCC 5.4.1),cpp,Accepted,1.0,256.0,1236,
s973104678,p03937,u102461423,1560806997,Python,Python (3.4.3),py,Accepted,19.0,3064.0,357,
s644789484,p03937,u569778242,1560625188,C++,C++14 (GCC 5.4.1),cpp,Accepted,1.0,256.0,758,
s793729579,p03937,u708550576,1560586272,C++,C++14 (GCC 5.4.1),cpp,Accepted,1.0,256.0,1234,
s274670688,p03937,u318727472,1560501233,C++,C++14 (GCC 5.4.1),cpp,Accepted,1.0,256.0,394,
s037180972,p03937,u318727472,1560501029,C++,C++14 (GCC 5.4.1),cpp,Accepted,1.0,256.0,1028,
s827659628,p03937,u906208439,1560493558,C++,C++14 (GCC 5.4.1),cpp,Accepted,1127.0,256.0,1200,
s801150198,p03937,u280096880,1560437286,C++,C++14 (GCC 5.4.1),cpp,Accepted,1.0,256.0,750,
s560983274,p03937,u705666772,1560402393,C++,C++14 (GCC 5.4.1),cpp,Accepted,1.0,256.0,2046,
s151183745,p03937,u928536113,1560373304,C++,C++14 (GCC 5.4.1),cpp,Accepted,1.0,256.0,462,
s136598132,p03937,u722777218,1560341785,C++,C++14 (GCC 5.4.1),cpp,Accepted,1.0,256.0,1116,
s027772668,p03937,u532065884,1560306616,C++,C++14 (GCC 5.4.1),cpp,Accepted,1.0,256.0,1781,
s031850667,p03937,u405256066,1560226008,Python,Python (3.4.3),py,Accepted,18.0,3064.0,601,
s554904621,p03937,u940102677,1560216915,Python,Python (3.4.3),py,Accepted,18.0,3060.0,315,
s858533537,p03937,u166378830,1560215960,C++,C++14 (GCC 5.4.1),cpp,Accepted,1.0,256.0,289,
s075181824,p03937,u426964396,1560210417,C++,C++ (GCC 5.4.1),cpp,Accepted,1.0,256.0,1458,
s605308838,p03937,u315703650,1560127547,Python,Python (3.4.3),py,Accepted,21.0,3316.0,200,
s604838338,p03937,u423624748,1560064198,C++,C++14 (GCC 5.4.1),cpp,Accepted,1.0,256.0,2022,
s460890257,p03937,u058317639,1559964740,C++,C++14 (GCC 5.4.1),cpp,Accepted,3.0,8448.0,2887,
s117006615,p03937,u820262277,1559963474,C++,C++11 (GCC 4.8.1),cpp,Accepted,1.0,256.0,18133,
s685361570,p03937,u052499405,1559885767,Python,Python (3.4.3),py,Accepted,17.0,2940.0,221,
s014218704,p03937,u935196741,1559845515,C++,C++14 (GCC 5.4.1),cpp,Accepted,1.0,256.0,407,
s114894360,p03937,u017271745,1559786754,C++,C++14 (GCC 5.4.1),cpp,Accepted,1.0,256.0,696,
s771067594,p03937,u614314290,1559769360,Python,Python (3.4.3),py,Accepted,17.0,3064.0,490,
s209145732,p03937,u644070128,1559755786,C++,C++14 (GCC 5.4.1),cpp,Accepted,1.0,256.0,3238,
s526183041,p03937,u436661442,1559706508,C++,C++14 (GCC 5.4.1),cpp,Accepted,1.0,256.0,501,
s996290176,p03937,u357588897,1559705577,C++,C++14 (GCC 5.4.1),cpp,Accepted,1.0,256.0,700,
s480222156,p03937,u930680939,1559692328,C++,C++14 (GCC 5.4.1),cpp,Accepted,1.0,256.0,370,
s598687851,p03937,u140262514,1559675535,C++,C++14 (GCC 5.4.1),cpp,Accepted,1.0,256.0,360,
s464977536,p03937,u809967037,1559652471,C++,C++14 (GCC 5.4.1),cpp,Accepted,1.0,256.0,699,
s391598656,p03937,u023461939,1559537224,C++,C++14 (GCC 5.4.1),cpp,Accepted,1.0,256.0,366,
s584842196,p03937,u843175622,1559505607,C++,C++14 (GCC 5.4.1),cpp,Accepted,1.0,256.0,700,
s856617855,p03937,u055303078,1559489481,C++,C++14 (GCC 5.4.1),cpp,Accepted,1.0,256.0,914,
s216134978,p03937,u816800341,1559453887,C++,C++14 (GCC 5.4.1),cpp,Accepted,1.0,256.0,2009,
s043011881,p03937,u364123307,1559420649,C++,C++14 (GCC 5.4.1),cpp,Accepted,1.0,256.0,417,
s692327993,p03937,u688126754,1559413238,Python,Python (3.4.3),py,Accepted,17.0,3060.0,378,
s432652748,p03937,u373111370,1559367845,C++,C++14 (GCC 5.4.1),cpp,Accepted,1.0,256.0,439,
s268883544,p03937,u099517721,1559335551,C++,C++14 (GCC 5.4.1),cpp,Accepted,1.0,256.0,882,
s539789017,p03937,u388415336,1559286770,Python,Python (3.4.3),py,Accepted,17.0,2940.0,233,
s687536559,p03937,u630664279,1559246258,C++,C++14 (GCC 5.4.1),cpp,Accepted,1.0,256.0,777,
s718338781,p03937,u953110527,1559144662,C++,C++14 (GCC 5.4.1),cpp,Accepted,1.0,256.0,359,
s882561419,p03937,u065446124,1559126757,Python,Python (3.4.3),py,Accepted,17.0,3064.0,792,
s662869322,p03937,u756088996,1559099371,C++,C++14 (GCC 5.4.1),cpp,Accepted,1.0,256.0,1219,
s346463642,p03937,u071692456,1559096056,C++,C++14 (GCC 5.4.1),cpp,Accepted,1.0,256.0,706,
s015759924,p03937,u764600134,1559012872,Python,Python (3.4.3),py,Accepted,17.0,3064.0,648,
s274797601,p03937,u133391510,1558988738,C++,C++14 (GCC 5.4.1),cpp,Accepted,1.0,256.0,672,
s103565766,p03937,u090994275,1558855259,C++,C++14 (GCC 5.4.1),cpp,Accepted,1.0,256.0,1313,
s352207748,p03937,u693953100,1558815389,C++,C++ (GCC 5.4.1),cpp,Accepted,1.0,256.0,449,
s310301711,p03937,u276568758,1558792624,C++,C++14 (GCC 5.4.1),cpp,Accepted,1.0,256.0,921,
s164141042,p03937,u811472478,1558747100,C++,C++14 (GCC 5.4.1),cpp,Accepted,1.0,256.0,1151,
s242654213,p03937,u973797979,1558743997,C++,C++14 (GCC 5.4.1),cpp,Accepted,1.0,256.0,2035,
s909178275,p03937,u143383345,1558665317,C++,C++14 (GCC 5.4.1),cpp,Accepted,1.0,256.0,335,
s466328122,p03937,u900727536,1558660775,C++,C++14 (GCC 5.4.1),cpp,Accepted,1.0,256.0,6892,
s182814382,p03937,u410866813,1558637221,C++,C++14 (GCC 5.4.1),cpp,Accepted,1.0,256.0,1672,
s300459066,p03937,u885899351,1558571196,Python,Python (3.4.3),py,Accepted,17.0,3064.0,113,
s760159812,p03937,u681869152,1558554472,C++,C++14 (GCC 5.4.1),cpp,Accepted,1.0,256.0,380,
s538042459,p03937,u278886389,1558554424,Python,Python (3.4.3),py,Accepted,17.0,3064.0,415,
s248968100,p03937,u129836004,1558552469,Python,Python (3.4.3),py,Accepted,19.0,3060.0,232,
s353097525,p03937,u532966492,1558410238,Python,Python (3.4.3),py,Accepted,17.0,3064.0,429,
s311257411,p03937,u264510475,1558383782,C++,C++14 (GCC 5.4.1),cpp,Accepted,1.0,128.0,708,
s293292172,p03937,u606045429,1558334437,Python,Python (3.4.3),py,Accepted,17.0,2940.0,178,
s626275338,p03937,u606045429,1558334354,Python,Python (3.4.3),py,Accepted,27.0,3064.0,433,
s534890095,p03937,u088893297,1558306618,C++,C++14 (GCC 5.4.1),cpp,Accepted,1.0,256.0,1056,
s501421393,p03937,u876335718,1558298715,C++,C++14 (GCC 5.4.1),cpp,Accepted,1.0,256.0,1685,
s084484243,p03937,u009579822,1558293784,C++,C++14 (GCC 5.4.1),cpp,Accepted,1.0,256.0,1547,
s266292361,p03937,u752074356,1558292125,C++,C++14 (GCC 5.4.1),cpp,Accepted,1.0,256.0,1720,
s993701320,p03937,u620480037,1558218492,Python,PyPy3 (2.4.0),py,Accepted,166.0,38256.0,379,
s158279190,p03937,u623819879,1558209711,Python,PyPy3 (2.4.0),py,Accepted,172.0,38256.0,148,
s234722728,p03937,u090629957,1558193660,C++,C++14 (GCC 5.4.1),cpp,Accepted,1.0,256.0,349,
s776580201,p03937,u731175398,1558106108,C++,C++14 (GCC 5.4.1),cpp,Accepted,1.0,256.0,276,
s625067331,p03937,u845980916,1557888898,C++,C++14 (GCC 5.4.1),cpp,Accepted,1.0,256.0,1249,
s859186824,p03937,u989336028,1557868721,C++,C++14 (GCC 5.4.1),cpp,Accepted,1.0,256.0,1094,
s043241339,p03937,u311237381,1557798311,C++,C++14 (GCC 5.4.1),cpp,Accepted,1.0,256.0,1447,
s139445646,p03937,u492926158,1557696153,C++,C++14 (GCC 5.4.1),cpp,Accepted,1.0,256.0,292,
s209143256,p03937,u477678256,1557695678,C++,C++14 (GCC 5.4.1),cpp,Accepted,1.0,256.0,762,
s291752178,p03937,u866879589,1557695452,C++,C++14 (GCC 5.4.1),cpp,Accepted,1.0,256.0,2832,
s109668768,p03937,u219873012,1557694646,C++,C++14 (GCC 5.4.1),cpp,Accepted,1.0,256.0,2673,
s796216374,p03937,u809153881,1557694528,C++,C++14 (Clang 3.8.0),cpp,Accepted,1.0,256.0,663,
s578284393,p03937,u761320129,1557694480,Python,Python (3.4.3),py,Accepted,17.0,3064.0,382,
s042506335,p03937,u504142483,1557694394,C++,C++14 (GCC 5.4.1),cpp,Accepted,1.0,256.0,2460,
s834841775,p03937,u756659922,1557694002,C++,C++14 (GCC 5.4.1),cpp,Accepted,1.0,256.0,440,
s251030123,p03937,u811004127,1557693564,C++,C++14 (GCC 5.4.1),cpp,Accepted,1.0,256.0,2624,
s359055206,p03937,u462437857,1557693510,C++,C++14 (GCC 5.4.1),cpp,Accepted,1.0,256.0,327,
s787737750,p03937,u811004127,1557693434,C++,C++14 (GCC 5.4.1),cpp,Accepted,1.0,256.0,2624,
s421051181,p03937,u317711717,1557693367,C++,C++14 (GCC 5.4.1),cpp,Accepted,1.0,256.0,1146,
s536287862,p03937,u136395536,1557693321,Python,Python (3.4.3),py,Accepted,17.0,3064.0,551,
s670186556,p03937,u745250049,1557693005,C++,C++14 (GCC 5.4.1),cpp,Accepted,1.0,256.0,1928,
s098704940,p03937,u258009780,1557692880,C++,C++14 (GCC 5.4.1),cpp,Accepted,1.0,256.0,1736,
s608362464,p03937,u218842729,1557692761,C++,C++14 (GCC 5.4.1),cpp,Accepted,1.0,256.0,1201,
s894392159,p03937,u635484372,1557425601,C++,C++14 (GCC 5.4.1),cpp,Accepted,2.0,256.0,1225,
s768867500,p03937,u129986190,1557301160,C++,C++14 (GCC 5.4.1),cpp,Accepted,1.0,256.0,968,
s593848873,p03937,u169072872,1557208758,C++,C++14 (GCC 5.4.1),cpp,Accepted,1.0,256.0,652,
s162519754,p03937,u426964396,1557192202,C++,C++ (GCC 5.4.1),cpp,Accepted,1.0,256.0,651,
s572477724,p03937,u091051505,1557184635,Python,Python (3.4.3),py,Accepted,27.0,3952.0,747,
s247708672,p03937,u723721005,1557178009,C++,C++ (GCC 5.4.1),cpp,Accepted,1.0,256.0,881,
s193491323,p03937,u969190727,1557087531,Python,Python (3.4.3),py,Accepted,17.0,3064.0,254,
s484411378,p03937,u598050616,1557077164,C++,C++14 (GCC 5.4.1),cpp,Accepted,1.0,256.0,185,
s136948847,p03937,u143509139,1557000886,Python,Python (3.4.3),py,Accepted,20.0,2940.0,191,
s554101206,p03937,u944316525,1556938086,C++,C++14 (GCC 5.4.1),cpp,Accepted,1.0,256.0,653,
s883638142,p03937,u412550879,1556905145,C++,C++14 (GCC 5.4.1),cpp,Accepted,1.0,256.0,1154,
s041344244,p03937,u476418095,1556854461,C++,C++14 (GCC 5.4.1),cpp,Accepted,1.0,256.0,751,
s229493455,p03937,u247366051,1556852701,C++,C++14 (GCC 5.4.1),cpp,Accepted,1.0,256.0,744,
s603688179,p03937,u132265629,1556852688,C++,C++14 (GCC 5.4.1),cpp,Accepted,1.0,256.0,744,
s785972137,p03937,u132265629,1556852575,C++,C++14 (GCC 5.4.1),cpp,Accepted,1.0,256.0,748,
s096139483,p03937,u139031151,1556826625,C++,C++14 (GCC 5.4.1),cpp,Accepted,1.0,256.0,2239,
s721544126,p03937,u282228874,1556810426,Python,Python (3.4.3),py,Accepted,18.0,2940.0,172,
s396173951,p03937,u876335718,1556767005,C++,C++14 (GCC 5.4.1),cpp,Accepted,1.0,256.0,1434,
s053651764,p03937,u493750228,1556766643,C++,C++14 (GCC 5.4.1),cpp,Accepted,1.0,256.0,1102,
s558914064,p03937,u241367243,1556762829,C++,C++14 (GCC 5.4.1),cpp,Accepted,3.0,256.0,1125,
s732040863,p03937,u798129018,1556758736,Python,PyPy3 (2.4.0),py,Accepted,172.0,38256.0,314,
s515173645,p03937,u052332717,1556755446,C++,C++14 (GCC 5.4.1),cpp,Accepted,1.0,256.0,765,
s372960146,p03937,u990764614,1556676441,C++,C++14 (GCC 5.4.1),cpp,Accepted,1.0,256.0,598,
s133109384,p03937,u990764614,1556676088,C++,C++14 (GCC 5.4.1),cpp,Accepted,1.0,256.0,598,
s908314236,p03937,u649373416,1556673601,C++,C++14 (GCC 5.4.1),cpp,Accepted,1.0,256.0,805,
s891975020,p03937,u095756391,1556673288,C++,C++14 (GCC 5.4.1),cpp,Accepted,1.0,256.0,359,
s986633959,p03937,u127844950,1556672681,C++,C++14 (GCC 5.4.1),cpp,Accepted,1.0,256.0,321,
s875261789,p03937,u456333842,1556663632,C++,C++14 (GCC 5.4.1),cpp,Accepted,1.0,256.0,464,
s730003219,p03937,u030685402,1556659683,C++,C++14 (GCC 5.4.1),cpp,Accepted,1.0,256.0,1157,
s104366933,p03937,u051493691,1556575633,C++,C++14 (GCC 5.4.1),cpp,Accepted,1.0,256.0,3744,
s272713384,p03937,u302870145,1556541189,C++,C++14 (GCC 5.4.1),cpp,Accepted,1.0,256.0,320,
s510226702,p03937,u305138467,1556512451,C++,C++14 (GCC 5.4.1),cpp,Accepted,1.0,256.0,868,
s092414704,p03937,u710789518,1556493311,Python,Python (3.4.3),py,Accepted,21.0,3316.0,178,
s576980035,p03937,u179970156,1556480891,C++,C++14 (GCC 5.4.1),cpp,Accepted,1.0,256.0,368,
s783113343,p03937,u107995903,1556396135,C++,C++14 (GCC 5.4.1),cpp,Accepted,1.0,256.0,2499,
s429855922,p03937,u545674098,1556328907,C++,C++14 (GCC 5.4.1),cpp,Accepted,1.0,256.0,833,
s636464522,p03937,u816587940,1556156541,C++,C++14 (Clang 3.8.0),cpp,Accepted,3.0,384.0,1447,
s795028911,p03937,u540491484,1556116100,C++,C++14 (GCC 5.4.1),cpp,Accepted,1.0,256.0,475,
s036151589,p03937,u449722246,1556069347,C++,C++14 (GCC 5.4.1),cpp,Accepted,1.0,256.0,708,
s522581329,p03937,u163320134,1556066590,Python,Python (3.4.3),py,Accepted,20.0,2940.0,198,
s743940541,p03937,u505831576,1555759875,C++,C++14 (GCC 5.4.1),cpp,Accepted,1.0,256.0,935,
s054418006,p03937,u986276444,1555689794,C++,C++14 (GCC 5.4.1),cpp,Accepted,1.0,256.0,1316,
s757620555,p03937,u986276444,1555689527,C++,C++14 (GCC 5.4.1),cpp,Accepted,1.0,256.0,706,
s290193475,p03937,u505830998,1555674342,Python,Python (3.4.3),py,Accepted,18.0,3064.0,1076,
s590324236,p03937,u334624175,1555623280,C++,C++14 (Clang 3.8.0),cpp,Accepted,1.0,256.0,786,
s812000589,p03937,u728472449,1555555555,C++,C++14 (GCC 5.4.1),cpp,Accepted,1.0,256.0,1768,
s599628609,p03937,u624475441,1555361297,C++,C++14 (GCC 5.4.1),cpp,Accepted,1.0,256.0,389,
s865492373,p03937,u388697579,1555309900,C++,C++14 (GCC 5.4.1),cpp,Accepted,1.0,256.0,719,
s823119360,p03937,u751488284,1555116520,Python,Python (3.4.3),py,Accepted,19.0,3188.0,331,
s226748530,p03937,u222216068,1555103106,C++,C++14 (GCC 5.4.1),cpp,Accepted,1.0,256.0,591,
s632788465,p03937,u268977772,1555040422,C++,C++14 (GCC 5.4.1),cpp,Accepted,1.0,256.0,821,
s639209685,p03937,u608088992,1554938621,Python,Python (3.4.3),py,Accepted,17.0,3064.0,957,
s616037897,p03937,u573082373,1554936019,C++,C++14 (GCC 5.4.1),cpp,Accepted,1.0,256.0,567,
s855191506,p03937,u467826805,1554920365,C++,C++14 (GCC 5.4.1),cpp,Accepted,1.0,256.0,1379,
s398301026,p03937,u247366051,1554851222,C++,C++ (GCC 5.4.1),cpp,Accepted,1.0,256.0,1140,
s388052676,p03937,u394721319,1554750699,Python,PyPy3 (2.4.0),py,Accepted,189.0,38384.0,320,
s178634112,p03937,u846686917,1554731799,C++,C++14 (GCC 5.4.1),cpp,Accepted,1.0,256.0,441,
s656812336,p03937,u151625340,1554658032,Python,Python (3.4.3),py,Accepted,17.0,3064.0,648,
s554156512,p03937,u071730284,1554644172,Python,Python (3.4.3),py,Accepted,17.0,3064.0,525,
s696971648,p03937,u859897687,1554569301,Python,Python (3.4.3),py,Accepted,17.0,2940.0,170,
s853048351,p03937,u480831358,1554517755,C++,C++14 (GCC 5.4.1),cpp,Accepted,1.0,256.0,482,
s928940560,p03937,u675296835,1554512664,C++,C++14 (GCC 5.4.1),cpp,Accepted,1.0,256.0,3766,
s317937455,p03937,u876978301,1554512263,C++,C++14 (GCC 5.4.1),cpp,Accepted,1.0,256.0,2205,
s628608320,p03937,u968365254,1554173429,C++,C++14 (GCC 5.4.1),cpp,Accepted,1.0,256.0,644,
s256334504,p03937,u426108351,1554162095,Python,Python (3.4.3),py,Accepted,17.0,2940.0,155,
s927490180,p03937,u077337864,1554124238,Python,Python (3.4.3),py,Accepted,20.0,3188.0,820,
s881735663,p03937,u917048429,1554079189,C++,C++14 (Clang 3.8.0),cpp,Accepted,1.0,256.0,1795,
s073606262,p03937,u824327013,1554064270,C++,C++14 (GCC 5.4.1),cpp,Accepted,1.0,256.0,2079,
s871530818,p03937,u110383845,1554054208,C++,C++14 (GCC 5.4.1),cpp,Accepted,1.0,256.0,3329,
s898757898,p03937,u233626335,1554008559,C++,C++14 (GCC 5.4.1),cpp,Accepted,1.0,256.0,847,
s782678778,p03937,u379692329,1553935146,Python,Python (3.4.3),py,Accepted,18.0,3064.0,375,
s082692312,p03937,u372633838,1553929529,C++,C++14 (GCC 5.4.1),cpp,Accepted,1.0,256.0,846,
s137176519,p03937,u227082700,1553835256,Python,Python (3.4.3),py,Accepted,17.0,3060.0,169,
s748096751,p03937,u388817534,1553815272,C++,C++14 (GCC 5.4.1),cpp,Accepted,1.0,256.0,1003,
s968924615,p03937,u367130284,1553738626,Python,Python (3.4.3),py,Accepted,17.0,2940.0,131,
s201876197,p03937,u542670845,1553731130,C++,C++14 (GCC 5.4.1),cpp,Accepted,1.0,256.0,337,
s369195000,p03937,u375405838,1553712943,C++,C++14 (GCC 5.4.1),cpp,Accepted,1.0,256.0,1992,
s986464617,p03937,u692336506,1553646573,C++,C++14 (GCC 5.4.1),cpp,Accepted,1.0,256.0,334,
s123806623,p03937,u452009494,1553600789,C++,C++14 (GCC 5.4.1),cpp,Accepted,1.0,256.0,822,
s071036591,p03937,u235155157,1553577826,C++,C++14 (GCC 5.4.1),cpp,Accepted,1.0,256.0,870,
s356951353,p03937,u802905102,1553536591,C++,C++14 (GCC 5.4.1),cpp,Accepted,1.0,256.0,1106,
s886366146,p03937,u640800420,1553435267,C++,C++14 (GCC 5.4.1),cpp,Accepted,1.0,256.0,737,
s645731017,p03937,u591914971,1553407698,C++,C++14 (GCC 5.4.1),cpp,Accepted,1.0,256.0,703,
s174373217,p03937,u694731294,1553398668,C++,C++14 (GCC 5.4.1),cpp,Accepted,1.0,256.0,1159,
s993777445,p03937,u010467501,1553350973,C++,C++14 (GCC 5.4.1),cpp,Accepted,1.0,256.0,1607,
s040708471,p03937,u992394626,1553347510,C++,C++14 (GCC 5.4.1),cpp,Accepted,1.0,256.0,2567,
s227991735,p03937,u434662823,1553321250,C++,C++14 (GCC 5.4.1),cpp,Accepted,1.0,256.0,569,
s101795214,p03937,u620735210,1553294277,C++,C++14 (GCC 5.4.1),cpp,Accepted,1.0,256.0,562,
s924136763,p03937,u960524878,1553274888,C++,C++14 (GCC 5.4.1),cpp,Accepted,1.0,256.0,1639,
s588015245,p03937,u960524878,1553274695,C++,C++14 (GCC 5.4.1),cpp,Accepted,1.0,256.0,1645,
s161635662,p03937,u280512618,1553201549,C++,C++14 (GCC 5.4.1),cpp,Accepted,1.0,256.0,730,
s999660229,p03937,u271545619,1553197089,C++,C++14 (Clang 3.8.0),cpp,Accepted,1.0,256.0,979,
s376641578,p03937,u018679195,1553141088,C++,C++14 (GCC 5.4.1),cpp,Accepted,1.0,256.0,1743,
s635820166,p03937,u723721005,1553138504,C++,C++14 (GCC 5.4.1),cpp,Accepted,1.0,256.0,1467,
s664565363,p03937,u127856129,1553131919,C++,C++14 (GCC 5.4.1),cpp,Accepted,1.0,256.0,377,
s811682376,p03937,u110653681,1553055473,C++,C++14 (GCC 5.4.1),cpp,Accepted,3.0,384.0,258,
s679733764,p03937,u811528179,1553048761,C++,C++14 (GCC 5.4.1),cpp,Accepted,1.0,256.0,1014,
s497539925,p03937,u782654209,1553048694,Python,Python (3.4.3),py,Accepted,19.0,3188.0,1120,
s687216598,p03937,u430494842,1553043760,C++,C++14 (GCC 5.4.1),cpp,Accepted,1.0,256.0,877,
s867450132,p03937,u843139357,1553021284,C++,C++14 (GCC 5.4.1),cpp,Accepted,1.0,256.0,264,
s514355186,p03937,u175034939,1552977261,Python,Python (3.4.3),py,Accepted,17.0,3060.0,335,
s850675288,p03937,u764234894,1552963580,C++,C++14 (GCC 5.4.1),cpp,Accepted,1.0,256.0,3330,
s352677867,p03937,u619197965,1552937193,Python,Python (3.4.3),py,Accepted,32.0,3564.0,683,
s626761684,p03937,u678503521,1552918169,C++,C++14 (GCC 5.4.1),cpp,Accepted,1.0,256.0,412,
s673765001,p03937,u118642796,1552875497,Python,Python (3.4.3),py,Accepted,17.0,2940.0,218,
s464633742,p03937,u806800460,1552862696,C++,C++14 (GCC 5.4.1),cpp,Accepted,1.0,256.0,590,
s165677459,p03937,u806800460,1552862040,C++,C++14 (GCC 5.4.1),cpp,Accepted,1.0,256.0,1573,
s237705796,p03937,u058348416,1552848007,C++,C++14 (GCC 5.4.1),cpp,Accepted,1.0,256.0,323,
s477846004,p03937,u109256064,1552847157,C++,C++14 (GCC 5.4.1),cpp,Accepted,1.0,256.0,846,
s946536247,p03937,u793275002,1552784094,C++,C++14 (GCC 5.4.1),cpp,Accepted,1.0,256.0,432,
s554358040,p03937,u480892088,1552783490,C++,C++14 (GCC 5.4.1),cpp,Accepted,8.0,768.0,397,
s901899556,p03937,u196497077,1552782093,C++,C++14 (GCC 5.4.1),cpp,Accepted,1.0,256.0,833,
s059356756,p03937,u073057072,1552782007,C++,C++14 (GCC 5.4.1),cpp,Accepted,1.0,256.0,654,
s705459630,p03937,u006686215,1552780728,C++,C++14 (GCC 5.4.1),cpp,Accepted,2.0,504.0,789,
s735405146,p03937,u971256474,1552779459,C++,C++14 (GCC 5.4.1),cpp,Accepted,1.0,256.0,452,
s124344919,p03937,u612175324,1552774022,C++,C++14 (GCC 5.4.1),cpp,Accepted,1.0,256.0,423,
s376446570,p03937,u562935282,1552768711,Python,Python (3.4.3),py,Accepted,17.0,3064.0,725,
s914546269,p03937,u136378781,1552766436,C++,C++14 (GCC 5.4.1),cpp,Accepted,1.0,256.0,1769,
s854902167,p03937,u986437843,1552766271,C++,C++14 (GCC 5.4.1),cpp,Accepted,1.0,256.0,64281,
s329919322,p03937,u282228874,1552760969,Python,Python (3.4.3),py,Accepted,17.0,2940.0,184,
s708240012,p03937,u774652316,1552759655,C++,C++14 (GCC 5.4.1),cpp,Accepted,1.0,256.0,1053,
s124980640,p03937,u884379688,1552755752,C++,C++14 (GCC 5.4.1),cpp,Accepted,1.0,256.0,1193,
s946188876,p03937,u228295160,1552748864,C++,C++14 (GCC 5.4.1),cpp,Accepted,1.0,256.0,1617,
s384747528,p03937,u387258288,1552674219,C++,C++14 (GCC 5.4.1),cpp,Accepted,2.0,256.0,1157,
s017714863,p03937,u743561048,1552659971,C++,C++14 (GCC 5.4.1),cpp,Accepted,1.0,256.0,8019,
s616941498,p03937,u394853232,1552626895,C++,C++14 (Clang 3.8.0),cpp,Accepted,1.0,256.0,3238,
s020369933,p03937,u783861517,1552615693,C++,C++14 (GCC 5.4.1),cpp,Accepted,4.0,256.0,1629,
s204976487,p03937,u625092455,1552587353,C++,C++14 (Clang 3.8.0),cpp,Accepted,1.0,256.0,3034,
s140238824,p03937,u887207211,1552538843,Python,Python (3.4.3),py,Accepted,18.0,3060.0,154,
s056844963,p03937,u277153875,1552519980,C++,C++14 (GCC 5.4.1),cpp,Accepted,1.0,256.0,861,
s748846739,p03937,u863279562,1552517201,C++,C++14 (GCC 5.4.1),cpp,Accepted,1.0,256.0,615,
s523237382,p03937,u135572611,1552512333,C++,C++14 (GCC 5.4.1),cpp,Accepted,1.0,256.0,1035,
s204587359,p03937,u729133443,1552467497,Python,Python (3.4.3),py,Accepted,17.0,2940.0,78,
s749462567,p03937,u452544900,1552417983,C++,C++14 (GCC 5.4.1),cpp,Accepted,1.0,256.0,324,
s735084780,p03937,u977389981,1552410614,Python,Python (3.4.3),py,Accepted,17.0,3060.0,235,
s423432647,p03937,u977389981,1552410569,Python,Python (3.4.3),py,Accepted,20.0,3188.0,554,
s139930334,p03937,u714538557,1552345048,C++,C++14 (GCC 5.4.1),cpp,Accepted,1.0,256.0,822,
s246166103,p03937,u341957179,1552333105,C++,C++14 (GCC 5.4.1),cpp,Accepted,1.0,256.0,745,
s437205819,p03937,u518883877,1552274959,C++,C++14 (GCC 5.4.1),cpp,Accepted,1.0,256.0,3274,
s320142462,p03937,u555962250,1552262810,C++,C++14 (GCC 5.4.1),cpp,Accepted,1.0,256.0,788,
s923076876,p03937,u543954314,1552232230,Python,Python (3.4.3),py,Accepted,22.0,3064.0,181,
s278553580,p03937,u870965055,1552166507,C++,C++14 (GCC 5.4.1),cpp,Accepted,1.0,256.0,679,
s829773966,p03937,u352642493,1552166107,C++,C++14 (GCC 5.4.1),cpp,Accepted,1.0,256.0,208,
s705100032,p03937,u352642493,1552165980,C++,C++14 (GCC 5.4.1),cpp,Accepted,1.0,256.0,690,
s255964285,p03937,u764228018,1552162031,C++,C++14 (GCC 5.4.1),cpp,Accepted,1.0,256.0,956,
s475478169,p03937,u618649215,1552063400,C++,C++14 (GCC 5.4.1),cpp,Accepted,1.0,256.0,629,
s363436081,p03937,u852719059,1552017991,Python,Python (3.4.3),py,Accepted,18.0,3060.0,192,
s358305919,p03937,u852719059,1552017227,Python,Python (3.4.3),py,Accepted,18.0,3064.0,922,
s656701212,p03937,u437973379,1552009696,C++,C++14 (GCC 5.4.1),cpp,Accepted,1.0,256.0,1061,
s719718989,p03937,u939637096,1551958839,C++,C++14 (GCC 5.4.1),cpp,Accepted,3.0,384.0,862,
s632294927,p03937,u722397179,1551938890,C++,C++14 (GCC 5.4.1),cpp,Accepted,1.0,256.0,408,
s454324851,p03937,u943004959,1551935345,C++,C++14 (GCC 5.4.1),cpp,Accepted,1.0,256.0,1236,
s916329552,p03937,u254187258,1551931225,C++,C++14 (GCC 5.4.1),cpp,Accepted,1.0,256.0,912,
s656526704,p03937,u411858517,1551903936,Python,Python (3.4.3),py,Accepted,19.0,3060.0,233,
s855500860,p03937,u236433947,1551888556,C++,C++14 (GCC 5.4.1),cpp,Accepted,1.0,256.0,2464,
s981449747,p03937,u127844950,1551848552,C++,C++14 (GCC 5.4.1),cpp,Accepted,1.0,256.0,11786,
s382979776,p03937,u139629238,1551824069,Python,Python (3.4.3),py,Accepted,18.0,3060.0,230,
s231165065,p03937,u897304429,1551815533,C++,C++14 (GCC 5.4.1),cpp,Accepted,1.0,256.0,682,
s586132657,p03937,u932465688,1551651976,Python,Python (3.4.3),py,Accepted,19.0,3060.0,233,
s943921705,p03937,u122292453,1551583265,C++,C++14 (GCC 5.4.1),cpp,Accepted,1.0,256.0,852,
s274169792,p03937,u903311413,1551581529,C++,C++14 (GCC 5.4.1),cpp,Accepted,1.0,256.0,930,
s744509459,p03937,u732254919,1551547063,C++,C++14 (GCC 5.4.1),cpp,Accepted,1.0,256.0,1000,
s999304664,p03937,u587217971,1551543034,C++,C++14 (GCC 5.4.1),cpp,Accepted,1.0,256.0,3754,
s131358743,p03937,u807998890,1551481391,C++,C++14 (GCC 5.4.1),cpp,Accepted,1.0,256.0,677,
s114915171,p03937,u212904724,1551480990,C++,C++14 (GCC 5.4.1),cpp,Accepted,1.0,256.0,284,
s254398252,p03937,u676029460,1551475738,C++,C++14 (GCC 5.4.1),cpp,Accepted,3.0,384.0,278,
s446732951,p03937,u218842729,1551474013,C++,C++14 (GCC 5.4.1),cpp,Accepted,1.0,256.0,924,
s949501568,p03937,u277556971,1551466473,C++,C++14 (GCC 5.4.1),cpp,Accepted,1.0,256.0,543,
s538084557,p03937,u766684188,1551455068,Python,Python (3.4.3),py,Accepted,17.0,2940.0,131,
s401091832,p03937,u167161639,1551427279,C++,C++14 (GCC 5.4.1),cpp,Accepted,1.0,256.0,460,
s082552600,p03937,u745087332,1551419446,Python,Python (3.4.3),py,Accepted,18.0,3064.0,1000,
s196985240,p03937,u024365401,1551418394,C++,C++14 (GCC 5.4.1),cpp,Accepted,1.0,256.0,1402,
s026248716,p03937,u024365401,1551418389,C++,C++14 (GCC 5.4.1),cpp,Accepted,1.0,256.0,1402,
s234633178,p03937,u251123951,1551399501,Python,Python (3.4.3),py,Accepted,17.0,2940.0,167,
s277085049,p03937,u971256474,1551389499,C++,C++14 (GCC 5.4.1),cpp,Accepted,1.0,256.0,344,
s007594182,p03937,u454087021,1551380760,C++,C++14 (GCC 5.4.1),cpp,Accepted,1.0,256.0,620,
s408158251,p03937,u102795616,1551366153,C++,C++14 (GCC 5.4.1),cpp,Accepted,1.0,256.0,813,
s962624247,p03937,u266643907,1551365573,C++,C++14 (GCC 5.4.1),cpp,Accepted,1.0,256.0,1212,
s392448601,p03937,u216772548,1551339859,C++,C++14 (GCC 5.4.1),cpp,Accepted,1.0,256.0,552,
s703881722,p03937,u216772548,1551339773,C++,C++14 (GCC 5.4.1),cpp,Accepted,1.0,256.0,1081,
s909850625,p03937,u945418216,1551339036,Python,Python (3.4.3),py,Accepted,18.0,3188.0,565,
s961413754,p03937,u334656323,1551332727,C++,C++14 (GCC 5.4.1),cpp,Accepted,1.0,256.0,2862,
s539869194,p03937,u882209234,1551288345,Python,Python (3.4.3),py,Accepted,17.0,3064.0,338,
s975263640,p03937,u015514760,1551215913,C++,C++14 (GCC 5.4.1),cpp,Accepted,1.0,256.0,979,
s604544878,p03937,u054475353,1551215407,C++,C++14 (GCC 5.4.1),cpp,Accepted,1.0,256.0,769,
s321390677,p03937,u147049801,1551215274,C++,C++14 (GCC 5.4.1),cpp,Accepted,1.0,256.0,660,
s177693874,p03937,u504103417,1551214759,C++,C++14 (GCC 5.4.1),cpp,Accepted,1.0,256.0,319,
s369011198,p03937,u859396346,1551175929,C++,C++14 (GCC 5.4.1),cpp,Accepted,3.0,6912.0,5601,
s647890703,p03937,u413492096,1551158754,C++,C++14 (GCC 5.4.1),cpp,Accepted,1.0,256.0,346,
s497037245,p03937,u840810569,1551157577,C++,C++14 (GCC 5.4.1),cpp,Accepted,1.0,256.0,523,
s236283612,p03937,u960997735,1551156679,C++,C++14 (GCC 5.4.1),cpp,Accepted,2.0,256.0,1408,
s831309099,p03937,u966854856,1551135642,C++,C++14 (GCC 5.4.1),cpp,Accepted,1.0,256.0,1550,
s207386440,p03937,u652081898,1551049480,Python,Python (3.4.3),py,Accepted,17.0,3060.0,256,
s868125350,p03937,u422592877,1551039744,C++,C++14 (GCC 5.4.1),cpp,Accepted,1.0,256.0,1391,
s359304974,p03937,u036561304,1550980292,C++,C++14 (GCC 5.4.1),cpp,Accepted,1.0,256.0,632,
s412941717,p03937,u395046051,1550959976,C++,C++14 (GCC 5.4.1),cpp,Accepted,1.0,256.0,503,
s767851125,p03937,u645369394,1550955740,C++,C++14 (GCC 5.4.1),cpp,Accepted,1.0,256.0,365,
s862399130,p03937,u853947407,1550853329,C++,C++14 (GCC 5.4.1),cpp,Accepted,1.0,256.0,591,
s334129450,p03937,u456333842,1550851762,C++,C++14 (GCC 5.4.1),cpp,Accepted,1.0,256.0,700,
s190640206,p03937,u195756521,1550720758,C++,C++14 (GCC 5.4.1),cpp,Accepted,1.0,256.0,589,
s813987951,p03937,u221119670,1550717096,C++,C++14 (GCC 5.4.1),cpp,Accepted,1.0,256.0,693,
s101764546,p03937,u318785595,1550691893,C++,C++14 (GCC 5.4.1),cpp,Accepted,2.0,256.0,658,
s065120966,p03937,u869282786,1550684385,C++,C++14 (GCC 5.4.1),cpp,Accepted,1.0,256.0,652,
s344069093,p03937,u817760251,1550668860,C++,C++14 (GCC 5.4.1),cpp,Accepted,1.0,256.0,412,
s844778570,p03937,u817760251,1550668667,C++,C++14 (GCC 5.4.1),cpp,Accepted,1.0,256.0,988,
s979995175,p03937,u824332405,1550665860,C++,C++14 (Clang 3.8.0),cpp,Accepted,1.0,256.0,854,
s186106080,p03937,u258009780,1550664542,C++,C++14 (GCC 5.4.1),cpp,Accepted,1.0,256.0,1470,
s194919615,p03937,u761320129,1550663783,Python,Python (3.4.3),py,Accepted,18.0,3064.0,353,
s975620046,p03937,u064408584,1550663124,Python,Python (3.4.3),py,Accepted,20.0,3316.0,162,
s645592289,p03937,u270681687,1550663078,Python,Python (3.4.3),py,Accepted,18.0,3064.0,882,
s204542449,p03937,u777923818,1550663048,Python,PyPy3 (2.4.0),py,Accepted,182.0,38256.0,588,
s009342842,p03937,u715750943,1550662548,C++,C++14 (GCC 5.4.1),cpp,Accepted,1.0,256.0,6847,
s353841097,p03937,u336011173,1550662479,C++,C++14 (GCC 5.4.1),cpp,Accepted,1.0,256.0,1245,
s868939096,p03937,u333917945,1550662275,C++,C++14 (GCC 5.4.1),cpp,Accepted,1.0,256.0,1810,
s612017661,p03937,u780122303,1550662130,C++,C++14 (GCC 5.4.1),cpp,Accepted,11.0,764.0,1064,
s154688338,p03937,u106297876,1550614708,C++,C++14 (GCC 5.4.1),cpp,Accepted,1.0,256.0,611,
s074036789,p03937,u301893320,1550367666,C++,C++14 (GCC 5.4.1),cpp,Accepted,5.0,764.0,666,
s917195778,p03937,u740284863,1550362248,Python,Python (3.4.3),py,Accepted,17.0,2940.0,164,
s174963058,p03937,u272557899,1550353918,Python,Python (3.4.3),py,Accepted,19.0,3064.0,563,
s462918752,p03937,u599547273,1550340432,Python,Python (3.4.3),py,Accepted,17.0,2940.0,232,
s339967210,p03937,u500026208,1550333117,C++,C++14 (GCC 5.4.1),cpp,Accepted,1.0,256.0,397,
s168912380,p03937,u870998297,1550310011,C++,C++14 (GCC 5.4.1),cpp,Accepted,1.0,256.0,2010,
s426536938,p03937,u303059352,1550293585,C++,C++14 (GCC 5.4.1),cpp,Accepted,1.0,256.0,1868,
s235080437,p03937,u513726585,1550292871,C++,C++14 (GCC 5.4.1),cpp,Accepted,1.0,256.0,399,
s493219922,p03937,u054475353,1550253303,C++,C++14 (GCC 5.4.1),cpp,Accepted,1.0,256.0,709,
s110623275,p03937,u361777955,1550173739,C++,C++14 (GCC 5.4.1),cpp,Accepted,1.0,256.0,338,
s343719231,p03937,u013803727,1550111004,C++,C++14 (GCC 5.4.1),cpp,Accepted,1.0,256.0,1463,
s729812392,p03937,u950708010,1550078613,Python,Python (3.4.3),py,Accepted,17.0,3064.0,650,
s814926964,p03937,u785578220,1550006398,Python,Python (3.4.3),py,Accepted,23.0,3316.0,739,
s055462784,p03937,u791593901,1549851938,C++,C++14 (GCC 5.4.1),cpp,Accepted,1.0,256.0,3043,
s981055484,p03937,u375616706,1549582860,Python,Python (3.4.3),py,Accepted,20.0,3064.0,253,
s449406101,p03937,u183866833,1549507943,C++,C++14 (GCC 5.4.1),cpp,Accepted,1.0,256.0,383,
s562744722,p03937,u224756887,1549454757,C++,C++14 (GCC 5.4.1),cpp,Accepted,4.0,6016.0,1530,
s815544737,p03937,u483737025,1549307897,C++,C++14 (GCC 5.4.1),cpp,Accepted,1.0,256.0,436,
s183120433,p03937,u376082984,1549159336,C++,C++14 (GCC 5.4.1),cpp,Accepted,1.0,256.0,584,
s783917078,p03937,u461044076,1549146395,C++,C++14 (GCC 5.4.1),cpp,Accepted,1.0,256.0,2028,
s106908928,p03937,u376082984,1549122582,C++,C++14 (GCC 5.4.1),cpp,Accepted,1.0,256.0,487,
s980206078,p03937,u018679195,1549122422,C++,C++14 (GCC 5.4.1),cpp,Accepted,1.0,256.0,931,
s252600784,p03937,u923279197,1549082485,Python,PyPy3 (2.4.0),py,Accepted,171.0,38256.0,162,
s382125150,p03937,u588341295,1548883329,Python,Python (3.4.3),py,Accepted,40.0,5284.0,1278,
s753716684,p03937,u921168761,1548818999,C++,C++14 (GCC 5.4.1),cpp,Accepted,3.0,256.0,1052,
s962806975,p03937,u432688695,1548725950,C++,C++14 (GCC 5.4.1),cpp,Accepted,1.0,256.0,1503,
s746710081,p03937,u123896133,1548557930,C++,C++14 (GCC 5.4.1),cpp,Accepted,1.0,256.0,987,
s331311351,p03937,u492373312,1548526924,C++,C++14 (GCC 5.4.1),cpp,Accepted,1.0,256.0,1094,
s814779974,p03937,u365956698,1548453519,C++,C++14 (GCC 5.4.1),cpp,Accepted,1.0,256.0,938,
s756849990,p03937,u343930666,1548405486,C++,C++14 (GCC 5.4.1),cpp,Accepted,1.0,256.0,1340,
s885497624,p03937,u798086274,1548277071,C++,C++14 (GCC 5.4.1),cpp,Accepted,1.0,256.0,636,
s261765301,p03937,u394033362,1548124686,C++,C++14 (GCC 5.4.1),cpp,Accepted,1.0,256.0,371,
s454598228,p03937,u721367699,1548020886,C++,C++14 (GCC 5.4.1),cpp,Accepted,1.0,256.0,896,
s530360546,p03937,u895971408,1548002931,C++,C++ (GCC 5.4.1),cpp,Accepted,1.0,256.0,1155,
s918583841,p03937,u076564993,1547943206,C++,C++14 (GCC 5.4.1),cpp,Accepted,1.0,256.0,805,
s697049245,p03937,u076564993,1547938901,C++,C++14 (GCC 5.4.1),cpp,Accepted,1.0,256.0,1230,
s548125912,p03937,u785220618,1547920781,Python,Python (3.4.3),py,Accepted,18.0,2940.0,159,
s314795097,p03937,u119098168,1547774692,C++,C++14 (GCC 5.4.1),cpp,Accepted,7.0,256.0,927,
s261203068,p03937,u102960641,1547721958,Python,Python (3.4.3),py,Accepted,18.0,2940.0,152,
s222764841,p03937,u384394986,1547709648,C++,C++14 (GCC 5.4.1),cpp,Accepted,1.0,256.0,1282,
s621122275,p03937,u619819312,1547621666,Python,Python (3.4.3),py,Accepted,18.0,2940.0,122,
s946156543,p03937,u057619905,1547527243,C++,C++14 (GCC 5.4.1),cpp,Accepted,1.0,256.0,901,
s044756820,p03937,u371467115,1547424420,Python,Python (3.4.3),py,Accepted,19.0,2940.0,124,
s796492610,p03937,u946090308,1547423859,C++,C++14 (GCC 5.4.1),cpp,Accepted,1.0,256.0,611,
s959808014,p03937,u434208140,1547241478,Python,Python (3.4.3),py,Accepted,18.0,3064.0,514,
s872557423,p03937,u643840641,1547241180,Python,Python (3.4.3),py,Accepted,18.0,2940.0,133,
s483227017,p03937,u586598623,1547127343,C++,C++14 (GCC 5.4.1),cpp,Accepted,1.0,256.0,886,
s412866659,p03937,u004025573,1547073608,Python,Python (3.4.3),py,Accepted,17.0,3060.0,281,
s900621128,p03937,u848647227,1546829221,Python,Python (3.4.3),py,Accepted,17.0,3060.0,277,
s868550476,p03937,u357265888,1546757181,C++,C++14 (GCC 5.4.1),cpp,Accepted,3.0,256.0,847,
s388419625,p03937,u476418095,1546735110,C++,C++ (GCC 5.4.1),cpp,Accepted,1.0,256.0,802,
s481676045,p03937,u876978301,1546660475,C++,C++14 (GCC 5.4.1),cpp,Accepted,3.0,256.0,3075,
s439279123,p03937,u297367372,1546539653,C++,C++14 (GCC 5.4.1),cpp,Accepted,1.0,256.0,330,
s094708119,p03937,u228297051,1546532291,C++,C++14 (GCC 5.4.1),cpp,Accepted,2.0,2304.0,3411,
s224580699,p03937,u560135121,1546531418,C++,C++14 (GCC 5.4.1),cpp,Accepted,1.0,256.0,315,
s209221997,p03937,u242534780,1546529777,C++,C++14 (GCC 5.4.1),cpp,Accepted,1.0,256.0,614,
s469533870,p03937,u459233539,1546487500,Python,Python (3.4.3),py,Accepted,18.0,2940.0,162,
s085617425,p03937,u787562674,1546482342,Python,Python (3.4.3),py,Accepted,19.0,3064.0,452,
s320507680,p03937,u787562674,1546482222,Python,Python (3.4.3),py,Accepted,18.0,3064.0,474,
s939333176,p03937,u973997867,1546481580,C++,C++14 (GCC 5.4.1),cpp,Accepted,1.0,256.0,716,
s207226913,p03937,u525288965,1546475607,C++,C++14 (GCC 5.4.1),cpp,Accepted,10.0,256.0,2001,
s238292703,p03937,u633967774,1546446852,C++,C++14 (GCC 5.4.1),cpp,Accepted,1.0,256.0,517,
s817830311,p03937,u299869545,1546412203,C++,C++14 (GCC 5.4.1),cpp,Accepted,1.0,256.0,987,
s168178873,p03937,u172873334,1546375312,C++,C++14 (GCC 5.4.1),cpp,Accepted,1.0,256.0,1319,
s974835180,p03937,u130196064,1546313657,C++,C++14 (GCC 5.4.1),cpp,Accepted,1.0,256.0,2421,
s099897709,p03937,u898749314,1546134903,C++,C++14 (GCC 5.4.1),cpp,Accepted,1.0,256.0,833,
s865104517,p03937,u201234972,1546134124,Python,Python (3.4.3),py,Accepted,40.0,3444.0,718,
s463341340,p03937,u930898631,1546133997,C++,C++14 (GCC 5.4.1),cpp,Accepted,5.0,768.0,656,
s675023196,p03937,u732285858,1546133988,C++,C++14 (GCC 5.4.1),cpp,Accepted,1.0,256.0,1092,
s111404399,p03937,u761320129,1546133560,Python,Python (3.4.3),py,Accepted,18.0,3064.0,391,
s341778251,p03937,u833393891,1546133322,C++,C++14 (GCC 5.4.1),cpp,Accepted,1.0,256.0,1236,
s810960013,p03937,u203927510,1546133196,C++,C++14 (GCC 5.4.1),cpp,Accepted,1.0,256.0,867,
s924976104,p03937,u222030240,1546133037,C++,C++14 (GCC 5.4.1),cpp,Accepted,1.0,256.0,936,
s301987128,p03937,u297045966,1546132855,C++,C++14 (GCC 5.4.1),cpp,Accepted,1.0,256.0,1439,
s737730098,p03937,u631277801,1546132267,Python,Python (3.4.3),py,Accepted,18.0,3064.0,614,
s366359770,p03937,u832039789,1546131909,Python,Python (3.4.3),py,Accepted,17.0,2940.0,158,
s053228250,p03937,u094534482,1546131318,C++,C++14 (GCC 5.4.1),cpp,Accepted,1.0,256.0,1493,
s727972415,p03937,u094534482,1546130507,C++,C++14 (GCC 5.4.1),cpp,Accepted,5.0,256.0,1809,
s009141755,p03937,u136378781,1546128260,C++,C++14 (GCC 5.4.1),cpp,Accepted,1.0,256.0,1509,
s753380290,p03937,u063052907,1546127597,Python,Python (3.4.3),py,Accepted,18.0,2940.0,204,
s730959007,p03937,u414947284,1546121708,C++,C++14 (GCC 5.4.1),cpp,Accepted,1.0,256.0,795,
s700799811,p03937,u817760251,1546111979,C++,C++14 (GCC 5.4.1),cpp,Accepted,2.0,256.0,428,
s031671240,p03937,u391331433,1546095445,Python,Python (2.7.6),py,Accepted,19.0,3044.0,1253,
s734893137,p03937,u516353059,1546061403,C++,C++14 (GCC 5.4.1),cpp,Accepted,1.0,256.0,2006,
s833985356,p03937,u294159462,1546052255,C++,C++14 (GCC 5.4.1),cpp,Accepted,1.0,256.0,821,
s056157939,p03937,u294159462,1546052117,C++,C++14 (GCC 5.4.1),cpp,Accepted,2.0,256.0,814,
s680450093,p03937,u342051078,1546027459,C++,C++14 (GCC 5.4.1),cpp,Accepted,1.0,256.0,539,
s972620023,p03937,u385617244,1545932708,C++,C++14 (GCC 5.4.1),cpp,Accepted,1.0,256.0,470,
s187191865,p03937,u415041731,1545873615,C++,C++14 (GCC 5.4.1),cpp,Accepted,1.0,256.0,1333,
s923196670,p03937,u954659213,1545870068,C++,C++14 (GCC 5.4.1),cpp,Accepted,1.0,256.0,288,
s922034495,p03937,u990764614,1545852495,C++,C++14 (GCC 5.4.1),cpp,Accepted,1.0,256.0,405,
s657323435,p03937,u513736711,1545831338,C++,C++14 (GCC 5.4.1),cpp,Accepted,1.0,256.0,407,
s610174707,p03937,u983918956,1545807316,Python,Python (3.4.3),py,Accepted,18.0,2940.0,185,
s361085158,p03937,u987267288,1545794503,C++,C++14 (GCC 5.4.1),cpp,Accepted,1.0,256.0,498,
s568020129,p03937,u177040005,1545784990,Python,Python (3.4.3),py,Accepted,17.0,2940.0,175,
s154185021,p03937,u656771711,1545714705,C++,C++14 (GCC 5.4.1),cpp,Accepted,1.0,256.0,1211,
s907048427,p03937,u994831328,1545709337,C++,C++14 (GCC 5.4.1),cpp,Accepted,1.0,256.0,1053,
s366338418,p03937,u967198683,1545675572,C++,C++ (GCC 5.4.1),cpp,Accepted,1.0,256.0,649,
s390734561,p03937,u002512362,1545675303,C++,C++ (GCC 5.4.1),cpp,Accepted,1.0,256.0,649,
s767905268,p03937,u402472923,1545625362,C++,C++14 (GCC 5.4.1),cpp,Accepted,1.0,256.0,938,
s263092831,p03937,u685009987,1545505911,C++,C++14 (GCC 5.4.1),cpp,Accepted,1.0,256.0,1381,
s391849758,p03937,u392423112,1545322809,C++,C++14 (GCC 5.4.1),cpp,Accepted,1.0,256.0,466,
s216438346,p03937,u181937133,1545102780,C++,C++14 (GCC 5.4.1),cpp,Accepted,3.0,768.0,1049,
s899841304,p03937,u774261627,1545019663,C++,C++14 (GCC 5.4.1),cpp,Accepted,1.0,256.0,386,
s827722523,p03937,u073463809,1545006439,C++,C++14 (GCC 5.4.1),cpp,Accepted,1.0,256.0,339,
s569276155,p03937,u031178961,1544992457,C++,C++14 (GCC 5.4.1),cpp,Accepted,1.0,256.0,875,
s331521349,p03937,u445511055,1544905024,Python,Python (3.4.3),py,Accepted,18.0,2940.0,326,
s419359390,p03937,u756388720,1544903797,C++,C++14 (GCC 5.4.1),cpp,Accepted,1.0,256.0,305,
s893615812,p03937,u374416262,1544897555,C++,C++14 (GCC 5.4.1),cpp,Accepted,1.0,256.0,268,
s279778746,p03937,u154672915,1544891920,C++,C++14 (GCC 5.4.1),cpp,Accepted,1.0,256.0,582,
s307791161,p03937,u134519179,1544847606,C++,C++14 (GCC 5.4.1),cpp,Accepted,1.0,256.0,684,
s801115445,p03937,u907049739,1544774144,C++,C++14 (GCC 5.4.1),cpp,Accepted,1.0,256.0,1940,
s634032936,p03937,u768967683,1544753523,C++,C++14 (GCC 5.4.1),cpp,Accepted,1.0,256.0,492,
s018823687,p03937,u603234915,1544722180,Python,Python (3.4.3),py,Accepted,39.0,3564.0,810,
s938010776,p03937,u819815859,1544684314,C++,C++14 (GCC 5.4.1),cpp,Accepted,1.0,256.0,2759,
s328811711,p03937,u738810131,1544679889,C++,C++14 (GCC 5.4.1),cpp,Accepted,1.0,256.0,2032,
s654600843,p03937,u885134476,1544657468,C++,C++14 (GCC 5.4.1),cpp,Accepted,1.0,256.0,714,
s129240304,p03937,u001024152,1544651191,Python,Python (3.4.3),py,Accepted,20.0,3060.0,273,
s806518612,p03937,u297574184,1544586468,Python,Python (3.4.3),py,Accepted,18.0,3064.0,556,
s207826251,p03937,u513081876,1544500283,Python,Python (3.4.3),py,Accepted,61.0,3064.0,627,
s071815211,p03937,u182914272,1544493307,C++,C++14 (GCC 5.4.1),cpp,Accepted,1.0,256.0,622,
s465434725,p03937,u423143252,1544486970,C++,C++14 (GCC 5.4.1),cpp,Accepted,1.0,256.0,1407,
s452372098,p03937,u057866967,1544412111,C++,C++14 (GCC 5.4.1),cpp,Accepted,1.0,256.0,572,
s014174146,p03937,u557437077,1544337589,Python,Python (3.4.3),py,Accepted,19.0,3064.0,766,
s210752233,p03937,u697354805,1544330668,C++,C++14 (GCC 5.4.1),cpp,Accepted,1.0,128.0,533,
s188523173,p03937,u350552300,1544319316,C++,C++14 (GCC 5.4.1),cpp,Accepted,7.0,764.0,401,
s813472131,p03937,u991083615,1544222610,C++,C++14 (GCC 5.4.1),cpp,Accepted,1.0,256.0,910,
s669028694,p03937,u203927510,1544216792,C++,C++14 (GCC 5.4.1),cpp,Accepted,2.0,256.0,873,
s338605736,p03937,u624475441,1544055759,Python,Python (3.4.3),py,Accepted,17.0,2940.0,134,
s963523588,p03937,u624475441,1544055121,Python,Python (3.4.3),py,Accepted,18.0,3064.0,448,
s675488996,p03937,u183530284,1543797031,C++,C++14 (GCC 5.4.1),cpp,Accepted,1.0,256.0,742,
s623371930,p03937,u711340028,1543772103,C++,C++14 (GCC 5.4.1),cpp,Accepted,1.0,256.0,616,
s716024666,p03937,u799021348,1543691079,C++,C++14 (GCC 5.4.1),cpp,Accepted,1.0,256.0,1415,
s842851398,p03937,u792984973,1543457365,C++,C++14 (GCC 5.4.1),cpp,Accepted,1.0,256.0,1118,
s228450370,p03937,u047535298,1543439734,Python,Python (3.4.3),py,Accepted,38.0,3188.0,546,
s866524973,p03937,u844789719,1543438545,Python,Python (3.4.3),py,Accepted,21.0,3064.0,779,
s114435029,p03937,u110393818,1543436567,C++,C++14 (GCC 5.4.1),cpp,Accepted,1.0,256.0,438,
s806851063,p03937,u284854859,1543353332,Python,Python (3.4.3),py,Accepted,17.0,3064.0,778,
s825181805,p03937,u138919616,1543283330,C++,C++14 (GCC 5.4.1),cpp,Accepted,2.0,1792.0,1780,
s716460369,p03937,u853900545,1542907266,Python,Python (3.4.3),py,Accepted,17.0,2940.0,156,
s276201800,p03937,u832435941,1542901644,C++,C++14 (GCC 5.4.1),cpp,Accepted,1.0,256.0,969,
s118830301,p03937,u089230684,1542778666,C++,C++14 (GCC 5.4.1),cpp,Accepted,1.0,256.0,1211,
s571222746,p03937,u022317850,1542762077,C++,C++14 (GCC 5.4.1),cpp,Accepted,1.0,256.0,1095,
s031570479,p03937,u503170128,1542739238,C++,C++14 (GCC 5.4.1),cpp,Accepted,1.0,256.0,1015,
s545710621,p03937,u220562677,1542738936,C++,C++14 (GCC 5.4.1),cpp,Accepted,1.0,256.0,393,
s956960378,p03937,u102602414,1542691946,C++,C++14 (GCC 5.4.1),cpp,Accepted,1.0,256.0,793,
s479565525,p03937,u192903163,1542676948,C++,C++14 (GCC 5.4.1),cpp,Accepted,1.0,256.0,316,
s315384996,p03937,u855429581,1542600117,C++,C++14 (GCC 5.4.1),cpp,Accepted,1.0,128.0,569,
s089947551,p03937,u359025499,1542564895,C++,C++14 (GCC 5.4.1),cpp,Accepted,1.0,256.0,685,
s893398941,p03937,u285991898,1542556611,C++,C++14 (GCC 5.4.1),cpp,Accepted,1.0,256.0,1365,
s640572206,p03937,u039623862,1542349419,Python,Python (3.4.3),py,Accepted,17.0,2940.0,206,
s086346095,p03937,u869282786,1542219844,C++,C++14 (GCC 5.4.1),cpp,Accepted,1.0,256.0,468,
s784204947,p03937,u336011173,1542169875,C++,C++14 (GCC 5.4.1),cpp,Accepted,1.0,256.0,772,
s449421977,p03937,u908318580,1542074542,C++,C++14 (GCC 5.4.1),cpp,Accepted,1.0,256.0,1736,
s530881006,p03937,u214617707,1542072398,Python,Python (3.4.3),py,Accepted,18.0,3064.0,174,
s474863600,p03937,u409872261,1541903685,C++,C++14 (GCC 5.4.1),cpp,Accepted,1.0,256.0,339,
s006797571,p03937,u398846051,1541809430,Python,Python (3.4.3),py,Accepted,18.0,2940.0,134,
s281398737,p03937,u876386943,1541743662,C++,C++14 (GCC 5.4.1),cpp,Accepted,1.0,256.0,303,
s266686412,p03937,u550314572,1541522211,C++,C++14 (GCC 5.4.1),cpp,Accepted,1.0,256.0,1157,
s484814862,p03937,u997979021,1541464213,C++,C++14 (GCC 5.4.1),cpp,Accepted,1.0,256.0,432,
s223518661,p03937,u533101919,1541449957,C++,C++14 (GCC 5.4.1),cpp,Accepted,1.0,256.0,623,
s206974872,p03937,u916863805,1541449849,C++,C++14 (GCC 5.4.1),cpp,Accepted,1.0,256.0,339,
s620069247,p03937,u944209426,1541381150,Python,PyPy3 (2.4.0),py,Accepted,166.0,38256.0,359,
s343946390,p03937,u219041750,1541374367,C++,C++14 (GCC 5.4.1),cpp,Accepted,1.0,256.0,530,
s658667538,p03937,u879870653,1541291527,Python,Python (3.4.3),py,Accepted,18.0,3064.0,916,
s924619002,p03937,u628871447,1541256881,C++,C++14 (GCC 5.4.1),cpp,Accepted,1.0,256.0,1042,
s600064138,p03937,u001596356,1541195020,C++,C++14 (GCC 5.4.1),cpp,Accepted,2.0,1024.0,1060,
s194525442,p03937,u353602031,1541118942,C++,C++14 (GCC 5.4.1),cpp,Accepted,1.0,256.0,4100,
s752665332,p03937,u816742421,1541087011,C++,C++14 (GCC 5.4.1),cpp,Accepted,1.0,256.0,679,
s934317133,p03937,u607741489,1541086290,C++,C++14 (GCC 5.4.1),cpp,Accepted,1.0,256.0,495,
s507747370,p03937,u111421568,1541028123,Python,Python (3.4.3),py,Accepted,17.0,3064.0,1235,
s043539467,p03937,u068654145,1541027429,C++,C++14 (GCC 5.4.1),cpp,Accepted,1.0,256.0,927,
s773748080,p03937,u453764945,1541027228,C++,C++14 (Clang 3.8.0),cpp,Accepted,1.0,256.0,602,
s962347567,p03937,u323680411,1540861289,Python,Python (3.4.3),py,Accepted,18.0,3060.0,451,
s391004831,p03937,u504142483,1540842467,C++,C++14 (GCC 5.4.1),cpp,Accepted,1.0,256.0,1034,
s171983934,p03937,u884163918,1540789822,C++,C++14 (GCC 5.4.1),cpp,Accepted,1.0,256.0,380,
s295997023,p03937,u427344224,1540785875,Python,Python (3.4.3),py,Accepted,17.0,3064.0,570,
s645805990,p03937,u122365993,1540770966,C++,C++14 (GCC 5.4.1),cpp,Accepted,1.0,256.0,764,
s978607925,p03937,u049420296,1540687419,C++,C++14 (GCC 5.4.1),cpp,Accepted,1.0,256.0,1018,
s139959050,p03937,u138486156,1540603600,Python,Python (3.4.3),py,Accepted,17.0,2940.0,250,
s171232703,p03937,u817142576,1540520602,C++,C++14 (GCC 5.4.1),cpp,Accepted,1.0,256.0,1298,
s345208213,p03937,u580402951,1540519675,C++,C++14 (GCC 5.4.1),cpp,Accepted,5.0,256.0,1546,
s616397236,p03937,u172929647,1540518777,C++,C++14 (GCC 5.4.1),cpp,Accepted,1.0,256.0,5996,
s345248288,p03937,u424110125,1540488573,C++,C++14 (GCC 5.4.1),cpp,Accepted,1.0,256.0,1096,
s872234324,p03937,u480831358,1540441180,C++,C++14 (GCC 5.4.1),cpp,Accepted,1.0,256.0,803,
s120060821,p03937,u243196226,1540431592,C++,C++14 (GCC 5.4.1),cpp,Accepted,1.0,256.0,615,
s429130743,p03937,u799165954,1540420322,C++,C++14 (GCC 5.4.1),cpp,Accepted,1.0,256.0,907,
s115957151,p03937,u372550522,1540409712,C++,C++14 (GCC 5.4.1),cpp,Accepted,1.0,256.0,446,
s429261638,p03937,u724892495,1540356942,C++,C++14 (GCC 5.4.1),cpp,Accepted,1.0,256.0,1500,
s455975942,p03937,u987476436,1540308462,C++,C++14 (GCC 5.4.1),cpp,Accepted,1.0,256.0,549,
s082542485,p03937,u592610268,1540171587,C++,C++14 (GCC 5.4.1),cpp,Accepted,2.0,256.0,1289,
s036767007,p03937,u627417051,1540149700,Python,Python (3.4.3),py,Accepted,18.0,3064.0,734,
s175884081,p03937,u440920318,1540036090,C++,C++14 (GCC 5.4.1),cpp,Accepted,1.0,128.0,441,
s887999130,p03937,u018679195,1539886203,C++,C++14 (GCC 5.4.1),cpp,Accepted,2.0,256.0,1222,
s110108681,p03937,u816631826,1539825080,C++,C++14 (GCC 5.4.1),cpp,Accepted,1.0,256.0,385,
s814152560,p03937,u465638326,1539788289,C++,C++14 (GCC 5.4.1),cpp,Accepted,1.0,256.0,333,
s933398815,p03937,u457901067,1539787306,Python,Python (3.4.3),py,Accepted,17.0,3060.0,243,
s539629723,p03937,u241182318,1539705373,C++,C++14 (GCC 5.4.1),cpp,Accepted,1.0,256.0,592,
s314463357,p03937,u222509161,1539695483,C++,C++14 (GCC 5.4.1),cpp,Accepted,1.0,256.0,589,
s404818480,p03937,u050428930,1539659662,C++,C++14 (GCC 5.4.1),cpp,Accepted,1.0,256.0,383,
s531938677,p03937,u623115612,1539578013,C++,C++14 (GCC 5.4.1),cpp,Accepted,3.0,256.0,386,
s488631411,p03937,u434231045,1539564689,C++,C++14 (GCC 5.4.1),cpp,Accepted,5.0,764.0,1775,
s545379844,p03937,u775013393,1539461394,C++,C++14 (GCC 5.4.1),cpp,Accepted,1.0,256.0,491,
s280338096,p03937,u876875284,1539317035,C++,C++14 (GCC 5.4.1),cpp,Accepted,1.0,256.0,334,
s830331989,p03937,u064408584,1539311888,Python,Python (3.4.3),py,Accepted,17.0,2940.0,168,
s478517379,p03937,u211681714,1539302117,C++,C++14 (GCC 5.4.1),cpp,Accepted,1.0,256.0,5176,
s747915160,p03937,u946322619,1539281482,C++,C++14 (GCC 5.4.1),cpp,Accepted,1.0,256.0,1589,
s289217165,p03937,u095266283,1539268601,C++,C++14 (GCC 5.4.1),cpp,Accepted,1.0,256.0,923,
s309422132,p03937,u543301644,1539231646,C++,C++14 (GCC 5.4.1),cpp,Accepted,1.0,256.0,1039,
s956650320,p03937,u050138914,1539215679,C++,C++14 (GCC 5.4.1),cpp,Accepted,1.0,256.0,2902,
s409430347,p03937,u018679195,1539204296,C++,C++14 (GCC 5.4.1),cpp,Accepted,1.0,256.0,1993,
s443353443,p03937,u353919145,1539204204,C++,C++14 (GCC 5.4.1),cpp,Accepted,1.0,256.0,1830,
s146585676,p03937,u816631826,1539204187,C++,C++14 (GCC 5.4.1),cpp,Accepted,1.0,256.0,1251,
s310766727,p03937,u089230684,1539204028,C++,C++14 (GCC 5.4.1),cpp,Accepted,1.0,256.0,984,
s261542495,p03937,u174404613,1539185947,C++,C++14 (GCC 5.4.1),cpp,Accepted,1.0,256.0,556,
s961302972,p03937,u372786981,1539156917,C++,C++14 (GCC 5.4.1),cpp,Accepted,1.0,256.0,1045,
s096983962,p03937,u017810624,1539134090,Python,Python (3.4.3),py,Accepted,17.0,3060.0,188,
s192724344,p03937,u333139319,1539112387,Python,Python (3.4.3),py,Accepted,17.0,3060.0,257,
s328228924,p03937,u796269639,1539047564,C++,C++14 (GCC 5.4.1),cpp,Accepted,1.0,256.0,641,
s820671910,p03937,u589087860,1539045810,Python,Python (3.4.3),py,Accepted,17.0,2940.0,204,
s341442077,p03937,u809153881,1538941241,C++,C++14 (GCC 5.4.1),cpp,Accepted,1.0,256.0,556,
s040418992,p03937,u903951856,1538878903,C++,C++14 (GCC 5.4.1),cpp,Accepted,1.0,256.0,4392,
s229601205,p03937,u383992322,1538873330,C++,C++14 (GCC 5.4.1),cpp,Accepted,1.0,256.0,735,
s381467513,p03937,u828847847,1538854934,C++,C++14 (GCC 5.4.1),cpp,Accepted,1.0,256.0,1023,
s298633512,p03937,u729133443,1538630960,Python,PyPy3 (2.4.0),py,Accepted,164.0,38512.0,89,
s608973353,p03937,u729133443,1538630933,Python,Python (3.4.3),py,Accepted,24.0,3064.0,89,
s880897161,p03937,u729133443,1538630029,Python,Python (3.4.3),py,Accepted,17.0,3064.0,373,
s273573000,p03937,u024809932,1538622675,C++,C++14 (GCC 5.4.1),cpp,Accepted,1.0,256.0,336,
s759594543,p03937,u863370423,1538604784,C++,C++14 (GCC 5.4.1),cpp,Accepted,1.0,256.0,593,
s849994283,p03937,u089230684,1538604265,C++,C++14 (GCC 5.4.1),cpp,Accepted,0.0,128.0,311,
s808098518,p03937,u476418095,1538604218,C++,C++ (GCC 5.4.1),cpp,Accepted,1.0,128.0,311,
s262170665,p03937,u875252808,1538601353,C++,C++14 (GCC 5.4.1),cpp,Accepted,1.0,256.0,594,
s541324921,p03937,u931483715,1538598302,C++,C++14 (GCC 5.4.1),cpp,Accepted,1.0,128.0,451,
s364150542,p03937,u816631826,1538598265,C++,C++14 (GCC 5.4.1),cpp,Accepted,1.0,128.0,451,
s017300267,p03937,u158378528,1538584990,C++,C++ (GCC 5.4.1),cpp,Accepted,1.0,128.0,768,
s161855452,p03937,u863370423,1538584977,C++,C++14 (GCC 5.4.1),cpp,Accepted,1.0,128.0,768,
s418240352,p03937,u158378528,1538584951,C++,C++14 (GCC 5.4.1),cpp,Accepted,1.0,128.0,768,
s702606566,p03937,u816631826,1538583231,C++,C++14 (GCC 5.4.1),cpp,Accepted,1.0,256.0,673,
s333304350,p03937,u089230684,1538583107,C++,C++14 (GCC 5.4.1),cpp,Accepted,1.0,256.0,560,
s845161425,p03937,u863370423,1538583106,C++,C++14 (GCC 5.4.1),cpp,Accepted,1.0,256.0,565,
s230299851,p03937,u816631826,1538583104,C++,C++14 (GCC 5.4.1),cpp,Accepted,1.0,256.0,673,
s230445748,p03937,u816631826,1538583074,C++,C++14 (GCC 5.4.1),cpp,Accepted,1.0,256.0,835,
s134370222,p03937,u352557224,1538514703,C++,C++14 (GCC 5.4.1),cpp,Accepted,1.0,256.0,835,
s212774554,p03937,u224246439,1538492023,C++,C++14 (GCC 5.4.1),cpp,Accepted,1.0,256.0,673,
s239060188,p03937,u863370423,1538488928,C++,C++14 (GCC 5.4.1),cpp,Accepted,1.0,128.0,656,
s981560439,p03937,u478579285,1538488469,C++,C++14 (GCC 5.4.1),cpp,Accepted,1.0,256.0,560,
s362467767,p03937,u879099684,1538487964,C++,C++14 (GCC 5.4.1),cpp,Accepted,1.0,128.0,656,
s265883994,p03937,u099918199,1538325817,Python,Python (3.4.3),py,Accepted,149.0,3956.0,733,
s176819064,p03937,u841478517,1538259882,C++,C++14 (GCC 5.4.1),cpp,Accepted,1.0,256.0,674,
s070389563,p03937,u221206606,1538184507,C++,C++14 (GCC 5.4.1),cpp,Accepted,1.0,256.0,288,
s436743377,p03937,u221206606,1538183963,C++,C++ (GCC 5.4.1),cpp,Accepted,1.0,256.0,425,
s571728081,p03937,u835297884,1538104099,C++,C++14 (GCC 5.4.1),cpp,Accepted,1.0,256.0,761,
s955568228,p03937,u815813121,1538101504,C++,C++14 (GCC 5.4.1),cpp,Accepted,1.0,256.0,875,
s374893778,p03937,u617136595,1538095406,C++,C++14 (GCC 5.4.1),cpp,Accepted,1.0,256.0,2071,
s497027760,p03937,u525423408,1538066787,Python,Python (3.4.3),py,Accepted,17.0,2940.0,176,
s557704389,p03937,u136395536,1538054661,Python,Python (3.4.3),py,Accepted,17.0,2940.0,188,
s630204078,p03937,u604177824,1537990086,C++,C++14 (GCC 5.4.1),cpp,Accepted,1.0,256.0,1199,
s420024231,p03937,u049278965,1537973344,C++,C++14 (GCC 5.4.1),cpp,Accepted,1.0,256.0,779,
s909982044,p03937,u155097870,1537886102,C++,C++14 (GCC 5.4.1),cpp,Accepted,2.0,128.0,563,
s127828199,p03937,u643732619,1537806913,C++,C++14 (GCC 5.4.1),cpp,Accepted,1.0,256.0,1158,
s150222279,p03937,u723721005,1537579706,C++,C++14 (GCC 5.4.1),cpp,Accepted,1.0,128.0,226,
s818651104,p03937,u086317570,1537579608,C++,C++14 (GCC 5.4.1),cpp,Accepted,1.0,128.0,226,
s087738723,p03937,u675296835,1537579027,C++,C++14 (GCC 5.4.1),cpp,Accepted,1.0,256.0,4147,
s657605241,p03937,u030892114,1537490565,C++,C++14 (GCC 5.4.1),cpp,Accepted,1.0,256.0,1211,
s158765200,p03937,u273352618,1537393277,C++,C++14 (GCC 5.4.1),cpp,Accepted,1.0,256.0,1101,
s993875964,p03937,u337802798,1537348731,C++,C++14 (GCC 5.4.1),cpp,Accepted,1.0,256.0,3554,
s327756472,p03937,u251173402,1537222794,C++,C++14 (GCC 5.4.1),cpp,Accepted,1.0,256.0,640,
s857512552,p03937,u814534994,1537211361,C++,C++14 (GCC 5.4.1),cpp,Accepted,1.0,256.0,556,
s649113871,p03937,u864171425,1537084041,C++,C++14 (GCC 5.4.1),cpp,Accepted,1.0,256.0,401,
s808530344,p03937,u932066890,1537072697,C++,C++14 (GCC 5.4.1),cpp,Accepted,1.0,256.0,642,
s305410662,p03937,u677421794,1537057819,C++,C++14 (GCC 5.4.1),cpp,Accepted,1.0,256.0,420,
s860899509,p03937,u129134470,1537056569,C++,C++14 (GCC 5.4.1),cpp,Accepted,1.0,256.0,706,
s882078842,p03937,u177398299,1537053514,Python,Python (3.4.3),py,Accepted,17.0,2940.0,135,
s352311602,p03937,u366644013,1537049773,Python,Python (3.4.3),py,Accepted,18.0,3064.0,293,
s727935852,p03937,u916743460,1537047919,C++,C++14 (GCC 5.4.1),cpp,Accepted,1.0,256.0,1118,
s990347688,p03937,u259210975,1537024335,C++,C++14 (GCC 5.4.1),cpp,Accepted,1.0,256.0,860,
s176508840,p03937,u693027786,1536954413,C++,C++14 (GCC 5.4.1),cpp,Accepted,1.0,256.0,534,
s498324292,p03937,u127194462,1536906729,C++,C++14 (GCC 5.4.1),cpp,Accepted,1.0,256.0,311,
s443651850,p03937,u761989513,1536864976,Python,Python (3.4.3),py,Accepted,18.0,2940.0,168,
s282841180,p03937,u646339490,1536858346,C++,C++14 (GCC 5.4.1),cpp,Accepted,1.0,256.0,1045,
s402261073,p03937,u350561621,1536726044,C++,C++14 (GCC 5.4.1),cpp,Accepted,1.0,128.0,813,
s895332490,p03937,u335590796,1536709533,C++,C++14 (GCC 5.4.1),cpp,Accepted,2.0,384.0,347,
s001847302,p03937,u844133200,1536708118,C++,C++14 (Clang 3.8.0),cpp,Accepted,1.0,256.0,1732,
s574646185,p03937,u768152935,1536681822,C++,C++14 (GCC 5.4.1),cpp,Accepted,1.0,256.0,1101,
s625997708,p03937,u023010491,1536641257,C++,C++14 (GCC 5.4.1),cpp,Accepted,1.0,256.0,1195,
s917054442,p03937,u344099544,1536639883,C++,C++14 (GCC 5.4.1),cpp,Accepted,1.0,256.0,550,
s520630988,p03937,u915020369,1536506725,C++,C++14 (GCC 5.4.1),cpp,Accepted,1.0,256.0,1369,
s097946754,p03937,u421777980,1536313867,C++,C++14 (GCC 5.4.1),cpp,Accepted,1.0,256.0,1905,
s567501002,p03937,u837208565,1536203137,C++,C++14 (GCC 5.4.1),cpp,Accepted,1.0,256.0,1215,
s646357433,p03937,u895641117,1536076789,C++,C++14 (GCC 5.4.1),cpp,Accepted,2.0,256.0,1541,
s822943934,p03937,u394919721,1536034574,C++,C++14 (GCC 5.4.1),cpp,Accepted,1.0,256.0,1318,
s211166713,p03937,u263933075,1535987243,C++,C++ (GCC 5.4.1),cpp,Accepted,2.0,256.0,452,
s660782354,p03937,u423335028,1535987219,C++,C++14 (GCC 5.4.1),cpp,Accepted,1.0,128.0,452,
s975371071,p03937,u832039789,1535911834,Python,Python (3.4.3),py,Accepted,17.0,2940.0,117,
s808188694,p03937,u691493208,1535859798,C++,C++14 (GCC 5.4.1),cpp,Accepted,1.0,256.0,1036,
s613180633,p03937,u057611820,1535679235,C++,C++14 (GCC 5.4.1),cpp,Accepted,1.0,256.0,399,
s166076337,p03937,u772304668,1535673892,C++,C++14 (GCC 5.4.1),cpp,Accepted,1.0,256.0,368,
s226484326,p03937,u281964543,1535665784,C++,C++14 (GCC 5.4.1),cpp,Accepted,1.0,256.0,333,
s703868851,p03937,u976045235,1535589702,C++,C++14 (GCC 5.4.1),cpp,Accepted,1.0,256.0,1758,
s087497195,p03937,u502709453,1535571262,C++,C++14 (GCC 5.4.1),cpp,Accepted,1.0,256.0,1475,
s447078442,p03937,u758996710,1535569129,C++,C++14 (GCC 5.4.1),cpp,Accepted,1.0,256.0,545,
s897115059,p03937,u340980616,1535512896,C++,C++14 (GCC 5.4.1),cpp,Accepted,4.0,256.0,1160,
s176205320,p03937,u333945892,1535506776,Python,Python (3.4.3),py,Accepted,34.0,4460.0,776,
s788510530,p03937,u636185144,1535496617,C++,C++14 (GCC 5.4.1),cpp,Accepted,1.0,256.0,877,
s158487018,p03937,u147049801,1535314634,C++,C++14 (GCC 5.4.1),cpp,Accepted,2.0,504.0,525,
s679233713,p03937,u572665222,1535197488,C++,C++14 (GCC 5.4.1),cpp,Accepted,1.0,256.0,449,
s518584371,p03937,u306142032,1535143216,C++,C++14 (GCC 5.4.1),cpp,Accepted,1.0,256.0,2092,
s002630006,p03937,u631277801,1535107622,Python,Python (3.4.3),py,Accepted,17.0,2940.0,242,
s281694924,p03937,u690536347,1535042235,Python,Python (3.4.3),py,Accepted,17.0,2940.0,149,
s263310026,p03937,u394482932,1534860682,C++,C++14 (GCC 5.4.1),cpp,Accepted,1.0,256.0,200,
s874939728,p03937,u462557023,1534811121,C++,C++14 (GCC 5.4.1),cpp,Accepted,1.0,256.0,983,
s401793458,p03937,u404075706,1534788636,C++,C++14 (Clang 3.8.0),cpp,Accepted,99.0,632.0,1474,
s630554308,p03937,u084871864,1534731680,C++,C++14 (GCC 5.4.1),cpp,Accepted,1.0,256.0,766,
s091242819,p03937,u891178744,1534611600,C++,C++14 (GCC 5.4.1),cpp,Accepted,1.0,256.0,595,
s667103904,p03937,u957084285,1534492062,Python,Python (3.4.3),py,Accepted,17.0,2940.0,114,
s403296712,p03937,u068654145,1534296058,C++,C++14 (GCC 5.4.1),cpp,Accepted,1.0,256.0,927,
s015414630,p03937,u069135055,1534170486,C++,C++14 (GCC 5.4.1),cpp,Accepted,1.0,256.0,505,
s256073786,p03937,u474183756,1534090225,C++,C++14 (GCC 5.4.1),cpp,Accepted,1.0,256.0,582,
s773816908,p03937,u903722062,1534057358,C++,C++14 (GCC 5.4.1),cpp,Accepted,1.0,256.0,1420,
s263718347,p03937,u353412420,1533992234,Python,Python (3.4.3),py,Accepted,18.0,3064.0,759,
s727447966,p03937,u633020228,1533759955,C++,C++14 (GCC 5.4.1),cpp,Accepted,1.0,256.0,1243,
s897783109,p03937,u130263865,1533755026,C++,C++14 (GCC 5.4.1),cpp,Accepted,1.0,256.0,2388,
s430790990,p03937,u054652697,1533623885,C++,C++14 (GCC 5.4.1),cpp,Accepted,1.0,256.0,626,
s395790765,p03937,u379196934,1533605388,C++,C++14 (GCC 5.4.1),cpp,Accepted,1.0,256.0,428,
s750078999,p03937,u558092537,1533332727,C++,C++14 (Clang 3.8.0),cpp,Accepted,2.0,380.0,1364,
s556306502,p03937,u294531924,1533147367,C++,C++14 (GCC 5.4.1),cpp,Accepted,1.0,256.0,1237,
s700350818,p03937,u137332130,1533055574,C++,C++14 (GCC 5.4.1),cpp,Accepted,1.0,256.0,1475,
s510648088,p03937,u808427016,1532924553,Python,Python (3.4.3),py,Accepted,19.0,3064.0,582,
s204731959,p03937,u745250049,1532920305,C++,C++14 (GCC 5.4.1),cpp,Accepted,1.0,256.0,1158,
s464396219,p03937,u745250049,1532920287,C++,C++14 (GCC 5.4.1),cpp,Accepted,1.0,256.0,1507,
s366315846,p03937,u006686215,1532918503,C++,C++14 (GCC 5.4.1),cpp,Accepted,1.0,256.0,323,
s088267139,p03937,u562935282,1532400563,Python,Python (3.4.3),py,Accepted,18.0,3064.0,1046,
s083655497,p03937,u879581330,1532298144,C++,C++14 (GCC 5.4.1),cpp,Accepted,1.0,256.0,365,
s872015415,p03937,u664743926,1532030888,C++,C++14 (GCC 5.4.1),cpp,Accepted,1.0,256.0,315,
s824002376,p03937,u748069390,1532028971,C++,C++14 (GCC 5.4.1),cpp,Accepted,1.0,256.0,1305,
s986460091,p03937,u698156704,1531946709,C++,C++14 (GCC 5.4.1),cpp,Accepted,1.0,256.0,1342,
s648261185,p03937,u734519000,1531875915,C++,C++14 (GCC 5.4.1),cpp,Accepted,3.0,384.0,1323,
s019829472,p03937,u734519000,1531875804,C++,C++14 (GCC 5.4.1),cpp,Accepted,1.0,256.0,1096,
s241385905,p03937,u015514760,1531516475,C++,C++14 (GCC 5.4.1),cpp,Accepted,1.0,256.0,747,
s022488021,p03937,u379822620,1531451254,C++,C++14 (GCC 5.4.1),cpp,Accepted,1.0,256.0,485,
s625159414,p03937,u957457849,1531447259,C++,C++14 (GCC 5.4.1),cpp,Accepted,1.0,256.0,576,
s056719407,p03937,u550995059,1531434243,C++,C++14 (GCC 5.4.1),cpp,Accepted,1.0,256.0,1058,
s925006177,p03937,u239493918,1531281514,C++,C++14 (GCC 5.4.1),cpp,Accepted,1.0,256.0,938,
s634868799,p03937,u546943614,1531179246,C++,C++14 (GCC 5.4.1),cpp,Accepted,1.0,256.0,984,
s217757888,p03937,u384299515,1530974651,C++,C++14 (GCC 5.4.1),cpp,Accepted,1.0,256.0,547,
s384914820,p03937,u872959410,1530935155,C++,C++14 (GCC 5.4.1),cpp,Accepted,1.0,256.0,437,
s714034004,p03937,u150861392,1530835681,C++,C++14 (GCC 5.4.1),cpp,Accepted,1.0,256.0,381,
s712833844,p03937,u988542029,1530728877,C++,C++14 (GCC 5.4.1),cpp,Accepted,1.0,256.0,602,
s217844336,p03937,u130333776,1530709656,C++,C++14 (GCC 5.4.1),cpp,Accepted,1.0,256.0,1228,
s250616305,p03937,u089329978,1530458355,C++,C++14 (GCC 5.4.1),cpp,Accepted,1.0,256.0,667,
s119687660,p03937,u916098128,1530457262,C++,C++14 (GCC 5.4.1),cpp,Accepted,1.0,256.0,573,
s959321692,p03937,u430391347,1530456744,C++,C++14 (GCC 5.4.1),cpp,Accepted,1.0,256.0,784,
s421702567,p03937,u598399717,1530456737,C++,C++14 (GCC 5.4.1),cpp,Accepted,1.0,128.0,480,
s867790712,p03937,u598399717,1530456705,C++,C++14 (GCC 5.4.1),cpp,Accepted,1.0,128.0,766,
s230552453,p03937,u747788639,1530455804,C++,C++14 (GCC 5.4.1),cpp,Accepted,1.0,256.0,776,
s428689478,p03937,u304382419,1530455630,C++,C++14 (GCC 5.4.1),cpp,Accepted,1.0,256.0,516,
s135415478,p03937,u790455432,1530455584,C++,C++14 (GCC 5.4.1),cpp,Accepted,1.0,256.0,1101,
s091609792,p03937,u602786373,1530455383,C++,C++14 (GCC 5.4.1),cpp,Accepted,1.0,256.0,578,
s895983414,p03937,u285598935,1530418882,C++,C++14 (GCC 5.4.1),cpp,Accepted,1.0,256.0,460,
s118706731,p03937,u204337666,1530404572,C++,C++14 (GCC 5.4.1),cpp,Accepted,1.0,256.0,581,
s410209036,p03937,u789896607,1530363533,C++,C++14 (GCC 5.4.1),cpp,Accepted,1.0,256.0,396,
s814796568,p03937,u789896607,1530363247,C++,C++14 (GCC 5.4.1),cpp,Accepted,1.0,256.0,516,
s533986121,p03937,u839768585,1530158632,C++,C++14 (GCC 5.4.1),cpp,Accepted,1.0,256.0,534,
s305452914,p03937,u321172847,1529982813,C++,C++14 (GCC 5.4.1),cpp,Accepted,1.0,256.0,1349,
s070114805,p03937,u218843509,1529822432,Python,Python (3.4.3),py,Accepted,17.0,2940.0,155,
s977529051,p03937,u200729311,1529646115,C++,C++14 (GCC 5.4.1),cpp,Accepted,1.0,256.0,615,
s870219818,p03937,u025222195,1529580944,C++,C++14 (GCC 5.4.1),cpp,Accepted,1.0,256.0,1668,
s676649091,p03937,u362821344,1529558615,C++,C++14 (GCC 5.4.1),cpp,Accepted,1.0,256.0,2398,
s352347946,p03937,u548624367,1529507939,Python,Python (3.4.3),py,Accepted,17.0,2940.0,118,
s860992890,p03937,u136090046,1529452478,Python,Python (3.4.3),py,Accepted,17.0,2940.0,263,
s718221075,p03937,u327248573,1529284262,Python,Python (3.4.3),py,Accepted,17.0,2940.0,161,
s544633395,p03937,u539402331,1528893195,C++,C++14 (GCC 5.4.1),cpp,Accepted,1.0,256.0,295,
s924760052,p03937,u108808596,1528859826,C++,C++14 (GCC 5.4.1),cpp,Accepted,2.0,256.0,2056,
s296558491,p03937,u475007080,1528761871,C++,C++14 (GCC 5.4.1),cpp,Accepted,1.0,256.0,435,
s563242753,p03937,u813450984,1528258669,Python,Python (3.4.3),py,Accepted,18.0,2940.0,153,
s495442786,p03937,u033378815,1528217388,C++,C++14 (GCC 5.4.1),cpp,Accepted,1.0,256.0,1986,
s820953071,p03937,u566529875,1528087858,C++,C++14 (GCC 5.4.1),cpp,Accepted,1.0,256.0,557,
s730784198,p03937,u344412812,1527962162,C++,C++14 (GCC 5.4.1),cpp,Accepted,1.0,256.0,1568,
s953967880,p03937,u354638986,1527909639,Python,Python (3.4.3),py,Accepted,17.0,3064.0,561,
s215546300,p03937,u545411641,1527906333,Python,Python (3.4.3),py,Accepted,17.0,2940.0,187,
s815125861,p03937,u278479217,1527906308,Python,PyPy3 (2.4.0),py,Accepted,173.0,38512.0,629,
s457752759,p03937,u006204672,1527905801,C++,C++14 (GCC 5.4.1),cpp,Accepted,1.0,256.0,892,
s610286998,p03937,u275407061,1527732174,C++,C++14 (GCC 5.4.1),cpp,Accepted,1.0,256.0,1205,
s661040881,p03937,u275407061,1527731979,C++,C++14 (GCC 5.4.1),cpp,Accepted,1.0,256.0,1205,
s140918400,p03937,u925809736,1527713924,C++,C++14 (GCC 5.4.1),cpp,Accepted,1.0,256.0,436,
s005074766,p03937,u855186748,1527628725,C++,C++14 (GCC 5.4.1),cpp,Accepted,1.0,256.0,263,
s065014518,p03937,u391475811,1527476997,Python,Python (3.4.3),py,Accepted,17.0,3060.0,201,
s027968476,p03937,u163053295,1527444713,C++,C++14 (GCC 5.4.1),cpp,Accepted,1.0,128.0,313,
s409494500,p03937,u143492911,1527291059,Python,Python (3.4.3),py,Accepted,17.0,2940.0,220,
s387098008,p03937,u722096509,1527207892,C++,C++14 (GCC 5.4.1),cpp,Accepted,2.0,256.0,723,
s805596682,p03937,u071794493,1527197073,C++,C++14 (GCC 5.4.1),cpp,Accepted,1.0,256.0,1190,
s114140397,p03937,u246490941,1527194293,Python,Python (2.7.6),py,Accepted,12.0,2696.0,782,
s046504285,p03937,u942774736,1527111042,C++,C++14 (GCC 5.4.1),cpp,Accepted,1.0,256.0,624,
s624655668,p03937,u952708174,1526919170,Python,Python (3.4.3),py,Accepted,18.0,3188.0,524,
s887763832,p03937,u226108478,1526844312,Python,Python (3.4.3),py,Accepted,17.0,2940.0,385,
s344257159,p03937,u102126195,1526830378,Python,Python (3.4.3),py,Accepted,19.0,3188.0,527,
s340202373,p03937,u018679195,1526760686,C++,C++14 (GCC 5.4.1),cpp,Accepted,1.0,256.0,1298,
s486060370,p03937,u663195864,1526759641,C++,C++14 (GCC 5.4.1),cpp,Accepted,1.0,256.0,503,
s155995479,p03937,u011213027,1526758993,C++,C++14 (GCC 5.4.1),cpp,Accepted,1.0,256.0,1891,
s753031793,p03937,u669432519,1526706764,C++,C++14 (GCC 5.4.1),cpp,Accepted,1.0,256.0,649,
s908142981,p03937,u620084012,1526680125,C++,C++14 (GCC 5.4.1),cpp,Accepted,1.0,256.0,413,
s680506835,p03937,u846150137,1526612459,Python,Python (3.4.3),py,Accepted,17.0,3064.0,499,
s628129277,p03937,u034865202,1526601872,C++,C++14 (GCC 5.4.1),cpp,Accepted,1.0,256.0,3861,
s815875092,p03937,u186426563,1526419144,Python,Python (3.4.3),py,Accepted,17.0,3060.0,221,
s547553426,p03937,u400620139,1526266004,C++,C++14 (GCC 5.4.1),cpp,Accepted,1.0,256.0,748,
s974908350,p03937,u230265105,1526241478,C++,C++14 (GCC 5.4.1),cpp,Accepted,1.0,256.0,326,
s161852834,p03937,u766407523,1525993512,Python,Python (3.4.3),py,Accepted,17.0,3064.0,755,
s754873775,p03937,u143492911,1525969999,Python,Python (3.4.3),py,Accepted,18.0,3060.0,222,
s164811560,p03937,u259053514,1525899731,C++,C++14 (GCC 5.4.1),cpp,Accepted,2.0,256.0,17104,
s248671999,p03937,u548768105,1525843257,C++,C++14 (GCC 5.4.1),cpp,Accepted,1.0,256.0,1259,
s404368951,p03937,u980655160,1525833298,C++,C++14 (GCC 5.4.1),cpp,Accepted,1.0,256.0,1712,
s882789887,p03937,u789417951,1525745819,C++,C++14 (GCC 5.4.1),cpp,Accepted,1.0,256.0,491,
s819950802,p03937,u743900647,1525745808,C++,C++14 (GCC 5.4.1),cpp,Accepted,1.0,256.0,786,
s139332974,p03937,u257974487,1525733872,Python,Python (3.4.3),py,Accepted,18.0,3060.0,266,
s233909366,p03937,u205367115,1525714745,C++,C++14 (GCC 5.4.1),cpp,Accepted,1.0,256.0,746,
s212652381,p03937,u536580583,1525664871,C++,C++14 (GCC 5.4.1),cpp,Accepted,1.0,256.0,824,
s915937674,p03937,u016382081,1525621544,C++,C++14 (GCC 5.4.1),cpp,Accepted,1.0,128.0,588,
s045517074,p03937,u520158330,1525582687,Python,Python (3.4.3),py,Accepted,181.0,13928.0,814,
s070668024,p03937,u856232850,1525477843,Python,Python (3.4.3),py,Accepted,17.0,3060.0,185,
s712695952,p03937,u088512590,1525466537,C++,C++14 (GCC 5.4.1),cpp,Accepted,1.0,256.0,444,
s209533300,p03937,u107292917,1525362447,C++,C++14 (GCC 5.4.1),cpp,Accepted,1.0,256.0,839,
s704659112,p03937,u591883167,1525196834,C++,C++14 (GCC 5.4.1),cpp,Accepted,1.0,256.0,1013,
s754393348,p03937,u318857467,1525058580,C++,C++14 (GCC 5.4.1),cpp,Accepted,1.0,256.0,720,
s809708308,p03937,u215122692,1524953810,C++,C++14 (GCC 5.4.1),cpp,Accepted,1.0,256.0,976,
s674399359,p03937,u918753189,1524952658,C++,C++14 (GCC 5.4.1),cpp,Accepted,1.0,256.0,542,
s512884074,p03937,u876335718,1524923330,C++,C++14 (GCC 5.4.1),cpp,Accepted,1.0,256.0,3607,
s960182378,p03937,u018679195,1524869880,C++,C++14 (GCC 5.4.1),cpp,Accepted,1.0,256.0,1174,
s569351766,p03937,u863370423,1524869642,C++,C++14 (GCC 5.4.1),cpp,Accepted,1.0,256.0,1159,
s557355108,p03937,u034671639,1524869597,C++,C++14 (GCC 5.4.1),cpp,Accepted,1.0,256.0,1159,
s220162235,p03937,u866209772,1524789209,C++,C++14 (GCC 5.4.1),cpp,Accepted,1.0,256.0,1542,
s867755352,p03937,u059727354,1524786012,C++,C++14 (GCC 5.4.1),cpp,Accepted,1.0,256.0,2927,
s092906463,p03937,u869410342,1524705435,C++,C++14 (GCC 5.4.1),cpp,Accepted,1.0,256.0,783,
s055565854,p03937,u996252264,1524704712,C++,C++14 (GCC 5.4.1),cpp,Accepted,1.0,256.0,1077,
s127339012,p03937,u046768272,1524541435,C++,C++14 (GCC 5.4.1),cpp,Accepted,1.0,256.0,338,
s266449573,p03937,u900834830,1524506631,C++,C++14 (GCC 5.4.1),cpp,Accepted,1.0,256.0,985,
s098088282,p03937,u817328209,1524297747,C++,C++14 (GCC 5.4.1),cpp,Accepted,1.0,256.0,796,
s121002150,p03937,u922018373,1524249543,C++,C++ (GCC 5.4.1),cpp,Accepted,1.0,256.0,1478,
s042508567,p03937,u709746636,1524240003,C++,C++14 (GCC 5.4.1),cpp,Accepted,1.0,256.0,762,
s548032140,p03937,u388927326,1524222241,Python,Python (3.4.3),py,Accepted,22.0,3444.0,399,
s395224154,p03937,u426964396,1524019244,C++,C++ (GCC 5.4.1),cpp,Accepted,1.0,256.0,961,
s987300132,p03937,u752761723,1524015138,C++,C++14 (GCC 5.4.1),cpp,Accepted,1.0,256.0,322,
s788189938,p03937,u247366051,1524012392,C++,C++ (GCC 5.4.1),cpp,Accepted,1.0,256.0,725,
s790208002,p03937,u780122303,1523927912,C++,C++14 (GCC 5.4.1),cpp,Accepted,1.0,256.0,1006,
s758206279,p03937,u710232726,1523832635,C++,C++14 (GCC 5.4.1),cpp,Accepted,1.0,256.0,323,
s946347385,p03937,u357383562,1523668204,C++,C++14 (GCC 5.4.1),cpp,Accepted,1.0,256.0,284,
s726762837,p03937,u294000907,1523604171,Python,Python (3.4.3),py,Accepted,17.0,3064.0,484,
s644581991,p03937,u210718367,1523221805,C++,C++14 (GCC 5.4.1),cpp,Accepted,1.0,256.0,664,
s492794590,p03937,u637938292,1523218497,C++,C++14 (GCC 5.4.1),cpp,Accepted,1.0,256.0,255,
s049105049,p03937,u500797620,1523116614,C++,C++14 (GCC 5.4.1),cpp,Accepted,1.0,256.0,946,
s448552541,p03937,u543284218,1523084479,C++,C++14 (Clang 3.8.0),cpp,Accepted,1.0,256.0,1429,
s728078982,p03937,u543284218,1523084098,C++,C++14 (Clang 3.8.0),cpp,Accepted,1.0,256.0,1050,
s546872501,p03937,u248995595,1522949473,C++,C++14 (Clang 3.8.0),cpp,Accepted,1.0,256.0,705,
s630380675,p03937,u898651494,1522915700,C++,C++14 (GCC 5.4.1),cpp,Accepted,2.0,256.0,9771,
s085927400,p03937,u075012704,1522851394,Python,Python (3.4.3),py,Accepted,17.0,2940.0,173,
s811222876,p03937,u875361824,1522825499,Python,Python (3.4.3),py,Accepted,42.0,3064.0,1045,
s450468480,p03937,u228214259,1522780345,C++,C++14 (GCC 5.4.1),cpp,Accepted,1.0,256.0,445,
s825431297,p03937,u694163146,1522722011,C++,C++14 (GCC 5.4.1),cpp,Accepted,5.0,256.0,1110,
s701319065,p03937,u399527088,1522719305,C++,C++14 (GCC 5.4.1),cpp,Accepted,3.0,4992.0,907,
s200286329,p03937,u636387751,1522630372,Python,Python (3.4.3),py,Accepted,17.0,2940.0,228,
s447477324,p03937,u136869985,1522618368,C++,C++14 (GCC 5.4.1),cpp,Accepted,1.0,256.0,404,
s478396912,p03937,u075012704,1522615939,Python,Python (3.4.3),py,Accepted,17.0,3188.0,892,
s254946556,p03937,u030726788,1522607351,Python,Python (3.4.3),py,Accepted,17.0,2940.0,166,
s023237714,p03937,u360980679,1522518818,C++,C++14 (GCC 5.4.1),cpp,Accepted,1.0,256.0,1613,
s635403872,p03937,u729707098,1522451968,Python,Python (3.4.3),py,Accepted,18.0,3060.0,168,
s314013939,p03937,u234435881,1522199286,C++,C++14 (GCC 5.4.1),cpp,Accepted,1.0,256.0,344,
s227070142,p03937,u234435881,1522198907,C++,C++14 (GCC 5.4.1),cpp,Accepted,1.0,256.0,1200,
s358930144,p03937,u866107333,1522173591,C++,C++14 (GCC 5.4.1),cpp,Accepted,1.0,256.0,1609,
s355981490,p03937,u941884460,1522132635,Python,Python (3.4.3),py,Accepted,17.0,3064.0,762,
s794399165,p03937,u258009780,1521905740,C++,C++14 (GCC 5.4.1),cpp,Accepted,1.0,256.0,1395,
s928853163,p03937,u731407159,1521625855,C++,C++14 (GCC 5.4.1),cpp,Accepted,1.0,256.0,1188,
s925666065,p03937,u243961437,1521547958,C++,C++14 (GCC 5.4.1),cpp,Accepted,1.0,256.0,581,
s221127872,p03937,u064359585,1521543050,C++,C++14 (GCC 5.4.1),cpp,Accepted,1.0,256.0,517,
s130095791,p03937,u728732647,1521434354,C++,C++14 (GCC 5.4.1),cpp,Accepted,1.0,256.0,24280,
s965594035,p03937,u229842440,1521333086,C++,C++14 (GCC 5.4.1),cpp,Accepted,5.0,892.0,925,
s151274667,p03937,u159757494,1521329575,C++,C++14 (GCC 5.4.1),cpp,Accepted,3.0,256.0,876,
s151880102,p03937,u878615689,1521308964,C++,C++14 (GCC 5.4.1),cpp,Accepted,1.0,256.0,1089,
s147950504,p03937,u181719868,1521262802,C++,C++14 (GCC 5.4.1),cpp,Accepted,2.0,384.0,390,
s079873024,p03937,u667024514,1521253343,Python,Python (3.4.3),py,Accepted,17.0,3064.0,450,
s943933648,p03937,u285660186,1521079102,C++,C++14 (GCC 5.4.1),cpp,Accepted,1.0,256.0,1357,
s403822936,p03937,u026424523,1521013812,C++,C++14 (GCC 5.4.1),cpp,Accepted,1.0,256.0,709,
s016842510,p03937,u079282332,1520914935,C++,C++14 (GCC 5.4.1),cpp,Accepted,1.0,256.0,1249,
s540533863,p03937,u156347644,1520730528,C++,C++14 (GCC 5.4.1),cpp,Accepted,1.0,256.0,950,
s573949158,p03937,u215693191,1520722844,Python,Python (2.7.6),py,Accepted,14.0,2824.0,968,
s738641846,p03937,u554953477,1520636543,C++,C++14 (GCC 5.4.1),cpp,Accepted,1.0,256.0,445,
s336606599,p03937,u308650788,1520537949,C++,C++14 (GCC 5.4.1),cpp,Accepted,1.0,256.0,1371,
s607957318,p03937,u320267096,1520523462,C++,C++14 (GCC 5.4.1),cpp,Accepted,1.0,256.0,769,
s994256223,p03937,u063020782,1520314240,C++,C++14 (GCC 5.4.1),cpp,Accepted,1.0,256.0,1037,
s371818375,p03937,u530871085,1520308500,C++,C++14 (GCC 5.4.1),cpp,Accepted,1.0,256.0,458,
s478934393,p03937,u661686644,1519969394,C++,C++14 (GCC 5.4.1),cpp,Accepted,1.0,256.0,1083,
s262981190,p03937,u233632872,1519934726,C++,C++14 (GCC 5.4.1),cpp,Accepted,1.0,128.0,555,
s250360255,p03937,u889143578,1519778548,C++,C++14 (GCC 5.4.1),cpp,Accepted,1.0,256.0,1354,
s878065352,p03937,u671395265,1519712218,C++,C++14 (GCC 5.4.1),cpp,Accepted,1.0,256.0,322,
s736588227,p03937,u400620139,1519704881,C++,C++14 (GCC 5.4.1),cpp,Accepted,1.0,256.0,637,
s273375269,p03937,u560670090,1519672832,C++,C++14 (GCC 5.4.1),cpp,Accepted,1.0,256.0,468,
s027546574,p03937,u400620139,1519602792,C++,C++14 (GCC 5.4.1),cpp,Accepted,1.0,256.0,641,
s955604969,p03937,u141642872,1519517681,C++,C++14 (GCC 5.4.1),cpp,Accepted,1.0,256.0,604,
s686774950,p03937,u251433890,1519503608,C++,C++14 (GCC 5.4.1),cpp,Accepted,1.0,256.0,1275,
s110071396,p03937,u562016607,1519488792,Python,Python (3.4.3),py,Accepted,18.0,3064.0,742,
s540685379,p03937,u089230684,1519485550,C++,C++14 (GCC 5.4.1),cpp,Accepted,1.0,128.0,893,
s319990989,p03937,u196432341,1519281649,C++,C++14 (GCC 5.4.1),cpp,Accepted,1.0,256.0,1598,
s231567886,p03937,u852585808,1519246669,C++,C++14 (GCC 5.4.1),cpp,Accepted,1.0,256.0,410,
s151653981,p03937,u219873012,1519149724,C++,C++14 (GCC 5.4.1),cpp,Accepted,1.0,256.0,1313,
s135734323,p03937,u219873012,1519148613,C++,C++14 (GCC 5.4.1),cpp,Accepted,1.0,256.0,2717,
s250684853,p03937,u876335718,1519056833,C++,C++14 (GCC 5.4.1),cpp,Accepted,1.0,256.0,1479,
s763511019,p03937,u833272463,1519037226,C++,C++14 (GCC 5.4.1),cpp,Accepted,1.0,256.0,379,
s607817530,p03937,u732285858,1518830464,C++,C++14 (GCC 5.4.1),cpp,Accepted,2.0,384.0,1490,
s268488085,p03937,u705918648,1518730672,C++,C++14 (GCC 5.4.1),cpp,Accepted,6.0,256.0,2110,
s463664461,p03937,u579152247,1518555110,C++,C++14 (GCC 5.4.1),cpp,Accepted,1.0,256.0,1711,
s559764654,p03937,u018679195,1518491744,C++,C++14 (GCC 5.4.1),cpp,Accepted,1.0,256.0,1445,
s189130434,p03937,u863370423,1518489066,C++,C++14 (GCC 5.4.1),cpp,Accepted,1.0,256.0,675,
s555332822,p03937,u640323045,1518477199,C++,C++14 (GCC 5.4.1),cpp,Accepted,1.0,256.0,778,
s187384338,p03937,u271063202,1518472001,C++,C++14 (GCC 5.4.1),cpp,Accepted,1.0,256.0,689,
s858872416,p03937,u711985352,1518406337,C++,C++14 (GCC 5.4.1),cpp,Accepted,1.0,256.0,769,
s829686397,p03937,u981966125,1518311528,C++,C++14 (GCC 5.4.1),cpp,Accepted,1.0,256.0,683,
s749379357,p03937,u587366956,1518305794,C++,C++14 (GCC 5.4.1),cpp,Accepted,1.0,256.0,878,
s245201001,p03937,u819300485,1518126790,C++,C++14 (GCC 5.4.1),cpp,Accepted,1.0,256.0,1221,
s685514222,p03937,u731138875,1518103886,C++,C++14 (GCC 5.4.1),cpp,Accepted,1.0,256.0,1004,
s971762516,p03937,u779781227,1517944441,C++,C++14 (GCC 5.4.1),cpp,Accepted,1.0,256.0,1319,
s960992026,p03937,u124985450,1517884977,C++,C++14 (GCC 5.4.1),cpp,Accepted,1.0,256.0,960,
s885295374,p03937,u848737670,1517776573,C++,C++14 (GCC 5.4.1),cpp,Accepted,1.0,256.0,290,
s017442082,p03937,u924339359,1517763670,C++,C++14 (GCC 5.4.1),cpp,Accepted,1.0,256.0,577,
s586910112,p03937,u538244943,1517514000,C++,C++14 (GCC 5.4.1),cpp,Accepted,1.0,256.0,901,
s029745516,p03937,u993619636,1517455259,C++,C++14 (GCC 5.4.1),cpp,Accepted,1.0,256.0,366,
s629095030,p03937,u993619636,1517455189,C++,C++14 (GCC 5.4.1),cpp,Accepted,1.0,256.0,322,
s060534556,p03937,u707053380,1517371565,C++,C++14 (GCC 5.4.1),cpp,Accepted,1.0,256.0,1001,
s562402056,p03937,u489536233,1517292122,C++,C++14 (GCC 5.4.1),cpp,Accepted,1.0,256.0,386,
s293757418,p03937,u300752229,1517287511,C++,C++14 (GCC 5.4.1),cpp,Accepted,3.0,4224.0,8999,
s533917550,p03937,u364618491,1517246204,C++,C++14 (GCC 5.4.1),cpp,Accepted,3.0,384.0,893,
s719307471,p03937,u021140967,1517017823,C++,C++14 (GCC 5.4.1),cpp,Accepted,1.0,256.0,1033,
s399989260,p03937,u758996710,1516926563,C++,C++14 (GCC 5.4.1),cpp,Accepted,1.0,256.0,722,
s970832509,p03937,u284102701,1516905644,C++,C++14 (GCC 5.4.1),cpp,Accepted,1.0,256.0,752,
s406516655,p03937,u687470137,1516687146,C++,C++14 (GCC 5.4.1),cpp,Accepted,1.0,256.0,1024,
s312417670,p03937,u683588090,1516661852,C++,C++14 (GCC 5.4.1),cpp,Accepted,1.0,256.0,473,
s323176195,p03937,u526367939,1516601701,C++,C++14 (GCC 5.4.1),cpp,Accepted,1.0,256.0,483,
s891198875,p03937,u917715822,1516157144,C++,C++14 (GCC 5.4.1),cpp,Accepted,1.0,256.0,750,
s425087695,p03937,u498467508,1516057217,C++,C++14 (GCC 5.4.1),cpp,Accepted,1.0,256.0,587,
s803432220,p03937,u254521846,1516055116,C++,C++14 (GCC 5.4.1),cpp,Accepted,2.0,384.0,3037,
s647508274,p03937,u587248350,1516054478,C++,C++14 (GCC 5.4.1),cpp,Accepted,1.0,256.0,1507,
s956080861,p03937,u544732702,1516054210,C++,C++14 (GCC 5.4.1),cpp,Accepted,1.0,256.0,1540,
s406391429,p03937,u450832845,1515957826,C++,C++14 (GCC 5.4.1),cpp,Accepted,1.0,256.0,584,
s083297315,p03937,u774202056,1515906882,C++,C++14 (GCC 5.4.1),cpp,Accepted,1.0,256.0,1374,
s314075806,p03937,u761320129,1515627743,Python,Python (3.4.3),py,Accepted,22.0,3316.0,205,
s604567122,p03937,u945017646,1515623229,C++,C++14 (GCC 5.4.1),cpp,Accepted,1.0,256.0,1140,
s796170609,p03937,u858748695,1515532154,Python,Python (3.4.3),py,Accepted,18.0,2940.0,162,
s581202441,p03937,u858748695,1515527990,Python,Python (3.4.3),py,Accepted,19.0,3188.0,586,
s334457050,p03937,u773548422,1515421311,C++,C++14 (GCC 5.4.1),cpp,Accepted,1.0,256.0,481,
s712293154,p03937,u382880969,1515343854,C++,C++14 (GCC 5.4.1),cpp,Accepted,1.0,256.0,1630,
s985688581,p03937,u272319314,1515277131,C++,C++14 (GCC 5.4.1),cpp,Accepted,1.0,256.0,1083,
s834774256,p03937,u458190722,1515187209,C++,C++14 (GCC 5.4.1),cpp,Accepted,1.0,256.0,731,
s967922754,p03937,u656572785,1515179187,C++,C++14 (GCC 5.4.1),cpp,Accepted,1.0,256.0,1247,
s020612742,p03937,u831929072,1515176854,C++,C++14 (GCC 5.4.1),cpp,Accepted,1.0,256.0,875,
s569666152,p03937,u741323508,1515164444,C++,C++14 (GCC 5.4.1),cpp,Accepted,1.0,256.0,375,
s316091703,p03937,u648138491,1515091132,C++,C++14 (GCC 5.4.1),cpp,Accepted,1.0,128.0,338,
s814083968,p03937,u061916079,1515026748,C++,C++14 (GCC 5.4.1),cpp,Accepted,1.0,256.0,5586,
s668741658,p03937,u102765246,1514888953,C++,C++14 (GCC 5.4.1),cpp,Accepted,1.0,256.0,852,
s680303865,p03937,u646456209,1514514686,C++,C++14 (GCC 5.4.1),cpp,Accepted,1.0,256.0,261,
s602011185,p03937,u059425619,1514441575,C++,C++14 (GCC 5.4.1),cpp,Accepted,1.0,256.0,896,
s160070142,p03937,u424655672,1514382883,C++,C++14 (GCC 5.4.1),cpp,Accepted,1.0,256.0,591,
s955655550,p03937,u216962796,1514325355,C++,C++14 (GCC 5.4.1),cpp,Accepted,1.0,256.0,869,
s158679737,p03937,u965730380,1514322378,C++,C++14 (GCC 5.4.1),cpp,Accepted,1.0,256.0,828,
s669805696,p03937,u836644468,1514135387,C++,C++14 (GCC 5.4.1),cpp,Accepted,1.0,256.0,1075,
s337842273,p03937,u897726798,1514005525,C++,C++14 (GCC 5.4.1),cpp,Accepted,1.0,256.0,536,
s454452648,p03937,u065125881,1513619638,C++,C++14 (GCC 5.4.1),cpp,Accepted,1.0,256.0,1801,
s980153201,p03937,u093170535,1513280257,C++,C++14 (GCC 5.4.1),cpp,Accepted,1.0,256.0,188,
s324477638,p03937,u319282133,1513238778,C++,C++14 (GCC 5.4.1),cpp,Accepted,1.0,256.0,578,
s186087853,p03937,u514809528,1512606291,C++,C++14 (GCC 5.4.1),cpp,Accepted,1.0,256.0,339,
s117114284,p03937,u205655980,1512450599,C++,C++14 (GCC 5.4.1),cpp,Accepted,1.0,256.0,519,
s781257748,p03937,u777468981,1512268349,C++,C++14 (GCC 5.4.1),cpp,Accepted,1.0,256.0,363,
s281066135,p03937,u089230684,1512114273,C++,C++14 (GCC 5.4.1),cpp,Accepted,1.0,256.0,479,
s212673208,p03937,u353919145,1511836345,C++,C++14 (GCC 5.4.1),cpp,Accepted,1.0,256.0,1387,
s719280279,p03937,u353919145,1511835520,C++,C++14 (GCC 5.4.1),cpp,Accepted,1.0,256.0,1010,
s201772283,p03937,u089230684,1511834701,C++,C++14 (GCC 5.4.1),cpp,Accepted,1.0,256.0,1003,
s365560683,p03937,u823112986,1511831668,C++,C++14 (GCC 5.4.1),cpp,Accepted,1.0,256.0,874,
s033655017,p03937,u816631826,1511821821,C++,C++14 (Clang 3.8.0),cpp,Accepted,5.0,504.0,1783,
s124736607,p03937,u863370423,1511821255,C++,C++14 (GCC 5.4.1),cpp,Accepted,1.0,256.0,2015,
s734267854,p03937,u089230684,1511820987,C++,C++14 (GCC 5.4.1),cpp,Accepted,1.0,256.0,1263,
s976207540,p03937,u089230684,1511820420,C++,C++14 (GCC 5.4.1),cpp,Accepted,1.0,256.0,1379,
s764979620,p03937,u863370423,1511807286,C++,C++14 (GCC 5.4.1),cpp,Accepted,1.0,256.0,623,
s126164320,p03937,u635277286,1511454026,C++,C++14 (GCC 5.4.1),cpp,Accepted,6.0,256.0,1259,
s464836858,p03937,u141642872,1510980192,C++,C++14 (GCC 5.4.1),cpp,Accepted,1.0,256.0,403,
s173149203,p03937,u348670055,1510625218,C++,C++14 (GCC 5.4.1),cpp,Accepted,1.0,256.0,504,
s925822037,p03937,u758996710,1510091459,C++,C++14 (GCC 5.4.1),cpp,Accepted,1.0,256.0,305,
s204701283,p03937,u758996710,1510091327,C++,C++14 (GCC 5.4.1),cpp,Accepted,1.0,256.0,629,
s190405424,p03937,u804977105,1509900475,C++,C++14 (GCC 5.4.1),cpp,Accepted,1.0,128.0,524,
s024505626,p03937,u598016178,1509731506,C++,C++14 (GCC 5.4.1),cpp,Accepted,1.0,256.0,938,
s545925635,p03937,u018679195,1509473771,C++,C++14 (GCC 5.4.1),cpp,Accepted,1.0,256.0,970,
s417462747,p03937,u816631826,1509417588,C++,C++14 (GCC 5.4.1),cpp,Accepted,1.0,256.0,907,
s492171289,p03937,u089230684,1509401437,C++,C++14 (GCC 5.4.1),cpp,Accepted,1.0,256.0,353,
s204774281,p03937,u816631826,1509371945,C++,C++14 (GCC 5.4.1),cpp,Accepted,2.0,256.0,607,
s709004001,p03937,u816631826,1509245388,C++,C++14 (GCC 5.4.1),cpp,Accepted,1.0,256.0,1499,
s230691389,p03937,u489625466,1509191018,C++,C++14 (GCC 5.4.1),cpp,Accepted,1.0,256.0,834,
s435840863,p03937,u115888500,1509052904,C++,C++14 (GCC 5.4.1),cpp,Accepted,1.0,256.0,398,
s559398055,p03937,u845152373,1508869558,C++,C++14 (GCC 5.4.1),cpp,Accepted,2.0,256.0,668,
s594914847,p03937,u093420647,1508812684,C++,C++14 (GCC 5.4.1),cpp,Accepted,1.0,256.0,529,
s442674563,p03937,u755090102,1508804516,C++,C++14 (GCC 5.4.1),cpp,Accepted,2.0,256.0,260,
s774411350,p03937,u494965628,1508779628,C++,C++14 (GCC 5.4.1),cpp,Accepted,1.0,256.0,1146,
s779281685,p03937,u309605945,1508593444,C++,C++14 (GCC 5.4.1),cpp,Accepted,1.0,256.0,3297,
s958709924,p03937,u309605945,1508557242,C++,C++14 (GCC 5.4.1),cpp,Accepted,1.0,256.0,3297,
s350711549,p03937,u509674552,1508508095,C++,C++14 (GCC 5.4.1),cpp,Accepted,1.0,256.0,2211,
s879747265,p03937,u563764376,1508171130,C++,C++14 (GCC 5.4.1),cpp,Accepted,1.0,256.0,1959,
s808158310,p03937,u373494487,1508082010,C++,C++14 (GCC 5.4.1),cpp,Accepted,1.0,256.0,567,
s589164802,p03937,u309605945,1507901190,C++,C++14 (GCC 5.4.1),cpp,Accepted,1.0,256.0,3310,
s191824956,p03937,u369883202,1507859349,C++,C++14 (GCC 5.4.1),cpp,Accepted,1.0,256.0,544,
s431769828,p03937,u093990678,1507826243,C++,C++14 (GCC 5.4.1),cpp,Accepted,1.0,256.0,746,
s289361238,p03937,u663710122,1507678015,Python,Python (3.4.3),py,Accepted,21.0,3060.0,166,
s235780377,p03937,u663710122,1507677916,Python,Python (3.4.3),py,Accepted,17.0,3064.0,524,
s436185138,p03937,u316170293,1507580972,C++,C++14 (GCC 5.4.1),cpp,Accepted,1.0,256.0,1085,
s782790080,p03937,u719378199,1507410953,C++,C++14 (GCC 5.4.1),cpp,Accepted,1.0,256.0,587,
s753546738,p03937,u318334550,1507237583,C++,C++14 (GCC 5.4.1),cpp,Accepted,5.0,256.0,864,
s378607530,p03937,u706549938,1506922809,C++,C++14 (GCC 5.4.1),cpp,Accepted,1.0,256.0,311,
s889217568,p03937,u979452668,1506707428,C++,C++14 (GCC 5.4.1),cpp,Accepted,1.0,256.0,345,
s404304267,p03937,u912359563,1506650760,C++,C++14 (GCC 5.4.1),cpp,Accepted,1.0,256.0,919,
s397156298,p03937,u994793728,1506627174,C++,C++14 (GCC 5.4.1),cpp,Accepted,1.0,256.0,1127,
s019264901,p03937,u107077660,1506624632,C++,C++14 (GCC 5.4.1),cpp,Accepted,1.0,256.0,334,
s827685154,p03937,u410943667,1506624111,C++,C++14 (GCC 5.4.1),cpp,Accepted,1.0,256.0,766,
s680203007,p03937,u365077014,1506622571,C++,C++14 (GCC 5.4.1),cpp,Accepted,1.0,256.0,527,
s057905284,p03937,u951704061,1506622226,C++,C++14 (GCC 5.4.1),cpp,Accepted,1.0,256.0,721,
s212156824,p03937,u119460590,1506621784,C++,C++14 (GCC 5.4.1),cpp,Accepted,1.0,256.0,1300,
s736122249,p03937,u007610006,1506562804,C++,C++14 (GCC 5.4.1),cpp,Accepted,1.0,256.0,1163,
s365268026,p03937,u003873207,1506543800,C++,C++14 (GCC 5.4.1),cpp,Accepted,1.0,256.0,2734,
s603825450,p03937,u254456372,1506027531,C++,C++14 (GCC 5.4.1),cpp,Accepted,1.0,256.0,8900,
s567457183,p03937,u156352356,1505950685,C++,C++14 (GCC 5.4.1),cpp,Accepted,1.0,256.0,537,
s282258225,p03937,u596276291,1505780856,Python,Python (3.4.3),py,Accepted,21.0,3316.0,467,
s741935640,p03937,u575715390,1505735912,C++,C++14 (GCC 5.4.1),cpp,Accepted,1.0,256.0,791,
s926316067,p03937,u207036582,1505698712,C++,C++14 (GCC 5.4.1),cpp,Accepted,1.0,256.0,494,
s765688259,p03937,u057611820,1505655484,C++,C++14 (GCC 5.4.1),cpp,Accepted,1.0,256.0,578,
s790803392,p03937,u986898382,1504506152,C++,C++14 (GCC 5.4.1),cpp,Accepted,1.0,256.0,967,
s976002428,p03937,u912359563,1504189057,C++,C++14 (GCC 5.4.1),cpp,Accepted,1.0,256.0,1080,
s633162566,p03937,u294283114,1504010671,C++,C++14 (GCC 5.4.1),cpp,Accepted,1.0,256.0,391,
s621271367,p03937,u483551214,1503994099,C++,C++14 (GCC 5.4.1),cpp,Accepted,1.0,256.0,1071,
s339912402,p03937,u979920726,1503970056,C++,C++14 (GCC 5.4.1),cpp,Accepted,1.0,256.0,357,
s546850464,p03937,u437391064,1503928930,C++,C++14 (GCC 5.4.1),cpp,Accepted,1.0,256.0,369,
s161609524,p03937,u871700568,1503674559,C++,C++14 (GCC 5.4.1),cpp,Accepted,1.0,256.0,885,
s902591547,p03937,u093922224,1503183693,C++,C++14 (GCC 5.4.1),cpp,Accepted,1.0,256.0,569,
s605168581,p03937,u561468649,1502962168,C++,C++14 (GCC 5.4.1),cpp,Accepted,1.0,256.0,773,
s992387386,p03937,u211964883,1502936353,C++,C++14 (GCC 5.4.1),cpp,Accepted,1.0,256.0,2820,
s131623134,p03937,u207056619,1502488887,Python,Python (3.4.3),py,Accepted,17.0,2940.0,176,
s756161094,p03937,u890465662,1502428537,C++,C++14 (GCC 5.4.1),cpp,Accepted,1.0,256.0,787,
s215554000,p03937,u830580569,1502312386,Python,Python (2.7.6),py,Accepted,10.0,2568.0,503,
s582860222,p03937,u996283645,1501894442,C++,C++14 (GCC 5.4.1),cpp,Accepted,1.0,256.0,812,
s612026259,p03937,u157322125,1501797713,C++,C++14 (GCC 5.4.1),cpp,Accepted,1.0,256.0,576,
s558978408,p03937,u020381098,1501095831,C++,C++14 (GCC 5.4.1),cpp,Accepted,2.0,256.0,300,
s015851761,p03937,u835482198,1500881225,Python,Python (3.4.3),py,Accepted,17.0,3064.0,631,
s554174720,p03937,u149667584,1500838121,C++,C++14 (GCC 5.4.1),cpp,Accepted,1.0,256.0,1544,
s152558089,p03937,u691764803,1500578408,C++,C++14 (GCC 5.4.1),cpp,Accepted,1.0,256.0,650,
s714954691,p03937,u874706642,1500496651,C++,C++14 (GCC 5.4.1),cpp,Accepted,1.0,256.0,631,
s783222120,p03937,u899515616,1500426670,C++,C++14 (GCC 5.4.1),cpp,Accepted,1.0,256.0,434,
s835726281,p03937,u802071009,1500423122,C++,C++14 (GCC 5.4.1),cpp,Accepted,1.0,256.0,1312,
s529579276,p03937,u687214625,1500422630,C++,C++14 (GCC 5.4.1),cpp,Accepted,1.0,256.0,327,
s078753171,p03937,u524343822,1500422523,C++,C++14 (GCC 5.4.1),cpp,Accepted,1.0,256.0,312,
s802806414,p03937,u310790595,1499911532,C++,C++14 (GCC 5.4.1),cpp,Accepted,1.0,256.0,965,
s566597310,p03937,u903215911,1499792227,C++,C++14 (GCC 5.4.1),cpp,Accepted,1.0,256.0,991,
s296050406,p03937,u215860196,1499634226,C++,C++14 (GCC 5.4.1),cpp,Accepted,1.0,256.0,458,
s515634285,p03937,u098968285,1499541322,Python,Python (3.4.3),py,Accepted,17.0,3064.0,145,
s018777928,p03937,u978451970,1499497753,C++,C++14 (GCC 5.4.1),cpp,Accepted,4.0,256.0,1410,
s880035100,p03937,u696805736,1499226799,C++,C++14 (GCC 5.4.1),cpp,Accepted,1.0,256.0,718,
s369342131,p03937,u696805736,1499226799,C++,C++14 (GCC 5.4.1),cpp,Accepted,1.0,256.0,718,
s940434468,p03937,u906880177,1499204061,C++,C++14 (GCC 5.4.1),cpp,Accepted,1.0,256.0,527,
s166771859,p03937,u802167705,1498856574,C++,C++14 (GCC 5.4.1),cpp,Accepted,1.0,256.0,938,
s909596981,p03937,u141642872,1498655133,C++,C++14 (GCC 5.4.1),cpp,Accepted,1.0,256.0,424,
s871999527,p03937,u820220112,1498603085,C++,C++14 (GCC 5.4.1),cpp,Accepted,1.0,256.0,1205,
s983542557,p03937,u202332836,1498600896,C++,C++14 (GCC 5.4.1),cpp,Accepted,1.0,256.0,1163,
s066824759,p03937,u812018400,1498600531,C++,C++14 (GCC 5.4.1),cpp,Accepted,1.0,256.0,1609,
s752376590,p03937,u313229050,1498599626,C++,C++14 (GCC 5.4.1),cpp,Accepted,1.0,256.0,1045,
s376897663,p03937,u840220558,1498599610,C++,C++14 (GCC 5.4.1),cpp,Accepted,1.0,256.0,2170,
s225836759,p03937,u781261742,1498599294,C++,C++14 (GCC 5.4.1),cpp,Accepted,1.0,256.0,2194,
s358370564,p03937,u105791541,1498184085,C++,C++14 (GCC 5.4.1),cpp,Accepted,1.0,256.0,1084,
s672613510,p03937,u870307668,1497567385,C++,C++14 (GCC 5.4.1),cpp,Accepted,1.0,256.0,1980,
s458268301,p03937,u126361752,1496854141,C++,C++14 (GCC 5.4.1),cpp,Accepted,1.0,256.0,306,
s897230684,p03937,u197964611,1496654517,C++,C++14 (GCC 5.4.1),cpp,Accepted,1.0,256.0,811,
s461534647,p03937,u721869365,1496617385,C++,C++14 (GCC 5.4.1),cpp,Accepted,2.0,2304.0,996,
s625393304,p03937,u260267808,1496616615,C++,C++14 (GCC 5.4.1),cpp,Accepted,1.0,128.0,604,
s785198219,p03937,u721869365,1496616466,C++,C++14 (GCC 5.4.1),cpp,Accepted,2.0,2304.0,996,
s158471879,p03937,u721869365,1496616465,C++,C++14 (GCC 5.4.1),cpp,Accepted,2.0,2304.0,996,
s681235292,p03937,u618643021,1496616358,C++,C++14 (GCC 5.4.1),cpp,Accepted,1.0,128.0,661,
s449769422,p03937,u909006409,1496615996,C++,C++14 (GCC 5.4.1),cpp,Accepted,1.0,256.0,474,
s115421027,p03937,u029271449,1496615992,C++,C++14 (GCC 5.4.1),cpp,Accepted,1.0,256.0,738,
s691383829,p03937,u665611537,1496615973,C++,C++14 (GCC 5.4.1),cpp,Accepted,1.0,256.0,1033,
s877305859,p03937,u600704648,1496335317,C++,C++14 (GCC 5.4.1),cpp,Accepted,1.0,256.0,470,
s074814042,p03937,u112723190,1496323909,C++,C++14 (GCC 5.4.1),cpp,Accepted,1.0,256.0,1382,
s654356389,p03937,u455505352,1496012402,C++,C++14 (GCC 5.4.1),cpp,Accepted,1.0,256.0,688,
s214477259,p03937,u456611841,1495685690,C++,C++14 (GCC 5.4.1),cpp,Accepted,1.0,256.0,875,
s672792725,p03937,u556160473,1494823733,C++,C++14 (GCC 5.4.1),cpp,Accepted,1.0,256.0,1037,
s472592629,p03937,u058240079,1494539379,Python,Python (2.7.6),py,Accepted,11.0,2696.0,773,
s196455900,p03937,u886790158,1494110979,C++,C++14 (GCC 5.4.1),cpp,Accepted,1.0,256.0,1503,
s491653876,p03937,u089360788,1494110214,C++,C++14 (GCC 5.4.1),cpp,Accepted,1.0,256.0,451,
s417021251,p03937,u297287410,1494109786,C++,C++14 (GCC 5.4.1),cpp,Accepted,1.0,256.0,1034,
s083341002,p03937,u141968173,1493860601,C++,C++14 (GCC 5.4.1),cpp,Accepted,1.0,256.0,262,
s801007414,p03937,u811004127,1493737706,C++,C++14 (GCC 5.4.1),cpp,Accepted,1.0,256.0,925,
s352919903,p03937,u048472648,1493598399,C++,C++14 (GCC 5.4.1),cpp,Accepted,1.0,256.0,360,
s285306291,p03937,u089230684,1493513854,C++,C++14 (GCC 5.4.1),cpp,Accepted,1.0,256.0,1088,
s285122028,p03937,u014237950,1493484863,C++,C++14 (GCC 5.4.1),cpp,Accepted,1.0,256.0,927,
s209031453,p03937,u568805459,1492896483,C++,C++14 (GCC 5.4.1),cpp,Accepted,1.0,128.0,699,
s606870804,p03937,u012251824,1492300554,C++,C++14 (GCC 5.4.1),cpp,Accepted,1.0,256.0,888,
s312861092,p03937,u987564901,1492279948,C++,C++14 (GCC 5.4.1),cpp,Accepted,1.0,256.0,1693,
s757736781,p03937,u131539967,1492082839,C++,C++14 (GCC 5.4.1),cpp,Accepted,1.0,256.0,1022,
s645629676,p03937,u535773602,1491635945,C++,C++14 (GCC 5.4.1),cpp,Accepted,1.0,256.0,1119,
s677623164,p03937,u854869949,1491601315,C++,C++14 (GCC 5.4.1),cpp,Accepted,1.0,256.0,1002,
s455492407,p03937,u125205981,1491528535,Python,Python (3.4.3),py,Accepted,17.0,3060.0,271,
s294256176,p03937,u628262476,1491521370,C++,C++14 (GCC 5.4.1),cpp,Accepted,1.0,256.0,324,
s959669508,p03937,u612341606,1491418059,C++,C++14 (GCC 5.4.1),cpp,Accepted,1.0,256.0,1722,
s608372495,p03937,u407887928,1491079700,C++,C++14 (GCC 5.4.1),cpp,Accepted,1.0,256.0,1175,
s353251551,p03937,u026757201,1490671643,C++,C++14 (GCC 5.4.1),cpp,Accepted,1.0,256.0,679,
s956253591,p03937,u904666233,1490589321,C++,C++14 (GCC 5.4.1),cpp,Accepted,1.0,256.0,1753,
s058201690,p03937,u722628899,1490475614,C++,C++14 (GCC 5.4.1),cpp,Accepted,1.0,256.0,290,
s406949265,p03937,u249955257,1490312823,C++,C++11 (GCC 4.8.1),cpp,Accepted,2.0,384.0,3260,
s542081218,p03937,u986399983,1490063564,C++,C++14 (GCC 5.4.1),cpp,Accepted,2.0,256.0,1288,
s179820133,p03937,u942697937,1489415677,Python,Python (2.7.6),py,Accepted,11.0,2568.0,190,
s398026388,p03937,u605284854,1489356136,C++,C++14 (GCC 5.4.1),cpp,Accepted,3.0,384.0,801,
s805045092,p03937,u848983424,1489352742,C++,C++14 (GCC 5.4.1),cpp,Accepted,1.0,256.0,1220,
s594234585,p03937,u701131323,1489322902,C++,C++14 (GCC 5.4.1),cpp,Accepted,1.0,256.0,522,
s039549633,p03937,u725515700,1489060846,C++,C++14 (GCC 5.4.1),cpp,Accepted,1.0,256.0,318,
s655535687,p03937,u725515700,1489027186,C++,C++14 (GCC 5.4.1),cpp,Accepted,2.0,256.0,517,
s521914398,p03937,u725515700,1489022389,C++,C++14 (GCC 5.4.1),cpp,Accepted,1.0,256.0,582,
s742574893,p03937,u373844230,1488420529,C++,C++14 (GCC 5.4.1),cpp,Accepted,1.0,256.0,717,
s505680252,p03937,u844177429,1488162043,C++,C++14 (GCC 5.4.1),cpp,Accepted,1.0,256.0,1289,
s937825794,p03937,u604343828,1486591849,C++,C++14 (GCC 5.4.1),cpp,Accepted,3.0,256.0,599,
s324029796,p03937,u184598095,1486411986,C++,C++14 (GCC 5.4.1),cpp,Accepted,3.0,256.0,957,
s468436474,p03937,u261886891,1486080433,C++,C++14 (GCC 5.4.1),cpp,Accepted,3.0,256.0,806,
s898575543,p03937,u626414215,1485602921,C++,C++14 (GCC 5.4.1),cpp,Accepted,3.0,384.0,1044,
s282568322,p03937,u626414215,1485599436,C++,C++14 (GCC 5.4.1),cpp,Accepted,3.0,256.0,972,
s522004526,p03937,u828706986,1485583471,C++,C++14 (GCC 5.4.1),cpp,Accepted,3.0,256.0,5655,
s580918430,p03937,u977652465,1485386997,C++,C++14 (GCC 5.4.1),cpp,Accepted,2.0,384.0,891,
s685129677,p03937,u442802606,1485306296,C++,C++14 (GCC 5.4.1),cpp,Accepted,3.0,256.0,1572,
s778305571,p03937,u964221938,1485127256,C++,C++14 (GCC 5.4.1),cpp,Accepted,3.0,256.0,1107,
s519078580,p03937,u076635704,1485117975,C++,C++14 (GCC 5.4.1),cpp,Accepted,3.0,256.0,821,
s079380021,p03937,u502224068,1484975393,C++,C++14 (GCC 5.4.1),cpp,Accepted,3.0,256.0,1020,
s462986195,p03937,u287632390,1484893820,C++,C++14 (GCC 5.4.1),cpp,Accepted,3.0,256.0,373,
s741150573,p03937,u907500928,1484872402,C++,C++14 (GCC 5.4.1),cpp,Accepted,1.0,128.0,279,
s563699136,p03937,u834102926,1484856271,C++,C++14 (GCC 5.4.1),cpp,Accepted,3.0,256.0,358,
s995170487,p03937,u630036372,1484793899,C++,C++14 (GCC 5.4.1),cpp,Accepted,3.0,256.0,3497,
s874418844,p03937,u084693263,1484618247,C++,C++14 (GCC 5.4.1),cpp,Accepted,3.0,256.0,827,
s516620706,p03937,u834311314,1484445454,Python,Python (3.4.3),py,Accepted,23.0,3064.0,147,
s722111710,p03937,u834311314,1484445292,Python,Python (3.4.3),py,Accepted,23.0,3064.0,154,
s839556396,p03937,u834311314,1484444580,Python,Python (3.4.3),py,Accepted,23.0,3064.0,211,
s155101471,p03937,u783174124,1483928940,C++,C++14 (GCC 5.4.1),cpp,Accepted,3.0,256.0,947,
s777533276,p03937,u045939752,1483927719,C++,C++14 (GCC 5.4.1),cpp,Accepted,3.0,256.0,1053,
s667149620,p03937,u742529680,1483652945,C++,C++14 (GCC 5.4.1),cpp,Accepted,3.0,256.0,517,
s855316924,p03937,u048251253,1483467920,C++,C++14 (GCC 5.4.1),cpp,Accepted,1.0,128.0,584,
s220852512,p03937,u424103788,1483168198,C++,C++14 (GCC 5.4.1),cpp,Accepted,3.0,256.0,1236,
s360315230,p03937,u526532903,1482794956,Python,Python (3.4.3),py,Accepted,24.0,3064.0,504,
s508718618,p03937,u386131832,1482716479,Python,Python (3.4.3),py,Accepted,1189.0,3700.0,620,
s912272215,p03937,u412820911,1482633603,C++,C++14 (GCC 5.4.1),cpp,Accepted,3.0,256.0,2202,
s213263488,p03937,u078907766,1482585382,C++,C++14 (GCC 5.4.1),cpp,Accepted,3.0,256.0,858,
s490693235,p03937,u125374662,1482514928,C++,C++14 (GCC 5.4.1),cpp,Accepted,3.0,256.0,2778,
s475590704,p03937,u125374662,1482513483,C++,C++14 (GCC 5.4.1),cpp,Accepted,3.0,256.0,1232,
s581340062,p03937,u516828244,1482507224,C++,C++14 (GCC 5.4.1),cpp,Accepted,3.0,256.0,315,
s811881513,p03937,u926242698,1482506812,C++,C++14 (GCC 5.4.1),cpp,Accepted,3.0,256.0,728,
s044533307,p03937,u657913472,1482456215,C++,C++14 (GCC 5.4.1),cpp,Accepted,3.0,256.0,265,
s362430699,p03937,u028496463,1482299108,C++,C++14 (GCC 5.4.1),cpp,Accepted,3.0,256.0,1307,
s755438371,p03937,u809665051,1481434078,C++,C++14 (GCC 5.4.1),cpp,Accepted,3.0,256.0,1417,
s332331860,p03937,u809665051,1481433794,C++,C++14 (GCC 5.4.1),cpp,Accepted,3.0,256.0,1425,
s385283748,p03937,u809665051,1481433678,C++,C++14 (GCC 5.4.1),cpp,Accepted,3.0,256.0,888,
s509626422,p03937,u395350106,1481240144,C++,C++14 (GCC 5.4.1),cpp,Accepted,3.0,256.0,345,
s091617612,p03937,u456065785,1481168807,C++,C++14 (GCC 5.4.1),cpp,Accepted,3.0,256.0,518,
s354424749,p03937,u145496715,1481085764,Python,PyPy2 (5.6.0),py,Accepted,42.0,9328.0,592,
s337509639,p03937,u032865163,1481072329,C++,C++14 (GCC 5.4.1),cpp,Accepted,3.0,256.0,2562,
s141659667,p03937,u032865163,1481072294,C++,C++14 (GCC 5.4.1),cpp,Accepted,3.0,256.0,2700,
s489581304,p03937,u526748916,1480900731,C++,C++14 (GCC 5.4.1),cpp,Accepted,3.0,256.0,4063,
s174895452,p03937,u668453858,1480746877,C++,C++14 (GCC 5.4.1),cpp,Accepted,3.0,256.0,751,
s240421727,p03937,u126760377,1480692075,C++,C++14 (GCC 5.4.1),cpp,Accepted,3.0,256.0,1101,
s345051253,p03937,u798441421,1480629716,C++,C++14 (GCC 5.4.1),cpp,Accepted,3.0,384.0,1003,
s703765768,p03937,u965174248,1480530258,C++,C++14 (GCC 5.4.1),cpp,Accepted,3.0,256.0,907,
s494102380,p03937,u495913622,1480309200,C++,C++14 (GCC 5.4.1),cpp,Accepted,2.0,256.0,1280,
s487522018,p03937,u036831670,1480233239,C++,C++14 (GCC 5.4.1),cpp,Accepted,2.0,256.0,861,
s504272699,p03937,u120582723,1480108839,C++,C++14 (GCC 5.4.1),cpp,Accepted,1.0,128.0,420,
s174349063,p03937,u702996070,1480108628,C++,C++14 (GCC 5.4.1),cpp,Accepted,3.0,384.0,11968,
s063372507,p03937,u560301081,1480107020,C++,C++14 (GCC 5.4.1),cpp,Accepted,3.0,256.0,706,
s741024557,p03937,u801556382,1480083324,C++,C++14 (GCC 5.4.1),cpp,Accepted,3.0,256.0,1143,
s875074439,p03937,u871239364,1480022337,C++,C++14 (GCC 5.4.1),cpp,Accepted,3.0,256.0,1171,
s142216754,p03937,u036411476,1479924281,C++,C++14 (GCC 5.4.1),cpp,Accepted,3.0,256.0,709,
s984743920,p03937,u886710809,1479921181,C++,C++14 (GCC 5.4.1),cpp,Accepted,3.0,256.0,332,
s580009100,p03937,u382423941,1479867659,Python,Python (3.4.3),py,Accepted,24.0,3064.0,390,
s651288630,p03937,u820225607,1479850510,C++,C++14 (GCC 5.4.1),cpp,Accepted,3.0,384.0,436,
s224683133,p03937,u036907329,1479794490,C++,C++14 (GCC 5.4.1),cpp,Accepted,3.0,256.0,1370,
s670017058,p03937,u222745664,1479783820,C++,C++14 (GCC 5.4.1),cpp,Accepted,3.0,256.0,1361,
s279422952,p03937,u421664751,1479748414,C++,C++14 (Clang 3.8.0),cpp,Accepted,3.0,256.0,251,
s248131613,p03937,u886545507,1479739573,Python,Python (2.7.6),py,Accepted,16.0,2568.0,156,
s311287225,p03937,u620929606,1479693843,C++,C++14 (GCC 5.4.1),cpp,Accepted,2.0,384.0,637,
s268383697,p03937,u920254817,1479687041,C++,C++14 (GCC 5.4.1),cpp,Accepted,3.0,256.0,985,
s976338178,p03937,u657930597,1479682626,C++,C++14 (GCC 5.4.1),cpp,Accepted,3.0,256.0,664,
s426746469,p03937,u514973073,1479681593,C++,C++14 (GCC 5.4.1),cpp,Accepted,3.0,256.0,411,
s359575790,p03937,u782516204,1479662576,C++,C++14 (GCC 5.4.1),cpp,Accepted,3.0,256.0,868,
s017340937,p03937,u867014525,1479615213,C++,C++14 (GCC 5.4.1),cpp,Accepted,3.0,256.0,674,
s790827849,p03937,u036950718,1479585705,C++,C++14 (GCC 5.4.1),cpp,Accepted,3.0,256.0,464,
s106037755,p03937,u762714438,1479537358,C++,C++14 (GCC 5.4.1),cpp,Accepted,3.0,256.0,1577,
s256041612,p03937,u801408532,1479532062,C++,C++14 (Clang 3.8.0),cpp,Accepted,3.0,256.0,1099,
s213258535,p03937,u630452895,1479530113,C++,C++14 (GCC 5.4.1),cpp,Accepted,3.0,256.0,573,
s108928264,p03937,u119460590,1479480858,C++,C++14 (GCC 5.4.1),cpp,Accepted,3.0,384.0,2269,
s521022196,p03937,u619782558,1479438960,C++,C++14 (GCC 5.4.1),cpp,Accepted,3.0,256.0,1188,
s486465183,p03937,u951704061,1479428133,C++,C++14 (GCC 5.4.1),cpp,Accepted,3.0,256.0,578,
s975017646,p03937,u333198421,1479427451,C++,C++14 (GCC 5.4.1),cpp,Accepted,3.0,384.0,322,
s575272448,p03937,u206890818,1479427391,C++,C++14 (GCC 5.4.1),cpp,Accepted,3.0,256.0,605,
s051087630,p03937,u106733072,1479427220,C++,C++14 (GCC 5.4.1),cpp,Accepted,3.0,256.0,937,
s444668304,p03937,u435400212,1479416392,C++,C++14 (GCC 5.4.1),cpp,Accepted,3.0,256.0,619,
s002564359,p03937,u643789499,1479415398,C++,C++14 (GCC 5.4.1),cpp,Accepted,1.0,128.0,932,
s425115553,p03937,u981779496,1479415172,C++,C++14 (GCC 5.4.1),cpp,Accepted,3.0,256.0,600,
s940087365,p03937,u019392917,1479407003,C++,C++14 (GCC 5.4.1),cpp,Accepted,3.0,256.0,4876,
s922691496,p03937,u309470177,1479346689,C++,C++14 (GCC 5.4.1),cpp,Accepted,3.0,256.0,768,
s793167841,p03937,u749252304,1479311122,C++,C++14 (GCC 5.4.1),cpp,Accepted,3.0,384.0,413,
s687890070,p03937,u883045253,1479276457,C++,C++14 (GCC 5.4.1),cpp,Accepted,3.0,256.0,362,
s568290707,p03937,u016964655,1479274714,C++,C++14 (GCC 5.4.1),cpp,Accepted,3.0,384.0,629,
s066116645,p03937,u479082130,1479266818,C++,C++14 (GCC 5.4.1),cpp,Accepted,3.0,256.0,1163,
s448646159,p03937,u625998290,1479250088,C++,C++14 (GCC 5.4.1),cpp,Accepted,3.0,256.0,995,
s586636930,p03937,u236070987,1479245118,C++,C++14 (GCC 5.4.1),cpp,Accepted,3.0,256.0,639,
s373445332,p03937,u094310631,1479244086,C++,C++14 (GCC 5.4.1),cpp,Accepted,3.0,256.0,891,
s640154089,p03937,u561578310,1479242761,C++,C++14 (GCC 5.4.1),cpp,Accepted,3.0,256.0,581,
s402572468,p03937,u459746049,1479235177,C++,C++14 (GCC 5.4.1),cpp,Accepted,3.0,384.0,847,
s863914200,p03937,u459746049,1479234815,C++,C++14 (GCC 5.4.1),cpp,Accepted,3.0,256.0,847,
s649757759,p03937,u591287669,1479222696,Python,Python (3.4.3),py,Accepted,23.0,3064.0,419,
s313779074,p03937,u190981346,1479200897,C++,C++14 (GCC 5.4.1),cpp,Accepted,3.0,256.0,302,
s534845298,p03937,u926441211,1479199674,C++,C++14 (GCC 5.4.1),cpp,Accepted,3.0,256.0,848,
s745424194,p03937,u926441211,1479199602,C++,C++14 (GCC 5.4.1),cpp,Accepted,3.0,256.0,830,
s632306447,p03937,u820351940,1479188147,C++,C++14 (GCC 5.4.1),cpp,Accepted,3.0,256.0,301,
s167235167,p03937,u820351940,1479187454,C++,C++14 (GCC 5.4.1),cpp,Accepted,3.0,384.0,641,
s184796685,p03937,u600916050,1479170101,C++,C++14 (GCC 5.4.1),cpp,Accepted,1.0,128.0,549,
s216260211,p03937,u351097487,1479169395,C++,C++14 (GCC 5.4.1),cpp,Accepted,3.0,256.0,740,
s116361775,p03937,u018361568,1479165202,C++,C++14 (GCC 5.4.1),cpp,Accepted,3.0,256.0,1257,
s248457192,p03937,u007446928,1479158381,C++,C++14 (GCC 5.4.1),cpp,Accepted,1.0,128.0,1207,
s121069092,p03937,u261965335,1479155811,C++,C++14 (GCC 5.4.1),cpp,Accepted,3.0,256.0,1434,
s223161840,p03937,u272496669,1479152584,Python,Python (3.4.3),py,Accepted,24.0,3064.0,183,
s172813387,p03937,u704165526,1479147585,Python,Python (3.4.3),py,Accepted,24.0,3064.0,224,
s088439390,p03937,u776929617,1479140699,C++,C++14 (GCC 5.4.1),cpp,Accepted,3.0,256.0,641,
s575432763,p03937,u560980003,1479137964,C++,C++14 (GCC 5.4.1),cpp,Accepted,3.0,384.0,399,
s131605048,p03937,u240566167,1479136041,C++,C++14 (GCC 5.4.1),cpp,Accepted,3.0,256.0,1284,
s531750345,p03937,u571240681,1479106896,C++,C++14 (GCC 5.4.1),cpp,Accepted,3.0,256.0,750,
s345135779,p03937,u217145434,1479106002,C++,C++14 (GCC 5.4.1),cpp,Accepted,3.0,256.0,847,
s776938207,p03937,u747956019,1479102346,C++,C++14 (GCC 5.4.1),cpp,Accepted,3.0,256.0,531,
s863242925,p03937,u302149106,1479100788,C++,C++14 (GCC 5.4.1),cpp,Accepted,1.0,256.0,948,
s212175120,p03937,u291111534,1479100067,C++,C++14 (GCC 5.4.1),cpp,Accepted,1.0,128.0,1103,
s951405167,p03937,u744779253,1479097984,C++,C++14 (GCC 5.4.1),cpp,Accepted,3.0,256.0,1288,
s209294038,p03937,u032793834,1479090816,C++,C++14 (GCC 5.4.1),cpp,Accepted,3.0,256.0,1792,
s388997630,p03937,u736415648,1479087798,C++,C++14 (GCC 5.4.1),cpp,Accepted,3.0,256.0,695,
s555519266,p03937,u193609794,1479087484,C++,C++14 (GCC 5.4.1),cpp,Accepted,4.0,256.0,694,
s465180565,p03937,u945409169,1479087371,C++,C++14 (GCC 5.4.1),cpp,Accepted,3.0,256.0,295,
s287785220,p03937,u241615199,1479085542,C++,C++14 (GCC 5.4.1),cpp,Accepted,3.0,256.0,151,
s482952745,p03937,u241615199,1479085415,C++,C++14 (GCC 5.4.1),cpp,Accepted,3.0,256.0,156,
s853458853,p03937,u723297297,1479083234,C++,C++14 (GCC 5.4.1),cpp,Accepted,3.0,256.0,989,
s423149368,p03937,u786013933,1479080679,C++,C++14 (GCC 5.4.1),cpp,Accepted,3.0,256.0,2462,
s132424163,p03937,u935238297,1479077544,C++,C++14 (GCC 5.4.1),cpp,Accepted,3.0,256.0,582,
s418014431,p03937,u163022580,1479074140,C++,C++14 (GCC 5.4.1),cpp,Accepted,3.0,384.0,669,
s764005325,p03937,u112581208,1479072013,C++,C++14 (GCC 5.4.1),cpp,Accepted,3.0,256.0,851,
s092904609,p03937,u628047647,1479068815,C++,C++14 (GCC 5.4.1),cpp,Accepted,3.0,256.0,588,
s142624376,p03937,u542172770,1479067593,C++,C++14 (GCC 5.4.1),cpp,Accepted,3.0,384.0,585,
s611579180,p03937,u864550097,1479067485,C++,C++14 (GCC 5.4.1),cpp,Accepted,3.0,256.0,642,
s020049296,p03937,u486104022,1479067169,C++,C++14 (GCC 5.4.1),cpp,Accepted,3.0,256.0,1038,
s468941671,p03937,u938487838,1479065703,C++,C++14 (GCC 5.4.1),cpp,Accepted,3.0,256.0,794,
s738321072,p03937,u602850810,1479061750,C++,C++14 (GCC 5.4.1),cpp,Accepted,3.0,256.0,447,
s216829207,p03937,u063020782,1479056138,C++,C++14 (GCC 5.4.1),cpp,Accepted,3.0,256.0,378,
s573598204,p03937,u732844340,1479056029,C++,C++14 (GCC 5.4.1),cpp,Accepted,658.0,2548.0,2881,
s458323861,p03937,u637175065,1479055942,Python,Python (3.4.3),py,Accepted,51.0,5548.0,436,
s247964341,p03937,u962966398,1479054639,C++,C++14 (GCC 5.4.1),cpp,Accepted,3.0,256.0,2405,
s960699786,p03937,u805114384,1479052003,C++,C++14 (GCC 5.4.1),cpp,Accepted,3.0,256.0,1826,
s069492111,p03937,u781091740,1479051084,Python,Python (3.4.3),py,Accepted,23.0,3064.0,116,
s709579568,p03937,u781091740,1479050689,C++,C++14 (GCC 5.4.1),cpp,Accepted,3.0,256.0,169,
s611489956,p03937,u016572066,1479050263,C++,C++14 (GCC 5.4.1),cpp,Accepted,3.0,256.0,1117,
s235099206,p03937,u821262411,1479049605,Python,Python (3.4.3),py,Accepted,23.0,3064.0,174,
s419347953,p03937,u781091740,1479048918,C++,C++14 (GCC 5.4.1),cpp,Accepted,3.0,256.0,249,
s051477639,p03937,u723736091,1479045875,C++,C++14 (GCC 5.4.1),cpp,Accepted,3.0,256.0,1118,
s440511456,p03937,u602850810,1479039847,C++,C++14 (GCC 5.4.1),cpp,Accepted,3.0,256.0,895,
s338621840,p03937,u087698257,1479028994,C++,C++14 (GCC 5.4.1),cpp,Accepted,3.0,256.0,789,
s057727303,p03937,u241615199,1479026948,C++,C++14 (GCC 5.4.1),cpp,Accepted,3.0,384.0,189,
s111849135,p03937,u475834133,1479026088,C++,C++14 (GCC 5.4.1),cpp,Accepted,2.0,256.0,369,
s171848455,p03937,u377182487,1479024739,C++,C++14 (GCC 5.4.1),cpp,Accepted,3.0,256.0,879,
s656383552,p03937,u474333224,1479024389,C++,C++14 (GCC 5.4.1),cpp,Accepted,3.0,256.0,1682,
s790660509,p03937,u511248891,1479020354,C++,C++14 (GCC 5.4.1),cpp,Accepted,2.0,384.0,367,
s957044509,p03937,u482544950,1479019514,C++,C++14 (GCC 5.4.1),cpp,Accepted,3.0,256.0,354,
s520453707,p03937,u476198670,1479016933,C++,C++14 (GCC 5.4.1),cpp,Accepted,2.0,256.0,794,
s790998261,p03937,u796942881,1479015085,C++,C++14 (GCC 5.4.1),cpp,Accepted,2.0,256.0,2238,
s266116364,p03937,u600704648,1479014649,C++,C++14 (GCC 5.4.1),cpp,Accepted,3.0,256.0,312,
s590879623,p03937,u241615199,1479013143,C++,C++14 (GCC 5.4.1),cpp,Accepted,2.0,384.0,243,
s913065401,p03937,u204795895,1479012606,C++,C++14 (GCC 5.4.1),cpp,Accepted,3.0,384.0,301,
s103250280,p03937,u826144345,1479011478,C++,C++14 (GCC 5.4.1),cpp,Accepted,2.0,256.0,297,
s679362728,p03937,u357887823,1479011180,C++,C++14 (GCC 5.4.1),cpp,Accepted,2.0,256.0,1045,
s603022746,p03937,u660656117,1479010788,C++,C++14 (GCC 5.4.1),cpp,Accepted,3.0,384.0,1367,
s572842994,p03937,u464804957,1479010379,C++,C++14 (GCC 5.4.1),cpp,Accepted,3.0,256.0,460,
s682890634,p03937,u714564133,1479010110,C++,C++14 (GCC 5.4.1),cpp,Accepted,3.0,256.0,1012,
s795710195,p03937,u796942881,1479009990,C++,C++14 (GCC 5.4.1),cpp,Accepted,2.0,256.0,2201,
s850070716,p03937,u017167684,1479009973,C++,C++14 (GCC 5.4.1),cpp,Accepted,3.0,256.0,220,
s027030607,p03937,u491256431,1479009897,C++,C++14 (GCC 5.4.1),cpp,Accepted,3.0,384.0,1678,
s535967593,p03937,u745210044,1479009585,C++,C++14 (GCC 5.4.1),cpp,Accepted,2.0,256.0,781,
s391126690,p03937,u803893892,1479009369,C++,C++14 (GCC 5.4.1),cpp,Accepted,3.0,256.0,291,
s296304835,p03937,u813032162,1479009097,C++,C++14 (GCC 5.4.1),cpp,Accepted,3.0,384.0,872,
s369167258,p03937,u945480407,1479009041,C++,C++14 (GCC 5.4.1),cpp,Accepted,3.0,384.0,732,
s859786126,p03937,u814280135,1479009014,C++,C++14 (Clang 3.8.0),cpp,Accepted,6.0,888.0,1234,
s544113773,p03937,u372633838,1479009011,C++,C++14 (GCC 5.4.1),cpp,Accepted,4.0,256.0,655,
s365359989,p03937,u459737327,1479008978,C++,C++14 (GCC 5.4.1),cpp,Accepted,3.0,256.0,218,
s909901762,p03937,u609667271,1479008950,C++,C++14 (GCC 5.4.1),cpp,Accepted,3.0,256.0,1118,
s907484402,p03937,u369650048,1479008828,C++,C++14 (GCC 5.4.1),cpp,Accepted,3.0,256.0,1295,
s214797721,p03937,u501494053,1479008452,C++,C++14 (GCC 5.4.1),cpp,Accepted,2.0,256.0,702,
s270589656,p03937,u494546941,1479008365,C++,C++14 (GCC 5.4.1),cpp,Accepted,3.0,256.0,1530,
s116736322,p03937,u587248350,1479008336,C++,C++14 (GCC 5.4.1),cpp,Accepted,3.0,256.0,712,
s860885573,p03937,u570522509,1479008266,C++,C++14 (GCC 5.4.1),cpp,Accepted,3.0,384.0,1391,
s367299829,p03937,u647279340,1479008259,C++,C++14 (GCC 5.4.1),cpp,Accepted,3.0,256.0,903,
s758734033,p03937,u869308975,1479008080,C++,C++14 (GCC 5.4.1),cpp,Accepted,2.0,256.0,686,
s302419154,p03937,u709373174,1479007865,C++,C++14 (GCC 5.4.1),cpp,Accepted,2.0,256.0,1269,
s985056651,p03937,u407446053,1479007763,C++,C++14 (GCC 5.4.1),cpp,Accepted,3.0,256.0,1776,
s571015701,p03937,u026730198,1479007729,C++,C++14 (GCC 5.4.1),cpp,Accepted,3.0,256.0,898,
s453563120,p03937,u268251074,1479007710,C++,C++14 (GCC 5.4.1),cpp,Accepted,3.0,256.0,1130,
s797647157,p03937,u048744861,1479007701,Python,Python (2.7.6),py,Accepted,17.0,2696.0,662,
s863789382,p03937,u066429214,1479007672,C++,C++14 (GCC 5.4.1),cpp,Accepted,1.0,128.0,1116,
s666530929,p03937,u846271630,1479007553,C++,C++14 (GCC 5.4.1),cpp,Accepted,3.0,256.0,822,
s138617489,p03937,u921066423,1479007491,C++,C++14 (GCC 5.4.1),cpp,Accepted,3.0,256.0,984,
s813768105,p03937,u242130840,1479007482,C++,C++14 (GCC 5.4.1),cpp,Accepted,1.0,128.0,670,
s835694807,p03937,u843701448,1479007456,C++,C++14 (GCC 5.4.1),cpp,Accepted,1.0,128.0,624,
s582363444,p03937,u242130840,1479007424,C++,C++14 (GCC 5.4.1),cpp,Accepted,1.0,128.0,684,
s655464965,p03937,u493735984,1479007408,C++,C++14 (GCC 5.4.1),cpp,Accepted,3.0,256.0,5374,
s287169327,p03937,u480806810,1479007404,C++,C++14 (GCC 5.4.1),cpp,Accepted,3.0,384.0,749,
s481366424,p03937,u264745454,1479007365,C++,C++14 (GCC 5.4.1),cpp,Accepted,3.0,384.0,884,
s425183835,p03937,u242130840,1479007143,C++,C++14 (GCC 5.4.1),cpp,Accepted,1.0,128.0,901,
s698484059,p03937,u890314264,1479007058,C++,C++14 (Clang 3.8.0),cpp,Accepted,7.0,632.0,1174,
s249895809,p03937,u094036798,1479007006,C++,C++14 (GCC 5.4.1),cpp,Accepted,3.0,256.0,1497,
s914062633,p03937,u638617188,1479006990,C++,C++14 (GCC 5.4.1),cpp,Accepted,2.0,256.0,958,
s840125141,p03937,u859125915,1479006941,C++,C++14 (GCC 5.4.1),cpp,Accepted,3.0,256.0,1150,
s581673674,p03937,u933821389,1479006893,C++,C++14 (GCC 5.4.1),cpp,Accepted,3.0,256.0,3297,
s530963910,p03937,u825215512,1479006834,C++,C++14 (GCC 5.4.1),cpp,Accepted,2.0,256.0,2060,
s949293250,p03937,u457283867,1479006807,C++,C++14 (GCC 5.4.1),cpp,Accepted,3.0,256.0,2269,
s223812808,p03937,u869306730,1479006806,C++,C++14 (GCC 5.4.1),cpp,Accepted,2.0,384.0,973,
s863402607,p03937,u337708098,1479006789,C++,C++14 (GCC 5.4.1),cpp,Accepted,2.0,384.0,2420,
s426885146,p03937,u125205981,1479006768,Python,Python (3.4.3),py,Accepted,23.0,3188.0,266,
s995323532,p03937,u131651182,1479006752,C++,C++14 (GCC 5.4.1),cpp,Accepted,3.0,256.0,574,
s334591558,p03937,u596227625,1479006739,C++,C++14 (GCC 5.4.1),cpp,Accepted,3.0,256.0,881,
s449906942,p03937,u662071161,1479006724,C++,C++14 (GCC 5.4.1),cpp,Accepted,3.0,256.0,3151,
s214984675,p03937,u587745629,1479006682,C++,C++14 (GCC 5.4.1),cpp,Accepted,2.0,384.0,1222,
s794489481,p03937,u423174871,1479006667,C++,C++14 (GCC 5.4.1),cpp,Accepted,3.0,256.0,703,
s562776882,p03937,u558431380,1479006664,Python,Python (3.4.3),py,Accepted,22.0,3064.0,680,
s445569598,p03937,u882868478,1479006607,C++,C++14 (GCC 5.4.1),cpp,Accepted,3.0,256.0,854,
s774559140,p03937,u019058731,1479006451,Python,Python (3.4.3),py,Accepted,22.0,3188.0,1244,
s800049537,p03937,u471898432,1479006292,C++,C++14 (GCC 5.4.1),cpp,Accepted,3.0,256.0,844,
s629502586,p03937,u530380581,1479006274,C++,C++14 (GCC 5.4.1),cpp,Accepted,3.0,384.0,691,
s843033613,p03937,u122451018,1479006228,C++,C++14 (GCC 5.4.1),cpp,Accepted,3.0,256.0,1892,
s933606068,p03937,u896838289,1479006183,C++,C++14 (GCC 5.4.1),cpp,Accepted,3.0,256.0,1395,
s753300159,p03937,u393971002,1479006172,Python,Python (3.4.3),py,Accepted,26.0,3316.0,1149,
s058137905,p03937,u185649488,1479006169,C++,C++14 (GCC 5.4.1),cpp,Accepted,3.0,256.0,1441,
s236855784,p03937,u971817545,1479006147,C++,C++14 (GCC 5.4.1),cpp,Accepted,1.0,256.0,949,
s218971097,p03937,u629404666,1479006061,C++,C++14 (GCC 5.4.1),cpp,Accepted,3.0,256.0,770,
s121796583,p03937,u942393607,1479005922,C++,C++14 (GCC 5.4.1),cpp,Accepted,3.0,384.0,2416,
s077712535,p03937,u860972915,1479005855,C++,C++14 (GCC 5.4.1),cpp,Accepted,3.0,256.0,1118,
s722201727,p03937,u631007830,1479005818,C++,C++14 (GCC 5.4.1),cpp,Accepted,3.0,384.0,1118,
s097400485,p03937,u649310245,1479005790,C++,C++14 (GCC 5.4.1),cpp,Accepted,3.0,256.0,4492,
s119774464,p03937,u468273690,1479005783,C++,C++14 (GCC 5.4.1),cpp,Accepted,3.0,256.0,1563,
s060295027,p03937,u744314647,1479005717,C++,C++14 (GCC 5.4.1),cpp,Accepted,3.0,384.0,1164,
s491854017,p03937,u145527543,1479005637,C++,C++14 (GCC 5.4.1),cpp,Accepted,3.0,256.0,1363,
s656882128,p03937,u418568023,1479005624,C++,C++14 (GCC 5.4.1),cpp,Accepted,2.0,256.0,618,
s267520988,p03937,u680035567,1479005592,C++,C++14 (GCC 5.4.1),cpp,Accepted,3.0,256.0,1058,
s182549162,p03937,u829479414,1479005546,C++,C++14 (GCC 5.4.1),cpp,Accepted,2.0,256.0,2133,
s931332249,p03937,u534998883,1479005525,C++,C++14 (GCC 5.4.1),cpp,Accepted,2.0,256.0,867,
s275733399,p03937,u679906187,1479005493,C++,C++14 (GCC 5.4.1),cpp,Accepted,3.0,256.0,1287,
s564993824,p03937,u017167684,1479005488,C++,C++14 (GCC 5.4.1),cpp,Accepted,3.0,256.0,414,
s310851834,p03937,u460147385,1479005452,C++,C++14 (GCC 5.4.1),cpp,Accepted,3.0,256.0,375,
s996401110,p03937,u108924963,1479005419,C++,C++14 (GCC 5.4.1),cpp,Accepted,2.0,256.0,659,
s471593044,p03937,u919354342,1479005414,C++,C++14 (GCC 5.4.1),cpp,Accepted,3.0,256.0,554,
s591181576,p03937,u546128193,1479005399,C++,C++14 (GCC 5.4.1),cpp,Accepted,2.0,256.0,249,
s333632882,p03937,u205166254,1479005375,Python,Python (3.4.3),py,Accepted,28.0,3064.0,761,
s255117909,p03937,u474385987,1479005335,C++,C++14 (GCC 5.4.1),cpp,Accepted,3.0,256.0,2946,
s691780666,p03937,u114738674,1479005329,C++,C++14 (GCC 5.4.1),cpp,Accepted,3.0,256.0,630,
s812081743,p03937,u104282757,1479005320,Python,Python (2.7.6),py,Accepted,16.0,2696.0,918,
s407734080,p03937,u843522325,1479005246,C++,C++14 (GCC 5.4.1),cpp,Accepted,3.0,256.0,690,
s259766131,p03937,u425351967,1479005222,Python,Python (3.4.3),py,Accepted,22.0,3064.0,682,
s029067654,p03937,u810084189,1479005203,C++,C++14 (GCC 5.4.1),cpp,Accepted,1.0,128.0,1134,
s619314314,p03937,u108421684,1479005183,C++,C++14 (GCC 5.4.1),cpp,Accepted,3.0,256.0,1166,
s938918743,p03937,u677724546,1479005177,C++,C++14 (GCC 5.4.1),cpp,Accepted,3.0,256.0,1125,
s315191302,p03937,u553070003,1479005161,Python,Python (3.4.3),py,Accepted,24.0,3188.0,490,
s864190634,p03937,u621850814,1479005159,C++,C++14 (GCC 5.4.1),cpp,Accepted,3.0,256.0,1231,
s354063206,p03937,u144334330,1479005122,C++,C++14 (GCC 5.4.1),cpp,Accepted,3.0,384.0,5466,
s869386181,p03937,u062807968,1479005109,C++,C++14 (GCC 5.4.1),cpp,Accepted,3.0,384.0,1158,
s691267186,p03937,u801744474,1479005107,C++,C++14 (GCC 5.4.1),cpp,Accepted,2.0,256.0,4834,
s751206462,p03937,u417648334,1479005107,C++,C++14 (GCC 5.4.1),cpp,Accepted,3.0,256.0,861,
s509347487,p03937,u463152827,1479005103,C++,C++14 (GCC 5.4.1),cpp,Accepted,1.0,128.0,757,
s304463864,p03937,u125046593,1479005101,C++,C++14 (GCC 5.4.1),cpp,Accepted,3.0,384.0,1140,
s669021885,p03937,u984730891,1479005086,C++,C++14 (GCC 5.4.1),cpp,Accepted,3.0,256.0,836,
s539859279,p03937,u764076797,1479005068,C++,C++14 (GCC 5.4.1),cpp,Accepted,13.0,256.0,1448,
s055058920,p03937,u454582483,1479005042,C++,C++14 (GCC 5.4.1),cpp,Accepted,2.0,256.0,1320,
s814817968,p03937,u321013191,1479005024,C++,C++14 (GCC 5.4.1),cpp,Accepted,2.0,256.0,1225,
s852222468,p03937,u978210902,1479004954,C++,C++14 (GCC 5.4.1),cpp,Accepted,3.0,256.0,1122,
s531551416,p03937,u619673623,1479004933,C++,C++14 (GCC 5.4.1),cpp,Accepted,3.0,256.0,632,
s826567276,p03937,u136553578,1479004910,C++,C++14 (Clang 3.8.0),cpp,Accepted,8.0,888.0,483,
s470532451,p03937,u481694065,1479004859,C++,C++14 (GCC 5.4.1),cpp,Accepted,2.0,256.0,884,
s569663254,p03937,u838906184,1479004846,C++,C++14 (GCC 5.4.1),cpp,Accepted,3.0,256.0,834,
s076112523,p03937,u872191059,1479004789,C++,C++14 (GCC 5.4.1),cpp,Accepted,2.0,256.0,1279,
s022702795,p03937,u126436067,1479004773,C++,C++14 (GCC 5.4.1),cpp,Accepted,3.0,256.0,1691,
s563525851,p03937,u367191289,1479004769,C++,C++14 (GCC 5.4.1),cpp,Accepted,3.0,256.0,1160,
s300322895,p03937,u790142428,1479004733,C++,C++14 (GCC 5.4.1),cpp,Accepted,3.0,256.0,1483,
s919063378,p03937,u402629484,1479004714,Python,Python (3.4.3),py,Accepted,23.0,3188.0,421,
s340922600,p03937,u839680500,1479004708,C++,C++14 (GCC 5.4.1),cpp,Accepted,1.0,128.0,1283,
s758276047,p03937,u254521846,1479004673,C++,C++14 (GCC 5.4.1),cpp,Accepted,3.0,384.0,758,
s674429295,p03937,u016612263,1479004666,C++,C++14 (GCC 5.4.1),cpp,Accepted,3.0,256.0,446,
s525846064,p03937,u333917945,1479004664,Python,Python (3.4.3),py,Accepted,35.0,3064.0,764,
s795326783,p03937,u314960567,1479004660,C++,C++14 (GCC 5.4.1),cpp,Accepted,2.0,256.0,706,
s377681583,p03937,u918357423,1479004634,C++,C++14 (GCC 5.4.1),cpp,Accepted,3.0,256.0,755,
s545155078,p03937,u232036277,1479004622,C++,C++14 (GCC 5.4.1),cpp,Accepted,1.0,128.0,1020,
s508302702,p03937,u966695411,1479004612,Python,Python (3.4.3),py,Accepted,25.0,3064.0,538,
s068543587,p03937,u345737469,1479004602,Python,Python (3.4.3),py,Accepted,23.0,3064.0,764,
s218112137,p03937,u309252725,1479004582,C++,C++14 (GCC 5.4.1),cpp,Accepted,3.0,256.0,1248,
s993702140,p03937,u157085392,1479004578,C++,C++14 (GCC 5.4.1),cpp,Accepted,3.0,256.0,1321,
s709685254,p03937,u567208278,1479004578,C++,C++14 (GCC 5.4.1),cpp,Accepted,3.0,256.0,1010,
s653790340,p03937,u682550266,1479004574,C++,C++14 (GCC 5.4.1),cpp,Accepted,1.0,128.0,503,
s417399239,p03937,u918684160,1479004564,C++,C++14 (GCC 5.4.1),cpp,Accepted,3.0,384.0,785,
s434961057,p03937,u983162259,1479004562,C++,C++14 (GCC 5.4.1),cpp,Accepted,3.0,256.0,2459,
s379906840,p03937,u298360432,1479004543,C++,C++14 (GCC 5.4.1),cpp,Accepted,2.0,384.0,1811,
s036176010,p03937,u810735437,1479004541,C++,C++14 (Clang 3.8.0),cpp,Accepted,39.0,888.0,1865,
s412191011,p03937,u033720684,1479004531,C++,C++14 (GCC 5.4.1),cpp,Accepted,3.0,256.0,624,
s223917601,p03937,u876223992,1479004525,C++,C++14 (GCC 5.4.1),cpp,Accepted,13.0,256.0,602,
s618089793,p03937,u915831543,1479004515,C++,C++14 (GCC 5.4.1),cpp,Accepted,3.0,256.0,799,
s474035080,p03937,u176841462,1479004498,C++,C++14 (GCC 5.4.1),cpp,Accepted,3.0,256.0,509,
s641680525,p03937,u033219230,1479004492,C++,C++14 (GCC 5.4.1),cpp,Accepted,2.0,384.0,642,
s456656977,p03937,u478870821,1479004483,Python,Python (3.4.3),py,Accepted,37.0,4064.0,706,
s394996155,p03937,u162649889,1479004461,C++,C++14 (GCC 5.4.1),cpp,Accepted,3.0,256.0,2024,
s522262925,p03937,u909060964,1479004427,C++,C++14 (GCC 5.4.1),cpp,Accepted,3.0,256.0,1556,
s765361607,p03937,u048787181,1479004425,C++,C++14 (GCC 5.4.1),cpp,Accepted,2.0,256.0,615,
s586115500,p03937,u272028993,1479004386,Python,Python (2.7.6),py,Accepted,17.0,2696.0,842,
s858982758,p03937,u258647915,1479004386,C++,C++14 (GCC 5.4.1),cpp,Accepted,3.0,256.0,927,
s117877050,p03937,u652745018,1479004386,C++,C++14 (GCC 5.4.1),cpp,Accepted,3.0,256.0,1048,
s640365892,p03937,u805044928,1479004356,C++,C++14 (GCC 5.4.1),cpp,Accepted,2.0,256.0,1388,
s581191567,p03937,u495267515,1479004346,C++,C++14 (GCC 5.4.1),cpp,Accepted,21.0,256.0,1656,
s853695828,p03937,u693386219,1479004335,C++,C++14 (GCC 5.4.1),cpp,Accepted,3.0,256.0,1406,
s903049119,p03937,u821988958,1479004316,C++,C++14 (GCC 5.4.1),cpp,Accepted,2.0,256.0,827,
s955291327,p03937,u772727696,1479004270,C++,C++14 (GCC 5.4.1),cpp,Accepted,2.0,256.0,1641,
s829042894,p03937,u521272340,1479004269,C++,C++14 (GCC 5.4.1),cpp,Accepted,3.0,256.0,1217,
s708149629,p03937,u020499417,1479004250,C++,C++14 (GCC 5.4.1),cpp,Accepted,2.0,256.0,405,
s604766684,p03937,u134181243,1479004235,C++,C++14 (GCC 5.4.1),cpp,Accepted,3.0,256.0,855,
s607186315,p03937,u134181243,1479004235,C++,C++14 (GCC 5.4.1),cpp,Accepted,3.0,256.0,855,
s333989275,p03937,u434413111,1479004228,C++,C++14 (GCC 5.4.1),cpp,Accepted,3.0,256.0,6781,
s811817392,p03937,u821802586,1479004225,C++,C++14 (GCC 5.4.1),cpp,Accepted,3.0,256.0,4393,
s748752084,p03937,u608234815,1479004220,C++,C++14 (GCC 5.4.1),cpp,Accepted,3.0,256.0,803,
s709089879,p03937,u017235947,1479004178,C++,C++14 (GCC 5.4.1),cpp,Accepted,2.0,256.0,1493,
s391808945,p03937,u481275606,1479004171,C++,C++14 (GCC 5.4.1),cpp,Accepted,3.0,256.0,1142,
s912485674,p03937,u857259336,1479004148,C++,C++14 (GCC 5.4.1),cpp,Accepted,3.0,256.0,2097,
s037246255,p03937,u781091740,1479004147,C++,C++14 (GCC 5.4.1),cpp,Accepted,3.0,256.0,947,
s871174626,p03937,u347579043,1479004138,C++,C++14 (GCC 5.4.1),cpp,Accepted,3.0,384.0,907,
s228172609,p03937,u352027942,1479004119,C++,C++14 (GCC 5.4.1),cpp,Accepted,2.0,256.0,1163,
s489897919,p03937,u656712260,1479004118,C++,C++14 (GCC 5.4.1),cpp,Accepted,2.0,256.0,1007,
s751357673,p03937,u503549962,1479004102,C++,C++14 (GCC 5.4.1),cpp,Accepted,3.0,256.0,463,
s197920489,p03937,u698142380,1479004091,C++,C++14 (GCC 5.4.1),cpp,Accepted,3.0,256.0,1147,
s909065003,p03937,u581807854,1479004067,C++,C++14 (GCC 5.4.1),cpp,Accepted,3.0,256.0,887,
s137420668,p03937,u660613376,1479004063,C++,C++14 (GCC 5.4.1),cpp,Accepted,1.0,128.0,621,
s603016107,p03937,u979430879,1479004060,C++,C++14 (GCC 5.4.1),cpp,Accepted,3.0,256.0,1528,
s841755198,p03937,u952939556,1479004039,C++,C++14 (Clang 3.8.0),cpp,Accepted,34.0,888.0,1418,
s499025805,p03937,u950925609,1479004034,C++,C++14 (GCC 5.4.1),cpp,Accepted,3.0,256.0,942,
s574747687,p03937,u299545334,1479004031,C++,C++14 (GCC 5.4.1),cpp,Accepted,1.0,128.0,873,
s934665385,p03937,u952939556,1479004017,C++,C++14 (GCC 5.4.1),cpp,Accepted,3.0,256.0,1418,
s970301092,p03937,u563132770,1479004016,C++,C++14 (GCC 5.4.1),cpp,Accepted,1.0,128.0,586,
s199108080,p03937,u307995198,1479003988,C++,C++14 (GCC 5.4.1),cpp,Accepted,1.0,128.0,725,
s828225811,p03937,u024612773,1479003966,C++,C++14 (GCC 5.4.1),cpp,Accepted,3.0,384.0,1840,
s047309214,p03937,u834771741,1479003964,C++,C++14 (GCC 5.4.1),cpp,Accepted,27.0,23680.0,2247,
s726394153,p03937,u239648722,1479003959,C++,C++14 (GCC 5.4.1),cpp,Accepted,3.0,256.0,892,
s735731186,p03937,u614505114,1479003949,C++,C++14 (GCC 5.4.1),cpp,Accepted,3.0,256.0,738,
s156120741,p03937,u537963083,1479003949,Python,Python (3.4.3),py,Accepted,53.0,5232.0,1344,
s907954434,p03937,u831755684,1479003943,C++,C++14 (GCC 5.4.1),cpp,Accepted,3.0,256.0,830,
s746701690,p03937,u933030873,1479003928,C++,C++14 (GCC 5.4.1),cpp,Accepted,3.0,256.0,955,
s993887506,p03937,u066519240,1479003922,C++,C++14 (GCC 5.4.1),cpp,Accepted,2.0,256.0,902,
s108153556,p03937,u491018097,1479003920,Python,Python (3.4.3),py,Accepted,23.0,3064.0,465,
s882684366,p03937,u428804420,1479003909,C++,C++14 (GCC 5.4.1),cpp,Accepted,2.0,384.0,1284,
s642462316,p03937,u466597986,1479003906,C++,C++14 (GCC 5.4.1),cpp,Accepted,3.0,384.0,368,
s581634875,p03937,u244037670,1479003895,C++,C++14 (GCC 5.4.1),cpp,Accepted,3.0,256.0,944,
s126745110,p03937,u724732243,1479003861,C++,C++14 (GCC 5.4.1),cpp,Accepted,2.0,256.0,1003,
s277173568,p03937,u389009751,1479003859,C++,C++14 (GCC 5.4.1),cpp,Accepted,3.0,256.0,667,
s581298108,p03937,u361077647,1479003847,C++,C++14 (GCC 5.4.1),cpp,Accepted,3.0,256.0,2197,
s275638946,p03937,u641181352,1479003837,C++,C++14 (GCC 5.4.1),cpp,Accepted,3.0,256.0,377,
s151422958,p03937,u359942167,1479003836,C++,C++14 (GCC 5.4.1),cpp,Accepted,3.0,256.0,1525,
s724264870,p03937,u591295155,1479003829,C++,C++14 (GCC 5.4.1),cpp,Accepted,3.0,384.0,378,
s432336141,p03937,u120810144,1479003800,C++,C++14 (GCC 5.4.1),cpp,Accepted,2.0,256.0,1650,
s149691621,p03937,u914739916,1479003778,C++,C++14 (GCC 5.4.1),cpp,Accepted,3.0,256.0,1160,
s785671343,p03937,u152129372,1479003775,C++,C++14 (GCC 5.4.1),cpp,Accepted,3.0,256.0,1875,
s216609326,p03937,u924885571,1479003775,C++,C++14 (GCC 5.4.1),cpp,Accepted,3.0,256.0,630,
s483058874,p03937,u667543757,1479003772,C++,C++14 (GCC 5.4.1),cpp,Accepted,3.0,384.0,897,
s860107206,p03937,u482544950,1479003770,C++,C++14 (GCC 5.4.1),cpp,Accepted,3.0,256.0,875,
s177556706,p03937,u307775606,1479003762,C++,C++14 (GCC 5.4.1),cpp,Accepted,3.0,256.0,463,
s750172417,p03937,u427619338,1479003743,C++,C++14 (GCC 5.4.1),cpp,Accepted,2.0,256.0,1291,
s175646949,p03937,u036336954,1479003735,C++,C++14 (GCC 5.4.1),cpp,Accepted,3.0,256.0,414,
s391297766,p03937,u239239546,1479003720,C++,C++14 (GCC 5.4.1),cpp,Accepted,3.0,384.0,827,
s655068680,p03937,u067226246,1479003704,C++,C++14 (GCC 5.4.1),cpp,Accepted,3.0,256.0,945,
s172405812,p03937,u022102552,1479003699,Python,Python (2.7.6),py,Accepted,19.0,2696.0,946,
s522601389,p03937,u241615199,1479003697,C++,C++14 (GCC 5.4.1),cpp,Accepted,3.0,256.0,402,
s621111645,p03937,u879794432,1479003691,C++,C++14 (GCC 5.4.1),cpp,Accepted,3.0,256.0,1331,
s141699394,p03937,u579875569,1479003682,C++,C++14 (GCC 5.4.1),cpp,Accepted,2.0,256.0,3030,
s495885555,p03937,u372191918,1479003679,C++,C++14 (GCC 5.4.1),cpp,Accepted,3.0,256.0,1774,
s027168587,p03937,u122929783,1479003675,C++,C++14 (GCC 5.4.1),cpp,Accepted,3.0,384.0,575,
s846187115,p03937,u413886749,1479003658,C++,C++14 (GCC 5.4.1),cpp,Accepted,3.0,256.0,1110,
s952931795,p03937,u084889225,1479003638,C++,C++14 (GCC 5.4.1),cpp,Accepted,3.0,256.0,1329,
s444076505,p03937,u221758210,1479003635,C++,C++14 (GCC 5.4.1),cpp,Accepted,4.0,256.0,4702,
s183041201,p03937,u257374434,1479003611,Python,Python (3.4.3),py,Accepted,88.0,3188.0,806,
s691609393,p03937,u629500233,1479003607,C++,C++14 (GCC 5.4.1),cpp,Accepted,2.0,256.0,1465,
s219413728,p03937,u517935400,1479003605,C++,C++14 (GCC 5.4.1),cpp,Accepted,3.0,256.0,1070,
s861096913,p03937,u249726977,1479003589,C++,C++14 (GCC 5.4.1),cpp,Accepted,2.0,384.0,1354,
s329221136,p03937,u072954651,1479003583,C++,C++14 (GCC 5.4.1),cpp,Accepted,2.0,384.0,649,
s581901868,p03937,u664031692,1479003568,C++,C++14 (GCC 5.4.1),cpp,Accepted,3.0,256.0,1240,
s458686955,p03937,u624678037,1479003568,C++,C++14 (GCC 5.4.1),cpp,Accepted,3.0,256.0,1377,
s383638281,p03937,u265154918,1479003541,C++,C++14 (GCC 5.4.1),cpp,Accepted,1.0,128.0,845,
s019189869,p03937,u423089705,1479003537,C++,C++14 (GCC 5.4.1),cpp,Accepted,3.0,256.0,1070,
s849935769,p03937,u451748673,1479003537,C++,C++14 (GCC 5.4.1),cpp,Accepted,3.0,256.0,1032,
s148440807,p03937,u579286401,1479003526,C++,C++14 (GCC 5.4.1),cpp,Accepted,3.0,256.0,766,
s260320851,p03937,u197650109,1479003519,C++,C++14 (GCC 5.4.1),cpp,Accepted,3.0,256.0,1654,
s105032465,p03937,u023167003,1479003512,C++,C++14 (GCC 5.4.1),cpp,Accepted,2.0,256.0,741,
s030109538,p03937,u779159595,1479003509,C++,C++14 (GCC 5.4.1),cpp,Accepted,2.0,256.0,1368,
s458770223,p03937,u392220578,1479003508,Python,Python (3.4.3),py,Accepted,23.0,3188.0,666,
s073918552,p03937,u234413973,1479003507,C++,C++14 (GCC 5.4.1),cpp,Accepted,3.0,256.0,1300,
s383620671,p03937,u870110686,1479003502,C++,C++14 (GCC 5.4.1),cpp,Accepted,2.0,256.0,844,
s775372180,p03937,u423639909,1479003487,C++,C++14 (GCC 5.4.1),cpp,Accepted,3.0,384.0,3254,
s261024764,p03937,u033599596,1479003479,C++,C++14 (GCC 5.4.1),cpp,Accepted,3.0,384.0,1226,
s542431963,p03937,u747092536,1479003479,C++,C++14 (GCC 5.4.1),cpp,Accepted,3.0,256.0,545,
s005230422,p03937,u871784087,1479003477,C++,C++14 (GCC 5.4.1),cpp,Accepted,3.0,256.0,681,
s240496976,p03937,u011300844,1479003476,C++,C++14 (GCC 5.4.1),cpp,Accepted,3.0,256.0,495,
s494867892,p03937,u977469224,1479003474,C++,C++14 (GCC 5.4.1),cpp,Accepted,3.0,256.0,1021,
s176643198,p03937,u780300092,1479003457,C++,C++14 (GCC 5.4.1),cpp,Accepted,1.0,128.0,645,
s203980916,p03937,u705681632,1479003450,C++,C++14 (GCC 5.4.1),cpp,Accepted,3.0,256.0,576,
s141976202,p03937,u945080461,1479003447,Python,Python (2.7.6),py,Accepted,17.0,2696.0,492,
s925458715,p03937,u514973073,1479003444,C++,C++14 (GCC 5.4.1),cpp,Accepted,3.0,384.0,608,
s095088063,p03937,u817722036,1479003424,C++,C++14 (Clang 3.8.0),cpp,Accepted,6.0,888.0,945,
s805493042,p03937,u590241855,1479003421,C++,C++14 (GCC 5.4.1),cpp,Accepted,3.0,256.0,856,
s334162492,p03937,u032627078,1479003421,C++,C++14 (GCC 5.4.1),cpp,Accepted,3.0,256.0,571,
s105217124,p03937,u582735892,1479003417,C++,C++14 (GCC 5.4.1),cpp,Accepted,3.0,256.0,353,
s987397231,p03937,u123756661,1479003414,Python,Python (2.7.6),py,Accepted,16.0,2692.0,394,
s683546793,p03937,u109635851,1479003389,C++,C++14 (GCC 5.4.1),cpp,Accepted,3.0,256.0,923,
s193421949,p03937,u727787699,1479003384,C++,C++14 (GCC 5.4.1),cpp,Accepted,3.0,384.0,652,
s081837332,p03937,u391976963,1479003379,C++,C++14 (GCC 5.4.1),cpp,Accepted,3.0,256.0,959,
s535962394,p03937,u734706631,1479003377,C++,C++14 (GCC 5.4.1),cpp,Accepted,3.0,384.0,3035,
s511519559,p03937,u226155577,1479003372,Python,Python (2.7.6),py,Accepted,16.0,2568.0,405,
s819058086,p03937,u964553487,1479003366,C++,C++14 (GCC 5.4.1),cpp,Accepted,3.0,384.0,387,
s867318772,p03937,u679071005,1479003365,C++,C++14 (GCC 5.4.1),cpp,Accepted,3.0,256.0,729,
s946298890,p03937,u109105878,1479003363,C++,C++14 (GCC 5.4.1),cpp,Accepted,3.0,256.0,900,
s835515342,p03937,u752161277,1479003349,C++,C++14 (GCC 5.4.1),cpp,Accepted,3.0,256.0,610,
s048824847,p03937,u478808605,1479003347,C++,C++14 (GCC 5.4.1),cpp,Accepted,1.0,128.0,866,
s526991994,p03937,u010733367,1479003346,C++,C++14 (GCC 5.4.1),cpp,Accepted,2.0,256.0,2142,
s591272906,p03937,u043140379,1479003334,C++,C++14 (GCC 5.4.1),cpp,Accepted,3.0,384.0,878,
s482634964,p03937,u448613956,1479003333,C++,C++14 (GCC 5.4.1),cpp,Accepted,3.0,256.0,943,
s243617486,p03937,u791622911,1479003332,C++,C++14 (GCC 5.4.1),cpp,Accepted,2.0,256.0,1150,
s936609831,p03937,u622255286,1479003321,Python,Python (2.7.6),py,Accepted,17.0,2568.0,401,
s745292299,p03937,u236170018,1479003316,C++,C++14 (GCC 5.4.1),cpp,Accepted,2.0,256.0,1858,
s580689457,p03937,u456589928,1479003283,C++,C++14 (GCC 5.4.1),cpp,Accepted,8.0,764.0,868,
s536406757,p03937,u269175074,1479003283,C++,C++14 (GCC 5.4.1),cpp,Accepted,3.0,256.0,1756,
s493433827,p03937,u471289663,1479003280,C++,C++14 (GCC 5.4.1),cpp,Accepted,3.0,256.0,1039,
s824756348,p03937,u701024200,1479003277,C++,C++14 (GCC 5.4.1),cpp,Accepted,127.0,764.0,798,
s025266437,p03937,u232757112,1479003277,Python,Python (3.4.3),py,Accepted,24.0,3064.0,709,
s803395890,p03937,u183966781,1479003275,C++,C++14 (GCC 5.4.1),cpp,Accepted,2.0,256.0,547,
s309541880,p03937,u568652083,1479003274,C++,C++14 (GCC 5.4.1),cpp,Accepted,5.0,128.0,1796,
s457845736,p03937,u233367006,1479003273,C++,C++14 (GCC 5.4.1),cpp,Accepted,3.0,384.0,2164,
s385630040,p03937,u996395152,1479003262,C++,C++14 (GCC 5.4.1),cpp,Accepted,2.0,384.0,307,
s653943698,p03937,u268571052,1479003261,C++,C++14 (GCC 5.4.1),cpp,Accepted,3.0,256.0,469,
s746653349,p03937,u360333067,1479003260,C++,C++14 (GCC 5.4.1),cpp,Accepted,3.0,384.0,1457,
s439040599,p03937,u285359987,1479003258,C++,C++14 (GCC 5.4.1),cpp,Accepted,2.0,256.0,596,
s719481107,p03937,u493429089,1479003258,C++,C++14 (GCC 5.4.1),cpp,Accepted,9.0,764.0,1083,
s312162794,p03937,u227431403,1479003250,C++,C++14 (GCC 5.4.1),cpp,Accepted,3.0,256.0,1284,
s890807603,p03937,u098844816,1479003236,C++,C++14 (GCC 5.4.1),cpp,Accepted,3.0,256.0,538,
s024488596,p03937,u558671021,1479003236,C++,C++14 (GCC 5.4.1),cpp,Accepted,2.0,256.0,1088,
s363056516,p03937,u087753751,1479003234,C++,C++14 (GCC 5.4.1),cpp,Accepted,3.0,256.0,905,
s156114208,p03937,u133129810,1479003232,C++,C++14 (GCC 5.4.1),cpp,Accepted,3.0,256.0,1701,
s921747990,p03937,u497035136,1479003229,C++,C++14 (GCC 5.4.1),cpp,Accepted,3.0,384.0,2261,
s344151120,p03937,u443010331,1479003226,C++,C++14 (GCC 5.4.1),cpp,Accepted,13.0,1280.0,2672,
s510235971,p03937,u553623615,1479003224,C++,C++14 (GCC 5.4.1),cpp,Accepted,3.0,256.0,885,
s901027294,p03937,u591168730,1479003214,C++,C++14 (GCC 5.4.1),cpp,Accepted,3.0,256.0,1286,
s985332201,p03937,u446530658,1479003211,C++,C++14 (GCC 5.4.1),cpp,Accepted,3.0,384.0,1727,
s312579026,p03937,u344425917,1479003205,C++,C++14 (GCC 5.4.1),cpp,Accepted,3.0,384.0,1316,
s660705784,p03937,u469197201,1479003204,C++,C++14 (GCC 5.4.1),cpp,Accepted,3.0,256.0,1628,
s161602472,p03937,u450494974,1479003198,C++,C++14 (GCC 5.4.1),cpp,Accepted,2.0,256.0,991,
s036697415,p03937,u643356292,1479003197,C++,C++14 (GCC 5.4.1),cpp,Accepted,3.0,384.0,566,
s193362316,p03937,u758675363,1479003196,C++,C++14 (GCC 5.4.1),cpp,Accepted,1.0,128.0,1156,
s047266154,p03937,u548992197,1479003194,C++,C++14 (GCC 5.4.1),cpp,Accepted,56.0,764.0,365,
s567650791,p03937,u608948697,1479003188,C++,C++14 (GCC 5.4.1),cpp,Accepted,3.0,256.0,1437,
s877750336,p03937,u079330987,1479003186,C++,C++14 (GCC 5.4.1),cpp,Accepted,3.0,256.0,2025,
s142049036,p03937,u370866337,1479003181,C++,C++14 (GCC 5.4.1),cpp,Accepted,3.0,256.0,1100,
s462720733,p03937,u976162616,1479003173,C++,C++14 (GCC 5.4.1),cpp,Accepted,3.0,256.0,1437,
s593173694,p03937,u376658515,1479003173,C++,C++14 (GCC 5.4.1),cpp,Accepted,3.0,256.0,927,
s243786871,p03937,u703805376,1479003172,C++,C++14 (GCC 5.4.1),cpp,Accepted,3.0,256.0,1234,
s339889577,p03937,u334564653,1479003163,C++,C++14 (GCC 5.4.1),cpp,Accepted,3.0,256.0,1088,
s905674398,p03937,u173511648,1479003161,C++,C++14 (Clang 3.8.0),cpp,Accepted,6.0,888.0,332,
s149047134,p03937,u792036618,1479003161,C++,C++14 (GCC 5.4.1),cpp,Accepted,3.0,256.0,1315,
s942312042,p03937,u922034315,1479003157,C++,C++11 (GCC 4.8.1),cpp,Accepted,8.0,636.0,2184,
s773729395,p03937,u989740992,1479003155,C++,C++14 (GCC 5.4.1),cpp,Accepted,3.0,256.0,1088,
s894855498,p03937,u003080851,1479003144,C++,C++14 (GCC 5.4.1),cpp,Accepted,2.0,256.0,482,
s181554622,p03937,u132291455,1479003135,Python,Python (2.7.6),py,Accepted,17.0,2696.0,375,
s423253280,p03937,u179838042,1479003134,C++,C++14 (GCC 5.4.1),cpp,Accepted,3.0,256.0,1408,
s118256790,p03937,u657011188,1479003129,C++,C++14 (GCC 5.4.1),cpp,Accepted,2.0,256.0,638,
s384984202,p03937,u648693898,1479003128,C++,C++14 (GCC 5.4.1),cpp,Accepted,3.0,384.0,862,
s411001436,p03937,u935586669,1479003121,C++,C++14 (Clang 3.8.0),cpp,Accepted,6.0,888.0,1251,
s838903162,p03937,u113982187,1479003117,C++,C++14 (GCC 5.4.1),cpp,Accepted,1.0,128.0,441,
s162383333,p03937,u316930130,1479003116,C++,C++14 (GCC 5.4.1),cpp,Accepted,3.0,256.0,715,
s107523767,p03937,u631104003,1479003113,C++,C++14 (GCC 5.4.1),cpp,Accepted,3.0,256.0,1249,
s299166358,p03937,u500496457,1479003105,C++,C++14 (Clang 3.8.0),cpp,Accepted,8.0,888.0,2857,
s907784886,p03937,u155216115,1479003105,C++,C++14 (GCC 5.4.1),cpp,Accepted,3.0,384.0,363,
s745134212,p03937,u744170799,1479003095,C++,C++14 (GCC 5.4.1),cpp,Accepted,3.0,256.0,1151,
s812448955,p03937,u561578310,1479003093,C++,C++14 (GCC 5.4.1),cpp,Accepted,3.0,256.0,7776,
s102142759,p03937,u941128935,1479003088,C++,C++14 (GCC 5.4.1),cpp,Accepted,3.0,256.0,943,
s844516201,p03937,u352499693,1479003087,Python,Python (2.7.6),py,Accepted,15.0,2568.0,579,
s195772894,p03937,u206890818,1479003083,C++,C++14 (GCC 5.4.1),cpp,Accepted,3.0,384.0,568,
s901336499,p03937,u648693898,1479003083,C++,C++14 (GCC 5.4.1),cpp,Accepted,3.0,256.0,862,
s408854633,p03937,u347163009,1479003075,C++,C++14 (GCC 5.4.1),cpp,Accepted,3.0,256.0,29041,
s121620825,p03937,u154228546,1479003071,C++,C++14 (GCC 5.4.1),cpp,Accepted,3.0,256.0,983,
s357406540,p03937,u912359563,1479003067,C++,C++14 (GCC 5.4.1),cpp,Accepted,3.0,256.0,1433,
s322718837,p03937,u703999673,1479003064,C++,C++14 (GCC 5.4.1),cpp,Accepted,3.0,256.0,1588,
s670263886,p03937,u471587582,1479003057,C++,C++14 (GCC 5.4.1),cpp,Accepted,3.0,256.0,1014,
s245352172,p03937,u120143737,1479003054,C++,C++14 (GCC 5.4.1),cpp,Accepted,3.0,256.0,356,
s637839539,p03937,u588568850,1479003050,C++,C++14 (GCC 5.4.1),cpp,Accepted,3.0,256.0,1690,
s201110624,p03937,u940850666,1479003036,C++,C++14 (GCC 5.4.1),cpp,Accepted,1.0,128.0,1571,
s916223035,p03937,u600704648,1479003034,C++,C++14 (GCC 5.4.1),cpp,Accepted,2.0,384.0,570,
s296937224,p03937,u993802658,1479003026,C++,C++14 (GCC 5.4.1),cpp,Accepted,2.0,256.0,1129,
s959226526,p03937,u434747175,1479003022,C++,C++14 (GCC 5.4.1),cpp,Accepted,3.0,256.0,1384,
s210221051,p03937,u345118158,1479003020,C++,C++14 (GCC 5.4.1),cpp,Accepted,3.0,256.0,1694,
s579287353,p03937,u343675824,1479003018,Python,Python (3.4.3),py,Accepted,23.0,3316.0,595,
s684717907,p03937,u927625358,1479003014,C++,C++14 (GCC 5.4.1),cpp,Accepted,3.0,256.0,850,
s142468997,p03937,u029876051,1479003013,C++,C++14 (GCC 5.4.1),cpp,Accepted,3.0,384.0,1276,
s135383053,p03937,u614134313,1479003008,C++,C++14 (GCC 5.4.1),cpp,Accepted,2.0,128.0,1005,
s933052587,p03937,u815524843,1479003005,C++,C++14 (GCC 5.4.1),cpp,Accepted,3.0,384.0,779,
s422919915,p03937,u087249330,1479003001,C++,C++14 (GCC 5.4.1),cpp,Accepted,2.0,256.0,617,
s547025197,p03937,u164889916,1479002998,C++,C++14 (GCC 5.4.1),cpp,Accepted,3.0,384.0,967,
s195608810,p03937,u417189754,1479002996,C++,C++14 (GCC 5.4.1),cpp,Accepted,3.0,256.0,1191,
s825107949,p03937,u806201407,1479002994,C++,C++14 (GCC 5.4.1),cpp,Accepted,3.0,256.0,750,
s326492101,p03937,u695921487,1479002989,C++,C++14 (GCC 5.4.1),cpp,Accepted,3.0,384.0,2767,
s457338887,p03937,u374099594,1479002987,Python,Python (2.7.6),py,Accepted,18.0,2692.0,407,
s284884543,p03937,u333198421,1479002987,C++,C++14 (GCC 5.4.1),cpp,Accepted,5.0,384.0,650,
s427300181,p03937,u201165602,1479002986,C++,C++14 (GCC 5.4.1),cpp,Accepted,3.0,384.0,716,
s651466408,p03937,u375933330,1479002985,C++,C++14 (GCC 5.4.1),cpp,Accepted,7.0,384.0,914,
s054460831,p03937,u255657363,1479002983,C++,C++14 (GCC 5.4.1),cpp,Accepted,3.0,256.0,563,
s900660517,p03937,u279196402,1479002981,C++,C++14 (GCC 5.4.1),cpp,Accepted,2.0,256.0,3831,
s804412031,p03937,u441096482,1479002977,C++,C++14 (GCC 5.4.1),cpp,Accepted,3.0,384.0,1818,
s574247184,p03937,u717390233,1479002969,C++,C++14 (GCC 5.4.1),cpp,Accepted,1.0,128.0,705,
s245368818,p03937,u537015762,1479002968,C++,C++14 (GCC 5.4.1),cpp,Accepted,3.0,256.0,1526,
s467324121,p03937,u733618878,1479002967,C++,C++14 (GCC 5.4.1),cpp,Accepted,3.0,384.0,1073,
s051038287,p03937,u560577997,1479002964,C++,C++14 (GCC 5.4.1),cpp,Accepted,6.0,764.0,1123,
s800360087,p03937,u959960486,1479002960,C++,C++14 (GCC 5.4.1),cpp,Accepted,3.0,256.0,885,
s640265261,p03937,u647940094,1479002959,C++,C++14 (GCC 5.4.1),cpp,Accepted,1.0,128.0,573,
s171022142,p03937,u387061829,1479002959,C++,C++14 (GCC 5.4.1),cpp,Accepted,1.0,128.0,1443,
s530625805,p03937,u640209154,1479002959,C++,C++14 (GCC 5.4.1),cpp,Accepted,3.0,256.0,1398,
s791474823,p03937,u813006723,1479002953,C++,C++14 (GCC 5.4.1),cpp,Accepted,3.0,256.0,3445,
s091491923,p03937,u802071009,1479002951,C++,C++14 (GCC 5.4.1),cpp,Accepted,3.0,256.0,1683,
s534981141,p03937,u293105646,1479002951,C++,C++14 (GCC 5.4.1),cpp,Accepted,2.0,256.0,999,
s224677631,p03937,u379457973,1479002950,C++,C++14 (GCC 5.4.1),cpp,Accepted,3.0,256.0,2071,
s914922290,p03937,u830390742,1479002948,Python,Python (2.7.6),py,Accepted,16.0,2696.0,1003,
s745393907,p03937,u264908396,1479002947,C++,C++14 (GCC 5.4.1),cpp,Accepted,2.0,256.0,715,
s078531207,p03937,u731493876,1479002940,C++,C++14 (GCC 5.4.1),cpp,Accepted,535.0,764.0,1359,
s180863805,p03937,u586336940,1479002940,C++,C++14 (GCC 5.4.1),cpp,Accepted,35.0,764.0,674,
s612709633,p03937,u360564214,1479002938,C++,C++14 (GCC 5.4.1),cpp,Accepted,3.0,256.0,403,
s247604218,p03937,u585284720,1479002937,C++,C++14 (GCC 5.4.1),cpp,Accepted,2.0,256.0,561,
s081459004,p03937,u921711849,1479002937,C++,C++14 (GCC 5.4.1),cpp,Accepted,3.0,256.0,1049,
s820565789,p03937,u938924220,1479002935,C++,C++14 (GCC 5.4.1),cpp,Accepted,3.0,384.0,3432,
s671579773,p03937,u585284720,1479002933,C++,C++14 (GCC 5.4.1),cpp,Accepted,3.0,256.0,561,
s701470813,p03937,u591343832,1479002928,C++,C++14 (GCC 5.4.1),cpp,Accepted,2.0,384.0,4310,
s113155577,p03937,u524343822,1479002928,C++,C++14 (GCC 5.4.1),cpp,Accepted,3.0,384.0,349,
s709273370,p03937,u750436322,1479002927,C++,C++14 (GCC 5.4.1),cpp,Accepted,3.0,256.0,1338,
s654589710,p03937,u499893886,1479002925,C++,C++14 (GCC 5.4.1),cpp,Accepted,3.0,256.0,2099,
s850063602,p03937,u705049098,1479002923,C++,C++14 (GCC 5.4.1),cpp,Accepted,1.0,128.0,727,
s826896130,p03937,u379305729,1479002919,Python,Python (3.4.3),py,Accepted,25.0,3188.0,468,
s781720875,p03937,u529631547,1479002919,C++,C++14 (GCC 5.4.1),cpp,Accepted,3.0,256.0,570,
s197557812,p03937,u115464345,1479002918,C++,C++14 (GCC 5.4.1),cpp,Accepted,3.0,256.0,1103,
s193473762,p03937,u768334187,1479002917,C++,C++14 (GCC 5.4.1),cpp,Accepted,2.0,256.0,1060,
s265429304,p03937,u125986934,1479002913,C++,C++14 (GCC 5.4.1),cpp,Accepted,3.0,256.0,1041,
s124781722,p03937,u354952185,1479002905,C++,C++14 (GCC 5.4.1),cpp,Accepted,3.0,384.0,1910,
s059438680,p03937,u541410431,1479002905,C++,C++14 (GCC 5.4.1),cpp,Accepted,2.0,256.0,1225,
s771662142,p03937,u295617748,1479002904,C++,C++14 (GCC 5.4.1),cpp,Accepted,2.0,384.0,965,
s052714240,p03937,u562036212,1479002900,Python,Python (2.7.6),py,Accepted,433.0,4644.0,1091,
s383678333,p03937,u462560753,1479002896,C++,C++14 (GCC 5.4.1),cpp,Accepted,3.0,256.0,1041,
s195114798,p03937,u289364893,1479002895,C++,C++14 (GCC 5.4.1),cpp,Accepted,3.0,256.0,1503,
s238613715,p03937,u278912056,1479002891,Python,Python (2.7.6),py,Accepted,16.0,2696.0,992,
s094884253,p03937,u433219236,1479002890,C++,C++14 (GCC 5.4.1),cpp,Accepted,3.0,384.0,589,
s405158499,p03937,u877160719,1479002890,Python,Python (3.4.3),py,Accepted,23.0,3188.0,365,
s619136764,p03937,u141378465,1479002889,C++,C++14 (GCC 5.4.1),cpp,Accepted,3.0,256.0,887,
s322554321,p03937,u879063650,1479002885,C++,C++14 (GCC 5.4.1),cpp,Accepted,3.0,384.0,885,
s923600925,p03937,u986072709,1479002884,C++,C++14 (GCC 5.4.1),cpp,Accepted,2.0,256.0,675,
s315838056,p03937,u673823726,1479002884,C++,C++14 (GCC 5.4.1),cpp,Accepted,3.0,256.0,2961,
s014812482,p03937,u162596123,1479002881,C++,C++14 (GCC 5.4.1),cpp,Accepted,3.0,384.0,908,
s178769093,p03937,u968834127,1479002874,C++,C++14 (GCC 5.4.1),cpp,Accepted,3.0,384.0,632,
s851711200,p03937,u886956383,1479002874,C++,C++14 (GCC 5.4.1),cpp,Accepted,3.0,256.0,947,
s050335164,p03937,u098930106,1479002871,C++,C++14 (GCC 5.4.1),cpp,Accepted,3.0,256.0,1131,
s876582987,p03937,u854685751,1479002869,Python,Python (3.4.3),py,Accepted,23.0,3064.0,172,
s326476808,p03937,u509661905,1479002866,Python,Python (3.4.3),py,Accepted,23.0,3192.0,269,
s245346189,p03937,u233602244,1479002865,C++,C++14 (GCC 5.4.1),cpp,Accepted,3.0,256.0,1566,
s103252526,p03937,u165551604,1479002865,C++,C++14 (GCC 5.4.1),cpp,Accepted,3.0,256.0,614,
s564023725,p03937,u951583261,1479002862,C++,C++14 (GCC 5.4.1),cpp,Accepted,72.0,764.0,769,
s861502565,p03937,u928121696,1479002862,C++,C++14 (GCC 5.4.1),cpp,Accepted,9.0,764.0,1134,
s900444743,p03937,u237902530,1479002855,C++,C++14 (GCC 5.4.1),cpp,Accepted,3.0,256.0,867,
s132488799,p03937,u661346510,1479002851,C++,C++14 (GCC 5.4.1),cpp,Accepted,3.0,256.0,1254,
s304576259,p03937,u363653022,1479002848,C++,C++14 (GCC 5.4.1),cpp,Accepted,83.0,764.0,636,
s532420367,p03937,u924423568,1479002845,C++,C++14 (GCC 5.4.1),cpp,Accepted,5.0,384.0,1085,
s267465396,p03937,u910288980,1479002839,C++,C++14 (GCC 5.4.1),cpp,Accepted,2.0,256.0,1081,
s538941125,p03937,u928536305,1479002839,C++,C++14 (GCC 5.4.1),cpp,Accepted,3.0,256.0,1526,
s833810865,p03937,u484505863,1479002830,C++,C++14 (GCC 5.4.1),cpp,Accepted,3.0,256.0,1693,
s083560353,p03937,u345432788,1479002826,C++,C++14 (GCC 5.4.1),cpp,Accepted,3.0,256.0,967,
s930336956,p03937,u216265202,1479002823,C++,C++14 (GCC 5.4.1),cpp,Accepted,3.0,384.0,627,
s511230288,p03937,u900485130,1479002820,C++,C++14 (GCC 5.4.1),cpp,Accepted,3.0,256.0,1303,
s169925104,p03937,u834777932,1479002819,C++,C++14 (GCC 5.4.1),cpp,Accepted,3.0,256.0,2986,
s250520017,p03937,u779353743,1479002818,C++,C++14 (GCC 5.4.1),cpp,Accepted,2.0,256.0,497,
s067706255,p03937,u452725238,1479002816,C++,C++14 (GCC 5.4.1),cpp,Accepted,3.0,256.0,1046,
s729622455,p03937,u087802005,1479002809,C++,C++14 (GCC 5.4.1),cpp,Accepted,1.0,128.0,711,
s091599174,p03937,u721819880,1479002805,C++,C++14 (GCC 5.4.1),cpp,Accepted,3.0,256.0,1002,
s057237783,p03937,u798181098,1479002805,C++,C++14 (GCC 5.4.1),cpp,Accepted,3.0,256.0,1194,
s665876882,p03937,u201623715,1479002804,C++,C++14 (GCC 5.4.1),cpp,Accepted,1.0,128.0,544,
s626567946,p03937,u948555343,1479002804,C++,C++14 (GCC 5.4.1),cpp,Accepted,3.0,384.0,840,
s860893167,p03937,u151426597,1479002801,C++,C++14 (GCC 5.4.1),cpp,Accepted,2.0,256.0,1053,
s115309836,p03937,u659066395,1479002793,C++,C++14 (GCC 5.4.1),cpp,Accepted,17.0,15872.0,2253,
s034724207,p03937,u981861542,1479002792,C++,C++14 (GCC 5.4.1),cpp,Accepted,3.0,256.0,439,
s667731878,p03937,u107077660,1479002783,Python,Python (3.4.3),py,Accepted,23.0,3188.0,160,
s077827398,p03937,u085110627,1479002783,C++,C++14 (GCC 5.4.1),cpp,Accepted,3.0,256.0,1015,
s542655999,p03937,u075551644,1479002783,C++,C++14 (GCC 5.4.1),cpp,Accepted,108.0,764.0,4969,
s900266412,p03937,u618738555,1479002780,C++,C++14 (GCC 5.4.1),cpp,Accepted,1.0,128.0,647,
s393875267,p03937,u487279086,1479002780,C++,C++14 (GCC 5.4.1),cpp,Accepted,3.0,256.0,2570,
s177106128,p03937,u703634590,1479002767,C++,C++14 (GCC 5.4.1),cpp,Accepted,3.0,256.0,1184,
s864618777,p03937,u545022164,1479002766,C++,C++14 (GCC 5.4.1),cpp,Accepted,3.0,256.0,1320,
s759799022,p03937,u650442425,1479002762,C++,C++14 (GCC 5.4.1),cpp,Accepted,40.0,764.0,2119,
s943206234,p03937,u287015418,1479002761,C++,C++14 (GCC 5.4.1),cpp,Accepted,3.0,256.0,1695,
s826855929,p03937,u650318294,1479002758,C++,C++14 (GCC 5.4.1),cpp,Accepted,783.0,764.0,1699,
s184985261,p03937,u026301906,1479002758,C++,C++14 (GCC 5.4.1),cpp,Accepted,3.0,256.0,771,
s191066490,p03937,u047428705,1479002757,C++,C++14 (GCC 5.4.1),cpp,Accepted,53.0,764.0,3145,
s415640038,p03937,u283229916,1479002756,C++,C++14 (GCC 5.4.1),cpp,Accepted,3.0,384.0,688,
s188389437,p03937,u954441131,1479002755,C++,C++14 (GCC 5.4.1),cpp,Accepted,2.0,256.0,459,
s701068663,p03937,u184907406,1479002753,C++,C++14 (GCC 5.4.1),cpp,Accepted,3.0,256.0,1203,
s836814178,p03937,u754062784,1479002746,C++,C++14 (GCC 5.4.1),cpp,Accepted,2.0,384.0,902,
s275742608,p03937,u819604704,1479002745,C++,C++14 (GCC 5.4.1),cpp,Accepted,3.0,384.0,1141,
s745512379,p03937,u319288047,1479002743,C++,C++14 (GCC 5.4.1),cpp,Accepted,98.0,892.0,1381,
s536423274,p03937,u685892567,1479002738,C++,C++14 (GCC 5.4.1),cpp,Accepted,3.0,256.0,1447,
s466124845,p03937,u715675531,1479002738,C++,C++14 (GCC 5.4.1),cpp,Accepted,86.0,764.0,1747,
s257815573,p03937,u704625420,1479002732,C++,C++14 (GCC 5.4.1),cpp,Accepted,7.0,764.0,2239,
s390091659,p03937,u137474376,1479002730,C++,C++14 (GCC 5.4.1),cpp,Accepted,8.0,764.0,793,
s022962377,p03937,u564084899,1479002728,C++,C++14 (GCC 5.4.1),cpp,Accepted,3.0,256.0,564,
s950075786,p03937,u543657872,1479002724,C++,C++14 (GCC 5.4.1),cpp,Accepted,3.0,384.0,544,
s672034508,p03937,u010004797,1479002722,C++,C++14 (GCC 5.4.1),cpp,Accepted,52.0,764.0,937,
s024297134,p03937,u899220667,1479002719,C++,C++14 (GCC 5.4.1),cpp,Accepted,3.0,256.0,386,
s689129960,p03937,u635303504,1479002712,C++,C++14 (GCC 5.4.1),cpp,Accepted,53.0,764.0,815,
s696441512,p03937,u955723966,1479002710,C++,C++14 (GCC 5.4.1),cpp,Accepted,71.0,764.0,1494,
s158621648,p03937,u487215200,1479002710,C++,C++14 (GCC 5.4.1),cpp,Accepted,36.0,764.0,1233,
s972069334,p03937,u959365020,1479002707,C++,C++14 (GCC 5.4.1),cpp,Accepted,1.0,128.0,612,
s109163526,p03937,u572012381,1479002705,C++,C++14 (GCC 5.4.1),cpp,Accepted,181.0,764.0,1403,
s027186330,p03937,u670220889,1479002705,C++,C++14 (GCC 5.4.1),cpp,Accepted,83.0,764.0,1603,
s061344300,p03937,u753982487,1479002705,C++,C++14 (GCC 5.4.1),cpp,Accepted,9.0,764.0,543,
s723655254,p03937,u805729268,1479002702,C++,C++14 (GCC 5.4.1),cpp,Accepted,57.0,764.0,1161,
s899295795,p03937,u468700753,1479002701,C++,C++14 (GCC 5.4.1),cpp,Accepted,105.0,764.0,302,
s938041262,p03937,u977113052,1479002696,C++,C++14 (GCC 5.4.1),cpp,Accepted,3.0,256.0,469,
s912470997,p03937,u340781749,1479002690,Python,Python (3.4.3),py,Accepted,22.0,3188.0,146,
s485579960,p03937,u387876802,1479002687,C++,C++14 (GCC 5.4.1),cpp,Accepted,56.0,764.0,1239,
s139831718,p03937,u402878466,1479002684,C++,C++14 (GCC 5.4.1),cpp,Accepted,9.0,764.0,916,
s291044295,p03937,u590433105,1479002683,C++,C++14 (GCC 5.4.1),cpp,Accepted,2.0,256.0,1146,
s426806970,p03937,u103991222,1479002683,C++,C++14 (GCC 5.4.1),cpp,Accepted,3.0,1280.0,1211,
s780547156,p03937,u863696977,1479002680,C++,C++14 (GCC 5.4.1),cpp,Accepted,133.0,764.0,967,
s252040241,p03937,u080951349,1479002676,C++,C++14 (GCC 5.4.1),cpp,Accepted,2.0,256.0,1409,
s949082051,p03937,u248711665,1479002662,C++,C++14 (GCC 5.4.1),cpp,Accepted,3.0,256.0,2659,
s233198634,p03937,u405565705,1479002657,C++,C++14 (GCC 5.4.1),cpp,Accepted,9.0,764.0,1545,
s711001452,p03937,u095015466,1479002641,Python,Python (2.7.6),py,Accepted,18.0,2692.0,216,
s212303533,p03937,u926591917,1479002637,C++,C++14 (GCC 5.4.1),cpp,Accepted,56.0,764.0,1075,
s209952458,p03937,u585369266,1479002636,C++,C++14 (GCC 5.4.1),cpp,Accepted,584.0,892.0,877,
s024327501,p03937,u823398937,1479002634,C++,C++14 (GCC 5.4.1),cpp,Accepted,3.0,256.0,378,
s667149555,p03937,u006493569,1479002633,C++,C++14 (GCC 5.4.1),cpp,Accepted,3.0,256.0,512,
s460159601,p03937,u077929943,1479002632,C++,C++14 (GCC 5.4.1),cpp,Accepted,8.0,764.0,1666,
s826927275,p03937,u277541046,1479002630,C++,C++14 (GCC 5.4.1),cpp,Accepted,87.0,764.0,1158,
s921293106,p03937,u510005981,1479002628,C++,C++14 (GCC 5.4.1),cpp,Accepted,1.0,128.0,685,
s707966498,p03937,u077929943,1479002627,C++,C++14 (GCC 5.4.1),cpp,Accepted,79.0,764.0,1666,
s057070613,p03937,u989042137,1479002623,C++,C++14 (GCC 5.4.1),cpp,Accepted,113.0,764.0,686,
s708477042,p03937,u610441939,1479002620,C++,C++14 (GCC 5.4.1),cpp,Accepted,10.0,764.0,500,
s809358494,p03937,u280354208,1479002620,C++,C++14 (GCC 5.4.1),cpp,Accepted,10.0,764.0,3091,
s148293745,p03937,u692336506,1479002617,C++,C++14 (GCC 5.4.1),cpp,Accepted,273.0,764.0,1734,
s402931304,p03937,u837745858,1479002613,C++,C++14 (GCC 5.4.1),cpp,Accepted,3.0,256.0,424,
s098025524,p03937,u344847287,1479002610,C++,C++14 (GCC 5.4.1),cpp,Accepted,3.0,256.0,1558,
s608404514,p03937,u762921614,1479002606,C++,C++14 (GCC 5.4.1),cpp,Accepted,3.0,256.0,1027,
s487798074,p03937,u953484888,1479002606,C++,C++14 (GCC 5.4.1),cpp,Accepted,224.0,764.0,626,
s401688819,p03937,u504103417,1479002597,C++,C++14 (GCC 5.4.1),cpp,Accepted,3.0,256.0,359,
s130234876,p03937,u264312457,1479002592,C++,C++14 (GCC 5.4.1),cpp,Accepted,96.0,764.0,2467,
s065571075,p03937,u162364634,1479002577,C++,C++14 (GCC 5.4.1),cpp,Accepted,38.0,764.0,861,
s482832146,p03937,u899710951,1479002572,C++,C++14 (GCC 5.4.1),cpp,Accepted,1.0,128.0,634,
s765891901,p03937,u557275893,1479002567,C++,C++14 (GCC 5.4.1),cpp,Accepted,3.0,256.0,2164,
s072067005,p03937,u580520696,1479002564,C++,C++14 (GCC 5.4.1),cpp,Accepted,60.0,764.0,401,
s991299396,p03937,u329802369,1479002557,C++,C++14 (GCC 5.4.1),cpp,Accepted,102.0,764.0,443,
s610218568,p03937,u653773478,1479002555,C++,C++14 (GCC 5.4.1),cpp,Accepted,356.0,764.0,711,
s528286000,p03937,u841215059,1479002544,C++,C++14 (GCC 5.4.1),cpp,Accepted,304.0,764.0,1900,
s869391474,p03937,u459746049,1479002530,C++,C++14 (GCC 5.4.1),cpp,Accepted,132.0,764.0,847,
s058041853,p03937,u917944707,1479002528,C++,C++14 (GCC 5.4.1),cpp,Accepted,731.0,764.0,750,
